id,listing_id,buyer_id,channel,created_at
26ea1ca8-4aa3-4c71-a6d9-2a0cf8491451,b564f436-e0fd-4300-9d37-30724426780b,c90cc779-75f4-4f0d-8f0e-bf02ad0ba33c,email,2025-03-25T00:06:03+00:00
b1fa5876-596e-410a-98de-9d21ab7c8e1f,bf26647a-3c7d-49be-8cca-bb61fbbd782c,42688444-55cc-483b-a92c-df6777013516,email,2024-10-16T17:28:12+00:00
ba9dddfb-fa8b-4d38-9026-ddd88ba00c10,bf26647a-3c7d-49be-8cca-bb61fbbd782c,ba4e0520-1425-44b4-ba42-764ccd9799f7,email,2024-10-10T01:14:38+00:00
083ea915-a644-450c-a7f2-6f63086faaab,4be95396-118e-4054-9824-7f46da60cdf1,cdcd2f90-549e-4f8a-a600-5ffc9f8c2d74,email,2024-09-15T02:03:08+00:00
9332439c-053d-48c7-90a4-06cf55cd193a,4be95396-118e-4054-9824-7f46da60cdf1,3937cfde-2cdf-4e1e-be4c-82855fca8848,email,2026-04-09T20:00:33+00:00
d0b8d00d-5e6f-444c-8611-c23202b7bb3e,4be95396-118e-4054-9824-7f46da60cdf1,d97c38cc-0971-42dd-869d-988ad7864fdb,email,2026-08-06T15:17:05+00:00
ca3c7bcd-b192-43ef-8067-d45ec50b09e8,4be95396-118e-4054-9824-7f46da60cdf1,aea754b5-366e-4133-98b4-d7a02489d027,email,2026-02-11T20:38:07+00:00
95ca9f4a-b6e5-4f72-b32e-2528d685e45d,4be95396-118e-4054-9824-7f46da60cdf1,31d9eacf-7f61-4435-b484-43965f1c29b6,sms,2025-04-04T13:01:08+00:00
f196a91b-1ddf-4696-8a64-a518e11f1149,4be95396-118e-4054-9824-7f46da60cdf1,10e5f889-8510-460a-b274-ff42a4b2a3e9,sms,2024-09-01T07:23:57+00:00
c3aa7921-651e-4c56-9815-01781dcbb992,4be95396-118e-4054-9824-7f46da60cdf1,dd6a0ad5-cbc7-4d17-8a8a-229cea78e52b,sms,2025-03-04T01:55:20+00:00
1977a229-e3cf-4c52-985f-b16a6308ab3e,4be95396-118e-4054-9824-7f46da60cdf1,128acef2-f235-4b4f-9ba9-12cf0271ac50,sms,2024-08-31T20:05:41+00:00
f6b4336e-c174-4aaa-948b-b7da2f1974ed,ea650aba-b492-4852-9c40-a80629dfafab,887b7fc5-3512-427f-b5f1-d0629d72dcf0,sms,2025-06-21T11:09:19+00:00
67d94a50-1777-48ea-a24c-7b0417869a48,3965cc3b-bde9-4769-8530-9bad826507cd,23a55d2c-5ac7-43a9-a6a4-20734b79d7ae,email,2025-11-24T07:21:53+00:00
a73b82e6-177f-4db8-a895-3eb62e6e0497,3965cc3b-bde9-4769-8530-9bad826507cd,2ba2f93e-b90a-4582-9c0b-561477ec2dd4,email,2024-12-10T00:20:57+00:00
489c6d47-a226-4cc0-8e6b-9a0d67d2a6c8,add1eb9e-9e01-4df8-b951-f972682fe4c1,b6be37f9-e731-49e9-b97d-838d7bb58dfd,email,2025-06-18T00:29:59+00:00
3e7aba9c-96c9-45f3-bc29-46f3ccdbcc6e,7564a134-9cb5-4512-915c-8a2394cf0640,717aa351-fab1-415d-aa39-5e7d6202e3d8,email,2026-04-27T03:43:17+00:00
eab4adcc-702b-4f48-ba47-ee06557261d2,7564a134-9cb5-4512-915c-8a2394cf0640,ba1fa7b7-1ba1-4dcc-8cde-7e8038432e3d,email,2024-09-18T07:03:15+00:00
92d5f8fb-40c0-4d60-9d0d-21b271c95a72,7564a134-9cb5-4512-915c-8a2394cf0640,75fb3cc3-3a13-475e-9146-fa6c2c28ad75,email,2025-05-10T01:55:13+00:00
b20c8666-a2f8-46b7-a064-ac5d379dc1c8,68ae6b58-3b62-40ca-8193-2d885066cf90,82c26f80-0b16-4534-b361-35fddfa95816,email,2024-09-25T03:53:32+00:00
d0d7a1c2-d576-45b8-89d5-82db862a215f,68ae6b58-3b62-40ca-8193-2d885066cf90,d7b30ac7-a843-4c2c-b7d0-5dbca0c169c3,email,2024-12-09T05:57:53+00:00
b4d919a7-af60-4908-a5c1-08643cf4c893,68ae6b58-3b62-40ca-8193-2d885066cf90,16ec2a95-5cdd-472d-bb70-f569bc0cea3c,email,2025-12-27T15:55:23+00:00
263eca31-91fe-40d3-836b-a79d8c3b5300,68ae6b58-3b62-40ca-8193-2d885066cf90,3faf19b8-adef-42c8-a07d-601db32b3f06,email,2025-10-04T04:34:21+00:00
7bca68a5-c5a3-4bd9-9c2d-2748648dd282,68ae6b58-3b62-40ca-8193-2d885066cf90,cc9edd65-11d8-48ba-8605-87b882d51e43,email,2025-09-23T23:52:01+00:00
a38075ca-254b-47ee-934b-665afbc9871c,68ae6b58-3b62-40ca-8193-2d885066cf90,bc9cbd74-f51e-47e9-ba77-1f2c017e9cca,email,2024-09-23T07:07:57+00:00
c6ef9ae7-97e4-4fb8-91df-14ed1acf3fdb,ce4b4773-d3d3-4c18-9197-3fa8191edc3d,e4ea0bbe-fdc0-4311-bef4-bcb809a9a630,email,2025-10-17T21:44:58+00:00
a05b3ea4-a566-46f7-aca6-6c088897e9d2,0bbee7bb-0082-430f-b223-345818fd4a09,f91ff251-1181-4bdc-acdc-09ddd07c0f6b,sms,2024-09-21T01:29:49+00:00
590fbe63-ce30-404b-8851-dca48777a7ce,c11cad48-d873-4ead-a7b1-e103e4d83bdc,d24b23ee-291d-4c2f-8c3a-ce1251c2c3d8,email,2025-03-21T19:17:48+00:00
978cb4a6-6c80-49c6-ae8e-051d346c7e9c,c11cad48-d873-4ead-a7b1-e103e4d83bdc,6236d33d-7b57-486d-81e8-a247d50fa2a4,email,2024-09-23T19:56:46+00:00
fb5dce73-8a98-4f99-a1f9-65ea5331aea5,c11cad48-d873-4ead-a7b1-e103e4d83bdc,fba653f1-56a1-4e32-b3a6-1205a8a2e461,email,2024-10-06T12:30:33+00:00
6faf5781-0e04-4ea6-b321-8ac8ee69d51b,c11cad48-d873-4ead-a7b1-e103e4d83bdc,af587165-10af-4199-96d6-3bcb946bf36d,email,2025-07-01T17:53:25+00:00
b5c9edc3-1a6d-40e0-9ca0-eda5e299c9d6,65cfac8e-ff29-4f76-87a1-8463cde57f79,dd5c4d9c-19c8-4f8b-89b7-e10c6aef4e21,email,2025-12-25T21:25:37+00:00
e2bceee2-ac1f-4da8-9a09-662027ff6233,4fb575d6-b9fe-4bce-88f3-01c4c6f8141f,87144f65-cce8-4440-b1c1-92d6c4ad5ac8,email,2025-09-21T10:54:14+00:00
533bcd6e-d8f7-4c7a-b05a-4c211acd5355,4fb575d6-b9fe-4bce-88f3-01c4c6f8141f,ba1fa7b7-1ba1-4dcc-8cde-7e8038432e3d,email,2024-11-03T00:14:57+00:00
3fa8aeb2-aa52-4428-b153-37162c39d535,4fb575d6-b9fe-4bce-88f3-01c4c6f8141f,17bc3a75-830c-41bc-b847-8447593a7d03,email,2026-05-05T22:25:56+00:00
4b6a23a9-0748-4805-873d-7205a527a6d4,4fb575d6-b9fe-4bce-88f3-01c4c6f8141f,e5760964-741a-49da-986c-c20413c5103c,email,2025-11-22T16:25:08+00:00
caea8354-eef1-468c-bcfa-f8eb3a2a602a,70011de3-f0d5-4311-a9aa-ecafea38f4e6,fd24cb3c-d535-4d3e-8f20-04616346c1f3,email,2025-10-23T14:06:12+00:00
6b83c184-df28-4b22-ac62-fd7ab085bf25,70011de3-f0d5-4311-a9aa-ecafea38f4e6,0474d78b-b695-4c1a-967f-6fc9587ddc43,email,2025-09-08T04:47:44+00:00
d74516a8-8d9d-40b8-aaac-983affb5759a,a9f5e0f7-2df2-4ea9-86fe-7a39d7fc80b6,0474d78b-b695-4c1a-967f-6fc9587ddc43,email,2025-05-27T22:55:28+00:00
8712a767-b7df-4bed-9d8a-dfdb047bc3da,a9f5e0f7-2df2-4ea9-86fe-7a39d7fc80b6,9fa1bd7e-fe95-4d72-89e0-17853678fb5b,email,2024-11-06T02:33:36+00:00
94adc5d8-0569-4351-bdf5-e7a340b72e00,a9f5e0f7-2df2-4ea9-86fe-7a39d7fc80b6,7759297b-afe9-4b95-8e56-6c553c734e03,email,2026-02-27T09:58:24+00:00
8ed42323-993b-411c-b56b-2c1dc140631e,90cd19aa-5285-423a-afed-01ee290ae9ea,e5f76da6-068a-4b15-bb2c-649e314a26ed,sms,2025-07-11T23:02:35+00:00
6886a1e4-503d-4e87-b202-dcfdded33869,4a17397e-f126-4099-a032-b406836fc205,99d52a61-bee5-4684-9df6-159e47cc27be,sms,2024-11-27T23:03:23+00:00
9b98b556-a237-4fee-a738-2d6cf80f3058,4a17397e-f126-4099-a032-b406836fc205,a83115e6-95d7-4710-8785-ad490862eb1d,email,2024-11-12T04:47:15+00:00
f6b84816-b2a4-42a9-9076-9b929ffce886,4a17397e-f126-4099-a032-b406836fc205,577c7c58-b348-4b59-a994-19cbf0bd8b7f,email,2025-07-18T06:12:24+00:00
840bc7ca-e2fe-4e34-b3f8-8b83f428b991,4f167669-bc1e-4161-9cd7-c8f20a1812d6,fba653f1-56a1-4e32-b3a6-1205a8a2e461,email,2024-10-19T13:10:09+00:00
49010e61-fa4c-4d42-acf0-a828b41a0157,4f167669-bc1e-4161-9cd7-c8f20a1812d6,9683d7cb-c320-48ab-b91d-373a4a32cc44,email,2025-12-01T08:59:54+00:00
e4932f5c-d0d1-48ab-90e6-ab93d2ee68eb,4f167669-bc1e-4161-9cd7-c8f20a1812d6,cdb4ace0-6ea2-498d-90e8-2009a10848ce,email,2026-04-10T06:30:00+00:00
19119d8f-ed5d-417b-9e5e-afb24c5fcbfb,b0e2040a-be46-4225-a40d-5f5040e22d31,43dbd776-bd4c-4ef1-933a-59af47a589b5,email,2024-11-25T16:04:03+00:00
754f4646-8eb1-41d9-b0e0-bcd0d43fab37,b0e2040a-be46-4225-a40d-5f5040e22d31,b351150e-5cf0-43bc-b851-996d3a1796be,email,2026-06-25T23:04:54+00:00
14157c50-66be-4305-920a-d3bdccf71915,e903dd00-b44a-47b0-a04e-e34eea0934df,f79de4b1-f0cc-45e9-85c3-b3112725fde1,email,2024-11-19T18:45:53+00:00
d7b90466-7df2-40cb-ad3a-f59c19769d17,270b393a-790d-4d45-9dd3-95cebced1a66,ded797b6-afed-4f9c-8ae0-35b3c61aa0e4,email,2025-08-26T06:45:08+00:00
02f5e5fd-22e7-4a95-b153-9a5bea9b1aa5,270b393a-790d-4d45-9dd3-95cebced1a66,34c4679a-d188-4ff3-b1e7-463f1c6bc2f7,email,2026-05-16T19:32:44+00:00
c2633fe8-4ded-4481-b742-93935094efce,c8b59a17-191d-4c66-a0b0-9cc8b21d1703,323eb581-df66-495e-b4c3-b8d51316dccb,email,2025-02-15T08:47:26+00:00
2480e737-4ade-464d-8bb7-d8c5893dd326,c8b59a17-191d-4c66-a0b0-9cc8b21d1703,5da9c176-ec13-4102-b6cf-121f4b145d5a,sms,2025-06-13T12:28:36+00:00
24021871-9591-4808-b5ee-397d11b3a1a9,c8b59a17-191d-4c66-a0b0-9cc8b21d1703,7d339706-bfcc-4887-91f1-ec63d2d23823,email,2025-07-17T02:53:54+00:00
42d966d9-052f-4d16-b747-13c0a22e9d89,5f1fe318-33da-4b90-b2e9-2b8f4eb05803,d7b30ac7-a843-4c2c-b7d0-5dbca0c169c3,email,2024-11-20T17:25:47+00:00
e906743d-2f44-4dda-a3bf-33011f634cb7,5f1fe318-33da-4b90-b2e9-2b8f4eb05803,fba653f1-56a1-4e32-b3a6-1205a8a2e461,email,2025-04-30T09:54:44+00:00
898c577b-a8e9-4b6a-9be2-da1ede2392d0,5f1fe318-33da-4b90-b2e9-2b8f4eb05803,98975cfd-3638-4842-83fd-fb6f839b37d9,email,2025-04-14T14:46:49+00:00
b28795e8-628f-48ec-a46f-d1258a9f70a1,5f1fe318-33da-4b90-b2e9-2b8f4eb05803,e0ac1371-730b-4fd6-8af4-80859ee0ade7,email,2025-01-15T04:53:57+00:00
14634819-9a5d-4212-b476-6b042b0976dd,8db8e7c5-ba69-4f34-a8af-f92566b19184,1af051a4-5fb9-478e-9d62-3279d88a6cff,email,2026-02-17T05:44:37+00:00
363b77b8-a94f-4501-a04a-8ca7a93a845d,8db8e7c5-ba69-4f34-a8af-f92566b19184,f7318ac8-5529-4cd7-98ea-c6b5c629b8b2,email,2025-03-12T07:21:15+00:00
95a6b094-9d2b-4175-8aa9-ff16e8cf859a,bd450cc0-bb96-4f59-9c04-e5c48a80da5a,4cf59a7d-3daf-44fe-8e86-aa4389b82fc0,email,2025-03-09T19:14:02+00:00
d15ff33f-ecf7-4fb7-9550-e9a99b3167a6,bd450cc0-bb96-4f59-9c04-e5c48a80da5a,2ad9462f-49f8-4d9a-8f1f-6f573c1e266f,email,2026-02-13T19:29:38+00:00
853e1fea-ce2c-4ca6-b949-d5f795a08809,bd450cc0-bb96-4f59-9c04-e5c48a80da5a,189077b3-db48-4236-959d-98880fad6d57,email,2024-12-03T17:51:00+00:00
86283a92-8974-4781-ad94-889d1261da97,af142852-f4b1-4bc7-aec3-5406e369fe32,d1069292-d635-44f8-8c01-1494891ae61f,email,2025-02-20T11:40:47+00:00
fee2bf9e-6681-4314-a77a-951f87562c4c,39c2e06a-6fa9-445b-9fb7-a646db8afd01,6d1577ed-1dc7-4670-a35e-7ee03d6217a2,email,2026-01-20T18:55:29+00:00
f992eca5-9f98-4b3c-a24f-e85be191f5f4,39c2e06a-6fa9-445b-9fb7-a646db8afd01,8c0f035c-ed24-4e92-9e38-7d7562011845,email,2026-03-29T09:20:58+00:00
58d9a61b-b0a5-4712-b35d-9568f1979a2c,39c2e06a-6fa9-445b-9fb7-a646db8afd01,ef612f5a-faa9-4654-9788-291f8ab7522f,email,2026-05-26T05:33:33+00:00
9d099c46-4fb4-46fc-9a28-035a197305da,b7fc2d72-fbd1-4a94-b113-c1a5f16b8bee,26d61dc5-0b03-4c16-8a64-7afeba92fecb,email,2025-08-10T05:37:34+00:00
235af903-c589-4585-9e16-5999024b0109,b7fc2d72-fbd1-4a94-b113-c1a5f16b8bee,819e531a-e9e2-4d6e-92fc-0f0bf2f0f251,email,2025-01-14T12:31:22+00:00
103b35f5-9c6d-45c9-9f31-13b84e6988c5,b7fc2d72-fbd1-4a94-b113-c1a5f16b8bee,ff34dee7-a247-40d7-b920-a3d2e7a536c2,email,2025-01-23T20:42:18+00:00
168d5d66-91a9-4fa7-b880-6c9db4649585,b7fc2d72-fbd1-4a94-b113-c1a5f16b8bee,fd24cb3c-d535-4d3e-8f20-04616346c1f3,email,2025-08-01T13:38:53+00:00
29790484-d07b-46fd-a200-45512a1e67c2,b7fc2d72-fbd1-4a94-b113-c1a5f16b8bee,99d52a61-bee5-4684-9df6-159e47cc27be,email,2025-04-02T04:02:22+00:00
9b639ed0-2acd-4755-a80d-87ce16f9bbb7,b7fc2d72-fbd1-4a94-b113-c1a5f16b8bee,7a418f6e-c8b9-4225-914b-120e93fc68f9,sms,2026-02-16T13:16:57+00:00
deab57c8-579e-45fc-83cc-093bd966b18c,c4d203e6-4464-48a4-af9d-a483ab2075ae,cbcba9e3-129e-437d-adc8-13aae5e788ac,email,2024-12-12T00:09:57+00:00
e4026604-9220-4841-8fbe-7c8f20790331,bacd5c99-8938-4a40-9561-3725c92c3bed,ab56d43e-6b4a-43a3-9b6c-f3bae36c4bb6,email,2024-12-22T03:23:16+00:00
1924cc62-a94f-4730-9697-2a725ad18bd8,bacd5c99-8938-4a40-9561-3725c92c3bed,42688444-55cc-483b-a92c-df6777013516,email,2024-12-21T22:32:37+00:00
66da3a68-8e32-4818-89c6-0fbfe3f7746c,f5a1338b-ae78-4e92-9894-7d666a80bf25,6e62d7bb-6bda-4ea0-82c5-87c508932975,email,2025-06-04T06:19:02+00:00
d17fb2b6-20b8-4713-af41-fe6eef2806df,f5a1338b-ae78-4e92-9894-7d666a80bf25,ba4e0520-1425-44b4-ba42-764ccd9799f7,email,2024-12-29T23:21:27+00:00
39188e93-7deb-45bb-b94b-1b167417292d,5729ce3e-4c63-4e60-9828-aa4c91d1ddfb,caf7efc4-3973-492b-abf8-2af2f0caa4ef,email,2026-02-24T15:58:14+00:00
c8b2efd8-5e19-4cb3-8d50-0c187fd2041c,5729ce3e-4c63-4e60-9828-aa4c91d1ddfb,4baa25b9-1700-4782-a80b-d9e663939f70,email,2025-01-01T10:27:46+00:00
cbfe88f0-b2de-4006-86f1-b5913c265f25,e056ba14-f849-4993-bd8a-1e01971d78ef,7759297b-afe9-4b95-8e56-6c553c734e03,email,2025-12-29T17:02:25+00:00
4eccb28c-0117-4503-b1d7-7f74aad9515b,a572e3a3-b0af-4bf9-ab3e-b13beb0292f4,659f0acc-033d-4e42-acb5-b569fa69a743,email,2025-01-15T17:44:59+00:00
c8e3b33a-1715-44bd-b6c2-185b030221d2,a572e3a3-b0af-4bf9-ab3e-b13beb0292f4,ff34dee7-a247-40d7-b920-a3d2e7a536c2,email,2025-05-07T17:16:17+00:00
3640b1ae-d1ac-4138-9cec-e444032526ac,39d572e6-1919-4ce0-a1f2-3643095c9419,ffae7a2d-9aea-4536-8cf4-dd5a807a4405,email,2025-10-23T03:06:52+00:00
4c0ee888-dc69-4ab6-bb61-fa00ff4300bb,39d572e6-1919-4ce0-a1f2-3643095c9419,94fe657b-e446-422e-8233-465a217764d5,email,2026-07-25T23:25:01+00:00
feafc7d6-4455-414d-8be7-4686abaf5eef,cec3587c-8b8f-4fd6-84f8-2dd30e0480b6,6e62d7bb-6bda-4ea0-82c5-87c508932975,email,2025-08-09T23:50:40+00:00
c55f467e-7c7e-4633-bf66-7945f1464902,cec3587c-8b8f-4fd6-84f8-2dd30e0480b6,5da9c176-ec13-4102-b6cf-121f4b145d5a,email,2025-11-29T07:51:21+00:00
a6d6ac68-8e5d-47af-8435-fcdfb9ab00b7,570b7834-8ae9-4897-b19f-c002b209b365,d70b90fa-8a9d-408e-b442-7d148a6095e5,sms,2025-03-22T02:05:15+00:00
6e47dddd-4076-427e-a8b2-6402cea07daa,570b7834-8ae9-4897-b19f-c002b209b365,7d2e833a-8242-43a6-93ca-e79df0b2cd59,sms,2025-07-04T00:00:39+00:00
ee91c41e-1934-4610-b7ba-3ea13e3c8907,570b7834-8ae9-4897-b19f-c002b209b365,3508da09-a51b-4ff3-8e0e-ee486e956b89,email,2025-03-12T14:26:08+00:00
67105c57-83f9-4654-8ff6-419f3299c3a5,570b7834-8ae9-4897-b19f-c002b209b365,79f24b18-9bf0-4e1b-be57-3291ef518791,sms,2026-04-19T12:44:47+00:00
f08b7551-d77a-48da-bf51-488e9c434aa7,570b7834-8ae9-4897-b19f-c002b209b365,5d717b99-735c-4981-87a3-225adde8acea,sms,2025-10-05T08:40:40+00:00
c3f078fd-8a68-4a51-95da-f0274fe0f2ec,4d82fdce-dbf0-4d86-8df4-843d997af804,a83115e6-95d7-4710-8785-ad490862eb1d,email,2025-03-26T05:26:12+00:00
eb943a32-64ed-4d29-8fd8-e5ce727f0095,e9e04585-92b9-4bc7-ae93-7d4586210d59,e984c74d-dd4a-466b-b93f-7f517e76b6c7,sms,2025-03-13T02:25:16+00:00
6858ded6-f328-488a-821d-135dca114779,3f103508-aa28-4097-a611-11b708f3d3fb,a83115e6-95d7-4710-8785-ad490862eb1d,email,2026-02-20T12:51:01+00:00
e64dd6bb-d210-4aed-9397-3e7db1f47202,3f103508-aa28-4097-a611-11b708f3d3fb,d1069292-d635-44f8-8c01-1494891ae61f,email,2025-05-30T11:27:55+00:00
4376b593-5007-4e9d-a487-7a8ca52f2ef7,3f103508-aa28-4097-a611-11b708f3d3fb,4880e488-a1c2-4958-ba10-b7c3297adba8,email,2025-12-18T10:57:08+00:00
f33881c0-426c-40ae-8af0-143489f7018d,de0e44f6-b94b-4b5a-8a37-8416043a1f98,42688444-55cc-483b-a92c-df6777013516,sms,2025-08-11T19:32:08+00:00
85ae574a-cea0-4cfd-8d0b-497ab19dac28,de0e44f6-b94b-4b5a-8a37-8416043a1f98,7d2e833a-8242-43a6-93ca-e79df0b2cd59,email,2025-04-26T10:16:19+00:00
664ba4f1-c1a4-490a-917c-628338b20e3b,de0e44f6-b94b-4b5a-8a37-8416043a1f98,b6be37f9-e731-49e9-b97d-838d7bb58dfd,sms,2025-05-11T12:46:25+00:00
e74cd7b0-9b33-4fbe-bb68-6f5f6647d6cd,de0e44f6-b94b-4b5a-8a37-8416043a1f98,fba653f1-56a1-4e32-b3a6-1205a8a2e461,sms,2025-03-23T04:54:28+00:00
c08b68be-2d2f-42e3-a626-d08c4337fbb4,de0e44f6-b94b-4b5a-8a37-8416043a1f98,71938832-5c59-49e3-be85-9acbd7ca55ba,sms,2025-08-27T06:52:57+00:00
9ec8faba-b0b6-49e1-b6d3-8a2b929b8726,18286cee-69b1-4115-b3ef-e6a53b6bd1bb,5da9c176-ec13-4102-b6cf-121f4b145d5a,email,2025-05-02T17:41:52+00:00
0d1bb33a-fc61-4e6c-b1b4-cd477f4de712,18286cee-69b1-4115-b3ef-e6a53b6bd1bb,9f74975f-3000-4ef2-b2a2-1cdac8513b60,email,2025-03-02T13:48:59+00:00
daa28ce3-a176-4c12-a18d-6dadfa6bd0f4,18286cee-69b1-4115-b3ef-e6a53b6bd1bb,443b392f-72a1-4279-ae51-a849f1fedfff,email,2025-02-23T23:27:46+00:00
d5d912ac-feaf-417f-984c-8d6a3a0ebbd2,ac97d0a4-6202-4243-afce-02422f83c24b,b3756f66-bc0a-4be7-b18e-d5a43ae2cb20,email,2025-05-02T06:04:29+00:00
5187cdcb-3383-4625-ac86-944bb240ed90,ac97d0a4-6202-4243-afce-02422f83c24b,99d52a61-bee5-4684-9df6-159e47cc27be,sms,2025-04-21T23:29:47+00:00
9e60e077-394d-41da-8274-75da1e815456,ac97d0a4-6202-4243-afce-02422f83c24b,d0c1bf19-bea4-424f-910b-25f9f5d2cc23,email,2025-08-05T00:03:04+00:00
1597eb6e-00dd-4e52-bde4-e11bf3f10063,a74fbdcc-59f5-4377-aeac-3694cd50c9f8,86a2d273-34b8-46f0-bdc9-4868692691fa,email,2025-03-16T04:00:18+00:00
97eb145f-9b66-418c-a107-35000b50121d,0ac77419-42d6-4f0e-b4a9-fe5f1542d573,d1069292-d635-44f8-8c01-1494891ae61f,email,2025-07-30T10:27:40+00:00
5df9ed9e-2f1d-41c8-a6cb-fa8dfc61afbc,0ac77419-42d6-4f0e-b4a9-fe5f1542d573,74d3f6c0-8cd8-42de-be07-4e633a9879a2,email,2025-04-16T10:57:21+00:00
0e9a9341-bd93-4aa4-8ee2-0a676d6b3e7e,f4704eed-758b-4376-ada8-49930758eea1,ec6a23be-ddf8-411b-a001-feea58a50c51,email,2025-03-18T21:36:27+00:00
5665b901-0381-4126-b6d1-8313522156b4,eb380961-4b4f-44de-820e-0b018319fa02,a1e2e693-3bde-4f70-9281-01259889ee69,email,2026-06-17T08:14:44+00:00
6e445541-f35b-4c45-9c9d-9a0baa7b5e8f,eb380961-4b4f-44de-820e-0b018319fa02,0474d78b-b695-4c1a-967f-6fc9587ddc43,email,2025-02-24T07:34:09+00:00
308c7db6-4a56-4a64-acba-7298a9d24fd5,0556bb41-a452-4025-909f-249bd7d96d38,9f74975f-3000-4ef2-b2a2-1cdac8513b60,email,2026-08-19T02:52:38+00:00
0d05811d-5442-452c-ba3b-0b54183f0147,87880366-1d76-48f3-8bf0-4a5718a8aced,af587165-10af-4199-96d6-3bcb946bf36d,email,2026-05-26T23:08:08+00:00
495eca91-34dc-49da-af72-8321d2ae93cc,87880366-1d76-48f3-8bf0-4a5718a8aced,3e1135b6-a11d-4440-9839-7607ab0df809,email,2026-03-08T04:33:27+00:00
755302d1-9196-459e-a00a-b323a3fdd655,7eccaef6-45c5-4f0d-a824-57a8c1a39a08,99d52a61-bee5-4684-9df6-159e47cc27be,email,2025-04-28T02:13:18+00:00
25329e87-531d-4d71-a838-8ad35db23463,7eccaef6-45c5-4f0d-a824-57a8c1a39a08,53a84c41-db22-49bf-98bd-d408fffdabc3,email,2025-04-03T23:40:43+00:00
efc7c270-d53b-4d51-afea-fde8d2b53312,72baaa04-84b1-4474-9443-92306a4396dc,e7f25965-2024-4c9f-a575-caa1e7bc13df,email,2025-05-18T18:53:46+00:00
2b22022b-4fc6-49c7-b370-3d745609955b,72baaa04-84b1-4474-9443-92306a4396dc,e2bc1752-1983-472e-bbd9-c6fae7cac58a,email,2025-06-17T07:15:31+00:00
b6fc48a5-9761-497c-a1b8-21e72a717322,337df688-7c9b-4042-83fb-a31e0252749d,2e23fd62-664f-4904-93b9-98484374da38,email,2025-05-17T04:16:02+00:00
86cd8446-f210-4617-960f-d3b47450975c,1dd09191-bbd9-41df-923e-ccc19fce6a71,72e6350e-b4bc-4a80-ac0b-013f84ebeab1,email,2025-11-18T09:02:03+00:00
3e16a193-53fd-4086-806c-5276fb0bce93,c4d86663-957e-48bc-a4fd-40e6fc713539,8ca12932-1c6f-4ce8-b5ac-da66575fd911,email,2025-04-27T10:03:09+00:00
86e7e2cf-1aa2-43c5-aa50-bb1bfa95a274,c4d86663-957e-48bc-a4fd-40e6fc713539,53a84c41-db22-49bf-98bd-d408fffdabc3,email,2025-04-16T01:15:27+00:00
625ecee8-9e9b-422f-899d-e9b86f1d29e2,83c2b1ed-d72b-4a15-bc2f-7125a23e7c9e,e76cf478-5afa-46e3-a39b-b02c23d6bb1b,email,2026-06-29T23:45:06+00:00
5fbaaa98-c761-4237-9f97-53d61d7a0293,83c2b1ed-d72b-4a15-bc2f-7125a23e7c9e,37390ee9-6f2d-4d2e-b299-70e58443cd04,email,2025-03-13T00:07:37+00:00
1d1e5132-264f-4112-b658-3a512d055a77,83c2b1ed-d72b-4a15-bc2f-7125a23e7c9e,71938832-5c59-49e3-be85-9acbd7ca55ba,email,2025-11-17T06:30:12+00:00
db32decb-c5b2-4f45-a921-eff13dd9ef4d,83c2b1ed-d72b-4a15-bc2f-7125a23e7c9e,ae55ec52-cef0-4a81-8e34-dbdc085d2573,email,2026-04-07T23:50:32+00:00
b3d93b92-0047-429f-be22-045d80f85304,f14bb166-c070-4b56-ba50-9a6c2054694f,75a9c08b-c3f9-48ea-bba3-d6136d51a785,email,2025-04-19T23:32:20+00:00
0b7a2b1b-2d12-4c05-b42b-18b569c6aa8c,f14bb166-c070-4b56-ba50-9a6c2054694f,e6e0d4f1-b435-4b5d-b74f-b4c6c427868c,email,2025-11-27T01:53:56+00:00
45f82e21-3614-4e04-98a1-846ad3685a25,bd9e611e-8ca0-48ff-8f41-0324a6c87887,ffae7a2d-9aea-4536-8cf4-dd5a807a4405,email,2025-12-13T16:33:22+00:00
64df8e53-bbc8-45f4-a7fc-4a22e163e81d,bd9e611e-8ca0-48ff-8f41-0324a6c87887,e7f25965-2024-4c9f-a575-caa1e7bc13df,email,2025-04-22T18:55:42+00:00
e71e0890-865d-4102-b521-d00be02d5395,bd9e611e-8ca0-48ff-8f41-0324a6c87887,666bc6ff-a4ef-4446-b1f3-452d89ab9300,email,2025-04-17T20:48:51+00:00
c5927c7a-184f-4392-970d-84233f1963d9,bd9e611e-8ca0-48ff-8f41-0324a6c87887,819e531a-e9e2-4d6e-92fc-0f0bf2f0f251,email,2025-07-23T09:02:00+00:00
f42118aa-5da8-487f-aabf-49881c96a4da,bd9e611e-8ca0-48ff-8f41-0324a6c87887,a0dc85a3-3764-409c-83f4-50635837ae0f,email,2025-10-28T10:46:37+00:00
0b6013d0-45c0-4f3a-a583-4e3cd3cc6c8e,bd9e611e-8ca0-48ff-8f41-0324a6c87887,189077b3-db48-4236-959d-98880fad6d57,email,2025-05-22T13:48:10+00:00
52910096-896b-405f-b835-222b9e5208ae,bd9e611e-8ca0-48ff-8f41-0324a6c87887,6dfbbf9b-099b-425f-a0b4-4d13ee683924,email,2026-07-10T11:51:49+00:00
43b80c34-af36-4ff4-8f21-80eb14fcd7f4,bd9e611e-8ca0-48ff-8f41-0324a6c87887,32a7fe23-fa7e-4905-9afd-b6639736963d,email,2025-04-05T02:51:24+00:00
677545d7-6692-4c30-b196-3a67f25c9d5d,bd9e611e-8ca0-48ff-8f41-0324a6c87887,69546e0c-13bb-4597-8ce8-09cf53b9a4ff,email,2025-08-02T03:47:45+00:00
a128faf4-8f25-41be-a87d-7972e9775e21,01a0c0c5-d6c1-4c03-a943-dd87f6438735,8655633c-8b61-41b6-8e06-e79ce464e099,email,2025-07-17T05:38:59+00:00
b2c2f363-b2f8-44ef-806a-ccf1363024c4,6f1787d8-f2b4-44ac-90e3-989421accb78,323eb581-df66-495e-b4c3-b8d51316dccb,email,2025-04-14T00:30:57+00:00
a7e6dc4d-ad39-49cc-ad62-d138d798fa88,a429c998-9249-4672-a7ce-943a11f712af,5ab1b529-4f5e-42a1-8f82-f88bad579d46,email,2025-07-31T21:41:35+00:00
fd3f1f60-1df5-448e-ac86-87760bfa2e70,a429c998-9249-4672-a7ce-943a11f712af,99d52a61-bee5-4684-9df6-159e47cc27be,sms,2025-09-22T07:56:14+00:00
a23f68e6-ac0c-4221-8185-1fc04d1168c2,a429c998-9249-4672-a7ce-943a11f712af,2e33ff49-a484-4f82-95d2-dc4216703bb3,email,2025-04-24T15:28:47+00:00
c329a539-74e2-41d8-98dc-5ebb94dc4c50,a429c998-9249-4672-a7ce-943a11f712af,b3a594ad-c0b2-4c4f-9c16-36e5268f731d,email,2025-07-06T16:23:27+00:00
1983f6e4-37c6-4c02-aecd-c5436abff673,a429c998-9249-4672-a7ce-943a11f712af,ae8523f3-49f1-45d4-ab29-0313676f12d0,email,2025-06-22T08:01:58+00:00
b6adc14e-c09b-46d0-b664-4b6239973c99,755f32b3-7dd6-4308-af20-7be5610dd861,95c27d41-572b-4b7a-b3cf-43833c5680e5,email,2026-07-09T15:25:19+00:00
63c92aa2-4359-4e4f-bbce-e01c9dcdfada,755f32b3-7dd6-4308-af20-7be5610dd861,b387c825-7116-4b83-bd18-56e81111a5c9,email,2025-04-14T23:42:48+00:00
9b53aac0-1677-4f8c-8bd2-465cb827c36e,015f42ae-d4df-4c42-8cda-8151f147edab,e0ac1371-730b-4fd6-8af4-80859ee0ade7,email,2025-07-12T12:02:32+00:00
f74b2a05-1821-4c78-b1ca-a51389684094,015f42ae-d4df-4c42-8cda-8151f147edab,dd97c4bf-c562-41cd-943b-218a8b5baac4,email,2025-10-21T20:34:14+00:00
2d354da2-941c-4838-ac20-150be98d33ec,015f42ae-d4df-4c42-8cda-8151f147edab,3e7caac0-1ca6-4783-9a3e-0aec999045f7,email,2025-10-03T05:21:17+00:00
a6302394-f0c3-491a-aecd-235a6a1a9970,49a57328-1768-4bfa-845f-e8f11322b0a0,128acef2-f235-4b4f-9ba9-12cf0271ac50,email,2025-04-13T13:54:42+00:00
dece319d-778a-4c69-a5de-7cf529874745,49a57328-1768-4bfa-845f-e8f11322b0a0,4191e4fb-4f72-4e71-ad79-a05abd92be9f,email,2025-10-26T19:28:28+00:00
9b744f7c-c438-4e5a-b9a7-2fdc592a7053,49a57328-1768-4bfa-845f-e8f11322b0a0,4e2906a0-e445-4567-9bc3-c549a3448137,email,2025-06-28T03:32:29+00:00
aa808bee-0ae9-464e-b175-97a2547fec41,dba79bb9-d43d-487d-9340-2bac1d51f470,fd24cb3c-d535-4d3e-8f20-04616346c1f3,email,2025-06-10T05:53:15+00:00
e949a836-e588-4144-9d84-f27bf0be6ac6,873fcde1-3134-459e-8ae2-f7d32860c47f,5e792d2c-8426-4884-9092-5acfa7c688ed,email,2025-09-17T13:28:07+00:00
dfe00357-414c-452d-93b2-d5dfba65c67c,cd52c235-a9c3-4b71-ae58-9f105cc81b3d,31d9eacf-7f61-4435-b484-43965f1c29b6,sms,2025-11-17T13:12:47+00:00
deff3b6b-0e8b-48ad-a60f-adc279a37c0c,a0460f3f-49bd-47df-9d5e-91ee59c20c8a,917bdd4a-0545-41ea-8bbb-c3ec512a6c48,sms,2025-08-24T14:12:38+00:00
646d8f30-c7c3-4c5d-bc2f-8cdf3348910f,0dbcc84f-492c-4685-95d6-9b5b9ab8bcec,ba4e0520-1425-44b4-ba42-764ccd9799f7,email,2025-05-26T05:57:42+00:00
e8158110-eda0-4c2c-a3cd-470b590a96f4,d120fdb0-82a9-4463-8946-b1bede26ffd2,04ef5bae-6f20-43c1-84c2-80053a99d1b1,email,2025-06-16T05:02:20+00:00
a6f7c054-36eb-4e31-b140-6263d8484108,d120fdb0-82a9-4463-8946-b1bede26ffd2,a0dc85a3-3764-409c-83f4-50635837ae0f,email,2026-07-26T03:24:59+00:00
4c09a99b-469e-4afd-9946-4fa6ca4f4185,d120fdb0-82a9-4463-8946-b1bede26ffd2,46d70937-d07e-4077-b289-a72c50dbc1f5,email,2026-07-12T19:23:18+00:00
dd841baa-1439-463c-a365-af4e993e44ff,3acd78f8-fadf-4969-b1b9-00f8bbe004a8,f3f35b1f-6722-4fb3-9c50-39c6796b2515,email,2025-04-26T22:55:33+00:00
cd9aca0c-5caa-426e-b5a7-82a357ae601d,3acd78f8-fadf-4969-b1b9-00f8bbe004a8,183fdc19-a9c5-4db8-a9f3-e0f20feea8e8,email,2025-04-28T04:21:48+00:00
bae5b97e-46d3-4e4b-909e-7d317e019b21,3acd78f8-fadf-4969-b1b9-00f8bbe004a8,577c7c58-b348-4b59-a994-19cbf0bd8b7f,sms,2025-05-10T04:40:00+00:00
7df4a321-fb03-4c19-b772-30d8bc957cfc,5f6d829b-8316-4ced-a0a5-b614fb960eb7,26d61dc5-0b03-4c16-8a64-7afeba92fecb,email,2025-05-12T13:22:34+00:00
e978a8aa-a207-4793-923a-fe69efdc5e08,5f6d829b-8316-4ced-a0a5-b614fb960eb7,f7318ac8-5529-4cd7-98ea-c6b5c629b8b2,email,2025-07-24T00:33:00+00:00
04553e8a-4063-4816-8464-042dbdab20fd,5f6d829b-8316-4ced-a0a5-b614fb960eb7,37390ee9-6f2d-4d2e-b299-70e58443cd04,email,2026-06-16T17:41:23+00:00
06fd4a0d-9333-46c3-b626-450e4d81ba34,b499a2a6-c543-4ed7-b9f6-ee8330f39051,6236d33d-7b57-486d-81e8-a247d50fa2a4,sms,2025-05-05T11:13:46+00:00
fd34e8f5-2711-4f80-bf41-2d31308abe83,7edaae90-126f-4a4b-80f9-5fe9785553e3,c60fc12d-ef3b-47a2-b08d-d35daaa0261f,sms,2025-07-12T07:28:41+00:00
d5b7317f-4bbb-4538-8589-4bbc0ad626c7,7edaae90-126f-4a4b-80f9-5fe9785553e3,1e604945-92d3-44f7-a246-8e1d1ff23f0f,sms,2026-05-31T07:38:11+00:00
4aca5971-b95b-4e3f-9f00-df9efd65379c,3ed96cdb-a5a5-4478-80d9-2a2af0d6df27,85a05a4b-ce52-43cf-8433-02a2cad529e1,email,2025-05-09T01:44:07+00:00
a353abcf-f310-4ea4-82b1-c8493a669fbc,2a8a0388-ed2e-40e9-82de-4f705f11f54a,e7f25965-2024-4c9f-a575-caa1e7bc13df,sms,2025-05-07T17:08:37+00:00
ac9e42f9-0419-41e4-a408-e052e283beb7,2a8a0388-ed2e-40e9-82de-4f705f11f54a,b5c30eb0-cc41-4812-a25b-a2360d81178c,email,2026-04-26T13:54:38+00:00
9a568866-5cd6-4ed7-aa31-c15332a7be8f,2a8a0388-ed2e-40e9-82de-4f705f11f54a,0474d78b-b695-4c1a-967f-6fc9587ddc43,sms,2025-12-11T05:35:02+00:00
a5e9da9e-6417-4c43-b248-9ac33b8ac51d,03a1f6a6-dcf8-444b-a24d-a7d17ecdcf6a,8c0f035c-ed24-4e92-9e38-7d7562011845,email,2025-05-10T09:14:14+00:00
980bc47d-b2f5-4b34-ba65-42bcc035515f,732e92cf-ce8c-471d-8af7-ca2fb530d53c,3508da09-a51b-4ff3-8e0e-ee486e956b89,email,2025-07-10T05:50:46+00:00
79bbbb31-cb66-48a1-8a2e-7535f321bc83,479875e5-c394-4832-93cb-e20d3f6823fb,c568b27d-f55c-43c4-b16c-2ded8343488b,email,2026-08-21T08:39:49+00:00
524f20c3-9d66-4ba7-861e-3860c2eb33ba,479875e5-c394-4832-93cb-e20d3f6823fb,a80b24ca-19f4-4796-9a5e-683f4e8f7b14,email,2025-06-01T10:06:50+00:00
abc1b266-3677-496e-afbd-4253e1f8dfb4,479875e5-c394-4832-93cb-e20d3f6823fb,0b20e057-ab25-4963-a1eb-383458386c85,email,2025-08-20T13:27:52+00:00
01993fe2-815a-4d88-bbef-ef9ed18cd6b2,479875e5-c394-4832-93cb-e20d3f6823fb,32a7fe23-fa7e-4905-9afd-b6639736963d,email,2026-04-04T17:32:03+00:00
77b0bae7-5523-4cbb-834e-e0d23ea3b55e,12967c80-f387-43a6-abd2-f3f90319de76,3b30a6e4-3c57-4bbd-9b03-022e7facb880,email,2025-07-23T02:24:56+00:00
6c4c7c75-ccc0-49b6-bc75-427f514ce73f,1d462ba1-91f4-402b-8cdc-907ecda3aeae,0c75c528-0777-4d48-b0e4-87ab07dcd5a2,sms,2025-08-02T06:48:34+00:00
7d247082-9f50-494c-8a33-77af5e6b363e,875c87ea-0b02-4a97-bb0f-a4cec577289c,5ce43817-8afb-43c8-aa72-569b92aeb223,email,2025-05-13T18:27:21+00:00
a1964e12-5f0a-418b-b64a-35cfb07c27f3,401223b0-0b4b-46ca-b877-b4fc24decc35,632a3efa-008f-4d2e-9fa6-0a2e1c332a14,email,2025-09-02T10:53:05+00:00
adc9bd92-e6be-457e-ba22-9a31d602f5c8,3577ffd7-5311-4754-9443-2488032a7852,743aae1e-e024-4953-a3ae-1413333f514f,email,2025-05-20T20:42:20+00:00
68b80bc4-1612-4c3a-880d-799c032da57a,3577ffd7-5311-4754-9443-2488032a7852,4c8ec64f-c0d0-4cfb-b064-d47de0ec57ba,email,2025-05-22T21:05:41+00:00
267a264b-2412-4747-a419-3e02eca2c9cf,f03cd3fb-a841-4308-a27b-416efef5cc6a,29b08317-6763-47c6-93e5-e9d211886a27,email,2025-08-03T13:29:00+00:00
962adfa4-c7df-48dd-98eb-c70f37b5eede,74ff4066-5e0f-488d-978a-13b6c63069d6,b233f9f6-2a38-41be-92c9-8555aefc62a9,email,2025-12-16T10:54:48+00:00
4fa40c92-14ad-4c14-98f8-0341a6672bff,eee87894-b6f3-4dcc-b257-bd95526edc07,d04a9725-4a5b-49d3-971a-6c7bbb1d7355,sms,2025-11-23T13:40:20+00:00
c71bb809-ffa5-4b42-a373-d1753e587c83,eee87894-b6f3-4dcc-b257-bd95526edc07,0c75c528-0777-4d48-b0e4-87ab07dcd5a2,email,2025-07-23T18:50:21+00:00
7b7bf8a5-8221-47da-9860-2bbbeaa45c75,463b9e0f-7784-4edb-92ee-7206276ca3c5,6cad3973-c23d-4cec-bb0c-6ecf78003373,email,2025-05-26T09:18:12+00:00
75552541-546b-4936-8d01-c96bfd0acb73,986626eb-3053-41cb-80e9-215ebb6ab879,4c8ec64f-c0d0-4cfb-b064-d47de0ec57ba,email,2025-06-01T03:30:26+00:00
93df317e-697c-40b5-84b6-db43b0d5177f,6a03c06d-929a-4d3a-96fa-c97bf58c65a6,26d61dc5-0b03-4c16-8a64-7afeba92fecb,email,2025-08-18T18:24:53+00:00
258237e2-e8fb-4bfe-af24-68d259ecf855,6a03c06d-929a-4d3a-96fa-c97bf58c65a6,1fa4ca79-e386-4977-9032-f42a85558d36,email,2025-11-26T11:17:13+00:00
75d3d0cc-cd3b-439a-b434-cd61e917525c,6a03c06d-929a-4d3a-96fa-c97bf58c65a6,8d9a7d65-67f7-4c3e-b3ec-57b9652f01a1,email,2026-04-08T23:43:04+00:00
c58d4e8d-dc69-404b-a5f0-d193c38fa0c1,6a03c06d-929a-4d3a-96fa-c97bf58c65a6,39253471-72c7-42b6-ad3a-569f5728f21e,email,2025-10-07T12:27:58+00:00
104d703b-7931-4051-a349-341360b5a5f5,6a03c06d-929a-4d3a-96fa-c97bf58c65a6,5f6d993c-4bf7-46a7-97c5-66326662827a,email,2026-05-29T08:40:44+00:00
f55b8904-6a41-48d9-9896-51c7ddb3dcc2,6a03c06d-929a-4d3a-96fa-c97bf58c65a6,4191e4fb-4f72-4e71-ad79-a05abd92be9f,email,2026-05-10T05:55:55+00:00
c0e665cc-2da6-452f-842b-ee051c8445e3,dc186002-ce54-4b6e-9288-f3934a544afa,3c93bac9-6c00-45ff-868a-2fca9fd92411,sms,2025-09-27T01:51:25+00:00
9a6209b3-09b9-45f8-b169-4d21f0a98544,dc186002-ce54-4b6e-9288-f3934a544afa,4fb579ea-1574-44fa-af02-83f6cb410836,email,2025-11-04T02:40:02+00:00
e075cbe9-e52e-4027-ae3b-36b29745301e,8700c25b-d45d-4b87-b219-b2460af5a538,79f24b18-9bf0-4e1b-be57-3291ef518791,email,2026-07-02T03:21:18+00:00
8a6c952b-687a-420a-97bf-73ad0b693220,8700c25b-d45d-4b87-b219-b2460af5a538,f8ec5735-1c8f-4776-b569-2f0195771513,email,2025-06-22T15:07:07+00:00
fec737b5-3ad1-452a-b5d4-bb166a076295,8700c25b-d45d-4b87-b219-b2460af5a538,9c6405d0-d0bc-4e75-8900-4a343d7eec34,email,2025-10-17T21:34:16+00:00
6c2e6196-1c33-47b3-b507-dbcaf74be825,8700c25b-d45d-4b87-b219-b2460af5a538,4b87053a-c2e0-4a91-bd88-3da84717c1af,email,2026-05-28T16:59:34+00:00
e9ab990b-c7e7-49ab-8e7d-006afff97fbe,8700c25b-d45d-4b87-b219-b2460af5a538,d24b23ee-291d-4c2f-8c3a-ce1251c2c3d8,email,2025-08-06T23:15:11+00:00
cc14e30f-a183-4574-91ed-1437a1fce759,e3a1d050-99f2-4c14-b615-eb94dfbd473d,85a05a4b-ce52-43cf-8433-02a2cad529e1,sms,2025-12-01T20:31:33+00:00
947ffae7-7eb8-430b-9617-9e968e61314a,029756b4-f122-4907-b384-fdbd36043f2b,53a84c41-db22-49bf-98bd-d408fffdabc3,email,2025-07-19T20:18:38+00:00
9866c5bf-3c95-4715-88a3-6d3691e05d4e,029756b4-f122-4907-b384-fdbd36043f2b,22b1d57e-427b-4075-b871-f3a5bde40fbe,email,2025-06-20T21:03:17+00:00
b5f93c28-19b5-4a54-b728-408524cb9e76,e6a2e337-9d9c-4388-80fe-d83cd5a1c04b,63e9a505-7c6b-4204-93f7-db5e9998f23c,email,2025-09-15T07:57:10+00:00
fc90ae6c-31c8-42a4-b193-c8baf3102b3f,e6a2e337-9d9c-4388-80fe-d83cd5a1c04b,501e8ce4-ec88-49ee-8091-df9797903b55,email,2025-06-24T21:23:15+00:00
6778c97c-5354-4d37-868c-dc6ceb530d34,e6a2e337-9d9c-4388-80fe-d83cd5a1c04b,7357e086-3d97-4c00-bd2a-662d18d0abec,email,2025-07-03T23:34:22+00:00
cbf1a4e1-3f48-4409-aff6-2e861175748a,e6a2e337-9d9c-4388-80fe-d83cd5a1c04b,ceb5b100-6d16-4a2c-a1ac-94145b871907,email,2026-01-21T17:35:34+00:00
357c583f-e809-423c-9abf-e0cd9c53dce2,05b58724-3ec6-43fa-8b11-da5d4cd25be9,b7fef60e-e709-4148-b2be-091d4a9dc1a5,email,2025-06-23T13:45:23+00:00
4dad9497-a783-4809-a633-efa33797d8ac,d5ebe77f-ef60-460e-a06e-f8d466941e3c,10052c3a-4cb2-4d00-a0bc-2b3ec6334ca5,email,2025-06-30T02:11:30+00:00
3c48eab8-9e26-4563-a17e-9f835553c851,d5ebe77f-ef60-460e-a06e-f8d466941e3c,514cc026-35f8-49f0-9e68-dff0aa3aab07,email,2026-03-26T18:02:01+00:00
56da5caf-0c37-4b7c-be93-34a4a431d3c4,d5ebe77f-ef60-460e-a06e-f8d466941e3c,f79de4b1-f0cc-45e9-85c3-b3112725fde1,email,2025-11-18T04:33:20+00:00
e5cc739d-4b6a-44c9-a6c4-f9ccd49cfd78,d5ebe77f-ef60-460e-a06e-f8d466941e3c,39387e77-2cf5-4e83-a449-610606391894,email,2025-07-02T16:43:18+00:00
00224f6a-d72c-4b7f-b03a-dc41cc857ff9,d5ebe77f-ef60-460e-a06e-f8d466941e3c,21f12625-f34e-45b3-aa99-2c07287fc8b7,email,2026-08-28T01:18:05+00:00
525ae0d5-5640-453e-81f5-886a5c08090f,d5ebe77f-ef60-460e-a06e-f8d466941e3c,76bd97a4-07c7-41e0-bb56-e614d523bb85,email,2026-06-25T16:14:17+00:00
966e9e77-ca0b-49d3-9a94-1f37ddd6ecb2,9b595606-e5f6-444c-b3e3-6bd16e8628f7,2709bb2d-e639-44c0-920f-80a9f4c4955e,email,2026-04-03T11:04:30+00:00
70673f03-0c12-4d30-9a62-7a812ba85076,9b595606-e5f6-444c-b3e3-6bd16e8628f7,577c7c58-b348-4b59-a994-19cbf0bd8b7f,email,2025-08-12T00:14:01+00:00
c8ec18e5-1a76-42b7-9228-8a09412bbc71,9b595606-e5f6-444c-b3e3-6bd16e8628f7,f965e2e1-14e1-441b-bd2e-db6def83457a,email,2025-09-08T20:30:15+00:00
7095bc23-2fe5-464e-af6f-cfe7edbe3357,f8096c81-e3f5-4b68-86bd-cb5543a836ad,6e62d7bb-6bda-4ea0-82c5-87c508932975,email,2025-10-04T09:17:51+00:00
653ced2b-f75e-4c41-818d-8a2bf0895624,f15913be-e38d-45c7-b2fc-fcb395549e7c,b387c825-7116-4b83-bd18-56e81111a5c9,email,2025-06-21T19:48:33+00:00
df413c77-610b-428a-92d3-045b228d42ee,9bdfd48c-43e1-499a-a903-490863c82326,af587165-10af-4199-96d6-3bcb946bf36d,email,2025-08-10T08:03:58+00:00
4583bc20-972a-4a34-b5a2-08a309783b80,9bdfd48c-43e1-499a-a903-490863c82326,a83115e6-95d7-4710-8785-ad490862eb1d,email,2025-08-20T12:33:06+00:00
20a75284-704b-499c-a940-a5f883826459,9bdfd48c-43e1-499a-a903-490863c82326,7759297b-afe9-4b95-8e56-6c553c734e03,email,2025-09-30T05:15:52+00:00
6c31d6ab-9285-4c6e-8a1e-614fe043dcb5,9bdfd48c-43e1-499a-a903-490863c82326,3b30a6e4-3c57-4bbd-9b03-022e7facb880,email,2025-11-04T09:16:15+00:00
035c5f1d-5918-4fc4-be8e-3655d9661765,9bdfd48c-43e1-499a-a903-490863c82326,56011ba4-155c-4db4-a8fb-31ebb8dd1d28,email,2026-06-30T19:22:57+00:00
4c318977-36e8-43f0-a4d2-686eb01a94a3,9bdfd48c-43e1-499a-a903-490863c82326,bdd3bd04-7e4b-4d82-816f-dceb5fae55ea,email,2025-08-04T04:36:57+00:00
978ce440-79e7-4f84-b716-a52577235440,9bdfd48c-43e1-499a-a903-490863c82326,c2566d73-7996-4de6-8297-ed01fb83a333,email,2025-08-17T04:30:00+00:00
984e7560-8005-4614-a5a5-c433c1dc8f10,8e682d81-a159-4d72-9c28-499b13a12313,c826c699-c25f-4e45-bc9a-8ef83d1a94fb,email,2026-04-03T12:55:01+00:00
327da840-971d-4b71-b638-594d25240d86,8e682d81-a159-4d72-9c28-499b13a12313,3eaa28c6-6c66-4841-a82f-101d62f26410,email,2026-04-25T21:28:55+00:00
6e1e3fff-6118-4d91-ab6c-47054ca7584e,3c020839-2491-42e0-a48c-637cece51ce6,0df66891-b25c-4d7b-98bc-826d9e286a20,email,2025-09-04T23:56:02+00:00
ffe23998-4187-4b78-a529-262578b4d992,3c020839-2491-42e0-a48c-637cece51ce6,88f97422-e385-4200-84c1-cf21ce0c6cda,sms,2026-01-08T13:40:15+00:00
aa2a3615-34e2-47d8-b0e9-0bacb05c66a9,3c020839-2491-42e0-a48c-637cece51ce6,2709bb2d-e639-44c0-920f-80a9f4c4955e,email,2025-07-20T21:12:09+00:00
3ae5269d-cae6-4c16-8fe2-3ee86d90427c,f13f76c9-6dde-4a3c-9f74-809ad10c5458,1e35bc63-b9b9-4dc0-bbca-ba32d6a1676f,email,2025-06-26T20:24:43+00:00
cdaec8ae-bf49-460d-82a5-308932ad0ae9,d7223262-f15c-4044-ba9d-194999c573e5,61bc54ff-d92a-459a-b783-749eeba4b206,email,2026-01-14T14:37:30+00:00
c27acc7e-829b-4149-95af-ad965e22a62a,a049ecb8-4842-484e-a234-06b367dc9f21,2e33ff49-a484-4f82-95d2-dc4216703bb3,sms,2025-07-06T19:49:05+00:00
d950894f-4f3e-46b4-aae1-bc4abe980a73,a049ecb8-4842-484e-a234-06b367dc9f21,a1e4b04f-3354-4716-9914-0e447f91fb26,email,2026-07-28T04:19:02+00:00
efccbd34-959c-42e4-8284-4ee7b67e33f1,674db75c-001e-4cb7-bc39-46b4e6d55094,7d339706-bfcc-4887-91f1-ec63d2d23823,email,2025-07-16T14:11:07+00:00
48e7d6f9-cca6-4d2b-a7b1-45e02a265a87,4701d6c8-e20c-4712-afac-19c03aeea641,3b534511-491d-43ca-8db3-2f08eee9be65,sms,2025-10-04T18:53:44+00:00
ce4bb2b9-9356-40ee-8f6e-8c1b73796fc2,4701d6c8-e20c-4712-afac-19c03aeea641,7759297b-afe9-4b95-8e56-6c553c734e03,email,2025-07-28T06:42:37+00:00
34dbc6d8-c335-453e-a314-6f4716d9fca3,4701d6c8-e20c-4712-afac-19c03aeea641,1a3b8eb4-9217-4dfe-a345-ac6a2076c9d5,email,2026-02-19T10:25:31+00:00
90990da1-c4c0-406e-8121-0861dd03355d,500b8d61-6659-4a5e-b5d8-e3fead898442,420bbc59-57c5-4a99-a707-cc797e6b593d,email,2026-07-11T05:34:45+00:00
63d8036c-5096-4f89-bb46-f7848a1522ef,500b8d61-6659-4a5e-b5d8-e3fead898442,323fd007-baf9-422e-b5f8-b93742be059f,sms,2026-07-10T21:15:02+00:00
f97d31b9-9701-4108-aadb-039fe52a2b81,500b8d61-6659-4a5e-b5d8-e3fead898442,b7fef60e-e709-4148-b2be-091d4a9dc1a5,email,2025-07-29T04:20:30+00:00
7628b42d-f5f2-4709-8119-d3e8994f6652,500b8d61-6659-4a5e-b5d8-e3fead898442,fa25c85c-0248-4e34-b506-fd8f06ae788f,email,2026-08-30T05:39:39+00:00
0ebceef7-a76e-4ab4-805e-f642b795bdf8,500b8d61-6659-4a5e-b5d8-e3fead898442,904d370b-c057-4076-ab96-6f35351482c2,email,2025-11-02T20:03:30+00:00
c82a6e4c-1938-4134-aee5-f4f113a5bb8c,500b8d61-6659-4a5e-b5d8-e3fead898442,553046bf-b8f3-4054-8eea-bd6715749b6e,email,2026-03-09T23:26:52+00:00
7359a390-348f-4e71-be29-da82231bb8f3,00c3c7a2-9816-4003-b67a-fb11e9dade22,dfb6fc17-bcca-45fa-ab0c-9e38e7ddcca9,email,2025-10-04T12:13:06+00:00
b863137d-2d31-4588-9db3-56a07e64a4fe,8b6fbfb3-c92c-4e5c-bdd9-88ba5d256226,1e35bc63-b9b9-4dc0-bbca-ba32d6a1676f,email,2025-07-28T17:54:55+00:00
8ddaf515-9f2f-47ad-8d03-6512f77b0c58,0d1bc024-3655-46d1-af1f-56d9f6a3f2f1,cd268b95-fdcb-48b9-84de-2a4aac209d46,email,2025-11-22T09:41:33+00:00
1029a45c-fcfd-4f4e-8285-f062a8a0426e,0d1bc024-3655-46d1-af1f-56d9f6a3f2f1,3b30a6e4-3c57-4bbd-9b03-022e7facb880,email,2025-08-12T02:06:57+00:00
3e3fea0b-831a-4c5a-a829-3d0778ebf3d8,0d1bc024-3655-46d1-af1f-56d9f6a3f2f1,dd5c4d9c-19c8-4f8b-89b7-e10c6aef4e21,email,2025-11-05T19:31:11+00:00
27c619b5-5efd-46da-af57-178763a655f4,0d1bc024-3655-46d1-af1f-56d9f6a3f2f1,75f5c0c5-ff4b-4a5e-9cdb-236c8398b4e4,email,2026-05-28T22:44:53+00:00
cc3fdb44-9e3d-4986-87df-f3eda35b16e4,64a99ab6-856a-4138-87e2-89aee471e05c,08a3481a-550b-4bbb-82c1-55804ba01127,email,2026-08-19T16:28:37+00:00
daaae60c-9cbb-4e9d-9935-a69c1dd15b80,64a99ab6-856a-4138-87e2-89aee471e05c,e8bd6718-0ee1-4de3-9813-716c81bea5a5,email,2026-06-18T22:56:25+00:00
e43d8565-6f2d-4361-98ac-d67896a63666,64a99ab6-856a-4138-87e2-89aee471e05c,dd31032b-6dd2-426d-bfc1-f03e9f5eefa1,email,2025-08-10T09:03:12+00:00
c1a65188-44bc-4e33-a0ef-1d408f10655a,64a99ab6-856a-4138-87e2-89aee471e05c,1ce85b38-45d8-4fc2-a23d-d01ad37ee8fb,email,2025-08-05T04:22:37+00:00
159745fb-e2a1-4637-91ee-09dcb8009814,6a1992a1-a7e5-427a-ba15-0fdef081d619,f2e15dfd-44c6-41bb-8e26-a90818c01dd9,email,2026-01-23T09:13:51+00:00
e6baadd2-8b42-48a0-8227-2adafafe3844,9a5de561-6fcd-478b-bde7-d22797550b8c,dd6a0ad5-cbc7-4d17-8a8a-229cea78e52b,email,2025-08-09T08:27:47+00:00
64d46119-7c6b-4d1a-8832-3a88c3c617a2,1e89fd5d-5c13-48c4-855b-50ebba2a027f,31d9eacf-7f61-4435-b484-43965f1c29b6,email,2026-01-13T23:10:56+00:00
cf29dcc7-5263-4172-bf42-1dbe2289f75f,591cad1b-1309-40dd-8698-4a4bb7f4b168,0df66891-b25c-4d7b-98bc-826d9e286a20,email,2025-10-29T19:07:08+00:00
5075429a-be7d-405c-9ef5-2d55543723c0,591cad1b-1309-40dd-8698-4a4bb7f4b168,1755328b-9010-4f07-b351-51bc6d8e8e7e,email,2026-04-27T00:18:27+00:00
e5f48379-7661-436d-bb2e-dcb36a0b66cb,0c21f54b-1386-4308-bdb0-862ce829cd5d,be814268-912b-47b4-8181-c0ede2b04826,email,2025-11-25T20:09:05+00:00
28672a93-0903-4a22-84e3-bc07545d5fb8,a42ed52c-31fb-4193-a168-219f9e34b6b4,f7318ac8-5529-4cd7-98ea-c6b5c629b8b2,sms,2025-07-30T13:14:51+00:00
ea330da7-863d-4acd-9d46-13327278690c,0ef452a4-6f44-44f8-9a3a-bb4c6ec65f22,72e6350e-b4bc-4a80-ac0b-013f84ebeab1,email,2025-10-02T06:25:17+00:00
7d5e0bb6-5f58-4285-840c-2ac930b6112c,0ef452a4-6f44-44f8-9a3a-bb4c6ec65f22,d04a9725-4a5b-49d3-971a-6c7bbb1d7355,email,2025-09-15T04:10:31+00:00
f3066b3f-ba68-43d3-912d-a208c10c7f19,d3459c5a-55dd-4ea4-979b-1472a2c34835,17bc3a75-830c-41bc-b847-8447593a7d03,email,2025-08-02T20:33:06+00:00
d1ab100e-a6f1-41dd-8860-555d18d24db0,616fb5a3-a60b-4fc9-82fb-7862fed1aec2,2ba2f93e-b90a-4582-9c0b-561477ec2dd4,email,2025-08-12T15:55:37+00:00
32c329f4-5e32-4b89-b93c-515ce2779a06,616fb5a3-a60b-4fc9-82fb-7862fed1aec2,75c13d9c-916c-4e76-9219-1fb1448b7789,email,2025-12-02T16:57:18+00:00
745d4e0d-4fb4-47bc-a8e7-c69d598ce1c5,c6049572-8311-463f-a1f4-893bcf645f85,f87b345a-0777-46fc-865a-b76dacc1e90a,email,2025-08-06T05:28:01+00:00
f7b157fd-1c39-4cd3-9d91-7f1267442674,fd7e71d9-ffe6-48fe-8b31-b964068f4a69,5ab1b529-4f5e-42a1-8f82-f88bad579d46,email,2025-08-09T02:38:45+00:00
ae637e8b-e865-483d-a859-b20b2c2e9d5a,97f55772-ef4f-45f6-95b5-fa65c1c9f808,36d2e780-1eb8-4905-beb8-e2ebc5c6adb1,sms,2025-12-30T06:29:53+00:00
dd4164c2-1a8f-45c2-896a-62737e706569,97f55772-ef4f-45f6-95b5-fa65c1c9f808,04ef5bae-6f20-43c1-84c2-80053a99d1b1,email,2026-03-19T23:13:38+00:00
f5053044-577a-4e45-8d36-77fbc6506689,97f55772-ef4f-45f6-95b5-fa65c1c9f808,d70b90fa-8a9d-408e-b442-7d148a6095e5,sms,2025-08-10T20:52:41+00:00
45fc552e-fa23-4e1e-8283-ab8ccc6584e6,a47a6870-4bd8-4569-862e-70bf30b24b6f,63e9a505-7c6b-4204-93f7-db5e9998f23c,email,2025-09-13T01:24:12+00:00
21cac6d5-d9c9-4416-8991-4632ddaadd62,a47a6870-4bd8-4569-862e-70bf30b24b6f,6eaf2004-a475-4bbd-b327-ceb492d267a7,email,2025-08-13T08:41:36+00:00
281fcdc7-f65d-408d-9395-43ba6668e619,a47a6870-4bd8-4569-862e-70bf30b24b6f,b000127a-7ff3-4aba-9f9f-56872787d1ed,sms,2026-02-20T13:55:02+00:00
b81ba579-891b-438a-a2a5-b6e78266694c,e1ca2fc3-9caa-4289-8ccb-db73f7f0b089,94124252-c61f-4b05-ab17-fb467c898e0c,sms,2025-12-13T11:35:46+00:00
afa2f04b-d332-40de-b7c1-9b21b59ada72,a9d0fee7-c0ed-4133-8765-92017f4f95e1,3d9b6dd2-deb5-4f7f-9ae8-89c12f579e9c,email,2026-08-17T10:59:54+00:00
a059f202-18dd-41fb-ac47-c92ec9303c1b,a9d0fee7-c0ed-4133-8765-92017f4f95e1,75f5c0c5-ff4b-4a5e-9cdb-236c8398b4e4,email,2026-04-15T02:38:51+00:00
f95a1e4e-a4ac-4e86-afd8-8472e71122c0,2ee8def1-d728-44a9-956b-87b7be5113c6,b9a3d8a8-1d58-4cf2-971d-224a10dd8600,sms,2026-03-28T14:52:41+00:00
d217d701-61e5-46b5-9368-1b73adf84b15,2ee8def1-d728-44a9-956b-87b7be5113c6,006cf2a0-aba4-468e-933a-b50f8c76a23f,email,2025-12-02T03:38:24+00:00
2f2388ed-d675-459c-927c-c2be18c9cfbb,3a2b08e3-0942-4318-bce3-2314ec6a3360,ded797b6-afed-4f9c-8ae0-35b3c61aa0e4,email,2025-08-19T00:43:10+00:00
c16687bf-c35a-40e3-83f0-fec85a6f112a,3a2b08e3-0942-4318-bce3-2314ec6a3360,a4870570-7c5f-4b20-8e76-eb3e4f83bf13,email,2026-02-17T12:33:23+00:00
3a07c186-1d89-4116-9740-bdd0c275cf82,5f26f300-eb31-4a90-aadb-89623a6e8ad7,7357e086-3d97-4c00-bd2a-662d18d0abec,sms,2026-01-03T23:56:42+00:00
005a48ec-166d-423e-8047-0b14cdb46ae5,5f26f300-eb31-4a90-aadb-89623a6e8ad7,b7a58a43-0e8a-4989-9cc2-a17e019034c8,email,2025-12-25T22:57:14+00:00
6de2d60f-b8eb-4d0a-8de6-f9db69e60ec3,242ad79f-d049-4494-8586-13b851c15aad,a65291d3-0e33-4ea9-afd9-e6056f5fec42,email,2026-03-29T07:37:22+00:00
d04e9162-a986-409c-898b-41f6c743f145,f5b2fb8d-1610-4e0d-88d3-4b746df15192,31d9eacf-7f61-4435-b484-43965f1c29b6,sms,2025-08-25T01:17:57+00:00
82376e1b-ec63-4332-aeef-669c81beb09e,16866e28-41cc-47d2-b323-1679f2b82b5f,4baa25b9-1700-4782-a80b-d9e663939f70,email,2025-08-22T01:54:04+00:00
099bfa8e-ae7d-436e-94cc-801487e693a1,16866e28-41cc-47d2-b323-1679f2b82b5f,594a9fe8-338e-48b9-bf94-45ec42062580,email,2026-07-18T03:46:38+00:00
65377f6d-e4d9-4d68-9a65-e6776ef52ab1,3e7d6253-868d-4d98-96a5-0579e317f89e,bacf1c32-002e-4d62-8c6c-221609513f2f,email,2025-08-25T22:20:33+00:00
1eb1d295-7d19-4929-9026-77dae76f20cb,af3233de-ea09-429e-99c6-06bc250a7ca8,4c8ec64f-c0d0-4cfb-b064-d47de0ec57ba,email,2025-08-18T21:56:58+00:00
bcfe9131-9e45-41d1-b09a-eaf75dd9e175,4aef45f0-cc5e-4550-b5fa-71ee74a1ac59,aebbbd34-c750-4cee-b298-18c1698b9b92,email,2026-05-30T20:02:50+00:00
6c5bef66-9e0d-43a2-a54e-98f22bafa779,4aef45f0-cc5e-4550-b5fa-71ee74a1ac59,495a3aa3-44af-4038-8197-d87257807cf3,sms,2025-09-14T23:05:27+00:00
49471241-a3e6-409f-91a4-9a60341ae20d,4aef45f0-cc5e-4550-b5fa-71ee74a1ac59,cf7fdd80-5c27-42aa-9731-b5d404e42dc4,email,2026-02-14T03:12:44+00:00
2d9fad19-515b-44c9-8ff4-8679e576c21e,4aef45f0-cc5e-4550-b5fa-71ee74a1ac59,d7b30ac7-a843-4c2c-b7d0-5dbca0c169c3,email,2025-09-13T21:27:44+00:00
43aae2c9-b8c3-4e5a-b77c-86a1d567fb4c,4bcd7d83-ba09-4d9b-8fb1-ce6ee25ae605,054fe171-2aa2-4064-be59-369e103477d7,email,2025-08-23T14:18:07+00:00
a398ac58-1292-46ef-af0e-fba9b3a7480d,4bcd7d83-ba09-4d9b-8fb1-ce6ee25ae605,92b26b2d-f521-4368-bfd5-7368f4d4b7d2,email,2025-08-31T07:37:04+00:00
520f84f9-96c2-4c38-b6d6-3f06e9280606,dc4de2ec-885c-4468-be00-dd217e4b7612,917bdd4a-0545-41ea-8bbb-c3ec512a6c48,email,2025-09-02T13:05:00+00:00
af635fa6-7438-4d6e-b3be-d80f53ebd075,dc4de2ec-885c-4468-be00-dd217e4b7612,53a84c41-db22-49bf-98bd-d408fffdabc3,email,2025-08-28T08:37:41+00:00
d9d36d06-0e49-460f-a335-86749c4c1088,dc4de2ec-885c-4468-be00-dd217e4b7612,b000127a-7ff3-4aba-9f9f-56872787d1ed,email,2026-08-23T00:55:48+00:00
3d7beb27-2ff5-437e-aa03-610f8acb54ba,f899864e-4046-48bb-bddb-5f4412776cc0,0d63423b-88a8-461b-94f4-e18357eba2f3,email,2025-08-23T14:28:06+00:00
79f79867-7ab6-4653-9bef-5be2b59202b1,2d7b5b58-7519-4727-b0fb-c90033b267f5,5f6d993c-4bf7-46a7-97c5-66326662827a,sms,2026-07-29T11:49:41+00:00
68d2638b-8068-464a-8e51-bb9c5ac6756c,2d7b5b58-7519-4727-b0fb-c90033b267f5,e7f25965-2024-4c9f-a575-caa1e7bc13df,email,2025-08-21T02:08:43+00:00
3b31f4ef-f3c8-4617-93c9-dceb10001ee3,6187ca69-8a29-4a6c-b9c9-3d60d0a97157,39253471-72c7-42b6-ad3a-569f5728f21e,email,2026-09-02T14:59:22+00:00
06df9eb6-020b-48b8-a188-af5427bc7c72,e2115c41-7478-4de9-91ca-9bd427f9869c,7d2e833a-8242-43a6-93ca-e79df0b2cd59,sms,2025-09-03T16:11:54+00:00
1251ea1b-29e2-4241-9c11-be28551adba7,e2115c41-7478-4de9-91ca-9bd427f9869c,1537bb8f-8d18-4dae-bed2-636ec4ce9b62,sms,2026-08-25T13:09:25+00:00
86a72074-cd83-45ce-b3d9-55a19e44c065,719149b0-4b2e-4d5c-863b-88f5469698c7,75fb3cc3-3a13-475e-9146-fa6c2c28ad75,sms,2026-07-23T14:00:53+00:00
58c900ab-bd32-48ba-acce-3c60acf5b6c1,da31cd4f-ada2-4d51-a78a-c326f7eea8c8,e1ed7e6e-8e69-4089-a848-80cc71f34ee0,email,2025-11-24T04:35:03+00:00
2de076e3-b4d6-4899-8408-4404e1483a0c,f3898bff-253c-4439-945e-cfe4feddd152,1ce85b38-45d8-4fc2-a23d-d01ad37ee8fb,email,2025-09-01T16:24:59+00:00
dbeb6969-baa5-4641-88d9-f65ed2689669,805cac1f-7441-4b9e-b82a-58bfce7a4945,72e6350e-b4bc-4a80-ac0b-013f84ebeab1,email,2025-11-28T11:55:14+00:00
f6f1384f-2b1f-4974-84e5-142e15a8a4fd,805cac1f-7441-4b9e-b82a-58bfce7a4945,98975cfd-3638-4842-83fd-fb6f839b37d9,email,2025-09-25T01:34:34+00:00
232237f3-3f0b-4eaa-bf19-8fd0452c29f6,dac12336-60ae-4e80-a6b4-5b3b7692b734,62d505af-b1ab-402a-b8ac-bf03c359aea7,email,2026-04-06T22:15:20+00:00
b16b2736-f872-4ad7-b4de-45723297d6bd,7e24b64b-219c-4855-a08c-bd060b16df02,5ab1b529-4f5e-42a1-8f82-f88bad579d46,email,2025-10-07T22:44:48+00:00
a1721ba0-b2b3-4d1f-a6ae-f4945079c0f2,a8bf89a3-853a-4aea-9879-e5b8420188cf,51dac652-9517-4e31-b9c9-905c3968e085,email,2025-09-15T23:03:57+00:00
0269787d-b0c1-4595-bf78-3c0e8e595228,477c4e02-5166-4d50-9eb5-5d35ed7e3262,1e35bc63-b9b9-4dc0-bbca-ba32d6a1676f,email,2025-09-01T12:45:02+00:00
03720e99-fd6e-495d-a097-daefe9dd8bad,0d979f28-7afa-4cd2-bf97-21e99c4c66b3,d97c38cc-0971-42dd-869d-988ad7864fdb,email,2025-10-23T15:54:15+00:00
5214a604-0d6e-4c4c-81a6-38545773e0ee,149ad0bf-7c62-475b-b82d-addefcc0b8f8,02126d92-72ee-409c-9e6c-a2e4d9f83a6b,email,2025-09-12T23:36:38+00:00
94579ece-ab87-4aff-8b83-6c379bfac89a,149ad0bf-7c62-475b-b82d-addefcc0b8f8,04ceced2-1e5d-42b0-9a6a-158e9a108c1d,sms,2026-06-01T02:40:02+00:00
949b87f4-a913-422c-9aaa-b0c8c8282de7,ce22bb66-e5ad-4344-8ef6-b506f8a3d44f,0c75c528-0777-4d48-b0e4-87ab07dcd5a2,email,2026-05-13T17:36:28+00:00
4af765ff-1424-4962-a74f-18d6f4992617,ce22bb66-e5ad-4344-8ef6-b506f8a3d44f,ff6e8123-7427-47ad-b4a2-b32525006de0,sms,2025-12-09T06:11:46+00:00
735d41bb-5244-4a89-93a7-b30a0e7815ee,ce22bb66-e5ad-4344-8ef6-b506f8a3d44f,054fe171-2aa2-4064-be59-369e103477d7,email,2025-09-09T23:44:14+00:00
52778d6a-129d-4aac-810a-a836d15cc924,ce22bb66-e5ad-4344-8ef6-b506f8a3d44f,f8ec5735-1c8f-4776-b569-2f0195771513,email,2025-09-03T18:24:38+00:00
4f559edc-c207-431c-b861-1aaddaa0ce96,ce22bb66-e5ad-4344-8ef6-b506f8a3d44f,75a9c08b-c3f9-48ea-bba3-d6136d51a785,email,2025-09-12T05:04:08+00:00
d37a4693-2dd6-4147-b9aa-f7307560f1b8,ce22bb66-e5ad-4344-8ef6-b506f8a3d44f,bacf1c32-002e-4d62-8c6c-221609513f2f,email,2025-09-25T11:59:41+00:00
32133992-e9a7-42c2-8adb-4621ea55a06e,ce22bb66-e5ad-4344-8ef6-b506f8a3d44f,bf2702a9-36af-4152-9711-7fbe97eb016b,email,2026-05-16T16:07:17+00:00
855a314f-6b4d-41a4-8723-1fb47f34dd94,ac0a5232-9f54-44df-ad42-da66fb19fa2b,6b83a412-875d-4f35-8ce5-9a2c67a093f6,email,2026-05-14T09:35:13+00:00
9cbdf740-af38-4e30-a84e-128f8e859f19,854c8e85-4a04-4628-92d0-256f99dbdb8b,1755328b-9010-4f07-b351-51bc6d8e8e7e,email,2026-06-15T09:00:58+00:00
1395bd2d-38dc-4e6c-984f-952db6998bfb,854c8e85-4a04-4628-92d0-256f99dbdb8b,53a84c41-db22-49bf-98bd-d408fffdabc3,email,2025-09-09T07:23:36+00:00
2af80894-d71c-4d7a-83b6-1aa46be3ee66,ab0c7e8e-b153-4748-aa92-236d18b4d4f8,0675ff4e-03a1-4a1b-91f2-4e5095585649,email,2026-08-12T01:39:10+00:00
0526fe28-4497-44f9-b475-07dcf9663d50,bbd9d450-b92b-4b99-a76b-55ff10ff1cec,1e35bc63-b9b9-4dc0-bbca-ba32d6a1676f,sms,2025-10-09T13:54:12+00:00
199f59b7-daa3-4b4b-8beb-4c11d13bedd9,bbd9d450-b92b-4b99-a76b-55ff10ff1cec,630fe4a8-7f3f-4f97-93c1-03feb895bbd5,sms,2025-11-03T11:02:45+00:00
c52ca85b-6f4c-4daf-a747-11c36da8505b,bbd9d450-b92b-4b99-a76b-55ff10ff1cec,eb37e445-ad15-450f-aac9-165635b7ef7b,sms,2025-09-07T05:59:38+00:00
e0112e4d-3ad1-47db-b001-cc44b749a195,080d88db-b136-433c-996d-ee04af4f3f3b,373a53bb-6b51-442f-ac4b-1d028d9af863,email,2026-04-15T14:02:07+00:00
5a0be56c-0452-4e4c-af04-ac04d55db799,aafd3d3a-b5c0-455b-86fb-f3a642e79467,f74c5434-3a39-4dc9-8fd0-1b4de52cff6b,email,2025-12-07T14:46:20+00:00
b5c7f8fe-ce98-4eb0-b650-a9de8d290522,aafd3d3a-b5c0-455b-86fb-f3a642e79467,2ba2f93e-b90a-4582-9c0b-561477ec2dd4,sms,2025-11-11T21:15:28+00:00
d2d73156-7827-44f9-8ba7-bcb79501e5bb,aafd3d3a-b5c0-455b-86fb-f3a642e79467,6236d33d-7b57-486d-81e8-a247d50fa2a4,email,2025-12-03T01:16:30+00:00
7d8446f6-629e-4520-bb4d-99d9a25e1f09,08ac0f6f-529a-46a2-87c2-07f6e46e4412,093a360d-63cd-446f-8cc4-cceafcd033c5,email,2026-02-26T11:19:57+00:00
5be0064c-112d-4890-8c26-f286efa7c017,431a5c5d-2efa-4c5f-b69f-5810b6b7f928,b387c825-7116-4b83-bd18-56e81111a5c9,email,2026-02-11T01:11:14+00:00
d9dace3b-9890-49e8-bb31-498e542d7ed8,062c2d9a-d0c8-4139-9464-a352937937f9,55fb0edf-b28e-4b2a-9d2b-2fa1f6dcbe3e,sms,2026-08-15T04:51:15+00:00
d02ae067-72f6-4928-8676-9a00d221f27e,359c8afb-8bd2-4712-8aca-bfb2da0cfb9f,0474d78b-b695-4c1a-967f-6fc9587ddc43,email,2026-06-21T02:18:41+00:00
92a83a85-bb06-464d-911d-049cccfc3914,4c1c04b1-5e4f-453c-b1fa-6bdcae3ce900,6225ff1d-dff6-4eec-8a09-0b85b8e80e91,email,2026-09-01T12:32:50+00:00
2eddb44e-340a-454f-b194-a8dbf9f76f38,f8505f48-8b3c-457b-8088-ac3ca641b815,02807cc1-6bae-4344-a5ac-526283c350fc,sms,2026-06-24T14:33:10+00:00
a9e38cde-7294-4555-b317-ff1f3b187aa0,78b90721-a4a0-45bc-94dd-eaacda3f5326,c0856bc5-aa1f-4d9b-908d-b8dac1c3d5ee,email,2026-04-04T16:19:41+00:00
39c1a77f-9729-4580-85c0-5922a55b966f,66efe15e-9d7e-4be2-824c-94295d12216c,3e1135b6-a11d-4440-9839-7607ab0df809,email,2025-09-22T01:34:15+00:00
fd01ddb6-6c67-4fbb-b41f-8de759d6af19,cc74975c-0ae3-4ac4-b228-741f499825a6,0474d78b-b695-4c1a-967f-6fc9587ddc43,email,2026-04-25T10:58:44+00:00
6636a03a-dbe1-4ad5-86cc-60de49592460,1ab14d5c-d115-45cf-b5b1-98d28bff0c2f,20643c6d-5091-45f4-96dc-2970aa107c3a,sms,2025-09-23T17:57:18+00:00
842257b8-a095-4f34-bff3-f64fbec56d08,d6e17df0-4231-45e1-be91-050351d34abf,0009dfc3-c591-422e-9a5a-47a3c5627f02,sms,2026-05-13T00:14:53+00:00
2f43d308-3959-4650-b6a7-a97f1668f6f0,ffe7f0c4-b9d7-4b4c-b744-8ac473a362fb,04ef5bae-6f20-43c1-84c2-80053a99d1b1,email,2026-01-06T12:04:05+00:00
9544f4a6-2af2-4270-ad0a-6bbea1c479cc,ffe7f0c4-b9d7-4b4c-b744-8ac473a362fb,c60fc12d-ef3b-47a2-b08d-d35daaa0261f,sms,2026-04-02T16:12:06+00:00
bb42b456-cc57-408a-9312-5958379ea78a,ffe7f0c4-b9d7-4b4c-b744-8ac473a362fb,eebbf0ad-7bc9-40f9-a39b-9952f8048f24,email,2026-04-13T22:39:37+00:00
17d1c7a9-3f39-46d2-8159-36587e0eb490,ffe7f0c4-b9d7-4b4c-b744-8ac473a362fb,02807cc1-6bae-4344-a5ac-526283c350fc,email,2026-01-19T20:37:26+00:00
aaa1629c-98d2-42cd-86c4-b3dfb83d0cb3,8dd14376-e7a8-4abf-8714-563f6f98d123,743aae1e-e024-4953-a3ae-1413333f514f,sms,2025-10-19T21:33:44+00:00
75dd59fd-ab8b-495c-adc7-4f4be173151f,a1003410-a760-42da-8b87-5f0afd92d42d,a65291d3-0e33-4ea9-afd9-e6056f5fec42,email,2025-09-26T11:05:16+00:00
d3c0e2e6-1479-4e11-871b-a7b155fff8a8,6b95c374-3eac-442a-babe-05373c37f88f,f31ed9a5-371d-40f1-abad-f2898658760d,email,2025-11-04T17:36:08+00:00
ff642b5b-755a-4137-95b8-c05c7078c566,6b95c374-3eac-442a-babe-05373c37f88f,4c8ec64f-c0d0-4cfb-b064-d47de0ec57ba,email,2025-10-31T03:06:07+00:00
b04d9e5d-a745-4eb1-b6fd-94132d7aae4e,6b95c374-3eac-442a-babe-05373c37f88f,ef6f0845-2282-4ad4-870c-058ceee8da3c,email,2026-02-06T09:06:18+00:00
e0ba3116-8631-4135-b2f7-dd29fb7ceae1,785acea8-4270-4bf1-b3ef-20f743654adc,ceb5b100-6d16-4a2c-a1ac-94145b871907,email,2025-09-28T05:35:26+00:00
a09aae36-6c9f-4a10-bccc-da75637bfbc3,2aecf187-d9b2-4227-ad34-624f771d2404,ba4e0520-1425-44b4-ba42-764ccd9799f7,email,2025-12-03T01:23:49+00:00
a816213f-90e0-4493-a2da-3a9c4d9fea3d,8cc580b8-8dea-486c-a06e-886077ee8430,eb2b14f9-1a3e-4de7-a5b9-77d125f7966d,sms,2026-02-26T08:31:23+00:00
0a74290e-063e-4c80-b313-81c1f3186ee6,8cc580b8-8dea-486c-a06e-886077ee8430,e0ac1371-730b-4fd6-8af4-80859ee0ade7,email,2025-11-29T02:26:34+00:00
be9e87c9-db0c-4f6b-9d10-7fd1f6ee4697,8cc580b8-8dea-486c-a06e-886077ee8430,7d2e833a-8242-43a6-93ca-e79df0b2cd59,sms,2025-10-30T04:59:11+00:00
e438822e-885c-4007-b482-467b487375e5,2eaf8d9a-9e09-483a-9755-9f6f83a00790,536e9f2a-3aad-4928-9766-ddb2f2ce04bb,email,2026-04-11T21:41:31+00:00
d6a0de09-148d-4710-b95a-638776ccf37c,2eaf8d9a-9e09-483a-9755-9f6f83a00790,1537bb8f-8d18-4dae-bed2-636ec4ce9b62,email,2026-04-18T06:16:39+00:00
9bd9e173-d957-4cab-af0f-a0b8a0b80f19,2eaf8d9a-9e09-483a-9755-9f6f83a00790,eeff5407-0122-4256-8fe0-ca19e54acbbb,sms,2026-08-17T17:36:48+00:00
f8ac43bc-133d-4f0f-90e3-aeee7f21fe61,aa9b1166-f719-49e6-8bdf-9f60cdc8cae3,e8bd6718-0ee1-4de3-9813-716c81bea5a5,email,2025-11-28T20:46:52+00:00
ec0f7a74-dfb2-47a1-bd69-753bbb902592,0ead9048-ba3b-45ff-915b-d1c604409156,a1e2e693-3bde-4f70-9281-01259889ee69,sms,2026-04-06T11:13:24+00:00
0e54c9bd-5940-453e-aaae-2a57b03e7b29,ecaa00d7-e7d7-4ac8-8639-8b87156ddec0,5ab1b529-4f5e-42a1-8f82-f88bad579d46,email,2025-10-21T22:41:47+00:00
15b9c561-e0b6-4f9c-b856-c93ae9ee47cd,c96de752-59c7-4cc7-8496-44dc21e437ec,398c4a87-ea96-40b1-9d0b-21f40b43e5db,email,2025-10-24T11:06:47+00:00
9ef9d66b-a84b-4cc3-b105-e35e7d9d9933,c96de752-59c7-4cc7-8496-44dc21e437ec,a2a97c5b-d72e-47bb-a8b8-355fcf007b68,sms,2026-06-22T05:23:03+00:00
2552ef59-d732-49c0-a44c-031a87dd7e4e,3605910b-6389-4c5d-a679-00703811da5d,8ced966b-96fc-45a7-b2fd-f43f6a26b92a,sms,2026-02-16T15:59:18+00:00
57ecafb4-7265-4b0f-abb7-0b704485638e,3605910b-6389-4c5d-a679-00703811da5d,53a84c41-db22-49bf-98bd-d408fffdabc3,sms,2025-10-18T13:26:14+00:00
8f281a52-e71d-415f-9226-cb877a306e3b,d20d844b-37ef-412e-9397-d0e3a69e37cc,5ab1b529-4f5e-42a1-8f82-f88bad579d46,email,2025-11-24T03:37:20+00:00
03e28f9a-a8de-4ac0-b5a4-08160c668bc9,685e5c5c-618b-4aa3-a2d0-cc8d2edbbdd7,6cad3973-c23d-4cec-bb0c-6ecf78003373,sms,2025-10-25T01:15:19+00:00
d14d886f-729f-47b4-9cb9-bc47fed3fa22,2c748f06-d41e-457e-b54a-cb0f164f5029,7357e086-3d97-4c00-bd2a-662d18d0abec,email,2025-12-07T18:30:36+00:00
e053c6fc-04dc-447b-b31a-604ddcdd6d59,2c748f06-d41e-457e-b54a-cb0f164f5029,1162a399-ae84-499c-86eb-5c0b8d4bd19d,sms,2026-01-08T19:17:27+00:00
11767e9e-0bd8-47a6-b7e7-d95db9d47318,5f7c120d-74f8-4ee4-b0de-f2b5dd9c15af,6e62d7bb-6bda-4ea0-82c5-87c508932975,email,2025-12-15T20:23:38+00:00
91ffaf03-1b45-4be4-b590-53080612f688,2c09c3b0-aa6d-4cb3-843a-da5a330bf3e0,887b7fc5-3512-427f-b5f1-d0629d72dcf0,email,2026-08-12T02:47:32+00:00
1358da3a-c443-4446-bda5-89d54043bc75,b3a651c7-6011-4281-a749-c51a36aa3c01,c568b27d-f55c-43c4-b16c-2ded8343488b,sms,2025-10-30T03:55:04+00:00
34049939-0f5f-42d0-aa2e-4339be6b59e3,408a2edf-8eba-461e-b326-f05dd0f791c1,a1d67684-0efd-46c3-a44d-06a1f1b59626,email,2025-11-05T14:47:58+00:00
13fc3f79-9b8e-4cd4-b22e-91aed17a0523,999465ed-ae58-4c24-839d-d25c5c35a2cf,ac90d181-ee36-49c7-a813-3467b90807dc,email,2026-07-15T11:30:31+00:00
d955e7a1-60e7-4c31-a9b2-cfdbdf6046a5,c990fa12-c959-4065-a3d1-bfb48d228d08,8ed5d79d-9904-4ac0-b3d6-d43abaf34918,email,2025-12-03T09:50:57+00:00
56471fd0-392c-487a-b161-1cda52fe380a,998637a8-a72f-46ea-a364-0f77460c5a7e,39387e77-2cf5-4e83-a449-610606391894,email,2025-12-27T20:37:44+00:00
0f313c94-f7c2-40ed-a954-0d2cecd42673,998637a8-a72f-46ea-a364-0f77460c5a7e,553046bf-b8f3-4054-8eea-bd6715749b6e,email,2026-01-02T00:09:58+00:00
e8878841-9bee-4686-834b-19cd4939d63e,998637a8-a72f-46ea-a364-0f77460c5a7e,eeff5407-0122-4256-8fe0-ca19e54acbbb,email,2026-08-04T17:53:36+00:00
5bd570b3-3279-4f31-b9ec-5570dd1dcfde,70fb88c8-ffb5-49d5-a1f1-3f6ff2cd0324,ab56d43e-6b4a-43a3-9b6c-f3bae36c4bb6,email,2026-01-10T19:54:54+00:00
8682a232-a157-4991-83c6-74bd5c8af19b,b4a7dc4c-95ef-4d40-bae8-1f904d0e6cee,35d6cd54-7bcd-4288-8c6d-682b12ba3543,sms,2026-01-28T18:01:17+00:00
27354d7c-c5d8-438d-854c-0525accea219,b4a7dc4c-95ef-4d40-bae8-1f904d0e6cee,fe409d6f-e259-485b-96bc-c2a89d7996e6,email,2025-11-23T04:31:16+00:00
ef9c256c-f7e2-41ed-9164-a40e597cabc5,b4a7dc4c-95ef-4d40-bae8-1f904d0e6cee,a4870570-7c5f-4b20-8e76-eb3e4f83bf13,sms,2026-02-25T02:00:43+00:00
8b091c20-353b-4d81-9b71-530f8f9275c8,93fa7ccb-17d3-4694-a608-c94e6e7b93af,73017fc1-97d8-40e8-b55e-c4e1738bfcbc,email,2026-01-22T22:58:13+00:00
96b6eba8-7fa3-4875-80d3-f5b69ffacd33,93fa7ccb-17d3-4694-a608-c94e6e7b93af,e5d66484-0921-411a-aecc-60e791695a29,email,2026-04-06T20:51:10+00:00
dfeaa168-36b9-461b-af44-ef03b26e98ca,30391140-3826-4ae9-9108-06b0eebedab0,e294d7c5-9f72-4226-9091-d2cf6c147a17,sms,2025-12-05T23:33:58+00:00
adbcc6be-a227-44ff-9185-4660342a3ff2,30391140-3826-4ae9-9108-06b0eebedab0,4cf59a7d-3daf-44fe-8e86-aa4389b82fc0,email,2025-12-28T09:13:49+00:00
ea75897a-baba-4342-88d7-58bcdf29d8b9,30391140-3826-4ae9-9108-06b0eebedab0,6dfecb7f-63bb-498d-909f-4cbd7fd015e7,email,2026-06-13T13:21:58+00:00
cd2834e2-b7ca-4618-9027-8aef93a32346,4bde0753-d21b-4b09-aace-f84080c7aed2,cc9edd65-11d8-48ba-8605-87b882d51e43,sms,2026-01-31T04:25:39+00:00
14ec3b29-ee48-464e-a671-bec799a82345,4bde0753-d21b-4b09-aace-f84080c7aed2,faf9f76d-15dd-40c4-90fb-91488cd8bff1,email,2026-07-18T01:10:41+00:00
bc2b0ec1-a8c4-4770-854d-774c28552852,4bde0753-d21b-4b09-aace-f84080c7aed2,ce44b626-aa47-48a3-b23b-c2866dfefd6d,email,2026-08-06T13:38:21+00:00
36162947-aec0-4751-a166-08fbeaea9572,4bde0753-d21b-4b09-aace-f84080c7aed2,f74c5434-3a39-4dc9-8fd0-1b4de52cff6b,sms,2025-12-27T12:03:41+00:00
b0ac8aea-4698-4ca6-846d-a9738f0dd9b6,ed084e02-1cdf-447a-8350-c868c5a3c66b,1755328b-9010-4f07-b351-51bc6d8e8e7e,email,2026-03-31T02:09:07+00:00
d5902da5-9beb-4bdc-b731-f70be4c35805,ed084e02-1cdf-447a-8350-c868c5a3c66b,123da5fe-c615-4c1b-a15e-c518ab63f804,email,2026-03-19T09:37:00+00:00
07acafac-3ed5-49d8-ba1c-9b5526597b11,ed084e02-1cdf-447a-8350-c868c5a3c66b,c6fd42f0-6060-47cf-a8e8-e24dcaee7d26,email,2026-02-05T04:52:43+00:00
f44c93f4-26b7-43d4-a476-8cd312054bde,ed084e02-1cdf-447a-8350-c868c5a3c66b,5ca23f6e-524f-449e-b9d2-a758e70cff73,email,2025-11-26T02:25:35+00:00
2e10e1d9-682d-468b-9373-a435d0714754,ed084e02-1cdf-447a-8350-c868c5a3c66b,d1837fdf-ba50-4cdd-aa78-612b77b13cac,email,2026-06-07T11:54:16+00:00
a07817e2-fd9a-40e6-8013-d7df0ef2e0c3,ed084e02-1cdf-447a-8350-c868c5a3c66b,53cbc155-02f5-409e-90b8-e1d1b8a42be9,email,2025-11-23T12:20:57+00:00
725beee9-6c3e-477b-9fc6-6d092ef7e164,a7a77fcb-2d01-4d74-abe1-8faf2cdeb816,09df0479-c184-43eb-84fc-57806ea9743a,email,2026-06-20T23:33:44+00:00
1f42a93b-8dda-4c5a-b1ff-6699ac09cb22,a7a77fcb-2d01-4d74-abe1-8faf2cdeb816,e5b05247-d5c5-41cb-bf08-a56d351e6242,email,2026-03-05T23:45:11+00:00
f96c1f4b-894b-4350-b761-31eb9a75e323,3d3146af-5ec7-47ca-813d-e8df246b860b,1cb0a5a8-ec45-4495-baee-7a23a8d035aa,email,2026-02-08T11:10:12+00:00
626cd3c6-3a88-4739-add4-fc18638bd293,2f884ade-5d15-40cd-a263-62b07e86d158,34441c15-0467-4b92-b3ab-8deb1054c830,email,2025-12-09T21:58:15+00:00
3d88d2a4-78a3-43fe-b9cf-72e460f9fcbf,893a6b93-4956-4653-802d-94d2cdd65dec,ba4e0520-1425-44b4-ba42-764ccd9799f7,sms,2026-01-21T14:32:32+00:00
ab9bb74b-719e-4be1-b131-2d326568cb30,4ecdc9fe-ca1d-4df6-9be6-cabb69800c62,ba4e0520-1425-44b4-ba42-764ccd9799f7,email,2025-11-30T03:38:55+00:00
7c81cf3b-fc5c-41cf-ae11-f34b1b1e0739,4ecdc9fe-ca1d-4df6-9be6-cabb69800c62,6e62d7bb-6bda-4ea0-82c5-87c508932975,email,2025-12-23T21:32:19+00:00
2f9672f6-fa92-4b07-8f02-69cb4e5205b6,c49f8e32-12d4-4b19-8ea8-f9d67239b259,99348a51-08e9-4760-8822-b2f8debef37f,email,2025-12-11T11:23:37+00:00
64423db7-84fc-45cc-917c-19ebf12cf4ba,c49f8e32-12d4-4b19-8ea8-f9d67239b259,7a537b60-7891-4d8a-9a2d-3dc4f49961e2,email,2026-05-04T04:17:44+00:00
bc79d685-5f0e-42e7-a4d8-c8949f48dd49,1b6f2a07-ee49-43eb-b8c0-14cabb72b252,ba4e0520-1425-44b4-ba42-764ccd9799f7,email,2025-12-07T18:41:51+00:00
e2b0e7c3-408f-4bc2-9cf5-51c03a1cbd7b,76606752-4b77-4128-afc6-f8047de39acc,6225ff1d-dff6-4eec-8a09-0b85b8e80e91,email,2025-12-12T09:34:59+00:00
2cb6da11-2915-42ff-8601-8a2f79797382,051056e9-b79d-48ce-b3d2-712995348a5a,156ce20e-a7d6-4a4e-88c0-5e21929a443d,sms,2025-12-07T12:45:58+00:00
6ecf98c9-56b6-4a79-ae6b-15d878127759,7ad02db5-21f9-4c21-9fbd-810deb400190,7a537b60-7891-4d8a-9a2d-3dc4f49961e2,sms,2025-12-04T16:02:13+00:00
e1a024c1-e4a7-40b3-82a3-da3e2aa00642,f633bdca-493b-4d89-883d-3307873af36d,c99359a6-ecf8-4d27-a849-8d366cb10a8d,email,2026-07-25T02:50:21+00:00
442267fb-ad2d-485e-ac21-f850f2540f29,f633bdca-493b-4d89-883d-3307873af36d,3d6322d3-d39c-4fa0-8f6b-6413dfc01504,sms,2026-03-08T23:17:13+00:00
cd456e8f-cf6e-4e60-9a3b-b10f7038971d,9ac0d52d-83bf-414b-af28-bb3a34c737df,6695a266-c3cd-43a7-a7fb-fcac77328615,sms,2026-01-23T02:01:04+00:00
94a8cd3d-9f0f-4126-86af-b8f8b20d3041,1f89ae54-f82d-408c-8cb0-e48b1709cd12,4366727f-cad9-45ec-ac07-3b7e024b94a1,email,2026-01-27T14:40:20+00:00
f7119b1b-8bb0-4d22-af4a-038f7cd2a808,1f89ae54-f82d-408c-8cb0-e48b1709cd12,6d1577ed-1dc7-4670-a35e-7ee03d6217a2,email,2026-06-18T14:29:22+00:00
97d86a07-793b-4408-bcec-f76529c212c8,e925fe71-7673-48f4-befb-015fdb7a2bed,fda29f93-a3e8-4fb9-84ba-b9b7b56ec5c2,email,2026-04-04T02:56:49+00:00
ac2c8c88-541a-4945-9ed9-62e395d452a8,e925fe71-7673-48f4-befb-015fdb7a2bed,ff1dc571-d626-480e-b098-a50d60c896af,email,2026-02-11T01:11:12+00:00
864aae03-cefc-4fa3-8695-ed8866948d31,e1040595-ec08-4124-88c8-4ff565d32c35,fdf80e2a-8b01-4d79-a8c3-3ea29134c88c,email,2026-03-21T22:14:01+00:00
c9b72820-901b-4bae-ac0e-8d5adbfc80a8,e1040595-ec08-4124-88c8-4ff565d32c35,fdf80e2a-8b01-4d79-a8c3-3ea29134c88c,email,2026-01-24T23:57:47+00:00
e9a8b71a-7448-4696-a53c-7a5f3442a827,a02d62fe-e02b-4117-8431-7a8336ca4000,da2d85dd-5c3d-4667-8788-6be2e47676a4,sms,2025-12-27T21:57:02+00:00
300da693-c149-4a6e-a8a4-4fc69e850f77,789e718e-3fe3-459f-9244-b98ab7bfab62,9d8932ce-a55d-459a-ba8a-180a929fbfac,email,2025-12-27T08:50:33+00:00
92d8ab32-dd33-4a4c-8702-3bf903c1837f,789e718e-3fe3-459f-9244-b98ab7bfab62,a14d5a0d-9ddc-4170-a239-6044cb65462e,sms,2025-12-24T05:10:13+00:00
dedc1976-0bb2-4974-b67c-a5a336ae93c8,6ac7f70a-c293-46bd-84cf-ed96b2d6150e,c2566d73-7996-4de6-8297-ed01fb83a333,email,2025-12-21T16:25:01+00:00
d24fa7e6-968d-449d-9d36-a6977c2efdd2,6ac7f70a-c293-46bd-84cf-ed96b2d6150e,5579985d-8b97-4fbf-89a3-3636d4a31837,email,2025-12-22T14:42:24+00:00
97d925a1-b0e9-40cd-b572-9428fc869a38,5de49069-4f26-4e1a-8dbd-73a31715471b,659f0acc-033d-4e42-acb5-b569fa69a743,email,2026-08-05T17:54:23+00:00
42d67f10-ed2d-4c91-9b4c-d60f3a0a0c1c,7fadb815-b56f-40e6-b271-7b19a76077e1,d97c38cc-0971-42dd-869d-988ad7864fdb,email,2026-08-08T01:58:57+00:00
232b2b67-ce29-43d5-a226-7268a79fa2cc,33205725-a5ab-4fd5-8ad0-1478d982995a,8ced966b-96fc-45a7-b2fd-f43f6a26b92a,sms,2026-01-21T15:00:31+00:00
bf1d4e45-8b4c-4b79-bac2-2b6e592b55ac,f76eee1a-be04-40a9-89c3-a10f54c57f99,632a3efa-008f-4d2e-9fa6-0a2e1c332a14,email,2026-02-21T21:11:14+00:00
3d4bf7ae-b9b1-4528-b195-081064c9aec7,ddba3757-3ef7-453d-86d7-a8ec32ecba8e,8d5b08cd-a9b3-424d-b178-65d65f5998af,sms,2025-12-30T20:38:22+00:00
ac5c5a13-32a6-4e5c-a637-fb5992312ff0,ec59fa50-bbf4-4dfc-b3e0-a1028e4d7243,743aae1e-e024-4953-a3ae-1413333f514f,email,2026-01-02T03:38:13+00:00
36e7ad11-cd4b-4748-a9a5-16453a54a00f,0ce62ba9-395e-49ef-b243-44c5e8236dc2,c60fc12d-ef3b-47a2-b08d-d35daaa0261f,email,2026-02-02T14:56:58+00:00
7628801a-38e0-4f1b-bce9-a2cf719fbb03,0ce62ba9-395e-49ef-b243-44c5e8236dc2,76bd97a4-07c7-41e0-bb56-e614d523bb85,email,2026-01-01T09:30:59+00:00
1f091c74-c4c7-4c2a-8104-a64e16982d7d,e6da67a5-bf33-4729-8dd0-00cef69982a8,62d505af-b1ab-402a-b8ac-bf03c359aea7,email,2026-01-16T18:23:51+00:00
de216fd7-27b9-4491-a61c-5505c50c6a6d,a8e0cc93-7892-445e-8e63-96e7aeaba437,4df1de8f-107b-424b-b224-0ed52a3b292f,email,2026-06-06T14:55:57+00:00
1a3b7347-58d1-4b53-b2a5-eb54a6e8832a,f51465f0-4017-4f67-8d91-ed6efdbbaf93,06ca99ad-46e9-4d5e-a72e-48628968c316,email,2026-03-27T15:05:55+00:00
ed5a1e11-7098-49c7-a92e-cb08cf92aa1b,f51465f0-4017-4f67-8d91-ed6efdbbaf93,6b83a412-875d-4f35-8ce5-9a2c67a093f6,email,2026-07-15T23:26:45+00:00
5d00e678-0ce2-4d26-b7ed-98fc0ab0387b,f51465f0-4017-4f67-8d91-ed6efdbbaf93,0735b0aa-84bc-49aa-a78b-0ec4f2e216e6,sms,2026-02-12T22:53:14+00:00
b0dd7dcd-4bfe-4105-8036-eb52a582ae37,cddd5b20-2aec-4269-8f41-5fd1c2c049af,6e390a5d-a88b-459f-8658-6a51166be2f7,email,2026-06-07T04:13:28+00:00
9dbee02c-6688-44d2-965f-f12c344a91c5,310b99e0-475a-4914-a30b-287628ce173a,0b20e057-ab25-4963-a1eb-383458386c85,email,2026-08-28T08:14:08+00:00
6d322d4a-fa6b-425a-b156-593813a75d0f,310b99e0-475a-4914-a30b-287628ce173a,17bc3a75-830c-41bc-b847-8447593a7d03,email,2026-08-13T23:36:16+00:00
597c55f6-2ff6-4197-8886-850e8249b27c,9e6b7535-3240-49db-8093-f034c01e9711,223b052c-55c7-4152-903d-0f666656212e,email,2026-01-18T16:09:22+00:00
db08074b-ec29-456d-8ae5-166e3d66ffd0,d4589fcb-2d46-4e16-990b-86d41a6d0990,fd24cb3c-d535-4d3e-8f20-04616346c1f3,sms,2026-01-21T13:05:51+00:00
a8e8d92b-28da-4a90-af65-cf642b8f5f87,72d9e780-5f81-4bf3-a1aa-e31b6c1e9a4a,200f9843-09b8-49fb-9a99-30710133815e,email,2026-01-21T09:13:32+00:00
1b19a2e1-6f73-4a17-831e-01dccd73a28f,1194b72d-c07b-414c-a8e6-8f09f9a9f941,fae53a74-ccaf-4f10-973a-023ba3016dfe,email,2026-04-21T22:25:32+00:00
28073150-022f-428c-b0a3-b0e990d514ac,12c6fce3-becb-4891-85e4-d00b35bc6d67,553046bf-b8f3-4054-8eea-bd6715749b6e,email,2026-02-08T00:27:56+00:00
016375c2-5492-4c5f-a400-62ea164207c5,292e5daa-d8f7-4aee-8085-084056722b12,caa94dc0-81be-4dfa-8bc4-fa28c1ea5e7e,sms,2026-02-27T07:39:38+00:00
a9c1c183-4020-4c87-b463-824642c5babd,c6db36ab-cb69-4d70-91fe-0a05b8a4048c,d4be3d17-49dc-4e35-953b-ddb3c7c6c4a2,email,2026-08-30T18:52:28+00:00
bd88d47f-39e7-4572-aa59-83ee0ab85f3e,c6db36ab-cb69-4d70-91fe-0a05b8a4048c,a205c273-238b-46b5-a568-acfdd37cecb7,email,2026-07-07T17:09:27+00:00
eeda2136-eadb-4219-9107-3cff0fcb7120,4812e989-502a-426b-9de9-582ba08b4c3b,5635f843-b3b9-440c-a3b6-a80320986967,email,2026-05-13T07:24:46+00:00
6caa3c78-5081-4043-9a34-345304c3a05d,1ff426a2-12ae-4730-8ce4-f2971074f75c,cd268b95-fdcb-48b9-84de-2a4aac209d46,sms,2026-02-05T08:40:09+00:00
9ce860e8-0f20-46ea-b753-a568a0a699cf,1b68116c-a3bd-4595-b198-cc30396b09f1,1a6d9651-427f-4f8b-8364-dedd886b767d,email,2026-02-09T16:50:15+00:00
9501279a-9d7f-46b9-8757-3b1895f45eae,a99a6b1f-1c31-42f2-a662-f05ff04b177c,86a2d273-34b8-46f0-bdc9-4868692691fa,email,2026-06-20T00:52:11+00:00
533c7680-5389-4ba0-8bee-bfca1713fa90,a99a6b1f-1c31-42f2-a662-f05ff04b177c,feb4d905-0b79-4ac5-9d53-4c64f8023f17,sms,2026-03-15T00:40:32+00:00
58cfec46-3176-40fe-b603-9b3f45c51c77,e35da1a0-240e-40d8-8c36-dd51c2d31334,e19797db-e29f-48c3-a7bc-6f3ee4494c8c,email,2026-05-24T07:05:49+00:00
34c71c07-742d-447d-b1f4-c085b82414c0,0b1d3bd7-3956-4a92-8ae9-20624dfcb141,fa25c85c-0248-4e34-b506-fd8f06ae788f,sms,2026-03-19T06:57:47+00:00
83b0ca09-2ba0-469b-be5f-dbc3ff1cb776,0b1d3bd7-3956-4a92-8ae9-20624dfcb141,a205c273-238b-46b5-a568-acfdd37cecb7,email,2026-03-25T04:30:49+00:00
d6160b57-73be-480b-9402-6114112a3b8f,0b1d3bd7-3956-4a92-8ae9-20624dfcb141,717aa351-fab1-415d-aa39-5e7d6202e3d8,sms,2026-02-09T10:03:31+00:00
4b764212-6e05-4ddd-93fb-c8e5d3f89876,3ee98c7c-6680-4959-9db3-bc51a8f98772,38736e97-8380-4bc8-9d40-b95a6d5761ef,sms,2026-02-08T19:19:23+00:00
ce26c20e-3963-4a5a-899f-d81d688c21ff,3ee98c7c-6680-4959-9db3-bc51a8f98772,6760b35f-d3be-4df1-b9bb-dcc8d7227291,sms,2026-02-17T14:06:29+00:00
ca4c8af5-d2b9-4960-9573-74c32c19888e,3ee98c7c-6680-4959-9db3-bc51a8f98772,01ad5d19-51ac-4277-bf22-13bac68b5a71,sms,2026-03-16T05:56:55+00:00
dfa0eecb-b906-4216-8e41-76d86d7da7ff,49eee5d6-1e69-4995-8654-08c57e585ad9,189077b3-db48-4236-959d-98880fad6d57,sms,2026-03-18T22:05:37+00:00
dd695ec9-304b-446e-883a-312334089677,ed95437b-2d55-4380-8e75-5753e3b94af6,183fdc19-a9c5-4db8-a9f3-e0f20feea8e8,email,2026-04-18T09:57:23+00:00
cc17357a-0322-4492-ab22-69f6ef1b29ed,09937b36-2788-447c-9fa5-e0e999308822,2fdab17b-b531-49bd-b7bf-e2eccda6e5eb,email,2026-02-25T22:59:36+00:00
d7203c6d-34c2-42d5-9acf-e1f1377286ea,bbe9b8d6-c660-4cee-bec1-6385427dd2a5,3be6bf3f-c8f5-451d-9829-86d0e1a995cc,email,2026-03-02T16:15:32+00:00
2ff203c6-f40b-41ae-9161-ad67c1b2502a,d6407bd5-5421-4b05-99a5-5ba4bddb384d,38736e97-8380-4bc8-9d40-b95a6d5761ef,email,2026-02-24T20:49:14+00:00
f1e8c6cc-cd7a-4bba-bc27-f883360b99ec,c0f735ab-5c84-43d0-96ca-b79eb1b6cc32,01a63c21-47ae-4034-92d8-95c929748522,sms,2026-06-20T07:24:31+00:00
8920d94f-8711-4415-81e7-478b6b17ffca,c0f735ab-5c84-43d0-96ca-b79eb1b6cc32,b6f4d635-89e6-4c7d-b21e-375b06a4dc27,email,2026-08-02T08:10:48+00:00
70cc7102-4732-403a-821d-1bfa38ac952c,c0f735ab-5c84-43d0-96ca-b79eb1b6cc32,f87b345a-0777-46fc-865a-b76dacc1e90a,email,2026-03-18T18:14:26+00:00
461d2635-2935-4c77-a0e6-ca2f64e7d6de,ef47a308-9b55-4a85-a627-bfdbe39fc043,1fa4ca79-e386-4977-9032-f42a85558d36,email,2026-08-27T11:18:51+00:00
42dfd75c-9212-41c6-b2d3-3cae3fdfd4d7,4bd13cb0-7e5a-4ea7-9a32-ca0e3b630b90,2e23fd62-664f-4904-93b9-98484374da38,email,2026-03-19T02:23:00+00:00
083b568f-afa6-445b-8f94-b02ffd25c27b,31a77b7d-9665-4260-acb7-eceeff22cd4d,9e2d608b-d89b-47b6-a9be-d7becb140d83,email,2026-02-22T17:46:08+00:00
29f6674a-1743-488d-8709-911d9699a2c8,57964d2d-298b-4857-95d2-5ff8e83173fa,1f5c9368-f634-4128-84d2-ef868162ba53,email,2026-04-13T20:10:59+00:00
b4005b3d-99af-46e0-b974-11d77b6e91e3,eca37b12-e5fe-45bd-a722-1af52a9dd7d5,72e6350e-b4bc-4a80-ac0b-013f84ebeab1,email,2026-03-03T02:34:50+00:00
b4ddb9fa-b7dd-43a3-b616-dd2bdbc6412c,c30f7510-b78f-495c-8472-386a997175a7,b5c30eb0-cc41-4812-a25b-a2360d81178c,sms,2026-03-30T09:35:23+00:00
5f26d699-c8be-40f3-a5c4-fac9108912d8,9fa4a6f8-4bce-4c49-a813-e7c1ce344e31,eff13da1-a531-4767-95ce-387f2866993e,email,2026-03-07T18:06:38+00:00
5b24bb67-7408-4cc7-8efc-f87b2ce4c8a1,2e94cfb7-986f-47a2-b142-d96f3029cc9f,feb4d905-0b79-4ac5-9d53-4c64f8023f17,email,2026-05-05T18:28:36+00:00
72590f66-acad-430c-b625-be4efe106e92,6cafed7e-630e-4d29-aad5-7c6365b2d723,e577a84d-38e8-4685-91ae-611ca1c68aca,email,2026-03-10T03:40:40+00:00
ca8210be-5c00-4295-b8a9-fcbee7b003ca,1a3084ec-0e17-4aaa-b946-385e6963e03e,02807cc1-6bae-4344-a5ac-526283c350fc,email,2026-03-16T04:19:19+00:00
7f726810-d607-4b1b-bc53-50d7c3d562b3,3de9733c-1fbe-433f-82d8-74942f63c9e0,e735ab9c-d62e-4e4c-a719-99a447547e16,email,2026-03-23T07:40:08+00:00
78b1e9df-af90-4bc4-8970-bfb20aba4fe9,2da1da57-6194-4820-8065-9909c0c5b2e5,51dac652-9517-4e31-b9c9-905c3968e085,email,2026-05-21T01:32:46+00:00
c4ff03b6-1753-4d5c-b2a9-434d6775f502,2da1da57-6194-4820-8065-9909c0c5b2e5,16a2805a-f042-40e2-a4f8-2002ffbe4cf8,email,2026-04-11T20:57:00+00:00
146fe6c1-7d86-4563-9338-14e691e3f297,2da1da57-6194-4820-8065-9909c0c5b2e5,7275315b-de5e-4c67-9b01-11b25728750a,email,2026-03-19T20:10:51+00:00
384cad7f-082a-4749-8bb9-861c30cfa846,d48fb548-24b3-4b05-9c05-89bee555fb06,e4ea0bbe-fdc0-4311-bef4-bcb809a9a630,email,2026-03-14T17:02:05+00:00
0c8b0fbb-3cef-43ba-bc33-2cce9289df3b,d48fb548-24b3-4b05-9c05-89bee555fb06,810094ee-d2d1-4263-b5b9-7363f515bf05,email,2026-04-20T08:05:10+00:00
e42bf00a-e903-49ed-81e0-a2c314ed0167,d11161f0-6e96-45f0-90dd-abef6e58ef3d,d3daa26a-587b-4816-9110-916f35fa7c74,sms,2026-03-24T13:50:12+00:00
7371242c-a286-400a-8cc5-f39af94e2469,d11161f0-6e96-45f0-90dd-abef6e58ef3d,104d1676-bfe7-4914-bd0a-193b756100ad,email,2026-03-21T02:27:28+00:00
bc333cd4-dd50-42b0-ab0c-624fc711bb2a,2305a6cc-3d6b-4b34-a4f2-891d547a182f,495a3aa3-44af-4038-8197-d87257807cf3,email,2026-04-26T11:16:54+00:00
cdf88fe8-fec7-45dc-8cc7-6a16b3a03185,2305a6cc-3d6b-4b34-a4f2-891d547a182f,9e8e0225-d22d-409e-a1ce-2e9061fc7344,email,2026-05-13T07:57:54+00:00
cee5b0ef-1811-47bd-8e1d-d2902d5be53a,0efadc07-a8d9-4e98-afc0-d09a8b4f883b,ec6a23be-ddf8-411b-a001-feea58a50c51,email,2026-03-24T00:21:39+00:00
2e521b0c-16c2-4653-81bd-cc7d02693038,0efadc07-a8d9-4e98-afc0-d09a8b4f883b,006cf2a0-aba4-468e-933a-b50f8c76a23f,sms,2026-05-25T18:07:56+00:00
82a8574b-98f3-4732-bc8b-0e1ac7ed46e4,0efadc07-a8d9-4e98-afc0-d09a8b4f883b,08a3481a-550b-4bbb-82c1-55804ba01127,sms,2026-03-29T17:40:36+00:00
e84c9353-ba23-42b2-a986-1187ba09f3f1,4f223670-4ff5-47cd-b293-310b24e4cd11,0d63423b-88a8-461b-94f4-e18357eba2f3,email,2026-04-09T19:04:12+00:00
df677bed-5dc7-44fa-b68e-78ad6a229be8,7308e92e-55b4-40e0-bef4-6419dc7eed0b,089faa8b-1b06-449b-905d-977d8b88b69b,sms,2026-08-05T14:58:36+00:00
727633fd-803c-4d00-9a25-5db19a116aec,de820541-16f3-416c-bec0-340ef64ac306,57d2ea34-ccda-48c1-82da-d0d973b20d87,email,2026-04-21T15:45:39+00:00
6533e873-1ad6-4795-98ca-9ed4f200a05c,de820541-16f3-416c-bec0-340ef64ac306,d70b90fa-8a9d-408e-b442-7d148a6095e5,email,2026-06-11T04:37:03+00:00
42898890-c75c-4fa3-8ad6-0ae0b53b01de,d9c0d3ea-6073-4d89-aa5c-e440e14afff9,dce19236-e6ac-4b25-8861-f9bf621963fd,email,2026-04-01T23:25:09+00:00
8622513d-5dff-4d7c-a050-33cc1ebdbc06,7e728688-5823-416f-b8eb-2fa0a142afd4,e5d66484-0921-411a-aecc-60e791695a29,email,2026-05-12T20:13:26+00:00
34b68322-f5f5-4908-acde-6115e0661ca7,92575fd8-6344-478b-af64-e5a09e3bab1f,bacf1c32-002e-4d62-8c6c-221609513f2f,sms,2026-04-03T22:21:44+00:00
2f70d3c5-2f48-4242-a1d9-c27d2f0b73f3,92575fd8-6344-478b-af64-e5a09e3bab1f,ceb5b100-6d16-4a2c-a1ac-94145b871907,email,2026-04-25T03:46:26+00:00
3d2bf46d-c71d-4534-9ce0-b82de6663ee0,8ab0a274-0bfa-4eb7-89c9-15079d34061b,2e0927d6-79bf-4b1c-b9d9-5d2847205f9d,email,2026-04-09T00:03:04+00:00
674a0724-aa06-47ea-97f1-3cf29e78e3bc,5fa677e9-605f-4e8b-8700-ec6f62d5d672,e67d37fe-aa3a-4812-8a3a-0cad3700d22f,email,2026-07-05T08:11:47+00:00
b91a753b-1c9e-4252-a06f-b025531b7837,5fa677e9-605f-4e8b-8700-ec6f62d5d672,c76f1c0b-bf00-4af7-84b8-6ec1e8252901,email,2026-06-09T17:21:40+00:00
3c09bbba-a69d-43b0-8d45-50651dcdb271,335acf55-3d4e-4b0b-a061-2cd53fc7d383,093a360d-63cd-446f-8cc4-cceafcd033c5,email,2026-04-30T02:21:50+00:00
886b1aa4-f352-46ba-83bc-acb3da0b07c0,335acf55-3d4e-4b0b-a061-2cd53fc7d383,17b21723-fa8f-407d-8126-f99b09b1578a,email,2026-05-25T22:58:37+00:00
17092d06-19fb-4047-95da-862ef29d4475,335acf55-3d4e-4b0b-a061-2cd53fc7d383,caa94dc0-81be-4dfa-8bc4-fa28c1ea5e7e,email,2026-04-10T04:47:32+00:00
d3ab384d-ac64-4a7b-a93f-1d5e50755a8f,0a1cacaf-75ca-40f4-9f58-1c0279a1778e,3ae23a73-75a2-49e9-b24e-8c3459016993,email,2026-05-31T01:46:34+00:00
5dc5f583-fa59-4e49-a80e-c1714cac660f,ad81ca16-67fb-4b64-a9af-467c38c3a8e8,27de1447-4949-4ba1-94da-511dcf33e97a,email,2026-04-11T16:46:10+00:00
793e6604-6836-421a-8fc0-3365563c0120,532ba48c-e0eb-4b2f-8e92-0b6898354b44,fda29f93-a3e8-4fb9-84ba-b9b7b56ec5c2,email,2026-04-11T04:32:27+00:00
907a83f3-7140-48cb-b6d1-8921f0688415,4c266862-f246-446a-9f99-7a255451d48e,27d6298d-2568-4e4c-99dd-0f0d3e043508,email,2026-06-29T03:38:16+00:00
b4fc5c4b-6c15-4dc9-8dd5-25e344759f79,40b17353-602d-4b49-90fb-bb8e4f2227e1,fdf80e2a-8b01-4d79-a8c3-3ea29134c88c,email,2026-04-24T17:26:49+00:00
406f15eb-ef25-4145-ab64-369589f2594f,98a11485-5e29-4d7c-8ec7-704f738cedda,d4e30b6e-aa93-40ee-8750-e1f001abcea7,sms,2026-07-20T08:22:26+00:00
aeefbb2b-8871-4ec1-953c-6aa581f4b485,2ff6c5b0-cece-4b7f-ad76-afc805913ac3,1c0c4b2f-60d7-4b18-b6d0-96a64e9d85cf,email,2026-07-31T09:18:24+00:00
5c1f1c36-703c-4b19-aaab-4086677a3224,f1ea282c-50c5-42c0-915c-f83bdc4d0706,27de1447-4949-4ba1-94da-511dcf33e97a,sms,2026-04-22T09:32:27+00:00
46c62fd1-6ed6-4bdf-9f42-27c0ddebca32,f1ea282c-50c5-42c0-915c-f83bdc4d0706,f179f796-27a1-4c7b-8711-7b339b16ef77,email,2026-05-08T03:01:39+00:00
8fea434d-162c-4f9c-8ba4-873c28389cad,b86569b4-bd59-4a90-b7bf-577cb1d2c350,484b4933-21fa-4a46-904b-33017ff3857f,sms,2026-04-19T05:18:08+00:00
fa3d5c23-35e0-4a30-8849-5615f3461faf,e0c8a7e0-d3d4-4368-a710-3407de0d38ad,633e35cc-49f2-45eb-961a-e210bcd9d073,email,2026-04-20T08:25:24+00:00
86911b13-61ec-4def-8dd8-0f9780ccd3c3,1ae46d34-1254-47e6-8985-065ce56f5dcb,e7f25965-2024-4c9f-a575-caa1e7bc13df,email,2026-04-22T11:10:41+00:00
230773e1-8ac5-40ff-b8e2-a836cf514f84,8fddf1eb-98d9-4806-acfc-2d4f303aa5fa,089faa8b-1b06-449b-905d-977d8b88b69b,email,2026-04-20T10:30:22+00:00
39c21add-d758-4197-80be-2dd4e030cf95,ec1f94c6-c90e-49b7-b92f-df97beb21fe2,bb3f9ce6-0a1f-4b57-afad-55266a6686f8,sms,2026-04-26T15:19:26+00:00
614f1cb6-9d4a-44c5-8338-898be249f838,b98097a0-35a6-4506-ae87-fdcebbc4d7d9,9a74e82b-9309-4739-ab1b-2657a686ca16,email,2026-07-14T20:42:13+00:00
7aca2737-787c-4fb9-a1be-3fd83e0359d1,a257f378-6d94-4c13-b237-5a40798d21ee,1d60fe82-43d3-41ca-b4b2-47f71aba1916,email,2026-05-10T16:24:07+00:00
ece4be75-e0dc-4d9b-9992-257978173e87,a257f378-6d94-4c13-b237-5a40798d21ee,75f5c0c5-ff4b-4a5e-9cdb-236c8398b4e4,email,2026-07-28T07:21:53+00:00
d64bc7f6-d658-4e39-98ea-622f8f75c0af,a257f378-6d94-4c13-b237-5a40798d21ee,c0856bc5-aa1f-4d9b-908d-b8dac1c3d5ee,email,2026-04-24T04:00:35+00:00
13f0d1b7-4f45-47ce-b24b-3ee079f9e57c,a257f378-6d94-4c13-b237-5a40798d21ee,8a838e5c-8a35-419f-8644-90ed955ef714,email,2026-06-03T02:56:02+00:00
09814fd0-81d7-426e-be2a-91221d533154,721a9588-c4f4-457e-a19b-bf1ff17621ac,df9804a4-8ed1-4ab2-8cd9-b6c44f18f067,email,2026-04-29T07:59:44+00:00
88822777-2b2f-42b0-b1e9-8490b12ea3df,721a9588-c4f4-457e-a19b-bf1ff17621ac,1cb0a5a8-ec45-4495-baee-7a23a8d035aa,email,2026-05-14T07:58:43+00:00
2a93849a-64d2-4e43-a445-695da00bc078,ffb774b7-7f6f-4e40-9ad9-65b36b7b8daf,594a9fe8-338e-48b9-bf94-45ec42062580,sms,2026-06-23T02:17:23+00:00
848a3065-e457-4703-92d1-0e99da0bfca6,671447fd-c3f4-4f93-b409-7d27ac47bc4c,1cd103c5-ca45-4990-b0e8-9aeda141fced,email,2026-04-29T04:56:05+00:00
d3167592-bbf4-4983-a1e6-085393ace9d3,202ece85-dec2-42e2-9844-3517b2f5c6b1,6fadda54-a15d-4010-be7a-2f23d4461cf9,email,2026-05-12T23:37:13+00:00
cc3f8a25-24c8-4a16-949c-8f27640a6eb6,3d5358e1-f214-45d3-a70b-08550231dc23,3b30a6e4-3c57-4bbd-9b03-022e7facb880,email,2026-05-01T09:08:13+00:00
e61fb6a8-df82-4e29-8d95-48421b2a3a7c,d8286a49-3e94-4182-8696-bb6739620663,b371ce5e-bc61-471a-9390-abad4474dcdf,email,2026-05-15T20:37:27+00:00
1caf6a82-8a78-40bb-bae8-a501c36591c0,c93244b8-355b-4979-8cb3-f29877e45377,69546e0c-13bb-4597-8ce8-09cf53b9a4ff,email,2026-05-03T04:14:04+00:00
64c11503-4197-4f3a-b001-0860c2dd638f,c93244b8-355b-4979-8cb3-f29877e45377,26d61dc5-0b03-4c16-8a64-7afeba92fecb,sms,2026-05-02T12:47:28+00:00
fdb15576-3f83-4c92-b245-064696fd9c20,c93244b8-355b-4979-8cb3-f29877e45377,254f7afb-a845-4daf-b94b-a34157af1df2,email,2026-05-03T09:45:24+00:00
05c2429a-dbde-44ed-8d37-ab8d6a967ec3,6bda0685-b05d-4ef9-8eff-43c1a019e608,8b2968bf-8ea1-47c7-9c02-7ef1cd908f61,email,2026-06-15T10:25:33+00:00
ad43e7c9-c45f-4654-a3f4-ef01babd3197,6bda0685-b05d-4ef9-8eff-43c1a019e608,323eb581-df66-495e-b4c3-b8d51316dccb,email,2026-08-20T01:51:05+00:00
c2bc14a5-ebd7-4654-aa1b-a093300d1e16,6bda0685-b05d-4ef9-8eff-43c1a019e608,21dd7dab-b91b-4dbb-ba29-ae9efd5f3f45,sms,2026-05-06T01:34:09+00:00
4dd2fdf0-6656-4d04-8e0b-de29edada881,6bda0685-b05d-4ef9-8eff-43c1a019e608,df691f30-136a-487c-b5bc-1071c74717ae,email,2026-06-01T21:44:39+00:00
321812ae-d661-4964-82a5-33cfdd675436,3dacb498-3be6-4091-b125-4c35f45ce264,6423836f-839b-4455-9791-d85c98ea5f5f,email,2026-05-13T21:50:29+00:00
340911c0-4dcf-431b-8727-068777368830,353015bd-b02c-4f8d-bf25-9f030326bae1,c6fd42f0-6060-47cf-a8e8-e24dcaee7d26,email,2026-07-17T07:27:25+00:00
b6715376-f1ca-4d37-a7ba-0304f43851bd,44cdb7a0-0954-43f1-92fe-13d05c4ec4d1,50ea7e0c-7da9-4f50-8495-8e484fcefdfd,email,2026-05-08T13:52:02+00:00
0cc33ba7-57a4-4abb-b53f-18d3101973bd,c8291701-f9b1-4381-8f09-de8e3adc677d,37b056fd-db76-44e8-887c-28d49a739c21,email,2026-05-18T17:37:40+00:00
09d59dad-be0b-4975-991f-02fc43cdbb78,c8291701-f9b1-4381-8f09-de8e3adc677d,20643c6d-5091-45f4-96dc-2970aa107c3a,email,2026-07-20T09:57:42+00:00
7bdc25c4-edad-4644-a39b-e87202214361,8cd0019c-c4bc-4899-823c-66db6e3be0f9,eebbf0ad-7bc9-40f9-a39b-9952f8048f24,email,2026-08-11T06:39:33+00:00
87ba5b38-6b96-4744-b1d5-38927ed75964,8cd0019c-c4bc-4899-823c-66db6e3be0f9,c88efa62-e4cc-4ce2-825d-a2d3bda7324f,sms,2026-07-17T03:13:50+00:00
78a64f86-882b-4b42-92f1-8c3cffc670f8,8cd0019c-c4bc-4899-823c-66db6e3be0f9,501e8ce4-ec88-49ee-8091-df9797903b55,sms,2026-08-04T18:54:34+00:00
eff8081c-4a64-41ba-8526-39d8680cc70b,9e405bb3-945a-4306-9b67-64b5f2e7008f,6760b35f-d3be-4df1-b9bb-dcc8d7227291,email,2026-05-11T17:26:26+00:00
7fac281d-07d0-43b8-8d7f-da4d6202aaa1,82a72c21-0d65-431b-8cb0-8ee40ce733fa,87144f65-cce8-4440-b1c1-92d6c4ad5ac8,email,2026-05-14T05:07:09+00:00
365787c4-4d4e-4799-8ada-743e2916b0f8,8f1024cb-d5f8-4bbe-a4d5-9fcd3c0888e8,f04a183f-150b-4c94-add4-8f70333e2504,email,2026-05-24T07:10:31+00:00
c313cb13-a791-4798-94c8-4137a51b88fb,16a66042-10cf-45cf-96c5-d825d231361c,f7318ac8-5529-4cd7-98ea-c6b5c629b8b2,email,2026-06-18T22:28:43+00:00
3b1ab740-4506-4da2-9f59-93008b3b4edc,16a66042-10cf-45cf-96c5-d825d231361c,9b0f4215-bb92-4800-a8ee-8b3a7bbf2ee1,email,2026-06-05T13:03:46+00:00
9498f7b8-cb83-41ef-ab5a-541b7cb8c74d,16a66042-10cf-45cf-96c5-d825d231361c,fda29f93-a3e8-4fb9-84ba-b9b7b56ec5c2,email,2026-05-08T19:26:25+00:00
7aa6a3e7-4627-47b0-8c0c-73023e4c5adf,16977cbb-378c-4a3c-87d2-4730099d27ca,dd31032b-6dd2-426d-bfc1-f03e9f5eefa1,email,2026-05-08T11:54:47+00:00
a42f0659-b916-4c57-93c5-b3b896e6ae99,b96f1e84-489e-4162-99c0-ccdc52e6e012,1d60fe82-43d3-41ca-b4b2-47f71aba1916,email,2026-05-09T18:20:39+00:00
5f20203b-31b9-4118-befa-364db7ebb75c,852c1199-28e1-45ad-92a4-f7712502c677,1a6871ca-4c9c-41a0-a153-98abff494d21,email,2026-06-21T04:23:28+00:00
9af93760-e5bf-4800-b113-a2178b2d8e9f,85414ba5-964d-42ee-9b0b-87407f29dbde,b7a58a43-0e8a-4989-9cc2-a17e019034c8,email,2026-05-09T08:00:30+00:00
73a9fbec-9c06-4118-8826-66b2a9c0c7e9,85414ba5-964d-42ee-9b0b-87407f29dbde,7759297b-afe9-4b95-8e56-6c553c734e03,email,2026-05-10T13:06:55+00:00
c2b0cb5a-81a6-410d-aad2-5c073044032c,abf020b0-7489-438e-a281-640ca961e37a,40b381d1-9fae-4307-9737-cc332f541b94,sms,2026-07-08T12:57:26+00:00
1dcbf980-6167-46e1-8040-4d803e8c1106,ebd589a9-e1ef-4016-9234-b71c4bcaf088,c76f1c0b-bf00-4af7-84b8-6ec1e8252901,email,2026-07-29T15:56:30+00:00
6810c9f8-74ab-41cd-9788-ebef1226db5d,0af9596b-30bf-4561-92cd-ddcd87b27de2,cdb4ace0-6ea2-498d-90e8-2009a10848ce,email,2026-07-15T23:13:05+00:00
7d0e1d3b-f728-4738-8ff1-7869e80ddae4,672cb9a8-23b2-417f-8f10-6417df21a9e9,469cafcd-e935-4706-a180-dbcf0d46cd05,email,2026-05-21T21:59:24+00:00
51952434-3658-49b0-8159-1371a89dfa4c,cebe3427-98f1-43dc-9dd8-0a9f3529fac1,e4ea0bbe-fdc0-4311-bef4-bcb809a9a630,email,2026-05-14T08:58:58+00:00
3ad5103f-f0ce-4c03-bfb9-9a795bb1c333,d0514f5c-fb8a-49dc-b9e8-862c4e74dff6,5d1a62df-3bdf-4836-a4d0-5dd139fc5e81,email,2026-05-16T06:13:56+00:00
a21afafe-d2b4-449e-a007-ef1d06a94f11,0da087fd-436d-410d-9a4e-7afcd565e262,a0dc85a3-3764-409c-83f4-50635837ae0f,email,2026-05-17T02:47:47+00:00
414dd5db-ad20-4f6c-a29f-33d41cade53f,2d0533ff-7d28-4c59-ae69-9c151773685e,42ddf256-149e-4757-b88b-4e24c8e6cb76,email,2026-05-15T18:38:59+00:00
e07a9a6c-5de5-458e-968c-64454005ec4f,2d0533ff-7d28-4c59-ae69-9c151773685e,081ff1ec-6b6e-4345-b592-685440228bd4,email,2026-05-15T22:24:12+00:00
ccbec0bd-c10d-4d29-97f2-b538464c7c01,b084e948-4c7e-4b3c-b686-2edc4a6e4e90,cf7bc542-a4a8-4473-9640-41c0acb7aea5,sms,2026-05-16T07:08:18+00:00
94b5a985-37c4-4528-a232-686cbdce22cc,36374763-042b-4005-8a6a-ca3929387005,8d0a4127-34d4-4cb0-ab2c-8a44732c4636,email,2026-05-17T21:22:01+00:00
8a7cd34c-56d6-492d-9894-7b1f7fa83426,88d00987-2374-49cb-91c6-3254fad3ae4e,dd6a0ad5-cbc7-4d17-8a8a-229cea78e52b,sms,2026-06-28T16:29:26+00:00
6825eed6-1089-4204-86c2-2858167855fe,88d00987-2374-49cb-91c6-3254fad3ae4e,bf6c0e33-5fc6-4e92-8a2d-83065bf149c4,email,2026-05-16T17:53:46+00:00
b4aae77e-8e74-4042-96d1-65eb0b3c7d36,88d00987-2374-49cb-91c6-3254fad3ae4e,acecd3bf-b042-4b84-be29-27585dc68137,email,2026-05-16T22:07:48+00:00
c7a5c832-e79d-4eb0-a4c9-3b119d9739a4,c6ea7d97-6cb2-4ac6-93cb-5f2f238da519,47de6634-f271-4dda-8c9a-4cb60daa2a03,email,2026-06-05T10:38:31+00:00
5b062bd3-8884-40dd-b6f8-075255394c89,c6ea7d97-6cb2-4ac6-93cb-5f2f238da519,ded797b6-afed-4f9c-8ae0-35b3c61aa0e4,sms,2026-05-18T05:48:01+00:00
d2a0f9e9-7077-4e09-b9a1-39e59feab8f2,7cb8f336-170d-437f-a097-b970c5d80b67,91848802-a58f-4fc5-939d-8395eb0c4868,email,2026-05-28T01:52:46+00:00
941aec43-bdcf-4a6c-9abb-f6e446b4d605,a2ed0f5d-3df2-46cd-99be-e5535ce5ffdf,ba1fa7b7-1ba1-4dcc-8cde-7e8038432e3d,email,2026-05-20T16:39:17+00:00
45a77408-4d22-4755-8b9c-366d00606780,6b651abb-8e9a-48ca-bc26-ba8d70a6eff8,eb2b14f9-1a3e-4de7-a5b9-77d125f7966d,email,2026-07-22T22:20:04+00:00
1052b32e-b89a-499c-88c7-a870dda092bf,6b651abb-8e9a-48ca-bc26-ba8d70a6eff8,dd31032b-6dd2-426d-bfc1-f03e9f5eefa1,email,2026-06-07T02:15:51+00:00
c2634d3e-d5df-402f-a6e9-30bf5fdb7a1d,b62aa789-6c4c-4622-b974-7dcf9b5aaf9c,ca9eb7cc-b0b4-4109-8c12-f728c1c22bd2,email,2026-05-19T23:07:40+00:00
9539200b-225a-46ac-a09a-068b270a8083,bc4110ae-854b-4758-a3a4-e7a759e46796,e294d7c5-9f72-4226-9091-d2cf6c147a17,email,2026-06-02T07:56:44+00:00
e8a283c2-6605-40e3-92d3-6c43b4e8a49f,b94f60b0-de02-4cba-9694-c1415076555e,27de1447-4949-4ba1-94da-511dcf33e97a,email,2026-05-19T19:24:40+00:00
c2c7fb98-d479-41c4-b9ab-ac028196bfec,98423447-452b-42aa-9b9a-3aca94a1d8a5,f87b345a-0777-46fc-865a-b76dacc1e90a,sms,2026-07-20T15:18:57+00:00
d4d1cc45-00c0-4aa8-8af6-1fd6209dcdb4,2a860067-86a2-4760-8eb0-491c537a3023,3c4a47de-e63f-470d-a750-5453edea905e,email,2026-06-15T23:00:10+00:00
03fbc733-8276-49f5-bdb4-4c5aea462c16,2a860067-86a2-4760-8eb0-491c537a3023,a4435821-88f2-470f-8792-58ce92993496,email,2026-06-29T03:59:49+00:00
3c7b8ca2-3495-4403-98a0-b42d9ce4f981,2a860067-86a2-4760-8eb0-491c537a3023,b0498d7c-841b-4a0f-8ec8-dbfc1353b9c1,email,2026-05-26T13:05:27+00:00
eab01ce9-a913-41e8-927e-8e7a677f290a,2a860067-86a2-4760-8eb0-491c537a3023,f49e78ea-0b5a-4e38-8d8e-fecf93a3488e,email,2026-07-19T16:22:51+00:00
3d2b7048-69d3-45fe-b712-eab95e9a6da6,2a860067-86a2-4760-8eb0-491c537a3023,cbcba9e3-129e-437d-adc8-13aae5e788ac,email,2026-05-20T16:38:29+00:00
35e9f479-bb11-4b53-8a63-09f7e5741972,2a860067-86a2-4760-8eb0-491c537a3023,6dfecb7f-63bb-498d-909f-4cbd7fd015e7,email,2026-07-28T15:32:37+00:00
f24990ba-7725-4095-8e53-ad25b7a59593,2a860067-86a2-4760-8eb0-491c537a3023,f1a0ec25-92c1-456d-bc62-93f211e3df90,email,2026-07-20T02:36:44+00:00
71634d81-2f11-473e-8127-a7964a2446f3,295ec4d3-ebdc-4972-bd4d-8dcbac743787,ff1dc571-d626-480e-b098-a50d60c896af,email,2026-06-05T01:29:49+00:00
43325a5a-ecac-4785-89ae-5e870bffd003,497bbe03-697b-4290-aa4e-156939e5e016,8bf8ea9f-72d9-48eb-928d-e17012efd91b,sms,2026-07-24T08:32:36+00:00
0a9529e1-ba2e-4088-b32f-82a6498ba6e5,fba5683f-a079-4229-aabb-90d95d2c6143,a1e2e693-3bde-4f70-9281-01259889ee69,sms,2026-06-02T16:59:14+00:00
c909e651-2295-4a41-aae0-cf5e70b060f4,e98d1311-9274-4c7b-a9ee-19d2b9751d45,b2e205f3-a921-447a-b55e-53d5b2d86de3,email,2026-05-27T23:55:57+00:00
23ba5001-c282-4670-92d3-b7b79a146396,e955eb90-b084-4660-ae06-168c51b01d40,a19bafd9-3016-4b80-a1e3-e000719c6291,email,2026-07-26T20:01:31+00:00
33e70e95-b14b-4fe1-89c6-6cb8ea4f7434,fa98bd50-2087-4a46-ae33-c27e74630d14,e65dbaf8-02e5-4e0e-a975-b67690763c60,email,2026-05-25T19:40:31+00:00
7715bbb3-0cab-4da2-aa1c-fafb9891b478,fa03dc5b-9527-4f53-be9b-2f4744d4d421,af42af94-15a3-4883-9130-24839fed9a09,email,2026-08-29T19:26:29+00:00
f7a2fa1d-8f37-4660-b55e-8bcc9a6eed6a,dfc4ca35-735b-420f-8eca-6822561a6f7c,43dbd776-bd4c-4ef1-933a-59af47a589b5,email,2026-06-26T07:41:42+00:00
31e5e9d4-1fd0-49f6-82b8-8bd0d9a60ece,dfc4ca35-735b-420f-8eca-6822561a6f7c,6a1f02ee-4734-484a-9340-301d6b261f57,sms,2026-08-11T13:11:12+00:00
955f05ac-f118-4f5b-be1f-44ff70887379,dfc4ca35-735b-420f-8eca-6822561a6f7c,eebbf0ad-7bc9-40f9-a39b-9952f8048f24,email,2026-05-28T08:32:48+00:00
09579517-4a46-4ae1-aff5-df00c681600d,dfc4ca35-735b-420f-8eca-6822561a6f7c,f7318ac8-5529-4cd7-98ea-c6b5c629b8b2,email,2026-07-02T18:14:45+00:00
a1a05923-e0e5-47fe-aba3-4c695d89a2dd,dfc4ca35-735b-420f-8eca-6822561a6f7c,b5c30eb0-cc41-4812-a25b-a2360d81178c,email,2026-05-30T10:31:53+00:00
7cfd0b7a-566c-4ce9-a771-56a0b4d9572d,792166b4-0127-47c4-b01e-7e6be81c92fd,23a55d2c-5ac7-43a9-a6a4-20734b79d7ae,email,2026-08-24T02:40:26+00:00
227af771-46fa-4591-ba23-4731704dfed0,7a955753-58f4-43a3-bf76-2d736fc55a2c,cb3f27ba-7b73-4263-a8df-7fc52f4ac105,email,2026-06-21T18:42:35+00:00
fc644538-de65-4e3e-be6d-9ce77fc7691e,e0205bcd-759b-4487-92a5-bd89f02e3647,bc0e5868-3a1d-4493-ad13-df81dcf8102c,email,2026-08-21T06:33:09+00:00
ae2f2940-5982-4b27-9494-90bc251ae53e,1652aada-1d5f-491e-85d2-e733532a43a5,adcf5b0c-a9b8-4599-8c22-a281a999db7b,sms,2026-05-30T06:26:00+00:00
23e322e1-c9b4-4a0e-8e42-4a562136c54a,1652aada-1d5f-491e-85d2-e733532a43a5,7926d7b2-835c-4a6f-bf2f-3e38d4db3419,sms,2026-08-09T00:43:56+00:00
310e789e-6d48-4ebf-8caa-0c8ad319f662,1fdc0a4c-2bc5-42a1-bb62-bdb65e6b03bd,95c27d41-572b-4b7a-b3cf-43833c5680e5,sms,2026-08-31T19:21:14+00:00
290811ce-bbb4-4925-86e6-e6f1904d8d5a,1fdc0a4c-2bc5-42a1-bb62-bdb65e6b03bd,51910d94-7df2-4595-be53-5b43cb379762,email,2026-05-30T14:04:34+00:00
30b3c4a3-291e-496a-84f4-60715b54ea0a,41f8b160-15eb-41fe-a16f-01d936094246,0c75c528-0777-4d48-b0e4-87ab07dcd5a2,email,2026-08-28T18:52:57+00:00
0435c494-08bf-4b89-8644-e8f997410f03,41f8b160-15eb-41fe-a16f-01d936094246,e294d7c5-9f72-4226-9091-d2cf6c147a17,email,2026-08-17T21:07:05+00:00
d83f1ca5-4794-41e1-8a34-66d27ece940b,01f91ba7-043f-41d8-b076-ef72e4bf1283,37390ee9-6f2d-4d2e-b299-70e58443cd04,email,2026-08-19T15:53:06+00:00
859b8735-2fd2-4651-a4e9-91133e4c7a5d,4bb61f41-e779-42d6-b09f-1e959eff4bb2,51dac652-9517-4e31-b9c9-905c3968e085,email,2026-07-11T08:22:07+00:00
72af3314-56fd-4f47-ad3e-deef709bae4f,ac5a1535-aeab-4c71-bdc0-33bfddbc0b2b,d4753420-55e3-4598-a047-da09e69fedd7,sms,2026-06-05T08:51:39+00:00
071cbffa-ea6d-4c0d-aa50-5f6a6ad8096a,146fd751-4ee2-4662-a289-db7483e9826d,6f258066-979f-4da2-bba0-720da942d710,email,2026-06-07T03:59:41+00:00
cd8b34e6-e770-4a37-b25f-ebbc3344820b,d235ecd0-8b78-4359-a79d-b7a1e747bcf0,eb37e445-ad15-450f-aac9-165635b7ef7b,email,2026-06-07T05:09:25+00:00
c0328833-50b9-4731-9dfd-601f5116a53f,c9044d71-e507-480f-9558-c430d1e553fc,99348a51-08e9-4760-8822-b2f8debef37f,sms,2026-06-10T18:52:32+00:00
e2f4fb0c-db95-45cc-a5e7-fc5d62d038a3,4134ba8f-4c41-4bf7-9aa9-9fb73ff62df6,bdd3bd04-7e4b-4d82-816f-dceb5fae55ea,sms,2026-06-30T14:05:48+00:00
33b1519b-d4ff-4f60-8725-6197795f89ca,f2813ba5-c073-40e3-aae1-9fab864f4b9f,20be0228-dff5-4a8a-9078-9f3e013731d6,email,2026-06-10T19:30:20+00:00
15dae7b5-79ef-4f2d-a711-c2186f0eca9a,8c400407-3e6a-416b-8e9c-3b7065358894,876215b5-4c2d-4c0d-86a1-ccfafdee1101,email,2026-06-15T20:04:48+00:00
8188e5d3-264a-4980-82f4-7b9337fae435,2a1caa72-dbdf-4f23-b91a-42a660ffd24a,189077b3-db48-4236-959d-98880fad6d57,email,2026-08-10T16:46:27+00:00
86aa8979-1811-4c13-a37c-efc0da2724ac,2a1caa72-dbdf-4f23-b91a-42a660ffd24a,3e7caac0-1ca6-4783-9a3e-0aec999045f7,email,2026-08-16T01:27:41+00:00
bc004621-f43e-44c1-8f28-9e0e0235ff3d,c5314b3d-fe49-44b7-b586-c95b9a02df1c,01ad5d19-51ac-4277-bf22-13bac68b5a71,email,2026-07-03T23:27:07+00:00
bafb6af4-f3cc-4c7c-ade8-54f01d1fab47,c5314b3d-fe49-44b7-b586-c95b9a02df1c,c08ba214-af45-4563-93bb-a8e532a24418,email,2026-06-13T03:12:27+00:00
68f8e265-6c29-43a9-bc17-8b14b6abf27a,c5314b3d-fe49-44b7-b586-c95b9a02df1c,ae8523f3-49f1-45d4-ab29-0313676f12d0,email,2026-06-20T00:37:37+00:00
cf4bd438-7445-4da1-9354-4f228573ef45,8141163b-595f-46cf-bae6-b4c0af0b2e60,16a2805a-f042-40e2-a4f8-2002ffbe4cf8,email,2026-08-18T13:09:09+00:00
2944fb18-9d5a-490b-abdd-5b92cb08db98,d1a94b84-82ec-40ff-85aa-e4ee81897154,22b1d57e-427b-4075-b871-f3a5bde40fbe,email,2026-06-21T06:39:57+00:00
4f3c7cd8-0504-4028-863d-b11dd9bddaaa,af9feee7-7005-4d98-8a66-17bb33aaf4fc,8d9a7d65-67f7-4c3e-b3ec-57b9652f01a1,sms,2026-06-15T10:32:58+00:00
95a79132-693d-46ba-bacb-94cb71b2013b,b1a4dc00-3fdc-422f-993f-fc27c30b1681,c0856bc5-aa1f-4d9b-908d-b8dac1c3d5ee,email,2026-08-01T14:39:16+00:00
7616f9fb-c5e9-41e7-961b-e22541168269,b1a4dc00-3fdc-422f-993f-fc27c30b1681,5b98a245-2472-4236-8b6a-d34d8a01ce2d,email,2026-08-28T05:45:14+00:00
b9649fac-e703-495f-b900-9a9330efdc38,b1a4dc00-3fdc-422f-993f-fc27c30b1681,427e62af-c795-4132-8cf3-9c85f803508a,email,2026-06-25T18:49:32+00:00
3c1d4ccf-da29-47fd-93af-d4aa389f62f4,b1a4dc00-3fdc-422f-993f-fc27c30b1681,7275315b-de5e-4c67-9b01-11b25728750a,email,2026-07-26T21:33:12+00:00
bec4861e-7ae8-4940-849e-c11d744bda00,31f72841-8af2-4875-94db-2fac941b1ca3,8d9a7d65-67f7-4c3e-b3ec-57b9652f01a1,email,2026-07-25T11:31:50+00:00
773d3ca3-9a58-4983-8a25-588fc1bf5a48,d9d989f2-344d-44c2-be22-b458df17d9b8,0d63423b-88a8-461b-94f4-e18357eba2f3,email,2026-07-17T14:18:48+00:00
a1d51327-87db-4132-bf4b-431fdb8fa1d7,56d7332d-0ca4-4775-9ff9-3a4041d06075,128acef2-f235-4b4f-9ba9-12cf0271ac50,email,2026-06-22T02:50:15+00:00
90da5de0-e034-4b84-a812-919dd0883162,56d7332d-0ca4-4775-9ff9-3a4041d06075,79f24b18-9bf0-4e1b-be57-3291ef518791,sms,2026-08-16T02:30:24+00:00
7c1ed8ad-453a-4753-ad45-c6d023b61e98,56d7332d-0ca4-4775-9ff9-3a4041d06075,c76f1c0b-bf00-4af7-84b8-6ec1e8252901,email,2026-08-24T01:17:57+00:00
6c76c278-bcd2-4ca8-aa5e-cc5b3b37eaad,56d7332d-0ca4-4775-9ff9-3a4041d06075,3faf19b8-adef-42c8-a07d-601db32b3f06,sms,2026-06-26T21:28:08+00:00
403b61c8-91b8-49a3-95fe-ac369df46aa8,24af5c56-a093-4396-96cc-d86918c44760,8b2968bf-8ea1-47c7-9c02-7ef1cd908f61,email,2026-06-23T02:02:20+00:00
15069042-d44c-49f5-a9e5-fa36b4ddf5fe,2d3ae7ed-8571-41c6-99b9-7c7877b19c37,1dcda15d-0c1e-4892-80a8-bfb7f3596889,email,2026-06-25T06:39:28+00:00
ad44ef17-2d47-445b-86e4-bbed3cd13642,2d3ae7ed-8571-41c6-99b9-7c7877b19c37,d103d768-2880-46ed-b2c3-6b7b04ebc1d8,sms,2026-07-04T00:09:14+00:00
37ffd3ae-2213-43ad-9a72-1bb116dfc0c6,6cf615b7-c298-40d9-ba23-f7882e581072,5635f843-b3b9-440c-a3b6-a80320986967,email,2026-08-23T09:10:29+00:00
781944bc-dbc8-4164-8b32-7366dd9ed5f3,6cf615b7-c298-40d9-ba23-f7882e581072,666bc6ff-a4ef-4446-b1f3-452d89ab9300,email,2026-07-26T18:02:52+00:00
b765d750-aeef-4208-b6a6-1e50c7d7a3bf,99856c0f-f25f-46d5-8a63-695a5d94ed40,3ae23a73-75a2-49e9-b24e-8c3459016993,email,2026-07-30T21:35:25+00:00
094effe2-a0c3-4d11-9e11-425f7a8b6050,99856c0f-f25f-46d5-8a63-695a5d94ed40,2ac3a3a5-640a-4b9b-a55a-419ce256fa53,email,2026-06-24T18:05:59+00:00
db40a5f8-1a7d-4b22-8836-73956720fa72,99856c0f-f25f-46d5-8a63-695a5d94ed40,c08ba214-af45-4563-93bb-a8e532a24418,email,2026-07-02T09:30:30+00:00
980f670c-b5e0-405b-9af8-ce4ab8407b24,bb3fc778-b961-48d7-b391-a128f442f2c7,dfb7e95f-260e-477a-a24a-a98cf163a43a,sms,2026-06-28T02:18:51+00:00
db645f03-8e48-4939-98a7-fe3bfa96cfe0,71e52e5e-70d5-4996-826b-40966fea4e79,495a3aa3-44af-4038-8197-d87257807cf3,email,2026-06-30T01:11:21+00:00
32946f89-85a2-4dd8-a15d-768661e03152,9bea7440-7b66-4be3-97a4-c59d73be1c0b,36d2e780-1eb8-4905-beb8-e2ebc5c6adb1,email,2026-06-28T11:45:25+00:00
800eb408-3704-436c-9073-68048ed03254,323a1973-f50a-4654-85e2-31dac322cda9,52d44442-4dbc-40af-bbe3-a97d1e165b33,email,2026-07-20T08:46:52+00:00
a72c563d-88f4-4e80-8027-88aac1956b8c,5c7e55c4-3c28-4f61-912c-e3e05ea43d32,21dd7dab-b91b-4dbb-ba29-ae9efd5f3f45,email,2026-07-06T01:54:22+00:00
be0d8932-153a-47d7-bc00-357ff1fe953d,8b9fa5bc-1851-461d-a04d-d93053259d8a,1fa4ca79-e386-4977-9032-f42a85558d36,email,2026-07-14T21:36:41+00:00
44846191-ff3c-4484-9375-a152376828a9,07964d82-44ab-4b83-97ab-e0c47e73bc9e,6e62d7bb-6bda-4ea0-82c5-87c508932975,sms,2026-07-09T20:17:29+00:00
92c7857a-cb83-4265-ac06-ac474bacbcbb,80ee69be-b240-45eb-87e6-dba6713662c4,b296b45f-615d-4fb5-8a3a-1c8e1a6337f6,email,2026-08-03T14:35:23+00:00
84d10332-c6e7-404a-8a7d-6bde5804b7ca,8ae3d1f9-e9de-4c8e-8e9a-93ce22876a99,a83115e6-95d7-4710-8785-ad490862eb1d,email,2026-08-11T09:26:16+00:00
b754f58f-06b7-414d-8e77-f6e41d6d744f,dc2edff6-e38b-4aef-8090-665fc193006a,06a5945b-2a25-4bf1-b0d1-578601aaab81,email,2026-07-16T21:32:58+00:00
17ae448f-4f30-47a7-9243-19169bde47b8,56363f5a-36b6-407a-98c6-afbc886dfd29,ff1dc571-d626-480e-b098-a50d60c896af,email,2026-07-21T17:31:28+00:00
12f57987-3de9-45fd-a1a3-73a0e8c21996,56363f5a-36b6-407a-98c6-afbc886dfd29,6dfbbf9b-099b-425f-a0b4-4d13ee683924,email,2026-07-15T09:26:58+00:00
5dd82771-1b52-41d3-b966-dbbd539ce7a6,9304e0c6-d43d-4e35-a51e-e22d3dde8708,99d52a61-bee5-4684-9df6-159e47cc27be,email,2026-07-22T16:50:49+00:00
b2d98ec7-bc53-4962-a2c5-6e10bffd6e36,3aa16875-dae6-450a-9ffe-be5004b51626,53cbc155-02f5-409e-90b8-e1d1b8a42be9,sms,2026-08-12T14:19:41+00:00
b4f3dca9-ab9e-4945-9966-6d3a764a6f00,164f73cf-f3f9-4f37-8b2f-a8672d0aaec8,5579985d-8b97-4fbf-89a3-3636d4a31837,email,2026-07-27T07:07:16+00:00
40396aac-9ed3-4d64-bd8f-13abc21f20dd,584475ba-6206-44dd-85ae-ddb025e81bff,a9cdac52-fb98-4fca-a99d-9127b6f2d083,sms,2026-07-25T05:40:48+00:00
71badb09-d7ac-48ad-b7dd-4e0025f38e10,76523ad9-620b-4649-8d3b-963e3256d884,eb37e445-ad15-450f-aac9-165635b7ef7b,email,2026-08-12T06:05:21+00:00
485132ef-c9d0-42ca-8417-03fc97bc2d9f,76523ad9-620b-4649-8d3b-963e3256d884,e099a97d-3a12-4986-9f7b-4929504bd92f,email,2026-08-12T21:56:29+00:00
5d5dc2af-dee9-4117-b14a-60b1af854fa6,870a3189-e99b-4d74-a1b9-bacf5658697f,b5c30eb0-cc41-4812-a25b-a2360d81178c,email,2026-08-17T06:55:16+00:00
1fad1696-365a-4b83-a7e3-82b83d55b702,c18335ef-a1ca-4712-ba7d-96eb0651582c,6dfbbf9b-099b-425f-a0b4-4d13ee683924,email,2026-08-25T09:04:31+00:00
7c068419-bfd5-496b-ac78-3ab7f623862f,6397fbc1-3a28-445a-9624-c814a387d548,94d89ccb-983f-49df-97a7-1886973331bd,email,2026-08-03T06:20:11+00:00
4d605c4b-fc0a-42c5-8818-02647cd3ddd3,6397fbc1-3a28-445a-9624-c814a387d548,4495e555-157c-430a-9288-2c59115408fe,sms,2026-08-01T06:12:13+00:00
e4b945c2-7a7c-4173-bff1-563a5f18cd8e,f315d986-c3b1-4f85-8e87-b0bbffc0a14e,0ade7a97-38bc-456b-952d-77f14e7154e6,email,2026-08-04T00:56:11+00:00
9f94f3e2-7bcf-4b9f-a95b-e5a867378f62,ce773135-8084-4455-9d83-31e921b6bdda,dce19236-e6ac-4b25-8861-f9bf621963fd,email,2026-08-07T06:16:14+00:00
1012a849-a092-4b2e-9af0-3af20a40362a,6f1ea6cc-7f11-41a3-953a-5b8d0608bf7c,ceb5b100-6d16-4a2c-a1ac-94145b871907,email,2026-08-13T03:00:13+00:00
43f50706-8a0c-4f32-a9c1-d69badc05add,6f1ea6cc-7f11-41a3-953a-5b8d0608bf7c,d789fe7f-6977-4b4a-91ee-76ecc7a7dae8,email,2026-08-02T07:35:38+00:00
ea21c693-65b4-46bc-8912-2236c18186c4,172fab4a-7278-4eb3-9f13-e393f97f51bc,ef612f5a-faa9-4654-9788-291f8ab7522f,email,2026-08-06T17:46:25+00:00
57cbb880-f391-4756-9fa7-c9bd4cfd9794,32f14a61-aaf8-4f5b-8f31-e273962b6db6,9683d7cb-c320-48ab-b91d-373a4a32cc44,email,2026-08-06T06:12:47+00:00
f2acac89-f8f5-497a-a9ca-e82f0976575f,c521b922-cb71-4778-99f4-3e9b68d8acef,b2fa8b95-5aab-4854-a682-06ac4d3c3500,email,2026-08-06T14:45:56+00:00
3f4ce837-c1c7-436d-adba-6bba7271488c,6f9011a6-36ee-41a4-89d0-60716aa1ffd9,5c16ef18-8047-4cc4-806c-4ef9df6de907,email,2026-08-05T12:08:53+00:00
67fe148b-f651-4981-adfa-ceeaa8a0c393,b4b19d64-8221-4401-a744-094f4af892e4,8d2b7914-36a2-4975-9e44-eacb4adeaa0b,email,2026-08-27T13:09:02+00:00
2f9d524d-e204-4901-a90a-2d50b73a17f3,751cb8a1-c85c-4e6b-b02c-317f5e7b3a6f,e76cf478-5afa-46e3-a39b-b02c23d6bb1b,email,2026-08-10T11:56:02+00:00
95b10fdd-da9a-41b1-93ae-a3537f90138c,7668dfbc-caf9-48f5-aefc-f145df55bc48,4f7d3f82-809f-4176-b3bb-245e659f22ab,email,2026-08-06T16:47:17+00:00
48d2da40-97b5-4c45-8789-798720758784,95269658-6c06-4699-9771-0ed4e443a282,69546e0c-13bb-4597-8ce8-09cf53b9a4ff,sms,2026-08-20T22:11:12+00:00
6ff9da41-98d3-41d9-a994-86498268229f,6a1833b0-7f62-4e76-8e50-58b9712e99bc,081ff1ec-6b6e-4345-b592-685440228bd4,sms,2026-08-27T17:03:12+00:00
f8405e63-b233-4167-a136-313ca3a4f2a0,75ab175e-bac7-4c1b-9ee5-3bf66bc76c71,f8d855a5-21a5-477b-bd26-6a8ff32c9563,sms,2026-08-07T07:58:05+00:00
b62e9802-5757-4f95-a8ba-8be70e7e47af,a6653dfb-f831-4a4e-9175-5054ec4af1c3,0a9a118f-fbfc-414d-a857-63246dad3ee3,email,2026-08-21T08:20:07+00:00
cb1c427a-fa4d-4dcb-9a57-675e6c970822,0dea2c71-3410-43c2-9d8d-bf47fa1c9e02,1df596d4-a79f-4572-9306-495047dbf75e,email,2026-08-14T17:59:42+00:00
0690b114-8d04-4551-8e5c-308184f9c8e8,acacc77d-16d8-4ba2-b6ae-3331b1fd3424,ffe376b0-b660-443d-9d11-cd993fa8abe4,sms,2026-08-16T16:53:31+00:00
52993eab-a899-4f16-a1ec-3bf7a98c696b,c63e5b96-d086-406b-8e76-7419865e0824,29f2c43b-7cbe-420a-a7cb-2ede9cf6dd4c,sms,2026-08-28T21:43:58+00:00
bcad6e77-75c0-4268-9f05-5a1a6f79bbac,08313407-d792-47f4-9be6-eab5dd2fe9d6,c60fc12d-ef3b-47a2-b08d-d35daaa0261f,email,2026-08-11T03:15:58+00:00
d5f2b5bf-a08d-4691-8878-f00afe06ddb8,af975237-a5b3-4f8b-9517-54920f91c908,3dc6ba51-e546-4e5c-8e8a-6d0bb4c42691,sms,2026-08-30T09:56:47+00:00
c09bf789-8d2a-4574-af8a-b1eb3c175882,af975237-a5b3-4f8b-9517-54920f91c908,1fa4ca79-e386-4977-9032-f42a85558d36,email,2026-08-28T18:08:00+00:00
04b42961-92f5-4c03-a515-24c168f05620,4c91863b-04f7-4c7f-b46d-5e63c79057a8,8a838e5c-8a35-419f-8644-90ed955ef714,email,2026-08-13T17:47:17+00:00
ffa821e3-44f6-45e8-902c-a076cac0a87f,4c91863b-04f7-4c7f-b46d-5e63c79057a8,fae53a74-ccaf-4f10-973a-023ba3016dfe,sms,2026-08-14T06:30:09+00:00
24ef026a-7351-419a-b67c-9e8fedd31d63,4c91863b-04f7-4c7f-b46d-5e63c79057a8,b387c825-7116-4b83-bd18-56e81111a5c9,sms,2026-08-20T22:04:06+00:00
85f3f925-b988-42a8-8a33-d9e0f1c0e80d,3b20ffa0-96d7-45a1-ba00-8dd02d1f1503,87144f65-cce8-4440-b1c1-92d6c4ad5ac8,sms,2026-08-12T16:00:02+00:00
d960ce18-5150-4c3b-a053-54c967486157,f2ca22d8-4029-4fbd-b257-3d3f455a6f56,94124252-c61f-4b05-ab17-fb467c898e0c,email,2026-09-01T08:45:40+00:00
8362b486-b638-49e2-bb39-c5d0bd2558b0,f2ca22d8-4029-4fbd-b257-3d3f455a6f56,10e5f889-8510-460a-b274-ff42a4b2a3e9,email,2026-08-24T18:14:40+00:00
8857ea26-f74b-4d41-a655-6a97b894a3ec,b57ad5bb-d023-430d-bc0c-c37488d823e3,3f7e714c-fb4a-44da-ac98-bf39d35e490e,email,2026-08-21T08:44:13+00:00
bbc4e10b-7026-4edf-9da8-8cbac8c9048b,1044ae4c-b231-415f-891e-b82500b854f7,081ff1ec-6b6e-4345-b592-685440228bd4,email,2026-08-24T21:58:57+00:00
74a93b58-bf4f-43aa-a89d-d6a60eb60853,a82329c6-b2f3-4952-8207-1ce113fa7652,f1c36ffc-5fa2-4aa1-a227-7f0aafef70d4,email,2026-08-29T01:26:59+00:00
959ed89f-dfa7-4c0c-9071-b6a35c394a04,8ac4bf24-7754-483a-9dfa-5b257b03de6f,4ebe2d9d-c6fa-4b8d-9722-091f249504c7,sms,2026-08-19T00:31:26+00:00
3b9ff2ee-0dd4-4fe8-87fd-b15ce4dc8260,55df7fd8-2a62-40e6-9c90-efb4cbd8f77d,f6e71fce-dd96-47bf-af78-97f8cfc698e0,email,2026-08-16T20:19:22+00:00
001e964a-3059-435b-95a8-5f57b918ae0f,55df7fd8-2a62-40e6-9c90-efb4cbd8f77d,f0975694-b83e-4f38-932a-48a07c354e6e,email,2026-08-25T02:48:27+00:00
a9f42a77-8b21-4e0d-b3d0-4427ac946d98,47181725-dd56-4c5b-9617-07d06f4fa294,cbeb0053-cbef-4e60-8755-1445364e1ffa,sms,2026-08-18T00:09:54+00:00
201373ab-76d2-4347-a224-1fde021f409a,a09b1a16-0d10-4f20-875c-9a0db0fcb551,eb2b14f9-1a3e-4de7-a5b9-77d125f7966d,sms,2026-08-29T02:15:40+00:00
5a795cd8-f66f-4762-9d84-1e9036a8fea3,20af1063-fd50-4255-bd49-0cee40fa21a7,f0975694-b83e-4f38-932a-48a07c354e6e,sms,2026-08-26T10:40:42+00:00
e1db48f8-8f21-4334-b895-0050e3dd7312,3f7f26d3-a27f-46bb-b8f1-410a45ebfff4,1ac6ee78-e266-4507-888f-5c047d74ca46,email,2026-08-27T09:40:47+00:00
92e566d2-4668-4eec-85ad-a51444863002,3f7f26d3-a27f-46bb-b8f1-410a45ebfff4,2dac0197-e076-459a-8d9a-034a44933296,email,2026-08-21T01:31:37+00:00
0baf4eed-802b-46ee-91b1-5e8e5489df1b,935de41a-dabc-4e7a-9660-85446f5c645b,1cd103c5-ca45-4990-b0e8-9aeda141fced,email,2026-08-22T17:46:37+00:00
0c944ba6-9553-4071-80d1-31874751e32c,bc6fd6dc-8670-41eb-a3d8-8222f504d440,c2566d73-7996-4de6-8297-ed01fb83a333,sms,2026-08-26T17:51:42+00:00
6d2ae4b2-fa2a-4e2b-a52d-0ee99e82c777,d8bfe84e-b28e-423e-a581-bd87881f76bf,3dc6ba51-e546-4e5c-8e8a-6d0bb4c42691,email,2026-08-22T08:22:54+00:00
047e2689-1ff3-424f-bcbc-354aab3cb462,71ef3568-5076-40a6-a6a7-081cc89158bc,1755328b-9010-4f07-b351-51bc6d8e8e7e,email,2026-08-27T14:57:33+00:00
47b929da-ae77-4ea9-a19b-f578590e989a,60b11008-7397-4502-80ba-05079950ba42,f31ed9a5-371d-40f1-abad-f2898658760d,email,2026-08-24T01:13:35+00:00
e7e08012-7b2c-4ce9-b89e-e0104f3897e6,4060b174-88a7-4293-bc55-6c31f3aacbf9,ef612f5a-faa9-4654-9788-291f8ab7522f,email,2026-08-24T07:09:44+00:00
2f5645db-ba38-4880-995a-6249fbc442b5,4060b174-88a7-4293-bc55-6c31f3aacbf9,b8d5ebaa-e3a1-4774-8f3c-355409546348,email,2026-08-29T21:22:00+00:00
feb007ea-a686-4dde-9d37-a1ed59bacff5,2f86cb69-10bd-4d09-ae57-3ad3552e8d9f,553046bf-b8f3-4054-8eea-bd6715749b6e,email,2026-08-23T09:31:01+00:00
e5db781c-c011-49f6-9e99-9e79d90c59a7,2a6ae7a2-99b3-4415-8f3e-116741187529,b2ebd1c7-416b-4645-a522-88f29c4fd3fa,email,2026-09-02T05:37:39+00:00
72fad44f-9bf2-4817-a7a4-d7798e5c6c68,a0459ed0-b7af-48f0-911f-880c53fa33a6,8f39dc61-73fe-48e5-9abe-1b74522d2ba1,sms,2026-09-01T21:12:32+00:00
527a7213-6945-4f10-b706-7266fc16a6d2,a6a7af9f-03ac-4e34-9d41-1e4c7c9fc33b,e5b05247-d5c5-41cb-bf08-a56d351e6242,email,2026-08-24T07:57:03+00:00
67757a91-d108-4a4f-bfa5-86fbaa5e48f7,a6a7af9f-03ac-4e34-9d41-1e4c7c9fc33b,b0498d7c-841b-4a0f-8ec8-dbfc1353b9c1,email,2026-09-02T05:08:35+00:00
4fadf898-a4ab-4730-834d-032c2540eef3,f6c9697e-01ed-4b28-a564-ed376c2a0030,f7318ac8-5529-4cd7-98ea-c6b5c629b8b2,email,2026-08-26T21:29:38+00:00
e26c6795-a252-4c99-82f1-85620ac278fa,ea951014-1cb5-4221-9c3d-331beb344f22,29d5a494-6baf-4419-8eab-634d29535262,sms,2026-08-25T00:24:16+00:00
453b0dd9-5a98-4ac3-8e25-4ef52c9f3a17,10b17762-faed-405c-a809-4bad287e6515,1c0c4b2f-60d7-4b18-b6d0-96a64e9d85cf,email,2026-08-29T10:03:08+00:00
20006fc9-fff4-4ee0-b409-06643d9a5799,70d569d9-5d20-47fe-8a2a-335065ac3154,93a7f915-e31d-4603-af28-13fe5ff23ac3,email,2026-08-26T06:45:47+00:00
db4bff16-743b-4437-99ac-6de5001edc40,44851e22-4b87-4c6d-b4c6-fadbda3dec3f,8fa42630-14d9-4824-8c8d-b2642218ce75,sms,2026-08-29T14:02:24+00:00
f3888306-ebe6-4793-a466-8c760328edfd,da4f2c58-2762-4333-b927-cbe25c9d391a,c90cc779-75f4-4f0d-8f0e-bf02ad0ba33c,email,2026-08-29T06:48:18+00:00
a0896b59-d0fa-4c84-8f07-3e06cb4aed28,2fe15b68-e907-405f-8b32-3b4bd0a10b4f,9d8932ce-a55d-459a-ba8a-180a929fbfac,email,2026-08-29T22:59:12+00:00
c5cbf3fe-0502-44c1-ab2b-fa1a30a24d73,ff0f99fd-0ffc-4e2b-862f-084af9b913b6,e554a849-75b4-42ad-ab34-0b8fc1a7f349,email,2026-09-01T01:47:46+00:00
51dbd36c-d8ad-40de-b906-e4458b7e36af,787b0167-9fe4-48c5-a283-e6b8069e9308,cb3f27ba-7b73-4263-a8df-7fc52f4ac105,sms,2026-08-29T21:45:47+00:00
79299247-8405-47f3-be64-2f8164aa42fc,aed382ee-6829-4ce8-86ca-7257b5346258,073d319d-25c3-4082-88f9-0cbb7e686a6c,email,2026-08-29T23:09:27+00:00
03ef4b53-29e8-440e-a233-e847d10af379,4aaeae50-da36-4674-a548-22f39a05d0c1,5ab1b529-4f5e-42a1-8f82-f88bad579d46,email,2026-08-31T12:52:44+00:00
7c0682d4-bbb6-4f9b-b2f1-e6b8fa70ff71,0626e1cd-5607-417f-890c-9e2e96720e78,2ba2f93e-b90a-4582-9c0b-561477ec2dd4,email,2026-09-01T07:46:03+00:00
c70f4cd5-4148-4b16-901e-3a7881d6b308,8f9f179d-51d5-43d2-90ad-474cb968af8c,04ef5bae-6f20-43c1-84c2-80053a99d1b1,email,2026-08-30T20:05:51+00:00
