id,user_id,filter_key,value,result_count,created_at
3f293d22-1206-4799-9906-327a437b198a,27de1447-4949-4ba1-94da-511dcf33e97a,same_nationality,on,2,2024-08-30T03:21:44+00:00
a0b6a106-5d89-4fd8-adc3-a9396a11e589,27de1447-4949-4ba1-94da-511dcf33e97a,same_nationality,off,4,2024-08-30T03:22:13+00:00
27c42b56-3b06-4534-8719-ae6ac9b0e7bc,27de1447-4949-4ba1-94da-511dcf33e97a,same_nationality,on,7,2024-10-25T02:56:19+00:00
7ee07149-9197-49a6-928e-03126efd137f,27de1447-4949-4ba1-94da-511dcf33e97a,same_school,on,1,2024-10-25T02:56:43+00:00
dc652866-ee72-405d-9bd2-a1c546be761b,27de1447-4949-4ba1-94da-511dcf33e97a,same_nationality,off,8,2024-10-25T02:57:54+00:00
f5c10418-a275-4a9f-9bd7-7b75e88c3fec,27de1447-4949-4ba1-94da-511dcf33e97a,same_zip,on,1,2024-10-25T02:58:35+00:00
b684fa80-c64e-4276-a8dd-99bc19df6a90,6695a266-c3cd-43a7-a7fb-fcac77328615,category,clothing,0,2024-11-11T02:45:42+00:00
7eefb41c-328c-496a-8d12-0dc33da2f1c9,6695a266-c3cd-43a7-a7fb-fcac77328615,same_school,off,3,2024-11-11T02:45:56+00:00
8b791a82-363a-4846-a8ce-f675ca5d9231,6695a266-c3cd-43a7-a7fb-fcac77328615,category,"clothing,furniture",14,2024-11-11T02:46:20+00:00
bd9ccf9b-284e-4153-b5db-979551ce443c,6695a266-c3cd-43a7-a7fb-fcac77328615,same_zip,on,9,2024-11-11T02:47:03+00:00
c6ffcc57-ea3d-425a-891e-6ee02e3ee2da,6695a266-c3cd-43a7-a7fb-fcac77328615,category,furniture,7,2024-11-11T02:48:17+00:00
fe92a7ab-1057-444d-a11b-a526d5cb3ce8,6695a266-c3cd-43a7-a7fb-fcac77328615,category,(cleared),17,2024-11-11T02:49:30+00:00
f2525fd4-3623-47be-a45a-1a9ab810152d,74375a59-e8c7-406f-8580-d46c74187dc9,same_nationality,on,0,2024-11-15T10:21:03+00:00
32c53931-17fc-41ea-928d-d0ab335460a1,74375a59-e8c7-406f-8580-d46c74187dc9,radius_mi,0.5,0,2024-11-15T10:21:23+00:00
c079f2ff-36bd-4751-8ced-0195a4d1ea74,c60fc12d-ef3b-47a2-b08d-d35daaa0261f,same_zip,on,19,2024-11-26T10:40:09+00:00
0292995e-be5d-491e-a4d3-3004bc522043,c60fc12d-ef3b-47a2-b08d-d35daaa0261f,condition,used_good,13,2024-11-26T10:40:29+00:00
e19e91f6-be3b-40f0-a717-1ed83a535c8e,c60fc12d-ef3b-47a2-b08d-d35daaa0261f,category,sports,0,2024-11-26T10:41:04+00:00
45f8ac50-70cc-4972-8aa0-84c0fc434ba7,e2bc1752-1983-472e-bbd9-c6fae7cac58a,condition,used_good,1,2024-11-29T18:46:32+00:00
19c6473d-3c7b-476d-adda-7b2d793704df,e2bc1752-1983-472e-bbd9-c6fae7cac58a,radius_mi,5.0,1,2024-11-29T18:47:26+00:00
75396b70-5f90-44cf-84c0-795cb42d96a2,4e2906a0-e445-4567-9bc3-c549a3448137,same_zip,on,0,2024-12-17T21:03:20+00:00
ce78d800-9ef7-4ea4-becf-11a586f7d710,4e2906a0-e445-4567-9bc3-c549a3448137,radius_mi,1.0,0,2024-12-17T21:03:57+00:00
3bc2db79-090c-4df5-9999-5d40f4b0ed10,4e2906a0-e445-4567-9bc3-c549a3448137,same_nationality,on,0,2024-12-17T21:04:27+00:00
2f39ee64-11e4-4ed6-ace6-79202f884573,4e2906a0-e445-4567-9bc3-c549a3448137,condition,used_fair,0,2024-12-17T21:05:25+00:00
ad2a6a09-0dc8-46ad-9073-1092ec92b499,4e2906a0-e445-4567-9bc3-c549a3448137,radius_mi,10.0,0,2024-12-17T21:05:34+00:00
f4973297-a2c7-4ee9-931c-321d82b8966b,6e62d7bb-6bda-4ea0-82c5-87c508932975,same_zip,on,6,2025-01-15T14:22:38+00:00
a817011c-1409-4d4e-aa22-5cc4361d14c5,6e62d7bb-6bda-4ea0-82c5-87c508932975,same_nationality,on,2,2025-01-15T14:24:07+00:00
fa67c0f1-69b3-48a4-b591-794f194ac9b1,6e62d7bb-6bda-4ea0-82c5-87c508932975,condition,used_fair,1,2025-01-15T14:25:27+00:00
362f36d6-6bde-4352-8a8d-0c235a6ba013,6e62d7bb-6bda-4ea0-82c5-87c508932975,same_nationality,off,2,2025-01-15T14:26:33+00:00
bbc9feb6-e9e3-458c-a319-c4431ffd6865,6e62d7bb-6bda-4ea0-82c5-87c508932975,category,electronics,0,2025-01-15T14:27:37+00:00
fdcbb90a-8233-4003-9927-919c9a09fb34,6236d33d-7b57-486d-81e8-a247d50fa2a4,same_school,on,1,2025-01-22T16:34:48+00:00
87b94cf7-14a4-47db-b06c-df50ff20749c,6236d33d-7b57-486d-81e8-a247d50fa2a4,condition,used_good,1,2025-01-22T16:36:16+00:00
c3534540-a0d8-453b-9327-c11e841f8f0e,6236d33d-7b57-486d-81e8-a247d50fa2a4,category,furniture,0,2025-01-22T16:36:49+00:00
7f425683-bdb0-41a2-8854-89146deffdd6,6236d33d-7b57-486d-81e8-a247d50fa2a4,radius_mi,0.5,0,2025-01-22T16:38:01+00:00
6a5e2bde-29b4-4cf6-8369-b79676265d8f,6236d33d-7b57-486d-81e8-a247d50fa2a4,category,(cleared),1,2025-01-22T16:39:30+00:00
ab16050e-23c2-4a68-8b43-a4f38559a6be,6236d33d-7b57-486d-81e8-a247d50fa2a4,category,sports,0,2025-01-22T16:39:44+00:00
6dd34c1f-d1b1-478d-9596-664155d3c5e8,536e9f2a-3aad-4928-9766-ddb2f2ce04bb,condition,used_fair,1,2025-02-02T03:47:35+00:00
306540dc-75f8-42d7-af31-59ef8b55e7c0,536e9f2a-3aad-4928-9766-ddb2f2ce04bb,same_school,on,1,2025-02-02T03:48:39+00:00
f9d6f045-7a44-4b9b-bb9c-a7521b8f532e,536e9f2a-3aad-4928-9766-ddb2f2ce04bb,condition,"like_new,used_fair",1,2025-02-02T03:49:47+00:00
a3666eec-131c-4d03-909d-21b19aaeb0b7,536e9f2a-3aad-4928-9766-ddb2f2ce04bb,same_school,off,5,2025-02-02T03:51:01+00:00
1527ec9a-5f23-430c-a13a-45a4eccd458f,69546e0c-13bb-4597-8ce8-09cf53b9a4ff,same_nationality,on,0,2025-02-09T18:51:49+00:00
784a4b07-4530-47b8-a660-92e2fddb7f74,69546e0c-13bb-4597-8ce8-09cf53b9a4ff,radius_mi,2.5,0,2025-02-09T18:52:31+00:00
e950f038-9548-4554-b5cb-6913f2b4d0ba,69546e0c-13bb-4597-8ce8-09cf53b9a4ff,same_zip,on,0,2025-02-09T18:53:42+00:00
7f72af7d-5ad5-4c81-b66f-880a50d318d9,69546e0c-13bb-4597-8ce8-09cf53b9a4ff,radius_mi,2.5,0,2025-02-09T18:54:35+00:00
67c21c8e-781c-4938-82ff-ff73fe4e6817,69546e0c-13bb-4597-8ce8-09cf53b9a4ff,category,furniture,0,2025-02-09T18:55:06+00:00
d72b4803-776a-4441-86f1-bccc41580d3c,69546e0c-13bb-4597-8ce8-09cf53b9a4ff,condition,new,0,2025-02-09T18:55:44+00:00
ae0d770a-1e93-4377-8b73-798c46fb564f,ba4e0520-1425-44b4-ba42-764ccd9799f7,category,clothing,6,2025-02-12T23:55:42+00:00
9286b092-1a67-48f2-ac8e-a81484fd4cc9,ba4e0520-1425-44b4-ba42-764ccd9799f7,same_nationality,on,1,2025-02-12T23:56:05+00:00
a24fa286-5cc1-4df1-9552-d81c5b9c0ca6,ba4e0520-1425-44b4-ba42-764ccd9799f7,same_school,on,1,2025-02-12T23:57:23+00:00
7328d8c5-82b0-487a-844d-11eeddef0184,ba4e0520-1425-44b4-ba42-764ccd9799f7,same_nationality,off,1,2025-02-12T23:57:48+00:00
9f21f9c3-4ad5-4c93-ab63-9d3f7d3baaa3,ff34dee7-a247-40d7-b920-a3d2e7a536c2,same_zip,on,1,2025-02-14T14:08:58+00:00
28e165fa-274c-4d53-ba9e-8d923a82d1dd,ff34dee7-a247-40d7-b920-a3d2e7a536c2,radius_mi,1.0,1,2025-02-14T14:09:53+00:00
9b997920-9dfa-476d-9d28-1d5dd2002d92,ff34dee7-a247-40d7-b920-a3d2e7a536c2,same_nationality,on,0,2025-02-14T14:11:18+00:00
14ccb77d-ec7e-4658-8af0-1a674cb5e9c7,99d52a61-bee5-4684-9df6-159e47cc27be,radius_mi,1.0,46,2025-02-15T09:50:15+00:00
ce0ccdba-b3d7-40c7-8ae2-5688536c6d70,99d52a61-bee5-4684-9df6-159e47cc27be,same_nationality,on,14,2025-02-15T09:50:42+00:00
2e5d62d2-f55f-4c5e-84ee-45caac628da4,99d52a61-bee5-4684-9df6-159e47cc27be,same_nationality,off,46,2025-02-15T09:51:01+00:00
fdc49102-1d22-4a69-8c05-1bfd387db191,99d52a61-bee5-4684-9df6-159e47cc27be,radius_mi,2.5,59,2025-02-15T09:51:31+00:00
8a09368b-e87f-41dd-84d1-8902f368fbdf,99d52a61-bee5-4684-9df6-159e47cc27be,same_school,on,8,2025-02-15T09:52:04+00:00
63625260-6ba3-4973-ba33-9ec300d59eec,71938832-5c59-49e3-be85-9acbd7ca55ba,same_zip,on,0,2025-02-17T12:48:02+00:00
55716923-77bf-42b0-897f-6b5146804cb3,71938832-5c59-49e3-be85-9acbd7ca55ba,same_school,on,0,2025-02-17T12:48:58+00:00
5966c68f-09b1-48ce-93e3-f7250105244c,71938832-5c59-49e3-be85-9acbd7ca55ba,same_school,off,0,2025-02-17T12:49:09+00:00
3a8ffdd5-5cb1-4074-93fb-ddb8346887e0,71938832-5c59-49e3-be85-9acbd7ca55ba,condition,like_new,0,2025-02-17T12:50:19+00:00
8dc8e8d0-f418-49b3-ad43-09642d98f5b3,a83115e6-95d7-4710-8785-ad490862eb1d,same_zip,on,1,2025-02-24T23:45:53+00:00
f16fb004-d3ca-4b49-a9a4-1aaad38c116b,a83115e6-95d7-4710-8785-ad490862eb1d,same_nationality,on,1,2025-02-24T23:46:53+00:00
eb99d9a5-7481-41c9-a679-61f83dea02d3,5ce43817-8afb-43c8-aa72-569b92aeb223,radius_mi,2.5,65,2025-03-01T11:29:46+00:00
3c3042b9-9be3-4f79-b7c7-3964f95598ce,5ce43817-8afb-43c8-aa72-569b92aeb223,condition,like_new,19,2025-03-01T11:30:15+00:00
ee13963d-302d-4498-95ec-f453c95110a8,5ce43817-8afb-43c8-aa72-569b92aeb223,condition,"like_new,new",22,2025-03-01T11:30:35+00:00
11f3721a-df32-48a3-9d3b-fefb8b65a219,5ce43817-8afb-43c8-aa72-569b92aeb223,same_school,on,5,2025-03-01T11:31:36+00:00
08ff94ac-0571-4ef7-ac2d-07f48660a00a,e984c74d-dd4a-466b-b93f-7f517e76b6c7,category,furniture,21,2025-03-08T10:15:27+00:00
8fa5d4e2-7b9f-4417-9613-2953bff6f0a8,e984c74d-dd4a-466b-b93f-7f517e76b6c7,category,"clothing,furniture",33,2025-03-08T10:16:16+00:00
2983c281-695e-4a77-bf5b-4f77bc6c97b1,c6fd42f0-6060-47cf-a8e8-e24dcaee7d26,category,free_stuff,0,2025-03-10T17:24:55+00:00
48373c69-db66-452f-9370-a801624aa535,c6fd42f0-6060-47cf-a8e8-e24dcaee7d26,category,(cleared),69,2025-03-10T17:25:09+00:00
b4853ff0-b982-4966-ac11-7024fd5695d7,443b392f-72a1-4279-ae51-a849f1fedfff,category,sports,3,2025-03-12T06:38:46+00:00
4d0c653b-ccd7-4d60-8896-5ede9ae094bf,443b392f-72a1-4279-ae51-a849f1fedfff,condition,new,0,2025-03-12T06:39:05+00:00
bf69373f-a273-4774-8e3b-f1ad4c9346f9,443b392f-72a1-4279-ae51-a849f1fedfff,category,"sports,textbooks",4,2025-03-12T06:39:12+00:00
95401c37-4fe5-4a1f-a59a-98047e9e8832,e5f76da6-068a-4b15-bb2c-649e314a26ed,radius_mi,5.0,74,2025-03-14T01:01:31+00:00
6a923dc9-1c0f-4b88-9fb3-783ac5e5583f,e5f76da6-068a-4b15-bb2c-649e314a26ed,condition,new,4,2025-03-14T01:02:31+00:00
14c95469-4805-4160-8d8e-8495898a8f13,e5f76da6-068a-4b15-bb2c-649e314a26ed,same_school,on,0,2025-03-14T01:03:37+00:00
564b7215-0d5a-4265-897f-58648f59e92e,e5f76da6-068a-4b15-bb2c-649e314a26ed,same_school,off,4,2025-03-14T01:04:35+00:00
9738ca6d-d673-4d83-b2fd-d9c9eda5ea03,10e5f889-8510-460a-b274-ff42a4b2a3e9,same_zip,on,13,2025-03-18T07:38:10+00:00
35e81ebf-8a96-41eb-9093-765e60c6b356,10e5f889-8510-460a-b274-ff42a4b2a3e9,category,clothing,3,2025-03-18T07:39:06+00:00
c9989b28-aa08-4a51-8d1b-5aaaaeac3d4e,10e5f889-8510-460a-b274-ff42a4b2a3e9,same_zip,off,5,2025-03-18T07:40:27+00:00
a8df8789-d825-42fb-953e-9089e0469148,10e5f889-8510-460a-b274-ff42a4b2a3e9,category,"bikes_transport,clothing",6,2025-03-18T07:41:44+00:00
1e4fee56-16e0-4905-9dc6-b7cca14bb8ab,10e5f889-8510-460a-b274-ff42a4b2a3e9,radius_mi,10.0,9,2025-03-18T07:42:04+00:00
0a88df38-8d41-4380-ac17-eae061c2b6e4,ff34dee7-a247-40d7-b920-a3d2e7a536c2,same_school,on,13,2025-03-21T07:34:39+00:00
cd692b99-5937-4428-a281-8ca60f49752b,ff34dee7-a247-40d7-b920-a3d2e7a536c2,same_nationality,on,7,2025-03-21T07:35:24+00:00
91f9f320-676b-467e-96ae-3579cc968478,ff34dee7-a247-40d7-b920-a3d2e7a536c2,same_school,off,22,2025-03-21T07:35:56+00:00
1ae9ba37-f79c-4fdd-82d8-6e907b6c7016,ff34dee7-a247-40d7-b920-a3d2e7a536c2,same_school,on,7,2025-03-21T07:36:58+00:00
fbfc3f93-1498-4e4b-a5e7-c0d4da196d99,ff34dee7-a247-40d7-b920-a3d2e7a536c2,same_school,off,22,2025-03-21T07:37:27+00:00
74b2509e-2ebc-4f8d-ae75-2adfc6a9dff2,ff34dee7-a247-40d7-b920-a3d2e7a536c2,category,clothing,5,2025-03-21T07:37:53+00:00
9171da45-f2a7-412d-b0e1-10e80538bc56,fd24cb3c-d535-4d3e-8f20-04616346c1f3,category,clothing,0,2025-03-23T16:42:15+00:00
4602e12d-ffe4-405d-b304-308f56deb57c,fd24cb3c-d535-4d3e-8f20-04616346c1f3,same_nationality,off,0,2025-03-23T16:42:31+00:00
84a396d0-2fb1-4355-8632-7c76639cfcc5,2e23fd62-664f-4904-93b9-98484374da38,same_zip,on,1,2025-03-23T23:02:20+00:00
f7bb66cf-4b3e-46e3-b2a7-3f5d751dcfcd,2e23fd62-664f-4904-93b9-98484374da38,same_zip,off,12,2025-03-23T23:02:41+00:00
e19a5936-f942-4af9-99c5-9f66c834fa3b,2e23fd62-664f-4904-93b9-98484374da38,category,furniture,1,2025-03-23T23:02:47+00:00
a3aaa91d-8a04-43c9-82b3-d5100174398b,2e23fd62-664f-4904-93b9-98484374da38,same_nationality,on,0,2025-03-23T23:03:40+00:00
929be2ca-c3d8-4f87-950f-6f25c4e8c8e9,2e23fd62-664f-4904-93b9-98484374da38,category,"free_stuff,furniture",0,2025-03-23T23:03:46+00:00
d57bb85f-2773-43c2-a883-08bc7897be56,2ba2f93e-b90a-4582-9c0b-561477ec2dd4,category,bikes_transport,7,2025-03-25T02:43:40+00:00
ca3f3a52-d73a-4ff3-95ef-4aa21aad74b9,2ba2f93e-b90a-4582-9c0b-561477ec2dd4,radius_mi,0.5,0,2025-03-25T02:44:53+00:00
d2d941b2-67ed-4812-b577-527736eb8ae8,2ba2f93e-b90a-4582-9c0b-561477ec2dd4,same_zip,on,0,2025-03-25T02:45:58+00:00
86cce739-c049-462c-9c2a-5a3f8c5cc753,2ba2f93e-b90a-4582-9c0b-561477ec2dd4,condition,new,0,2025-03-25T02:46:08+00:00
6ed890ee-97e0-4dfd-8a0e-ab519fb3a125,6eaf2004-a475-4bbd-b327-ceb492d267a7,same_zip,on,1,2025-03-25T18:40:52+00:00
ca132fff-e46a-45f5-968b-d5f9734e34ff,6eaf2004-a475-4bbd-b327-ceb492d267a7,same_school,on,1,2025-03-25T18:42:06+00:00
cb47d872-8e28-4500-bd31-0b5009174078,6eaf2004-a475-4bbd-b327-ceb492d267a7,same_zip,off,1,2025-03-25T18:43:17+00:00
d714fd13-8dd3-4324-8188-494b0a0ad807,6eaf2004-a475-4bbd-b327-ceb492d267a7,radius_mi,10.0,14,2025-03-25T18:44:25+00:00
536e19ef-2699-4f71-8cb3-b1ea1971c5d2,6eaf2004-a475-4bbd-b327-ceb492d267a7,category,textbooks,2,2025-03-25T18:44:51+00:00
8e6c7799-90a4-4f7d-aad4-fc7ce599edaf,6eaf2004-a475-4bbd-b327-ceb492d267a7,condition,like_new,1,2025-03-25T18:45:50+00:00
f9072511-1cab-4ec6-afcc-0d4c7bcc3eea,5c16ef18-8047-4cc4-806c-4ef9df6de907,same_nationality,on,4,2025-04-05T22:38:21+00:00
f1daab37-76b8-4c79-b9ff-82aaf6b32fd2,5c16ef18-8047-4cc4-806c-4ef9df6de907,same_zip,off,14,2025-04-05T22:38:34+00:00
f70c5dae-bef7-446b-b711-ea3b14fdbccb,5c16ef18-8047-4cc4-806c-4ef9df6de907,category,kitchen_home,2,2025-04-05T22:39:29+00:00
b94eaf31-aace-4268-8161-0cc83dece50c,5c16ef18-8047-4cc4-806c-4ef9df6de907,same_school,on,2,2025-04-05T22:39:50+00:00
d38109c6-d76a-405d-9a69-addbc11fd62a,5c16ef18-8047-4cc4-806c-4ef9df6de907,condition,like_new,1,2025-04-05T22:39:55+00:00
f6233050-1ec3-4fbd-9e37-693075620ca5,85a05a4b-ce52-43cf-8433-02a2cad529e1,same_school,on,17,2025-04-08T17:49:24+00:00
6402efc1-69d0-4388-9c50-2518ddf70e92,85a05a4b-ce52-43cf-8433-02a2cad529e1,radius_mi,10.0,19,2025-04-08T17:49:44+00:00
4f0fb8ca-4d00-42a8-91ba-fad7402faf17,85a05a4b-ce52-43cf-8433-02a2cad529e1,category,electronics,1,2025-04-08T17:50:13+00:00
06a04e54-d961-4628-8289-92096bf23570,85a05a4b-ce52-43cf-8433-02a2cad529e1,same_school,off,13,2025-04-08T17:50:35+00:00
6f112a97-aa87-45fd-b941-9561f9978cde,85a05a4b-ce52-43cf-8433-02a2cad529e1,condition,used_fair,1,2025-04-08T17:51:33+00:00
e790c2ba-e586-4378-8552-f094cc9ec8b2,ae8523f3-49f1-45d4-ab29-0313676f12d0,same_zip,on,0,2025-04-11T22:53:49+00:00
12af46b8-253c-4e53-b33f-dc5537ac5d39,ae8523f3-49f1-45d4-ab29-0313676f12d0,condition,like_new,0,2025-04-11T22:54:28+00:00
f7f7c371-4142-4849-84e5-243a5f0bf1e8,ae8523f3-49f1-45d4-ab29-0313676f12d0,same_zip,off,2,2025-04-11T22:54:41+00:00
1bcb921c-c999-42fd-a836-d7b7548653a2,d22d4315-95d0-4e9b-8b3a-ee71f98284ba,same_nationality,on,0,2025-04-20T01:31:20+00:00
44478e9a-fd2c-4afa-b930-943968e7ed43,d22d4315-95d0-4e9b-8b3a-ee71f98284ba,category,clothing,0,2025-04-20T01:31:23+00:00
22955bc5-6f82-4f53-993e-df9dd62eec0b,d22d4315-95d0-4e9b-8b3a-ee71f98284ba,same_zip,on,0,2025-04-20T01:32:01+00:00
267f13a4-b981-4759-881b-1713093b8a82,b000127a-7ff3-4aba-9f9f-56872787d1ed,same_zip,on,1,2025-04-20T19:07:21+00:00
97458aaa-7571-436a-b9b3-ccb09b4c0840,b000127a-7ff3-4aba-9f9f-56872787d1ed,radius_mi,1.0,1,2025-04-20T19:08:28+00:00
73345416-8f4b-496c-aa1d-13c91ef51792,b000127a-7ff3-4aba-9f9f-56872787d1ed,radius_mi,2.5,1,2025-04-20T19:09:38+00:00
3a9c34b7-20a0-4803-b118-341721264a8a,b000127a-7ff3-4aba-9f9f-56872787d1ed,same_nationality,on,1,2025-04-20T19:10:20+00:00
38a48430-dfad-42f7-9a5e-cc858e67889f,b000127a-7ff3-4aba-9f9f-56872787d1ed,same_school,on,1,2025-04-20T19:11:22+00:00
3ffc80ea-4e80-482e-ae10-16e26341de27,b000127a-7ff3-4aba-9f9f-56872787d1ed,radius_mi,1.0,1,2025-04-20T19:12:12+00:00
9adf8864-0ca2-4e02-8c25-3f160d71f9b6,ba4e0520-1425-44b4-ba42-764ccd9799f7,same_nationality,on,17,2025-04-23T18:11:15+00:00
d20dd8b0-8692-4b69-b7be-7404a6ca447a,ba4e0520-1425-44b4-ba42-764ccd9799f7,category,clothing,2,2025-04-23T18:11:18+00:00
ad30b13f-d786-487f-a2f5-bc6ef7b632ea,be814268-912b-47b4-8181-c0ede2b04826,condition,like_new,6,2025-04-30T02:26:59+00:00
46af1141-7699-474d-82e3-c62c7072c92c,be814268-912b-47b4-8181-c0ede2b04826,same_nationality,off,10,2025-04-30T02:27:36+00:00
f5f46125-6cab-42d2-b4cf-9cef8f6537c9,be814268-912b-47b4-8181-c0ede2b04826,same_nationality,on,6,2025-04-30T02:28:53+00:00
ed91316c-74cc-461a-a671-233a0738635e,be814268-912b-47b4-8181-c0ede2b04826,same_nationality,off,10,2025-04-30T02:30:08+00:00
e80e8a80-7a05-47d7-b7b5-df8d41b20872,be814268-912b-47b4-8181-c0ede2b04826,radius_mi,2.5,10,2025-04-30T02:31:13+00:00
763158ec-94b2-44a7-bd25-8856917bf0d6,be814268-912b-47b4-8181-c0ede2b04826,same_zip,on,0,2025-04-30T02:32:32+00:00
0103d9d9-7d6b-4952-a02c-64208aee892b,86a2d273-34b8-46f0-bdc9-4868692691fa,category,furniture,32,2025-05-07T00:01:37+00:00
478e5558-d3fe-4b90-b9d1-4aacfbfa8785,86a2d273-34b8-46f0-bdc9-4868692691fa,category,(cleared),121,2025-05-07T00:02:43+00:00
91b4da02-fdfa-4a9c-94f8-643bbcb0c757,a2a97c5b-d72e-47bb-a8b8-355fcf007b68,condition,used_good,51,2025-05-13T18:55:17+00:00
ff8b6534-91b9-4f98-9dce-41ac805b85a4,a2a97c5b-d72e-47bb-a8b8-355fcf007b68,radius_mi,0.5,6,2025-05-13T18:56:45+00:00
5f9d68f2-1fe9-4daf-99d5-4d67f23b14c2,a2a97c5b-d72e-47bb-a8b8-355fcf007b68,category,textbooks,0,2025-05-13T18:57:49+00:00
e964d5c6-0152-4164-ac61-b2c3f32f1037,a2a97c5b-d72e-47bb-a8b8-355fcf007b68,radius_mi,5.0,10,2025-05-13T18:58:05+00:00
28af554e-ec5a-4b54-be39-a6160a671225,743aae1e-e024-4953-a3ae-1413333f514f,category,sports,3,2025-05-16T05:07:24+00:00
311d3bf6-53b0-4832-8b9c-546d0ef8e616,743aae1e-e024-4953-a3ae-1413333f514f,radius_mi,10.0,3,2025-05-16T05:08:40+00:00
4325ed21-b5c7-469e-b857-c738d2b4778c,743aae1e-e024-4953-a3ae-1413333f514f,same_zip,on,0,2025-05-16T05:09:08+00:00
1da3331b-2334-4dd5-b996-590581be0351,f8ec5735-1c8f-4776-b569-2f0195771513,same_nationality,on,0,2025-05-16T14:56:09+00:00
53691855-4b5a-4c1c-9143-45a103a4fc62,f8ec5735-1c8f-4776-b569-2f0195771513,same_school,on,0,2025-05-16T14:56:55+00:00
1a33518b-3112-439e-95dc-a62e5423aef3,f8ec5735-1c8f-4776-b569-2f0195771513,same_school,off,0,2025-05-16T14:57:53+00:00
2157b54e-68ed-42e1-ae49-ba8875d90381,f8ec5735-1c8f-4776-b569-2f0195771513,category,free_stuff,0,2025-05-16T14:58:36+00:00
40a11d5c-b929-407f-8ff4-146f09356ca4,468552db-87c2-40a1-b501-f637c4f5d75a,same_school,on,23,2025-05-26T06:34:34+00:00
deadf9cf-ed25-40a1-8c34-79eaf9156728,468552db-87c2-40a1-b501-f637c4f5d75a,condition,used_good,9,2025-05-26T06:34:37+00:00
473f5b34-3638-4255-acf8-365ec6ce0e99,468552db-87c2-40a1-b501-f637c4f5d75a,radius_mi,5.0,9,2025-05-26T06:35:54+00:00
7a1317fa-67b0-4690-85bc-47b47a37cce9,468552db-87c2-40a1-b501-f637c4f5d75a,same_nationality,on,5,2025-05-26T06:37:04+00:00
5a5843cd-a09f-4e97-aaf0-086b4c7c6098,468552db-87c2-40a1-b501-f637c4f5d75a,same_school,off,17,2025-05-26T06:38:05+00:00
1339863b-1b18-4749-8562-fddba7b98adc,fd24cb3c-d535-4d3e-8f20-04616346c1f3,radius_mi,2.5,4,2025-05-27T04:26:05+00:00
c2521038-af49-4ba1-bb92-b9d65288131c,fd24cb3c-d535-4d3e-8f20-04616346c1f3,same_nationality,off,12,2025-05-27T04:26:38+00:00
be4df109-5b79-4178-917b-4a9bd04765f0,fd24cb3c-d535-4d3e-8f20-04616346c1f3,same_nationality,on,4,2025-05-27T04:27:58+00:00
bf803fe8-2b8f-4497-8f56-6d6b62c61c6c,b7fef60e-e709-4148-b2be-091d4a9dc1a5,same_nationality,on,0,2025-05-31T14:19:20+00:00
6512b24d-0f9e-4342-98a5-110d9b73a0d3,b7fef60e-e709-4148-b2be-091d4a9dc1a5,category,textbooks,0,2025-05-31T14:20:42+00:00
8063dcd7-d749-4ef9-adcd-161984e9a2ae,39253471-72c7-42b6-ad3a-569f5728f21e,same_zip,on,17,2025-06-03T05:52:57+00:00
a24ea7da-410f-49e2-9244-51ecaab813fc,39253471-72c7-42b6-ad3a-569f5728f21e,category,furniture,5,2025-06-03T05:53:22+00:00
38b65b71-4a04-48cb-9307-1fe5ca3e3bac,fba653f1-56a1-4e32-b3a6-1205a8a2e461,radius_mi,1.0,26,2025-06-03T07:00:36+00:00
359e933c-b2c1-40e2-996a-a39620d2f260,fba653f1-56a1-4e32-b3a6-1205a8a2e461,same_zip,on,22,2025-06-03T07:01:26+00:00
288dd6d1-ac0d-462b-b043-593c69baba20,fba653f1-56a1-4e32-b3a6-1205a8a2e461,same_zip,off,26,2025-06-03T07:02:55+00:00
a9262535-b1c3-4683-a39c-5c66e4b7d6b9,fba653f1-56a1-4e32-b3a6-1205a8a2e461,radius_mi,1.0,26,2025-06-03T07:03:23+00:00
b86feaa6-c1fc-4a2d-ac4f-c39beb5c60f2,fba653f1-56a1-4e32-b3a6-1205a8a2e461,same_school,on,6,2025-06-03T07:04:14+00:00
bddc7c44-5137-448d-9b28-7d5ead32e4de,fba653f1-56a1-4e32-b3a6-1205a8a2e461,same_school,off,26,2025-06-03T07:04:55+00:00
0f1519b2-4018-40f6-a4f4-fb294251fdc8,904d370b-c057-4076-ab96-6f35351482c2,category,kitchen_home,17,2025-06-05T05:01:06+00:00
c4eba784-4a8e-4f60-a343-7c2c6ccb2d43,904d370b-c057-4076-ab96-6f35351482c2,same_school,on,3,2025-06-05T05:02:25+00:00
46b33a65-9f83-4675-8cc6-e438a8b00bce,904d370b-c057-4076-ab96-6f35351482c2,category,"free_stuff,kitchen_home",3,2025-06-05T05:03:27+00:00
ce5838a6-a9b6-435c-a22f-e838f7ebc020,904d370b-c057-4076-ab96-6f35351482c2,same_school,off,18,2025-06-05T05:04:10+00:00
48aeef00-8a11-43a4-937e-df2795cb0428,904d370b-c057-4076-ab96-6f35351482c2,same_nationality,on,5,2025-06-05T05:04:36+00:00
766ee71a-96b5-4cfd-bfbc-5dc477db9dc1,22b1d57e-427b-4075-b871-f3a5bde40fbe,radius_mi,0.5,2,2025-06-06T17:53:33+00:00
cf5af73c-3fd7-4008-aa27-93eea3293471,22b1d57e-427b-4075-b871-f3a5bde40fbe,same_school,on,0,2025-06-06T17:54:20+00:00
af9f634b-65d7-40ca-b474-4718ea491030,22b1d57e-427b-4075-b871-f3a5bde40fbe,radius_mi,2.5,6,2025-06-06T17:54:45+00:00
874dfd31-996e-4379-b2fa-1fdc2a7133f4,22b1d57e-427b-4075-b871-f3a5bde40fbe,radius_mi,0.5,0,2025-06-06T17:55:10+00:00
6e4a4411-1120-45af-b662-b757a8988d83,b2ebd1c7-416b-4645-a522-88f29c4fd3fa,condition,used_fair,18,2025-06-07T12:29:06+00:00
a04a8865-91ee-411f-8d07-1ed40324601a,b2ebd1c7-416b-4645-a522-88f29c4fd3fa,same_nationality,on,1,2025-06-07T12:29:26+00:00
4ba117e3-eeca-48dc-8f1f-cd17aa5b61de,443b392f-72a1-4279-ae51-a849f1fedfff,category,textbooks,32,2025-06-07T22:16:10+00:00
6465a587-058c-489f-927a-55c1e36802d2,443b392f-72a1-4279-ae51-a849f1fedfff,same_zip,on,4,2025-06-07T22:16:16+00:00
2fabe832-e4dd-4073-a880-72d560cd1676,443b392f-72a1-4279-ae51-a849f1fedfff,same_nationality,on,1,2025-06-07T22:17:20+00:00
eae7e9be-ef5c-47a5-a9f2-df5b11f81f60,443b392f-72a1-4279-ae51-a849f1fedfff,same_nationality,off,4,2025-06-07T22:17:43+00:00
59d44b7e-81c0-4c97-8c55-975ffb8fdbe2,b0f283a0-c828-4aff-80c1-0fa9a4940b92,condition,used_fair,1,2025-06-08T08:09:55+00:00
b36adc48-0003-475f-a0b2-f977d697f3a8,b0f283a0-c828-4aff-80c1-0fa9a4940b92,radius_mi,2.5,1,2025-06-08T08:10:52+00:00
49c6b5ee-5c39-4e26-a089-bcfc56cc3779,b0f283a0-c828-4aff-80c1-0fa9a4940b92,same_school,off,2,2025-06-08T08:11:59+00:00
028ced8b-50a4-44ec-a0a5-5721adbae9fb,b0f283a0-c828-4aff-80c1-0fa9a4940b92,condition,"like_new,used_fair",7,2025-06-08T08:12:55+00:00
f5f43dd4-d301-4521-85cd-95a66d7d543e,4e2906a0-e445-4567-9bc3-c549a3448137,radius_mi,5.0,141,2025-06-14T21:07:36+00:00
f1814b4c-8ce8-4554-8275-8fe32a1526ba,4e2906a0-e445-4567-9bc3-c549a3448137,condition,used_fair,21,2025-06-14T21:07:47+00:00
2b0cbf70-9a34-4618-9b9b-a9d6c754a6e3,577c7c58-b348-4b59-a994-19cbf0bd8b7f,radius_mi,10.0,162,2025-06-15T06:45:30+00:00
71a9aede-188b-4ec4-a3c4-317a6ebb77a0,577c7c58-b348-4b59-a994-19cbf0bd8b7f,same_nationality,on,59,2025-06-15T06:46:45+00:00
632c90d2-a26c-40a0-a6b3-086c44ef6b44,577c7c58-b348-4b59-a994-19cbf0bd8b7f,same_school,on,8,2025-06-15T06:47:15+00:00
113abe6b-b4ce-459a-933d-91740bf54c33,577c7c58-b348-4b59-a994-19cbf0bd8b7f,condition,like_new,4,2025-06-15T06:47:52+00:00
1b901f9b-1e6d-457f-9dac-eb924d72be2f,577c7c58-b348-4b59-a994-19cbf0bd8b7f,condition,"like_new,used_good",7,2025-06-15T06:49:17+00:00
b949e326-0430-452f-b6e4-bcff4708c1aa,b0f283a0-c828-4aff-80c1-0fa9a4940b92,radius_mi,0.5,1,2025-06-17T06:55:20+00:00
a5ae1711-e068-4037-905a-69708aad9ba7,b0f283a0-c828-4aff-80c1-0fa9a4940b92,same_nationality,on,1,2025-06-17T06:56:08+00:00
7015f219-15c8-4ee4-8269-6afd3ddcb36b,b0f283a0-c828-4aff-80c1-0fa9a4940b92,condition,used_good,0,2025-06-17T06:57:19+00:00
492a60fc-bdc4-43fc-863c-36bd7e9366dc,b0f283a0-c828-4aff-80c1-0fa9a4940b92,same_zip,on,0,2025-06-17T06:57:39+00:00
0d858bdd-0168-4b2f-bd87-7904b5fe4384,4c8ec64f-c0d0-4cfb-b064-d47de0ec57ba,same_school,off,136,2025-06-25T14:09:57+00:00
62763a0a-09ea-49b4-83b9-2a7e4c4af35c,4c8ec64f-c0d0-4cfb-b064-d47de0ec57ba,same_school,on,5,2025-06-25T14:10:16+00:00
df66f142-ac49-47e8-8310-35dd4311c462,4c8ec64f-c0d0-4cfb-b064-d47de0ec57ba,same_nationality,on,0,2025-06-25T14:11:22+00:00
ec7c9e4e-521b-4dd6-bec7-a10a9f66d0d5,4c8ec64f-c0d0-4cfb-b064-d47de0ec57ba,same_zip,on,0,2025-06-25T14:12:31+00:00
6578e36f-e1bb-44bd-ac14-d63a6dec1e57,1738f94b-1c67-4612-9cd8-819ca50c35e3,condition,used_fair,9,2025-06-26T01:14:40+00:00
f3405e08-ab40-4774-a1a6-75b019d10798,1738f94b-1c67-4612-9cd8-819ca50c35e3,same_nationality,off,23,2025-06-26T01:16:10+00:00
39991fc5-3bcb-46f4-bb1a-56b911a17dbb,1738f94b-1c67-4612-9cd8-819ca50c35e3,same_zip,on,1,2025-06-26T01:16:27+00:00
f94cb062-34da-4ab7-a578-935dd120c1a8,1738f94b-1c67-4612-9cd8-819ca50c35e3,same_zip,off,23,2025-06-26T01:16:32+00:00
a259d343-e309-4037-bfc9-c5fea5c1cd33,1738f94b-1c67-4612-9cd8-819ca50c35e3,radius_mi,0.5,1,2025-06-26T01:17:44+00:00
af680800-17c3-4121-bc24-bee104a73914,1738f94b-1c67-4612-9cd8-819ca50c35e3,condition,(cleared),3,2025-06-26T01:19:06+00:00
7c342dd7-a4c4-4386-83bd-94001cde4c1c,62d505af-b1ab-402a-b8ac-bf03c359aea7,same_nationality,on,7,2025-06-26T02:59:02+00:00
68cb4033-a3fa-47c9-9d3d-4a95412223cc,62d505af-b1ab-402a-b8ac-bf03c359aea7,radius_mi,1.0,7,2025-06-26T02:59:19+00:00
b4286619-fd9e-40ef-9729-2c6566e8990e,62d505af-b1ab-402a-b8ac-bf03c359aea7,radius_mi,5.0,7,2025-06-26T02:59:36+00:00
0f4a650b-906e-4c24-905d-670005e6ce61,62d505af-b1ab-402a-b8ac-bf03c359aea7,condition,like_new,2,2025-06-26T03:00:07+00:00
a7f3fe45-6ab3-41f7-8020-05b0e59f204b,054fe171-2aa2-4064-be59-369e103477d7,radius_mi,10.0,178,2025-07-13T09:39:21+00:00
01e851a0-dfa4-459e-a8fd-5b4586d157f8,054fe171-2aa2-4064-be59-369e103477d7,radius_mi,10.0,178,2025-07-13T09:39:54+00:00
96851b57-c166-4232-a4fe-0aa2e0e5b684,054fe171-2aa2-4064-be59-369e103477d7,radius_mi,2.5,144,2025-07-13T09:40:30+00:00
972528ed-c7c5-49bf-a430-7b58fea81973,054fe171-2aa2-4064-be59-369e103477d7,same_nationality,on,1,2025-07-13T09:41:22+00:00
8dd1a1f0-9503-4d8a-8e78-6be09638b34e,054fe171-2aa2-4064-be59-369e103477d7,same_school,on,1,2025-07-13T09:42:37+00:00
802e54b1-9aab-48bc-866a-c3f388a9c390,054fe171-2aa2-4064-be59-369e103477d7,category,furniture,0,2025-07-13T09:42:49+00:00
0c0e92be-6f61-4493-98c3-d4e78679acd5,6236d33d-7b57-486d-81e8-a247d50fa2a4,radius_mi,1.0,5,2025-07-20T00:36:40+00:00
46405267-8c32-48e2-8049-9f397edf87b7,6236d33d-7b57-486d-81e8-a247d50fa2a4,same_nationality,on,5,2025-07-20T00:37:14+00:00
1e23f9b1-91f2-4f1e-a8e1-f627a0ef2ece,6236d33d-7b57-486d-81e8-a247d50fa2a4,radius_mi,10.0,58,2025-07-20T00:37:47+00:00
06a659e6-0e19-4cb5-839a-cca732f8654e,6236d33d-7b57-486d-81e8-a247d50fa2a4,category,textbooks,12,2025-07-20T00:38:27+00:00
2877416a-1db4-4052-bfd9-144b7eeccf26,536e9f2a-3aad-4928-9766-ddb2f2ce04bb,same_school,on,6,2025-07-22T16:09:09+00:00
5c3884e3-36ce-4a8c-9e50-0f8265d28ef3,536e9f2a-3aad-4928-9766-ddb2f2ce04bb,radius_mi,10.0,29,2025-07-22T16:09:55+00:00
0c16cae9-1e75-4808-b778-8762e93af7d9,536e9f2a-3aad-4928-9766-ddb2f2ce04bb,radius_mi,5.0,29,2025-07-22T16:10:19+00:00
05f75989-c715-40d6-a35b-b5a761a2e3ce,536e9f2a-3aad-4928-9766-ddb2f2ce04bb,category,bikes_transport,3,2025-07-22T16:11:39+00:00
5bc2513e-97cc-42ad-b8f7-5303ce7bf16d,5ca23f6e-524f-449e-b9d2-a758e70cff73,same_school,on,20,2025-07-26T22:37:10+00:00
8de77b6c-7ba7-4cee-aca4-a0fa8d35adf7,5ca23f6e-524f-449e-b9d2-a758e70cff73,radius_mi,10.0,20,2025-07-26T22:37:20+00:00
a15e2af0-bde4-427e-a5eb-486d020acc52,5ca23f6e-524f-449e-b9d2-a758e70cff73,same_school,off,82,2025-07-26T22:37:51+00:00
11fb8dca-ffc0-47b8-ba3c-fa39d8a42766,7357e086-3d97-4c00-bd2a-662d18d0abec,category,electronics,24,2025-08-02T04:47:57+00:00
d104595f-e066-4093-9992-f5416dd3931c,7357e086-3d97-4c00-bd2a-662d18d0abec,same_nationality,on,0,2025-08-02T04:48:37+00:00
f122b70d-41a3-4704-9b62-a7112e054c61,7357e086-3d97-4c00-bd2a-662d18d0abec,condition,like_new,0,2025-08-02T04:49:03+00:00
65109c26-4412-41da-ac6f-38efc06e75ab,7357e086-3d97-4c00-bd2a-662d18d0abec,category,"clothing,electronics",0,2025-08-02T04:49:30+00:00
54f20b6e-958f-44b3-9f0e-1abb9dcd02ea,7357e086-3d97-4c00-bd2a-662d18d0abec,radius_mi,2.5,0,2025-08-02T04:49:55+00:00
dcc5bf9e-19b2-4ebd-a0ba-5746a69730c7,b000127a-7ff3-4aba-9f9f-56872787d1ed,radius_mi,5.0,172,2025-08-02T16:55:25+00:00
2fc64a9a-3544-4810-9323-6aa1babe909f,b000127a-7ff3-4aba-9f9f-56872787d1ed,same_school,on,15,2025-08-02T16:56:18+00:00
db079112-a885-401d-942d-d4bc54eed882,b000127a-7ff3-4aba-9f9f-56872787d1ed,category,textbooks,4,2025-08-02T16:57:05+00:00
a34c643a-9161-4e36-817b-7306a7391ea3,8655633c-8b61-41b6-8e06-e79ce464e099,same_school,on,7,2025-08-06T00:01:06+00:00
baba1ec2-6e49-4c92-a901-d97765bd8f8d,8655633c-8b61-41b6-8e06-e79ce464e099,category,furniture,3,2025-08-06T00:01:59+00:00
1594073c-d476-49c7-a0d3-1ff0f58d6f41,8655633c-8b61-41b6-8e06-e79ce464e099,same_zip,on,1,2025-08-06T00:02:59+00:00
e139d4a7-2fed-425c-934b-666f7295e1dd,8655633c-8b61-41b6-8e06-e79ce464e099,same_nationality,on,1,2025-08-06T00:03:15+00:00
0dc5563c-a6f2-4b80-9ba9-30a18bac92a1,4366727f-cad9-45ec-ac07-3b7e024b94a1,same_school,on,30,2025-08-08T05:34:01+00:00
977a7aeb-c73d-4d44-b32e-500989932aab,4366727f-cad9-45ec-ac07-3b7e024b94a1,condition,new,1,2025-08-08T05:35:10+00:00
06916fbe-b117-4fdc-af8d-4415f4cd5228,4366727f-cad9-45ec-ac07-3b7e024b94a1,same_nationality,on,0,2025-08-08T05:35:34+00:00
89e85f2b-f012-47c2-aab6-5337b964cdcb,4366727f-cad9-45ec-ac07-3b7e024b94a1,same_zip,on,0,2025-08-08T05:36:55+00:00
92734f5b-8c24-4bc8-a90b-30a7254f3003,99d52a61-bee5-4684-9df6-159e47cc27be,category,sports,3,2025-08-11T22:50:42+00:00
51d7c7ec-d9db-4d35-a718-b7482f5a5eaa,99d52a61-bee5-4684-9df6-159e47cc27be,same_nationality,on,1,2025-08-11T22:52:11+00:00
b540d8e3-f286-423b-ac1a-453907fd3492,99d52a61-bee5-4684-9df6-159e47cc27be,category,"bikes_transport,sports",4,2025-08-11T22:53:29+00:00
96a87121-9371-4a86-9cc9-dcdd9e23815a,99d52a61-bee5-4684-9df6-159e47cc27be,radius_mi,2.5,9,2025-08-11T22:54:39+00:00
5248ae3a-c697-4004-ae85-57c5b5dc1f7d,99d52a61-bee5-4684-9df6-159e47cc27be,radius_mi,0.5,4,2025-08-11T22:55:25+00:00
a0f3aef5-5629-4702-9047-9621afa2db53,99d52a61-bee5-4684-9df6-159e47cc27be,same_zip,on,4,2025-08-11T22:56:35+00:00
291f3fbc-2889-4f41-a4da-790ffec6cfb0,d34b2b4a-bc0b-4ffd-83db-00f5cc6c937f,radius_mi,0.5,25,2025-08-13T14:23:11+00:00
e95372ca-d76a-4a71-91a6-fe90113970f2,d34b2b4a-bc0b-4ffd-83db-00f5cc6c937f,radius_mi,1.0,25,2025-08-13T14:23:50+00:00
1a712df3-12e4-42ba-8294-d3be5cf8f5d0,d34b2b4a-bc0b-4ffd-83db-00f5cc6c937f,radius_mi,5.0,25,2025-08-13T14:24:37+00:00
ea3e0b21-7568-41a0-ad08-a77bccb89256,904d370b-c057-4076-ab96-6f35351482c2,condition,new,9,2025-08-15T00:43:55+00:00
72db9e9c-c23e-4f9a-a309-648eb2f1f786,904d370b-c057-4076-ab96-6f35351482c2,category,textbooks,6,2025-08-15T00:44:40+00:00
b00b931b-6b5e-41a2-a4cd-adc116c35347,904d370b-c057-4076-ab96-6f35351482c2,radius_mi,1.0,4,2025-08-15T00:45:13+00:00
b851062b-2822-43b9-9384-0bbd1f1cc46f,904d370b-c057-4076-ab96-6f35351482c2,condition,(cleared),19,2025-08-15T00:46:35+00:00
fc001635-d894-49f1-9f0b-6fe68318e0fb,904d370b-c057-4076-ab96-6f35351482c2,condition,used_fair,0,2025-08-15T00:47:21+00:00
c91dce46-f81a-491e-bda0-7fb0f71d8ba2,904d370b-c057-4076-ab96-6f35351482c2,same_nationality,on,0,2025-08-15T00:47:32+00:00
8447e3d3-6e41-45a8-b703-2c2aac9aa9be,99348a51-08e9-4760-8822-b2f8debef37f,same_school,on,0,2025-08-15T19:33:32+00:00
e9b48b2d-751a-4800-9d41-33bc35982cff,99348a51-08e9-4760-8822-b2f8debef37f,radius_mi,2.5,0,2025-08-15T19:34:34+00:00
7cba0008-0a86-4a57-9f0f-65d2411bbc84,99348a51-08e9-4760-8822-b2f8debef37f,condition,used_good,0,2025-08-15T19:35:11+00:00
c6cbc6e0-e55c-41e0-894b-4c74efaf9b22,99348a51-08e9-4760-8822-b2f8debef37f,category,furniture,0,2025-08-15T19:36:30+00:00
87952dcd-68e7-46b1-a28f-58c8f1b292bf,99348a51-08e9-4760-8822-b2f8debef37f,same_school,off,0,2025-08-15T19:36:39+00:00
96608d8f-e38a-4b46-8f9f-2e9b994c9a59,99348a51-08e9-4760-8822-b2f8debef37f,same_nationality,off,0,2025-08-15T19:37:25+00:00
ec69af5a-2f9d-48b6-a58a-cba978f24ea6,7d2e833a-8242-43a6-93ca-e79df0b2cd59,condition,like_new,58,2025-08-21T15:20:58+00:00
91b6064c-cbf4-4d91-b64e-f046e05e9301,7d2e833a-8242-43a6-93ca-e79df0b2cd59,radius_mi,5.0,65,2025-08-21T15:21:37+00:00
7b2fb9fb-83c7-4d07-b90a-d6e748a4f8c1,7d2e833a-8242-43a6-93ca-e79df0b2cd59,same_zip,on,12,2025-08-21T15:21:42+00:00
fe59fa58-eb5f-4940-9835-332a80b5bb4e,7d2e833a-8242-43a6-93ca-e79df0b2cd59,radius_mi,5.0,12,2025-08-21T15:22:52+00:00
abe84fc9-f13b-4fca-a222-7acb21fcb80e,7d2e833a-8242-43a6-93ca-e79df0b2cd59,same_zip,off,65,2025-08-21T15:24:10+00:00
ce616401-4a01-4cf7-8a66-2b8da334137a,7d2e833a-8242-43a6-93ca-e79df0b2cd59,category,electronics,9,2025-08-21T15:24:21+00:00
e3d7e571-a23e-4385-9b93-4dab2893f070,c3e6de0b-ae0e-464a-aeef-51bebdd50073,same_nationality,on,7,2025-08-23T04:48:49+00:00
b4bd3a7b-8b72-4e48-9637-29f07061725c,c3e6de0b-ae0e-464a-aeef-51bebdd50073,condition,new,0,2025-08-23T04:49:28+00:00
1c6c41a2-a00e-4426-a3ad-aa1a9d4b16b4,c3e6de0b-ae0e-464a-aeef-51bebdd50073,category,free_stuff,0,2025-08-23T04:50:23+00:00
5b486763-fd59-4dcd-8204-bf685a9f4653,c3e6de0b-ae0e-464a-aeef-51bebdd50073,same_nationality,off,0,2025-08-23T04:51:03+00:00
c3831112-e7d0-4c5b-af8c-4600b8d38a9b,febd8921-9308-4e28-acff-1ae8386589e3,condition,like_new,3,2025-08-25T23:21:40+00:00
419ab315-df5c-42aa-a6da-2a6e29a4f193,febd8921-9308-4e28-acff-1ae8386589e3,same_nationality,on,0,2025-08-25T23:22:49+00:00
7b2bb5c1-c698-48a5-9834-207b6c21d7b3,febd8921-9308-4e28-acff-1ae8386589e3,condition,"like_new,used_good",0,2025-08-25T23:24:09+00:00
de4ee04b-8103-46bb-bfb8-e141148bcf54,febd8921-9308-4e28-acff-1ae8386589e3,same_nationality,off,7,2025-08-25T23:24:18+00:00
79eb835b-9e1c-4c9b-af35-3c07d8a75e4c,febd8921-9308-4e28-acff-1ae8386589e3,same_zip,off,158,2025-08-25T23:25:12+00:00
7162d4f2-dbb5-4d12-a4eb-58bfe55f8384,febd8921-9308-4e28-acff-1ae8386589e3,radius_mi,5.0,171,2025-08-25T23:26:25+00:00
e6ab5996-03ec-4ca4-91ba-5a95d60e5c54,d22d4315-95d0-4e9b-8b3a-ee71f98284ba,same_zip,on,14,2025-08-26T05:03:17+00:00
540a73d3-37c6-4a33-b875-60361bd5db37,d22d4315-95d0-4e9b-8b3a-ee71f98284ba,radius_mi,2.5,14,2025-08-26T05:03:56+00:00
6c570b8e-7039-4435-8bfc-dc7fdd0963cb,5d717b99-735c-4981-87a3-225adde8acea,same_school,on,17,2025-08-27T03:27:00+00:00
f379d67c-1d86-4212-9d90-a72a84e81354,5d717b99-735c-4981-87a3-225adde8acea,same_zip,on,15,2025-08-27T03:27:44+00:00
ab4cf10d-f8cc-43a3-bec8-67865dd341db,5d717b99-735c-4981-87a3-225adde8acea,same_nationality,on,2,2025-08-27T03:29:01+00:00
a5bb6e54-3e19-4fcf-b0ac-a4ff326d1faf,5d717b99-735c-4981-87a3-225adde8acea,same_zip,off,2,2025-08-27T03:29:04+00:00
ffadb2b7-4eba-4ba7-b4d9-9aee8e8c8b04,5d717b99-735c-4981-87a3-225adde8acea,category,electronics,1,2025-08-27T03:29:44+00:00
be538bf7-28b5-4ee6-8dee-59f8e69d0f9a,2709bb2d-e639-44c0-920f-80a9f4c4955e,radius_mi,10.0,0,2025-08-29T21:14:18+00:00
049b3d8a-4521-4660-a769-a44728d3c469,2709bb2d-e639-44c0-920f-80a9f4c4955e,same_zip,on,0,2025-08-29T21:15:06+00:00
706e3ca3-7647-49d1-bf36-e2e18062bb71,1ce85b38-45d8-4fc2-a23d-d01ad37ee8fb,same_nationality,off,208,2025-09-04T04:25:54+00:00
c9648d77-bb0e-4c06-b5a0-57d249bbdaa5,1ce85b38-45d8-4fc2-a23d-d01ad37ee8fb,same_zip,on,107,2025-09-04T04:27:11+00:00
149f36eb-45f4-4248-8567-b81691883395,1ce85b38-45d8-4fc2-a23d-d01ad37ee8fb,radius_mi,1.0,107,2025-09-04T04:28:12+00:00
46308e6c-3dcb-462c-b181-4dbaafef2564,86a2d273-34b8-46f0-bdc9-4868692691fa,same_school,on,43,2025-09-04T23:16:52+00:00
a569341b-96c0-4f63-895d-6a995eb5781e,86a2d273-34b8-46f0-bdc9-4868692691fa,radius_mi,2.5,39,2025-09-04T23:17:55+00:00
5f3c9a52-b3fb-4131-b28a-277219ba1c30,86a2d273-34b8-46f0-bdc9-4868692691fa,radius_mi,1.0,28,2025-09-04T23:18:02+00:00
b0f892d9-26ef-485e-9617-4bc96e3a8785,86a2d273-34b8-46f0-bdc9-4868692691fa,condition,used_fair,3,2025-09-04T23:18:24+00:00
0403ab16-2a7e-4d99-9649-9550f22acc19,86a2d273-34b8-46f0-bdc9-4868692691fa,same_nationality,on,0,2025-09-04T23:18:54+00:00
9f2b80b8-62be-4a75-a6aa-6387cbc582fc,9f74975f-3000-4ef2-b2a2-1cdac8513b60,condition,like_new,55,2025-09-05T20:57:13+00:00
c45491af-0818-4cc2-a32c-6f7aad04d965,9f74975f-3000-4ef2-b2a2-1cdac8513b60,radius_mi,1.0,15,2025-09-05T20:58:24+00:00
2d115aa3-b11e-4c9e-8f0f-eaf00c59d883,9f74975f-3000-4ef2-b2a2-1cdac8513b60,same_nationality,on,2,2025-09-05T20:59:26+00:00
b4ed3e17-e479-4046-b53a-924c93e4a607,9f74975f-3000-4ef2-b2a2-1cdac8513b60,condition,"like_new,used_fair",3,2025-09-05T21:00:34+00:00
3a71e4f9-e368-4f57-837a-2dabb934418a,3fc6331b-9394-4e27-8bfb-3d16fe1a97c0,same_nationality,on,0,2025-09-07T07:39:01+00:00
32b6394b-3061-41b7-a0f8-c579a30980b3,3fc6331b-9394-4e27-8bfb-3d16fe1a97c0,category,sports,0,2025-09-07T07:40:14+00:00
3928fa0e-4722-4999-8e00-4ceeb62c5f8d,3fc6331b-9394-4e27-8bfb-3d16fe1a97c0,category,"sports,textbooks",0,2025-09-07T07:41:42+00:00
06d7655c-482d-4fb4-a2c6-5e74c563f122,3fc6331b-9394-4e27-8bfb-3d16fe1a97c0,same_nationality,off,0,2025-09-07T07:42:29+00:00
c8270191-0382-4f43-b59d-d94e3230cdec,1c53189a-7903-4dcb-97d6-29489110198e,same_school,on,32,2025-09-07T13:05:34+00:00
76827237-ff0c-4879-99ac-6fb1b0f47e79,1c53189a-7903-4dcb-97d6-29489110198e,category,bikes_transport,4,2025-09-07T13:06:17+00:00
0ee40554-5443-4b2e-a1d5-f0cef77e08cb,c3e6de0b-ae0e-464a-aeef-51bebdd50073,same_nationality,on,8,2025-09-13T04:51:23+00:00
5c746b77-5686-4535-b5fd-9de909bf2818,c3e6de0b-ae0e-464a-aeef-51bebdd50073,same_zip,on,7,2025-09-13T04:52:13+00:00
f5f64634-6af3-421e-863c-0ac93db78572,c3e6de0b-ae0e-464a-aeef-51bebdd50073,same_zip,off,8,2025-09-13T04:53:09+00:00
e364cdff-2319-4808-a676-df2626dffb1c,c3e6de0b-ae0e-464a-aeef-51bebdd50073,same_zip,on,7,2025-09-13T04:54:09+00:00
88f121b4-6052-4dbd-bed2-0a24b7361112,c3e6de0b-ae0e-464a-aeef-51bebdd50073,radius_mi,1.0,7,2025-09-13T04:54:40+00:00
7fc85208-fbcc-4c15-bc21-a75fb3257793,c3e6de0b-ae0e-464a-aeef-51bebdd50073,category,textbooks,1,2025-09-13T04:54:46+00:00
a08208bf-0d9b-4b17-8b90-c09bb8416a55,8d9a7d65-67f7-4c3e-b3ec-57b9652f01a1,category,electronics,8,2025-09-14T19:35:10+00:00
f9ddbaa1-901a-4f9e-a260-32bd705aef0d,8d9a7d65-67f7-4c3e-b3ec-57b9652f01a1,category,"electronics,sports",10,2025-09-14T19:35:36+00:00
53e8eae9-ed85-4109-9dbf-e50669871a48,8d9a7d65-67f7-4c3e-b3ec-57b9652f01a1,radius_mi,1.0,10,2025-09-14T19:35:59+00:00
9237515b-2ef1-4788-abef-e1807596970e,8d9a7d65-67f7-4c3e-b3ec-57b9652f01a1,same_school,on,1,2025-09-14T19:36:52+00:00
df9a7ea2-f1a9-4aa3-b178-bde623f80c95,8d9a7d65-67f7-4c3e-b3ec-57b9652f01a1,radius_mi,0.5,1,2025-09-14T19:38:19+00:00
f59531ba-0924-4ebc-8e78-f545aa2c6d48,8d9a7d65-67f7-4c3e-b3ec-57b9652f01a1,category,"electronics,sports,textbooks",3,2025-09-14T19:39:31+00:00
a0f01fef-ce1e-43ec-92ae-66e76f6b7769,16ec2a95-5cdd-472d-bb70-f569bc0cea3c,condition,new,2,2025-09-15T01:17:53+00:00
9dbb9533-f4b2-4d45-8efa-7ce45c9a3dfc,16ec2a95-5cdd-472d-bb70-f569bc0cea3c,same_school,on,0,2025-09-15T01:19:23+00:00
5bec79dc-fbbc-4e9d-b678-e1efcf4f3eba,16ec2a95-5cdd-472d-bb70-f569bc0cea3c,same_zip,on,0,2025-09-15T01:20:44+00:00
312ac263-4753-480a-b7fe-240559761357,16ec2a95-5cdd-472d-bb70-f569bc0cea3c,same_school,off,2,2025-09-15T01:21:36+00:00
89b5f20c-55b2-4fa2-9e6c-645201d1f1a4,054fe171-2aa2-4064-be59-369e103477d7,same_school,on,25,2025-09-15T11:31:49+00:00
4ad1e3a0-053a-4dad-8ec5-08d75be3d566,054fe171-2aa2-4064-be59-369e103477d7,same_nationality,on,1,2025-09-15T11:32:25+00:00
e51e5106-84c2-4166-94a3-6ff5dbba53d5,7275315b-de5e-4c67-9b01-11b25728750a,condition,new,0,2025-09-19T05:33:33+00:00
7015dd6d-a56e-4d69-a662-672c383dcbd6,7275315b-de5e-4c67-9b01-11b25728750a,category,electronics,0,2025-09-19T05:34:26+00:00
dac8e8a6-fe3f-414a-b3d4-d8afeb4d9623,7275315b-de5e-4c67-9b01-11b25728750a,category,"electronics,kitchen_home",0,2025-09-19T05:34:52+00:00
f2895dc5-d91e-4520-ad5c-7a37b6aaf621,7275315b-de5e-4c67-9b01-11b25728750a,same_zip,on,0,2025-09-19T05:35:54+00:00
74e989e1-cdf2-4fa1-a907-1919c08523a7,ab56d43e-6b4a-43a3-9b6c-f3bae36c4bb6,same_nationality,off,241,2025-09-21T07:18:37+00:00
63ed9cbe-854f-462d-8085-e41a534152b0,ab56d43e-6b4a-43a3-9b6c-f3bae36c4bb6,same_nationality,on,32,2025-09-21T07:19:09+00:00
8c48bff1-6aed-4ffb-a9e3-9fc21d438fda,ab56d43e-6b4a-43a3-9b6c-f3bae36c4bb6,same_zip,on,3,2025-09-21T07:19:16+00:00
dbe91834-90c7-4e14-9dda-2aee7665905e,ab56d43e-6b4a-43a3-9b6c-f3bae36c4bb6,same_nationality,off,9,2025-09-21T07:20:16+00:00
b36941ab-9e7b-4658-8da6-6b5f26bcd71a,ab56d43e-6b4a-43a3-9b6c-f3bae36c4bb6,same_nationality,on,3,2025-09-21T07:20:19+00:00
635883a6-ad38-48fa-a684-95d81c0f5af6,ab56d43e-6b4a-43a3-9b6c-f3bae36c4bb6,same_school,on,3,2025-09-21T07:21:01+00:00
a59f2b5f-ac9d-4c0d-b146-7e916e97f0ea,6760b35f-d3be-4df1-b9bb-dcc8d7227291,same_zip,off,31,2025-09-21T22:40:29+00:00
bc2a3267-1ea1-47bb-b6c9-8538f4190286,6760b35f-d3be-4df1-b9bb-dcc8d7227291,same_nationality,on,10,2025-09-21T22:40:48+00:00
0fb9c63b-29bb-43d5-8e1d-bc8e65fb9e59,6760b35f-d3be-4df1-b9bb-dcc8d7227291,category,kitchen_home,0,2025-09-21T22:40:56+00:00
627ff691-38cc-4ae5-95bb-57e736c32608,6760b35f-d3be-4df1-b9bb-dcc8d7227291,same_zip,on,0,2025-09-21T22:40:59+00:00
95e4b155-132f-4428-893b-60e57e4ac4df,6760b35f-d3be-4df1-b9bb-dcc8d7227291,radius_mi,0.5,0,2025-09-21T22:41:57+00:00
fc87d35f-397d-4167-b8c5-aee28c5ce5a5,6760b35f-d3be-4df1-b9bb-dcc8d7227291,condition,like_new,0,2025-09-21T22:42:08+00:00
b9932928-8225-4c18-bcef-6115852ab893,ff34dee7-a247-40d7-b920-a3d2e7a536c2,condition,used_fair,32,2025-09-22T01:21:24+00:00
00539de9-3a83-48b0-8122-bb425657733c,ff34dee7-a247-40d7-b920-a3d2e7a536c2,category,bikes_transport,5,2025-09-22T01:22:48+00:00
bff999d3-1e44-4b6e-b95b-d85ac889fd07,ff34dee7-a247-40d7-b920-a3d2e7a536c2,same_zip,on,0,2025-09-22T01:23:08+00:00
317f645f-f21b-4aa0-a557-ed354fef47ab,ff34dee7-a247-40d7-b920-a3d2e7a536c2,same_zip,off,5,2025-09-22T01:24:32+00:00
d4b4c0e5-de3a-4f9c-a9ae-da077284216d,ff34dee7-a247-40d7-b920-a3d2e7a536c2,same_nationality,on,2,2025-09-22T01:25:38+00:00
585527f5-47c8-475f-a48c-17da9dd78aa5,ff34dee7-a247-40d7-b920-a3d2e7a536c2,same_zip,on,0,2025-09-22T01:27:00+00:00
f3de4a6d-30c5-43ff-9988-7e3e68c47a51,2ad9462f-49f8-4d9a-8f1f-6f573c1e266f,radius_mi,0.5,42,2025-09-23T01:49:17+00:00
4fc46e29-a56d-41e9-98bd-2fb5ebd36b55,2ad9462f-49f8-4d9a-8f1f-6f573c1e266f,category,kitchen_home,6,2025-09-23T01:50:04+00:00
eab7c29e-ff4b-4614-9859-d49d1ca1255d,2ad9462f-49f8-4d9a-8f1f-6f573c1e266f,same_school,on,1,2025-09-23T01:50:43+00:00
27c4c7c2-7ada-4fa8-95ea-723a8d4c7f56,2ad9462f-49f8-4d9a-8f1f-6f573c1e266f,condition,like_new,0,2025-09-23T01:51:53+00:00
1fbc82fc-52d4-43f6-ad61-83eb9abde533,2ad9462f-49f8-4d9a-8f1f-6f573c1e266f,same_school,off,1,2025-09-23T01:52:41+00:00
e89a36d3-5105-4c95-9fa3-abe127b7177c,2ad9462f-49f8-4d9a-8f1f-6f573c1e266f,category,"kitchen_home,sports",3,2025-09-23T01:52:48+00:00
50459e6f-e966-4bf4-8ee2-d932b950b4d7,d1069292-d635-44f8-8c01-1494891ae61f,same_school,on,44,2025-09-24T13:58:52+00:00
ba4869c7-6246-4c45-8234-832f59501b2e,d1069292-d635-44f8-8c01-1494891ae61f,same_school,off,224,2025-09-24T13:59:31+00:00
187d37fb-42d5-4ede-87e0-9ec1e2be3b58,52c5c6a9-39b5-4951-9af7-b20a0970bd62,same_school,on,3,2025-09-25T22:28:41+00:00
d5fed190-63fa-4cd5-98c1-1a5a931ef390,52c5c6a9-39b5-4951-9af7-b20a0970bd62,radius_mi,0.5,0,2025-09-25T22:29:22+00:00
cec7d93e-77e0-4807-9f7f-91830b3f5708,52c5c6a9-39b5-4951-9af7-b20a0970bd62,same_school,off,2,2025-09-25T22:29:53+00:00
97a8d692-bab2-4302-b8d2-c8f5a8307d82,52c5c6a9-39b5-4951-9af7-b20a0970bd62,condition,used_good,1,2025-09-25T22:31:19+00:00
752a9253-f742-48f3-9ac3-3b9127a7a075,99348a51-08e9-4760-8822-b2f8debef37f,same_zip,on,1,2025-09-26T01:20:57+00:00
65f4bf7d-cf9f-4192-9867-9b6fa381d222,99348a51-08e9-4760-8822-b2f8debef37f,same_nationality,off,2,2025-09-26T01:21:39+00:00
f85b9108-baf9-4c34-b132-ab54251d1dd8,99348a51-08e9-4760-8822-b2f8debef37f,same_nationality,on,1,2025-09-26T01:21:49+00:00
98f2c528-3b8b-4afc-842a-89aa624f7d3b,99348a51-08e9-4760-8822-b2f8debef37f,same_school,on,0,2025-09-26T01:23:08+00:00
4de79d27-d34d-4a22-bec9-4ebd1be80d80,99348a51-08e9-4760-8822-b2f8debef37f,same_nationality,off,0,2025-09-26T01:23:53+00:00
454354ba-2052-4e09-ad16-751294fdb946,e984c74d-dd4a-466b-b93f-7f517e76b6c7,same_nationality,on,83,2025-09-26T15:44:49+00:00
c83a4b1b-2972-4e8a-bc72-351f69b45666,e984c74d-dd4a-466b-b93f-7f517e76b6c7,same_school,on,16,2025-09-26T15:45:45+00:00
47d83bf3-1665-46c7-a52f-e3f0c5ecf4d7,dd6a0ad5-cbc7-4d17-8a8a-229cea78e52b,same_nationality,on,33,2025-09-26T17:24:41+00:00
02d2f83c-b500-458d-8356-ec50ec6dd840,dd6a0ad5-cbc7-4d17-8a8a-229cea78e52b,same_school,on,5,2025-09-26T17:25:53+00:00
a930c350-22ce-45c2-83ce-1baa12d580b7,dd6a0ad5-cbc7-4d17-8a8a-229cea78e52b,condition,like_new,2,2025-09-26T17:26:33+00:00
b634cc31-1bae-4611-9c9a-75b8e7d62a1e,dd6a0ad5-cbc7-4d17-8a8a-229cea78e52b,radius_mi,5.0,2,2025-09-26T17:27:15+00:00
4bc8c660-a142-4ff2-9647-9f1738aed282,dd6a0ad5-cbc7-4d17-8a8a-229cea78e52b,same_zip,on,0,2025-09-26T17:27:52+00:00
77749b47-074c-4a43-bc5f-b2df3b495e47,dd6a0ad5-cbc7-4d17-8a8a-229cea78e52b,condition,"like_new,new",0,2025-09-26T17:28:43+00:00
3b95ddff-6c18-471f-823b-517117734377,b3a594ad-c0b2-4c4f-9c16-36e5268f731d,same_zip,on,43,2025-09-27T01:39:33+00:00
1d3c5938-0b47-4541-8072-125074d208c1,b3a594ad-c0b2-4c4f-9c16-36e5268f731d,radius_mi,1.0,43,2025-09-27T01:40:25+00:00
45840de4-278b-4963-b71d-42c5135509dc,b3a594ad-c0b2-4c4f-9c16-36e5268f731d,condition,new,3,2025-09-27T01:41:54+00:00
295f7138-07c9-4e2b-b9b1-8dad5fd862a5,b3a594ad-c0b2-4c4f-9c16-36e5268f731d,same_school,on,0,2025-09-27T01:43:19+00:00
7ca22489-5088-4cc8-a65c-46489b162dcc,b3a594ad-c0b2-4c4f-9c16-36e5268f731d,same_school,off,3,2025-09-27T01:44:01+00:00
b6643e46-c0b1-4695-9511-2638e78bf06c,de74cf8e-baf2-424d-9e05-fa5a4aefa19e,same_zip,on,9,2025-10-02T12:45:05+00:00
645ee0a3-9887-4d91-94e5-b926f1e13686,de74cf8e-baf2-424d-9e05-fa5a4aefa19e,same_nationality,on,6,2025-10-02T12:45:08+00:00
aba7e46c-0589-4c2a-a55f-decf92a74f92,5ca23f6e-524f-449e-b9d2-a758e70cff73,category,bikes_transport,9,2025-10-02T15:21:13+00:00
1f0be103-b3b6-4f1b-b429-c3d85997c11e,5ca23f6e-524f-449e-b9d2-a758e70cff73,condition,used_good,3,2025-10-02T15:21:44+00:00
cc50778b-603a-437b-acb7-2162ea5dfb91,5ca23f6e-524f-449e-b9d2-a758e70cff73,same_nationality,on,1,2025-10-02T15:21:47+00:00
4e1228aa-25cc-4636-9115-8ca698572fb0,5ca23f6e-524f-449e-b9d2-a758e70cff73,condition,(cleared),3,2025-10-02T15:22:07+00:00
a46ce539-afbf-4459-a55b-c862c57a5676,5ca23f6e-524f-449e-b9d2-a758e70cff73,same_zip,off,8,2025-10-02T15:22:41+00:00
54622ef2-3f88-417f-ad50-0b043a2b453e,5ca23f6e-524f-449e-b9d2-a758e70cff73,category,"bikes_transport,textbooks",24,2025-10-02T15:23:01+00:00
80109f9c-d781-4bd1-812f-05dd85884874,53a84c41-db22-49bf-98bd-d408fffdabc3,category,furniture,74,2025-10-03T10:14:05+00:00
3497e4e9-d5ec-4079-bc32-309c76c9cd4d,53a84c41-db22-49bf-98bd-d408fffdabc3,same_nationality,on,10,2025-10-03T10:15:12+00:00
98af96bc-961f-40fa-a315-a840e0b5c6d1,53a84c41-db22-49bf-98bd-d408fffdabc3,radius_mi,10.0,15,2025-10-03T10:16:29+00:00
90cb71c7-15c8-447c-9b85-4ab29dd5861b,53a84c41-db22-49bf-98bd-d408fffdabc3,radius_mi,1.0,1,2025-10-03T10:17:36+00:00
5e20fccc-4867-4abd-940a-03afd7e20999,53a84c41-db22-49bf-98bd-d408fffdabc3,same_nationality,off,1,2025-10-03T10:18:07+00:00
773f5bea-13e7-4ee4-ba1c-8ff89c15e165,b87fa7ae-7016-46ff-bf10-b0be3cd2d358,same_nationality,on,60,2025-10-03T20:22:58+00:00
94a150b4-84e0-403e-80aa-845df99e9999,b87fa7ae-7016-46ff-bf10-b0be3cd2d358,category,clothing,9,2025-10-03T20:23:11+00:00
7be9b76f-e1b3-4049-b299-98220cc29da7,b87fa7ae-7016-46ff-bf10-b0be3cd2d358,same_nationality,off,22,2025-10-03T20:24:06+00:00
4a7bdf5a-5df4-4f9a-ac49-b6243307f7ad,b87fa7ae-7016-46ff-bf10-b0be3cd2d358,category,"bikes_transport,clothing",35,2025-10-03T20:24:17+00:00
42279738-4e3b-4a86-9c57-d873825031ef,9e2d608b-d89b-47b6-a9be-d7becb140d83,condition,like_new,39,2025-10-04T00:53:35+00:00
fa195887-1541-43bd-a35f-2a9a4c00a102,9e2d608b-d89b-47b6-a9be-d7becb140d83,same_zip,off,71,2025-10-04T00:54:34+00:00
656784a5-91f7-4664-b845-956da18f1c36,4366727f-cad9-45ec-ac07-3b7e024b94a1,same_school,on,45,2025-10-06T00:56:48+00:00
bb45fe0e-6561-47f8-97a0-14517d7f627e,4366727f-cad9-45ec-ac07-3b7e024b94a1,same_zip,on,27,2025-10-06T00:56:51+00:00
62e2c398-a2fa-4a51-9621-f3ffd171d4d8,4366727f-cad9-45ec-ac07-3b7e024b94a1,same_nationality,on,0,2025-10-06T00:57:17+00:00
c09deed7-6135-495f-9b14-9af3cd450148,4366727f-cad9-45ec-ac07-3b7e024b94a1,category,sports,0,2025-10-06T00:58:28+00:00
e81e20bb-2b61-4aae-b8af-338f2b68dce5,780c8367-fbe3-4f3e-bb65-e449f49742c2,radius_mi,10.0,299,2025-10-06T19:53:47+00:00
9f277744-d77b-4850-aa50-8ab1255e683c,780c8367-fbe3-4f3e-bb65-e449f49742c2,category,textbooks,54,2025-10-06T19:53:57+00:00
e5aeccba-edb7-4831-98b0-3d270546460c,780c8367-fbe3-4f3e-bb65-e449f49742c2,radius_mi,2.5,6,2025-10-06T19:54:57+00:00
ebf9c902-d601-4396-bd7d-dc5ee17d5133,1df596d4-a79f-4572-9306-495047dbf75e,condition,used_good,89,2025-10-07T03:16:11+00:00
980146c6-37a1-46c3-88a6-8ec7b163352e,1df596d4-a79f-4572-9306-495047dbf75e,same_school,on,10,2025-10-07T03:16:47+00:00
08b86e55-b352-4363-a5a6-62fd4816eae5,1df596d4-a79f-4572-9306-495047dbf75e,same_zip,on,5,2025-10-07T03:18:13+00:00
7dcd08be-696b-4b9d-abcd-9607dfc13687,1df596d4-a79f-4572-9306-495047dbf75e,same_nationality,on,3,2025-10-07T03:19:21+00:00
b1dd9baa-a959-4995-bbbf-f366ce388526,fdf80e2a-8b01-4d79-a8c3-3ea29134c88c,same_nationality,off,238,2025-10-09T12:10:47+00:00
93f853f5-2c9c-4102-9a60-f042a9d7475f,fdf80e2a-8b01-4d79-a8c3-3ea29134c88c,condition,like_new,72,2025-10-09T12:11:45+00:00
414f0f02-33f1-4360-b53a-3b8a355e0065,fdf80e2a-8b01-4d79-a8c3-3ea29134c88c,same_zip,on,40,2025-10-09T12:11:59+00:00
3856babf-7c73-4776-adad-41d8ad9f1f5e,fdf80e2a-8b01-4d79-a8c3-3ea29134c88c,category,free_stuff,0,2025-10-09T12:13:11+00:00
5457ef2d-852c-4363-8e23-2f58ddd82aca,75f5c0c5-ff4b-4a5e-9cdb-236c8398b4e4,category,kitchen_home,33,2025-10-10T11:24:46+00:00
73767f25-6e47-41cf-969b-e78a130d03e9,75f5c0c5-ff4b-4a5e-9cdb-236c8398b4e4,same_nationality,on,0,2025-10-10T11:25:29+00:00
b9f2169c-d38b-42dc-b12b-4b090f21cabd,75f5c0c5-ff4b-4a5e-9cdb-236c8398b4e4,same_school,on,0,2025-10-10T11:26:26+00:00
9598c60b-492a-4e5d-bd09-417969831980,5ce43817-8afb-43c8-aa72-569b92aeb223,category,furniture,71,2025-10-10T16:11:58+00:00
fe49fd5c-f480-443d-8b05-38416404d6a0,5ce43817-8afb-43c8-aa72-569b92aeb223,same_school,on,13,2025-10-10T16:12:19+00:00
c91e148a-4b11-4352-bf62-56dec22e7051,5ce43817-8afb-43c8-aa72-569b92aeb223,radius_mi,0.5,5,2025-10-10T16:12:37+00:00
2af7957b-d6eb-481e-a56b-147f1bc260ae,6dae0af9-c881-473c-a919-489118789e0d,same_nationality,off,241,2025-10-11T00:01:47+00:00
d489b12f-85f0-4ca3-b0a4-f3e72dd6ad35,6dae0af9-c881-473c-a919-489118789e0d,same_zip,on,122,2025-10-11T00:02:38+00:00
a83b8abf-787c-4eaf-b349-2f54b83413ea,6dae0af9-c881-473c-a919-489118789e0d,same_nationality,on,3,2025-10-11T00:03:20+00:00
7e43167b-120e-4b87-9f90-a07c313a17fa,6dae0af9-c881-473c-a919-489118789e0d,same_zip,off,11,2025-10-11T00:04:17+00:00
fef9af02-f1fa-4af4-8010-e53ff3b6d284,5579985d-8b97-4fbf-89a3-3636d4a31837,same_nationality,on,86,2025-10-11T21:38:04+00:00
07a41dfc-78ab-4bf5-9468-cecbe775f087,5579985d-8b97-4fbf-89a3-3636d4a31837,same_zip,on,41,2025-10-11T21:38:55+00:00
304f794e-992f-4963-a0ff-f9554b604251,5579985d-8b97-4fbf-89a3-3636d4a31837,same_zip,off,86,2025-10-11T21:39:52+00:00
8b947317-f1e4-4a4d-9fbf-bf8e052e803e,f87b345a-0777-46fc-865a-b76dacc1e90a,condition,new,11,2025-10-12T09:14:45+00:00
c2be0981-5ec9-4fec-8b3b-398dd4d0a56b,f87b345a-0777-46fc-865a-b76dacc1e90a,radius_mi,2.5,11,2025-10-12T09:15:41+00:00
839f7b67-97e7-4cb2-b513-4b65990e4b10,f87b345a-0777-46fc-865a-b76dacc1e90a,same_school,on,1,2025-10-12T09:15:49+00:00
46e00a76-bc3a-40c1-bfa5-7595a96d2e9a,6760b35f-d3be-4df1-b9bb-dcc8d7227291,condition,used_good,0,2025-10-12T22:06:25+00:00
1061839c-ae25-400c-8f14-c4d5cc1cbbed,6760b35f-d3be-4df1-b9bb-dcc8d7227291,same_school,on,0,2025-10-12T22:07:31+00:00
bcfe0d31-0a71-4b4a-af51-eaf08e59227d,6760b35f-d3be-4df1-b9bb-dcc8d7227291,radius_mi,2.5,0,2025-10-12T22:07:52+00:00
3e0b21ed-89e0-4249-b4c7-4909100e47e0,6760b35f-d3be-4df1-b9bb-dcc8d7227291,same_zip,off,2,2025-10-12T22:09:13+00:00
14ef0c44-1bf6-4477-a97e-b2211ed67004,6760b35f-d3be-4df1-b9bb-dcc8d7227291,category,bikes_transport,1,2025-10-12T22:10:38+00:00
c2bfb78e-21f5-4dfb-bc6f-c6781e2dea9a,6760b35f-d3be-4df1-b9bb-dcc8d7227291,same_school,off,1,2025-10-12T22:11:59+00:00
a7035062-a2c4-4920-9eea-31512c19eae9,9683d7cb-c320-48ab-b91d-373a4a32cc44,radius_mi,1.0,173,2025-10-15T00:53:35+00:00
7cca6077-d6ef-4313-861b-cba53cb7fe54,9683d7cb-c320-48ab-b91d-373a4a32cc44,same_nationality,on,27,2025-10-15T00:53:55+00:00
43544d6b-36eb-4653-88ad-82c82ef0f6b4,9683d7cb-c320-48ab-b91d-373a4a32cc44,category,electronics,4,2025-10-15T00:54:10+00:00
55239abd-39f1-4e22-b96f-baabaf2b0ec7,9683d7cb-c320-48ab-b91d-373a4a32cc44,same_school,on,0,2025-10-15T00:54:32+00:00
91bef49f-f264-46e0-ab90-7980c82d8cca,9683d7cb-c320-48ab-b91d-373a4a32cc44,same_zip,on,0,2025-10-15T00:54:48+00:00
eaecd253-44b5-4558-bdd2-b4f65d72ec93,9683d7cb-c320-48ab-b91d-373a4a32cc44,same_nationality,off,4,2025-10-15T00:56:11+00:00
1b863cb3-e096-48b3-b5e0-113591a90c86,6b83a412-875d-4f35-8ce5-9a2c67a093f6,radius_mi,5.0,269,2025-10-15T11:43:36+00:00
df8d8e1c-e73c-4f17-8885-6c58f62c0274,6b83a412-875d-4f35-8ce5-9a2c67a093f6,condition,used_fair,42,2025-10-15T11:44:01+00:00
cf213815-9417-4724-817f-8cf23c8aa49e,29b08317-6763-47c6-93e5-e9d211886a27,radius_mi,0.5,35,2025-10-20T23:00:44+00:00
bfc47e01-5e6d-4b51-9666-d6cd16b5bbb5,29b08317-6763-47c6-93e5-e9d211886a27,radius_mi,10.0,306,2025-10-20T23:00:59+00:00
e973fa2c-083b-4c67-9801-9b922eff63a9,29b08317-6763-47c6-93e5-e9d211886a27,same_nationality,on,11,2025-10-20T23:02:02+00:00
3f01c288-a001-45b0-87ae-6a5a74cd2970,9ce8ad86-b5f1-4d08-a8d6-d8b25b7f8f86,same_nationality,on,89,2025-10-21T03:04:46+00:00
d400ec28-9152-4962-b75a-5d8e210a7d7a,9ce8ad86-b5f1-4d08-a8d6-d8b25b7f8f86,same_zip,on,42,2025-10-21T03:05:52+00:00
2a0e1f56-fdb2-4b28-946e-57fd7fdecbd4,9ce8ad86-b5f1-4d08-a8d6-d8b25b7f8f86,category,furniture,14,2025-10-21T03:06:05+00:00
021fc1cd-bcc1-44d7-8e7d-2e46e83671cb,9ce8ad86-b5f1-4d08-a8d6-d8b25b7f8f86,category,"furniture,kitchen_home",18,2025-10-21T03:06:34+00:00
4009a539-deeb-4f2f-b976-98d887ad1486,9ce8ad86-b5f1-4d08-a8d6-d8b25b7f8f86,radius_mi,1.0,18,2025-10-21T03:07:25+00:00
b9142e0d-37b2-46ea-a484-db12a6179be6,9ce8ad86-b5f1-4d08-a8d6-d8b25b7f8f86,radius_mi,2.5,18,2025-10-21T03:07:31+00:00
f7183d00-ac84-48cc-839d-17cbafadeaee,b233f9f6-2a38-41be-92c9-8555aefc62a9,same_school,on,17,2025-10-21T19:17:35+00:00
8662309b-db8b-4219-8e7a-58ebbb455201,b233f9f6-2a38-41be-92c9-8555aefc62a9,radius_mi,0.5,5,2025-10-21T19:18:43+00:00
8379ea16-fe73-4194-8204-005fb56c7aeb,31d9eacf-7f61-4435-b484-43965f1c29b6,category,bikes_transport,16,2025-10-24T12:09:58+00:00
44cae6e2-afe0-4b34-a867-370fe341530b,31d9eacf-7f61-4435-b484-43965f1c29b6,same_zip,on,3,2025-10-24T12:11:22+00:00
57f6a971-deaa-4ca9-ae2f-9e0395a10a1c,31d9eacf-7f61-4435-b484-43965f1c29b6,same_nationality,on,1,2025-10-24T12:12:46+00:00
c169cd06-4f97-4584-9f0d-db80e1d01b09,5d717b99-735c-4981-87a3-225adde8acea,category,textbooks,30,2025-10-25T16:36:38+00:00
8ea579ee-87f5-4751-abdb-1c3ea7f45af7,5d717b99-735c-4981-87a3-225adde8acea,radius_mi,5.0,45,2025-10-25T16:38:01+00:00
f5546808-0627-4076-adde-5e552b2a51c2,caa94dc0-81be-4dfa-8bc4-fa28c1ea5e7e,radius_mi,5.0,292,2025-10-25T20:16:30+00:00
26273e62-21b0-46f5-9339-8c513ca89f4b,caa94dc0-81be-4dfa-8bc4-fa28c1ea5e7e,same_zip,on,3,2025-10-25T20:17:43+00:00
bd325e12-49eb-4920-9bec-ea6984ef6707,a9cdac52-fb98-4fca-a99d-9127b6f2d083,category,sports,5,2025-10-25T22:20:16+00:00
6790472a-3da9-4489-a23a-57833aad372d,a9cdac52-fb98-4fca-a99d-9127b6f2d083,same_zip,off,12,2025-10-25T22:21:15+00:00
d1563353-a735-4f48-9f27-4d34ebc29652,10052c3a-4cb2-4d00-a0bc-2b3ec6334ca5,same_zip,off,249,2025-10-26T12:37:42+00:00
f4cdbf0b-900d-40f9-aa0a-a28088b4c0c8,10052c3a-4cb2-4d00-a0bc-2b3ec6334ca5,condition,used_good,126,2025-10-26T12:37:54+00:00
9ad46342-c4d2-42b6-87c0-753edd6d2d4b,10052c3a-4cb2-4d00-a0bc-2b3ec6334ca5,same_nationality,on,0,2025-10-26T12:38:39+00:00
abc7a37c-800e-4811-9cee-1567271e543f,10052c3a-4cb2-4d00-a0bc-2b3ec6334ca5,condition,(cleared),0,2025-10-26T12:39:05+00:00
a0aec1aa-1a6b-41cd-bef5-e27a5cab7ec7,10052c3a-4cb2-4d00-a0bc-2b3ec6334ca5,same_school,on,0,2025-10-26T12:39:37+00:00
b66ec227-2baf-4c81-b122-0d755218311c,dfb7e95f-260e-477a-a24a-a98cf163a43a,same_nationality,on,4,2025-10-28T09:34:42+00:00
8750fbbd-9464-4ce2-87fb-e8fb48741068,dfb7e95f-260e-477a-a24a-a98cf163a43a,condition,like_new,0,2025-10-28T09:35:19+00:00
a12f348f-0f98-4ced-8563-b09783a11835,dfb7e95f-260e-477a-a24a-a98cf163a43a,radius_mi,1.0,0,2025-10-28T09:35:33+00:00
4c1e458c-9b65-41c4-af89-eac2be9df00f,dfb7e95f-260e-477a-a24a-a98cf163a43a,category,free_stuff,0,2025-10-28T09:36:46+00:00
a09ff278-f85c-4ac7-a072-b098b26eb0dd,64be8bfb-802e-4c82-a1a5-933556b2ba96,same_nationality,on,11,2025-10-30T03:47:31+00:00
c206b614-8f7e-43f9-bd3e-937f1034c653,64be8bfb-802e-4c82-a1a5-933556b2ba96,condition,used_good,9,2025-10-30T03:47:56+00:00
566cc663-b28e-4fa0-bc6d-3a6368bcdac1,64be8bfb-802e-4c82-a1a5-933556b2ba96,same_zip,on,2,2025-10-30T03:48:09+00:00
e4abccbe-ebc0-4fbe-b0b8-ffb54b65219c,5a9e45fe-4a1e-47ab-9fd9-93dbc98d81eb,same_nationality,on,1,2025-10-31T11:29:45+00:00
b7e6e68a-ae98-4328-946d-2deda050a649,5a9e45fe-4a1e-47ab-9fd9-93dbc98d81eb,condition,used_good,0,2025-10-31T11:30:16+00:00
1f7a5ba4-8d9d-45f8-8586-8a1485f36a53,5a9e45fe-4a1e-47ab-9fd9-93dbc98d81eb,same_zip,on,0,2025-10-31T11:30:31+00:00
320f1c70-c74d-4d14-8d22-c76e1de85fab,5a9e45fe-4a1e-47ab-9fd9-93dbc98d81eb,same_zip,off,0,2025-10-31T11:31:45+00:00
8ad685ad-eeb1-45fa-806f-64332e172e73,5a9e45fe-4a1e-47ab-9fd9-93dbc98d81eb,category,kitchen_home,0,2025-10-31T11:33:08+00:00
b9e9640b-69b8-4983-a7b5-88d97d90a724,a80b24ca-19f4-4796-9a5e-683f4e8f7b14,same_zip,on,35,2025-11-02T15:16:23+00:00
a9bfc0cc-0269-4a78-8261-b4a1d10d1ca5,a80b24ca-19f4-4796-9a5e-683f4e8f7b14,category,furniture,8,2025-11-02T15:16:32+00:00
b2e581da-a7dc-4268-8474-4bb9176f1a2c,a80b24ca-19f4-4796-9a5e-683f4e8f7b14,same_school,on,3,2025-11-02T15:16:37+00:00
2b327c9a-ad4d-4e7f-9155-b6d94a5b937d,a80b24ca-19f4-4796-9a5e-683f4e8f7b14,radius_mi,1.0,3,2025-11-02T15:17:36+00:00
53ab6c72-8bf2-454f-8041-e0381122b54b,a80b24ca-19f4-4796-9a5e-683f4e8f7b14,same_zip,off,10,2025-11-02T15:18:15+00:00
b1ccc15e-3c98-4c67-83f1-992ac3ed1829,a80b24ca-19f4-4796-9a5e-683f4e8f7b14,category,"furniture,textbooks",17,2025-11-02T15:19:15+00:00
9767340e-9146-42a8-adc3-52cbec8620b0,7759297b-afe9-4b95-8e56-6c553c734e03,same_nationality,on,1,2025-11-03T23:27:31+00:00
c3db7210-6c28-431c-af7f-66b91a6cf0cd,7759297b-afe9-4b95-8e56-6c553c734e03,category,textbooks,1,2025-11-03T23:27:49+00:00
216437b7-6cc4-40bb-a679-5a1a2fc29dea,7759297b-afe9-4b95-8e56-6c553c734e03,same_nationality,off,44,2025-11-03T23:28:54+00:00
374149a5-6e90-45db-9e6c-0f006289240c,af587165-10af-4199-96d6-3bcb946bf36d,same_school,on,4,2025-11-04T01:58:26+00:00
94c6ab9c-dca0-4a9c-8666-89b3c4894068,af587165-10af-4199-96d6-3bcb946bf36d,category,clothing,2,2025-11-04T01:58:45+00:00
dbce91c7-59f5-429e-b006-49e673b4c232,af587165-10af-4199-96d6-3bcb946bf36d,same_zip,off,3,2025-11-04T02:00:07+00:00
52f82a61-5ca0-4b18-b3b3-e9ed0c950890,af587165-10af-4199-96d6-3bcb946bf36d,radius_mi,5.0,3,2025-11-04T02:00:17+00:00
5e363cb8-c8eb-4339-97f7-6b1770ca16d7,af587165-10af-4199-96d6-3bcb946bf36d,same_nationality,on,1,2025-11-04T02:00:40+00:00
d5e55667-b65c-4d3b-a54a-8b65b868af75,af587165-10af-4199-96d6-3bcb946bf36d,condition,used_fair,1,2025-11-04T02:01:25+00:00
29bb9dea-31b5-4f32-ab80-a631817694ff,5da9c176-ec13-4102-b6cf-121f4b145d5a,same_nationality,on,91,2025-11-04T13:38:01+00:00
89a6e1ca-2155-4203-9523-49316f6061c9,5da9c176-ec13-4102-b6cf-121f4b145d5a,same_school,on,9,2025-11-04T13:38:27+00:00
099e07d6-142a-47a0-a304-33dc81605139,5da9c176-ec13-4102-b6cf-121f4b145d5a,condition,new,0,2025-11-04T13:38:49+00:00
6c34bb5b-9426-4b07-9e7d-157074ceb155,5da9c176-ec13-4102-b6cf-121f4b145d5a,same_school,off,4,2025-11-04T13:39:57+00:00
72f5ada0-8d49-4b4a-9f26-b07433817b61,b60473a7-fc1d-48a6-b979-2e6c324f1b4c,radius_mi,10.0,323,2025-11-05T23:25:49+00:00
b46e03c1-99e8-4117-8ce7-8e31698b3078,b60473a7-fc1d-48a6-b979-2e6c324f1b4c,category,furniture,93,2025-11-05T23:26:55+00:00
11e3c004-201f-431c-98e2-d4bbdd7bfba1,469cafcd-e935-4706-a180-dbcf0d46cd05,category,electronics,36,2025-11-06T04:23:35+00:00
3da17681-cfef-4d31-9be2-f5f753db4778,469cafcd-e935-4706-a180-dbcf0d46cd05,same_school,on,3,2025-11-06T04:24:05+00:00
31939888-48bc-4dba-86b5-0cf44c66ee2f,469cafcd-e935-4706-a180-dbcf0d46cd05,same_nationality,on,1,2025-11-06T04:24:54+00:00
4bf4a900-2f74-4764-a781-2d53ca733b59,60894dd1-d449-4366-a1f2-506c99644e4d,same_nationality,on,1,2025-11-06T10:27:21+00:00
84b5dfcb-b469-4928-9c43-7a6c8b2487b8,60894dd1-d449-4366-a1f2-506c99644e4d,same_school,on,0,2025-11-06T10:28:06+00:00
012d95cb-fa08-4096-abee-5d22c8acbee2,60894dd1-d449-4366-a1f2-506c99644e4d,same_zip,on,0,2025-11-06T10:29:26+00:00
95d130f5-4a6a-47ee-ae3a-13ac0bbe0ae7,60894dd1-d449-4366-a1f2-506c99644e4d,category,clothing,0,2025-11-06T10:29:32+00:00
525ad004-0c2d-4407-aedd-9bbf21c5cda8,60894dd1-d449-4366-a1f2-506c99644e4d,same_zip,off,0,2025-11-06T10:29:45+00:00
d518ea5c-f5e0-490f-8d72-bb42c015ab2c,a65291d3-0e33-4ea9-afd9-e6056f5fec42,category,bikes_transport,9,2025-11-08T04:38:24+00:00
9e0ed52b-0563-4cb4-8d74-7311a3fe986f,a65291d3-0e33-4ea9-afd9-e6056f5fec42,category,"bikes_transport,free_stuff",14,2025-11-08T04:39:20+00:00
79c376b7-e300-4b39-8db9-731516aeee05,a65291d3-0e33-4ea9-afd9-e6056f5fec42,condition,used_good,7,2025-11-08T04:39:56+00:00
c88947e9-04b5-4cdf-815f-5b2f0f9a5cd5,a65291d3-0e33-4ea9-afd9-e6056f5fec42,condition,"like_new,used_good",10,2025-11-08T04:41:09+00:00
8c9be2ab-043c-479b-ab11-c818934c2fe2,a65291d3-0e33-4ea9-afd9-e6056f5fec42,same_zip,on,10,2025-11-08T04:42:17+00:00
532704ab-f8cd-42ba-93ce-6ad5e04a8794,1162a399-ae84-499c-86eb-5c0b8d4bd19d,same_school,on,47,2025-11-14T07:44:38+00:00
04cdca40-7c4c-434d-b1eb-79c3d313edaa,1162a399-ae84-499c-86eb-5c0b8d4bd19d,category,clothing,9,2025-11-14T07:44:46+00:00
0cc2cb6e-6f09-4d3f-a8bc-06d92ff3e3d5,1162a399-ae84-499c-86eb-5c0b8d4bd19d,same_school,off,28,2025-11-14T07:45:51+00:00
8ab4b1f3-43d2-41db-9e21-91e0eb474fd7,1162a399-ae84-499c-86eb-5c0b8d4bd19d,same_zip,on,1,2025-11-14T07:46:06+00:00
977ad394-55cc-428d-8298-aa54f7ff5ec5,1162a399-ae84-499c-86eb-5c0b8d4bd19d,same_nationality,on,0,2025-11-14T07:46:50+00:00
584e0c28-dbf0-457e-a276-fd6e6b012521,78adb4b4-64d8-4a3f-b789-0aeeccaf033e,category,bikes_transport,13,2025-11-16T17:29:20+00:00
2ff92f96-4e73-4d91-9381-72833706064e,78adb4b4-64d8-4a3f-b789-0aeeccaf033e,radius_mi,1.0,13,2025-11-16T17:30:14+00:00
3648c657-14e0-4c27-9c4f-f782458ba9f6,78adb4b4-64d8-4a3f-b789-0aeeccaf033e,same_zip,on,10,2025-11-16T17:30:55+00:00
e8d4f230-750a-4d5c-bb18-8faa2b176569,b7fef60e-e709-4148-b2be-091d4a9dc1a5,category,textbooks,44,2025-11-18T07:01:32+00:00
b1451e49-8d08-49eb-9cfd-93a16d9ef9d9,b7fef60e-e709-4148-b2be-091d4a9dc1a5,radius_mi,0.5,7,2025-11-18T07:02:54+00:00
e72964e6-a38e-4dde-9fe1-570b9522f5e3,b7fef60e-e709-4148-b2be-091d4a9dc1a5,same_zip,on,7,2025-11-18T07:03:59+00:00
d5ecd7d4-0cac-429f-a2e9-40569a0d31ad,b7fef60e-e709-4148-b2be-091d4a9dc1a5,same_nationality,on,0,2025-11-18T07:04:03+00:00
820c92d3-f397-4999-9899-92bb0d8739ac,b7fef60e-e709-4148-b2be-091d4a9dc1a5,same_school,on,0,2025-11-18T07:05:00+00:00
219ddbb0-0d00-48ef-bef8-a35eb39fdadd,b7fef60e-e709-4148-b2be-091d4a9dc1a5,condition,used_good,0,2025-11-18T07:05:11+00:00
41bb9bb0-9e31-4b60-86a4-acb52b4e3faf,1a6871ca-4c9c-41a0-a153-98abff494d21,same_school,on,48,2025-11-20T02:47:36+00:00
cdff96ae-e2c3-4b25-8108-b8bb6e0befc2,1a6871ca-4c9c-41a0-a153-98abff494d21,condition,used_fair,10,2025-11-20T02:48:26+00:00
51e287fa-6396-4c33-afbd-b0933f653f0b,1a6871ca-4c9c-41a0-a153-98abff494d21,condition,"like_new,used_fair",24,2025-11-20T02:49:45+00:00
3e3c8b9a-4aee-45ca-86f6-f630f4a58080,1a6871ca-4c9c-41a0-a153-98abff494d21,condition,"like_new,used_fair,used_good",45,2025-11-20T02:50:42+00:00
2c164f53-f4bf-4cea-b14b-8efdb446b8c2,1a6871ca-4c9c-41a0-a153-98abff494d21,same_nationality,on,0,2025-11-20T02:52:10+00:00
2b7df22f-0ed7-4f5d-a406-b597e4b9ad35,1a6871ca-4c9c-41a0-a153-98abff494d21,radius_mi,0.5,0,2025-11-20T02:53:02+00:00
ddabccc8-9150-4762-ad4a-330ff64f7acb,fe409d6f-e259-485b-96bc-c2a89d7996e6,radius_mi,10.0,13,2025-11-20T04:09:37+00:00
4a650958-8a01-43e7-94f7-b3e16dd2dfdb,fe409d6f-e259-485b-96bc-c2a89d7996e6,radius_mi,0.5,4,2025-11-20T04:11:05+00:00
20a5fb2b-7ef1-41c1-a1de-8261bc5fa006,fe409d6f-e259-485b-96bc-c2a89d7996e6,condition,like_new,1,2025-11-20T04:11:18+00:00
a5909ed3-ecde-4ac7-bd03-3a29b1890b5a,fe409d6f-e259-485b-96bc-c2a89d7996e6,condition,"like_new,used_fair",1,2025-11-20T04:12:21+00:00
c4a37be0-12db-4303-bcd1-d1c26aa5e5ea,bdd3bd04-7e4b-4d82-816f-dceb5fae55ea,same_zip,on,52,2025-11-22T12:04:24+00:00
97ecfd41-3799-4711-94bd-060065c522db,bdd3bd04-7e4b-4d82-816f-dceb5fae55ea,category,textbooks,8,2025-11-22T12:05:37+00:00
bdc3d296-34a5-4c97-9532-2a3503093228,bdd3bd04-7e4b-4d82-816f-dceb5fae55ea,category,(cleared),52,2025-11-22T12:06:29+00:00
b9a91ad9-ba9a-4de0-81a7-d36d9e048d6a,bdd3bd04-7e4b-4d82-816f-dceb5fae55ea,radius_mi,5.0,52,2025-11-22T12:06:35+00:00
c8499aa9-ea9c-484c-b967-824ed9bfd58b,bdd3bd04-7e4b-4d82-816f-dceb5fae55ea,same_zip,off,294,2025-11-22T12:07:22+00:00
09e200f2-808e-43db-9dbe-9ffc6c1e6af6,bdd3bd04-7e4b-4d82-816f-dceb5fae55ea,radius_mi,1.0,60,2025-11-22T12:08:19+00:00
194ed68a-a27a-4004-9c89-b720a8368e11,53a84c41-db22-49bf-98bd-d408fffdabc3,category,sports,15,2025-11-23T16:17:23+00:00
b9d06071-82b7-4d74-9ba7-b7c3cbdddf6d,53a84c41-db22-49bf-98bd-d408fffdabc3,same_school,on,3,2025-11-23T16:18:17+00:00
c13223da-1a28-4d9b-8020-8b537bf0afbf,53a84c41-db22-49bf-98bd-d408fffdabc3,same_school,off,15,2025-11-23T16:18:22+00:00
8d76700c-b2c9-4ba0-af44-763bf919ccb0,7f332889-8032-467d-a20a-a0aadb0a6c98,category,free_stuff,0,2025-11-24T08:17:45+00:00
70246f0f-54ce-492c-8993-111c49566582,7f332889-8032-467d-a20a-a0aadb0a6c98,radius_mi,0.5,0,2025-11-24T08:18:26+00:00
e909afe8-bdb1-4e6a-a738-6ee6ca64ac43,7f332889-8032-467d-a20a-a0aadb0a6c98,category,(cleared),1,2025-11-24T08:19:23+00:00
0151691f-a2e8-4667-9272-b35aeb6f87d6,7f332889-8032-467d-a20a-a0aadb0a6c98,same_school,on,1,2025-11-24T08:20:24+00:00
b036d2bb-6370-46cb-b039-1ccbfd54f9f3,7f332889-8032-467d-a20a-a0aadb0a6c98,same_zip,on,1,2025-11-24T08:21:50+00:00
cd8c9808-ee5a-4d00-ab57-2e2bef5c4abb,7f332889-8032-467d-a20a-a0aadb0a6c98,same_nationality,off,19,2025-11-24T08:22:42+00:00
a97d008c-0b32-4395-bafa-76fa0488448e,f74c5434-3a39-4dc9-8fd0-1b4de52cff6b,category,furniture,75,2025-11-25T07:16:24+00:00
c041ecc5-e843-465d-bbe1-f7e17b406b38,f74c5434-3a39-4dc9-8fd0-1b4de52cff6b,condition,used_fair,18,2025-11-25T07:16:45+00:00
df640318-334d-4c1a-8bc5-4ebad64ffd46,f74c5434-3a39-4dc9-8fd0-1b4de52cff6b,same_school,on,0,2025-11-25T07:17:38+00:00
ed99bc97-663b-4968-b13b-1b28c8d89331,f74c5434-3a39-4dc9-8fd0-1b4de52cff6b,condition,"used_fair,used_good",6,2025-11-25T07:18:23+00:00
2f3d327e-c9ae-4581-917e-aef63cd71265,d4e30b6e-aa93-40ee-8750-e1f001abcea7,same_zip,on,52,2025-11-25T18:08:55+00:00
79447bc7-3359-437d-8679-2d063e395452,d4e30b6e-aa93-40ee-8750-e1f001abcea7,radius_mi,10.0,52,2025-11-25T18:09:21+00:00
171682d3-0dc7-4d8b-b0f9-21fab88a9b47,d4e30b6e-aa93-40ee-8750-e1f001abcea7,category,furniture,13,2025-11-25T18:10:09+00:00
189766b9-06f5-4dd3-907c-49d4365d26fc,d4e30b6e-aa93-40ee-8750-e1f001abcea7,same_nationality,on,1,2025-11-25T18:10:49+00:00
a82c985f-bec2-4b2d-877d-7b6eee996c8d,d4e30b6e-aa93-40ee-8750-e1f001abcea7,radius_mi,10.0,1,2025-11-25T18:11:41+00:00
997fa006-7774-40e6-bf86-04a68d26a23b,b87fa7ae-7016-46ff-bf10-b0be3cd2d358,same_nationality,on,71,2025-11-25T22:19:44+00:00
5aebb827-d476-4087-8c2d-981effd94523,b87fa7ae-7016-46ff-bf10-b0be3cd2d358,same_zip,on,0,2025-11-25T22:20:03+00:00
807cfb78-59c0-44af-ada9-d00fb19861c2,b87fa7ae-7016-46ff-bf10-b0be3cd2d358,same_zip,off,71,2025-11-25T22:20:55+00:00
cdd6e9e0-7a58-4c75-bba0-e7301623a00d,b87fa7ae-7016-46ff-bf10-b0be3cd2d358,category,kitchen_home,6,2025-11-25T22:21:57+00:00
1962dbad-af6b-4240-be68-b9cd6ad872d7,ceb5b100-6d16-4a2c-a1ac-94145b871907,same_nationality,on,98,2025-11-27T01:39:21+00:00
e7dac6c7-1f33-4b4b-a893-5ea38db0c3c4,ceb5b100-6d16-4a2c-a1ac-94145b871907,same_school,on,17,2025-11-27T01:40:06+00:00
e5482039-7c6e-4bbf-84cf-0299a211dbcf,eeff5407-0122-4256-8fe0-ca19e54acbbb,same_school,on,7,2025-11-27T02:43:40+00:00
c16bdf61-c5ac-4354-8451-ec153dd37ef9,eeff5407-0122-4256-8fe0-ca19e54acbbb,same_school,off,39,2025-11-27T02:44:28+00:00
a5d56830-74b0-46f3-b2c7-6f738fc6633f,ffe376b0-b660-443d-9d11-cd993fa8abe4,category,kitchen_home,36,2025-11-30T11:28:36+00:00
0a39e20a-f583-407d-945b-0e7c42aab7c4,ffe376b0-b660-443d-9d11-cd993fa8abe4,category,"kitchen_home,sports",49,2025-11-30T11:29:19+00:00
02bd9759-fb58-41e8-be16-6d6c2711c1f1,ffe376b0-b660-443d-9d11-cd993fa8abe4,same_nationality,on,2,2025-11-30T11:29:22+00:00
a72d452c-8375-4065-8a76-a8f86e914a85,4495e555-157c-430a-9288-2c59115408fe,same_nationality,on,99,2025-12-01T18:14:06+00:00
4a18c781-891b-44c6-8127-dc4e92eaf76c,4495e555-157c-430a-9288-2c59115408fe,same_school,on,9,2025-12-01T18:14:30+00:00
617dcd9e-fdc7-43a2-ae31-ec9e718b5072,4495e555-157c-430a-9288-2c59115408fe,radius_mi,10.0,24,2025-12-01T18:14:56+00:00
04aa48d4-b29d-4228-886f-9edb888c6fba,4495e555-157c-430a-9288-2c59115408fe,radius_mi,10.0,24,2025-12-01T18:16:20+00:00
5e34bec0-fb55-454a-945a-20e4db452247,4495e555-157c-430a-9288-2c59115408fe,same_nationality,off,44,2025-12-01T18:17:40+00:00
8831d6b6-b560-4864-b433-347257e975e9,4495e555-157c-430a-9288-2c59115408fe,category,bikes_transport,7,2025-12-01T18:17:57+00:00
c3174a35-b13b-47b4-a0f3-c81482e8b5c9,dc64b030-9ad0-4b7f-aa39-1ea19decb440,radius_mi,10.0,351,2025-12-02T18:52:56+00:00
ffddfb30-705c-4205-bdb9-3f45f2bf9780,dc64b030-9ad0-4b7f-aa39-1ea19decb440,same_zip,on,3,2025-12-02T18:53:09+00:00
d6adb73f-7030-49b4-bbb4-b9e91d7ce8d7,dc64b030-9ad0-4b7f-aa39-1ea19decb440,same_school,on,0,2025-12-02T18:54:16+00:00
2fcf2efc-a958-4255-b892-9ccfed147204,dc64b030-9ad0-4b7f-aa39-1ea19decb440,same_zip,off,44,2025-12-02T18:55:04+00:00
c365f92f-3011-4ae6-89fc-e0699aa8878e,dc64b030-9ad0-4b7f-aa39-1ea19decb440,same_nationality,on,2,2025-12-02T18:56:32+00:00
f742e788-8854-4f88-8b01-c1dbd6241480,e33923d4-ae33-4f20-93b4-4927825fa9f9,same_zip,on,53,2025-12-04T07:07:04+00:00
357ecfb8-13d0-4ee3-821c-a17167388b2e,e33923d4-ae33-4f20-93b4-4927825fa9f9,same_nationality,on,1,2025-12-04T07:07:19+00:00
92a0e4c3-5893-44d2-ac92-1d2d2b4fe3de,e33923d4-ae33-4f20-93b4-4927825fa9f9,radius_mi,5.0,1,2025-12-04T07:08:23+00:00
af601b18-700c-4d36-a8d4-2ebd414a7ab9,e33923d4-ae33-4f20-93b4-4927825fa9f9,radius_mi,0.5,1,2025-12-04T07:09:37+00:00
6e0788bf-cadb-4dbb-b50a-1ccc894616c8,e33923d4-ae33-4f20-93b4-4927825fa9f9,category,kitchen_home,0,2025-12-04T07:10:55+00:00
6b3c1e72-3b6e-4a78-a057-283bffe01d93,e33923d4-ae33-4f20-93b4-4927825fa9f9,same_zip,off,0,2025-12-04T07:11:09+00:00
1ab4fd0c-1c25-4988-8233-c3f59129a3d1,c826c699-c25f-4e45-bc9a-8ef83d1a94fb,same_school,on,34,2025-12-05T01:12:09+00:00
fc019feb-efaa-4fa3-bab9-56d1eeaa8024,c826c699-c25f-4e45-bc9a-8ef83d1a94fb,category,bikes_transport,1,2025-12-05T01:13:24+00:00
640d22bb-3323-4e37-ac65-6ec21b668a6b,c826c699-c25f-4e45-bc9a-8ef83d1a94fb,condition,used_good,1,2025-12-05T01:14:07+00:00
59126efe-e204-49a0-afa9-4e24675768d0,c826c699-c25f-4e45-bc9a-8ef83d1a94fb,same_zip,on,0,2025-12-05T01:14:11+00:00
8193e635-22fe-4e87-9d6b-c950751046e1,f79de4b1-f0cc-45e9-85c3-b3112725fde1,radius_mi,2.5,277,2025-12-05T01:41:19+00:00
b15a0b3e-f210-4068-8be5-0186e647f5e1,f79de4b1-f0cc-45e9-85c3-b3112725fde1,same_nationality,on,41,2025-12-05T01:42:10+00:00
94f3a8ec-3071-415d-b684-a7584137c938,f79de4b1-f0cc-45e9-85c3-b3112725fde1,condition,used_fair,6,2025-12-05T01:43:12+00:00
bfc8c510-c177-49ee-8398-dd0cb332fa8b,f79de4b1-f0cc-45e9-85c3-b3112725fde1,same_school,on,2,2025-12-05T01:43:35+00:00
c7ee657f-65da-441f-91c2-ca85fd25ac7d,f79de4b1-f0cc-45e9-85c3-b3112725fde1,category,furniture,2,2025-12-05T01:44:21+00:00
24c00a0e-d73c-4032-9136-a8a0a9d4cabf,f79de4b1-f0cc-45e9-85c3-b3112725fde1,condition,(cleared),4,2025-12-05T01:45:41+00:00
acfd480a-9ff2-41b5-a444-f36ad4ed454d,2546be0b-81f5-441c-bbbe-d4925b10d00d,same_nationality,on,15,2025-12-07T19:29:00+00:00
f6f20c01-9739-4ec2-b65d-aa89ee28e63b,2546be0b-81f5-441c-bbbe-d4925b10d00d,radius_mi,1.0,3,2025-12-07T19:30:11+00:00
de337acf-25df-4f2f-ac36-b582c502dd9f,2546be0b-81f5-441c-bbbe-d4925b10d00d,condition,like_new,1,2025-12-07T19:30:15+00:00
4dee98f0-3ce7-4c40-8c8b-f2ccb957bcd8,ceb5b100-6d16-4a2c-a1ac-94145b871907,same_nationality,on,101,2025-12-08T08:17:14+00:00
d5625092-bf58-448e-8024-822acc4ec1d7,ceb5b100-6d16-4a2c-a1ac-94145b871907,same_zip,on,1,2025-12-08T08:18:26+00:00
ff1749ec-9319-4d03-8023-0012aaf7a0b5,ceb5b100-6d16-4a2c-a1ac-94145b871907,radius_mi,10.0,1,2025-12-08T08:19:06+00:00
e2a7491e-5c09-4b30-9df9-1c166fee11ae,17bc3a75-830c-41bc-b847-8447593a7d03,condition,used_fair,15,2025-12-11T09:02:55+00:00
9b369ccd-7e26-47d2-886d-2e914ea186a6,17bc3a75-830c-41bc-b847-8447593a7d03,category,furniture,5,2025-12-11T09:03:51+00:00
d6964eac-5bc4-4df8-93ea-cf0d5de50afc,17bc3a75-830c-41bc-b847-8447593a7d03,radius_mi,10.0,7,2025-12-11T09:04:35+00:00
09c70897-07bd-4c22-ba37-2b867bb7c01c,17bc3a75-830c-41bc-b847-8447593a7d03,category,"electronics,furniture",8,2025-12-11T09:04:39+00:00
8ef0710e-66e1-4fc6-9236-166d6f63e1cf,17bc3a75-830c-41bc-b847-8447593a7d03,same_nationality,off,25,2025-12-11T09:05:09+00:00
afe2ba09-3bad-45c0-8605-d3e0bbb39b90,26d61dc5-0b03-4c16-8a64-7afeba92fecb,same_nationality,off,274,2025-12-13T17:56:27+00:00
af7d0ae5-4412-4426-895a-982bf5fc15b0,26d61dc5-0b03-4c16-8a64-7afeba92fecb,same_zip,on,38,2025-12-13T17:57:12+00:00
de5aa30c-5a57-4de5-b792-602a98b721c0,ea8951c3-9063-4555-961a-8fcb0cc9fd92,category,furniture,79,2025-12-14T18:04:14+00:00
83601c59-3617-43a0-a84d-6c85459a4e9f,ea8951c3-9063-4555-961a-8fcb0cc9fd92,same_school,on,16,2025-12-14T18:05:06+00:00
223a8413-fb28-4493-b66e-71950bdba532,7357e086-3d97-4c00-bd2a-662d18d0abec,same_school,on,24,2025-12-15T15:34:03+00:00
c80cc514-d427-4b89-8777-c912667d71f2,7357e086-3d97-4c00-bd2a-662d18d0abec,same_zip,on,2,2025-12-15T15:35:24+00:00
7af426c3-629b-4ab0-b7a5-8979366956f7,7357e086-3d97-4c00-bd2a-662d18d0abec,radius_mi,0.5,2,2025-12-15T15:36:19+00:00
fc06c9be-3493-4809-920b-8fbe71ec50e6,200f9843-09b8-49fb-9a99-30710133815e,same_school,on,0,2025-12-17T03:50:04+00:00
e1cbf902-250a-475b-883a-61be21487625,200f9843-09b8-49fb-9a99-30710133815e,radius_mi,1.0,0,2025-12-17T03:50:35+00:00
495b38d7-24bd-4ca8-a036-798bc807ebd1,75f5c0c5-ff4b-4a5e-9cdb-236c8398b4e4,same_nationality,on,0,2025-12-17T10:28:18+00:00
18c4f756-f03c-4b94-8dd3-2255e0473947,75f5c0c5-ff4b-4a5e-9cdb-236c8398b4e4,radius_mi,5.0,0,2025-12-17T10:28:58+00:00
a78c913d-4121-4c91-b6ce-a2c7b726d2a7,75f5c0c5-ff4b-4a5e-9cdb-236c8398b4e4,category,furniture,0,2025-12-17T10:29:39+00:00
1fe9390b-1b56-496c-bc7e-6b60aa401111,419a8edd-8c3e-484b-9354-7867568dd931,same_school,on,7,2025-12-18T01:35:44+00:00
2fa33119-b7c1-4bb0-ad99-2d02ed3ea19d,419a8edd-8c3e-484b-9354-7867568dd931,condition,used_good,3,2025-12-18T01:36:22+00:00
ce5f8a44-a4d6-4453-993c-0b31fb6df9a1,419a8edd-8c3e-484b-9354-7867568dd931,same_school,off,180,2025-12-18T01:36:58+00:00
b14cedc0-cfdf-41a3-bdc0-5c2557bc0ccd,419a8edd-8c3e-484b-9354-7867568dd931,condition,"like_new,used_good",289,2025-12-18T01:37:05+00:00
dcd25bc1-0cf8-4388-b2f0-3eb02c389ad5,8d5b08cd-a9b3-424d-b178-65d65f5998af,same_nationality,on,16,2025-12-19T03:42:15+00:00
35741257-ec9a-4f99-92ea-a9e6710e3823,8d5b08cd-a9b3-424d-b178-65d65f5998af,same_school,on,1,2025-12-19T03:43:30+00:00
89e130f3-4f4c-4d1f-b51b-49b1473529c2,8d5b08cd-a9b3-424d-b178-65d65f5998af,same_nationality,off,1,2025-12-19T03:43:35+00:00
e1ce0e54-9894-40ae-a060-14a0d2222361,92b26b2d-f521-4368-bfd5-7368f4d4b7d2,same_nationality,off,0,2025-12-20T21:46:58+00:00
38dd8bfc-ae30-448f-beac-2430343a0994,92b26b2d-f521-4368-bfd5-7368f4d4b7d2,same_school,on,0,2025-12-20T21:47:58+00:00
6727c10a-ee73-49f7-9f56-759ba25a6506,92b26b2d-f521-4368-bfd5-7368f4d4b7d2,same_nationality,on,0,2025-12-20T21:48:15+00:00
81403fed-5300-4a97-9868-8be55f9fa35d,92b26b2d-f521-4368-bfd5-7368f4d4b7d2,same_school,off,0,2025-12-20T21:48:32+00:00
4bc17caf-9b6b-4151-bdbf-a80d5fd1fe58,92b26b2d-f521-4368-bfd5-7368f4d4b7d2,same_zip,on,0,2025-12-20T21:49:58+00:00
bf34e4e4-d508-4b9a-9a03-668fbab6f01d,6c1ecb78-38c9-4d52-b536-8463029f3a65,same_nationality,on,101,2025-12-21T03:17:50+00:00
af140c4e-1e47-4519-a2ab-97c6f31cc312,6c1ecb78-38c9-4d52-b536-8463029f3a65,same_nationality,off,286,2025-12-21T03:18:49+00:00
ef49c30a-a802-4cd0-aa0b-064d35101161,6c1ecb78-38c9-4d52-b536-8463029f3a65,same_nationality,on,101,2025-12-21T03:19:14+00:00
8ee0135d-561a-4b8f-b5d2-f5c054e4a386,a83115e6-95d7-4710-8785-ad490862eb1d,same_school,on,7,2025-12-22T22:26:43+00:00
4e179486-21d1-428a-99eb-e2409fc3f3be,a83115e6-95d7-4710-8785-ad490862eb1d,same_zip,on,3,2025-12-22T22:27:53+00:00
f8deba10-a344-46b6-bd4f-45acdf45376c,a83115e6-95d7-4710-8785-ad490862eb1d,same_zip,off,7,2025-12-22T22:28:01+00:00
f68d4811-4c7f-4e0b-9ddd-425128a7e52d,6c1ecb78-38c9-4d52-b536-8463029f3a65,condition,like_new,84,2025-12-23T01:19:56+00:00
3c25a3f5-afcf-4001-900d-e372fc52feb0,6c1ecb78-38c9-4d52-b536-8463029f3a65,category,textbooks,16,2025-12-23T01:21:16+00:00
4bfda73c-2f97-45c5-a1ca-01853720a101,3fc6331b-9394-4e27-8bfb-3d16fe1a97c0,same_nationality,on,0,2025-12-23T04:40:48+00:00
f93956fd-17fd-4088-8302-b18603ea95fc,3fc6331b-9394-4e27-8bfb-3d16fe1a97c0,same_zip,on,0,2025-12-23T04:41:36+00:00
6ddbf69b-04ea-4b62-a67e-3c682734a8a1,3fc6331b-9394-4e27-8bfb-3d16fe1a97c0,radius_mi,1.0,0,2025-12-23T04:41:47+00:00
18c7f074-a5c1-4511-b99c-69043eefd084,ef612f5a-faa9-4654-9788-291f8ab7522f,radius_mi,1.0,0,2025-12-23T10:14:29+00:00
0aec47cd-6991-4faa-b7a3-10736f9cb8cd,ef612f5a-faa9-4654-9788-291f8ab7522f,same_nationality,off,7,2025-12-23T10:14:38+00:00
356b15b4-bbab-45ac-88ac-32177cb952f4,ef612f5a-faa9-4654-9788-291f8ab7522f,same_school,on,1,2025-12-23T10:15:09+00:00
ba5b676f-bd7f-47eb-a52f-b2e498a2b0fd,ef612f5a-faa9-4654-9788-291f8ab7522f,same_zip,on,1,2025-12-23T10:16:07+00:00
e4b6523c-809a-4e04-9a32-a6af81fbe622,ef612f5a-faa9-4654-9788-291f8ab7522f,same_nationality,on,0,2025-12-23T10:16:35+00:00
c3309d2c-422a-47ef-a202-77d4e87b339c,469cafcd-e935-4706-a180-dbcf0d46cd05,same_zip,on,145,2025-12-23T12:12:32+00:00
21c1e6b3-f75f-4a41-afaa-d29152085b92,469cafcd-e935-4706-a180-dbcf0d46cd05,condition,new,4,2025-12-23T12:12:39+00:00
c81f67be-975a-41c3-9176-1d90a89f6964,469cafcd-e935-4706-a180-dbcf0d46cd05,radius_mi,1.0,4,2025-12-23T12:13:38+00:00
efcbeaa0-3541-4f93-bf66-7ccdcbbfaeb7,4c8ec64f-c0d0-4cfb-b064-d47de0ec57ba,condition,used_good,6,2025-12-24T01:57:13+00:00
0eac1f19-6589-45ab-9304-4bdc7375679c,4c8ec64f-c0d0-4cfb-b064-d47de0ec57ba,same_school,off,142,2025-12-24T01:58:13+00:00
4ccfa44f-a01e-4916-a20b-f2f037b403a6,4c8ec64f-c0d0-4cfb-b064-d47de0ec57ba,radius_mi,1.0,102,2025-12-24T01:59:36+00:00
a89dd456-5e93-4d89-baa5-c2121706ac56,4c8ec64f-c0d0-4cfb-b064-d47de0ec57ba,same_nationality,on,16,2025-12-24T02:00:17+00:00
df40d5d9-eb61-456c-ad64-1b4f93ba4640,4c8ec64f-c0d0-4cfb-b064-d47de0ec57ba,same_zip,on,4,2025-12-24T02:01:40+00:00
9aac4286-dc2a-422f-9cdb-8ee1fdf5dc24,e6e0d4f1-b435-4b5d-b74f-b4c6c427868c,category,clothing,16,2025-12-25T18:15:15+00:00
7224e937-f45b-4842-adcc-960046eed96c,e6e0d4f1-b435-4b5d-b74f-b4c6c427868c,radius_mi,10.0,43,2025-12-25T18:15:29+00:00
b6d8d560-8ce3-4f03-aceb-6493b9605f3f,e6e0d4f1-b435-4b5d-b74f-b4c6c427868c,same_zip,on,16,2025-12-25T18:16:10+00:00
00924950-1727-4945-bf3a-add2056279ab,e6e0d4f1-b435-4b5d-b74f-b4c6c427868c,same_school,on,0,2025-12-25T18:17:34+00:00
1b6cad83-73bb-40fa-ba7a-2c5975644d0f,e6e0d4f1-b435-4b5d-b74f-b4c6c427868c,same_nationality,on,0,2025-12-25T18:19:02+00:00
e5410d10-fde5-4728-9e4b-5c936c0dd414,8ca12932-1c6f-4ce8-b5ac-da66575fd911,same_nationality,on,5,2025-12-25T21:40:20+00:00
3e513881-6f45-4acb-a664-c02e8c783f71,8ca12932-1c6f-4ce8-b5ac-da66575fd911,same_nationality,off,289,2025-12-25T21:41:22+00:00
ceb9fca8-3326-4b51-875d-9e70eb7e9967,8ca12932-1c6f-4ce8-b5ac-da66575fd911,condition,used_good,145,2025-12-25T21:42:17+00:00
ee68624d-6433-4a03-9af3-94dd9276e17a,0735b0aa-84bc-49aa-a78b-0ec4f2e216e6,radius_mi,10.0,370,2025-12-29T19:52:02+00:00
3ca5b711-93bd-4b11-b335-9604725a99ac,0735b0aa-84bc-49aa-a78b-0ec4f2e216e6,same_zip,on,0,2025-12-29T19:53:11+00:00
8e25a2ff-09cf-4ec9-b2b5-d0b8e1afc9dd,0735b0aa-84bc-49aa-a78b-0ec4f2e216e6,category,kitchen_home,0,2025-12-29T19:54:00+00:00
c9dba241-329b-4cd1-8639-17286e90dddf,0735b0aa-84bc-49aa-a78b-0ec4f2e216e6,same_nationality,on,0,2025-12-29T19:54:31+00:00
991366b4-f9d2-461c-bef8-94675c94c270,0735b0aa-84bc-49aa-a78b-0ec4f2e216e6,same_nationality,off,0,2025-12-29T19:54:39+00:00
41d5e1f6-3609-4bf4-9583-69f155f8e7e0,d22d4315-95d0-4e9b-8b3a-ee71f98284ba,same_school,off,291,2025-12-30T23:18:27+00:00
674b01a8-1daf-4518-9ed2-983e6c91973e,d22d4315-95d0-4e9b-8b3a-ee71f98284ba,same_zip,on,149,2025-12-30T23:19:47+00:00
99d31a64-189c-4b29-a8d3-f32722e13d16,10c9cdcb-4a1c-4f44-9e34-61195bfc8e59,category,free_stuff,1,2025-12-31T03:33:20+00:00
5a435bba-b977-4f37-90f8-2daf799bc28e,10c9cdcb-4a1c-4f44-9e34-61195bfc8e59,same_school,on,0,2025-12-31T03:34:44+00:00
6d83909d-679a-4167-9622-af19256c9a03,10c9cdcb-4a1c-4f44-9e34-61195bfc8e59,category,(cleared),0,2025-12-31T03:35:28+00:00
bf143bae-bcb7-49f2-88b4-d0b46d50ebb4,10c9cdcb-4a1c-4f44-9e34-61195bfc8e59,same_school,off,17,2025-12-31T03:35:38+00:00
6921905c-8d4e-43e6-97d0-70b49bc4ee24,810094ee-d2d1-4263-b5b9-7363f515bf05,radius_mi,1.0,203,2026-01-01T10:30:07+00:00
3f758af7-e54f-4b71-983a-349082a4e9c6,810094ee-d2d1-4263-b5b9-7363f515bf05,category,furniture,63,2026-01-01T10:30:35+00:00
34c70a70-139a-49ad-8dbc-5ca913fe30b4,810094ee-d2d1-4263-b5b9-7363f515bf05,category,"furniture,kitchen_home",89,2026-01-01T10:30:55+00:00
066d8ae2-f4ee-4aba-b53e-a7d9ddb00099,810094ee-d2d1-4263-b5b9-7363f515bf05,radius_mi,10.0,147,2026-01-01T10:31:51+00:00
d2779c06-2d3b-4487-b06d-68970a031b52,810094ee-d2d1-4263-b5b9-7363f515bf05,radius_mi,2.5,121,2026-01-01T10:33:13+00:00
d0214399-3a88-4ffa-a582-6b58dfc50fea,6cad3973-c23d-4cec-bb0c-6ecf78003373,category,electronics,43,2026-01-06T15:20:47+00:00
cd81ef72-310f-4648-8c76-3f1fe385647b,6cad3973-c23d-4cec-bb0c-6ecf78003373,condition,used_good,23,2026-01-06T15:22:09+00:00
bb90067c-584f-4133-be35-8a50dccbaca2,6cad3973-c23d-4cec-bb0c-6ecf78003373,same_zip,on,7,2026-01-06T15:22:26+00:00
3637b508-cdde-462a-a661-69f7d9b837b4,6cad3973-c23d-4cec-bb0c-6ecf78003373,category,"electronics,kitchen_home",9,2026-01-06T15:23:45+00:00
7978b7c0-35fd-48b2-a232-d32255e300d8,53cbc155-02f5-409e-90b8-e1d1b8a42be9,same_zip,on,4,2026-01-09T11:07:41+00:00
f5a87544-7d9c-40d8-80b4-562b5322de8b,53cbc155-02f5-409e-90b8-e1d1b8a42be9,condition,new,0,2026-01-09T11:08:35+00:00
f325c9a4-a882-47f2-b583-565bb931a514,53cbc155-02f5-409e-90b8-e1d1b8a42be9,same_zip,off,3,2026-01-09T11:09:01+00:00
7625d530-300d-4b1f-9825-3a91b94ac113,53cbc155-02f5-409e-90b8-e1d1b8a42be9,condition,"new,used_good",26,2026-01-09T11:09:34+00:00
a0ac17e9-67ba-48ff-ac68-5b70c2e86217,73ba0cc9-b965-4bee-abba-983dac988737,same_zip,on,0,2026-01-10T18:25:36+00:00
0fb0a6e4-8824-4eb9-8c86-c8d80868bd97,73ba0cc9-b965-4bee-abba-983dac988737,same_nationality,off,0,2026-01-10T18:26:07+00:00
2231ab4e-ca0a-47f1-b42e-5febf7c6a439,73ba0cc9-b965-4bee-abba-983dac988737,same_zip,off,2,2026-01-10T18:27:32+00:00
feedaf0c-2ff3-46a7-a711-35132d5d7949,73ba0cc9-b965-4bee-abba-983dac988737,same_zip,on,0,2026-01-10T18:28:39+00:00
1c0afb88-f4d4-4d85-b13e-a50055660dda,fb8098ee-02d6-4b07-858e-99f58dd1d0ee,same_nationality,on,16,2026-01-11T09:15:47+00:00
24c2c9d0-0106-40ea-83a7-4429a2966fbf,fb8098ee-02d6-4b07-858e-99f58dd1d0ee,radius_mi,0.5,5,2026-01-11T09:16:22+00:00
e002b7ec-e644-4a2b-9253-6f156b998b3b,200f9843-09b8-49fb-9a99-30710133815e,same_zip,on,1,2026-01-12T10:12:08+00:00
4df85f13-05f5-42bd-97ef-f6698a1d69e7,200f9843-09b8-49fb-9a99-30710133815e,radius_mi,5.0,1,2026-01-12T10:13:00+00:00
4c1bfc55-2a7c-4e4a-b4a1-13979adcb9f1,200f9843-09b8-49fb-9a99-30710133815e,same_school,on,0,2026-01-12T10:14:20+00:00
780efd74-d35f-4e24-821e-999f966d0ec4,200f9843-09b8-49fb-9a99-30710133815e,category,clothing,0,2026-01-12T10:15:30+00:00
964ee04c-6c53-4b59-ab87-73dd5e37788b,200f9843-09b8-49fb-9a99-30710133815e,same_zip,off,0,2026-01-12T10:16:01+00:00
250bb641-42b0-4f28-9766-9294ad15f35f,200f9843-09b8-49fb-9a99-30710133815e,same_nationality,off,4,2026-01-12T10:16:13+00:00
8d8921bb-9ca4-41e7-a186-d0cf4e6a8f06,7275315b-de5e-4c67-9b01-11b25728750a,radius_mi,1.0,11,2026-01-13T04:51:21+00:00
4bfa0d1d-d4b6-4cac-86d0-524abf6d3d0b,7275315b-de5e-4c67-9b01-11b25728750a,same_school,on,3,2026-01-13T04:51:45+00:00
4a201d88-6fd1-4eaf-829c-af598f95ade7,7275315b-de5e-4c67-9b01-11b25728750a,condition,like_new,0,2026-01-13T04:52:07+00:00
09a9e81a-e45f-4c74-a8ef-fdcb6aa8951e,7275315b-de5e-4c67-9b01-11b25728750a,radius_mi,2.5,0,2026-01-13T04:53:17+00:00
5b9de258-97f2-40db-9d7d-f7a9594df5e5,7275315b-de5e-4c67-9b01-11b25728750a,same_zip,on,0,2026-01-13T04:54:18+00:00
fe076fcf-18e2-4a89-94f7-f39b346d1512,7275315b-de5e-4c67-9b01-11b25728750a,radius_mi,2.5,0,2026-01-13T04:55:00+00:00
ae2993b3-9d9a-427a-8641-09fd8deeea1d,94124252-c61f-4b05-ab17-fb467c898e0c,same_nationality,on,139,2026-01-13T08:47:14+00:00
a5df381a-6431-40db-8a79-e5740ae51f39,94124252-c61f-4b05-ab17-fb467c898e0c,category,electronics,24,2026-01-13T08:47:52+00:00
98b232b1-736d-4a14-b634-f0f3fd65743f,94124252-c61f-4b05-ab17-fb467c898e0c,same_school,on,1,2026-01-13T08:48:17+00:00
492106d4-b61a-4cdd-ad57-fca885fd18f7,d30b8eb3-05ed-4a73-b6e5-042436e46b37,condition,used_good,16,2026-01-15T11:45:11+00:00
0ded8bb2-7dd0-44dd-90b9-df69cc1e0f19,d30b8eb3-05ed-4a73-b6e5-042436e46b37,same_zip,on,15,2026-01-15T11:46:05+00:00
c2d9d0ec-f017-400b-8843-45e7f05ca0d2,d30b8eb3-05ed-4a73-b6e5-042436e46b37,same_zip,off,16,2026-01-15T11:46:48+00:00
6ba5fc91-a176-44a8-aa0e-bfe44813632a,5d717b99-735c-4981-87a3-225adde8acea,condition,new,9,2026-01-16T22:17:23+00:00
8fdc5dcc-36d6-415a-85d9-b79ffb896e86,5d717b99-735c-4981-87a3-225adde8acea,condition,"new,used_good",120,2026-01-16T22:17:32+00:00
c3e613f3-16ca-419a-80e3-af9bf9c04034,5d717b99-735c-4981-87a3-225adde8acea,same_zip,on,81,2026-01-16T22:18:16+00:00
af32bf6b-824c-4a07-b92e-06b4786d19fd,5d717b99-735c-4981-87a3-225adde8acea,category,electronics,6,2026-01-16T22:19:36+00:00
f0138ff9-c9c7-4b05-981b-8b126e63904e,5d717b99-735c-4981-87a3-225adde8acea,category,(cleared),81,2026-01-16T22:20:35+00:00
8271f506-6109-4585-934a-544e5c3a95f1,dfb6fc17-bcca-45fa-ab0c-9e38e7ddcca9,radius_mi,0.5,3,2026-01-18T01:15:57+00:00
d63f6c80-d5d9-474e-90a3-4f8308d15932,dfb6fc17-bcca-45fa-ab0c-9e38e7ddcca9,same_school,on,0,2026-01-18T01:16:12+00:00
bbd037a4-000e-4a21-bca1-5d83c699e84f,2709bb2d-e639-44c0-920f-80a9f4c4955e,same_school,off,154,2026-01-19T02:34:22+00:00
c413e93f-5762-4bdf-9cb4-07e5f5a8ad6c,2709bb2d-e639-44c0-920f-80a9f4c4955e,same_school,on,0,2026-01-19T02:35:19+00:00
ecf6ec05-56f4-4e8b-8eb7-9806d48a50cb,2709bb2d-e639-44c0-920f-80a9f4c4955e,category,clothing,0,2026-01-19T02:35:58+00:00
e0a84e13-5051-468e-9400-c9ba0e847bf7,2709bb2d-e639-44c0-920f-80a9f4c4955e,category,"clothing,electronics",0,2026-01-19T02:37:24+00:00
b7746e74-35e4-4891-a4bb-884cf6b8a66f,4f1cb3c6-4a88-475a-b5e5-f34f7bdaa2fc,same_school,on,37,2026-01-19T14:35:43+00:00
efe5fa2b-b443-4968-ab52-647023c3e7a6,4f1cb3c6-4a88-475a-b5e5-f34f7bdaa2fc,condition,used_fair,5,2026-01-19T14:35:49+00:00
9fb692e1-f293-45de-a055-674a30eb6ebf,4f1cb3c6-4a88-475a-b5e5-f34f7bdaa2fc,same_school,off,47,2026-01-19T14:36:03+00:00
18208ea4-4c8f-4d20-8539-8252011fb7ba,4f1cb3c6-4a88-475a-b5e5-f34f7bdaa2fc,radius_mi,5.0,52,2026-01-19T14:36:44+00:00
8af9e05d-de4e-4e5f-a0ed-2e02e6ae2676,1e604945-92d3-44f7-a246-8e1d1ff23f0f,same_school,off,216,2026-01-20T22:12:19+00:00
7052e02d-51d1-450c-b653-feda83c3b86b,1e604945-92d3-44f7-a246-8e1d1ff23f0f,same_school,on,7,2026-01-20T22:12:25+00:00
a21d189d-d3b6-4c7e-8aa0-cf9dbca64a48,feb4d905-0b79-4ac5-9d53-4c64f8023f17,same_zip,on,1,2026-01-21T02:18:04+00:00
ac85635c-9288-4163-8e33-7099a9a2d859,feb4d905-0b79-4ac5-9d53-4c64f8023f17,same_zip,off,15,2026-01-21T02:18:31+00:00
99a081f2-eebd-470a-bc5b-830839ef2896,e294d7c5-9f72-4226-9091-d2cf6c147a17,same_zip,on,43,2026-01-21T08:56:06+00:00
47623d25-0a92-4d32-aa1a-4e9ca4e0eba4,e294d7c5-9f72-4226-9091-d2cf6c147a17,same_school,on,1,2026-01-21T08:56:32+00:00
7b970504-39ef-48ae-9f91-93c21d00b766,e294d7c5-9f72-4226-9091-d2cf6c147a17,radius_mi,1.0,1,2026-01-21T08:57:01+00:00
09c8677f-8ab1-4a91-88fc-3291c60629f3,345afc84-e133-4249-9c52-f900042bc4f9,same_nationality,on,3,2026-01-22T19:01:35+00:00
e64b908a-baf7-4078-b307-6c5d9751f29c,345afc84-e133-4249-9c52-f900042bc4f9,radius_mi,0.5,2,2026-01-22T19:02:44+00:00
9af96b7c-d792-4406-9b83-69ce333874ee,345afc84-e133-4249-9c52-f900042bc4f9,same_zip,on,2,2026-01-22T19:03:16+00:00
1a08cb8e-b393-4a82-95f4-0b9d997f6c8a,345afc84-e133-4249-9c52-f900042bc4f9,same_school,on,2,2026-01-22T19:03:52+00:00
73c6b509-550c-44e8-ba47-1370cb56fc93,e3d856ad-6787-404e-8e93-f255933c3680,condition,like_new,96,2026-01-23T15:11:20+00:00
a9747f41-f98b-45ef-bfc0-4c08fa6e997c,e3d856ad-6787-404e-8e93-f255933c3680,condition,"like_new,used_fair",143,2026-01-23T15:11:34+00:00
212a5e20-bddb-4869-b5f2-60b62b792696,e3d856ad-6787-404e-8e93-f255933c3680,same_school,on,14,2026-01-23T15:12:41+00:00
2103d539-64aa-4b63-b260-3d24ce4abb14,e3d856ad-6787-404e-8e93-f255933c3680,category,free_stuff,0,2026-01-23T15:13:58+00:00
078ccba3-d505-4c13-bd5f-85e18be7f49f,e3d856ad-6787-404e-8e93-f255933c3680,same_zip,on,0,2026-01-23T15:15:07+00:00
507ae59b-6e3f-481d-a0af-1cd8a74a9d51,b2d72011-02df-4d85-8d8c-9c12e9aa4b3a,same_school,on,1,2026-01-23T21:08:26+00:00
d5a9f8f0-c878-4488-bb05-a1e1152c0ce0,b2d72011-02df-4d85-8d8c-9c12e9aa4b3a,same_nationality,on,1,2026-01-23T21:08:51+00:00
c5fa9e10-4514-49cf-bd79-4406d00f6839,b2d72011-02df-4d85-8d8c-9c12e9aa4b3a,condition,like_new,0,2026-01-23T21:09:40+00:00
9fb7d6e1-feb4-40b1-bff3-cc8f38e46f6e,b2d72011-02df-4d85-8d8c-9c12e9aa4b3a,same_school,off,0,2026-01-23T21:11:02+00:00
09989eee-d7e1-4442-91de-3e9392d48290,b2d72011-02df-4d85-8d8c-9c12e9aa4b3a,category,clothing,0,2026-01-23T21:12:03+00:00
12507817-8563-42d8-8669-ab041119f1fd,1dcda15d-0c1e-4892-80a8-bfb7f3596889,category,electronics,2,2026-01-25T01:22:06+00:00
5f442382-5678-4b59-b5eb-637d56b37930,1dcda15d-0c1e-4892-80a8-bfb7f3596889,same_nationality,off,46,2026-01-25T01:22:56+00:00
39c78883-4758-4f92-bf06-a98ba705f60a,1dcda15d-0c1e-4892-80a8-bfb7f3596889,same_school,on,4,2026-01-25T01:23:17+00:00
51d6bf9a-0256-4de9-96c9-86745f734455,1dcda15d-0c1e-4892-80a8-bfb7f3596889,radius_mi,1.0,2,2026-01-25T01:23:44+00:00
d6ad8cf3-5d01-4631-b435-146885e9df65,01a63c21-47ae-4034-92d8-95c929748522,condition,used_fair,53,2026-01-25T07:28:06+00:00
361a88f1-da6c-443c-ba97-58a44f378042,01a63c21-47ae-4034-92d8-95c929748522,category,textbooks,3,2026-01-25T07:28:32+00:00
e6ec19d7-b258-4e1d-81a5-73e27092fcef,01a63c21-47ae-4034-92d8-95c929748522,same_school,on,0,2026-01-25T07:29:20+00:00
0d437521-e7d4-450c-977a-39de53ad8a94,ff34dee7-a247-40d7-b920-a3d2e7a536c2,same_nationality,on,109,2026-01-25T14:05:59+00:00
12d7277d-b48c-4754-b995-e7f731de393b,ff34dee7-a247-40d7-b920-a3d2e7a536c2,category,clothing,14,2026-01-25T14:07:03+00:00
105272b1-80e2-448d-a774-44d2d47ada0b,ff34dee7-a247-40d7-b920-a3d2e7a536c2,category,"clothing,kitchen_home",26,2026-01-25T14:08:04+00:00
9ffbd568-366c-44e6-bf1a-3bf1a069caed,ff34dee7-a247-40d7-b920-a3d2e7a536c2,category,clothing,14,2026-01-25T14:09:30+00:00
cc419a56-906a-4728-b3bc-523f60ee97e6,ff34dee7-a247-40d7-b920-a3d2e7a536c2,condition,like_new,6,2026-01-25T14:10:09+00:00
1949745a-d37b-47a1-be9f-f3accc1e5014,ff34dee7-a247-40d7-b920-a3d2e7a536c2,condition,(cleared),14,2026-01-25T14:10:15+00:00
3871ba58-5000-4ff2-838b-e41980e53d77,7cbcbdd2-c81d-4c88-84cd-0c1ee4dcf86a,same_nationality,on,6,2026-01-28T09:16:18+00:00
7b484615-7ea3-4227-a532-099a3e83a7d9,7cbcbdd2-c81d-4c88-84cd-0c1ee4dcf86a,same_school,on,0,2026-01-28T09:16:57+00:00
cbfb6fba-c8bf-47a2-9bc5-82d5f0c43c7c,7cbcbdd2-c81d-4c88-84cd-0c1ee4dcf86a,same_zip,on,0,2026-01-28T09:17:24+00:00
aa44eec8-1899-4078-87d9-a3b536cde810,7cbcbdd2-c81d-4c88-84cd-0c1ee4dcf86a,same_school,off,6,2026-01-28T09:18:00+00:00
0b7a2894-5a28-42f8-97dc-6e5deb0e97f0,7cbcbdd2-c81d-4c88-84cd-0c1ee4dcf86a,same_zip,off,6,2026-01-28T09:19:14+00:00
b63278b4-bbe3-4ceb-bf1e-207f4265989e,147ed698-2b4c-4e8b-aa70-aa17d045b912,radius_mi,2.5,311,2026-01-28T13:31:18+00:00
31c48859-0b25-431a-99b5-9b3cb5454589,147ed698-2b4c-4e8b-aa70-aa17d045b912,condition,used_good,157,2026-01-28T13:31:49+00:00
02a6bd3a-d0fd-418a-b7ba-1250a019f528,c90cc779-75f4-4f0d-8f0e-bf02ad0ba33c,same_school,on,55,2026-01-28T19:12:31+00:00
96757367-c5b6-4a66-8df9-e77c3a0e9cee,c90cc779-75f4-4f0d-8f0e-bf02ad0ba33c,radius_mi,5.0,65,2026-01-28T19:13:29+00:00
999a6f43-0fe9-43d4-ad0a-71d8951f492b,c90cc779-75f4-4f0d-8f0e-bf02ad0ba33c,same_nationality,on,13,2026-01-28T19:14:01+00:00
08e78cd9-a42b-43c5-8cc4-3fa716af1d60,c90cc779-75f4-4f0d-8f0e-bf02ad0ba33c,condition,new,0,2026-01-28T19:15:00+00:00
4352ec92-1d81-43b9-87b8-ec9ca1a906c4,c90cc779-75f4-4f0d-8f0e-bf02ad0ba33c,same_nationality,off,6,2026-01-28T19:16:12+00:00
d7e89a67-526f-4d7c-a685-75fbb415e3cd,223b052c-55c7-4152-903d-0f666656212e,radius_mi,0.5,43,2026-01-28T21:04:20+00:00
a6eda950-f1ee-4cdc-8cfd-d3dc940b7ccb,223b052c-55c7-4152-903d-0f666656212e,category,kitchen_home,5,2026-01-28T21:04:51+00:00
6efc5929-f936-4120-9917-f3dceef92687,223b052c-55c7-4152-903d-0f666656212e,condition,like_new,2,2026-01-28T21:06:16+00:00
34a7589a-041e-4da3-8475-b5c24eb37199,223b052c-55c7-4152-903d-0f666656212e,condition,"like_new,used_fair",3,2026-01-28T21:06:25+00:00
23d4c2af-179a-456a-a49f-601c8b9d9af2,223b052c-55c7-4152-903d-0f666656212e,radius_mi,5.0,17,2026-01-28T21:07:13+00:00
eae99647-e5a4-4e29-ad16-cf43368ad4b4,e294d7c5-9f72-4226-9091-d2cf6c147a17,radius_mi,1.0,215,2026-01-29T01:23:18+00:00
c8026ab5-80d6-4862-9437-d01cf6667ec1,e294d7c5-9f72-4226-9091-d2cf6c147a17,condition,like_new,60,2026-01-29T01:24:09+00:00
fba5b432-90a7-42d2-85a4-f166de461ab7,e294d7c5-9f72-4226-9091-d2cf6c147a17,same_nationality,on,4,2026-01-29T01:24:29+00:00
dfab20ea-b5c4-430d-91d0-dfa28ff5e1fb,ce6b81a6-725e-4425-8a3f-ff7c7aaf1d32,condition,new,16,2026-01-29T09:16:53+00:00
33fb3b06-a38d-4cd2-a47e-d9ce698d009b,ce6b81a6-725e-4425-8a3f-ff7c7aaf1d32,same_zip,on,4,2026-01-29T09:17:11+00:00
43b2e9fa-1119-4ef5-8e1a-771830712921,7352bdf0-d7cd-4554-b7da-0f69eabb5ce6,category,textbooks,55,2026-01-31T17:54:24+00:00
52ea8b46-5e4f-41b3-b150-d06b6fd416db,7352bdf0-d7cd-4554-b7da-0f69eabb5ce6,category,"clothing,textbooks",95,2026-01-31T17:55:24+00:00
ede092de-0f61-4e4f-a5ea-3c2768787651,7352bdf0-d7cd-4554-b7da-0f69eabb5ce6,category,"bikes_transport,clothing,textbooks",118,2026-01-31T17:56:21+00:00
6ec2e74a-6df4-4809-a7a6-7c0adff35dcd,7352bdf0-d7cd-4554-b7da-0f69eabb5ce6,category,"bikes_transport,clothing,furniture,textbooks",208,2026-01-31T17:57:35+00:00
127d3544-21d7-43a9-8e7d-698220a2a7eb,7352bdf0-d7cd-4554-b7da-0f69eabb5ce6,condition,like_new,54,2026-01-31T17:58:14+00:00
68bed399-c350-430c-86f2-f21d258a609b,7352bdf0-d7cd-4554-b7da-0f69eabb5ce6,same_nationality,on,19,2026-01-31T17:58:19+00:00
9bdcec78-aa9b-4107-b62b-a4d4b325e0e8,acecd3bf-b042-4b84-be29-27585dc68137,same_nationality,on,1,2026-02-01T10:25:25+00:00
e3950273-b71b-440b-b199-ba05aeb5c7d2,acecd3bf-b042-4b84-be29-27585dc68137,radius_mi,5.0,3,2026-02-01T10:25:52+00:00
65d9ef88-fc9c-4565-94a0-0181e44e1ec0,acecd3bf-b042-4b84-be29-27585dc68137,same_school,on,2,2026-02-01T10:27:20+00:00
bbf1b3d2-a82f-4641-94a2-ab59685a639e,acecd3bf-b042-4b84-be29-27585dc68137,condition,used_good,1,2026-02-01T10:27:50+00:00
122be656-b2fc-4edb-bcba-2a4b7b76bfde,acecd3bf-b042-4b84-be29-27585dc68137,same_zip,on,0,2026-02-01T10:28:40+00:00
65876989-bba2-4af4-b16d-ddcc17a41eea,468552db-87c2-40a1-b501-f637c4f5d75a,same_nationality,on,113,2026-02-01T16:39:38+00:00
be1e356c-7e18-424c-8627-64b330580c0d,468552db-87c2-40a1-b501-f637c4f5d75a,same_zip,on,57,2026-02-01T16:40:43+00:00
289716e6-3eae-4ea0-87e2-b72e0603a057,468552db-87c2-40a1-b501-f637c4f5d75a,same_nationality,off,159,2026-02-01T16:40:51+00:00
370852d7-8940-4ef2-8530-95392a1dd37f,5ea6cfc5-5580-466a-8582-a6031555d76d,radius_mi,0.5,0,2026-02-02T07:18:16+00:00
a17a62fe-37af-400c-964a-daaa9f4c75f9,5ea6cfc5-5580-466a-8582-a6031555d76d,radius_mi,10.0,65,2026-02-02T07:18:57+00:00
01bf758d-23ad-4aee-a2d1-cfbf3325ca40,5ea6cfc5-5580-466a-8582-a6031555d76d,same_zip,on,0,2026-02-02T07:20:17+00:00
84dbaa03-58f5-4bb2-b603-51ff27de270b,323eb581-df66-495e-b4c3-b8d51316dccb,same_zip,off,313,2026-02-02T22:17:16+00:00
706e4958-5577-44be-b78b-6c31a5acd085,323eb581-df66-495e-b4c3-b8d51316dccb,same_zip,on,159,2026-02-02T22:18:14+00:00
73ecd2be-29ca-4d25-833d-a468ab834300,323eb581-df66-495e-b4c3-b8d51316dccb,radius_mi,0.5,159,2026-02-02T22:19:23+00:00
6a49b5ae-e52e-4210-ae50-3dd1224d303f,323eb581-df66-495e-b4c3-b8d51316dccb,same_zip,off,159,2026-02-02T22:20:43+00:00
1a21fea0-f730-4ae0-9555-8dcd70dbaf76,6d1577ed-1dc7-4670-a35e-7ee03d6217a2,same_zip,on,159,2026-02-02T23:53:04+00:00
6fec05b9-103e-4c58-ae63-653d9223c762,6d1577ed-1dc7-4670-a35e-7ee03d6217a2,same_zip,off,313,2026-02-02T23:53:50+00:00
bdcc12ee-ee15-4e60-9f6b-6b8db03a1dbf,6d1577ed-1dc7-4670-a35e-7ee03d6217a2,category,free_stuff,7,2026-02-02T23:55:04+00:00
7a315a82-21b2-4cee-bd69-4ba8f6bd36e3,6d1577ed-1dc7-4670-a35e-7ee03d6217a2,category,"free_stuff,kitchen_home",45,2026-02-02T23:55:41+00:00
039d5449-e771-45c0-8cad-f82e5f5e949a,6d1577ed-1dc7-4670-a35e-7ee03d6217a2,radius_mi,1.0,33,2026-02-02T23:56:19+00:00
7eb7130f-9e57-4e1e-b042-fe9a3e154186,f7fc3247-4e08-45c5-bf07-1580aa80b186,radius_mi,0.5,39,2026-02-03T02:26:00+00:00
c5ba1df9-f2f2-4a69-9797-cba7adda1118,f7fc3247-4e08-45c5-bf07-1580aa80b186,radius_mi,5.0,45,2026-02-03T02:26:17+00:00
feafedc2-d6e1-4dc0-902a-784629c86476,f7fc3247-4e08-45c5-bf07-1580aa80b186,category,furniture,16,2026-02-03T02:27:02+00:00
a4241e54-a023-4a64-9bda-183b72c9f2c3,ca8f1e88-f39d-4f85-a500-8267f988dfad,condition,like_new,16,2026-02-04T18:36:54+00:00
1550f4f6-2b30-4dde-ad84-8271ca551d79,ca8f1e88-f39d-4f85-a500-8267f988dfad,radius_mi,1.0,10,2026-02-04T18:38:10+00:00
999e5cd7-a5b6-4b5e-bd24-553f9fc779d9,ca8f1e88-f39d-4f85-a500-8267f988dfad,same_zip,on,4,2026-02-04T18:39:22+00:00
6e42f1f1-d494-4309-9b65-3fce0a569725,5ea6cfc5-5580-466a-8582-a6031555d76d,condition,new,3,2026-02-06T07:53:56+00:00
8717b713-0c78-4785-a9f7-00f78ddce569,5ea6cfc5-5580-466a-8582-a6031555d76d,radius_mi,10.0,5,2026-02-06T07:55:25+00:00
eeb2bb8d-6bfd-4751-85ab-5036b81c9426,5ea6cfc5-5580-466a-8582-a6031555d76d,condition,"new,used_good",37,2026-02-06T07:56:48+00:00
7314215c-9778-4e2b-b757-e161d18d6f76,5ea6cfc5-5580-466a-8582-a6031555d76d,same_nationality,off,225,2026-02-06T07:57:40+00:00
5db9ea42-17fe-4dcf-8e30-fc45d59556a5,5ea6cfc5-5580-466a-8582-a6031555d76d,category,clothing,21,2026-02-06T07:58:37+00:00
73980232-cebf-4960-a0df-f5e995af139f,e5b05247-d5c5-41cb-bf08-a56d351e6242,same_nationality,on,0,2026-02-06T22:49:17+00:00
20ae8e32-4212-4c86-87d1-467f03aa343e,e5b05247-d5c5-41cb-bf08-a56d351e6242,same_zip,on,0,2026-02-06T22:49:39+00:00
17fc281e-f98c-4ed8-b025-87aab75d29f1,e5b05247-d5c5-41cb-bf08-a56d351e6242,same_zip,off,0,2026-02-06T22:49:47+00:00
39353c87-1de2-4318-8895-54e1e4ef5567,f1a0ec25-92c1-456d-bc62-93f211e3df90,same_nationality,on,113,2026-02-07T08:38:21+00:00
29784662-8578-4654-be33-17354107e4ed,f1a0ec25-92c1-456d-bc62-93f211e3df90,same_nationality,off,314,2026-02-07T08:39:39+00:00
bba01e89-39cf-4e96-9de7-a72b495d32ba,ff1dc571-d626-480e-b098-a50d60c896af,condition,used_good,0,2026-02-07T13:07:52+00:00
a9945cb2-3be2-44e6-b8df-c510e39a1dd7,ff1dc571-d626-480e-b098-a50d60c896af,same_school,on,0,2026-02-07T13:08:38+00:00
4ef1ac79-0e71-441c-86c9-52a568679291,ff1dc571-d626-480e-b098-a50d60c896af,same_nationality,on,0,2026-02-07T13:09:19+00:00
815d10c3-2bff-47c6-aa2a-b2ba9a5282da,ff1dc571-d626-480e-b098-a50d60c896af,same_school,off,0,2026-02-07T13:09:42+00:00
af219deb-a21d-4db9-92cf-c9b963372bca,ff1dc571-d626-480e-b098-a50d60c896af,same_nationality,off,0,2026-02-07T13:10:33+00:00
dc56a05e-7c77-4be1-86da-c216b41e4db0,e4ea0bbe-fdc0-4311-bef4-bcb809a9a630,same_zip,on,3,2026-02-08T12:21:07+00:00
547e5045-1f14-4f4a-a9dc-197936c6c424,e4ea0bbe-fdc0-4311-bef4-bcb809a9a630,radius_mi,1.0,3,2026-02-08T12:21:55+00:00
aaa4f01a-e709-474b-a878-7441e1c1e5ca,e4ea0bbe-fdc0-4311-bef4-bcb809a9a630,same_zip,off,57,2026-02-08T12:22:37+00:00
3a96681f-7c1c-408e-8160-ef79020611fd,e4ea0bbe-fdc0-4311-bef4-bcb809a9a630,same_nationality,on,1,2026-02-08T12:23:28+00:00
da396a72-6b80-440d-8de0-9b8c87718dac,e4ea0bbe-fdc0-4311-bef4-bcb809a9a630,same_school,on,0,2026-02-08T12:24:18+00:00
5fdcefd8-bad3-4f4f-a385-a0a7575d9869,e4ea0bbe-fdc0-4311-bef4-bcb809a9a630,same_school,off,1,2026-02-08T12:24:47+00:00
f83a992a-d3ac-49b7-8369-c2074387969b,a5387ad1-06a2-4c7d-9ab9-85dab1cab9e8,same_zip,on,44,2026-02-10T12:26:09+00:00
831be126-68a0-4fdf-9e6c-381ca1238281,a5387ad1-06a2-4c7d-9ab9-85dab1cab9e8,same_nationality,on,7,2026-02-10T12:27:23+00:00
ad65a155-1868-4df1-98dc-eeb6a773ae47,9a74e82b-9309-4739-ab1b-2657a686ca16,condition,new,17,2026-02-11T12:00:50+00:00
8f7ee786-9c0c-43fe-951c-a8a0682e9c39,9a74e82b-9309-4739-ab1b-2657a686ca16,radius_mi,5.0,20,2026-02-11T12:02:12+00:00
9012d52b-fe6b-423d-b54c-70b59acae863,9a74e82b-9309-4739-ab1b-2657a686ca16,radius_mi,1.0,5,2026-02-11T12:03:03+00:00
c4ca719b-0c62-4e88-80ac-8319b3c3345a,9a74e82b-9309-4739-ab1b-2657a686ca16,same_nationality,on,2,2026-02-11T12:03:14+00:00
9b37f353-9384-4d67-84fe-3f59410d7392,9a74e82b-9309-4739-ab1b-2657a686ca16,radius_mi,5.0,5,2026-02-11T12:03:41+00:00
7764efaa-1d92-4bac-bc50-c93fcec93c1f,9a74e82b-9309-4739-ab1b-2657a686ca16,same_zip,on,0,2026-02-11T12:04:19+00:00
bbcebacc-4c99-4881-8c91-6c8e7ebec22f,44dae102-8716-4274-95ac-bf413382999a,same_school,on,3,2026-02-11T21:39:34+00:00
c26b62c8-e3e7-4d29-b5b3-0a2564bca4ca,44dae102-8716-4274-95ac-bf413382999a,radius_mi,5.0,3,2026-02-11T21:40:44+00:00
68fdbf5d-c9a5-4c84-a361-4514d29d5792,44dae102-8716-4274-95ac-bf413382999a,radius_mi,2.5,3,2026-02-11T21:41:19+00:00
220e3f9a-d5bd-406e-a2c6-2a3e7b88c460,459c517f-ee6e-4dd8-8e73-1f546778d794,condition,new,16,2026-02-12T06:38:11+00:00
d5174e6b-077c-42a9-a9e8-63daea3c9f84,459c517f-ee6e-4dd8-8e73-1f546778d794,category,sports,1,2026-02-12T06:39:23+00:00
8604c488-e9a3-4eed-9fc9-6f2f4a03060d,459c517f-ee6e-4dd8-8e73-1f546778d794,radius_mi,2.5,1,2026-02-12T06:40:16+00:00
c56d29bf-1fec-49e6-a2b1-352003bb08e5,459c517f-ee6e-4dd8-8e73-1f546778d794,category,"bikes_transport,sports",1,2026-02-12T06:40:45+00:00
9487dbf0-4131-418d-9e09-6c050469b446,1ac6ee78-e266-4507-888f-5c047d74ca46,same_zip,on,162,2026-02-12T14:03:51+00:00
7e98c5ae-1230-49e5-affa-d1aaf6f57a24,1ac6ee78-e266-4507-888f-5c047d74ca46,same_nationality,on,58,2026-02-12T14:04:44+00:00
53a20efb-a051-4c4e-a9d6-d5742d8c1e5b,1ac6ee78-e266-4507-888f-5c047d74ca46,category,furniture,18,2026-02-12T14:04:47+00:00
b3e1055d-7f1e-4193-8847-28570035eda6,1ac6ee78-e266-4507-888f-5c047d74ca46,same_zip,off,18,2026-02-12T14:05:41+00:00
d88f4884-d67b-4bc5-947d-aa9d2db8f346,1ac6ee78-e266-4507-888f-5c047d74ca46,same_nationality,off,55,2026-02-12T14:06:11+00:00
160fcbf0-eae5-493c-9942-6cdc28c18d63,1ac6ee78-e266-4507-888f-5c047d74ca46,category,"clothing,furniture",73,2026-02-12T14:07:36+00:00
83e21949-68e3-4946-94eb-6cac82ecc0cf,c826c699-c25f-4e45-bc9a-8ef83d1a94fb,same_school,on,38,2026-02-12T14:49:36+00:00
0eebf84a-33d6-4e30-960d-37125a4a8b58,c826c699-c25f-4e45-bc9a-8ef83d1a94fb,same_zip,on,4,2026-02-12T14:50:54+00:00
a69139b4-fe64-4303-a9d5-09f0def4dc95,c826c699-c25f-4e45-bc9a-8ef83d1a94fb,same_school,off,44,2026-02-12T14:51:26+00:00
c07a9b97-3193-4614-a0f9-cf0bc9e66616,c826c699-c25f-4e45-bc9a-8ef83d1a94fb,condition,new,3,2026-02-12T14:51:35+00:00
2482f13a-0d07-4d7a-b561-7acc806386b1,c826c699-c25f-4e45-bc9a-8ef83d1a94fb,same_zip,off,17,2026-02-12T14:52:58+00:00
45f068aa-3fb2-407a-9e78-354638d44320,f1999cc6-bd96-4a94-b030-3072877f65df,same_school,on,11,2026-02-12T21:49:46+00:00
952c56ee-4613-4fb5-a1ce-292218007d87,f1999cc6-bd96-4a94-b030-3072877f65df,same_zip,on,0,2026-02-12T21:50:03+00:00
7fc4647d-09c9-4bd2-8f9a-b7568262addb,f1999cc6-bd96-4a94-b030-3072877f65df,same_nationality,on,0,2026-02-12T21:51:04+00:00
d057090a-bcf7-4c28-b863-22f7c3fcce4c,e554a849-75b4-42ad-ab34-0b8fc1a7f349,radius_mi,5.0,2,2026-02-13T22:00:29+00:00
80fcae53-c546-49d2-b918-76866b852a46,e554a849-75b4-42ad-ab34-0b8fc1a7f349,same_zip,on,0,2026-02-13T22:01:21+00:00
a6e75514-0cee-4fa4-84e6-795e83401adf,acecd3bf-b042-4b84-be29-27585dc68137,radius_mi,10.0,406,2026-02-13T22:34:21+00:00
3c64e063-85c8-43eb-9c34-79ebbd328ab6,acecd3bf-b042-4b84-be29-27585dc68137,same_zip,on,163,2026-02-13T22:34:32+00:00
6e991f69-9786-4291-8a8b-e6ce46f264b5,acecd3bf-b042-4b84-be29-27585dc68137,same_school,on,38,2026-02-13T22:35:59+00:00
30cc0bf5-eab3-4a5b-8106-59f8d4888671,3b30a6e4-3c57-4bbd-9b03-022e7facb880,same_school,on,72,2026-02-14T23:24:51+00:00
395a5055-4582-4a14-bf4e-1f941217b449,3b30a6e4-3c57-4bbd-9b03-022e7facb880,same_zip,on,38,2026-02-14T23:26:12+00:00
cb9d326c-f6ab-4930-a6cb-acec6ef1282e,3b30a6e4-3c57-4bbd-9b03-022e7facb880,condition,new,3,2026-02-14T23:26:51+00:00
bc411e59-550e-4ecc-8ca9-b2778cea3eee,dfb6fc17-bcca-45fa-ab0c-9e38e7ddcca9,same_zip,on,3,2026-02-16T20:52:34+00:00
2518060b-aecc-4c6b-92c6-5ab83f323a8a,dfb6fc17-bcca-45fa-ab0c-9e38e7ddcca9,category,sports,1,2026-02-16T20:53:00+00:00
2b65a2ac-9637-4a02-a49b-7304b6659e92,dfb6fc17-bcca-45fa-ab0c-9e38e7ddcca9,radius_mi,10.0,1,2026-02-16T20:53:15+00:00
c760e111-ee28-4532-a07b-ef4723844af4,e56963cb-53f9-4240-97e8-786e9f766dec,same_school,on,70,2026-02-16T23:39:03+00:00
1498a921-a1f5-480f-bf2c-d9c8347f2ea8,e56963cb-53f9-4240-97e8-786e9f766dec,category,textbooks,13,2026-02-16T23:39:07+00:00
3a5d64d2-e0ee-4869-9cc0-3961e277b7f1,e56963cb-53f9-4240-97e8-786e9f766dec,radius_mi,1.0,10,2026-02-16T23:39:19+00:00
94d42261-24ac-4ace-9ec4-4b093d8a2aa7,e56963cb-53f9-4240-97e8-786e9f766dec,condition,like_new,1,2026-02-16T23:40:41+00:00
54f6f049-5fea-44b3-9da1-9753c4019ed5,e56963cb-53f9-4240-97e8-786e9f766dec,same_zip,on,1,2026-02-16T23:41:31+00:00
4d9a3bc8-de78-4218-92db-6a003f210872,e56963cb-53f9-4240-97e8-786e9f766dec,category,"kitchen_home,textbooks",1,2026-02-16T23:42:40+00:00
5ce55dbc-6511-4e2f-b371-e7017a2efe19,b22f58da-fef5-4d8b-9629-3058c5211605,same_school,on,0,2026-02-16T23:47:55+00:00
644180ec-1627-4d23-9255-c2fcd95c0b03,b22f58da-fef5-4d8b-9629-3058c5211605,radius_mi,2.5,0,2026-02-16T23:48:53+00:00
1acff981-e7e6-4b39-a8ee-914a794a12af,b22f58da-fef5-4d8b-9629-3058c5211605,same_nationality,off,0,2026-02-16T23:49:33+00:00
afb35858-178d-4a5b-a131-50d6482ce24a,3c93bac9-6c00-45ff-868a-2fca9fd92411,radius_mi,2.5,40,2026-02-17T05:03:27+00:00
47e539ee-9f14-46f2-bfef-0ed97ef07617,3c93bac9-6c00-45ff-868a-2fca9fd92411,condition,used_fair,5,2026-02-17T05:03:38+00:00
b6f8bd1a-9248-49a8-b74e-8b68657de85c,3c93bac9-6c00-45ff-868a-2fca9fd92411,category,sports,0,2026-02-17T05:04:58+00:00
b6d662b3-1535-4a3f-bdfb-ecd95d185ead,52c5c6a9-39b5-4951-9af7-b20a0970bd62,category,clothing,2,2026-02-19T17:12:57+00:00
212ede8f-7a32-4e0f-a230-1985f24df4f8,52c5c6a9-39b5-4951-9af7-b20a0970bd62,same_zip,on,0,2026-02-19T17:13:19+00:00
72cbd191-0cbd-46b2-ac5a-67feef26a2c6,52c5c6a9-39b5-4951-9af7-b20a0970bd62,category,"clothing,electronics",0,2026-02-19T17:13:49+00:00
d81db06e-95b3-4dbf-a5d8-c24ef5b36ed6,4d2af566-e452-4cb8-9f1c-2963153454ef,category,clothing,27,2026-02-20T05:40:14+00:00
195ffbb2-ced7-4dda-b1fb-6e5c6e55dbd4,4d2af566-e452-4cb8-9f1c-2963153454ef,category,"clothing,free_stuff",34,2026-02-20T05:40:34+00:00
b609cc14-4d06-430e-8444-583e41df5552,2b5aabb3-5cdf-46b4-8f6a-8a44166635e6,condition,used_fair,13,2026-02-21T07:15:39+00:00
310baf5b-d0f2-4633-93bf-5e03b640f219,2b5aabb3-5cdf-46b4-8f6a-8a44166635e6,radius_mi,2.5,20,2026-02-21T07:16:41+00:00
d2d4f4b2-052d-4da8-91a9-6dc58d911915,2b5aabb3-5cdf-46b4-8f6a-8a44166635e6,same_zip,on,1,2026-02-21T07:18:10+00:00
f6e538a0-a736-4906-96f6-284d685c89fc,2b5aabb3-5cdf-46b4-8f6a-8a44166635e6,condition,(cleared),1,2026-02-21T07:19:33+00:00
43ea8d4a-60d9-420d-887f-1cc29956ba7f,2b5aabb3-5cdf-46b4-8f6a-8a44166635e6,category,kitchen_home,0,2026-02-21T07:20:27+00:00
81a06d4a-bbcc-4f61-8e65-02016212f1e7,0ade7a97-38bc-456b-952d-77f14e7154e6,same_school,on,0,2026-02-21T20:52:56+00:00
d42f1480-f5e2-443f-809b-4cfd525642c2,0ade7a97-38bc-456b-952d-77f14e7154e6,same_nationality,off,2,2026-02-21T20:54:16+00:00
cbfda03c-2bd4-4368-90fc-f12b025ed731,d103d768-2880-46ed-b2c3-6b7b04ebc1d8,condition,new,17,2026-02-22T01:37:39+00:00
bfd63e7e-6d26-463e-88d4-144869d735b1,d103d768-2880-46ed-b2c3-6b7b04ebc1d8,same_school,on,3,2026-02-22T01:38:13+00:00
5fd8b728-9fbc-45e4-9460-dbcc890f0bd2,373a53bb-6b51-442f-ac4b-1d028d9af863,category,electronics,0,2026-02-25T14:57:21+00:00
b648e927-4f58-4093-b8b3-66ee8189d052,373a53bb-6b51-442f-ac4b-1d028d9af863,condition,new,0,2026-02-25T14:58:41+00:00
e35e1404-c816-4fa8-ade2-e7f592a0ad0b,373a53bb-6b51-442f-ac4b-1d028d9af863,condition,"new,used_fair",0,2026-02-25T14:59:17+00:00
2e30f525-0f3d-42eb-89f9-5d1ff15afb32,373a53bb-6b51-442f-ac4b-1d028d9af863,same_zip,on,0,2026-02-25T15:00:01+00:00
7464c67f-3556-4ddd-bd7e-d382efc46d3b,373a53bb-6b51-442f-ac4b-1d028d9af863,same_zip,off,0,2026-02-25T15:01:06+00:00
f57d73c5-02b8-4d77-8dda-d328da63ed70,514cc026-35f8-49f0-9e68-dff0aa3aab07,category,free_stuff,8,2026-02-26T22:19:51+00:00
864cc4e1-4a92-400d-84a7-668ec88a4003,514cc026-35f8-49f0-9e68-dff0aa3aab07,category,"clothing,free_stuff",55,2026-02-26T22:21:19+00:00
fc281977-2296-4dd1-b0e8-c39f67e12d88,514cc026-35f8-49f0-9e68-dff0aa3aab07,radius_mi,10.0,61,2026-02-26T22:21:34+00:00
8ac75228-b36e-4867-b28d-ccacdbb30ea5,514cc026-35f8-49f0-9e68-dff0aa3aab07,same_zip,on,26,2026-02-26T22:21:39+00:00
283443b2-1ead-402a-be3c-e2305759bf4d,cf7bc542-a4a8-4473-9640-41c0acb7aea5,same_nationality,on,3,2026-02-27T19:34:46+00:00
a0a19b6a-0e14-465a-884f-1ac2eeda6e59,cf7bc542-a4a8-4473-9640-41c0acb7aea5,same_school,on,1,2026-02-27T19:35:45+00:00
a3241d94-fe8e-43d2-8384-22faf3b29523,cf7bc542-a4a8-4473-9640-41c0acb7aea5,same_zip,on,0,2026-02-27T19:36:42+00:00
c8e5918b-f326-4c06-801e-e584b9b75922,3b534511-491d-43ca-8db3-2f08eee9be65,radius_mi,1.0,245,2026-03-02T07:37:48+00:00
2bc04264-a958-496d-b7e5-e1a37cab5ebe,3b534511-491d-43ca-8db3-2f08eee9be65,category,clothing,33,2026-03-02T07:38:30+00:00
9adb4bd8-f8f6-4a28-890b-211638aea8e0,19d0052f-3a95-45b1-a564-0bcf21862cd4,same_zip,on,7,2026-03-02T14:08:19+00:00
085c4c0b-809b-47d5-b72e-cf569529eeb4,19d0052f-3a95-45b1-a564-0bcf21862cd4,same_zip,off,9,2026-03-02T14:08:40+00:00
4c93d5d6-2cbf-4663-995c-9daac0075c23,19d0052f-3a95-45b1-a564-0bcf21862cd4,same_school,on,0,2026-03-02T14:10:10+00:00
68d9e97a-5452-4e2e-9702-2ffd26ab08e1,19d0052f-3a95-45b1-a564-0bcf21862cd4,radius_mi,10.0,48,2026-03-02T14:11:29+00:00
e195ad6f-36b6-4c38-ab3b-c747794095b5,6aacb066-212b-444d-b253-5871c426b9d0,radius_mi,1.0,246,2026-03-02T23:10:34+00:00
c835bf8d-b171-4125-aa5f-024b21ce8fdf,6aacb066-212b-444d-b253-5871c426b9d0,condition,used_good,119,2026-03-02T23:10:57+00:00
68335f8a-48f5-4d75-9280-0c9cd2f9fca1,6aacb066-212b-444d-b253-5871c426b9d0,radius_mi,10.0,210,2026-03-02T23:11:38+00:00
1757831f-7589-4dd0-a522-abc0d997a183,6aacb066-212b-444d-b253-5871c426b9d0,same_nationality,on,33,2026-03-02T23:12:22+00:00
90349126-0613-4a6d-8366-ea851e8fced9,2b5aabb3-5cdf-46b4-8f6a-8a44166635e6,same_school,on,16,2026-03-03T17:29:32+00:00
3e6cb4aa-5d83-48b9-9661-4fb18333ff7c,2b5aabb3-5cdf-46b4-8f6a-8a44166635e6,radius_mi,10.0,25,2026-03-03T17:30:16+00:00
7378eb83-f2e2-4c71-a636-2ac823cf171b,2b5aabb3-5cdf-46b4-8f6a-8a44166635e6,condition,used_good,13,2026-03-03T17:30:47+00:00
dc7012a6-28e7-47ae-9aed-dfe76123b895,2b5aabb3-5cdf-46b4-8f6a-8a44166635e6,category,free_stuff,0,2026-03-03T17:32:15+00:00
9c08e0d1-90c3-4383-9ac5-3770c4c30591,2b5aabb3-5cdf-46b4-8f6a-8a44166635e6,same_nationality,off,1,2026-03-03T17:32:22+00:00
55b5973f-fef5-45e7-9f3c-12dc116059f4,dce19236-e6ac-4b25-8861-f9bf621963fd,same_nationality,on,167,2026-03-05T03:39:13+00:00
b5eae6d8-2490-4c86-ae0c-d585489410fd,dce19236-e6ac-4b25-8861-f9bf621963fd,same_zip,on,63,2026-03-05T03:39:25+00:00
1588b3d9-dff1-463e-a597-17011a630a19,dce19236-e6ac-4b25-8861-f9bf621963fd,same_nationality,off,173,2026-03-05T03:40:55+00:00
411961a6-516e-445c-9cf8-6024ab870451,92b26b2d-f521-4368-bfd5-7368f4d4b7d2,category,clothing,0,2026-03-06T21:18:12+00:00
34bd1453-b500-44f1-a6d1-43f18d1dd803,92b26b2d-f521-4368-bfd5-7368f4d4b7d2,condition,used_good,0,2026-03-06T21:18:42+00:00
ccff967e-89a3-4221-93ef-edc6baab86ce,92b26b2d-f521-4368-bfd5-7368f4d4b7d2,same_zip,on,0,2026-03-06T21:18:47+00:00
1d672d0a-4bb7-4a4a-96c6-395cce9b6217,c2a52db8-7b0f-4f9c-9be8-3d81fad7ca27,radius_mi,2.5,4,2026-03-08T03:54:23+00:00
6c0422f1-8854-42cb-8673-a25c250af1d5,c2a52db8-7b0f-4f9c-9be8-3d81fad7ca27,radius_mi,5.0,4,2026-03-08T03:54:33+00:00
fe446c91-b40e-4387-89b4-13320daf13e3,d1837fdf-ba50-4cdd-aa78-612b77b13cac,same_nationality,on,48,2026-03-08T19:36:28+00:00
6b02235e-8766-4dea-88a5-54d7c39c709b,d1837fdf-ba50-4cdd-aa78-612b77b13cac,condition,like_new,16,2026-03-08T19:36:36+00:00
11acb513-6064-4630-8155-1dbbbb953eb1,d1837fdf-ba50-4cdd-aa78-612b77b13cac,same_zip,on,12,2026-03-08T19:38:02+00:00
4650a577-77dc-4f19-8044-eda3fa479b64,d1837fdf-ba50-4cdd-aa78-612b77b13cac,radius_mi,1.0,12,2026-03-08T19:38:36+00:00
ce480323-dd7e-4bae-9cda-816d278086f2,d1837fdf-ba50-4cdd-aa78-612b77b13cac,same_zip,off,14,2026-03-08T19:39:27+00:00
2ae32d29-825a-44d1-a9e4-cb7f944c6d5e,d1837fdf-ba50-4cdd-aa78-612b77b13cac,same_school,on,0,2026-03-08T19:39:53+00:00
17145c4c-e597-4b5c-a866-1b073792f879,67720afd-c98f-4042-88f8-4ee42ce6223e,same_zip,on,175,2026-03-12T01:58:56+00:00
0f664189-432b-4899-861b-9e3fccd2143f,67720afd-c98f-4042-88f8-4ee42ce6223e,condition,used_fair,27,2026-03-12T02:00:17+00:00
a4f3cd84-172d-4aa1-be8a-ac7d61ff487e,67720afd-c98f-4042-88f8-4ee42ce6223e,radius_mi,10.0,27,2026-03-12T02:01:47+00:00
7fa7a64e-8d12-47b5-a662-50990b2944b8,67720afd-c98f-4042-88f8-4ee42ce6223e,same_nationality,on,12,2026-03-12T02:02:13+00:00
89e3a672-3111-44c7-b97f-1efc65554be9,67720afd-c98f-4042-88f8-4ee42ce6223e,condition,"used_fair,used_good",42,2026-03-12T02:03:08+00:00
18d25a89-c070-491c-9cad-888768e56a17,4af0e4a0-0e37-444e-bfc7-a30dee993e1f,category,free_stuff,7,2026-03-12T13:43:36+00:00
2dc32bd7-64d2-4c14-9829-441e3f345e23,4af0e4a0-0e37-444e-bfc7-a30dee993e1f,category,"free_stuff,sports",22,2026-03-12T13:44:34+00:00
82dd9740-1f8d-4d72-8f28-9c814c8a2d66,4af0e4a0-0e37-444e-bfc7-a30dee993e1f,condition,like_new,6,2026-03-12T13:45:22+00:00
e37e39d2-f526-4487-8123-4f9bcd08b397,4af0e4a0-0e37-444e-bfc7-a30dee993e1f,same_nationality,on,3,2026-03-12T13:45:41+00:00
4063f57c-0a46-4d55-be03-062ddf456038,56423c84-9e94-44e6-a034-0a21e231fbea,radius_mi,10.0,436,2026-03-13T03:04:01+00:00
cc737ffd-d31c-44c2-987f-786095dd5de4,56423c84-9e94-44e6-a034-0a21e231fbea,same_nationality,on,21,2026-03-13T03:05:22+00:00
632ef97a-278d-46ec-b173-d865516c1125,56423c84-9e94-44e6-a034-0a21e231fbea,condition,new,1,2026-03-13T03:06:18+00:00
fcc43d53-42fd-44e4-a7bb-c4f50eb7e8b5,56423c84-9e94-44e6-a034-0a21e231fbea,same_school,on,0,2026-03-13T03:06:46+00:00
f4e45a32-9218-42b8-a838-b3af5ede6c46,56423c84-9e94-44e6-a034-0a21e231fbea,same_zip,on,0,2026-03-13T03:07:55+00:00
57f1d6eb-5304-4c3a-977b-5f807243b5ab,e86b6f1b-0a3d-47bb-b10e-f87bc5c17b57,category,sports,4,2026-03-13T05:03:00+00:00
a185b166-d804-423d-b410-a06d8f9c95ba,e86b6f1b-0a3d-47bb-b10e-f87bc5c17b57,same_zip,on,0,2026-03-13T05:04:17+00:00
e2cb0bbc-cbce-4201-9554-9320e4d9300e,c90cc779-75f4-4f0d-8f0e-bf02ad0ba33c,same_school,on,62,2026-03-13T07:54:36+00:00
12bfbdd5-3675-480e-83b4-33099f276e4c,c90cc779-75f4-4f0d-8f0e-bf02ad0ba33c,radius_mi,2.5,62,2026-03-13T07:55:11+00:00
0298ea63-832f-4595-bbd6-7822442bfae8,c90cc779-75f4-4f0d-8f0e-bf02ad0ba33c,same_school,off,281,2026-03-13T07:55:18+00:00
ce6db295-2cfe-47f0-abf4-a88889fdcb9e,c90cc779-75f4-4f0d-8f0e-bf02ad0ba33c,same_nationality,on,40,2026-03-13T07:56:10+00:00
ccfbb861-3569-4cde-8269-5f2b8cf70d7e,43dbd776-bd4c-4ef1-933a-59af47a589b5,same_nationality,on,17,2026-03-13T13:01:56+00:00
93396e75-e244-4bed-a5a0-8e96b8a609ca,43dbd776-bd4c-4ef1-933a-59af47a589b5,category,furniture,7,2026-03-13T13:03:20+00:00
8351f62a-9fbd-4616-9a87-76a492a84539,43dbd776-bd4c-4ef1-933a-59af47a589b5,category,"furniture,textbooks",9,2026-03-13T13:03:52+00:00
8d536d3c-d092-4892-bd38-ef166f2458c0,43dbd776-bd4c-4ef1-933a-59af47a589b5,radius_mi,5.0,9,2026-03-13T13:04:02+00:00
5c4cae7b-11d6-4866-a4bd-05e771454dc7,43dbd776-bd4c-4ef1-933a-59af47a589b5,same_zip,on,5,2026-03-13T13:05:16+00:00
abc0f077-83c0-4d45-86cb-42e109beef2d,f1c36ffc-5fa2-4aa1-a227-7f0aafef70d4,condition,like_new,130,2026-03-13T15:16:05+00:00
fb3712a5-4b2d-4cbb-a18f-82e153f71cb7,f1c36ffc-5fa2-4aa1-a227-7f0aafef70d4,same_nationality,on,20,2026-03-13T15:17:34+00:00
3ebdb754-d920-4fc0-906a-68315f3bf308,f1c36ffc-5fa2-4aa1-a227-7f0aafef70d4,same_nationality,off,130,2026-03-13T15:18:12+00:00
a48b8410-5898-4d92-a7bd-0350b1726d78,f1c36ffc-5fa2-4aa1-a227-7f0aafef70d4,radius_mi,2.5,100,2026-03-13T15:19:19+00:00
647716a5-cec2-4773-9240-e840f87cf199,f1c36ffc-5fa2-4aa1-a227-7f0aafef70d4,same_nationality,on,17,2026-03-13T15:19:35+00:00
e8861f2d-3077-4ca9-8d59-e20d71c91fdd,75c13d9c-916c-4e76-9219-1fb1448b7789,radius_mi,10.0,56,2026-03-14T11:38:19+00:00
12fce1af-55dc-4c61-a11d-863157489ee9,75c13d9c-916c-4e76-9219-1fb1448b7789,category,clothing,6,2026-03-14T11:39:11+00:00
73756d57-57fe-4573-94e0-0f3d26b9d9c3,75c13d9c-916c-4e76-9219-1fb1448b7789,category,"clothing,textbooks",20,2026-03-14T11:40:38+00:00
3ce508b8-cc76-4aa2-919a-7a2ba171733b,e3d856ad-6787-404e-8e93-f255933c3680,radius_mi,5.0,349,2026-03-14T11:48:48+00:00
08b2105b-f636-4f85-8cf6-ac0cbb23ab18,e3d856ad-6787-404e-8e93-f255933c3680,same_school,on,31,2026-03-14T11:49:51+00:00
5a10049c-92cc-4bb3-b3ab-2d5b7ea6b320,e3d856ad-6787-404e-8e93-f255933c3680,radius_mi,0.5,0,2026-03-14T11:50:48+00:00
81f6cfd5-cb5f-4441-a655-6dce0198a78b,ffe376b0-b660-443d-9d11-cd993fa8abe4,radius_mi,1.0,246,2026-03-14T15:29:10+00:00
6857c31a-3d01-427f-9ee3-eea6c171c82c,ffe376b0-b660-443d-9d11-cd993fa8abe4,category,clothing,27,2026-03-14T15:30:22+00:00
89a3851c-755f-4f3b-9e9a-fa75c3537714,ffe376b0-b660-443d-9d11-cd993fa8abe4,same_nationality,on,2,2026-03-14T15:31:35+00:00
01274f36-83a7-438b-8de5-1ff4d6a14df4,ffe376b0-b660-443d-9d11-cd993fa8abe4,same_zip,on,1,2026-03-14T15:31:58+00:00
db0ad3a6-3ac0-4fe2-9810-54c646b9f0b1,c6fd42f0-6060-47cf-a8e8-e24dcaee7d26,category,kitchen_home,43,2026-03-15T15:15:24+00:00
5e9c754b-7cbe-40e2-b439-25bddab8a387,c6fd42f0-6060-47cf-a8e8-e24dcaee7d26,same_school,on,9,2026-03-15T15:15:33+00:00
96073e06-841c-42f6-b922-2e6bf3c37c04,c6fd42f0-6060-47cf-a8e8-e24dcaee7d26,same_zip,on,0,2026-03-15T15:16:28+00:00
d605ed4c-eab3-4499-af5a-f6840cdbed93,c6fd42f0-6060-47cf-a8e8-e24dcaee7d26,same_school,off,0,2026-03-15T15:16:50+00:00
66bff94f-699e-4f88-9539-1ea93f1b161a,8d5b08cd-a9b3-424d-b178-65d65f5998af,radius_mi,10.0,47,2026-03-15T23:57:17+00:00
dccb85ec-0a31-4c55-ac8a-22735b3f1b2f,8d5b08cd-a9b3-424d-b178-65d65f5998af,same_school,on,2,2026-03-15T23:57:51+00:00
e9632513-d590-4620-88c0-202c56e3ed63,8d5b08cd-a9b3-424d-b178-65d65f5998af,same_zip,off,75,2026-03-15T23:59:02+00:00
b84d3ecc-4cbc-46ed-b8d7-b8eb94a8537a,8d5b08cd-a9b3-424d-b178-65d65f5998af,same_zip,on,2,2026-03-16T00:00:16+00:00
76ab6908-2689-4793-9e2b-79a153ed22fc,8d5b08cd-a9b3-424d-b178-65d65f5998af,same_school,off,47,2026-03-16T00:01:43+00:00
813dcc88-b910-47da-9bd1-4a44ab3a3510,089faa8b-1b06-449b-905d-977d8b88b69b,category,free_stuff,9,2026-03-16T17:41:22+00:00
7d55324b-a480-470d-b2ce-fa37b37481af,089faa8b-1b06-449b-905d-977d8b88b69b,same_school,on,0,2026-03-16T17:42:15+00:00
d2e5be99-7a1d-476d-9f47-276e13205c30,089faa8b-1b06-449b-905d-977d8b88b69b,category,"free_stuff,textbooks",14,2026-03-16T17:42:48+00:00
3ae40a0e-b464-43a4-8126-95fd91751439,089faa8b-1b06-449b-905d-977d8b88b69b,same_nationality,on,0,2026-03-16T17:44:01+00:00
87c2bec2-cf8c-489c-97e9-5164578b486a,0ac62d09-f09e-4690-845d-950f83a734f9,condition,used_good,47,2026-03-16T21:03:26+00:00
3ac22921-c764-4a6d-9c10-abc54077840d,0ac62d09-f09e-4690-845d-950f83a734f9,same_zip,on,1,2026-03-16T21:03:46+00:00
d7fc268a-8d57-4d59-99b9-6f5aa7d129f8,0ac62d09-f09e-4690-845d-950f83a734f9,same_school,on,0,2026-03-16T21:04:07+00:00
e078e10e-d2b9-4ff9-ad88-98d6e58b1cff,0ac62d09-f09e-4690-845d-950f83a734f9,radius_mi,10.0,0,2026-03-16T21:04:58+00:00
2477c936-b922-4552-b620-d639cee41bba,5635f843-b3b9-440c-a3b6-a80320986967,same_school,on,24,2026-03-17T10:28:09+00:00
8fb8be28-0c03-44ad-be23-c1b102a4358b,5635f843-b3b9-440c-a3b6-a80320986967,category,textbooks,7,2026-03-17T10:29:39+00:00
a1c386cd-e968-440a-a341-1fd6443231ca,5635f843-b3b9-440c-a3b6-a80320986967,same_nationality,off,14,2026-03-17T10:29:52+00:00
e723dab9-9c5b-4ba3-8e4e-379afbeff6ea,5635f843-b3b9-440c-a3b6-a80320986967,category,"bikes_transport,textbooks",20,2026-03-17T10:31:12+00:00
dffd2ebe-6b86-4419-a38e-9d9c5a1769af,5635f843-b3b9-440c-a3b6-a80320986967,same_school,off,85,2026-03-17T10:31:17+00:00
48492d19-43e1-4b33-8649-c885d1335803,5635f843-b3b9-440c-a3b6-a80320986967,condition,new,8,2026-03-17T10:32:13+00:00
b47ddfba-502e-4d0c-8f16-78446229cd34,eb2b14f9-1a3e-4de7-a5b9-77d125f7966d,radius_mi,0.5,179,2026-03-17T11:35:40+00:00
89e92685-90bb-4cb5-983a-ef6836944414,eb2b14f9-1a3e-4de7-a5b9-77d125f7966d,same_nationality,on,1,2026-03-17T11:37:03+00:00
ba3f85c7-eb0c-4355-bdff-f75f34437781,eb2b14f9-1a3e-4de7-a5b9-77d125f7966d,radius_mi,10.0,2,2026-03-17T11:37:19+00:00
b4e616a4-463f-4b27-a786-5758f4d24751,eb2b14f9-1a3e-4de7-a5b9-77d125f7966d,category,free_stuff,0,2026-03-17T11:38:35+00:00
87c79cb4-6623-4e76-9fcc-05320a201534,eb2b14f9-1a3e-4de7-a5b9-77d125f7966d,same_zip,on,0,2026-03-17T11:39:05+00:00
f913daad-191a-4086-b526-c5b0f0fac3f3,2546be0b-81f5-441c-bbbe-d4925b10d00d,category,kitchen_home,16,2026-03-18T06:44:27+00:00
e75cbfb0-93da-4c8a-90a2-95d7bce66379,2546be0b-81f5-441c-bbbe-d4925b10d00d,condition,used_fair,4,2026-03-18T06:44:40+00:00
089324ab-ae1e-44bb-bd92-b9e7812e4268,2546be0b-81f5-441c-bbbe-d4925b10d00d,same_school,on,0,2026-03-18T06:44:55+00:00
dbba1000-dae3-4ce7-b5bd-dcbbbd1efca9,2546be0b-81f5-441c-bbbe-d4925b10d00d,same_zip,on,0,2026-03-18T06:45:34+00:00
5f869f7d-6968-4686-9d4a-54cc2c724446,2546be0b-81f5-441c-bbbe-d4925b10d00d,same_nationality,on,0,2026-03-18T06:45:41+00:00
639995b6-20eb-456c-b363-daad3bf9a32b,75c13d9c-916c-4e76-9219-1fb1448b7789,category,textbooks,10,2026-03-18T09:56:01+00:00
574cc920-3bfa-497b-9190-b3b2505521e2,75c13d9c-916c-4e76-9219-1fb1448b7789,radius_mi,10.0,14,2026-03-18T09:57:05+00:00
97a9a51c-46c0-46ef-9d8c-3f4e66f56034,75c13d9c-916c-4e76-9219-1fb1448b7789,radius_mi,2.5,10,2026-03-18T09:57:24+00:00
15766888-c673-471c-bc3d-41ffdc48bf02,75c13d9c-916c-4e76-9219-1fb1448b7789,radius_mi,1.0,9,2026-03-18T09:58:32+00:00
f42aea5e-e300-4962-b9ac-8db137dda668,75c13d9c-916c-4e76-9219-1fb1448b7789,same_school,off,42,2026-03-18T09:59:34+00:00
94572729-6f7e-4c08-85f5-2ff073c2a550,ef913d79-c307-422d-acd9-5e72bbadb9e9,same_zip,on,179,2026-03-18T11:47:13+00:00
bd1c5816-7c2c-4788-9bab-414c1705dca3,ef913d79-c307-422d-acd9-5e72bbadb9e9,category,sports,7,2026-03-18T11:48:31+00:00
032cb92b-91b0-4b56-a0e8-f9cc18946cba,ef913d79-c307-422d-acd9-5e72bbadb9e9,same_zip,off,15,2026-03-18T11:48:34+00:00
68e662c8-6fe6-444c-8246-884469a34314,f588c9b7-219c-42f4-8026-81909c76658e,same_zip,on,65,2026-03-19T06:26:19+00:00
50976001-9cea-42e3-a7e4-c8c0b9066a77,f588c9b7-219c-42f4-8026-81909c76658e,radius_mi,10.0,65,2026-03-19T06:27:04+00:00
d248574b-700a-46ed-b719-aee8fb304719,f588c9b7-219c-42f4-8026-81909c76658e,same_nationality,on,4,2026-03-19T06:27:53+00:00
b0b98384-67e9-4cf7-926d-f55afb654f9f,5d1a62df-3bdf-4836-a4d0-5dd139fc5e81,radius_mi,10.0,74,2026-03-19T15:51:43+00:00
f2fd7824-2923-44c4-946b-cfa0677fd356,5d1a62df-3bdf-4836-a4d0-5dd139fc5e81,same_school,on,5,2026-03-19T15:51:52+00:00
3ff3fb95-d1fd-44b9-abd9-40d4aed2e792,5d1a62df-3bdf-4836-a4d0-5dd139fc5e81,category,kitchen_home,1,2026-03-19T15:52:05+00:00
88937640-dced-4b92-8c6d-3eb67945ee0c,5d1a62df-3bdf-4836-a4d0-5dd139fc5e81,category,"electronics,kitchen_home",2,2026-03-19T15:53:26+00:00
6a5fc0f0-cc11-4de4-8b96-8fb29d860d9a,5d1a62df-3bdf-4836-a4d0-5dd139fc5e81,category,"electronics,free_stuff,kitchen_home",2,2026-03-19T15:54:46+00:00
dc9cf561-3262-48d7-a741-98059f994cdd,420bbc59-57c5-4a99-a707-cc797e6b593d,category,textbooks,12,2026-03-21T00:18:45+00:00
5c944c3f-7180-4206-afff-3f79b167246f,420bbc59-57c5-4a99-a707-cc797e6b593d,radius_mi,0.5,2,2026-03-21T00:19:07+00:00
b15cb576-c20f-4a48-b64b-305a29f981cb,420bbc59-57c5-4a99-a707-cc797e6b593d,category,"free_stuff,textbooks",3,2026-03-21T00:20:15+00:00
0d70da46-974e-4d30-910d-01d67afa693f,420bbc59-57c5-4a99-a707-cc797e6b593d,radius_mi,10.0,92,2026-03-21T00:21:28+00:00
50e570d9-b45f-455b-8726-ea031c76ca15,420bbc59-57c5-4a99-a707-cc797e6b593d,category,"free_stuff,kitchen_home,textbooks",146,2026-03-21T00:21:54+00:00
6f3ec0ac-3a8f-4a03-8cce-91e92b6d384d,e6ac3080-e405-47c5-b78b-6c37ea355a02,same_school,on,13,2026-03-22T05:51:32+00:00
e9f43960-1689-4731-aafe-c005b8ce939a,e6ac3080-e405-47c5-b78b-6c37ea355a02,same_school,off,346,2026-03-22T05:52:42+00:00
4b41fc5c-293d-4854-96f2-808863e90903,e6ac3080-e405-47c5-b78b-6c37ea355a02,same_nationality,on,2,2026-03-22T05:53:56+00:00
db4938d7-f021-42ab-94b0-4989fc031743,e6ac3080-e405-47c5-b78b-6c37ea355a02,category,kitchen_home,0,2026-03-22T05:55:20+00:00
aeab8554-a1e9-47a2-8d50-9a38e731736c,e6ac3080-e405-47c5-b78b-6c37ea355a02,radius_mi,10.0,0,2026-03-22T05:56:48+00:00
62e5e634-a57b-4c0c-b29a-90b2837da88a,e6ac3080-e405-47c5-b78b-6c37ea355a02,radius_mi,2.5,0,2026-03-22T05:57:06+00:00
1601fc89-e5aa-4b30-b4dc-1b48c00648a3,37b056fd-db76-44e8-887c-28d49a739c21,category,free_stuff,8,2026-03-22T07:19:24+00:00
8c93d78f-2251-4cde-bcdf-e11383cbcd51,37b056fd-db76-44e8-887c-28d49a739c21,same_nationality,on,1,2026-03-22T07:19:56+00:00
8359e3c6-016e-4f61-80fe-46093f85d27c,37b056fd-db76-44e8-887c-28d49a739c21,same_zip,on,1,2026-03-22T07:21:07+00:00
9d0f31a1-8acd-4642-b871-d20fe665015e,37b056fd-db76-44e8-887c-28d49a739c21,category,"free_stuff,textbooks",17,2026-03-22T07:22:04+00:00
56851b56-ab19-4427-a2a8-9749cd474402,f8ec5735-1c8f-4776-b569-2f0195771513,same_zip,on,11,2026-03-22T08:29:56+00:00
2a91cbcc-bc64-410d-9907-29a8c2668c8a,f8ec5735-1c8f-4776-b569-2f0195771513,radius_mi,0.5,11,2026-03-22T08:30:43+00:00
460e7905-3273-4260-8d74-b66b664e6fcd,fda29f93-a3e8-4fb9-84ba-b9b7b56ec5c2,category,sports,19,2026-03-22T11:32:42+00:00
2bf0a189-8bb2-4ca8-8fb1-7235b724d21f,fda29f93-a3e8-4fb9-84ba-b9b7b56ec5c2,same_school,on,0,2026-03-22T11:34:09+00:00
443b2622-37b7-46d7-bbd0-36935fbc689c,fda29f93-a3e8-4fb9-84ba-b9b7b56ec5c2,same_school,off,19,2026-03-22T11:35:35+00:00
69901327-bee5-41da-9fe8-e5cd3c3b3f0c,36d2e780-1eb8-4905-beb8-e2ebc5c6adb1,same_nationality,on,49,2026-03-22T16:24:57+00:00
f8dbf3fd-c4ec-42d1-abf7-d3eff4158c88,36d2e780-1eb8-4905-beb8-e2ebc5c6adb1,condition,used_good,26,2026-03-22T16:25:10+00:00
c54bc8e6-ebf3-41c7-ab1a-fcd456771cbb,d34b2b4a-bc0b-4ffd-83db-00f5cc6c937f,radius_mi,5.0,41,2026-03-23T01:46:24+00:00
df4c8983-999b-4398-8a8c-e12890b72b25,d34b2b4a-bc0b-4ffd-83db-00f5cc6c937f,radius_mi,5.0,41,2026-03-23T01:47:29+00:00
7af0d392-8837-45e5-85b2-5e5a3057481d,d34b2b4a-bc0b-4ffd-83db-00f5cc6c937f,same_school,on,5,2026-03-23T01:47:40+00:00
3e18387d-885b-4390-b6fe-56c6ec5d7405,d34b2b4a-bc0b-4ffd-83db-00f5cc6c937f,same_nationality,off,42,2026-03-23T01:48:49+00:00
371594b8-ebbd-4c75-b134-1b8fede3094b,d34b2b4a-bc0b-4ffd-83db-00f5cc6c937f,same_zip,off,71,2026-03-23T01:49:42+00:00
9a7c2811-0fd0-488b-9167-1cce6fc4ee96,4f1cb3c6-4a88-475a-b5e5-f34f7bdaa2fc,same_school,on,42,2026-03-23T04:33:41+00:00
8c4d3e56-5bc8-49b5-983c-42e26a1567eb,4f1cb3c6-4a88-475a-b5e5-f34f7bdaa2fc,category,clothing,4,2026-03-23T04:35:07+00:00
8821542b-4939-4877-a5c0-cdbcb75aadbc,4f1cb3c6-4a88-475a-b5e5-f34f7bdaa2fc,condition,like_new,1,2026-03-23T04:36:34+00:00
c3c82137-949e-4502-b1b7-6e8072759180,4f1cb3c6-4a88-475a-b5e5-f34f7bdaa2fc,category,"bikes_transport,clothing",1,2026-03-23T04:37:55+00:00
12cd5099-0f9c-448c-b2e9-91e15dd837cf,4f1cb3c6-4a88-475a-b5e5-f34f7bdaa2fc,condition,"like_new,used_fair",1,2026-03-23T04:39:04+00:00
22beb242-5a72-427a-a3dd-31b6dc83039e,4f1cb3c6-4a88-475a-b5e5-f34f7bdaa2fc,same_zip,on,0,2026-03-23T04:40:03+00:00
fbdbf0bc-fce9-47b1-98be-eef14dc717cc,88cd8efd-6959-47db-8377-f4735e76c1f2,category,bikes_transport,0,2026-03-23T06:45:07+00:00
e8cfa164-5c66-4525-9c98-1bdab4ac85a3,88cd8efd-6959-47db-8377-f4735e76c1f2,same_nationality,on,0,2026-03-23T06:45:11+00:00
922e305f-a184-464c-b647-6ea06c3093e0,88cd8efd-6959-47db-8377-f4735e76c1f2,condition,like_new,0,2026-03-23T06:46:22+00:00
8173c088-72bf-461f-ab43-4b5eb93abc99,88cd8efd-6959-47db-8377-f4735e76c1f2,category,"bikes_transport,sports",0,2026-03-23T06:46:39+00:00
ad21d6ad-f350-40c2-b100-a501ff7fa395,88cd8efd-6959-47db-8377-f4735e76c1f2,condition,"like_new,used_good",0,2026-03-23T06:48:09+00:00
af0fc3be-3dfa-4cdc-8bc9-8a857cccc679,88cd8efd-6959-47db-8377-f4735e76c1f2,same_zip,on,0,2026-03-23T06:48:13+00:00
561ea2a7-deee-4b72-a083-32b083cf91ca,e56963cb-53f9-4240-97e8-786e9f766dec,radius_mi,1.0,250,2026-03-24T00:58:02+00:00
4082ba03-1c13-4a40-adee-3e209732ad8b,e56963cb-53f9-4240-97e8-786e9f766dec,same_nationality,on,1,2026-03-24T00:58:14+00:00
8646717e-4cae-4ce1-8ed7-a1f8412e4e71,f3189547-b5c9-4076-aab8-d864b3815677,same_nationality,on,65,2026-03-24T11:11:10+00:00
65eca5c1-b982-4db3-9005-1a90feba370e,f3189547-b5c9-4076-aab8-d864b3815677,condition,like_new,17,2026-03-24T11:12:09+00:00
e4fbdfc3-682e-4908-ba83-4aafe203f969,f3189547-b5c9-4076-aab8-d864b3815677,same_nationality,off,101,2026-03-24T11:12:18+00:00
8d8c3d08-f187-459a-a49e-7420e2cb21b2,f3189547-b5c9-4076-aab8-d864b3815677,condition,"like_new,new",122,2026-03-24T11:13:26+00:00
fcdd9f44-c18d-4384-b604-add15c24232c,f3189547-b5c9-4076-aab8-d864b3815677,same_zip,on,64,2026-03-24T11:14:45+00:00
5db62de4-39bf-4465-9e27-6b7f1144d6ee,a9cdac52-fb98-4fca-a99d-9127b6f2d083,category,bikes_transport,11,2026-03-24T12:24:15+00:00
db136b4c-adcc-40ac-b532-d10bd85edddf,a9cdac52-fb98-4fca-a99d-9127b6f2d083,same_nationality,on,2,2026-03-24T12:24:49+00:00
1af0a45e-3103-45dd-9584-8ff3bba4fcda,a9cdac52-fb98-4fca-a99d-9127b6f2d083,same_nationality,off,11,2026-03-24T12:25:09+00:00
c2376ad7-2795-4772-acb4-4e0a168b3893,a9cdac52-fb98-4fca-a99d-9127b6f2d083,radius_mi,1.0,11,2026-03-24T12:25:41+00:00
3244a167-dc75-4021-a517-22242e15866d,a9cdac52-fb98-4fca-a99d-9127b6f2d083,radius_mi,0.5,11,2026-03-24T12:26:31+00:00
12bf5526-f17e-48ab-aec0-b05d50c25720,a9cdac52-fb98-4fca-a99d-9127b6f2d083,radius_mi,1.0,11,2026-03-24T12:27:04+00:00
1c89abcb-7be7-4d68-919b-e015d2fd064c,efa792df-2f07-4094-99f4-a23935cca18b,radius_mi,1.0,181,2026-03-25T20:09:38+00:00
78a1fcb6-c7ba-4832-900a-8bec8102b48c,efa792df-2f07-4094-99f4-a23935cca18b,radius_mi,2.5,181,2026-03-25T20:10:45+00:00
f4235136-a2a1-4bcf-a959-7b91b85e4f2b,efa792df-2f07-4094-99f4-a23935cca18b,condition,new,9,2026-03-25T20:12:01+00:00
a738c64e-34f4-479f-9e24-aed0b4257ac1,efa792df-2f07-4094-99f4-a23935cca18b,category,kitchen_home,2,2026-03-25T20:13:07+00:00
41d44a8d-2383-4a20-bd05-482f2a1d5e37,f8d855a5-21a5-477b-bd26-6a8ff32c9563,radius_mi,2.5,348,2026-03-27T06:21:28+00:00
b958f18f-13c3-44eb-b583-66d9b4442535,f8d855a5-21a5-477b-bd26-6a8ff32c9563,radius_mi,0.5,49,2026-03-27T06:22:25+00:00
cd963fac-3d5d-4c70-b1b5-499cee38fdda,f8d855a5-21a5-477b-bd26-6a8ff32c9563,condition,new,3,2026-03-27T06:22:57+00:00
67c2b78f-9d39-49e8-82d4-e0ff646eb1c7,f8d855a5-21a5-477b-bd26-6a8ff32c9563,same_nationality,on,2,2026-03-27T06:24:07+00:00
7a90727a-bc89-4c9d-b618-067323677e0d,f8d855a5-21a5-477b-bd26-6a8ff32c9563,radius_mi,2.5,7,2026-03-27T06:25:07+00:00
32198309-4537-43e3-aa6c-db82d7b4d798,f8d855a5-21a5-477b-bd26-6a8ff32c9563,same_school,on,1,2026-03-27T06:25:54+00:00
fefe70bf-b5fb-42c2-9e9b-72728a83d21d,d4e30b6e-aa93-40ee-8750-e1f001abcea7,same_zip,on,66,2026-03-27T18:12:47+00:00
88030736-b9e2-43ba-8558-17d81104636c,d4e30b6e-aa93-40ee-8750-e1f001abcea7,same_zip,off,344,2026-03-27T18:13:15+00:00
7fc19035-b2ae-4b47-8586-d211ea81928a,d4e30b6e-aa93-40ee-8750-e1f001abcea7,same_school,on,36,2026-03-27T18:13:46+00:00
b15bd822-5a40-431a-8b92-2ca4ea8fe642,aba48693-f4f3-4a99-931c-a612969e1c14,category,sports,16,2026-03-29T03:05:35+00:00
13119c17-bef9-4294-bebe-ff69d3feed35,aba48693-f4f3-4a99-931c-a612969e1c14,same_zip,on,8,2026-03-29T03:06:56+00:00
7983a9e5-176a-4ea6-a074-ca0f6a4e5c1f,aba48693-f4f3-4a99-931c-a612969e1c14,category,"free_stuff,sports",15,2026-03-29T03:08:20+00:00
2b4cb731-607f-4082-a8e7-3f916a409cbf,aba48693-f4f3-4a99-931c-a612969e1c14,same_school,on,1,2026-03-29T03:08:34+00:00
974918d8-81df-4dfb-9ccd-41de8a42abfc,8d03f92a-b2fe-4c08-869d-2b9e1a04c1d7,category,electronics,6,2026-03-29T12:25:31+00:00
f915df99-8ffe-4bd7-bad9-e0496a665f6c,8d03f92a-b2fe-4c08-869d-2b9e1a04c1d7,same_zip,on,0,2026-03-29T12:25:48+00:00
a057b476-3ed0-4c45-82d7-1b76f1223326,8d03f92a-b2fe-4c08-869d-2b9e1a04c1d7,same_school,on,0,2026-03-29T12:27:16+00:00
7829f18f-941a-40da-bec0-e94150dcc2eb,8d03f92a-b2fe-4c08-869d-2b9e1a04c1d7,condition,new,0,2026-03-29T12:27:57+00:00
c7aafa88-abfc-4e77-add1-bee05ded774a,8d03f92a-b2fe-4c08-869d-2b9e1a04c1d7,category,"electronics,free_stuff",0,2026-03-29T12:29:10+00:00
aede5475-827a-42c1-a281-3b12e6ddbfcd,2838c32c-7382-41b5-852b-5d048285eed7,category,sports,16,2026-03-29T16:02:59+00:00
c4fa722f-aa47-47a1-a819-8781ed56bfc0,2838c32c-7382-41b5-852b-5d048285eed7,radius_mi,10.0,20,2026-03-29T16:03:21+00:00
a17d2b9d-180a-438e-95b6-ed26bf1fe5cd,2838c32c-7382-41b5-852b-5d048285eed7,same_zip,on,8,2026-03-29T16:04:33+00:00
441bb672-1737-4eea-af44-728e05a538ee,2838c32c-7382-41b5-852b-5d048285eed7,radius_mi,0.5,8,2026-03-29T16:05:27+00:00
e9482294-4075-4f49-8df9-d13866520579,4e4985ea-2b80-4cbe-8d6a-7abfadaa2f26,category,textbooks,65,2026-03-29T16:40:39+00:00
cb1f9ae7-dc6b-4735-9bf1-bd01109660a0,4e4985ea-2b80-4cbe-8d6a-7abfadaa2f26,condition,new,10,2026-03-29T16:41:12+00:00
d40c8dbf-87fb-4db1-be0b-cfbcd89c4190,1e35bc63-b9b9-4dc0-bbca-ba32d6a1676f,same_zip,on,10,2026-03-30T04:22:45+00:00
3a6b273f-e22e-4563-90ed-18231b09bd06,1e35bc63-b9b9-4dc0-bbca-ba32d6a1676f,radius_mi,0.5,10,2026-03-30T04:22:49+00:00
18411863-ccd4-40af-9538-05f4ca70c8cb,1e35bc63-b9b9-4dc0-bbca-ba32d6a1676f,category,kitchen_home,0,2026-03-30T04:23:11+00:00
a9f4fd21-f381-4d6c-a049-037634edb0d7,16a2805a-f042-40e2-a4f8-2002ffbe4cf8,condition,like_new,20,2026-03-30T16:20:13+00:00
c4fa09af-e4cf-4548-baae-cd494dc17e52,16a2805a-f042-40e2-a4f8-2002ffbe4cf8,same_school,off,102,2026-03-30T16:20:27+00:00
3e8bfae6-028e-453f-bb41-1fab9b721eaf,16a2805a-f042-40e2-a4f8-2002ffbe4cf8,same_nationality,on,3,2026-03-30T16:21:19+00:00
407033e8-078e-4129-a045-4b0952a5ef50,16a2805a-f042-40e2-a4f8-2002ffbe4cf8,same_nationality,off,102,2026-03-30T16:22:17+00:00
aa7f8d13-374b-430e-8697-0128bcab7478,16a2805a-f042-40e2-a4f8-2002ffbe4cf8,condition,"like_new,used_fair",157,2026-03-30T16:23:32+00:00
7c74694b-b2bb-45ad-ba45-4e00f339d1d6,3c93bac9-6c00-45ff-868a-2fca9fd92411,radius_mi,10.0,449,2026-03-30T18:23:13+00:00
d8649b05-e9a3-47eb-9491-ef906e23ce6c,3c93bac9-6c00-45ff-868a-2fca9fd92411,same_nationality,on,58,2026-03-30T18:23:26+00:00
35f7ce5e-e280-4b72-937d-4c8404653338,3c93bac9-6c00-45ff-868a-2fca9fd92411,same_school,on,6,2026-03-30T18:24:38+00:00
ace220c4-3b09-4e6c-93de-2b6f3dc69b00,3c93bac9-6c00-45ff-868a-2fca9fd92411,same_nationality,off,78,2026-03-30T18:25:27+00:00
2a6b236b-b105-4d45-8b27-801e8dcaad21,3c93bac9-6c00-45ff-868a-2fca9fd92411,radius_mi,10.0,78,2026-03-30T18:26:10+00:00
aa0e5fdf-475a-4b53-bf6e-31c3f9b4cf5c,1755328b-9010-4f07-b351-51bc6d8e8e7e,condition,used_good,175,2026-03-30T20:01:14+00:00
e178d4a5-30ba-4cab-b151-2ee720a5ba41,1755328b-9010-4f07-b351-51bc6d8e8e7e,radius_mi,5.0,193,2026-03-30T20:02:42+00:00
9ff53193-33c6-405d-b4ef-9f671e62a39f,1755328b-9010-4f07-b351-51bc6d8e8e7e,same_nationality,on,2,2026-03-30T20:03:07+00:00
80e7c4f1-f6cf-40e4-9fdf-52b43ececf28,1755328b-9010-4f07-b351-51bc6d8e8e7e,radius_mi,2.5,2,2026-03-30T20:03:45+00:00
47eedcbe-c670-460d-a4ae-f17f2cc0a3d8,1755328b-9010-4f07-b351-51bc6d8e8e7e,radius_mi,0.5,0,2026-03-30T20:04:11+00:00
8d6b90b8-7fe1-4240-886a-664b037a45c1,c2a52db8-7b0f-4f9c-9be8-3d81fad7ca27,same_nationality,on,0,2026-03-31T19:11:58+00:00
d984a535-5937-474f-a0ee-bc00d39cbaaa,c2a52db8-7b0f-4f9c-9be8-3d81fad7ca27,same_nationality,off,4,2026-03-31T19:12:04+00:00
fc72ab28-3862-488a-8389-fb6541cd4961,c2a52db8-7b0f-4f9c-9be8-3d81fad7ca27,category,kitchen_home,0,2026-03-31T19:12:26+00:00
7f2b034a-3547-4684-85fb-37ae8dad1ff9,c2a52db8-7b0f-4f9c-9be8-3d81fad7ca27,radius_mi,10.0,0,2026-03-31T19:13:53+00:00
d03b3478-08e7-42c2-8fa8-9f050a85ac03,c3699fc8-6b69-4b20-bd17-1c0f5a24a795,same_nationality,on,65,2026-04-01T14:34:07+00:00
77022994-650d-42cb-904d-920b40bc6ffe,c3699fc8-6b69-4b20-bd17-1c0f5a24a795,same_school,on,5,2026-04-01T14:34:18+00:00
dcf39018-402f-4091-935f-6cccbaee5d2a,c3699fc8-6b69-4b20-bd17-1c0f5a24a795,category,sports,0,2026-04-01T14:35:21+00:00
a7267704-9643-4745-b602-65fa6a4a17f2,4cf59a7d-3daf-44fe-8e86-aa4389b82fc0,condition,like_new,14,2026-04-02T03:50:32+00:00
eff679d6-1e4d-401c-a508-9ae1a44ddd66,4cf59a7d-3daf-44fe-8e86-aa4389b82fc0,same_zip,on,2,2026-04-02T03:51:07+00:00
2834e95d-8212-4e8a-9608-3c69c9146768,4cf59a7d-3daf-44fe-8e86-aa4389b82fc0,radius_mi,10.0,2,2026-04-02T03:52:19+00:00
d3a26697-df06-4b1a-8cad-e831e01baee5,4cf59a7d-3daf-44fe-8e86-aa4389b82fc0,radius_mi,1.0,2,2026-04-02T03:53:12+00:00
aa36b981-55b8-4bf5-9fac-6a66d6d8e11c,a0e2974c-e309-4d0a-be48-f7744ff2a50d,same_zip,on,183,2026-04-02T12:52:17+00:00
5d284c70-6024-4402-93cc-a6f642ad9acb,a0e2974c-e309-4d0a-be48-f7744ff2a50d,same_school,on,21,2026-04-02T12:53:03+00:00
921d95e0-ee54-4007-a46e-e7a0a5c8b1c3,af42af94-15a3-4883-9130-24839fed9a09,radius_mi,2.5,359,2026-04-03T02:21:23+00:00
a48d3853-9abc-4af6-839e-86cce679beae,af42af94-15a3-4883-9130-24839fed9a09,category,furniture,103,2026-04-03T02:21:38+00:00
49566cdf-b539-4b6a-be68-a94c1bdb0edc,af42af94-15a3-4883-9130-24839fed9a09,radius_mi,5.0,110,2026-04-03T02:22:02+00:00
4bae394d-f372-4e57-af59-6c1e4a0ebef1,af42af94-15a3-4883-9130-24839fed9a09,radius_mi,10.0,128,2026-04-03T02:22:25+00:00
40c3a2cf-ae0f-44ab-b546-3858cef006d1,af42af94-15a3-4883-9130-24839fed9a09,category,"clothing,furniture",181,2026-04-03T02:22:59+00:00
fbebf25f-ceb0-41fb-849a-865a1b7f5b5f,4eb375d1-e150-4235-aed3-d4483dba1cfa,radius_mi,1.0,255,2026-04-04T10:23:51+00:00
b3a55f1e-92a0-44a3-9f83-cb09f0105f1b,4eb375d1-e150-4235-aed3-d4483dba1cfa,radius_mi,2.5,360,2026-04-04T10:25:02+00:00
07300a81-da7e-43a2-99d7-7c7d9f28e2c7,36d2e780-1eb8-4905-beb8-e2ebc5c6adb1,same_school,on,68,2026-04-05T03:25:06+00:00
3d89d4e2-fea9-469a-9557-e4a9c5341fc6,36d2e780-1eb8-4905-beb8-e2ebc5c6adb1,condition,like_new,20,2026-04-05T03:26:16+00:00
94e9ca3b-802e-4375-99ef-4cf96bcc6663,aba48693-f4f3-4a99-931c-a612969e1c14,same_school,on,38,2026-04-05T23:20:27+00:00
ea8d3809-f210-493d-9b88-3845a7b51086,aba48693-f4f3-4a99-931c-a612969e1c14,category,textbooks,5,2026-04-05T23:20:39+00:00
760ff8eb-2666-43bc-90d8-9b387aa650ae,aba48693-f4f3-4a99-931c-a612969e1c14,condition,used_good,3,2026-04-05T23:21:54+00:00
4ad851c0-2c3a-4ef5-9174-44e385ad1543,aba48693-f4f3-4a99-931c-a612969e1c14,same_nationality,on,0,2026-04-05T23:23:17+00:00
66693aaf-d28b-4f60-86bd-e1b89108174e,aba48693-f4f3-4a99-931c-a612969e1c14,same_zip,on,0,2026-04-05T23:24:08+00:00
ac565786-5963-4b39-a22d-6acce1630bcd,19dfffd3-69fe-4589-9939-0de48e436817,radius_mi,5.0,390,2026-04-06T22:21:10+00:00
f7b908f0-1837-4785-b051-ad676c65fd12,19dfffd3-69fe-4589-9939-0de48e436817,same_school,on,6,2026-04-06T22:21:37+00:00
a05a3c18-ecd1-4367-8591-3c7f2460430d,19dfffd3-69fe-4589-9939-0de48e436817,same_school,off,390,2026-04-06T22:21:56+00:00
740ba155-2e10-4eb3-ae3f-f6d0dcc5e0ba,19dfffd3-69fe-4589-9939-0de48e436817,condition,new,25,2026-04-06T22:23:00+00:00
3ef4fb0a-a332-4490-b695-db53568c49d5,19dfffd3-69fe-4589-9939-0de48e436817,same_zip,on,9,2026-04-06T22:24:12+00:00
af7c0077-bbb9-4525-a299-898e13647023,7352bdf0-d7cd-4554-b7da-0f69eabb5ce6,radius_mi,10.0,456,2026-04-08T04:06:55+00:00
3f6ea20c-caca-47f9-b12d-824137040b45,7352bdf0-d7cd-4554-b7da-0f69eabb5ce6,same_nationality,on,178,2026-04-08T04:07:13+00:00
7bf2445c-6c9c-4b2f-a5d5-c2b9347d9374,7352bdf0-d7cd-4554-b7da-0f69eabb5ce6,same_nationality,off,456,2026-04-08T04:07:59+00:00
30fcfd04-963a-471f-aa78-a7226dee690d,7352bdf0-d7cd-4554-b7da-0f69eabb5ce6,condition,used_fair,65,2026-04-08T04:09:13+00:00
7db8d5b8-eb76-4148-a031-2e503081a56f,7352bdf0-d7cd-4554-b7da-0f69eabb5ce6,same_nationality,on,28,2026-04-08T04:09:16+00:00
e09564f4-47b1-4529-bd9a-1c1ec5ca346f,7352bdf0-d7cd-4554-b7da-0f69eabb5ce6,category,electronics,1,2026-04-08T04:09:30+00:00
5fe6d189-4abe-491a-bca8-a15feaeffdfa,ef612f5a-faa9-4654-9788-291f8ab7522f,same_school,on,0,2026-04-08T05:36:36+00:00
199b038b-304b-47a1-8729-511113fce091,ef612f5a-faa9-4654-9788-291f8ab7522f,category,clothing,0,2026-04-08T05:36:58+00:00
579b92fc-b30f-4dad-8573-2713e3a01cb7,ef612f5a-faa9-4654-9788-291f8ab7522f,same_zip,on,0,2026-04-08T05:37:54+00:00
72c36b81-e2c3-42e1-bb32-7356492c59bf,ef612f5a-faa9-4654-9788-291f8ab7522f,radius_mi,5.0,0,2026-04-08T05:39:15+00:00
b4bcd654-ee42-4c6b-9873-ad00b6e14964,ef612f5a-faa9-4654-9788-291f8ab7522f,radius_mi,0.5,0,2026-04-08T05:39:41+00:00
5ccadc47-04bd-442c-92d5-f355a7fac410,ef612f5a-faa9-4654-9788-291f8ab7522f,radius_mi,1.0,0,2026-04-08T05:40:55+00:00
d1df676e-aecc-4abe-92b5-37650157f422,06ca99ad-46e9-4d5e-a72e-48628968c316,condition,new,3,2026-04-08T06:31:45+00:00
5385aa96-184b-43e2-9679-a50c966d0937,06ca99ad-46e9-4d5e-a72e-48628968c316,category,clothing,0,2026-04-08T06:32:17+00:00
2dae1207-1357-47c5-b336-b47c2d8a3b23,06ca99ad-46e9-4d5e-a72e-48628968c316,category,(cleared),3,2026-04-08T06:32:37+00:00
81267c2b-ad3a-406d-9144-668f1d77a087,06ca99ad-46e9-4d5e-a72e-48628968c316,condition,(cleared),50,2026-04-08T06:32:47+00:00
4bba23de-8df9-4282-85fa-33f1dc2c261b,a0e2974c-e309-4d0a-be48-f7744ff2a50d,same_school,on,36,2026-04-08T07:18:34+00:00
aab55f5a-c361-43fa-8cdd-648bf184db94,a0e2974c-e309-4d0a-be48-f7744ff2a50d,same_nationality,on,10,2026-04-08T07:19:46+00:00
1bc20b9d-f89d-4ee6-b90e-d8936a8c064d,a0e2974c-e309-4d0a-be48-f7744ff2a50d,same_school,off,130,2026-04-08T07:20:02+00:00
3c573b6c-ea18-4b16-bb47-df78909995a9,a0e2974c-e309-4d0a-be48-f7744ff2a50d,category,clothing,16,2026-04-08T07:20:47+00:00
55db812a-23a6-45f3-9c07-0e3854ee2c24,a0e2974c-e309-4d0a-be48-f7744ff2a50d,same_nationality,off,45,2026-04-08T07:21:33+00:00
85d785d0-727d-48cb-b689-6218b405db44,a0e2974c-e309-4d0a-be48-f7744ff2a50d,same_zip,on,21,2026-04-08T07:21:52+00:00
6ba3f88d-5606-4b0c-beb5-5480b8dac1b3,1a3b8eb4-9217-4dfe-a345-ac6a2076c9d5,condition,like_new,104,2026-04-08T11:52:50+00:00
4f24a03c-f08c-4fdd-80fa-cd778a2da935,1a3b8eb4-9217-4dfe-a345-ac6a2076c9d5,same_zip,on,56,2026-04-08T11:53:43+00:00
c24b3e28-f265-4401-8754-fbc508d40f6e,1a3b8eb4-9217-4dfe-a345-ac6a2076c9d5,category,textbooks,13,2026-04-08T11:55:01+00:00
83b15876-a2c6-4e10-8c15-a150f5a927a0,e554a849-75b4-42ad-ab34-0b8fc1a7f349,same_nationality,off,365,2026-04-08T19:21:45+00:00
dfe75f1b-f96e-4ee7-8419-b1ac20213b4d,e554a849-75b4-42ad-ab34-0b8fc1a7f349,same_school,on,36,2026-04-08T19:22:44+00:00
01ad1a5c-6334-4088-84dc-a193204cca05,e554a849-75b4-42ad-ab34-0b8fc1a7f349,same_zip,on,21,2026-04-08T19:23:22+00:00
7fcc0287-9049-46bc-8529-8f84eb03d582,e554a849-75b4-42ad-ab34-0b8fc1a7f349,condition,new,1,2026-04-08T19:24:12+00:00
aee5d06a-55a1-41aa-a920-4cb9559a249f,d04a9725-4a5b-49d3-971a-6c7bbb1d7355,radius_mi,5.0,9,2026-04-10T20:12:20+00:00
b9e43290-06f9-4425-a45c-10b71f23164b,d04a9725-4a5b-49d3-971a-6c7bbb1d7355,same_zip,on,3,2026-04-10T20:12:59+00:00
c1b7fc67-99c0-496d-bfde-3cfe612d9002,d04a9725-4a5b-49d3-971a-6c7bbb1d7355,category,kitchen_home,1,2026-04-10T20:14:18+00:00
0f77b2c2-8d4a-41d3-9e51-5d00708f6dbc,d04a9725-4a5b-49d3-971a-6c7bbb1d7355,same_nationality,off,26,2026-04-10T20:15:16+00:00
0ce7bab2-c409-4b92-9fa4-de39eddce8bf,d04a9725-4a5b-49d3-971a-6c7bbb1d7355,condition,used_good,13,2026-04-10T20:16:23+00:00
86aabd34-7915-41b2-af6c-67b54e111c5c,5c27de08-e263-49f8-b85c-5d1bfb70223d,same_nationality,on,0,2026-04-11T07:46:55+00:00
4a25b9f9-e77e-438a-b64c-ede4fab16f17,5c27de08-e263-49f8-b85c-5d1bfb70223d,same_zip,on,0,2026-04-11T07:47:57+00:00
3d0c0753-cec7-48c4-9b08-8ddb47049202,b1819170-1c8d-422c-9fca-8d03059de2b5,same_zip,on,192,2026-04-13T01:58:44+00:00
0581b85e-8a0d-42a9-bd65-f8eed976a8e0,b1819170-1c8d-422c-9fca-8d03059de2b5,condition,used_fair,27,2026-04-13T01:59:12+00:00
9312dc84-1b34-49dd-a29e-e14756e4ce89,7352bdf0-d7cd-4554-b7da-0f69eabb5ce6,category,free_stuff,8,2026-04-13T09:41:59+00:00
ad2fe091-0f83-49c5-beab-1e576b92ce20,7352bdf0-d7cd-4554-b7da-0f69eabb5ce6,same_nationality,on,1,2026-04-13T09:43:28+00:00
0d646f3e-9522-409c-a06f-b0d6648d7574,7352bdf0-d7cd-4554-b7da-0f69eabb5ce6,category,(cleared),134,2026-04-13T09:44:37+00:00
333816dd-7499-45be-aa57-322bb76cb836,7352bdf0-d7cd-4554-b7da-0f69eabb5ce6,same_nationality,off,376,2026-04-13T09:45:48+00:00
c9d9675e-7f83-4b22-9b28-af260f09f003,7352bdf0-d7cd-4554-b7da-0f69eabb5ce6,same_school,on,74,2026-04-13T09:46:05+00:00
2304dbd5-3b7f-4321-9089-89624ba81484,7352bdf0-d7cd-4554-b7da-0f69eabb5ce6,condition,used_good,42,2026-04-13T09:46:32+00:00
8b2b63bc-0baa-4902-8a5b-0b8553ca4fb0,29b08317-6763-47c6-93e5-e9d211886a27,same_school,on,7,2026-04-14T03:47:21+00:00
5e2370af-136f-43b5-8f41-46bff7277282,29b08317-6763-47c6-93e5-e9d211886a27,same_school,off,371,2026-04-14T03:48:39+00:00
fd9e9ad5-9e78-4426-9151-956a89341d67,29b08317-6763-47c6-93e5-e9d211886a27,same_zip,on,55,2026-04-14T03:48:53+00:00
303a8a4d-bbdb-4d4d-b4aa-986bf8313e53,29b08317-6763-47c6-93e5-e9d211886a27,category,clothing,3,2026-04-14T03:49:28+00:00
f81e1d0f-4405-426e-86fc-70922e56f4f9,29b08317-6763-47c6-93e5-e9d211886a27,same_nationality,on,1,2026-04-14T03:50:37+00:00
1bc4fe68-20fa-4c40-8f76-edb526ffbb7b,19dfffd3-69fe-4589-9939-0de48e436817,same_school,on,6,2026-04-15T09:37:21+00:00
142c3e8f-7d5c-4fe6-a290-7f936a177a9e,19dfffd3-69fe-4589-9939-0de48e436817,same_nationality,on,1,2026-04-15T09:38:21+00:00
5bd7b4d1-2825-4c81-a002-70c153bf901d,c88efa62-e4cc-4ce2-825d-a2d3bda7324f,same_nationality,on,134,2026-04-15T09:50:21+00:00
a3a7824a-d035-4287-b571-8045261f9f66,c88efa62-e4cc-4ce2-825d-a2d3bda7324f,category,sports,8,2026-04-15T09:51:38+00:00
cf39ff1d-8c19-4aa8-864e-81ba82d6ed36,c88efa62-e4cc-4ce2-825d-a2d3bda7324f,condition,used_good,4,2026-04-15T09:53:06+00:00
d837bc8a-683b-466e-822d-cf0f9c15c4f3,c88efa62-e4cc-4ce2-825d-a2d3bda7324f,condition,"new,used_good",5,2026-04-15T09:54:25+00:00
127dd0d7-0560-4fd3-aa08-a9f47dc6d93e,9c4bc13c-455f-4bc8-af64-d6ff11a380b4,same_school,on,74,2026-04-16T02:16:19+00:00
8d5a8271-76f0-4cf4-b2ec-9a85d5984649,9c4bc13c-455f-4bc8-af64-d6ff11a380b4,condition,like_new,19,2026-04-16T02:16:45+00:00
1a56b1cb-aca6-4ed8-bbd9-9a622a7f1fb7,9c4bc13c-455f-4bc8-af64-d6ff11a380b4,category,kitchen_home,1,2026-04-16T02:18:15+00:00
0b9b83bd-7b80-44ae-a691-edb288d84992,9c4bc13c-455f-4bc8-af64-d6ff11a380b4,category,"electronics,kitchen_home",8,2026-04-16T02:19:30+00:00
03c8f77e-2d47-4001-b38d-225b36c1a76d,9c4bc13c-455f-4bc8-af64-d6ff11a380b4,condition,(cleared),23,2026-04-16T02:19:37+00:00
bd8314aa-b285-418b-9088-153f033bbaf7,9c4bc13c-455f-4bc8-af64-d6ff11a380b4,category,"electronics,free_stuff,kitchen_home",25,2026-04-16T02:20:54+00:00
4ad71348-a698-4fd9-9b7f-4be47c46f698,0675ff4e-03a1-4a1b-91f2-4e5095585649,same_school,on,45,2026-04-16T09:58:18+00:00
417c3afa-0ba3-4e38-9e61-8235da17a1d1,0675ff4e-03a1-4a1b-91f2-4e5095585649,radius_mi,2.5,40,2026-04-16T09:59:19+00:00
afdfcdca-e449-4171-b84e-145aef84863c,0675ff4e-03a1-4a1b-91f2-4e5095585649,condition,new,2,2026-04-16T10:00:42+00:00
fb8c4ce5-254e-48ce-a055-f1d488b97f06,0675ff4e-03a1-4a1b-91f2-4e5095585649,same_nationality,on,0,2026-04-16T10:02:09+00:00
f5885a76-8661-4776-a91d-c32bcd9066a8,0675ff4e-03a1-4a1b-91f2-4e5095585649,condition,"new,used_good",0,2026-04-16T10:03:04+00:00
7afd1d9c-80fe-4054-aa6f-c80d3fcee7be,a65291d3-0e33-4ea9-afd9-e6056f5fec42,same_school,on,45,2026-04-18T06:26:59+00:00
2d9321de-c006-4b90-bb2e-822fa63d3388,a65291d3-0e33-4ea9-afd9-e6056f5fec42,same_zip,on,45,2026-04-18T06:27:59+00:00
bd79ad12-5fd0-4bed-8734-8f3df87cd1bc,a65291d3-0e33-4ea9-afd9-e6056f5fec42,same_nationality,on,19,2026-04-18T06:29:27+00:00
f7ccca56-2fe8-417f-a966-9598b8715cf2,a65291d3-0e33-4ea9-afd9-e6056f5fec42,same_school,off,70,2026-04-18T06:30:02+00:00
43558fa0-36d5-4b2a-9694-18db414a2a49,a65291d3-0e33-4ea9-afd9-e6056f5fec42,condition,like_new,21,2026-04-18T06:30:07+00:00
8c9e50e7-4362-4fe7-8b8d-59f982b3806b,6dfbbf9b-099b-425f-a0b4-4d13ee683924,category,clothing,45,2026-04-18T07:58:32+00:00
3461c817-d317-4902-9bdd-7086b4fe8fd5,6dfbbf9b-099b-425f-a0b4-4d13ee683924,category,"clothing,sports",62,2026-04-18T07:58:44+00:00
fb17a1ce-9f16-4540-a971-7c0fd60eca23,6dfbbf9b-099b-425f-a0b4-4d13ee683924,same_zip,on,29,2026-04-18T07:59:56+00:00
ac42b17e-669b-4c61-8dd2-b5c035eab42f,6dfbbf9b-099b-425f-a0b4-4d13ee683924,condition,used_good,12,2026-04-18T08:00:27+00:00
f4d356ff-1328-4d8b-961e-721c02404b94,6dfbbf9b-099b-425f-a0b4-4d13ee683924,same_nationality,on,0,2026-04-18T08:00:30+00:00
85e9d7c6-b6bb-42ea-b60b-805decb9f803,6dfbbf9b-099b-425f-a0b4-4d13ee683924,same_nationality,off,12,2026-04-18T08:00:52+00:00
ad18bb75-a1e3-4cb7-85a2-5bc9c1352dff,7844c024-2ced-4ed0-9417-6303bff60ab5,category,kitchen_home,8,2026-04-19T17:23:38+00:00
4866101f-8a3a-4018-9065-91795a4f25d9,7844c024-2ced-4ed0-9417-6303bff60ab5,same_zip,on,0,2026-04-19T17:23:52+00:00
d1663ff2-7dbb-4918-bb5b-9db39a31bbfb,1d60fe82-43d3-41ca-b4b2-47f71aba1916,same_zip,on,55,2026-04-19T21:22:50+00:00
8e32ed8f-ce17-4608-bf26-34cc25b42088,1d60fe82-43d3-41ca-b4b2-47f71aba1916,same_zip,off,269,2026-04-19T21:23:37+00:00
3a078f30-c208-4c59-83f0-50d817eb59e5,1d60fe82-43d3-41ca-b4b2-47f71aba1916,category,clothing,29,2026-04-19T21:25:07+00:00
a00493eb-e1a6-4089-8c13-5428fff80636,1d60fe82-43d3-41ca-b4b2-47f71aba1916,same_nationality,on,0,2026-04-19T21:25:44+00:00
76190de6-bdcf-4ff5-94d0-f7f0dfb38a81,1d60fe82-43d3-41ca-b4b2-47f71aba1916,radius_mi,0.5,0,2026-04-19T21:26:42+00:00
7cbe1866-b986-4f1f-a7b0-eb99c63b7bb4,c99359a6-ecf8-4d27-a849-8d366cb10a8d,same_zip,on,195,2026-04-19T22:53:27+00:00
369ed2ba-3b03-49b4-bc9d-53683175f2d4,c99359a6-ecf8-4d27-a849-8d366cb10a8d,radius_mi,10.0,195,2026-04-19T22:54:48+00:00
a92f6dc5-8be8-4a66-b980-f6a684e55e0a,c99359a6-ecf8-4d27-a849-8d366cb10a8d,category,bikes_transport,11,2026-04-19T22:56:04+00:00
5df09c0a-043d-466b-91b1-df55072dcfe4,c99359a6-ecf8-4d27-a849-8d366cb10a8d,radius_mi,10.0,11,2026-04-19T22:56:28+00:00
0405652b-8711-4e34-b161-23324c30ba5e,3dc6ba51-e546-4e5c-8e8a-6d0bb4c42691,same_nationality,on,60,2026-04-20T00:06:19+00:00
1c7e82b8-243d-43ef-86ae-46e3c209c640,3dc6ba51-e546-4e5c-8e8a-6d0bb4c42691,same_school,on,6,2026-04-20T00:06:29+00:00
88452cc2-f0a4-457d-86e6-5536822877fe,3dc6ba51-e546-4e5c-8e8a-6d0bb4c42691,same_zip,on,4,2026-04-20T00:06:36+00:00
1ac863a9-0f19-4ab7-bcf0-9fc79a52aac9,f4b0199b-48eb-4354-a8fe-03676e9169f9,same_school,on,1,2026-04-20T08:59:38+00:00
b44904be-ed30-4999-bcb0-8e4a9c601c53,f4b0199b-48eb-4354-a8fe-03676e9169f9,same_school,off,2,2026-04-20T09:00:02+00:00
1a0bc714-c310-4dd2-8f4f-51c514c7d854,5bc41520-3863-4195-9605-167db200b16f,same_school,on,4,2026-04-20T16:25:43+00:00
81249661-3391-4423-ab2b-8a806221d568,5bc41520-3863-4195-9605-167db200b16f,same_zip,on,0,2026-04-20T16:25:50+00:00
ecbdc54e-5103-44e6-b081-40746cd78585,5bc41520-3863-4195-9605-167db200b16f,same_school,off,1,2026-04-20T16:26:24+00:00
ab877eef-3c92-472d-8e86-ac11d17587df,5bc41520-3863-4195-9605-167db200b16f,same_nationality,on,0,2026-04-20T16:27:24+00:00
0e034964-8a37-4aec-b4fc-163585d749a9,5bc41520-3863-4195-9605-167db200b16f,same_zip,off,8,2026-04-20T16:28:31+00:00
a22bbe1c-e20c-454a-be73-a06ada9e4ad8,2dac0197-e076-459a-8d9a-034a44933296,same_zip,off,381,2026-04-21T10:33:57+00:00
5936667b-bbcc-48a2-9d26-d08120ba0656,2dac0197-e076-459a-8d9a-034a44933296,radius_mi,10.0,474,2026-04-21T10:34:06+00:00
70ddf57a-8090-49b2-9601-da7d606e23f5,8a838e5c-8a35-419f-8644-90ed955ef714,same_nationality,on,28,2026-04-23T13:50:00+00:00
7a6f5418-0ef7-4a96-94c7-afb12cf9e644,8a838e5c-8a35-419f-8644-90ed955ef714,condition,used_good,10,2026-04-23T13:50:10+00:00
aaae638e-416e-4119-9e68-beb6a6110f06,8a838e5c-8a35-419f-8644-90ed955ef714,same_zip,on,10,2026-04-23T13:51:27+00:00
747a328f-b9ac-4af2-9f07-4abd0a72f4a5,8a838e5c-8a35-419f-8644-90ed955ef714,same_nationality,off,30,2026-04-23T13:52:13+00:00
ccf26be7-421a-4944-a914-acb805b9f6a6,8a838e5c-8a35-419f-8644-90ed955ef714,same_school,on,7,2026-04-23T13:52:27+00:00
4f974ad3-866e-4b09-b6cd-601cc381ef0b,6225ff1d-dff6-4eec-8a09-0b85b8e80e91,same_nationality,on,76,2026-04-23T17:56:05+00:00
e4e9fc83-0c84-45d6-b86c-84a46d228353,6225ff1d-dff6-4eec-8a09-0b85b8e80e91,same_school,on,9,2026-04-23T17:57:31+00:00
32bb5dad-1284-482b-968d-06c0a93aedad,6225ff1d-dff6-4eec-8a09-0b85b8e80e91,same_zip,on,0,2026-04-23T17:57:46+00:00
f814cde2-4ef0-419c-81e6-82390aa8f245,6225ff1d-dff6-4eec-8a09-0b85b8e80e91,condition,new,0,2026-04-23T17:58:07+00:00
092ebfc7-7669-469d-be27-eb0cf08c7cc5,6225ff1d-dff6-4eec-8a09-0b85b8e80e91,condition,"new,used_good",0,2026-04-23T17:59:31+00:00
6204bafa-3235-4714-85a5-ab25bb2d4964,6225ff1d-dff6-4eec-8a09-0b85b8e80e91,same_school,off,0,2026-04-23T18:00:52+00:00
b5270413-27b2-4286-87ee-2a53e701606d,b9a3d8a8-1d58-4cf2-971d-224a10dd8600,condition,used_fair,60,2026-04-24T17:16:31+00:00
17b97d1f-c85f-4d0f-bce2-a0c0800d4fb7,b9a3d8a8-1d58-4cf2-971d-224a10dd8600,same_nationality,on,25,2026-04-24T17:17:22+00:00
f753a185-2292-440d-94f7-07f7c604c6b7,b9a3d8a8-1d58-4cf2-971d-224a10dd8600,category,clothing,4,2026-04-24T17:17:31+00:00
ecdee71d-f36f-4329-8fb4-f4de65baac9a,b9a3d8a8-1d58-4cf2-971d-224a10dd8600,same_school,on,0,2026-04-24T17:18:05+00:00
91df507a-f42c-4bac-9467-a2f219c6ea35,b9a3d8a8-1d58-4cf2-971d-224a10dd8600,same_nationality,off,0,2026-04-24T17:18:31+00:00
cbd9241a-14ce-48ee-b631-437498a38b9a,b9a3d8a8-1d58-4cf2-971d-224a10dd8600,radius_mi,0.5,0,2026-04-24T17:19:30+00:00
792fc89f-7681-450c-8502-975b82f72830,6a68ec56-67f5-493e-810d-eb44598b0e94,same_zip,on,56,2026-04-24T20:38:24+00:00
166ab65b-6362-445d-ad33-b92077fc2fa4,6a68ec56-67f5-493e-810d-eb44598b0e94,same_zip,off,386,2026-04-24T20:39:15+00:00
004b1510-5770-4b1f-a71e-9074a4a4ecea,bc0e5868-3a1d-4493-ad13-df81dcf8102c,same_zip,on,56,2026-04-25T16:50:16+00:00
32711331-aaea-4bf6-81a5-ea4b882ea733,bc0e5868-3a1d-4493-ad13-df81dcf8102c,same_zip,off,388,2026-04-25T16:51:46+00:00
94bc18c9-c949-45b5-8839-b5a504d5d0a0,50ea7e0c-7da9-4f50-8495-8e484fcefdfd,condition,new,2,2026-04-26T08:03:43+00:00
ca1e5080-ffc4-4408-820a-b63cf38422b1,50ea7e0c-7da9-4f50-8495-8e484fcefdfd,condition,(cleared),10,2026-04-26T08:04:06+00:00
ac8b42ef-6a0c-4a43-a8db-2107f6827beb,50ea7e0c-7da9-4f50-8495-8e484fcefdfd,same_zip,on,10,2026-04-26T08:04:12+00:00
ce31b01a-437c-4150-8014-a514f803541c,50ea7e0c-7da9-4f50-8495-8e484fcefdfd,radius_mi,10.0,10,2026-04-26T08:05:21+00:00
6c2708df-092e-44ad-aad4-e6935997d238,b37478b5-88dc-4b30-a68b-459b94eeb755,same_school,on,15,2026-04-26T17:18:32+00:00
07584685-5c8b-48d5-b9d9-d7c1bb260e1b,b37478b5-88dc-4b30-a68b-459b94eeb755,same_nationality,on,1,2026-04-26T17:19:33+00:00
344d09a5-a4a5-4118-a9c2-f7f86c149100,b37478b5-88dc-4b30-a68b-459b94eeb755,same_school,off,3,2026-04-26T17:20:47+00:00
09dd6161-650b-4f30-87b1-352ff6ec94c8,c83332b4-6631-4d8a-bf55-d7b4da6ef7d5,same_nationality,off,61,2026-04-27T04:46:40+00:00
ec0cab66-e0a4-477a-87ad-cc8b9d6827b1,c83332b4-6631-4d8a-bf55-d7b4da6ef7d5,same_nationality,on,25,2026-04-27T04:47:53+00:00
4e23a731-54ad-435d-af94-0ad53def714d,c83332b4-6631-4d8a-bf55-d7b4da6ef7d5,category,textbooks,5,2026-04-27T04:48:18+00:00
14dc8956-66ce-48a2-b46a-d8a4d4604710,c83332b4-6631-4d8a-bf55-d7b4da6ef7d5,radius_mi,2.5,5,2026-04-27T04:49:38+00:00
2c0520d2-c6c4-424c-88a1-bfdb2ead65f3,c83332b4-6631-4d8a-bf55-d7b4da6ef7d5,category,"clothing,textbooks",6,2026-04-27T04:50:04+00:00
e48efe48-ca5c-4c08-8be5-2cf870f9eca7,a65291d3-0e33-4ea9-afd9-e6056f5fec42,same_nationality,on,73,2026-04-27T13:06:22+00:00
13d7b946-ec6b-421e-8568-8a53e850ae60,a65291d3-0e33-4ea9-afd9-e6056f5fec42,same_zip,on,73,2026-04-27T13:06:57+00:00
3ac6df70-2841-4256-8b70-1c1ce1b50100,d1069292-d635-44f8-8c01-1494891ae61f,condition,used_good,200,2026-04-27T15:31:58+00:00
4c4b2ffa-558d-4526-b1fa-9b5f4c2013c4,d1069292-d635-44f8-8c01-1494891ae61f,same_school,on,32,2026-04-27T15:33:19+00:00
ba9c0ca2-acd6-400b-ab2d-a80c9c5a607d,ccada20f-a411-4dcd-be61-e8b73abf9a23,category,sports,16,2026-04-27T21:19:02+00:00
7506f3ab-cc79-4c39-8697-35e1e9d92f33,ccada20f-a411-4dcd-be61-e8b73abf9a23,condition,used_fair,0,2026-04-27T21:19:22+00:00
28eed198-e1c1-4746-963d-13adb180fb29,f179f796-27a1-4c7b-8711-7b339b16ef77,same_nationality,off,396,2026-04-28T16:20:21+00:00
a0c701e6-5c25-4bcd-9824-d55c3e733a4a,f179f796-27a1-4c7b-8711-7b339b16ef77,category,sports,18,2026-04-28T16:21:48+00:00
d1729a70-eaf3-407e-b3b7-90779737e83b,f179f796-27a1-4c7b-8711-7b339b16ef77,category,"electronics,sports",73,2026-04-28T16:23:07+00:00
c01c349c-b9b4-4c0d-9576-5c8c27a520a7,f179f796-27a1-4c7b-8711-7b339b16ef77,same_nationality,on,1,2026-04-28T16:24:00+00:00
ec2e2b71-9d3c-477a-a4b4-1e345ea114d9,f179f796-27a1-4c7b-8711-7b339b16ef77,same_school,on,0,2026-04-28T16:24:03+00:00
84cc73eb-f57d-44c1-a571-90baf00be019,f179f796-27a1-4c7b-8711-7b339b16ef77,radius_mi,1.0,0,2026-04-28T16:24:18+00:00
a2baa26d-d038-4aff-9ed0-429a67bd6201,ad2f999d-f1b6-41a4-a695-aceb650a5b74,category,electronics,55,2026-04-28T19:20:02+00:00
526866ce-b371-4854-a0bf-4f1f2eb2a442,ad2f999d-f1b6-41a4-a695-aceb650a5b74,radius_mi,1.0,40,2026-04-28T19:20:53+00:00
5df3b0a5-da56-4877-8ec6-e4578b14d39a,ad2f999d-f1b6-41a4-a695-aceb650a5b74,category,"electronics,kitchen_home",78,2026-04-28T19:21:42+00:00
41e95d95-83e2-48bd-a7f6-0b06f1360830,6fadda54-a15d-4010-be7a-2f23d4461cf9,same_school,on,49,2026-04-28T23:10:46+00:00
63d5b4de-63ed-4465-9148-35671a9a5794,6fadda54-a15d-4010-be7a-2f23d4461cf9,same_nationality,on,10,2026-04-28T23:11:03+00:00
3c8d12b0-b92a-472e-a22f-cf255f8a1d01,6fadda54-a15d-4010-be7a-2f23d4461cf9,same_school,off,60,2026-04-28T23:12:07+00:00
ec18b2e9-071a-417e-b6d0-63977e10a625,6fadda54-a15d-4010-be7a-2f23d4461cf9,condition,used_good,32,2026-04-28T23:13:18+00:00
bee28dc3-0cba-4822-92fd-8f4c27792643,4c01c5e4-a2a2-4327-b389-b04521c5072d,radius_mi,5.0,427,2026-04-29T02:16:25+00:00
647b57b8-2f8c-4c1d-bce8-fb4514fe36a2,4c01c5e4-a2a2-4327-b389-b04521c5072d,same_nationality,on,74,2026-04-29T02:16:39+00:00
9d0a1923-3a5c-43af-9123-781f038d863d,db16a0e3-1900-4649-86fc-1c299886fc23,radius_mi,1.0,283,2026-04-29T07:04:04+00:00
3be99967-180f-49b1-bd4a-cb2ead989457,db16a0e3-1900-4649-86fc-1c299886fc23,same_school,on,53,2026-04-29T07:05:07+00:00
43d83ee5-decf-4c18-bd34-1ae9fcbe4275,db16a0e3-1900-4649-86fc-1c299886fc23,same_school,off,283,2026-04-29T07:05:27+00:00
ce3a87bb-ea2e-4505-b222-1a0d6f4a3828,db16a0e3-1900-4649-86fc-1c299886fc23,radius_mi,2.5,393,2026-04-29T07:06:04+00:00
bc611ff9-8c4e-4fbb-bc79-16fd1838a851,db16a0e3-1900-4649-86fc-1c299886fc23,category,sports,16,2026-04-29T07:07:00+00:00
adf28aa9-6c73-4fa4-ba8c-5ba7c2fc09ed,db16a0e3-1900-4649-86fc-1c299886fc23,category,"clothing,sports",61,2026-04-29T07:07:54+00:00
9c6d6d9a-346a-4e92-991e-3887c90e5405,db16a0e3-1900-4649-86fc-1c299886fc23,same_nationality,on,4,2026-04-29T07:14:32+00:00
31cb71ab-91e9-4678-81a1-2c826ee8858a,db16a0e3-1900-4649-86fc-1c299886fc23,same_zip,on,0,2026-04-29T07:14:49+00:00
61c8f67b-63f6-421e-8409-0844e5eb5e75,29b08317-6763-47c6-93e5-e9d211886a27,same_zip,on,57,2026-04-29T07:26:15+00:00
f6fdb75d-15ab-48b7-a47b-6f9128ead3e9,29b08317-6763-47c6-93e5-e9d211886a27,category,electronics,14,2026-04-29T07:26:28+00:00
5f5d67a7-ee0d-442c-ac91-40f244371b6c,29b08317-6763-47c6-93e5-e9d211886a27,same_zip,off,55,2026-04-29T07:27:45+00:00
adb169ea-cf72-4adc-9123-3084c4208fd0,29b08317-6763-47c6-93e5-e9d211886a27,same_zip,on,14,2026-04-29T07:28:48+00:00
723555d0-8a23-43fb-af08-21f7ca62ed76,85a05a4b-ce52-43cf-8433-02a2cad529e1,condition,new,25,2026-04-30T03:50:02+00:00
97923c12-7668-49c0-b8a4-78e58a24c0a5,85a05a4b-ce52-43cf-8433-02a2cad529e1,same_nationality,on,1,2026-04-30T03:51:14+00:00
e02ea5d6-9137-4cdd-81c8-85cb965b1018,99348a51-08e9-4760-8822-b2f8debef37f,category,furniture,4,2026-05-03T02:11:02+00:00
3bc35865-828c-43d8-b61a-755dfb972697,99348a51-08e9-4760-8822-b2f8debef37f,same_nationality,off,9,2026-05-03T02:12:17+00:00
71e7604d-ec3b-42e2-88ba-52789cb984b9,f1c36ffc-5fa2-4aa1-a227-7f0aafef70d4,category,kitchen_home,65,2026-05-05T10:55:12+00:00
07e78f0c-8751-4248-8458-2cc4a09fa07a,f1c36ffc-5fa2-4aa1-a227-7f0aafef70d4,same_school,on,7,2026-05-05T10:56:00+00:00
e21be679-d651-4c11-9617-0028e821dc54,d4753420-55e3-4598-a047-da09e69fedd7,same_zip,on,3,2026-05-05T18:03:09+00:00
3624b92b-503b-49ab-8b93-b28ae20dee3d,d4753420-55e3-4598-a047-da09e69fedd7,condition,used_good,2,2026-05-05T18:03:50+00:00
a2448a05-c818-4263-bc59-bcebb908a599,d4753420-55e3-4598-a047-da09e69fedd7,category,clothing,0,2026-05-05T18:05:09+00:00
205bee5b-afc8-497b-85df-c98db3512696,d4753420-55e3-4598-a047-da09e69fedd7,same_nationality,on,0,2026-05-05T18:06:17+00:00
9d8c2712-50af-470c-8809-86e683669041,d4753420-55e3-4598-a047-da09e69fedd7,same_school,on,0,2026-05-05T18:07:32+00:00
59ffd803-6c93-4718-9b7a-69b8bf5a1d82,d4753420-55e3-4598-a047-da09e69fedd7,same_zip,off,0,2026-05-05T18:07:52+00:00
3a6ff6bf-2cc6-4757-b933-da4616f9b250,e099a97d-3a12-4986-9f7b-4929504bd92f,same_school,off,520,2026-05-05T20:28:47+00:00
c6be8c1a-44b9-4039-a12b-97449797c9fc,e099a97d-3a12-4986-9f7b-4929504bd92f,same_nationality,on,4,2026-05-05T20:30:08+00:00
381651fc-4f60-4af2-aa99-6fe0e99eeaa8,e099a97d-3a12-4986-9f7b-4929504bd92f,same_nationality,off,520,2026-05-05T20:31:23+00:00
d984ff22-b379-4bde-be91-3f12e9b0c53a,e099a97d-3a12-4986-9f7b-4929504bd92f,category,textbooks,105,2026-05-05T20:31:52+00:00
cb9d701e-7c0d-4df2-9bc9-fdefb70e4ee9,de74cf8e-baf2-424d-9e05-fa5a4aefa19e,same_school,on,6,2026-05-07T01:56:00+00:00
5c334d89-9131-4db0-a032-0c0658bc427b,de74cf8e-baf2-424d-9e05-fa5a4aefa19e,radius_mi,1.0,1,2026-05-07T01:56:17+00:00
22d0788c-099c-42b7-a51d-2728a50e8f56,de74cf8e-baf2-424d-9e05-fa5a4aefa19e,same_school,off,30,2026-05-07T01:57:03+00:00
a91fd7c5-94eb-4cfd-8666-d68e8896ed6c,5c16ef18-8047-4cc4-806c-4ef9df6de907,radius_mi,1.0,218,2026-05-07T15:53:29+00:00
b98ae771-a9ec-4c64-b78a-a9520fcd9760,5c16ef18-8047-4cc4-806c-4ef9df6de907,same_school,on,29,2026-05-07T15:53:34+00:00
60a6bc45-e33f-4a71-9996-f186cde48694,5c16ef18-8047-4cc4-806c-4ef9df6de907,category,kitchen_home,6,2026-05-07T15:53:54+00:00
82cff4d0-6a54-49c5-a333-55710b3b13f2,ce6b81a6-725e-4425-8a3f-ff7c7aaf1d32,condition,like_new,113,2026-05-08T01:22:01+00:00
7e9c4609-a23b-4be7-b064-c4796c51d956,ce6b81a6-725e-4425-8a3f-ff7c7aaf1d32,same_nationality,on,44,2026-05-08T01:22:34+00:00
02ab0dfe-f91c-4a29-9ae8-360e5e947691,ce6b81a6-725e-4425-8a3f-ff7c7aaf1d32,category,textbooks,9,2026-05-08T01:23:01+00:00
52796e97-0334-4202-98ea-dc25e28a698f,ce6b81a6-725e-4425-8a3f-ff7c7aaf1d32,radius_mi,1.0,1,2026-05-08T01:24:24+00:00
dd6770dc-de31-4006-badf-e0891302180a,093a360d-63cd-446f-8cc4-cceafcd033c5,category,electronics,74,2026-05-08T19:00:03+00:00
d664e900-33c1-449f-aa64-1a7cbf09d9bf,093a360d-63cd-446f-8cc4-cceafcd033c5,category,"electronics,free_stuff",85,2026-05-08T19:00:44+00:00
bc2f4c5c-93cb-4572-8222-b6b4ad06dfc7,632a3efa-008f-4d2e-9fa6-0a2e1c332a14,same_nationality,on,2,2026-05-09T13:08:17+00:00
b83ea297-d3eb-4636-b584-34f79936ba7a,632a3efa-008f-4d2e-9fa6-0a2e1c332a14,same_school,on,1,2026-05-09T13:08:58+00:00
69d594ff-abf7-4d8c-828b-c3eea20928a7,20be0228-dff5-4a8a-9078-9f3e013731d6,same_zip,on,6,2026-05-09T22:40:37+00:00
7519130f-0ba7-4027-b4d2-60d26b0e3dab,20be0228-dff5-4a8a-9078-9f3e013731d6,same_school,on,0,2026-05-09T22:41:41+00:00
963186fe-fe1a-4e3d-840b-38e6a2d01ea9,20be0228-dff5-4a8a-9078-9f3e013731d6,radius_mi,0.5,0,2026-05-09T22:41:59+00:00
737df5ca-93d5-4731-9e13-9c08710a4400,20be0228-dff5-4a8a-9078-9f3e013731d6,same_nationality,on,0,2026-05-09T22:42:41+00:00
02a1a65b-d91d-4368-ad62-687213b735c9,20be0228-dff5-4a8a-9078-9f3e013731d6,radius_mi,5.0,0,2026-05-09T22:43:42+00:00
881b8b23-bb24-4a0e-ba39-151bb8a79fc4,20be0228-dff5-4a8a-9078-9f3e013731d6,category,clothing,0,2026-05-09T22:44:32+00:00
3ddb3510-f94e-4d9a-bac8-2e5c8413ac80,21f12625-f34e-45b3-aa99-2c07287fc8b7,condition,used_good,230,2026-05-09T23:13:13+00:00
4a575d37-4221-487a-ba8c-fbc6e55827ee,21f12625-f34e-45b3-aa99-2c07287fc8b7,same_school,on,25,2026-05-09T23:14:17+00:00
4a5e2072-a624-4bf2-85d0-327742aa78e5,21f12625-f34e-45b3-aa99-2c07287fc8b7,same_zip,on,12,2026-05-09T23:14:38+00:00
bb2d0235-8831-4906-af5e-332237aeb2c8,21f12625-f34e-45b3-aa99-2c07287fc8b7,same_zip,off,25,2026-05-09T23:15:09+00:00
35c01b44-1ad8-4351-a976-68e913fe8873,21f12625-f34e-45b3-aa99-2c07287fc8b7,same_school,off,230,2026-05-09T23:16:17+00:00
1e835d90-91bf-4ff5-a75e-91023f9edd31,21f12625-f34e-45b3-aa99-2c07287fc8b7,radius_mi,1.0,164,2026-05-09T23:17:33+00:00
a65fbf4d-2c20-4a01-bbf1-dacac96d761c,caa94dc0-81be-4dfa-8bc4-fa28c1ea5e7e,same_school,on,8,2026-05-10T01:46:40+00:00
f193488f-68c6-423a-8063-cfb0520ac384,caa94dc0-81be-4dfa-8bc4-fa28c1ea5e7e,category,clothing,0,2026-05-10T01:47:59+00:00
c74c8a80-10de-4570-8439-30c737e01e9e,caa94dc0-81be-4dfa-8bc4-fa28c1ea5e7e,same_zip,on,0,2026-05-10T01:49:29+00:00
bc90a121-8dc8-4681-b751-9456e9f703fc,caa94dc0-81be-4dfa-8bc4-fa28c1ea5e7e,same_nationality,on,0,2026-05-10T01:49:58+00:00
a3fc3cb4-384d-473e-b4dd-fc5dea792d22,caa94dc0-81be-4dfa-8bc4-fa28c1ea5e7e,same_school,off,0,2026-05-10T01:51:17+00:00
ed38ae35-6939-49d4-ac31-57fd4c07278d,5a9e45fe-4a1e-47ab-9fd9-93dbc98d81eb,same_nationality,on,3,2026-05-10T11:16:56+00:00
8929be99-83b6-403f-a5a7-99cd21806104,5a9e45fe-4a1e-47ab-9fd9-93dbc98d81eb,condition,used_fair,1,2026-05-10T11:17:18+00:00
8c335868-66bc-497b-a6ab-72bd5597736c,5a9e45fe-4a1e-47ab-9fd9-93dbc98d81eb,same_zip,on,1,2026-05-10T11:18:08+00:00
71a4a473-ec93-4d7b-b14c-ecd3c70a9b19,fddcb198-bf64-4afe-a7ba-49b9d8c59c2d,same_nationality,on,24,2026-05-10T13:04:00+00:00
e8d40298-d35f-49a0-b9d3-e8041d9d2eec,fddcb198-bf64-4afe-a7ba-49b9d8c59c2d,category,sports,1,2026-05-10T13:04:16+00:00
57f78cdf-86c8-4182-a7ad-ca561df26692,fddcb198-bf64-4afe-a7ba-49b9d8c59c2d,same_zip,on,1,2026-05-10T13:04:29+00:00
f69cda1e-6ddf-4a92-9a23-792b3eaa580b,fddcb198-bf64-4afe-a7ba-49b9d8c59c2d,same_nationality,off,2,2026-05-10T13:05:48+00:00
4c3654b4-a4ae-4df8-a5c3-d6e55d09db8a,fddcb198-bf64-4afe-a7ba-49b9d8c59c2d,category,"bikes_transport,sports",9,2026-05-10T13:07:12+00:00
5b924865-bae5-435e-9685-972c4f99f1a3,fba653f1-56a1-4e32-b3a6-1205a8a2e461,radius_mi,2.5,419,2026-05-10T13:56:09+00:00
dea0d594-1207-40cf-8a59-4cb08a214c63,fba653f1-56a1-4e32-b3a6-1205a8a2e461,same_nationality,on,149,2026-05-10T13:57:03+00:00
cc99d346-7e2b-49f8-ad41-93aec8408f8f,b3a594ad-c0b2-4c4f-9c16-36e5268f731d,condition,used_fair,65,2026-05-11T01:10:43+00:00
44c4a0e4-cc5d-45ff-86d6-a0050955c86e,b3a594ad-c0b2-4c4f-9c16-36e5268f731d,same_nationality,on,14,2026-05-11T01:11:15+00:00
ca463c56-1590-4eab-9993-563d784455a2,b3a594ad-c0b2-4c4f-9c16-36e5268f731d,same_zip,on,2,2026-05-11T01:12:01+00:00
5738feb5-a517-461b-b7dd-4d2a807606c3,b3a594ad-c0b2-4c4f-9c16-36e5268f731d,same_zip,off,14,2026-05-11T01:12:58+00:00
21634fa4-cbbf-47c0-99b7-1d9e8a6661a6,f8d855a5-21a5-477b-bd26-6a8ff32c9563,same_nationality,on,149,2026-05-11T04:53:16+00:00
d8c3d715-86ef-421b-baf1-16b6a78617be,f8d855a5-21a5-477b-bd26-6a8ff32c9563,same_zip,on,22,2026-05-11T04:54:23+00:00
f2e7048c-7f49-41bd-9d43-8d0bb99278da,f8d855a5-21a5-477b-bd26-6a8ff32c9563,same_school,on,3,2026-05-11T04:55:50+00:00
3eb9dc4b-efba-4a18-bdcb-bcbe3480d2b7,f8d855a5-21a5-477b-bd26-6a8ff32c9563,category,electronics,1,2026-05-11T04:56:11+00:00
95b5499d-09ae-4a5b-a2a8-cec1e363cdbd,f8d855a5-21a5-477b-bd26-6a8ff32c9563,radius_mi,10.0,1,2026-05-11T04:56:35+00:00
96e82ce2-afde-489b-a075-655d40556ff4,f8d855a5-21a5-477b-bd26-6a8ff32c9563,same_school,off,6,2026-05-11T04:57:40+00:00
d5bb4d24-0185-4036-b883-eb8b55142f30,b7a745a5-3025-4c9b-be31-be2069c14582,same_nationality,on,12,2026-05-11T22:23:51+00:00
7a26d622-3eb5-4de5-9f66-a4200ca3b360,b7a745a5-3025-4c9b-be31-be2069c14582,category,textbooks,4,2026-05-11T22:23:59+00:00
be4198b7-8ebd-44fd-bc34-ac73902df47e,b7a745a5-3025-4c9b-be31-be2069c14582,category,"clothing,textbooks",4,2026-05-11T22:24:33+00:00
89c4ec09-59dc-4af9-925c-48666298edba,b7a745a5-3025-4c9b-be31-be2069c14582,radius_mi,5.0,4,2026-05-11T22:25:43+00:00
95df9d18-b0a8-4025-bf7a-82dbbbbe7828,94fe657b-e446-422e-8233-465a217764d5,condition,like_new,3,2026-05-12T03:43:49+00:00
d1cb649b-2b94-47cd-9e7a-cd7f698d67fc,94fe657b-e446-422e-8233-465a217764d5,category,textbooks,1,2026-05-12T03:44:27+00:00
88950618-8467-4451-bf67-377d02454185,0581305f-6e14-482c-94be-e2a7bab71968,same_nationality,on,6,2026-05-12T04:11:35+00:00
10577a11-750e-4ab9-a501-e85d519bb329,0581305f-6e14-482c-94be-e2a7bab71968,same_school,on,2,2026-05-12T04:11:42+00:00
61fb68ad-f889-4c48-bbe8-27a675545096,0581305f-6e14-482c-94be-e2a7bab71968,same_school,off,6,2026-05-12T04:12:47+00:00
eab5d178-2c96-440b-aba8-e2c53a2b8faf,0581305f-6e14-482c-94be-e2a7bab71968,same_school,on,2,2026-05-12T04:13:23+00:00
76b8db63-201e-41d2-99a7-1e63fd89a54a,2fdab17b-b531-49bd-b7bf-e2eccda6e5eb,category,sports,2,2026-05-12T06:46:48+00:00
317026c9-cf58-47f4-b0dd-418388096b12,2fdab17b-b531-49bd-b7bf-e2eccda6e5eb,category,"clothing,sports",4,2026-05-12T06:48:08+00:00
e649eb70-ca1f-4d23-a867-a4d82f6e69d9,2fdab17b-b531-49bd-b7bf-e2eccda6e5eb,same_zip,on,0,2026-05-12T06:49:38+00:00
8bff0eaa-f70e-4c15-a466-d35d0eeea184,2fdab17b-b531-49bd-b7bf-e2eccda6e5eb,same_zip,off,4,2026-05-12T06:50:55+00:00
52e9d92a-fb40-40e7-a976-81040e226415,2fdab17b-b531-49bd-b7bf-e2eccda6e5eb,same_school,on,1,2026-05-12T06:51:37+00:00
77f0b1db-7eee-4e7d-bd55-753c7787ca64,2fdab17b-b531-49bd-b7bf-e2eccda6e5eb,category,"clothing,furniture,sports",4,2026-05-12T06:52:37+00:00
8c97b6d2-e788-45e4-922f-16356dae602a,484b4933-21fa-4a46-904b-33017ff3857f,same_school,on,17,2026-05-12T10:32:25+00:00
5f56b151-6067-46e4-8fb1-b25229a9d00a,484b4933-21fa-4a46-904b-33017ff3857f,same_zip,off,82,2026-05-12T10:33:43+00:00
eb4446c8-48a3-4e84-8ded-86d76abfec87,484b4933-21fa-4a46-904b-33017ff3857f,same_school,off,426,2026-05-12T10:34:20+00:00
9816c5b3-43e9-4d32-9b4c-f3625a2391f0,484b4933-21fa-4a46-904b-33017ff3857f,radius_mi,2.5,426,2026-05-12T10:34:24+00:00
8a35326b-48a4-45a3-894e-59669a89e53c,e294d7c5-9f72-4226-9091-d2cf6c147a17,radius_mi,2.5,428,2026-05-12T18:03:07+00:00
b84ae9be-a65e-49ef-b103-46d875454687,e294d7c5-9f72-4226-9091-d2cf6c147a17,category,bikes_transport,28,2026-05-12T18:03:53+00:00
a43356f4-522a-43f1-b38a-45d3979aad36,e294d7c5-9f72-4226-9091-d2cf6c147a17,radius_mi,10.0,37,2026-05-12T18:04:29+00:00
99ddeb9f-898c-4cc3-9d33-30ea46975237,8d03f92a-b2fe-4c08-869d-2b9e1a04c1d7,same_nationality,on,26,2026-05-13T02:16:32+00:00
9f1b87e8-a994-4937-992c-ad67c5712d33,8d03f92a-b2fe-4c08-869d-2b9e1a04c1d7,same_zip,on,0,2026-05-13T02:17:44+00:00
9a894075-4137-4a56-9642-edbc92afb1f6,8d03f92a-b2fe-4c08-869d-2b9e1a04c1d7,condition,new,0,2026-05-13T02:17:54+00:00
6167b75f-e358-4b3b-813b-46854be444e4,8d03f92a-b2fe-4c08-869d-2b9e1a04c1d7,condition,(cleared),0,2026-05-13T02:18:47+00:00
56815ff8-a72d-4acc-bb33-7a353766ec67,8d03f92a-b2fe-4c08-869d-2b9e1a04c1d7,same_school,on,0,2026-05-13T02:19:03+00:00
e715b491-0d83-4201-b97e-d02b648b7c04,459c517f-ee6e-4dd8-8e73-1f546778d794,radius_mi,1.0,99,2026-05-13T13:59:53+00:00
168b3d14-ee2e-49f3-b9a1-e3d4ed2d5fdd,459c517f-ee6e-4dd8-8e73-1f546778d794,category,free_stuff,2,2026-05-13T14:01:22+00:00
2dafd81a-6b94-41e7-ab69-36861d0df240,459c517f-ee6e-4dd8-8e73-1f546778d794,category,"free_stuff,furniture",28,2026-05-13T14:02:43+00:00
d2fe69c5-d975-4033-95e0-6e0477a774ce,459c517f-ee6e-4dd8-8e73-1f546778d794,same_school,on,1,2026-05-13T14:04:03+00:00
68ae19bc-1663-43a7-ba50-64d65b9e7952,459c517f-ee6e-4dd8-8e73-1f546778d794,same_nationality,on,1,2026-05-13T14:04:38+00:00
08ffbb22-4d0f-4afc-aec0-80b23253eaec,6dfecb7f-63bb-498d-909f-4cbd7fd015e7,radius_mi,2.5,431,2026-05-13T19:05:16+00:00
6b032cb7-f843-412b-b79c-524e4dd2dba4,6dfecb7f-63bb-498d-909f-4cbd7fd015e7,condition,new,26,2026-05-13T19:06:16+00:00
9e75fba7-1695-4a82-aac0-2a628a8f5c10,876215b5-4c2d-4c0d-86a1-ccfafdee1101,radius_mi,0.5,0,2026-05-13T21:58:25+00:00
fe010404-fd5f-4a2f-a49d-8c131d33da79,876215b5-4c2d-4c0d-86a1-ccfafdee1101,same_zip,off,0,2026-05-13T21:58:29+00:00
d281896c-ad53-409c-9cdf-35e5182b5f8d,876215b5-4c2d-4c0d-86a1-ccfafdee1101,category,furniture,0,2026-05-13T21:58:59+00:00
b6745293-2d38-4c62-a740-0718cee027d5,876215b5-4c2d-4c0d-86a1-ccfafdee1101,category,"free_stuff,furniture",0,2026-05-13T22:00:02+00:00
2141d3b5-0517-4482-b469-57b1efbb0d85,c826c699-c25f-4e45-bc9a-8ef83d1a94fb,radius_mi,5.0,464,2026-05-14T01:51:32+00:00
7fea7920-4d5b-453c-bff5-c5e0ae41a17e,c826c699-c25f-4e45-bc9a-8ef83d1a94fb,category,kitchen_home,58,2026-05-14T01:52:57+00:00
0b6231bb-5797-4d89-9548-366285678eb0,c826c699-c25f-4e45-bc9a-8ef83d1a94fb,condition,used_good,28,2026-05-14T01:53:55+00:00
51ecfaaf-1fce-401c-a585-eba4f97a8f92,c826c699-c25f-4e45-bc9a-8ef83d1a94fb,radius_mi,1.0,19,2026-05-14T01:55:13+00:00
1eb4a3b4-c200-407c-b5e4-88024090399e,c826c699-c25f-4e45-bc9a-8ef83d1a94fb,same_school,on,1,2026-05-14T01:55:49+00:00
93501af4-12c5-4d89-8e0e-bf17ee522228,7352bdf0-d7cd-4554-b7da-0f69eabb5ce6,same_school,on,83,2026-05-14T19:16:08+00:00
7c41c1b3-bc19-42c3-bb65-cacc6b40da3d,7352bdf0-d7cd-4554-b7da-0f69eabb5ce6,same_school,off,436,2026-05-14T19:17:29+00:00
6001832b-dc05-436e-aacb-d1f478d6cf41,7352bdf0-d7cd-4554-b7da-0f69eabb5ce6,category,clothing,48,2026-05-14T19:18:37+00:00
3774779d-68bf-4fc6-b9d3-583b142b1111,7352bdf0-d7cd-4554-b7da-0f69eabb5ce6,same_school,on,5,2026-05-14T19:19:50+00:00
4bc645d1-9d7f-4552-a80e-74266c308de5,7352bdf0-d7cd-4554-b7da-0f69eabb5ce6,same_nationality,on,3,2026-05-14T19:20:38+00:00
6fd87a25-cbd8-4eee-8566-1ff69bfb775d,7352bdf0-d7cd-4554-b7da-0f69eabb5ce6,category,"bikes_transport,clothing",4,2026-05-14T19:21:28+00:00
3d0fe2bd-ceba-4ea0-a848-0b58f0697c78,c568b27d-f55c-43c4-b16c-2ded8343488b,same_zip,on,81,2026-05-15T07:48:42+00:00
9786de1b-1edf-4ab1-9842-0812e74dbbc8,c568b27d-f55c-43c4-b16c-2ded8343488b,same_nationality,on,5,2026-05-15T07:49:07+00:00
95861124-f558-4839-a9b8-19f5d107c308,c568b27d-f55c-43c4-b16c-2ded8343488b,same_nationality,off,81,2026-05-15T07:50:32+00:00
04cbe467-b28c-46a9-a8f0-dad67a67acf3,c568b27d-f55c-43c4-b16c-2ded8343488b,category,furniture,24,2026-05-15T07:50:39+00:00
0308acb1-deb5-412a-bf8f-bf781d65dbf0,bef562aa-7b99-4438-b976-0c3e350379ee,category,free_stuff,10,2026-05-15T09:02:14+00:00
5bb8009b-d935-4e05-a8a2-20bba55e575e,bef562aa-7b99-4438-b976-0c3e350379ee,same_school,on,2,2026-05-15T09:03:08+00:00
7db9a367-3e96-4f5e-9cd4-7990f8f4ce31,a19bafd9-3016-4b80-a1e3-e000719c6291,same_nationality,on,89,2026-05-15T17:17:49+00:00
23942220-8e46-4a30-9a25-aa79df6d82a8,a19bafd9-3016-4b80-a1e3-e000719c6291,same_nationality,off,544,2026-05-15T17:18:16+00:00
98e91312-0602-4e31-b437-2eda1d95d687,a19bafd9-3016-4b80-a1e3-e000719c6291,same_zip,on,223,2026-05-15T17:19:20+00:00
f51c9705-0c3b-4cb4-8741-e2a4fd9b75ff,a19bafd9-3016-4b80-a1e3-e000719c6291,same_school,on,49,2026-05-15T17:20:45+00:00
7bba0ed8-10a6-46e5-a168-ab316b112ad4,b35bb1cd-607f-4ff2-9161-bce4975c7369,category,bikes_transport,0,2026-05-16T00:39:16+00:00
6e1e6532-4a03-40e8-b51d-5a52ffa9d21b,b35bb1cd-607f-4ff2-9161-bce4975c7369,condition,used_good,0,2026-05-16T00:40:29+00:00
0dc52bc6-deca-47d5-9b81-7afa54adb575,b35bb1cd-607f-4ff2-9161-bce4975c7369,condition,"new,used_good",0,2026-05-16T00:40:33+00:00
f4680e7e-53d9-4784-97bc-808a526b4065,b35bb1cd-607f-4ff2-9161-bce4975c7369,radius_mi,1.0,0,2026-05-16T00:41:56+00:00
e5b85a8f-cd44-4cd1-a0eb-519b8fb9e556,b35bb1cd-607f-4ff2-9161-bce4975c7369,category,"bikes_transport,free_stuff",0,2026-05-16T00:43:26+00:00
66c7996d-b611-47e1-a991-adf69db74380,b35bb1cd-607f-4ff2-9161-bce4975c7369,same_zip,on,0,2026-05-16T00:44:12+00:00
98d58787-8007-4b1a-8029-7666afe03d74,f5c9aefe-bf7e-4ffb-ae21-2dd4d0dd04ff,radius_mi,10.0,0,2026-05-16T11:15:03+00:00
b227759c-19ab-40f9-98bf-0d88ecfbbdb8,f5c9aefe-bf7e-4ffb-ae21-2dd4d0dd04ff,radius_mi,10.0,0,2026-05-16T11:16:33+00:00
44450883-3208-401d-883d-d98dfaef2e0c,f5c9aefe-bf7e-4ffb-ae21-2dd4d0dd04ff,radius_mi,2.5,0,2026-05-16T11:17:06+00:00
2537ecf9-b824-4f70-9265-adfdc9d3b154,f5c9aefe-bf7e-4ffb-ae21-2dd4d0dd04ff,same_zip,off,0,2026-05-16T11:18:16+00:00
13bc4859-42c8-4348-ac65-5425c244c04a,f5c9aefe-bf7e-4ffb-ae21-2dd4d0dd04ff,same_nationality,off,7,2026-05-16T11:18:42+00:00
09fbdd37-138c-4d94-abba-537bd93126d3,45f130cc-34a3-4ca4-9ab0-3af07f0467c9,same_nationality,on,0,2026-05-16T21:27:18+00:00
7af082f1-4f05-46af-be91-9223abbb3fd4,45f130cc-34a3-4ca4-9ab0-3af07f0467c9,condition,like_new,0,2026-05-16T21:28:15+00:00
4143ae23-901a-404d-9695-5acf44f94bab,45f130cc-34a3-4ca4-9ab0-3af07f0467c9,condition,"like_new,used_good",0,2026-05-16T21:28:18+00:00
b2206771-0f65-4cb8-9342-7c1ca0de0db8,4e4985ea-2b80-4cbe-8d6a-7abfadaa2f26,same_zip,on,225,2026-05-17T01:48:56+00:00
c80fd31f-b295-4013-8f64-bb6e478c3ee8,4e4985ea-2b80-4cbe-8d6a-7abfadaa2f26,condition,used_fair,32,2026-05-17T01:49:49+00:00
7b13013d-e56d-46e2-bce1-7d6349daa4d1,a4435821-88f2-470f-8792-58ce92993496,same_zip,on,4,2026-05-17T08:08:05+00:00
f9e22131-e019-4b7c-8441-a74740c0722b,a4435821-88f2-470f-8792-58ce92993496,category,free_stuff,0,2026-05-17T08:08:39+00:00
cc7afbd4-773d-4c9e-8487-39d1630fe877,a4435821-88f2-470f-8792-58ce92993496,category,"clothing,free_stuff",1,2026-05-17T08:08:57+00:00
738f6763-d4a4-457c-8719-41be9909a562,a4435821-88f2-470f-8792-58ce92993496,same_nationality,on,0,2026-05-17T08:09:11+00:00
4f87286f-27d4-4f36-9534-b307f44e2f5c,345afc84-e133-4249-9c52-f900042bc4f9,same_nationality,on,3,2026-05-18T07:28:28+00:00
e24993d4-4d99-4d3e-a456-bb28babe4d24,345afc84-e133-4249-9c52-f900042bc4f9,same_nationality,off,24,2026-05-18T07:29:14+00:00
42c953c7-721d-41a6-b94c-e87e13e641e1,345afc84-e133-4249-9c52-f900042bc4f9,condition,like_new,11,2026-05-18T07:30:24+00:00
c707210b-c8f7-4406-86db-f39d1fd5e721,345afc84-e133-4249-9c52-f900042bc4f9,category,textbooks,1,2026-05-18T07:30:33+00:00
89813fae-c8b8-4e82-b52f-2be3a96acfc8,345afc84-e133-4249-9c52-f900042bc4f9,same_zip,on,0,2026-05-18T07:30:58+00:00
7e23e8f0-72ab-4457-8b8b-9ea95553802b,ef612f5a-faa9-4654-9788-291f8ab7522f,category,bikes_transport,0,2026-05-18T10:54:18+00:00
38b32d3c-7e26-470f-a2cf-4e0bc1dfa25a,ef612f5a-faa9-4654-9788-291f8ab7522f,same_zip,on,0,2026-05-18T10:54:45+00:00
55f2c899-cd7d-4436-a42f-b7e4bb131d8b,ef612f5a-faa9-4654-9788-291f8ab7522f,condition,like_new,0,2026-05-18T10:55:28+00:00
c113fe1a-4e5b-4f23-80be-5c6cccf5798e,ef612f5a-faa9-4654-9788-291f8ab7522f,same_nationality,off,0,2026-05-18T10:56:36+00:00
2d2923c7-ada3-43eb-a097-3b666d5f0d00,3cea8b9d-4dca-4cfe-99da-d19925b8fd32,same_school,on,31,2026-05-18T12:03:03+00:00
b388ca53-71d5-410c-ab1c-cccd52ad5f6b,3cea8b9d-4dca-4cfe-99da-d19925b8fd32,same_school,off,443,2026-05-18T12:04:11+00:00
5f0238f7-8d98-4a49-b182-ea1c877ea124,3cea8b9d-4dca-4cfe-99da-d19925b8fd32,same_nationality,on,155,2026-05-18T12:05:34+00:00
7920febe-ecb6-4cad-9d16-c7221ef550d8,3cea8b9d-4dca-4cfe-99da-d19925b8fd32,same_zip,on,24,2026-05-18T12:05:49+00:00
96a6f064-d8a8-4a48-a174-3f7ce09b9a6c,a19bafd9-3016-4b80-a1e3-e000719c6291,condition,used_good,284,2026-05-20T09:44:32+00:00
c8d56df0-77a5-4e6f-9bd3-5112806f3943,a19bafd9-3016-4b80-a1e3-e000719c6291,category,electronics,41,2026-05-20T09:45:45+00:00
8c5e9919-1fa2-4511-8ec1-e2a591403548,a19bafd9-3016-4b80-a1e3-e000719c6291,category,"electronics,kitchen_home",73,2026-05-20T09:46:04+00:00
a80b3371-374f-48e9-8743-ca10129f3e6b,a19bafd9-3016-4b80-a1e3-e000719c6291,radius_mi,10.0,73,2026-05-20T09:46:35+00:00
60cb57ff-9b96-4423-bdbb-59c8d423ed16,a19bafd9-3016-4b80-a1e3-e000719c6291,same_zip,on,25,2026-05-20T09:47:12+00:00
ee3e2a63-4373-4f8f-aa60-bebf41e8b6f8,a19bafd9-3016-4b80-a1e3-e000719c6291,radius_mi,1.0,25,2026-05-20T09:48:35+00:00
e96c2be1-a1a0-4611-8f21-611a77fd4051,be814268-912b-47b4-8181-c0ede2b04826,category,furniture,13,2026-05-21T00:30:17+00:00
07ad0dd6-bba1-4dee-92da-8fc0904ef14e,be814268-912b-47b4-8181-c0ede2b04826,same_nationality,off,36,2026-05-21T00:31:30+00:00
e798ac57-37dd-419b-bd52-40cb6c9a1e08,be814268-912b-47b4-8181-c0ede2b04826,same_school,on,2,2026-05-21T00:32:16+00:00
a3aafa91-f8b8-485b-8c76-71529edcc519,be814268-912b-47b4-8181-c0ede2b04826,condition,new,0,2026-05-21T00:32:29+00:00
076d8261-aaa9-47ef-94d1-381f157d9fb2,be814268-912b-47b4-8181-c0ede2b04826,condition,"new,used_fair",0,2026-05-21T00:33:59+00:00
dff641eb-ffa9-4b48-8967-5df9672fd567,be814268-912b-47b4-8181-c0ede2b04826,same_nationality,on,0,2026-05-21T00:34:28+00:00
19943086-89ea-4e77-8313-d9d1fe36a209,c76f1c0b-bf00-4af7-84b8-6ec1e8252901,category,bikes_transport,27,2026-05-21T04:58:15+00:00
b7009744-8938-49cc-a0c3-8fa46903bed5,c76f1c0b-bf00-4af7-84b8-6ec1e8252901,condition,used_fair,9,2026-05-21T04:58:39+00:00
1e89c4a9-b013-4d0d-937b-5e748258a643,c76f1c0b-bf00-4af7-84b8-6ec1e8252901,condition,(cleared),27,2026-05-21T05:00:05+00:00
92464ffe-925d-42f7-a845-2bc7226091a8,c76f1c0b-bf00-4af7-84b8-6ec1e8252901,category,"bikes_transport,clothing",75,2026-05-21T05:00:30+00:00
2ba4417e-258e-4781-a0f0-6dcfca626222,b296b45f-615d-4fb5-8a3a-1c8e1a6337f6,same_nationality,on,16,2026-05-21T05:02:30+00:00
623bd214-5ee7-49d0-ae87-487e346211d2,b296b45f-615d-4fb5-8a3a-1c8e1a6337f6,same_zip,on,8,2026-05-21T05:02:43+00:00
dc391149-7e3a-4d59-82e0-6b3770aefb06,425cdeec-e94b-4205-b7b6-416a4c54d0c0,category,free_stuff,10,2026-05-21T07:32:16+00:00
e3fb12ef-519e-4dfe-8bcd-64d5d0df69f4,425cdeec-e94b-4205-b7b6-416a4c54d0c0,category,"electronics,free_stuff",69,2026-05-21T07:32:42+00:00
a3d1c0d9-4ce7-440b-9b37-c800e15da568,425cdeec-e94b-4205-b7b6-416a4c54d0c0,radius_mi,2.5,69,2026-05-21T07:33:53+00:00
38ad2848-9163-46a2-84ec-8c4c24281851,aebbbd34-c750-4cee-b298-18c1698b9b92,same_school,on,54,2026-05-21T15:13:25+00:00
7ca19260-67ec-4021-b302-bd5dd0385a9f,aebbbd34-c750-4cee-b298-18c1698b9b92,radius_mi,2.5,54,2026-05-21T15:13:45+00:00
067fb514-6300-453a-927a-577ceebb8b4f,94b88316-7ce0-493b-8421-126aaef1e308,condition,new,5,2026-05-21T16:15:13+00:00
ad9382fc-a467-48f6-ba75-e4feb39ca79d,94b88316-7ce0-493b-8421-126aaef1e308,category,electronics,0,2026-05-21T16:16:19+00:00
5665659b-cd80-4ff4-94ff-d152abfa26d5,94b88316-7ce0-493b-8421-126aaef1e308,same_nationality,on,0,2026-05-21T16:16:38+00:00
f4e91701-e289-4c6c-a13a-ec294f386c21,94b88316-7ce0-493b-8421-126aaef1e308,same_nationality,off,0,2026-05-21T16:17:43+00:00
018f2984-4426-4ac8-976d-57789e62b29e,742f60c2-2f3a-4c03-86e2-e6b289299c40,same_nationality,on,65,2026-05-22T03:53:50+00:00
7bf23f95-4fab-4c36-a4c7-3376bd575fd9,742f60c2-2f3a-4c03-86e2-e6b289299c40,same_zip,on,4,2026-05-22T03:54:08+00:00
5293d50c-c2c3-4d27-9bb8-b046b75c5ec1,b351150e-5cf0-43bc-b851-996d3a1796be,category,textbooks,50,2026-05-22T23:10:54+00:00
26d314f0-deb3-4c87-897e-2fec6c3e4b05,b351150e-5cf0-43bc-b851-996d3a1796be,same_school,on,8,2026-05-22T23:11:12+00:00
25a6f661-83f9-4287-90fb-c90b873b551b,b351150e-5cf0-43bc-b851-996d3a1796be,category,(cleared),29,2026-05-22T23:11:50+00:00
941265ee-0674-4b27-b71d-d67d151c5d3a,87b7f104-1daf-4fc6-a5e9-75a12a3c801f,radius_mi,10.0,572,2026-05-22T23:58:18+00:00
b42f10ac-b3f3-461c-8fd1-f9157fd5bf45,87b7f104-1daf-4fc6-a5e9-75a12a3c801f,same_school,on,9,2026-05-22T23:58:36+00:00
57237a39-2cab-48dd-88a2-c50217409d79,87b7f104-1daf-4fc6-a5e9-75a12a3c801f,same_zip,on,0,2026-05-22T23:59:54+00:00
169d7f9f-a1f4-4bb2-8900-2f0e2c49b194,87b7f104-1daf-4fc6-a5e9-75a12a3c801f,same_school,off,6,2026-05-23T00:00:06+00:00
78e4a2c6-afa5-4c6c-b88c-a15a326bb0d0,87b7f104-1daf-4fc6-a5e9-75a12a3c801f,radius_mi,2.5,6,2026-05-23T00:01:06+00:00
5ab82791-322a-4fa2-add0-47f6b1008d7b,87b7f104-1daf-4fc6-a5e9-75a12a3c801f,same_nationality,on,1,2026-05-23T00:01:40+00:00
0bad9ee5-46a2-4aec-9df1-979a7c37ce73,58257853-1e57-4d62-9ffa-e3bb46ea2cbd,category,clothing,56,2026-05-23T16:42:54+00:00
059405b2-90fd-45cf-9854-bd10d73b0ea6,58257853-1e57-4d62-9ffa-e3bb46ea2cbd,same_school,on,5,2026-05-23T16:43:02+00:00
39e1b79d-b843-49d7-836c-8629417146f9,58257853-1e57-4d62-9ffa-e3bb46ea2cbd,category,(cleared),36,2026-05-23T16:43:11+00:00
b3bfeaf1-ac20-4284-b76a-28119422002a,58257853-1e57-4d62-9ffa-e3bb46ea2cbd,same_zip,on,0,2026-05-23T16:44:27+00:00
486a3ce7-3408-4070-9d8f-83d0a418d261,58257853-1e57-4d62-9ffa-e3bb46ea2cbd,same_school,off,8,2026-05-23T16:45:21+00:00
1d263bf8-57ad-4e1d-87fe-d6d8eab83253,58257853-1e57-4d62-9ffa-e3bb46ea2cbd,radius_mi,10.0,8,2026-05-23T16:45:51+00:00
1f1a3f6b-6913-420b-bb3d-faebe5866364,8ced966b-96fc-45a7-b2fd-f43f6a26b92a,same_zip,on,240,2026-05-24T00:18:01+00:00
a8ec9d05-3972-47ff-9726-a11f2a8bc399,8ced966b-96fc-45a7-b2fd-f43f6a26b92a,radius_mi,1.0,240,2026-05-24T00:18:30+00:00
dd2ce2d0-70bb-4868-81ef-3f9b156a2779,149f866d-6114-4c68-8b49-00b27b0caa12,same_zip,on,241,2026-05-24T00:57:36+00:00
36b0752a-7042-44a0-983d-97ab72f61aab,149f866d-6114-4c68-8b49-00b27b0caa12,same_nationality,on,2,2026-05-24T00:58:48+00:00
4be547e1-9015-4f50-afa7-bca9de9e2886,149f866d-6114-4c68-8b49-00b27b0caa12,same_nationality,off,241,2026-05-24T01:00:15+00:00
18abfcfe-f6fe-4be1-968f-3c23db40b511,149f866d-6114-4c68-8b49-00b27b0caa12,same_school,on,1,2026-05-24T01:01:43+00:00
fe22c3b5-2145-422c-bdf5-f43e2938330f,149f866d-6114-4c68-8b49-00b27b0caa12,condition,used_good,1,2026-05-24T01:02:02+00:00
b2c85570-8cc4-485f-bae4-7dbf9ba21cc9,149f866d-6114-4c68-8b49-00b27b0caa12,same_school,off,118,2026-05-24T01:03:01+00:00
05639758-83e5-4dbc-975d-7f18575bbec3,594a9fe8-338e-48b9-bf94-45ec42062580,radius_mi,5.0,503,2026-05-24T22:32:02+00:00
4877cc3e-dc69-4a28-978d-3fb9eaa62a77,594a9fe8-338e-48b9-bf94-45ec42062580,same_nationality,on,0,2026-05-24T22:33:02+00:00
bc93cf41-625c-4b09-86dc-269142c19b69,594a9fe8-338e-48b9-bf94-45ec42062580,same_school,on,0,2026-05-24T22:33:36+00:00
606808d4-e1e6-4863-89cd-67b2b5914971,594a9fe8-338e-48b9-bf94-45ec42062580,same_zip,on,0,2026-05-24T22:33:46+00:00
53b1ab28-1fe2-45fc-a901-1f9afd5fb7f4,a4870570-7c5f-4b20-8e76-eb3e4f83bf13,category,kitchen_home,60,2026-05-25T01:43:04+00:00
b10209be-e229-4782-be6c-0b9ef8d6fe78,a4870570-7c5f-4b20-8e76-eb3e4f83bf13,radius_mi,1.0,43,2026-05-25T01:44:07+00:00
7a1d1a8f-ba73-4078-950f-7aa39d003c89,a5387ad1-06a2-4c7d-9ab9-85dab1cab9e8,same_school,on,57,2026-05-25T02:37:18+00:00
78363e85-556f-4bb7-8032-5add5d3f7962,a5387ad1-06a2-4c7d-9ab9-85dab1cab9e8,category,textbooks,12,2026-05-25T02:37:48+00:00
3578343b-3a3e-4e19-8b8c-4c1e6184e486,f4b0199b-48eb-4354-a8fe-03676e9169f9,same_nationality,on,0,2026-05-25T04:35:34+00:00
c0cd1731-bd45-4dda-ace1-c2a8ebdc474e,f4b0199b-48eb-4354-a8fe-03676e9169f9,radius_mi,5.0,0,2026-05-25T04:37:01+00:00
26c99d99-5412-499a-8722-32652cce98bb,f4b0199b-48eb-4354-a8fe-03676e9169f9,category,textbooks,0,2026-05-25T04:37:59+00:00
949666bc-28f9-4717-9b07-2f8a3167e17a,f4b0199b-48eb-4354-a8fe-03676e9169f9,same_zip,off,13,2026-05-25T04:38:07+00:00
35257bb1-3839-4226-997d-8c5a8c3f84a0,0df66891-b25c-4d7b-98bc-826d9e286a20,same_nationality,on,163,2026-05-25T14:02:14+00:00
c137ee5f-23ef-4a5b-8fda-0fecc3b317c6,0df66891-b25c-4d7b-98bc-826d9e286a20,condition,new,9,2026-05-25T14:02:49+00:00
7afee4e1-1623-4b26-9e83-2afa0940d9c4,0df66891-b25c-4d7b-98bc-826d9e286a20,same_zip,on,5,2026-05-25T14:03:31+00:00
e6314734-a6c6-4bde-9ec5-239b7323f81e,04ceced2-1e5d-42b0-9a6a-158e9a108c1d,same_school,off,475,2026-05-25T18:21:30+00:00
ccee0fe8-e42c-4626-9356-5905de1d4c68,04ceced2-1e5d-42b0-9a6a-158e9a108c1d,condition,like_new,132,2026-05-25T18:22:57+00:00
9dae77c2-2b09-44f0-928f-3256edabda33,04ceced2-1e5d-42b0-9a6a-158e9a108c1d,radius_mi,0.5,76,2026-05-25T18:23:12+00:00
0cc45195-7d5a-4306-b31d-3cb6333c0c33,04ceced2-1e5d-42b0-9a6a-158e9a108c1d,condition,(cleared),246,2026-05-25T18:24:40+00:00
af02d2b2-b556-4aa7-8e7f-108fbec6e621,04ceced2-1e5d-42b0-9a6a-158e9a108c1d,radius_mi,2.5,475,2026-05-25T18:25:13+00:00
7bc1bc51-9054-4a72-9ed6-aa9106081f06,efa792df-2f07-4094-99f4-a23935cca18b,condition,used_fair,36,2026-05-26T10:13:23+00:00
e34211a8-fab4-45df-b3c4-e28adeee79d4,efa792df-2f07-4094-99f4-a23935cca18b,same_nationality,on,5,2026-05-26T10:14:50+00:00
5f6fccfe-0be3-4e20-a087-a5b520b1c902,d3daa26a-587b-4816-9110-916f35fa7c74,condition,used_good,239,2026-05-26T12:08:33+00:00
d6403791-c172-4100-a9df-4b026a07c762,d3daa26a-587b-4816-9110-916f35fa7c74,category,electronics,34,2026-05-26T12:09:25+00:00
f166d0a1-2664-4bcf-87d5-02868fa7bf95,d3daa26a-587b-4816-9110-916f35fa7c74,radius_mi,5.0,36,2026-05-26T12:09:32+00:00
b5712496-8b79-445c-957d-24c7869f9e52,8d9a7d65-67f7-4c3e-b3ec-57b9652f01a1,condition,new,5,2026-05-26T16:26:46+00:00
b34114cb-ed36-4791-97f0-bb89cb397126,8d9a7d65-67f7-4c3e-b3ec-57b9652f01a1,same_zip,off,30,2026-05-26T16:27:02+00:00
e027929b-b90c-4bec-84e2-41b2755680f9,8d9a7d65-67f7-4c3e-b3ec-57b9652f01a1,condition,"new,used_fair",104,2026-05-26T16:28:12+00:00
657cf994-bff7-4b4b-ba93-edfc26412d78,ce6b81a6-725e-4425-8a3f-ff7c7aaf1d32,same_school,on,49,2026-05-27T05:01:27+00:00
8bef7720-4bab-464e-95de-f23f22bbfa28,ce6b81a6-725e-4425-8a3f-ff7c7aaf1d32,same_zip,on,1,2026-05-27T05:01:37+00:00
bd77538e-d78b-447d-b4c8-51ca619dabf8,ce6b81a6-725e-4425-8a3f-ff7c7aaf1d32,category,kitchen_home,0,2026-05-27T05:03:01+00:00
ef8a43d0-9196-497b-aa17-5a8ffa40125e,ce6b81a6-725e-4425-8a3f-ff7c7aaf1d32,same_zip,off,6,2026-05-27T05:03:42+00:00
5ea247fd-a603-4f87-9263-002417e463b5,ce6b81a6-725e-4425-8a3f-ff7c7aaf1d32,same_school,off,61,2026-05-27T05:04:39+00:00
197b7ac3-e576-4fa2-986e-9f8eb80abc2b,b6f4d635-89e6-4c7d-b21e-375b06a4dc27,same_zip,on,249,2026-05-27T17:40:44+00:00
221f56c6-5541-46eb-b1a7-889a7da0e74d,b6f4d635-89e6-4c7d-b21e-375b06a4dc27,category,clothing,26,2026-05-27T17:41:49+00:00
aff06c94-80d1-4e28-8403-9899033d648f,b6f4d635-89e6-4c7d-b21e-375b06a4dc27,condition,used_good,9,2026-05-27T17:42:39+00:00
acfd1533-04a6-4245-897b-7fd5f2a89d6e,b6f4d635-89e6-4c7d-b21e-375b06a4dc27,same_nationality,on,0,2026-05-27T17:43:14+00:00
3fa3094a-0535-4288-8b11-eaef8abe14c1,b6f4d635-89e6-4c7d-b21e-375b06a4dc27,radius_mi,1.0,0,2026-05-27T17:44:08+00:00
73ae1999-c52e-47a9-a216-7123aaadf868,b6f4d635-89e6-4c7d-b21e-375b06a4dc27,same_nationality,off,9,2026-05-27T17:44:28+00:00
1f99e2a7-d58d-40b9-920e-08aba7b0f9a7,1e35bc63-b9b9-4dc0-bbca-ba32d6a1676f,same_school,on,39,2026-05-27T21:49:36+00:00
28a11186-258a-4f1b-9a2f-3ac664fa1831,1e35bc63-b9b9-4dc0-bbca-ba32d6a1676f,same_nationality,on,2,2026-05-27T21:50:38+00:00
d686b997-d4cd-4413-86bb-f507482865f7,1e35bc63-b9b9-4dc0-bbca-ba32d6a1676f,category,free_stuff,0,2026-05-27T21:51:58+00:00
ac9bb52b-b106-45d1-a2db-4424951d6192,1e35bc63-b9b9-4dc0-bbca-ba32d6a1676f,same_zip,on,0,2026-05-27T21:52:04+00:00
b8b7e3f9-d633-4b47-8ba9-124d7d11ccb6,1e35bc63-b9b9-4dc0-bbca-ba32d6a1676f,condition,new,0,2026-05-27T21:53:12+00:00
cf3cf592-1827-4ade-ad1d-d5c5f8123747,1e35bc63-b9b9-4dc0-bbca-ba32d6a1676f,condition,"new,used_good",0,2026-05-27T21:54:11+00:00
30da3244-6eac-4be3-8bcd-116a7a207a78,9f74975f-3000-4ef2-b2a2-1cdac8513b60,category,clothing,44,2026-05-28T01:05:27+00:00
a468403d-2703-4563-a2d3-db1854fd2c3b,9f74975f-3000-4ef2-b2a2-1cdac8513b60,same_nationality,on,8,2026-05-28T01:06:54+00:00
40b51f3d-a6d0-4540-95fc-0431f1b25484,9f74975f-3000-4ef2-b2a2-1cdac8513b60,same_nationality,off,44,2026-05-28T01:07:02+00:00
2092e7a8-79a8-4693-b31f-bcc579495059,9f74975f-3000-4ef2-b2a2-1cdac8513b60,condition,used_good,15,2026-05-28T01:07:33+00:00
7ec3c017-94d2-468b-88cf-770220100d71,9f74975f-3000-4ef2-b2a2-1cdac8513b60,radius_mi,10.0,24,2026-05-28T01:07:38+00:00
91319b79-4a56-44f4-9d04-1c8dd4239e0a,9f74975f-3000-4ef2-b2a2-1cdac8513b60,radius_mi,5.0,21,2026-05-28T01:08:44+00:00
ce902d97-04d1-4182-ad83-e9d46f4dc4d1,caa94dc0-81be-4dfa-8bc4-fa28c1ea5e7e,category,free_stuff,2,2026-05-28T06:09:18+00:00
eed0861d-33ec-4541-8425-0e31adc4fd4d,caa94dc0-81be-4dfa-8bc4-fa28c1ea5e7e,category,"free_stuff,furniture",12,2026-05-28T06:09:51+00:00
34eb9f19-050f-481b-be68-88d1483d5ddc,caa94dc0-81be-4dfa-8bc4-fa28c1ea5e7e,same_nationality,on,1,2026-05-28T06:10:25+00:00
9e790678-29ff-41f0-8bc6-45e92d6f06e8,904d370b-c057-4076-ab96-6f35351482c2,radius_mi,1.0,338,2026-05-28T08:24:58+00:00
19125ed3-e769-40c2-ab03-c4ee963c894e,904d370b-c057-4076-ab96-6f35351482c2,same_zip,on,69,2026-05-28T08:26:17+00:00
155ac022-38ae-4e71-977a-9df5076a0219,904d370b-c057-4076-ab96-6f35351482c2,same_school,on,22,2026-05-28T08:26:34+00:00
9dbf7349-089d-409e-8dc4-10a60c26111d,904d370b-c057-4076-ab96-6f35351482c2,category,bikes_transport,3,2026-05-28T08:27:42+00:00
25a2174c-a1e0-47a5-9f1f-c1b8b73c58e7,904d370b-c057-4076-ab96-6f35351482c2,category,"bikes_transport,furniture",9,2026-05-28T08:28:13+00:00
1682cc29-240c-4bf7-b0e3-b62f844da9bc,904d370b-c057-4076-ab96-6f35351482c2,condition,used_good,7,2026-05-28T08:28:33+00:00
463c0ce9-263d-4f84-aa8c-fdefd496baf7,dfb6fc17-bcca-45fa-ab0c-9e38e7ddcca9,same_zip,on,4,2026-05-28T09:34:03+00:00
5b192330-9eac-4bb4-9d6f-12439d5413db,dfb6fc17-bcca-45fa-ab0c-9e38e7ddcca9,category,kitchen_home,0,2026-05-28T09:35:28+00:00
ed488489-7e0d-4d4c-b68f-1ee327297ecc,dfb6fc17-bcca-45fa-ab0c-9e38e7ddcca9,condition,like_new,0,2026-05-28T09:36:15+00:00
aa1a9f25-771f-44ac-8ae4-ec440f9975af,aebbbd34-c750-4cee-b298-18c1698b9b92,category,sports,20,2026-05-29T05:28:24+00:00
210000c5-4f80-4c8f-974a-944f526cc567,aebbbd34-c750-4cee-b298-18c1698b9b92,category,(cleared),485,2026-05-29T05:29:03+00:00
8a7b7d95-3fbb-4c79-8f24-b5d826ccddf2,aebbbd34-c750-4cee-b298-18c1698b9b92,same_nationality,on,70,2026-05-29T05:29:43+00:00
9edc3db5-b6fc-4324-b504-c8593b7ad35b,aebbbd34-c750-4cee-b298-18c1698b9b92,same_nationality,off,485,2026-05-29T05:29:47+00:00
dc1f4073-b307-479a-a5f1-09f75b9f98fb,aebbbd34-c750-4cee-b298-18c1698b9b92,same_school,on,57,2026-05-29T05:29:51+00:00
572b7ac3-d3df-4b86-8538-a1754ae73aa8,febd8921-9308-4e28-acff-1ae8386589e3,radius_mi,5.0,15,2026-05-29T21:30:35+00:00
026f4745-1b8e-4268-8302-cf1c4a30f377,febd8921-9308-4e28-acff-1ae8386589e3,same_school,on,3,2026-05-29T21:30:45+00:00
4c1bcab5-7de8-4253-aea2-2624924578fe,febd8921-9308-4e28-acff-1ae8386589e3,radius_mi,10.0,3,2026-05-29T21:31:30+00:00
0daf93c7-b83e-4aaf-9345-874b6f6f5843,febd8921-9308-4e28-acff-1ae8386589e3,same_school,off,15,2026-05-29T21:32:27+00:00
086e055f-ce7a-4beb-b05c-e17910718423,4880e488-a1c2-4958-ba10-b7c3297adba8,same_school,on,54,2026-05-30T07:11:36+00:00
4c8ec02e-3997-4117-bb98-55cf4c137a2f,4880e488-a1c2-4958-ba10-b7c3297adba8,category,furniture,20,2026-05-30T07:12:13+00:00
51345d5f-67a9-4c51-87a6-bebee6eb58e2,4880e488-a1c2-4958-ba10-b7c3297adba8,same_school,off,84,2026-05-30T07:12:21+00:00
fd7e92e6-36c7-4b2c-b228-363054c59dde,4880e488-a1c2-4958-ba10-b7c3297adba8,category,"electronics,furniture",109,2026-05-30T07:13:01+00:00
75f6060b-04c2-4a24-9745-be8b820a37e0,4880e488-a1c2-4958-ba10-b7c3297adba8,same_zip,off,209,2026-05-30T07:13:17+00:00
9c9b74ce-f752-435f-8a51-ae40450f2030,4880e488-a1c2-4958-ba10-b7c3297adba8,same_zip,on,109,2026-05-30T07:14:26+00:00
35a64ad6-049f-4740-a165-de890ee911d5,76948275-fc48-4c3e-b731-4436f90cd800,condition,used_fair,11,2026-06-02T01:11:45+00:00
edaeede3-01a4-4d39-9c7e-af97a0c829b6,76948275-fc48-4c3e-b731-4436f90cd800,same_school,on,1,2026-06-02T01:13:02+00:00
8a9b596d-989e-45cb-b1ba-d64a92227ad4,50ea7e0c-7da9-4f50-8495-8e484fcefdfd,category,electronics,5,2026-06-02T01:25:58+00:00
23770359-c107-4fed-93c5-5f1c3d37271f,50ea7e0c-7da9-4f50-8495-8e484fcefdfd,condition,like_new,0,2026-06-02T01:27:02+00:00
780abf9a-5fc6-45d1-a4a6-15ee4e2e3f7b,50ea7e0c-7da9-4f50-8495-8e484fcefdfd,same_zip,on,0,2026-06-02T01:27:37+00:00
3ccaad6d-0146-48cd-966a-b83da83dc7cd,006cf2a0-aba4-468e-933a-b50f8c76a23f,category,textbooks,103,2026-06-02T19:08:21+00:00
56b6358f-b8ca-4836-a802-8b4e5d800835,006cf2a0-aba4-468e-933a-b50f8c76a23f,category,"sports,textbooks",124,2026-06-02T19:09:31+00:00
f080ea2c-d035-47ab-b7c6-f56ad8cc76d0,006cf2a0-aba4-468e-933a-b50f8c76a23f,same_school,on,11,2026-06-02T19:10:02+00:00
1fbe9e6d-a9d3-48bf-97ef-fd0696ddf2ab,006cf2a0-aba4-468e-933a-b50f8c76a23f,category,"kitchen_home,sports,textbooks",17,2026-06-02T19:11:27+00:00
27fcaeb8-0aa0-410a-888d-a6f24098c7a2,6695a266-c3cd-43a7-a7fb-fcac77328615,same_zip,on,48,2026-06-02T20:16:24+00:00
6f5f4f11-43ae-4b61-9d4e-5ef63e2f576a,6695a266-c3cd-43a7-a7fb-fcac77328615,radius_mi,5.0,48,2026-06-02T20:17:52+00:00
b9a69a1d-5353-4b3f-8c56-f369edd626a0,6695a266-c3cd-43a7-a7fb-fcac77328615,radius_mi,5.0,48,2026-06-02T20:18:00+00:00
fd967b54-8232-49db-bdf5-c6aa79458d13,6695a266-c3cd-43a7-a7fb-fcac77328615,same_zip,off,109,2026-06-02T20:19:25+00:00
b165cba5-8f38-4daa-869c-017bc9f93339,05c1b613-6547-49f7-a31f-dfedc7876aca,condition,new,1,2026-06-03T00:58:47+00:00
3f6959ff-1b22-4be0-a284-4e8d32ea1bc6,05c1b613-6547-49f7-a31f-dfedc7876aca,condition,(cleared),13,2026-06-03T00:59:58+00:00
73bda44c-68d6-4098-9635-0a6948582cc3,05c1b613-6547-49f7-a31f-dfedc7876aca,category,bikes_transport,1,2026-06-03T01:00:11+00:00
38e283da-c561-4ccf-87ff-2e738c8a7564,05c1b613-6547-49f7-a31f-dfedc7876aca,radius_mi,2.5,8,2026-06-03T01:00:35+00:00
a71037ea-61e7-4c11-baab-c9c7d8961a9b,05c1b613-6547-49f7-a31f-dfedc7876aca,radius_mi,1.0,1,2026-06-03T01:01:26+00:00
41144014-cb08-4be3-8848-1bd7a79eaed1,23061881-ec83-4935-ba31-110dc9dd0f5e,radius_mi,1.0,91,2026-06-03T04:40:36+00:00
63734565-a624-464c-afed-d616e9628771,23061881-ec83-4935-ba31-110dc9dd0f5e,condition,like_new,25,2026-06-03T04:41:22+00:00
54f6ae4f-586e-4a41-8285-43b862564af3,f965e2e1-14e1-441b-bd2e-db6def83457a,same_nationality,on,0,2026-06-03T18:06:52+00:00
55dd6147-19ac-49fb-89a6-2ab6b05575be,f965e2e1-14e1-441b-bd2e-db6def83457a,category,textbooks,0,2026-06-03T18:07:17+00:00
2b1576c2-e021-426f-abf8-f61bba22c2de,c08ba214-af45-4563-93bb-a8e532a24418,same_school,on,50,2026-06-04T23:10:18+00:00
81cfacce-0edc-4afa-99b2-ae3744a8bef1,c08ba214-af45-4563-93bb-a8e532a24418,same_zip,on,3,2026-06-04T23:10:30+00:00
26bec547-db1f-4a4a-9446-0e07a6e530e3,aebbbd34-c750-4cee-b298-18c1698b9b92,category,textbooks,104,2026-06-05T00:26:12+00:00
aec59d0b-bba3-43fe-94ea-4b9c2c5d8449,aebbbd34-c750-4cee-b298-18c1698b9b92,radius_mi,10.0,130,2026-06-05T00:26:58+00:00
a17b6156-4fc7-4c8c-8a36-722209fa09a1,aebbbd34-c750-4cee-b298-18c1698b9b92,same_zip,on,54,2026-06-05T00:27:34+00:00
deff997e-5dde-4bf6-b70e-b1f60282cfcf,aebbbd34-c750-4cee-b298-18c1698b9b92,radius_mi,5.0,54,2026-06-05T00:27:53+00:00
81acd5ca-f7d0-491b-b5e1-3091595581d8,38736e97-8380-4bc8-9d40-b95a6d5761ef,same_nationality,off,535,2026-06-05T09:12:39+00:00
537daabe-d22d-4010-a0ff-94bd2e622005,38736e97-8380-4bc8-9d40-b95a6d5761ef,radius_mi,10.0,617,2026-06-05T09:12:44+00:00
7e62e2a2-a5b5-4eea-9c54-430babd49179,38736e97-8380-4bc8-9d40-b95a6d5761ef,same_nationality,on,11,2026-06-05T09:13:33+00:00
eab5311f-f9dc-4ed0-bed6-fa37e3650fba,38736e97-8380-4bc8-9d40-b95a6d5761ef,same_school,on,3,2026-06-05T09:13:42+00:00
8482a468-80fb-4850-8aff-23bb91871e23,38736e97-8380-4bc8-9d40-b95a6d5761ef,condition,like_new,2,2026-06-05T09:14:07+00:00
6452df7c-6d08-4770-84aa-d5f4dff44316,38736e97-8380-4bc8-9d40-b95a6d5761ef,radius_mi,0.5,1,2026-06-05T09:14:21+00:00
4f6416ce-13ab-43b6-bedf-fa15c749b3ee,1755328b-9010-4f07-b351-51bc6d8e8e7e,same_zip,on,92,2026-06-06T02:14:31+00:00
97e90ca4-516c-44b7-99a3-85ba2ae79812,1755328b-9010-4f07-b351-51bc6d8e8e7e,category,electronics,14,2026-06-06T02:15:21+00:00
bae1bedf-cac8-471c-9859-1a819eabca73,1755328b-9010-4f07-b351-51bc6d8e8e7e,same_nationality,on,0,2026-06-06T02:16:25+00:00
54fbb18c-6fc6-4cbe-a109-2ffd8856f12d,3937cfde-2cdf-4e1e-be4c-82855fca8848,radius_mi,2.5,501,2026-06-06T20:03:20+00:00
74119ee5-cf5f-42f3-ba8d-627f9bd0a85d,3937cfde-2cdf-4e1e-be4c-82855fca8848,condition,new,33,2026-06-06T20:04:02+00:00
6c1eef34-6f01-447d-b85a-57126e8ecef9,3937cfde-2cdf-4e1e-be4c-82855fca8848,same_zip,on,15,2026-06-06T20:04:26+00:00
56e19b65-346d-4654-8209-7232b84033d0,3937cfde-2cdf-4e1e-be4c-82855fca8848,radius_mi,5.0,15,2026-06-06T20:05:26+00:00
c10d6f64-ae8e-4a78-a606-9f00f4240412,ded797b6-afed-4f9c-8ae0-35b3c61aa0e4,same_nationality,on,73,2026-06-07T06:33:33+00:00
5c84d45f-4a7d-4e04-861d-dc3e83e4bb8d,ded797b6-afed-4f9c-8ae0-35b3c61aa0e4,same_zip,on,6,2026-06-07T06:34:37+00:00
75309ba0-1ac4-4183-b965-0b183e5e64f4,ded797b6-afed-4f9c-8ae0-35b3c61aa0e4,same_school,on,6,2026-06-07T06:34:51+00:00
6d4c0c83-c3f1-4247-b13c-4d08de503cdb,ded797b6-afed-4f9c-8ae0-35b3c61aa0e4,same_nationality,off,6,2026-06-07T06:34:55+00:00
6deeaeef-3c68-46f2-8515-90a7028f511b,60e7746d-a14d-4134-a659-8644ea757f35,radius_mi,10.0,604,2026-06-08T03:07:24+00:00
fe9ff235-bc2b-4ff2-bddd-b2d91bad412e,60e7746d-a14d-4134-a659-8644ea757f35,radius_mi,10.0,604,2026-06-08T03:08:16+00:00
61edc90e-04c4-487a-b3d7-196bd04e7bfd,60e7746d-a14d-4134-a659-8644ea757f35,radius_mi,0.5,2,2026-06-08T03:08:57+00:00
422ac655-5620-4e27-80a2-57785b77baa0,60e7746d-a14d-4134-a659-8644ea757f35,same_nationality,on,1,2026-06-08T03:10:23+00:00
ff11e48a-b636-4b15-a231-e1c50a7be2a6,6f5ed66e-e07b-48ed-b59a-b63d714e545e,same_zip,on,71,2026-06-08T08:27:31+00:00
a99ff53c-f4c4-41cb-b31a-8ee064666f24,6f5ed66e-e07b-48ed-b59a-b63d714e545e,same_nationality,on,26,2026-06-08T08:28:59+00:00
d74d0281-f03b-408a-9ea2-9212e75e9c2c,6f5ed66e-e07b-48ed-b59a-b63d714e545e,condition,used_good,13,2026-06-08T08:29:04+00:00
2dc721af-35de-4006-9097-b5662604d7c5,767703ae-4d74-4728-ae3f-a80c8b6ead76,category,electronics,66,2026-06-08T11:49:32+00:00
11c15f31-fc36-4d80-858f-20987e487802,767703ae-4d74-4728-ae3f-a80c8b6ead76,same_nationality,on,26,2026-06-08T11:50:01+00:00
926f02e8-fc84-4752-a283-58e59c8a1a8a,767703ae-4d74-4728-ae3f-a80c8b6ead76,same_school,on,5,2026-06-08T11:50:45+00:00
1fc6214f-0471-4598-8d7a-9fc3a2a8b573,767703ae-4d74-4728-ae3f-a80c8b6ead76,same_zip,on,2,2026-06-08T11:50:53+00:00
cfc62e58-db5d-4e1e-b84c-900c18d2a1cd,767703ae-4d74-4728-ae3f-a80c8b6ead76,same_zip,off,5,2026-06-08T11:51:54+00:00
5c88f430-bf63-40ba-a216-894b2ed30ba7,5c27de08-e263-49f8-b85c-5d1bfb70223d,same_nationality,on,0,2026-06-08T11:58:53+00:00
58f4685b-292c-4ff3-978b-d76182fe9131,5c27de08-e263-49f8-b85c-5d1bfb70223d,condition,new,0,2026-06-08T11:58:58+00:00
b7ca76a9-1f48-45d7-8c72-db0f55372546,5c27de08-e263-49f8-b85c-5d1bfb70223d,radius_mi,0.5,0,2026-06-08T11:59:44+00:00
dcd72077-fd38-4037-a862-c10c2229436a,5c27de08-e263-49f8-b85c-5d1bfb70223d,same_zip,on,0,2026-06-08T12:01:03+00:00
c8efd5aa-d08b-4684-bb2d-acb029afd896,5c27de08-e263-49f8-b85c-5d1bfb70223d,same_school,on,0,2026-06-08T12:02:09+00:00
9d6adc05-411b-4d20-ad7a-4257102a7efe,17b21723-fa8f-407d-8126-f99b09b1578a,same_school,on,60,2026-06-08T16:53:27+00:00
d6c47ba5-e766-4d0d-8baf-f05941ee03be,17b21723-fa8f-407d-8126-f99b09b1578a,category,free_stuff,2,2026-06-08T16:54:51+00:00
086181ab-0566-4d79-b04b-d5487028af4e,17b21723-fa8f-407d-8126-f99b09b1578a,condition,like_new,0,2026-06-08T16:55:17+00:00
b8ebca95-b38f-4ac7-addc-f682f8c2d111,17b21723-fa8f-407d-8126-f99b09b1578a,same_school,off,0,2026-06-08T16:55:53+00:00
574b8938-8cb6-45fd-a7fe-962832b05f35,17b21723-fa8f-407d-8126-f99b09b1578a,condition,"like_new,new",0,2026-06-08T16:56:34+00:00
edd7d4a8-aac6-41c7-8c52-a4f0d69cb99c,b000127a-7ff3-4aba-9f9f-56872787d1ed,category,sports,1,2026-06-08T20:25:36+00:00
66dd0729-e069-41fd-ba95-c7db4d9f922f,04ceced2-1e5d-42b0-9a6a-158e9a108c1d,radius_mi,1.0,74,2026-06-08T20:26:01+00:00
a90de779-b92f-4f69-bd64-ebfd788639cd,b000127a-7ff3-4aba-9f9f-56872787d1ed,condition,new,0,2026-06-08T20:26:11+00:00
7c9c08ce-fafd-4b1d-97d3-67ff174037eb,04ceced2-1e5d-42b0-9a6a-158e9a108c1d,category,free_stuff,2,2026-06-08T20:27:21+00:00
12a22ee4-e79a-4f46-a8d0-95a2fc210915,b000127a-7ff3-4aba-9f9f-56872787d1ed,same_school,on,0,2026-06-08T20:27:35+00:00
af43a814-34d2-48d6-b641-009f1be90406,04ceced2-1e5d-42b0-9a6a-158e9a108c1d,same_nationality,on,0,2026-06-08T20:28:04+00:00
ecd563c1-b59d-480c-9403-2b8c18f198be,b000127a-7ff3-4aba-9f9f-56872787d1ed,same_nationality,on,0,2026-06-08T20:28:07+00:00
413213d5-da68-4eb0-bd43-3454fe31e62f,bef562aa-7b99-4438-b976-0c3e350379ee,same_nationality,on,88,2026-06-09T02:19:18+00:00
843857e7-f1ba-4ecb-a17b-9ed6e8c88d0b,bef562aa-7b99-4438-b976-0c3e350379ee,same_nationality,off,497,2026-06-09T02:20:04+00:00
0f6a0562-56af-4b61-80e1-5d4313c0b665,bef562aa-7b99-4438-b976-0c3e350379ee,radius_mi,5.0,539,2026-06-09T02:20:47+00:00
5e16737f-caea-4cb6-acb8-470118f1d0f4,bef562aa-7b99-4438-b976-0c3e350379ee,same_school,on,60,2026-06-09T02:21:35+00:00
d2dcd542-9069-4545-a2c4-fb058fb2387f,6d89186c-9abe-4266-84b8-a5f301062693,same_nationality,on,4,2026-06-09T04:39:04+00:00
04403ead-11ab-41cd-967d-e1ec982aa10f,6d89186c-9abe-4266-84b8-a5f301062693,same_nationality,off,504,2026-06-09T04:40:24+00:00
3b3a685e-9569-4721-86a8-46b191e23183,6d89186c-9abe-4266-84b8-a5f301062693,same_zip,on,261,2026-06-09T04:40:33+00:00
dd94308d-1f1b-432a-ab00-4004ce38ac1e,6d89186c-9abe-4266-84b8-a5f301062693,radius_mi,2.5,261,2026-06-09T04:41:24+00:00
23ec9511-900e-430e-b738-9f229efa34c2,ddff96e0-22a2-4dc0-8484-2c55ebac5db3,same_school,on,94,2026-06-10T07:31:20+00:00
cf6f4868-0ca7-47d7-a8da-99fc49e20a2d,ddff96e0-22a2-4dc0-8484-2c55ebac5db3,radius_mi,5.0,106,2026-06-10T07:31:27+00:00
c6a27864-3009-4c19-9ceb-88d871375211,ddff96e0-22a2-4dc0-8484-2c55ebac5db3,category,furniture,36,2026-06-10T07:31:55+00:00
71f99b67-5c6a-4b6a-88b7-4df479b930bb,ddff96e0-22a2-4dc0-8484-2c55ebac5db3,condition,like_new,10,2026-06-10T07:33:06+00:00
8de1f007-2d2b-4078-aea5-02616a598738,147ed698-2b4c-4e8b-aa70-aa17d045b912,radius_mi,0.5,262,2026-06-10T16:43:17+00:00
c998d307-d492-4353-bb19-dd217f3fc607,147ed698-2b4c-4e8b-aa70-aa17d045b912,category,sports,11,2026-06-10T16:43:20+00:00
b6ac8ed0-9e3a-4133-bc26-46e329e71c3c,147ed698-2b4c-4e8b-aa70-aa17d045b912,category,"kitchen_home,sports",44,2026-06-10T16:44:29+00:00
730213b3-4d37-45c2-bbf0-2a87ec3d1fe9,d30b8eb3-05ed-4a73-b6e5-042436e46b37,same_nationality,on,8,2026-06-10T20:06:11+00:00
ff4e70d3-995f-4582-9abb-9133b5b404b4,d30b8eb3-05ed-4a73-b6e5-042436e46b37,same_nationality,off,39,2026-06-10T20:07:34+00:00
68106b8f-07dd-4331-9e23-b00d95f31aa6,d30b8eb3-05ed-4a73-b6e5-042436e46b37,radius_mi,2.5,39,2026-06-10T20:08:32+00:00
e50d9c4b-9db7-4e0f-b015-6667a99c4393,d30b8eb3-05ed-4a73-b6e5-042436e46b37,same_nationality,on,8,2026-06-10T20:09:25+00:00
6ef2f9a1-bd89-43f6-b882-79a71768077a,d30b8eb3-05ed-4a73-b6e5-042436e46b37,condition,used_fair,1,2026-06-10T20:09:46+00:00
2261dcb5-2e64-4232-bacc-8285b02b8ba0,d30b8eb3-05ed-4a73-b6e5-042436e46b37,category,furniture,0,2026-06-10T20:10:53+00:00
2f8a7020-7321-454a-a639-7876f10d56ff,3b534511-491d-43ca-8db3-2f08eee9be65,same_nationality,on,8,2026-06-11T02:09:48+00:00
fb2bac60-535d-486a-8d96-626ed93f520f,3b534511-491d-43ca-8db3-2f08eee9be65,same_nationality,off,510,2026-06-11T02:10:09+00:00
2b136a6f-b05e-415f-a37f-531a29d35f90,3b534511-491d-43ca-8db3-2f08eee9be65,category,sports,23,2026-06-11T02:11:29+00:00
53b02777-4e6a-4e17-a06a-162047697aae,7357e086-3d97-4c00-bd2a-662d18d0abec,same_zip,on,93,2026-06-11T18:34:18+00:00
44dab0ce-3f6a-4938-b1ec-0a658a269537,7357e086-3d97-4c00-bd2a-662d18d0abec,same_school,on,6,2026-06-11T18:34:39+00:00
f0db003b-b552-4d52-a641-9b9251343adc,7357e086-3d97-4c00-bd2a-662d18d0abec,same_nationality,on,0,2026-06-11T18:35:17+00:00
ce748c64-8475-430f-9904-b080a2db2b0f,7357e086-3d97-4c00-bd2a-662d18d0abec,condition,like_new,0,2026-06-11T18:36:30+00:00
22e1a3e7-fe59-4ea2-bda0-4d909ac88c00,9c4bc13c-455f-4bc8-af64-d6ff11a380b4,category,bikes_transport,32,2026-06-11T20:44:07+00:00
7d24d3f6-e9e8-4c90-bdc4-492ec91d6d22,9c4bc13c-455f-4bc8-af64-d6ff11a380b4,same_school,on,7,2026-06-11T20:45:27+00:00
0cf35c44-9c93-46ef-8f81-6f92c78e8faf,5fe592da-0d87-421c-93e1-8e7df2988983,radius_mi,10.0,634,2026-06-11T21:18:11+00:00
aa22bc5e-4e88-4c48-aa05-dc72cac17c39,5fe592da-0d87-421c-93e1-8e7df2988983,radius_mi,1.0,373,2026-06-11T21:18:55+00:00
73286796-78dc-4fdd-b751-a491a8fffda1,5fe592da-0d87-421c-93e1-8e7df2988983,category,free_stuff,8,2026-06-11T21:20:18+00:00
43a422ca-2f1a-415c-a1a7-aa76c43d27cd,1d60fe82-43d3-41ca-b4b2-47f71aba1916,condition,like_new,103,2026-06-13T12:03:28+00:00
e9353114-a437-4cd3-a43c-5d93b3f4d47a,1d60fe82-43d3-41ca-b4b2-47f71aba1916,same_zip,on,17,2026-06-13T12:03:40+00:00
f0c0fc81-0570-446b-a79f-a97846804561,1d60fe82-43d3-41ca-b4b2-47f71aba1916,radius_mi,2.5,17,2026-06-13T12:05:03+00:00
7bed5e8e-b25a-4896-b0bc-c78b0cc35729,1d60fe82-43d3-41ca-b4b2-47f71aba1916,same_nationality,on,0,2026-06-13T12:06:29+00:00
1f6f75af-4f2d-43bc-a917-4851a05ce6af,1d60fe82-43d3-41ca-b4b2-47f71aba1916,same_school,on,0,2026-06-13T12:06:53+00:00
2e1cd07d-654e-41d1-8a26-bad9669430de,1d60fe82-43d3-41ca-b4b2-47f71aba1916,same_school,off,0,2026-06-13T12:07:34+00:00
248114c2-cda7-46f5-ba9d-68f26ea648fb,876215b5-4c2d-4c0d-86a1-ccfafdee1101,same_zip,off,59,2026-06-14T04:20:33+00:00
a60abad1-0583-4b12-8cca-4b32abe18207,876215b5-4c2d-4c0d-86a1-ccfafdee1101,same_nationality,off,117,2026-06-14T04:21:01+00:00
2cce826a-0a28-424c-97a0-d8e738b2ef16,876215b5-4c2d-4c0d-86a1-ccfafdee1101,radius_mi,0.5,0,2026-06-14T04:21:09+00:00
9634a65c-a8e7-4a3b-9696-cd09a3c3d1e2,1162a399-ae84-499c-86eb-5c0b8d4bd19d,category,clothing,51,2026-06-15T06:19:48+00:00
7c6f5d7c-bd54-479e-8620-44b6452bc9de,1162a399-ae84-499c-86eb-5c0b8d4bd19d,category,"clothing,sports",70,2026-06-15T06:21:01+00:00
960aefcc-6a80-4580-82fe-367765b94315,1162a399-ae84-499c-86eb-5c0b8d4bd19d,condition,used_fair,8,2026-06-15T06:22:08+00:00
d59ebf3f-5d0e-4c20-adb7-114e4b8b8005,29836ce5-4546-4ec6-b86e-0306757b6b8b,radius_mi,0.5,270,2026-06-15T08:13:32+00:00
5f3b810f-2d7e-4bec-bea0-ca3f2126cd3f,29836ce5-4546-4ec6-b86e-0306757b6b8b,same_zip,on,270,2026-06-15T08:14:51+00:00
b17e7add-c374-4df2-9dfe-0aafa4b7ba7e,2e0927d6-79bf-4b1c-b9d9-5d2847205f9d,category,free_stuff,9,2026-06-16T04:48:10+00:00
72c8e235-b208-424f-9507-646fcc425ddb,2e0927d6-79bf-4b1c-b9d9-5d2847205f9d,same_zip,on,0,2026-06-16T04:49:10+00:00
9ff4625a-3870-42b2-91b6-bf1dc9ae6714,8bf8ea9f-72d9-48eb-928d-e17012efd91b,same_school,on,2,2026-06-16T05:40:55+00:00
4a7be83e-fcfb-49c4-a352-53c7330efb9b,8bf8ea9f-72d9-48eb-928d-e17012efd91b,radius_mi,0.5,0,2026-06-16T05:41:10+00:00
969cf929-4f1b-4d31-b31f-aeaaaed4187f,8bf8ea9f-72d9-48eb-928d-e17012efd91b,same_school,off,15,2026-06-16T05:42:21+00:00
cbf81d73-a40d-4e4e-9e66-a5391d7368da,8bf8ea9f-72d9-48eb-928d-e17012efd91b,same_zip,on,14,2026-06-16T05:43:49+00:00
e967ffd9-844f-4cc0-a897-dbca4fd58804,fdd43fca-ada6-4d98-94a5-dbc1afd11d57,condition,new,0,2026-06-17T00:20:39+00:00
73b83d5f-f762-43de-bc64-ba287b100237,fdd43fca-ada6-4d98-94a5-dbc1afd11d57,category,kitchen_home,0,2026-06-17T00:21:18+00:00
4cea0eaa-f637-43eb-b5d7-552cb1b4e53b,fdd43fca-ada6-4d98-94a5-dbc1afd11d57,radius_mi,0.5,0,2026-06-17T00:22:11+00:00
e5713c6a-cd03-4b1c-b6f4-7759853b710b,fdd43fca-ada6-4d98-94a5-dbc1afd11d57,condition,"like_new,new",0,2026-06-17T00:22:33+00:00
101574ed-7221-45a1-b53d-6f11413c0e89,fdd43fca-ada6-4d98-94a5-dbc1afd11d57,category,"free_stuff,kitchen_home",0,2026-06-17T00:22:48+00:00
840b9e69-ca8d-49fe-a903-2c5458e12d26,d4e30b6e-aa93-40ee-8750-e1f001abcea7,same_nationality,on,5,2026-06-17T21:06:37+00:00
987bf817-c30a-4107-bcbe-50447d843641,d4e30b6e-aa93-40ee-8750-e1f001abcea7,same_zip,on,2,2026-06-17T21:08:02+00:00
c2bb469b-9ba1-400f-9aa6-b6b2910bcbfd,d4e30b6e-aa93-40ee-8750-e1f001abcea7,same_school,on,0,2026-06-17T21:08:40+00:00
3e09cd9f-4b1a-4c03-ad11-7fd121866a19,d4e30b6e-aa93-40ee-8750-e1f001abcea7,condition,used_good,0,2026-06-17T21:09:23+00:00
05ec4e51-5804-4f51-ab46-0045da0c22c3,fe409d6f-e259-485b-96bc-c2a89d7996e6,condition,like_new,5,2026-06-19T02:53:53+00:00
4f189cfd-33f4-493e-af61-0b5421e061c6,fe409d6f-e259-485b-96bc-c2a89d7996e6,category,electronics,0,2026-06-19T02:54:12+00:00
a7caa726-f1c8-4513-b5e9-dde206810e16,fee6b0c5-a98d-4b4e-a30d-2cb91bee01ea,same_zip,on,76,2026-06-19T18:53:51+00:00
184d7e9c-8f55-43cb-9fc2-366fd560e15a,fee6b0c5-a98d-4b4e-a30d-2cb91bee01ea,category,free_stuff,1,2026-06-19T18:54:20+00:00
43d25c8a-d8e3-4b2a-9f1b-7ce8a40094b3,fee6b0c5-a98d-4b4e-a30d-2cb91bee01ea,category,"free_stuff,furniture",18,2026-06-19T18:55:07+00:00
595b4c70-3870-4108-a034-08919d3921fd,fee6b0c5-a98d-4b4e-a30d-2cb91bee01ea,same_school,on,6,2026-06-19T18:55:40+00:00
aa323f5b-56ee-4071-886b-82b9a0f2962b,fee6b0c5-a98d-4b4e-a30d-2cb91bee01ea,category,"free_stuff,furniture,sports",6,2026-06-19T18:56:01+00:00
2bf5fe30-b437-410d-916d-f85d42e8cd1b,f179f796-27a1-4c7b-8711-7b339b16ef77,condition,used_good,4,2026-06-20T16:30:36+00:00
f54be041-97b2-46c8-a801-c3da24897a56,f179f796-27a1-4c7b-8711-7b339b16ef77,radius_mi,2.5,4,2026-06-20T16:31:59+00:00
81a8d98d-5571-4b06-9728-5beb1d3fba28,f179f796-27a1-4c7b-8711-7b339b16ef77,same_nationality,off,264,2026-06-20T16:33:05+00:00
cca1ee7f-673f-48eb-b4ea-a4f3f3112583,f179f796-27a1-4c7b-8711-7b339b16ef77,radius_mi,5.0,284,2026-06-20T16:33:40+00:00
4d6a0d07-3637-4add-b919-41404c5d888c,f179f796-27a1-4c7b-8711-7b339b16ef77,condition,"new,used_good",323,2026-06-20T16:34:56+00:00
c47280a0-d949-45f6-a642-766852a42fdd,ac4cd2de-69ac-436e-b67e-c476f7f37a57,same_school,on,52,2026-06-21T12:44:03+00:00
54e16046-d9ec-4e1c-bd80-fed933b4580e,ac4cd2de-69ac-436e-b67e-c476f7f37a57,category,clothing,8,2026-06-21T12:44:38+00:00
c8054d92-ed8a-4ee7-88da-73c100b427f2,ac4cd2de-69ac-436e-b67e-c476f7f37a57,category,"clothing,kitchen_home",15,2026-06-21T12:45:21+00:00
675a101f-3c4a-4c3a-b1c4-99089cc94886,ac4cd2de-69ac-436e-b67e-c476f7f37a57,same_nationality,on,1,2026-06-21T12:45:44+00:00
78944eaf-7a79-473e-ba39-7b164bf29fcc,ac4cd2de-69ac-436e-b67e-c476f7f37a57,same_nationality,off,15,2026-06-21T12:46:56+00:00
f811d094-b1bb-4a40-b000-85cc5de0a162,f179f796-27a1-4c7b-8711-7b339b16ef77,same_nationality,off,523,2026-06-21T15:13:17+00:00
632b68ac-386d-443d-8bf9-266625f31f3a,f179f796-27a1-4c7b-8711-7b339b16ef77,same_nationality,on,10,2026-06-21T15:14:10+00:00
dc3300f7-25ca-4f25-99e2-a792b918b214,f179f796-27a1-4c7b-8711-7b339b16ef77,condition,used_good,4,2026-06-21T15:14:56+00:00
6d3de280-7834-4942-b285-06fd5eef352b,f179f796-27a1-4c7b-8711-7b339b16ef77,condition,"new,used_good",5,2026-06-21T15:16:03+00:00
c62e6bc7-6e28-4b46-9324-03851cdb2860,f179f796-27a1-4c7b-8711-7b339b16ef77,condition,used_good,4,2026-06-21T15:17:14+00:00
05d00b31-0054-42d5-a3ed-7cbe934109c1,f179f796-27a1-4c7b-8711-7b339b16ef77,same_nationality,off,264,2026-06-21T15:17:51+00:00
2e922cb9-4007-402a-992f-d40e52f14f7e,b7a58a43-0e8a-4989-9cc2-a17e019034c8,same_school,on,52,2026-06-21T23:31:30+00:00
9d63a73a-0f98-4881-9fed-028181256d60,b7a58a43-0e8a-4989-9cc2-a17e019034c8,radius_mi,1.0,42,2026-06-21T23:31:51+00:00
62b1b3e6-d00c-4a8a-b000-c0d0325eb297,b7a58a43-0e8a-4989-9cc2-a17e019034c8,same_zip,on,10,2026-06-21T23:31:55+00:00
f8a5b0e0-a462-498e-af00-ee5ba3b99fb6,bef562aa-7b99-4438-b976-0c3e350379ee,condition,used_fair,80,2026-06-22T04:17:38+00:00
4fb49e5f-81bc-44be-9043-135cb5c21eb4,bef562aa-7b99-4438-b976-0c3e350379ee,category,bikes_transport,10,2026-06-22T04:17:51+00:00
a9fd3e6c-bd2e-466f-a203-dd48b68f73af,bef562aa-7b99-4438-b976-0c3e350379ee,radius_mi,0.5,1,2026-06-22T04:18:53+00:00
f5d25a8e-fcb0-4be1-83c5-ab1af168647c,bef562aa-7b99-4438-b976-0c3e350379ee,condition,(cleared),7,2026-06-22T04:19:22+00:00
bfd2cf26-ba78-4c03-98a5-444244601066,bef562aa-7b99-4438-b976-0c3e350379ee,category,"bikes_transport,textbooks",22,2026-06-22T04:20:26+00:00
279e1573-241a-4d79-a73e-b1084b8dc27c,bef562aa-7b99-4438-b976-0c3e350379ee,category,"bikes_transport,electronics,textbooks",41,2026-06-22T04:21:15+00:00
d4fdc3f4-650d-429a-9dd8-2a809f3d4f8e,cbcba9e3-129e-437d-adc8-13aae5e788ac,category,sports,21,2026-06-22T12:29:34+00:00
1d613e9e-bf06-4250-b6ab-2f672d90db69,cbcba9e3-129e-437d-adc8-13aae5e788ac,radius_mi,2.5,21,2026-06-22T12:30:34+00:00
1715d9f3-1f42-4e73-b91c-65efd784ffe7,cbcba9e3-129e-437d-adc8-13aae5e788ac,condition,new,1,2026-06-22T12:30:41+00:00
eb77884a-5e86-4568-b0c4-a835f8cad5fd,32a7fe23-fa7e-4905-9afd-b6639736963d,radius_mi,1.0,276,2026-06-23T17:20:10+00:00
d058e088-291f-40db-8a06-0db1c56a23c8,32a7fe23-fa7e-4905-9afd-b6639736963d,condition,like_new,87,2026-06-23T17:21:24+00:00
6d638058-01cb-4fdf-b5fc-877f16fd4ae0,e2bc1752-1983-472e-bbd9-c6fae7cac58a,same_school,off,76,2026-06-24T02:57:59+00:00
1b4f6622-1443-4e7b-8767-8b5021268edf,e2bc1752-1983-472e-bbd9-c6fae7cac58a,same_zip,on,76,2026-06-24T02:58:22+00:00
f7787d23-9232-472c-a6b5-972bdf5e91b6,e2bc1752-1983-472e-bbd9-c6fae7cac58a,condition,used_fair,12,2026-06-24T02:58:59+00:00
da1c996e-10dc-4b00-a869-beb0248b0d12,e2bc1752-1983-472e-bbd9-c6fae7cac58a,radius_mi,10.0,12,2026-06-24T03:00:16+00:00
81d963b3-d05b-4da5-af29-5f2beb7aa3b4,e2bc1752-1983-472e-bbd9-c6fae7cac58a,same_school,on,1,2026-06-24T03:01:23+00:00
469326c2-0a4e-410b-8bd2-d616da26b5cf,8d5b08cd-a9b3-424d-b178-65d65f5998af,same_zip,off,526,2026-06-25T07:14:57+00:00
849704ac-1cfa-44ed-b52b-e79516821383,8d5b08cd-a9b3-424d-b178-65d65f5998af,same_school,on,100,2026-06-25T07:15:24+00:00
8fcc06fb-ace9-4411-942b-b203dc68567e,8d5b08cd-a9b3-424d-b178-65d65f5998af,radius_mi,1.0,66,2026-06-25T07:15:41+00:00
c25f913d-cad5-4ba0-b3c1-5a19d32ca84a,ad2f999d-f1b6-41a4-a695-aceb650a5b74,category,free_stuff,12,2026-06-25T07:53:17+00:00
a661e157-0560-4b2f-95af-d26d005a7ac3,ad2f999d-f1b6-41a4-a695-aceb650a5b74,category,"bikes_transport,free_stuff",45,2026-06-25T07:53:33+00:00
50e1768c-925e-48f2-82ea-75ba26bf8fff,ad2f999d-f1b6-41a4-a695-aceb650a5b74,radius_mi,1.0,33,2026-06-25T07:54:19+00:00
f18d02c3-2a36-46cc-a289-ca94a897f1c7,ad2f999d-f1b6-41a4-a695-aceb650a5b74,same_school,on,6,2026-06-25T07:55:47+00:00
557af835-dc7b-496d-890b-dae7ba78c9cd,75c13d9c-916c-4e76-9219-1fb1448b7789,condition,new,1,2026-06-25T17:27:24+00:00
08c20418-11cc-4782-b279-635d1ebb99ff,75c13d9c-916c-4e76-9219-1fb1448b7789,category,furniture,0,2026-06-25T17:28:33+00:00
ca95cb74-54be-4a6f-a595-aad007533c57,75c13d9c-916c-4e76-9219-1fb1448b7789,category,"furniture,kitchen_home",1,2026-06-25T17:29:08+00:00
d7cd4f97-87ee-4ffc-abc8-cf82a6b753df,75c13d9c-916c-4e76-9219-1fb1448b7789,same_nationality,on,1,2026-06-25T17:29:44+00:00
2cabb799-d208-4b88-8e77-4b6ac5334abf,75c13d9c-916c-4e76-9219-1fb1448b7789,category,"clothing,furniture,kitchen_home",1,2026-06-25T17:30:55+00:00
024adaeb-8508-43c9-a8c5-e68ad0304cca,45f130cc-34a3-4ca4-9ab0-3af07f0467c9,same_zip,on,277,2026-06-26T04:56:13+00:00
3f3186f7-b88a-4550-bf8d-9fc86e7e9f26,45f130cc-34a3-4ca4-9ab0-3af07f0467c9,same_school,on,30,2026-06-26T04:57:10+00:00
9f4b6ce9-f010-4ade-a15f-50b155148ca1,45f130cc-34a3-4ca4-9ab0-3af07f0467c9,same_zip,off,51,2026-06-26T04:58:31+00:00
6a9faf34-0511-43b5-a304-be092b2f8d10,45f130cc-34a3-4ca4-9ab0-3af07f0467c9,radius_mi,0.5,30,2026-06-26T04:58:59+00:00
221718db-12ec-46ba-89d1-950a137a836a,45f130cc-34a3-4ca4-9ab0-3af07f0467c9,category,clothing,1,2026-06-26T05:00:26+00:00
3e2e55d2-40d2-44ba-8655-ce9b5803df8a,37b056fd-db76-44e8-887c-28d49a739c21,same_zip,on,277,2026-06-26T16:01:20+00:00
b59974bf-0278-42bb-9713-a3c7a08f7e30,37b056fd-db76-44e8-887c-28d49a739c21,same_school,on,3,2026-06-26T16:02:50+00:00
41fe54bc-4749-416b-979d-74b88c9c245f,37b056fd-db76-44e8-887c-28d49a739c21,same_zip,off,16,2026-06-26T16:03:17+00:00
8dcd6fe2-d966-4998-bad0-c90486015695,37b056fd-db76-44e8-887c-28d49a739c21,category,bikes_transport,1,2026-06-26T16:04:24+00:00
0794b3fd-97c5-4e0d-bfae-88272c347ceb,37b056fd-db76-44e8-887c-28d49a739c21,same_zip,on,0,2026-06-26T16:05:39+00:00
dc60759d-680d-4c80-a6d8-c2147ecdc0ae,adcf5b0c-a9b8-4599-8c22-a281a999db7b,same_school,off,527,2026-06-27T01:51:33+00:00
2cc440f1-1317-47ad-b12c-606d8c353f21,adcf5b0c-a9b8-4599-8c22-a281a999db7b,condition,new,35,2026-06-27T01:52:50+00:00
2dabf84a-9cdc-4bcd-b782-96f79c40d102,adcf5b0c-a9b8-4599-8c22-a281a999db7b,radius_mi,5.0,41,2026-06-27T01:53:57+00:00
4208932e-bfe5-4b0c-adec-7a053d6dd06c,adcf5b0c-a9b8-4599-8c22-a281a999db7b,same_school,on,4,2026-06-27T01:54:57+00:00
94ad936d-ff5f-489e-9665-b6011687bf50,adcf5b0c-a9b8-4599-8c22-a281a999db7b,same_zip,on,1,2026-06-27T01:55:42+00:00
6c901fef-10e2-4662-8302-d888f9887ea6,adcf5b0c-a9b8-4599-8c22-a281a999db7b,same_nationality,on,1,2026-06-27T01:57:02+00:00
851c7966-4c74-4a6f-b63f-79e830140468,94b88316-7ce0-493b-8421-126aaef1e308,same_zip,off,525,2026-06-27T02:00:31+00:00
c6a24855-ed72-4876-8fb5-e89d3bb31667,94b88316-7ce0-493b-8421-126aaef1e308,same_nationality,on,179,2026-06-27T02:01:54+00:00
03a07a2e-1d81-4f64-b2ad-f19fa720d9d2,6423836f-839b-4455-9791-d85c98ea5f5f,category,kitchen_home,63,2026-06-27T15:19:12+00:00
2e8a4a5c-81d7-4944-af39-ead55276d3c4,6423836f-839b-4455-9791-d85c98ea5f5f,same_nationality,on,10,2026-06-27T15:19:22+00:00
1baf3044-783b-4506-91e3-5ca68b03f98e,6423836f-839b-4455-9791-d85c98ea5f5f,same_zip,on,0,2026-06-27T15:20:44+00:00
53b0387a-951a-46a5-8ab4-4227823c04c8,fee6b0c5-a98d-4b4e-a30d-2cb91bee01ea,same_school,on,108,2026-06-29T11:33:39+00:00
9d94fbcc-5e0d-4b1a-84ed-f577cc726ee2,fee6b0c5-a98d-4b4e-a30d-2cb91bee01ea,condition,used_fair,15,2026-06-29T11:34:13+00:00
afd705f8-34bf-4082-ac3e-887dd5226b1e,f3556539-5f35-4383-aa20-f0818d9b4d26,category,sports,0,2026-06-29T22:37:44+00:00
98a1ba6f-21ea-435a-832d-a11d589e2b86,f3556539-5f35-4383-aa20-f0818d9b4d26,same_school,off,3,2026-06-29T22:38:41+00:00
67f2506d-6861-4745-b61d-ea7874be1d9e,f3556539-5f35-4383-aa20-f0818d9b4d26,category,"electronics,sports",18,2026-06-29T22:39:09+00:00
f8119127-23d4-4e7a-8b38-bf140cd03f5e,f3556539-5f35-4383-aa20-f0818d9b4d26,condition,used_fair,2,2026-06-29T22:40:24+00:00
90a86e87-5e50-46ec-acf8-26176c8cd1cb,f3556539-5f35-4383-aa20-f0818d9b4d26,same_school,on,0,2026-06-29T22:40:57+00:00
aefca723-64ca-4d2e-a74f-4a2ef35e958c,006cf2a0-aba4-468e-933a-b50f8c76a23f,condition,used_fair,83,2026-06-30T04:44:15+00:00
92789cc5-acbc-4522-aff6-beba4fd20b49,006cf2a0-aba4-468e-933a-b50f8c76a23f,same_zip,on,42,2026-06-30T04:44:37+00:00
8f11337e-01ca-4bf6-b60a-33da57f72bca,006cf2a0-aba4-468e-933a-b50f8c76a23f,radius_mi,1.0,42,2026-06-30T04:45:43+00:00
78f8a7ef-3340-45d8-8754-fc3d60e9ba46,006cf2a0-aba4-468e-933a-b50f8c76a23f,category,textbooks,4,2026-06-30T04:46:07+00:00
4f49fc8f-3420-4a78-a661-2f7d1c27eddb,006cf2a0-aba4-468e-933a-b50f8c76a23f,condition,"new,used_fair",9,2026-06-30T04:46:39+00:00
d669bda4-5b0a-4455-80fa-b6908a1296d9,006cf2a0-aba4-468e-933a-b50f8c76a23f,same_zip,off,17,2026-06-30T04:47:04+00:00
c280e058-53f7-4f5d-b2bc-40939dafb1d4,8c0f035c-ed24-4e92-9e38-7d7562011845,radius_mi,5.0,586,2026-06-30T07:58:39+00:00
6068971d-3a3b-4d24-9f1b-89a1dd7ee6c7,8c0f035c-ed24-4e92-9e38-7d7562011845,same_nationality,on,6,2026-06-30T07:59:02+00:00
99745fb8-a29c-44f9-8506-a3725d711cc5,8c0f035c-ed24-4e92-9e38-7d7562011845,same_zip,on,5,2026-06-30T08:00:25+00:00
b57a3132-d2f6-46bc-8b4b-01d3ab9fd894,60e7746d-a14d-4134-a659-8644ea757f35,same_zip,on,2,2026-07-01T07:54:40+00:00
06248bb8-2e42-473b-8226-5ad2e347590c,60e7746d-a14d-4134-a659-8644ea757f35,same_zip,off,651,2026-07-01T07:55:59+00:00
d5226c54-e243-44e3-bb37-67ebe4edda6c,60e7746d-a14d-4134-a659-8644ea757f35,same_school,on,115,2026-07-01T07:57:03+00:00
387079ae-262d-4523-b53b-6ca527192bd7,60e7746d-a14d-4134-a659-8644ea757f35,same_zip,on,1,2026-07-01T07:58:00+00:00
427d0e01-4330-4a65-b334-b7440e715301,60e7746d-a14d-4134-a659-8644ea757f35,same_zip,off,115,2026-07-01T07:58:06+00:00
f7a8c702-1ecb-46b6-86ba-e66c270216a1,60e7746d-a14d-4134-a659-8644ea757f35,radius_mi,1.0,1,2026-07-01T07:59:23+00:00
58e85296-81da-43db-acb6-26aecdf8fc31,1c0c4b2f-60d7-4b18-b6d0-96a64e9d85cf,same_zip,on,280,2026-07-01T13:05:38+00:00
a4d20fc1-33a5-43a7-ad91-194c06b944a4,1c0c4b2f-60d7-4b18-b6d0-96a64e9d85cf,condition,new,15,2026-07-01T13:05:56+00:00
2e7a806a-8a33-4e6f-9a82-784c408581b8,1c0c4b2f-60d7-4b18-b6d0-96a64e9d85cf,same_school,on,1,2026-07-01T13:06:02+00:00
fe2a747f-1c2e-44e7-baf7-06af5891fc2e,1c0c4b2f-60d7-4b18-b6d0-96a64e9d85cf,condition,(cleared),31,2026-07-01T13:07:17+00:00
5b498637-97ec-4881-9fa8-f8be55a047d1,1c0c4b2f-60d7-4b18-b6d0-96a64e9d85cf,radius_mi,1.0,31,2026-07-01T13:08:18+00:00
2da14a86-496f-43c7-96e5-feaa3c4e7178,1c0c4b2f-60d7-4b18-b6d0-96a64e9d85cf,radius_mi,10.0,31,2026-07-01T13:09:31+00:00
c70b7d8d-0d9b-450e-a438-b16c3e02a206,cd268b95-fdcb-48b9-84de-2a4aac209d46,same_zip,on,281,2026-07-02T08:33:27+00:00
13828412-ee47-4c8a-b486-82426a2f3bcb,cd268b95-fdcb-48b9-84de-2a4aac209d46,category,textbooks,56,2026-07-02T08:33:59+00:00
6b8fa5f5-851a-4db3-b861-0e98b2ce8d19,cd268b95-fdcb-48b9-84de-2a4aac209d46,same_school,on,8,2026-07-02T08:35:20+00:00
d5c6cad4-d06c-43a6-b00f-c9d977022986,cd268b95-fdcb-48b9-84de-2a4aac209d46,condition,like_new,2,2026-07-02T08:36:08+00:00
ce34424f-c7aa-4765-8b32-92dbb294f76f,dc64b030-9ad0-4b7f-aa39-1ea19decb440,category,furniture,141,2026-07-02T11:24:15+00:00
25f4e6b0-a53a-475f-bfe2-cdb9253aa7da,dc64b030-9ad0-4b7f-aa39-1ea19decb440,same_nationality,on,0,2026-07-02T11:25:15+00:00
95b51592-db36-4750-9d0c-3bfa83cfe85a,dc64b030-9ad0-4b7f-aa39-1ea19decb440,category,(cleared),3,2026-07-02T11:25:43+00:00
eb658806-4498-4891-9a86-dea545d7a1fb,ef913d79-c307-422d-acd9-5e72bbadb9e9,same_school,on,54,2026-07-03T09:00:55+00:00
a77d40f8-1031-4fb1-8205-d926827f7eae,ef913d79-c307-422d-acd9-5e72bbadb9e9,same_nationality,on,15,2026-07-03T09:01:38+00:00
929bfd23-9132-42ac-949f-079b3eae3245,ef913d79-c307-422d-acd9-5e72bbadb9e9,radius_mi,2.5,15,2026-07-03T09:02:21+00:00
be9fa7c0-498c-47c1-bc2d-f9075afef43b,ef913d79-c307-422d-acd9-5e72bbadb9e9,condition,used_fair,2,2026-07-03T09:03:30+00:00
4df4f1ec-2767-45f8-b4a9-fb345e6d1c6e,ef913d79-c307-422d-acd9-5e72bbadb9e9,radius_mi,2.5,2,2026-07-03T09:04:02+00:00
4f826c13-6ee0-4450-b17d-8ff6bbd56789,f74c5434-3a39-4dc9-8fd0-1b4de52cff6b,same_school,on,69,2026-07-03T15:43:13+00:00
4b8b8cd3-cbc0-44b7-8a74-b77e7d4423df,f74c5434-3a39-4dc9-8fd0-1b4de52cff6b,same_nationality,on,8,2026-07-03T15:43:44+00:00
7386984a-5d57-43fc-86b7-33b8ba7da35c,f74c5434-3a39-4dc9-8fd0-1b4de52cff6b,radius_mi,2.5,8,2026-07-03T15:44:28+00:00
a9b6162d-9478-40ca-b699-57fba83cdc49,f74c5434-3a39-4dc9-8fd0-1b4de52cff6b,same_nationality,off,69,2026-07-03T15:45:39+00:00
59dbe35a-e377-4651-89b1-42a4811b252f,f74c5434-3a39-4dc9-8fd0-1b4de52cff6b,condition,like_new,20,2026-07-03T15:45:57+00:00
82043a47-3d8d-4500-816a-4cf1198c9186,92b26b2d-f521-4368-bfd5-7368f4d4b7d2,category,kitchen_home,0,2026-07-04T01:12:18+00:00
032bf3f5-9cb5-4244-bb54-5304cfc7686e,92b26b2d-f521-4368-bfd5-7368f4d4b7d2,same_nationality,off,0,2026-07-04T01:13:44+00:00
7083d2fa-1eb4-4a42-8194-559a743d3e7d,76948275-fc48-4c3e-b731-4436f90cd800,radius_mi,1.0,19,2026-07-04T02:58:01+00:00
dcc740c8-66fb-4afb-bda1-9eb3566b4920,76948275-fc48-4c3e-b731-4436f90cd800,condition,like_new,7,2026-07-04T02:58:48+00:00
22d327e8-4c6c-43ca-ac40-c33b39c69a36,76948275-fc48-4c3e-b731-4436f90cd800,condition,"like_new,new",8,2026-07-04T03:00:12+00:00
55bad7b2-e16f-4cea-b152-c99a9e7adef3,76948275-fc48-4c3e-b731-4436f90cd800,category,furniture,1,2026-07-04T03:00:16+00:00
399efc02-838b-44a2-97c2-cebcd7855592,e81d0345-b7a4-4bc0-82b3-de121ed5ff87,radius_mi,10.0,284,2026-07-04T14:03:55+00:00
0da7d3d0-17fc-4ffc-baf0-d39a2165a0df,e81d0345-b7a4-4bc0-82b3-de121ed5ff87,category,free_stuff,9,2026-07-04T14:04:40+00:00
90bc994e-b281-4922-aee2-a94b908b4422,e81d0345-b7a4-4bc0-82b3-de121ed5ff87,radius_mi,10.0,9,2026-07-04T14:05:53+00:00
fba5266b-660c-4a74-853d-bf30a2b8cf4a,e81d0345-b7a4-4bc0-82b3-de121ed5ff87,radius_mi,0.5,9,2026-07-04T14:06:06+00:00
0e49c353-3b8f-44a4-9e2f-eabdc3c82c50,e81d0345-b7a4-4bc0-82b3-de121ed5ff87,same_school,on,1,2026-07-04T14:06:32+00:00
224ab307-b9fc-410d-9981-243ef0931f53,e81d0345-b7a4-4bc0-82b3-de121ed5ff87,radius_mi,2.5,1,2026-07-04T14:07:39+00:00
e6f37e9f-6dc9-4574-acfa-16dac327b0e8,c51745ca-bb03-4bea-9828-f74363cb7a4b,category,textbooks,108,2026-07-04T16:39:00+00:00
2dc7d317-8a86-4c5b-99e2-c71d938b9547,c51745ca-bb03-4bea-9828-f74363cb7a4b,same_school,on,24,2026-07-04T16:40:24+00:00
6f2361d4-228b-4551-83a0-e4a18e0af634,2b5aabb3-5cdf-46b4-8f6a-8a44166635e6,same_zip,on,1,2026-07-05T09:43:50+00:00
5256d7e6-ac31-46ea-86a3-22b26b28dc82,2b5aabb3-5cdf-46b4-8f6a-8a44166635e6,same_nationality,off,9,2026-07-05T09:43:58+00:00
bf4bccc6-f4d1-4588-a549-b3f9ed334b1e,2b5aabb3-5cdf-46b4-8f6a-8a44166635e6,same_zip,off,396,2026-07-05T09:44:55+00:00
8aef7e63-170f-4e35-a80c-d94fbf69ed0a,2b5aabb3-5cdf-46b4-8f6a-8a44166635e6,same_nationality,on,134,2026-07-05T09:44:58+00:00
9c897c1a-b50e-40a8-b3f8-dd68dd6f9363,081ff1ec-6b6e-4345-b592-685440228bd4,category,furniture,166,2026-07-06T03:12:48+00:00
f6335453-3dd3-4bbd-a420-6bd33f80e8d3,081ff1ec-6b6e-4345-b592-685440228bd4,condition,used_good,90,2026-07-06T03:13:36+00:00
c3c516e8-c8bd-45d7-a90b-190fd1b1485c,081ff1ec-6b6e-4345-b592-685440228bd4,radius_mi,2.5,90,2026-07-06T03:15:05+00:00
bc974de2-b81b-4d25-b981-f5d3bd771659,081ff1ec-6b6e-4345-b592-685440228bd4,category,"electronics,furniture",130,2026-07-06T03:16:09+00:00
bffae0a3-f98d-4f95-8d2b-55527a27f5f1,081ff1ec-6b6e-4345-b592-685440228bd4,radius_mi,0.5,23,2026-07-06T03:17:37+00:00
aebd0f07-c437-4426-966f-7bd9ba10161a,f7318ac8-5529-4cd7-98ea-c6b5c629b8b2,radius_mi,1.0,32,2026-07-06T05:58:41+00:00
c063eeb8-6f0b-4335-b807-16fddf34467c,f7318ac8-5529-4cd7-98ea-c6b5c629b8b2,same_zip,on,13,2026-07-06T05:59:50+00:00
be2a1fb6-4aef-48b9-9827-314751377a2e,b79ed613-8b3e-476e-8337-9d3542f26656,same_zip,on,16,2026-07-06T12:08:51+00:00
c33cbbcc-4893-4de2-902f-b79a36a67260,b79ed613-8b3e-476e-8337-9d3542f26656,same_zip,off,41,2026-07-06T12:10:00+00:00
c73a79d2-b30f-4bfe-8f86-d78966ff1951,b79ed613-8b3e-476e-8337-9d3542f26656,condition,used_fair,5,2026-07-06T12:11:14+00:00
d0da6281-e019-4a7b-bead-82b4b04c0984,b79ed613-8b3e-476e-8337-9d3542f26656,condition,"like_new,used_fair",17,2026-07-06T12:11:39+00:00
8a370167-58ee-46bb-b03a-a8ddc536de43,b79ed613-8b3e-476e-8337-9d3542f26656,same_nationality,on,9,2026-07-06T12:12:27+00:00
9640b3fe-2704-43ed-b4c5-d37f6e39650c,b79ed613-8b3e-476e-8337-9d3542f26656,condition,used_fair,3,2026-07-06T12:13:08+00:00
d1990628-bb68-4141-952b-deaec9aa08a9,e984c74d-dd4a-466b-b93f-7f517e76b6c7,radius_mi,1.0,402,2026-07-06T21:16:17+00:00
10a35270-9482-45fe-baa7-8aa607ffd089,e984c74d-dd4a-466b-b93f-7f517e76b6c7,category,kitchen_home,48,2026-07-06T21:16:28+00:00
f1a812cf-09a2-432c-ba5f-e826f729b1e8,e984c74d-dd4a-466b-b93f-7f517e76b6c7,radius_mi,10.0,80,2026-07-06T21:17:02+00:00
d3d9197a-67d2-4f42-b56c-f4c626e8904e,e984c74d-dd4a-466b-b93f-7f517e76b6c7,same_school,on,13,2026-07-06T21:18:11+00:00
c5f9ca59-b3bc-4185-8517-297a76fb1d5b,6b83a412-875d-4f35-8ce5-9a2c67a093f6,same_zip,on,100,2026-07-08T06:21:45+00:00
ee69eaa6-e4af-4cd4-b4e9-6a80f6340f03,6b83a412-875d-4f35-8ce5-9a2c67a093f6,same_nationality,on,37,2026-07-08T06:22:49+00:00
1ac95b05-e0f2-4100-8fc8-bb8344ed74b7,6b83a412-875d-4f35-8ce5-9a2c67a093f6,category,furniture,11,2026-07-08T06:23:13+00:00
78eb9086-c870-492e-a9a4-30b16ac4fd75,6b83a412-875d-4f35-8ce5-9a2c67a093f6,same_school,on,2,2026-07-08T06:23:47+00:00
cae4173b-2847-4a65-bdc6-a4427a689247,6b83a412-875d-4f35-8ce5-9a2c67a093f6,same_nationality,off,9,2026-07-08T06:24:57+00:00
65120e38-a8da-470e-9ecb-291d250bbe50,9ce8ad86-b5f1-4d08-a8d6-d8b25b7f8f86,category,electronics,70,2026-07-08T14:35:53+00:00
d9c80f6a-298b-478a-9368-05eddbaec33d,9ce8ad86-b5f1-4d08-a8d6-d8b25b7f8f86,same_school,on,14,2026-07-08T14:37:17+00:00
0f06b969-d77e-4a4c-80f9-cfe30086cd45,9ce8ad86-b5f1-4d08-a8d6-d8b25b7f8f86,radius_mi,1.0,10,2026-07-08T14:37:31+00:00
bb2887ed-6c81-48bf-b5a5-1b2b4722db1d,9ce8ad86-b5f1-4d08-a8d6-d8b25b7f8f86,same_school,off,51,2026-07-08T14:37:34+00:00
eee80f1c-17ae-44de-ab09-303d046e083f,9ce8ad86-b5f1-4d08-a8d6-d8b25b7f8f86,same_nationality,on,19,2026-07-08T14:38:10+00:00
307362ec-f334-44d7-84bf-051967467e33,9ce8ad86-b5f1-4d08-a8d6-d8b25b7f8f86,condition,used_fair,1,2026-07-08T14:39:36+00:00
7994facd-8981-4171-93c8-9628b2303b3f,e7f25965-2024-4c9f-a575-caa1e7bc13df,radius_mi,1.0,121,2026-07-08T17:17:02+00:00
2754ea5e-079f-42d4-bf5f-88de0b185bec,e7f25965-2024-4c9f-a575-caa1e7bc13df,same_nationality,on,39,2026-07-08T17:17:19+00:00
9a68504c-6bdc-4c9d-90a2-540f2d4df022,e7f25965-2024-4c9f-a575-caa1e7bc13df,same_nationality,off,121,2026-07-08T17:18:24+00:00
8a48d3d3-82e4-4074-8cf9-0d0d6a474659,e7f25965-2024-4c9f-a575-caa1e7bc13df,condition,like_new,28,2026-07-08T17:18:40+00:00
01620adc-422d-4990-9187-6e14a891f07d,e7f25965-2024-4c9f-a575-caa1e7bc13df,condition,"like_new,new",41,2026-07-08T17:18:51+00:00
ae240ddc-4ce7-4ef0-a36c-848cdd5a0f9c,e554a849-75b4-42ad-ab34-0b8fc1a7f349,same_school,on,0,2026-07-10T16:54:26+00:00
45bd0588-4313-44d7-953c-9c3094d92c63,e554a849-75b4-42ad-ab34-0b8fc1a7f349,same_school,off,1,2026-07-10T16:54:35+00:00
ebc809f8-0212-42a5-ba1b-929fce5134f9,e554a849-75b4-42ad-ab34-0b8fc1a7f349,condition,used_good,1,2026-07-10T16:55:16+00:00
69fa9919-4a1d-4765-8cc7-a9c3f5507663,e554a849-75b4-42ad-ab34-0b8fc1a7f349,condition,"like_new,used_good",1,2026-07-10T16:56:45+00:00
2ca5bcb3-c6e2-4258-bb15-8a8bab02dd79,e554a849-75b4-42ad-ab34-0b8fc1a7f349,condition,like_new,0,2026-07-10T16:57:07+00:00
03adfee3-cc04-49d6-915d-5a472a89e22f,e5b05247-d5c5-41cb-bf08-a56d351e6242,radius_mi,1.0,405,2026-07-10T23:40:21+00:00
b8480588-2bc0-4e95-b746-5195bf455545,e5b05247-d5c5-41cb-bf08-a56d351e6242,same_school,on,44,2026-07-10T23:41:39+00:00
405933ad-80e6-4072-9545-6ef68be00e4d,df691f30-136a-487c-b5bc-1071c74717ae,condition,used_good,83,2026-07-13T11:19:24+00:00
9ba49db1-ac90-4e21-b269-1cd31b6dce30,df691f30-136a-487c-b5bc-1071c74717ae,radius_mi,0.5,2,2026-07-13T11:19:53+00:00
c328874a-4c0a-4d47-a12a-3b59105e59fd,df691f30-136a-487c-b5bc-1071c74717ae,radius_mi,2.5,83,2026-07-13T11:20:44+00:00
79d917b3-71db-4bd4-8e51-47124a98424e,df691f30-136a-487c-b5bc-1071c74717ae,same_nationality,on,30,2026-07-13T11:21:11+00:00
b8b6352c-f537-455e-8539-eae469d1e822,df691f30-136a-487c-b5bc-1071c74717ae,same_zip,on,1,2026-07-13T11:21:50+00:00
8b3899bd-9f99-4d5b-94fe-158a19a47a6a,df691f30-136a-487c-b5bc-1071c74717ae,category,furniture,0,2026-07-13T11:22:04+00:00
221d339f-7f4d-4dfb-b545-11d00915541b,5f6d993c-4bf7-46a7-97c5-66326662827a,category,electronics,70,2026-07-14T06:26:30+00:00
a29877fa-04f3-4687-9aca-7da71667fabd,5f6d993c-4bf7-46a7-97c5-66326662827a,radius_mi,0.5,26,2026-07-14T06:27:36+00:00
eb0cc602-8499-4a4e-9a9b-4ba5cd830c57,5f6d993c-4bf7-46a7-97c5-66326662827a,condition,used_good,13,2026-07-14T06:28:37+00:00
3b9e133c-65a9-4f14-9189-996ae79eac48,c826c699-c25f-4e45-bc9a-8ef83d1a94fb,category,electronics,71,2026-07-14T11:57:03+00:00
7d12fd70-1d43-491c-b992-215932a9a874,c826c699-c25f-4e45-bc9a-8ef83d1a94fb,same_nationality,on,26,2026-07-14T11:57:42+00:00
48cdd613-e6b5-48de-bb86-c88c9f5c6070,c826c699-c25f-4e45-bc9a-8ef83d1a94fb,category,"electronics,furniture",78,2026-07-14T11:58:31+00:00
ac9e71d9-85f2-4e31-8a84-b4f731370381,c826c699-c25f-4e45-bc9a-8ef83d1a94fb,condition,new,2,2026-07-14T11:58:37+00:00
4ecb8f94-74a1-4551-95dc-b8052faf2902,b2d72011-02df-4d85-8d8c-9c12e9aa4b3a,same_school,on,1,2026-07-14T12:00:19+00:00
f89d9dc9-ca9a-4a4c-9ed7-0ba58e8ceec0,b2d72011-02df-4d85-8d8c-9c12e9aa4b3a,category,kitchen_home,0,2026-07-14T12:01:49+00:00
92529679-051b-49e6-9e66-0aa9b5725c7d,36d2e780-1eb8-4905-beb8-e2ebc5c6adb1,same_zip,on,289,2026-07-14T19:53:14+00:00
6d4db119-13ef-49ff-ad37-101164b8c13c,36d2e780-1eb8-4905-beb8-e2ebc5c6adb1,same_nationality,on,61,2026-07-14T19:54:28+00:00
ccf7e488-3824-4bc2-909f-22a19e42f73a,36d2e780-1eb8-4905-beb8-e2ebc5c6adb1,radius_mi,1.0,61,2026-07-14T19:55:48+00:00
cec384df-17bd-4c68-b23c-e15be2542385,36d2e780-1eb8-4905-beb8-e2ebc5c6adb1,same_zip,off,74,2026-07-14T19:56:52+00:00
76cb6e7c-b097-4767-b523-819cf02ab272,f1c36ffc-5fa2-4aa1-a227-7f0aafef70d4,radius_mi,5.0,607,2026-07-14T22:37:39+00:00
7eec2620-5543-4c67-b6f1-9d094df160f5,f1c36ffc-5fa2-4aa1-a227-7f0aafef70d4,same_zip,on,289,2026-07-14T22:38:53+00:00
269e670c-ff5c-4b9d-8f98-0b2ea162158b,f1c36ffc-5fa2-4aa1-a227-7f0aafef70d4,same_nationality,on,35,2026-07-14T22:40:02+00:00
6d67d069-78fc-47f5-8526-2d1b83797f49,f1c36ffc-5fa2-4aa1-a227-7f0aafef70d4,radius_mi,2.5,35,2026-07-14T22:41:14+00:00
1ba372d7-ed04-42ec-80cc-508df8d48940,f1c36ffc-5fa2-4aa1-a227-7f0aafef70d4,same_nationality,off,289,2026-07-14T22:42:03+00:00
fbef1dd7-a32d-4e83-9c1f-abbf64c14c89,29f2c43b-7cbe-420a-a7cb-2ede9cf6dd4c,condition,like_new,18,2026-07-15T03:25:26+00:00
b9affb83-d909-4cc8-ac38-dcf753d80880,29f2c43b-7cbe-420a-a7cb-2ede9cf6dd4c,same_nationality,on,0,2026-07-15T03:26:31+00:00
6be2d0f5-fda9-4463-9f89-fcc39ba728a0,29f2c43b-7cbe-420a-a7cb-2ede9cf6dd4c,radius_mi,2.5,0,2026-07-15T03:26:45+00:00
92fb6ce6-d2e1-4aa1-a9c5-b0a1832e37a7,85a05a4b-ce52-43cf-8433-02a2cad529e1,same_nationality,on,22,2026-07-15T12:11:04+00:00
09cb867b-cf59-4ae7-8b73-d5371516b259,85a05a4b-ce52-43cf-8433-02a2cad529e1,same_school,on,13,2026-07-15T12:11:13+00:00
3f444dd9-0dfd-40bc-b275-a1af55d4fa13,85a05a4b-ce52-43cf-8433-02a2cad529e1,condition,used_fair,3,2026-07-15T12:11:52+00:00
18fec0be-f89c-45f7-94a9-e9e8b59cc611,85a05a4b-ce52-43cf-8433-02a2cad529e1,same_nationality,off,16,2026-07-15T12:12:58+00:00
ac553941-2689-4486-b743-d4775df31e23,85a05a4b-ce52-43cf-8433-02a2cad529e1,same_school,off,86,2026-07-15T12:14:12+00:00
6d50f827-a167-4b18-b44e-bee3452ae400,bf2e373c-d8de-4aa0-acb8-d8df0b844ebd,same_nationality,off,564,2026-07-16T00:29:32+00:00
819e03a2-7985-4e09-ab56-e980b7e7dd25,bf2e373c-d8de-4aa0-acb8-d8df0b844ebd,radius_mi,0.5,17,2026-07-16T00:29:46+00:00
cdc98ddb-3b3e-42d1-a47e-a97c866fd8a7,469cafcd-e935-4706-a180-dbcf0d46cd05,same_nationality,on,187,2026-07-16T14:13:58+00:00
8be8c5b6-de8d-4c68-b87e-bf2fc940dd02,469cafcd-e935-4706-a180-dbcf0d46cd05,same_nationality,off,561,2026-07-16T14:15:18+00:00
41a924bf-8309-4ba9-9025-41833f4e7e93,469cafcd-e935-4706-a180-dbcf0d46cd05,same_zip,on,289,2026-07-16T14:15:31+00:00
cc95f553-a3c4-47a0-8e82-c40341f6a6fa,469cafcd-e935-4706-a180-dbcf0d46cd05,radius_mi,2.5,289,2026-07-16T14:17:01+00:00
0723f511-d0b5-46d6-8827-df7e6aef7ab1,469cafcd-e935-4706-a180-dbcf0d46cd05,radius_mi,2.5,289,2026-07-16T14:17:38+00:00
9fe72e98-06ae-4f83-92ab-75f48212d147,469cafcd-e935-4706-a180-dbcf0d46cd05,category,free_stuff,9,2026-07-16T14:19:04+00:00
1e0d8683-1cfb-4d0a-a265-b8973b94d4b2,b22f58da-fef5-4d8b-9629-3058c5211605,same_nationality,off,37,2026-07-17T10:44:10+00:00
120a42d7-f0de-406c-a84b-ad816e2bee5e,b22f58da-fef5-4d8b-9629-3058c5211605,same_zip,on,2,2026-07-17T10:45:30+00:00
6cda1135-ea92-46d8-8202-a941c9c5f63f,b22f58da-fef5-4d8b-9629-3058c5211605,condition,used_good,0,2026-07-17T10:45:42+00:00
7875b552-e5be-47ba-bf9c-df2cf40874ac,b22f58da-fef5-4d8b-9629-3058c5211605,condition,"like_new,used_good",1,2026-07-17T10:46:26+00:00
5bad1e07-49b2-40fd-ae4a-b501d79faf2e,630fe4a8-7f3f-4f97-93c1-03feb895bbd5,same_school,on,2,2026-07-18T04:30:15+00:00
da5fe7a0-804c-46bd-921d-b4182cc7e7cf,630fe4a8-7f3f-4f97-93c1-03feb895bbd5,category,clothing,0,2026-07-18T04:31:32+00:00
5b84324f-f9c8-4e22-b071-f04a6a57c4df,630fe4a8-7f3f-4f97-93c1-03feb895bbd5,same_zip,on,0,2026-07-18T04:32:29+00:00
51c744f2-dd47-4557-8c26-00eb6d5a35d2,630fe4a8-7f3f-4f97-93c1-03feb895bbd5,same_school,off,0,2026-07-18T04:33:20+00:00
80599e1e-b8b1-4cd4-9734-74ad1a0be73a,4eb375d1-e150-4235-aed3-d4483dba1cfa,same_school,on,108,2026-07-18T06:04:54+00:00
983ce514-c49c-4dbe-a232-10adbc1fb679,4eb375d1-e150-4235-aed3-d4483dba1cfa,same_school,off,563,2026-07-18T06:05:26+00:00
a4101288-ab0b-482e-a6b3-5bf4055a1e72,4eb375d1-e150-4235-aed3-d4483dba1cfa,category,bikes_transport,37,2026-07-18T06:05:38+00:00
fa09a4bb-f408-45da-a3e6-c020fb3fab19,373c37e3-0e01-4319-81cb-158d1344da99,condition,new,6,2026-07-19T01:30:04+00:00
f3b23804-2485-48a1-9f01-a939e4c3b8eb,373c37e3-0e01-4319-81cb-158d1344da99,same_school,on,1,2026-07-19T01:30:20+00:00
1cd932c7-aac4-4f3b-a037-b35f8a2c5dc5,373c37e3-0e01-4319-81cb-158d1344da99,condition,"new,used_fair",2,2026-07-19T01:31:47+00:00
ac5494a8-f01b-48ca-8c49-1511011e6337,373c37e3-0e01-4319-81cb-158d1344da99,condition,"like_new,new,used_fair",5,2026-07-19T01:31:54+00:00
344e26eb-d42c-4251-a973-b22f574a8474,373c37e3-0e01-4319-81cb-158d1344da99,same_zip,on,1,2026-07-19T01:32:01+00:00
050de2c5-447c-4f37-ace7-556871df893a,373c37e3-0e01-4319-81cb-158d1344da99,condition,"like_new,new,used_fair,used_good",1,2026-07-19T01:33:21+00:00
ab2d07b5-bf92-4bab-93c1-fda850898a58,38736e97-8380-4bc8-9d40-b95a6d5761ef,same_school,on,3,2026-07-19T23:32:39+00:00
3284d56d-abe6-4aad-931b-142e9a40b165,38736e97-8380-4bc8-9d40-b95a6d5761ef,condition,like_new,2,2026-07-19T23:33:00+00:00
b57c07c7-2ebc-49c6-86ef-337d3b6177ea,38736e97-8380-4bc8-9d40-b95a6d5761ef,same_zip,on,1,2026-07-19T23:33:56+00:00
3c95dd20-00d4-4612-9abb-53435fa3f7eb,38736e97-8380-4bc8-9d40-b95a6d5761ef,category,free_stuff,0,2026-07-19T23:34:18+00:00
9213ddde-ae7e-4388-a05c-fbf5123da300,c83332b4-6631-4d8a-bf55-d7b4da6ef7d5,same_zip,on,5,2026-07-20T04:25:12+00:00
7ba7fc34-256d-47f8-a269-cff96399e6c8,c83332b4-6631-4d8a-bf55-d7b4da6ef7d5,same_school,on,1,2026-07-20T04:26:17+00:00
7b8b64b6-96e4-4f03-b9b5-94a2390e35bf,c83332b4-6631-4d8a-bf55-d7b4da6ef7d5,category,clothing,0,2026-07-20T04:27:23+00:00
9ecd72c8-4389-4402-913d-9462dc4104e5,c83332b4-6631-4d8a-bf55-d7b4da6ef7d5,same_zip,off,0,2026-07-20T04:28:33+00:00
24417282-8ec0-4258-b550-1587c29df04e,c83332b4-6631-4d8a-bf55-d7b4da6ef7d5,condition,used_fair,0,2026-07-20T04:28:41+00:00
6bbb6c48-5416-4bbc-b0b6-a1450649b3dd,b3a19bd7-50cb-456c-b659-629d5699c870,category,furniture,53,2026-07-20T08:16:40+00:00
f88cc7cb-1692-4257-b4dd-702e175ccc74,b3a19bd7-50cb-456c-b659-629d5699c870,same_nationality,off,169,2026-07-20T08:17:34+00:00
e0fa08fa-46e0-4611-9c7d-916852283ebd,b3a19bd7-50cb-456c-b659-629d5699c870,same_school,on,39,2026-07-20T08:18:45+00:00
a3ea8331-c8fd-49b2-b68d-3086b6381bf3,b3a19bd7-50cb-456c-b659-629d5699c870,same_nationality,on,14,2026-07-20T08:19:58+00:00
bd9a5f45-6730-49bb-a1ca-568f8d83bab1,6f5ed66e-e07b-48ed-b59a-b63d714e545e,same_zip,on,79,2026-07-20T09:05:45+00:00
027db91f-6c6c-4e1f-ade9-a28c55244e1d,6f5ed66e-e07b-48ed-b59a-b63d714e545e,same_zip,off,556,2026-07-20T09:06:38+00:00
d04dd8ad-2a44-472e-92cc-22b486a0d9e7,6f5ed66e-e07b-48ed-b59a-b63d714e545e,condition,like_new,153,2026-07-20T09:07:56+00:00
2dacd38f-e462-4a3c-9d61-6c514ac51aca,6f5ed66e-e07b-48ed-b59a-b63d714e545e,same_zip,on,19,2026-07-20T09:08:28+00:00
5505eaca-e65c-4385-88d4-8c4a8c6a6c96,4baa25b9-1700-4782-a80b-d9e663939f70,condition,like_new,155,2026-07-20T09:11:16+00:00
ec253181-43ae-4c5f-9c30-71b20c1d6a72,4baa25b9-1700-4782-a80b-d9e663939f70,radius_mi,0.5,90,2026-07-20T09:12:35+00:00
a8e00b65-bbf4-49f1-8001-0c8e06c84bff,4baa25b9-1700-4782-a80b-d9e663939f70,category,free_stuff,1,2026-07-20T09:13:03+00:00
ca740a7c-ed5c-43be-a56d-dcb721362f7b,89d77857-c92a-42dd-af96-5df74aa05d59,same_school,on,0,2026-07-20T16:12:05+00:00
22de187f-e74a-485e-ae67-733f2e7e8d5e,89d77857-c92a-42dd-af96-5df74aa05d59,radius_mi,2.5,0,2026-07-20T16:12:19+00:00
53b64eaf-2913-4951-8bb7-b3fdf39ce646,89d77857-c92a-42dd-af96-5df74aa05d59,same_school,off,27,2026-07-20T16:13:13+00:00
e66c46e4-d24c-465a-a8aa-7b1321c6df18,fddcb198-bf64-4afe-a7ba-49b9d8c59c2d,category,furniture,169,2026-07-21T00:10:12+00:00
3ef45f6f-5e42-402e-af94-46a68d423281,fddcb198-bf64-4afe-a7ba-49b9d8c59c2d,same_nationality,on,13,2026-07-21T00:10:17+00:00
ea46f43b-dcc2-42d1-a91e-74f8eca81ea2,fddcb198-bf64-4afe-a7ba-49b9d8c59c2d,radius_mi,2.5,13,2026-07-21T00:10:41+00:00
6c80b9d4-3a97-42e1-aba3-c5d5251083ff,fddcb198-bf64-4afe-a7ba-49b9d8c59c2d,category,"furniture,textbooks",18,2026-07-21T00:10:54+00:00
41117266-35b7-4abe-80ac-f3abce0560e8,caf7efc4-3973-492b-abf8-2af2f0caa4ef,category,free_stuff,17,2026-07-21T05:27:54+00:00
3e865b23-cd6b-4592-8470-ec978ac75a45,caf7efc4-3973-492b-abf8-2af2f0caa4ef,radius_mi,2.5,14,2026-07-21T05:29:21+00:00
aae6e913-8a9d-41e0-b570-898ae2e86693,caf7efc4-3973-492b-abf8-2af2f0caa4ef,same_zip,on,0,2026-07-21T05:29:35+00:00
58c82645-be07-4c06-ae6f-cef8e5ce3d9a,caf7efc4-3973-492b-abf8-2af2f0caa4ef,category,"electronics,free_stuff",1,2026-07-21T05:29:53+00:00
2de35a72-7ccc-4b0c-b184-b77fac546421,8fa42630-14d9-4824-8c8d-b2642218ce75,same_zip,on,63,2026-07-21T23:49:32+00:00
7995f8c1-253f-4a64-949c-27fa4a87eab5,8fa42630-14d9-4824-8c8d-b2642218ce75,radius_mi,5.0,63,2026-07-21T23:49:57+00:00
46a56e7c-5471-451a-b16c-b999f68b3345,8fa42630-14d9-4824-8c8d-b2642218ce75,category,textbooks,12,2026-07-21T23:51:13+00:00
161f71b7-2778-4937-af73-a9a569202519,8fa42630-14d9-4824-8c8d-b2642218ce75,same_nationality,on,6,2026-07-21T23:52:19+00:00
09fa1127-b0ee-48da-9ec3-00da301c9719,f1a0ec25-92c1-456d-bc62-93f211e3df90,category,clothing,66,2026-07-22T03:17:37+00:00
20ef92e4-2dd7-42e8-af35-1c9fdf681569,f1a0ec25-92c1-456d-bc62-93f211e3df90,same_school,on,7,2026-07-22T03:18:55+00:00
35ddbf57-26c3-4168-9684-9cfae693b18b,3aed15aa-f84b-4807-aa3d-ed685d555290,same_nationality,on,1,2026-07-22T03:57:31+00:00
987a3ec8-7b8f-4bef-9753-c324f5692400,3aed15aa-f84b-4807-aa3d-ed685d555290,same_zip,on,0,2026-07-22T03:57:55+00:00
f5a98750-0b6f-499f-810b-a998066f6e7c,3aed15aa-f84b-4807-aa3d-ed685d555290,same_zip,off,1,2026-07-22T03:58:24+00:00
aef2b33c-5fb3-46d8-bfad-091f53c760c4,3aed15aa-f84b-4807-aa3d-ed685d555290,same_school,on,0,2026-07-22T03:59:30+00:00
993f0230-6d49-4bd1-90a6-e6855688dab7,3aed15aa-f84b-4807-aa3d-ed685d555290,condition,new,0,2026-07-22T04:00:36+00:00
82c18360-d64d-4058-8b7b-5505c4682acb,3aed15aa-f84b-4807-aa3d-ed685d555290,condition,"new,used_fair",0,2026-07-22T04:00:59+00:00
c61fd05b-66a2-4d6f-abed-10491629f59e,0659bb5c-a162-488f-bda6-3659a00193c1,same_nationality,on,109,2026-07-22T11:49:04+00:00
1874172a-851c-4209-bfd2-12805c3fbeca,0659bb5c-a162-488f-bda6-3659a00193c1,radius_mi,0.5,5,2026-07-22T11:49:58+00:00
976473c7-cd53-44a5-b5b8-0910a5a494eb,0659bb5c-a162-488f-bda6-3659a00193c1,same_zip,on,5,2026-07-22T11:51:19+00:00
ea5f9675-84d4-4eb9-9b9b-07aa72789db8,0659bb5c-a162-488f-bda6-3659a00193c1,condition,new,2,2026-07-22T11:52:39+00:00
80a8d812-b27e-4cd7-acb3-8996b5aaa190,0659bb5c-a162-488f-bda6-3659a00193c1,same_school,on,1,2026-07-22T11:53:29+00:00
1460d2ae-ccc2-4f7f-b5c2-289f92b9b66b,917bdd4a-0545-41ea-8bbb-c3ec512a6c48,condition,like_new,0,2026-07-22T18:11:07+00:00
f5770136-f900-47dd-a4a9-1e9801cc716f,917bdd4a-0545-41ea-8bbb-c3ec512a6c48,same_nationality,off,23,2026-07-22T18:12:25+00:00
8b9d3525-33dc-4578-a342-ca2e052868f2,917bdd4a-0545-41ea-8bbb-c3ec512a6c48,same_school,on,4,2026-07-22T18:13:02+00:00
43778662-c346-41fe-9d22-db46ec73bb68,eff13da1-a531-4767-95ce-387f2866993e,condition,like_new,91,2026-07-23T07:15:11+00:00
065166a5-3ce3-438a-a5f2-d1e53f2846e9,eff13da1-a531-4767-95ce-387f2866993e,same_nationality,on,17,2026-07-23T07:16:04+00:00
e85589ce-1b71-46c2-bee4-8323fb6ffa16,eff13da1-a531-4767-95ce-387f2866993e,same_school,on,0,2026-07-23T07:17:16+00:00
c6459a4f-6d40-4fba-bd0e-9849eb584c69,eff13da1-a531-4767-95ce-387f2866993e,category,furniture,0,2026-07-23T07:18:30+00:00
fedd87a6-3827-47a5-aef2-da5cd43b0e1e,eff13da1-a531-4767-95ce-387f2866993e,condition,"like_new,used_good",1,2026-07-23T07:19:18+00:00
3fdf6beb-9a99-4f38-ba33-4ee5c67b7247,eff13da1-a531-4767-95ce-387f2866993e,category,"furniture,textbooks",1,2026-07-23T07:19:22+00:00
d0784238-ef65-4a69-b20c-e8a20347e8bf,0a9a118f-fbfc-414d-a857-63246dad3ee3,same_school,on,20,2026-07-23T09:44:25+00:00
0c65a40c-8844-43ec-b9bb-89071e557fd6,0a9a118f-fbfc-414d-a857-63246dad3ee3,condition,used_fair,5,2026-07-23T09:45:51+00:00
69dc8627-e825-48ef-ba24-3d2cc0527095,0a9a118f-fbfc-414d-a857-63246dad3ee3,radius_mi,2.5,5,2026-07-23T09:46:17+00:00
0974fc8d-9c84-47cb-bd10-25d854e86045,0a9a118f-fbfc-414d-a857-63246dad3ee3,condition,"like_new,used_fair",11,2026-07-23T09:46:24+00:00
31ee1a29-39c5-4854-a505-3981537da22d,0a9a118f-fbfc-414d-a857-63246dad3ee3,same_zip,on,0,2026-07-23T09:47:39+00:00
2fbaa291-4e7d-4098-8af8-2d7550e7fad5,0a9a118f-fbfc-414d-a857-63246dad3ee3,radius_mi,0.5,0,2026-07-23T09:48:47+00:00
cf3e8a17-76a7-423b-af93-5f1f3454601f,3eaa28c6-6c66-4841-a82f-101d62f26410,same_zip,on,109,2026-07-24T10:46:37+00:00
1d654b2d-5965-4046-95dc-4288e9c23a2f,3eaa28c6-6c66-4841-a82f-101d62f26410,same_zip,off,562,2026-07-24T10:47:19+00:00
c8f593b2-a466-4e9e-802d-3e97a5f01526,b3756f66-bc0a-4be7-b18e-d5a43ae2cb20,category,clothing,82,2026-07-25T03:00:10+00:00
0d2727f8-e96f-4922-9c0b-340a11e8fd29,b3756f66-bc0a-4be7-b18e-d5a43ae2cb20,category,"clothing,furniture",291,2026-07-25T03:00:57+00:00
f932b9ed-636e-4599-944f-9274f848bb63,b3756f66-bc0a-4be7-b18e-d5a43ae2cb20,condition,used_good,143,2026-07-25T03:01:57+00:00
2d5f7d05-a8e2-4d08-bc2a-a0883b7b571c,b3756f66-bc0a-4be7-b18e-d5a43ae2cb20,same_school,on,10,2026-07-25T03:03:27+00:00
1aaf6a21-1a48-4d88-8a20-a7e286c9d95a,b3756f66-bc0a-4be7-b18e-d5a43ae2cb20,same_zip,on,5,2026-07-25T03:04:27+00:00
ee27f1ef-d178-41af-ac60-afeb98acd3a7,e294d7c5-9f72-4226-9091-d2cf6c147a17,same_school,on,121,2026-07-25T20:35:01+00:00
bb4bffaa-cc6f-4257-816a-8213a9ad6186,e294d7c5-9f72-4226-9091-d2cf6c147a17,same_zip,on,5,2026-07-25T20:35:52+00:00
25e55495-2f73-4c52-b32a-ed2ee0be0423,5c16ef18-8047-4cc4-806c-4ef9df6de907,same_nationality,on,35,2026-07-26T12:29:59+00:00
91a379ea-33b6-443e-bafd-44876de1cce6,5c16ef18-8047-4cc4-806c-4ef9df6de907,same_school,on,8,2026-07-26T12:31:09+00:00
988c54d6-d27d-48c8-87d7-2b11adadd192,5c16ef18-8047-4cc4-806c-4ef9df6de907,same_nationality,off,36,2026-07-26T12:32:36+00:00
54534efe-8302-4515-b2da-2d66a3936a81,f04a183f-150b-4c94-add4-8f70333e2504,condition,used_fair,105,2026-07-26T15:39:38+00:00
25dce8f2-619c-431e-b7de-136d7a73349f,f04a183f-150b-4c94-add4-8f70333e2504,radius_mi,1.0,0,2026-07-26T15:40:10+00:00
7c985af5-2daa-433d-b656-aca7f1732fc5,b7fef60e-e709-4148-b2be-091d4a9dc1a5,same_school,on,118,2026-07-26T19:13:19+00:00
c5543f7f-68ba-4ff1-b5c8-f91f8d4b655a,b7fef60e-e709-4148-b2be-091d4a9dc1a5,radius_mi,0.5,26,2026-07-26T19:14:07+00:00
9d09a6f5-73fc-4885-a3c5-d5832b523b58,f5c9aefe-bf7e-4ffb-ae21-2dd4d0dd04ff,same_zip,off,3,2026-07-27T20:56:04+00:00
e5fbce06-4421-42c9-b600-012b8a2930bd,f5c9aefe-bf7e-4ffb-ae21-2dd4d0dd04ff,same_zip,on,0,2026-07-27T20:57:21+00:00
68a2e77e-74df-45db-ba87-44d66ebf1d2b,f5c9aefe-bf7e-4ffb-ae21-2dd4d0dd04ff,same_nationality,off,2,2026-07-27T20:57:45+00:00
444c336b-af75-4d3c-8a74-6d937a92032b,9ce8ad86-b5f1-4d08-a8d6-d8b25b7f8f86,same_school,on,119,2026-07-28T01:50:59+00:00
2a97e1a7-0071-42da-ac66-b35679a08ebb,9ce8ad86-b5f1-4d08-a8d6-d8b25b7f8f86,category,clothing,10,2026-07-28T01:51:18+00:00
322aff67-5c6a-43e1-aa75-6b6a7c93c8bc,9ce8ad86-b5f1-4d08-a8d6-d8b25b7f8f86,condition,used_fair,0,2026-07-28T01:51:58+00:00
7951ad62-c043-4707-a02b-9c7b6604c3f5,9ce8ad86-b5f1-4d08-a8d6-d8b25b7f8f86,same_zip,on,0,2026-07-28T01:53:21+00:00
779cd727-f649-42c8-90e6-06e00eb630fa,9ce8ad86-b5f1-4d08-a8d6-d8b25b7f8f86,radius_mi,2.5,0,2026-07-28T01:53:58+00:00
d52ec682-2c78-4c97-af24-0c9998a242f2,9ce8ad86-b5f1-4d08-a8d6-d8b25b7f8f86,category,(cleared),5,2026-07-28T01:55:10+00:00
df3e6410-14bf-4478-843d-e64dc383bc8e,44ee0402-719e-4795-b6d1-9697a6d0a515,category,free_stuff,0,2026-07-28T20:46:02+00:00
679a22a7-38d7-4490-9ac5-de5d3b67d8ff,44ee0402-719e-4795-b6d1-9697a6d0a515,condition,like_new,0,2026-07-28T20:46:48+00:00
57db83d6-e723-4b3c-80b1-ed3f9acf6097,44ee0402-719e-4795-b6d1-9697a6d0a515,same_school,on,0,2026-07-28T20:47:41+00:00
ab8acdaa-d7fd-439d-bdef-379c91c8c547,44ee0402-719e-4795-b6d1-9697a6d0a515,radius_mi,0.5,0,2026-07-28T20:49:09+00:00
f072983f-ae9f-413e-871d-43fd4febd252,44ee0402-719e-4795-b6d1-9697a6d0a515,same_school,off,0,2026-07-28T20:50:07+00:00
eb5b107f-0606-44d2-878a-a3721d88cbc2,44ee0402-719e-4795-b6d1-9697a6d0a515,condition,(cleared),0,2026-07-28T20:50:50+00:00
e7f8e6c2-7d6c-463b-b2f4-7dc1dc0784d0,ce6ae59f-fc40-4e17-bf03-66f9d20b800f,radius_mi,0.5,13,2026-07-29T15:08:11+00:00
52aa1980-8c71-4c9f-987e-4fbab73255b7,ce6ae59f-fc40-4e17-bf03-66f9d20b800f,same_nationality,on,6,2026-07-29T15:09:11+00:00
a37f2b0f-d113-467e-95e5-5b4e116f4799,ce6ae59f-fc40-4e17-bf03-66f9d20b800f,same_zip,on,0,2026-07-29T15:10:01+00:00
40a40d59-d84a-45aa-aac3-4d2e5f8586e8,ce6ae59f-fc40-4e17-bf03-66f9d20b800f,condition,new,0,2026-07-29T15:10:33+00:00
da35abae-aec4-4b45-b3eb-df0935312b6d,f04a183f-150b-4c94-add4-8f70333e2504,category,clothing,82,2026-07-30T01:34:36+00:00
f7a7ccbc-c637-4680-9ed3-d051c908ab34,f04a183f-150b-4c94-add4-8f70333e2504,radius_mi,10.0,82,2026-07-30T01:35:40+00:00
0efea3fe-7691-4423-a258-b12fa51cb1ec,8fa42630-14d9-4824-8c8d-b2642218ce75,category,clothing,13,2026-07-30T03:25:18+00:00
a87c693b-434e-469c-af16-e00cacf0ee29,8fa42630-14d9-4824-8c8d-b2642218ce75,same_zip,on,11,2026-07-30T03:26:23+00:00
2a4a35bf-8ef6-4e5c-99cc-765277b89715,34c4679a-d188-4ff3-b1e7-463f1c6bc2f7,same_nationality,on,1,2026-07-31T02:14:46+00:00
7bbe8b52-366c-47f7-b8c0-e1f3d312cd66,34c4679a-d188-4ff3-b1e7-463f1c6bc2f7,same_school,off,3,2026-07-31T02:15:22+00:00
8c5773c0-6267-4458-b934-1a56e4ddec43,34c4679a-d188-4ff3-b1e7-463f1c6bc2f7,condition,used_good,1,2026-07-31T02:16:47+00:00
93456fd9-d409-4a56-bf4e-a9a1c7541d58,34c4679a-d188-4ff3-b1e7-463f1c6bc2f7,same_school,on,0,2026-07-31T02:17:20+00:00
cfeeac3e-849c-486f-bf78-02f98912363d,2fdab17b-b531-49bd-b7bf-e2eccda6e5eb,category,bikes_transport,5,2026-07-31T09:03:39+00:00
2b6fa25c-7b18-49ab-85fa-ca1b62dc3a39,2fdab17b-b531-49bd-b7bf-e2eccda6e5eb,same_zip,on,2,2026-07-31T09:04:00+00:00
91445d32-e177-48d9-a3a9-86f52da31fde,2fdab17b-b531-49bd-b7bf-e2eccda6e5eb,same_school,on,0,2026-07-31T09:04:20+00:00
1132cc5b-58a2-46a0-b992-094259f2a166,2fdab17b-b531-49bd-b7bf-e2eccda6e5eb,category,"bikes_transport,free_stuff",0,2026-07-31T09:04:38+00:00
40b67c59-3099-4f1f-8b20-df13048a1ded,2fdab17b-b531-49bd-b7bf-e2eccda6e5eb,same_zip,off,0,2026-07-31T09:06:07+00:00
b46fe8d1-42dd-42b6-8518-f2e7da0dcc0f,2fdab17b-b531-49bd-b7bf-e2eccda6e5eb,same_zip,on,0,2026-07-31T09:06:16+00:00
d9b0f436-5325-440f-82bb-063f37bfa87a,efa792df-2f07-4094-99f4-a23935cca18b,same_school,on,5,2026-07-31T09:28:51+00:00
eb1c36e6-198c-47b5-9143-5b932f6b10fb,efa792df-2f07-4094-99f4-a23935cca18b,category,clothing,1,2026-07-31T09:29:30+00:00
d70d81d9-2ace-4e8e-8f30-d6883954496f,efa792df-2f07-4094-99f4-a23935cca18b,same_school,off,34,2026-07-31T09:30:05+00:00
1f4a6d00-796a-4470-9e56-b0a8acc1f7a2,dfb6fc17-bcca-45fa-ab0c-9e38e7ddcca9,same_zip,on,7,2026-07-31T14:17:33+00:00
bb940e4f-0c02-4722-bbaa-2acad48173c0,dfb6fc17-bcca-45fa-ab0c-9e38e7ddcca9,condition,like_new,2,2026-07-31T14:18:48+00:00
93204d3b-d09d-4eaa-a830-80cf4c7fd63c,dfb6fc17-bcca-45fa-ab0c-9e38e7ddcca9,condition,"like_new,used_fair",3,2026-07-31T14:20:17+00:00
20286edc-a679-43d5-ae3d-f3fa14e9ff8d,dfb6fc17-bcca-45fa-ab0c-9e38e7ddcca9,same_zip,off,198,2026-07-31T14:20:30+00:00
5c18ed98-89eb-455e-9b1d-b14937401446,dfb6fc17-bcca-45fa-ab0c-9e38e7ddcca9,same_nationality,on,35,2026-07-31T14:20:37+00:00
f5865297-93e4-4192-8985-d7c57ac94b27,373a53bb-6b51-442f-ac4b-1d028d9af863,condition,used_fair,0,2026-08-01T03:46:07+00:00
e1be2597-0ab7-49f1-9351-8baa7beebf69,373a53bb-6b51-442f-ac4b-1d028d9af863,same_school,off,0,2026-08-01T03:47:00+00:00
9f7b8581-5fa7-43c5-bd17-b18d37448582,373a53bb-6b51-442f-ac4b-1d028d9af863,radius_mi,0.5,0,2026-08-01T03:47:23+00:00
12858e91-808b-43f1-99d1-89de10a78800,373a53bb-6b51-442f-ac4b-1d028d9af863,category,furniture,0,2026-08-01T03:48:53+00:00
640fc890-96c3-4db3-8167-33913cc22f0b,5d00b0e3-2e7d-4703-ac82-a0935fb970f1,same_nationality,on,94,2026-08-02T12:55:56+00:00
2f164f93-f6cb-4a61-bc95-3d29a1254105,4d2af566-e452-4cb8-9f1c-2963153454ef,condition,like_new,117,2026-08-02T12:56:42+00:00
39b90873-f99d-4851-a058-df455562b65d,5d00b0e3-2e7d-4703-ac82-a0935fb970f1,same_nationality,off,716,2026-08-02T12:57:19+00:00
1250d620-7f55-4c2a-b33f-970a1cd29083,4d2af566-e452-4cb8-9f1c-2963153454ef,same_school,on,3,2026-08-02T12:57:24+00:00
ebf81321-4bdd-45fc-85b6-eb02d04fae43,4d2af566-e452-4cb8-9f1c-2963153454ef,same_zip,on,0,2026-08-02T12:57:55+00:00
81ca950c-90c8-4448-8eaf-5169d6c1d712,5d00b0e3-2e7d-4703-ac82-a0935fb970f1,same_nationality,on,94,2026-08-02T12:58:17+00:00
d629e8e6-3516-402f-ac64-f69a6dd6c2fd,4d2af566-e452-4cb8-9f1c-2963153454ef,same_school,off,19,2026-08-02T12:58:58+00:00
b111e3d9-aecb-4ac0-82d6-6d0a2ff2eeff,5d00b0e3-2e7d-4703-ac82-a0935fb970f1,same_zip,on,0,2026-08-02T12:59:32+00:00
ba37c9bc-4494-44ed-aae7-b8b7854849a2,5d00b0e3-2e7d-4703-ac82-a0935fb970f1,radius_mi,1.0,0,2026-08-02T13:00:02+00:00
81e42bd9-ba85-4dde-92eb-0afdfd0d2f7a,4d2af566-e452-4cb8-9f1c-2963153454ef,same_zip,off,117,2026-08-02T13:00:08+00:00
bbf9ff69-9915-4fb3-9dfc-c731bf0d0c3e,4d2af566-e452-4cb8-9f1c-2963153454ef,condition,"like_new,used_good",321,2026-08-02T13:00:16+00:00
0436c4e0-3076-4bca-9de9-efa73813bbdd,5d00b0e3-2e7d-4703-ac82-a0935fb970f1,radius_mi,10.0,0,2026-08-02T13:00:58+00:00
26640084-4093-4737-9800-9e981028060a,009d0e9b-5151-494d-928f-546ec09aa2f3,same_zip,on,17,2026-08-03T02:21:36+00:00
34a352a5-4c22-4e35-9ca7-3d93954c076f,009d0e9b-5151-494d-928f-546ec09aa2f3,condition,like_new,1,2026-08-03T02:21:46+00:00
756c778e-ccc4-464a-82ba-21ab6658c9f2,009d0e9b-5151-494d-928f-546ec09aa2f3,same_zip,off,164,2026-08-03T02:23:10+00:00
4288cb14-767a-4acf-8b46-588186dea027,009d0e9b-5151-494d-928f-546ec09aa2f3,same_nationality,on,7,2026-08-03T02:23:42+00:00
bb4b3e0e-e26b-4366-bd1e-111f82c9215f,009d0e9b-5151-494d-928f-546ec09aa2f3,same_zip,on,0,2026-08-03T02:23:45+00:00
b550278d-8f0e-4e69-af6b-f4e4b358261c,009d0e9b-5151-494d-928f-546ec09aa2f3,same_zip,off,7,2026-08-03T02:24:17+00:00
7a0d9d9c-424b-4013-a45b-dad20dc118e1,1c53189a-7903-4dcb-97d6-29489110198e,same_school,on,87,2026-08-03T12:06:48+00:00
75ba4c0e-953a-4fbe-8756-f8d82b87bbe8,1c53189a-7903-4dcb-97d6-29489110198e,same_zip,on,3,2026-08-03T12:07:44+00:00
5bb55cf1-e074-40b0-ba4b-7de2d9e5da41,1c53189a-7903-4dcb-97d6-29489110198e,same_school,off,10,2026-08-03T12:09:01+00:00
50144a2c-60b9-4f0a-91a3-14b90aa8c49a,6e390a5d-a88b-459f-8658-6a51166be2f7,same_nationality,on,11,2026-08-04T12:55:20+00:00
5db2ba07-288a-4f74-a280-7d551c5cd2e7,6e390a5d-a88b-459f-8658-6a51166be2f7,radius_mi,10.0,11,2026-08-04T12:56:01+00:00
180c86ea-7a04-48ce-97e2-bd04bd255bee,b1819170-1c8d-422c-9fca-8d03059de2b5,category,sports,31,2026-08-04T20:03:19+00:00
82008784-c465-4267-bdbd-f0f32e1441cd,b1819170-1c8d-422c-9fca-8d03059de2b5,same_school,on,4,2026-08-04T20:03:32+00:00
8b345f98-6452-4039-8b89-9d8e25023ba6,b1819170-1c8d-422c-9fca-8d03059de2b5,radius_mi,10.0,4,2026-08-04T20:04:45+00:00
6a717133-9d91-4423-80fb-e5135a5f766f,b1819170-1c8d-422c-9fca-8d03059de2b5,radius_mi,5.0,4,2026-08-04T20:05:00+00:00
3b64082e-88e4-4a13-aa2d-a707cedd0022,b1819170-1c8d-422c-9fca-8d03059de2b5,same_school,off,28,2026-08-04T20:06:09+00:00
880ea4df-e2ee-4a78-9683-4bcd48ef7f6d,b1819170-1c8d-422c-9fca-8d03059de2b5,same_nationality,on,2,2026-08-04T20:06:23+00:00
216ffc89-9be3-4af2-8a06-debc3928cbaf,5fe592da-0d87-421c-93e1-8e7df2988983,radius_mi,2.5,602,2026-08-05T02:01:33+00:00
c2462564-293c-44ee-8778-adc96140c83c,5fe592da-0d87-421c-93e1-8e7df2988983,same_zip,on,304,2026-08-05T02:01:37+00:00
088e470e-eaad-4059-8acc-637be07d8852,0183dc00-5b81-4d6d-aa94-59a230ee274c,condition,used_good,299,2026-08-05T09:35:14+00:00
2f962ade-4d15-4163-a36b-c1c79e90c79c,0183dc00-5b81-4d6d-aa94-59a230ee274c,condition,"like_new,used_good",460,2026-08-05T09:35:44+00:00
b3a4b21b-b68e-4142-aaf3-9b838d82b5b5,0183dc00-5b81-4d6d-aa94-59a230ee274c,same_nationality,on,16,2026-08-05T09:36:23+00:00
0edd6c96-0a43-44a0-9ccb-cf0d820e3878,0183dc00-5b81-4d6d-aa94-59a230ee274c,same_school,on,1,2026-08-05T09:37:03+00:00
4cae8d75-15d6-4191-a222-00a7f00088c9,0183dc00-5b81-4d6d-aa94-59a230ee274c,same_school,off,16,2026-08-05T09:37:55+00:00
2ba255b0-cf6b-4538-9937-27827fa91eec,b0498d7c-841b-4a0f-8ec8-dbfc1353b9c1,same_school,on,9,2026-08-05T09:38:31+00:00
987a0d5e-23a0-48fe-a2ed-7fcf5617f652,b0498d7c-841b-4a0f-8ec8-dbfc1353b9c1,category,textbooks,1,2026-08-05T09:39:27+00:00
f78cf422-0acd-4890-9b72-a9212ed7ef7a,b0498d7c-841b-4a0f-8ec8-dbfc1353b9c1,condition,used_fair,0,2026-08-05T09:39:41+00:00
66076632-711a-4225-8256-1a364a72693c,b0498d7c-841b-4a0f-8ec8-dbfc1353b9c1,category,"furniture,textbooks",2,2026-08-05T09:40:52+00:00
a0cf3b86-f86e-4b16-a547-316b9bd9fdbf,b0498d7c-841b-4a0f-8ec8-dbfc1353b9c1,same_zip,on,1,2026-08-05T09:41:42+00:00
78c5dc46-c9a6-421d-9636-e71eb5971406,bf2e373c-d8de-4aa0-acb8-d8df0b844ebd,radius_mi,1.0,31,2026-08-05T22:37:45+00:00
0beddb89-1b7b-4ae6-810d-fe70ede5baaf,bf2e373c-d8de-4aa0-acb8-d8df0b844ebd,same_nationality,off,448,2026-08-05T22:38:01+00:00
ad26ad7a-119d-4a13-9380-9fa5cb3884dc,bf2e373c-d8de-4aa0-acb8-d8df0b844ebd,same_nationality,on,31,2026-08-05T22:38:05+00:00
62e9197c-33c3-4ddc-975e-8090b23029e4,adcf5b0c-a9b8-4599-8c22-a281a999db7b,same_school,off,599,2026-08-06T02:25:05+00:00
ee8115fd-f97c-4657-bcdc-431daa2af582,adcf5b0c-a9b8-4599-8c22-a281a999db7b,same_school,on,59,2026-08-06T02:25:14+00:00
02537cad-481e-4b6f-ada3-c130772dac22,adcf5b0c-a9b8-4599-8c22-a281a999db7b,category,free_stuff,4,2026-08-06T02:26:29+00:00
b901d53d-9926-43c2-afd8-44e43d53e5f8,adcf5b0c-a9b8-4599-8c22-a281a999db7b,radius_mi,5.0,4,2026-08-06T02:26:56+00:00
7140af0f-cc18-4a3a-a3eb-13d935cc9c40,2546be0b-81f5-441c-bbbe-d4925b10d00d,radius_mi,0.5,6,2026-08-06T14:07:04+00:00
e5671ed8-7249-43d7-ac64-6ffbf742ed2b,2546be0b-81f5-441c-bbbe-d4925b10d00d,same_zip,on,1,2026-08-06T14:07:23+00:00
4612a83d-4381-4d82-bde5-bf9985a7dc60,2546be0b-81f5-441c-bbbe-d4925b10d00d,same_school,on,1,2026-08-06T14:08:44+00:00
793634b3-a433-4662-9c61-2cd00b7e01ac,2546be0b-81f5-441c-bbbe-d4925b10d00d,condition,new,0,2026-08-06T14:09:51+00:00
22b2ebae-f49d-4b7b-be43-55fb12e8c9b6,2546be0b-81f5-441c-bbbe-d4925b10d00d,category,textbooks,0,2026-08-06T14:11:18+00:00
f817a8ad-25e5-4fed-af5c-b85077f561e3,aedee5fd-dd23-420b-9df6-813aa5259225,same_school,on,20,2026-08-07T06:16:41+00:00
70704020-d35f-4bf7-af18-0e54c1b39b5a,aedee5fd-dd23-420b-9df6-813aa5259225,same_nationality,on,11,2026-08-07T06:16:50+00:00
f51d8ad2-0f6d-45a0-8459-49d22a6f7fbd,aedee5fd-dd23-420b-9df6-813aa5259225,radius_mi,2.5,11,2026-08-07T06:17:31+00:00
6998c9d8-0c26-421c-bb72-0bd12545083e,aedee5fd-dd23-420b-9df6-813aa5259225,condition,used_fair,3,2026-08-07T06:18:53+00:00
2818a798-b603-4a39-9b07-0de4dd8f2fce,aedee5fd-dd23-420b-9df6-813aa5259225,same_school,off,32,2026-08-07T06:20:04+00:00
0b2554d5-ca6b-4081-b2ca-a5739c45af0c,aedee5fd-dd23-420b-9df6-813aa5259225,same_school,on,3,2026-08-07T06:20:42+00:00
40340954-9bd6-491c-875b-bd388449229e,373c37e3-0e01-4319-81cb-158d1344da99,same_nationality,on,3,2026-08-09T22:12:45+00:00
0ad1339e-3403-49de-97d6-cc3f7c82e887,373c37e3-0e01-4319-81cb-158d1344da99,same_nationality,off,70,2026-08-09T22:13:09+00:00
b9b88f5a-cdf1-4135-a57a-1dc3b8636c8b,373c37e3-0e01-4319-81cb-158d1344da99,same_zip,on,2,2026-08-09T22:14:11+00:00
3a0b2d71-4e43-4e1d-9a79-97c0104359c7,373c37e3-0e01-4319-81cb-158d1344da99,same_school,on,1,2026-08-09T22:15:14+00:00
3b55cbd8-3c38-428a-a9a2-1addb5bec05f,373c37e3-0e01-4319-81cb-158d1344da99,condition,used_good,0,2026-08-09T22:16:29+00:00
43e5e2a7-caa8-40d0-acce-802983dc9230,9ce8ad86-b5f1-4d08-a8d6-d8b25b7f8f86,same_zip,on,318,2026-08-10T13:01:36+00:00
5cb8dccd-b692-4460-9b96-e6a06f6cf1bf,9ce8ad86-b5f1-4d08-a8d6-d8b25b7f8f86,category,textbooks,63,2026-08-10T13:02:56+00:00
013d23b2-4e39-4a1c-bf16-766717e141c4,9ce8ad86-b5f1-4d08-a8d6-d8b25b7f8f86,same_zip,off,126,2026-08-10T13:04:13+00:00
80bbec27-9dbc-45ec-ad37-9c9ca262721d,cb3f27ba-7b73-4263-a8df-7fc52f4ac105,same_zip,off,635,2026-08-12T23:13:03+00:00
ea74d8af-c893-4c67-8291-b6a58a5c4681,cb3f27ba-7b73-4263-a8df-7fc52f4ac105,condition,new,43,2026-08-12T23:14:30+00:00
64c78431-ac1c-4a68-837e-fe77c79f14fd,cb3f27ba-7b73-4263-a8df-7fc52f4ac105,same_zip,on,9,2026-08-12T23:14:44+00:00
96864c7a-2721-4e32-be99-1f2bc3346cfc,cb3f27ba-7b73-4263-a8df-7fc52f4ac105,radius_mi,5.0,9,2026-08-12T23:15:12+00:00
82e73588-aa9c-47b0-a91b-8f860238a6aa,cb3f27ba-7b73-4263-a8df-7fc52f4ac105,same_school,on,4,2026-08-12T23:15:35+00:00
fa73eb6f-afa5-4c80-89c1-21298f8527c2,cb3f27ba-7b73-4263-a8df-7fc52f4ac105,same_zip,off,15,2026-08-12T23:15:50+00:00
74621939-7b81-464b-9d29-7289340fbb7c,ad2f999d-f1b6-41a4-a695-aceb650a5b74,category,clothing,73,2026-08-13T02:35:15+00:00
83bbb175-4206-4b4b-a04b-d4aeb665cbb6,ad2f999d-f1b6-41a4-a695-aceb650a5b74,radius_mi,0.5,34,2026-08-13T02:35:19+00:00
60b3923b-da2c-4e34-b742-ceb9171f9055,ad2f999d-f1b6-41a4-a695-aceb650a5b74,same_nationality,on,13,2026-08-13T02:35:24+00:00
5497e3ae-2f5e-4503-b580-3947031211b2,bc0e5868-3a1d-4493-ad13-df81dcf8102c,same_nationality,on,110,2026-08-13T04:38:44+00:00
f83a5200-15ad-42d8-a71d-a3d4f31e7d5e,bc0e5868-3a1d-4493-ad13-df81dcf8102c,category,kitchen_home,9,2026-08-13T04:40:00+00:00
80d744b8-e7df-4de9-bfb0-2ac7dbb106de,bc0e5868-3a1d-4493-ad13-df81dcf8102c,same_school,on,1,2026-08-13T04:40:25+00:00
2b2c3d97-3594-4b5e-b905-cfc011174540,bc0e5868-3a1d-4493-ad13-df81dcf8102c,same_school,off,9,2026-08-13T04:41:48+00:00
7ddeb2c0-a766-4121-a3c0-26e1d3f19b36,b2e205f3-a921-447a-b55e-53d5b2d86de3,same_nationality,on,213,2026-08-13T10:22:01+00:00
2a8aa986-58cc-48eb-aeb4-5cfec9efbaf6,b2e205f3-a921-447a-b55e-53d5b2d86de3,category,kitchen_home,26,2026-08-13T10:22:59+00:00
f3557c13-e619-44b4-a406-801654dc3026,b2e205f3-a921-447a-b55e-53d5b2d86de3,radius_mi,0.5,10,2026-08-13T10:24:22+00:00
4705f204-62e2-407c-bd43-3b0412231085,b2e205f3-a921-447a-b55e-53d5b2d86de3,same_school,on,1,2026-08-13T10:25:05+00:00
fb887a51-70f8-49c0-9572-44becee61632,8a838e5c-8a35-419f-8644-90ed955ef714,condition,used_good,62,2026-08-14T06:08:45+00:00
6bc25bab-286e-4b9a-a47d-46d904ea703d,8a838e5c-8a35-419f-8644-90ed955ef714,same_zip,on,60,2026-08-14T06:09:31+00:00
7d9f5d58-4240-48ea-a5e3-f7cb823dcaac,8a838e5c-8a35-419f-8644-90ed955ef714,same_nationality,on,21,2026-08-14T06:10:00+00:00
1cda2f10-544f-44d0-bcf2-7fa7b39ca706,8a838e5c-8a35-419f-8644-90ed955ef714,condition,"new,used_good",23,2026-08-14T06:10:16+00:00
e63dc26d-34b2-4851-b56b-978a2b8fe75f,8a838e5c-8a35-419f-8644-90ed955ef714,category,bikes_transport,0,2026-08-14T06:10:20+00:00
9e0cb0fc-852b-43f5-910c-b09a18eb0e31,0581305f-6e14-482c-94be-e2a7bab71968,same_nationality,on,8,2026-08-14T18:52:48+00:00
b3003828-606e-407a-bae8-6d2ab90d4363,0581305f-6e14-482c-94be-e2a7bab71968,same_zip,on,4,2026-08-14T18:53:36+00:00
dd51e98f-d53f-427b-8774-5567eac8b3e1,0a9a118f-fbfc-414d-a857-63246dad3ee3,same_nationality,on,215,2026-08-14T22:20:51+00:00
b01933ab-bd54-4484-b0cc-4950fb3d6849,0a9a118f-fbfc-414d-a857-63246dad3ee3,category,electronics,30,2026-08-14T22:22:01+00:00
8dd340fe-a3ed-41fc-9fc9-e4827ea6402c,0a9a118f-fbfc-414d-a857-63246dad3ee3,same_school,on,2,2026-08-14T22:22:41+00:00
27edefa4-a4bf-44d6-b501-da01874148d9,0a9a118f-fbfc-414d-a857-63246dad3ee3,same_nationality,off,3,2026-08-14T22:23:52+00:00
b1a6372f-3c56-48c2-a783-9fadadbb075a,0a9a118f-fbfc-414d-a857-63246dad3ee3,same_zip,on,0,2026-08-14T22:24:33+00:00
0909c90c-d088-4e7c-8b6a-89b6bc73f63d,5d00b0e3-2e7d-4703-ac82-a0935fb970f1,same_nationality,on,101,2026-08-15T12:46:37+00:00
e2db47f1-8905-4d36-843a-3a4377e5c6e1,5d00b0e3-2e7d-4703-ac82-a0935fb970f1,same_school,on,1,2026-08-15T12:47:29+00:00
8f4151c6-ba4c-41bf-bd9f-8a7448ce2fda,5d00b0e3-2e7d-4703-ac82-a0935fb970f1,category,kitchen_home,0,2026-08-15T12:48:48+00:00
c7fc9ab9-db24-4286-ac1f-223be8a45428,5d00b0e3-2e7d-4703-ac82-a0935fb970f1,same_zip,on,0,2026-08-15T12:49:37+00:00
736f7411-90c5-4133-9630-acb8df9a0567,79c00b7e-dbe5-41bb-8a92-189f533b8e9f,same_school,on,81,2026-08-15T19:47:18+00:00
883c6d51-6a98-43ff-b7f2-0b324287e0af,79c00b7e-dbe5-41bb-8a92-189f533b8e9f,same_nationality,on,13,2026-08-15T19:47:22+00:00
1fde50d0-ffd5-4985-94cf-5eb9c87f0afd,009d0e9b-5151-494d-928f-546ec09aa2f3,same_nationality,on,46,2026-08-15T23:51:44+00:00
da85fb97-284d-46c0-ae03-f064440b7813,009d0e9b-5151-494d-928f-546ec09aa2f3,condition,used_fair,8,2026-08-15T23:52:00+00:00
3a134b5e-260c-4a59-82c3-0dc6092e6f0f,17b21723-fa8f-407d-8126-f99b09b1578a,category,sports,30,2026-08-17T07:52:44+00:00
615ff9ff-7438-4984-a035-a0549d70e002,17b21723-fa8f-407d-8126-f99b09b1578a,same_nationality,on,3,2026-08-17T07:52:48+00:00
ab8d5423-309a-4bf8-a7f7-9c8f85e00b22,17b21723-fa8f-407d-8126-f99b09b1578a,same_school,on,0,2026-08-17T07:52:53+00:00
c5c75ebf-66f0-4153-ace6-079d59ec6d19,8bf8ea9f-72d9-48eb-928d-e17012efd91b,radius_mi,10.0,833,2026-08-17T08:08:10+00:00
a37a768b-8fc5-48cf-917e-c5cd8c156d40,8bf8ea9f-72d9-48eb-928d-e17012efd91b,same_nationality,on,4,2026-08-17T08:08:48+00:00
f696500b-8ca0-4983-8829-69d5df532d81,8bf8ea9f-72d9-48eb-928d-e17012efd91b,same_zip,on,0,2026-08-17T08:09:50+00:00
e6604c43-a9cc-4cf6-8fc6-1fb6bd0b73ed,8bf8ea9f-72d9-48eb-928d-e17012efd91b,condition,used_fair,0,2026-08-17T08:10:27+00:00
5e3dbd8a-b4b5-4e7d-8685-5b5b918f339a,c2a52db8-7b0f-4f9c-9be8-3d81fad7ca27,category,textbooks,1,2026-08-17T10:50:10+00:00
d04f7023-7d5e-468b-9234-c8489102dfb5,c2a52db8-7b0f-4f9c-9be8-3d81fad7ca27,same_nationality,on,0,2026-08-17T10:50:45+00:00
4578cc98-6e58-4b88-82ab-1cb668a224c0,681a768e-2c15-4f60-b8bb-6613e5d882f5,same_school,on,2,2026-08-17T11:08:30+00:00
e2329357-ce80-465b-af08-bb45ac5a629d,681a768e-2c15-4f60-b8bb-6613e5d882f5,same_zip,off,45,2026-08-17T11:08:42+00:00
c5c98260-59dd-481d-9b68-4f1738b98f06,681a768e-2c15-4f60-b8bb-6613e5d882f5,category,kitchen_home,3,2026-08-17T11:09:08+00:00
9a5a3e85-77d6-48c4-9393-6878081f005b,681a768e-2c15-4f60-b8bb-6613e5d882f5,same_nationality,off,14,2026-08-17T11:09:40+00:00
5ad4b0e9-beac-4f59-8625-b59b60b5b550,681a768e-2c15-4f60-b8bb-6613e5d882f5,same_school,off,81,2026-08-17T11:10:32+00:00
c7398cf8-8606-4ae8-a21b-802c6fdf6409,681a768e-2c15-4f60-b8bb-6613e5d882f5,same_school,on,14,2026-08-17T11:10:53+00:00
a751f942-6e23-427f-9f00-1f8255a82d99,1755328b-9010-4f07-b351-51bc6d8e8e7e,same_school,on,82,2026-08-17T19:52:46+00:00
11a697de-c1d9-4772-aff4-cafe9d51980f,1755328b-9010-4f07-b351-51bc6d8e8e7e,same_school,off,658,2026-08-17T19:54:11+00:00
f63aa75a-7717-4115-8f7c-b66aca313293,1755328b-9010-4f07-b351-51bc6d8e8e7e,radius_mi,1.0,154,2026-08-17T19:55:40+00:00
da9b940a-e27b-45d2-8606-01d74772c01b,1755328b-9010-4f07-b351-51bc6d8e8e7e,category,kitchen_home,18,2026-08-17T19:55:51+00:00
dffe999b-19d8-41ac-9107-d9d48daa9d96,d789fe7f-6977-4b4a-91ee-76ecc7a7dae8,category,textbooks,23,2026-08-18T08:09:47+00:00
2a8de64b-3a0e-4e14-883a-51263bcbee50,d789fe7f-6977-4b4a-91ee-76ecc7a7dae8,same_school,on,1,2026-08-18T08:10:52+00:00
1334e659-1966-4b19-8f76-cde4c34df9f4,a0bc3b16-7612-417e-acb2-ce0de205d14a,category,kitchen_home,0,2026-08-19T01:56:50+00:00
1d8264a6-2273-4a20-a254-e9ac76457a88,a0bc3b16-7612-417e-acb2-ce0de205d14a,condition,used_fair,0,2026-08-19T01:57:14+00:00
1425131a-a372-4841-8657-dd9674cbd24d,d1069292-d635-44f8-8c01-1494891ae61f,same_school,on,125,2026-08-19T05:55:19+00:00
19397ae9-f79f-4dc1-92f4-c426aa7f25ad,d1069292-d635-44f8-8c01-1494891ae61f,category,kitchen_home,14,2026-08-19T05:56:41+00:00
fd929e50-9651-43e2-8703-f68c548b02e6,d1069292-d635-44f8-8c01-1494891ae61f,same_school,off,82,2026-08-19T05:58:04+00:00
b3164bba-97eb-4e32-9ed2-2e7ab913e95e,d1069292-d635-44f8-8c01-1494891ae61f,same_nationality,on,3,2026-08-19T05:59:12+00:00
38c7060f-a634-4ed0-b5c3-e5af6d478365,d1069292-d635-44f8-8c01-1494891ae61f,same_school,on,1,2026-08-19T05:59:45+00:00
48e0d0b9-8511-4242-9c82-eb934cb9e3d3,fa25c85c-0248-4e34-b506-fd8f06ae788f,same_nationality,on,38,2026-08-20T03:21:53+00:00
7a418cce-e69d-48b7-a8e1-8495c4f01371,fa25c85c-0248-4e34-b506-fd8f06ae788f,category,electronics,11,2026-08-20T03:22:34+00:00
668c84e3-ff82-4b4b-9fe5-a1cec46ee710,e56963cb-53f9-4240-97e8-786e9f766dec,radius_mi,0.5,344,2026-08-22T14:52:36+00:00
0cdc2315-cac8-4a10-afb9-57491d80f590,e56963cb-53f9-4240-97e8-786e9f766dec,same_nationality,on,3,2026-08-22T14:53:17+00:00
ec7637c4-7a16-4b73-a61b-8b121beb2a7c,e56963cb-53f9-4240-97e8-786e9f766dec,radius_mi,2.5,5,2026-08-22T14:54:29+00:00
d89dd84a-b274-4bd4-a7af-b80849db853f,e56963cb-53f9-4240-97e8-786e9f766dec,radius_mi,10.0,16,2026-08-22T14:55:12+00:00
7a004047-4a1d-4a40-b04d-5ee8a06cbab2,52c5c6a9-39b5-4951-9af7-b20a0970bd62,same_nationality,on,3,2026-08-23T02:54:17+00:00
a8896054-e0ce-4489-a208-4ad1bbfb43ab,52c5c6a9-39b5-4951-9af7-b20a0970bd62,condition,used_fair,0,2026-08-23T02:54:48+00:00
2b08c4c7-4b6d-43e2-9658-917af2082023,52c5c6a9-39b5-4951-9af7-b20a0970bd62,condition,"used_fair,used_good",1,2026-08-23T02:55:40+00:00
58047e39-a61d-47a2-b44a-37d7dc4c6400,52c5c6a9-39b5-4951-9af7-b20a0970bd62,same_nationality,off,33,2026-08-23T02:55:55+00:00
b16b4d91-c910-4317-978e-5eeff80828f7,52c5c6a9-39b5-4951-9af7-b20a0970bd62,same_zip,on,3,2026-08-23T02:55:59+00:00
6b3a4321-7f1e-41c8-aa27-8723c3eb7dcf,ef6f0845-2282-4ad4-870c-058ceee8da3c,same_nationality,on,7,2026-08-23T09:05:54+00:00
93062748-fa3a-4b6f-8170-834f95870900,ef6f0845-2282-4ad4-870c-058ceee8da3c,same_nationality,off,707,2026-08-23T09:06:16+00:00
347f40fd-b5d2-457d-b981-3578b20fdb67,ef6f0845-2282-4ad4-870c-058ceee8da3c,category,sports,34,2026-08-23T09:07:14+00:00
62b932c8-106e-40ae-889e-bc23262ed450,c3e6de0b-ae0e-464a-aeef-51bebdd50073,same_zip,on,345,2026-08-23T20:54:21+00:00
b1112ddc-532f-4df6-a389-7c019fecbebf,c3e6de0b-ae0e-464a-aeef-51bebdd50073,same_zip,off,706,2026-08-23T20:55:27+00:00
faede9c2-6c5c-4e7d-a414-b6e547dac3da,c3e6de0b-ae0e-464a-aeef-51bebdd50073,same_zip,on,345,2026-08-23T20:56:45+00:00
40834889-6de9-4fa1-a78c-91f963ed2925,c3e6de0b-ae0e-464a-aeef-51bebdd50073,same_zip,off,706,2026-08-23T20:57:54+00:00
be41e950-9086-4a90-991f-d6ef0c12f1fe,c3e6de0b-ae0e-464a-aeef-51bebdd50073,category,electronics,91,2026-08-23T20:58:14+00:00
0e23a5cc-13f1-42ab-8956-959630e863c8,c3e6de0b-ae0e-464a-aeef-51bebdd50073,same_school,on,5,2026-08-23T20:58:30+00:00
4aab9167-7edc-4d89-b6e5-e2afc825c8f2,459c517f-ee6e-4dd8-8e73-1f546778d794,same_zip,on,129,2026-08-24T14:50:00+00:00
8f8b5d1b-cf87-4f76-948a-801deb8285cf,459c517f-ee6e-4dd8-8e73-1f546778d794,same_school,on,13,2026-08-24T14:51:12+00:00
b9bd0a55-492a-4da5-8f28-df91765f152c,459c517f-ee6e-4dd8-8e73-1f546778d794,category,electronics,5,2026-08-24T14:52:09+00:00
9573d5b3-095e-48ee-8e78-c8b4dedf6505,459c517f-ee6e-4dd8-8e73-1f546778d794,condition,new,0,2026-08-24T14:52:54+00:00
1a6a50ab-bec4-43fc-a3bc-3a966781b787,459c517f-ee6e-4dd8-8e73-1f546778d794,category,"electronics,kitchen_home",0,2026-08-24T14:53:33+00:00
e0d64ca9-e904-4c96-8d97-c6cf99fe6884,459c517f-ee6e-4dd8-8e73-1f546778d794,condition,(cleared),6,2026-08-24T14:53:38+00:00
7c867d21-4f4d-4bde-9a0e-7433eb4ce808,bef562aa-7b99-4438-b976-0c3e350379ee,same_school,on,65,2026-08-24T17:50:26+00:00
e3e49359-77ae-4069-89d5-86012f6fcbbb,bef562aa-7b99-4438-b976-0c3e350379ee,condition,used_good,31,2026-08-24T17:51:40+00:00
1b4843ef-b99f-4432-9b53-eb01ba4ec6cc,bef562aa-7b99-4438-b976-0c3e350379ee,same_zip,on,6,2026-08-24T17:53:04+00:00
69b2ada5-1340-4e79-bc93-7bd773588d30,bef562aa-7b99-4438-b976-0c3e350379ee,condition,"new,used_good",7,2026-08-24T17:54:02+00:00
c397a8d3-336f-46b0-a1f8-4860a441d1d4,bef562aa-7b99-4438-b976-0c3e350379ee,condition,"new,used_fair,used_good",11,2026-08-24T17:54:25+00:00
551e9be9-3e92-4305-bae7-8ecf86b05e71,bef562aa-7b99-4438-b976-0c3e350379ee,category,furniture,2,2026-08-24T17:54:49+00:00
7e62757a-677c-4ff7-a2a6-d4befbe4ad6c,0a9a118f-fbfc-414d-a857-63246dad3ee3,radius_mi,0.5,32,2026-08-26T04:14:40+00:00
d754f20c-fdae-44e5-9831-0ff6dc456ae8,0a9a118f-fbfc-414d-a857-63246dad3ee3,same_school,on,0,2026-08-26T04:14:56+00:00
bf76a6d7-56e4-40b5-a78e-d06edebf3010,6cad3973-c23d-4cec-bb0c-6ecf78003373,same_zip,on,97,2026-08-27T01:32:21+00:00
9ea1b804-7a51-4c41-81c1-b1c9643f73dc,6cad3973-c23d-4cec-bb0c-6ecf78003373,radius_mi,5.0,97,2026-08-27T01:32:33+00:00
35745672-8171-4e06-8ee6-a73c4df5cf11,6cad3973-c23d-4cec-bb0c-6ecf78003373,same_school,on,8,2026-08-27T01:33:16+00:00
530e13e3-89e5-4a68-8dcf-0fb1087817b8,6cad3973-c23d-4cec-bb0c-6ecf78003373,same_school,off,97,2026-08-27T01:33:41+00:00
a048fdd5-7ebc-439f-9e93-4b448dc48c3b,00501fb4-95d9-40ea-9f41-8fe9015dbc62,condition,new,54,2026-08-27T12:27:11+00:00
1903aff1-2938-45e5-a5e2-a1687d9fa960,00501fb4-95d9-40ea-9f41-8fe9015dbc62,same_school,on,3,2026-08-27T12:27:42+00:00
664527d5-2147-4a0b-8032-f81b8f2d4729,00501fb4-95d9-40ea-9f41-8fe9015dbc62,condition,"new,used_fair",12,2026-08-27T12:28:40+00:00
227e794b-459d-4c7c-b1ec-fd5afd6dd095,00501fb4-95d9-40ea-9f41-8fe9015dbc62,radius_mi,0.5,9,2026-08-27T12:29:57+00:00
86c25ece-560c-46d1-ad4a-36fd958b5ec7,00501fb4-95d9-40ea-9f41-8fe9015dbc62,radius_mi,2.5,12,2026-08-27T12:30:12+00:00
0abfa767-7062-4d52-bd33-ba062259246d,00501fb4-95d9-40ea-9f41-8fe9015dbc62,category,clothing,1,2026-08-27T12:30:38+00:00
e7536769-b1a2-4203-b91c-7993b160be82,21f12625-f34e-45b3-aa99-2c07287fc8b7,condition,like_new,231,2026-08-27T14:39:49+00:00
deb4e40b-374e-4ba8-b398-b04706232952,21f12625-f34e-45b3-aa99-2c07287fc8b7,category,clothing,32,2026-08-27T14:40:26+00:00
2e002368-747a-4742-a093-811e73ddc2b9,21f12625-f34e-45b3-aa99-2c07287fc8b7,same_zip,on,14,2026-08-27T14:40:53+00:00
3a0d0f80-b723-44ae-b5ff-a61c380d3a3e,21f12625-f34e-45b3-aa99-2c07287fc8b7,same_nationality,on,7,2026-08-27T14:41:01+00:00
86a33d03-93d3-42d8-8d58-fd4046c42caf,21f12625-f34e-45b3-aa99-2c07287fc8b7,same_zip,off,13,2026-08-27T14:42:11+00:00
02c593c3-3edc-4d34-b477-9d063d2eaabb,21f12625-f34e-45b3-aa99-2c07287fc8b7,same_nationality,off,32,2026-08-27T14:43:29+00:00
67521603-9121-40bb-87cc-d106d6cbc4d8,38a49d66-48fd-40a7-a3f2-1b14bfcba13c,radius_mi,0.5,361,2026-08-28T08:40:36+00:00
619302f8-37ea-4164-9970-3771c8b80b67,38a49d66-48fd-40a7-a3f2-1b14bfcba13c,condition,new,23,2026-08-28T08:41:26+00:00
4a5ccad2-1667-41f8-a264-140f75b77b3b,38a49d66-48fd-40a7-a3f2-1b14bfcba13c,same_school,on,1,2026-08-28T08:42:41+00:00
6cbd1811-585c-43b7-ad73-a609ab908038,38a49d66-48fd-40a7-a3f2-1b14bfcba13c,same_school,off,23,2026-08-28T08:42:57+00:00
614d3d7c-0c18-47bc-aaea-4488067fcf19,38a49d66-48fd-40a7-a3f2-1b14bfcba13c,same_zip,on,23,2026-08-28T08:43:56+00:00
e36e7524-ef00-4913-a5f8-e25a6a3cb5b3,38a49d66-48fd-40a7-a3f2-1b14bfcba13c,condition,"like_new,new",135,2026-08-28T08:45:25+00:00
94d90f45-d5d5-497e-8859-6ce8820de177,bc0e5868-3a1d-4493-ad13-df81dcf8102c,category,textbooks,149,2026-08-28T10:41:50+00:00
170b1f71-943b-4727-a105-84546f8434ef,bc0e5868-3a1d-4493-ad13-df81dcf8102c,same_school,on,18,2026-08-28T10:42:39+00:00
765661c9-4f58-4690-a429-46d7c854db7d,bc0e5868-3a1d-4493-ad13-df81dcf8102c,category,"free_stuff,textbooks",21,2026-08-28T10:43:45+00:00
3d8ab4c6-143f-45a7-8d18-f41e9f1c05f8,bc0e5868-3a1d-4493-ad13-df81dcf8102c,category,"bikes_transport,free_stuff,textbooks",26,2026-08-28T10:45:02+00:00
ec3aee96-d4c5-4f47-a783-a9738370d562,bc0e5868-3a1d-4493-ad13-df81dcf8102c,same_zip,on,1,2026-08-28T10:45:49+00:00
0aeebf38-bfd0-464f-92fe-673b6692f88f,d97c38cc-0971-42dd-869d-988ad7864fdb,same_school,on,1,2026-08-28T11:07:44+00:00
78fe8a9c-61a5-4ce8-8296-3f1009c19ee3,d97c38cc-0971-42dd-869d-988ad7864fdb,same_zip,on,1,2026-08-28T11:07:55+00:00
19141671-7445-4aa1-8e6b-97117f93d29f,d97c38cc-0971-42dd-869d-988ad7864fdb,category,bikes_transport,0,2026-08-28T11:08:24+00:00
e482c519-c1fe-43fc-bf95-6c0fef5bb92b,d97c38cc-0971-42dd-869d-988ad7864fdb,condition,used_fair,0,2026-08-28T11:09:17+00:00
5c7e8ad1-b970-456f-a3c2-1d87b56f79b5,6cad3973-c23d-4cec-bb0c-6ecf78003373,condition,like_new,203,2026-08-28T20:47:22+00:00
2fab61b1-790d-45e2-ac94-61b398b6ae3b,6cad3973-c23d-4cec-bb0c-6ecf78003373,same_zip,on,24,2026-08-28T20:47:34+00:00
a0fa0ff2-217a-4e8f-a8fd-617d21aacc8f,6cad3973-c23d-4cec-bb0c-6ecf78003373,category,textbooks,5,2026-08-28T20:47:45+00:00
b335ee48-cd4b-4beb-9ff6-9c8507d235ec,6cad3973-c23d-4cec-bb0c-6ecf78003373,condition,"like_new,new",7,2026-08-28T20:48:24+00:00
75e5a445-f0b7-4b68-bbb2-197372f92602,6cad3973-c23d-4cec-bb0c-6ecf78003373,condition,like_new,5,2026-08-28T20:49:18+00:00
b84ae0af-3d66-4df4-9540-0db062819f8d,af26e6af-f119-4246-ae97-0fc783273d09,radius_mi,2.5,261,2026-08-29T00:01:54+00:00
c698a6d6-cd20-4671-828a-225fff61d02b,af26e6af-f119-4246-ae97-0fc783273d09,same_school,on,11,2026-08-29T00:02:08+00:00
4f965e1a-ac24-48c7-bd17-8e1a5e28464a,af26e6af-f119-4246-ae97-0fc783273d09,radius_mi,0.5,0,2026-08-29T00:03:16+00:00
337bd56e-6f68-4fe6-b41e-687ee82ea6c1,0d96e00f-74b3-437c-8105-b3ac48dba63d,category,electronics,97,2026-08-29T02:10:23+00:00
8c5c1af6-092b-415b-bd64-71cec601ad0a,0d96e00f-74b3-437c-8105-b3ac48dba63d,same_school,on,14,2026-08-29T02:10:53+00:00
074ac61e-66fc-4f65-9c26-beda35544e6d,0d96e00f-74b3-437c-8105-b3ac48dba63d,radius_mi,5.0,16,2026-08-29T02:12:20+00:00
83f28578-e2e4-4892-8bec-8e089333af8f,0d96e00f-74b3-437c-8105-b3ac48dba63d,condition,new,2,2026-08-29T02:13:22+00:00
497847a9-08a9-495f-8286-5cfb7764b748,0d96e00f-74b3-437c-8105-b3ac48dba63d,condition,"like_new,new",7,2026-08-29T02:14:52+00:00
ebede7c5-e26a-437f-834f-150c0c2bcd9f,0d96e00f-74b3-437c-8105-b3ac48dba63d,category,"electronics,free_stuff",7,2026-08-29T02:15:48+00:00
4cf8a385-2ffd-4f01-84e4-3b5e820d403b,88942c42-e7fc-4711-8a66-3b2c75c38bcd,same_zip,on,40,2026-08-29T02:28:08+00:00
afd2560b-ba69-4945-9757-b25fd3307833,88942c42-e7fc-4711-8a66-3b2c75c38bcd,same_zip,off,40,2026-08-29T02:28:47+00:00
897d44a6-7c83-4644-bed2-e61cfd1a4489,88942c42-e7fc-4711-8a66-3b2c75c38bcd,same_nationality,off,364,2026-08-29T02:29:21+00:00
f71edbc3-9d6e-4f5a-bc86-653de597efe9,88942c42-e7fc-4711-8a66-3b2c75c38bcd,condition,used_good,173,2026-08-29T02:29:50+00:00
9adcc4a2-3380-4b50-b0ad-30e0f394aa6c,45f130cc-34a3-4ca4-9ab0-3af07f0467c9,category,free_stuff,20,2026-08-29T04:33:19+00:00
c93e2b3a-01ee-4136-a7f2-8bdaffd53a5e,45f130cc-34a3-4ca4-9ab0-3af07f0467c9,condition,new,0,2026-08-29T04:34:49+00:00
43dbe7b3-4ae0-4057-bf58-38b2aa848042,c112ea1d-a569-465d-950b-de9669ed8cb8,same_school,on,133,2026-08-29T04:37:48+00:00
bf68d372-4831-47ce-b724-688571c5f912,c112ea1d-a569-465d-950b-de9669ed8cb8,radius_mi,2.5,133,2026-08-29T04:38:27+00:00
7007ebcd-8443-4c31-b5b4-65087c99aa3c,b4873cd1-b543-4232-ba4e-8dd873f8eef3,same_zip,on,357,2026-08-29T09:48:50+00:00
0553fa55-9553-4fb2-8922-4dc080d904e5,b4873cd1-b543-4232-ba4e-8dd873f8eef3,condition,like_new,112,2026-08-29T09:48:54+00:00
10e7724e-335f-4cc3-be3c-2e16f610bf96,b4873cd1-b543-4232-ba4e-8dd873f8eef3,same_zip,off,210,2026-08-29T09:49:44+00:00
19781fd2-1d5f-4dc0-98df-c94c93fae4d5,41583495-38b9-4f40-b6fe-64577f910a54,same_nationality,on,18,2026-08-29T09:50:33+00:00
d9910446-0fd4-49a9-9ebd-9cdbac71edb8,b4873cd1-b543-4232-ba4e-8dd873f8eef3,same_zip,on,112,2026-08-29T09:50:45+00:00
f31d2003-db44-4f58-91cb-1a020028a8f0,41583495-38b9-4f40-b6fe-64577f910a54,same_zip,on,14,2026-08-29T09:51:18+00:00
a88adbaf-6f2b-428f-8ad8-6f27187c9396,b4873cd1-b543-4232-ba4e-8dd873f8eef3,radius_mi,10.0,112,2026-08-29T09:52:03+00:00
c140f49b-2ef4-48a2-ade8-5ab6197b308b,ce36aea6-fdbd-41f0-af71-96972ce4d5d1,same_nationality,on,88,2026-08-29T10:43:06+00:00
c246acf0-9ce9-41a0-9ba9-ca993aacba72,ce36aea6-fdbd-41f0-af71-96972ce4d5d1,same_zip,on,69,2026-08-29T10:44:12+00:00
97a29959-9f31-4eef-8e86-360db1394501,efa9f68a-aad1-4e2f-8b03-0dfc7b7b5359,condition,used_good,413,2026-08-29T12:39:37+00:00
168d1742-72c2-4842-8b38-00ca75fe1489,efa9f68a-aad1-4e2f-8b03-0dfc7b7b5359,same_nationality,on,3,2026-08-29T12:40:33+00:00
8d122912-ce79-4963-bcee-ec409906e465,efa9f68a-aad1-4e2f-8b03-0dfc7b7b5359,radius_mi,0.5,1,2026-08-29T12:41:41+00:00
7a38386d-0148-4348-b25a-059000d81d44,efa9f68a-aad1-4e2f-8b03-0dfc7b7b5359,same_nationality,off,63,2026-08-29T12:42:30+00:00
bcce1dd3-215c-45b9-93b6-322e51bad298,fa65f23e-a8d7-4403-983c-d459dbeaa4cf,same_school,on,13,2026-08-29T17:08:38+00:00
15bfab6f-db38-4e70-9691-d61b863a7617,fa65f23e-a8d7-4403-983c-d459dbeaa4cf,condition,used_fair,3,2026-08-29T17:10:05+00:00
2facb656-f760-4106-90d8-3c56a676bb50,fa65f23e-a8d7-4403-983c-d459dbeaa4cf,radius_mi,0.5,1,2026-08-29T17:10:17+00:00
4599fdae-aaf2-419f-89e9-f0e435c4b1b6,fa65f23e-a8d7-4403-983c-d459dbeaa4cf,same_school,off,53,2026-08-29T17:11:31+00:00
4acc22cb-8f32-48b0-81b3-431719309cab,fa65f23e-a8d7-4403-983c-d459dbeaa4cf,same_zip,on,51,2026-08-29T17:11:45+00:00
166f527e-3f97-4ac8-ab02-530db457b463,88d19145-cd30-418a-b753-125eeb7c0dab,category,clothing,5,2026-08-29T18:24:33+00:00
2bbc311b-1a76-4b41-a166-dc62e06ecc70,88d19145-cd30-418a-b753-125eeb7c0dab,same_nationality,on,0,2026-08-29T18:25:54+00:00
12cebb4f-0bdf-4655-9058-4a5c0680e90e,4bcfb395-99a4-40b8-a38e-0576e4ded0dd,radius_mi,1.0,525,2026-08-29T19:22:43+00:00
0e8b9637-cf29-4b26-a880-fbffe0b492ed,4bcfb395-99a4-40b8-a38e-0576e4ded0dd,category,sports,20,2026-08-29T19:23:09+00:00
6c3c00f3-eb23-4f18-a33c-271b823027f9,4bcfb395-99a4-40b8-a38e-0576e4ded0dd,condition,like_new,6,2026-08-29T19:23:33+00:00
1261fb8a-0466-46ae-8f0b-072c8daae478,4bcfb395-99a4-40b8-a38e-0576e4ded0dd,same_school,on,0,2026-08-29T19:24:17+00:00
32e7880b-f109-4f06-b3e8-9b1a1ae09281,4bcfb395-99a4-40b8-a38e-0576e4ded0dd,same_zip,on,0,2026-08-29T19:25:28+00:00
9b8fe05a-0f29-4735-8830-58e9352f0add,4bcfb395-99a4-40b8-a38e-0576e4ded0dd,category,"bikes_transport,sports",0,2026-08-29T19:25:42+00:00
91f0047e-0b8a-44df-ad97-3c765e66060f,76948275-fc48-4c3e-b731-4436f90cd800,same_nationality,off,279,2026-08-29T21:26:50+00:00
2ebdb68f-953c-4f16-a783-a7764f13a57a,76948275-fc48-4c3e-b731-4436f90cd800,condition,used_fair,47,2026-08-29T21:27:06+00:00
52096004-6119-455d-8dae-deee78955741,76948275-fc48-4c3e-b731-4436f90cd800,category,kitchen_home,6,2026-08-29T21:27:29+00:00
4d504696-79fd-499f-9253-70d6d95f6226,76948275-fc48-4c3e-b731-4436f90cd800,same_zip,on,0,2026-08-29T21:28:10+00:00
ad4788b2-0304-4920-b248-a9bab1f0fed9,76948275-fc48-4c3e-b731-4436f90cd800,same_nationality,on,0,2026-08-29T21:28:51+00:00
215c03bf-9e5d-4fce-8b49-bcb58b582558,dfb7e95f-260e-477a-a24a-a98cf163a43a,category,electronics,3,2026-08-29T21:59:46+00:00
88ba748e-f474-4fdc-b84d-416d42efbb34,dfb7e95f-260e-477a-a24a-a98cf163a43a,condition,like_new,1,2026-08-29T22:00:33+00:00
c1189e40-febb-45f7-9cb9-ee94ec4aeb1f,dfb7e95f-260e-477a-a24a-a98cf163a43a,radius_mi,1.0,0,2026-08-29T22:01:20+00:00
e10283d5-1c41-4564-b345-8f8f4410d476,dfb7e95f-260e-477a-a24a-a98cf163a43a,same_nationality,on,0,2026-08-29T22:02:46+00:00
d647b07f-a43d-4ab2-bfa4-551ba98a986e,dfb7e95f-260e-477a-a24a-a98cf163a43a,same_nationality,off,0,2026-08-29T22:04:06+00:00
f545132b-d6ae-4be0-bc10-cf95655097f0,dfb7e95f-260e-477a-a24a-a98cf163a43a,condition,"like_new,new",0,2026-08-29T22:04:44+00:00
fe34a4f6-291a-4ec6-be42-8ea7e7ead6e5,16a5e102-25e6-4b46-9d06-422d559d57d9,same_nationality,off,761,2026-08-30T02:45:56+00:00
d1b2d21f-cedd-4cb6-a9cb-de135cd057a7,16a5e102-25e6-4b46-9d06-422d559d57d9,same_school,on,149,2026-08-30T02:46:59+00:00
447e5706-aebd-4257-a1bb-2adad4b45df6,121e25af-350e-40d4-a820-05aa0e8d09c2,same_nationality,on,1,2026-08-30T03:52:28+00:00
bf86318e-46aa-491f-a839-7525aebc29dc,121e25af-350e-40d4-a820-05aa0e8d09c2,category,clothing,0,2026-08-30T03:53:18+00:00
f9c194c0-e0f0-49ec-b3e1-cb9e1728e3a6,eee7dc3e-420f-4335-ac67-80899138e592,category,kitchen_home,45,2026-08-30T05:20:08+00:00
ce39b405-df2a-421d-a406-71cf9f76eb28,eee7dc3e-420f-4335-ac67-80899138e592,same_school,on,1,2026-08-30T05:20:16+00:00
98be53f6-258e-4693-a6be-cb2c876ab9ad,eee7dc3e-420f-4335-ac67-80899138e592,same_school,off,45,2026-08-30T05:21:37+00:00
aeceeff7-0724-4b5a-94ce-a3c7a2bb6686,eee7dc3e-420f-4335-ac67-80899138e592,same_school,on,1,2026-08-30T05:22:22+00:00
a784fedc-b6fd-4dce-a2c2-16f09a339e77,eee7dc3e-420f-4335-ac67-80899138e592,condition,used_fair,0,2026-08-30T05:23:36+00:00
e8f6f502-5cb5-492f-92b9-8aefbc9a867f,eee7dc3e-420f-4335-ac67-80899138e592,same_nationality,on,0,2026-08-30T05:24:03+00:00
12324d8c-181e-4728-ba0a-a034b3d5292e,d39c20a8-8fd3-4fa9-945c-0b443b47eb0a,category,textbooks,4,2026-08-30T05:28:26+00:00
3df2019d-410b-4f69-b9b3-bb684c349858,d39c20a8-8fd3-4fa9-945c-0b443b47eb0a,same_nationality,on,0,2026-08-30T05:29:00+00:00
de2288a6-94dd-46f5-bd03-04008b1ab799,d39c20a8-8fd3-4fa9-945c-0b443b47eb0a,radius_mi,0.5,0,2026-08-30T05:29:33+00:00
58930f3a-d26a-45a8-9ff0-e3701203c41b,72e35762-f61b-4fa5-b57c-101e47da2fb9,condition,used_fair,0,2026-08-30T06:20:38+00:00
51e0aff0-507c-45ae-a586-66422959f7a2,72e35762-f61b-4fa5-b57c-101e47da2fb9,same_zip,on,0,2026-08-30T06:21:16+00:00
2a8afee0-7543-4458-83f3-0ad4b68db457,72e35762-f61b-4fa5-b57c-101e47da2fb9,same_zip,off,0,2026-08-30T06:21:21+00:00
b690c876-5901-42c7-8456-b36ce842aa41,72e35762-f61b-4fa5-b57c-101e47da2fb9,radius_mi,0.5,0,2026-08-30T06:21:28+00:00
d2b97cfa-f722-4807-85e1-3a93eb38521f,88d19145-cd30-418a-b753-125eeb7c0dab,same_school,on,2,2026-08-30T06:36:04+00:00
0e8137e4-d1f3-40f1-9536-0a15e52dd276,88d19145-cd30-418a-b753-125eeb7c0dab,same_zip,on,0,2026-08-30T06:37:24+00:00
fa8306b1-3770-4707-b7f9-0f663ae2861e,0209100d-8ff5-4765-ac79-0e73e4267e70,same_nationality,on,49,2026-08-30T07:14:49+00:00
9f486264-3314-4f8c-a5fb-da147a18ca16,0209100d-8ff5-4765-ac79-0e73e4267e70,same_zip,on,1,2026-08-30T07:15:00+00:00
b92683bc-839e-4d95-b77f-b00aebfa6c58,0209100d-8ff5-4765-ac79-0e73e4267e70,radius_mi,2.5,1,2026-08-30T07:15:52+00:00
eb83eb6a-a501-4bde-bc52-89da92c71fd1,bd335a64-6c2f-4d90-b3fc-221c08d817f0,same_school,on,120,2026-08-30T10:10:43+00:00
144733c3-f45c-4a97-b195-345e2fc6df47,bd335a64-6c2f-4d90-b3fc-221c08d817f0,radius_mi,2.5,120,2026-08-30T10:11:31+00:00
ea81d76a-87c5-49c2-b97b-ff7b249a866e,bd335a64-6c2f-4d90-b3fc-221c08d817f0,condition,used_fair,15,2026-08-30T10:12:11+00:00
c9598a62-0b53-4d42-89b4-48ff9b450514,bd335a64-6c2f-4d90-b3fc-221c08d817f0,category,clothing,0,2026-08-30T10:12:59+00:00
281c1da2-64cb-495b-8d70-2aba6ba48361,eee7dc3e-420f-4335-ac67-80899138e592,category,kitchen_home,45,2026-08-30T10:22:28+00:00
d59d423a-5e0a-4743-9a07-3cd199a94d74,eee7dc3e-420f-4335-ac67-80899138e592,same_nationality,on,11,2026-08-30T10:23:29+00:00
2982af77-fe46-4ff2-baaf-a22692b3969e,b87fa7ae-7016-46ff-bf10-b0be3cd2d358,condition,used_fair,88,2026-08-30T10:34:54+00:00
52658120-05aa-4609-af8b-4818500f0dc5,b87fa7ae-7016-46ff-bf10-b0be3cd2d358,category,kitchen_home,9,2026-08-30T10:35:46+00:00
fdb5b159-bc51-43b1-834a-70b91e2b9900,b87fa7ae-7016-46ff-bf10-b0be3cd2d358,category,"kitchen_home,textbooks",17,2026-08-30T10:35:53+00:00
40ee4ce9-e946-4f76-b82b-a17a42a2568c,b87fa7ae-7016-46ff-bf10-b0be3cd2d358,same_zip,on,2,2026-08-30T10:36:34+00:00
a2f56695-7358-4ace-b4fe-520b8ec8fe62,b87fa7ae-7016-46ff-bf10-b0be3cd2d358,same_nationality,on,0,2026-08-30T10:36:58+00:00
b0e7ca9b-677a-442c-9409-694add24c338,f47c3631-ad35-4a80-9e65-e37d2e59dfa8,radius_mi,5.0,1,2026-08-30T12:03:44+00:00
cce5db7f-f7e9-4801-a43d-3347f6f5acb6,f47c3631-ad35-4a80-9e65-e37d2e59dfa8,radius_mi,10.0,1,2026-08-30T12:04:50+00:00
3fe64fb2-3e81-4c5f-a1b1-a86257509826,f47c3631-ad35-4a80-9e65-e37d2e59dfa8,condition,new,0,2026-08-30T12:05:46+00:00
eeb97279-f820-481e-9c2b-4f52b689c25e,f47c3631-ad35-4a80-9e65-e37d2e59dfa8,same_school,on,0,2026-08-30T12:06:50+00:00
43ab07c5-feca-4439-a1a9-9970a80e11d8,f47c3631-ad35-4a80-9e65-e37d2e59dfa8,same_nationality,on,0,2026-08-30T12:07:18+00:00
dbf10f8f-7445-4d41-a534-f671ee15f019,f47c3631-ad35-4a80-9e65-e37d2e59dfa8,same_nationality,on,0,2026-08-30T13:08:05+00:00
9e1a1e3c-28a8-4d08-a903-0aa8b7aa4ce2,f47c3631-ad35-4a80-9e65-e37d2e59dfa8,same_nationality,off,1,2026-08-30T13:08:22+00:00
d624e95d-f6e5-4c0c-a7da-ca148aed9965,f47c3631-ad35-4a80-9e65-e37d2e59dfa8,same_nationality,on,0,2026-08-30T13:08:47+00:00
896a78c4-3a90-42c6-9c46-9e595236763d,6e0a545d-7359-4e4b-8579-a4726131d1bf,same_school,on,28,2026-08-30T13:42:21+00:00
b1e69edb-3690-430c-aff4-ebdf8a25b2e1,6e0a545d-7359-4e4b-8579-a4726131d1bf,radius_mi,0.5,1,2026-08-30T13:43:29+00:00
5c660ad5-cbcd-4c74-9110-ed5f375905c6,38a49d66-48fd-40a7-a3f2-1b14bfcba13c,condition,used_fair,121,2026-08-30T14:04:43+00:00
2aa119fc-2a58-4a4b-a5a7-85258a36aed1,38a49d66-48fd-40a7-a3f2-1b14bfcba13c,radius_mi,0.5,53,2026-08-30T14:04:57+00:00
18d2065f-5570-4cd2-a2cd-eee1fda0d22d,38a49d66-48fd-40a7-a3f2-1b14bfcba13c,radius_mi,0.5,53,2026-08-30T14:06:11+00:00
666620b3-8d05-4e80-9c79-68f3263b4e77,38a49d66-48fd-40a7-a3f2-1b14bfcba13c,category,sports,0,2026-08-30T14:07:28+00:00
46015642-851b-4833-923b-b9fd87710469,38a49d66-48fd-40a7-a3f2-1b14bfcba13c,same_zip,on,0,2026-08-30T14:08:34+00:00
897f3a59-7476-4455-a202-06ac076ad2e6,0df640c9-0d2d-4b14-986d-e7651c61fdff,same_nationality,on,10,2026-08-30T14:46:21+00:00
96053f74-9c49-454d-8fb7-c27aa22ab684,0df640c9-0d2d-4b14-986d-e7651c61fdff,category,bikes_transport,2,2026-08-30T14:47:50+00:00
8be992ff-293c-48ae-a911-e562c728801d,0df640c9-0d2d-4b14-986d-e7651c61fdff,condition,new,0,2026-08-30T14:48:45+00:00
c35e713a-073e-482c-9db6-a34e3ec6eca1,aecd8b7b-3750-4508-a0fb-e02d38d0a892,same_nationality,on,21,2026-08-30T15:19:02+00:00
a86063f8-e15b-46dc-b49a-5419ba2b1f14,aecd8b7b-3750-4508-a0fb-e02d38d0a892,condition,like_new,7,2026-08-30T15:19:08+00:00
a74315a8-5847-426f-928f-08ad19467149,aecd8b7b-3750-4508-a0fb-e02d38d0a892,same_school,on,0,2026-08-30T15:20:15+00:00
c7446df3-7d4c-4e74-8584-dfcd5e388b71,aecd8b7b-3750-4508-a0fb-e02d38d0a892,condition,"like_new,used_fair",0,2026-08-30T15:20:21+00:00
85a6502b-6228-4c95-935a-ca5c5a93868f,aecd8b7b-3750-4508-a0fb-e02d38d0a892,radius_mi,1.0,0,2026-08-30T15:20:28+00:00
a99e335e-4fe9-4c36-957b-c24bd8bcfbe8,5e792d2c-8426-4884-9092-5acfa7c688ed,same_school,on,88,2026-08-30T20:58:42+00:00
9195319b-1b2f-411f-945a-ca9741cceb43,5e792d2c-8426-4884-9092-5acfa7c688ed,same_school,off,765,2026-08-30T21:00:12+00:00
8ca2a93b-6108-49fa-a674-75bcbf0a407d,00296b33-329f-46d8-9082-9b01bcadd0ad,condition,new,13,2026-08-30T21:02:05+00:00
1e65a593-89bf-41b1-94d2-91836022ef62,00296b33-329f-46d8-9082-9b01bcadd0ad,radius_mi,0.5,1,2026-08-30T21:02:17+00:00
c459366a-f766-46d0-848c-c901f5cfcec4,ddd1c048-ef55-4690-955b-c869f4c05bc7,same_zip,on,363,2026-08-30T22:50:05+00:00
fb620560-3a22-44a0-96f8-800663b91a4d,ddd1c048-ef55-4690-955b-c869f4c05bc7,radius_mi,1.0,363,2026-08-30T22:50:55+00:00
f70e6fed-c6f3-4105-8fbd-eff0ce216615,ddd1c048-ef55-4690-955b-c869f4c05bc7,same_zip,off,533,2026-08-30T22:52:23+00:00
7138a8d2-e668-411e-9eba-6398f38deeb1,ddd1c048-ef55-4690-955b-c869f4c05bc7,category,sports,20,2026-08-30T22:52:58+00:00
e0a12dce-429e-4e46-91a2-6e17fe9f7e17,67ff0ec2-d4f8-457e-9414-c4d5aebed4a0,same_school,off,534,2026-08-31T01:52:14+00:00
955ff341-18d0-47c0-9592-8a1a7aa627bd,67ff0ec2-d4f8-457e-9414-c4d5aebed4a0,radius_mi,1.0,534,2026-08-31T01:52:37+00:00
fe85788f-881b-41d9-8ee9-4ac5a56807d8,67ff0ec2-d4f8-457e-9414-c4d5aebed4a0,condition,like_new,155,2026-08-31T01:52:48+00:00
49f30023-6634-475f-b777-3e51542e444f,67ff0ec2-d4f8-457e-9414-c4d5aebed4a0,same_zip,on,115,2026-08-31T01:53:06+00:00
5d64baf2-cd37-4b07-b57a-33a9a9f14a67,67ff0ec2-d4f8-457e-9414-c4d5aebed4a0,same_zip,off,155,2026-08-31T01:53:59+00:00
0ebde440-9206-430b-a3f4-829925025354,88942c42-e7fc-4711-8a66-3b2c75c38bcd,condition,like_new,9,2026-08-31T02:24:21+00:00
c738b1f7-67e2-4736-95ec-3fe12e207e28,88942c42-e7fc-4711-8a66-3b2c75c38bcd,same_nationality,off,117,2026-08-31T02:25:01+00:00
5d447b0b-564a-4c3b-a303-805fb2cc9904,16a5e102-25e6-4b46-9d06-422d559d57d9,same_school,on,0,2026-08-31T04:51:19+00:00
ef454c8a-5648-4cef-be4f-feba926465c7,16a5e102-25e6-4b46-9d06-422d559d57d9,same_school,off,6,2026-08-31T04:51:34+00:00
aef52ae6-cfdc-4643-a951-ba4ebddb85c7,f47c3631-ad35-4a80-9e65-e37d2e59dfa8,radius_mi,5.0,1,2026-08-31T05:11:06+00:00
5db7b87c-d6f4-4770-b58d-2a5f2bd81d7a,f47c3631-ad35-4a80-9e65-e37d2e59dfa8,same_school,on,1,2026-08-31T05:11:58+00:00
adfd7ae0-8f18-422f-aea7-1e2d2e9acf25,f47c3631-ad35-4a80-9e65-e37d2e59dfa8,category,sports,0,2026-08-31T05:12:44+00:00
a3d8a8db-9d41-40ae-9bad-825241f449b4,f47c3631-ad35-4a80-9e65-e37d2e59dfa8,same_school,off,0,2026-08-31T05:14:12+00:00
f21d9cad-0b2b-4bd5-be70-710c1324c70c,3c6efade-ce89-451c-8c2f-a8559830728a,same_nationality,on,1,2026-08-31T06:23:55+00:00
4eb546d4-4fa8-4b69-9150-5a1c355cf4cb,3c6efade-ce89-451c-8c2f-a8559830728a,radius_mi,10.0,3,2026-08-31T06:23:58+00:00
9fe64372-b42c-46b4-a4b8-05465563f1cf,3c6efade-ce89-451c-8c2f-a8559830728a,same_nationality,off,974,2026-08-31T06:25:13+00:00
612cf1d4-5bf4-4242-8264-456f65afa026,3c6efade-ce89-451c-8c2f-a8559830728a,radius_mi,0.5,103,2026-08-31T06:25:58+00:00
8437ae89-5995-49b4-923d-45ff9f2ff50b,3c6efade-ce89-451c-8c2f-a8559830728a,category,sports,3,2026-08-31T06:26:03+00:00
08a6a317-c37c-4932-bbbb-30e41ea68928,1e199245-14ca-432d-8a4f-6937c290bbe6,same_zip,on,2,2026-08-31T06:36:05+00:00
ad40a989-b707-40c4-972c-2a2d47618da2,1e199245-14ca-432d-8a4f-6937c290bbe6,condition,used_fair,0,2026-08-31T06:36:16+00:00
912a12cd-20a9-4f54-8fd9-94763348a935,8ac6c4d2-d139-40ec-9a3e-7bd2347f979a,category,kitchen_home,1,2026-08-31T09:11:06+00:00
ab3f21fc-254c-4de3-ae54-19ac5f926346,8ac6c4d2-d139-40ec-9a3e-7bd2347f979a,same_nationality,off,7,2026-08-31T09:11:59+00:00
1f16a92f-650a-451d-8637-7348a7501a4c,8ac6c4d2-d139-40ec-9a3e-7bd2347f979a,same_zip,on,1,2026-08-31T09:13:12+00:00
03001961-e3e5-4afb-add9-e2b261368005,8ac6c4d2-d139-40ec-9a3e-7bd2347f979a,same_zip,off,7,2026-08-31T09:14:14+00:00
8a21b361-0ca5-4aeb-b1ab-ebba1ce334f8,8ac6c4d2-d139-40ec-9a3e-7bd2347f979a,radius_mi,5.0,99,2026-08-31T09:14:31+00:00
99bc7c33-44fa-43c2-90ac-5eec4522b805,2290fc6a-058b-4106-953c-82c4bb71b745,same_zip,on,5,2026-08-31T12:47:46+00:00
6893e314-9510-4ad1-a618-af93ddbe8143,2290fc6a-058b-4106-953c-82c4bb71b745,category,bikes_transport,1,2026-08-31T12:48:07+00:00
64b26be0-2481-4cf2-97f2-a8c31e55d9c0,ae2baad0-8a1c-4eee-a2f9-37fb4761b29d,category,textbooks,7,2026-08-31T15:05:59+00:00
62df5807-b16d-4121-be69-f23d45285b57,ae2baad0-8a1c-4eee-a2f9-37fb4761b29d,same_school,on,0,2026-08-31T15:06:59+00:00
1ec37480-bc26-4c04-b38d-c9fcbc3698e3,15565b9f-ea60-4c29-aba6-7b4ff016eb2d,same_school,on,148,2026-08-31T15:31:46+00:00
857c6d1e-7b94-4799-af86-1b9410dba5d8,15565b9f-ea60-4c29-aba6-7b4ff016eb2d,condition,new,5,2026-08-31T15:33:03+00:00
c70f51bc-a014-418d-aa07-91133d4cc277,15565b9f-ea60-4c29-aba6-7b4ff016eb2d,same_zip,on,0,2026-08-31T15:34:15+00:00
77b88334-2945-406f-bf73-79ab8c9a3463,15565b9f-ea60-4c29-aba6-7b4ff016eb2d,same_school,off,5,2026-08-31T15:35:08+00:00
ab79a3b1-3d70-41d0-b848-55898c495ef2,15565b9f-ea60-4c29-aba6-7b4ff016eb2d,same_zip,off,55,2026-08-31T15:35:34+00:00
faf2dd56-9114-497d-bb72-e580cdec096d,1d4a19a6-83ef-48c9-a9fd-e6dc4b81c1a8,same_nationality,off,364,2026-08-31T16:09:40+00:00
a4fd2933-acb0-4921-8750-7c6b049f8dbd,1d4a19a6-83ef-48c9-a9fd-e6dc4b81c1a8,radius_mi,10.0,364,2026-08-31T16:10:30+00:00
fbc7823d-5b17-4f38-9092-21dfc93dea17,1d4a19a6-83ef-48c9-a9fd-e6dc4b81c1a8,radius_mi,0.5,364,2026-08-31T16:11:04+00:00
9f743368-e255-460b-b670-ac77fc0e47ac,1d4a19a6-83ef-48c9-a9fd-e6dc4b81c1a8,same_zip,off,373,2026-08-31T16:11:23+00:00
a07f8c3b-dfdc-4b8d-b627-37f2cd2f7550,aa179f68-3aae-4474-991e-448842620800,same_school,on,42,2026-08-31T17:55:06+00:00
a1584f07-2f4c-469f-851c-2bd86943c397,aa179f68-3aae-4474-991e-448842620800,same_zip,on,7,2026-08-31T17:56:36+00:00
fbc02ca8-0f2c-4a4d-9eca-10b542f31404,aa179f68-3aae-4474-991e-448842620800,condition,used_fair,1,2026-08-31T17:57:58+00:00
cb480bfc-9633-4e69-b974-0d419cce5e73,aa179f68-3aae-4474-991e-448842620800,same_zip,off,5,2026-08-31T17:58:06+00:00
72a670c3-c2a8-4431-9c05-318ca255606d,aa179f68-3aae-4474-991e-448842620800,same_nationality,on,0,2026-08-31T17:59:22+00:00
f9f8623f-c4eb-4dc5-9103-3ba9955c5c45,800cb3cb-ff3e-4e67-aa78-d084be9ab0b9,same_zip,off,778,2026-08-31T18:39:12+00:00
f4b2be8a-3462-4b75-a500-2ef2e8cccfda,800cb3cb-ff3e-4e67-aa78-d084be9ab0b9,radius_mi,10.0,1006,2026-08-31T18:39:53+00:00
6a2d5883-72c7-4e7f-a6a9-28c8c9636a66,800cb3cb-ff3e-4e67-aa78-d084be9ab0b9,same_school,on,16,2026-08-31T18:40:33+00:00
1a1d554b-1c65-450d-82bf-8d4b67cb78ef,800cb3cb-ff3e-4e67-aa78-d084be9ab0b9,same_nationality,on,0,2026-08-31T18:40:45+00:00
cda9941a-a14c-4dad-981a-eaf63ebc1106,800cb3cb-ff3e-4e67-aa78-d084be9ab0b9,same_nationality,off,16,2026-08-31T18:41:17+00:00
f236b4cb-91f0-47aa-a15f-fe1cf468efa6,f1a0ec25-92c1-456d-bc62-93f211e3df90,condition,used_fair,124,2026-08-31T20:01:50+00:00
5f15408d-f164-4c03-906d-03c12b5ddf7c,f1a0ec25-92c1-456d-bc62-93f211e3df90,same_nationality,on,35,2026-08-31T20:03:04+00:00
9669fc8c-6595-4af3-a2bc-858c0307558c,88d19145-cd30-418a-b753-125eeb7c0dab,same_nationality,on,0,2026-08-31T20:58:50+00:00
ac4110b9-d898-459a-8cc2-2baa0314c038,88d19145-cd30-418a-b753-125eeb7c0dab,same_nationality,off,22,2026-08-31T20:59:01+00:00
2592f715-3e47-4128-8bf0-074d0e261c0b,88d19145-cd30-418a-b753-125eeb7c0dab,same_school,on,2,2026-08-31T20:59:06+00:00
b33e747b-20bb-4344-bff7-6a6b7b0c3069,88d19145-cd30-418a-b753-125eeb7c0dab,category,electronics,0,2026-08-31T21:00:22+00:00
b00850e5-0eaa-46d3-9067-d59083bef7d1,88d19145-cd30-418a-b753-125eeb7c0dab,condition,used_good,0,2026-08-31T21:01:43+00:00
dafe857c-c9ff-45e3-9ef8-1c470b0b504c,88d19145-cd30-418a-b753-125eeb7c0dab,category,"electronics,furniture",0,2026-08-31T21:02:24+00:00
17ffc99e-d11c-4da8-9c1a-162786dcfe0f,af26e6af-f119-4246-ae97-0fc783273d09,radius_mi,1.0,25,2026-09-01T01:03:39+00:00
3a7bf36c-8eee-450f-8713-8595d2413616,af26e6af-f119-4246-ae97-0fc783273d09,same_nationality,on,2,2026-09-01T01:04:01+00:00
21fb571f-cb6f-4034-b5a6-eb0cf3a1e4dd,af26e6af-f119-4246-ae97-0fc783273d09,radius_mi,1.0,2,2026-09-01T01:04:11+00:00
54305415-349e-4be8-9f3f-f025fcc835d0,af26e6af-f119-4246-ae97-0fc783273d09,same_nationality,off,25,2026-09-01T01:05:09+00:00
bcb16b93-394f-4e93-8171-e38ba1efc18e,af26e6af-f119-4246-ae97-0fc783273d09,same_zip,on,2,2026-09-01T01:05:51+00:00
98bcca94-28dd-4f5e-a45f-e760b2c360ee,15565b9f-ea60-4c29-aba6-7b4ff016eb2d,same_nationality,on,127,2026-09-01T01:59:48+00:00
df346522-30b6-432e-9365-7ebff8f9102e,15565b9f-ea60-4c29-aba6-7b4ff016eb2d,condition,used_good,60,2026-09-01T02:00:38+00:00
ea89d082-4570-4127-a161-dc5826ce1e9f,15565b9f-ea60-4c29-aba6-7b4ff016eb2d,same_zip,on,10,2026-09-01T02:01:20+00:00
5b32e96e-8e77-4650-b9c2-bbe06a01b1dc,bd335a64-6c2f-4d90-b3fc-221c08d817f0,same_nationality,on,88,2026-09-01T02:47:24+00:00
bb185589-bdf2-40f6-b47f-37d8978271ff,bd335a64-6c2f-4d90-b3fc-221c08d817f0,same_school,on,11,2026-09-01T02:48:05+00:00
5e5a8263-4616-4af8-bfa1-4b864f24e462,bd335a64-6c2f-4d90-b3fc-221c08d817f0,same_zip,on,3,2026-09-01T02:49:06+00:00
3e93b956-54cc-42ab-bd49-8d819084d67f,2f332f44-a56f-479b-9cbc-e26f7dbb675c,same_nationality,on,0,2026-09-01T03:26:34+00:00
72dfc3bc-0c39-4af9-8aba-3fe7d7f2b2b4,2f332f44-a56f-479b-9cbc-e26f7dbb675c,same_zip,on,0,2026-09-01T03:27:22+00:00
e49eb3b3-4e2e-4823-8cb6-24f61894a140,cd32940a-5fc0-4eed-a218-8f6239b804ed,radius_mi,1.0,175,2026-09-01T04:49:52+00:00
934b15c2-d5b1-49a8-ac1f-22e81e42dcbe,cd32940a-5fc0-4eed-a218-8f6239b804ed,same_school,on,6,2026-09-01T04:51:22+00:00
74ffcee5-5a82-4aaf-a36f-4b6743ac8855,cd32940a-5fc0-4eed-a218-8f6239b804ed,same_zip,on,6,2026-09-01T04:52:51+00:00
ef2fe228-7853-4a00-ad14-229172f412a6,cd32940a-5fc0-4eed-a218-8f6239b804ed,category,clothing,0,2026-09-01T04:54:03+00:00
61aeb465-edda-4663-8b45-1225445ceff1,3a27d358-8853-4b53-9ab3-2fa96ae5ee12,same_zip,on,135,2026-09-01T05:13:05+00:00
75b86850-a09f-4cb8-b4c5-14ae7c61a199,3a27d358-8853-4b53-9ab3-2fa96ae5ee12,radius_mi,5.0,135,2026-09-01T05:13:48+00:00
6e3080e0-916b-4a94-af0f-39c8c5330dea,3a27d358-8853-4b53-9ab3-2fa96ae5ee12,radius_mi,0.5,135,2026-09-01T05:14:58+00:00
6a1c6e9a-a3e3-41cd-a144-7e1b6df41508,6e62d7bb-6bda-4ea0-82c5-87c508932975,same_school,off,784,2026-09-01T08:53:47+00:00
8b76df15-a17b-4bd9-bafd-755816dab1e1,6e62d7bb-6bda-4ea0-82c5-87c508932975,radius_mi,1.0,545,2026-09-01T08:54:52+00:00
a9a8f1c6-7c9e-4ea1-86e2-3d83280571d6,4ba80bba-ed9e-4988-b134-58c090db59c4,same_school,on,68,2026-09-01T09:27:43+00:00
8c709847-9ae1-43a6-ba9d-128a27fdf1dc,4ba80bba-ed9e-4988-b134-58c090db59c4,same_zip,on,47,2026-09-01T09:28:17+00:00
3b075c67-711d-4687-b172-9b5073b6d2a7,553046bf-b8f3-4054-8eea-bd6715749b6e,same_school,on,150,2026-09-01T11:02:56+00:00
4b82cd68-b1ed-4ecf-91b5-6128f546301a,553046bf-b8f3-4054-8eea-bd6715749b6e,category,clothing,12,2026-09-01T11:03:14+00:00
0ce1c8a2-e967-4eaa-9dff-585ceede958c,553046bf-b8f3-4054-8eea-bd6715749b6e,category,"clothing,sports",16,2026-09-01T11:03:25+00:00
b93e8077-5ad0-4ba8-a288-11ee5faecc86,553046bf-b8f3-4054-8eea-bd6715749b6e,same_nationality,on,3,2026-09-01T11:04:21+00:00
06f11479-6147-48bf-b67b-28fc0cc6db9d,553046bf-b8f3-4054-8eea-bd6715749b6e,same_nationality,off,16,2026-09-01T11:05:46+00:00
1e2b63f5-f7cc-4224-81b2-7e4c18448563,553046bf-b8f3-4054-8eea-bd6715749b6e,same_school,off,120,2026-09-01T11:06:02+00:00
32977a17-1f94-4e23-bff8-af661592de0e,49ce980a-6ef3-4713-810e-0893158d224c,same_nationality,on,0,2026-09-01T11:55:02+00:00
c23148cf-1e47-4165-b6bc-4c7b8ab73d0a,49ce980a-6ef3-4713-810e-0893158d224c,same_nationality,off,784,2026-09-01T11:55:12+00:00
3d125f1a-3b72-407d-a17f-17e70a7c009e,49ce980a-6ef3-4713-810e-0893158d224c,same_school,on,48,2026-09-01T11:55:47+00:00
e5877be2-f9ae-4d90-b581-9e381117dc4d,49ce980a-6ef3-4713-810e-0893158d224c,same_zip,on,22,2026-09-01T11:56:08+00:00
1a394c4a-a755-4e16-bb00-92d5546741d1,49ce980a-6ef3-4713-810e-0893158d224c,category,furniture,9,2026-09-01T11:56:31+00:00
fe5ee5e9-5226-450a-bd5b-51d6afe770d1,49ce980a-6ef3-4713-810e-0893158d224c,same_school,off,125,2026-09-01T11:56:56+00:00
fd58872d-819a-4045-86a4-33b60734b03b,02c1d507-009d-47f5-8e88-a3363b53d214,same_school,on,0,2026-09-01T12:13:15+00:00
32ba3422-ae3b-4424-bc90-f837dac5a667,02c1d507-009d-47f5-8e88-a3363b53d214,radius_mi,1.0,0,2026-09-01T12:14:33+00:00
a617b3d6-1207-4efd-a244-1c18165fd338,455c0e52-3711-4ae9-b759-518f8656d267,condition,new,59,2026-09-01T18:18:33+00:00
2e10ebf6-7bfc-4d35-ba8f-621cb3cc4c32,455c0e52-3711-4ae9-b759-518f8656d267,same_zip,on,11,2026-09-01T18:18:58+00:00
cd3cb62d-38ef-437d-a10e-03e1043c96e0,455c0e52-3711-4ae9-b759-518f8656d267,same_zip,off,59,2026-09-01T18:20:19+00:00
862137b4-09fd-4684-adfa-01d0d26b7a7c,56a1a0bc-0c49-4321-936f-fc7cfc17d80d,condition,like_new,219,2026-09-01T20:06:32+00:00
d6aa292b-bd22-4dd2-a445-55c45b5d838f,56a1a0bc-0c49-4321-936f-fc7cfc17d80d,category,textbooks,50,2026-09-01T20:07:15+00:00
b9effb2f-3ab0-4704-9810-da15a69ba871,56a1a0bc-0c49-4321-936f-fc7cfc17d80d,radius_mi,10.0,65,2026-09-01T20:08:25+00:00
edf136da-e9cf-47b6-83cc-1366b71a76e6,56a1a0bc-0c49-4321-936f-fc7cfc17d80d,radius_mi,5.0,56,2026-09-01T20:08:37+00:00
3c54d5a3-2b9f-4cbb-89a2-416759601e0f,49ce980a-6ef3-4713-810e-0893158d224c,same_nationality,on,0,2026-09-01T21:38:33+00:00
b40a184b-d35d-4e20-a6f6-2d0a20bd76b2,49ce980a-6ef3-4713-810e-0893158d224c,same_nationality,off,786,2026-09-01T21:38:41+00:00
687f192a-2a33-4e36-a996-ed40abeb7c13,49ce980a-6ef3-4713-810e-0893158d224c,category,clothing,85,2026-09-01T21:39:29+00:00
c98b97e7-2c58-4936-b00d-78877b1e17aa,49ce980a-6ef3-4713-810e-0893158d224c,same_school,on,3,2026-09-01T21:40:52+00:00
5b5ac6c4-404e-40a9-a450-a809073ca866,49ce980a-6ef3-4713-810e-0893158d224c,same_school,off,85,2026-09-01T21:41:55+00:00
4e27a220-6e82-44c2-a324-7f17cb62ea13,49ce980a-6ef3-4713-810e-0893158d224c,radius_mi,2.5,85,2026-09-01T21:42:46+00:00
20bab061-a7c3-4786-b10e-06234c5f323b,d103d768-2880-46ed-b2c3-6b7b04ebc1d8,category,clothing,85,2026-09-01T22:35:01+00:00
8d137ad5-631b-40a4-9db2-9d1b5aa3aed5,d103d768-2880-46ed-b2c3-6b7b04ebc1d8,category,"clothing,textbooks",248,2026-09-01T22:36:31+00:00
af5f7017-66e7-4432-a588-49565171d00b,d103d768-2880-46ed-b2c3-6b7b04ebc1d8,same_nationality,on,3,2026-09-01T22:36:55+00:00
91c3010c-db18-4f23-a0fa-415cc4110774,0df640c9-0d2d-4b14-986d-e7651c61fdff,same_zip,on,0,2026-09-01T22:42:38+00:00
6663ef5a-b9c2-4d98-9084-3b50f53a6c2c,0df640c9-0d2d-4b14-986d-e7651c61fdff,category,kitchen_home,0,2026-09-01T22:42:49+00:00
341a1c82-be66-4646-b0a2-f51e22e5ed3a,0df640c9-0d2d-4b14-986d-e7651c61fdff,same_nationality,on,0,2026-09-01T22:43:40+00:00
28213cc2-ddae-47f1-8146-a1797bf837ed,0df640c9-0d2d-4b14-986d-e7651c61fdff,category,"kitchen_home,textbooks",0,2026-09-01T22:44:43+00:00
81dbc491-d50b-44b8-97f5-4ee62e77b618,0df640c9-0d2d-4b14-986d-e7651c61fdff,condition,used_good,0,2026-09-01T22:45:50+00:00
f51affb1-0a35-4ee2-9c03-de0ea01a8611,2f70822c-8cca-48d5-9ad9-a73d5c2e5dda,condition,used_fair,0,2026-09-02T00:03:23+00:00
8c9abcb2-f8e7-40ec-9059-fb77c5805201,2f70822c-8cca-48d5-9ad9-a73d5c2e5dda,condition,(cleared),4,2026-09-02T00:04:40+00:00
a6770dc6-175e-4d49-a3df-eb1c4292f4b9,2f70822c-8cca-48d5-9ad9-a73d5c2e5dda,same_school,on,0,2026-09-02T00:06:08+00:00
a1cfecc4-3916-4b31-9484-dab6ad163d0f,80ad647d-3885-4a0d-9e23-3ec3d764b406,same_nationality,on,238,2026-09-02T00:06:54+00:00
01116a7b-d294-4147-853c-f2fec84128b1,80ad647d-3885-4a0d-9e23-3ec3d764b406,category,sports,12,2026-09-02T00:07:02+00:00
79043e78-dbaf-4fcb-9762-3350f04785c7,c261cd64-6d17-4b14-a4b7-bbf0aee8987d,category,textbooks,154,2026-09-02T00:53:31+00:00
cdf4c484-d6b3-4f0c-99b6-141db408b957,c261cd64-6d17-4b14-a4b7-bbf0aee8987d,same_nationality,on,25,2026-09-02T00:53:50+00:00
843e62f1-f120-4803-9805-a3d6c735a233,c261cd64-6d17-4b14-a4b7-bbf0aee8987d,same_zip,on,6,2026-09-02T00:54:03+00:00
ca164419-3b1e-4dc1-adfc-4ae00c997436,c261cd64-6d17-4b14-a4b7-bbf0aee8987d,same_nationality,off,24,2026-09-02T00:54:32+00:00
3a31a58b-e1fb-4ea5-9d86-74af269f366f,c261cd64-6d17-4b14-a4b7-bbf0aee8987d,radius_mi,2.5,24,2026-09-02T00:55:29+00:00
cb015bc8-307c-4d35-9545-addab2a018a0,c261cd64-6d17-4b14-a4b7-bbf0aee8987d,category,"sports,textbooks",29,2026-09-02T00:56:56+00:00
4d81d08c-cc62-423c-a944-aabe8b5ca15d,6aaa19f8-b45d-48d2-96cb-6432e67ca955,radius_mi,1.0,534,2026-09-02T01:43:08+00:00
0ccbb32a-e101-4ad0-81cb-641a56cb0fe0,6aaa19f8-b45d-48d2-96cb-6432e67ca955,same_school,on,5,2026-09-02T01:44:14+00:00
ae1f7359-07c6-4ec7-b28e-6336d87fc9d8,6aaa19f8-b45d-48d2-96cb-6432e67ca955,same_zip,on,3,2026-09-02T01:45:33+00:00
8cfaa10a-74d3-42e1-9c1e-81f5e6c3edc8,6aaa19f8-b45d-48d2-96cb-6432e67ca955,same_nationality,on,0,2026-09-02T01:46:44+00:00
7912e911-1701-4085-a9c2-9f09a5b5a87b,6aaa19f8-b45d-48d2-96cb-6432e67ca955,category,sports,0,2026-09-02T01:47:40+00:00
4ce067e4-5c2c-4b5d-888a-ab2561892a1c,fd440ddc-6659-432c-a78a-440d2b04a787,same_nationality,on,5,2026-09-02T02:21:17+00:00
3dab4983-0b30-4e80-a855-2bc8c72538ad,fd440ddc-6659-432c-a78a-440d2b04a787,same_zip,on,3,2026-09-02T02:21:36+00:00
73f5fec0-a4c0-4dc6-a872-9ae249b9fe0a,fd440ddc-6659-432c-a78a-440d2b04a787,same_zip,off,5,2026-09-02T02:21:52+00:00
e4de3497-ba33-430e-a9e0-c18141826d4f,e5568dbb-54b7-42d1-9092-361343b75252,radius_mi,5.0,887,2026-09-02T02:58:00+00:00
958bb02d-943e-4a2b-96e0-f1bb3f19b86b,e5568dbb-54b7-42d1-9092-361343b75252,same_school,on,11,2026-09-02T02:59:05+00:00
8c1dd355-6647-4198-87e1-e79341500292,e5568dbb-54b7-42d1-9092-361343b75252,same_zip,on,2,2026-09-02T02:59:39+00:00
c91859ae-3dfb-4ded-9de8-b780648ff328,e5568dbb-54b7-42d1-9092-361343b75252,same_nationality,on,0,2026-09-02T03:00:39+00:00
72b0159a-6e42-4ae8-b211-5219899847ac,7e1555a1-9eff-4976-a527-3cab5d2d4357,same_nationality,on,2,2026-09-02T03:15:30+00:00
675d0c4f-b0d3-4e71-b902-ab5d00c73b2b,7e1555a1-9eff-4976-a527-3cab5d2d4357,same_school,on,0,2026-09-02T03:16:06+00:00
b045bce6-d1cb-4773-be7e-b0bef7e73b31,7e1555a1-9eff-4976-a527-3cab5d2d4357,same_zip,on,0,2026-09-02T03:16:24+00:00
da45fc75-be39-4b84-9fe6-53894c885d5f,7e1555a1-9eff-4976-a527-3cab5d2d4357,same_zip,off,0,2026-09-02T03:17:22+00:00
b6f89d47-9e87-4188-9b53-a7c7bd5a4009,7e1555a1-9eff-4976-a527-3cab5d2d4357,category,textbooks,0,2026-09-02T03:17:47+00:00
fdee816b-f739-45d5-aa80-a7c46abfaae5,67ff0ec2-d4f8-457e-9414-c4d5aebed4a0,same_nationality,on,2,2026-09-02T03:41:00+00:00
ac98e6ef-22d3-45aa-8293-a592b5b4a465,67ff0ec2-d4f8-457e-9414-c4d5aebed4a0,same_school,off,10,2026-09-02T03:42:13+00:00
fea2edb8-15f5-48a8-9995-a139f1270500,67ff0ec2-d4f8-457e-9414-c4d5aebed4a0,category,electronics,2,2026-09-02T03:42:35+00:00
107ba3d2-d35c-496a-8c5f-7063b209f1d0,67ff0ec2-d4f8-457e-9414-c4d5aebed4a0,radius_mi,10.0,3,2026-09-02T03:43:27+00:00
4ef3f7fb-1f1c-4ede-bf61-62eb7feb6da0,00296b33-329f-46d8-9082-9b01bcadd0ad,radius_mi,0.5,23,2026-09-02T03:51:08+00:00
f2ea68c1-1533-47b0-87df-1fe53718ff3d,00296b33-329f-46d8-9082-9b01bcadd0ad,same_nationality,on,0,2026-09-02T03:51:24+00:00
058a4662-0250-4acd-a273-a9306cd4ed2d,00296b33-329f-46d8-9082-9b01bcadd0ad,same_nationality,off,23,2026-09-02T03:52:15+00:00
0a0dbf98-c941-451c-b262-a3c0d610ae37,00296b33-329f-46d8-9082-9b01bcadd0ad,same_nationality,on,0,2026-09-02T03:53:08+00:00
bb52d858-fb47-4383-ae9b-631d43022277,16742a5d-9d78-4fd5-8df4-d37a6e7df951,condition,used_fair,158,2026-09-02T04:35:24+00:00
ca50ceba-a7c7-4f86-bc7b-e1ed63828757,16742a5d-9d78-4fd5-8df4-d37a6e7df951,same_school,on,9,2026-09-02T04:35:50+00:00
034c3165-09ba-4d52-8dc9-e6dd9eadddeb,16742a5d-9d78-4fd5-8df4-d37a6e7df951,condition,"like_new,used_fair",45,2026-09-02T04:37:20+00:00
69a82eb1-fdd0-4d41-9956-31d9d481df3b,16742a5d-9d78-4fd5-8df4-d37a6e7df951,category,furniture,8,2026-09-02T04:37:28+00:00
22304ff6-7417-4087-a7c1-1f0a322c1586,d6e6f00a-8127-4424-b395-a2b2c23cac41,same_school,on,89,2026-09-02T04:40:55+00:00
637b3632-7eb0-4fd9-ad0f-8c72e52e0bb4,d6e6f00a-8127-4424-b395-a2b2c23cac41,category,kitchen_home,9,2026-09-02T04:41:19+00:00
32e28925-494f-4b4f-839f-46531419b98e,d6e6f00a-8127-4424-b395-a2b2c23cac41,same_zip,on,1,2026-09-02T04:41:24+00:00
f84bc3a5-9956-443a-aa2e-1d06cceb71c5,455c0e52-3711-4ae9-b759-518f8656d267,same_nationality,on,89,2026-09-02T05:46:51+00:00
05f16b9e-99d3-4807-921a-9a19fc0f7b05,455c0e52-3711-4ae9-b759-518f8656d267,same_nationality,off,780,2026-09-02T05:47:27+00:00
b7584453-a8fb-4da2-92fc-d65f5b316803,b59e680d-6db2-4ba1-8c2a-16a598321800,same_school,on,72,2026-09-02T06:44:07+00:00
2ceb151c-54c9-4cf8-980a-2b610c3dbc09,b59e680d-6db2-4ba1-8c2a-16a598321800,same_zip,on,42,2026-09-02T06:45:34+00:00
d6aa0f9e-37a5-4dc8-9fa5-5654ce6bcc54,b59e680d-6db2-4ba1-8c2a-16a598321800,radius_mi,1.0,42,2026-09-02T06:46:32+00:00
f0872a91-3462-4634-a3f9-db4164d75819,b59e680d-6db2-4ba1-8c2a-16a598321800,same_nationality,on,7,2026-09-02T06:47:32+00:00
352a1fe4-f41f-4591-8dcb-48395fc8fa23,b59e680d-6db2-4ba1-8c2a-16a598321800,radius_mi,2.5,7,2026-09-02T06:48:35+00:00
369d48a2-0af4-47f1-8e39-d56570693b3e,b59e680d-6db2-4ba1-8c2a-16a598321800,category,kitchen_home,1,2026-09-02T06:49:01+00:00
4ead4e8a-d697-4690-8707-e249c7023e2e,40e1a270-cb12-440f-92a7-8242cf3a31f9,same_nationality,on,7,2026-09-02T07:22:05+00:00
ceb27531-4d20-4844-a593-3043c9daba66,40e1a270-cb12-440f-92a7-8242cf3a31f9,radius_mi,5.0,7,2026-09-02T07:23:06+00:00
737f3d1e-5afb-42ee-b75a-6d959fdf3d29,40e1a270-cb12-440f-92a7-8242cf3a31f9,condition,like_new,2,2026-09-02T07:23:38+00:00
757fd35f-a989-4422-9e15-d3ecdf82cb31,ca854a1f-19b2-421c-9eef-32da371efdb6,same_nationality,on,45,2026-09-02T07:33:53+00:00
62458b37-5298-449b-889d-b6e4af57d566,ca854a1f-19b2-421c-9eef-32da371efdb6,same_zip,on,0,2026-09-02T07:35:03+00:00
a5e7adea-548c-41d1-b565-505a07e522e1,38a49d66-48fd-40a7-a3f2-1b14bfcba13c,radius_mi,1.0,547,2026-09-02T07:42:57+00:00
8900d642-eb1e-42c1-9838-87da00e871bd,38a49d66-48fd-40a7-a3f2-1b14bfcba13c,radius_mi,1.0,547,2026-09-02T07:43:05+00:00
61c28762-172b-4426-afbd-d0df9e03e335,38a49d66-48fd-40a7-a3f2-1b14bfcba13c,same_zip,on,369,2026-09-02T07:43:20+00:00
bd580e31-b652-4631-921b-e70437643c2b,2f70822c-8cca-48d5-9ad9-a73d5c2e5dda,same_nationality,on,2,2026-09-02T08:11:48+00:00
3925b856-fbb3-4022-b56e-9785f13d7a7f,2f70822c-8cca-48d5-9ad9-a73d5c2e5dda,condition,used_fair,0,2026-09-02T08:11:58+00:00
da780511-9d6e-44b9-8aa1-d04bc6d84189,2f70822c-8cca-48d5-9ad9-a73d5c2e5dda,same_school,on,0,2026-09-02T08:13:19+00:00
a40c958e-289c-42c5-b8cd-4b820becb808,2f70822c-8cca-48d5-9ad9-a73d5c2e5dda,category,furniture,0,2026-09-02T08:13:53+00:00
6e04b4b9-5261-4537-b50b-f1f1cb67eeec,413fdd84-c011-477e-b8e0-3048a236c228,condition,new,13,2026-09-02T08:31:27+00:00
da7ad9cb-1096-4cc3-b136-17e3d18668fa,413fdd84-c011-477e-b8e0-3048a236c228,same_zip,on,2,2026-09-02T08:31:55+00:00
dfe6ae67-ff12-4427-b782-6544aab17a39,413fdd84-c011-477e-b8e0-3048a236c228,radius_mi,10.0,2,2026-09-02T08:32:34+00:00
31cc5fbd-3823-48b5-8b07-4971c7484070,413fdd84-c011-477e-b8e0-3048a236c228,category,furniture,0,2026-09-02T08:33:09+00:00
35ffbfed-92eb-46cf-83f0-cf51c75a88ad,3a27d358-8853-4b53-9ab3-2fa96ae5ee12,same_zip,on,136,2026-09-02T09:01:53+00:00
0b018872-9d7d-4cab-9cc1-a56e4699f2b5,3a27d358-8853-4b53-9ab3-2fa96ae5ee12,category,free_stuff,4,2026-09-02T09:03:21+00:00
69cf3f75-ae53-4ba2-a272-fa431b77048f,3a27d358-8853-4b53-9ab3-2fa96ae5ee12,same_nationality,on,0,2026-09-02T09:04:30+00:00
735948a8-798e-45a0-8087-7a23da226542,6e0a545d-7359-4e4b-8579-a4726131d1bf,radius_mi,2.5,296,2026-09-02T10:42:58+00:00
83d7d0b8-1a7c-41a8-bfa3-d66e2ca2589d,6e0a545d-7359-4e4b-8579-a4726131d1bf,category,bikes_transport,19,2026-09-02T10:43:45+00:00
4269745b-6841-4d34-a3c9-efe53a3404f2,6e0a545d-7359-4e4b-8579-a4726131d1bf,category,"bikes_transport,free_stuff",31,2026-09-02T10:44:22+00:00
55474826-3cbb-4858-9546-19839c17f5bd,6e0a545d-7359-4e4b-8579-a4726131d1bf,radius_mi,2.5,31,2026-09-02T10:44:31+00:00
255cab51-432e-416d-8c7c-257ec7967f56,6e0a545d-7359-4e4b-8579-a4726131d1bf,category,free_stuff,12,2026-09-02T10:44:59+00:00
922e1d49-5d19-4f39-ba42-cafa737284fc,6e0a545d-7359-4e4b-8579-a4726131d1bf,same_nationality,on,0,2026-09-02T10:46:06+00:00
df90e753-4243-40cd-8f01-e5870c753024,800cb3cb-ff3e-4e67-aa78-d084be9ab0b9,same_zip,off,791,2026-09-02T11:29:20+00:00
4eed8cd2-ea82-4ab1-93cc-033114248425,800cb3cb-ff3e-4e67-aa78-d084be9ab0b9,category,electronics,105,2026-09-02T11:29:34+00:00
844ea80f-8ef5-4252-9fbf-ca3919177362,800cb3cb-ff3e-4e67-aa78-d084be9ab0b9,same_school,on,2,2026-09-02T11:30:40+00:00
d57e1da3-d811-4def-a902-0806ef064b64,7021be8d-4ddb-4f21-81d4-43ec6a29d9e0,same_school,on,150,2026-09-02T11:31:59+00:00
6bd68931-c5af-4c06-997a-a161659fe015,7021be8d-4ddb-4f21-81d4-43ec6a29d9e0,same_nationality,on,1,2026-09-02T11:32:28+00:00
e8002d08-4e21-48e5-8eb4-9390a1286dd7,2753b9cf-f012-477f-a3bd-b42bf9f50416,same_school,on,0,2026-09-02T12:38:35+00:00
1d0d2552-a76f-442e-bc7f-d3cb1a7744b3,2753b9cf-f012-477f-a3bd-b42bf9f50416,radius_mi,1.0,0,2026-09-02T12:38:40+00:00
96a81158-0759-47be-82dc-6af9b7d46fe3,2753b9cf-f012-477f-a3bd-b42bf9f50416,radius_mi,1.0,0,2026-09-02T12:39:15+00:00
115503a9-0fa3-4227-9d41-84b30157222a,2753b9cf-f012-477f-a3bd-b42bf9f50416,same_nationality,off,1,2026-09-02T12:39:52+00:00
dddce6f8-0333-4164-b021-0b769774004a,2753b9cf-f012-477f-a3bd-b42bf9f50416,same_school,off,9,2026-09-02T12:39:58+00:00
a3af2393-cac2-41c4-9de6-338abccb3b41,9300085f-066b-4529-b55a-d862cb79e450,same_nationality,on,6,2026-09-02T12:42:55+00:00
9be433b4-c075-4333-9d2a-b212816dd65f,9300085f-066b-4529-b55a-d862cb79e450,condition,like_new,1,2026-09-02T12:43:02+00:00
159a42d3-d52a-4ddd-a082-e8ce3195193c,ca854a1f-19b2-421c-9eef-32da371efdb6,radius_mi,5.0,401,2026-09-02T13:01:06+00:00
0eca84f8-55b3-49d5-a945-39867bab3eeb,ca854a1f-19b2-421c-9eef-32da371efdb6,category,kitchen_home,51,2026-09-02T13:01:09+00:00
ad1d3209-fd05-404b-b224-b3671be88c88,ca854a1f-19b2-421c-9eef-32da371efdb6,condition,used_fair,12,2026-09-02T13:01:47+00:00
e60d68b2-0852-49da-8e2f-5bac30967aa7,ca854a1f-19b2-421c-9eef-32da371efdb6,same_zip,on,0,2026-09-02T13:02:04+00:00
3884e7d4-5ef2-4d89-8384-4b2707c863ed,ca854a1f-19b2-421c-9eef-32da371efdb6,same_nationality,on,0,2026-09-02T13:02:44+00:00
fe5275af-493e-4ce7-9581-eaabaf58464b,ca854a1f-19b2-421c-9eef-32da371efdb6,same_school,on,0,2026-09-02T13:03:48+00:00
898912d7-30c6-4655-8568-6a79bc225dfc,38258031-d94a-45ed-9832-b991e6bedeb0,same_zip,on,9,2026-09-02T13:21:29+00:00
b93741f9-a23b-45f6-aa4a-eed1f694eda7,38258031-d94a-45ed-9832-b991e6bedeb0,same_nationality,on,6,2026-09-02T13:22:59+00:00
a9a93f97-c014-4d22-a3e2-9d6b5d34b273,2290fc6a-058b-4106-953c-82c4bb71b745,same_school,on,49,2026-09-02T13:51:47+00:00
e4ae7151-7152-4f8d-a16f-303b56d80978,2290fc6a-058b-4106-953c-82c4bb71b745,category,furniture,14,2026-09-02T13:52:05+00:00
43666916-b5c6-4a65-85a3-2345925b7191,2290fc6a-058b-4106-953c-82c4bb71b745,same_school,off,237,2026-09-02T13:53:33+00:00
7b08f94d-4d46-4fe8-983b-eef1ae7ca2b5,455c0e52-3711-4ae9-b759-518f8656d267,category,electronics,107,2026-09-02T14:00:46+00:00
8f7e2437-8bf2-4721-9dd4-c49172d49c10,455c0e52-3711-4ae9-b759-518f8656d267,category,"electronics,sports",142,2026-09-02T14:02:14+00:00
23c320ff-0cc6-40e4-b86f-1ac702611547,455c0e52-3711-4ae9-b759-518f8656d267,condition,like_new,44,2026-09-02T14:03:24+00:00
3889e93d-1a34-4350-85fb-12bf7afdd8f9,455c0e52-3711-4ae9-b759-518f8656d267,radius_mi,1.0,10,2026-09-02T14:03:37+00:00
889ed8b8-61f9-4b9b-b260-6745f7c645cd,455c0e52-3711-4ae9-b759-518f8656d267,same_nationality,on,0,2026-09-02T14:04:53+00:00
358729ec-9c12-4a64-8cde-6fca414c0b86,2df61165-3c73-4cdc-97da-c7f751c6c64c,same_school,on,88,2026-09-02T14:42:32+00:00
ae0006c0-329a-4769-b190-b9f5fe6677ff,2df61165-3c73-4cdc-97da-c7f751c6c64c,same_zip,on,47,2026-09-02T14:43:05+00:00
0389964b-a4e2-4893-bd0c-fd58b8c91fb0,2df61165-3c73-4cdc-97da-c7f751c6c64c,same_school,off,369,2026-09-02T14:44:00+00:00
67c48d20-780c-44e3-9af5-3c058c36c0a7,2df61165-3c73-4cdc-97da-c7f751c6c64c,category,sports,13,2026-09-02T14:44:24+00:00
1625b007-af85-4314-be88-fe449e6bd86b,35909fc4-d643-4054-9b66-43b56d0b1503,same_zip,off,379,2026-09-02T16:03:56+00:00
83544ee7-2755-44a2-b151-31e1c0de7baf,35909fc4-d643-4054-9b66-43b56d0b1503,category,clothing,38,2026-09-02T16:04:26+00:00
bdef05ee-74f7-4193-af91-7e253d96f67a,35909fc4-d643-4054-9b66-43b56d0b1503,condition,new,5,2026-09-02T16:05:33+00:00
293802e0-afe1-457e-af06-7fd0b4ffe15e,f3de7d8f-3a66-4283-bcb7-f1f6d2343a3c,same_zip,on,19,2026-09-02T17:30:38+00:00
6ec4ce80-df97-4c8f-896e-ef334f632d16,f3de7d8f-3a66-4283-bcb7-f1f6d2343a3c,same_nationality,on,0,2026-09-02T17:31:27+00:00
cdf04aee-2dea-4866-8b94-8e8a449b9820,f3de7d8f-3a66-4283-bcb7-f1f6d2343a3c,same_school,on,0,2026-09-02T17:32:49+00:00
af57796b-651a-46a2-806f-be9d846669d3,f3de7d8f-3a66-4283-bcb7-f1f6d2343a3c,condition,like_new,0,2026-09-02T17:33:45+00:00
05b7e599-6651-4a8d-8932-c315c2f3203e,f3de7d8f-3a66-4283-bcb7-f1f6d2343a3c,same_zip,on,19,2026-09-02T17:44:49+00:00
3ac8acca-8a02-40af-9eb6-6ce127472c8b,7021be8d-4ddb-4f21-81d4-43ec6a29d9e0,same_zip,on,136,2026-09-02T17:44:56+00:00
3742b784-873e-46b7-9a08-15d0f0970743,f3de7d8f-3a66-4283-bcb7-f1f6d2343a3c,same_school,on,0,2026-09-02T17:45:11+00:00
1e5c80dd-42f2-40b8-9252-2ef08a58bf0b,7021be8d-4ddb-4f21-81d4-43ec6a29d9e0,radius_mi,1.0,136,2026-09-02T17:45:16+00:00
02977fc1-26da-42a5-9b0a-b540f1011ede,f3de7d8f-3a66-4283-bcb7-f1f6d2343a3c,condition,used_good,0,2026-09-02T17:45:22+00:00
cc2f0fe7-ac7d-489b-acfb-9c4f88b24807,f3de7d8f-3a66-4283-bcb7-f1f6d2343a3c,condition,"new,used_good",0,2026-09-02T17:46:14+00:00
681f92c3-f7cc-4d79-93bc-bc479ee7b364,7021be8d-4ddb-4f21-81d4-43ec6a29d9e0,radius_mi,1.0,136,2026-09-02T17:46:16+00:00
3375cc44-0732-4b0e-801b-d61f7de89362,7021be8d-4ddb-4f21-81d4-43ec6a29d9e0,radius_mi,5.0,136,2026-09-02T17:46:36+00:00
879a9d4d-f6d6-4b40-b77f-8179cdd45de7,f3de7d8f-3a66-4283-bcb7-f1f6d2343a3c,same_nationality,on,0,2026-09-02T17:47:08+00:00
be553ed3-b62b-488a-9455-6050df2a0cae,7021be8d-4ddb-4f21-81d4-43ec6a29d9e0,same_school,on,36,2026-09-02T17:47:54+00:00
aa1b63d5-b1f9-4fc0-96c9-8ae50ce507df,7021be8d-4ddb-4f21-81d4-43ec6a29d9e0,same_nationality,on,0,2026-09-02T17:48:00+00:00
9d66484f-b0bb-4c77-abd8-a4f3416fc640,7e25e2b5-9f83-4bc8-95d8-d69216f15bc4,same_zip,on,19,2026-09-02T17:55:21+00:00
cabc71e3-ffc7-4716-8c6e-27c2f19407c9,71dbb1fe-ab44-470c-9d83-8d7b06a225e9,same_school,on,2,2026-09-02T17:55:27+00:00
099567f2-8dcb-4c2e-9d14-d822b4458300,71dbb1fe-ab44-470c-9d83-8d7b06a225e9,condition,used_good,0,2026-09-02T17:55:31+00:00
b8e0ea42-9b81-4bcf-b2b9-7f859cce203a,04f84970-9afe-4001-b319-d8f3b2a04e42,condition,like_new,225,2026-09-02T17:55:34+00:00
b6b46736-b336-42e5-abd1-e615c65e0f85,c6a5d754-8540-4f09-a164-55d8ca668819,same_zip,on,101,2026-09-02T17:55:39+00:00
efa8a8d9-3d1c-4851-a113-4a7976ce8272,0334f17c-6899-4736-8ab2-429b4f561a7c,same_nationality,on,9,2026-09-02T17:55:39+00:00
71c0afb6-456f-4651-86fb-0b1fb9fe8efb,16f443cf-d5c0-4214-964e-a8d0ca61fc3b,radius_mi,5.0,4,2026-09-02T17:55:40+00:00
5f9eee0a-c80d-49bb-80a9-3f2502556b81,6da28f89-2bf9-49a9-9de6-849eb94477dc,same_nationality,off,890,2026-09-02T17:55:40+00:00
bfd3840d-eee3-4d9a-b577-390205760e3c,f1beeac4-b01c-4f68-a878-35d53c41872c,same_zip,on,369,2026-09-02T17:55:43+00:00
397f884a-ed58-41ab-9bff-8c2ebac0ed79,dd1c7599-10ed-4a22-a238-e27ac11b47fb,condition,used_fair,35,2026-09-02T17:55:45+00:00
9f46f9fb-4405-430b-8e59-ebd5bd565a5c,d7e96a2a-a228-42ca-af95-310b189116f1,same_zip,on,369,2026-09-02T17:55:47+00:00
af729005-26d4-45aa-9db6-cbbbb2df19da,35d1c9bc-1b79-49c9-a300-85609f394726,same_nationality,on,127,2026-09-02T17:55:48+00:00
bf4c322c-5441-4df5-93b8-21c9afc546a4,f1beeac4-b01c-4f68-a878-35d53c41872c,category,clothing,38,2026-09-02T17:55:50+00:00
22023f7b-4fbc-463a-b595-bf025b0bed14,b092af0d-a2bd-4137-be44-3e464c231dd3,same_nationality,off,791,2026-09-02T17:55:50+00:00
8f4ed168-9df6-4b39-8fed-14f46d0058a3,0d1c3efd-7b76-4215-9dc2-0a7d278f7a8e,same_school,off,172,2026-09-02T17:55:50+00:00
b0b7341c-83d5-41e4-8c67-cfa3d97286e7,6da28f89-2bf9-49a9-9de6-849eb94477dc,same_zip,on,369,2026-09-02T17:55:51+00:00
8e248ff5-9f5b-4d13-a237-b7226a7c9b4f,98579046-5ea8-4cd5-9f46-f0e5a5bd3d58,category,free_stuff,3,2026-09-02T17:55:53+00:00
2789a6b3-b91e-403b-8815-e0d5f29a12d1,7c147f54-3645-4b45-97db-b4a3ad648658,same_nationality,on,100,2026-09-02T17:55:54+00:00
2cba692f-1d68-4d83-9498-2ab31637b0bc,dd1c7599-10ed-4a22-a238-e27ac11b47fb,same_school,on,2,2026-09-02T17:55:55+00:00
4861e51c-6a4d-4a78-958c-ed7ac51bc40d,35d1c9bc-1b79-49c9-a300-85609f394726,same_school,on,132,2026-09-02T17:55:55+00:00
c18d9ca1-0e98-419f-9588-a1eaa63e189b,332d3361-55a9-4937-8e7b-926425ded45e,same_zip,on,3,2026-09-02T17:55:55+00:00
2f313df2-becd-44f3-ace7-f3d76337f885,50f302cf-bad6-4627-a137-7763b6b5ba96,category,electronics,15,2026-09-02T17:55:57+00:00
e46075a0-df09-4d14-9bf6-b985941c1042,2339a0ed-6db2-4bdd-9fa6-819624511eb4,same_nationality,on,0,2026-09-02T17:56:02+00:00
b538e32d-16b3-4840-b934-f70bd9d8cd8c,e0b9ef6b-d7e6-45f5-8fe6-89766b17a285,category,electronics,5,2026-09-02T17:56:02+00:00
8092aa0a-ac3d-4e8e-9e98-1bed8fb65082,a1940ed5-c898-4d47-931c-b21c325c3345,same_zip,on,2,2026-09-02T17:56:04+00:00
c2e4e209-8cd1-4c84-9935-1a5320547fd8,155a532f-e1b2-4f3a-9516-79dc762fef29,radius_mi,5.0,890,2026-09-02T17:56:04+00:00
d3b22a3d-5b8f-49e8-96ba-d9df935b3782,0334f17c-6899-4736-8ab2-429b4f561a7c,radius_mi,1.0,0,2026-09-02T17:56:04+00:00
3b910f6e-e2cf-45c6-bb50-40bf23a047cb,6676e55a-2d01-4cd6-851c-b79f9c789e38,same_zip,on,9,2026-09-02T17:56:05+00:00
327b241d-9104-4314-9cc1-435dd17ea02e,97f073ef-5758-4ff9-a7ff-e9295ddc5a66,same_school,on,88,2026-09-02T17:56:06+00:00
a53739d2-2090-4b94-8bfa-a65c17a8ce99,bddc13b9-b178-48ff-bab2-df1aca4ad927,category,free_stuff,0,2026-09-02T17:56:08+00:00
1c481164-9951-4dc5-95a2-8b17b7e86ddc,d118210a-8ab6-41a6-b1b6-6d3287819f17,condition,like_new,262,2026-09-02T17:56:10+00:00
773f681e-4723-40d9-9050-b8af5fb80508,7c147f54-3645-4b45-97db-b4a3ad648658,same_zip,on,2,2026-09-02T17:56:10+00:00
4cbe9b62-0780-4118-9755-863a7c34f8bc,4c5170f9-b83f-4c3d-99ce-06c2ac1ad2b0,radius_mi,0.5,34,2026-09-02T17:56:11+00:00
82656e51-9b94-4e37-991a-5a68019306ca,35d1c9bc-1b79-49c9-a300-85609f394726,radius_mi,5.0,868,2026-09-02T17:56:13+00:00
586fb825-add4-4206-921b-8b80f59f548b,ebb54dc7-29b1-45c5-9e70-0c5c4e51e720,same_nationality,on,6,2026-09-02T17:56:14+00:00
04b07963-f43d-4cd6-9927-38f24f4aec04,0334f17c-6899-4736-8ab2-429b4f561a7c,same_nationality,on,9,2026-09-02T17:56:16+00:00
eb4e4f92-7f24-4473-b254-ce08b0a44d42,0bf5bc95-72e0-4a6b-83b2-827b521b7405,radius_mi,5.0,890,2026-09-02T17:56:16+00:00
cb083c6b-4fe9-4ecb-9cdf-ed641e85acf1,17661fd4-50e0-4596-8535-83e845ee3d0b,same_school,on,6,2026-09-02T17:56:18+00:00
cb71c4d1-82e6-4d5d-b688-cbaecbff13d0,1533231e-9d8a-4bcd-a2ff-33e2d020e088,same_school,on,49,2026-09-02T17:56:18+00:00
0dfc012d-0bec-454d-ba7e-f95a96a58037,1a840084-44f1-448f-84ef-67f148e4234d,category,kitchen_home,3,2026-09-02T17:56:18+00:00
2734e422-47bc-4a4c-8e7e-e7c1368404ac,ccf643f0-7837-4ca1-8bbd-5f64f321d4f4,condition,new,16,2026-09-02T17:56:18+00:00
e570f49b-5f65-41e8-84c3-db7ea02f289a,cb243ac5-dbc1-4fb3-8068-aedb69dde97d,same_nationality,on,319,2026-09-02T17:56:19+00:00
0c42508c-d854-43cc-a21d-3edd0b0357f5,377e7191-3221-47cb-9795-dfb8deb3bd93,category,textbooks,31,2026-09-02T17:56:19+00:00
64a0f0c0-cdf6-4229-8958-51f15c14fdd4,a95b5f01-8fa8-4373-8961-d09f30efb232,same_nationality,on,0,2026-09-02T17:56:19+00:00
fcf3559b-198b-4b95-83dc-77bafb52e2cc,98579046-5ea8-4cd5-9f46-f0e5a5bd3d58,same_school,off,23,2026-09-02T17:56:20+00:00
6b0ef979-a4d7-4b92-8828-fb750670c34d,73951fcb-587e-448f-bf78-683136c513b1,radius_mi,1.0,2,2026-09-02T17:56:21+00:00
f5eb666e-8ada-42d0-a71c-9ae1f07579f6,f1beeac4-b01c-4f68-a878-35d53c41872c,radius_mi,10.0,38,2026-09-02T17:56:22+00:00
7d189f17-7ec1-4f02-911e-3edb9b21161a,c6a5d754-8540-4f09-a164-55d8ca668819,condition,new,5,2026-09-02T17:56:22+00:00
a75e6a19-fa39-4c78-b6e8-9707f2a64359,20567896-d4b7-4300-bda6-325550875f20,same_school,on,159,2026-09-02T17:56:23+00:00
3dd64179-ddf3-4fce-9179-1b6eb71142dc,030f6388-7bc0-48bc-93de-f52f9e0e9015,same_zip,on,16,2026-09-02T17:56:24+00:00
f8d7a916-b05f-4923-a8d6-c5de2089bea5,5470b64d-4863-4115-a2e2-8f83ed8189e8,condition,used_fair,125,2026-09-02T17:56:25+00:00
0eb1a370-3669-4873-b7d1-30cd995f5153,b092af0d-a2bd-4137-be44-3e464c231dd3,condition,used_fair,125,2026-09-02T17:56:26+00:00
143ec83f-79c0-4f31-af49-dc8aca30b25c,377e7191-3221-47cb-9795-dfb8deb3bd93,radius_mi,5.0,31,2026-09-02T17:56:26+00:00
c7434388-0438-4d30-9af9-5e799d491244,332d3361-55a9-4937-8e7b-926425ded45e,same_school,on,1,2026-09-02T17:56:26+00:00
4ea21f4f-ca95-441a-b76d-a419cd067aa2,4f14b9b6-1b26-45f2-bcba-ecfcafdeb6e3,category,sports,35,2026-09-02T17:56:27+00:00
fc01dd7d-22e9-4ea8-bcf4-d39710d32c28,50f302cf-bad6-4627-a137-7763b6b5ba96,same_zip,on,0,2026-09-02T17:56:28+00:00
81b1bc21-4112-43f4-bd9f-bdcbd26259b9,135bb0ab-b64c-437d-88ae-c3f907edf22f,category,free_stuff,23,2026-09-02T17:56:28+00:00
df3ad121-4940-46ed-b719-cb27b045455d,204dcf7c-06f2-43b3-a0d0-a7b402d2887d,condition,used_fair,125,2026-09-02T17:56:28+00:00
0b71d74f-33a2-4441-9048-18956f908ce7,17661fd4-50e0-4596-8535-83e845ee3d0b,same_zip,on,0,2026-09-02T17:56:29+00:00
fe3f173d-e421-41e8-8a64-a589659b20ef,332d3361-55a9-4937-8e7b-926425ded45e,radius_mi,5.0,1,2026-09-02T17:56:29+00:00
b33cb4f1-2158-4ae2-87d1-7884e3271e41,16f443cf-d5c0-4214-964e-a8d0ca61fc3b,category,kitchen_home,0,2026-09-02T17:56:30+00:00
b92a3641-3d23-43a5-8cc5-99a356b033a1,4d64501d-cc2c-4970-bbbf-0c44c9858a3c,same_nationality,on,133,2026-09-02T17:56:30+00:00
b0bdbfc0-995d-4e0d-a30c-08ea8b907e6b,e0b9ef6b-d7e6-45f5-8fe6-89766b17a285,same_nationality,off,791,2026-09-02T17:56:30+00:00
40de166d-d272-4ae2-8c7f-4abf52b52d5e,3e6d9730-35ed-4d3b-897a-bb23e57a7169,same_zip,on,17,2026-09-02T17:56:31+00:00
70a15de0-32a8-4092-853d-edb5fa4f9245,f3de7d8f-3a66-4283-bcb7-f1f6d2343a3c,same_nationality,on,19,2026-09-02T17:56:32+00:00
5618442f-d09a-43cf-ad0e-80d96a999d0c,0d1c3efd-7b76-4215-9dc2-0a7d278f7a8e,category,electronics,33,2026-09-02T17:56:32+00:00
06a9ecdf-d5dc-41f0-b966-3e0cde7c4e70,135bb0ab-b64c-437d-88ae-c3f907edf22f,same_nationality,on,4,2026-09-02T17:56:33+00:00
3f9016b9-509d-4352-a495-66da5cbc454f,a68d5ccd-96c8-4374-84e2-4934fba8422c,same_zip,on,6,2026-09-02T17:56:33+00:00
0a9e72ea-6278-4ac3-b145-7e4fa535390c,1a840084-44f1-448f-84ef-67f148e4234d,same_school,off,92,2026-09-02T17:56:33+00:00
32197bae-c775-48dd-9538-9e1447a7fb36,789c6728-3d71-4d9c-8465-dc4340ceb18e,same_nationality,on,26,2026-09-02T17:56:34+00:00
93e86d69-62b2-4ead-a7d9-f917a5bd0025,0d1c3efd-7b76-4215-9dc2-0a7d278f7a8e,radius_mi,0.5,0,2026-09-02T17:56:34+00:00
5d0b0535-4d52-4fa3-9c11-5a44c68d32f7,6fe52876-1a56-4bed-b662-5983babec5c8,condition,used_fair,125,2026-09-02T17:56:34+00:00
c099d0cc-2f86-43e9-bae9-dd5456f7b9ad,7c147f54-3645-4b45-97db-b4a3ad648658,same_school,on,89,2026-09-02T17:56:36+00:00
894a3cb1-af2d-4305-beae-598d8aec7257,6da28f89-2bf9-49a9-9de6-849eb94477dc,same_school,on,47,2026-09-02T17:56:36+00:00
91197843-a021-4fdf-b660-5000763a9a17,4d64501d-cc2c-4970-bbbf-0c44c9858a3c,same_nationality,off,791,2026-09-02T17:56:37+00:00
0d124e39-d754-4c09-bc81-e20669074486,4f14b9b6-1b26-45f2-bcba-ecfcafdeb6e3,condition,used_good,21,2026-09-02T17:56:38+00:00
19ef2089-7804-4425-bf9f-620a146c0ef4,444889f7-5e1b-47df-9469-5d3990179ab1,radius_mi,1.0,548,2026-09-02T17:56:40+00:00
653f5381-2f9f-4199-a637-14ca1c49775f,7c147f54-3645-4b45-97db-b4a3ad648658,radius_mi,0.5,2,2026-09-02T17:56:40+00:00
5eabcf32-7fda-4ffd-83f8-d444a9adc6e8,7d5910f5-e030-4661-add8-b2eaade7882a,same_school,on,49,2026-09-02T17:56:41+00:00
9e80a7be-2789-4894-a47f-2ae2c7535ca7,ebb54dc7-29b1-45c5-9e70-0c5c4e51e720,same_school,on,0,2026-09-02T17:56:41+00:00
8a831eda-f397-4fde-ac7d-e427f33e928f,135bb0ab-b64c-437d-88ae-c3f907edf22f,category,"free_stuff,furniture",36,2026-09-02T17:56:41+00:00
d6ae4d41-0c87-40e9-ac47-0fa80984a404,0d1c3efd-7b76-4215-9dc2-0a7d278f7a8e,same_nationality,on,0,2026-09-02T17:56:41+00:00
3b63297e-97fc-460c-8836-6512bba608c1,97f073ef-5758-4ff9-a7ff-e9295ddc5a66,condition,used_good,50,2026-09-02T17:56:42+00:00
061e890a-fb2b-4a04-b3c6-22877ac96410,4c5170f9-b83f-4c3d-99ce-06c2ac1ad2b0,radius_mi,10.0,1033,2026-09-02T17:56:43+00:00
6c922d1f-e815-4b21-9733-ce74bb40c5ab,155a532f-e1b2-4f3a-9516-79dc762fef29,condition,used_fair,125,2026-09-02T17:56:44+00:00
ec0f8e1d-b917-4b06-9ecd-dfd1942d407c,6fe52876-1a56-4bed-b662-5983babec5c8,radius_mi,1.0,85,2026-09-02T17:56:44+00:00
e8d7aa07-1529-47b3-ab5e-6b29ffdfd977,71dbb1fe-ab44-470c-9d83-8d7b06a225e9,category,clothing,0,2026-09-02T17:56:45+00:00
5c5269b0-1812-4ee5-ab9b-bf3a869e3734,17661fd4-50e0-4596-8535-83e845ee3d0b,category,kitchen_home,0,2026-09-02T17:56:46+00:00
dc10e4e4-fb78-4ddc-ada5-23b4601dec87,16f443cf-d5c0-4214-964e-a8d0ca61fc3b,radius_mi,10.0,0,2026-09-02T17:56:46+00:00
f18e846a-d825-41b5-a2ed-bad35b36c2b5,444889f7-5e1b-47df-9469-5d3990179ab1,category,textbooks,112,2026-09-02T17:56:47+00:00
60b16df2-fe50-43bf-bc4c-6aaed0ff2f9e,71dbb1fe-ab44-470c-9d83-8d7b06a225e9,same_nationality,off,39,2026-09-02T17:56:47+00:00
2f8e1b82-38fa-44e9-89f6-dfb5f1dca0a2,7e25e2b5-9f83-4bc8-95d8-d69216f15bc4,same_zip,off,1036,2026-09-02T17:56:47+00:00
1583a96c-9199-47c0-ac7c-a759cf81b696,460f4ef7-3d87-4168-867c-b40bd386e450,same_nationality,on,10,2026-09-02T17:56:48+00:00
9db322ac-d590-4d8c-9f76-c865481195e8,945da312-f1c6-4ec8-8183-78d3e481e430,same_nationality,on,6,2026-09-02T17:56:48+00:00
6df6d138-59fc-4b89-9865-ca241c5c7eae,4f14b9b6-1b26-45f2-bcba-ecfcafdeb6e3,same_nationality,on,0,2026-09-02T17:56:49+00:00
62ead2e3-ebf1-46e6-a7db-4d871259e581,f3de7d8f-3a66-4283-bcb7-f1f6d2343a3c,same_zip,on,0,2026-09-02T17:56:49+00:00
997ee004-d0d4-44be-84c9-73f6cfcc195e,6e8bd2b2-8577-4176-ab3c-67fe5e14d009,same_nationality,on,240,2026-09-02T17:56:49+00:00
6ed06216-65a1-411d-a22f-e34c22d20222,e0b9ef6b-d7e6-45f5-8fe6-89766b17a285,category,kitchen_home,92,2026-09-02T17:56:49+00:00
4990d31e-3580-4980-87d7-c9c6205db4bd,3d9d1b9a-08df-4836-a566-7a3612069a50,category,kitchen_home,65,2026-09-02T17:56:50+00:00
12508d52-bb81-404c-95af-6c62678b8458,204dcf7c-06f2-43b3-a0d0-a7b402d2887d,radius_mi,10.0,158,2026-09-02T17:56:51+00:00
2c98dd15-8bd7-402c-9a2e-b56d1b6f32cc,0ad96fb0-af5f-4ef5-bcf5-c1a20ca0163c,condition,used_fair,125,2026-09-02T17:56:51+00:00
c9e1ef92-5f7f-4514-a17a-d28f7a253018,d118210a-8ab6-41a6-b1b6-6d3287819f17,same_school,on,151,2026-09-02T17:56:52+00:00
6ce637c3-00e9-484e-acde-c725621af61a,35d1c9bc-1b79-49c9-a300-85609f394726,same_school,on,18,2026-09-02T17:56:53+00:00
57977a4f-54ca-4362-a8d9-d1660c88fc9b,71dbb1fe-ab44-470c-9d83-8d7b06a225e9,radius_mi,2.5,39,2026-09-02T17:56:53+00:00
c4b3a8da-ed1c-42f5-af5b-6b693482037b,ccf643f0-7837-4ca1-8bbd-5f64f321d4f4,same_nationality,off,791,2026-09-02T17:56:53+00:00
40b82ccb-2ded-4d9b-b975-99f50d3e53ce,bddc13b9-b178-48ff-bab2-df1aca4ad927,same_nationality,on,0,2026-09-02T17:56:54+00:00
1418a04b-067e-437c-967e-2abedcb3d410,ebb54dc7-29b1-45c5-9e70-0c5c4e51e720,same_school,off,6,2026-09-02T17:56:54+00:00
9fc11f24-0e4d-4247-bc61-4855f98bac97,3a5a2a27-d573-4a79-aa49-c5ec803e3afa,same_zip,on,136,2026-09-02T17:56:54+00:00
ebf44a43-7ed8-4e1a-bd8d-fb5cbeedb235,a912d71f-44ec-49d4-934d-09f818efe3b8,same_zip,off,890,2026-09-02T17:56:55+00:00
c92dc8db-daf8-44a3-b807-067c215d2185,0d8cfdf9-162f-4844-9cd6-729fca1b9962,radius_mi,1.0,548,2026-09-02T17:56:55+00:00
7103d3b1-a0ab-49dd-8f45-a9fcdaa22539,20567896-d4b7-4300-bda6-325550875f20,same_school,off,917,2026-09-02T17:56:55+00:00
0ff29331-4f69-4abc-bf5a-166b5a954cc3,a95b5f01-8fa8-4373-8961-d09f30efb232,radius_mi,10.0,108,2026-09-02T17:56:56+00:00
9de972ee-c192-4ea9-a01a-26f58a402924,1a840084-44f1-448f-84ef-67f148e4234d,radius_mi,1.0,14,2026-09-02T17:56:56+00:00
4e9e3b43-8fd0-4169-bc56-4155a594807f,0459c7c6-94d8-4008-b8e0-fb02733ecce3,same_nationality,on,3,2026-09-02T17:56:57+00:00
40b81901-415d-4a00-bac0-131952da2bda,460f4ef7-3d87-4168-867c-b40bd386e450,same_school,on,0,2026-09-02T17:56:57+00:00
2450391e-ed74-4769-962e-3ebb252e0a4e,2ab57570-b3c5-4e65-8728-32a6b0ac1f63,same_zip,on,9,2026-09-02T17:56:57+00:00
209fe7cd-741a-4ffc-92c7-21a4ac8d9512,c6a5d754-8540-4f09-a164-55d8ca668819,same_school,on,0,2026-09-02T17:56:58+00:00
f1e44b70-179e-48b6-bed1-880e1b7b7227,04f84970-9afe-4001-b319-d8f3b2a04e42,same_zip,on,115,2026-09-02T17:56:58+00:00
7a8bb68e-9aba-438f-9520-44b644d31f7c,16f443cf-d5c0-4214-964e-a8d0ca61fc3b,category,(cleared),4,2026-09-02T17:56:59+00:00
13660f42-2a2a-45bf-ad9d-b04ecce2d293,16746d30-4545-4105-a2e8-7da9c5208cb5,same_zip,on,369,2026-09-02T17:56:59+00:00
b9e09c68-5e7b-4da4-a723-6c0d9d01df71,98579046-5ea8-4cd5-9f46-f0e5a5bd3d58,radius_mi,5.0,28,2026-09-02T17:56:59+00:00
863dd35c-bd71-473f-9449-d8d9555cd1bd,e0b9ef6b-d7e6-45f5-8fe6-89766b17a285,same_school,on,5,2026-09-02T17:56:59+00:00
7777fcc8-1c8f-422e-98e1-f5f5ff149559,b39b0d31-5468-4f8c-b0e1-015cf5d250f5,condition,used_fair,121,2026-09-02T17:57:00+00:00
46f6ee99-b0a2-4fd4-9a89-8e8d6eee522e,cb591dd2-5be6-4e8b-a6a2-2cde97ac5f39,same_school,on,89,2026-09-02T17:57:01+00:00
26bcb4ec-de42-41e6-a525-e29c127ae768,377e7191-3221-47cb-9795-dfb8deb3bd93,same_nationality,off,167,2026-09-02T17:57:02+00:00
f540e4ec-d1ba-43cf-9dd8-70714ff8854b,e0b9ef6b-d7e6-45f5-8fe6-89766b17a285,same_nationality,off,791,2026-09-02T17:57:03+00:00
9c642e45-b82f-4050-9aa6-f466cba20127,ebb54dc7-29b1-45c5-9e70-0c5c4e51e720,same_school,on,0,2026-09-02T17:57:03+00:00
95721548-ac1b-4cc1-8d7f-06fd44dea6a8,155a532f-e1b2-4f3a-9516-79dc762fef29,same_nationality,on,55,2026-09-02T17:57:03+00:00
15038cda-1f2b-49b6-a5e0-d0b55e3c2bf0,0334f17c-6899-4736-8ab2-429b4f561a7c,category,textbooks,3,2026-09-02T17:57:03+00:00
41720c4c-d687-473a-805a-a8159515d1aa,d118210a-8ab6-41a6-b1b6-6d3287819f17,same_nationality,on,54,2026-09-02T17:57:03+00:00
3dbce14e-dd50-43ef-894f-4ceee6219342,a1940ed5-c898-4d47-931c-b21c325c3345,same_nationality,on,1,2026-09-02T17:57:05+00:00
b79d8d82-a33e-4325-ace4-3eeea26dee3b,2f4b1887-379d-4094-919e-a79bb84fab9b,condition,like_new,225,2026-09-02T17:57:06+00:00
48fc1f8a-62b7-4743-9638-298dd1c99d4d,35d1c9bc-1b79-49c9-a300-85609f394726,same_zip,on,9,2026-09-02T17:57:06+00:00
4038f628-023a-4d42-890c-570ddbd72a5d,030f6388-7bc0-48bc-93de-f52f9e0e9015,radius_mi,2.5,16,2026-09-02T17:57:06+00:00
81ae8b92-0c7b-417d-a295-a59145a87a0c,04531230-dd4e-4ce8-a301-2b7332324090,condition,used_fair,11,2026-09-02T17:57:07+00:00
b046eb9b-1a3b-4287-b0ab-032f6417e9d7,1533231e-9d8a-4bcd-a2ff-33e2d020e088,same_nationality,on,20,2026-09-02T17:57:07+00:00
dabf5eff-5be5-4193-891d-b0b5a94a7591,0bf5bc95-72e0-4a6b-83b2-827b521b7405,condition,used_good,431,2026-09-02T17:57:07+00:00
27dccafe-2a2c-40cb-9a91-2e8d444cc3a2,444889f7-5e1b-47df-9469-5d3990179ab1,same_nationality,on,36,2026-09-02T17:57:08+00:00
3a6382b6-60f1-4947-be93-4432bf2306a5,cc483862-ddce-4c53-af20-b14f6d75be64,same_zip,on,136,2026-09-02T17:57:09+00:00
a6c98519-2477-40ce-93fd-77062ef61c6d,4d64501d-cc2c-4970-bbbf-0c44c9858a3c,category,textbooks,163,2026-09-02T17:57:10+00:00
1afe2af0-3b13-4549-999c-5211135dcefd,e0b9ef6b-d7e6-45f5-8fe6-89766b17a285,same_zip,on,2,2026-09-02T17:57:10+00:00
ccf85ee7-6775-4590-b000-10105139249c,7d5910f5-e030-4661-add8-b2eaade7882a,same_nationality,on,0,2026-09-02T17:57:11+00:00
88b454fb-656a-4258-8e81-7e56d0700075,7e25e2b5-9f83-4bc8-95d8-d69216f15bc4,category,electronics,143,2026-09-02T17:57:11+00:00
4344c137-ccb2-4461-ac31-f70a209485af,e0b9ef6b-d7e6-45f5-8fe6-89766b17a285,category,kitchen_home,4,2026-09-02T17:57:11+00:00
2a79e83a-ceb7-402b-8140-e071476e2ed5,82a7aba1-ba88-4765-9d85-015e17a4d87e,condition,new,60,2026-09-02T17:57:12+00:00
10e545c3-f0e7-4a7a-97b5-d3cf0fb191c2,de7eec7f-66a2-4cf7-9de7-b653982bbaaf,radius_mi,1.0,526,2026-09-02T17:57:12+00:00
5d7de90b-93aa-432a-87de-aff5c0e9fa3d,0bd43247-6406-40a9-986d-236037103f78,same_nationality,on,122,2026-09-02T17:57:12+00:00
e0e637b9-de7d-490b-831a-8a1431b0c56e,d7e96a2a-a228-42ca-af95-310b189116f1,condition,like_new,115,2026-09-02T17:57:13+00:00
61683b03-93e1-454b-aa14-f64d17f57994,e0b9ef6b-d7e6-45f5-8fe6-89766b17a285,same_zip,on,3,2026-09-02T17:57:14+00:00
bbbbe3c5-5d79-4921-9ebd-d730356fa1c5,3e6d9730-35ed-4d3b-897a-bb23e57a7169,same_nationality,on,4,2026-09-02T17:57:15+00:00
e4fffe51-a47e-42eb-ad01-71d3497813e0,21285e4d-9ecc-4851-8ad3-f5719905f657,same_school,on,98,2026-09-02T17:57:16+00:00
679fd97b-bd47-4a8d-8281-bca94c5e8c4b,a912d71f-44ec-49d4-934d-09f818efe3b8,radius_mi,0.5,379,2026-09-02T17:57:17+00:00
8742790d-97e4-4558-b9df-7b0ae6f4dee8,3d9d1b9a-08df-4836-a566-7a3612069a50,condition,like_new,20,2026-09-02T17:57:18+00:00
8df9bb1f-2f9b-41f2-8a89-d93b1fc1417d,35d1c9bc-1b79-49c9-a300-85609f394726,same_school,on,142,2026-09-02T17:57:18+00:00
6ea20c2b-87ef-4ac1-a6b3-e161eed05da7,d118210a-8ab6-41a6-b1b6-6d3287819f17,category,free_stuff,6,2026-09-02T17:57:18+00:00
d95b3df2-d8d1-47aa-bb98-b7e4009028bf,73951fcb-587e-448f-bf78-683136c513b1,radius_mi,0.5,1,2026-09-02T17:57:19+00:00
61735fb3-eabf-4c7e-9980-e11ef73bbd60,c6a5d754-8540-4f09-a164-55d8ca668819,same_school,off,5,2026-09-02T17:57:19+00:00
2eab812b-259b-4d58-b862-9cdbce6113fc,dd1c7599-10ed-4a22-a238-e27ac11b47fb,radius_mi,0.5,1,2026-09-02T17:57:19+00:00
f017130f-cdb5-464e-b888-e13edeb70c63,cb243ac5-dbc1-4fb3-8068-aedb69dde97d,same_school,on,65,2026-09-02T17:57:20+00:00
7ebfa00d-5d90-4b84-8045-a341c75207cd,0d1c3efd-7b76-4215-9dc2-0a7d278f7a8e,same_nationality,off,0,2026-09-02T17:57:20+00:00
7261e67c-0f0a-46e7-bf00-d3771d544f65,7d5910f5-e030-4661-add8-b2eaade7882a,same_school,off,0,2026-09-02T17:57:21+00:00
a1dc7709-5fc1-4ef3-99e6-433e482ddf11,3272c66c-2ceb-4e3a-bcb2-2b0cd1385588,category,bikes_transport,45,2026-09-02T17:57:21+00:00
5f11796c-e2ae-49a0-8586-32e347e67de9,945da312-f1c6-4ec8-8183-78d3e481e430,category,free_stuff,0,2026-09-02T17:57:22+00:00
9f263ea4-5d63-49f6-b50d-0b3b736006f4,16efbd3d-b8b5-4695-8df4-431470ed3973,same_school,on,4,2026-09-02T17:57:23+00:00
e5c914dd-687b-4ef6-8bf1-e61cf0992371,e0b9ef6b-d7e6-45f5-8fe6-89766b17a285,category,textbooks,163,2026-09-02T17:57:23+00:00
1a4f8b13-c322-4369-b272-4e9fedd7b5a3,460f4ef7-3d87-4168-867c-b40bd386e450,same_nationality,off,150,2026-09-02T17:57:23+00:00
4e51ddb4-9b27-4230-b6ce-24a7ce48423e,206e14a8-33a8-4438-ad62-32f0055f0b16,same_school,on,48,2026-09-02T17:57:23+00:00
d27a4d17-409f-47c7-895f-490207801ddd,20567896-d4b7-4300-bda6-325550875f20,same_zip,on,136,2026-09-02T17:57:23+00:00
17b79e85-6bd7-4129-963c-cddedd8fa531,a95b5f01-8fa8-4373-8961-d09f30efb232,same_zip,on,0,2026-09-02T17:57:23+00:00
ec0581cf-929a-437e-a0de-503c66ecac8c,332d3361-55a9-4937-8e7b-926425ded45e,category,clothing,0,2026-09-02T17:57:24+00:00
559b7ab8-6fb3-45f8-977a-c96ea182e836,0f42d78d-fb76-4dbf-ac1f-01a020bae3c1,condition,like_new,225,2026-09-02T17:57:24+00:00
2d4fcb1c-ab54-438e-8176-e063711aece6,98579046-5ea8-4cd5-9f46-f0e5a5bd3d58,same_school,on,4,2026-09-02T17:57:24+00:00
2cb67dd7-6f03-4950-a2c7-1d60a5635483,2f4b1887-379d-4094-919e-a79bb84fab9b,same_nationality,on,35,2026-09-02T17:57:27+00:00
119caa01-f87e-4649-a57c-64d4d8231ec9,155a532f-e1b2-4f3a-9516-79dc762fef29,same_zip,on,52,2026-09-02T17:57:28+00:00
0e20236d-18c3-4d47-899e-b7a61f014492,a45ac5b4-0679-4ebf-84e7-2d9da623f04a,radius_mi,10.0,1033,2026-09-02T17:57:28+00:00
cf5ac08b-891b-4549-a2ba-60802e68e439,ccf643f0-7837-4ca1-8bbd-5f64f321d4f4,same_school,on,0,2026-09-02T17:57:28+00:00
632bbd4d-8e72-41af-9e67-04a0cddb1305,3272c66c-2ceb-4e3a-bcb2-2b0cd1385588,same_school,on,1,2026-09-02T17:57:29+00:00
c1b8b973-8fa0-407d-a847-de962932c6da,d4508255-496b-4fe1-b566-0413ac814973,radius_mi,10.0,1023,2026-09-02T17:57:29+00:00
b6d9e9d2-c438-4722-88d1-5a37be5442ee,71dbb1fe-ab44-470c-9d83-8d7b06a225e9,same_nationality,off,59,2026-09-02T17:57:29+00:00
2f7fd606-6e0a-467c-8ee4-874015998774,1a840084-44f1-448f-84ef-67f148e4234d,same_school,on,3,2026-09-02T17:57:29+00:00
61b69209-4afd-4db1-a944-a0f931be5a18,7c147f54-3645-4b45-97db-b4a3ad648658,same_zip,off,2,2026-09-02T17:57:30+00:00
ece0a12f-0a3a-474f-b738-2cadac705dfd,4c5170f9-b83f-4c3d-99ce-06c2ac1ad2b0,condition,used_good,501,2026-09-02T17:57:31+00:00
e3c93899-aa42-4229-bb10-71a8cd0c2b8d,6676e55a-2d01-4cd6-851c-b79f9c789e38,same_school,on,0,2026-09-02T17:57:31+00:00
811f2822-5ee5-4100-878d-add7c2bbeb7d,2339a0ed-6db2-4bdd-9fa6-819624511eb4,same_school,on,0,2026-09-02T17:57:31+00:00
2189029e-72b0-4f6d-9503-4d97735f0e3f,0334f17c-6899-4736-8ab2-429b4f561a7c,category,textbooks,0,2026-09-02T17:57:31+00:00
2cc8f9bd-b1d4-4293-8dd3-4dc42942733d,4f14b9b6-1b26-45f2-bcba-ecfcafdeb6e3,same_nationality,off,21,2026-09-02T17:57:32+00:00
2a4bc988-2c79-4360-a408-da5aeba4fa62,5470b64d-4863-4115-a2e2-8f83ed8189e8,radius_mi,5.0,138,2026-09-02T17:57:32+00:00
9c721fe4-1bf8-4d32-8e75-84e85785a444,b092af0d-a2bd-4137-be44-3e464c231dd3,condition,"new,used_fair",185,2026-09-02T17:57:32+00:00
67967062-d2ac-4cc9-851d-a75877261103,35d1c9bc-1b79-49c9-a300-85609f394726,same_nationality,on,23,2026-09-02T17:57:32+00:00
0befc9f8-1362-41ac-9a93-6dc51e021e10,d4508255-496b-4fe1-b566-0413ac814973,category,sports,47,2026-09-02T17:57:32+00:00
e0808627-dbd3-4026-bce3-e6de82b701a4,cb243ac5-dbc1-4fb3-8068-aedb69dde97d,same_nationality,off,167,2026-09-02T17:57:33+00:00
5b5798ed-9769-4336-b4f3-30c543f546dd,f1beeac4-b01c-4f68-a878-35d53c41872c,condition,used_good,14,2026-09-02T17:57:33+00:00
0a351c50-c805-4587-879f-95ad41577676,2ab57570-b3c5-4e65-8728-32a6b0ac1f63,same_nationality,on,6,2026-09-02T17:57:33+00:00
8f8b9804-cae3-4e50-a86e-b74ee485213f,0bd43247-6406-40a9-986d-236037103f78,condition,used_fair,22,2026-09-02T17:57:34+00:00
421adaa1-04b1-4fac-a6b4-032a543ea48a,0a184521-73d3-4102-aca7-b2caaa11f12e,same_zip,on,369,2026-09-02T17:57:35+00:00
5744d509-54f3-4299-be72-9aec0fbd4033,36252284-f2e8-487b-a7d3-25374b41a493,category,textbooks,163,2026-09-02T17:57:36+00:00
ad3a75aa-dc59-4923-a402-8038e2d4ede7,4c5170f9-b83f-4c3d-99ce-06c2ac1ad2b0,category,clothing,50,2026-09-02T17:57:37+00:00
6165939f-a4a0-4815-b85a-c8e9ff23034b,0bd43247-6406-40a9-986d-236037103f78,radius_mi,0.5,4,2026-09-02T17:57:37+00:00
5999e91c-8702-4d97-ac52-e5f09042e1bc,50f302cf-bad6-4627-a137-7763b6b5ba96,same_nationality,on,22,2026-09-02T17:57:37+00:00
d0585fc5-07e3-4d19-9bb5-7be3ad5ea518,3272c66c-2ceb-4e3a-bcb2-2b0cd1385588,category,"bikes_transport,textbooks",3,2026-09-02T17:57:38+00:00
70976112-e999-4b59-82e7-d28e7c04ae2e,36252284-f2e8-487b-a7d3-25374b41a493,category,clothing,85,2026-09-02T17:57:40+00:00
e332f858-b631-4dcc-9078-9b7dd2fa934f,20567896-d4b7-4300-bda6-325550875f20,same_zip,off,917,2026-09-02T17:57:40+00:00
7cffa9ae-1b1f-463c-afb2-7accfebd8905,e0b9ef6b-d7e6-45f5-8fe6-89766b17a285,radius_mi,1.0,112,2026-09-02T17:57:41+00:00
f3da3315-b177-4de0-902f-f8131a6ef274,f3de7d8f-3a66-4283-bcb7-f1f6d2343a3c,same_school,on,0,2026-09-02T17:57:42+00:00
ba47cda2-e98d-4605-a837-97740fb4fe88,789c6728-3d71-4d9c-8465-dc4340ceb18e,condition,used_good,14,2026-09-02T17:57:42+00:00
a73e08a7-d26f-4d40-a4c8-ea2770774321,cb591dd2-5be6-4e8b-a6a2-2cde97ac5f39,same_nationality,on,0,2026-09-02T17:57:42+00:00
146abf36-b46e-483d-b6c3-12aabfd2047e,7d5910f5-e030-4661-add8-b2eaade7882a,radius_mi,1.0,0,2026-09-02T17:57:43+00:00
fb691ce7-c45a-4a50-a5ee-78666f88c2f9,8752d8d9-b4a6-4313-b226-d8206692281d,same_school,on,137,2026-09-02T17:57:44+00:00
6d894ff2-7e21-463a-bca6-a8cab1855829,3272c66c-2ceb-4e3a-bcb2-2b0cd1385588,same_zip,on,0,2026-09-02T17:57:45+00:00
9cc02cea-a095-4e80-8df0-3917f1150181,6da28f89-2bf9-49a9-9de6-849eb94477dc,same_school,off,369,2026-09-02T17:57:46+00:00
ee001d1d-9f33-49b4-b3d1-664fbf8606c4,0a184521-73d3-4102-aca7-b2caaa11f12e,same_nationality,on,44,2026-09-02T17:57:47+00:00
afcd73a8-d038-4688-af76-02d51d67bd80,8752d8d9-b4a6-4313-b226-d8206692281d,condition,new,60,2026-09-02T17:57:47+00:00
bb6d104b-d361-46b1-820e-f4e8cdcea642,332d3361-55a9-4937-8e7b-926425ded45e,same_school,on,0,2026-09-02T17:57:48+00:00
77ac0af1-7bd8-4ccd-a363-457a27dd0992,6fe52876-1a56-4bed-b662-5983babec5c8,same_zip,on,369,2026-09-02T17:57:48+00:00
a766caeb-e70d-4a3a-8d18-6a40a88473f5,71dbb1fe-ab44-470c-9d83-8d7b06a225e9,same_school,on,6,2026-09-02T17:57:48+00:00
40b8d551-158d-46ff-8097-a563cfd40f6c,3747c2d0-b4c2-47ce-967e-09873126fa0f,category,electronics,107,2026-09-02T17:57:49+00:00
715dca2e-47e0-4b27-b477-70a6d45695c6,3e6d9730-35ed-4d3b-897a-bb23e57a7169,same_nationality,off,17,2026-09-02T17:57:49+00:00
22b1acbe-c98c-4807-b85c-5504bfc9a822,05fb0c96-152e-4ab1-9634-cb2c6a6c3965,same_zip,on,369,2026-09-02T17:57:50+00:00
277ff01b-288b-46be-98af-741ba91830e3,0d1c3efd-7b76-4215-9dc2-0a7d278f7a8e,same_nationality,on,12,2026-09-02T17:57:50+00:00
51386e8e-9008-45fe-8188-cb494f0fd474,d4508255-496b-4fe1-b566-0413ac814973,same_school,on,2,2026-09-02T17:57:51+00:00
e6efbe5a-1dc9-40f0-876e-950edceef2e7,0d8cfdf9-162f-4844-9cd6-729fca1b9962,category,textbooks,112,2026-09-02T17:57:51+00:00
4134841b-f128-42b4-8324-3eee2a6ee63c,7c147f54-3645-4b45-97db-b4a3ad648658,radius_mi,10.0,113,2026-09-02T17:57:51+00:00
6a35eea4-71a0-4b4a-9ec5-5506e01ae9bb,1ebbc63f-df2e-4b49-914d-074f8ab66d2d,same_nationality,on,241,2026-09-02T17:57:51+00:00
db34187a-ec97-408b-9244-d5dd0706f397,ccf643f0-7837-4ca1-8bbd-5f64f321d4f4,same_zip,on,369,2026-09-02T17:57:52+00:00
e17fca5a-f2dc-4a5a-901f-958c4bbf8232,0ad96fb0-af5f-4ef5-bcf5-c1a20ca0163c,condition,"new,used_fair",185,2026-09-02T17:57:52+00:00
bab68f15-95aa-43cc-98b4-8981a0a0112a,68a5d1fb-52f1-45a2-a2fb-ec576b59ceb0,same_school,on,0,2026-09-02T17:57:52+00:00
643ac77b-d533-47fb-b7f8-578533bcd9ec,aaac8f7e-fa82-4faa-8b46-d76ddfcf94ff,radius_mi,10.0,369,2026-09-02T17:57:53+00:00
87186fa2-31ab-4e31-b0be-0058ae273adf,6676e55a-2d01-4cd6-851c-b79f9c789e38,same_school,on,63,2026-09-02T17:57:53+00:00
031395b4-60e8-4a41-984a-a8719d8fde7e,0d1c3efd-7b76-4215-9dc2-0a7d278f7a8e,condition,used_fair,1,2026-09-02T17:57:53+00:00
03445548-a88a-48aa-8442-dbc8c5d46044,8752d8d9-b4a6-4313-b226-d8206692281d,radius_mi,1.0,100,2026-09-02T17:57:54+00:00
652fb9f6-2cb4-4f2e-833c-240a8a0ef789,98911231-0298-4b00-8623-dc3cd5d7cea3,category,free_stuff,23,2026-09-02T17:57:54+00:00
13a4d6dd-40b9-4ee8-a978-177c6a804779,a489a790-afe9-41c4-91ca-ce9a24991829,same_zip,on,369,2026-09-02T17:57:54+00:00
6e484476-d7cb-4b45-bf9d-6ab148854eca,3a5a2a27-d573-4a79-aa49-c5ec803e3afa,same_nationality,on,17,2026-09-02T17:57:54+00:00
c4918821-830a-4c21-874b-61680c7a1f92,3d9d1b9a-08df-4836-a566-7a3612069a50,category,"furniture,kitchen_home",63,2026-09-02T17:57:55+00:00
a404f0a3-8fcb-43a8-8d62-29de554c65e9,d7e96a2a-a228-42ca-af95-310b189116f1,condition,"like_new,new",140,2026-09-02T17:57:55+00:00
198201cb-1217-40b8-9dfe-ea335339b27c,76ccd1ff-3a84-48cc-8149-8acfff606858,radius_mi,0.5,379,2026-09-02T17:57:56+00:00
67bf2d13-da41-4968-b987-b068ab05da4b,bddc13b9-b178-48ff-bab2-df1aca4ad927,radius_mi,5.0,0,2026-09-02T17:57:56+00:00
060541f5-7ed3-4563-95db-3985a6326640,8752d8d9-b4a6-4313-b226-d8206692281d,same_nationality,on,16,2026-09-02T17:57:56+00:00
a710b161-5ae6-42a5-9295-0e0b2f719716,aad30630-8e92-421f-b48a-f3109914adea,radius_mi,0.5,44,2026-09-02T17:57:56+00:00
d888024c-dd5b-45e6-ab1b-502a8afc885a,0bd43247-6406-40a9-986d-236037103f78,same_zip,on,136,2026-09-02T17:57:57+00:00
c7a0aae6-b624-4254-9eb8-13fa997b8ca9,135bb0ab-b64c-437d-88ae-c3f907edf22f,same_school,on,88,2026-09-02T17:57:57+00:00
0dcf4edb-7fda-46b6-8519-121ee122086a,a4ddbcbc-93a7-45ab-ae90-9108c8642e18,radius_mi,0.5,379,2026-09-02T17:57:58+00:00
c5c17a41-2eef-4b1f-a0d4-27efa65007f3,030f6388-7bc0-48bc-93de-f52f9e0e9015,same_nationality,on,10,2026-09-02T17:57:58+00:00
e71de189-0404-4e80-ad14-e22052c4c092,a489a790-afe9-41c4-91ca-ce9a24991829,same_zip,off,379,2026-09-02T17:58:00+00:00
b9dab69e-667d-4186-9998-eda5036930a6,0334f17c-6899-4736-8ab2-429b4f561a7c,same_nationality,off,28,2026-09-02T17:58:00+00:00
e5e0d15c-ba51-4b7c-a4b4-19c7fd0a162f,6fe52876-1a56-4bed-b662-5983babec5c8,same_school,on,3,2026-09-02T17:58:00+00:00
371db583-e2a9-4cd7-9462-3fe85219fea5,04f84970-9afe-4001-b319-d8f3b2a04e42,condition,"like_new,used_good",292,2026-09-02T17:58:00+00:00
eecdf915-8a1e-451d-a5de-59dcb56ad931,4c5170f9-b83f-4c3d-99ce-06c2ac1ad2b0,same_nationality,on,12,2026-09-02T17:58:01+00:00
3928f47d-380e-4054-9b38-9ab4d2a4b540,71dbb1fe-ab44-470c-9d83-8d7b06a225e9,condition,"used_fair,used_good",47,2026-09-02T17:58:01+00:00
656b04e5-ab99-4890-ad88-7c124a14cab5,bddc13b9-b178-48ff-bab2-df1aca4ad927,same_nationality,off,0,2026-09-02T17:58:02+00:00
b44b3f1a-8351-42f0-bb4a-af50f5e0b47f,d118210a-8ab6-41a6-b1b6-6d3287819f17,radius_mi,1.0,0,2026-09-02T17:58:02+00:00
c31895f5-059f-4dd6-9791-8be7538c87a4,4d64501d-cc2c-4970-bbbf-0c44c9858a3c,category,"electronics,textbooks",268,2026-09-02T17:58:02+00:00
7f4388a1-39e6-410a-8e44-f57be2f6f1d4,d7e96a2a-a228-42ca-af95-310b189116f1,condition,like_new,115,2026-09-02T17:58:02+00:00
5ec573e3-42a6-41c5-b4b5-fd4faf5e1d27,16f443cf-d5c0-4214-964e-a8d0ca61fc3b,same_nationality,on,0,2026-09-02T17:58:02+00:00
e54155e5-01b5-40c2-8fb1-9dd94a913602,97f073ef-5758-4ff9-a7ff-e9295ddc5a66,same_zip,on,19,2026-09-02T17:58:03+00:00
6b682c7d-f4c9-4f2c-a859-bf4e66dd3a45,3e6d9730-35ed-4d3b-897a-bb23e57a7169,category,furniture,7,2026-09-02T17:58:03+00:00
31ece40e-fe31-4cc0-a569-45084af9c84a,a68d5ccd-96c8-4374-84e2-4934fba8422c,category,electronics,0,2026-09-02T17:58:03+00:00
504f0d94-2b02-4045-b0ad-01265bedcfa4,2f0c41a5-5c82-4268-8201-a8322cefa8b0,same_zip,on,126,2026-09-02T17:58:04+00:00
bd0a8533-011e-430c-86c8-074cf438e7f6,73951fcb-587e-448f-bf78-683136c513b1,same_zip,on,0,2026-09-02T17:58:05+00:00
4461131b-6ca5-474c-b691-354d45d08be8,d7e96a2a-a228-42ca-af95-310b189116f1,category,bikes_transport,5,2026-09-02T17:58:05+00:00
d325a85d-b178-40ef-8d13-4ccb0d8fb012,c7182b42-2953-4a2f-af0b-417e77f32a0f,same_zip,on,4,2026-09-02T17:58:05+00:00
04222d75-6b55-4e9c-a11f-09085e90b848,dd1c7599-10ed-4a22-a238-e27ac11b47fb,radius_mi,0.5,126,2026-09-02T17:58:06+00:00
676a1803-67fb-4a8e-9469-8caf4cd5478f,5470b64d-4863-4115-a2e2-8f83ed8189e8,radius_mi,2.5,791,2026-09-02T17:58:06+00:00
89143ec6-d754-423c-a698-8adbaffedfd7,2ab57570-b3c5-4e65-8728-32a6b0ac1f63,same_nationality,on,217,2026-09-02T17:58:07+00:00
d7441e1b-591a-4e6f-a40e-611f8490e2d3,e608adee-5af1-4b18-b061-19391f09fb69,radius_mi,5.0,890,2026-09-02T17:58:07+00:00
d24e2dbe-f8b9-4967-a3df-614d96d7009e,d4508255-496b-4fe1-b566-0413ac814973,same_nationality,on,3,2026-09-02T17:58:07+00:00
fc35c00f-b131-4b74-8192-b26901bbc9a2,2f0c41a5-5c82-4268-8201-a8322cefa8b0,same_school,on,26,2026-09-02T17:58:08+00:00
7dd07a6c-99c1-421f-aa2c-a26d3d64f0d9,0459c7c6-94d8-4008-b8e0-fb02733ecce3,same_nationality,off,101,2026-09-02T17:58:08+00:00
a45c9baa-59ef-4d30-8643-50a7a013ffaf,dd1c7599-10ed-4a22-a238-e27ac11b47fb,same_zip,on,1,2026-09-02T17:58:08+00:00
a0b37fbe-64b8-4f19-ba78-915361de42d4,a68d5ccd-96c8-4374-84e2-4934fba8422c,condition,like_new,0,2026-09-02T17:58:08+00:00
f3adfe64-9b01-4033-be56-fbfb8f3c1a07,98579046-5ea8-4cd5-9f46-f0e5a5bd3d58,same_school,off,28,2026-09-02T17:58:09+00:00
6aaccff5-d505-49bc-9a5e-7288b97909a9,3a5a2a27-d573-4a79-aa49-c5ec803e3afa,category,kitchen_home,16,2026-09-02T17:58:09+00:00
ba8dba24-c400-4038-9a5f-a2880101d35b,135bb0ab-b64c-437d-88ae-c3f907edf22f,same_zip,on,32,2026-09-02T17:58:10+00:00
2e3be970-ec5c-4dce-ae02-c28ec845b76c,e0b9ef6b-d7e6-45f5-8fe6-89766b17a285,same_zip,off,5,2026-09-02T17:58:11+00:00
12b6da08-ef8a-401b-b178-521a1e10223e,6676e55a-2d01-4cd6-851c-b79f9c789e38,same_school,off,601,2026-09-02T17:58:12+00:00
045ebc18-2921-4a3c-9d18-1af31fadbfb0,030f6388-7bc0-48bc-93de-f52f9e0e9015,same_nationality,on,23,2026-09-02T17:58:12+00:00
550cda73-9f95-41b1-87a7-d94083d15815,61c18988-ae66-48f3-943c-a49ee2ad2d55,same_zip,on,369,2026-09-02T17:58:12+00:00
6f2e9ad5-cf76-4ad1-a94f-57d3390b94a5,1a840084-44f1-448f-84ef-67f148e4234d,condition,used_fair,1,2026-09-02T17:58:12+00:00
0d71919e-2321-43b6-8d24-b3cb26756c46,d10d3c59-6919-439f-a0ee-ed3b90ffb4f4,same_school,on,1,2026-09-02T17:58:13+00:00
5c1f2c2c-53f0-4fef-bba4-60c630fb7352,1f8b2d56-2ffa-4ff9-a613-b3e5e8618769,same_zip,on,369,2026-09-02T17:58:14+00:00
d48f8369-ed51-4fd3-b9b9-522664672b95,6fe52876-1a56-4bed-b662-5983babec5c8,category,free_stuff,0,2026-09-02T17:58:14+00:00
1e1086e1-05e9-43fa-ab44-db81ab29d7ba,04f84970-9afe-4001-b319-d8f3b2a04e42,same_nationality,on,99,2026-09-02T17:58:14+00:00
62bf8c61-4b2d-45ad-bf8c-181873499d65,ccf643f0-7837-4ca1-8bbd-5f64f321d4f4,same_nationality,off,1,2026-09-02T17:58:14+00:00
e4afde57-deb0-4272-b0cd-be1cb1d58245,0459c7c6-94d8-4008-b8e0-fb02733ecce3,category,furniture,25,2026-09-02T17:58:14+00:00
2845e277-6a26-40f1-9d1b-60f00d87cd34,f8340601-f2cd-4988-9115-98413c0d3f89,radius_mi,0.5,23,2026-09-02T17:58:14+00:00
85443d33-a017-49a4-877c-678d360fa27a,b39b0d31-5468-4f8c-b0e1-015cf5d250f5,condition,(cleared),765,2026-09-02T17:58:16+00:00
cc9e3b02-6ef5-46ed-b6ba-55453a85951c,68a5d1fb-52f1-45a2-a2fb-ec576b59ceb0,condition,new,0,2026-09-02T17:58:16+00:00
8028caf8-0e34-4f46-a6b4-a221a39c0a17,82a7aba1-ba88-4765-9d85-015e17a4d87e,condition,"new,used_good",441,2026-09-02T17:58:17+00:00
0af7d055-4280-478c-ad62-4dea8a27503a,7c147f54-3645-4b45-97db-b4a3ad648658,same_school,off,1023,2026-09-02T17:58:17+00:00
52af7a35-bb81-4be8-bf59-ab4f7cc78a1a,e0b9ef6b-d7e6-45f5-8fe6-89766b17a285,condition,used_good,40,2026-09-02T17:58:17+00:00
8f7f2c75-f657-42e2-9623-cce76cfb608c,a4ddbcbc-93a7-45ab-ae90-9108c8642e18,same_nationality,on,240,2026-09-02T17:58:18+00:00
ad6e8daa-2e74-4023-9366-20dc88b2b11e,6e8bd2b2-8577-4176-ab3c-67fe5e14d009,same_school,on,3,2026-09-02T17:58:18+00:00
f94cbed1-240d-42a4-9fb8-60b4ccd6c614,0ad96fb0-af5f-4ef5-bcf5-c1a20ca0163c,same_school,on,137,2026-09-02T17:58:19+00:00
f71c244d-ed8d-4a5a-8dac-e29ef54e313b,206e14a8-33a8-4438-ad62-32f0055f0b16,same_zip,on,5,2026-09-02T17:58:19+00:00
e19c3c6f-ee42-4cd1-9d2f-02d3251426e8,ee695881-c43e-42d5-8d6b-22f89b95592c,same_nationality,on,0,2026-09-02T17:58:19+00:00
563a9275-d1c9-48df-8ec4-c8d619ff90d7,d4508255-496b-4fe1-b566-0413ac814973,radius_mi,0.5,0,2026-09-02T17:58:19+00:00
35c9e523-88fd-43cc-ae70-435024d9187f,16efbd3d-b8b5-4695-8df4-431470ed3973,category,bikes_transport,0,2026-09-02T17:58:20+00:00
3c9d5779-498c-4538-96d1-62b5790804f8,0ad96fb0-af5f-4ef5-bcf5-c1a20ca0163c,category,free_stuff,7,2026-09-02T17:58:20+00:00
5853ada2-1d84-4dbb-a1e4-5b6b13c7659c,2f0c41a5-5c82-4268-8201-a8322cefa8b0,radius_mi,10.0,319,2026-09-02T17:58:20+00:00
1248f9f0-b276-43de-a44a-1f94aa75a31d,71dbb1fe-ab44-470c-9d83-8d7b06a225e9,condition,used_good,4,2026-09-02T17:58:20+00:00
83e627d3-790d-4b47-a9ef-843b1cd9af73,a1940ed5-c898-4d47-931c-b21c325c3345,category,furniture,0,2026-09-02T17:58:21+00:00
f08f1e70-3ae4-4cec-b512-71431f11e03f,de7eec7f-66a2-4cf7-9de7-b653982bbaaf,same_nationality,on,168,2026-09-02T17:58:21+00:00
c6c26525-d8bc-43a1-8fed-1bafeb8a9992,e0b9ef6b-d7e6-45f5-8fe6-89766b17a285,condition,used_fair,5,2026-09-02T17:58:21+00:00
b75888c0-46d8-49ba-8442-e666b488bcec,d22b3806-011e-4687-9849-8139d0251d38,same_nationality,on,240,2026-09-02T17:58:21+00:00
b4ba3ef8-2b2c-4176-be21-f3f2d3cb3bf1,c7182b42-2953-4a2f-af0b-417e77f32a0f,same_school,on,0,2026-09-02T17:58:21+00:00
970b6581-2d00-4818-a2d9-ea389c8f7902,35d1c9bc-1b79-49c9-a300-85609f394726,same_zip,off,132,2026-09-02T17:58:21+00:00
4b706eb1-d58b-4d21-a5e9-8c385e6f1e22,1a840084-44f1-448f-84ef-67f148e4234d,radius_mi,10.0,33,2026-09-02T17:58:21+00:00
40e1715e-46a5-4e04-b37f-613b98127056,d4508255-496b-4fe1-b566-0413ac814973,condition,new,0,2026-09-02T17:58:22+00:00
e0992b86-ab10-4795-896d-eaf5c9f91552,1533231e-9d8a-4bcd-a2ff-33e2d020e088,radius_mi,0.5,11,2026-09-02T17:58:23+00:00
cbd2466c-d0bc-40c8-b3f3-1a938f267711,21285e4d-9ecc-4851-8ad3-f5719905f657,same_zip,on,47,2026-09-02T17:58:25+00:00
7f6b0f94-1720-4c92-bfb8-b6495cc2d0c3,030f6388-7bc0-48bc-93de-f52f9e0e9015,category,bikes_transport,2,2026-09-02T17:58:26+00:00
271ca8a2-4e84-4890-8f0e-ecd8280a7061,cc483862-ddce-4c53-af20-b14f6d75be64,radius_mi,1.0,136,2026-09-02T17:58:27+00:00
79f1f264-ee49-4ee3-ae11-f950cc2393ff,5470b64d-4863-4115-a2e2-8f83ed8189e8,radius_mi,10.0,158,2026-09-02T17:58:27+00:00
4a2bc49a-e2c1-4164-b7c1-05ecaeff4b91,0d1c3efd-7b76-4215-9dc2-0a7d278f7a8e,radius_mi,1.0,0,2026-09-02T17:58:27+00:00
e3648d6e-3122-4bd3-81c5-e74ffca8567c,6fe52876-1a56-4bed-b662-5983babec5c8,same_school,off,5,2026-09-02T17:58:27+00:00
12b84ee2-622b-40ff-b038-00fd33f3cb29,a489a790-afe9-41c4-91ca-ce9a24991829,same_zip,on,369,2026-09-02T17:58:27+00:00
d18d40bb-2809-4a43-b31c-4e0aea880091,04531230-dd4e-4ce8-a301-2b7332324090,same_nationality,off,125,2026-09-02T17:58:28+00:00
4e7bb2ed-c708-466b-9d4b-43a56986ecb0,e0b9ef6b-d7e6-45f5-8fe6-89766b17a285,same_nationality,off,47,2026-09-02T17:58:28+00:00
bf17e0f3-475f-4398-a560-ad773783ea49,0ad96fb0-af5f-4ef5-bcf5-c1a20ca0163c,same_nationality,on,1,2026-09-02T17:58:29+00:00
8b09f7c1-305f-4a6e-b16d-a48a8ea29797,16746d30-4545-4105-a2e8-7da9c5208cb5,category,textbooks,72,2026-09-02T17:58:29+00:00
61e0a4e4-6d2b-4566-b22c-85e7b15f3716,e0b9ef6b-d7e6-45f5-8fe6-89766b17a285,condition,used_good,2,2026-09-02T17:58:29+00:00
695b7d8a-91e2-4b9a-8e7c-0a5a86328ae5,1a840084-44f1-448f-84ef-67f148e4234d,condition,used_good,12,2026-09-02T17:58:29+00:00
b253a1e5-4f3a-499b-9c40-dddb8cb3e241,50f302cf-bad6-4627-a137-7763b6b5ba96,category,bikes_transport,3,2026-09-02T17:58:30+00:00
3192c4a0-989e-402f-9b46-f6238587cef3,7bd352e0-3016-452b-a485-917392919f80,condition,like_new,6,2026-09-02T17:58:31+00:00
05e4ca9d-3755-4020-9e27-9594182613f8,17b38ad8-6c49-45b0-a8cf-629f00895aab,same_zip,on,369,2026-09-02T17:58:31+00:00
fe9497b0-e0de-462a-a0be-cf52b531df87,f3de7d8f-3a66-4283-bcb7-f1f6d2343a3c,category,electronics,0,2026-09-02T17:58:31+00:00
892e841a-cf67-4a2b-8fe9-f16b84f2e51d,c6a5d754-8540-4f09-a164-55d8ca668819,same_zip,off,56,2026-09-02T17:58:31+00:00
a7916ae1-10a4-4029-9d84-bb5c1cd4806f,b39b0d31-5468-4f8c-b0e1-015cf5d250f5,category,clothing,79,2026-09-02T17:58:31+00:00
52bba096-ce86-4f58-99d9-fd864459437e,2474e0bd-3261-4377-838d-4687ea35d755,same_nationality,on,16,2026-09-02T17:58:31+00:00
8bef3ea1-dddd-4b68-b26d-472e6c568e56,04f84970-9afe-4001-b319-d8f3b2a04e42,same_school,on,13,2026-09-02T17:58:31+00:00
f5702f2d-cdbf-464c-8e2c-93e78b2dd983,aad30630-8e92-421f-b48a-f3109914adea,condition,used_good,22,2026-09-02T17:58:32+00:00
72643ad6-c8e3-463c-ad33-f0e2ccbb6f01,b9da329a-3d04-4f0e-b90f-119d2d7bf851,same_nationality,off,791,2026-09-02T17:58:32+00:00
bba44163-ffe5-4fd6-9248-d048088f16c2,3a26d6b7-6942-4fdb-896b-8e3aa4a242d3,category,bikes_transport,34,2026-09-02T17:58:33+00:00
57acb957-153d-476e-9925-d42a5c0d631c,98911231-0298-4b00-8623-dc3cd5d7cea3,same_school,on,1,2026-09-02T17:58:34+00:00
70438b0b-654e-46ce-943f-872bab3b90c8,0ad96fb0-af5f-4ef5-bcf5-c1a20ca0163c,condition,like_new,37,2026-09-02T17:58:35+00:00
6808c32e-c98d-4216-b2b5-77eaa5f254ea,7bd352e0-3016-452b-a485-917392919f80,same_nationality,on,1,2026-09-02T17:58:36+00:00
ab35ac60-5a8b-414b-a949-0ccb63656332,aad30630-8e92-421f-b48a-f3109914adea,same_school,on,9,2026-09-02T17:58:36+00:00
28ab1e86-2aea-4bbf-8f95-f71a11d247eb,6676e55a-2d01-4cd6-851c-b79f9c789e38,condition,used_fair,92,2026-09-02T17:58:36+00:00
5f5c8e7f-044e-4cb1-b16c-d240658b3e97,444889f7-5e1b-47df-9469-5d3990179ab1,radius_mi,5.0,54,2026-09-02T17:58:37+00:00
172212cf-2e14-4ba6-a20e-b41644e37f57,d7e96a2a-a228-42ca-af95-310b189116f1,same_nationality,on,1,2026-09-02T17:58:38+00:00
2c7892ff-387a-456f-ac12-ab22be8cf69a,61c18988-ae66-48f3-943c-a49ee2ad2d55,category,electronics,39,2026-09-02T17:58:38+00:00
c2ca40fb-70dc-471c-872f-d51634fb1163,0d1c3efd-7b76-4215-9dc2-0a7d278f7a8e,same_school,on,0,2026-09-02T17:58:38+00:00
49d9bd77-d739-4a64-a44e-80c57dd34d12,2643bbdd-a685-4d2f-82f7-bb0156888708,same_nationality,on,217,2026-09-02T17:58:39+00:00
36b6233c-f5bc-4b37-9c6e-52cfbc1b4a53,0ab64343-2bcf-4c83-9162-e2ad0fb29642,same_school,on,16,2026-09-02T17:58:40+00:00
6a85d3f4-33e4-4057-97d5-db503bae0811,35d1c9bc-1b79-49c9-a300-85609f394726,same_zip,on,0,2026-09-02T17:58:40+00:00
5b31a8b4-a52a-4978-805c-a92175d2bc36,6676e55a-2d01-4cd6-851c-b79f9c789e38,category,electronics,80,2026-09-02T17:58:40+00:00
2eca3a6b-2b8c-432e-9b0a-ace2c4fc590d,1ebbc63f-df2e-4b49-914d-074f8ab66d2d,same_nationality,off,795,2026-09-02T17:58:40+00:00
7a737e7d-e2ba-4d2a-93a8-fbbf08fc2d7e,20567896-d4b7-4300-bda6-325550875f20,radius_mi,0.5,140,2026-09-02T17:58:41+00:00
ac587b78-cb45-4f0b-baa3-eb2f7e476665,7e25e2b5-9f83-4bc8-95d8-d69216f15bc4,same_school,on,15,2026-09-02T17:58:41+00:00
c34406d3-26c5-43d4-ad83-ec6a5178f021,7e4c1870-3096-41b8-b052-4911d80d39f4,condition,used_fair,2,2026-09-02T17:58:42+00:00
4e66029c-d5bd-4514-bd71-f8b03c7746ba,0f42d78d-fb76-4dbf-ac1f-01a020bae3c1,condition,(cleared),791,2026-09-02T17:58:42+00:00
c44fddf3-1939-4a80-bc25-e2fa32588bca,706f1f4f-1432-4dc2-9014-0467ae3c2d7b,radius_mi,1.0,175,2026-09-02T17:58:42+00:00
1d8a9ffe-4f43-4107-8e33-7caa5ae2c256,332d3361-55a9-4937-8e7b-926425ded45e,category,"clothing,textbooks",0,2026-09-02T17:58:43+00:00
4f6c718b-eac7-464f-b012-f7b787ff2480,d00207f3-bd03-44cc-9a3c-3064ce8e1f35,radius_mi,0.5,0,2026-09-02T17:58:43+00:00
49e69b8c-6dbf-4fa4-9f14-4f7a3480c7b2,2474e0bd-3261-4377-838d-4687ea35d755,same_school,on,1,2026-09-02T17:58:43+00:00
0bc6676e-c40d-408f-8941-a7e4ae113631,76ccd1ff-3a84-48cc-8149-8acfff606858,radius_mi,2.5,791,2026-09-02T17:58:44+00:00
1c8f4b6d-78ea-4890-ba91-4529b84d75cc,2ab57570-b3c5-4e65-8728-32a6b0ac1f63,same_zip,on,6,2026-09-02T17:58:44+00:00
5d23acc9-4732-46c7-93eb-73c08cad4a37,16f443cf-d5c0-4214-964e-a8d0ca61fc3b,radius_mi,1.0,4,2026-09-02T17:58:44+00:00
ea727165-6be6-46ef-8315-30132fb1b9ca,36252284-f2e8-487b-a7d3-25374b41a493,same_nationality,on,19,2026-09-02T17:58:46+00:00
72e9cdd9-eb7c-49b6-b371-f342807d334e,0bd43247-6406-40a9-986d-236037103f78,same_zip,off,781,2026-09-02T17:58:47+00:00
71a3a56d-0425-4343-af3e-fdcefc1d495a,a4ddbcbc-93a7-45ab-ae90-9108c8642e18,radius_mi,5.0,268,2026-09-02T17:58:47+00:00
e6a5994f-37c5-490a-84d6-e5e3dca6694d,a1940ed5-c898-4d47-931c-b21c325c3345,same_zip,off,0,2026-09-02T17:58:48+00:00
7151d14a-825b-4745-b813-2ca016274edd,cb243ac5-dbc1-4fb3-8068-aedb69dde97d,same_zip,on,79,2026-09-02T17:58:48+00:00
2e6fcdcd-af9c-42d1-855b-dbb2b24d8715,789c6728-3d71-4d9c-8465-dc4340ceb18e,same_zip,on,14,2026-09-02T17:58:48+00:00
40ddd2c6-f02a-42e7-98e7-5b335f83c7cc,34492776-de46-49bc-b7cd-92d1873e1f66,condition,new,60,2026-09-02T17:58:48+00:00
72c94b9f-52e8-4ec8-8a20-f9757d010264,cb591dd2-5be6-4e8b-a6a2-2cde97ac5f39,same_school,off,0,2026-09-02T17:58:49+00:00
ac9bced1-177e-4b52-beaa-1e8e1da7cf71,b39b0d31-5468-4f8c-b0e1-015cf5d250f5,same_nationality,on,2,2026-09-02T17:58:50+00:00
8d4ec25d-9131-4eaf-8f10-95c6989e8bdb,38156797-b627-4aeb-a0c5-300f9f3adfc9,category,free_stuff,2,2026-09-02T17:58:52+00:00
a7b24c0c-84c4-44fb-a05d-963cd4212072,0a184521-73d3-4102-aca7-b2caaa11f12e,same_nationality,off,369,2026-09-02T17:58:52+00:00
7c133054-f7ea-4fed-be34-332b43e73fa9,a45ac5b4-0679-4ebf-84e7-2d9da623f04a,category,sports,47,2026-09-02T17:58:52+00:00
7a46efac-6cef-49fc-8dad-f47457cfabda,334bebc0-796e-4843-a311-d48635b44d02,category,clothing,49,2026-09-02T17:58:53+00:00
f36749de-f64c-410e-9e8f-23eb07d36743,36252284-f2e8-487b-a7d3-25374b41a493,same_zip,on,72,2026-09-02T17:58:53+00:00
1216a4a5-37b7-4215-91b3-a1772dc2671a,e0b9ef6b-d7e6-45f5-8fe6-89766b17a285,radius_mi,0.5,2,2026-09-02T17:58:53+00:00
6455cae0-f67c-46f5-bb1b-a2a68635b265,98911231-0298-4b00-8623-dc3cd5d7cea3,same_nationality,on,0,2026-09-02T17:58:53+00:00
4bfbaf60-08d2-40b1-8017-a49dece4be29,a68d5ccd-96c8-4374-84e2-4934fba8422c,same_nationality,on,0,2026-09-02T17:58:54+00:00
0ec12b04-8aa3-4737-8044-8edd2ca43df0,0459c7c6-94d8-4008-b8e0-fb02733ecce3,same_nationality,on,1,2026-09-02T17:58:54+00:00
0558a022-7ce2-42d8-b369-ef0681b62fdb,a1940ed5-c898-4d47-931c-b21c325c3345,same_nationality,off,0,2026-09-02T17:58:56+00:00
9660faab-b702-432d-87c6-b09864ee6879,0d8cfdf9-162f-4844-9cd6-729fca1b9962,same_nationality,on,0,2026-09-02T17:58:57+00:00
1d3f3b85-6a4f-4c77-bcb2-ff8c8922fba1,6676e55a-2d01-4cd6-851c-b79f9c789e38,condition,"used_fair,used_good",385,2026-09-02T17:58:57+00:00
b2ea3ecc-27b4-4ca5-8a54-e2ed973e1993,4f14b9b6-1b26-45f2-bcba-ecfcafdeb6e3,same_zip,on,7,2026-09-02T17:58:58+00:00
875685dc-407e-4600-9e34-8ca6944b08ff,204dcf7c-06f2-43b3-a0d0-a7b402d2887d,same_school,on,19,2026-09-02T17:58:58+00:00
e9d73eb2-1e19-4863-9d88-b99799d9c932,68a5d1fb-52f1-45a2-a2fb-ec576b59ceb0,condition,used_fair,0,2026-09-02T17:58:58+00:00
bd8e52c7-93cc-4366-ac93-78f23487eeda,8752d8d9-b4a6-4313-b226-d8206692281d,condition,used_fair,18,2026-09-02T17:58:58+00:00
066c0981-3412-4b7f-8898-aa9560e30312,2339a0ed-6db2-4bdd-9fa6-819624511eb4,same_nationality,off,0,2026-09-02T17:58:59+00:00
d1805703-98d8-4dc3-9683-1171d693d56f,a489a790-afe9-41c4-91ca-ce9a24991829,radius_mi,0.5,369,2026-09-02T17:58:59+00:00
615eb355-3149-4c71-a1c9-8a65c4650731,d10d3c59-6919-439f-a0ee-ed3b90ffb4f4,radius_mi,10.0,1036,2026-09-02T17:59:01+00:00
6cb14f33-d657-43fc-8fae-4159c3e078b3,05fb0c96-152e-4ab1-9634-cb2c6a6c3965,same_school,on,5,2026-09-02T17:59:01+00:00
048c6cd3-e76c-46dd-a27e-ce879d8b38af,a1940ed5-c898-4d47-931c-b21c325c3345,same_school,on,0,2026-09-02T17:59:02+00:00
91c4ef3c-09ff-4acd-900f-939c02813a8d,e0b9ef6b-d7e6-45f5-8fe6-89766b17a285,same_nationality,on,4,2026-09-02T17:59:02+00:00
7e4775e2-1d94-4b9b-a534-bfeaaa3e8779,0bd43247-6406-40a9-986d-236037103f78,category,textbooks,0,2026-09-02T17:59:02+00:00
50f13962-df01-4a6d-aa91-996de98fd9bc,b092af0d-a2bd-4137-be44-3e464c231dd3,condition,"new,used_fair,used_good",566,2026-09-02T17:59:02+00:00
a3acd303-6b61-41ba-b59e-b18d923d6554,0ad96fb0-af5f-4ef5-bcf5-c1a20ca0163c,same_zip,on,1,2026-09-02T17:59:02+00:00
5b0511ba-4cff-4e5c-90cf-d1510728fa94,ccf643f0-7837-4ca1-8bbd-5f64f321d4f4,category,bikes_transport,22,2026-09-02T17:59:03+00:00
5a13896f-aa5a-4ed6-81dc-f5371bd3112b,de7eec7f-66a2-4cf7-9de7-b653982bbaaf,radius_mi,10.0,301,2026-09-02T17:59:03+00:00
29b7d681-296c-496e-bdce-6ab87b70da6d,3ac67d5f-d30d-4dc9-a07d-4a2d958baf74,same_nationality,off,791,2026-09-02T17:59:03+00:00
32a51273-b406-4380-999e-faa849d4fef3,ee695881-c43e-42d5-8d6b-22f89b95592c,same_zip,off,4,2026-09-02T17:59:03+00:00
b88b695f-98ef-40bc-b9c2-e9d07fbbaeca,a4ddbcbc-93a7-45ab-ae90-9108c8642e18,same_zip,on,369,2026-09-02T17:59:04+00:00
cb4f3731-0142-4715-9b4e-30f84d339e46,04f84970-9afe-4001-b319-d8f3b2a04e42,same_school,off,99,2026-09-02T17:59:05+00:00
4dfc6410-5833-441c-ad1a-1a93ea00042a,38156797-b627-4aeb-a0c5-300f9f3adfc9,condition,like_new,0,2026-09-02T17:59:06+00:00
9b50e7fb-7c7a-4e7a-a56c-b2aa24c1e039,244caaed-ae63-4e3d-9ed2-7e3a12f8f542,condition,used_fair,158,2026-09-02T17:59:06+00:00
7693960f-80ab-4bfa-ba50-e5ffeedecefc,e608adee-5af1-4b18-b061-19391f09fb69,same_zip,on,369,2026-09-02T17:59:07+00:00
9335e9fb-3391-4ec3-8a5d-9e835f068eaf,71dbb1fe-ab44-470c-9d83-8d7b06a225e9,condition,"new,used_good",4,2026-09-02T17:59:07+00:00
e94c5536-9da6-4941-bcc9-a2754eaddb87,bddc13b9-b178-48ff-bab2-df1aca4ad927,category,"free_stuff,textbooks",3,2026-09-02T17:59:08+00:00
5f67b851-9a3c-490f-ba85-fdbee5b08bbc,0d8cfdf9-162f-4844-9cd6-729fca1b9962,condition,new,40,2026-09-02T17:59:08+00:00
a2722cf0-8558-4676-85df-3a4f279f22b1,0d1c3efd-7b76-4215-9dc2-0a7d278f7a8e,same_school,off,23,2026-09-02T17:59:08+00:00
091b8ce5-794e-4f5f-8ddf-f9e34cc2726e,98579046-5ea8-4cd5-9f46-f0e5a5bd3d58,same_school,on,4,2026-09-02T17:59:08+00:00
2a6d79f6-ad3f-48cd-bff9-509a129bfe15,e0b9ef6b-d7e6-45f5-8fe6-89766b17a285,condition,"like_new,used_good",5,2026-09-02T17:59:08+00:00
6aa38471-8d46-4a3f-afc3-a5d1182c1df9,35d1c9bc-1b79-49c9-a300-85609f394726,condition,like_new,36,2026-09-02T17:59:09+00:00
0d5f518e-4220-4f17-8c2e-162e4b89c6b7,3747c2d0-b4c2-47ce-967e-09873126fa0f,condition,like_new,33,2026-09-02T17:59:10+00:00
48f8c7f6-17ba-4434-a9ae-f398afb88982,a489a790-afe9-41c4-91ca-ce9a24991829,same_school,on,71,2026-09-02T17:59:10+00:00
f02b733b-814e-485a-81c6-cc32cf320409,4b393f57-9597-4849-8f2b-6e4f0193d3ae,same_school,on,31,2026-09-02T17:59:10+00:00
a48ae252-df62-4712-a536-395e049e601e,aaac8f7e-fa82-4faa-8b46-d76ddfcf94ff,same_nationality,on,44,2026-09-02T17:59:11+00:00
70d71d19-6ed8-4e38-8157-ab82f9f21664,dd1c7599-10ed-4a22-a238-e27ac11b47fb,category,clothing,15,2026-09-02T17:59:11+00:00
f2a78ebb-1b4b-41f0-959e-1e9ac7e5c18e,a489a790-afe9-41c4-91ca-ce9a24991829,same_nationality,on,44,2026-09-02T17:59:11+00:00
1ba30d7c-1679-4027-9d15-0425e7927e18,6da28f89-2bf9-49a9-9de6-849eb94477dc,radius_mi,1.0,369,2026-09-02T17:59:12+00:00
ad3cac14-5b2a-4b2d-b8cd-67b5c1509ec2,0334f17c-6899-4736-8ab2-429b4f561a7c,radius_mi,0.5,7,2026-09-02T17:59:12+00:00
c6ac9342-644d-4654-aafb-ea7e3329e186,d4508255-496b-4fe1-b566-0413ac814973,same_school,off,12,2026-09-02T17:59:13+00:00
2352892c-ff58-41ba-94fa-e595df6d2e6f,0a184521-73d3-4102-aca7-b2caaa11f12e,radius_mi,10.0,369,2026-09-02T17:59:13+00:00
36af878a-d6a4-4f49-876d-651a5ba27a95,2ab57570-b3c5-4e65-8728-32a6b0ac1f63,same_zip,off,217,2026-09-02T17:59:14+00:00
833bbafd-1a1d-453d-a40c-0106f0825925,3e6d9730-35ed-4d3b-897a-bb23e57a7169,same_school,on,0,2026-09-02T17:59:14+00:00
21b01517-12a6-4b2c-a9c9-c7a2474cd38c,68a5d1fb-52f1-45a2-a2fb-ec576b59ceb0,radius_mi,0.5,0,2026-09-02T17:59:14+00:00
5f10e313-4c38-4aae-8671-f53e2670d6bb,5470b64d-4863-4115-a2e2-8f83ed8189e8,same_nationality,on,31,2026-09-02T17:59:15+00:00
7a6290f5-25aa-451f-8f39-a01bbe5d360a,6fe52876-1a56-4bed-b662-5983babec5c8,radius_mi,5.0,369,2026-09-02T17:59:15+00:00
72956f7c-be07-49fd-9329-20f6cc924314,cc483862-ddce-4c53-af20-b14f6d75be64,category,kitchen_home,16,2026-09-02T17:59:16+00:00
9397d9cb-218a-4516-998e-d8f0d66a58f1,d118210a-8ab6-41a6-b1b6-6d3287819f17,radius_mi,1.0,0,2026-09-02T17:59:16+00:00
431d5029-ff8f-4806-adb1-1d38a7bfeedf,82a7aba1-ba88-4765-9d85-015e17a4d87e,condition,"like_new,new,used_good",666,2026-09-02T17:59:17+00:00
8b041192-5e95-4e08-bf31-b9205901f613,2643bbdd-a685-4d2f-82f7-bb0156888708,same_school,on,48,2026-09-02T17:59:17+00:00
663d5444-61a8-4004-84f3-9e96843c2c2b,0d1c3efd-7b76-4215-9dc2-0a7d278f7a8e,condition,new,2,2026-09-02T17:59:17+00:00
b0ba3cc6-5b5c-4289-b0f6-63ae3bc959f2,2ab57570-b3c5-4e65-8728-32a6b0ac1f63,condition,new,15,2026-09-02T17:59:18+00:00
377a0cbe-3615-4441-8344-77ee8f64c9f5,8752d8d9-b4a6-4313-b226-d8206692281d,radius_mi,1.0,12,2026-09-02T17:59:18+00:00
45413df2-c73a-47c1-9e65-3fcee5b505ec,2474e0bd-3261-4377-838d-4687ea35d755,condition,used_fair,158,2026-09-02T17:59:18+00:00
0274fd1c-dc57-46e4-b947-d181421671c3,1f8b2d56-2ffa-4ff9-a613-b3e5e8618769,same_school,on,71,2026-09-02T17:59:19+00:00
ef740cc9-2330-499f-8e0c-1b3d71814ef7,206e14a8-33a8-4438-ad62-32f0055f0b16,same_nationality,off,5,2026-09-02T17:59:19+00:00
b2ef16c9-5e5e-44d4-af85-1e3bd1d1abc4,3a26d6b7-6942-4fdb-896b-8e3aa4a242d3,condition,new,1,2026-09-02T17:59:19+00:00
99b757e2-dabe-4fb0-9209-946ecb60f35e,98ad27ce-e47e-4771-ad29-805b07806c9f,category,free_stuff,0,2026-09-02T17:59:19+00:00
5972586c-942a-4eff-9795-d8d52b376d1f,2f0c41a5-5c82-4268-8201-a8322cefa8b0,same_school,on,64,2026-09-02T17:59:19+00:00
a5694cf4-8ab9-4526-9d42-10c30af852c5,cc483862-ddce-4c53-af20-b14f6d75be64,same_nationality,on,9,2026-09-02T17:59:20+00:00
cccaf034-5681-4c64-8dc8-3a3b965ba036,6676e55a-2d01-4cd6-851c-b79f9c789e38,category,"bikes_transport,electronics",119,2026-09-02T17:59:20+00:00
b21ca619-90e4-4792-a959-f9ed514b0b1e,6dd5f7ff-d7ae-4044-a507-842ff23faea7,condition,used_good,115,2026-09-02T17:59:21+00:00
89cb62e3-a329-4b1e-9e7e-1664e6a68cdb,a4ddbcbc-93a7-45ab-ae90-9108c8642e18,same_zip,on,126,2026-09-02T17:59:21+00:00
b41df5fe-c268-4336-b6ea-0c34ac872f56,6e8bd2b2-8577-4176-ab3c-67fe5e14d009,radius_mi,2.5,3,2026-09-02T17:59:21+00:00
9a2715e3-88dc-4bf7-909c-753622ef7e44,3a5a2a27-d573-4a79-aa49-c5ec803e3afa,same_zip,on,7,2026-09-02T17:59:21+00:00
cbaff069-fc71-410c-a65a-3199f5033784,0f42d78d-fb76-4dbf-ac1f-01a020bae3c1,same_zip,on,369,2026-09-02T17:59:22+00:00
97587136-c4a7-4da0-86c6-ddc1e42b3343,b9da329a-3d04-4f0e-b90f-119d2d7bf851,same_zip,on,369,2026-09-02T17:59:22+00:00
e300608e-0fa4-4ac7-9a82-495ee5c636d0,16746d30-4545-4105-a2e8-7da9c5208cb5,same_zip,off,163,2026-09-02T17:59:23+00:00
f5bdb5b4-a13e-4992-87b5-8de132a0b301,35d1c9bc-1b79-49c9-a300-85609f394726,same_zip,off,23,2026-09-02T17:59:24+00:00
18954a83-f236-46ca-88fd-0b7a0653878d,0bbc8f28-3315-4745-a3c8-8b9c615bafc3,radius_mi,1.0,48,2026-09-02T17:59:25+00:00
6bca0e56-b18a-4f45-82be-944d55cb4ba7,030f6388-7bc0-48bc-93de-f52f9e0e9015,radius_mi,10.0,311,2026-09-02T17:59:25+00:00
9d732fa6-9d3a-4e12-82f5-463c655a7989,ee695881-c43e-42d5-8d6b-22f89b95592c,same_nationality,on,0,2026-09-02T17:59:25+00:00
27e4ecf7-4679-482f-b103-5328b03f4417,d22b3806-011e-4687-9849-8139d0251d38,radius_mi,5.0,268,2026-09-02T17:59:25+00:00
ad959795-f331-4603-b983-90c79d662f7b,1a840084-44f1-448f-84ef-67f148e4234d,same_school,off,15,2026-09-02T17:59:25+00:00
529da147-4810-4343-ab48-6b9d9cb914d6,135bb0ab-b64c-437d-88ae-c3f907edf22f,category,free_stuff,3,2026-09-02T17:59:26+00:00
282a48a0-0542-495c-b0c6-a3415a62f733,a489a790-afe9-41c4-91ca-ce9a24991829,radius_mi,1.0,71,2026-09-02T17:59:26+00:00
77f560c6-454d-4537-9c57-cb5545534b70,2f4b1887-379d-4094-919e-a79bb84fab9b,same_zip,on,369,2026-09-02T17:59:27+00:00
6e199813-e767-431b-a4b2-305ede8e596f,2f0c41a5-5c82-4268-8201-a8322cefa8b0,radius_mi,2.5,26,2026-09-02T17:59:30+00:00
5af8112c-f3cc-491e-8cf0-f4e1dcf5c617,7e4c1870-3096-41b8-b052-4911d80d39f4,same_nationality,on,0,2026-09-02T17:59:30+00:00
4b1d9a9f-98fe-4dfc-bfaa-bc8429b6dc24,789c6728-3d71-4d9c-8465-dc4340ceb18e,radius_mi,10.0,14,2026-09-02T17:59:31+00:00
3b7e8179-be74-497e-ae8a-8867714eeadf,706f1f4f-1432-4dc2-9014-0467ae3c2d7b,same_school,on,1,2026-09-02T17:59:31+00:00
bf777c3f-efde-4fbb-b093-05a319d3d3ca,2f0c41a5-5c82-4268-8201-a8322cefa8b0,same_nationality,off,163,2026-09-02T17:59:32+00:00
96efab09-6d87-4271-968c-943407c6492f,16f443cf-d5c0-4214-964e-a8d0ca61fc3b,same_school,on,0,2026-09-02T17:59:32+00:00
f2a421bb-33a6-499a-b7a6-7792550f879d,4f14b9b6-1b26-45f2-bcba-ecfcafdeb6e3,same_zip,on,369,2026-09-02T17:59:33+00:00
25f33534-d343-4ae0-b4cd-f75d1cf093ef,17b38ad8-6c49-45b0-a8cf-629f00895aab,condition,used_fair,52,2026-09-02T17:59:36+00:00
45486cd7-544a-45ab-886c-870edc6583b2,32e1811a-9e32-46b6-a761-f3daee3a7e43,same_zip,on,369,2026-09-02T17:59:36+00:00
f4413080-a8e3-4c2f-b526-e06100047a43,0d8cfdf9-162f-4844-9cd6-729fca1b9962,condition,"new,used_good",307,2026-09-02T17:59:36+00:00
75f2d978-776a-460f-b399-9a1287edd9be,34492776-de46-49bc-b7cd-92d1873e1f66,same_zip,on,25,2026-09-02T17:59:36+00:00
9fae4588-1314-47be-8ae6-5dad6c4e0436,5470b64d-4863-4115-a2e2-8f83ed8189e8,radius_mi,2.5,31,2026-09-02T17:59:36+00:00
dfda5a06-0e62-4ce7-bf34-875ba62ab9fa,0d1c3efd-7b76-4215-9dc2-0a7d278f7a8e,condition,like_new,0,2026-09-02T17:59:37+00:00
65e33ef7-5496-4d40-af80-b3a02e672b7f,e0b9ef6b-d7e6-45f5-8fe6-89766b17a285,same_zip,on,2,2026-09-02T17:59:37+00:00
11e07c3f-751d-4f9b-8442-00ab4a315dea,229a479e-59b2-4f60-993d-d64ffca1c0bd,same_school,off,379,2026-09-02T17:59:37+00:00
95b2150d-bede-45e7-94a8-b5e830761a7d,f8340601-f2cd-4988-9115-98413c0d3f89,same_school,off,379,2026-09-02T17:59:37+00:00
6792fbc2-f2d4-403d-8898-c624d6ef1097,030f6388-7bc0-48bc-93de-f52f9e0e9015,category,kitchen_home,20,2026-09-02T17:59:38+00:00
f994ca2f-bbd2-4bfd-b4ea-31d4e0e60fbe,aad30630-8e92-421f-b48a-f3109914adea,same_nationality,off,72,2026-09-02T17:59:38+00:00
35752183-6280-42c5-b02e-f3cab8879e91,cbaf2ac2-d910-49fe-b1b9-fe6ae1cb7bae,same_zip,on,4,2026-09-02T17:59:39+00:00
4674d06b-c172-4b14-9990-8b59dbf76a0f,13cce00a-0641-4f43-8637-da456dbbd50e,same_school,on,45,2026-09-02T17:59:39+00:00
3d93e8be-614d-4501-bddd-386f92a2931b,36252284-f2e8-487b-a7d3-25374b41a493,category,"clothing,furniture",59,2026-09-02T17:59:40+00:00
687f4ba5-6b10-44a2-ade3-ec55865a250f,a4ddbcbc-93a7-45ab-ae90-9108c8642e18,category,clothing,15,2026-09-02T17:59:40+00:00
cb31d7a8-b510-481f-bcfd-dff89ef7acc1,b9da329a-3d04-4f0e-b90f-119d2d7bf851,radius_mi,10.0,369,2026-09-02T17:59:40+00:00
3d773c69-aa0f-4200-aa98-6f8b0f259ef1,0d8cfdf9-162f-4844-9cd6-729fca1b9962,same_zip,on,202,2026-09-02T17:59:41+00:00
aae0e236-c90f-45c8-8bbe-c428a8429392,35d1c9bc-1b79-49c9-a300-85609f394726,same_nationality,on,127,2026-09-02T17:59:42+00:00
e8545c9e-d4da-435e-96f3-ffd65ee90cf8,cb243ac5-dbc1-4fb3-8068-aedb69dde97d,radius_mi,10.0,79,2026-09-02T17:59:42+00:00
5d6ee6b2-999a-4f66-8074-99442e64fc5a,d10d3c59-6919-439f-a0ee-ed3b90ffb4f4,same_nationality,on,0,2026-09-02T17:59:42+00:00
33bb943e-8776-4c10-aef2-f9db49218b19,a14b409c-8a7d-4a90-9ba9-7ad32049abe5,radius_mi,5.0,865,2026-09-02T17:59:43+00:00
dfab134c-079f-49fc-9fcf-643c1b984d45,d118210a-8ab6-41a6-b1b6-6d3287819f17,same_nationality,off,0,2026-09-02T17:59:44+00:00
b0c5912a-756a-4ba3-8e13-fc78a9733f86,0ab64343-2bcf-4c83-9162-e2ad0fb29642,category,kitchen_home,1,2026-09-02T17:59:45+00:00
e955d781-6804-42e7-aba5-d03f2b42b686,3272c66c-2ceb-4e3a-bcb2-2b0cd1385588,category,bikes_transport,45,2026-09-02T17:59:45+00:00
357a9c99-7fdc-4cfc-8b6f-ea15ea9334c7,204dcf7c-06f2-43b3-a0d0-a7b402d2887d,same_nationality,on,4,2026-09-02T17:59:47+00:00
7829e53d-f04b-42a1-8218-0bc53572963f,1a840084-44f1-448f-84ef-67f148e4234d,same_zip,on,2,2026-09-02T17:59:47+00:00
8f486bb8-be58-4603-a3b4-ca84b9ddd690,a489a790-afe9-41c4-91ca-ce9a24991829,same_school,on,71,2026-09-02T17:59:48+00:00
bf436643-d2c9-4a31-9387-b28c209eb527,68a5d1fb-52f1-45a2-a2fb-ec576b59ceb0,same_school,on,0,2026-09-02T17:59:48+00:00
922dfa55-54ac-4ef8-a2e5-0a42aab58672,030f6388-7bc0-48bc-93de-f52f9e0e9015,condition,new,24,2026-09-02T17:59:48+00:00
d0c8b7d9-8b33-4659-aab4-a8db7619ef7b,0bd43247-6406-40a9-986d-236037103f78,same_zip,on,136,2026-09-02T17:59:48+00:00
4d1b4a3a-9c45-4277-bd72-629abbb22c22,16efbd3d-b8b5-4695-8df4-431470ed3973,same_nationality,on,0,2026-09-02T17:59:49+00:00
59ce52fa-6d2c-4b21-ae10-0393b7472501,3d9d1b9a-08df-4836-a566-7a3612069a50,radius_mi,2.5,791,2026-09-02T17:59:49+00:00
d9be1cae-6860-4720-90be-494a92d016da,4f14b9b6-1b26-45f2-bcba-ecfcafdeb6e3,same_nationality,on,0,2026-09-02T17:59:50+00:00
7cbcc990-deb1-4752-9729-983e18046589,b7e15f1b-af44-40ba-8876-d2309d8979b0,same_school,on,0,2026-09-02T17:59:50+00:00
c9a2339e-e867-4f84-b2d0-ead05ac1cc60,7e25e2b5-9f83-4bc8-95d8-d69216f15bc4,same_nationality,on,2,2026-09-02T17:59:50+00:00
65b60769-7312-4348-9386-343a957dac77,16746d30-4545-4105-a2e8-7da9c5208cb5,same_zip,on,72,2026-09-02T17:59:50+00:00
1abdac62-8439-4f74-9638-acc022e1258e,2474e0bd-3261-4377-838d-4687ea35d755,radius_mi,1.0,0,2026-09-02T17:59:51+00:00
e0187c17-efc8-495d-a58f-f8ab1b0565f2,a4ddbcbc-93a7-45ab-ae90-9108c8642e18,same_zip,off,379,2026-09-02T17:59:52+00:00
32169537-2117-498a-898c-e66cd02dc1c9,3d9d1b9a-08df-4836-a566-7a3612069a50,category,clothing,85,2026-09-02T17:59:52+00:00
45e5bff3-45f3-450a-851b-dcb9c2810391,244caaed-ae63-4e3d-9ed2-7e3a12f8f542,radius_mi,1.0,85,2026-09-02T17:59:52+00:00
812ce4f7-22fa-4f3d-b010-4c63ebe8fb6a,f1beeac4-b01c-4f68-a878-35d53c41872c,category,kitchen_home,92,2026-09-02T17:59:52+00:00
a7c67508-5723-4a3c-ac66-03fcdcd872c5,82a7aba1-ba88-4765-9d85-015e17a4d87e,same_zip,on,317,2026-09-02T17:59:53+00:00
f2b1dc90-46a7-47b4-974c-28a4278c4ef2,c7aef9d1-dbd0-4f74-a478-6a968e0317e1,category,electronics,143,2026-09-02T17:59:53+00:00
d4954a32-1ba7-40ef-8828-c7f49866e18d,030f6388-7bc0-48bc-93de-f52f9e0e9015,condition,used_good,1,2026-09-02T17:59:53+00:00
045286ae-ce85-46c6-afd8-b713b04a8014,0d1c3efd-7b76-4215-9dc2-0a7d278f7a8e,condition,"used_fair,used_good",0,2026-09-02T17:59:53+00:00
f92e39b9-0b10-477e-abeb-0f91fb4aeaa1,76ccd1ff-3a84-48cc-8149-8acfff606858,same_zip,on,369,2026-09-02T17:59:54+00:00
0759cc39-b16a-44d4-901c-d4f1ced07c8a,334bebc0-796e-4843-a311-d48635b44d02,condition,new,6,2026-09-02T17:59:54+00:00
820d0a70-6093-4789-a4a8-bc47a224f862,5470b64d-4863-4115-a2e2-8f83ed8189e8,condition,"like_new,used_fair",453,2026-09-02T17:59:54+00:00
79035ddf-0c89-457b-b2a7-3a1db756266b,cc30a7ce-a741-4cc5-9aec-15ddc916fac7,same_zip,on,126,2026-09-02T17:59:55+00:00
b22fe808-ebe2-412a-b532-531d88cd9247,7e949b35-f838-4a09-a00e-ee7e038bba01,same_zip,on,136,2026-09-02T17:59:55+00:00
de302cec-bac4-47b5-8b2a-ba004b29c516,243e24a6-e1f8-4efa-b9de-535c1492c5c0,same_school,on,1,2026-09-02T17:59:55+00:00
7607138a-19ab-4c45-8384-52d93eb4fd84,a45ac5b4-0679-4ebf-84e7-2d9da623f04a,same_school,on,7,2026-09-02T17:59:56+00:00
d86ea801-15e1-4fdb-9525-1f3f5a693767,16f443cf-d5c0-4214-964e-a8d0ca61fc3b,radius_mi,10.0,4,2026-09-02T17:59:56+00:00
83b00976-24c1-4181-9eb2-10f9866c96cd,04531230-dd4e-4ce8-a301-2b7332324090,category,free_stuff,7,2026-09-02T17:59:57+00:00
64627dc7-8ff3-4091-a208-f5a68f0d6451,0a184521-73d3-4102-aca7-b2caaa11f12e,same_nationality,on,44,2026-09-02T17:59:57+00:00
c1ba30bf-d357-443d-be26-6bdc7915d891,50f302cf-bad6-4627-a137-7763b6b5ba96,condition,used_good,2,2026-09-02T17:59:57+00:00
0d1c1dc3-5f89-493b-82e1-67fe5096049d,8aff46a7-9764-42eb-b4dc-31ebf3ba9308,same_zip,on,136,2026-09-02T17:59:57+00:00
d121a981-01aa-4d3e-bd35-427a4345fe29,20567896-d4b7-4300-bda6-325550875f20,condition,used_fair,145,2026-09-02T17:59:58+00:00
dfea8eb0-dee3-4d0e-9bf7-2dff8cd7ca25,e1d1ec8a-4a06-4c11-92ae-cd479f53a2fe,same_zip,on,3,2026-09-02T17:59:59+00:00
43df8f03-e77b-4c04-a9d6-1901c4ef0971,1ebbc63f-df2e-4b49-914d-074f8ab66d2d,same_school,on,89,2026-09-02T17:59:59+00:00
