id,listing_id,url,position,created_at
ffcd02d1-0c5a-4aeb-a0b1-fa03bbf50abd,d235ecd0-8b78-4359-a79d-b7a1e747bcf0,/photos/d235ecd0-8b78-4359-a79d-b7a1e747bcf0/0.webp,0,2026-06-06T00:57:31+00:00
bc46b5a2-a6cf-41d4-9cbc-2bf135ecef06,d235ecd0-8b78-4359-a79d-b7a1e747bcf0,/photos/d235ecd0-8b78-4359-a79d-b7a1e747bcf0/1.webp,1,2026-06-06T00:57:31+00:00
87fd1609-3c3d-403d-a525-dee2ae9bd866,d235ecd0-8b78-4359-a79d-b7a1e747bcf0,/photos/d235ecd0-8b78-4359-a79d-b7a1e747bcf0/2.webp,2,2026-06-06T00:57:31+00:00
70e3cdfa-1677-466c-84ba-86bbbe1cbc47,d235ecd0-8b78-4359-a79d-b7a1e747bcf0,/photos/d235ecd0-8b78-4359-a79d-b7a1e747bcf0/3.webp,3,2026-06-06T00:57:31+00:00
ce061bc2-c6cd-4e80-96fe-1dc3bdd36000,d235ecd0-8b78-4359-a79d-b7a1e747bcf0,/photos/d235ecd0-8b78-4359-a79d-b7a1e747bcf0/4.webp,4,2026-06-06T00:57:31+00:00
f871d606-5cdc-49ff-a1bd-f8c9cd7c32aa,d235ecd0-8b78-4359-a79d-b7a1e747bcf0,/photos/d235ecd0-8b78-4359-a79d-b7a1e747bcf0/5.webp,5,2026-06-06T00:57:31+00:00
615e4095-e202-407f-987a-a78c135c25ef,ba86ff9b-f682-461c-bb7e-765db88095ea,/photos/ba86ff9b-f682-461c-bb7e-765db88095ea/0.webp,0,2026-05-24T00:43:39+00:00
ea507062-9a72-46f1-9897-f347842d56bf,ba86ff9b-f682-461c-bb7e-765db88095ea,/photos/ba86ff9b-f682-461c-bb7e-765db88095ea/1.webp,1,2026-05-24T00:43:39+00:00
d56dec52-d5ad-4362-b2a4-59db07095a5d,672cb9a8-23b2-417f-8f10-6417df21a9e9,/photos/672cb9a8-23b2-417f-8f10-6417df21a9e9/0.webp,0,2026-05-12T14:31:01+00:00
5b95246b-d1b5-4d1b-aa4c-7d9ec850b2ec,672cb9a8-23b2-417f-8f10-6417df21a9e9,/photos/672cb9a8-23b2-417f-8f10-6417df21a9e9/1.webp,1,2026-05-12T14:31:01+00:00
40f9b801-f992-404c-ad86-9b7bd2a23e42,672cb9a8-23b2-417f-8f10-6417df21a9e9,/photos/672cb9a8-23b2-417f-8f10-6417df21a9e9/2.webp,2,2026-05-12T14:31:01+00:00
428e52f7-d6da-47c3-a160-3c8a316ea42b,672cb9a8-23b2-417f-8f10-6417df21a9e9,/photos/672cb9a8-23b2-417f-8f10-6417df21a9e9/3.webp,3,2026-05-12T14:31:01+00:00
be132715-2b33-474e-a4c0-f6829c9c13ed,07833fa1-a3be-4c6f-af31-16e80675a938,/photos/07833fa1-a3be-4c6f-af31-16e80675a938/0.webp,0,2026-01-21T04:18:52+00:00
55b224c0-769c-465c-95ca-a00ea493c103,07833fa1-a3be-4c6f-af31-16e80675a938,/photos/07833fa1-a3be-4c6f-af31-16e80675a938/1.webp,1,2026-01-21T04:18:52+00:00
1d321c8d-6769-4a6d-90a9-475fc418bb0d,07833fa1-a3be-4c6f-af31-16e80675a938,/photos/07833fa1-a3be-4c6f-af31-16e80675a938/2.webp,2,2026-01-21T04:18:52+00:00
3ccc544d-8ed8-4108-8ca0-fdcb57ab269b,07833fa1-a3be-4c6f-af31-16e80675a938,/photos/07833fa1-a3be-4c6f-af31-16e80675a938/3.webp,3,2026-01-21T04:18:52+00:00
fe6ef57a-ed7e-40ba-b35a-7b35462282e1,8cdffc3e-c9a3-4f78-a471-b61cc707157e,/photos/8cdffc3e-c9a3-4f78-a471-b61cc707157e/0.webp,0,2026-05-13T21:29:31+00:00
f155d390-4f2f-44f7-81f9-763eb89f6907,8cdffc3e-c9a3-4f78-a471-b61cc707157e,/photos/8cdffc3e-c9a3-4f78-a471-b61cc707157e/1.webp,1,2026-05-13T21:29:31+00:00
78828f70-4615-40e9-b4fb-455d4709f20c,8cdffc3e-c9a3-4f78-a471-b61cc707157e,/photos/8cdffc3e-c9a3-4f78-a471-b61cc707157e/2.webp,2,2026-05-13T21:29:31+00:00
35c2b7db-af67-4c4a-82bc-b85711576b3b,8cdffc3e-c9a3-4f78-a471-b61cc707157e,/photos/8cdffc3e-c9a3-4f78-a471-b61cc707157e/3.webp,3,2026-05-13T21:29:31+00:00
8077e268-a76e-4ad6-9834-854d512b8055,8cdffc3e-c9a3-4f78-a471-b61cc707157e,/photos/8cdffc3e-c9a3-4f78-a471-b61cc707157e/4.webp,4,2026-05-13T21:29:31+00:00
48ec74b6-5744-4771-aa24-c0352b496ba6,deb8c97e-2718-4f90-bfd2-fcd624b9646d,/photos/deb8c97e-2718-4f90-bfd2-fcd624b9646d/0.webp,0,2026-07-20T01:53:40+00:00
fc38fb38-4955-42b4-a115-e4784bd28cea,deb8c97e-2718-4f90-bfd2-fcd624b9646d,/photos/deb8c97e-2718-4f90-bfd2-fcd624b9646d/1.webp,1,2026-07-20T01:53:40+00:00
aca5bfd0-bbed-4772-8c4a-7da6294e221d,deb8c97e-2718-4f90-bfd2-fcd624b9646d,/photos/deb8c97e-2718-4f90-bfd2-fcd624b9646d/2.webp,2,2026-07-20T01:53:40+00:00
f668ab3d-68e0-46ad-a893-441321ce8cb3,deb8c97e-2718-4f90-bfd2-fcd624b9646d,/photos/deb8c97e-2718-4f90-bfd2-fcd624b9646d/3.webp,3,2026-07-20T01:53:40+00:00
a109fc3a-c700-41f7-892d-fe4c7bf281e9,deb8c97e-2718-4f90-bfd2-fcd624b9646d,/photos/deb8c97e-2718-4f90-bfd2-fcd624b9646d/4.webp,4,2026-07-20T01:53:40+00:00
caea5d85-6a4f-4b4d-9f44-d031ae8a613e,5130ac38-d6e1-4df0-8231-c5e17e910503,/photos/5130ac38-d6e1-4df0-8231-c5e17e910503/0.webp,0,2025-09-24T08:40:42+00:00
00ac77b1-9d52-4533-8466-379294f70409,5130ac38-d6e1-4df0-8231-c5e17e910503,/photos/5130ac38-d6e1-4df0-8231-c5e17e910503/1.webp,1,2025-09-24T08:40:42+00:00
f9ad564f-502b-46a5-ab74-0ad666356a95,8a0fcbe6-6a6f-4609-96fd-5e1a07a6ccaf,/photos/8a0fcbe6-6a6f-4609-96fd-5e1a07a6ccaf/0.webp,0,2025-08-12T11:25:37+00:00
b535588f-4d55-4db7-b65a-3c99475fb715,8a0fcbe6-6a6f-4609-96fd-5e1a07a6ccaf,/photos/8a0fcbe6-6a6f-4609-96fd-5e1a07a6ccaf/1.webp,1,2025-08-12T11:25:37+00:00
9d8461b1-e168-4b7c-8d14-a047b45cef6b,8a0fcbe6-6a6f-4609-96fd-5e1a07a6ccaf,/photos/8a0fcbe6-6a6f-4609-96fd-5e1a07a6ccaf/2.webp,2,2025-08-12T11:25:37+00:00
3ee0a3b3-6df2-4fe8-ac52-a4ba10ff89b4,7716f115-f514-4ba6-83ba-6a9b6648df85,/photos/7716f115-f514-4ba6-83ba-6a9b6648df85/0.webp,0,2026-05-05T08:49:42+00:00
a21d5324-665e-49de-b9bb-f6b33bf309d7,7716f115-f514-4ba6-83ba-6a9b6648df85,/photos/7716f115-f514-4ba6-83ba-6a9b6648df85/1.webp,1,2026-05-05T08:49:42+00:00
919da3f4-48c8-421c-9886-024318577e1e,7716f115-f514-4ba6-83ba-6a9b6648df85,/photos/7716f115-f514-4ba6-83ba-6a9b6648df85/2.webp,2,2026-05-05T08:49:42+00:00
12d84401-42ef-4bbe-8d85-e187a5fe578e,7716f115-f514-4ba6-83ba-6a9b6648df85,/photos/7716f115-f514-4ba6-83ba-6a9b6648df85/3.webp,3,2026-05-05T08:49:42+00:00
91bdc4bf-1d06-4dab-99c5-1b4df3bec9e6,7716f115-f514-4ba6-83ba-6a9b6648df85,/photos/7716f115-f514-4ba6-83ba-6a9b6648df85/4.webp,4,2026-05-05T08:49:42+00:00
b989cb10-4933-4879-bb39-1f037eb7563c,7716f115-f514-4ba6-83ba-6a9b6648df85,/photos/7716f115-f514-4ba6-83ba-6a9b6648df85/5.webp,5,2026-05-05T08:49:42+00:00
6be79819-c631-4af1-be09-062b524432d2,7716f115-f514-4ba6-83ba-6a9b6648df85,/photos/7716f115-f514-4ba6-83ba-6a9b6648df85/6.webp,6,2026-05-05T08:49:42+00:00
f1f6c009-e895-41d7-baaa-6c68ee9b1a5f,7716f115-f514-4ba6-83ba-6a9b6648df85,/photos/7716f115-f514-4ba6-83ba-6a9b6648df85/7.webp,7,2026-05-05T08:49:42+00:00
d653d8d1-a625-4a5c-a998-1029f85b1955,7716f115-f514-4ba6-83ba-6a9b6648df85,/photos/7716f115-f514-4ba6-83ba-6a9b6648df85/8.webp,8,2026-05-05T08:49:42+00:00
7f5521b2-eae7-42d9-a5e8-406507ab0b49,41e4ba81-945a-43da-ba88-cb3c9af5abef,/photos/41e4ba81-945a-43da-ba88-cb3c9af5abef/0.webp,0,2025-09-20T19:18:18+00:00
ec10a4db-9ece-496d-ade6-67bad7131e71,41e4ba81-945a-43da-ba88-cb3c9af5abef,/photos/41e4ba81-945a-43da-ba88-cb3c9af5abef/1.webp,1,2025-09-20T19:18:18+00:00
49829241-56ac-493a-8924-64e2e179ead3,fd5f5cdf-01b7-4dee-8cea-41dbf9c03473,/photos/fd5f5cdf-01b7-4dee-8cea-41dbf9c03473/0.webp,0,2025-01-27T21:24:27+00:00
07198540-bd97-4311-9fe2-90f5f5870636,fd5f5cdf-01b7-4dee-8cea-41dbf9c03473,/photos/fd5f5cdf-01b7-4dee-8cea-41dbf9c03473/1.webp,1,2025-01-27T21:24:27+00:00
acd5b1c3-4561-4016-95a6-174531fdb1e5,fd5f5cdf-01b7-4dee-8cea-41dbf9c03473,/photos/fd5f5cdf-01b7-4dee-8cea-41dbf9c03473/2.webp,2,2025-01-27T21:24:27+00:00
73dae6bb-fa28-4c48-9305-0e931e6062e2,fd5f5cdf-01b7-4dee-8cea-41dbf9c03473,/photos/fd5f5cdf-01b7-4dee-8cea-41dbf9c03473/3.webp,3,2025-01-27T21:24:27+00:00
c98bc3c9-8c8b-444c-b039-e4811cdb160d,db80c304-e1e8-44b9-9f6c-fb1d9522b2e7,/photos/db80c304-e1e8-44b9-9f6c-fb1d9522b2e7/0.webp,0,2025-08-07T16:05:34+00:00
2c46ca65-aa2a-4786-b02a-8e29d176122e,db80c304-e1e8-44b9-9f6c-fb1d9522b2e7,/photos/db80c304-e1e8-44b9-9f6c-fb1d9522b2e7/1.webp,1,2025-08-07T16:05:34+00:00
bcd4962d-7950-4447-b979-9cf48069a174,db80c304-e1e8-44b9-9f6c-fb1d9522b2e7,/photos/db80c304-e1e8-44b9-9f6c-fb1d9522b2e7/2.webp,2,2025-08-07T16:05:34+00:00
f5ed4915-628d-4c26-8d55-ea71025b6d9d,db80c304-e1e8-44b9-9f6c-fb1d9522b2e7,/photos/db80c304-e1e8-44b9-9f6c-fb1d9522b2e7/3.webp,3,2025-08-07T16:05:34+00:00
0bd9a071-def3-49ff-8c58-80f43a79ec95,db80c304-e1e8-44b9-9f6c-fb1d9522b2e7,/photos/db80c304-e1e8-44b9-9f6c-fb1d9522b2e7/4.webp,4,2025-08-07T16:05:34+00:00
e9359ea4-c0a7-4477-86e3-522c2be91b43,db80c304-e1e8-44b9-9f6c-fb1d9522b2e7,/photos/db80c304-e1e8-44b9-9f6c-fb1d9522b2e7/5.webp,5,2025-08-07T16:05:34+00:00
086e15ce-4938-45b6-9f09-899a60f21fb5,db80c304-e1e8-44b9-9f6c-fb1d9522b2e7,/photos/db80c304-e1e8-44b9-9f6c-fb1d9522b2e7/6.webp,6,2025-08-07T16:05:34+00:00
6ba4c903-640c-4bca-ba51-59f1f75faea1,db80c304-e1e8-44b9-9f6c-fb1d9522b2e7,/photos/db80c304-e1e8-44b9-9f6c-fb1d9522b2e7/7.webp,7,2025-08-07T16:05:34+00:00
cecefb7f-ed76-4fc8-8591-3ac3b158098d,db80c304-e1e8-44b9-9f6c-fb1d9522b2e7,/photos/db80c304-e1e8-44b9-9f6c-fb1d9522b2e7/8.webp,8,2025-08-07T16:05:34+00:00
cd7ae064-9667-4746-8744-2cab2ff6c5b0,db80c304-e1e8-44b9-9f6c-fb1d9522b2e7,/photos/db80c304-e1e8-44b9-9f6c-fb1d9522b2e7/9.webp,9,2025-08-07T16:05:34+00:00
0e5a6555-f1d8-41f2-b782-dda48142cfc0,c6c3004e-120c-4843-a01d-77f2c92247cb,/photos/c6c3004e-120c-4843-a01d-77f2c92247cb/0.webp,0,2026-08-08T18:08:06+00:00
42a1eaa3-65ba-4af6-83e8-152aab5b060c,c6c3004e-120c-4843-a01d-77f2c92247cb,/photos/c6c3004e-120c-4843-a01d-77f2c92247cb/1.webp,1,2026-08-08T18:08:06+00:00
4c954516-f5ab-4163-9a45-a103fd3f701d,c6c3004e-120c-4843-a01d-77f2c92247cb,/photos/c6c3004e-120c-4843-a01d-77f2c92247cb/2.webp,2,2026-08-08T18:08:06+00:00
c9e87a6e-7577-4c70-a7ae-3e00a17fcc05,c6c3004e-120c-4843-a01d-77f2c92247cb,/photos/c6c3004e-120c-4843-a01d-77f2c92247cb/3.webp,3,2026-08-08T18:08:06+00:00
25e00b82-0c7f-45ec-83a1-0ff9e367b05c,a67be7f4-3bae-4d8f-8ab8-f2fab965c3ac,/photos/a67be7f4-3bae-4d8f-8ab8-f2fab965c3ac/0.webp,0,2025-04-10T08:42:36+00:00
affe6e14-7a0c-4179-9d1b-d114c49fd9f4,a67be7f4-3bae-4d8f-8ab8-f2fab965c3ac,/photos/a67be7f4-3bae-4d8f-8ab8-f2fab965c3ac/1.webp,1,2025-04-10T08:42:36+00:00
13801c7c-7ff8-40b5-a19d-c4eaf0bfd6e6,a67be7f4-3bae-4d8f-8ab8-f2fab965c3ac,/photos/a67be7f4-3bae-4d8f-8ab8-f2fab965c3ac/2.webp,2,2025-04-10T08:42:36+00:00
393d3f46-53b3-4ecc-9e1a-1ed5b7bd3a3d,a67be7f4-3bae-4d8f-8ab8-f2fab965c3ac,/photos/a67be7f4-3bae-4d8f-8ab8-f2fab965c3ac/3.webp,3,2025-04-10T08:42:36+00:00
0338b076-bd04-4296-b1bb-39e82ab2af0f,11776e2e-233d-410c-b46e-443cfb75559e,/photos/11776e2e-233d-410c-b46e-443cfb75559e/0.webp,0,2025-08-19T08:59:30+00:00
850c0337-ce84-45bd-add3-68db95cf630a,1d52c0fe-ec2b-43c4-940f-3fd40db8188a,/photos/1d52c0fe-ec2b-43c4-940f-3fd40db8188a/0.webp,0,2025-09-18T00:42:55+00:00
fae85f9f-8c73-47bf-8247-c01b70ec52b5,370c7ce1-1dc1-47a0-b24c-00eb998220f3,/photos/370c7ce1-1dc1-47a0-b24c-00eb998220f3/0.webp,0,2026-05-07T01:16:04+00:00
b343345f-2778-454b-b16a-01cf5238b379,370c7ce1-1dc1-47a0-b24c-00eb998220f3,/photos/370c7ce1-1dc1-47a0-b24c-00eb998220f3/1.webp,1,2026-05-07T01:16:04+00:00
03207dbe-c802-4cca-94c0-5057c74e4d00,370c7ce1-1dc1-47a0-b24c-00eb998220f3,/photos/370c7ce1-1dc1-47a0-b24c-00eb998220f3/2.webp,2,2026-05-07T01:16:04+00:00
ab81d103-3fff-4fbf-b626-850c0962fad0,fb9a5157-e7e3-4b97-992c-1e7e57f57453,/photos/fb9a5157-e7e3-4b97-992c-1e7e57f57453/0.webp,0,2025-04-15T20:41:18+00:00
ee551398-4622-49c9-be8f-1be34d2f7839,fb9a5157-e7e3-4b97-992c-1e7e57f57453,/photos/fb9a5157-e7e3-4b97-992c-1e7e57f57453/1.webp,1,2025-04-15T20:41:18+00:00
cb2d80f5-38e3-492f-b3c2-681d2b714fec,23b9ab88-4bb1-4c7e-98d2-9ac319d13996,/photos/23b9ab88-4bb1-4c7e-98d2-9ac319d13996/0.webp,0,2026-01-11T12:50:05+00:00
9a012dc0-a714-46c3-a257-89a0f4fbb8f8,23b9ab88-4bb1-4c7e-98d2-9ac319d13996,/photos/23b9ab88-4bb1-4c7e-98d2-9ac319d13996/1.webp,1,2026-01-11T12:50:05+00:00
a95268a4-d2c1-4686-8357-6a56e0b72f94,23b9ab88-4bb1-4c7e-98d2-9ac319d13996,/photos/23b9ab88-4bb1-4c7e-98d2-9ac319d13996/2.webp,2,2026-01-11T12:50:05+00:00
ab288dea-8440-4a42-8c7d-8349d590b35d,4f319a50-490d-4b65-9274-cea2c69fa191,/photos/4f319a50-490d-4b65-9274-cea2c69fa191/0.webp,0,2026-08-17T21:42:52+00:00
7b3ade95-13a2-4bf6-a03d-1fbf99b1dd87,4f319a50-490d-4b65-9274-cea2c69fa191,/photos/4f319a50-490d-4b65-9274-cea2c69fa191/1.webp,1,2026-08-17T21:42:52+00:00
03acfe34-dd41-4e4c-bc9f-c33b3bd5f6e7,4f319a50-490d-4b65-9274-cea2c69fa191,/photos/4f319a50-490d-4b65-9274-cea2c69fa191/2.webp,2,2026-08-17T21:42:52+00:00
17c4a3bb-a10f-4168-a00c-b404a6a7af9f,4f319a50-490d-4b65-9274-cea2c69fa191,/photos/4f319a50-490d-4b65-9274-cea2c69fa191/3.webp,3,2026-08-17T21:42:52+00:00
88005d42-9b96-410f-b80d-a05e9f29fc57,7594094c-f845-44a9-b19a-9e8f397c03fc,/photos/7594094c-f845-44a9-b19a-9e8f397c03fc/0.webp,0,2026-08-21T08:04:35+00:00
ece51ce6-2f59-403a-a39b-75235334677c,7594094c-f845-44a9-b19a-9e8f397c03fc,/photos/7594094c-f845-44a9-b19a-9e8f397c03fc/1.webp,1,2026-08-21T08:04:35+00:00
52ad9b59-3c02-4839-a491-52e0a48c637c,7594094c-f845-44a9-b19a-9e8f397c03fc,/photos/7594094c-f845-44a9-b19a-9e8f397c03fc/2.webp,2,2026-08-21T08:04:35+00:00
1cf77684-c31a-4abf-b447-77532b599207,7594094c-f845-44a9-b19a-9e8f397c03fc,/photos/7594094c-f845-44a9-b19a-9e8f397c03fc/3.webp,3,2026-08-21T08:04:35+00:00
3cef513c-adcd-4658-899d-957097ec484c,7594094c-f845-44a9-b19a-9e8f397c03fc,/photos/7594094c-f845-44a9-b19a-9e8f397c03fc/4.webp,4,2026-08-21T08:04:35+00:00
dc9dbb03-a2ad-46aa-860d-d43fce5a70f1,7594094c-f845-44a9-b19a-9e8f397c03fc,/photos/7594094c-f845-44a9-b19a-9e8f397c03fc/5.webp,5,2026-08-21T08:04:35+00:00
9fbd1c8b-6219-4d5e-8f0a-9f698043687a,a6d9cfb2-96c5-4aad-8c1e-c424abfb61c2,/photos/a6d9cfb2-96c5-4aad-8c1e-c424abfb61c2/0.webp,0,2026-02-20T12:36:54+00:00
f941ff8b-aa4e-45a8-acf9-25560a270135,a6d9cfb2-96c5-4aad-8c1e-c424abfb61c2,/photos/a6d9cfb2-96c5-4aad-8c1e-c424abfb61c2/1.webp,1,2026-02-20T12:36:54+00:00
b91b1031-8dca-4d56-a10c-efe52ea0e444,a6d9cfb2-96c5-4aad-8c1e-c424abfb61c2,/photos/a6d9cfb2-96c5-4aad-8c1e-c424abfb61c2/2.webp,2,2026-02-20T12:36:54+00:00
62909cce-585e-49e5-a143-0effe3acd25f,a6d9cfb2-96c5-4aad-8c1e-c424abfb61c2,/photos/a6d9cfb2-96c5-4aad-8c1e-c424abfb61c2/3.webp,3,2026-02-20T12:36:54+00:00
291babba-d613-4d71-af87-48278615a17e,18286ce1-484e-4c7e-8910-cb4f345f5e75,/photos/18286ce1-484e-4c7e-8910-cb4f345f5e75/0.webp,0,2026-07-06T14:28:16+00:00
d3e9eb6e-f399-4b8a-b47d-bd36646f9bb2,18286ce1-484e-4c7e-8910-cb4f345f5e75,/photos/18286ce1-484e-4c7e-8910-cb4f345f5e75/1.webp,1,2026-07-06T14:28:16+00:00
c7e5b084-33e2-48bb-87d7-2d0dca082c9e,7267c9a9-1bb7-4652-884f-d5df4c85192c,/photos/7267c9a9-1bb7-4652-884f-d5df4c85192c/0.webp,0,2026-07-28T00:44:08+00:00
a74dc6bd-a67b-40ec-82b1-5c6760994246,7267c9a9-1bb7-4652-884f-d5df4c85192c,/photos/7267c9a9-1bb7-4652-884f-d5df4c85192c/1.webp,1,2026-07-28T00:44:08+00:00
df450b8c-41b4-4ebc-86f2-eb1fb338bc69,6c4f9618-892b-454c-8d95-85fd3a19e7e5,/photos/6c4f9618-892b-454c-8d95-85fd3a19e7e5/0.webp,0,2026-08-18T12:12:34+00:00
35064ad7-3878-4ddd-8b83-c4323d78a0cf,6c4f9618-892b-454c-8d95-85fd3a19e7e5,/photos/6c4f9618-892b-454c-8d95-85fd3a19e7e5/1.webp,1,2026-08-18T12:12:34+00:00
f1a49d1a-2028-4161-a6fc-28428d1d8caf,6c4f9618-892b-454c-8d95-85fd3a19e7e5,/photos/6c4f9618-892b-454c-8d95-85fd3a19e7e5/2.webp,2,2026-08-18T12:12:34+00:00
fe281de2-d620-4c62-a8e4-5f42b45950ca,6c4f9618-892b-454c-8d95-85fd3a19e7e5,/photos/6c4f9618-892b-454c-8d95-85fd3a19e7e5/3.webp,3,2026-08-18T12:12:34+00:00
514ba0cb-be2e-4ef3-9e04-4daa4a02f3c1,6c4f9618-892b-454c-8d95-85fd3a19e7e5,/photos/6c4f9618-892b-454c-8d95-85fd3a19e7e5/4.webp,4,2026-08-18T12:12:34+00:00
859dfbcd-5d4f-4b8b-864f-0fae62b797fb,6c4f9618-892b-454c-8d95-85fd3a19e7e5,/photos/6c4f9618-892b-454c-8d95-85fd3a19e7e5/5.webp,5,2026-08-18T12:12:34+00:00
696a50c2-dc02-448e-a023-60521e6f9c6b,6c4f9618-892b-454c-8d95-85fd3a19e7e5,/photos/6c4f9618-892b-454c-8d95-85fd3a19e7e5/6.webp,6,2026-08-18T12:12:34+00:00
940fd079-5652-458d-935f-5003af27ba6a,6c4f9618-892b-454c-8d95-85fd3a19e7e5,/photos/6c4f9618-892b-454c-8d95-85fd3a19e7e5/7.webp,7,2026-08-18T12:12:34+00:00
9410f7c7-f077-4adc-966f-1c4a870f7249,67d167a7-7eaa-4b5b-87de-8233c5f24e66,/photos/67d167a7-7eaa-4b5b-87de-8233c5f24e66/0.webp,0,2025-05-16T20:17:41+00:00
a780c868-5dd6-4882-b899-c35fa4b43198,67d167a7-7eaa-4b5b-87de-8233c5f24e66,/photos/67d167a7-7eaa-4b5b-87de-8233c5f24e66/1.webp,1,2025-05-16T20:17:41+00:00
b7dc1ada-5c2f-4294-b731-ef2787563976,67d167a7-7eaa-4b5b-87de-8233c5f24e66,/photos/67d167a7-7eaa-4b5b-87de-8233c5f24e66/2.webp,2,2025-05-16T20:17:41+00:00
97d6a7af-b525-45bd-bdd1-57e9895e4d87,67d167a7-7eaa-4b5b-87de-8233c5f24e66,/photos/67d167a7-7eaa-4b5b-87de-8233c5f24e66/3.webp,3,2025-05-16T20:17:41+00:00
7ba644a1-dbe6-4981-8234-4717661ee66e,67d167a7-7eaa-4b5b-87de-8233c5f24e66,/photos/67d167a7-7eaa-4b5b-87de-8233c5f24e66/4.webp,4,2025-05-16T20:17:41+00:00
21fd6c92-9178-4b39-aa38-7542996d6441,8b6e54dd-b7ad-46fa-9b6a-1c69a078eb65,/photos/8b6e54dd-b7ad-46fa-9b6a-1c69a078eb65/0.webp,0,2025-06-03T09:40:53+00:00
acdf2008-3c75-4624-8a6a-c213ec7f1952,8b6e54dd-b7ad-46fa-9b6a-1c69a078eb65,/photos/8b6e54dd-b7ad-46fa-9b6a-1c69a078eb65/1.webp,1,2025-06-03T09:40:53+00:00
d6ead3c6-3c19-4375-ac6e-acfe1891b7e2,4fa6fd0d-4483-4969-bef9-2c4cd5918dd5,/photos/4fa6fd0d-4483-4969-bef9-2c4cd5918dd5/0.webp,0,2026-06-10T23:43:39+00:00
aa852774-8b1a-4707-b7b8-a52bbb4e0a40,4fa6fd0d-4483-4969-bef9-2c4cd5918dd5,/photos/4fa6fd0d-4483-4969-bef9-2c4cd5918dd5/1.webp,1,2026-06-10T23:43:39+00:00
59758f21-b980-41dd-9e75-b672bab5921e,4fa6fd0d-4483-4969-bef9-2c4cd5918dd5,/photos/4fa6fd0d-4483-4969-bef9-2c4cd5918dd5/2.webp,2,2026-06-10T23:43:39+00:00
71b01841-097b-42f8-a506-b932a69dffbc,90cd19aa-5285-423a-afed-01ee290ae9ea,/photos/90cd19aa-5285-423a-afed-01ee290ae9ea/0.webp,0,2024-10-16T09:13:53+00:00
ac051ca1-b9f4-4e2c-8aa2-5e7991fbfb3c,90cd19aa-5285-423a-afed-01ee290ae9ea,/photos/90cd19aa-5285-423a-afed-01ee290ae9ea/1.webp,1,2024-10-16T09:13:53+00:00
4f2f88f8-e7ca-40d5-a30d-9628b9574d56,90cd19aa-5285-423a-afed-01ee290ae9ea,/photos/90cd19aa-5285-423a-afed-01ee290ae9ea/2.webp,2,2024-10-16T09:13:53+00:00
617984db-7f05-4a60-8b4a-b08f63fed774,40783062-8dee-4f71-8dc6-12ae8057c80d,/photos/40783062-8dee-4f71-8dc6-12ae8057c80d/0.webp,0,2026-08-25T03:33:12+00:00
764b1d2e-2923-4f93-a615-748fefc3069a,40783062-8dee-4f71-8dc6-12ae8057c80d,/photos/40783062-8dee-4f71-8dc6-12ae8057c80d/1.webp,1,2026-08-25T03:33:12+00:00
271b5be7-4b1a-48b9-950b-05dc5cac6bb3,40783062-8dee-4f71-8dc6-12ae8057c80d,/photos/40783062-8dee-4f71-8dc6-12ae8057c80d/2.webp,2,2026-08-25T03:33:12+00:00
be94b621-7f88-4f8c-8b10-730075a2cb52,40783062-8dee-4f71-8dc6-12ae8057c80d,/photos/40783062-8dee-4f71-8dc6-12ae8057c80d/3.webp,3,2026-08-25T03:33:12+00:00
706e23d2-9999-4cfa-99ac-9549854873c8,b4ca3f8f-565c-4974-a227-43014cfedb7b,/photos/b4ca3f8f-565c-4974-a227-43014cfedb7b/0.webp,0,2025-05-07T21:44:04+00:00
9c90280e-665b-4c12-88f2-c35805b35dca,b4ca3f8f-565c-4974-a227-43014cfedb7b,/photos/b4ca3f8f-565c-4974-a227-43014cfedb7b/1.webp,1,2025-05-07T21:44:04+00:00
5e377a0e-b055-4e59-8a1e-312a6761357a,b4ca3f8f-565c-4974-a227-43014cfedb7b,/photos/b4ca3f8f-565c-4974-a227-43014cfedb7b/2.webp,2,2025-05-07T21:44:04+00:00
a335bea4-da57-468c-959e-f5de392cc1f6,b4ca3f8f-565c-4974-a227-43014cfedb7b,/photos/b4ca3f8f-565c-4974-a227-43014cfedb7b/3.webp,3,2025-05-07T21:44:04+00:00
5373d9bd-e4ce-4425-9260-1636b0367ede,2d3ae7ed-8571-41c6-99b9-7c7877b19c37,/photos/2d3ae7ed-8571-41c6-99b9-7c7877b19c37/0.webp,0,2026-06-18T11:22:27+00:00
1ffcc071-ffc7-40b4-8dc7-e66920b043ee,2d3ae7ed-8571-41c6-99b9-7c7877b19c37,/photos/2d3ae7ed-8571-41c6-99b9-7c7877b19c37/1.webp,1,2026-06-18T11:22:27+00:00
49901154-1910-4ca9-a329-86aef710d8d0,2d3ae7ed-8571-41c6-99b9-7c7877b19c37,/photos/2d3ae7ed-8571-41c6-99b9-7c7877b19c37/2.webp,2,2026-06-18T11:22:27+00:00
d67d3ec6-8a14-418a-8c73-f813049d5cb3,2d3ae7ed-8571-41c6-99b9-7c7877b19c37,/photos/2d3ae7ed-8571-41c6-99b9-7c7877b19c37/3.webp,3,2026-06-18T11:22:27+00:00
1b8426b4-1403-4743-84e5-4411e4aacf0a,2d3ae7ed-8571-41c6-99b9-7c7877b19c37,/photos/2d3ae7ed-8571-41c6-99b9-7c7877b19c37/4.webp,4,2026-06-18T11:22:27+00:00
56580da3-a5e9-4786-983b-0462ccc994b8,2d3ae7ed-8571-41c6-99b9-7c7877b19c37,/photos/2d3ae7ed-8571-41c6-99b9-7c7877b19c37/5.webp,5,2026-06-18T11:22:27+00:00
88e0a954-2898-4635-8486-5e7a41657c72,2d3ae7ed-8571-41c6-99b9-7c7877b19c37,/photos/2d3ae7ed-8571-41c6-99b9-7c7877b19c37/6.webp,6,2026-06-18T11:22:27+00:00
07f8b07f-084c-40b6-bbe9-047bf1e27238,2d3ae7ed-8571-41c6-99b9-7c7877b19c37,/photos/2d3ae7ed-8571-41c6-99b9-7c7877b19c37/7.webp,7,2026-06-18T11:22:27+00:00
3032274f-e9c3-4f5c-80f0-68f487c947f4,de6c5695-275a-4bab-9ddf-c42527c2113d,/photos/de6c5695-275a-4bab-9ddf-c42527c2113d/0.webp,0,2026-04-11T03:24:02+00:00
bbbfc1f9-e9da-4369-b3ad-d548ab9acf17,de6c5695-275a-4bab-9ddf-c42527c2113d,/photos/de6c5695-275a-4bab-9ddf-c42527c2113d/1.webp,1,2026-04-11T03:24:02+00:00
51266e18-af81-4ee8-8673-bd2b7e32a8ef,de6c5695-275a-4bab-9ddf-c42527c2113d,/photos/de6c5695-275a-4bab-9ddf-c42527c2113d/2.webp,2,2026-04-11T03:24:02+00:00
3b2cd992-3a1e-441b-ab35-9586a7512ce5,de6c5695-275a-4bab-9ddf-c42527c2113d,/photos/de6c5695-275a-4bab-9ddf-c42527c2113d/3.webp,3,2026-04-11T03:24:02+00:00
0bc49903-4a7e-4087-920e-4c1486784593,19a5cd33-40a6-4372-80dc-bdcc16103522,/photos/19a5cd33-40a6-4372-80dc-bdcc16103522/0.webp,0,2026-08-19T04:29:54+00:00
e4c80eee-fb46-46e1-92c4-ce81a2250fb3,19a5cd33-40a6-4372-80dc-bdcc16103522,/photos/19a5cd33-40a6-4372-80dc-bdcc16103522/1.webp,1,2026-08-19T04:29:54+00:00
a3a7c65e-6e03-4814-8712-2ede8b9f8b99,19a5cd33-40a6-4372-80dc-bdcc16103522,/photos/19a5cd33-40a6-4372-80dc-bdcc16103522/2.webp,2,2026-08-19T04:29:54+00:00
c088a721-c6c1-4dde-8302-b3bc0d45aef4,19a5cd33-40a6-4372-80dc-bdcc16103522,/photos/19a5cd33-40a6-4372-80dc-bdcc16103522/3.webp,3,2026-08-19T04:29:54+00:00
4a99f0f7-15d5-4192-9d20-ee137223577e,892887a8-58fc-4901-a712-fc99b3bd1075,/photos/892887a8-58fc-4901-a712-fc99b3bd1075/0.webp,0,2026-05-25T00:24:39+00:00
1b560645-d004-4034-b79e-9ab9c88b04c7,892887a8-58fc-4901-a712-fc99b3bd1075,/photos/892887a8-58fc-4901-a712-fc99b3bd1075/1.webp,1,2026-05-25T00:24:39+00:00
5edb08f2-8834-4210-8d43-732cf37f5b7d,892887a8-58fc-4901-a712-fc99b3bd1075,/photos/892887a8-58fc-4901-a712-fc99b3bd1075/2.webp,2,2026-05-25T00:24:39+00:00
3f1b085b-ca87-4ec6-a126-e7b3bbc048e3,892887a8-58fc-4901-a712-fc99b3bd1075,/photos/892887a8-58fc-4901-a712-fc99b3bd1075/3.webp,3,2026-05-25T00:24:39+00:00
3d6aec27-8320-483f-bcd0-d2411a0c4413,892887a8-58fc-4901-a712-fc99b3bd1075,/photos/892887a8-58fc-4901-a712-fc99b3bd1075/4.webp,4,2026-05-25T00:24:39+00:00
04cf3a3c-f6d9-45f7-a0d6-46fd81c1c2ec,a4be9dad-0983-4f26-ab8e-ddfeccdef484,/photos/a4be9dad-0983-4f26-ab8e-ddfeccdef484/0.webp,0,2026-07-09T09:35:32+00:00
1bc2979e-5612-4e66-a616-3b70a3b18927,a4be9dad-0983-4f26-ab8e-ddfeccdef484,/photos/a4be9dad-0983-4f26-ab8e-ddfeccdef484/1.webp,1,2026-07-09T09:35:32+00:00
329fe09e-977a-4c5a-ae29-b16cd4580d19,ffe7f0c4-b9d7-4b4c-b744-8ac473a362fb,/photos/ffe7f0c4-b9d7-4b4c-b744-8ac473a362fb/0.webp,0,2025-09-24T15:30:46+00:00
216d49d7-8673-4f6a-a3ca-d72760780939,ffe7f0c4-b9d7-4b4c-b744-8ac473a362fb,/photos/ffe7f0c4-b9d7-4b4c-b744-8ac473a362fb/1.webp,1,2025-09-24T15:30:46+00:00
c5a123ba-145e-4f2f-867b-6865dee451db,ffe7f0c4-b9d7-4b4c-b744-8ac473a362fb,/photos/ffe7f0c4-b9d7-4b4c-b744-8ac473a362fb/2.webp,2,2025-09-24T15:30:46+00:00
bb1e38b2-9958-4cf4-9b96-58aa99daf83d,ffe7f0c4-b9d7-4b4c-b744-8ac473a362fb,/photos/ffe7f0c4-b9d7-4b4c-b744-8ac473a362fb/3.webp,3,2025-09-24T15:30:46+00:00
801fd9ae-c832-45a9-8e29-d2f5da2ad846,c31604d5-8907-463f-b44d-5495b96f0364,/photos/c31604d5-8907-463f-b44d-5495b96f0364/0.webp,0,2026-07-22T17:14:58+00:00
e060629c-2d33-4a5e-b1bf-c99d23718e2f,c31604d5-8907-463f-b44d-5495b96f0364,/photos/c31604d5-8907-463f-b44d-5495b96f0364/1.webp,1,2026-07-22T17:14:58+00:00
4e46fc3c-bfb2-47ce-81da-29680168eabf,c31604d5-8907-463f-b44d-5495b96f0364,/photos/c31604d5-8907-463f-b44d-5495b96f0364/2.webp,2,2026-07-22T17:14:58+00:00
4fc8d48d-2823-4f78-8575-2fea98b72151,c31604d5-8907-463f-b44d-5495b96f0364,/photos/c31604d5-8907-463f-b44d-5495b96f0364/3.webp,3,2026-07-22T17:14:58+00:00
72ba4c3f-50b3-4a1d-9ff6-d6eeda1cfcd9,c31604d5-8907-463f-b44d-5495b96f0364,/photos/c31604d5-8907-463f-b44d-5495b96f0364/4.webp,4,2026-07-22T17:14:58+00:00
9b896f69-ce7c-4600-bd72-94a4a4c64ee3,c31604d5-8907-463f-b44d-5495b96f0364,/photos/c31604d5-8907-463f-b44d-5495b96f0364/5.webp,5,2026-07-22T17:14:58+00:00
a9367dab-49f8-43c5-a8c8-d202ae766b4a,c31604d5-8907-463f-b44d-5495b96f0364,/photos/c31604d5-8907-463f-b44d-5495b96f0364/6.webp,6,2026-07-22T17:14:58+00:00
98de332b-b7b2-4073-95fa-74161b552ce5,c31604d5-8907-463f-b44d-5495b96f0364,/photos/c31604d5-8907-463f-b44d-5495b96f0364/7.webp,7,2026-07-22T17:14:58+00:00
51f69ef5-7177-4fe5-9a27-240d2402d8bb,c31604d5-8907-463f-b44d-5495b96f0364,/photos/c31604d5-8907-463f-b44d-5495b96f0364/8.webp,8,2026-07-22T17:14:58+00:00
d826996c-c2f0-45f7-b6ef-a1a439a5c7d4,f0951fa0-04fb-4abb-8aa2-42248467ee46,/photos/f0951fa0-04fb-4abb-8aa2-42248467ee46/0.webp,0,2024-08-30T23:18:29+00:00
c84f81ac-5288-4505-a7f3-1ae3622c44b3,f0951fa0-04fb-4abb-8aa2-42248467ee46,/photos/f0951fa0-04fb-4abb-8aa2-42248467ee46/1.webp,1,2024-08-30T23:18:29+00:00
c88c9610-097e-48bb-8462-be9ff3f92776,f0951fa0-04fb-4abb-8aa2-42248467ee46,/photos/f0951fa0-04fb-4abb-8aa2-42248467ee46/2.webp,2,2024-08-30T23:18:29+00:00
6ee91ac4-3d82-41a7-9f6e-484ad5149096,f0951fa0-04fb-4abb-8aa2-42248467ee46,/photos/f0951fa0-04fb-4abb-8aa2-42248467ee46/3.webp,3,2024-08-30T23:18:29+00:00
eaff487c-5750-4af4-8b34-a3c6e3877da1,f0951fa0-04fb-4abb-8aa2-42248467ee46,/photos/f0951fa0-04fb-4abb-8aa2-42248467ee46/4.webp,4,2024-08-30T23:18:29+00:00
a75e70eb-4eb6-4023-836b-6c63b9e7cfb2,ab937f18-9670-4a29-896c-7c0d932d19e2,/photos/ab937f18-9670-4a29-896c-7c0d932d19e2/0.webp,0,2025-04-18T03:58:59+00:00
ed2f89db-4308-4a35-b4ef-9f3a09a9e99d,ab937f18-9670-4a29-896c-7c0d932d19e2,/photos/ab937f18-9670-4a29-896c-7c0d932d19e2/1.webp,1,2025-04-18T03:58:59+00:00
e391ea29-3547-4a85-9086-35a1608ea2c1,ab937f18-9670-4a29-896c-7c0d932d19e2,/photos/ab937f18-9670-4a29-896c-7c0d932d19e2/2.webp,2,2025-04-18T03:58:59+00:00
5418ed7d-814e-4997-b09f-44339becfa45,d9d989f2-344d-44c2-be22-b458df17d9b8,/photos/d9d989f2-344d-44c2-be22-b458df17d9b8/0.webp,0,2026-06-21T16:14:44+00:00
aa4532fd-8691-44de-a96c-738b87f0d797,d9d989f2-344d-44c2-be22-b458df17d9b8,/photos/d9d989f2-344d-44c2-be22-b458df17d9b8/1.webp,1,2026-06-21T16:14:44+00:00
2a81fe38-fa9b-41e8-960b-d477e27f95a2,d9d989f2-344d-44c2-be22-b458df17d9b8,/photos/d9d989f2-344d-44c2-be22-b458df17d9b8/2.webp,2,2026-06-21T16:14:44+00:00
f9f9d396-226c-4a27-aeae-7bbe87f11857,d9d989f2-344d-44c2-be22-b458df17d9b8,/photos/d9d989f2-344d-44c2-be22-b458df17d9b8/3.webp,3,2026-06-21T16:14:44+00:00
4b592ebf-d844-4dc2-86c5-ec15bd13217e,d9d989f2-344d-44c2-be22-b458df17d9b8,/photos/d9d989f2-344d-44c2-be22-b458df17d9b8/4.webp,4,2026-06-21T16:14:44+00:00
ebc725f0-3dd7-4bd1-a2d0-dec9f22cf389,e3a1d050-99f2-4c14-b615-eb94dfbd473d,/photos/e3a1d050-99f2-4c14-b615-eb94dfbd473d/0.webp,0,2025-06-10T16:50:19+00:00
e64b9373-d4f2-4523-9022-380fffbda64b,e3a1d050-99f2-4c14-b615-eb94dfbd473d,/photos/e3a1d050-99f2-4c14-b615-eb94dfbd473d/1.webp,1,2025-06-10T16:50:19+00:00
22c9400c-deef-4652-aa06-09e950f4b570,e3a1d050-99f2-4c14-b615-eb94dfbd473d,/photos/e3a1d050-99f2-4c14-b615-eb94dfbd473d/2.webp,2,2025-06-10T16:50:19+00:00
e280908b-6e4a-4bc0-8764-3ca4ffdb20ac,89af548f-7c77-4f21-8a22-790fc02ecf83,/photos/89af548f-7c77-4f21-8a22-790fc02ecf83/0.webp,0,2026-08-13T14:09:00+00:00
4da21456-1375-4dab-a50d-3389f2944426,89af548f-7c77-4f21-8a22-790fc02ecf83,/photos/89af548f-7c77-4f21-8a22-790fc02ecf83/1.webp,1,2026-08-13T14:09:00+00:00
847f4905-af24-42a1-9fa0-a80cb10994e5,89af548f-7c77-4f21-8a22-790fc02ecf83,/photos/89af548f-7c77-4f21-8a22-790fc02ecf83/2.webp,2,2026-08-13T14:09:00+00:00
3f5ec4e9-f4b7-4548-a98c-647c6d18777b,89af548f-7c77-4f21-8a22-790fc02ecf83,/photos/89af548f-7c77-4f21-8a22-790fc02ecf83/3.webp,3,2026-08-13T14:09:00+00:00
154a328f-d4c0-45bc-b3fc-cf188a430ffc,89af548f-7c77-4f21-8a22-790fc02ecf83,/photos/89af548f-7c77-4f21-8a22-790fc02ecf83/4.webp,4,2026-08-13T14:09:00+00:00
29f6fb11-1199-405f-921e-a83213d3b1ce,8434d8c0-98a1-4485-9e29-1d7ccec7704f,/photos/8434d8c0-98a1-4485-9e29-1d7ccec7704f/0.webp,0,2026-04-12T12:48:04+00:00
25af69da-773a-4296-9893-95aed3e754ed,8434d8c0-98a1-4485-9e29-1d7ccec7704f,/photos/8434d8c0-98a1-4485-9e29-1d7ccec7704f/1.webp,1,2026-04-12T12:48:04+00:00
1a5bac0e-cd30-4153-a3fd-b4856b01a843,8434d8c0-98a1-4485-9e29-1d7ccec7704f,/photos/8434d8c0-98a1-4485-9e29-1d7ccec7704f/2.webp,2,2026-04-12T12:48:04+00:00
9c1e6ea4-7aee-4a5c-b3dd-d24d13f59425,8434d8c0-98a1-4485-9e29-1d7ccec7704f,/photos/8434d8c0-98a1-4485-9e29-1d7ccec7704f/3.webp,3,2026-04-12T12:48:04+00:00
0752aecf-8372-45f9-a711-68b0ffc78596,fdfd0824-172f-4b4a-b278-6eb35f13e393,/photos/fdfd0824-172f-4b4a-b278-6eb35f13e393/0.webp,0,2026-08-03T21:29:14+00:00
4d357c8a-f0d2-441c-bd51-7d88a62c8ab3,fdfd0824-172f-4b4a-b278-6eb35f13e393,/photos/fdfd0824-172f-4b4a-b278-6eb35f13e393/1.webp,1,2026-08-03T21:29:14+00:00
bc6e1cb7-1000-458d-b5dd-fc214ecd2e9d,fdfd0824-172f-4b4a-b278-6eb35f13e393,/photos/fdfd0824-172f-4b4a-b278-6eb35f13e393/2.webp,2,2026-08-03T21:29:14+00:00
98ac77c4-e101-40fa-8219-f0b4d960bae1,809d2eb8-0172-4893-b84e-073aceac5166,/photos/809d2eb8-0172-4893-b84e-073aceac5166/0.webp,0,2026-08-09T17:00:28+00:00
0367fc7a-d573-4356-b273-18cfc75afa42,809d2eb8-0172-4893-b84e-073aceac5166,/photos/809d2eb8-0172-4893-b84e-073aceac5166/1.webp,1,2026-08-09T17:00:28+00:00
ad529cb8-697f-4d25-ac19-b56bbd29eee9,809d2eb8-0172-4893-b84e-073aceac5166,/photos/809d2eb8-0172-4893-b84e-073aceac5166/2.webp,2,2026-08-09T17:00:28+00:00
49432ff4-4ac9-40a1-9246-2dd4d1b27356,9dbed5bd-bf25-41e2-b486-4b4d70fb88c8,/photos/9dbed5bd-bf25-41e2-b486-4b4d70fb88c8/0.webp,0,2026-04-16T01:07:09+00:00
2710dd0e-11fb-41e1-8dfb-ea7daf2849e1,9dbed5bd-bf25-41e2-b486-4b4d70fb88c8,/photos/9dbed5bd-bf25-41e2-b486-4b4d70fb88c8/1.webp,1,2026-04-16T01:07:09+00:00
046908ec-e9f5-4a18-a4b5-1d5b95c0f05c,9dbed5bd-bf25-41e2-b486-4b4d70fb88c8,/photos/9dbed5bd-bf25-41e2-b486-4b4d70fb88c8/2.webp,2,2026-04-16T01:07:09+00:00
921bdaff-5f8f-4144-ace4-ad0edd5e87aa,9dbed5bd-bf25-41e2-b486-4b4d70fb88c8,/photos/9dbed5bd-bf25-41e2-b486-4b4d70fb88c8/3.webp,3,2026-04-16T01:07:09+00:00
03f4da10-f94e-4670-8d49-126aff66e72c,7754183a-5dfa-4b25-bb03-de6f550ecc84,/photos/7754183a-5dfa-4b25-bb03-de6f550ecc84/0.webp,0,2026-05-28T13:44:49+00:00
fd68ddeb-5368-4f8e-89cf-9e5d20a354bb,7754183a-5dfa-4b25-bb03-de6f550ecc84,/photos/7754183a-5dfa-4b25-bb03-de6f550ecc84/1.webp,1,2026-05-28T13:44:49+00:00
def96695-eaaf-4b27-b76a-39f891fb7ed2,afc1efd9-06c7-49b6-b1c6-f1791e708980,/photos/afc1efd9-06c7-49b6-b1c6-f1791e708980/0.webp,0,2026-07-23T10:05:13+00:00
e38cca86-daa1-47fd-8689-11b1586e1851,afc1efd9-06c7-49b6-b1c6-f1791e708980,/photos/afc1efd9-06c7-49b6-b1c6-f1791e708980/1.webp,1,2026-07-23T10:05:13+00:00
2ac0460b-b5bf-40e0-af5d-0d3b076c9ddb,afc1efd9-06c7-49b6-b1c6-f1791e708980,/photos/afc1efd9-06c7-49b6-b1c6-f1791e708980/2.webp,2,2026-07-23T10:05:13+00:00
2be06b71-1ef6-4bc3-9920-8388b7f15dc3,afc1efd9-06c7-49b6-b1c6-f1791e708980,/photos/afc1efd9-06c7-49b6-b1c6-f1791e708980/3.webp,3,2026-07-23T10:05:13+00:00
e3af8ec2-0830-44df-88ed-b769a5efce65,afc1efd9-06c7-49b6-b1c6-f1791e708980,/photos/afc1efd9-06c7-49b6-b1c6-f1791e708980/4.webp,4,2026-07-23T10:05:13+00:00
9564ef7d-2b4f-44cc-9fdc-0a4c2bc5a2a1,4f52d9b2-4918-4bc2-97c4-496290fe0646,/photos/4f52d9b2-4918-4bc2-97c4-496290fe0646/0.webp,0,2026-08-04T15:09:59+00:00
31d10085-c011-4849-8fa8-a641fcc399f2,4f52d9b2-4918-4bc2-97c4-496290fe0646,/photos/4f52d9b2-4918-4bc2-97c4-496290fe0646/1.webp,1,2026-08-04T15:09:59+00:00
618f40f4-bf0e-4cfb-a426-af246324a1a4,4f52d9b2-4918-4bc2-97c4-496290fe0646,/photos/4f52d9b2-4918-4bc2-97c4-496290fe0646/2.webp,2,2026-08-04T15:09:59+00:00
7ea30f7f-aa12-4968-bacd-6aaa82df3cb1,5681a5a9-5122-4896-b127-868b99990e9a,/photos/5681a5a9-5122-4896-b127-868b99990e9a/0.webp,0,2026-03-28T23:03:07+00:00
eec5a3d7-049e-41b9-992e-270a4e8840d8,520ab43a-06ee-4250-9416-cc025332cbae,/photos/520ab43a-06ee-4250-9416-cc025332cbae/0.webp,0,2025-11-12T08:21:28+00:00
98416426-641d-4945-b927-c782caffd4c3,502a15a3-271b-4bc5-8eb3-a8c0f97f65af,/photos/502a15a3-271b-4bc5-8eb3-a8c0f97f65af/0.webp,0,2026-08-10T17:41:05+00:00
c2ae7ec4-55ea-45ac-a60b-148506e5eebb,502a15a3-271b-4bc5-8eb3-a8c0f97f65af,/photos/502a15a3-271b-4bc5-8eb3-a8c0f97f65af/1.webp,1,2026-08-10T17:41:05+00:00
19539e28-7de0-4526-b12e-8dd88896e7e6,502a15a3-271b-4bc5-8eb3-a8c0f97f65af,/photos/502a15a3-271b-4bc5-8eb3-a8c0f97f65af/2.webp,2,2026-08-10T17:41:05+00:00
6f003201-d129-4c0d-9430-6f4f297e61ea,ebe11040-d9db-4c8f-84be-10b4759e2770,/photos/ebe11040-d9db-4c8f-84be-10b4759e2770/0.webp,0,2025-12-10T23:56:07+00:00
7a096dc3-fa8b-4f43-b185-b73c3ee7f960,ebe11040-d9db-4c8f-84be-10b4759e2770,/photos/ebe11040-d9db-4c8f-84be-10b4759e2770/1.webp,1,2025-12-10T23:56:07+00:00
d810b3d1-4469-4454-94b5-569c25c13fdf,ebe11040-d9db-4c8f-84be-10b4759e2770,/photos/ebe11040-d9db-4c8f-84be-10b4759e2770/2.webp,2,2025-12-10T23:56:07+00:00
9e06f9ba-4a4f-40a6-9ce3-7749e01d350d,ebe11040-d9db-4c8f-84be-10b4759e2770,/photos/ebe11040-d9db-4c8f-84be-10b4759e2770/3.webp,3,2025-12-10T23:56:07+00:00
70fc1087-0dd3-4557-87d6-22f9a9514c79,ebe11040-d9db-4c8f-84be-10b4759e2770,/photos/ebe11040-d9db-4c8f-84be-10b4759e2770/4.webp,4,2025-12-10T23:56:07+00:00
93e27e70-8639-4912-8eb5-3de00993e54b,17663dee-a72c-436e-9d78-18c2d0a28d94,/photos/17663dee-a72c-436e-9d78-18c2d0a28d94/0.webp,0,2025-05-17T23:35:53+00:00
96f614ad-9222-4e11-b21e-d0f2d448f118,17663dee-a72c-436e-9d78-18c2d0a28d94,/photos/17663dee-a72c-436e-9d78-18c2d0a28d94/1.webp,1,2025-05-17T23:35:53+00:00
7434c3e3-1025-4225-81a7-d06c8069d992,17663dee-a72c-436e-9d78-18c2d0a28d94,/photos/17663dee-a72c-436e-9d78-18c2d0a28d94/2.webp,2,2025-05-17T23:35:53+00:00
56fe2bee-9c2d-4bad-ab63-3a8e0d60243e,17663dee-a72c-436e-9d78-18c2d0a28d94,/photos/17663dee-a72c-436e-9d78-18c2d0a28d94/3.webp,3,2025-05-17T23:35:53+00:00
9dd80a9f-3529-4ac1-9acd-fe041c566e75,17663dee-a72c-436e-9d78-18c2d0a28d94,/photos/17663dee-a72c-436e-9d78-18c2d0a28d94/4.webp,4,2025-05-17T23:35:53+00:00
6aed5786-db5f-4244-8e58-318661fdc208,b865a300-0682-4c9d-a7b4-725f8e9e100c,/photos/b865a300-0682-4c9d-a7b4-725f8e9e100c/0.webp,0,2026-05-07T21:50:59+00:00
9a1f003b-44d9-40b6-8c15-99da0f9e4c88,4d3c356b-59ee-4e6e-a324-327492769592,/photos/4d3c356b-59ee-4e6e-a324-327492769592/0.webp,0,2026-08-27T09:14:24+00:00
e381e695-9fff-4e0f-86f9-8a1d55f69639,4d3c356b-59ee-4e6e-a324-327492769592,/photos/4d3c356b-59ee-4e6e-a324-327492769592/1.webp,1,2026-08-27T09:14:24+00:00
88d3a9b6-93d8-4382-80cb-9d27f014b35f,4d3c356b-59ee-4e6e-a324-327492769592,/photos/4d3c356b-59ee-4e6e-a324-327492769592/2.webp,2,2026-08-27T09:14:24+00:00
b0fd540b-fc39-42a4-b6f6-faba50b2d738,4d3c356b-59ee-4e6e-a324-327492769592,/photos/4d3c356b-59ee-4e6e-a324-327492769592/3.webp,3,2026-08-27T09:14:24+00:00
70b09e99-bbd7-4370-bcef-eee6790cb15d,4d3c356b-59ee-4e6e-a324-327492769592,/photos/4d3c356b-59ee-4e6e-a324-327492769592/4.webp,4,2026-08-27T09:14:24+00:00
aad4e696-22c6-4854-a85a-2865f9c3e4f6,4d3c356b-59ee-4e6e-a324-327492769592,/photos/4d3c356b-59ee-4e6e-a324-327492769592/5.webp,5,2026-08-27T09:14:24+00:00
c3e01d8c-b744-4f14-ba8f-dc83adda91a2,4d3c356b-59ee-4e6e-a324-327492769592,/photos/4d3c356b-59ee-4e6e-a324-327492769592/6.webp,6,2026-08-27T09:14:24+00:00
986d9021-cdf8-40a7-80a1-3abdd83641bd,4d3c356b-59ee-4e6e-a324-327492769592,/photos/4d3c356b-59ee-4e6e-a324-327492769592/7.webp,7,2026-08-27T09:14:24+00:00
811fde28-1afd-4070-b808-08dd5dda82db,b5b734af-cde7-49d8-9ad2-42481f3f1a19,/photos/b5b734af-cde7-49d8-9ad2-42481f3f1a19/0.webp,0,2026-04-22T02:16:54+00:00
fd28919c-46e0-45f0-9591-1b25dfd86241,b5b734af-cde7-49d8-9ad2-42481f3f1a19,/photos/b5b734af-cde7-49d8-9ad2-42481f3f1a19/1.webp,1,2026-04-22T02:16:54+00:00
0edac413-73e3-4c1e-a03a-f3c6f607d4f3,cc99ed97-3886-473e-b8f1-b982e2b91b84,/photos/cc99ed97-3886-473e-b8f1-b982e2b91b84/0.webp,0,2025-05-22T13:02:47+00:00
ba7467fc-5b42-4037-aa75-e18fe14fad87,cc99ed97-3886-473e-b8f1-b982e2b91b84,/photos/cc99ed97-3886-473e-b8f1-b982e2b91b84/1.webp,1,2025-05-22T13:02:47+00:00
cd9d8bf5-9283-427e-8f99-ccc0fb57507e,cc99ed97-3886-473e-b8f1-b982e2b91b84,/photos/cc99ed97-3886-473e-b8f1-b982e2b91b84/2.webp,2,2025-05-22T13:02:47+00:00
cfcecade-8224-4de8-91dc-80ecd0bc3bf3,cc99ed97-3886-473e-b8f1-b982e2b91b84,/photos/cc99ed97-3886-473e-b8f1-b982e2b91b84/3.webp,3,2025-05-22T13:02:47+00:00
05e3c566-9931-47a1-b813-6a9829f058d2,bd3ab066-9629-47bf-bb0a-011dc5893112,/photos/bd3ab066-9629-47bf-bb0a-011dc5893112/0.webp,0,2025-05-15T03:59:54+00:00
85ea6f89-e719-434d-8372-327e97c47e13,bd3ab066-9629-47bf-bb0a-011dc5893112,/photos/bd3ab066-9629-47bf-bb0a-011dc5893112/1.webp,1,2025-05-15T03:59:54+00:00
6795e250-908d-4d7e-8230-553dbb6c0e7f,bd3ab066-9629-47bf-bb0a-011dc5893112,/photos/bd3ab066-9629-47bf-bb0a-011dc5893112/2.webp,2,2025-05-15T03:59:54+00:00
6f4c40f4-068d-4a9e-becc-7fd4a8107d1a,247c3997-1cad-4c27-8806-eb088de465d3,/photos/247c3997-1cad-4c27-8806-eb088de465d3/0.webp,0,2025-09-15T08:23:33+00:00
4cf511fb-0aaa-48e8-8c4f-3187b3771d66,247c3997-1cad-4c27-8806-eb088de465d3,/photos/247c3997-1cad-4c27-8806-eb088de465d3/1.webp,1,2025-09-15T08:23:33+00:00
1774758e-588c-41d5-aec7-39e04d1e2a89,247c3997-1cad-4c27-8806-eb088de465d3,/photos/247c3997-1cad-4c27-8806-eb088de465d3/2.webp,2,2025-09-15T08:23:33+00:00
332924dd-22fc-4d31-acee-f40e4c87b572,247c3997-1cad-4c27-8806-eb088de465d3,/photos/247c3997-1cad-4c27-8806-eb088de465d3/3.webp,3,2025-09-15T08:23:33+00:00
19b6a88c-3bcc-4937-88fa-f713977f3e8b,16cd69f5-802b-49b8-86c9-05c6e04bdeb4,/photos/16cd69f5-802b-49b8-86c9-05c6e04bdeb4/0.webp,0,2026-05-10T23:11:51+00:00
8c1f9fbb-1e96-4cf0-92ba-42185138052a,16cd69f5-802b-49b8-86c9-05c6e04bdeb4,/photos/16cd69f5-802b-49b8-86c9-05c6e04bdeb4/1.webp,1,2026-05-10T23:11:51+00:00
3acfb4ab-8a9a-48f5-a4aa-0c2a17f7a457,16cd69f5-802b-49b8-86c9-05c6e04bdeb4,/photos/16cd69f5-802b-49b8-86c9-05c6e04bdeb4/2.webp,2,2026-05-10T23:11:51+00:00
e6e1a190-cb98-48f0-80a9-22b85387d305,16cd69f5-802b-49b8-86c9-05c6e04bdeb4,/photos/16cd69f5-802b-49b8-86c9-05c6e04bdeb4/3.webp,3,2026-05-10T23:11:51+00:00
5c143a42-353d-47c9-8a24-4d2429471ecb,16cd69f5-802b-49b8-86c9-05c6e04bdeb4,/photos/16cd69f5-802b-49b8-86c9-05c6e04bdeb4/4.webp,4,2026-05-10T23:11:51+00:00
d54c8bfc-d8e4-4233-91e8-cabec15321dd,16cd69f5-802b-49b8-86c9-05c6e04bdeb4,/photos/16cd69f5-802b-49b8-86c9-05c6e04bdeb4/5.webp,5,2026-05-10T23:11:51+00:00
a4fd40e6-fc71-4539-a052-292750a93b65,16cd69f5-802b-49b8-86c9-05c6e04bdeb4,/photos/16cd69f5-802b-49b8-86c9-05c6e04bdeb4/6.webp,6,2026-05-10T23:11:51+00:00
9000915f-5bef-4db3-84d8-6663957e98bc,16cd69f5-802b-49b8-86c9-05c6e04bdeb4,/photos/16cd69f5-802b-49b8-86c9-05c6e04bdeb4/7.webp,7,2026-05-10T23:11:51+00:00
7fc8fa8b-8b51-4a80-a780-bb24ca1bd9d7,4fd6ad7a-e61b-4da6-ac8c-08055d5f53de,/photos/4fd6ad7a-e61b-4da6-ac8c-08055d5f53de/0.webp,0,2026-07-18T03:46:35+00:00
34e5b7ce-01e5-48fc-8f40-667373bced48,4fd6ad7a-e61b-4da6-ac8c-08055d5f53de,/photos/4fd6ad7a-e61b-4da6-ac8c-08055d5f53de/1.webp,1,2026-07-18T03:46:35+00:00
38acfaff-e7c8-4a80-882b-6c4b3067fd38,b6c80d64-e4a2-4739-9f4f-ddd7c47db6d6,/photos/b6c80d64-e4a2-4739-9f4f-ddd7c47db6d6/0.webp,0,2024-11-05T14:27:37+00:00
415c3732-8415-4c0d-a330-88569a89d2bd,b6c80d64-e4a2-4739-9f4f-ddd7c47db6d6,/photos/b6c80d64-e4a2-4739-9f4f-ddd7c47db6d6/1.webp,1,2024-11-05T14:27:37+00:00
7ef47046-b4b1-411f-808d-f005ec4d6615,b6c80d64-e4a2-4739-9f4f-ddd7c47db6d6,/photos/b6c80d64-e4a2-4739-9f4f-ddd7c47db6d6/2.webp,2,2024-11-05T14:27:37+00:00
53b07fe7-9b7e-4304-af4b-ff68ac4b6f50,b6c80d64-e4a2-4739-9f4f-ddd7c47db6d6,/photos/b6c80d64-e4a2-4739-9f4f-ddd7c47db6d6/3.webp,3,2024-11-05T14:27:37+00:00
d290ab18-51dd-446a-bfe5-7bed8a238da0,b6c80d64-e4a2-4739-9f4f-ddd7c47db6d6,/photos/b6c80d64-e4a2-4739-9f4f-ddd7c47db6d6/4.webp,4,2024-11-05T14:27:37+00:00
9d6e3fd7-86bd-4221-bda4-9bb4da05e2c7,bf1db679-701b-4b68-b549-6e7bf04671cf,/photos/bf1db679-701b-4b68-b549-6e7bf04671cf/0.webp,0,2025-08-25T12:02:19+00:00
acc62590-9b1c-4f71-b6fc-be0e223f14e0,bf1db679-701b-4b68-b549-6e7bf04671cf,/photos/bf1db679-701b-4b68-b549-6e7bf04671cf/1.webp,1,2025-08-25T12:02:19+00:00
cf1e4d46-5714-4542-b5ff-325572955f53,bf1db679-701b-4b68-b549-6e7bf04671cf,/photos/bf1db679-701b-4b68-b549-6e7bf04671cf/2.webp,2,2025-08-25T12:02:19+00:00
d983706e-57b2-4613-8747-63d3f2c624b8,bf1db679-701b-4b68-b549-6e7bf04671cf,/photos/bf1db679-701b-4b68-b549-6e7bf04671cf/3.webp,3,2025-08-25T12:02:19+00:00
eba031e9-4c08-43ec-a001-a3fbf46fdd07,993ffc27-c30b-4681-930b-4759a019e1b5,/photos/993ffc27-c30b-4681-930b-4759a019e1b5/0.webp,0,2026-06-14T10:54:36+00:00
becdb355-3037-498e-808d-504851d07b36,993ffc27-c30b-4681-930b-4759a019e1b5,/photos/993ffc27-c30b-4681-930b-4759a019e1b5/1.webp,1,2026-06-14T10:54:36+00:00
efc43683-5d4d-4e32-93d0-b192e205ad8b,993ffc27-c30b-4681-930b-4759a019e1b5,/photos/993ffc27-c30b-4681-930b-4759a019e1b5/2.webp,2,2026-06-14T10:54:36+00:00
89cebc85-2d81-4958-86fd-39813e129532,c49f8e32-12d4-4b19-8ea8-f9d67239b259,/photos/c49f8e32-12d4-4b19-8ea8-f9d67239b259/0.webp,0,2025-11-28T12:05:26+00:00
d95861a1-cec4-4a3a-9b97-a032ca1f370e,c49f8e32-12d4-4b19-8ea8-f9d67239b259,/photos/c49f8e32-12d4-4b19-8ea8-f9d67239b259/1.webp,1,2025-11-28T12:05:26+00:00
a332b68e-e737-46d1-b370-4a9a8acae935,c49f8e32-12d4-4b19-8ea8-f9d67239b259,/photos/c49f8e32-12d4-4b19-8ea8-f9d67239b259/2.webp,2,2025-11-28T12:05:26+00:00
6f08bf64-42e4-454b-a486-b749d7376d1a,c49f8e32-12d4-4b19-8ea8-f9d67239b259,/photos/c49f8e32-12d4-4b19-8ea8-f9d67239b259/3.webp,3,2025-11-28T12:05:26+00:00
b1127c08-a0d3-46ee-959e-39cb3916624e,c49f8e32-12d4-4b19-8ea8-f9d67239b259,/photos/c49f8e32-12d4-4b19-8ea8-f9d67239b259/4.webp,4,2025-11-28T12:05:26+00:00
72747483-56fd-4fb8-b95e-55b8975abf6b,6d6e986f-3cbc-41d1-ba03-0ce510ee357f,/photos/6d6e986f-3cbc-41d1-ba03-0ce510ee357f/0.webp,0,2026-02-24T21:54:58+00:00
67384969-368a-42b5-934e-b0e23469d62f,fb42bc8a-6bd1-449e-9437-89cf867e6ba4,/photos/fb42bc8a-6bd1-449e-9437-89cf867e6ba4/0.webp,0,2025-09-03T13:54:58+00:00
14f821a3-998c-4a95-8b0c-95917eb76f8a,fb42bc8a-6bd1-449e-9437-89cf867e6ba4,/photos/fb42bc8a-6bd1-449e-9437-89cf867e6ba4/1.webp,1,2025-09-03T13:54:58+00:00
cb0bbc65-7ae8-4674-af51-d44620d70e11,fb42bc8a-6bd1-449e-9437-89cf867e6ba4,/photos/fb42bc8a-6bd1-449e-9437-89cf867e6ba4/2.webp,2,2025-09-03T13:54:58+00:00
7337dd21-362e-4e67-bc95-6054b8700f47,fb42bc8a-6bd1-449e-9437-89cf867e6ba4,/photos/fb42bc8a-6bd1-449e-9437-89cf867e6ba4/3.webp,3,2025-09-03T13:54:58+00:00
4c1b4651-9def-4a49-ae02-eb9a502f2d1c,fb42bc8a-6bd1-449e-9437-89cf867e6ba4,/photos/fb42bc8a-6bd1-449e-9437-89cf867e6ba4/4.webp,4,2025-09-03T13:54:58+00:00
9dd8372b-9768-4b7a-8e58-11f354acfa38,389ae361-5fd8-46b1-a629-43e0f92973d9,/photos/389ae361-5fd8-46b1-a629-43e0f92973d9/0.webp,0,2026-05-09T14:40:32+00:00
1b859ce2-3769-44b3-a52b-78b75ed3c25d,389ae361-5fd8-46b1-a629-43e0f92973d9,/photos/389ae361-5fd8-46b1-a629-43e0f92973d9/1.webp,1,2026-05-09T14:40:32+00:00
5c58aa85-ed71-4058-9726-889f33fb7e9a,389ae361-5fd8-46b1-a629-43e0f92973d9,/photos/389ae361-5fd8-46b1-a629-43e0f92973d9/2.webp,2,2026-05-09T14:40:32+00:00
1f417c4b-41ad-4b27-875a-7ea7a04c6a1f,389ae361-5fd8-46b1-a629-43e0f92973d9,/photos/389ae361-5fd8-46b1-a629-43e0f92973d9/3.webp,3,2026-05-09T14:40:32+00:00
2ec3178a-d19b-4079-ab6a-ee2fb14036ec,f9b13381-cf09-4e8e-badc-677d06165db9,/photos/f9b13381-cf09-4e8e-badc-677d06165db9/0.webp,0,2025-10-10T03:10:12+00:00
48f9e2d1-bc9c-4b9c-953a-bece347a040b,f9b13381-cf09-4e8e-badc-677d06165db9,/photos/f9b13381-cf09-4e8e-badc-677d06165db9/1.webp,1,2025-10-10T03:10:12+00:00
50776305-98c2-4700-8c45-92a7cb4e6db8,f9b13381-cf09-4e8e-badc-677d06165db9,/photos/f9b13381-cf09-4e8e-badc-677d06165db9/2.webp,2,2025-10-10T03:10:12+00:00
23697057-07c1-4972-a749-86a205412363,f9b13381-cf09-4e8e-badc-677d06165db9,/photos/f9b13381-cf09-4e8e-badc-677d06165db9/3.webp,3,2025-10-10T03:10:12+00:00
94ada1be-c537-41af-8388-4fb3bea3471d,5f1088d0-5636-402b-9c25-b5a5c3bb9510,/photos/5f1088d0-5636-402b-9c25-b5a5c3bb9510/0.webp,0,2026-07-09T12:41:24+00:00
076c6eec-1bdf-41f3-893f-679102d73792,5f1088d0-5636-402b-9c25-b5a5c3bb9510,/photos/5f1088d0-5636-402b-9c25-b5a5c3bb9510/1.webp,1,2026-07-09T12:41:24+00:00
ee439b4c-2e38-4c5d-896c-c681af8b6bd8,5f1088d0-5636-402b-9c25-b5a5c3bb9510,/photos/5f1088d0-5636-402b-9c25-b5a5c3bb9510/2.webp,2,2026-07-09T12:41:24+00:00
006e2172-206a-48e0-a52f-3bc8719b0b96,8b306922-5983-4e72-b154-6e3d6f1bcddd,/photos/8b306922-5983-4e72-b154-6e3d6f1bcddd/0.webp,0,2025-06-28T19:31:22+00:00
1d762106-3814-49de-adab-cbc30ea506e6,8b306922-5983-4e72-b154-6e3d6f1bcddd,/photos/8b306922-5983-4e72-b154-6e3d6f1bcddd/1.webp,1,2025-06-28T19:31:22+00:00
2d44d883-ee4e-469a-9792-a0be0befc860,8b306922-5983-4e72-b154-6e3d6f1bcddd,/photos/8b306922-5983-4e72-b154-6e3d6f1bcddd/2.webp,2,2025-06-28T19:31:22+00:00
5e7913a2-5435-426d-9f49-99d5764a6f7f,8b306922-5983-4e72-b154-6e3d6f1bcddd,/photos/8b306922-5983-4e72-b154-6e3d6f1bcddd/3.webp,3,2025-06-28T19:31:22+00:00
804ceb27-7431-4768-b43a-a88e62d1a8c7,8b306922-5983-4e72-b154-6e3d6f1bcddd,/photos/8b306922-5983-4e72-b154-6e3d6f1bcddd/4.webp,4,2025-06-28T19:31:22+00:00
bbd04e39-5c7f-4654-b7cc-51cef2f77472,6963e03e-0c3d-456b-b877-2415fb4b84a2,/photos/6963e03e-0c3d-456b-b877-2415fb4b84a2/0.webp,0,2026-08-21T07:50:10+00:00
f0b66ca8-bd6f-4e9c-9efc-326effe0ab67,6963e03e-0c3d-456b-b877-2415fb4b84a2,/photos/6963e03e-0c3d-456b-b877-2415fb4b84a2/1.webp,1,2026-08-21T07:50:10+00:00
7a4a3a56-bc6e-4636-931b-62591dfcb0ff,376f2cb7-2047-465d-b7b1-61b30cf06dab,/photos/376f2cb7-2047-465d-b7b1-61b30cf06dab/0.webp,0,2025-07-27T09:30:14+00:00
164f5df4-2a77-42bf-ae4d-f3dc37c5fff6,376f2cb7-2047-465d-b7b1-61b30cf06dab,/photos/376f2cb7-2047-465d-b7b1-61b30cf06dab/1.webp,1,2025-07-27T09:30:14+00:00
87251602-d977-4c0d-94e9-1ecde136ec8a,376f2cb7-2047-465d-b7b1-61b30cf06dab,/photos/376f2cb7-2047-465d-b7b1-61b30cf06dab/2.webp,2,2025-07-27T09:30:14+00:00
57409044-3728-47d7-a4a3-cf8f95e44344,5a50114c-6798-45b6-b9d6-7b477ee4d8e2,/photos/5a50114c-6798-45b6-b9d6-7b477ee4d8e2/0.webp,0,2026-05-15T19:13:26+00:00
0e72b4f9-611a-42d6-97d7-4ff2138b7166,5a50114c-6798-45b6-b9d6-7b477ee4d8e2,/photos/5a50114c-6798-45b6-b9d6-7b477ee4d8e2/1.webp,1,2026-05-15T19:13:26+00:00
41a7614f-8246-4a24-9cde-6fb6b65542ee,5a50114c-6798-45b6-b9d6-7b477ee4d8e2,/photos/5a50114c-6798-45b6-b9d6-7b477ee4d8e2/2.webp,2,2026-05-15T19:13:26+00:00
511ce06e-dd00-483f-8b12-71fbd5ce7f8e,5a50114c-6798-45b6-b9d6-7b477ee4d8e2,/photos/5a50114c-6798-45b6-b9d6-7b477ee4d8e2/3.webp,3,2026-05-15T19:13:26+00:00
eb8c7d86-5613-4e48-89c9-8dd5a36bd288,59881e2c-8a43-41c2-83ba-1c09e386c4cb,/photos/59881e2c-8a43-41c2-83ba-1c09e386c4cb/0.webp,0,2026-07-25T20:54:27+00:00
2cdc1451-2dc4-4244-9990-2b0fb1e5bac0,59881e2c-8a43-41c2-83ba-1c09e386c4cb,/photos/59881e2c-8a43-41c2-83ba-1c09e386c4cb/1.webp,1,2026-07-25T20:54:27+00:00
62574ab6-6c6c-45e7-91f4-c864a810aa19,59881e2c-8a43-41c2-83ba-1c09e386c4cb,/photos/59881e2c-8a43-41c2-83ba-1c09e386c4cb/2.webp,2,2026-07-25T20:54:27+00:00
089153bc-633a-493a-9dcc-faabc3bab752,59881e2c-8a43-41c2-83ba-1c09e386c4cb,/photos/59881e2c-8a43-41c2-83ba-1c09e386c4cb/3.webp,3,2026-07-25T20:54:27+00:00
4b2edd5c-463b-48f5-8696-98c737368dcd,59881e2c-8a43-41c2-83ba-1c09e386c4cb,/photos/59881e2c-8a43-41c2-83ba-1c09e386c4cb/4.webp,4,2026-07-25T20:54:27+00:00
2f1dabca-d0e1-4cf2-be4a-9ff1ad30e9fd,731c8517-7608-4c1e-b098-a385edf6d034,/photos/731c8517-7608-4c1e-b098-a385edf6d034/0.webp,0,2026-01-14T04:24:30+00:00
55d02748-72e2-408e-8b40-e90f612b4054,731c8517-7608-4c1e-b098-a385edf6d034,/photos/731c8517-7608-4c1e-b098-a385edf6d034/1.webp,1,2026-01-14T04:24:30+00:00
7a37f393-f5b0-43b2-8fe4-a0043dfc4c24,731c8517-7608-4c1e-b098-a385edf6d034,/photos/731c8517-7608-4c1e-b098-a385edf6d034/2.webp,2,2026-01-14T04:24:30+00:00
5d65d49b-3a3c-4ced-b8b4-1e2425f734f2,731c8517-7608-4c1e-b098-a385edf6d034,/photos/731c8517-7608-4c1e-b098-a385edf6d034/3.webp,3,2026-01-14T04:24:30+00:00
3fcd7b43-50a2-4aae-a18c-d6ef5701b03e,731c8517-7608-4c1e-b098-a385edf6d034,/photos/731c8517-7608-4c1e-b098-a385edf6d034/4.webp,4,2026-01-14T04:24:30+00:00
b3051068-b681-45dd-a810-a2fd9ca3ceae,336ea5e8-1b5b-4bf9-88aa-e2413b87d663,/photos/336ea5e8-1b5b-4bf9-88aa-e2413b87d663/0.webp,0,2025-08-18T19:06:36+00:00
8e676250-18bd-476a-88b4-d21f56f385c9,336ea5e8-1b5b-4bf9-88aa-e2413b87d663,/photos/336ea5e8-1b5b-4bf9-88aa-e2413b87d663/1.webp,1,2025-08-18T19:06:36+00:00
b0ef5ab5-22ac-40a3-b952-03b608565d9c,336ea5e8-1b5b-4bf9-88aa-e2413b87d663,/photos/336ea5e8-1b5b-4bf9-88aa-e2413b87d663/2.webp,2,2025-08-18T19:06:36+00:00
d1f6841a-6627-4b6e-aa97-2238596207b1,336ea5e8-1b5b-4bf9-88aa-e2413b87d663,/photos/336ea5e8-1b5b-4bf9-88aa-e2413b87d663/3.webp,3,2025-08-18T19:06:36+00:00
19654a37-92bd-408a-a411-73b623d7c2b3,336ea5e8-1b5b-4bf9-88aa-e2413b87d663,/photos/336ea5e8-1b5b-4bf9-88aa-e2413b87d663/4.webp,4,2025-08-18T19:06:36+00:00
08e43258-16c6-4299-8666-762e2d3d21cd,5813da0c-612c-4a60-b948-6557f780b175,/photos/5813da0c-612c-4a60-b948-6557f780b175/0.webp,0,2025-09-22T03:52:01+00:00
d3946a4b-cbe8-4ce5-95dc-33b240eb19c7,5813da0c-612c-4a60-b948-6557f780b175,/photos/5813da0c-612c-4a60-b948-6557f780b175/1.webp,1,2025-09-22T03:52:01+00:00
6d6a00e3-1cea-4c1d-aa46-f746120eb87f,5813da0c-612c-4a60-b948-6557f780b175,/photos/5813da0c-612c-4a60-b948-6557f780b175/2.webp,2,2025-09-22T03:52:01+00:00
179e866a-db36-49ed-a356-c643406b266f,0a4fa256-29d0-4908-b841-38e9d911d00d,/photos/0a4fa256-29d0-4908-b841-38e9d911d00d/0.webp,0,2026-05-13T19:25:15+00:00
312d21c5-1f2d-403c-8864-c277ffb0a420,0a4fa256-29d0-4908-b841-38e9d911d00d,/photos/0a4fa256-29d0-4908-b841-38e9d911d00d/1.webp,1,2026-05-13T19:25:15+00:00
853cd13f-493a-4798-9ae6-80146eb37188,0a4fa256-29d0-4908-b841-38e9d911d00d,/photos/0a4fa256-29d0-4908-b841-38e9d911d00d/2.webp,2,2026-05-13T19:25:15+00:00
702bca50-3c7e-4c0f-8281-ad845d5fa75d,0a4fa256-29d0-4908-b841-38e9d911d00d,/photos/0a4fa256-29d0-4908-b841-38e9d911d00d/3.webp,3,2026-05-13T19:25:15+00:00
3239bfcc-3728-44e0-ac07-6301339257e7,0a4fa256-29d0-4908-b841-38e9d911d00d,/photos/0a4fa256-29d0-4908-b841-38e9d911d00d/4.webp,4,2026-05-13T19:25:15+00:00
b6d6b39b-025a-4899-ad26-1521bf1a86aa,0a4fa256-29d0-4908-b841-38e9d911d00d,/photos/0a4fa256-29d0-4908-b841-38e9d911d00d/5.webp,5,2026-05-13T19:25:15+00:00
57a5ba92-abfd-416d-be96-af09b55ef56f,acebf6ac-0293-485a-832d-0f8f0138786e,/photos/acebf6ac-0293-485a-832d-0f8f0138786e/0.webp,0,2025-12-06T07:06:37+00:00
c749e9ae-caec-49c8-a98c-b54ecb956e42,acebf6ac-0293-485a-832d-0f8f0138786e,/photos/acebf6ac-0293-485a-832d-0f8f0138786e/1.webp,1,2025-12-06T07:06:37+00:00
a0b6832e-230c-46aa-8c47-d61b8a2ce0e1,acebf6ac-0293-485a-832d-0f8f0138786e,/photos/acebf6ac-0293-485a-832d-0f8f0138786e/2.webp,2,2025-12-06T07:06:37+00:00
44f78d61-2a0f-4eb8-bcfa-d96fd86a0c83,4b000e1d-1ab8-4652-83cf-1ee6d412081c,/photos/4b000e1d-1ab8-4652-83cf-1ee6d412081c/0.webp,0,2025-05-12T03:53:32+00:00
37d97b61-1656-4827-81bf-d228368dd67e,4b000e1d-1ab8-4652-83cf-1ee6d412081c,/photos/4b000e1d-1ab8-4652-83cf-1ee6d412081c/1.webp,1,2025-05-12T03:53:32+00:00
ededda19-6ec0-438f-b23b-c34b5b73ee67,4b000e1d-1ab8-4652-83cf-1ee6d412081c,/photos/4b000e1d-1ab8-4652-83cf-1ee6d412081c/2.webp,2,2025-05-12T03:53:32+00:00
aaed6a96-c08e-4d84-8606-67010e89dfc2,4b000e1d-1ab8-4652-83cf-1ee6d412081c,/photos/4b000e1d-1ab8-4652-83cf-1ee6d412081c/3.webp,3,2025-05-12T03:53:32+00:00
f06e9e55-f99f-4b73-ad7b-77f3f783a937,4b000e1d-1ab8-4652-83cf-1ee6d412081c,/photos/4b000e1d-1ab8-4652-83cf-1ee6d412081c/4.webp,4,2025-05-12T03:53:32+00:00
8ae0c41d-4599-4a16-95a7-58e6cf26dc60,a952b715-e955-4b90-b084-76606e06168c,/photos/a952b715-e955-4b90-b084-76606e06168c/0.webp,0,2024-08-22T12:36:27+00:00
1ce384bc-14ba-4c6c-8dc2-b90af11425b2,a952b715-e955-4b90-b084-76606e06168c,/photos/a952b715-e955-4b90-b084-76606e06168c/1.webp,1,2024-08-22T12:36:27+00:00
e8a7134f-146c-4819-a1b2-1584f3991cee,a952b715-e955-4b90-b084-76606e06168c,/photos/a952b715-e955-4b90-b084-76606e06168c/2.webp,2,2024-08-22T12:36:27+00:00
81e28f72-199c-41fd-82e4-3e4a67ab0d48,a952b715-e955-4b90-b084-76606e06168c,/photos/a952b715-e955-4b90-b084-76606e06168c/3.webp,3,2024-08-22T12:36:27+00:00
c938358a-7f75-46cc-8c8e-d16ee6af343d,ef77b50d-023d-4e4b-a6d1-0b1c63b0544a,/photos/ef77b50d-023d-4e4b-a6d1-0b1c63b0544a/0.webp,0,2026-07-22T23:26:46+00:00
c005a22b-25a9-44c6-99fa-2e8ff264144d,ef77b50d-023d-4e4b-a6d1-0b1c63b0544a,/photos/ef77b50d-023d-4e4b-a6d1-0b1c63b0544a/1.webp,1,2026-07-22T23:26:46+00:00
07ecd998-db72-448f-bc34-6dc9e27d1132,ef77b50d-023d-4e4b-a6d1-0b1c63b0544a,/photos/ef77b50d-023d-4e4b-a6d1-0b1c63b0544a/2.webp,2,2026-07-22T23:26:46+00:00
d0b4d7f9-ffe7-4551-8530-5bfa4d1c44a0,ef77b50d-023d-4e4b-a6d1-0b1c63b0544a,/photos/ef77b50d-023d-4e4b-a6d1-0b1c63b0544a/3.webp,3,2026-07-22T23:26:46+00:00
d7b87ffa-009b-4cda-a1a6-89f340114ccb,ef77b50d-023d-4e4b-a6d1-0b1c63b0544a,/photos/ef77b50d-023d-4e4b-a6d1-0b1c63b0544a/4.webp,4,2026-07-22T23:26:46+00:00
768abb85-5c85-473f-b6ff-1846239b1f2c,ef77b50d-023d-4e4b-a6d1-0b1c63b0544a,/photos/ef77b50d-023d-4e4b-a6d1-0b1c63b0544a/5.webp,5,2026-07-22T23:26:46+00:00
d7f3d0f4-7dfa-47f9-ad89-28af747498b3,ef77b50d-023d-4e4b-a6d1-0b1c63b0544a,/photos/ef77b50d-023d-4e4b-a6d1-0b1c63b0544a/6.webp,6,2026-07-22T23:26:46+00:00
33b9053f-e6c8-4f9c-9678-858d664099fe,12c6fce3-becb-4891-85e4-d00b35bc6d67,/photos/12c6fce3-becb-4891-85e4-d00b35bc6d67/0.webp,0,2025-08-15T16:22:51+00:00
0d83a20f-98a9-4bba-a831-ebf77d141be6,12c6fce3-becb-4891-85e4-d00b35bc6d67,/photos/12c6fce3-becb-4891-85e4-d00b35bc6d67/1.webp,1,2025-08-15T16:22:51+00:00
fa8a1493-2836-4876-8d73-0b774f5f73b2,12c6fce3-becb-4891-85e4-d00b35bc6d67,/photos/12c6fce3-becb-4891-85e4-d00b35bc6d67/2.webp,2,2025-08-15T16:22:51+00:00
b4c2ecf1-1112-4b5d-8df0-8ca697c8e2ec,12c6fce3-becb-4891-85e4-d00b35bc6d67,/photos/12c6fce3-becb-4891-85e4-d00b35bc6d67/3.webp,3,2025-08-15T16:22:51+00:00
266cc41f-3415-410b-ac01-2a57a703c5b6,356d8df8-dd69-4f7d-a87e-0c7d8c5cfd6c,/photos/356d8df8-dd69-4f7d-a87e-0c7d8c5cfd6c/0.webp,0,2025-08-13T07:35:56+00:00
11541b4d-cfb6-42c8-850d-e7ca23826024,356d8df8-dd69-4f7d-a87e-0c7d8c5cfd6c,/photos/356d8df8-dd69-4f7d-a87e-0c7d8c5cfd6c/1.webp,1,2025-08-13T07:35:56+00:00
504a3e4c-43ea-4ddc-bf25-574455e99e4b,356d8df8-dd69-4f7d-a87e-0c7d8c5cfd6c,/photos/356d8df8-dd69-4f7d-a87e-0c7d8c5cfd6c/2.webp,2,2025-08-13T07:35:56+00:00
a0f6f15b-f3d7-48e1-bf81-86ebdbcd45f2,356d8df8-dd69-4f7d-a87e-0c7d8c5cfd6c,/photos/356d8df8-dd69-4f7d-a87e-0c7d8c5cfd6c/3.webp,3,2025-08-13T07:35:56+00:00
cf5c6e10-4e28-4d72-9b26-a6daf6d46070,616b516d-4075-42f6-82eb-2cbbe49566cf,/photos/616b516d-4075-42f6-82eb-2cbbe49566cf/0.webp,0,2024-08-29T10:32:51+00:00
4caa1a86-1a88-44b8-b3bd-cfe2dc467268,616b516d-4075-42f6-82eb-2cbbe49566cf,/photos/616b516d-4075-42f6-82eb-2cbbe49566cf/1.webp,1,2024-08-29T10:32:51+00:00
62deccbe-e472-4bfa-8711-ff79a0269d22,616b516d-4075-42f6-82eb-2cbbe49566cf,/photos/616b516d-4075-42f6-82eb-2cbbe49566cf/2.webp,2,2024-08-29T10:32:51+00:00
9544c237-9315-4fc7-b770-332c6ac4c963,616b516d-4075-42f6-82eb-2cbbe49566cf,/photos/616b516d-4075-42f6-82eb-2cbbe49566cf/3.webp,3,2024-08-29T10:32:51+00:00
6c18674e-d1db-4ded-a818-36195829115e,616b516d-4075-42f6-82eb-2cbbe49566cf,/photos/616b516d-4075-42f6-82eb-2cbbe49566cf/4.webp,4,2024-08-29T10:32:51+00:00
28a381ea-c561-41bc-8db3-acbb60168532,616b516d-4075-42f6-82eb-2cbbe49566cf,/photos/616b516d-4075-42f6-82eb-2cbbe49566cf/5.webp,5,2024-08-29T10:32:51+00:00
fc9f836f-ad2d-4ac7-9621-5f8d57fd1566,62ce9f64-d6fa-40d0-a935-665abda3f254,/photos/62ce9f64-d6fa-40d0-a935-665abda3f254/0.webp,0,2026-08-07T00:44:21+00:00
3c607b97-4326-47e3-8836-24c65642e7f9,d5bdc74c-5363-4048-86a2-d4df478d25e3,/photos/d5bdc74c-5363-4048-86a2-d4df478d25e3/0.webp,0,2026-08-10T07:05:00+00:00
9f690ddd-03bc-46b3-8797-b9f87aa4e49e,d5bdc74c-5363-4048-86a2-d4df478d25e3,/photos/d5bdc74c-5363-4048-86a2-d4df478d25e3/1.webp,1,2026-08-10T07:05:00+00:00
a458bd25-3c71-48a2-9033-9602a1681910,d5bdc74c-5363-4048-86a2-d4df478d25e3,/photos/d5bdc74c-5363-4048-86a2-d4df478d25e3/2.webp,2,2026-08-10T07:05:00+00:00
c358f304-cd74-41d6-b842-295fcb4b9729,d5bdc74c-5363-4048-86a2-d4df478d25e3,/photos/d5bdc74c-5363-4048-86a2-d4df478d25e3/3.webp,3,2026-08-10T07:05:00+00:00
eb68c87c-16ed-490a-a013-e3dfc57fbb62,d5bdc74c-5363-4048-86a2-d4df478d25e3,/photos/d5bdc74c-5363-4048-86a2-d4df478d25e3/4.webp,4,2026-08-10T07:05:00+00:00
1b09db6e-954e-43c5-90ff-52fd3c79117f,0bdf68a0-8678-4288-a702-c08fc19058c1,/photos/0bdf68a0-8678-4288-a702-c08fc19058c1/0.webp,0,2025-10-08T22:58:15+00:00
1486fe72-0a13-4ac3-bd3f-8fb55e1ae775,3062bce7-7812-46ea-897b-c6f15cf056b2,/photos/3062bce7-7812-46ea-897b-c6f15cf056b2/0.webp,0,2026-05-14T11:32:45+00:00
6c601297-96a5-4ef5-80f4-0d8031f18836,3062bce7-7812-46ea-897b-c6f15cf056b2,/photos/3062bce7-7812-46ea-897b-c6f15cf056b2/1.webp,1,2026-05-14T11:32:45+00:00
b0571b40-ceab-4fc9-9503-f300a70a7316,3062bce7-7812-46ea-897b-c6f15cf056b2,/photos/3062bce7-7812-46ea-897b-c6f15cf056b2/2.webp,2,2026-05-14T11:32:45+00:00
abf1c6d9-8d44-4fea-8f46-6f546b82dc3f,0a9685dc-4dd0-48ba-b446-7267de5a4d74,/photos/0a9685dc-4dd0-48ba-b446-7267de5a4d74/0.webp,0,2026-05-29T02:04:17+00:00
b56c31b7-09ea-4830-a76c-10e4983291b5,0a9685dc-4dd0-48ba-b446-7267de5a4d74,/photos/0a9685dc-4dd0-48ba-b446-7267de5a4d74/1.webp,1,2026-05-29T02:04:17+00:00
cf2ef23b-c700-478f-994f-fe5c8ec24d58,0a9685dc-4dd0-48ba-b446-7267de5a4d74,/photos/0a9685dc-4dd0-48ba-b446-7267de5a4d74/2.webp,2,2026-05-29T02:04:17+00:00
5433a00b-1e21-4612-bbb5-0567d55ec3d3,270f7090-9bde-445b-83b4-0827df2c7cc2,/photos/270f7090-9bde-445b-83b4-0827df2c7cc2/0.webp,0,2026-07-16T15:03:50+00:00
faf8f83c-bfb3-4d0d-9e04-3c5880618538,270f7090-9bde-445b-83b4-0827df2c7cc2,/photos/270f7090-9bde-445b-83b4-0827df2c7cc2/1.webp,1,2026-07-16T15:03:50+00:00
b1e31140-4110-4d5f-bf67-bd42d1d90dbd,270f7090-9bde-445b-83b4-0827df2c7cc2,/photos/270f7090-9bde-445b-83b4-0827df2c7cc2/2.webp,2,2026-07-16T15:03:50+00:00
271057d7-03fa-45a2-aa6d-7749c07a484c,270f7090-9bde-445b-83b4-0827df2c7cc2,/photos/270f7090-9bde-445b-83b4-0827df2c7cc2/3.webp,3,2026-07-16T15:03:50+00:00
57c59905-5ae4-423e-8470-870b190419f8,270f7090-9bde-445b-83b4-0827df2c7cc2,/photos/270f7090-9bde-445b-83b4-0827df2c7cc2/4.webp,4,2026-07-16T15:03:50+00:00
ed27854f-ffb0-425e-8a2a-e9d036815773,3e497c28-0484-491a-b171-4476f14bb166,/photos/3e497c28-0484-491a-b171-4476f14bb166/0.webp,0,2025-09-10T22:17:06+00:00
89dba5d1-ce81-4974-8275-bb16bfa3fd7c,3e497c28-0484-491a-b171-4476f14bb166,/photos/3e497c28-0484-491a-b171-4476f14bb166/1.webp,1,2025-09-10T22:17:06+00:00
f6ffe793-08d1-4e18-8c45-a4f69e18b5ae,3e497c28-0484-491a-b171-4476f14bb166,/photos/3e497c28-0484-491a-b171-4476f14bb166/2.webp,2,2025-09-10T22:17:06+00:00
d4e308ef-c5e1-4fbc-8c51-21a58a4a4f11,3e497c28-0484-491a-b171-4476f14bb166,/photos/3e497c28-0484-491a-b171-4476f14bb166/3.webp,3,2025-09-10T22:17:06+00:00
063165ef-f490-4bad-b462-6e633a1cb155,3e497c28-0484-491a-b171-4476f14bb166,/photos/3e497c28-0484-491a-b171-4476f14bb166/4.webp,4,2025-09-10T22:17:06+00:00
56474068-8c09-4cf0-a8f1-29c0a235f9b3,3e497c28-0484-491a-b171-4476f14bb166,/photos/3e497c28-0484-491a-b171-4476f14bb166/5.webp,5,2025-09-10T22:17:06+00:00
4754f255-3056-4582-90ac-dbbb3d1b2c29,3e497c28-0484-491a-b171-4476f14bb166,/photos/3e497c28-0484-491a-b171-4476f14bb166/6.webp,6,2025-09-10T22:17:06+00:00
8736d386-36de-4e47-8d88-254d6dc90d63,564a40b6-42d7-4af7-ac4a-9dd02c5f67dc,/photos/564a40b6-42d7-4af7-ac4a-9dd02c5f67dc/0.webp,0,2025-07-29T03:47:44+00:00
f9e71e73-eb2e-44cb-af38-446f64eb4fb1,564a40b6-42d7-4af7-ac4a-9dd02c5f67dc,/photos/564a40b6-42d7-4af7-ac4a-9dd02c5f67dc/1.webp,1,2025-07-29T03:47:44+00:00
6b95ef2e-e85b-46d8-8bd8-01580ed59fbf,19b0dbfe-2da1-4c30-a6e4-fa2e573cc8bd,/photos/19b0dbfe-2da1-4c30-a6e4-fa2e573cc8bd/0.webp,0,2026-08-22T10:36:00+00:00
ea3308a4-6912-4662-ae25-f06f65d4949d,19b0dbfe-2da1-4c30-a6e4-fa2e573cc8bd,/photos/19b0dbfe-2da1-4c30-a6e4-fa2e573cc8bd/1.webp,1,2026-08-22T10:36:00+00:00
1ae9d1a7-b2ae-4149-aed3-d60c65db72d6,0e851811-8161-4ded-828f-1bb92262c5e3,/photos/0e851811-8161-4ded-828f-1bb92262c5e3/0.webp,0,2025-10-27T15:00:19+00:00
8d38dac3-d0f3-4bdc-bae0-d3bf8385553a,0e851811-8161-4ded-828f-1bb92262c5e3,/photos/0e851811-8161-4ded-828f-1bb92262c5e3/1.webp,1,2025-10-27T15:00:19+00:00
4854b7f1-7f4c-4376-b65f-334cc3aa2a8d,0e851811-8161-4ded-828f-1bb92262c5e3,/photos/0e851811-8161-4ded-828f-1bb92262c5e3/2.webp,2,2025-10-27T15:00:19+00:00
6a9e24c2-1162-406c-9de1-0191e5627f88,0e851811-8161-4ded-828f-1bb92262c5e3,/photos/0e851811-8161-4ded-828f-1bb92262c5e3/3.webp,3,2025-10-27T15:00:19+00:00
c9607ffc-1e7e-4c0a-8d99-936efc7a41c7,17b4cd07-243b-4297-8257-78838308dbe9,/photos/17b4cd07-243b-4297-8257-78838308dbe9/0.webp,0,2025-05-18T01:45:16+00:00
21647cce-6e8c-4b91-b50d-0eca1d3e074e,17b4cd07-243b-4297-8257-78838308dbe9,/photos/17b4cd07-243b-4297-8257-78838308dbe9/1.webp,1,2025-05-18T01:45:16+00:00
a55d75ff-1f20-4433-9dcb-e7abe0ac3292,17b4cd07-243b-4297-8257-78838308dbe9,/photos/17b4cd07-243b-4297-8257-78838308dbe9/2.webp,2,2025-05-18T01:45:16+00:00
0e0b46d5-dc89-4ea4-a28e-835987fa7b09,1068b045-570b-4834-8ae9-7897719fc002,/photos/1068b045-570b-4834-8ae9-7897719fc002/0.webp,0,2025-11-09T02:41:35+00:00
e7735500-3148-4da3-afbc-f646dfa9ed1d,1068b045-570b-4834-8ae9-7897719fc002,/photos/1068b045-570b-4834-8ae9-7897719fc002/1.webp,1,2025-11-09T02:41:35+00:00
0b1cd4a2-b355-4a0c-85c0-c6260a8afdcf,1068b045-570b-4834-8ae9-7897719fc002,/photos/1068b045-570b-4834-8ae9-7897719fc002/2.webp,2,2025-11-09T02:41:35+00:00
13906cf5-a11e-41b9-b22f-5951eee528e3,1068b045-570b-4834-8ae9-7897719fc002,/photos/1068b045-570b-4834-8ae9-7897719fc002/3.webp,3,2025-11-09T02:41:35+00:00
69ba5bcc-e8c0-438e-a92d-a496a303cef0,ecc81d3a-f49b-4816-846c-94287f8b8638,/photos/ecc81d3a-f49b-4816-846c-94287f8b8638/0.webp,0,2026-08-26T20:42:28+00:00
57061f42-e962-430a-aff8-4a57f11bca55,ecc81d3a-f49b-4816-846c-94287f8b8638,/photos/ecc81d3a-f49b-4816-846c-94287f8b8638/1.webp,1,2026-08-26T20:42:28+00:00
89a5336a-cd68-4f95-b314-42f42fa7f930,ecc81d3a-f49b-4816-846c-94287f8b8638,/photos/ecc81d3a-f49b-4816-846c-94287f8b8638/2.webp,2,2026-08-26T20:42:28+00:00
9555d44e-6fab-400b-a528-0a1581574305,ecc81d3a-f49b-4816-846c-94287f8b8638,/photos/ecc81d3a-f49b-4816-846c-94287f8b8638/3.webp,3,2026-08-26T20:42:28+00:00
ccaae315-6d77-4ac7-a7aa-5c2b60abb866,ecc81d3a-f49b-4816-846c-94287f8b8638,/photos/ecc81d3a-f49b-4816-846c-94287f8b8638/4.webp,4,2026-08-26T20:42:28+00:00
28fdfa81-4739-437f-8e20-357e1413dd82,d058007e-3a74-4caf-8fe3-b7eb38ea5522,/photos/d058007e-3a74-4caf-8fe3-b7eb38ea5522/0.webp,0,2026-05-26T07:00:45+00:00
6c6ba3bb-8e44-47f3-baf1-39c1070fe142,d058007e-3a74-4caf-8fe3-b7eb38ea5522,/photos/d058007e-3a74-4caf-8fe3-b7eb38ea5522/1.webp,1,2026-05-26T07:00:45+00:00
fc8358bc-04b8-4029-b6fd-0dc373fdc78d,d058007e-3a74-4caf-8fe3-b7eb38ea5522,/photos/d058007e-3a74-4caf-8fe3-b7eb38ea5522/2.webp,2,2026-05-26T07:00:45+00:00
e6bbb2ec-de65-4e41-8c50-27569336deaf,d058007e-3a74-4caf-8fe3-b7eb38ea5522,/photos/d058007e-3a74-4caf-8fe3-b7eb38ea5522/3.webp,3,2026-05-26T07:00:45+00:00
c14d73b6-6fef-4bde-9e01-422141d6da6f,d73af723-b0b4-4c9b-8c9a-a571d3370c45,/photos/d73af723-b0b4-4c9b-8c9a-a571d3370c45/0.webp,0,2025-08-14T23:44:47+00:00
f07e0c67-9271-41ed-abc8-c597a64f025c,d73af723-b0b4-4c9b-8c9a-a571d3370c45,/photos/d73af723-b0b4-4c9b-8c9a-a571d3370c45/1.webp,1,2025-08-14T23:44:47+00:00
c5620fad-559c-420c-9ebf-230e6b67d54b,ce9a93ce-2287-4a99-86f3-a682ee839146,/photos/ce9a93ce-2287-4a99-86f3-a682ee839146/0.webp,0,2026-07-11T10:03:53+00:00
f3ce4eac-a3e6-40aa-a429-25d1a1e18db3,ce9a93ce-2287-4a99-86f3-a682ee839146,/photos/ce9a93ce-2287-4a99-86f3-a682ee839146/1.webp,1,2026-07-11T10:03:53+00:00
cefbaaa2-7bee-42f7-9a05-07033e1acb12,ce9a93ce-2287-4a99-86f3-a682ee839146,/photos/ce9a93ce-2287-4a99-86f3-a682ee839146/2.webp,2,2026-07-11T10:03:53+00:00
1ba4a374-d675-4297-8b44-b0029ca8f5d6,ce9a93ce-2287-4a99-86f3-a682ee839146,/photos/ce9a93ce-2287-4a99-86f3-a682ee839146/3.webp,3,2026-07-11T10:03:53+00:00
8153e362-8090-4786-86b6-b1abd5b27399,ce9a93ce-2287-4a99-86f3-a682ee839146,/photos/ce9a93ce-2287-4a99-86f3-a682ee839146/4.webp,4,2026-07-11T10:03:53+00:00
6b82d03b-5145-4dc3-99fa-9747d38d946c,ce9a93ce-2287-4a99-86f3-a682ee839146,/photos/ce9a93ce-2287-4a99-86f3-a682ee839146/5.webp,5,2026-07-11T10:03:53+00:00
2ba2be41-fa4c-4308-863d-4270fb9429a5,ce9a93ce-2287-4a99-86f3-a682ee839146,/photos/ce9a93ce-2287-4a99-86f3-a682ee839146/6.webp,6,2026-07-11T10:03:53+00:00
5d167672-922c-463d-95ce-b48d80f05aa9,34ef984c-4ea9-4374-b2f6-3f793ce0f059,/photos/34ef984c-4ea9-4374-b2f6-3f793ce0f059/0.webp,0,2026-05-20T07:04:39+00:00
976da7fe-27bf-422f-be17-6970459b7c79,34ef984c-4ea9-4374-b2f6-3f793ce0f059,/photos/34ef984c-4ea9-4374-b2f6-3f793ce0f059/1.webp,1,2026-05-20T07:04:39+00:00
311df0a7-f9d7-4743-871a-f64219a544ff,34ef984c-4ea9-4374-b2f6-3f793ce0f059,/photos/34ef984c-4ea9-4374-b2f6-3f793ce0f059/2.webp,2,2026-05-20T07:04:39+00:00
c4e18b15-81a3-4b24-9ead-b70789ea9f26,9c9ad74f-52c9-43ec-942d-8e81b8e565b1,/photos/9c9ad74f-52c9-43ec-942d-8e81b8e565b1/0.webp,0,2026-07-22T12:21:20+00:00
57ab3958-f2e7-4eb2-8e70-a700961dda7e,9c9ad74f-52c9-43ec-942d-8e81b8e565b1,/photos/9c9ad74f-52c9-43ec-942d-8e81b8e565b1/1.webp,1,2026-07-22T12:21:20+00:00
d8c628cb-6a94-40de-a08f-cf03ea1a0b3b,9c9ad74f-52c9-43ec-942d-8e81b8e565b1,/photos/9c9ad74f-52c9-43ec-942d-8e81b8e565b1/2.webp,2,2026-07-22T12:21:20+00:00
28a05a00-1f3c-4873-a107-2a8d696fc650,19a21389-b6b0-4060-96e5-38615899a41e,/photos/19a21389-b6b0-4060-96e5-38615899a41e/0.webp,0,2025-07-28T18:03:19+00:00
9642f042-6636-405c-bb1d-c273777c65ad,19a21389-b6b0-4060-96e5-38615899a41e,/photos/19a21389-b6b0-4060-96e5-38615899a41e/1.webp,1,2025-07-28T18:03:19+00:00
96c5a3ca-3fc3-4281-944e-0c930c61288a,19a21389-b6b0-4060-96e5-38615899a41e,/photos/19a21389-b6b0-4060-96e5-38615899a41e/2.webp,2,2025-07-28T18:03:19+00:00
d9e5ffe4-37eb-46eb-8d66-2d4cdc93f586,c1dcd116-4542-49be-bf32-649f2ae2e798,/photos/c1dcd116-4542-49be-bf32-649f2ae2e798/0.webp,0,2026-05-21T11:10:11+00:00
a46fc23d-3ab8-458b-9c8e-6b2a30daef8b,c1dcd116-4542-49be-bf32-649f2ae2e798,/photos/c1dcd116-4542-49be-bf32-649f2ae2e798/1.webp,1,2026-05-21T11:10:11+00:00
c0de2925-5394-4f2c-906b-f93965efe740,712e935c-10cf-4fe8-b3cb-0f124a97cce6,/photos/712e935c-10cf-4fe8-b3cb-0f124a97cce6/0.webp,0,2026-01-16T05:57:38+00:00
4bdcf81c-c87f-43e7-9d50-0620c3186ee2,712e935c-10cf-4fe8-b3cb-0f124a97cce6,/photos/712e935c-10cf-4fe8-b3cb-0f124a97cce6/1.webp,1,2026-01-16T05:57:38+00:00
e3fd1659-6675-4dd3-b965-4f342c78b2d5,712e935c-10cf-4fe8-b3cb-0f124a97cce6,/photos/712e935c-10cf-4fe8-b3cb-0f124a97cce6/2.webp,2,2026-01-16T05:57:38+00:00
4e43a6f0-5db1-4820-b459-aeac18e5ddd4,8ba1ed81-5b73-4647-ad33-fd229ed3ae6d,/photos/8ba1ed81-5b73-4647-ad33-fd229ed3ae6d/0.webp,0,2026-04-23T09:50:04+00:00
5452b337-e959-45b9-a3d5-363cfce3861d,8ba1ed81-5b73-4647-ad33-fd229ed3ae6d,/photos/8ba1ed81-5b73-4647-ad33-fd229ed3ae6d/1.webp,1,2026-04-23T09:50:04+00:00
d5f0a142-490a-4274-ad01-469cf63d55d1,8ba1ed81-5b73-4647-ad33-fd229ed3ae6d,/photos/8ba1ed81-5b73-4647-ad33-fd229ed3ae6d/2.webp,2,2026-04-23T09:50:04+00:00
2b17526a-2ce2-43b1-a667-ebc275ab355b,8ba1ed81-5b73-4647-ad33-fd229ed3ae6d,/photos/8ba1ed81-5b73-4647-ad33-fd229ed3ae6d/3.webp,3,2026-04-23T09:50:04+00:00
bce1b1f0-0024-454a-8c00-4991e7cf7b0f,599b6740-9f86-4987-aecb-398e8d65329e,/photos/599b6740-9f86-4987-aecb-398e8d65329e/0.webp,0,2026-08-07T15:43:11+00:00
28f8d083-af4b-4466-9681-f167a120b421,599b6740-9f86-4987-aecb-398e8d65329e,/photos/599b6740-9f86-4987-aecb-398e8d65329e/1.webp,1,2026-08-07T15:43:11+00:00
5ddf14f1-b5fc-43c8-9a58-d34aadf99f8b,599b6740-9f86-4987-aecb-398e8d65329e,/photos/599b6740-9f86-4987-aecb-398e8d65329e/2.webp,2,2026-08-07T15:43:11+00:00
5747f2a7-ce42-4c9b-8403-d1cb2da73839,599b6740-9f86-4987-aecb-398e8d65329e,/photos/599b6740-9f86-4987-aecb-398e8d65329e/3.webp,3,2026-08-07T15:43:11+00:00
2bcd5f59-b901-4c72-9bc6-f9a33870558c,a45c2ca2-142e-4ab3-926e-efa86dabb891,/photos/a45c2ca2-142e-4ab3-926e-efa86dabb891/0.webp,0,2026-03-30T09:38:57+00:00
0da622b7-ef6b-4198-8a6f-9987b8716a38,a45c2ca2-142e-4ab3-926e-efa86dabb891,/photos/a45c2ca2-142e-4ab3-926e-efa86dabb891/1.webp,1,2026-03-30T09:38:57+00:00
69666804-d9d7-4808-bdf7-363bf3e32fa2,a45c2ca2-142e-4ab3-926e-efa86dabb891,/photos/a45c2ca2-142e-4ab3-926e-efa86dabb891/2.webp,2,2026-03-30T09:38:57+00:00
2c92455c-d21d-4e49-8634-667f3ee34b92,a45c2ca2-142e-4ab3-926e-efa86dabb891,/photos/a45c2ca2-142e-4ab3-926e-efa86dabb891/3.webp,3,2026-03-30T09:38:57+00:00
39934a34-6aab-4606-9f93-abad522e1f8d,a45c2ca2-142e-4ab3-926e-efa86dabb891,/photos/a45c2ca2-142e-4ab3-926e-efa86dabb891/4.webp,4,2026-03-30T09:38:57+00:00
77882c76-18b6-4ae2-b1b7-12b89e82d107,a45c2ca2-142e-4ab3-926e-efa86dabb891,/photos/a45c2ca2-142e-4ab3-926e-efa86dabb891/5.webp,5,2026-03-30T09:38:57+00:00
7b5bc807-fee5-498f-9305-813beb663832,a45c2ca2-142e-4ab3-926e-efa86dabb891,/photos/a45c2ca2-142e-4ab3-926e-efa86dabb891/6.webp,6,2026-03-30T09:38:57+00:00
10386110-8e5e-4584-8d8b-d369692c4884,2bf405c3-1cc7-40bb-b5ca-43f750ea42d0,/photos/2bf405c3-1cc7-40bb-b5ca-43f750ea42d0/0.webp,0,2025-05-28T16:13:16+00:00
153464ca-04be-4302-b7e1-63d5c876af80,2bf405c3-1cc7-40bb-b5ca-43f750ea42d0,/photos/2bf405c3-1cc7-40bb-b5ca-43f750ea42d0/1.webp,1,2025-05-28T16:13:16+00:00
be492d0f-7a6a-4e29-8748-e2c235fd0d94,2bf405c3-1cc7-40bb-b5ca-43f750ea42d0,/photos/2bf405c3-1cc7-40bb-b5ca-43f750ea42d0/2.webp,2,2025-05-28T16:13:16+00:00
606aefe2-064e-4fc3-9534-137a0930757d,2bf405c3-1cc7-40bb-b5ca-43f750ea42d0,/photos/2bf405c3-1cc7-40bb-b5ca-43f750ea42d0/3.webp,3,2025-05-28T16:13:16+00:00
6594229f-529e-4d76-8c56-4f1b97dcf1cc,2bf405c3-1cc7-40bb-b5ca-43f750ea42d0,/photos/2bf405c3-1cc7-40bb-b5ca-43f750ea42d0/4.webp,4,2025-05-28T16:13:16+00:00
a17cc36f-d53d-494a-b84f-c0c968fbaff9,2bf405c3-1cc7-40bb-b5ca-43f750ea42d0,/photos/2bf405c3-1cc7-40bb-b5ca-43f750ea42d0/5.webp,5,2025-05-28T16:13:16+00:00
41ac8699-e3bb-43b3-beb0-e95ec6633332,b1981369-5135-4d63-aa37-322aad15b522,/photos/b1981369-5135-4d63-aa37-322aad15b522/0.webp,0,2026-05-19T23:04:26+00:00
a25dfe9a-9a36-4d5e-862b-2ed9f096a2e5,c0e93cf7-6305-415f-88cf-e6a8c25ae351,/photos/c0e93cf7-6305-415f-88cf-e6a8c25ae351/0.webp,0,2026-05-30T00:57:28+00:00
49a7e9c9-acc6-4f57-a857-6d225485563d,c0e93cf7-6305-415f-88cf-e6a8c25ae351,/photos/c0e93cf7-6305-415f-88cf-e6a8c25ae351/1.webp,1,2026-05-30T00:57:28+00:00
4726de01-caae-451f-ba86-3e0ac174209a,c0e93cf7-6305-415f-88cf-e6a8c25ae351,/photos/c0e93cf7-6305-415f-88cf-e6a8c25ae351/2.webp,2,2026-05-30T00:57:28+00:00
590405ba-ba05-4570-9122-46f0a92a92c9,c0e93cf7-6305-415f-88cf-e6a8c25ae351,/photos/c0e93cf7-6305-415f-88cf-e6a8c25ae351/3.webp,3,2026-05-30T00:57:28+00:00
399bb96a-1ecb-42bc-b2dc-e3cdb5ebbef3,c0e93cf7-6305-415f-88cf-e6a8c25ae351,/photos/c0e93cf7-6305-415f-88cf-e6a8c25ae351/4.webp,4,2026-05-30T00:57:28+00:00
f6bda53a-742b-4814-85cf-4e257861fbf9,c0e93cf7-6305-415f-88cf-e6a8c25ae351,/photos/c0e93cf7-6305-415f-88cf-e6a8c25ae351/5.webp,5,2026-05-30T00:57:28+00:00
76bea66e-027f-47c7-bdeb-4662035d5f0d,c0e93cf7-6305-415f-88cf-e6a8c25ae351,/photos/c0e93cf7-6305-415f-88cf-e6a8c25ae351/6.webp,6,2026-05-30T00:57:28+00:00
eebb242a-ee45-4adf-8162-376a0c8fe0ad,b0f498a9-866b-4f9b-a9d3-d277780bdb20,/photos/b0f498a9-866b-4f9b-a9d3-d277780bdb20/0.webp,0,2026-07-03T08:45:16+00:00
749a0d62-c1f7-43b7-a13b-5801e7046ee2,b0f498a9-866b-4f9b-a9d3-d277780bdb20,/photos/b0f498a9-866b-4f9b-a9d3-d277780bdb20/1.webp,1,2026-07-03T08:45:16+00:00
5119ad86-b6d6-41f8-91af-96893148f3aa,b0f498a9-866b-4f9b-a9d3-d277780bdb20,/photos/b0f498a9-866b-4f9b-a9d3-d277780bdb20/2.webp,2,2026-07-03T08:45:16+00:00
d9ae3fdf-5775-47ed-9939-8cb31f990be8,b0f498a9-866b-4f9b-a9d3-d277780bdb20,/photos/b0f498a9-866b-4f9b-a9d3-d277780bdb20/3.webp,3,2026-07-03T08:45:16+00:00
49ec57ce-094a-42f8-8fe0-9b5145ce3b32,f2ca22d8-4029-4fbd-b257-3d3f455a6f56,/photos/f2ca22d8-4029-4fbd-b257-3d3f455a6f56/0.webp,0,2026-08-12T16:46:34+00:00
1c04044c-e986-4024-a166-95b83d62a8dd,f2ca22d8-4029-4fbd-b257-3d3f455a6f56,/photos/f2ca22d8-4029-4fbd-b257-3d3f455a6f56/1.webp,1,2026-08-12T16:46:34+00:00
7fdb919f-a88e-4b3f-9cc7-4e8f0e535c8b,c7e289ae-e471-405c-ab88-e4b59eb902d3,/photos/c7e289ae-e471-405c-ab88-e4b59eb902d3/0.webp,0,2025-07-20T19:43:37+00:00
bec5a517-16b0-4733-aed4-591d9a57b75c,c7e289ae-e471-405c-ab88-e4b59eb902d3,/photos/c7e289ae-e471-405c-ab88-e4b59eb902d3/1.webp,1,2025-07-20T19:43:37+00:00
a1163bb2-5384-4d83-8f30-e2e5f5c568a8,c7e289ae-e471-405c-ab88-e4b59eb902d3,/photos/c7e289ae-e471-405c-ab88-e4b59eb902d3/2.webp,2,2025-07-20T19:43:37+00:00
17ef3b1f-abf9-4540-8c75-a26f793874df,c7e289ae-e471-405c-ab88-e4b59eb902d3,/photos/c7e289ae-e471-405c-ab88-e4b59eb902d3/3.webp,3,2025-07-20T19:43:37+00:00
97188658-5fd5-431f-b863-1c0046a9ccc2,c7e289ae-e471-405c-ab88-e4b59eb902d3,/photos/c7e289ae-e471-405c-ab88-e4b59eb902d3/4.webp,4,2025-07-20T19:43:37+00:00
b11a9cfd-02ef-47c8-a934-791770d7fd47,c7e289ae-e471-405c-ab88-e4b59eb902d3,/photos/c7e289ae-e471-405c-ab88-e4b59eb902d3/5.webp,5,2025-07-20T19:43:37+00:00
1ba8f736-12d0-46e9-964f-c182647e9146,5d6d6b91-0bfa-4bc4-bf1b-91c1b091db5f,/photos/5d6d6b91-0bfa-4bc4-bf1b-91c1b091db5f/0.webp,0,2025-11-23T00:44:07+00:00
d0c11cff-71de-4532-b2c4-b1ed6580ede6,5d6d6b91-0bfa-4bc4-bf1b-91c1b091db5f,/photos/5d6d6b91-0bfa-4bc4-bf1b-91c1b091db5f/1.webp,1,2025-11-23T00:44:07+00:00
12955c0b-568f-4ae1-bfc2-ac6a78ca0fcc,5d6d6b91-0bfa-4bc4-bf1b-91c1b091db5f,/photos/5d6d6b91-0bfa-4bc4-bf1b-91c1b091db5f/2.webp,2,2025-11-23T00:44:07+00:00
68b6f927-a866-4e44-8c69-f520d5dc48d0,5d6d6b91-0bfa-4bc4-bf1b-91c1b091db5f,/photos/5d6d6b91-0bfa-4bc4-bf1b-91c1b091db5f/3.webp,3,2025-11-23T00:44:07+00:00
5f058a3f-7821-49cc-99bc-e48fa3cf0598,5d6d6b91-0bfa-4bc4-bf1b-91c1b091db5f,/photos/5d6d6b91-0bfa-4bc4-bf1b-91c1b091db5f/4.webp,4,2025-11-23T00:44:07+00:00
a4a84f40-b49e-48ec-8289-3c58b05cfb12,65c34bfd-cacc-4e81-ba0f-2c7c1a795b71,/photos/65c34bfd-cacc-4e81-ba0f-2c7c1a795b71/0.webp,0,2026-08-30T18:12:34+00:00
14ddb5e0-8f38-4400-b56e-97958ee7ff68,65c34bfd-cacc-4e81-ba0f-2c7c1a795b71,/photos/65c34bfd-cacc-4e81-ba0f-2c7c1a795b71/1.webp,1,2026-08-30T18:12:34+00:00
663a36d9-44c5-47f6-81e4-da872ab685c2,65c34bfd-cacc-4e81-ba0f-2c7c1a795b71,/photos/65c34bfd-cacc-4e81-ba0f-2c7c1a795b71/2.webp,2,2026-08-30T18:12:34+00:00
f45668e3-57dc-4092-a9e4-f9ca68ed9b3a,65c34bfd-cacc-4e81-ba0f-2c7c1a795b71,/photos/65c34bfd-cacc-4e81-ba0f-2c7c1a795b71/3.webp,3,2026-08-30T18:12:34+00:00
03234791-0227-42d3-acbb-e24ee0d35223,26f271a6-24aa-4bf3-9363-3c3555e47bc9,/photos/26f271a6-24aa-4bf3-9363-3c3555e47bc9/0.webp,0,2025-04-30T07:08:11+00:00
e269aa10-f515-4373-9646-32af131f8717,26f271a6-24aa-4bf3-9363-3c3555e47bc9,/photos/26f271a6-24aa-4bf3-9363-3c3555e47bc9/1.webp,1,2025-04-30T07:08:11+00:00
333c1857-256e-44df-a4e6-d8d7d192abb7,26f271a6-24aa-4bf3-9363-3c3555e47bc9,/photos/26f271a6-24aa-4bf3-9363-3c3555e47bc9/2.webp,2,2025-04-30T07:08:11+00:00
9acec8c7-ac87-4734-a4b7-7d179644a861,26f271a6-24aa-4bf3-9363-3c3555e47bc9,/photos/26f271a6-24aa-4bf3-9363-3c3555e47bc9/3.webp,3,2025-04-30T07:08:11+00:00
332c93ec-9395-4651-8bf4-49d31c8f7e16,26f271a6-24aa-4bf3-9363-3c3555e47bc9,/photos/26f271a6-24aa-4bf3-9363-3c3555e47bc9/4.webp,4,2025-04-30T07:08:11+00:00
aa2f2692-df9f-4662-8a2a-3a57c1fa5c7e,592caf90-c696-480b-bac5-48235bdc3226,/photos/592caf90-c696-480b-bac5-48235bdc3226/0.webp,0,2026-08-23T08:54:44+00:00
8e4d7243-3ef7-4077-9c7c-67617c3b47d2,3b55bbfd-ec51-49eb-9fa4-666ffc84248b,/photos/3b55bbfd-ec51-49eb-9fa4-666ffc84248b/0.webp,0,2026-08-31T01:20:17+00:00
90236767-ec59-4a50-bbf4-fdfc33e0a102,3b55bbfd-ec51-49eb-9fa4-666ffc84248b,/photos/3b55bbfd-ec51-49eb-9fa4-666ffc84248b/1.webp,1,2026-08-31T01:20:17+00:00
ce7a4945-da28-4860-ab3b-8b5e2bfa520d,adec70f4-3f12-465b-84d2-ed0b0cdec8ee,/photos/adec70f4-3f12-465b-84d2-ed0b0cdec8ee/0.webp,0,2026-04-29T05:30:38+00:00
560ea3a7-805c-4c1f-b441-ab9ef82a58bf,adec70f4-3f12-465b-84d2-ed0b0cdec8ee,/photos/adec70f4-3f12-465b-84d2-ed0b0cdec8ee/1.webp,1,2026-04-29T05:30:38+00:00
e6f3f483-535f-4426-8f8b-38622c0f1533,adec70f4-3f12-465b-84d2-ed0b0cdec8ee,/photos/adec70f4-3f12-465b-84d2-ed0b0cdec8ee/2.webp,2,2026-04-29T05:30:38+00:00
6aeaa719-cb5e-46a0-867b-7c95b262e314,adec70f4-3f12-465b-84d2-ed0b0cdec8ee,/photos/adec70f4-3f12-465b-84d2-ed0b0cdec8ee/3.webp,3,2026-04-29T05:30:38+00:00
5f6597aa-9c57-406b-a6cc-34bcea1c6395,25b1fbbf-933d-4150-97a1-d9c0cb769058,/photos/25b1fbbf-933d-4150-97a1-d9c0cb769058/0.webp,0,2026-07-07T06:22:37+00:00
723f799c-f9bb-4400-868c-ede73acb4395,25b1fbbf-933d-4150-97a1-d9c0cb769058,/photos/25b1fbbf-933d-4150-97a1-d9c0cb769058/1.webp,1,2026-07-07T06:22:37+00:00
83053a77-08f9-4f6f-b565-70ff454af3cb,25b1fbbf-933d-4150-97a1-d9c0cb769058,/photos/25b1fbbf-933d-4150-97a1-d9c0cb769058/2.webp,2,2026-07-07T06:22:37+00:00
6f6c4cf3-f620-431f-a79c-85b7787bf155,25b1fbbf-933d-4150-97a1-d9c0cb769058,/photos/25b1fbbf-933d-4150-97a1-d9c0cb769058/3.webp,3,2026-07-07T06:22:37+00:00
b8b15d24-57c3-4d00-aeba-b6769181deab,25b1fbbf-933d-4150-97a1-d9c0cb769058,/photos/25b1fbbf-933d-4150-97a1-d9c0cb769058/4.webp,4,2026-07-07T06:22:37+00:00
9587b02e-c127-449a-9035-5bfb826a7249,7c8735ef-00bc-4329-ac8c-78be73600614,/photos/7c8735ef-00bc-4329-ac8c-78be73600614/0.webp,0,2026-05-06T02:25:29+00:00
e0fae557-57d3-485d-a765-91dcca06da37,7c8735ef-00bc-4329-ac8c-78be73600614,/photos/7c8735ef-00bc-4329-ac8c-78be73600614/1.webp,1,2026-05-06T02:25:29+00:00
d069d780-c65b-410d-9d5a-2eea52c6ba40,7c8735ef-00bc-4329-ac8c-78be73600614,/photos/7c8735ef-00bc-4329-ac8c-78be73600614/2.webp,2,2026-05-06T02:25:29+00:00
d4b50716-0ff9-47e2-beb3-2a159341e885,7c8735ef-00bc-4329-ac8c-78be73600614,/photos/7c8735ef-00bc-4329-ac8c-78be73600614/3.webp,3,2026-05-06T02:25:29+00:00
df1247e3-2b69-4b79-ad7c-0161d85ae54f,7c8735ef-00bc-4329-ac8c-78be73600614,/photos/7c8735ef-00bc-4329-ac8c-78be73600614/4.webp,4,2026-05-06T02:25:29+00:00
acdb5c05-ed69-4a4f-a939-a3ffb0ba89c3,7c8735ef-00bc-4329-ac8c-78be73600614,/photos/7c8735ef-00bc-4329-ac8c-78be73600614/5.webp,5,2026-05-06T02:25:29+00:00
e09f47e3-6d5c-464c-a307-08cb1d36d242,7c8735ef-00bc-4329-ac8c-78be73600614,/photos/7c8735ef-00bc-4329-ac8c-78be73600614/6.webp,6,2026-05-06T02:25:29+00:00
aaf94ff6-a3f4-49d1-855b-3e87a0d9e924,51ae72d6-3cee-4620-9e2a-212fa5e9b5d9,/photos/51ae72d6-3cee-4620-9e2a-212fa5e9b5d9/0.webp,0,2026-07-27T23:23:46+00:00
c855b915-3581-4d9d-bb51-b6788f03b0a3,51ae72d6-3cee-4620-9e2a-212fa5e9b5d9,/photos/51ae72d6-3cee-4620-9e2a-212fa5e9b5d9/1.webp,1,2026-07-27T23:23:46+00:00
ac2ba41c-58a5-47d4-9213-7bdd8f86c0a2,51ae72d6-3cee-4620-9e2a-212fa5e9b5d9,/photos/51ae72d6-3cee-4620-9e2a-212fa5e9b5d9/2.webp,2,2026-07-27T23:23:46+00:00
53fc590c-2f59-4ee0-9e34-d25f26588f49,04ba1ab5-c6b0-4c9e-9067-38786b64bfdb,/photos/04ba1ab5-c6b0-4c9e-9067-38786b64bfdb/0.webp,0,2026-08-12T16:20:43+00:00
ec26e5f7-9b99-41b7-9f13-525ab7135874,04ba1ab5-c6b0-4c9e-9067-38786b64bfdb,/photos/04ba1ab5-c6b0-4c9e-9067-38786b64bfdb/1.webp,1,2026-08-12T16:20:43+00:00
ff2705c0-3eeb-4e03-bd28-9f09a655f196,04ba1ab5-c6b0-4c9e-9067-38786b64bfdb,/photos/04ba1ab5-c6b0-4c9e-9067-38786b64bfdb/2.webp,2,2026-08-12T16:20:43+00:00
23218362-52c7-4d97-8e8c-c311f0e39581,04ba1ab5-c6b0-4c9e-9067-38786b64bfdb,/photos/04ba1ab5-c6b0-4c9e-9067-38786b64bfdb/3.webp,3,2026-08-12T16:20:43+00:00
448e1b2d-d218-493c-aff7-d378c3f29235,04ba1ab5-c6b0-4c9e-9067-38786b64bfdb,/photos/04ba1ab5-c6b0-4c9e-9067-38786b64bfdb/4.webp,4,2026-08-12T16:20:43+00:00
f4d89a14-57dc-4be8-8b65-b2600fe54351,04ba1ab5-c6b0-4c9e-9067-38786b64bfdb,/photos/04ba1ab5-c6b0-4c9e-9067-38786b64bfdb/5.webp,5,2026-08-12T16:20:43+00:00
ea648582-2306-439a-beba-b000d5251af3,04ba1ab5-c6b0-4c9e-9067-38786b64bfdb,/photos/04ba1ab5-c6b0-4c9e-9067-38786b64bfdb/6.webp,6,2026-08-12T16:20:43+00:00
fed1aec2-2c4b-4093-ab1a-de4a1d4e2f12,04ba1ab5-c6b0-4c9e-9067-38786b64bfdb,/photos/04ba1ab5-c6b0-4c9e-9067-38786b64bfdb/7.webp,7,2026-08-12T16:20:43+00:00
d676684a-616f-45a3-a60b-2fc942fb7862,04ba1ab5-c6b0-4c9e-9067-38786b64bfdb,/photos/04ba1ab5-c6b0-4c9e-9067-38786b64bfdb/8.webp,8,2026-08-12T16:20:43+00:00
d050e33c-aef5-4eaf-9cc8-38be8b56d4ba,b140d8c4-ddde-4155-bc1d-60f72e677cdc,/photos/b140d8c4-ddde-4155-bc1d-60f72e677cdc/0.webp,0,2025-06-06T15:59:32+00:00
aa94c11b-dcd5-4394-b097-56c168d0bf71,b140d8c4-ddde-4155-bc1d-60f72e677cdc,/photos/b140d8c4-ddde-4155-bc1d-60f72e677cdc/1.webp,1,2025-06-06T15:59:32+00:00
572583da-b2bf-44f0-921c-28d549ea358c,b140d8c4-ddde-4155-bc1d-60f72e677cdc,/photos/b140d8c4-ddde-4155-bc1d-60f72e677cdc/2.webp,2,2025-06-06T15:59:32+00:00
9f766eee-f367-4ce4-b5a8-21e1f6a96e16,b140d8c4-ddde-4155-bc1d-60f72e677cdc,/photos/b140d8c4-ddde-4155-bc1d-60f72e677cdc/3.webp,3,2025-06-06T15:59:32+00:00
27624333-7927-4be2-9c9d-391a6e4ebd0d,b1c69fc2-754a-43ce-b5ed-538262806192,/photos/b1c69fc2-754a-43ce-b5ed-538262806192/0.webp,0,2026-05-26T02:42:18+00:00
cfcad19b-97b0-4ddb-aca0-ba94da4f2c58,b1c69fc2-754a-43ce-b5ed-538262806192,/photos/b1c69fc2-754a-43ce-b5ed-538262806192/1.webp,1,2026-05-26T02:42:18+00:00
75f2247b-9d61-47d2-936a-f073cdb708ca,b1c69fc2-754a-43ce-b5ed-538262806192,/photos/b1c69fc2-754a-43ce-b5ed-538262806192/2.webp,2,2026-05-26T02:42:18+00:00
1a6fbfee-3999-4f54-a6ad-4d8f70527089,b1c69fc2-754a-43ce-b5ed-538262806192,/photos/b1c69fc2-754a-43ce-b5ed-538262806192/3.webp,3,2026-05-26T02:42:18+00:00
34246b5b-1336-4b7d-a0e6-1956b761c31b,e9370c08-1a23-4715-b595-3554fe0e2f57,/photos/e9370c08-1a23-4715-b595-3554fe0e2f57/0.webp,0,2025-08-08T19:51:14+00:00
48cca466-688e-431a-8dc8-ef2dd943a2ad,e9370c08-1a23-4715-b595-3554fe0e2f57,/photos/e9370c08-1a23-4715-b595-3554fe0e2f57/1.webp,1,2025-08-08T19:51:14+00:00
e792b160-aec7-49a7-9cd0-aad433fe1e1b,e9370c08-1a23-4715-b595-3554fe0e2f57,/photos/e9370c08-1a23-4715-b595-3554fe0e2f57/2.webp,2,2025-08-08T19:51:14+00:00
75891a32-0cba-47fa-b93e-8b3fc33e44be,e9370c08-1a23-4715-b595-3554fe0e2f57,/photos/e9370c08-1a23-4715-b595-3554fe0e2f57/3.webp,3,2025-08-08T19:51:14+00:00
7eb5fe77-44bc-4fc8-8b96-2328881411ea,2d3c4087-97da-4cb6-aaed-43c66466d19a,/photos/2d3c4087-97da-4cb6-aaed-43c66466d19a/0.webp,0,2025-11-05T23:06:34+00:00
cc4d8810-e5e8-4d0a-b796-e0bcdbb6be1e,f668ce31-bffc-453e-a666-bb5b36d09f20,/photos/f668ce31-bffc-453e-a666-bb5b36d09f20/0.webp,0,2025-09-06T13:33:38+00:00
3045bc14-eaff-4fbe-8e21-f8521a29e9f5,f668ce31-bffc-453e-a666-bb5b36d09f20,/photos/f668ce31-bffc-453e-a666-bb5b36d09f20/1.webp,1,2025-09-06T13:33:38+00:00
937fed59-4594-46df-8455-85351fe5c31f,f668ce31-bffc-453e-a666-bb5b36d09f20,/photos/f668ce31-bffc-453e-a666-bb5b36d09f20/2.webp,2,2025-09-06T13:33:38+00:00
3893e2b4-5fed-4c10-a439-e961d94fb169,f668ce31-bffc-453e-a666-bb5b36d09f20,/photos/f668ce31-bffc-453e-a666-bb5b36d09f20/3.webp,3,2025-09-06T13:33:38+00:00
ec1ba9f3-578d-4fc7-b9e0-051244d16450,f668ce31-bffc-453e-a666-bb5b36d09f20,/photos/f668ce31-bffc-453e-a666-bb5b36d09f20/4.webp,4,2025-09-06T13:33:38+00:00
dff72eb2-2df9-48cd-b9b3-6ba0d373e151,f668ce31-bffc-453e-a666-bb5b36d09f20,/photos/f668ce31-bffc-453e-a666-bb5b36d09f20/5.webp,5,2025-09-06T13:33:38+00:00
ccead6a3-3332-44c6-b215-de4141d16bfc,0dbd51e4-3a9b-4807-a9a8-7ac99d93cf48,/photos/0dbd51e4-3a9b-4807-a9a8-7ac99d93cf48/0.webp,0,2026-05-08T15:58:16+00:00
cd486850-b892-489e-a1e3-03e82c7c3428,0dbd51e4-3a9b-4807-a9a8-7ac99d93cf48,/photos/0dbd51e4-3a9b-4807-a9a8-7ac99d93cf48/1.webp,1,2026-05-08T15:58:16+00:00
9e354af9-d8c0-48c1-938a-44e351664e6a,fa7d5e4f-d63c-41f6-925b-fd086aa03414,/photos/fa7d5e4f-d63c-41f6-925b-fd086aa03414/0.webp,0,2025-10-25T03:42:51+00:00
d9d779bf-e76e-4203-b843-e0edc079b126,fa7d5e4f-d63c-41f6-925b-fd086aa03414,/photos/fa7d5e4f-d63c-41f6-925b-fd086aa03414/1.webp,1,2025-10-25T03:42:51+00:00
a1281ba9-c440-4f88-ad66-eef2849456a9,fa7d5e4f-d63c-41f6-925b-fd086aa03414,/photos/fa7d5e4f-d63c-41f6-925b-fd086aa03414/2.webp,2,2025-10-25T03:42:51+00:00
7a141d27-7f6a-4444-b025-a3b6b2ef95f8,b4db6b06-129a-4f2a-b2bd-c9e0f87adbdf,/photos/b4db6b06-129a-4f2a-b2bd-c9e0f87adbdf/0.webp,0,2026-02-06T07:44:21+00:00
0315dd44-ba94-4c8e-b15a-1dc3b05e69fb,b4db6b06-129a-4f2a-b2bd-c9e0f87adbdf,/photos/b4db6b06-129a-4f2a-b2bd-c9e0f87adbdf/1.webp,1,2026-02-06T07:44:21+00:00
3ce340a5-e835-44b2-8d19-6ca460a43726,b4db6b06-129a-4f2a-b2bd-c9e0f87adbdf,/photos/b4db6b06-129a-4f2a-b2bd-c9e0f87adbdf/2.webp,2,2026-02-06T07:44:21+00:00
4da71754-91fc-4e76-a03b-daac085625fb,fc8fc21e-61d8-41bb-a62a-cfa509cf3edc,/photos/fc8fc21e-61d8-41bb-a62a-cfa509cf3edc/0.webp,0,2026-05-07T07:27:11+00:00
d65109a2-2b7e-497f-9630-0696fccbd3de,fc8fc21e-61d8-41bb-a62a-cfa509cf3edc,/photos/fc8fc21e-61d8-41bb-a62a-cfa509cf3edc/1.webp,1,2026-05-07T07:27:11+00:00
7f276e49-1b68-45dd-ae69-b39bccbfd087,fc8fc21e-61d8-41bb-a62a-cfa509cf3edc,/photos/fc8fc21e-61d8-41bb-a62a-cfa509cf3edc/2.webp,2,2026-05-07T07:27:11+00:00
74f867a8-2997-4535-9920-eccba4028238,fc8fc21e-61d8-41bb-a62a-cfa509cf3edc,/photos/fc8fc21e-61d8-41bb-a62a-cfa509cf3edc/3.webp,3,2026-05-07T07:27:11+00:00
496f0589-79e7-449f-b4a8-9e06c6e41823,fc8fc21e-61d8-41bb-a62a-cfa509cf3edc,/photos/fc8fc21e-61d8-41bb-a62a-cfa509cf3edc/4.webp,4,2026-05-07T07:27:11+00:00
c8c478a8-0caa-4517-af7f-7a5c1ec62f3a,fc8fc21e-61d8-41bb-a62a-cfa509cf3edc,/photos/fc8fc21e-61d8-41bb-a62a-cfa509cf3edc/5.webp,5,2026-05-07T07:27:11+00:00
9291105d-9b1a-4e55-982b-2f4c7799753f,712ef962-5cb2-4067-890a-4d2ebc88829b,/photos/712ef962-5cb2-4067-890a-4d2ebc88829b/0.webp,0,2026-05-15T19:44:26+00:00
7130a89f-d483-4f05-bb3f-b7fc2a114042,82ce3bcd-69bb-4de9-b444-c8270535d203,/photos/82ce3bcd-69bb-4de9-b444-c8270535d203/0.webp,0,2026-06-11T13:01:04+00:00
e88a7666-2d0f-405b-a334-d34a10df0077,82ce3bcd-69bb-4de9-b444-c8270535d203,/photos/82ce3bcd-69bb-4de9-b444-c8270535d203/1.webp,1,2026-06-11T13:01:04+00:00
0ac871c8-5c1e-4166-ad36-7fb6841c7ecf,82ce3bcd-69bb-4de9-b444-c8270535d203,/photos/82ce3bcd-69bb-4de9-b444-c8270535d203/2.webp,2,2026-06-11T13:01:04+00:00
f87fc273-d833-4fe0-9d75-2b0919e476b8,82ce3bcd-69bb-4de9-b444-c8270535d203,/photos/82ce3bcd-69bb-4de9-b444-c8270535d203/3.webp,3,2026-06-11T13:01:04+00:00
efabe1ea-9bcd-4971-b005-276ba65e4db7,82ce3bcd-69bb-4de9-b444-c8270535d203,/photos/82ce3bcd-69bb-4de9-b444-c8270535d203/4.webp,4,2026-06-11T13:01:04+00:00
2cfea80f-12bb-4734-9410-569718853b94,82ce3bcd-69bb-4de9-b444-c8270535d203,/photos/82ce3bcd-69bb-4de9-b444-c8270535d203/5.webp,5,2026-06-11T13:01:04+00:00
5eb4a3b4-04b9-4f89-a2c1-a6c394c6506f,82ce3bcd-69bb-4de9-b444-c8270535d203,/photos/82ce3bcd-69bb-4de9-b444-c8270535d203/6.webp,6,2026-06-11T13:01:04+00:00
55d06d64-438e-4ca4-a6d8-abd32118266e,c9840ede-1626-4c6e-b5ff-0aea3500b876,/photos/c9840ede-1626-4c6e-b5ff-0aea3500b876/0.webp,0,2026-01-13T11:11:32+00:00
bbd0fcc5-ff33-4245-923b-911ed09748cc,c9840ede-1626-4c6e-b5ff-0aea3500b876,/photos/c9840ede-1626-4c6e-b5ff-0aea3500b876/1.webp,1,2026-01-13T11:11:32+00:00
aef65b03-3a89-4676-bd12-d8b1bbb4674f,c9840ede-1626-4c6e-b5ff-0aea3500b876,/photos/c9840ede-1626-4c6e-b5ff-0aea3500b876/2.webp,2,2026-01-13T11:11:32+00:00
578e9e1c-b5c3-4e0b-8340-123240fd51a5,c9840ede-1626-4c6e-b5ff-0aea3500b876,/photos/c9840ede-1626-4c6e-b5ff-0aea3500b876/3.webp,3,2026-01-13T11:11:32+00:00
75ff43a0-75e6-464d-a034-e8574fd8a28a,c9840ede-1626-4c6e-b5ff-0aea3500b876,/photos/c9840ede-1626-4c6e-b5ff-0aea3500b876/4.webp,4,2026-01-13T11:11:32+00:00
a55e8128-2168-45e2-b5bd-a3565fd43373,c9840ede-1626-4c6e-b5ff-0aea3500b876,/photos/c9840ede-1626-4c6e-b5ff-0aea3500b876/5.webp,5,2026-01-13T11:11:32+00:00
eaf2c867-e149-4879-8ec1-e774caa3bb61,efdfd867-c082-4542-be2d-d91f14ca5f6f,/photos/efdfd867-c082-4542-be2d-d91f14ca5f6f/0.webp,0,2026-05-08T23:34:34+00:00
341de754-de68-4764-995d-4269accc05de,efdfd867-c082-4542-be2d-d91f14ca5f6f,/photos/efdfd867-c082-4542-be2d-d91f14ca5f6f/1.webp,1,2026-05-08T23:34:34+00:00
59600e48-b66d-4151-92b6-aeb6a496df71,efdfd867-c082-4542-be2d-d91f14ca5f6f,/photos/efdfd867-c082-4542-be2d-d91f14ca5f6f/2.webp,2,2026-05-08T23:34:34+00:00
6703a674-b985-4b7d-bd16-7e2015c5bee7,43469ce7-fe8a-46be-a1d2-536630399875,/photos/43469ce7-fe8a-46be-a1d2-536630399875/0.webp,0,2025-05-31T21:13:18+00:00
e167820f-1566-4e76-b08d-ae710c1809e1,43469ce7-fe8a-46be-a1d2-536630399875,/photos/43469ce7-fe8a-46be-a1d2-536630399875/1.webp,1,2025-05-31T21:13:18+00:00
db1cc160-278c-45b0-b62a-a4df020960c8,43469ce7-fe8a-46be-a1d2-536630399875,/photos/43469ce7-fe8a-46be-a1d2-536630399875/2.webp,2,2025-05-31T21:13:18+00:00
a6291141-8ead-4644-ba3e-b53d8e5fb965,43469ce7-fe8a-46be-a1d2-536630399875,/photos/43469ce7-fe8a-46be-a1d2-536630399875/3.webp,3,2025-05-31T21:13:18+00:00
84a37d8b-1712-4b9e-b2fa-9be2bb84f1f0,43469ce7-fe8a-46be-a1d2-536630399875,/photos/43469ce7-fe8a-46be-a1d2-536630399875/4.webp,4,2025-05-31T21:13:18+00:00
e8986f48-5b18-4dab-abbd-d0821b181f6f,43469ce7-fe8a-46be-a1d2-536630399875,/photos/43469ce7-fe8a-46be-a1d2-536630399875/5.webp,5,2025-05-31T21:13:18+00:00
5d697077-05aa-4a9c-8f53-5781cf1761cc,43469ce7-fe8a-46be-a1d2-536630399875,/photos/43469ce7-fe8a-46be-a1d2-536630399875/6.webp,6,2025-05-31T21:13:18+00:00
11319fd1-1d17-42ec-af09-d3a142e9c3b6,43469ce7-fe8a-46be-a1d2-536630399875,/photos/43469ce7-fe8a-46be-a1d2-536630399875/7.webp,7,2025-05-31T21:13:18+00:00
7bff5fd3-f9b7-4492-86d1-49bb7836b761,43469ce7-fe8a-46be-a1d2-536630399875,/photos/43469ce7-fe8a-46be-a1d2-536630399875/8.webp,8,2025-05-31T21:13:18+00:00
759bd487-52a5-4d89-b02e-3647e123656d,09c0d9ec-b6af-4b75-9158-b5fa448768e0,/photos/09c0d9ec-b6af-4b75-9158-b5fa448768e0/0.webp,0,2025-04-24T07:03:44+00:00
a791c5aa-3823-47ee-bb69-99e3e0205bcd,09c0d9ec-b6af-4b75-9158-b5fa448768e0,/photos/09c0d9ec-b6af-4b75-9158-b5fa448768e0/1.webp,1,2025-04-24T07:03:44+00:00
78f5da68-6e83-4308-978e-3839f13c3bca,09c0d9ec-b6af-4b75-9158-b5fa448768e0,/photos/09c0d9ec-b6af-4b75-9158-b5fa448768e0/2.webp,2,2025-04-24T07:03:44+00:00
ebd40f16-51a5-4a61-b47b-e663bb14394f,09c0d9ec-b6af-4b75-9158-b5fa448768e0,/photos/09c0d9ec-b6af-4b75-9158-b5fa448768e0/3.webp,3,2025-04-24T07:03:44+00:00
12296d87-e60e-450a-b5be-d08dc3137cb5,2cd0ef45-8fe2-435b-834c-cc7a13769d3b,/photos/2cd0ef45-8fe2-435b-834c-cc7a13769d3b/0.webp,0,2026-08-28T03:41:53+00:00
3ef46419-dc7e-4d0b-85a8-56b29e32ea60,2cd0ef45-8fe2-435b-834c-cc7a13769d3b,/photos/2cd0ef45-8fe2-435b-834c-cc7a13769d3b/1.webp,1,2026-08-28T03:41:53+00:00
d28f37a3-cb40-4e77-91b7-c8c63b5ad3b5,83e94a49-3678-4e90-b251-70766dc9786e,/photos/83e94a49-3678-4e90-b251-70766dc9786e/0.webp,0,2025-09-22T02:54:12+00:00
f66023e4-0417-4b81-81b5-4166edffe879,83e94a49-3678-4e90-b251-70766dc9786e,/photos/83e94a49-3678-4e90-b251-70766dc9786e/1.webp,1,2025-09-22T02:54:12+00:00
e23181a7-125c-43c7-98c6-df4ada98b188,83e94a49-3678-4e90-b251-70766dc9786e,/photos/83e94a49-3678-4e90-b251-70766dc9786e/2.webp,2,2025-09-22T02:54:12+00:00
3eb8f03e-0f8e-4a35-b878-ddff349f5277,9049ddb2-32a1-41d7-96ea-ac7dd0b38b7c,/photos/9049ddb2-32a1-41d7-96ea-ac7dd0b38b7c/0.webp,0,2026-05-23T02:33:32+00:00
96d65905-194c-4601-919f-4513349b9f76,9049ddb2-32a1-41d7-96ea-ac7dd0b38b7c,/photos/9049ddb2-32a1-41d7-96ea-ac7dd0b38b7c/1.webp,1,2026-05-23T02:33:32+00:00
26beec59-8a52-407a-b3f9-1b9a9ec4d77c,9049ddb2-32a1-41d7-96ea-ac7dd0b38b7c,/photos/9049ddb2-32a1-41d7-96ea-ac7dd0b38b7c/2.webp,2,2026-05-23T02:33:32+00:00
74be0730-bcbd-4c03-ab10-a4c5fe86ad3f,9049ddb2-32a1-41d7-96ea-ac7dd0b38b7c,/photos/9049ddb2-32a1-41d7-96ea-ac7dd0b38b7c/3.webp,3,2026-05-23T02:33:32+00:00
8b6241b4-9cce-49ab-92a2-df427dd9d32e,dc464101-f7a2-4647-95c3-0292397e7d0f,/photos/dc464101-f7a2-4647-95c3-0292397e7d0f/0.webp,0,2024-11-10T15:40:47+00:00
97732d56-1041-4389-8c8a-3334a3971f8c,dc464101-f7a2-4647-95c3-0292397e7d0f,/photos/dc464101-f7a2-4647-95c3-0292397e7d0f/1.webp,1,2024-11-10T15:40:47+00:00
1c700659-2d51-4fc2-9dc1-95411e25acc2,dc464101-f7a2-4647-95c3-0292397e7d0f,/photos/dc464101-f7a2-4647-95c3-0292397e7d0f/2.webp,2,2024-11-10T15:40:47+00:00
97f6abfc-2a1e-4346-bd26-307bb59fa853,dc464101-f7a2-4647-95c3-0292397e7d0f,/photos/dc464101-f7a2-4647-95c3-0292397e7d0f/3.webp,3,2024-11-10T15:40:47+00:00
2f186132-f314-4e64-b19d-dee698ee90e9,0ed8013f-9fa8-4801-bfb0-54ef1d004c64,/photos/0ed8013f-9fa8-4801-bfb0-54ef1d004c64/0.webp,0,2025-06-29T16:18:25+00:00
90fbe214-fbf1-40e5-ac19-57c479c69e28,c988a786-a97d-4521-987b-d4459cbe2e2c,/photos/c988a786-a97d-4521-987b-d4459cbe2e2c/0.webp,0,2025-06-19T01:33:30+00:00
7efc75e6-2e67-4efe-b90e-ac837c942886,e892cff7-3eb4-4dad-a846-01f85ccf7080,/photos/e892cff7-3eb4-4dad-a846-01f85ccf7080/0.webp,0,2026-06-25T22:40:35+00:00
e1ad4ebf-b606-403a-90d5-9635b98009e7,e892cff7-3eb4-4dad-a846-01f85ccf7080,/photos/e892cff7-3eb4-4dad-a846-01f85ccf7080/1.webp,1,2026-06-25T22:40:35+00:00
1850af74-ce43-4413-8583-7c872f4a14d4,e892cff7-3eb4-4dad-a846-01f85ccf7080,/photos/e892cff7-3eb4-4dad-a846-01f85ccf7080/2.webp,2,2026-06-25T22:40:35+00:00
a2164702-8cbb-4b70-9567-44bac7b69b77,e892cff7-3eb4-4dad-a846-01f85ccf7080,/photos/e892cff7-3eb4-4dad-a846-01f85ccf7080/3.webp,3,2026-06-25T22:40:35+00:00
b4ad04f4-0e91-443b-adf5-a699a76f8420,e892cff7-3eb4-4dad-a846-01f85ccf7080,/photos/e892cff7-3eb4-4dad-a846-01f85ccf7080/4.webp,4,2026-06-25T22:40:35+00:00
fc69ab99-a240-4f49-829d-1b7957a7f674,8efada10-ac03-4674-b89d-a92e0f63d2f5,/photos/8efada10-ac03-4674-b89d-a92e0f63d2f5/0.webp,0,2026-08-11T00:28:26+00:00
cee57912-859a-4507-957a-3d081deb2307,8efada10-ac03-4674-b89d-a92e0f63d2f5,/photos/8efada10-ac03-4674-b89d-a92e0f63d2f5/1.webp,1,2026-08-11T00:28:26+00:00
010e5889-bb47-4022-a1fa-f94a8178098a,8efada10-ac03-4674-b89d-a92e0f63d2f5,/photos/8efada10-ac03-4674-b89d-a92e0f63d2f5/2.webp,2,2026-08-11T00:28:26+00:00
8c2ccead-0276-4de7-96a5-d2c56cb21bf9,8efada10-ac03-4674-b89d-a92e0f63d2f5,/photos/8efada10-ac03-4674-b89d-a92e0f63d2f5/3.webp,3,2026-08-11T00:28:26+00:00
4138b64e-cefd-4507-85ea-7d68f10731dd,8efada10-ac03-4674-b89d-a92e0f63d2f5,/photos/8efada10-ac03-4674-b89d-a92e0f63d2f5/4.webp,4,2026-08-11T00:28:26+00:00
13bd3f74-9f11-4b7d-b388-3d8b04633aca,8efada10-ac03-4674-b89d-a92e0f63d2f5,/photos/8efada10-ac03-4674-b89d-a92e0f63d2f5/5.webp,5,2026-08-11T00:28:26+00:00
2ee73507-2097-4b86-88a8-34d9d7da3716,8efada10-ac03-4674-b89d-a92e0f63d2f5,/photos/8efada10-ac03-4674-b89d-a92e0f63d2f5/6.webp,6,2026-08-11T00:28:26+00:00
31c012b0-3a57-4fd0-b239-eb6bb2d5bb44,8efada10-ac03-4674-b89d-a92e0f63d2f5,/photos/8efada10-ac03-4674-b89d-a92e0f63d2f5/7.webp,7,2026-08-11T00:28:26+00:00
d8060220-0d93-472f-b262-504d0ad95469,8efada10-ac03-4674-b89d-a92e0f63d2f5,/photos/8efada10-ac03-4674-b89d-a92e0f63d2f5/8.webp,8,2026-08-11T00:28:26+00:00
92c9b66b-2a35-48f7-abd8-82d0d7f4ca8c,2d4b3ae1-1b3f-43a0-af7e-084156661d0a,/photos/2d4b3ae1-1b3f-43a0-af7e-084156661d0a/0.webp,0,2026-05-28T11:35:26+00:00
2a6a5a23-2f0f-4c4f-83ba-a2c81fa95718,2d4b3ae1-1b3f-43a0-af7e-084156661d0a,/photos/2d4b3ae1-1b3f-43a0-af7e-084156661d0a/1.webp,1,2026-05-28T11:35:26+00:00
e9d0ca96-4df5-4a58-ab67-b44447ca0a55,2d4b3ae1-1b3f-43a0-af7e-084156661d0a,/photos/2d4b3ae1-1b3f-43a0-af7e-084156661d0a/2.webp,2,2026-05-28T11:35:26+00:00
53259d8a-9168-41dc-838d-22c2ab9d2f2f,2d4b3ae1-1b3f-43a0-af7e-084156661d0a,/photos/2d4b3ae1-1b3f-43a0-af7e-084156661d0a/3.webp,3,2026-05-28T11:35:26+00:00
ee88bd3c-8b9f-45bc-9851-461d604dd930,2d4b3ae1-1b3f-43a0-af7e-084156661d0a,/photos/2d4b3ae1-1b3f-43a0-af7e-084156661d0a/4.webp,4,2026-05-28T11:35:26+00:00
8222e4e2-e622-45e9-8534-8da0d8c3218b,2d4b3ae1-1b3f-43a0-af7e-084156661d0a,/photos/2d4b3ae1-1b3f-43a0-af7e-084156661d0a/5.webp,5,2026-05-28T11:35:26+00:00
a674d570-4016-4035-8c1e-d6f483b4db7a,2d4b3ae1-1b3f-43a0-af7e-084156661d0a,/photos/2d4b3ae1-1b3f-43a0-af7e-084156661d0a/6.webp,6,2026-05-28T11:35:26+00:00
43360b08-4342-44f0-840a-454c03b0ae22,2d4b3ae1-1b3f-43a0-af7e-084156661d0a,/photos/2d4b3ae1-1b3f-43a0-af7e-084156661d0a/7.webp,7,2026-05-28T11:35:26+00:00
133d321c-f71a-49f6-98de-5456e845ed56,7087cc73-8a9a-4074-bd60-1352829c345c,/photos/7087cc73-8a9a-4074-bd60-1352829c345c/0.webp,0,2026-04-12T06:47:12+00:00
65f57e3b-3690-4530-96f0-dc61f15429f3,7087cc73-8a9a-4074-bd60-1352829c345c,/photos/7087cc73-8a9a-4074-bd60-1352829c345c/1.webp,1,2026-04-12T06:47:12+00:00
87c758e5-e18b-4b6b-83b9-38b3a660d0a4,7087cc73-8a9a-4074-bd60-1352829c345c,/photos/7087cc73-8a9a-4074-bd60-1352829c345c/2.webp,2,2026-04-12T06:47:12+00:00
273dfaef-7ea4-4800-8f13-a90b740b10a1,7087cc73-8a9a-4074-bd60-1352829c345c,/photos/7087cc73-8a9a-4074-bd60-1352829c345c/3.webp,3,2026-04-12T06:47:12+00:00
4ae7ab90-60e4-4f7d-b296-88e8bd5ab3a4,7087cc73-8a9a-4074-bd60-1352829c345c,/photos/7087cc73-8a9a-4074-bd60-1352829c345c/4.webp,4,2026-04-12T06:47:12+00:00
0c7586f4-fdba-480c-b220-f44379e8bda2,436da10d-1a4e-4afc-9565-e2629ede9bcf,/photos/436da10d-1a4e-4afc-9565-e2629ede9bcf/0.webp,0,2026-08-25T20:10:25+00:00
b3ebc83a-ebf1-4ab0-acaa-f667b5984a78,436da10d-1a4e-4afc-9565-e2629ede9bcf,/photos/436da10d-1a4e-4afc-9565-e2629ede9bcf/1.webp,1,2026-08-25T20:10:25+00:00
6ff0715a-ceb0-40c4-90b7-e239df3f5e99,436da10d-1a4e-4afc-9565-e2629ede9bcf,/photos/436da10d-1a4e-4afc-9565-e2629ede9bcf/2.webp,2,2026-08-25T20:10:25+00:00
675c603e-c58a-41f9-9b2c-f42194ae5ce5,ba28d73e-1184-44b8-ad50-523c4d9a9cd9,/photos/ba28d73e-1184-44b8-ad50-523c4d9a9cd9/0.webp,0,2025-12-02T11:04:09+00:00
9cbc5f13-a0c4-4996-b697-7128f05ab0e4,ba28d73e-1184-44b8-ad50-523c4d9a9cd9,/photos/ba28d73e-1184-44b8-ad50-523c4d9a9cd9/1.webp,1,2025-12-02T11:04:09+00:00
a0b2d3e7-9f51-4559-8324-4b8cc4a1785d,ba28d73e-1184-44b8-ad50-523c4d9a9cd9,/photos/ba28d73e-1184-44b8-ad50-523c4d9a9cd9/2.webp,2,2025-12-02T11:04:09+00:00
aa4e1e1d-8782-4b0b-b93e-5f849ac00307,ba28d73e-1184-44b8-ad50-523c4d9a9cd9,/photos/ba28d73e-1184-44b8-ad50-523c4d9a9cd9/3.webp,3,2025-12-02T11:04:09+00:00
6242f3bc-167e-4db2-8f70-d0d52aa18e84,ba28d73e-1184-44b8-ad50-523c4d9a9cd9,/photos/ba28d73e-1184-44b8-ad50-523c4d9a9cd9/4.webp,4,2025-12-02T11:04:09+00:00
a1fc3be3-a3eb-4b3b-8b87-e196e13ba32a,a968be6f-0066-45dd-960b-21dbd2b5f710,/photos/a968be6f-0066-45dd-960b-21dbd2b5f710/0.webp,0,2025-08-13T08:54:30+00:00
774371d8-b0f6-474d-9fbc-db8a0b89e036,a968be6f-0066-45dd-960b-21dbd2b5f710,/photos/a968be6f-0066-45dd-960b-21dbd2b5f710/1.webp,1,2025-08-13T08:54:30+00:00
dd41e169-317e-474f-a1da-cecb50796de9,a968be6f-0066-45dd-960b-21dbd2b5f710,/photos/a968be6f-0066-45dd-960b-21dbd2b5f710/2.webp,2,2025-08-13T08:54:30+00:00
64ae1c85-3606-4138-a0a7-07cb9f87f52f,a968be6f-0066-45dd-960b-21dbd2b5f710,/photos/a968be6f-0066-45dd-960b-21dbd2b5f710/3.webp,3,2025-08-13T08:54:30+00:00
d79f4a7f-e564-4cd0-965a-414efdfe924d,a968be6f-0066-45dd-960b-21dbd2b5f710,/photos/a968be6f-0066-45dd-960b-21dbd2b5f710/4.webp,4,2025-08-13T08:54:30+00:00
3c263721-a93f-46a0-a1f3-adafe439abf2,91d3319a-e561-42a3-8e64-32594c9facf7,/photos/91d3319a-e561-42a3-8e64-32594c9facf7/0.webp,0,2026-08-05T08:09:04+00:00
01ec9417-21f2-487e-97b8-b26b117c3f40,91d3319a-e561-42a3-8e64-32594c9facf7,/photos/91d3319a-e561-42a3-8e64-32594c9facf7/1.webp,1,2026-08-05T08:09:04+00:00
335a4e01-d957-428d-9e99-19fb5c4196a0,91d3319a-e561-42a3-8e64-32594c9facf7,/photos/91d3319a-e561-42a3-8e64-32594c9facf7/2.webp,2,2026-08-05T08:09:04+00:00
670704bf-5508-429f-b463-2a3d7acf2ec6,91d3319a-e561-42a3-8e64-32594c9facf7,/photos/91d3319a-e561-42a3-8e64-32594c9facf7/3.webp,3,2026-08-05T08:09:04+00:00
0b6b642e-e6a2-410c-8e7e-3b12429400d3,91d3319a-e561-42a3-8e64-32594c9facf7,/photos/91d3319a-e561-42a3-8e64-32594c9facf7/4.webp,4,2026-08-05T08:09:04+00:00
fc8c8dfb-7968-41a8-9aaa-d7ed2205cbc2,91d3319a-e561-42a3-8e64-32594c9facf7,/photos/91d3319a-e561-42a3-8e64-32594c9facf7/5.webp,5,2026-08-05T08:09:04+00:00
de3bb6a4-14bd-4b26-a956-1fd096fb30f1,91d3319a-e561-42a3-8e64-32594c9facf7,/photos/91d3319a-e561-42a3-8e64-32594c9facf7/6.webp,6,2026-08-05T08:09:04+00:00
13186913-1263-4150-a0be-94d726acea1d,91d3319a-e561-42a3-8e64-32594c9facf7,/photos/91d3319a-e561-42a3-8e64-32594c9facf7/7.webp,7,2026-08-05T08:09:04+00:00
235938bb-6313-4430-957e-d1555fe0a8f4,91d3319a-e561-42a3-8e64-32594c9facf7,/photos/91d3319a-e561-42a3-8e64-32594c9facf7/8.webp,8,2026-08-05T08:09:04+00:00
94fb7ad5-af54-42ea-8a87-a4e8c539f976,b15f414e-b072-4c01-8050-0b24134630dd,/photos/b15f414e-b072-4c01-8050-0b24134630dd/0.webp,0,2025-03-02T06:38:56+00:00
88530939-da2c-4da1-9703-e46df637fe12,b15f414e-b072-4c01-8050-0b24134630dd,/photos/b15f414e-b072-4c01-8050-0b24134630dd/1.webp,1,2025-03-02T06:38:56+00:00
fac63468-fb96-423e-b2f7-bd63d997901b,d684887c-a32a-4fbc-b924-7e26288078de,/photos/d684887c-a32a-4fbc-b924-7e26288078de/0.webp,0,2025-09-18T08:04:53+00:00
b470522f-a1c7-415b-be5a-d93e0621dea9,d684887c-a32a-4fbc-b924-7e26288078de,/photos/d684887c-a32a-4fbc-b924-7e26288078de/1.webp,1,2025-09-18T08:04:53+00:00
d65e1a9d-48c6-4873-ac54-978ba593b7ac,d684887c-a32a-4fbc-b924-7e26288078de,/photos/d684887c-a32a-4fbc-b924-7e26288078de/2.webp,2,2025-09-18T08:04:53+00:00
3ec478ea-d8d8-46ba-8bc5-b3fe8097a498,d684887c-a32a-4fbc-b924-7e26288078de,/photos/d684887c-a32a-4fbc-b924-7e26288078de/3.webp,3,2025-09-18T08:04:53+00:00
c1cba037-8e0c-4740-aecd-bf8f0f32bfae,6a374837-a036-4421-bed6-b227d17c3ac5,/photos/6a374837-a036-4421-bed6-b227d17c3ac5/0.webp,0,2026-08-12T05:15:47+00:00
c88a70eb-393c-47e9-9621-9c598952e81e,6a374837-a036-4421-bed6-b227d17c3ac5,/photos/6a374837-a036-4421-bed6-b227d17c3ac5/1.webp,1,2026-08-12T05:15:47+00:00
857185e2-4ed2-48d4-a3e9-3854d7305edd,5695c0bd-461f-47c2-9e55-11f2e667fe6f,/photos/5695c0bd-461f-47c2-9e55-11f2e667fe6f/0.webp,0,2024-11-15T06:39:13+00:00
bcb757ad-67d5-4db2-b0f3-06527702e54a,5695c0bd-461f-47c2-9e55-11f2e667fe6f,/photos/5695c0bd-461f-47c2-9e55-11f2e667fe6f/1.webp,1,2024-11-15T06:39:13+00:00
5dec0c11-2f26-4a7e-bbb1-8068600fe2a0,5695c0bd-461f-47c2-9e55-11f2e667fe6f,/photos/5695c0bd-461f-47c2-9e55-11f2e667fe6f/2.webp,2,2024-11-15T06:39:13+00:00
828b6b19-c67f-44df-a6ce-c7c7405e63dc,5695c0bd-461f-47c2-9e55-11f2e667fe6f,/photos/5695c0bd-461f-47c2-9e55-11f2e667fe6f/3.webp,3,2024-11-15T06:39:13+00:00
267e3d6f-ac70-48d3-8774-b8e5dc9d2e34,4bd94d95-d65e-4ccc-8e13-cb4151aa405f,/photos/4bd94d95-d65e-4ccc-8e13-cb4151aa405f/0.webp,0,2025-10-02T00:16:15+00:00
07a61254-228d-4c59-9ad4-6ad6fff5d0ef,4bd94d95-d65e-4ccc-8e13-cb4151aa405f,/photos/4bd94d95-d65e-4ccc-8e13-cb4151aa405f/1.webp,1,2025-10-02T00:16:15+00:00
88f27823-a9af-4de8-9353-521277c54b38,5945a9d4-8ad4-417e-bffa-756e68f01558,/photos/5945a9d4-8ad4-417e-bffa-756e68f01558/0.webp,0,2026-05-18T20:32:30+00:00
84451e2a-e759-4b78-8412-c9e3427ec07c,5945a9d4-8ad4-417e-bffa-756e68f01558,/photos/5945a9d4-8ad4-417e-bffa-756e68f01558/1.webp,1,2026-05-18T20:32:30+00:00
4ccae262-4429-4c0a-a5cb-2eaebd77863a,057e06d7-1b12-4c14-b161-39cab9930a23,/photos/057e06d7-1b12-4c14-b161-39cab9930a23/0.webp,0,2026-08-25T10:30:35+00:00
186fe5a8-e3df-4ab0-8850-48d0738efbf5,057e06d7-1b12-4c14-b161-39cab9930a23,/photos/057e06d7-1b12-4c14-b161-39cab9930a23/1.webp,1,2026-08-25T10:30:35+00:00
b0b1bc9c-2fd2-4eb8-876a-281d84101e25,057e06d7-1b12-4c14-b161-39cab9930a23,/photos/057e06d7-1b12-4c14-b161-39cab9930a23/2.webp,2,2026-08-25T10:30:35+00:00
c7d7265b-e84f-421d-8b43-02d18f5e3a3f,057e06d7-1b12-4c14-b161-39cab9930a23,/photos/057e06d7-1b12-4c14-b161-39cab9930a23/3.webp,3,2026-08-25T10:30:35+00:00
512eb4f7-eb02-495f-87f3-54349dc4a699,318e323c-e61f-482a-921a-32b61aedfc17,/photos/318e323c-e61f-482a-921a-32b61aedfc17/0.webp,0,2026-07-28T11:07:43+00:00
0be15272-9da1-4817-a421-2095eef429e4,318e323c-e61f-482a-921a-32b61aedfc17,/photos/318e323c-e61f-482a-921a-32b61aedfc17/1.webp,1,2026-07-28T11:07:43+00:00
a72e7ea6-6783-4f2c-9c77-58f9e0f9569a,318e323c-e61f-482a-921a-32b61aedfc17,/photos/318e323c-e61f-482a-921a-32b61aedfc17/2.webp,2,2026-07-28T11:07:43+00:00
6c729d5a-edac-4955-aeab-aa93b21ec0d1,5cd14a9a-ca39-4ff7-95ac-d6df08313407,/photos/5cd14a9a-ca39-4ff7-95ac-d6df08313407/0.webp,0,2026-04-03T16:35:53+00:00
1a24bc08-6d9d-49ef-a0c6-9c06faf13cd3,5cd14a9a-ca39-4ff7-95ac-d6df08313407,/photos/5cd14a9a-ca39-4ff7-95ac-d6df08313407/1.webp,1,2026-04-03T16:35:53+00:00
c014f723-41da-47f3-b8ff-5e1606a1f314,923fd331-f61a-4e19-b4eb-1c50ab31761d,/photos/923fd331-f61a-4e19-b4eb-1c50ab31761d/0.webp,0,2026-06-30T22:55:00+00:00
953bf240-ccb9-4065-85e3-6f63ab9867aa,923fd331-f61a-4e19-b4eb-1c50ab31761d,/photos/923fd331-f61a-4e19-b4eb-1c50ab31761d/1.webp,1,2026-06-30T22:55:00+00:00
29cc76f3-2e9f-4ca4-8352-580037516427,923fd331-f61a-4e19-b4eb-1c50ab31761d,/photos/923fd331-f61a-4e19-b4eb-1c50ab31761d/2.webp,2,2026-06-30T22:55:00+00:00
9333c165-dff4-4d22-a349-09a9a986156b,923fd331-f61a-4e19-b4eb-1c50ab31761d,/photos/923fd331-f61a-4e19-b4eb-1c50ab31761d/3.webp,3,2026-06-30T22:55:00+00:00
398236ac-e472-4bce-9261-ceb878ec8f17,5ae31a27-2b3a-4ecc-94b9-a0948c8fcfdc,/photos/5ae31a27-2b3a-4ecc-94b9-a0948c8fcfdc/0.webp,0,2025-05-17T21:31:48+00:00
6a0e8336-3a8b-41e2-988d-b826b9410f78,5ae31a27-2b3a-4ecc-94b9-a0948c8fcfdc,/photos/5ae31a27-2b3a-4ecc-94b9-a0948c8fcfdc/1.webp,1,2025-05-17T21:31:48+00:00
a09b795d-9d22-423d-9a0c-01ae880a38a3,5ae31a27-2b3a-4ecc-94b9-a0948c8fcfdc,/photos/5ae31a27-2b3a-4ecc-94b9-a0948c8fcfdc/2.webp,2,2025-05-17T21:31:48+00:00
7e936457-3836-436c-9a8c-83ede7aac679,7d780262-effd-4252-a6c8-9186b4bdcef7,/photos/7d780262-effd-4252-a6c8-9186b4bdcef7/0.webp,0,2026-08-19T16:50:28+00:00
af2f7e73-b4b3-471f-9f2e-db2a84f9e392,7d780262-effd-4252-a6c8-9186b4bdcef7,/photos/7d780262-effd-4252-a6c8-9186b4bdcef7/1.webp,1,2026-08-19T16:50:28+00:00
ca4d7e57-32a0-4bcc-9fe7-ff67210bd717,7d780262-effd-4252-a6c8-9186b4bdcef7,/photos/7d780262-effd-4252-a6c8-9186b4bdcef7/2.webp,2,2026-08-19T16:50:28+00:00
8f1364a9-8934-4b45-9b00-6e7c0b7c632f,7d780262-effd-4252-a6c8-9186b4bdcef7,/photos/7d780262-effd-4252-a6c8-9186b4bdcef7/3.webp,3,2026-08-19T16:50:28+00:00
fbe50ecb-b6cd-4fe5-8d9c-b1472d4f1a6f,7d780262-effd-4252-a6c8-9186b4bdcef7,/photos/7d780262-effd-4252-a6c8-9186b4bdcef7/4.webp,4,2026-08-19T16:50:28+00:00
94e7b3ae-bf97-4f07-b4c2-b0f21bfefe5e,18926fdf-513f-4080-8b20-222e51dac131,/photos/18926fdf-513f-4080-8b20-222e51dac131/0.webp,0,2025-03-08T12:54:04+00:00
006b093b-c8e0-408f-8e8f-7405b116cdc8,18926fdf-513f-4080-8b20-222e51dac131,/photos/18926fdf-513f-4080-8b20-222e51dac131/1.webp,1,2025-03-08T12:54:04+00:00
686c0520-d218-4678-8fec-730b9e2230e2,18926fdf-513f-4080-8b20-222e51dac131,/photos/18926fdf-513f-4080-8b20-222e51dac131/2.webp,2,2025-03-08T12:54:04+00:00
525b6ec4-9df8-4535-8314-22c6164371f6,18926fdf-513f-4080-8b20-222e51dac131,/photos/18926fdf-513f-4080-8b20-222e51dac131/3.webp,3,2025-03-08T12:54:04+00:00
44fa7d47-199b-4893-a5f2-701c89f93022,689190d3-c7e2-4f76-9d1a-72fbaebc2b8e,/photos/689190d3-c7e2-4f76-9d1a-72fbaebc2b8e/0.webp,0,2026-05-24T12:47:50+00:00
13b866b0-8624-4ca4-ae97-0ae41c1a08cb,689190d3-c7e2-4f76-9d1a-72fbaebc2b8e,/photos/689190d3-c7e2-4f76-9d1a-72fbaebc2b8e/1.webp,1,2026-05-24T12:47:50+00:00
4bac5edf-f7e9-40bd-b878-3caf77a5c6c4,5038eddd-be96-409c-ab71-47f4d8d2558d,/photos/5038eddd-be96-409c-ab71-47f4d8d2558d/0.webp,0,2024-10-07T14:12:41+00:00
6c165737-7deb-4e62-abd8-237db6e193a1,5038eddd-be96-409c-ab71-47f4d8d2558d,/photos/5038eddd-be96-409c-ab71-47f4d8d2558d/1.webp,1,2024-10-07T14:12:41+00:00
6a16ffbd-c764-4bba-a631-bd839bdf3c96,5038eddd-be96-409c-ab71-47f4d8d2558d,/photos/5038eddd-be96-409c-ab71-47f4d8d2558d/2.webp,2,2024-10-07T14:12:41+00:00
91ba3e82-ae63-4e8d-8f88-99f5f8720c1d,5038eddd-be96-409c-ab71-47f4d8d2558d,/photos/5038eddd-be96-409c-ab71-47f4d8d2558d/3.webp,3,2024-10-07T14:12:41+00:00
9f2b0091-463b-4051-9ef0-5f6eb8d459f3,b83f9f81-da46-4c2d-ac15-b39e86360ca8,/photos/b83f9f81-da46-4c2d-ac15-b39e86360ca8/0.webp,0,2024-12-16T08:40:42+00:00
91bd1285-8baf-4343-9afc-777a39f87198,d35fb347-33c2-4c1b-9b8d-10460c451c09,/photos/d35fb347-33c2-4c1b-9b8d-10460c451c09/0.webp,0,2026-07-09T15:38:59+00:00
f1b33049-52f0-4511-958a-ca218ad0dcb7,d35fb347-33c2-4c1b-9b8d-10460c451c09,/photos/d35fb347-33c2-4c1b-9b8d-10460c451c09/1.webp,1,2026-07-09T15:38:59+00:00
d31883f0-1b72-4369-893e-0e1dbde249a9,d35fb347-33c2-4c1b-9b8d-10460c451c09,/photos/d35fb347-33c2-4c1b-9b8d-10460c451c09/2.webp,2,2026-07-09T15:38:59+00:00
8e4cd9cf-5b61-41c5-bdc4-6cb44185c75d,46617bea-3005-4822-ac45-c73a66efe15e,/photos/46617bea-3005-4822-ac45-c73a66efe15e/0.webp,0,2026-07-31T00:20:48+00:00
49950fa4-85ab-40b5-b1ae-c08aee384200,46617bea-3005-4822-ac45-c73a66efe15e,/photos/46617bea-3005-4822-ac45-c73a66efe15e/1.webp,1,2026-07-31T00:20:48+00:00
b977fb02-bdb8-45a5-9390-f0d7e3ed2ac9,46617bea-3005-4822-ac45-c73a66efe15e,/photos/46617bea-3005-4822-ac45-c73a66efe15e/2.webp,2,2026-07-31T00:20:48+00:00
6dfe6dda-5fb9-4499-98c2-20be5bd055d5,222a7447-ee5c-4ddf-af89-a80ab6e1fc3b,/photos/222a7447-ee5c-4ddf-af89-a80ab6e1fc3b/0.webp,0,2026-06-23T17:17:00+00:00
d17d6a9f-d754-444e-b064-0e25e5e1cb96,222a7447-ee5c-4ddf-af89-a80ab6e1fc3b,/photos/222a7447-ee5c-4ddf-af89-a80ab6e1fc3b/1.webp,1,2026-06-23T17:17:00+00:00
6d6ad3a1-11c4-4ba0-b5a5-cc3ee85bbab6,c1cafc2b-f3df-4a36-8fbb-292b9a8cb8e0,/photos/c1cafc2b-f3df-4a36-8fbb-292b9a8cb8e0/0.webp,0,2026-06-30T07:28:40+00:00
b0f3232c-1bb4-41db-8094-63484adab902,c1cafc2b-f3df-4a36-8fbb-292b9a8cb8e0,/photos/c1cafc2b-f3df-4a36-8fbb-292b9a8cb8e0/1.webp,1,2026-06-30T07:28:40+00:00
b0bc0320-cc04-4501-bde6-6cde976dea34,3e700087-b9fc-4907-a9a3-30a60d3e0b54,/photos/3e700087-b9fc-4907-a9a3-30a60d3e0b54/0.webp,0,2025-06-02T01:10:18+00:00
bc1b6e82-8495-4b7c-b56f-e48c05d14639,3e700087-b9fc-4907-a9a3-30a60d3e0b54,/photos/3e700087-b9fc-4907-a9a3-30a60d3e0b54/1.webp,1,2025-06-02T01:10:18+00:00
0ceb6f7a-d4a3-4c32-be57-e538807c4b1e,3e700087-b9fc-4907-a9a3-30a60d3e0b54,/photos/3e700087-b9fc-4907-a9a3-30a60d3e0b54/2.webp,2,2025-06-02T01:10:18+00:00
ee87f896-9931-4ad3-b424-dbb9f386846a,d78f8ff7-9394-4aee-8264-b483e288d1be,/photos/d78f8ff7-9394-4aee-8264-b483e288d1be/0.webp,0,2026-08-17T19:37:13+00:00
852c1199-28e1-45ad-92a4-f7712502c677,d78f8ff7-9394-4aee-8264-b483e288d1be,/photos/d78f8ff7-9394-4aee-8264-b483e288d1be/1.webp,1,2026-08-17T19:37:13+00:00
9f6c3317-9a33-4d40-a927-b1c69f40661c,d78f8ff7-9394-4aee-8264-b483e288d1be,/photos/d78f8ff7-9394-4aee-8264-b483e288d1be/2.webp,2,2026-08-17T19:37:13+00:00
d324b261-4a33-4640-83a7-929b29c1ed91,d78f8ff7-9394-4aee-8264-b483e288d1be,/photos/d78f8ff7-9394-4aee-8264-b483e288d1be/3.webp,3,2026-08-17T19:37:13+00:00
9b340e18-adfb-4f55-9d02-bba636422377,d78f8ff7-9394-4aee-8264-b483e288d1be,/photos/d78f8ff7-9394-4aee-8264-b483e288d1be/4.webp,4,2026-08-17T19:37:13+00:00
b0a51b36-f926-45b6-babc-143385dec662,d78f8ff7-9394-4aee-8264-b483e288d1be,/photos/d78f8ff7-9394-4aee-8264-b483e288d1be/5.webp,5,2026-08-17T19:37:13+00:00
4f38d53f-ce31-42e9-a1d0-53c86aff1af5,009dce30-1450-4e91-86e2-d2858e359d96,/photos/009dce30-1450-4e91-86e2-d2858e359d96/0.webp,0,2026-08-30T05:19:55+00:00
d9c7ca48-95a2-4fb6-be82-044ae967d7d4,009dce30-1450-4e91-86e2-d2858e359d96,/photos/009dce30-1450-4e91-86e2-d2858e359d96/1.webp,1,2026-08-30T05:19:55+00:00
3d329313-0c9a-4cac-b529-ff6902b6cd95,009dce30-1450-4e91-86e2-d2858e359d96,/photos/009dce30-1450-4e91-86e2-d2858e359d96/2.webp,2,2026-08-30T05:19:55+00:00
08dbbda8-26b4-41c8-92de-789f1bee664c,009dce30-1450-4e91-86e2-d2858e359d96,/photos/009dce30-1450-4e91-86e2-d2858e359d96/3.webp,3,2026-08-30T05:19:55+00:00
6f4fa294-b3e8-49c2-8cec-aa61a75fee42,009dce30-1450-4e91-86e2-d2858e359d96,/photos/009dce30-1450-4e91-86e2-d2858e359d96/4.webp,4,2026-08-30T05:19:55+00:00
bd8836ac-4718-4725-9d56-ec5b161707d0,009dce30-1450-4e91-86e2-d2858e359d96,/photos/009dce30-1450-4e91-86e2-d2858e359d96/5.webp,5,2026-08-30T05:19:55+00:00
974b8bb6-93a8-4481-b702-0218b9a64ccd,009dce30-1450-4e91-86e2-d2858e359d96,/photos/009dce30-1450-4e91-86e2-d2858e359d96/6.webp,6,2026-08-30T05:19:55+00:00
fbec4500-00b7-4f08-a1ca-9615542a4595,a7175544-721b-49d1-af9e-23699b6c6261,/photos/a7175544-721b-49d1-af9e-23699b6c6261/0.webp,0,2025-03-02T18:54:48+00:00
6822eee8-c1d0-4137-8236-a260517a4382,a7175544-721b-49d1-af9e-23699b6c6261,/photos/a7175544-721b-49d1-af9e-23699b6c6261/1.webp,1,2025-03-02T18:54:48+00:00
a9c66cae-e51c-4ad8-be7d-a3644e503120,a7175544-721b-49d1-af9e-23699b6c6261,/photos/a7175544-721b-49d1-af9e-23699b6c6261/2.webp,2,2025-03-02T18:54:48+00:00
a9299574-a6b6-44ba-b9e5-e724f31e6da3,a7175544-721b-49d1-af9e-23699b6c6261,/photos/a7175544-721b-49d1-af9e-23699b6c6261/3.webp,3,2025-03-02T18:54:48+00:00
4ec6ef52-fa45-4ebd-afce-c520233b1c86,4445eb36-36af-4adf-909f-f5d9591ca46c,/photos/4445eb36-36af-4adf-909f-f5d9591ca46c/0.webp,0,2025-05-28T07:49:47+00:00
80fc5275-0f1f-4365-a62e-a8201e4aa220,4445eb36-36af-4adf-909f-f5d9591ca46c,/photos/4445eb36-36af-4adf-909f-f5d9591ca46c/1.webp,1,2025-05-28T07:49:47+00:00
a1f5221d-51cc-4592-955b-b8c4330e4f06,4445eb36-36af-4adf-909f-f5d9591ca46c,/photos/4445eb36-36af-4adf-909f-f5d9591ca46c/2.webp,2,2025-05-28T07:49:47+00:00
7129980b-aae5-4fcc-ba13-d2aef3dcb2b1,4445eb36-36af-4adf-909f-f5d9591ca46c,/photos/4445eb36-36af-4adf-909f-f5d9591ca46c/3.webp,3,2025-05-28T07:49:47+00:00
8e44f7ee-95d0-4d0b-9ca8-2fe83758d30f,4445eb36-36af-4adf-909f-f5d9591ca46c,/photos/4445eb36-36af-4adf-909f-f5d9591ca46c/4.webp,4,2025-05-28T07:49:47+00:00
a96795e1-d741-4d54-ac26-31be56ee6768,4445eb36-36af-4adf-909f-f5d9591ca46c,/photos/4445eb36-36af-4adf-909f-f5d9591ca46c/5.webp,5,2025-05-28T07:49:47+00:00
118afea6-c66d-426f-9083-cf2ae10c06c6,4445eb36-36af-4adf-909f-f5d9591ca46c,/photos/4445eb36-36af-4adf-909f-f5d9591ca46c/6.webp,6,2025-05-28T07:49:47+00:00
513e6653-056e-47bb-92cf-192b0f87caa5,4445eb36-36af-4adf-909f-f5d9591ca46c,/photos/4445eb36-36af-4adf-909f-f5d9591ca46c/7.webp,7,2025-05-28T07:49:47+00:00
e3c620ca-e408-4ca8-93a8-addda41c603f,4445eb36-36af-4adf-909f-f5d9591ca46c,/photos/4445eb36-36af-4adf-909f-f5d9591ca46c/8.webp,8,2025-05-28T07:49:47+00:00
1441ac11-a06c-40f3-af08-116dd0f1c3ef,4445eb36-36af-4adf-909f-f5d9591ca46c,/photos/4445eb36-36af-4adf-909f-f5d9591ca46c/9.webp,9,2025-05-28T07:49:47+00:00
74ef1983-d912-49b3-bf9f-06e49b1f5c17,7fb175d5-e9d6-49e3-a20b-dac02d35a9f2,/photos/7fb175d5-e9d6-49e3-a20b-dac02d35a9f2/0.webp,0,2026-06-25T18:44:38+00:00
beaae2c8-5f3f-423f-bf19-6c529542b0c0,7fb175d5-e9d6-49e3-a20b-dac02d35a9f2,/photos/7fb175d5-e9d6-49e3-a20b-dac02d35a9f2/1.webp,1,2026-06-25T18:44:38+00:00
1e4e424e-2d71-471a-a01b-b313c2b69c54,7fb175d5-e9d6-49e3-a20b-dac02d35a9f2,/photos/7fb175d5-e9d6-49e3-a20b-dac02d35a9f2/2.webp,2,2026-06-25T18:44:38+00:00
658aeaa1-6210-4d69-bbb7-447906ddd7f9,871d21a7-7f5d-4909-9b4e-48172a16e2a8,/photos/871d21a7-7f5d-4909-9b4e-48172a16e2a8/0.webp,0,2026-08-18T17:13:17+00:00
fc98fd22-21be-45fe-9749-a0e7267a24b1,871d21a7-7f5d-4909-9b4e-48172a16e2a8,/photos/871d21a7-7f5d-4909-9b4e-48172a16e2a8/1.webp,1,2026-08-18T17:13:17+00:00
46202729-0459-46dd-8a4e-fa23bf56a6f1,871d21a7-7f5d-4909-9b4e-48172a16e2a8,/photos/871d21a7-7f5d-4909-9b4e-48172a16e2a8/2.webp,2,2026-08-18T17:13:17+00:00
78148ec6-7aa1-40f5-8fe2-8c435cdc712a,871d21a7-7f5d-4909-9b4e-48172a16e2a8,/photos/871d21a7-7f5d-4909-9b4e-48172a16e2a8/3.webp,3,2026-08-18T17:13:17+00:00
43d3828a-0153-4a1e-8ef4-1fc4a32459a6,ac0d302b-fdba-4b9a-a025-0d033e5c8dfd,/photos/ac0d302b-fdba-4b9a-a025-0d033e5c8dfd/0.webp,0,2025-12-15T13:59:22+00:00
b5c25ccb-608d-41f7-80d1-f7204329ae49,ac0d302b-fdba-4b9a-a025-0d033e5c8dfd,/photos/ac0d302b-fdba-4b9a-a025-0d033e5c8dfd/1.webp,1,2025-12-15T13:59:22+00:00
19783af7-ad2a-40b3-93d2-9b0999498eff,ac0d302b-fdba-4b9a-a025-0d033e5c8dfd,/photos/ac0d302b-fdba-4b9a-a025-0d033e5c8dfd/2.webp,2,2025-12-15T13:59:22+00:00
870b75fb-f847-4b60-9729-4fc76f7c7590,ac0d302b-fdba-4b9a-a025-0d033e5c8dfd,/photos/ac0d302b-fdba-4b9a-a025-0d033e5c8dfd/3.webp,3,2025-12-15T13:59:22+00:00
e93ad46a-1eb7-4553-8dec-ce5df0c9fc40,ac0d302b-fdba-4b9a-a025-0d033e5c8dfd,/photos/ac0d302b-fdba-4b9a-a025-0d033e5c8dfd/4.webp,4,2025-12-15T13:59:22+00:00
8ee66075-6cff-457d-8472-9b4f9875538e,5cf35963-2f5d-4a90-ad5b-9d91e4c22bb6,/photos/5cf35963-2f5d-4a90-ad5b-9d91e4c22bb6/0.webp,0,2025-05-30T13:54:56+00:00
b86cb83e-53e9-4bac-82fa-4db307a795ac,5cf35963-2f5d-4a90-ad5b-9d91e4c22bb6,/photos/5cf35963-2f5d-4a90-ad5b-9d91e4c22bb6/1.webp,1,2025-05-30T13:54:56+00:00
d08ff7ac-2515-4f47-8033-ba025d306d0d,5cf35963-2f5d-4a90-ad5b-9d91e4c22bb6,/photos/5cf35963-2f5d-4a90-ad5b-9d91e4c22bb6/2.webp,2,2025-05-30T13:54:56+00:00
6ccf1395-15e5-4751-8de8-4dbc08ac1512,5cf35963-2f5d-4a90-ad5b-9d91e4c22bb6,/photos/5cf35963-2f5d-4a90-ad5b-9d91e4c22bb6/3.webp,3,2025-05-30T13:54:56+00:00
a40d0815-c1bb-4cbc-b22a-0781c030bb0a,5cf35963-2f5d-4a90-ad5b-9d91e4c22bb6,/photos/5cf35963-2f5d-4a90-ad5b-9d91e4c22bb6/4.webp,4,2025-05-30T13:54:56+00:00
636fbf4d-2553-41f6-9fec-deac607c6dc7,345d2695-9b06-434a-a689-275fb3c83364,/photos/345d2695-9b06-434a-a689-275fb3c83364/0.webp,0,2026-04-08T21:10:05+00:00
3342788c-9c9e-443a-b042-f27142fad957,345d2695-9b06-434a-a689-275fb3c83364,/photos/345d2695-9b06-434a-a689-275fb3c83364/1.webp,1,2026-04-08T21:10:05+00:00
63889801-8581-4d58-bf6b-29eae9895b99,3189acc2-4c05-4743-a44c-4f6c230ca373,/photos/3189acc2-4c05-4743-a44c-4f6c230ca373/0.webp,0,2025-03-02T07:10:01+00:00
9a8716a1-5923-409b-86ff-97dc9050e177,a0a79a2b-d919-4bc5-8e3b-4ccd67965fb3,/photos/a0a79a2b-d919-4bc5-8e3b-4ccd67965fb3/0.webp,0,2026-05-06T02:26:29+00:00
fed6347f-bc89-4423-a567-c3bea42b1df1,a0a79a2b-d919-4bc5-8e3b-4ccd67965fb3,/photos/a0a79a2b-d919-4bc5-8e3b-4ccd67965fb3/1.webp,1,2026-05-06T02:26:29+00:00
dd6f188f-867b-4a47-b234-209437cfd14a,a0a79a2b-d919-4bc5-8e3b-4ccd67965fb3,/photos/a0a79a2b-d919-4bc5-8e3b-4ccd67965fb3/2.webp,2,2026-05-06T02:26:29+00:00
2d31212c-3ac0-487b-9aaa-e8347c54674a,a0a79a2b-d919-4bc5-8e3b-4ccd67965fb3,/photos/a0a79a2b-d919-4bc5-8e3b-4ccd67965fb3/3.webp,3,2026-05-06T02:26:29+00:00
c04e2bbe-de33-44c4-839e-a21c3839ab35,4a810722-7814-4bc8-85e1-8af51ebe4810,/photos/4a810722-7814-4bc8-85e1-8af51ebe4810/0.webp,0,2026-07-02T16:28:19+00:00
cbef1163-56b8-43b4-8ace-ee665417a219,4a810722-7814-4bc8-85e1-8af51ebe4810,/photos/4a810722-7814-4bc8-85e1-8af51ebe4810/1.webp,1,2026-07-02T16:28:19+00:00
3d0b81b8-317c-4f1c-a836-770472fca19c,72636fc1-19b5-4c21-8a8c-a093b0bb1699,/photos/72636fc1-19b5-4c21-8a8c-a093b0bb1699/0.webp,0,2026-03-23T10:35:18+00:00
2055ee6a-0dd8-405c-9465-e9a604330493,72636fc1-19b5-4c21-8a8c-a093b0bb1699,/photos/72636fc1-19b5-4c21-8a8c-a093b0bb1699/1.webp,1,2026-03-23T10:35:18+00:00
f1e19e4b-68f0-4e95-8371-14d444503aef,72636fc1-19b5-4c21-8a8c-a093b0bb1699,/photos/72636fc1-19b5-4c21-8a8c-a093b0bb1699/2.webp,2,2026-03-23T10:35:18+00:00
ac743787-f4f6-4c80-bed0-309483df20d0,72636fc1-19b5-4c21-8a8c-a093b0bb1699,/photos/72636fc1-19b5-4c21-8a8c-a093b0bb1699/3.webp,3,2026-03-23T10:35:18+00:00
1a2e93db-48fc-4a2a-9741-a4307da9cf9b,a11ea498-e484-4f0a-967a-5ed759dd42cd,/photos/a11ea498-e484-4f0a-967a-5ed759dd42cd/0.webp,0,2026-02-28T05:53:01+00:00
bd1f6a9a-0ba9-4e9e-8b07-63f3e762b9ea,a11ea498-e484-4f0a-967a-5ed759dd42cd,/photos/a11ea498-e484-4f0a-967a-5ed759dd42cd/1.webp,1,2026-02-28T05:53:01+00:00
1c6aad06-f4df-4b97-a5c7-538bf22e7d32,a11ea498-e484-4f0a-967a-5ed759dd42cd,/photos/a11ea498-e484-4f0a-967a-5ed759dd42cd/2.webp,2,2026-02-28T05:53:01+00:00
bcc5a68a-54b1-4b61-8208-e04ac9ea725d,a11ea498-e484-4f0a-967a-5ed759dd42cd,/photos/a11ea498-e484-4f0a-967a-5ed759dd42cd/3.webp,3,2026-02-28T05:53:01+00:00
765da8e6-7a7f-4223-8794-eafae9cddfda,a11ea498-e484-4f0a-967a-5ed759dd42cd,/photos/a11ea498-e484-4f0a-967a-5ed759dd42cd/4.webp,4,2026-02-28T05:53:01+00:00
c8e4fc17-f4d7-4d62-9486-bca6796b41bb,a11ea498-e484-4f0a-967a-5ed759dd42cd,/photos/a11ea498-e484-4f0a-967a-5ed759dd42cd/5.webp,5,2026-02-28T05:53:01+00:00
ef23115f-a6f2-42f8-a4b3-f6520d8b0a79,1a72aff4-c91c-4131-a4fb-a6d8cfce67fa,/photos/1a72aff4-c91c-4131-a4fb-a6d8cfce67fa/0.webp,0,2026-07-25T14:37:48+00:00
043a1f98-3a45-42c2-b39e-8c3062ade2e5,1a72aff4-c91c-4131-a4fb-a6d8cfce67fa,/photos/1a72aff4-c91c-4131-a4fb-a6d8cfce67fa/1.webp,1,2026-07-25T14:37:48+00:00
e9fa39f9-de0e-44f6-b94b-eb5aca378416,1a72aff4-c91c-4131-a4fb-a6d8cfce67fa,/photos/1a72aff4-c91c-4131-a4fb-a6d8cfce67fa/2.webp,2,2026-07-25T14:37:48+00:00
ab41ee82-5587-4d0b-b151-4c35e83345cf,1a72aff4-c91c-4131-a4fb-a6d8cfce67fa,/photos/1a72aff4-c91c-4131-a4fb-a6d8cfce67fa/3.webp,3,2026-07-25T14:37:48+00:00
35e9b513-1ce2-416d-8839-63f1dac7e93a,1a72aff4-c91c-4131-a4fb-a6d8cfce67fa,/photos/1a72aff4-c91c-4131-a4fb-a6d8cfce67fa/4.webp,4,2026-07-25T14:37:48+00:00
4d83db89-a92b-4a82-97f7-964ecfd1c7ec,25bc47c7-3f59-45cf-accf-7d8de543b417,/photos/25bc47c7-3f59-45cf-accf-7d8de543b417/0.webp,0,2026-04-21T01:34:54+00:00
0d53e9ca-2062-4607-83f8-8e32536d96b6,25bc47c7-3f59-45cf-accf-7d8de543b417,/photos/25bc47c7-3f59-45cf-accf-7d8de543b417/1.webp,1,2026-04-21T01:34:54+00:00
e9bdbede-9290-46b7-9c19-28284e338ab9,25bc47c7-3f59-45cf-accf-7d8de543b417,/photos/25bc47c7-3f59-45cf-accf-7d8de543b417/2.webp,2,2026-04-21T01:34:54+00:00
a85fa7d5-f58f-46d6-bb63-9f7c6b96b68b,793463f6-cec6-4a3c-b41f-02453c501b06,/photos/793463f6-cec6-4a3c-b41f-02453c501b06/0.webp,0,2026-07-15T06:35:21+00:00
34c3c7c3-4145-477e-b51b-f216baa285b3,48bce1f8-8441-47e0-bc97-fe3592d3e20f,/photos/48bce1f8-8441-47e0-bc97-fe3592d3e20f/0.webp,0,2025-11-21T09:39:14+00:00
7c543b2d-e4f4-43a5-8cf8-2a8db9220f1f,48bce1f8-8441-47e0-bc97-fe3592d3e20f,/photos/48bce1f8-8441-47e0-bc97-fe3592d3e20f/1.webp,1,2025-11-21T09:39:14+00:00
339f8682-0d08-4f96-969b-7f4cdfca8137,48bce1f8-8441-47e0-bc97-fe3592d3e20f,/photos/48bce1f8-8441-47e0-bc97-fe3592d3e20f/2.webp,2,2025-11-21T09:39:14+00:00
e3d1bfb4-8d22-4d08-a9ff-436532fbd631,48bce1f8-8441-47e0-bc97-fe3592d3e20f,/photos/48bce1f8-8441-47e0-bc97-fe3592d3e20f/3.webp,3,2025-11-21T09:39:14+00:00
fbbd07d9-c103-4977-8990-fa12c959b065,48bce1f8-8441-47e0-bc97-fe3592d3e20f,/photos/48bce1f8-8441-47e0-bc97-fe3592d3e20f/4.webp,4,2025-11-21T09:39:14+00:00
b07e86e2-1fc2-414f-a69f-09cdb99e8485,48bce1f8-8441-47e0-bc97-fe3592d3e20f,/photos/48bce1f8-8441-47e0-bc97-fe3592d3e20f/5.webp,5,2025-11-21T09:39:14+00:00
51a40ae8-c0c6-4186-b96c-d3aaef8b0199,48bce1f8-8441-47e0-bc97-fe3592d3e20f,/photos/48bce1f8-8441-47e0-bc97-fe3592d3e20f/6.webp,6,2025-11-21T09:39:14+00:00
ce791050-efe2-4069-baa3-8a389243487e,48bce1f8-8441-47e0-bc97-fe3592d3e20f,/photos/48bce1f8-8441-47e0-bc97-fe3592d3e20f/7.webp,7,2025-11-21T09:39:14+00:00
a6f9d29e-1655-4aaf-9935-a5574217d1ef,63e5d4c1-f7cf-4bd7-80f2-5b83231454f7,/photos/63e5d4c1-f7cf-4bd7-80f2-5b83231454f7/0.webp,0,2026-08-25T02:26:54+00:00
f54bed4d-cb8a-4c2a-af0e-2dcb06c5a75d,63e5d4c1-f7cf-4bd7-80f2-5b83231454f7,/photos/63e5d4c1-f7cf-4bd7-80f2-5b83231454f7/1.webp,1,2026-08-25T02:26:54+00:00
ec39954a-b688-4186-b461-77676204d588,cbfce56d-13ff-47cb-ac09-7a62a9fd6716,/photos/cbfce56d-13ff-47cb-ac09-7a62a9fd6716/0.webp,0,2026-02-25T23:05:47+00:00
75804786-7a7e-43d8-98e6-cc2531bcebaf,cbfce56d-13ff-47cb-ac09-7a62a9fd6716,/photos/cbfce56d-13ff-47cb-ac09-7a62a9fd6716/1.webp,1,2026-02-25T23:05:47+00:00
e9eb524f-3c5c-4407-b060-bbb4cadbc32b,7271559e-3b06-49d9-a5d8-e014a35ac2f3,/photos/7271559e-3b06-49d9-a5d8-e014a35ac2f3/0.webp,0,2026-01-24T00:01:57+00:00
ed4e0ba0-26b4-4a72-b3ff-714c39ad2de3,7271559e-3b06-49d9-a5d8-e014a35ac2f3,/photos/7271559e-3b06-49d9-a5d8-e014a35ac2f3/1.webp,1,2026-01-24T00:01:57+00:00
3b6f9f7a-c0be-432b-9c52-a236a678fbd5,7271559e-3b06-49d9-a5d8-e014a35ac2f3,/photos/7271559e-3b06-49d9-a5d8-e014a35ac2f3/2.webp,2,2026-01-24T00:01:57+00:00
3da20a16-b542-4b2b-93f0-b01a2d740cca,6de01a7c-0cb7-41df-a2d1-031ea7dd4a17,/photos/6de01a7c-0cb7-41df-a2d1-031ea7dd4a17/0.webp,0,2026-08-12T14:43:33+00:00
a87c4543-d295-4514-a488-487be7e21334,6de01a7c-0cb7-41df-a2d1-031ea7dd4a17,/photos/6de01a7c-0cb7-41df-a2d1-031ea7dd4a17/1.webp,1,2026-08-12T14:43:33+00:00
ee7ebdb3-e36d-45ba-a675-edde758458f2,52d5a1f5-103d-4ca9-8f3a-f26616142acb,/photos/52d5a1f5-103d-4ca9-8f3a-f26616142acb/0.webp,0,2026-04-03T07:38:44+00:00
5d68a33c-44e0-4486-8b69-afc6a4bd6004,52d5a1f5-103d-4ca9-8f3a-f26616142acb,/photos/52d5a1f5-103d-4ca9-8f3a-f26616142acb/1.webp,1,2026-04-03T07:38:44+00:00
fcf5b33f-b632-43ca-998a-9912025acdaa,52d5a1f5-103d-4ca9-8f3a-f26616142acb,/photos/52d5a1f5-103d-4ca9-8f3a-f26616142acb/2.webp,2,2026-04-03T07:38:44+00:00
00ba2649-0377-4e6a-8c28-cc3916295520,52d5a1f5-103d-4ca9-8f3a-f26616142acb,/photos/52d5a1f5-103d-4ca9-8f3a-f26616142acb/3.webp,3,2026-04-03T07:38:44+00:00
819f9e66-fd5c-4ff7-9da2-94d5ffd5125c,52d5a1f5-103d-4ca9-8f3a-f26616142acb,/photos/52d5a1f5-103d-4ca9-8f3a-f26616142acb/4.webp,4,2026-04-03T07:38:44+00:00
071f02ef-730a-4162-b571-c1ff93bd4b56,fa0298d1-4f5e-47ff-9a76-5a0133ce1b6f,/photos/fa0298d1-4f5e-47ff-9a76-5a0133ce1b6f/0.webp,0,2026-08-31T21:27:13+00:00
0d0b1d72-0307-4b31-8339-28fe00111806,fa0298d1-4f5e-47ff-9a76-5a0133ce1b6f,/photos/fa0298d1-4f5e-47ff-9a76-5a0133ce1b6f/1.webp,1,2026-08-31T21:27:13+00:00
60608990-8aac-489e-979b-febc82dac097,fa0298d1-4f5e-47ff-9a76-5a0133ce1b6f,/photos/fa0298d1-4f5e-47ff-9a76-5a0133ce1b6f/2.webp,2,2026-08-31T21:27:13+00:00
43a4a6ec-0d43-4bd6-b7a9-fdf249bd9d04,f045f506-52d1-467c-97d2-6fcbd988c804,/photos/f045f506-52d1-467c-97d2-6fcbd988c804/0.webp,0,2025-12-12T22:06:12+00:00
07ae671c-6ec7-4761-8fcb-79436e5be1bb,1b513c92-a928-402b-91a7-60c4ade3bd17,/photos/1b513c92-a928-402b-91a7-60c4ade3bd17/0.webp,0,2026-01-21T20:56:46+00:00
7b13bcbe-416e-4d13-98b1-6a874cfa08cb,1b513c92-a928-402b-91a7-60c4ade3bd17,/photos/1b513c92-a928-402b-91a7-60c4ade3bd17/1.webp,1,2026-01-21T20:56:46+00:00
299a2b88-d42f-4c26-a3e1-ce23b20b575e,01a0c0c5-d6c1-4c03-a943-dd87f6438735,/photos/01a0c0c5-d6c1-4c03-a943-dd87f6438735/0.webp,0,2025-04-03T22:44:02+00:00
fdde3255-ddea-424c-b0a1-f13487e72a8c,01a0c0c5-d6c1-4c03-a943-dd87f6438735,/photos/01a0c0c5-d6c1-4c03-a943-dd87f6438735/1.webp,1,2025-04-03T22:44:02+00:00
7efee850-0dea-4d99-ad32-dc893df8db43,01a0c0c5-d6c1-4c03-a943-dd87f6438735,/photos/01a0c0c5-d6c1-4c03-a943-dd87f6438735/2.webp,2,2025-04-03T22:44:02+00:00
92987e5a-b704-4241-9f70-0d2931b8e3be,01a0c0c5-d6c1-4c03-a943-dd87f6438735,/photos/01a0c0c5-d6c1-4c03-a943-dd87f6438735/3.webp,3,2025-04-03T22:44:02+00:00
c32d192a-27ff-40e0-bcb7-b1d73b873dd5,a9f5e0f7-2df2-4ea9-86fe-7a39d7fc80b6,/photos/a9f5e0f7-2df2-4ea9-86fe-7a39d7fc80b6/0.webp,0,2024-10-13T06:06:03+00:00
9919f4a6-dff1-4ada-b6ea-ecdbe61ace43,a9f5e0f7-2df2-4ea9-86fe-7a39d7fc80b6,/photos/a9f5e0f7-2df2-4ea9-86fe-7a39d7fc80b6/1.webp,1,2024-10-13T06:06:03+00:00
090646a0-e89f-4a44-86ce-5106d57ea6f6,a9f5e0f7-2df2-4ea9-86fe-7a39d7fc80b6,/photos/a9f5e0f7-2df2-4ea9-86fe-7a39d7fc80b6/2.webp,2,2024-10-13T06:06:03+00:00
1fc6adfc-a8fb-425f-a7c9-cb6ec634e9db,a9f5e0f7-2df2-4ea9-86fe-7a39d7fc80b6,/photos/a9f5e0f7-2df2-4ea9-86fe-7a39d7fc80b6/3.webp,3,2024-10-13T06:06:03+00:00
dc37eee4-8730-46e8-8d60-dfde3f2fe9de,a9f5e0f7-2df2-4ea9-86fe-7a39d7fc80b6,/photos/a9f5e0f7-2df2-4ea9-86fe-7a39d7fc80b6/4.webp,4,2024-10-13T06:06:03+00:00
20abef89-eeb2-4379-843e-68beac6c3400,a9f5e0f7-2df2-4ea9-86fe-7a39d7fc80b6,/photos/a9f5e0f7-2df2-4ea9-86fe-7a39d7fc80b6/5.webp,5,2024-10-13T06:06:03+00:00
84b319bf-9ae4-41eb-a8bf-391b66d7802d,a9f5e0f7-2df2-4ea9-86fe-7a39d7fc80b6,/photos/a9f5e0f7-2df2-4ea9-86fe-7a39d7fc80b6/6.webp,6,2024-10-13T06:06:03+00:00
9db6a796-9121-4340-9211-786e6f0a1e0e,a9f5e0f7-2df2-4ea9-86fe-7a39d7fc80b6,/photos/a9f5e0f7-2df2-4ea9-86fe-7a39d7fc80b6/7.webp,7,2024-10-13T06:06:03+00:00
f8790f0c-0e17-44c1-851d-c4a783e96300,a9f5e0f7-2df2-4ea9-86fe-7a39d7fc80b6,/photos/a9f5e0f7-2df2-4ea9-86fe-7a39d7fc80b6/8.webp,8,2024-10-13T06:06:03+00:00
4ab132e8-64f0-438f-8719-10454836edbb,be1b1176-683b-4b3a-b98e-a062edd756e5,/photos/be1b1176-683b-4b3a-b98e-a062edd756e5/0.webp,0,2025-07-20T11:26:27+00:00
8a532eb2-fdd2-4313-8ccc-21f7a0ad28ba,cee7b757-2343-4a29-a84f-75ec6a9e9a57,/photos/cee7b757-2343-4a29-a84f-75ec6a9e9a57/0.webp,0,2026-04-04T11:29:27+00:00
8555df2a-4341-42a5-b56d-10df4403cb78,cee7b757-2343-4a29-a84f-75ec6a9e9a57,/photos/cee7b757-2343-4a29-a84f-75ec6a9e9a57/1.webp,1,2026-04-04T11:29:27+00:00
534a4719-e30d-45e2-9348-f8b747de36b7,cee7b757-2343-4a29-a84f-75ec6a9e9a57,/photos/cee7b757-2343-4a29-a84f-75ec6a9e9a57/2.webp,2,2026-04-04T11:29:27+00:00
1a87ba03-d83a-4c26-83ce-6703efa2d6be,cee7b757-2343-4a29-a84f-75ec6a9e9a57,/photos/cee7b757-2343-4a29-a84f-75ec6a9e9a57/3.webp,3,2026-04-04T11:29:27+00:00
02000afc-ba1e-404e-808b-06ccfef12275,cee7b757-2343-4a29-a84f-75ec6a9e9a57,/photos/cee7b757-2343-4a29-a84f-75ec6a9e9a57/4.webp,4,2026-04-04T11:29:27+00:00
530645f1-e62d-4c9c-94ff-c3930c619d8a,a0e1f800-fef8-4401-a551-dab2603053db,/photos/a0e1f800-fef8-4401-a551-dab2603053db/0.webp,0,2026-06-09T14:36:43+00:00
ecb7c7f9-fb85-4378-b5a4-661a135e080f,a0e1f800-fef8-4401-a551-dab2603053db,/photos/a0e1f800-fef8-4401-a551-dab2603053db/1.webp,1,2026-06-09T14:36:43+00:00
8e543c7d-d691-48a8-bbf6-acbe2d49861b,364a6020-36da-4385-9a92-13135a8261e7,/photos/364a6020-36da-4385-9a92-13135a8261e7/0.webp,0,2026-08-18T08:02:17+00:00
6d382b3e-13e5-497b-841e-98a81c248d55,364a6020-36da-4385-9a92-13135a8261e7,/photos/364a6020-36da-4385-9a92-13135a8261e7/1.webp,1,2026-08-18T08:02:17+00:00
4c56286b-7603-414a-a425-4487a862b29f,a5d44176-a839-47cf-9e62-3cd2a5e51125,/photos/a5d44176-a839-47cf-9e62-3cd2a5e51125/0.webp,0,2026-02-18T04:19:26+00:00
ed531a7b-cbcf-47c7-9f95-3b84aa934217,a5d44176-a839-47cf-9e62-3cd2a5e51125,/photos/a5d44176-a839-47cf-9e62-3cd2a5e51125/1.webp,1,2026-02-18T04:19:26+00:00
e426badd-e99a-48bf-b03e-7e03c6797c44,a5d44176-a839-47cf-9e62-3cd2a5e51125,/photos/a5d44176-a839-47cf-9e62-3cd2a5e51125/2.webp,2,2026-02-18T04:19:26+00:00
e15794a5-cad6-453b-954c-a272fad52452,a5d44176-a839-47cf-9e62-3cd2a5e51125,/photos/a5d44176-a839-47cf-9e62-3cd2a5e51125/3.webp,3,2026-02-18T04:19:26+00:00
92a62a64-9faa-46e8-8a37-ca97e8e05070,a043513d-61fa-4fe1-96e6-26b76d0e6846,/photos/a043513d-61fa-4fe1-96e6-26b76d0e6846/0.webp,0,2026-05-09T08:04:33+00:00
1085c5d2-6c79-444f-b4ba-3a6425a0da80,a043513d-61fa-4fe1-96e6-26b76d0e6846,/photos/a043513d-61fa-4fe1-96e6-26b76d0e6846/1.webp,1,2026-05-09T08:04:33+00:00
c1353a9a-b59e-441e-8a72-a60e8f29af29,d17a2b60-fde0-4f45-b495-3d2d64bcf097,/photos/d17a2b60-fde0-4f45-b495-3d2d64bcf097/0.webp,0,2024-10-24T18:57:05+00:00
26fedfdf-c11b-4c64-bd6a-2c716e198248,d17a2b60-fde0-4f45-b495-3d2d64bcf097,/photos/d17a2b60-fde0-4f45-b495-3d2d64bcf097/1.webp,1,2024-10-24T18:57:05+00:00
2d880ce1-6948-44be-87ca-530eac8e24cb,d17a2b60-fde0-4f45-b495-3d2d64bcf097,/photos/d17a2b60-fde0-4f45-b495-3d2d64bcf097/2.webp,2,2024-10-24T18:57:05+00:00
bcdb4c5b-7e45-465e-9283-25019d77ad5f,d17a2b60-fde0-4f45-b495-3d2d64bcf097,/photos/d17a2b60-fde0-4f45-b495-3d2d64bcf097/3.webp,3,2024-10-24T18:57:05+00:00
5e1e335c-d402-4e6c-b570-d614ab3a2eed,d17a2b60-fde0-4f45-b495-3d2d64bcf097,/photos/d17a2b60-fde0-4f45-b495-3d2d64bcf097/4.webp,4,2024-10-24T18:57:05+00:00
51d5a3d2-50ad-474c-b968-af8c98cde8a4,647e7aec-eb84-4df0-bea7-8011a82cce25,/photos/647e7aec-eb84-4df0-bea7-8011a82cce25/0.webp,0,2026-05-29T19:57:18+00:00
39f6c474-393f-4167-b578-df918f9f179d,647e7aec-eb84-4df0-bea7-8011a82cce25,/photos/647e7aec-eb84-4df0-bea7-8011a82cce25/1.webp,1,2026-05-29T19:57:18+00:00
1599c17d-a241-4870-a15b-3a16d6f1b489,647e7aec-eb84-4df0-bea7-8011a82cce25,/photos/647e7aec-eb84-4df0-bea7-8011a82cce25/2.webp,2,2026-05-29T19:57:18+00:00
708a108c-e665-4797-8749-8bf5af828a38,647e7aec-eb84-4df0-bea7-8011a82cce25,/photos/647e7aec-eb84-4df0-bea7-8011a82cce25/3.webp,3,2026-05-29T19:57:18+00:00
24d96fc7-a077-41be-bef4-66873b0190d4,647e7aec-eb84-4df0-bea7-8011a82cce25,/photos/647e7aec-eb84-4df0-bea7-8011a82cce25/4.webp,4,2026-05-29T19:57:18+00:00
6067e407-3d1f-44f3-9daa-487dfe8cc354,2dbdf992-5a89-49e8-80b8-573e34896451,/photos/2dbdf992-5a89-49e8-80b8-573e34896451/0.webp,0,2026-05-26T09:59:27+00:00
3d481047-4650-46e4-a197-aea4ed3a03f1,2dbdf992-5a89-49e8-80b8-573e34896451,/photos/2dbdf992-5a89-49e8-80b8-573e34896451/1.webp,1,2026-05-26T09:59:27+00:00
f84bba8b-9bf1-46e7-a8f3-571fed902d98,2dbdf992-5a89-49e8-80b8-573e34896451,/photos/2dbdf992-5a89-49e8-80b8-573e34896451/2.webp,2,2026-05-26T09:59:27+00:00
ed969a8c-6263-4a55-867d-0937f8e2a604,e4674562-846d-48dc-aeb9-1a8161f58f2e,/photos/e4674562-846d-48dc-aeb9-1a8161f58f2e/0.webp,0,2026-05-15T07:16:09+00:00
97fa519a-e820-49ef-9dc3-619f3f6d6f7e,e4674562-846d-48dc-aeb9-1a8161f58f2e,/photos/e4674562-846d-48dc-aeb9-1a8161f58f2e/1.webp,1,2026-05-15T07:16:09+00:00
e43596e6-bfcc-4b63-9663-46de6c1c76b5,e4674562-846d-48dc-aeb9-1a8161f58f2e,/photos/e4674562-846d-48dc-aeb9-1a8161f58f2e/2.webp,2,2026-05-15T07:16:09+00:00
63b417a5-a7bf-4d03-87c1-83075981610f,193c401e-dbfc-42c4-a10f-3f5b06a793f4,/photos/193c401e-dbfc-42c4-a10f-3f5b06a793f4/0.webp,0,2026-05-22T23:30:15+00:00
c4d203e6-4464-48a4-af9d-a483ab2075ae,193c401e-dbfc-42c4-a10f-3f5b06a793f4,/photos/193c401e-dbfc-42c4-a10f-3f5b06a793f4/1.webp,1,2026-05-22T23:30:15+00:00
6cfcfe98-add5-41a7-8753-247825931441,193c401e-dbfc-42c4-a10f-3f5b06a793f4,/photos/193c401e-dbfc-42c4-a10f-3f5b06a793f4/2.webp,2,2026-05-22T23:30:15+00:00
01475de7-0cdc-449b-8d65-90bd48b9d0d2,f125e869-9452-4b99-8af0-5ee1a1dd4ee1,/photos/f125e869-9452-4b99-8af0-5ee1a1dd4ee1/0.webp,0,2026-06-18T05:35:09+00:00
558f676b-1210-4f6e-94e2-7800f284d20b,f125e869-9452-4b99-8af0-5ee1a1dd4ee1,/photos/f125e869-9452-4b99-8af0-5ee1a1dd4ee1/1.webp,1,2026-06-18T05:35:09+00:00
c6dba02f-1d7c-45cb-aa0e-882efa9e784e,f125e869-9452-4b99-8af0-5ee1a1dd4ee1,/photos/f125e869-9452-4b99-8af0-5ee1a1dd4ee1/2.webp,2,2026-06-18T05:35:09+00:00
0ee879e8-b7af-4d89-bbcb-014aeadde0e4,f125e869-9452-4b99-8af0-5ee1a1dd4ee1,/photos/f125e869-9452-4b99-8af0-5ee1a1dd4ee1/3.webp,3,2026-06-18T05:35:09+00:00
13fa0493-9e86-4c62-ab4d-5009c6ba3e74,f125e869-9452-4b99-8af0-5ee1a1dd4ee1,/photos/f125e869-9452-4b99-8af0-5ee1a1dd4ee1/4.webp,4,2026-06-18T05:35:09+00:00
06b4eb77-cd86-4585-aad8-65cb81d8161e,f125e869-9452-4b99-8af0-5ee1a1dd4ee1,/photos/f125e869-9452-4b99-8af0-5ee1a1dd4ee1/5.webp,5,2026-06-18T05:35:09+00:00
03eaa958-6e69-4b0f-abe0-2630a2b2005b,f125e869-9452-4b99-8af0-5ee1a1dd4ee1,/photos/f125e869-9452-4b99-8af0-5ee1a1dd4ee1/6.webp,6,2026-06-18T05:35:09+00:00
382977bd-b84b-49a2-8473-860d8733bd73,52a96df0-7de0-4e84-802a-23c3a9582670,/photos/52a96df0-7de0-4e84-802a-23c3a9582670/0.webp,0,2026-06-23T20:51:51+00:00
2860c47f-ffc0-4646-8d6c-11fb35064ba4,05040bc7-f8ee-473f-9eb1-906cef0fa0e2,/photos/05040bc7-f8ee-473f-9eb1-906cef0fa0e2/0.webp,0,2026-06-13T02:39:00+00:00
05707828-873f-4de1-b134-159e0ae2f7d3,05040bc7-f8ee-473f-9eb1-906cef0fa0e2,/photos/05040bc7-f8ee-473f-9eb1-906cef0fa0e2/1.webp,1,2026-06-13T02:39:00+00:00
1a0c7dab-07e7-4cf8-a2d1-f5dc1def5d62,05040bc7-f8ee-473f-9eb1-906cef0fa0e2,/photos/05040bc7-f8ee-473f-9eb1-906cef0fa0e2/2.webp,2,2026-06-13T02:39:00+00:00
5a0e7a1d-5051-4cb4-a95e-7d41adb86df6,05040bc7-f8ee-473f-9eb1-906cef0fa0e2,/photos/05040bc7-f8ee-473f-9eb1-906cef0fa0e2/3.webp,3,2026-06-13T02:39:00+00:00
a5809b0c-9d07-4dc0-891b-07809c735a3b,05040bc7-f8ee-473f-9eb1-906cef0fa0e2,/photos/05040bc7-f8ee-473f-9eb1-906cef0fa0e2/4.webp,4,2026-06-13T02:39:00+00:00
91390128-b113-4652-b8df-21744bb5ba06,05040bc7-f8ee-473f-9eb1-906cef0fa0e2,/photos/05040bc7-f8ee-473f-9eb1-906cef0fa0e2/5.webp,5,2026-06-13T02:39:00+00:00
0eb1dc52-62fe-4d67-bfa1-a17ce65d0852,05040bc7-f8ee-473f-9eb1-906cef0fa0e2,/photos/05040bc7-f8ee-473f-9eb1-906cef0fa0e2/6.webp,6,2026-06-13T02:39:00+00:00
3c7a555a-7a15-44a4-ab7b-a815f917695f,9f75f9bc-a1f2-4de9-9734-fd477dd4f63f,/photos/9f75f9bc-a1f2-4de9-9734-fd477dd4f63f/0.webp,0,2025-10-01T12:02:54+00:00
b1696d9e-911f-45c1-8ceb-ad921d9a6901,a257f378-6d94-4c13-b237-5a40798d21ee,/photos/a257f378-6d94-4c13-b237-5a40798d21ee/0.webp,0,2026-04-23T22:57:59+00:00
06328fde-dabc-4b56-bf00-e9ac1dc3739b,a257f378-6d94-4c13-b237-5a40798d21ee,/photos/a257f378-6d94-4c13-b237-5a40798d21ee/1.webp,1,2026-04-23T22:57:59+00:00
d4e6b1ff-0c8a-4a5f-b8fd-e0cfe9295c80,a257f378-6d94-4c13-b237-5a40798d21ee,/photos/a257f378-6d94-4c13-b237-5a40798d21ee/2.webp,2,2026-04-23T22:57:59+00:00
d1ea528e-79f5-4191-a6db-370c65a23af1,bfb932c4-a30b-4fa8-87f0-557d11ecb143,/photos/bfb932c4-a30b-4fa8-87f0-557d11ecb143/0.webp,0,2026-05-24T01:42:35+00:00
caaea00c-ef64-49fa-bc14-5feb80572a73,bfb932c4-a30b-4fa8-87f0-557d11ecb143,/photos/bfb932c4-a30b-4fa8-87f0-557d11ecb143/1.webp,1,2026-05-24T01:42:35+00:00
27e6271b-3a64-40e3-be0b-637941f25ffa,bfb932c4-a30b-4fa8-87f0-557d11ecb143,/photos/bfb932c4-a30b-4fa8-87f0-557d11ecb143/2.webp,2,2026-05-24T01:42:35+00:00
646b1f31-24e4-4ac5-9972-dee1b015e86d,bfb932c4-a30b-4fa8-87f0-557d11ecb143,/photos/bfb932c4-a30b-4fa8-87f0-557d11ecb143/3.webp,3,2026-05-24T01:42:35+00:00
c3d6836d-2d30-4646-ab13-3c0b455a6868,bfb932c4-a30b-4fa8-87f0-557d11ecb143,/photos/bfb932c4-a30b-4fa8-87f0-557d11ecb143/4.webp,4,2026-05-24T01:42:35+00:00
18bac377-ccfa-4276-92ee-b0b5fcf2460a,bfb932c4-a30b-4fa8-87f0-557d11ecb143,/photos/bfb932c4-a30b-4fa8-87f0-557d11ecb143/5.webp,5,2026-05-24T01:42:35+00:00
c0b64b24-005f-41e9-9c61-47aa4ff933b2,0d3f86e6-fc2c-46c5-bf14-b280831bfb6a,/photos/0d3f86e6-fc2c-46c5-bf14-b280831bfb6a/0.webp,0,2025-05-26T12:48:07+00:00
c3c95aa3-aab0-4900-a875-999c582821bb,0d3f86e6-fc2c-46c5-bf14-b280831bfb6a,/photos/0d3f86e6-fc2c-46c5-bf14-b280831bfb6a/1.webp,1,2025-05-26T12:48:07+00:00
6a484ca7-3b5e-49f7-9549-e174c99b7eeb,e9cbc242-5b9f-4877-9c56-0a60ed3d00af,/photos/e9cbc242-5b9f-4877-9c56-0a60ed3d00af/0.webp,0,2025-10-09T12:54:13+00:00
3a99ad0e-ad14-46a0-b68b-8f178eff7b49,e9cbc242-5b9f-4877-9c56-0a60ed3d00af,/photos/e9cbc242-5b9f-4877-9c56-0a60ed3d00af/1.webp,1,2025-10-09T12:54:13+00:00
66e92569-4048-4dc2-bc12-027b7a5288b6,e9cbc242-5b9f-4877-9c56-0a60ed3d00af,/photos/e9cbc242-5b9f-4877-9c56-0a60ed3d00af/2.webp,2,2025-10-09T12:54:13+00:00
0431c50e-bceb-435e-92d2-a488dd059345,e9cbc242-5b9f-4877-9c56-0a60ed3d00af,/photos/e9cbc242-5b9f-4877-9c56-0a60ed3d00af/3.webp,3,2025-10-09T12:54:13+00:00
083efcef-cf1c-4498-bc95-356d48abc6d8,b4f324ae-364c-45bc-a160-7da2215778c4,/photos/b4f324ae-364c-45bc-a160-7da2215778c4/0.webp,0,2026-05-16T18:36:33+00:00
a0d480c8-fa9c-4e27-b6f3-90d04a4c77b3,5cf5958d-e250-4940-bcbd-f5c52c9ac6dc,/photos/5cf5958d-e250-4940-bcbd-f5c52c9ac6dc/0.webp,0,2025-06-02T02:13:01+00:00
321931a7-027e-42ec-ab4e-6e3d655b7dfb,5cf5958d-e250-4940-bcbd-f5c52c9ac6dc,/photos/5cf5958d-e250-4940-bcbd-f5c52c9ac6dc/1.webp,1,2025-06-02T02:13:01+00:00
62406a28-264c-4c6a-b9cc-98129d89ca92,5cf5958d-e250-4940-bcbd-f5c52c9ac6dc,/photos/5cf5958d-e250-4940-bcbd-f5c52c9ac6dc/2.webp,2,2025-06-02T02:13:01+00:00
a4197c05-3e08-4232-b3b0-24652dc94758,5cf5958d-e250-4940-bcbd-f5c52c9ac6dc,/photos/5cf5958d-e250-4940-bcbd-f5c52c9ac6dc/3.webp,3,2025-06-02T02:13:01+00:00
adc8771b-70b9-443c-a119-b585afad9ee4,5cf5958d-e250-4940-bcbd-f5c52c9ac6dc,/photos/5cf5958d-e250-4940-bcbd-f5c52c9ac6dc/4.webp,4,2025-06-02T02:13:01+00:00
e0499b7a-be8c-4484-a59b-8582edf3decd,5cf5958d-e250-4940-bcbd-f5c52c9ac6dc,/photos/5cf5958d-e250-4940-bcbd-f5c52c9ac6dc/5.webp,5,2025-06-02T02:13:01+00:00
a76e1d13-98b6-4613-8e4a-34febcd4aee5,a093a396-16cc-4869-98c4-476052666830,/photos/a093a396-16cc-4869-98c4-476052666830/0.webp,0,2026-06-22T13:01:43+00:00
3ba38196-4ab0-447c-9d40-bceb61c50452,a093a396-16cc-4869-98c4-476052666830,/photos/a093a396-16cc-4869-98c4-476052666830/1.webp,1,2026-06-22T13:01:43+00:00
de57a0ef-b0f8-4c81-bf35-885e172d3a42,41b0ffe9-4dd5-429a-bed9-33a27100a72d,/photos/41b0ffe9-4dd5-429a-bed9-33a27100a72d/0.webp,0,2025-10-20T05:59:59+00:00
dc52d6e4-c66b-4592-b23f-c10c06d8ad6e,41b0ffe9-4dd5-429a-bed9-33a27100a72d,/photos/41b0ffe9-4dd5-429a-bed9-33a27100a72d/1.webp,1,2025-10-20T05:59:59+00:00
83e32806-4ed5-4cbb-8c7c-88d49eec3901,41b0ffe9-4dd5-429a-bed9-33a27100a72d,/photos/41b0ffe9-4dd5-429a-bed9-33a27100a72d/2.webp,2,2025-10-20T05:59:59+00:00
3846996a-b804-4042-886a-6c2e717266a3,41b0ffe9-4dd5-429a-bed9-33a27100a72d,/photos/41b0ffe9-4dd5-429a-bed9-33a27100a72d/3.webp,3,2025-10-20T05:59:59+00:00
03081a85-3882-4d32-baaa-901e2e065e67,bf75d332-ca89-482d-9db0-19c155ffc804,/photos/bf75d332-ca89-482d-9db0-19c155ffc804/0.webp,0,2026-08-04T12:06:05+00:00
f090d032-9814-4d0b-8044-37eb69b36984,bf75d332-ca89-482d-9db0-19c155ffc804,/photos/bf75d332-ca89-482d-9db0-19c155ffc804/1.webp,1,2026-08-04T12:06:05+00:00
98a9e972-dffe-4b0e-987d-b7a4eabe8a9f,bf75d332-ca89-482d-9db0-19c155ffc804,/photos/bf75d332-ca89-482d-9db0-19c155ffc804/2.webp,2,2026-08-04T12:06:05+00:00
8cf7e01b-8415-4640-bdac-0f82452148d5,bf75d332-ca89-482d-9db0-19c155ffc804,/photos/bf75d332-ca89-482d-9db0-19c155ffc804/3.webp,3,2026-08-04T12:06:05+00:00
20a33116-eb22-4254-aba2-64f33b7072c7,60cf5c21-513e-4465-bd8d-d55149b46a8d,/photos/60cf5c21-513e-4465-bd8d-d55149b46a8d/0.webp,0,2025-09-20T19:37:45+00:00
159208dd-442b-49a4-b866-975bf3f83c55,60cf5c21-513e-4465-bd8d-d55149b46a8d,/photos/60cf5c21-513e-4465-bd8d-d55149b46a8d/1.webp,1,2025-09-20T19:37:45+00:00
ca25467a-cc00-4bbd-87dc-72789d387888,60cf5c21-513e-4465-bd8d-d55149b46a8d,/photos/60cf5c21-513e-4465-bd8d-d55149b46a8d/2.webp,2,2025-09-20T19:37:45+00:00
a918f833-2bc7-48c2-af14-63cddb5149d6,60cf5c21-513e-4465-bd8d-d55149b46a8d,/photos/60cf5c21-513e-4465-bd8d-d55149b46a8d/3.webp,3,2025-09-20T19:37:45+00:00
e7b179bb-2d32-4b98-9d05-8e60a9df4a8d,60cf5c21-513e-4465-bd8d-d55149b46a8d,/photos/60cf5c21-513e-4465-bd8d-d55149b46a8d/4.webp,4,2025-09-20T19:37:45+00:00
eff742b1-1e83-4b6c-b291-0e31f4953494,4a2365ac-2aff-4e86-a7cf-39c2ba58b865,/photos/4a2365ac-2aff-4e86-a7cf-39c2ba58b865/0.webp,0,2025-10-25T23:08:47+00:00
392c8063-af15-4b64-828d-a0a58a030eb2,4a2365ac-2aff-4e86-a7cf-39c2ba58b865,/photos/4a2365ac-2aff-4e86-a7cf-39c2ba58b865/1.webp,1,2025-10-25T23:08:47+00:00
c4274636-a3c0-4192-b158-bfc7609fcc83,4a2365ac-2aff-4e86-a7cf-39c2ba58b865,/photos/4a2365ac-2aff-4e86-a7cf-39c2ba58b865/2.webp,2,2025-10-25T23:08:47+00:00
76ad4f8f-3671-47e8-a6d2-0233d0017ee3,4a2365ac-2aff-4e86-a7cf-39c2ba58b865,/photos/4a2365ac-2aff-4e86-a7cf-39c2ba58b865/3.webp,3,2025-10-25T23:08:47+00:00
505a1d2c-e6d7-4e8c-a1c8-126cc8dabc6a,4a2365ac-2aff-4e86-a7cf-39c2ba58b865,/photos/4a2365ac-2aff-4e86-a7cf-39c2ba58b865/4.webp,4,2025-10-25T23:08:47+00:00
aab5b677-d34b-4c88-85b4-6079ed269a72,4a2365ac-2aff-4e86-a7cf-39c2ba58b865,/photos/4a2365ac-2aff-4e86-a7cf-39c2ba58b865/5.webp,5,2025-10-25T23:08:47+00:00
e2c5b30c-411a-41c8-ac3b-9cbee239f164,4a2365ac-2aff-4e86-a7cf-39c2ba58b865,/photos/4a2365ac-2aff-4e86-a7cf-39c2ba58b865/6.webp,6,2025-10-25T23:08:47+00:00
355a573d-4524-4f75-86b9-242976854256,d2084cf5-d711-430b-8524-dac7f0a26777,/photos/d2084cf5-d711-430b-8524-dac7f0a26777/0.webp,0,2025-08-20T03:58:49+00:00
c112b23b-85e7-49e4-897e-674db81ece49,d2084cf5-d711-430b-8524-dac7f0a26777,/photos/d2084cf5-d711-430b-8524-dac7f0a26777/1.webp,1,2025-08-20T03:58:49+00:00
2742e6ad-0dfa-4429-b11b-9afc554df9c3,d2084cf5-d711-430b-8524-dac7f0a26777,/photos/d2084cf5-d711-430b-8524-dac7f0a26777/2.webp,2,2025-08-20T03:58:49+00:00
7b445837-c3a0-4f55-92b9-6602347941c4,d2084cf5-d711-430b-8524-dac7f0a26777,/photos/d2084cf5-d711-430b-8524-dac7f0a26777/3.webp,3,2025-08-20T03:58:49+00:00
83c24e14-e9cc-4b76-8a66-83160a86b4af,d2084cf5-d711-430b-8524-dac7f0a26777,/photos/d2084cf5-d711-430b-8524-dac7f0a26777/4.webp,4,2025-08-20T03:58:49+00:00
1ef89583-ee5a-4d30-9b53-0576c7fd3359,d2084cf5-d711-430b-8524-dac7f0a26777,/photos/d2084cf5-d711-430b-8524-dac7f0a26777/5.webp,5,2025-08-20T03:58:49+00:00
b2676c15-fb3c-425d-a26f-f831bb9acebb,d2084cf5-d711-430b-8524-dac7f0a26777,/photos/d2084cf5-d711-430b-8524-dac7f0a26777/6.webp,6,2025-08-20T03:58:49+00:00
f02d6039-0f24-48f9-90ff-1c23c0fb79b4,d2084cf5-d711-430b-8524-dac7f0a26777,/photos/d2084cf5-d711-430b-8524-dac7f0a26777/7.webp,7,2025-08-20T03:58:49+00:00
241af7db-3ba5-47d6-ba66-8e9e20ade060,0a1cacaf-75ca-40f4-9f58-1c0279a1778e,/photos/0a1cacaf-75ca-40f4-9f58-1c0279a1778e/0.webp,0,2026-04-09T11:13:01+00:00
782aaa18-ce70-4750-9701-24cca1093c94,0a1cacaf-75ca-40f4-9f58-1c0279a1778e,/photos/0a1cacaf-75ca-40f4-9f58-1c0279a1778e/1.webp,1,2026-04-09T11:13:01+00:00
953fc45c-d6b8-42cd-b260-141c63ddee9d,0a1cacaf-75ca-40f4-9f58-1c0279a1778e,/photos/0a1cacaf-75ca-40f4-9f58-1c0279a1778e/2.webp,2,2026-04-09T11:13:01+00:00
6238b6c3-26e7-4ac7-924d-92418d3a69f1,0a1cacaf-75ca-40f4-9f58-1c0279a1778e,/photos/0a1cacaf-75ca-40f4-9f58-1c0279a1778e/3.webp,3,2026-04-09T11:13:01+00:00
4c32d475-35ed-40f2-abb8-9d7a527339e4,35e3ec13-3ffa-485a-b1bf-2f48ed347601,/photos/35e3ec13-3ffa-485a-b1bf-2f48ed347601/0.webp,0,2025-02-13T23:15:08+00:00
93868f26-2922-46f5-8ca2-a90994cab2df,35e3ec13-3ffa-485a-b1bf-2f48ed347601,/photos/35e3ec13-3ffa-485a-b1bf-2f48ed347601/1.webp,1,2025-02-13T23:15:08+00:00
6aa621c5-44cf-4c78-9914-5a9089b46e8b,35e3ec13-3ffa-485a-b1bf-2f48ed347601,/photos/35e3ec13-3ffa-485a-b1bf-2f48ed347601/2.webp,2,2025-02-13T23:15:08+00:00
13146246-b19b-4145-898d-7fcbfdba7b7e,35e3ec13-3ffa-485a-b1bf-2f48ed347601,/photos/35e3ec13-3ffa-485a-b1bf-2f48ed347601/3.webp,3,2025-02-13T23:15:08+00:00
6a7046d4-2bec-4cbf-b1ae-cb86b12b8b69,35e3ec13-3ffa-485a-b1bf-2f48ed347601,/photos/35e3ec13-3ffa-485a-b1bf-2f48ed347601/4.webp,4,2025-02-13T23:15:08+00:00
77af3858-2a61-461f-89fc-e7dd4558e43e,35e3ec13-3ffa-485a-b1bf-2f48ed347601,/photos/35e3ec13-3ffa-485a-b1bf-2f48ed347601/5.webp,5,2025-02-13T23:15:08+00:00
3508a665-9f96-47f4-bee7-b52cfdeb3578,3c90bfa2-2e44-4bfa-9379-96da14976838,/photos/3c90bfa2-2e44-4bfa-9379-96da14976838/0.webp,0,2026-08-27T15:42:05+00:00
0709bf90-c45f-4383-adb9-82fac16668e6,3c90bfa2-2e44-4bfa-9379-96da14976838,/photos/3c90bfa2-2e44-4bfa-9379-96da14976838/1.webp,1,2026-08-27T15:42:05+00:00
2cdd0d66-1e82-4356-b7f2-35c9b36d3c0e,3c90bfa2-2e44-4bfa-9379-96da14976838,/photos/3c90bfa2-2e44-4bfa-9379-96da14976838/2.webp,2,2026-08-27T15:42:05+00:00
9687ff5d-09f8-419a-a0e2-14f30365fc23,3c90bfa2-2e44-4bfa-9379-96da14976838,/photos/3c90bfa2-2e44-4bfa-9379-96da14976838/3.webp,3,2026-08-27T15:42:05+00:00
369ebd31-4165-47c8-9de2-4109e95eb713,8bde58c3-aa1c-4cbe-9dbf-05b3ab321591,/photos/8bde58c3-aa1c-4cbe-9dbf-05b3ab321591/0.webp,0,2025-12-24T12:28:12+00:00
347a49c4-ea02-472f-8d68-9bdb45c111e9,8bde58c3-aa1c-4cbe-9dbf-05b3ab321591,/photos/8bde58c3-aa1c-4cbe-9dbf-05b3ab321591/1.webp,1,2025-12-24T12:28:12+00:00
4941130f-2960-472b-a1bb-610946b827b7,8bde58c3-aa1c-4cbe-9dbf-05b3ab321591,/photos/8bde58c3-aa1c-4cbe-9dbf-05b3ab321591/2.webp,2,2025-12-24T12:28:12+00:00
76dfaf95-cd88-448a-8b49-f26c218d7274,8bde58c3-aa1c-4cbe-9dbf-05b3ab321591,/photos/8bde58c3-aa1c-4cbe-9dbf-05b3ab321591/3.webp,3,2025-12-24T12:28:12+00:00
daa0ae44-92cd-43fd-9ab6-72a18f3b993d,8bde58c3-aa1c-4cbe-9dbf-05b3ab321591,/photos/8bde58c3-aa1c-4cbe-9dbf-05b3ab321591/4.webp,4,2025-12-24T12:28:12+00:00
6db9fdf5-e553-42b2-8457-64128208962c,8bde58c3-aa1c-4cbe-9dbf-05b3ab321591,/photos/8bde58c3-aa1c-4cbe-9dbf-05b3ab321591/5.webp,5,2025-12-24T12:28:12+00:00
aa98fefb-ee31-467c-8c46-2ddb46559ada,8bde58c3-aa1c-4cbe-9dbf-05b3ab321591,/photos/8bde58c3-aa1c-4cbe-9dbf-05b3ab321591/6.webp,6,2025-12-24T12:28:12+00:00
b1826b08-8684-4f39-a400-c43fe5266920,8e1ec806-b630-4746-b1b8-df19896740ea,/photos/8e1ec806-b630-4746-b1b8-df19896740ea/0.webp,0,2026-06-01T10:03:45+00:00
81510f5d-6299-4faa-9a39-9584008591d7,8e1ec806-b630-4746-b1b8-df19896740ea,/photos/8e1ec806-b630-4746-b1b8-df19896740ea/1.webp,1,2026-06-01T10:03:45+00:00
d142c4a9-c2a4-432e-9468-6e7a207fa0eb,8e1ec806-b630-4746-b1b8-df19896740ea,/photos/8e1ec806-b630-4746-b1b8-df19896740ea/2.webp,2,2026-06-01T10:03:45+00:00
109c8f6c-ca0d-43ce-a5b7-0cf1dd96d347,628f299f-7fa7-4f2d-97f3-e8adc3bec4e9,/photos/628f299f-7fa7-4f2d-97f3-e8adc3bec4e9/0.webp,0,2026-08-10T20:25:16+00:00
6d38cd74-a31a-47cb-a2d0-6b1a23752f54,628f299f-7fa7-4f2d-97f3-e8adc3bec4e9,/photos/628f299f-7fa7-4f2d-97f3-e8adc3bec4e9/1.webp,1,2026-08-10T20:25:16+00:00
e31510e3-3487-4c28-9a3d-9277d868f943,05db55fc-76a0-4a74-b7c9-ff1e7dd2cf85,/photos/05db55fc-76a0-4a74-b7c9-ff1e7dd2cf85/0.webp,0,2025-08-23T11:35:59+00:00
d712cf88-ea45-48c0-a446-40a1c634cd8a,05db55fc-76a0-4a74-b7c9-ff1e7dd2cf85,/photos/05db55fc-76a0-4a74-b7c9-ff1e7dd2cf85/1.webp,1,2025-08-23T11:35:59+00:00
46349f55-e892-4cd4-ac5b-0c8c6d05e513,05db55fc-76a0-4a74-b7c9-ff1e7dd2cf85,/photos/05db55fc-76a0-4a74-b7c9-ff1e7dd2cf85/2.webp,2,2025-08-23T11:35:59+00:00
7186e54e-813e-4bed-82f5-ed714d22ad19,a02d62fe-e02b-4117-8431-7a8336ca4000,/photos/a02d62fe-e02b-4117-8431-7a8336ca4000/0.webp,0,2025-12-19T19:07:38+00:00
eb6da07f-fd33-410a-9d54-f17f4f99060e,a02d62fe-e02b-4117-8431-7a8336ca4000,/photos/a02d62fe-e02b-4117-8431-7a8336ca4000/1.webp,1,2025-12-19T19:07:38+00:00
5cd873c1-b177-430d-87af-0842d895bfdb,a02d62fe-e02b-4117-8431-7a8336ca4000,/photos/a02d62fe-e02b-4117-8431-7a8336ca4000/2.webp,2,2025-12-19T19:07:38+00:00
1ac83d3a-ac37-402c-9858-cabbb5e11421,a02d62fe-e02b-4117-8431-7a8336ca4000,/photos/a02d62fe-e02b-4117-8431-7a8336ca4000/3.webp,3,2025-12-19T19:07:38+00:00
5edfb648-ceba-499c-938c-5482e7cc5c86,a02d62fe-e02b-4117-8431-7a8336ca4000,/photos/a02d62fe-e02b-4117-8431-7a8336ca4000/4.webp,4,2025-12-19T19:07:38+00:00
803a639e-8f45-4e54-8733-6f3632bdd967,01f91ba7-043f-41d8-b076-ef72e4bf1283,/photos/01f91ba7-043f-41d8-b076-ef72e4bf1283/0.webp,0,2026-06-01T08:07:16+00:00
2238c79d-03cc-4957-98f4-0b11529c4a7d,01f91ba7-043f-41d8-b076-ef72e4bf1283,/photos/01f91ba7-043f-41d8-b076-ef72e4bf1283/1.webp,1,2026-06-01T08:07:16+00:00
8782eb7e-3e1c-4fc6-8a4f-bffabdb1860f,01f91ba7-043f-41d8-b076-ef72e4bf1283,/photos/01f91ba7-043f-41d8-b076-ef72e4bf1283/2.webp,2,2026-06-01T08:07:16+00:00
5201c65b-857b-4166-884c-56c060bddac1,01f91ba7-043f-41d8-b076-ef72e4bf1283,/photos/01f91ba7-043f-41d8-b076-ef72e4bf1283/3.webp,3,2026-06-01T08:07:16+00:00
87c364c1-6729-4426-ab57-298314040206,01f91ba7-043f-41d8-b076-ef72e4bf1283,/photos/01f91ba7-043f-41d8-b076-ef72e4bf1283/4.webp,4,2026-06-01T08:07:16+00:00
46f62413-1a75-4305-b4f9-53e7af8d823a,01f91ba7-043f-41d8-b076-ef72e4bf1283,/photos/01f91ba7-043f-41d8-b076-ef72e4bf1283/5.webp,5,2026-06-01T08:07:16+00:00
39048676-7782-490c-8c19-ade2cf7a59a9,3a97e965-5544-4579-b3f8-449e4f4288cb,/photos/3a97e965-5544-4579-b3f8-449e4f4288cb/0.webp,0,2024-09-10T12:22:47+00:00
fccec725-9c05-423e-a642-91acf1b2e22b,3a97e965-5544-4579-b3f8-449e4f4288cb,/photos/3a97e965-5544-4579-b3f8-449e4f4288cb/1.webp,1,2024-09-10T12:22:47+00:00
fc411813-e2ba-4359-84e4-857d6eee5b0e,3a97e965-5544-4579-b3f8-449e4f4288cb,/photos/3a97e965-5544-4579-b3f8-449e4f4288cb/2.webp,2,2024-09-10T12:22:47+00:00
64a49698-9837-4aaf-b2e6-6b32693167d5,3a97e965-5544-4579-b3f8-449e4f4288cb,/photos/3a97e965-5544-4579-b3f8-449e4f4288cb/3.webp,3,2024-09-10T12:22:47+00:00
e6a64b75-adaa-42bf-81ce-d182a2fdb932,59ae0803-1b31-4412-b740-901504658cb6,/photos/59ae0803-1b31-4412-b740-901504658cb6/0.webp,0,2026-08-31T23:21:10+00:00
8749524f-120a-477b-8b83-740f083c5d2f,59ae0803-1b31-4412-b740-901504658cb6,/photos/59ae0803-1b31-4412-b740-901504658cb6/1.webp,1,2026-08-31T23:21:10+00:00
4c484518-92b6-4ce5-989a-964b8895ef23,c2e526cc-348d-4308-822a-0fd1e57f4937,/photos/c2e526cc-348d-4308-822a-0fd1e57f4937/0.webp,0,2025-08-30T13:09:26+00:00
899ef229-acd4-4ca9-9f92-db80ce09742c,c2e526cc-348d-4308-822a-0fd1e57f4937,/photos/c2e526cc-348d-4308-822a-0fd1e57f4937/1.webp,1,2025-08-30T13:09:26+00:00
bc911bc0-836b-488a-83bd-c518c49f0e07,c2e526cc-348d-4308-822a-0fd1e57f4937,/photos/c2e526cc-348d-4308-822a-0fd1e57f4937/2.webp,2,2025-08-30T13:09:26+00:00
92be8772-5442-4c53-9ec2-0de9c084d4b5,4fdefb7e-eac0-476b-a979-97e9ea281eff,/photos/4fdefb7e-eac0-476b-a979-97e9ea281eff/0.webp,0,2025-05-22T18:23:00+00:00
28880f23-0adb-4eb5-bf93-b3e5f838f30d,4fdefb7e-eac0-476b-a979-97e9ea281eff,/photos/4fdefb7e-eac0-476b-a979-97e9ea281eff/1.webp,1,2025-05-22T18:23:00+00:00
89947482-e12e-4027-a8e0-6cac818bf94f,4fdefb7e-eac0-476b-a979-97e9ea281eff,/photos/4fdefb7e-eac0-476b-a979-97e9ea281eff/2.webp,2,2025-05-22T18:23:00+00:00
a88122dc-3c84-40d9-bc07-e4dd9bd72e74,4fdefb7e-eac0-476b-a979-97e9ea281eff,/photos/4fdefb7e-eac0-476b-a979-97e9ea281eff/3.webp,3,2025-05-22T18:23:00+00:00
49e487fd-e691-4139-9825-88b7b4dcf5cb,4fdefb7e-eac0-476b-a979-97e9ea281eff,/photos/4fdefb7e-eac0-476b-a979-97e9ea281eff/4.webp,4,2025-05-22T18:23:00+00:00
06117f59-e536-4fc8-b337-2dba786c94bc,9def5d2c-0972-4778-a051-9299bd98ad31,/photos/9def5d2c-0972-4778-a051-9299bd98ad31/0.webp,0,2026-08-05T03:47:32+00:00
98840671-65e6-43b4-a576-eb9827f7c6fc,9def5d2c-0972-4778-a051-9299bd98ad31,/photos/9def5d2c-0972-4778-a051-9299bd98ad31/1.webp,1,2026-08-05T03:47:32+00:00
2b5af95c-5151-4136-9f88-b4347b53ed41,9def5d2c-0972-4778-a051-9299bd98ad31,/photos/9def5d2c-0972-4778-a051-9299bd98ad31/2.webp,2,2026-08-05T03:47:32+00:00
77fe524a-1cf0-4c61-997a-4533fa561a01,9def5d2c-0972-4778-a051-9299bd98ad31,/photos/9def5d2c-0972-4778-a051-9299bd98ad31/3.webp,3,2026-08-05T03:47:32+00:00
e4e5f41e-3970-460f-a8e0-adb69cc10771,9def5d2c-0972-4778-a051-9299bd98ad31,/photos/9def5d2c-0972-4778-a051-9299bd98ad31/4.webp,4,2026-08-05T03:47:32+00:00
df7a4f66-558e-4d5b-8b59-e23afa14ddcd,beb7628e-2deb-44ff-80e3-9fe4fb6cfbf6,/photos/beb7628e-2deb-44ff-80e3-9fe4fb6cfbf6/0.webp,0,2025-12-05T15:20:15+00:00
8def76d6-c83f-4cae-aa46-b54bb297ba13,beb7628e-2deb-44ff-80e3-9fe4fb6cfbf6,/photos/beb7628e-2deb-44ff-80e3-9fe4fb6cfbf6/1.webp,1,2025-12-05T15:20:15+00:00
41e263d9-ef74-4970-9953-74251470b4f0,beb7628e-2deb-44ff-80e3-9fe4fb6cfbf6,/photos/beb7628e-2deb-44ff-80e3-9fe4fb6cfbf6/2.webp,2,2025-12-05T15:20:15+00:00
2794a630-9780-45f6-9840-5aa8531cfe5a,beb7628e-2deb-44ff-80e3-9fe4fb6cfbf6,/photos/beb7628e-2deb-44ff-80e3-9fe4fb6cfbf6/3.webp,3,2025-12-05T15:20:15+00:00
d7ccdc1e-5648-474a-9b59-5c42365687e4,beb7628e-2deb-44ff-80e3-9fe4fb6cfbf6,/photos/beb7628e-2deb-44ff-80e3-9fe4fb6cfbf6/4.webp,4,2025-12-05T15:20:15+00:00
a48545eb-5a87-4834-aa11-bcce455a6556,99107c05-c40b-4b6a-a328-b66d4ffb7e0a,/photos/99107c05-c40b-4b6a-a328-b66d4ffb7e0a/0.webp,0,2026-08-10T12:09:25+00:00
1bd3215e-3ed5-4c76-a2c3-47ae51372912,99107c05-c40b-4b6a-a328-b66d4ffb7e0a,/photos/99107c05-c40b-4b6a-a328-b66d4ffb7e0a/1.webp,1,2026-08-10T12:09:25+00:00
5c3d9a10-24d2-4c7b-a248-8afdd6bc6f3a,99107c05-c40b-4b6a-a328-b66d4ffb7e0a,/photos/99107c05-c40b-4b6a-a328-b66d4ffb7e0a/2.webp,2,2026-08-10T12:09:25+00:00
034f490d-7fe9-463c-86a8-13a49c870dad,eae8b450-219a-4e36-96aa-0bb401d716c2,/photos/eae8b450-219a-4e36-96aa-0bb401d716c2/0.webp,0,2025-08-14T00:55:20+00:00
92005245-df68-4cf6-888f-f6b41368a38d,eae8b450-219a-4e36-96aa-0bb401d716c2,/photos/eae8b450-219a-4e36-96aa-0bb401d716c2/1.webp,1,2025-08-14T00:55:20+00:00
099bb59a-87db-4231-8370-9e194c640718,eae8b450-219a-4e36-96aa-0bb401d716c2,/photos/eae8b450-219a-4e36-96aa-0bb401d716c2/2.webp,2,2025-08-14T00:55:20+00:00
286754e1-5383-4343-956a-e54652cb5909,4c6d50ec-dacc-4659-b44d-f20259d261d8,/photos/4c6d50ec-dacc-4659-b44d-f20259d261d8/0.webp,0,2025-09-07T10:45:36+00:00
7a894fde-ab73-4849-a7b3-23a77aea96de,4c6d50ec-dacc-4659-b44d-f20259d261d8,/photos/4c6d50ec-dacc-4659-b44d-f20259d261d8/1.webp,1,2025-09-07T10:45:36+00:00
bc2b5259-554b-466c-adcc-c135761b4fee,4c6d50ec-dacc-4659-b44d-f20259d261d8,/photos/4c6d50ec-dacc-4659-b44d-f20259d261d8/2.webp,2,2025-09-07T10:45:36+00:00
24221470-441c-4c44-8805-c051a2011eae,9b19c252-cbc4-4875-9f34-93df5c1d7c2c,/photos/9b19c252-cbc4-4875-9f34-93df5c1d7c2c/0.webp,0,2026-05-20T22:58:22+00:00
95a8df25-9881-4a51-82d8-240587a8c6b4,9b19c252-cbc4-4875-9f34-93df5c1d7c2c,/photos/9b19c252-cbc4-4875-9f34-93df5c1d7c2c/1.webp,1,2026-05-20T22:58:22+00:00
c9e0b65d-9427-4811-8450-92e8f439efcc,9b19c252-cbc4-4875-9f34-93df5c1d7c2c,/photos/9b19c252-cbc4-4875-9f34-93df5c1d7c2c/2.webp,2,2026-05-20T22:58:22+00:00
07dc7779-2c04-4479-9651-03f446dc2450,9b19c252-cbc4-4875-9f34-93df5c1d7c2c,/photos/9b19c252-cbc4-4875-9f34-93df5c1d7c2c/3.webp,3,2026-05-20T22:58:22+00:00
ff2df66a-ca7f-42db-be91-cf245a5e3658,8f2bd50c-8fac-42ff-a0e3-bac734c6d1ae,/photos/8f2bd50c-8fac-42ff-a0e3-bac734c6d1ae/0.webp,0,2026-08-13T05:33:36+00:00
da48ba1a-e5ad-4bc3-86aa-21aa0d898ea1,8f2bd50c-8fac-42ff-a0e3-bac734c6d1ae,/photos/8f2bd50c-8fac-42ff-a0e3-bac734c6d1ae/1.webp,1,2026-08-13T05:33:36+00:00
449f3389-a8eb-4b80-87f4-0aba700ed17f,8f2bd50c-8fac-42ff-a0e3-bac734c6d1ae,/photos/8f2bd50c-8fac-42ff-a0e3-bac734c6d1ae/2.webp,2,2026-08-13T05:33:36+00:00
dfdfabbf-3c61-47a0-9ccf-14f7515cf21d,8f2bd50c-8fac-42ff-a0e3-bac734c6d1ae,/photos/8f2bd50c-8fac-42ff-a0e3-bac734c6d1ae/3.webp,3,2026-08-13T05:33:36+00:00
a9bb5095-cdc8-43ba-95e3-f9e3f706ab29,6501369d-7539-425b-8d4e-1e3fdf8d65a7,/photos/6501369d-7539-425b-8d4e-1e3fdf8d65a7/0.webp,0,2025-01-01T01:51:37+00:00
b37d45bb-e9ac-4b02-80af-3624bea265aa,1894ee8d-c4c6-4693-8cda-0b3e453081a2,/photos/1894ee8d-c4c6-4693-8cda-0b3e453081a2/0.webp,0,2025-08-09T17:52:46+00:00
82c9e522-ae13-4b95-a188-088de6cfd043,1894ee8d-c4c6-4693-8cda-0b3e453081a2,/photos/1894ee8d-c4c6-4693-8cda-0b3e453081a2/1.webp,1,2025-08-09T17:52:46+00:00
e30b3a96-3aea-41d4-87a8-f34c1caa597f,1894ee8d-c4c6-4693-8cda-0b3e453081a2,/photos/1894ee8d-c4c6-4693-8cda-0b3e453081a2/2.webp,2,2025-08-09T17:52:46+00:00
07ea8318-3a83-4290-bf28-f051ac55022e,31af507d-988a-4c59-8c9b-bfa9fd28b738,/photos/31af507d-988a-4c59-8c9b-bfa9fd28b738/0.webp,0,2026-08-30T18:29:36+00:00
2b6952dd-6b1e-4d21-a861-4417c98285ab,08f7ca75-a6c5-4974-ab16-83a27835e306,/photos/08f7ca75-a6c5-4974-ab16-83a27835e306/0.webp,0,2025-06-13T16:47:28+00:00
19952baa-e7c7-4e01-b7ec-40a0c729c74b,f7d1d42c-d247-4b49-90ad-4fb9a3a54849,/photos/f7d1d42c-d247-4b49-90ad-4fb9a3a54849/0.webp,0,2025-08-02T05:30:16+00:00
f41f6f4e-8b21-4e34-a5e6-9f848d9104c8,f7d1d42c-d247-4b49-90ad-4fb9a3a54849,/photos/f7d1d42c-d247-4b49-90ad-4fb9a3a54849/1.webp,1,2025-08-02T05:30:16+00:00
1967091f-1c0c-4463-bab2-04f07dcc7cfc,f7d1d42c-d247-4b49-90ad-4fb9a3a54849,/photos/f7d1d42c-d247-4b49-90ad-4fb9a3a54849/2.webp,2,2025-08-02T05:30:16+00:00
7a437e6f-6198-4c2d-b61d-708ff7af17e1,f7d1d42c-d247-4b49-90ad-4fb9a3a54849,/photos/f7d1d42c-d247-4b49-90ad-4fb9a3a54849/3.webp,3,2025-08-02T05:30:16+00:00
c37c5c46-03fc-419a-8693-ed2f873494c1,f7d1d42c-d247-4b49-90ad-4fb9a3a54849,/photos/f7d1d42c-d247-4b49-90ad-4fb9a3a54849/4.webp,4,2025-08-02T05:30:16+00:00
b7a9d9a0-fa5d-45f9-b70f-766208c3be24,f7d1d42c-d247-4b49-90ad-4fb9a3a54849,/photos/f7d1d42c-d247-4b49-90ad-4fb9a3a54849/5.webp,5,2025-08-02T05:30:16+00:00
564acfa0-378a-4afb-8357-1f51062aad36,f7d1d42c-d247-4b49-90ad-4fb9a3a54849,/photos/f7d1d42c-d247-4b49-90ad-4fb9a3a54849/6.webp,6,2025-08-02T05:30:16+00:00
d845b1b8-0af0-48bd-aec5-db78c2560dce,f7d1d42c-d247-4b49-90ad-4fb9a3a54849,/photos/f7d1d42c-d247-4b49-90ad-4fb9a3a54849/7.webp,7,2025-08-02T05:30:16+00:00
9014fb76-a5c0-4cb3-bd22-c7036d5f1451,f7d1d42c-d247-4b49-90ad-4fb9a3a54849,/photos/f7d1d42c-d247-4b49-90ad-4fb9a3a54849/8.webp,8,2025-08-02T05:30:16+00:00
7005cd98-4a66-47bb-b3aa-f4fc2812da0c,cd506acf-340b-47ae-a93f-5c3e20943884,/photos/cd506acf-340b-47ae-a93f-5c3e20943884/0.webp,0,2025-12-30T07:24:12+00:00
f9cf9959-f161-4e85-935c-c3eaaf9feee7,cd506acf-340b-47ae-a93f-5c3e20943884,/photos/cd506acf-340b-47ae-a93f-5c3e20943884/1.webp,1,2025-12-30T07:24:12+00:00
b9b12ed8-2e80-4003-94b0-5f931e48536a,cd506acf-340b-47ae-a93f-5c3e20943884,/photos/cd506acf-340b-47ae-a93f-5c3e20943884/2.webp,2,2025-12-30T07:24:12+00:00
ceca6822-561a-4f7c-a8b9-53691f7ab849,c264cff0-4086-41ec-9d6c-a768b83b4342,/photos/c264cff0-4086-41ec-9d6c-a768b83b4342/0.webp,0,2024-09-20T10:16:01+00:00
8388a94a-9f8b-4a32-9fc4-ca35735b920f,c264cff0-4086-41ec-9d6c-a768b83b4342,/photos/c264cff0-4086-41ec-9d6c-a768b83b4342/1.webp,1,2024-09-20T10:16:01+00:00
480c90cf-9e14-497e-89fa-4c2e84a98467,c264cff0-4086-41ec-9d6c-a768b83b4342,/photos/c264cff0-4086-41ec-9d6c-a768b83b4342/2.webp,2,2024-09-20T10:16:01+00:00
ea2d5949-8b25-4f0e-aa86-df8094ecc1c9,c264cff0-4086-41ec-9d6c-a768b83b4342,/photos/c264cff0-4086-41ec-9d6c-a768b83b4342/3.webp,3,2024-09-20T10:16:01+00:00
ba4232cd-03ba-4728-ba36-5ed701753246,c264cff0-4086-41ec-9d6c-a768b83b4342,/photos/c264cff0-4086-41ec-9d6c-a768b83b4342/4.webp,4,2024-09-20T10:16:01+00:00
af43423c-9863-4a44-8ff7-2547f179d603,c264cff0-4086-41ec-9d6c-a768b83b4342,/photos/c264cff0-4086-41ec-9d6c-a768b83b4342/5.webp,5,2024-09-20T10:16:01+00:00
99bc076d-c779-4f63-90a3-cdb3e578e9a1,05796682-0fe8-4ead-b642-48a49f59968a,/photos/05796682-0fe8-4ead-b642-48a49f59968a/0.webp,0,2025-10-18T05:30:08+00:00
6e73204c-fd52-4571-ad90-cf40a457bdc9,05796682-0fe8-4ead-b642-48a49f59968a,/photos/05796682-0fe8-4ead-b642-48a49f59968a/1.webp,1,2025-10-18T05:30:08+00:00
fea93468-13d8-4dcb-8610-a61c9eb785ea,05796682-0fe8-4ead-b642-48a49f59968a,/photos/05796682-0fe8-4ead-b642-48a49f59968a/2.webp,2,2025-10-18T05:30:08+00:00
a6fcfe79-0218-4c4c-b276-31f6cbcf141f,05796682-0fe8-4ead-b642-48a49f59968a,/photos/05796682-0fe8-4ead-b642-48a49f59968a/3.webp,3,2025-10-18T05:30:08+00:00
430c47fe-da00-4c2b-af90-1a17766437f0,05796682-0fe8-4ead-b642-48a49f59968a,/photos/05796682-0fe8-4ead-b642-48a49f59968a/4.webp,4,2025-10-18T05:30:08+00:00
8203519f-fb9c-42e6-8ea7-858c310f48b9,05796682-0fe8-4ead-b642-48a49f59968a,/photos/05796682-0fe8-4ead-b642-48a49f59968a/5.webp,5,2025-10-18T05:30:08+00:00
2d335b1d-7f02-4c52-b22c-a1d2d1f8eb7f,4b0b5fee-370d-40e4-93be-0de463fea378,/photos/4b0b5fee-370d-40e4-93be-0de463fea378/0.webp,0,2025-02-16T16:51:45+00:00
f9f829f7-9857-4798-8d9a-44d7b0a3bacf,4b0b5fee-370d-40e4-93be-0de463fea378,/photos/4b0b5fee-370d-40e4-93be-0de463fea378/1.webp,1,2025-02-16T16:51:45+00:00
f9faf43d-2be1-419b-8318-8a08ca3e4b57,4b0b5fee-370d-40e4-93be-0de463fea378,/photos/4b0b5fee-370d-40e4-93be-0de463fea378/2.webp,2,2025-02-16T16:51:45+00:00
122a1f62-64e2-4673-ae56-2d13f4756a2e,4b0b5fee-370d-40e4-93be-0de463fea378,/photos/4b0b5fee-370d-40e4-93be-0de463fea378/3.webp,3,2025-02-16T16:51:45+00:00
55b3fccb-eded-4c00-a2bc-98f37fa5ccbe,4b0b5fee-370d-40e4-93be-0de463fea378,/photos/4b0b5fee-370d-40e4-93be-0de463fea378/4.webp,4,2025-02-16T16:51:45+00:00
0c6bd936-9302-46f2-add2-b30406e514d2,8e8eba10-09ed-4736-9283-5f89aae2cb09,/photos/8e8eba10-09ed-4736-9283-5f89aae2cb09/0.webp,0,2026-06-01T05:34:25+00:00
f9d64947-7e7a-491a-b6c9-eeff22677d92,8e8eba10-09ed-4736-9283-5f89aae2cb09,/photos/8e8eba10-09ed-4736-9283-5f89aae2cb09/1.webp,1,2026-06-01T05:34:25+00:00
f1692716-2c98-4eab-9168-339ad2a99249,8e8eba10-09ed-4736-9283-5f89aae2cb09,/photos/8e8eba10-09ed-4736-9283-5f89aae2cb09/2.webp,2,2026-06-01T05:34:25+00:00
f526c725-1459-4629-b9dc-9972e31040f4,6c69a24b-18a3-41a9-b81c-2a695dde7df3,/photos/6c69a24b-18a3-41a9-b81c-2a695dde7df3/0.webp,0,2025-12-03T13:00:32+00:00
b480d3f5-b6a5-49ff-b3b7-8c5533024921,6c69a24b-18a3-41a9-b81c-2a695dde7df3,/photos/6c69a24b-18a3-41a9-b81c-2a695dde7df3/1.webp,1,2025-12-03T13:00:32+00:00
07caaeb5-e422-40d2-81b6-5aa709344524,6c69a24b-18a3-41a9-b81c-2a695dde7df3,/photos/6c69a24b-18a3-41a9-b81c-2a695dde7df3/2.webp,2,2025-12-03T13:00:32+00:00
68b5c2f9-cff2-4a59-88dd-811bf2be582f,6c69a24b-18a3-41a9-b81c-2a695dde7df3,/photos/6c69a24b-18a3-41a9-b81c-2a695dde7df3/3.webp,3,2025-12-03T13:00:32+00:00
03e6a196-3039-45c8-9392-126eb59b747a,6c69a24b-18a3-41a9-b81c-2a695dde7df3,/photos/6c69a24b-18a3-41a9-b81c-2a695dde7df3/4.webp,4,2025-12-03T13:00:32+00:00
0c9aaed6-c0af-45dd-b4e2-0a0dd2aa33ac,bf966f49-f52c-4cf6-811a-74fedd342396,/photos/bf966f49-f52c-4cf6-811a-74fedd342396/0.webp,0,2025-05-30T08:07:48+00:00
65d1f14d-a582-4dbc-9ea5-55c3e662cefc,bf966f49-f52c-4cf6-811a-74fedd342396,/photos/bf966f49-f52c-4cf6-811a-74fedd342396/1.webp,1,2025-05-30T08:07:48+00:00
3fb93c2b-5f81-448d-935c-c1f028fb1316,bf966f49-f52c-4cf6-811a-74fedd342396,/photos/bf966f49-f52c-4cf6-811a-74fedd342396/2.webp,2,2025-05-30T08:07:48+00:00
4eff43c1-a019-4608-aae8-9794d7f1215f,bf966f49-f52c-4cf6-811a-74fedd342396,/photos/bf966f49-f52c-4cf6-811a-74fedd342396/3.webp,3,2025-05-30T08:07:48+00:00
52320dd3-3366-486e-b872-05bfa06e8b7c,2e9f20db-1075-4c53-8938-83f5af6bd05b,/photos/2e9f20db-1075-4c53-8938-83f5af6bd05b/0.webp,0,2026-05-29T10:02:49+00:00
81c8f54f-a5df-44fb-95e3-6ffdb351c564,2e9f20db-1075-4c53-8938-83f5af6bd05b,/photos/2e9f20db-1075-4c53-8938-83f5af6bd05b/1.webp,1,2026-05-29T10:02:49+00:00
7a17752e-aa13-479d-bf88-f74555bec209,2e9f20db-1075-4c53-8938-83f5af6bd05b,/photos/2e9f20db-1075-4c53-8938-83f5af6bd05b/2.webp,2,2026-05-29T10:02:49+00:00
0051621e-4207-4b74-a3fc-4fb9851bbc2e,2e9f20db-1075-4c53-8938-83f5af6bd05b,/photos/2e9f20db-1075-4c53-8938-83f5af6bd05b/3.webp,3,2026-05-29T10:02:49+00:00
e7b250b0-9e5b-48e2-95e2-346354fb71f8,2e9f20db-1075-4c53-8938-83f5af6bd05b,/photos/2e9f20db-1075-4c53-8938-83f5af6bd05b/4.webp,4,2026-05-29T10:02:49+00:00
839d71b8-bc4f-4137-91a0-8c61c17e0dd8,fffb85fc-2c3f-4152-a432-d3199583a261,/photos/fffb85fc-2c3f-4152-a432-d3199583a261/0.webp,0,2026-05-13T22:10:57+00:00
bbeb49cd-aa94-441a-9493-1cef3129c252,fffb85fc-2c3f-4152-a432-d3199583a261,/photos/fffb85fc-2c3f-4152-a432-d3199583a261/1.webp,1,2026-05-13T22:10:57+00:00
7670152f-667f-4c58-9fe4-aa8ad701e023,6279902e-16f6-4def-b1fa-26cf08812d63,/photos/6279902e-16f6-4def-b1fa-26cf08812d63/0.webp,0,2026-08-26T20:50:31+00:00
0c4bc65e-a07c-4d0d-af50-a7d17d351669,6279902e-16f6-4def-b1fa-26cf08812d63,/photos/6279902e-16f6-4def-b1fa-26cf08812d63/1.webp,1,2026-08-26T20:50:31+00:00
8e8407b0-c6e0-4775-ac4e-d42ec58c2b5e,6279902e-16f6-4def-b1fa-26cf08812d63,/photos/6279902e-16f6-4def-b1fa-26cf08812d63/2.webp,2,2026-08-26T20:50:31+00:00
4fc0258e-b0b0-482e-9456-cc62bd04416c,6279902e-16f6-4def-b1fa-26cf08812d63,/photos/6279902e-16f6-4def-b1fa-26cf08812d63/3.webp,3,2026-08-26T20:50:31+00:00
305303e1-faab-4199-9f5a-7df24d0e0d49,6279902e-16f6-4def-b1fa-26cf08812d63,/photos/6279902e-16f6-4def-b1fa-26cf08812d63/4.webp,4,2026-08-26T20:50:31+00:00
4d4e41e2-2d10-401c-bfe4-8fa0d50ebd54,8ff42f4f-50e7-4e73-979a-c1673ecc0520,/photos/8ff42f4f-50e7-4e73-979a-c1673ecc0520/0.webp,0,2026-03-18T18:00:56+00:00
2808dbd2-84dc-44f4-9150-46a93453bd30,8ff42f4f-50e7-4e73-979a-c1673ecc0520,/photos/8ff42f4f-50e7-4e73-979a-c1673ecc0520/1.webp,1,2026-03-18T18:00:56+00:00
5e50b2c5-612e-494d-a7f9-52cecad2d8ac,8ff42f4f-50e7-4e73-979a-c1673ecc0520,/photos/8ff42f4f-50e7-4e73-979a-c1673ecc0520/2.webp,2,2026-03-18T18:00:56+00:00
7c62875b-f82d-4dde-bcc0-b8f8945f431d,8ff42f4f-50e7-4e73-979a-c1673ecc0520,/photos/8ff42f4f-50e7-4e73-979a-c1673ecc0520/3.webp,3,2026-03-18T18:00:56+00:00
f00b8040-15cc-4dea-97d9-27a6149ad0bf,8ff42f4f-50e7-4e73-979a-c1673ecc0520,/photos/8ff42f4f-50e7-4e73-979a-c1673ecc0520/4.webp,4,2026-03-18T18:00:56+00:00
fbec89f6-9862-4432-9082-e5fd192838c2,8ff42f4f-50e7-4e73-979a-c1673ecc0520,/photos/8ff42f4f-50e7-4e73-979a-c1673ecc0520/5.webp,5,2026-03-18T18:00:56+00:00
ec6a3360-12f0-403f-9982-6274f865133e,1d832c18-61aa-413b-a316-1c2a82cc6280,/photos/1d832c18-61aa-413b-a316-1c2a82cc6280/0.webp,0,2026-05-08T20:27:43+00:00
102a3eb2-3a2b-48e3-8942-b318fce32314,1d832c18-61aa-413b-a316-1c2a82cc6280,/photos/1d832c18-61aa-413b-a316-1c2a82cc6280/1.webp,1,2026-05-08T20:27:43+00:00
12a34840-e8be-4ce0-a269-345b9cb841fe,1d832c18-61aa-413b-a316-1c2a82cc6280,/photos/1d832c18-61aa-413b-a316-1c2a82cc6280/2.webp,2,2026-05-08T20:27:43+00:00
a58fa8de-588c-432a-aaea-b43c751016f7,1d832c18-61aa-413b-a316-1c2a82cc6280,/photos/1d832c18-61aa-413b-a316-1c2a82cc6280/3.webp,3,2026-05-08T20:27:43+00:00
55fe4225-d174-41cb-ae01-e6e7ceb0583c,1d832c18-61aa-413b-a316-1c2a82cc6280,/photos/1d832c18-61aa-413b-a316-1c2a82cc6280/4.webp,4,2026-05-08T20:27:43+00:00
7e442683-effb-4b57-b0c2-b489b4edb09e,1d832c18-61aa-413b-a316-1c2a82cc6280,/photos/1d832c18-61aa-413b-a316-1c2a82cc6280/5.webp,5,2026-05-08T20:27:43+00:00
93422812-b4f3-40ef-a0b7-8d5f11ce167f,1d832c18-61aa-413b-a316-1c2a82cc6280,/photos/1d832c18-61aa-413b-a316-1c2a82cc6280/6.webp,6,2026-05-08T20:27:43+00:00
a2acbb4f-de17-4d69-9f4a-713b283aa2d5,02d000a2-a5dd-4fc7-9f7e-9a17e1147272,/photos/02d000a2-a5dd-4fc7-9f7e-9a17e1147272/0.webp,0,2026-05-23T09:05:07+00:00
287494ab-d31c-4cbc-b7b8-2fabd9f9df38,02d000a2-a5dd-4fc7-9f7e-9a17e1147272,/photos/02d000a2-a5dd-4fc7-9f7e-9a17e1147272/1.webp,1,2026-05-23T09:05:07+00:00
038f2953-dc3c-48a7-a394-11c39337c5eb,02d000a2-a5dd-4fc7-9f7e-9a17e1147272,/photos/02d000a2-a5dd-4fc7-9f7e-9a17e1147272/2.webp,2,2026-05-23T09:05:07+00:00
df4dad31-0c1a-4974-b72b-fa52260bb4d8,02d000a2-a5dd-4fc7-9f7e-9a17e1147272,/photos/02d000a2-a5dd-4fc7-9f7e-9a17e1147272/3.webp,3,2026-05-23T09:05:07+00:00
212dec3c-8599-4517-ab8c-fa931e076245,02d000a2-a5dd-4fc7-9f7e-9a17e1147272,/photos/02d000a2-a5dd-4fc7-9f7e-9a17e1147272/4.webp,4,2026-05-23T09:05:07+00:00
0d2c19d1-aa6c-4f64-a586-6497a9a95d20,02d000a2-a5dd-4fc7-9f7e-9a17e1147272,/photos/02d000a2-a5dd-4fc7-9f7e-9a17e1147272/5.webp,5,2026-05-23T09:05:07+00:00
6cc617f5-5fd1-473f-a1a0-9286ed66dfba,02d000a2-a5dd-4fc7-9f7e-9a17e1147272,/photos/02d000a2-a5dd-4fc7-9f7e-9a17e1147272/6.webp,6,2026-05-23T09:05:07+00:00
6937c097-0482-4eeb-a8c8-4e7a4801986c,02d000a2-a5dd-4fc7-9f7e-9a17e1147272,/photos/02d000a2-a5dd-4fc7-9f7e-9a17e1147272/7.webp,7,2026-05-23T09:05:07+00:00
3b398b82-0835-4dda-9d3f-21b9e5a23c43,02d000a2-a5dd-4fc7-9f7e-9a17e1147272,/photos/02d000a2-a5dd-4fc7-9f7e-9a17e1147272/8.webp,8,2026-05-23T09:05:07+00:00
e54b2a40-46c4-45f4-851a-a8ad00f67a93,02d000a2-a5dd-4fc7-9f7e-9a17e1147272,/photos/02d000a2-a5dd-4fc7-9f7e-9a17e1147272/9.webp,9,2026-05-23T09:05:07+00:00
e92675ab-cc4f-40f0-a84c-f5b35ba37bf1,893a6b93-4956-4653-802d-94d2cdd65dec,/photos/893a6b93-4956-4653-802d-94d2cdd65dec/0.webp,0,2025-11-26T06:20:30+00:00
50914396-70a1-4ccb-8cbb-43bab1715616,893a6b93-4956-4653-802d-94d2cdd65dec,/photos/893a6b93-4956-4653-802d-94d2cdd65dec/1.webp,1,2025-11-26T06:20:30+00:00
1d3a25d8-d036-4cb5-ac73-f9b2e097e2a0,893a6b93-4956-4653-802d-94d2cdd65dec,/photos/893a6b93-4956-4653-802d-94d2cdd65dec/2.webp,2,2025-11-26T06:20:30+00:00
9c08bd0f-a4c8-483a-b6e2-8d6f0081f983,90fbc26b-cdf4-4c08-97ee-f3e04fbc37fd,/photos/90fbc26b-cdf4-4c08-97ee-f3e04fbc37fd/0.webp,0,2026-08-09T20:36:20+00:00
ab369eec-e734-41b1-a472-d28750afe0d2,90fbc26b-cdf4-4c08-97ee-f3e04fbc37fd,/photos/90fbc26b-cdf4-4c08-97ee-f3e04fbc37fd/1.webp,1,2026-08-09T20:36:20+00:00
6adcbf98-3109-4594-a966-4a5d88ebb375,38500a84-3234-4736-8683-500455fd8d58,/photos/38500a84-3234-4736-8683-500455fd8d58/0.webp,0,2026-01-11T21:45:58+00:00
85bfc238-af7d-4f60-a9bf-cf4f7da2d2f5,38500a84-3234-4736-8683-500455fd8d58,/photos/38500a84-3234-4736-8683-500455fd8d58/1.webp,1,2026-01-11T21:45:58+00:00
ea56fde6-1d5b-48d5-913b-b37e618b9a88,38500a84-3234-4736-8683-500455fd8d58,/photos/38500a84-3234-4736-8683-500455fd8d58/2.webp,2,2026-01-11T21:45:58+00:00
02e10ac1-7f13-46b2-9b52-357e45dbc74f,38500a84-3234-4736-8683-500455fd8d58,/photos/38500a84-3234-4736-8683-500455fd8d58/3.webp,3,2026-01-11T21:45:58+00:00
fc35886a-de1a-44d0-90ef-0626a93f3dfe,38500a84-3234-4736-8683-500455fd8d58,/photos/38500a84-3234-4736-8683-500455fd8d58/4.webp,4,2026-01-11T21:45:58+00:00
84e57a2d-0d96-40bf-9c5c-ee72ed3e243b,ab5ac6d3-f3b9-4e9e-b6e2-e3ea0d7be2dc,/photos/ab5ac6d3-f3b9-4e9e-b6e2-e3ea0d7be2dc/0.webp,0,2025-08-10T05:32:54+00:00
c3a5d959-6eab-4e38-aab7-5abea9acd39c,ab5ac6d3-f3b9-4e9e-b6e2-e3ea0d7be2dc,/photos/ab5ac6d3-f3b9-4e9e-b6e2-e3ea0d7be2dc/1.webp,1,2025-08-10T05:32:54+00:00
909bf188-8bb3-4fb5-8970-cd6da1060bab,ab5ac6d3-f3b9-4e9e-b6e2-e3ea0d7be2dc,/photos/ab5ac6d3-f3b9-4e9e-b6e2-e3ea0d7be2dc/2.webp,2,2025-08-10T05:32:54+00:00
da35c520-a9cd-48db-8c66-b9dddac4801a,ab5ac6d3-f3b9-4e9e-b6e2-e3ea0d7be2dc,/photos/ab5ac6d3-f3b9-4e9e-b6e2-e3ea0d7be2dc/3.webp,3,2025-08-10T05:32:54+00:00
e8860ffa-dfcc-45a0-be64-2f497baea417,ab5ac6d3-f3b9-4e9e-b6e2-e3ea0d7be2dc,/photos/ab5ac6d3-f3b9-4e9e-b6e2-e3ea0d7be2dc/4.webp,4,2025-08-10T05:32:54+00:00
fe27879e-aa74-40ef-9c52-65e23f17d979,ab5ac6d3-f3b9-4e9e-b6e2-e3ea0d7be2dc,/photos/ab5ac6d3-f3b9-4e9e-b6e2-e3ea0d7be2dc/5.webp,5,2025-08-10T05:32:54+00:00
038b3302-b595-4303-ac82-542dd658b831,ab5ac6d3-f3b9-4e9e-b6e2-e3ea0d7be2dc,/photos/ab5ac6d3-f3b9-4e9e-b6e2-e3ea0d7be2dc/6.webp,6,2025-08-10T05:32:54+00:00
6194f870-f053-4f4e-9e66-7ac47c210732,2b1746e1-4305-4c1d-b902-bb71b2c41523,/photos/2b1746e1-4305-4c1d-b902-bb71b2c41523/0.webp,0,2026-06-06T14:25:37+00:00
9208a313-4ab3-4348-b63b-10bbc2c6d7f4,2b1746e1-4305-4c1d-b902-bb71b2c41523,/photos/2b1746e1-4305-4c1d-b902-bb71b2c41523/1.webp,1,2026-06-06T14:25:37+00:00
150bab0f-99c9-4526-b945-fc034d5c467d,2b1746e1-4305-4c1d-b902-bb71b2c41523,/photos/2b1746e1-4305-4c1d-b902-bb71b2c41523/2.webp,2,2026-06-06T14:25:37+00:00
49a4174e-0f3f-4008-b252-2ad1b305aaa4,2b1746e1-4305-4c1d-b902-bb71b2c41523,/photos/2b1746e1-4305-4c1d-b902-bb71b2c41523/3.webp,3,2026-06-06T14:25:37+00:00
e73be3b3-144a-4da0-b3f6-3e226c22fef3,2b1746e1-4305-4c1d-b902-bb71b2c41523,/photos/2b1746e1-4305-4c1d-b902-bb71b2c41523/4.webp,4,2026-06-06T14:25:37+00:00
aaa2e3c9-fcd4-474a-be98-fe5a2a7fc093,2b1746e1-4305-4c1d-b902-bb71b2c41523,/photos/2b1746e1-4305-4c1d-b902-bb71b2c41523/5.webp,5,2026-06-06T14:25:37+00:00
7895af90-0172-4ed2-8019-0f323684a418,820038a6-73c4-404a-87ea-b08a214ed8cc,/photos/820038a6-73c4-404a-87ea-b08a214ed8cc/0.webp,0,2025-08-23T12:52:24+00:00
2afcf055-1117-4321-a2c4-f5b6a7e4d9b2,820038a6-73c4-404a-87ea-b08a214ed8cc,/photos/820038a6-73c4-404a-87ea-b08a214ed8cc/1.webp,1,2025-08-23T12:52:24+00:00
07c214bc-a7fc-48f2-beee-62888fd86578,820038a6-73c4-404a-87ea-b08a214ed8cc,/photos/820038a6-73c4-404a-87ea-b08a214ed8cc/2.webp,2,2025-08-23T12:52:24+00:00
3671d2ce-bb1f-4ec2-800d-ffdb48e67a56,d8980430-714a-4114-8ea7-c45b78400852,/photos/d8980430-714a-4114-8ea7-c45b78400852/0.webp,0,2026-07-02T20:48:17+00:00
3747b17b-ec0c-45e8-8447-b20bbc2a5bbe,d8980430-714a-4114-8ea7-c45b78400852,/photos/d8980430-714a-4114-8ea7-c45b78400852/1.webp,1,2026-07-02T20:48:17+00:00
ec483b7c-3a40-4a5b-9c6c-c5738bd3dcb6,d8980430-714a-4114-8ea7-c45b78400852,/photos/d8980430-714a-4114-8ea7-c45b78400852/2.webp,2,2026-07-02T20:48:17+00:00
701fb345-0296-4af9-a182-12c0434c2a03,d8980430-714a-4114-8ea7-c45b78400852,/photos/d8980430-714a-4114-8ea7-c45b78400852/3.webp,3,2026-07-02T20:48:17+00:00
c9bc166c-902b-45e2-a6f9-a4282946e233,eedbc9e5-4170-412d-a60c-70be4864340c,/photos/eedbc9e5-4170-412d-a60c-70be4864340c/0.webp,0,2026-08-06T03:36:17+00:00
44a131ed-c4ae-4d14-9153-fbdd56c44c47,eedbc9e5-4170-412d-a60c-70be4864340c,/photos/eedbc9e5-4170-412d-a60c-70be4864340c/1.webp,1,2026-08-06T03:36:17+00:00
e0c13a1a-01f8-48f9-a84c-b012bafa9894,2dc277d6-6968-4855-adc6-3adf5f6b11b7,/photos/2dc277d6-6968-4855-adc6-3adf5f6b11b7/0.webp,0,2024-10-25T14:18:24+00:00
42601cdd-2adc-48e7-a65e-050e75d7b84d,2dc277d6-6968-4855-adc6-3adf5f6b11b7,/photos/2dc277d6-6968-4855-adc6-3adf5f6b11b7/1.webp,1,2024-10-25T14:18:24+00:00
833eac91-8e71-4f5c-8fb1-a337b16286f8,2dc277d6-6968-4855-adc6-3adf5f6b11b7,/photos/2dc277d6-6968-4855-adc6-3adf5f6b11b7/2.webp,2,2024-10-25T14:18:24+00:00
f52e5f35-e99e-422c-a598-4bd136100aba,2dc277d6-6968-4855-adc6-3adf5f6b11b7,/photos/2dc277d6-6968-4855-adc6-3adf5f6b11b7/3.webp,3,2024-10-25T14:18:24+00:00
96538c1f-0525-4ebe-a218-8d59fdace690,713af5b3-6cbe-4c68-a7c8-4d3cfd9e36e7,/photos/713af5b3-6cbe-4c68-a7c8-4d3cfd9e36e7/0.webp,0,2025-09-08T10:08:04+00:00
cb2d26b2-3714-4dbb-b71a-ec82128d517d,713af5b3-6cbe-4c68-a7c8-4d3cfd9e36e7,/photos/713af5b3-6cbe-4c68-a7c8-4d3cfd9e36e7/1.webp,1,2025-09-08T10:08:04+00:00
1a15423c-5daa-45f9-8780-3ddc2555ab35,eacef840-80c7-4ed2-9df1-eac9607b6c3e,/photos/eacef840-80c7-4ed2-9df1-eac9607b6c3e/0.webp,0,2026-06-24T14:10:02+00:00
363429c4-2f7f-4766-92f1-5f698a7bf0c3,eacef840-80c7-4ed2-9df1-eac9607b6c3e,/photos/eacef840-80c7-4ed2-9df1-eac9607b6c3e/1.webp,1,2026-06-24T14:10:02+00:00
16c1e255-4acb-41da-97e3-4b8ec1230878,eacef840-80c7-4ed2-9df1-eac9607b6c3e,/photos/eacef840-80c7-4ed2-9df1-eac9607b6c3e/2.webp,2,2026-06-24T14:10:02+00:00
87bf31a9-14e2-44e6-b99f-a494d3c1cc3c,eacef840-80c7-4ed2-9df1-eac9607b6c3e,/photos/eacef840-80c7-4ed2-9df1-eac9607b6c3e/3.webp,3,2026-06-24T14:10:02+00:00
63b17744-8a2a-4ddb-a9a6-a9be58ea0ea4,eacef840-80c7-4ed2-9df1-eac9607b6c3e,/photos/eacef840-80c7-4ed2-9df1-eac9607b6c3e/4.webp,4,2026-06-24T14:10:02+00:00
f6c6b46e-9426-4fe0-a3e9-e234e24e0a01,eacef840-80c7-4ed2-9df1-eac9607b6c3e,/photos/eacef840-80c7-4ed2-9df1-eac9607b6c3e/5.webp,5,2026-06-24T14:10:02+00:00
0b7d3385-e6ec-44fd-8407-57d28d006386,eacef840-80c7-4ed2-9df1-eac9607b6c3e,/photos/eacef840-80c7-4ed2-9df1-eac9607b6c3e/6.webp,6,2026-06-24T14:10:02+00:00
8455b53c-1a9b-4d86-b961-db3222b13bf2,eacef840-80c7-4ed2-9df1-eac9607b6c3e,/photos/eacef840-80c7-4ed2-9df1-eac9607b6c3e/7.webp,7,2026-06-24T14:10:02+00:00
f7c4e5ac-37f8-4ced-91a7-9ebea7deaf35,eacef840-80c7-4ed2-9df1-eac9607b6c3e,/photos/eacef840-80c7-4ed2-9df1-eac9607b6c3e/8.webp,8,2026-06-24T14:10:02+00:00
c5a3c66b-2afc-470b-9c2b-374989f4e1d3,eacef840-80c7-4ed2-9df1-eac9607b6c3e,/photos/eacef840-80c7-4ed2-9df1-eac9607b6c3e/9.webp,9,2026-06-24T14:10:02+00:00
ede33c0a-e2b9-4e84-9709-471bed04765f,9e210195-bfa6-4d4a-b184-8fe88bda5812,/photos/9e210195-bfa6-4d4a-b184-8fe88bda5812/0.webp,0,2026-06-28T07:40:05+00:00
d3db9830-bb96-4644-9a2a-101e5b0af33f,9e210195-bfa6-4d4a-b184-8fe88bda5812,/photos/9e210195-bfa6-4d4a-b184-8fe88bda5812/1.webp,1,2026-06-28T07:40:05+00:00
0e21e812-786f-4400-b3e6-ce8496433bcb,9e210195-bfa6-4d4a-b184-8fe88bda5812,/photos/9e210195-bfa6-4d4a-b184-8fe88bda5812/2.webp,2,2026-06-28T07:40:05+00:00
e17315cc-d042-431f-be19-15286451f24d,9e210195-bfa6-4d4a-b184-8fe88bda5812,/photos/9e210195-bfa6-4d4a-b184-8fe88bda5812/3.webp,3,2026-06-28T07:40:05+00:00
91cb9591-5a76-4f19-b1f8-384c2c64fa16,cf07eefb-10f7-44c5-9dc1-0ca8531ebc18,/photos/cf07eefb-10f7-44c5-9dc1-0ca8531ebc18/0.webp,0,2026-07-27T20:22:01+00:00
1d1050ec-a284-4f06-b05c-3634981a805b,cf07eefb-10f7-44c5-9dc1-0ca8531ebc18,/photos/cf07eefb-10f7-44c5-9dc1-0ca8531ebc18/1.webp,1,2026-07-27T20:22:01+00:00
057a9725-6525-4c69-b315-5a08b1eab33f,cf07eefb-10f7-44c5-9dc1-0ca8531ebc18,/photos/cf07eefb-10f7-44c5-9dc1-0ca8531ebc18/2.webp,2,2026-07-27T20:22:01+00:00
cd0b2949-d205-461d-be1b-d695784f89ae,cf07eefb-10f7-44c5-9dc1-0ca8531ebc18,/photos/cf07eefb-10f7-44c5-9dc1-0ca8531ebc18/3.webp,3,2026-07-27T20:22:01+00:00
3e36005b-0cfd-4563-af81-8caa75e90dca,cf07eefb-10f7-44c5-9dc1-0ca8531ebc18,/photos/cf07eefb-10f7-44c5-9dc1-0ca8531ebc18/4.webp,4,2026-07-27T20:22:01+00:00
131b5adb-a775-4b7b-b06c-1757e3e55805,cf07eefb-10f7-44c5-9dc1-0ca8531ebc18,/photos/cf07eefb-10f7-44c5-9dc1-0ca8531ebc18/5.webp,5,2026-07-27T20:22:01+00:00
bc4b6efa-b1a3-4443-bf81-dba2dba23559,943e9e37-36e3-4ed4-a91c-fa49a231ba1a,/photos/943e9e37-36e3-4ed4-a91c-fa49a231ba1a/0.webp,0,2026-08-24T23:36:39+00:00
e7a05bd7-9322-40f6-be99-60fa56ac6a6e,642065d4-0338-4ac3-9220-a4c4f48cc077,/photos/642065d4-0338-4ac3-9220-a4c4f48cc077/0.webp,0,2025-06-04T00:37:50+00:00
1da45cf0-ce49-479a-aaa2-1bf7c160fcca,642065d4-0338-4ac3-9220-a4c4f48cc077,/photos/642065d4-0338-4ac3-9220-a4c4f48cc077/1.webp,1,2025-06-04T00:37:50+00:00
6617a271-a7c8-43d5-aa5a-1bf5fa23d5c6,642065d4-0338-4ac3-9220-a4c4f48cc077,/photos/642065d4-0338-4ac3-9220-a4c4f48cc077/2.webp,2,2025-06-04T00:37:50+00:00
9f328dac-f397-4d1f-9c8c-8db20cca8e5d,642065d4-0338-4ac3-9220-a4c4f48cc077,/photos/642065d4-0338-4ac3-9220-a4c4f48cc077/3.webp,3,2025-06-04T00:37:50+00:00
794bf9fd-c053-41ba-8065-1d2c2d7f0c44,f5414638-0d30-4511-b083-5562a4cd3fff,/photos/f5414638-0d30-4511-b083-5562a4cd3fff/0.webp,0,2025-05-16T09:27:23+00:00
23469fa5-e33a-4a9b-87ab-97df02c99ad5,f5414638-0d30-4511-b083-5562a4cd3fff,/photos/f5414638-0d30-4511-b083-5562a4cd3fff/1.webp,1,2025-05-16T09:27:23+00:00
45e494a5-6cec-4107-bbc6-c37c8041594d,e64c68d4-846b-4e12-95d0-9a3807341ee7,/photos/e64c68d4-846b-4e12-95d0-9a3807341ee7/0.webp,0,2026-07-15T00:39:34+00:00
b32bdacf-955e-48bd-81c9-88b3d9540ff0,e64c68d4-846b-4e12-95d0-9a3807341ee7,/photos/e64c68d4-846b-4e12-95d0-9a3807341ee7/1.webp,1,2026-07-15T00:39:34+00:00
9da81d96-3a04-4289-824b-bffc9fc04f98,e64c68d4-846b-4e12-95d0-9a3807341ee7,/photos/e64c68d4-846b-4e12-95d0-9a3807341ee7/2.webp,2,2026-07-15T00:39:34+00:00
88bfafbc-eb6d-4bc2-a158-9ad029f59a59,e64c68d4-846b-4e12-95d0-9a3807341ee7,/photos/e64c68d4-846b-4e12-95d0-9a3807341ee7/3.webp,3,2026-07-15T00:39:34+00:00
dbfcebbe-9ec4-4c2a-91bd-4863565c28ec,e64c68d4-846b-4e12-95d0-9a3807341ee7,/photos/e64c68d4-846b-4e12-95d0-9a3807341ee7/4.webp,4,2026-07-15T00:39:34+00:00
0e279c21-38c7-4388-84f6-6a0d957b2ad5,aff3ff09-c42c-4292-85c9-2363dbf90304,/photos/aff3ff09-c42c-4292-85c9-2363dbf90304/0.webp,0,2026-06-05T22:44:24+00:00
e77c21f3-dcae-40ff-8996-f1f9e0d95f92,aff3ff09-c42c-4292-85c9-2363dbf90304,/photos/aff3ff09-c42c-4292-85c9-2363dbf90304/1.webp,1,2026-06-05T22:44:24+00:00
06a8d2a2-40f5-4566-9b13-9fd879089181,aff3ff09-c42c-4292-85c9-2363dbf90304,/photos/aff3ff09-c42c-4292-85c9-2363dbf90304/2.webp,2,2026-06-05T22:44:24+00:00
e82c24a0-e994-40e6-8c1f-00cdf623a374,aff3ff09-c42c-4292-85c9-2363dbf90304,/photos/aff3ff09-c42c-4292-85c9-2363dbf90304/3.webp,3,2026-06-05T22:44:24+00:00
e556d585-00ed-4732-bd89-8cbb49979a2f,aff3ff09-c42c-4292-85c9-2363dbf90304,/photos/aff3ff09-c42c-4292-85c9-2363dbf90304/4.webp,4,2026-06-05T22:44:24+00:00
5cc717c6-dc8e-4683-81a4-023c13a98daf,aff3ff09-c42c-4292-85c9-2363dbf90304,/photos/aff3ff09-c42c-4292-85c9-2363dbf90304/5.webp,5,2026-06-05T22:44:24+00:00
6d1237c2-01fd-446b-8adc-2ce4eabcd2e1,aff3ff09-c42c-4292-85c9-2363dbf90304,/photos/aff3ff09-c42c-4292-85c9-2363dbf90304/6.webp,6,2026-06-05T22:44:24+00:00
4c81d224-bd0c-4377-b485-1d3c89ae9c60,db96c943-47f9-4ff4-b4df-5c51d40b1169,/photos/db96c943-47f9-4ff4-b4df-5c51d40b1169/0.webp,0,2025-07-23T04:44:51+00:00
64bef12a-505a-478d-af9f-7eb0c9f6ffa3,db96c943-47f9-4ff4-b4df-5c51d40b1169,/photos/db96c943-47f9-4ff4-b4df-5c51d40b1169/1.webp,1,2025-07-23T04:44:51+00:00
393f5bef-26ad-496c-84c3-e6ed765b897c,db96c943-47f9-4ff4-b4df-5c51d40b1169,/photos/db96c943-47f9-4ff4-b4df-5c51d40b1169/2.webp,2,2025-07-23T04:44:51+00:00
da28811a-6365-4aac-8e23-886c9c07c989,f9a1259b-d50c-4f9c-a7c1-1d410cad1e40,/photos/f9a1259b-d50c-4f9c-a7c1-1d410cad1e40/0.webp,0,2026-05-28T08:36:35+00:00
dad2c31a-3f03-4a64-9d8c-d7ef51b67f38,f9a1259b-d50c-4f9c-a7c1-1d410cad1e40,/photos/f9a1259b-d50c-4f9c-a7c1-1d410cad1e40/1.webp,1,2026-05-28T08:36:35+00:00
0bc330bb-9210-4429-a3a6-d927b4ba276c,f9a1259b-d50c-4f9c-a7c1-1d410cad1e40,/photos/f9a1259b-d50c-4f9c-a7c1-1d410cad1e40/2.webp,2,2026-05-28T08:36:35+00:00
f91e8c43-fe75-420f-b2f1-4a61aaf8ff5b,2f22b08c-1a5f-4d5c-9b10-c6741b094696,/photos/2f22b08c-1a5f-4d5c-9b10-c6741b094696/0.webp,0,2026-01-31T22:34:05+00:00
dbdbb220-e3d5-4a7c-abce-cabd357dde71,2f22b08c-1a5f-4d5c-9b10-c6741b094696,/photos/2f22b08c-1a5f-4d5c-9b10-c6741b094696/1.webp,1,2026-01-31T22:34:05+00:00
0933a738-54a0-4f63-b38e-4444aac53561,2f22b08c-1a5f-4d5c-9b10-c6741b094696,/photos/2f22b08c-1a5f-4d5c-9b10-c6741b094696/2.webp,2,2026-01-31T22:34:05+00:00
7bd3a8f9-0db4-4f6c-9b9e-cd9ed1bdc6b3,2f22b08c-1a5f-4d5c-9b10-c6741b094696,/photos/2f22b08c-1a5f-4d5c-9b10-c6741b094696/3.webp,3,2026-01-31T22:34:05+00:00
c5868f96-94da-46f6-9fd2-f7ce723ea150,a8441b89-3e1b-40c5-9a31-caa91f751706,/photos/a8441b89-3e1b-40c5-9a31-caa91f751706/0.webp,0,2026-07-17T10:32:55+00:00
362d490c-0d16-4f54-92f2-bec64c79ef64,a8441b89-3e1b-40c5-9a31-caa91f751706,/photos/a8441b89-3e1b-40c5-9a31-caa91f751706/1.webp,1,2026-07-17T10:32:55+00:00
b566d170-5c58-4406-82a8-8e37bdaa51d2,a8441b89-3e1b-40c5-9a31-caa91f751706,/photos/a8441b89-3e1b-40c5-9a31-caa91f751706/2.webp,2,2026-07-17T10:32:55+00:00
25b61fbb-2e75-4a11-a4f2-6e5197f29a84,a8441b89-3e1b-40c5-9a31-caa91f751706,/photos/a8441b89-3e1b-40c5-9a31-caa91f751706/3.webp,3,2026-07-17T10:32:55+00:00
09d31b61-91a8-4a3a-b2c7-42ac1339061c,a8441b89-3e1b-40c5-9a31-caa91f751706,/photos/a8441b89-3e1b-40c5-9a31-caa91f751706/4.webp,4,2026-07-17T10:32:55+00:00
abe4acc5-80fd-4631-96b7-d53ee72b7c29,40e22d31-5603-4083-9e30-762bfdfc0736,/photos/40e22d31-5603-4083-9e30-762bfdfc0736/0.webp,0,2025-12-23T12:45:31+00:00
c182a4ba-4f94-4c33-a91c-09f64ca174b9,40e22d31-5603-4083-9e30-762bfdfc0736,/photos/40e22d31-5603-4083-9e30-762bfdfc0736/1.webp,1,2025-12-23T12:45:31+00:00
29e6f8c4-00d2-448a-ae7a-cc60d701dc2c,5fa50627-36fa-4d1e-9e58-c0416b12a532,/photos/5fa50627-36fa-4d1e-9e58-c0416b12a532/0.webp,0,2025-08-18T23:09:41+00:00
bc2f6d4f-f3e5-47ac-9e02-eb9313a34bac,5fa50627-36fa-4d1e-9e58-c0416b12a532,/photos/5fa50627-36fa-4d1e-9e58-c0416b12a532/1.webp,1,2025-08-18T23:09:41+00:00
fe67c2e3-9467-4683-aac0-1f3f90a2d2e2,5fa50627-36fa-4d1e-9e58-c0416b12a532,/photos/5fa50627-36fa-4d1e-9e58-c0416b12a532/2.webp,2,2025-08-18T23:09:41+00:00
0703aeca-5cf3-4111-9082-04f7ea86af24,5fa50627-36fa-4d1e-9e58-c0416b12a532,/photos/5fa50627-36fa-4d1e-9e58-c0416b12a532/3.webp,3,2025-08-18T23:09:41+00:00
242912e0-be57-42c2-b32d-3fb5d623aa53,5fa50627-36fa-4d1e-9e58-c0416b12a532,/photos/5fa50627-36fa-4d1e-9e58-c0416b12a532/4.webp,4,2025-08-18T23:09:41+00:00
faea7be7-b1e2-45ce-b776-d0039aaa494b,0f2e984f-2081-46a5-8f11-9ebca9794250,/photos/0f2e984f-2081-46a5-8f11-9ebca9794250/0.webp,0,2025-09-17T09:09:18+00:00
d99641d2-4e3a-4b7e-b8c5-fc4b43f451c3,c75b1293-8267-42a4-b78e-4c4ffb3df52f,/photos/c75b1293-8267-42a4-b78e-4c4ffb3df52f/0.webp,0,2025-08-02T18:30:35+00:00
e2573285-93fd-40c4-9331-c20d38dcf6f5,c75b1293-8267-42a4-b78e-4c4ffb3df52f,/photos/c75b1293-8267-42a4-b78e-4c4ffb3df52f/1.webp,1,2025-08-02T18:30:35+00:00
67204bdd-9c71-43f8-a9e7-7d0b277f1fcf,c75b1293-8267-42a4-b78e-4c4ffb3df52f,/photos/c75b1293-8267-42a4-b78e-4c4ffb3df52f/2.webp,2,2025-08-02T18:30:35+00:00
ff04519b-c70d-4998-a871-431a6dd5b3cb,438f0e69-a664-482e-8335-f53be39c6194,/photos/438f0e69-a664-482e-8335-f53be39c6194/0.webp,0,2025-05-03T20:21:32+00:00
8384e6b3-e23d-441b-a649-7bce5e572509,438f0e69-a664-482e-8335-f53be39c6194,/photos/438f0e69-a664-482e-8335-f53be39c6194/1.webp,1,2025-05-03T20:21:32+00:00
a439e52a-c3cd-4846-9c7c-b737a1bf63b5,438f0e69-a664-482e-8335-f53be39c6194,/photos/438f0e69-a664-482e-8335-f53be39c6194/2.webp,2,2025-05-03T20:21:32+00:00
e25e7428-5321-4827-9bcd-12d0db1f5e1f,9e8ea95e-c080-4bfe-862d-dcaae6051c60,/photos/9e8ea95e-c080-4bfe-862d-dcaae6051c60/0.webp,0,2024-08-27T01:43:46+00:00
39939350-784a-49b0-9795-20ce55496b87,9e8ea95e-c080-4bfe-862d-dcaae6051c60,/photos/9e8ea95e-c080-4bfe-862d-dcaae6051c60/1.webp,1,2024-08-27T01:43:46+00:00
8815fe5b-5f72-465a-845f-90d4db4a4d7e,9e8ea95e-c080-4bfe-862d-dcaae6051c60,/photos/9e8ea95e-c080-4bfe-862d-dcaae6051c60/2.webp,2,2024-08-27T01:43:46+00:00
0ef452a4-6f44-44f8-9a3a-bb4c6ec65f22,476cdd16-b68b-4564-b4fe-caead00ea3b2,/photos/476cdd16-b68b-4564-b4fe-caead00ea3b2/0.webp,0,2025-05-20T03:32:47+00:00
60d84ded-91b0-47c9-a591-5042fafe6436,476cdd16-b68b-4564-b4fe-caead00ea3b2,/photos/476cdd16-b68b-4564-b4fe-caead00ea3b2/1.webp,1,2025-05-20T03:32:47+00:00
251daa4b-7ead-46a9-b0f4-518d868276c2,476cdd16-b68b-4564-b4fe-caead00ea3b2,/photos/476cdd16-b68b-4564-b4fe-caead00ea3b2/2.webp,2,2025-05-20T03:32:47+00:00
5472a9c3-fc88-4057-9059-8fd986f4ace4,476cdd16-b68b-4564-b4fe-caead00ea3b2,/photos/476cdd16-b68b-4564-b4fe-caead00ea3b2/3.webp,3,2025-05-20T03:32:47+00:00
13957299-9ab2-495c-a959-29609684f222,476cdd16-b68b-4564-b4fe-caead00ea3b2,/photos/476cdd16-b68b-4564-b4fe-caead00ea3b2/4.webp,4,2025-05-20T03:32:47+00:00
882fdc06-804e-4e82-97c2-34e8986ec621,476cdd16-b68b-4564-b4fe-caead00ea3b2,/photos/476cdd16-b68b-4564-b4fe-caead00ea3b2/5.webp,5,2025-05-20T03:32:47+00:00
ca4e0b44-c57e-44d3-9ac0-bd30eb6eb1a7,476cdd16-b68b-4564-b4fe-caead00ea3b2,/photos/476cdd16-b68b-4564-b4fe-caead00ea3b2/6.webp,6,2025-05-20T03:32:47+00:00
8d801e14-6eee-4f92-b1ea-fee991ecc1a8,476cdd16-b68b-4564-b4fe-caead00ea3b2,/photos/476cdd16-b68b-4564-b4fe-caead00ea3b2/7.webp,7,2025-05-20T03:32:47+00:00
6c309feb-282c-4735-ace9-e7f46bd5c3d1,476cdd16-b68b-4564-b4fe-caead00ea3b2,/photos/476cdd16-b68b-4564-b4fe-caead00ea3b2/8.webp,8,2025-05-20T03:32:47+00:00
22fa7db9-9b10-4e69-859e-1de7424621be,476cdd16-b68b-4564-b4fe-caead00ea3b2,/photos/476cdd16-b68b-4564-b4fe-caead00ea3b2/9.webp,9,2025-05-20T03:32:47+00:00
91dc52e8-3da7-4100-8af3-7e8dc226eeca,05fce59e-5e42-4c27-b717-d2612cdeb3b8,/photos/05fce59e-5e42-4c27-b717-d2612cdeb3b8/0.webp,0,2026-08-16T23:19:06+00:00
c2923426-2cc7-4a62-ad7f-ba9fa128b483,d917a56b-1f11-47fe-bdba-8797f230cd34,/photos/d917a56b-1f11-47fe-bdba-8797f230cd34/0.webp,0,2025-12-20T12:59:28+00:00
9f7b0241-a28e-4429-892e-8ef2279edd1b,d917a56b-1f11-47fe-bdba-8797f230cd34,/photos/d917a56b-1f11-47fe-bdba-8797f230cd34/1.webp,1,2025-12-20T12:59:28+00:00
f9e54dfb-a237-46e8-907e-45243f19b34d,d917a56b-1f11-47fe-bdba-8797f230cd34,/photos/d917a56b-1f11-47fe-bdba-8797f230cd34/2.webp,2,2025-12-20T12:59:28+00:00
4b39682f-7eee-4cc2-8086-00ee70ac2820,d917a56b-1f11-47fe-bdba-8797f230cd34,/photos/d917a56b-1f11-47fe-bdba-8797f230cd34/3.webp,3,2025-12-20T12:59:28+00:00
2991d48c-a15d-4c0f-a0c9-b60e42df9db4,d917a56b-1f11-47fe-bdba-8797f230cd34,/photos/d917a56b-1f11-47fe-bdba-8797f230cd34/4.webp,4,2025-12-20T12:59:28+00:00
b3860016-c23e-469c-8e9d-ce9643d0e01c,d917a56b-1f11-47fe-bdba-8797f230cd34,/photos/d917a56b-1f11-47fe-bdba-8797f230cd34/5.webp,5,2025-12-20T12:59:28+00:00
bd2585d9-d307-49b7-b261-d9fd8f45a781,d917a56b-1f11-47fe-bdba-8797f230cd34,/photos/d917a56b-1f11-47fe-bdba-8797f230cd34/6.webp,6,2025-12-20T12:59:28+00:00
202825b7-6980-47da-b23b-622530acc570,d917a56b-1f11-47fe-bdba-8797f230cd34,/photos/d917a56b-1f11-47fe-bdba-8797f230cd34/7.webp,7,2025-12-20T12:59:28+00:00
935de41a-dabc-4e7a-9660-85446f5c645b,a4666c75-84c9-4031-90e7-e197964bc47c,/photos/a4666c75-84c9-4031-90e7-e197964bc47c/0.webp,0,2025-06-03T01:00:47+00:00
2ac3d3b0-d89a-45db-85c6-ed9977a6ad46,a4666c75-84c9-4031-90e7-e197964bc47c,/photos/a4666c75-84c9-4031-90e7-e197964bc47c/1.webp,1,2025-06-03T01:00:47+00:00
853394e8-9439-48c5-8166-1b13590767df,a4666c75-84c9-4031-90e7-e197964bc47c,/photos/a4666c75-84c9-4031-90e7-e197964bc47c/2.webp,2,2025-06-03T01:00:47+00:00
ac9d4c31-b515-4b22-bc00-c2162839b43b,dc143252-7226-4016-ba24-b1dde2fca9f9,/photos/dc143252-7226-4016-ba24-b1dde2fca9f9/0.webp,0,2024-08-24T11:43:22+00:00
a3fbbeea-736e-403e-b67f-c2ca4011c7df,dc143252-7226-4016-ba24-b1dde2fca9f9,/photos/dc143252-7226-4016-ba24-b1dde2fca9f9/1.webp,1,2024-08-24T11:43:22+00:00
899cb9b4-001d-4bb6-a198-2c3afe6a857f,7dec7057-4357-4422-86c3-a8a890c704b7,/photos/7dec7057-4357-4422-86c3-a8a890c704b7/0.webp,0,2026-07-02T14:21:53+00:00
161f3025-0536-4da6-8247-faed7e666e1f,7dec7057-4357-4422-86c3-a8a890c704b7,/photos/7dec7057-4357-4422-86c3-a8a890c704b7/1.webp,1,2026-07-02T14:21:53+00:00
828ab364-3b7e-41aa-894d-030f2d5b00ea,6f882891-0391-463e-b5ef-fd5844c90317,/photos/6f882891-0391-463e-b5ef-fd5844c90317/0.webp,0,2026-07-08T14:53:37+00:00
cf202f35-3f18-4f72-a1ae-7b7ec379ac44,6f882891-0391-463e-b5ef-fd5844c90317,/photos/6f882891-0391-463e-b5ef-fd5844c90317/1.webp,1,2026-07-08T14:53:37+00:00
d5e9b302-b5e6-4b05-8637-51edfe159e9f,6f882891-0391-463e-b5ef-fd5844c90317,/photos/6f882891-0391-463e-b5ef-fd5844c90317/2.webp,2,2026-07-08T14:53:37+00:00
17e989ce-d290-498a-83c9-8b71f03fa800,6f882891-0391-463e-b5ef-fd5844c90317,/photos/6f882891-0391-463e-b5ef-fd5844c90317/3.webp,3,2026-07-08T14:53:37+00:00
b62690e1-2840-4156-9e94-9c25f1dd6948,6f882891-0391-463e-b5ef-fd5844c90317,/photos/6f882891-0391-463e-b5ef-fd5844c90317/4.webp,4,2026-07-08T14:53:37+00:00
2aec1ae1-9526-4658-ac06-3699d7710ed4,eb4ad25b-d63e-458e-8e2b-c648af42b16e,/photos/eb4ad25b-d63e-458e-8e2b-c648af42b16e/0.webp,0,2025-04-16T18:53:12+00:00
8ad3bf51-2f8a-4e06-9bda-57e5036cc71a,eb4ad25b-d63e-458e-8e2b-c648af42b16e,/photos/eb4ad25b-d63e-458e-8e2b-c648af42b16e/1.webp,1,2025-04-16T18:53:12+00:00
d7433a8d-e727-4142-8b5c-1e2293eab1b6,953975ea-03d5-4ebd-8975-007433902e94,/photos/953975ea-03d5-4ebd-8975-007433902e94/0.webp,0,2026-08-17T10:28:03+00:00
265a3927-4295-4b3d-96c3-b605b26002a2,953975ea-03d5-4ebd-8975-007433902e94,/photos/953975ea-03d5-4ebd-8975-007433902e94/1.webp,1,2026-08-17T10:28:03+00:00
60ab169d-0a2d-4deb-bacd-450f10352fa4,953975ea-03d5-4ebd-8975-007433902e94,/photos/953975ea-03d5-4ebd-8975-007433902e94/2.webp,2,2026-08-17T10:28:03+00:00
cf7154c9-3bb6-4dd6-ad6a-985a269a6664,07448d64-df5e-426d-9dbd-a7ddad0499e9,/photos/07448d64-df5e-426d-9dbd-a7ddad0499e9/0.webp,0,2026-08-15T01:27:12+00:00
2b124bd3-6188-470a-ab70-c6d5a212bfae,07448d64-df5e-426d-9dbd-a7ddad0499e9,/photos/07448d64-df5e-426d-9dbd-a7ddad0499e9/1.webp,1,2026-08-15T01:27:12+00:00
aae64f84-2ee1-4128-891d-7ba9cb6a97a4,79a92a7c-8cf5-40de-9fd0-799a73e2f664,/photos/79a92a7c-8cf5-40de-9fd0-799a73e2f664/0.webp,0,2026-08-08T21:32:13+00:00
ccd6027b-1e7f-4213-af50-8efa6df38312,79a92a7c-8cf5-40de-9fd0-799a73e2f664,/photos/79a92a7c-8cf5-40de-9fd0-799a73e2f664/1.webp,1,2026-08-08T21:32:13+00:00
7e684de7-6fad-4506-8d83-22a8c6ebd0b7,1fd0e030-7d48-46bc-ac61-75e514bd7797,/photos/1fd0e030-7d48-46bc-ac61-75e514bd7797/0.webp,0,2026-05-22T00:44:00+00:00
af072d37-2f1a-411f-abc0-bd9d2cd2929f,1fd0e030-7d48-46bc-ac61-75e514bd7797,/photos/1fd0e030-7d48-46bc-ac61-75e514bd7797/1.webp,1,2026-05-22T00:44:00+00:00
7888c4da-545d-41d2-93d5-c1c8907cffa3,1fd0e030-7d48-46bc-ac61-75e514bd7797,/photos/1fd0e030-7d48-46bc-ac61-75e514bd7797/2.webp,2,2026-05-22T00:44:00+00:00
8d3108f0-dc0d-4e77-bcdf-d9179f2a8822,1fd0e030-7d48-46bc-ac61-75e514bd7797,/photos/1fd0e030-7d48-46bc-ac61-75e514bd7797/3.webp,3,2026-05-22T00:44:00+00:00
afc6f804-7de3-4acc-a214-35e3ef662eea,1fd0e030-7d48-46bc-ac61-75e514bd7797,/photos/1fd0e030-7d48-46bc-ac61-75e514bd7797/4.webp,4,2026-05-22T00:44:00+00:00
8edad923-3466-4a91-b6df-dadb87877a2a,caa94f52-0765-4fee-8543-81d6a2b8ca5b,/photos/caa94f52-0765-4fee-8543-81d6a2b8ca5b/0.webp,0,2025-08-27T03:49:36+00:00
1c56edb6-97b9-4f26-a847-6f5ebbaf68a2,caa94f52-0765-4fee-8543-81d6a2b8ca5b,/photos/caa94f52-0765-4fee-8543-81d6a2b8ca5b/1.webp,1,2025-08-27T03:49:36+00:00
9859b944-f11b-434c-b3b8-0989584f1c2f,bd91972f-0869-4d8f-902a-d86da679af58,/photos/bd91972f-0869-4d8f-902a-d86da679af58/0.webp,0,2026-08-25T02:35:48+00:00
cac38055-2e58-4164-b799-d3a8c16e489d,80bba286-df47-4cb0-8705-bcef376ba27a,/photos/80bba286-df47-4cb0-8705-bcef376ba27a/0.webp,0,2026-02-05T23:22:36+00:00
125ad67e-9eca-4bf9-b411-94b813b1ea2d,80bba286-df47-4cb0-8705-bcef376ba27a,/photos/80bba286-df47-4cb0-8705-bcef376ba27a/1.webp,1,2026-02-05T23:22:36+00:00
1ed53287-5f82-44b2-b7f0-36cb6e275f9e,80bba286-df47-4cb0-8705-bcef376ba27a,/photos/80bba286-df47-4cb0-8705-bcef376ba27a/2.webp,2,2026-02-05T23:22:36+00:00
6aa865ed-6a6a-4e82-b62d-68e7e625cdb3,80bba286-df47-4cb0-8705-bcef376ba27a,/photos/80bba286-df47-4cb0-8705-bcef376ba27a/3.webp,3,2026-02-05T23:22:36+00:00
623263ae-4e8c-469c-811b-c046ab44ddee,9da1335d-3e20-4a38-ad85-d0c415a77516,/photos/9da1335d-3e20-4a38-ad85-d0c415a77516/0.webp,0,2025-07-11T15:48:36+00:00
6ec87665-8e0a-4753-b34b-48ab8385ba69,9da1335d-3e20-4a38-ad85-d0c415a77516,/photos/9da1335d-3e20-4a38-ad85-d0c415a77516/1.webp,1,2025-07-11T15:48:36+00:00
39d2fd90-3ccd-4f19-962b-656f251316bf,9da1335d-3e20-4a38-ad85-d0c415a77516,/photos/9da1335d-3e20-4a38-ad85-d0c415a77516/2.webp,2,2025-07-11T15:48:36+00:00
867135d4-138a-4c9d-9043-234925b66aef,9da1335d-3e20-4a38-ad85-d0c415a77516,/photos/9da1335d-3e20-4a38-ad85-d0c415a77516/3.webp,3,2025-07-11T15:48:36+00:00
feb05780-dc16-4d0e-b934-dda88ae0b81f,54641876-9be8-47d3-9c1b-d3e5ea583b7c,/photos/54641876-9be8-47d3-9c1b-d3e5ea583b7c/0.webp,0,2026-07-16T11:42:20+00:00
9d591764-82a2-49ef-8420-ddb16fcfa706,54641876-9be8-47d3-9c1b-d3e5ea583b7c,/photos/54641876-9be8-47d3-9c1b-d3e5ea583b7c/1.webp,1,2026-07-16T11:42:20+00:00
d231361c-1076-4a5f-8116-c53274bfbcdd,54641876-9be8-47d3-9c1b-d3e5ea583b7c,/photos/54641876-9be8-47d3-9c1b-d3e5ea583b7c/2.webp,2,2026-07-16T11:42:20+00:00
cdf79492-cb01-41ec-a8a1-cb51f5ae9ef7,30fdfafe-3c3f-4ffd-a8c2-435cf572e3f0,/photos/30fdfafe-3c3f-4ffd-a8c2-435cf572e3f0/0.webp,0,2026-05-05T03:13:16+00:00
50d4a52a-2581-4fa2-b8ac-ce75b163e721,30fdfafe-3c3f-4ffd-a8c2-435cf572e3f0,/photos/30fdfafe-3c3f-4ffd-a8c2-435cf572e3f0/1.webp,1,2026-05-05T03:13:16+00:00
155589f8-2feb-4757-8198-7e142e97a782,30fdfafe-3c3f-4ffd-a8c2-435cf572e3f0,/photos/30fdfafe-3c3f-4ffd-a8c2-435cf572e3f0/2.webp,2,2026-05-05T03:13:16+00:00
9f1f47dd-2909-4957-9864-bcc7e4b4b15a,e6fe2823-7d51-40c1-ad80-81d07a3ae9d6,/photos/e6fe2823-7d51-40c1-ad80-81d07a3ae9d6/0.webp,0,2024-12-02T00:11:04+00:00
facf6851-13d5-43ff-b5b0-aa3f5a867c7a,e6fe2823-7d51-40c1-ad80-81d07a3ae9d6,/photos/e6fe2823-7d51-40c1-ad80-81d07a3ae9d6/1.webp,1,2024-12-02T00:11:04+00:00
3c9a8a85-cf36-41e1-b620-cb606efa7e78,e6fe2823-7d51-40c1-ad80-81d07a3ae9d6,/photos/e6fe2823-7d51-40c1-ad80-81d07a3ae9d6/2.webp,2,2024-12-02T00:11:04+00:00
48e2c4f1-d6d3-45b2-bc43-85762873592b,e6fe2823-7d51-40c1-ad80-81d07a3ae9d6,/photos/e6fe2823-7d51-40c1-ad80-81d07a3ae9d6/3.webp,3,2024-12-02T00:11:04+00:00
44fd0efa-9439-4c0d-bb42-2a100efea182,5455e362-926a-4c40-b65f-517c9c48e468,/photos/5455e362-926a-4c40-b65f-517c9c48e468/0.webp,0,2025-09-24T04:50:12+00:00
dfa62e0c-8c35-4708-b820-91cd6971a96f,5455e362-926a-4c40-b65f-517c9c48e468,/photos/5455e362-926a-4c40-b65f-517c9c48e468/1.webp,1,2025-09-24T04:50:12+00:00
6aa2b42f-ec35-44e4-aa19-f66a5fa8cb7f,5455e362-926a-4c40-b65f-517c9c48e468,/photos/5455e362-926a-4c40-b65f-517c9c48e468/2.webp,2,2025-09-24T04:50:12+00:00
7016058a-a1b2-4679-8637-84ffa12e2482,5455e362-926a-4c40-b65f-517c9c48e468,/photos/5455e362-926a-4c40-b65f-517c9c48e468/3.webp,3,2025-09-24T04:50:12+00:00
e97acad5-0fc4-4f18-8a4e-11e37f2e3ce1,5455e362-926a-4c40-b65f-517c9c48e468,/photos/5455e362-926a-4c40-b65f-517c9c48e468/4.webp,4,2025-09-24T04:50:12+00:00
202d08bd-ea2c-4e8f-ab44-20e788822ccb,5455e362-926a-4c40-b65f-517c9c48e468,/photos/5455e362-926a-4c40-b65f-517c9c48e468/5.webp,5,2025-09-24T04:50:12+00:00
d11f6da2-1ca9-404a-93ae-baf732939351,5455e362-926a-4c40-b65f-517c9c48e468,/photos/5455e362-926a-4c40-b65f-517c9c48e468/6.webp,6,2025-09-24T04:50:12+00:00
13954b8b-2479-4f52-90df-644f42cfe811,937937f9-03b3-422e-b103-ac8815fafae8,/photos/937937f9-03b3-422e-b103-ac8815fafae8/0.webp,0,2024-10-07T05:19:54+00:00
15bf952b-4ef8-46e9-bfcd-cf38817cc8e7,937937f9-03b3-422e-b103-ac8815fafae8,/photos/937937f9-03b3-422e-b103-ac8815fafae8/1.webp,1,2024-10-07T05:19:54+00:00
0e290ca0-c042-4e52-acc7-642d61ff9556,a321d099-b04f-41cc-a9af-a6f05e5476b7,/photos/a321d099-b04f-41cc-a9af-a6f05e5476b7/0.webp,0,2026-08-23T03:48:29+00:00
db42d0ee-eb83-4b85-b0c6-c349f1433555,a321d099-b04f-41cc-a9af-a6f05e5476b7,/photos/a321d099-b04f-41cc-a9af-a6f05e5476b7/1.webp,1,2026-08-23T03:48:29+00:00
c12b2654-e984-48ae-9cdc-618078917be3,a321d099-b04f-41cc-a9af-a6f05e5476b7,/photos/a321d099-b04f-41cc-a9af-a6f05e5476b7/2.webp,2,2026-08-23T03:48:29+00:00
9f00069d-21cc-4ea9-bdb4-9b60ace61929,a321d099-b04f-41cc-a9af-a6f05e5476b7,/photos/a321d099-b04f-41cc-a9af-a6f05e5476b7/3.webp,3,2026-08-23T03:48:29+00:00
8a3c7038-f790-4ddd-9dc6-e02a034dc4eb,a321d099-b04f-41cc-a9af-a6f05e5476b7,/photos/a321d099-b04f-41cc-a9af-a6f05e5476b7/4.webp,4,2026-08-23T03:48:29+00:00
82359f3d-b184-4c07-b1f5-fd1e82bdff82,06eedb5e-eb0c-4173-9bbc-fb6533f76281,/photos/06eedb5e-eb0c-4173-9bbc-fb6533f76281/0.webp,0,2026-05-03T23:16:32+00:00
06618718-016c-4a26-a3cf-66def3cd376c,06eedb5e-eb0c-4173-9bbc-fb6533f76281,/photos/06eedb5e-eb0c-4173-9bbc-fb6533f76281/1.webp,1,2026-05-03T23:16:32+00:00
a470f026-e2d7-4212-a345-db118c1d5f3f,06eedb5e-eb0c-4173-9bbc-fb6533f76281,/photos/06eedb5e-eb0c-4173-9bbc-fb6533f76281/2.webp,2,2026-05-03T23:16:32+00:00
c0241c50-96e2-46d3-a55d-f00c5dc5ea85,06eedb5e-eb0c-4173-9bbc-fb6533f76281,/photos/06eedb5e-eb0c-4173-9bbc-fb6533f76281/3.webp,3,2026-05-03T23:16:32+00:00
e2a4a55f-aac9-4484-b315-302c612b8df5,436154e7-f4a6-4d91-ab3e-3e44fd53cda7,/photos/436154e7-f4a6-4d91-ab3e-3e44fd53cda7/0.webp,0,2025-08-17T05:24:00+00:00
27026aad-113d-48bd-9caa-1f28c86bf353,436154e7-f4a6-4d91-ab3e-3e44fd53cda7,/photos/436154e7-f4a6-4d91-ab3e-3e44fd53cda7/1.webp,1,2025-08-17T05:24:00+00:00
87576bf3-8fec-4430-b14d-9cd1841e6a12,436154e7-f4a6-4d91-ab3e-3e44fd53cda7,/photos/436154e7-f4a6-4d91-ab3e-3e44fd53cda7/2.webp,2,2025-08-17T05:24:00+00:00
62cd651f-ad10-47b5-8419-076d7e4eb0da,f7ee3b82-92f3-40bb-b3a1-39344625e48c,/photos/f7ee3b82-92f3-40bb-b3a1-39344625e48c/0.webp,0,2026-06-03T09:09:12+00:00
f20b54a8-ae0f-478d-be09-823a93429b83,f7ee3b82-92f3-40bb-b3a1-39344625e48c,/photos/f7ee3b82-92f3-40bb-b3a1-39344625e48c/1.webp,1,2026-06-03T09:09:12+00:00
5892ecdf-1b9e-4e29-b7bf-76a8f2054d70,5f4747f5-0674-480d-9f65-3a9ca785d8d1,/photos/5f4747f5-0674-480d-9f65-3a9ca785d8d1/0.webp,0,2025-08-04T13:42:25+00:00
63d4cc90-0ce9-4775-b147-87f1740b2e0d,5f4747f5-0674-480d-9f65-3a9ca785d8d1,/photos/5f4747f5-0674-480d-9f65-3a9ca785d8d1/1.webp,1,2025-08-04T13:42:25+00:00
e57c4367-cccf-4876-8fe9-a8e1bbf4eddb,5f4747f5-0674-480d-9f65-3a9ca785d8d1,/photos/5f4747f5-0674-480d-9f65-3a9ca785d8d1/2.webp,2,2025-08-04T13:42:25+00:00
f4b1306e-2d4f-4ce3-9a03-24a7a17e11bf,5f4747f5-0674-480d-9f65-3a9ca785d8d1,/photos/5f4747f5-0674-480d-9f65-3a9ca785d8d1/3.webp,3,2025-08-04T13:42:25+00:00
b7b90f49-a7bc-4619-a17b-2b6969ecb480,5f4747f5-0674-480d-9f65-3a9ca785d8d1,/photos/5f4747f5-0674-480d-9f65-3a9ca785d8d1/4.webp,4,2025-08-04T13:42:25+00:00
38555607-0c30-42b5-9736-7fd5cade1c69,98c85e03-56a2-48f7-938d-dd97d79a31b3,/photos/98c85e03-56a2-48f7-938d-dd97d79a31b3/0.webp,0,2025-10-29T14:02:48+00:00
b5c9fe3c-f6c5-4f41-b306-142292a7f46e,98c85e03-56a2-48f7-938d-dd97d79a31b3,/photos/98c85e03-56a2-48f7-938d-dd97d79a31b3/1.webp,1,2025-10-29T14:02:48+00:00
0ffa8847-8e96-4c6b-ade4-6f2a5c50805e,98c85e03-56a2-48f7-938d-dd97d79a31b3,/photos/98c85e03-56a2-48f7-938d-dd97d79a31b3/2.webp,2,2025-10-29T14:02:48+00:00
1fae172e-79dd-48d2-9a89-c41bb06815aa,98c85e03-56a2-48f7-938d-dd97d79a31b3,/photos/98c85e03-56a2-48f7-938d-dd97d79a31b3/3.webp,3,2025-10-29T14:02:48+00:00
4022d4b8-0679-4574-8c4b-d91ae4521b6b,98c85e03-56a2-48f7-938d-dd97d79a31b3,/photos/98c85e03-56a2-48f7-938d-dd97d79a31b3/4.webp,4,2025-10-29T14:02:48+00:00
d4123c25-11fe-418c-b96c-bdc703cb1927,ce945666-5c66-40bf-8978-0cc463d79ab9,/photos/ce945666-5c66-40bf-8978-0cc463d79ab9/0.webp,0,2025-05-12T03:40:04+00:00
95be799f-84f0-49d5-b07f-48efcfc2aa69,ce945666-5c66-40bf-8978-0cc463d79ab9,/photos/ce945666-5c66-40bf-8978-0cc463d79ab9/1.webp,1,2025-05-12T03:40:04+00:00
edf91f33-caec-4eb7-8c1e-57d9cee362a6,ce945666-5c66-40bf-8978-0cc463d79ab9,/photos/ce945666-5c66-40bf-8978-0cc463d79ab9/2.webp,2,2025-05-12T03:40:04+00:00
fcc61e2b-30c3-4636-8b6e-ac87b0e4d1d9,ce945666-5c66-40bf-8978-0cc463d79ab9,/photos/ce945666-5c66-40bf-8978-0cc463d79ab9/3.webp,3,2025-05-12T03:40:04+00:00
b16dc3a5-dcfb-48f7-a70f-cbf5f4d5db4d,ce945666-5c66-40bf-8978-0cc463d79ab9,/photos/ce945666-5c66-40bf-8978-0cc463d79ab9/4.webp,4,2025-05-12T03:40:04+00:00
25fddfc2-8562-45dc-8ce8-c391de28c009,ce945666-5c66-40bf-8978-0cc463d79ab9,/photos/ce945666-5c66-40bf-8978-0cc463d79ab9/5.webp,5,2025-05-12T03:40:04+00:00
01981ad8-a4b3-4816-8381-6cfcfdea763d,3c72eb92-759f-4f4f-8df5-fe6cba342c02,/photos/3c72eb92-759f-4f4f-8df5-fe6cba342c02/0.webp,0,2026-05-02T23:13:30+00:00
bce35626-0979-49d9-8df2-e8464f4d7dff,3c72eb92-759f-4f4f-8df5-fe6cba342c02,/photos/3c72eb92-759f-4f4f-8df5-fe6cba342c02/1.webp,1,2026-05-02T23:13:30+00:00
36d978a0-41f7-4d24-8e98-6c45e56011ee,3c72eb92-759f-4f4f-8df5-fe6cba342c02,/photos/3c72eb92-759f-4f4f-8df5-fe6cba342c02/2.webp,2,2026-05-02T23:13:30+00:00
b9cdcd8e-bca5-4374-90e8-7c6716c60ada,b7124a14-b1b7-49de-adb5-077af9e0b618,/photos/b7124a14-b1b7-49de-adb5-077af9e0b618/0.webp,0,2026-04-26T09:56:46+00:00
796ca2c6-0323-4677-8240-6dc10dbd1c49,b7124a14-b1b7-49de-adb5-077af9e0b618,/photos/b7124a14-b1b7-49de-adb5-077af9e0b618/1.webp,1,2026-04-26T09:56:46+00:00
5e20502a-e68a-4b9c-9cdd-d7507f0ad40c,b7124a14-b1b7-49de-adb5-077af9e0b618,/photos/b7124a14-b1b7-49de-adb5-077af9e0b618/2.webp,2,2026-04-26T09:56:46+00:00
29f985ff-1f53-47cf-a1a0-4de286e9247c,b7124a14-b1b7-49de-adb5-077af9e0b618,/photos/b7124a14-b1b7-49de-adb5-077af9e0b618/3.webp,3,2026-04-26T09:56:46+00:00
2b48dbc5-b9c6-446e-a3e2-91373759fbe5,b7124a14-b1b7-49de-adb5-077af9e0b618,/photos/b7124a14-b1b7-49de-adb5-077af9e0b618/4.webp,4,2026-04-26T09:56:46+00:00
b85520af-5b6b-4280-9136-b51b7a99ff1c,b7124a14-b1b7-49de-adb5-077af9e0b618,/photos/b7124a14-b1b7-49de-adb5-077af9e0b618/5.webp,5,2026-04-26T09:56:46+00:00
e3a5b4c3-fbbe-4da6-8ed9-2ed099c65506,b7124a14-b1b7-49de-adb5-077af9e0b618,/photos/b7124a14-b1b7-49de-adb5-077af9e0b618/6.webp,6,2026-04-26T09:56:46+00:00
e0a31c72-50a4-4e72-9c22-fc50606de7b7,865e0824-aeac-4fdf-b605-de44a124b4f3,/photos/865e0824-aeac-4fdf-b605-de44a124b4f3/0.webp,0,2025-10-30T00:35:43+00:00
42d8f998-6b0f-446d-8d97-75b4137c5982,865e0824-aeac-4fdf-b605-de44a124b4f3,/photos/865e0824-aeac-4fdf-b605-de44a124b4f3/1.webp,1,2025-10-30T00:35:43+00:00
bc76774f-8452-4b83-a3b1-a21d7b3e35c4,865e0824-aeac-4fdf-b605-de44a124b4f3,/photos/865e0824-aeac-4fdf-b605-de44a124b4f3/2.webp,2,2025-10-30T00:35:43+00:00
eea9e419-2b89-4204-b366-4e9b41dc0fcc,865e0824-aeac-4fdf-b605-de44a124b4f3,/photos/865e0824-aeac-4fdf-b605-de44a124b4f3/3.webp,3,2025-10-30T00:35:43+00:00
c8d560bc-b3db-4b71-9e46-7e53c7e5397b,865e0824-aeac-4fdf-b605-de44a124b4f3,/photos/865e0824-aeac-4fdf-b605-de44a124b4f3/4.webp,4,2025-10-30T00:35:43+00:00
3f95701b-0e9d-4330-aebb-48b3b9f059b6,865e0824-aeac-4fdf-b605-de44a124b4f3,/photos/865e0824-aeac-4fdf-b605-de44a124b4f3/5.webp,5,2025-10-30T00:35:43+00:00
cbf0a85d-a54b-47e7-9988-ec1eaff7c28f,5b65d7d7-c4ac-42b4-a74d-3acc589e1bd0,/photos/5b65d7d7-c4ac-42b4-a74d-3acc589e1bd0/0.webp,0,2026-08-28T09:01:09+00:00
20abac15-0414-45db-9123-378d62bcebcb,5b65d7d7-c4ac-42b4-a74d-3acc589e1bd0,/photos/5b65d7d7-c4ac-42b4-a74d-3acc589e1bd0/1.webp,1,2026-08-28T09:01:09+00:00
e94bf681-8a3e-499b-92fb-7794cf4edaa8,5b65d7d7-c4ac-42b4-a74d-3acc589e1bd0,/photos/5b65d7d7-c4ac-42b4-a74d-3acc589e1bd0/2.webp,2,2026-08-28T09:01:09+00:00
ec9f3d9b-a23d-4b21-a185-91c1ef67f7a7,5b65d7d7-c4ac-42b4-a74d-3acc589e1bd0,/photos/5b65d7d7-c4ac-42b4-a74d-3acc589e1bd0/3.webp,3,2026-08-28T09:01:09+00:00
be437ef8-edcf-46cd-922e-f87600cfa0a2,5b65d7d7-c4ac-42b4-a74d-3acc589e1bd0,/photos/5b65d7d7-c4ac-42b4-a74d-3acc589e1bd0/4.webp,4,2026-08-28T09:01:09+00:00
9ca3583f-2b17-4955-b6ab-adb01ea74d84,81abfff8-66a5-4d4f-be7e-a1e16cb12246,/photos/81abfff8-66a5-4d4f-be7e-a1e16cb12246/0.webp,0,2026-05-26T03:55:32+00:00
bb6a7073-4704-4f6b-b25a-6144d751406b,81abfff8-66a5-4d4f-be7e-a1e16cb12246,/photos/81abfff8-66a5-4d4f-be7e-a1e16cb12246/1.webp,1,2026-05-26T03:55:32+00:00
64298ec5-751d-40c2-967c-7b870aa2a7fd,f9d83822-d328-4a41-aefc-b2fb0a3010a6,/photos/f9d83822-d328-4a41-aefc-b2fb0a3010a6/0.webp,0,2026-01-19T23:40:07+00:00
e0d6e9d9-84c1-4c03-ab3f-bfe663173348,f9d83822-d328-4a41-aefc-b2fb0a3010a6,/photos/f9d83822-d328-4a41-aefc-b2fb0a3010a6/1.webp,1,2026-01-19T23:40:07+00:00
e0ae86a0-ac2c-4f6a-ae08-ae6baab164ab,c1a1dbb4-31aa-4995-9f85-85f1c622daf7,/photos/c1a1dbb4-31aa-4995-9f85-85f1c622daf7/0.webp,0,2024-09-02T10:16:28+00:00
975b4c74-f97c-4e95-855e-bfe7e614e459,c1a1dbb4-31aa-4995-9f85-85f1c622daf7,/photos/c1a1dbb4-31aa-4995-9f85-85f1c622daf7/1.webp,1,2024-09-02T10:16:28+00:00
c29ccbf4-4eec-4d64-9324-20cfc32eb465,c1a1dbb4-31aa-4995-9f85-85f1c622daf7,/photos/c1a1dbb4-31aa-4995-9f85-85f1c622daf7/2.webp,2,2024-09-02T10:16:28+00:00
d76e6beb-4078-4d22-89f3-966bce4dbd3f,c1a1dbb4-31aa-4995-9f85-85f1c622daf7,/photos/c1a1dbb4-31aa-4995-9f85-85f1c622daf7/3.webp,3,2024-09-02T10:16:28+00:00
03dca125-6611-4d9b-8a68-040cfd162f32,2a4df85a-3a65-4773-a6e1-14563eef1f9d,/photos/2a4df85a-3a65-4773-a6e1-14563eef1f9d/0.webp,0,2026-06-19T21:38:39+00:00
fdfd0df4-9af3-48bb-8fbc-9f13e5df9a8c,2a4df85a-3a65-4773-a6e1-14563eef1f9d,/photos/2a4df85a-3a65-4773-a6e1-14563eef1f9d/1.webp,1,2026-06-19T21:38:39+00:00
9592fa28-b444-40e0-85a2-a25b4e7a2082,2a4df85a-3a65-4773-a6e1-14563eef1f9d,/photos/2a4df85a-3a65-4773-a6e1-14563eef1f9d/2.webp,2,2026-06-19T21:38:39+00:00
988b0a30-4ff4-4ab3-9454-ef460aa31a2b,2a4df85a-3a65-4773-a6e1-14563eef1f9d,/photos/2a4df85a-3a65-4773-a6e1-14563eef1f9d/3.webp,3,2026-06-19T21:38:39+00:00
d2b393ae-6a14-451b-ae5d-d0df2a7fe0ac,2a4df85a-3a65-4773-a6e1-14563eef1f9d,/photos/2a4df85a-3a65-4773-a6e1-14563eef1f9d/4.webp,4,2026-06-19T21:38:39+00:00
f63099a2-7557-44f3-a56a-b566542585e8,2a4df85a-3a65-4773-a6e1-14563eef1f9d,/photos/2a4df85a-3a65-4773-a6e1-14563eef1f9d/5.webp,5,2026-06-19T21:38:39+00:00
3c495f1b-705c-4382-8d6b-e01ddec2ab47,e9d5ed0d-c2d1-4bac-a6a3-8395af12b6e7,/photos/e9d5ed0d-c2d1-4bac-a6a3-8395af12b6e7/0.webp,0,2026-08-09T08:15:18+00:00
2cce8964-2d8c-4a82-a063-dce48cd55ae2,e9d5ed0d-c2d1-4bac-a6a3-8395af12b6e7,/photos/e9d5ed0d-c2d1-4bac-a6a3-8395af12b6e7/1.webp,1,2026-08-09T08:15:18+00:00
a86e170b-e013-4d2a-904a-360d2e3ce271,e9d5ed0d-c2d1-4bac-a6a3-8395af12b6e7,/photos/e9d5ed0d-c2d1-4bac-a6a3-8395af12b6e7/2.webp,2,2026-08-09T08:15:18+00:00
1786a4e8-f724-42ab-84f5-557e4a762baf,e9d5ed0d-c2d1-4bac-a6a3-8395af12b6e7,/photos/e9d5ed0d-c2d1-4bac-a6a3-8395af12b6e7/3.webp,3,2026-08-09T08:15:18+00:00
2d011d74-2be1-4faf-acde-b816beb7136d,e9d5ed0d-c2d1-4bac-a6a3-8395af12b6e7,/photos/e9d5ed0d-c2d1-4bac-a6a3-8395af12b6e7/4.webp,4,2026-08-09T08:15:18+00:00
e454c242-22ac-490a-8fe8-081adb9211db,84d07318-95f3-4b45-ad08-949ed1fd7fee,/photos/84d07318-95f3-4b45-ad08-949ed1fd7fee/0.webp,0,2026-05-21T09:48:03+00:00
9314eb22-b65e-40ac-be46-ade9b73b76a9,84d07318-95f3-4b45-ad08-949ed1fd7fee,/photos/84d07318-95f3-4b45-ad08-949ed1fd7fee/1.webp,1,2026-05-21T09:48:03+00:00
0ad12e03-10d8-4480-9e87-7652f0bdb78a,84d07318-95f3-4b45-ad08-949ed1fd7fee,/photos/84d07318-95f3-4b45-ad08-949ed1fd7fee/2.webp,2,2026-05-21T09:48:03+00:00
7ffd14a1-1ab6-4f31-8836-80c6bc37e1e9,84d07318-95f3-4b45-ad08-949ed1fd7fee,/photos/84d07318-95f3-4b45-ad08-949ed1fd7fee/3.webp,3,2026-05-21T09:48:03+00:00
a18f3e89-3baf-424e-a58b-18a56169ea2a,84d07318-95f3-4b45-ad08-949ed1fd7fee,/photos/84d07318-95f3-4b45-ad08-949ed1fd7fee/4.webp,4,2026-05-21T09:48:03+00:00
774c0be1-a89e-41fd-a625-f54fdae433e6,624b3b23-0793-4a99-82f3-d97b92433200,/photos/624b3b23-0793-4a99-82f3-d97b92433200/0.webp,0,2025-08-19T03:59:43+00:00
8371ca5e-d0fb-45ff-9d6c-9718f4fe4185,624b3b23-0793-4a99-82f3-d97b92433200,/photos/624b3b23-0793-4a99-82f3-d97b92433200/1.webp,1,2025-08-19T03:59:43+00:00
d6eabca7-c708-4909-84ae-b859973e5143,624b3b23-0793-4a99-82f3-d97b92433200,/photos/624b3b23-0793-4a99-82f3-d97b92433200/2.webp,2,2025-08-19T03:59:43+00:00
f8313a4e-1175-4054-ac4a-f1c38ee85d93,624b3b23-0793-4a99-82f3-d97b92433200,/photos/624b3b23-0793-4a99-82f3-d97b92433200/3.webp,3,2025-08-19T03:59:43+00:00
68140c19-c52e-4528-acf1-3821c2d7a628,6ab02d93-42b1-48c6-a169-1e7fbcc949dc,/photos/6ab02d93-42b1-48c6-a169-1e7fbcc949dc/0.webp,0,2026-05-20T15:54:04+00:00
3fd25cde-083e-4482-b4da-d871a8655e45,ec11a082-4e51-4ccb-985f-3280a674431a,/photos/ec11a082-4e51-4ccb-985f-3280a674431a/0.webp,0,2025-10-24T01:52:53+00:00
5f8ba578-2a1f-4f43-b12c-11856e5d5d50,ec11a082-4e51-4ccb-985f-3280a674431a,/photos/ec11a082-4e51-4ccb-985f-3280a674431a/1.webp,1,2025-10-24T01:52:53+00:00
a6fce720-be54-4d0b-a13a-3f4e3b1ea578,ec11a082-4e51-4ccb-985f-3280a674431a,/photos/ec11a082-4e51-4ccb-985f-3280a674431a/2.webp,2,2025-10-24T01:52:53+00:00
49ab0a62-a84f-46a5-84e9-c08444f0c2d3,ec11a082-4e51-4ccb-985f-3280a674431a,/photos/ec11a082-4e51-4ccb-985f-3280a674431a/3.webp,3,2025-10-24T01:52:53+00:00
2898982e-de58-4e98-9f34-f792115b02ab,ec11a082-4e51-4ccb-985f-3280a674431a,/photos/ec11a082-4e51-4ccb-985f-3280a674431a/4.webp,4,2025-10-24T01:52:53+00:00
500bc82c-4e00-479b-8dfd-bb8d3e83fc6e,ec11a082-4e51-4ccb-985f-3280a674431a,/photos/ec11a082-4e51-4ccb-985f-3280a674431a/5.webp,5,2025-10-24T01:52:53+00:00
77dcbd62-6a83-4549-98da-e6a40d6d0927,f21e94b0-b81b-4954-87ce-3113150d44b5,/photos/f21e94b0-b81b-4954-87ce-3113150d44b5/0.webp,0,2026-04-03T20:20:43+00:00
e41132a9-be1b-43d0-b71b-b60a73d6c10a,f21e94b0-b81b-4954-87ce-3113150d44b5,/photos/f21e94b0-b81b-4954-87ce-3113150d44b5/1.webp,1,2026-04-03T20:20:43+00:00
f8b5cad1-231d-47ca-b30f-01b403f58e96,f21e94b0-b81b-4954-87ce-3113150d44b5,/photos/f21e94b0-b81b-4954-87ce-3113150d44b5/2.webp,2,2026-04-03T20:20:43+00:00
63fb7552-2f10-44c9-acda-dee1ed1591dc,23869299-42bf-4f9c-ae7c-c2d3af6c12d1,/photos/23869299-42bf-4f9c-ae7c-c2d3af6c12d1/0.webp,0,2026-08-14T12:25:19+00:00
c85b1a99-c12d-40c5-8e36-8d1e81721684,23869299-42bf-4f9c-ae7c-c2d3af6c12d1,/photos/23869299-42bf-4f9c-ae7c-c2d3af6c12d1/1.webp,1,2026-08-14T12:25:19+00:00
52b8ca3c-f51b-4ace-8f40-840031a85d33,23869299-42bf-4f9c-ae7c-c2d3af6c12d1,/photos/23869299-42bf-4f9c-ae7c-c2d3af6c12d1/2.webp,2,2026-08-14T12:25:19+00:00
9d2a977b-ba37-4ae9-b79b-bd836f632021,23869299-42bf-4f9c-ae7c-c2d3af6c12d1,/photos/23869299-42bf-4f9c-ae7c-c2d3af6c12d1/3.webp,3,2026-08-14T12:25:19+00:00
df061f76-db3a-4249-ac3a-43d06399803a,23869299-42bf-4f9c-ae7c-c2d3af6c12d1,/photos/23869299-42bf-4f9c-ae7c-c2d3af6c12d1/4.webp,4,2026-08-14T12:25:19+00:00
fff77bdb-34f8-4647-b5b2-3f076c0c518a,23869299-42bf-4f9c-ae7c-c2d3af6c12d1,/photos/23869299-42bf-4f9c-ae7c-c2d3af6c12d1/5.webp,5,2026-08-14T12:25:19+00:00
0cf19e2e-80f3-4cb8-ac99-3c26279f1fc0,23869299-42bf-4f9c-ae7c-c2d3af6c12d1,/photos/23869299-42bf-4f9c-ae7c-c2d3af6c12d1/6.webp,6,2026-08-14T12:25:19+00:00
6e6d2cd7-c134-46b2-92ce-19ac7dbc1508,23869299-42bf-4f9c-ae7c-c2d3af6c12d1,/photos/23869299-42bf-4f9c-ae7c-c2d3af6c12d1/7.webp,7,2026-08-14T12:25:19+00:00
a00f35ff-4573-464a-9aa6-d8980fc14980,e15e1fef-31ab-4c14-8c72-133a2356f290,/photos/e15e1fef-31ab-4c14-8c72-133a2356f290/0.webp,0,2026-05-07T15:08:12+00:00
23625b90-dda5-400c-a824-31c531fe4ebd,4cc2324d-c14b-452e-af2d-3cd8f9cd314d,/photos/4cc2324d-c14b-452e-af2d-3cd8f9cd314d/0.webp,0,2024-10-12T19:21:13+00:00
853a7aea-5879-45b8-8201-88cfa2feee9d,4cc2324d-c14b-452e-af2d-3cd8f9cd314d,/photos/4cc2324d-c14b-452e-af2d-3cd8f9cd314d/1.webp,1,2024-10-12T19:21:13+00:00
dbf43f02-e523-4ef3-95c2-6652a8bf89a3,4cc2324d-c14b-452e-af2d-3cd8f9cd314d,/photos/4cc2324d-c14b-452e-af2d-3cd8f9cd314d/2.webp,2,2024-10-12T19:21:13+00:00
77b2eb52-818a-43b7-972a-f51add82614b,4cc2324d-c14b-452e-af2d-3cd8f9cd314d,/photos/4cc2324d-c14b-452e-af2d-3cd8f9cd314d/3.webp,3,2024-10-12T19:21:13+00:00
7f473c9f-53e5-4c14-b4c1-17fb319304b8,4cc2324d-c14b-452e-af2d-3cd8f9cd314d,/photos/4cc2324d-c14b-452e-af2d-3cd8f9cd314d/4.webp,4,2024-10-12T19:21:13+00:00
bad3dcef-02df-4822-b9f0-e4a2936cce3b,4cc2324d-c14b-452e-af2d-3cd8f9cd314d,/photos/4cc2324d-c14b-452e-af2d-3cd8f9cd314d/5.webp,5,2024-10-12T19:21:13+00:00
849e4f08-ce7d-4cd2-9951-98836aa8affa,4cc2324d-c14b-452e-af2d-3cd8f9cd314d,/photos/4cc2324d-c14b-452e-af2d-3cd8f9cd314d/6.webp,6,2024-10-12T19:21:13+00:00
dc031de3-d057-4687-9671-b97580466a06,4cc2324d-c14b-452e-af2d-3cd8f9cd314d,/photos/4cc2324d-c14b-452e-af2d-3cd8f9cd314d/7.webp,7,2024-10-12T19:21:13+00:00
51e00c19-427d-4711-abb0-233ce8981806,2cd80e80-a484-4d33-9a43-249992627ac7,/photos/2cd80e80-a484-4d33-9a43-249992627ac7/0.webp,0,2025-10-12T06:13:15+00:00
9591ea56-576d-4871-a15a-62f165f14c8c,2cd80e80-a484-4d33-9a43-249992627ac7,/photos/2cd80e80-a484-4d33-9a43-249992627ac7/1.webp,1,2025-10-12T06:13:15+00:00
e9795ea9-c8a5-4ec0-8fb2-a97e05eccd2a,2cd80e80-a484-4d33-9a43-249992627ac7,/photos/2cd80e80-a484-4d33-9a43-249992627ac7/2.webp,2,2025-10-12T06:13:15+00:00
45e4c476-59ea-4fd3-978d-88fcd590cb42,dd0f92d9-1f3c-461b-98f9-7058835a8135,/photos/dd0f92d9-1f3c-461b-98f9-7058835a8135/0.webp,0,2025-06-22T06:24:35+00:00
d725ab2f-f743-4b51-b617-6a0d7dbdfd22,dd0f92d9-1f3c-461b-98f9-7058835a8135,/photos/dd0f92d9-1f3c-461b-98f9-7058835a8135/1.webp,1,2025-06-22T06:24:35+00:00
4af0f4a1-a584-444a-a710-5076ca5ce9aa,dd0f92d9-1f3c-461b-98f9-7058835a8135,/photos/dd0f92d9-1f3c-461b-98f9-7058835a8135/2.webp,2,2025-06-22T06:24:35+00:00
99f1cfcf-4395-44a5-857c-f029b3bd7b1b,dd0f92d9-1f3c-461b-98f9-7058835a8135,/photos/dd0f92d9-1f3c-461b-98f9-7058835a8135/3.webp,3,2025-06-22T06:24:35+00:00
451d1cbd-2e65-46c9-87b0-2ddeb49f7419,dd0f92d9-1f3c-461b-98f9-7058835a8135,/photos/dd0f92d9-1f3c-461b-98f9-7058835a8135/4.webp,4,2025-06-22T06:24:35+00:00
007fa745-01de-4370-9de6-41bf591026a6,9cb684c1-2d18-4471-9c23-f1f8d5a85db5,/photos/9cb684c1-2d18-4471-9c23-f1f8d5a85db5/0.webp,0,2025-09-25T15:21:30+00:00
28543277-f8df-4c76-b041-e8c3e4f3dd6c,9cb684c1-2d18-4471-9c23-f1f8d5a85db5,/photos/9cb684c1-2d18-4471-9c23-f1f8d5a85db5/1.webp,1,2025-09-25T15:21:30+00:00
5ddb050b-8b58-4da4-8682-8ac75a90a940,9cb684c1-2d18-4471-9c23-f1f8d5a85db5,/photos/9cb684c1-2d18-4471-9c23-f1f8d5a85db5/2.webp,2,2025-09-25T15:21:30+00:00
af25d21b-0a1a-4f06-a1ad-cb6e44713e81,f2719710-3373-4937-a5d9-c1bac43b860d,/photos/f2719710-3373-4937-a5d9-c1bac43b860d/0.webp,0,2025-01-17T10:02:41+00:00
c8e34b53-f519-4bae-a037-83fbbf17d1e0,f2719710-3373-4937-a5d9-c1bac43b860d,/photos/f2719710-3373-4937-a5d9-c1bac43b860d/1.webp,1,2025-01-17T10:02:41+00:00
034bb8eb-f49b-471e-a683-2f5feddefc04,f2719710-3373-4937-a5d9-c1bac43b860d,/photos/f2719710-3373-4937-a5d9-c1bac43b860d/2.webp,2,2025-01-17T10:02:41+00:00
f8ec1042-f21b-4f6f-97be-3d4f64770cba,f2719710-3373-4937-a5d9-c1bac43b860d,/photos/f2719710-3373-4937-a5d9-c1bac43b860d/3.webp,3,2025-01-17T10:02:41+00:00
9c0cfde8-be8c-4458-b44a-3862a6e60ca8,f2719710-3373-4937-a5d9-c1bac43b860d,/photos/f2719710-3373-4937-a5d9-c1bac43b860d/4.webp,4,2025-01-17T10:02:41+00:00
57cbe93a-3b19-4468-89a1-cebf823243b0,f2719710-3373-4937-a5d9-c1bac43b860d,/photos/f2719710-3373-4937-a5d9-c1bac43b860d/5.webp,5,2025-01-17T10:02:41+00:00
eefc59f5-a047-4175-ad0b-91dccd84402b,8561f43a-4de6-4d69-8fdc-81cb500ca57b,/photos/8561f43a-4de6-4d69-8fdc-81cb500ca57b/0.webp,0,2026-02-12T17:15:16+00:00
07ebbedb-b06a-43be-bf31-b6948bc21551,8561f43a-4de6-4d69-8fdc-81cb500ca57b,/photos/8561f43a-4de6-4d69-8fdc-81cb500ca57b/1.webp,1,2026-02-12T17:15:16+00:00
a3632787-cee6-4a97-963a-9a8d8eb4627d,8561f43a-4de6-4d69-8fdc-81cb500ca57b,/photos/8561f43a-4de6-4d69-8fdc-81cb500ca57b/2.webp,2,2026-02-12T17:15:16+00:00
894a275a-f27e-4ce8-a6a9-4c3095d2455d,b9e1cdae-13f6-4213-8894-bb79d35d23c6,/photos/b9e1cdae-13f6-4213-8894-bb79d35d23c6/0.webp,0,2024-09-03T03:44:32+00:00
41d45d2e-d207-493c-8e53-6c30cf73a51d,b9e1cdae-13f6-4213-8894-bb79d35d23c6,/photos/b9e1cdae-13f6-4213-8894-bb79d35d23c6/1.webp,1,2024-09-03T03:44:32+00:00
84167c1f-6e77-4b83-835f-8bb597baf23b,e9efeb11-7003-47d3-9ed3-a1adffc42f3d,/photos/e9efeb11-7003-47d3-9ed3-a1adffc42f3d/0.webp,0,2025-04-26T21:12:33+00:00
9a034ced-6cc8-45df-b97d-86e57908ad70,e9efeb11-7003-47d3-9ed3-a1adffc42f3d,/photos/e9efeb11-7003-47d3-9ed3-a1adffc42f3d/1.webp,1,2025-04-26T21:12:33+00:00
5c8f9ae5-605d-4941-8ae5-0b575c193d69,e9efeb11-7003-47d3-9ed3-a1adffc42f3d,/photos/e9efeb11-7003-47d3-9ed3-a1adffc42f3d/2.webp,2,2025-04-26T21:12:33+00:00
11053202-d30d-44e7-97fc-b856e1e4d1b2,e9efeb11-7003-47d3-9ed3-a1adffc42f3d,/photos/e9efeb11-7003-47d3-9ed3-a1adffc42f3d/3.webp,3,2025-04-26T21:12:33+00:00
7282ea74-72b0-49db-9941-8f368d651fa4,c517d64f-58c6-40f6-921d-26564922a280,/photos/c517d64f-58c6-40f6-921d-26564922a280/0.webp,0,2026-08-27T10:07:39+00:00
b10d89c0-c19b-4582-9846-cc2c839b7035,c517d64f-58c6-40f6-921d-26564922a280,/photos/c517d64f-58c6-40f6-921d-26564922a280/1.webp,1,2026-08-27T10:07:39+00:00
858ed932-f56c-4b73-a308-a3cbd1aceddf,c517d64f-58c6-40f6-921d-26564922a280,/photos/c517d64f-58c6-40f6-921d-26564922a280/2.webp,2,2026-08-27T10:07:39+00:00
c5bacd68-d3d0-4a08-9a8f-2421d09e9eca,c517d64f-58c6-40f6-921d-26564922a280,/photos/c517d64f-58c6-40f6-921d-26564922a280/3.webp,3,2026-08-27T10:07:39+00:00
da7183ae-453f-4b9a-9215-4b358d1d4b1d,62d6a39a-2c77-4850-8421-a77b951f7e25,/photos/62d6a39a-2c77-4850-8421-a77b951f7e25/0.webp,0,2026-07-04T00:41:12+00:00
9e0f285c-7ee9-44fe-b070-07061104301c,6879b6c5-e4f3-4768-aad0-25edc2a38943,/photos/6879b6c5-e4f3-4768-aad0-25edc2a38943/0.webp,0,2025-05-19T18:18:15+00:00
1b4cc334-57dd-4989-8aa5-0a00ed992d33,6879b6c5-e4f3-4768-aad0-25edc2a38943,/photos/6879b6c5-e4f3-4768-aad0-25edc2a38943/1.webp,1,2025-05-19T18:18:15+00:00
b479204b-eca8-4807-979d-852c44d40678,6879b6c5-e4f3-4768-aad0-25edc2a38943,/photos/6879b6c5-e4f3-4768-aad0-25edc2a38943/2.webp,2,2025-05-19T18:18:15+00:00
b980a0dd-9ce5-415b-9cab-54c5c58a4b86,6879b6c5-e4f3-4768-aad0-25edc2a38943,/photos/6879b6c5-e4f3-4768-aad0-25edc2a38943/3.webp,3,2025-05-19T18:18:15+00:00
bb5b6c29-99af-419b-bead-b5f9967a2ce6,321f6d02-b13c-4ef7-aae1-fd952a60eb5a,/photos/321f6d02-b13c-4ef7-aae1-fd952a60eb5a/0.webp,0,2026-05-02T09:03:53+00:00
0665c04e-6d84-4ea5-b2db-4dccabd7e33b,321f6d02-b13c-4ef7-aae1-fd952a60eb5a,/photos/321f6d02-b13c-4ef7-aae1-fd952a60eb5a/1.webp,1,2026-05-02T09:03:53+00:00
c825d92b-869b-4b1d-a304-f4611d835fc6,321f6d02-b13c-4ef7-aae1-fd952a60eb5a,/photos/321f6d02-b13c-4ef7-aae1-fd952a60eb5a/2.webp,2,2026-05-02T09:03:53+00:00
73173bd1-911a-4f59-98ae-c1465df5d1ee,321f6d02-b13c-4ef7-aae1-fd952a60eb5a,/photos/321f6d02-b13c-4ef7-aae1-fd952a60eb5a/3.webp,3,2026-05-02T09:03:53+00:00
82cf8422-3451-4409-acfd-6344b36a775b,b4e6f09f-d078-49ac-8ce5-cb292688a671,/photos/b4e6f09f-d078-49ac-8ce5-cb292688a671/0.webp,0,2026-03-21T10:42:39+00:00
31ab99aa-0a13-41cd-95da-96dcced7befb,b4e6f09f-d078-49ac-8ce5-cb292688a671,/photos/b4e6f09f-d078-49ac-8ce5-cb292688a671/1.webp,1,2026-03-21T10:42:39+00:00
fa4dd5d0-b984-4bd3-a65e-e3285f3bcd80,b4e6f09f-d078-49ac-8ce5-cb292688a671,/photos/b4e6f09f-d078-49ac-8ce5-cb292688a671/2.webp,2,2026-03-21T10:42:39+00:00
e848af99-83c3-4e4a-9b96-6075d5817173,4b7b804b-a4e0-474a-8fda-0fe392c4e134,/photos/4b7b804b-a4e0-474a-8fda-0fe392c4e134/0.webp,0,2026-03-30T19:38:00+00:00
0e6a0c9f-234f-472f-81a9-bcc369578914,4b7b804b-a4e0-474a-8fda-0fe392c4e134,/photos/4b7b804b-a4e0-474a-8fda-0fe392c4e134/1.webp,1,2026-03-30T19:38:00+00:00
81ea587c-ae13-4581-9bd0-d8a4a90a1cab,4b7b804b-a4e0-474a-8fda-0fe392c4e134,/photos/4b7b804b-a4e0-474a-8fda-0fe392c4e134/2.webp,2,2026-03-30T19:38:00+00:00
eaba93f3-0de3-4c7c-8c06-0adffa43e4da,4b7b804b-a4e0-474a-8fda-0fe392c4e134,/photos/4b7b804b-a4e0-474a-8fda-0fe392c4e134/3.webp,3,2026-03-30T19:38:00+00:00
181fb36e-5bf5-4abe-95b7-2ec4026bbef3,4b7b804b-a4e0-474a-8fda-0fe392c4e134,/photos/4b7b804b-a4e0-474a-8fda-0fe392c4e134/4.webp,4,2026-03-30T19:38:00+00:00
8d32e06f-f967-4c78-b5ea-f837e88d00fd,83c2b1ed-d72b-4a15-bc2f-7125a23e7c9e,/photos/83c2b1ed-d72b-4a15-bc2f-7125a23e7c9e/0.webp,0,2025-05-22T11:54:58+00:00
909d5a9e-ea57-4cd1-90aa-d5bb0b93f790,83c2b1ed-d72b-4a15-bc2f-7125a23e7c9e,/photos/83c2b1ed-d72b-4a15-bc2f-7125a23e7c9e/1.webp,1,2025-05-22T11:54:58+00:00
8469bd0c-0b87-48d0-baa5-393a94fa062b,83c2b1ed-d72b-4a15-bc2f-7125a23e7c9e,/photos/83c2b1ed-d72b-4a15-bc2f-7125a23e7c9e/2.webp,2,2025-05-22T11:54:58+00:00
50eb28c2-cdc0-400c-96aa-f0c1ceba24da,54432488-032a-4852-9405-ef3576888bac,/photos/54432488-032a-4852-9405-ef3576888bac/0.webp,0,2025-05-20T02:16:37+00:00
5ad61fa6-aa30-4b0b-95ab-587c90a8b1f5,54432488-032a-4852-9405-ef3576888bac,/photos/54432488-032a-4852-9405-ef3576888bac/1.webp,1,2025-05-20T02:16:37+00:00
2114afea-81d2-4e38-9992-6763df47e3be,54432488-032a-4852-9405-ef3576888bac,/photos/54432488-032a-4852-9405-ef3576888bac/2.webp,2,2025-05-20T02:16:37+00:00
78ca61d8-a313-449f-864d-d08e0718adcc,54432488-032a-4852-9405-ef3576888bac,/photos/54432488-032a-4852-9405-ef3576888bac/3.webp,3,2025-05-20T02:16:37+00:00
358bf802-6cbc-470f-8c41-d9687bf3a360,ae0670a8-9051-4588-9287-b4731e404087,/photos/ae0670a8-9051-4588-9287-b4731e404087/0.webp,0,2025-11-25T04:46:47+00:00
ae7615eb-2e93-42f5-87e0-de41b9b7a939,ae0670a8-9051-4588-9287-b4731e404087,/photos/ae0670a8-9051-4588-9287-b4731e404087/1.webp,1,2025-11-25T04:46:47+00:00
d665f939-989f-443f-8d40-f5c4748739d7,ae0670a8-9051-4588-9287-b4731e404087,/photos/ae0670a8-9051-4588-9287-b4731e404087/2.webp,2,2025-11-25T04:46:47+00:00
2bc624b7-f1a6-4793-b50e-a0fdff33e912,ae0670a8-9051-4588-9287-b4731e404087,/photos/ae0670a8-9051-4588-9287-b4731e404087/3.webp,3,2025-11-25T04:46:47+00:00
0d9ef498-aa7b-416f-9fcc-8c1b0e753bbc,ae0670a8-9051-4588-9287-b4731e404087,/photos/ae0670a8-9051-4588-9287-b4731e404087/4.webp,4,2025-11-25T04:46:47+00:00
20f32337-2c56-4d0b-98e6-95a3ad976d39,ae0670a8-9051-4588-9287-b4731e404087,/photos/ae0670a8-9051-4588-9287-b4731e404087/5.webp,5,2025-11-25T04:46:47+00:00
1aed6c27-7fb6-44f7-92a2-8923ec7bf099,ae0670a8-9051-4588-9287-b4731e404087,/photos/ae0670a8-9051-4588-9287-b4731e404087/6.webp,6,2025-11-25T04:46:47+00:00
75eae8e8-4e93-463b-9bfb-6ee675cfb7d0,ae0670a8-9051-4588-9287-b4731e404087,/photos/ae0670a8-9051-4588-9287-b4731e404087/7.webp,7,2025-11-25T04:46:47+00:00
8b98e3d4-fb46-4c1e-8789-ed1888460d29,ae0670a8-9051-4588-9287-b4731e404087,/photos/ae0670a8-9051-4588-9287-b4731e404087/8.webp,8,2025-11-25T04:46:47+00:00
576f4ceb-5b62-4b2a-899b-cede5a3def52,c8f837d8-1ae3-482c-b2a6-4ca0393af822,/photos/c8f837d8-1ae3-482c-b2a6-4ca0393af822/0.webp,0,2026-08-05T06:56:15+00:00
269545e5-afda-45b3-b6f8-a7960d147ea7,c8f837d8-1ae3-482c-b2a6-4ca0393af822,/photos/c8f837d8-1ae3-482c-b2a6-4ca0393af822/1.webp,1,2026-08-05T06:56:15+00:00
c48d73ff-ead3-4870-a690-e76f6510fe95,c8f837d8-1ae3-482c-b2a6-4ca0393af822,/photos/c8f837d8-1ae3-482c-b2a6-4ca0393af822/2.webp,2,2026-08-05T06:56:15+00:00
49a608d4-8497-4f6f-bb05-bf10a421a0bd,c8f837d8-1ae3-482c-b2a6-4ca0393af822,/photos/c8f837d8-1ae3-482c-b2a6-4ca0393af822/3.webp,3,2026-08-05T06:56:15+00:00
084e355b-5357-4919-ba3b-d92470f8c3d5,c8f837d8-1ae3-482c-b2a6-4ca0393af822,/photos/c8f837d8-1ae3-482c-b2a6-4ca0393af822/4.webp,4,2026-08-05T06:56:15+00:00
db729b6f-07ba-4ef0-8c3a-c742309cfd38,c8f837d8-1ae3-482c-b2a6-4ca0393af822,/photos/c8f837d8-1ae3-482c-b2a6-4ca0393af822/5.webp,5,2026-08-05T06:56:15+00:00
ee794ec7-21e3-4015-a1ed-b0d8f0659ac3,70d569d9-5d20-47fe-8a2a-335065ac3154,/photos/70d569d9-5d20-47fe-8a2a-335065ac3154/0.webp,0,2026-08-26T05:07:26+00:00
aed6e67e-e71b-4670-87e5-840386c2c6d1,70d569d9-5d20-47fe-8a2a-335065ac3154,/photos/70d569d9-5d20-47fe-8a2a-335065ac3154/1.webp,1,2026-08-26T05:07:26+00:00
98ca81ab-7366-45da-b257-adcaac12dbd6,70d569d9-5d20-47fe-8a2a-335065ac3154,/photos/70d569d9-5d20-47fe-8a2a-335065ac3154/2.webp,2,2026-08-26T05:07:26+00:00
56e15a6c-775e-45f1-94d0-3a6c3a7db683,70d569d9-5d20-47fe-8a2a-335065ac3154,/photos/70d569d9-5d20-47fe-8a2a-335065ac3154/3.webp,3,2026-08-26T05:07:26+00:00
74e563ee-dd88-416c-ac70-56482bcc691b,70d569d9-5d20-47fe-8a2a-335065ac3154,/photos/70d569d9-5d20-47fe-8a2a-335065ac3154/4.webp,4,2026-08-26T05:07:26+00:00
0785680e-8cef-416d-b06e-5c91dc192a18,c4721b75-c90e-4427-b0a3-d825a848033f,/photos/c4721b75-c90e-4427-b0a3-d825a848033f/0.webp,0,2026-08-17T08:51:26+00:00
398f19c9-8155-437d-930b-0d68d2bf0ba4,c4721b75-c90e-4427-b0a3-d825a848033f,/photos/c4721b75-c90e-4427-b0a3-d825a848033f/1.webp,1,2026-08-17T08:51:26+00:00
22318363-0433-451e-a32b-94e5c19adbff,c4721b75-c90e-4427-b0a3-d825a848033f,/photos/c4721b75-c90e-4427-b0a3-d825a848033f/2.webp,2,2026-08-17T08:51:26+00:00
cad0f03c-e7b6-4dc2-8fdf-8d72faf13c4c,1fc4dc96-dd29-49b6-b4b6-c7867fc00c42,/photos/1fc4dc96-dd29-49b6-b4b6-c7867fc00c42/0.webp,0,2026-08-22T16:08:33+00:00
97012326-594a-4a96-b4f6-4551ec643d6a,1fc4dc96-dd29-49b6-b4b6-c7867fc00c42,/photos/1fc4dc96-dd29-49b6-b4b6-c7867fc00c42/1.webp,1,2026-08-22T16:08:33+00:00
fd971f49-c9dc-405e-b77a-db9486842ee1,1fc4dc96-dd29-49b6-b4b6-c7867fc00c42,/photos/1fc4dc96-dd29-49b6-b4b6-c7867fc00c42/2.webp,2,2026-08-22T16:08:33+00:00
527186d4-77ba-4f47-a12d-517c0043e12e,1fc4dc96-dd29-49b6-b4b6-c7867fc00c42,/photos/1fc4dc96-dd29-49b6-b4b6-c7867fc00c42/3.webp,3,2026-08-22T16:08:33+00:00
d7b93725-3d40-410a-a586-d9f27da6226c,1fc4dc96-dd29-49b6-b4b6-c7867fc00c42,/photos/1fc4dc96-dd29-49b6-b4b6-c7867fc00c42/4.webp,4,2026-08-22T16:08:33+00:00
0340a46b-87bc-4d69-9949-6e99c93a646b,1fc4dc96-dd29-49b6-b4b6-c7867fc00c42,/photos/1fc4dc96-dd29-49b6-b4b6-c7867fc00c42/5.webp,5,2026-08-22T16:08:33+00:00
71574f26-08e3-4f75-99d2-821642b98c02,c0a51e39-5e45-4d22-80bd-4965474103c5,/photos/c0a51e39-5e45-4d22-80bd-4965474103c5/0.webp,0,2025-07-08T04:10:43+00:00
56a04fa2-a46a-429b-a89d-53c0eee7d214,c0a51e39-5e45-4d22-80bd-4965474103c5,/photos/c0a51e39-5e45-4d22-80bd-4965474103c5/1.webp,1,2025-07-08T04:10:43+00:00
5f0a3db6-9428-4f12-9cec-2397316d53f0,c0a51e39-5e45-4d22-80bd-4965474103c5,/photos/c0a51e39-5e45-4d22-80bd-4965474103c5/2.webp,2,2025-07-08T04:10:43+00:00
5711fa23-21e2-4f07-b639-3430e787c8e8,c0a51e39-5e45-4d22-80bd-4965474103c5,/photos/c0a51e39-5e45-4d22-80bd-4965474103c5/3.webp,3,2025-07-08T04:10:43+00:00
305fa7d4-92a0-4daf-890e-e6459556b6ce,84ecd74c-95ed-48d7-80c9-78cc5fdd05f9,/photos/84ecd74c-95ed-48d7-80c9-78cc5fdd05f9/0.webp,0,2026-06-20T10:35:49+00:00
7fd17bb0-46d6-4867-8a1f-bad4b4ab4d0c,84ecd74c-95ed-48d7-80c9-78cc5fdd05f9,/photos/84ecd74c-95ed-48d7-80c9-78cc5fdd05f9/1.webp,1,2026-06-20T10:35:49+00:00
77e0a7b5-e28d-45e0-94d2-949a2d1c31d2,84ecd74c-95ed-48d7-80c9-78cc5fdd05f9,/photos/84ecd74c-95ed-48d7-80c9-78cc5fdd05f9/2.webp,2,2026-06-20T10:35:49+00:00
72e95d42-f58a-43d7-9434-52be4b5e651f,84ecd74c-95ed-48d7-80c9-78cc5fdd05f9,/photos/84ecd74c-95ed-48d7-80c9-78cc5fdd05f9/3.webp,3,2026-06-20T10:35:49+00:00
a77e68fe-7e36-4f03-bd86-585951c405b2,84ecd74c-95ed-48d7-80c9-78cc5fdd05f9,/photos/84ecd74c-95ed-48d7-80c9-78cc5fdd05f9/4.webp,4,2026-06-20T10:35:49+00:00
471bf8d8-16f1-4773-b916-d5c021a8672f,2d8833f0-0dd3-452d-b940-83ec4ddd6caa,/photos/2d8833f0-0dd3-452d-b940-83ec4ddd6caa/0.webp,0,2026-07-11T00:37:56+00:00
38d0ab07-8572-409c-aea7-9d05b4de1872,2d8833f0-0dd3-452d-b940-83ec4ddd6caa,/photos/2d8833f0-0dd3-452d-b940-83ec4ddd6caa/1.webp,1,2026-07-11T00:37:56+00:00
09b47cca-e077-4807-8d42-aa0a717515bc,2d8833f0-0dd3-452d-b940-83ec4ddd6caa,/photos/2d8833f0-0dd3-452d-b940-83ec4ddd6caa/2.webp,2,2026-07-11T00:37:56+00:00
d8e8f98c-7faf-48f0-90f5-d6def665c95d,ed675333-3218-4c45-b22a-3e3edf563e1d,/photos/ed675333-3218-4c45-b22a-3e3edf563e1d/0.webp,0,2026-05-21T11:37:11+00:00
34be721d-072b-405c-b6d1-34abea94883e,ed675333-3218-4c45-b22a-3e3edf563e1d,/photos/ed675333-3218-4c45-b22a-3e3edf563e1d/1.webp,1,2026-05-21T11:37:11+00:00
b71e7a7f-f08b-4603-935f-fb946bebf044,ed675333-3218-4c45-b22a-3e3edf563e1d,/photos/ed675333-3218-4c45-b22a-3e3edf563e1d/2.webp,2,2026-05-21T11:37:11+00:00
dfae1cbf-7aa6-472b-bf64-d74b66d54c72,ed675333-3218-4c45-b22a-3e3edf563e1d,/photos/ed675333-3218-4c45-b22a-3e3edf563e1d/3.webp,3,2026-05-21T11:37:11+00:00
a2195ca9-0403-4744-b586-5f88a04c43d3,b49c5d41-eb96-449f-a1ee-ae8094ae8777,/photos/b49c5d41-eb96-449f-a1ee-ae8094ae8777/0.webp,0,2025-10-06T00:18:18+00:00
88184dd2-fd40-4122-bdd9-70f7057922f0,b49c5d41-eb96-449f-a1ee-ae8094ae8777,/photos/b49c5d41-eb96-449f-a1ee-ae8094ae8777/1.webp,1,2025-10-06T00:18:18+00:00
7203379e-c292-4bd4-8b67-14c775e427e9,b49c5d41-eb96-449f-a1ee-ae8094ae8777,/photos/b49c5d41-eb96-449f-a1ee-ae8094ae8777/2.webp,2,2025-10-06T00:18:18+00:00
32a66302-42df-4139-bbac-4e823de680f3,b49c5d41-eb96-449f-a1ee-ae8094ae8777,/photos/b49c5d41-eb96-449f-a1ee-ae8094ae8777/3.webp,3,2025-10-06T00:18:18+00:00
15d1e4b8-f151-4f03-bbb3-dc589bc7bb09,b49c5d41-eb96-449f-a1ee-ae8094ae8777,/photos/b49c5d41-eb96-449f-a1ee-ae8094ae8777/4.webp,4,2025-10-06T00:18:18+00:00
7254ff3e-6231-4d2c-a85e-a8e47991e8b1,b49c5d41-eb96-449f-a1ee-ae8094ae8777,/photos/b49c5d41-eb96-449f-a1ee-ae8094ae8777/5.webp,5,2025-10-06T00:18:18+00:00
6b4e103a-7751-451f-8791-f6ad5c32edf6,b49c5d41-eb96-449f-a1ee-ae8094ae8777,/photos/b49c5d41-eb96-449f-a1ee-ae8094ae8777/6.webp,6,2025-10-06T00:18:18+00:00
9a086de0-f50a-420d-90ad-0068995babc8,b49c5d41-eb96-449f-a1ee-ae8094ae8777,/photos/b49c5d41-eb96-449f-a1ee-ae8094ae8777/7.webp,7,2025-10-06T00:18:18+00:00
f0f19031-fae1-4ee0-9ce7-7fc70c07fd59,c929c249-1a0f-4012-bdc8-3bdbd14ba944,/photos/c929c249-1a0f-4012-bdc8-3bdbd14ba944/0.webp,0,2025-12-10T18:02:36+00:00
ce90393f-e748-4f7a-b764-cc0b2aab7395,bb87afe9-4597-4064-ac89-6fff529b9f88,/photos/bb87afe9-4597-4064-ac89-6fff529b9f88/0.webp,0,2025-04-26T07:46:46+00:00
692483be-0e60-4f37-9c6a-b4757d7119fb,bb87afe9-4597-4064-ac89-6fff529b9f88,/photos/bb87afe9-4597-4064-ac89-6fff529b9f88/1.webp,1,2025-04-26T07:46:46+00:00
26501cac-926d-481a-af50-94d056299e77,bb87afe9-4597-4064-ac89-6fff529b9f88,/photos/bb87afe9-4597-4064-ac89-6fff529b9f88/2.webp,2,2025-04-26T07:46:46+00:00
1da85c67-c36b-46de-9b8f-30a1916068eb,bb87afe9-4597-4064-ac89-6fff529b9f88,/photos/bb87afe9-4597-4064-ac89-6fff529b9f88/3.webp,3,2025-04-26T07:46:46+00:00
ee29f812-7e92-4a68-b592-bcf048a9bd94,bb87afe9-4597-4064-ac89-6fff529b9f88,/photos/bb87afe9-4597-4064-ac89-6fff529b9f88/4.webp,4,2025-04-26T07:46:46+00:00
9f5e475d-9ac0-4036-bc38-cc52dc36d5b8,281852a1-3f81-4ada-b5ab-c4fd6bef11e6,/photos/281852a1-3f81-4ada-b5ab-c4fd6bef11e6/0.webp,0,2025-09-27T23:34:15+00:00
c87f7d66-7978-4e51-a2f9-dbd2424e19ba,281852a1-3f81-4ada-b5ab-c4fd6bef11e6,/photos/281852a1-3f81-4ada-b5ab-c4fd6bef11e6/1.webp,1,2025-09-27T23:34:15+00:00
a82d7171-5e57-4222-b71c-d38f8814ac94,281852a1-3f81-4ada-b5ab-c4fd6bef11e6,/photos/281852a1-3f81-4ada-b5ab-c4fd6bef11e6/2.webp,2,2025-09-27T23:34:15+00:00
9a3893da-1206-4c43-9e9d-b325f6bd09b7,ae9296d4-3162-4cef-8c29-f031c57c77aa,/photos/ae9296d4-3162-4cef-8c29-f031c57c77aa/0.webp,0,2026-08-28T12:23:07+00:00
9cf4d82a-85e7-44a1-8464-228c1e3b8afc,ae9296d4-3162-4cef-8c29-f031c57c77aa,/photos/ae9296d4-3162-4cef-8c29-f031c57c77aa/1.webp,1,2026-08-28T12:23:07+00:00
299206d7-a1db-45da-89fa-16898fec215a,ae9296d4-3162-4cef-8c29-f031c57c77aa,/photos/ae9296d4-3162-4cef-8c29-f031c57c77aa/2.webp,2,2026-08-28T12:23:07+00:00
7d6fa9b1-b5dd-423b-9a58-c110c81ec067,ae9296d4-3162-4cef-8c29-f031c57c77aa,/photos/ae9296d4-3162-4cef-8c29-f031c57c77aa/3.webp,3,2026-08-28T12:23:07+00:00
d52ee92d-0e17-4b85-8a44-449eee3c8929,45ce048c-a2a2-43c1-8050-7a21bbb00bc8,/photos/45ce048c-a2a2-43c1-8050-7a21bbb00bc8/0.webp,0,2024-10-04T03:24:57+00:00
b2e7fc0d-e834-42b2-894f-ef135af3eacd,45ce048c-a2a2-43c1-8050-7a21bbb00bc8,/photos/45ce048c-a2a2-43c1-8050-7a21bbb00bc8/1.webp,1,2024-10-04T03:24:57+00:00
c3014e5a-7e5d-401a-85ef-01d32f7e4538,45ce048c-a2a2-43c1-8050-7a21bbb00bc8,/photos/45ce048c-a2a2-43c1-8050-7a21bbb00bc8/2.webp,2,2024-10-04T03:24:57+00:00
4307a781-d218-4549-856a-2adf4f28ddb4,45ce048c-a2a2-43c1-8050-7a21bbb00bc8,/photos/45ce048c-a2a2-43c1-8050-7a21bbb00bc8/3.webp,3,2024-10-04T03:24:57+00:00
312d8362-7691-48ba-a090-4480e0031f4d,cffd2ada-edf5-4ce0-8bb0-8cb02f157d13,/photos/cffd2ada-edf5-4ce0-8bb0-8cb02f157d13/0.webp,0,2025-03-08T16:40:33+00:00
a0fc4367-0512-44ed-8ad9-939317cf2cea,cffd2ada-edf5-4ce0-8bb0-8cb02f157d13,/photos/cffd2ada-edf5-4ce0-8bb0-8cb02f157d13/1.webp,1,2025-03-08T16:40:33+00:00
a360843d-bd0d-4d80-b81e-0c54e3903ee0,cffd2ada-edf5-4ce0-8bb0-8cb02f157d13,/photos/cffd2ada-edf5-4ce0-8bb0-8cb02f157d13/2.webp,2,2025-03-08T16:40:33+00:00
aef4e384-e5fc-4de6-9604-be5112777cc7,cffd2ada-edf5-4ce0-8bb0-8cb02f157d13,/photos/cffd2ada-edf5-4ce0-8bb0-8cb02f157d13/3.webp,3,2025-03-08T16:40:33+00:00
f835f31a-6248-4c72-814d-8877644dbae5,1cbdb92d-617d-4bb7-8b51-0bc44020bd81,/photos/1cbdb92d-617d-4bb7-8b51-0bc44020bd81/0.webp,0,2025-12-09T17:44:57+00:00
c50fbf24-5bad-4206-ad55-5f169d679f0e,1cbdb92d-617d-4bb7-8b51-0bc44020bd81,/photos/1cbdb92d-617d-4bb7-8b51-0bc44020bd81/1.webp,1,2025-12-09T17:44:57+00:00
b3e23dac-0ffe-4880-819e-2150adaddda6,1cbdb92d-617d-4bb7-8b51-0bc44020bd81,/photos/1cbdb92d-617d-4bb7-8b51-0bc44020bd81/2.webp,2,2025-12-09T17:44:57+00:00
ed5cab19-32a7-424e-bc22-40fc072edc0f,1cbdb92d-617d-4bb7-8b51-0bc44020bd81,/photos/1cbdb92d-617d-4bb7-8b51-0bc44020bd81/3.webp,3,2025-12-09T17:44:57+00:00
147bd0b0-87e2-4a07-ad18-19dd6f5adc82,1cbdb92d-617d-4bb7-8b51-0bc44020bd81,/photos/1cbdb92d-617d-4bb7-8b51-0bc44020bd81/4.webp,4,2025-12-09T17:44:57+00:00
51c0f302-6d8f-4ab3-8fb0-081674ba137d,1cbdb92d-617d-4bb7-8b51-0bc44020bd81,/photos/1cbdb92d-617d-4bb7-8b51-0bc44020bd81/5.webp,5,2025-12-09T17:44:57+00:00
eef0d33e-7612-4200-9217-9ed517ab7030,93080960-eb08-4a26-bb57-5326ecda7d7d,/photos/93080960-eb08-4a26-bb57-5326ecda7d7d/0.webp,0,2025-08-14T08:45:11+00:00
9f570246-a333-4fb8-826f-dfd9d8e6c51b,93080960-eb08-4a26-bb57-5326ecda7d7d,/photos/93080960-eb08-4a26-bb57-5326ecda7d7d/1.webp,1,2025-08-14T08:45:11+00:00
1a5a7ad7-f688-41d2-a4cb-c2048a895125,93080960-eb08-4a26-bb57-5326ecda7d7d,/photos/93080960-eb08-4a26-bb57-5326ecda7d7d/2.webp,2,2025-08-14T08:45:11+00:00
7d6acbad-2eec-4a65-99e3-510a2244971c,93080960-eb08-4a26-bb57-5326ecda7d7d,/photos/93080960-eb08-4a26-bb57-5326ecda7d7d/3.webp,3,2025-08-14T08:45:11+00:00
7feb1083-4b30-48a1-a663-db5d716895b9,93080960-eb08-4a26-bb57-5326ecda7d7d,/photos/93080960-eb08-4a26-bb57-5326ecda7d7d/4.webp,4,2025-08-14T08:45:11+00:00
d4ee900f-5962-4bd2-888d-f32e629102ed,93080960-eb08-4a26-bb57-5326ecda7d7d,/photos/93080960-eb08-4a26-bb57-5326ecda7d7d/5.webp,5,2025-08-14T08:45:11+00:00
c901f811-267b-4146-af5c-8002fb926cd7,93080960-eb08-4a26-bb57-5326ecda7d7d,/photos/93080960-eb08-4a26-bb57-5326ecda7d7d/6.webp,6,2025-08-14T08:45:11+00:00
19e8c543-2ef5-437b-b7f9-b4d1055aac1e,93080960-eb08-4a26-bb57-5326ecda7d7d,/photos/93080960-eb08-4a26-bb57-5326ecda7d7d/7.webp,7,2025-08-14T08:45:11+00:00
73e16f34-df7c-46fe-85d1-64a471a8b016,89a9f00b-3d49-4137-a3d7-3c6722e1353a,/photos/89a9f00b-3d49-4137-a3d7-3c6722e1353a/0.webp,0,2025-02-18T16:41:54+00:00
f8e93879-9fd9-413a-bb3f-fa76a4d0ec2d,89a9f00b-3d49-4137-a3d7-3c6722e1353a,/photos/89a9f00b-3d49-4137-a3d7-3c6722e1353a/1.webp,1,2025-02-18T16:41:54+00:00
3bdb45db-ffce-467d-b099-f40fb842876c,89a9f00b-3d49-4137-a3d7-3c6722e1353a,/photos/89a9f00b-3d49-4137-a3d7-3c6722e1353a/2.webp,2,2025-02-18T16:41:54+00:00
39b604b7-9d17-4b9f-8c81-2f3cf909fc71,89a9f00b-3d49-4137-a3d7-3c6722e1353a,/photos/89a9f00b-3d49-4137-a3d7-3c6722e1353a/3.webp,3,2025-02-18T16:41:54+00:00
188c73ea-d8dc-47cc-9817-725590114db0,89a9f00b-3d49-4137-a3d7-3c6722e1353a,/photos/89a9f00b-3d49-4137-a3d7-3c6722e1353a/4.webp,4,2025-02-18T16:41:54+00:00
bf5043b2-fe02-4129-b478-3b27e9fcd7ea,89a9f00b-3d49-4137-a3d7-3c6722e1353a,/photos/89a9f00b-3d49-4137-a3d7-3c6722e1353a/5.webp,5,2025-02-18T16:41:54+00:00
e95169ef-185c-462e-b3a1-f3a7678dcf2c,961dc8c2-f50a-4473-8a6a-a77ec044138d,/photos/961dc8c2-f50a-4473-8a6a-a77ec044138d/0.webp,0,2025-11-15T07:15:57+00:00
f992bcde-ea15-4fab-90ff-4b9c914b176d,961dc8c2-f50a-4473-8a6a-a77ec044138d,/photos/961dc8c2-f50a-4473-8a6a-a77ec044138d/1.webp,1,2025-11-15T07:15:57+00:00
1572950a-a8d5-489e-8329-f81110709df8,dc874142-f66d-46d3-81b3-bc2c23858a14,/photos/dc874142-f66d-46d3-81b3-bc2c23858a14/0.webp,0,2026-08-10T04:18:04+00:00
ed5fa7d6-188d-4b80-9009-ac01a9006619,dc874142-f66d-46d3-81b3-bc2c23858a14,/photos/dc874142-f66d-46d3-81b3-bc2c23858a14/1.webp,1,2026-08-10T04:18:04+00:00
51c5154b-25f7-4ca9-81e4-b046aa7747d6,dc874142-f66d-46d3-81b3-bc2c23858a14,/photos/dc874142-f66d-46d3-81b3-bc2c23858a14/2.webp,2,2026-08-10T04:18:04+00:00
88194f63-cd5f-4693-a5ff-a368d05a03aa,dc874142-f66d-46d3-81b3-bc2c23858a14,/photos/dc874142-f66d-46d3-81b3-bc2c23858a14/3.webp,3,2026-08-10T04:18:04+00:00
a36fd260-83f6-43ad-a925-13cf3bd1832a,5ccaa373-9328-4f94-8005-07b7936d3b4d,/photos/5ccaa373-9328-4f94-8005-07b7936d3b4d/0.webp,0,2026-05-21T14:22:45+00:00
792252bc-f2c3-4f55-801c-a4f972633414,5ccaa373-9328-4f94-8005-07b7936d3b4d,/photos/5ccaa373-9328-4f94-8005-07b7936d3b4d/1.webp,1,2026-05-21T14:22:45+00:00
6dcadc09-af7f-4a48-9e8e-3efc2119f90c,5ccaa373-9328-4f94-8005-07b7936d3b4d,/photos/5ccaa373-9328-4f94-8005-07b7936d3b4d/2.webp,2,2026-05-21T14:22:45+00:00
7e617df5-1b88-4c18-baef-263e3901a55c,5ccaa373-9328-4f94-8005-07b7936d3b4d,/photos/5ccaa373-9328-4f94-8005-07b7936d3b4d/3.webp,3,2026-05-21T14:22:45+00:00
0c187498-b902-42e0-b3a2-ec3a56bf7cc1,5ccaa373-9328-4f94-8005-07b7936d3b4d,/photos/5ccaa373-9328-4f94-8005-07b7936d3b4d/4.webp,4,2026-05-21T14:22:45+00:00
d417d1d8-f008-4e5f-930a-2a880c0fbf91,4fa9ba19-41d7-4d33-a126-604f2f86cb69,/photos/4fa9ba19-41d7-4d33-a126-604f2f86cb69/0.webp,0,2025-10-19T06:07:57+00:00
98b848a3-e8d0-4867-be90-87217ee40fba,4fa9ba19-41d7-4d33-a126-604f2f86cb69,/photos/4fa9ba19-41d7-4d33-a126-604f2f86cb69/1.webp,1,2025-10-19T06:07:57+00:00
937f7f67-ec54-4883-b783-cb339603b771,4fa9ba19-41d7-4d33-a126-604f2f86cb69,/photos/4fa9ba19-41d7-4d33-a126-604f2f86cb69/2.webp,2,2025-10-19T06:07:57+00:00
7a666ed9-ce04-4668-aee5-3b3e7a18b348,707c402c-5eac-49b5-8895-d7c450124465,/photos/707c402c-5eac-49b5-8895-d7c450124465/0.webp,0,2026-06-29T19:47:26+00:00
140c21fe-e550-4c14-8d68-4fcceecf6236,707c402c-5eac-49b5-8895-d7c450124465,/photos/707c402c-5eac-49b5-8895-d7c450124465/1.webp,1,2026-06-29T19:47:26+00:00
3fd817a6-8274-4be4-81b6-3f6c1e4aaf94,707c402c-5eac-49b5-8895-d7c450124465,/photos/707c402c-5eac-49b5-8895-d7c450124465/2.webp,2,2026-06-29T19:47:26+00:00
e98fe45b-3c81-41ed-a3c4-57ecd5b184c9,707c402c-5eac-49b5-8895-d7c450124465,/photos/707c402c-5eac-49b5-8895-d7c450124465/3.webp,3,2026-06-29T19:47:26+00:00
af51ca7a-67bf-4055-8a12-e84dcb0dae8a,bded8459-ea47-4122-9ba7-5add8a85459a,/photos/bded8459-ea47-4122-9ba7-5add8a85459a/0.webp,0,2026-05-29T20:30:14+00:00
d40d1263-3bf7-403e-9486-90864bb1055d,bded8459-ea47-4122-9ba7-5add8a85459a,/photos/bded8459-ea47-4122-9ba7-5add8a85459a/1.webp,1,2026-05-29T20:30:14+00:00
265396d5-feb9-455d-a1a9-fde89af2cd2c,bded8459-ea47-4122-9ba7-5add8a85459a,/photos/bded8459-ea47-4122-9ba7-5add8a85459a/2.webp,2,2026-05-29T20:30:14+00:00
ac0736d6-e6ad-412e-9070-cc9a655ce87b,bded8459-ea47-4122-9ba7-5add8a85459a,/photos/bded8459-ea47-4122-9ba7-5add8a85459a/3.webp,3,2026-05-29T20:30:14+00:00
d852e441-fd15-415d-9f4d-7b8873b9c4d6,bded8459-ea47-4122-9ba7-5add8a85459a,/photos/bded8459-ea47-4122-9ba7-5add8a85459a/4.webp,4,2026-05-29T20:30:14+00:00
3e6826af-d628-43c9-a775-b2333ea6c34a,9eff4bb2-f0bd-44df-9ca1-1c4084f0eaed,/photos/9eff4bb2-f0bd-44df-9ca1-1c4084f0eaed/0.webp,0,2026-08-07T00:54:37+00:00
eb13d517-fea4-4557-8190-161b543585cf,9eff4bb2-f0bd-44df-9ca1-1c4084f0eaed,/photos/9eff4bb2-f0bd-44df-9ca1-1c4084f0eaed/1.webp,1,2026-08-07T00:54:37+00:00
7d4d0922-2882-4dc8-9293-be859abdd32a,9eff4bb2-f0bd-44df-9ca1-1c4084f0eaed,/photos/9eff4bb2-f0bd-44df-9ca1-1c4084f0eaed/2.webp,2,2026-08-07T00:54:37+00:00
c93ebd2c-dded-4b41-a526-3f9fbafecb0d,e36a37ed-8ace-4cdd-abea-494a9c2c0ab6,/photos/e36a37ed-8ace-4cdd-abea-494a9c2c0ab6/0.webp,0,2026-08-06T17:19:52+00:00
13d4128f-c72a-4ed1-8d48-b2ab8191564f,e36a37ed-8ace-4cdd-abea-494a9c2c0ab6,/photos/e36a37ed-8ace-4cdd-abea-494a9c2c0ab6/1.webp,1,2026-08-06T17:19:52+00:00
f15e99c0-27b4-47ac-ac9d-684abc682e2a,e36a37ed-8ace-4cdd-abea-494a9c2c0ab6,/photos/e36a37ed-8ace-4cdd-abea-494a9c2c0ab6/2.webp,2,2026-08-06T17:19:52+00:00
69a7ec8d-120b-43bd-bcea-cb701cfa3fd6,e36a37ed-8ace-4cdd-abea-494a9c2c0ab6,/photos/e36a37ed-8ace-4cdd-abea-494a9c2c0ab6/3.webp,3,2026-08-06T17:19:52+00:00
9b144052-52a6-4e05-84ef-8f883ac92026,e36a37ed-8ace-4cdd-abea-494a9c2c0ab6,/photos/e36a37ed-8ace-4cdd-abea-494a9c2c0ab6/4.webp,4,2026-08-06T17:19:52+00:00
0538954f-69d8-4bf3-b9ce-cdab82aab4d7,e36a37ed-8ace-4cdd-abea-494a9c2c0ab6,/photos/e36a37ed-8ace-4cdd-abea-494a9c2c0ab6/5.webp,5,2026-08-06T17:19:52+00:00
513840e3-3b27-4962-bb2c-9fc86cbbd4e3,31855c33-4a5d-4541-a625-05c472f49f20,/photos/31855c33-4a5d-4541-a625-05c472f49f20/0.webp,0,2026-07-23T05:08:52+00:00
062b459f-aabc-4a46-ad21-32c6032deaf6,31855c33-4a5d-4541-a625-05c472f49f20,/photos/31855c33-4a5d-4541-a625-05c472f49f20/1.webp,1,2026-07-23T05:08:52+00:00
e4e6bd06-e397-402e-bda5-497d22070c57,31855c33-4a5d-4541-a625-05c472f49f20,/photos/31855c33-4a5d-4541-a625-05c472f49f20/2.webp,2,2026-07-23T05:08:52+00:00
a2b581dd-447f-4d41-822c-8d9f48516f79,31855c33-4a5d-4541-a625-05c472f49f20,/photos/31855c33-4a5d-4541-a625-05c472f49f20/3.webp,3,2026-07-23T05:08:52+00:00
e2a9d942-28e8-4e76-9b74-eed3d4fb3ef4,31855c33-4a5d-4541-a625-05c472f49f20,/photos/31855c33-4a5d-4541-a625-05c472f49f20/4.webp,4,2026-07-23T05:08:52+00:00
392870c7-7dd5-4727-9813-c6e94565b67c,31855c33-4a5d-4541-a625-05c472f49f20,/photos/31855c33-4a5d-4541-a625-05c472f49f20/5.webp,5,2026-07-23T05:08:52+00:00
d01fcf61-3996-47fd-a16d-3bf8543f3e42,31855c33-4a5d-4541-a625-05c472f49f20,/photos/31855c33-4a5d-4541-a625-05c472f49f20/6.webp,6,2026-07-23T05:08:52+00:00
af1018ca-a104-4e9e-b103-a97b7fcd50a5,31855c33-4a5d-4541-a625-05c472f49f20,/photos/31855c33-4a5d-4541-a625-05c472f49f20/7.webp,7,2026-07-23T05:08:52+00:00
7c2aaf09-06ed-490a-bba9-25ad81b08482,d1c3bf74-b3f4-4944-bd5f-4837bdd26009,/photos/d1c3bf74-b3f4-4944-bd5f-4837bdd26009/0.webp,0,2026-08-21T14:10:02+00:00
bc021432-0fe9-4f26-a708-4062d0dc610f,d1c3bf74-b3f4-4944-bd5f-4837bdd26009,/photos/d1c3bf74-b3f4-4944-bd5f-4837bdd26009/1.webp,1,2026-08-21T14:10:02+00:00
faa93859-a19c-4ddb-9b25-15d747ca4245,d1c3bf74-b3f4-4944-bd5f-4837bdd26009,/photos/d1c3bf74-b3f4-4944-bd5f-4837bdd26009/2.webp,2,2026-08-21T14:10:02+00:00
be25b066-1d27-4ae3-a03b-db1e0a386f5a,aef84117-8f1b-4a5e-b7bd-5ba2bf51f4af,/photos/aef84117-8f1b-4a5e-b7bd-5ba2bf51f4af/0.webp,0,2026-03-12T12:41:46+00:00
e8af7394-2da3-4ee2-946b-ea0d5499b9d0,aef84117-8f1b-4a5e-b7bd-5ba2bf51f4af,/photos/aef84117-8f1b-4a5e-b7bd-5ba2bf51f4af/1.webp,1,2026-03-12T12:41:46+00:00
63e67a67-74d7-4532-9c2e-902eace87692,aef84117-8f1b-4a5e-b7bd-5ba2bf51f4af,/photos/aef84117-8f1b-4a5e-b7bd-5ba2bf51f4af/2.webp,2,2026-03-12T12:41:46+00:00
4c26450e-895f-4172-8976-dabd7d4d1c82,aef84117-8f1b-4a5e-b7bd-5ba2bf51f4af,/photos/aef84117-8f1b-4a5e-b7bd-5ba2bf51f4af/3.webp,3,2026-03-12T12:41:46+00:00
a9b8e90c-1edd-411b-9a27-ec016214db84,aef84117-8f1b-4a5e-b7bd-5ba2bf51f4af,/photos/aef84117-8f1b-4a5e-b7bd-5ba2bf51f4af/4.webp,4,2026-03-12T12:41:46+00:00
5fb64c79-efeb-4c7a-a430-16262a46d5fd,cb270b00-9416-4043-8668-a73f897867ff,/photos/cb270b00-9416-4043-8668-a73f897867ff/0.webp,0,2026-05-30T15:34:10+00:00
1b45ea2f-1f5a-4947-b829-82f8ba67d02b,cb270b00-9416-4043-8668-a73f897867ff,/photos/cb270b00-9416-4043-8668-a73f897867ff/1.webp,1,2026-05-30T15:34:10+00:00
b0c2a7fb-479c-402a-9166-6d354c1b3025,cb270b00-9416-4043-8668-a73f897867ff,/photos/cb270b00-9416-4043-8668-a73f897867ff/2.webp,2,2026-05-30T15:34:10+00:00
639abcc2-c92b-41d5-82ed-c5e10af3af61,cb270b00-9416-4043-8668-a73f897867ff,/photos/cb270b00-9416-4043-8668-a73f897867ff/3.webp,3,2026-05-30T15:34:10+00:00
b9252373-8945-4984-aeda-522d5a7be53c,c5f13697-b641-4be1-8a71-fcad9498da96,/photos/c5f13697-b641-4be1-8a71-fcad9498da96/0.webp,0,2025-02-11T02:56:00+00:00
f1604bdf-d86d-4081-8b9a-646cee7ec01a,c5f13697-b641-4be1-8a71-fcad9498da96,/photos/c5f13697-b641-4be1-8a71-fcad9498da96/1.webp,1,2025-02-11T02:56:00+00:00
5e7c0308-f319-440d-b82c-a009ef306048,c5f13697-b641-4be1-8a71-fcad9498da96,/photos/c5f13697-b641-4be1-8a71-fcad9498da96/2.webp,2,2025-02-11T02:56:00+00:00
fed9ccae-5680-4fdc-b841-7a977f671447,c5f13697-b641-4be1-8a71-fcad9498da96,/photos/c5f13697-b641-4be1-8a71-fcad9498da96/3.webp,3,2025-02-11T02:56:00+00:00
7b8d89b4-d306-4375-b68a-b2184cc3674c,c5f13697-b641-4be1-8a71-fcad9498da96,/photos/c5f13697-b641-4be1-8a71-fcad9498da96/4.webp,4,2025-02-11T02:56:00+00:00
21fb684f-c237-44f1-bb93-7eb2c4723b02,c5f13697-b641-4be1-8a71-fcad9498da96,/photos/c5f13697-b641-4be1-8a71-fcad9498da96/5.webp,5,2025-02-11T02:56:00+00:00
8263c4d5-6dcd-45f9-9cf3-f8b172bbd7f3,d92c0c90-e701-4b62-9b05-7f8143d3407a,/photos/d92c0c90-e701-4b62-9b05-7f8143d3407a/0.webp,0,2026-05-09T08:36:19+00:00
5167fe9c-2fa8-4c1b-9849-3e77e5f3eea3,d92c0c90-e701-4b62-9b05-7f8143d3407a,/photos/d92c0c90-e701-4b62-9b05-7f8143d3407a/1.webp,1,2026-05-09T08:36:19+00:00
e8b4a9b7-bb76-4a78-b16c-5b5af6808dcc,d92c0c90-e701-4b62-9b05-7f8143d3407a,/photos/d92c0c90-e701-4b62-9b05-7f8143d3407a/2.webp,2,2026-05-09T08:36:19+00:00
2c47f390-6f7f-432e-9a4b-44a611b67c8d,bbd9d450-b92b-4b99-a76b-55ff10ff1cec,/photos/bbd9d450-b92b-4b99-a76b-55ff10ff1cec/0.webp,0,2025-09-06T23:08:11+00:00
50c678d6-88c3-4853-a74a-582004491495,bbd9d450-b92b-4b99-a76b-55ff10ff1cec,/photos/bbd9d450-b92b-4b99-a76b-55ff10ff1cec/1.webp,1,2025-09-06T23:08:11+00:00
8c5dfb09-041f-4397-8bc6-a1257a95e74d,bbd9d450-b92b-4b99-a76b-55ff10ff1cec,/photos/bbd9d450-b92b-4b99-a76b-55ff10ff1cec/2.webp,2,2025-09-06T23:08:11+00:00
88ab49f8-fa68-4626-8484-21ea94701df8,bbd9d450-b92b-4b99-a76b-55ff10ff1cec,/photos/bbd9d450-b92b-4b99-a76b-55ff10ff1cec/3.webp,3,2025-09-06T23:08:11+00:00
8ffe5e36-f031-4b6d-a07c-5f728d982167,bbd9d450-b92b-4b99-a76b-55ff10ff1cec,/photos/bbd9d450-b92b-4b99-a76b-55ff10ff1cec/4.webp,4,2025-09-06T23:08:11+00:00
919fb352-2963-4e70-92b2-495bd29b0277,633f396a-5230-48fc-b714-ff4dae685140,/photos/633f396a-5230-48fc-b714-ff4dae685140/0.webp,0,2026-02-13T16:09:40+00:00
ccc2a096-698e-4287-a660-465c7e3ac6ad,633f396a-5230-48fc-b714-ff4dae685140,/photos/633f396a-5230-48fc-b714-ff4dae685140/1.webp,1,2026-02-13T16:09:40+00:00
5f232ff8-dc6a-410c-afd7-911ce90a6fdc,633f396a-5230-48fc-b714-ff4dae685140,/photos/633f396a-5230-48fc-b714-ff4dae685140/2.webp,2,2026-02-13T16:09:40+00:00
405244f7-cb83-4b9d-8779-3071d2267792,633f396a-5230-48fc-b714-ff4dae685140,/photos/633f396a-5230-48fc-b714-ff4dae685140/3.webp,3,2026-02-13T16:09:40+00:00
6e8931f8-221b-42df-877e-983a87e5a420,633f396a-5230-48fc-b714-ff4dae685140,/photos/633f396a-5230-48fc-b714-ff4dae685140/4.webp,4,2026-02-13T16:09:40+00:00
436d37fd-4e7f-41d2-b474-71801b23f6b5,a09b1a16-0d10-4f20-875c-9a0db0fcb551,/photos/a09b1a16-0d10-4f20-875c-9a0db0fcb551/0.webp,0,2026-08-19T18:44:01+00:00
d95495dd-f3d6-4d03-b6cf-1075735771d4,a09b1a16-0d10-4f20-875c-9a0db0fcb551,/photos/a09b1a16-0d10-4f20-875c-9a0db0fcb551/1.webp,1,2026-08-19T18:44:01+00:00
5344fdea-1e10-4a1d-b98a-127f95ccb11e,a09b1a16-0d10-4f20-875c-9a0db0fcb551,/photos/a09b1a16-0d10-4f20-875c-9a0db0fcb551/2.webp,2,2026-08-19T18:44:01+00:00
b7acb1d0-362f-4c81-a750-86d13a66b2ae,a09b1a16-0d10-4f20-875c-9a0db0fcb551,/photos/a09b1a16-0d10-4f20-875c-9a0db0fcb551/3.webp,3,2026-08-19T18:44:01+00:00
9b52e4e3-f9a5-4264-996f-f91a08707c22,a09b1a16-0d10-4f20-875c-9a0db0fcb551,/photos/a09b1a16-0d10-4f20-875c-9a0db0fcb551/4.webp,4,2026-08-19T18:44:01+00:00
9c1da6f6-88f5-4223-9fbe-56c6aaa2d7d2,a09b1a16-0d10-4f20-875c-9a0db0fcb551,/photos/a09b1a16-0d10-4f20-875c-9a0db0fcb551/5.webp,5,2026-08-19T18:44:01+00:00
b1fcf956-e95f-4e20-a7e7-d9ab5f01dcfd,a09b1a16-0d10-4f20-875c-9a0db0fcb551,/photos/a09b1a16-0d10-4f20-875c-9a0db0fcb551/6.webp,6,2026-08-19T18:44:01+00:00
79982973-a021-4687-9c8c-cd990abd0a0a,a09b1a16-0d10-4f20-875c-9a0db0fcb551,/photos/a09b1a16-0d10-4f20-875c-9a0db0fcb551/7.webp,7,2026-08-19T18:44:01+00:00
49390ab1-abec-4756-be8a-b06c2b8de93a,d643bed0-9991-48ab-82ed-e7046251c3e4,/photos/d643bed0-9991-48ab-82ed-e7046251c3e4/0.webp,0,2026-07-24T23:49:40+00:00
917f1743-b303-49be-a889-022b0b252d13,d643bed0-9991-48ab-82ed-e7046251c3e4,/photos/d643bed0-9991-48ab-82ed-e7046251c3e4/1.webp,1,2026-07-24T23:49:40+00:00
e31b9ccf-e376-489d-af1e-2bdca2677870,d643bed0-9991-48ab-82ed-e7046251c3e4,/photos/d643bed0-9991-48ab-82ed-e7046251c3e4/2.webp,2,2026-07-24T23:49:40+00:00
f3e65a4e-2512-44a4-bc13-72924cf0b969,d643bed0-9991-48ab-82ed-e7046251c3e4,/photos/d643bed0-9991-48ab-82ed-e7046251c3e4/3.webp,3,2026-07-24T23:49:40+00:00
a00f64d6-c27c-4fe3-bdb9-3e8db86ae179,97ea2bdc-34be-4620-9a7f-3023659c6c69,/photos/97ea2bdc-34be-4620-9a7f-3023659c6c69/0.webp,0,2025-03-11T02:50:29+00:00
8297f39a-4bbc-495d-882a-599cec43bcfd,97ea2bdc-34be-4620-9a7f-3023659c6c69,/photos/97ea2bdc-34be-4620-9a7f-3023659c6c69/1.webp,1,2025-03-11T02:50:29+00:00
e9b4a069-74c8-40bc-a379-f15b4d31f25f,97ea2bdc-34be-4620-9a7f-3023659c6c69,/photos/97ea2bdc-34be-4620-9a7f-3023659c6c69/2.webp,2,2025-03-11T02:50:29+00:00
85bffb65-832c-455d-9b08-463c7db9d57e,97ea2bdc-34be-4620-9a7f-3023659c6c69,/photos/97ea2bdc-34be-4620-9a7f-3023659c6c69/3.webp,3,2025-03-11T02:50:29+00:00
57964d2d-298b-4857-95d2-5ff8e83173fa,96926585-1d3a-4d05-a441-e7fe7cc6b2cd,/photos/96926585-1d3a-4d05-a441-e7fe7cc6b2cd/0.webp,0,2026-08-31T08:46:53+00:00
81e12cbc-0114-4711-8ed0-f845ea03d4a1,96926585-1d3a-4d05-a441-e7fe7cc6b2cd,/photos/96926585-1d3a-4d05-a441-e7fe7cc6b2cd/1.webp,1,2026-08-31T08:46:53+00:00
1c69d641-da1b-46ff-8f81-351ec75ba112,3c883e3e-6555-4a5d-b3ad-e7257ee64bce,/photos/3c883e3e-6555-4a5d-b3ad-e7257ee64bce/0.webp,0,2025-03-17T08:19:29+00:00
4d233c87-d811-4b87-a611-f1770a7e7e16,3c883e3e-6555-4a5d-b3ad-e7257ee64bce,/photos/3c883e3e-6555-4a5d-b3ad-e7257ee64bce/1.webp,1,2025-03-17T08:19:29+00:00
0697a05f-109c-4684-8e47-e82368b3ce3d,3c883e3e-6555-4a5d-b3ad-e7257ee64bce,/photos/3c883e3e-6555-4a5d-b3ad-e7257ee64bce/2.webp,2,2025-03-17T08:19:29+00:00
cc898ef8-55bd-49bf-b21c-1d388a0473a2,3c883e3e-6555-4a5d-b3ad-e7257ee64bce,/photos/3c883e3e-6555-4a5d-b3ad-e7257ee64bce/3.webp,3,2025-03-17T08:19:29+00:00
9872361e-74e0-432b-8728-fba492c0beac,3c883e3e-6555-4a5d-b3ad-e7257ee64bce,/photos/3c883e3e-6555-4a5d-b3ad-e7257ee64bce/4.webp,4,2025-03-17T08:19:29+00:00
1ba44ffb-bacc-4cbf-8992-40a7190606e1,3c883e3e-6555-4a5d-b3ad-e7257ee64bce,/photos/3c883e3e-6555-4a5d-b3ad-e7257ee64bce/5.webp,5,2025-03-17T08:19:29+00:00
2ecef971-fca0-4ee6-b43f-fc7451dba64f,3c883e3e-6555-4a5d-b3ad-e7257ee64bce,/photos/3c883e3e-6555-4a5d-b3ad-e7257ee64bce/6.webp,6,2025-03-17T08:19:29+00:00
353a3281-fc29-4608-98bf-d6a5cb0ec768,7567b84b-1c34-4c99-9577-a37908f89fc2,/photos/7567b84b-1c34-4c99-9577-a37908f89fc2/0.webp,0,2026-04-19T06:42:34+00:00
d5beef73-af60-43fd-bbee-167cab02c3da,7567b84b-1c34-4c99-9577-a37908f89fc2,/photos/7567b84b-1c34-4c99-9577-a37908f89fc2/1.webp,1,2026-04-19T06:42:34+00:00
f1252279-57b5-4675-a423-d5ddcf9e0b4f,7567b84b-1c34-4c99-9577-a37908f89fc2,/photos/7567b84b-1c34-4c99-9577-a37908f89fc2/2.webp,2,2026-04-19T06:42:34+00:00
4974689a-e3ba-4dbc-8212-2d6df6476b9c,1e09aa54-a764-4f49-8093-3e5d73753df9,/photos/1e09aa54-a764-4f49-8093-3e5d73753df9/0.webp,0,2026-01-08T19:17:18+00:00
0529161f-de7c-47fd-afcd-48cabda27e29,1e09aa54-a764-4f49-8093-3e5d73753df9,/photos/1e09aa54-a764-4f49-8093-3e5d73753df9/1.webp,1,2026-01-08T19:17:18+00:00
75405056-2737-46ea-ab5a-8dc3e4b17c0c,1e09aa54-a764-4f49-8093-3e5d73753df9,/photos/1e09aa54-a764-4f49-8093-3e5d73753df9/2.webp,2,2026-01-08T19:17:18+00:00
173bc053-2b4b-4577-829c-c890a2f6b1f6,1e09aa54-a764-4f49-8093-3e5d73753df9,/photos/1e09aa54-a764-4f49-8093-3e5d73753df9/3.webp,3,2026-01-08T19:17:18+00:00
30b9485b-75fe-48a6-8273-3970152f7266,00a60d37-e5e6-46a4-afc9-b7dad0f78a03,/photos/00a60d37-e5e6-46a4-afc9-b7dad0f78a03/0.webp,0,2025-03-10T16:53:07+00:00
2bc14219-0209-452e-9a9a-bedefe0c9e1c,00a60d37-e5e6-46a4-afc9-b7dad0f78a03,/photos/00a60d37-e5e6-46a4-afc9-b7dad0f78a03/1.webp,1,2025-03-10T16:53:07+00:00
af727d7e-7552-4b69-b7a7-7fcc0be09494,00a60d37-e5e6-46a4-afc9-b7dad0f78a03,/photos/00a60d37-e5e6-46a4-afc9-b7dad0f78a03/2.webp,2,2025-03-10T16:53:07+00:00
5d4b9891-50bb-4710-a71c-790ad11476dc,5342efb5-022e-4d8a-806b-6b4d8681e0d5,/photos/5342efb5-022e-4d8a-806b-6b4d8681e0d5/0.webp,0,2025-04-23T11:42:34+00:00
730baa63-16fa-429c-ae69-3f96a1e5e139,5342efb5-022e-4d8a-806b-6b4d8681e0d5,/photos/5342efb5-022e-4d8a-806b-6b4d8681e0d5/1.webp,1,2025-04-23T11:42:34+00:00
2324965f-7b55-4aa7-84b0-e65dab493308,5342efb5-022e-4d8a-806b-6b4d8681e0d5,/photos/5342efb5-022e-4d8a-806b-6b4d8681e0d5/2.webp,2,2025-04-23T11:42:34+00:00
92c10ff4-4411-4298-ad80-87168e26b395,5342efb5-022e-4d8a-806b-6b4d8681e0d5,/photos/5342efb5-022e-4d8a-806b-6b4d8681e0d5/3.webp,3,2025-04-23T11:42:34+00:00
bd1dff80-af0a-478c-ac2f-fb3a4d3dfa13,5342efb5-022e-4d8a-806b-6b4d8681e0d5,/photos/5342efb5-022e-4d8a-806b-6b4d8681e0d5/4.webp,4,2025-04-23T11:42:34+00:00
f40743cc-b553-46c6-aff7-e98775fa0c88,18c1a90c-73f9-48c8-a6be-95de31a44272,/photos/18c1a90c-73f9-48c8-a6be-95de31a44272/0.webp,0,2026-08-22T12:10:01+00:00
e8aad6a2-bf22-4e00-b400-28737e8b2782,d59a55ef-2d82-4a0e-9a60-1e442a25f348,/photos/d59a55ef-2d82-4a0e-9a60-1e442a25f348/0.webp,0,2025-08-20T08:56:39+00:00
e5fcc72a-7075-49cc-84f0-b10e92ad58b4,d59a55ef-2d82-4a0e-9a60-1e442a25f348,/photos/d59a55ef-2d82-4a0e-9a60-1e442a25f348/1.webp,1,2025-08-20T08:56:39+00:00
2963f865-f669-4ad8-a19a-ec8bcca5d4c2,d59a55ef-2d82-4a0e-9a60-1e442a25f348,/photos/d59a55ef-2d82-4a0e-9a60-1e442a25f348/2.webp,2,2025-08-20T08:56:39+00:00
001850d4-c682-49b4-aab8-6a8f167b392c,d59a55ef-2d82-4a0e-9a60-1e442a25f348,/photos/d59a55ef-2d82-4a0e-9a60-1e442a25f348/3.webp,3,2025-08-20T08:56:39+00:00
c55b232e-5b73-477d-a125-ee8f8f3ba373,d59a55ef-2d82-4a0e-9a60-1e442a25f348,/photos/d59a55ef-2d82-4a0e-9a60-1e442a25f348/4.webp,4,2025-08-20T08:56:39+00:00
fae00279-275a-4c5e-b98e-5c9cab422ac6,d59a55ef-2d82-4a0e-9a60-1e442a25f348,/photos/d59a55ef-2d82-4a0e-9a60-1e442a25f348/5.webp,5,2025-08-20T08:56:39+00:00
496995a9-42ad-41a0-887e-050ae4cf5355,fbd1ca94-7113-41a5-b16b-8bee968143f9,/photos/fbd1ca94-7113-41a5-b16b-8bee968143f9/0.webp,0,2024-12-10T00:34:16+00:00
f30815f2-25eb-453f-816b-31fa3e040bcd,fbd1ca94-7113-41a5-b16b-8bee968143f9,/photos/fbd1ca94-7113-41a5-b16b-8bee968143f9/1.webp,1,2024-12-10T00:34:16+00:00
73828b30-f026-4330-98f7-b1fcb739c9e8,fbd1ca94-7113-41a5-b16b-8bee968143f9,/photos/fbd1ca94-7113-41a5-b16b-8bee968143f9/2.webp,2,2024-12-10T00:34:16+00:00
4c931245-4a5a-4087-a4ab-48366e10cfa0,fbd1ca94-7113-41a5-b16b-8bee968143f9,/photos/fbd1ca94-7113-41a5-b16b-8bee968143f9/3.webp,3,2024-12-10T00:34:16+00:00
b61eee83-802b-42f5-beec-e0b1ccab971d,6a10f71d-606f-44a3-ab06-dd38c18f0272,/photos/6a10f71d-606f-44a3-ab06-dd38c18f0272/0.webp,0,2025-01-17T07:35:57+00:00
9a776316-6cf6-45b7-8298-30d9fa23f788,b0cc6595-e2ea-40e1-87e4-9916f419888d,/photos/b0cc6595-e2ea-40e1-87e4-9916f419888d/0.webp,0,2026-01-16T15:44:49+00:00
52d06311-9c3e-4b01-9516-6a03d1716072,b0cc6595-e2ea-40e1-87e4-9916f419888d,/photos/b0cc6595-e2ea-40e1-87e4-9916f419888d/1.webp,1,2026-01-16T15:44:49+00:00
719c93d9-e090-43ce-86ad-ba837b01365f,b0cc6595-e2ea-40e1-87e4-9916f419888d,/photos/b0cc6595-e2ea-40e1-87e4-9916f419888d/2.webp,2,2026-01-16T15:44:49+00:00
a93a736b-c9b4-46a3-8d7e-63061ea35866,b0cc6595-e2ea-40e1-87e4-9916f419888d,/photos/b0cc6595-e2ea-40e1-87e4-9916f419888d/3.webp,3,2026-01-16T15:44:49+00:00
ec6236b8-d979-4aae-a6c4-30d70d931413,8607f95c-f823-43fb-976d-28941d2e8552,/photos/8607f95c-f823-43fb-976d-28941d2e8552/0.webp,0,2025-08-06T10:18:30+00:00
4ee78435-9603-410b-acc2-44896e5f26fa,8607f95c-f823-43fb-976d-28941d2e8552,/photos/8607f95c-f823-43fb-976d-28941d2e8552/1.webp,1,2025-08-06T10:18:30+00:00
5331cacc-a999-490f-97ee-3fe6c8c9d2a6,8607f95c-f823-43fb-976d-28941d2e8552,/photos/8607f95c-f823-43fb-976d-28941d2e8552/2.webp,2,2025-08-06T10:18:30+00:00
4c7475eb-c027-4d79-9ce3-22e14fbf9da9,8607f95c-f823-43fb-976d-28941d2e8552,/photos/8607f95c-f823-43fb-976d-28941d2e8552/3.webp,3,2025-08-06T10:18:30+00:00
185acee3-54ab-4424-9504-bddf31f7ead5,e072bf0d-373a-4f35-82aa-130bda84aa75,/photos/e072bf0d-373a-4f35-82aa-130bda84aa75/0.webp,0,2026-05-26T19:51:48+00:00
b968a518-d6fa-4e27-b0aa-4617409517d4,e072bf0d-373a-4f35-82aa-130bda84aa75,/photos/e072bf0d-373a-4f35-82aa-130bda84aa75/1.webp,1,2026-05-26T19:51:48+00:00
ce89226f-8835-4882-9f26-c57b01e8ab04,e072bf0d-373a-4f35-82aa-130bda84aa75,/photos/e072bf0d-373a-4f35-82aa-130bda84aa75/2.webp,2,2026-05-26T19:51:48+00:00
8c791a6a-3186-4de0-bd80-9b7fc3e6e0d6,e072bf0d-373a-4f35-82aa-130bda84aa75,/photos/e072bf0d-373a-4f35-82aa-130bda84aa75/3.webp,3,2026-05-26T19:51:48+00:00
9e240147-6a8c-4e28-b938-f0d0a93ac218,e072bf0d-373a-4f35-82aa-130bda84aa75,/photos/e072bf0d-373a-4f35-82aa-130bda84aa75/4.webp,4,2026-05-26T19:51:48+00:00
925b4589-01e7-4c29-a2a0-f9f797608c8c,e072bf0d-373a-4f35-82aa-130bda84aa75,/photos/e072bf0d-373a-4f35-82aa-130bda84aa75/5.webp,5,2026-05-26T19:51:48+00:00
fce45bcb-dc74-4b6e-ab0f-f1673a38297a,5a6d674a-19c8-428e-8da7-a4fabc20f575,/photos/5a6d674a-19c8-428e-8da7-a4fabc20f575/0.webp,0,2025-06-09T23:29:55+00:00
ab8aa61a-916c-406b-8b1e-95c96abe643f,5a6d674a-19c8-428e-8da7-a4fabc20f575,/photos/5a6d674a-19c8-428e-8da7-a4fabc20f575/1.webp,1,2025-06-09T23:29:55+00:00
8b5285dd-6d90-492c-9122-009958d777f1,5a6d674a-19c8-428e-8da7-a4fabc20f575,/photos/5a6d674a-19c8-428e-8da7-a4fabc20f575/2.webp,2,2025-06-09T23:29:55+00:00
c74f2628-be0a-4876-9e87-d971866d837d,5a6d674a-19c8-428e-8da7-a4fabc20f575,/photos/5a6d674a-19c8-428e-8da7-a4fabc20f575/3.webp,3,2025-06-09T23:29:55+00:00
a90f736d-5018-4aa2-ad72-71c1ab60b27d,5a6d674a-19c8-428e-8da7-a4fabc20f575,/photos/5a6d674a-19c8-428e-8da7-a4fabc20f575/4.webp,4,2025-06-09T23:29:55+00:00
c3606add-b70d-4b87-a5c3-cec07adde01c,5a6d674a-19c8-428e-8da7-a4fabc20f575,/photos/5a6d674a-19c8-428e-8da7-a4fabc20f575/5.webp,5,2025-06-09T23:29:55+00:00
24e73f37-8571-40fe-9128-63d409def762,676cca08-ae3a-4344-a4c9-cba988396b91,/photos/676cca08-ae3a-4344-a4c9-cba988396b91/0.webp,0,2026-07-11T16:37:14+00:00
76b9269d-aa15-4f99-8730-b32dc8df5557,676cca08-ae3a-4344-a4c9-cba988396b91,/photos/676cca08-ae3a-4344-a4c9-cba988396b91/1.webp,1,2026-07-11T16:37:14+00:00
a6270955-77b2-4c41-89e9-b990676f1f76,676cca08-ae3a-4344-a4c9-cba988396b91,/photos/676cca08-ae3a-4344-a4c9-cba988396b91/2.webp,2,2026-07-11T16:37:14+00:00
8afdc1bc-740e-479f-a707-52568dbfc1f0,676cca08-ae3a-4344-a4c9-cba988396b91,/photos/676cca08-ae3a-4344-a4c9-cba988396b91/3.webp,3,2026-07-11T16:37:14+00:00
046ff6fb-cefd-4dc5-8f56-506bccd338e8,9f1307ec-6601-44ee-8ac7-1a98dfb7526d,/photos/9f1307ec-6601-44ee-8ac7-1a98dfb7526d/0.webp,0,2025-05-22T12:44:06+00:00
5fb4e193-ab43-4518-8c3d-3a1f4b6c5ae7,9f1307ec-6601-44ee-8ac7-1a98dfb7526d,/photos/9f1307ec-6601-44ee-8ac7-1a98dfb7526d/1.webp,1,2025-05-22T12:44:06+00:00
0d693088-4d2d-4029-9635-dac33435ec01,9f1307ec-6601-44ee-8ac7-1a98dfb7526d,/photos/9f1307ec-6601-44ee-8ac7-1a98dfb7526d/2.webp,2,2025-05-22T12:44:06+00:00
fc61a2f4-331d-468e-a15e-3c4597ca8428,9f1307ec-6601-44ee-8ac7-1a98dfb7526d,/photos/9f1307ec-6601-44ee-8ac7-1a98dfb7526d/3.webp,3,2025-05-22T12:44:06+00:00
c791d6f9-7b94-4011-adbd-683b8429e87d,9f1307ec-6601-44ee-8ac7-1a98dfb7526d,/photos/9f1307ec-6601-44ee-8ac7-1a98dfb7526d/4.webp,4,2025-05-22T12:44:06+00:00
c4c229cc-331c-413b-9de6-a07349c8dcb8,9f1307ec-6601-44ee-8ac7-1a98dfb7526d,/photos/9f1307ec-6601-44ee-8ac7-1a98dfb7526d/5.webp,5,2025-05-22T12:44:06+00:00
45c007b5-f281-4ba5-8073-b0e3eae19fab,5b85b9e0-4c46-408b-b89f-fbdfc2e46dab,/photos/5b85b9e0-4c46-408b-b89f-fbdfc2e46dab/0.webp,0,2025-01-26T02:19:03+00:00
5384b356-6bf9-4dd8-90a9-836d5db86e4e,5b85b9e0-4c46-408b-b89f-fbdfc2e46dab,/photos/5b85b9e0-4c46-408b-b89f-fbdfc2e46dab/1.webp,1,2025-01-26T02:19:03+00:00
f613dbf1-d112-4d6b-85b0-0e80b4043718,5b85b9e0-4c46-408b-b89f-fbdfc2e46dab,/photos/5b85b9e0-4c46-408b-b89f-fbdfc2e46dab/2.webp,2,2025-01-26T02:19:03+00:00
478febb9-7cc0-4376-916a-dfaa90d61aa7,5b85b9e0-4c46-408b-b89f-fbdfc2e46dab,/photos/5b85b9e0-4c46-408b-b89f-fbdfc2e46dab/3.webp,3,2025-01-26T02:19:03+00:00
c28fb480-9ee6-4092-8b7b-1d67b6e5f9b3,5b85b9e0-4c46-408b-b89f-fbdfc2e46dab,/photos/5b85b9e0-4c46-408b-b89f-fbdfc2e46dab/4.webp,4,2025-01-26T02:19:03+00:00
39be044d-b02b-4279-8711-ef0e90817003,48a5d80a-b900-4f46-99e4-31b95130c1b4,/photos/48a5d80a-b900-4f46-99e4-31b95130c1b4/0.webp,0,2026-08-13T18:01:49+00:00
7a683bfe-08c0-4075-9160-b9747e9fc124,48a5d80a-b900-4f46-99e4-31b95130c1b4,/photos/48a5d80a-b900-4f46-99e4-31b95130c1b4/1.webp,1,2026-08-13T18:01:49+00:00
164b89ee-e3c7-4939-b23f-1c3ba7ea38f3,48a5d80a-b900-4f46-99e4-31b95130c1b4,/photos/48a5d80a-b900-4f46-99e4-31b95130c1b4/2.webp,2,2026-08-13T18:01:49+00:00
ea80ec05-0fad-4346-8433-b567e7fa7b4e,240141c9-63ce-49cd-8455-b5834065836a,/photos/240141c9-63ce-49cd-8455-b5834065836a/0.webp,0,2026-07-10T20:04:17+00:00
f1401704-00ca-4be9-a742-2f06b0a16b62,240141c9-63ce-49cd-8455-b5834065836a,/photos/240141c9-63ce-49cd-8455-b5834065836a/1.webp,1,2026-07-10T20:04:17+00:00
873c88c4-ee2f-4929-a7aa-d9a426d56406,240141c9-63ce-49cd-8455-b5834065836a,/photos/240141c9-63ce-49cd-8455-b5834065836a/2.webp,2,2026-07-10T20:04:17+00:00
5eabb18a-ad63-488d-afe4-e2717078f533,7b54529b-ede4-4f99-af1c-6140c948c950,/photos/7b54529b-ede4-4f99-af1c-6140c948c950/0.webp,0,2025-10-11T00:38:21+00:00
75f0f6e2-a002-4061-bac2-298e2a1276e3,7b54529b-ede4-4f99-af1c-6140c948c950,/photos/7b54529b-ede4-4f99-af1c-6140c948c950/1.webp,1,2025-10-11T00:38:21+00:00
da0ab7fe-ddd1-4c6b-bb8d-0c8e9aa64c89,7b54529b-ede4-4f99-af1c-6140c948c950,/photos/7b54529b-ede4-4f99-af1c-6140c948c950/2.webp,2,2025-10-11T00:38:21+00:00
05aa0736-b07e-491e-bbf7-0ca0750c6e70,7b54529b-ede4-4f99-af1c-6140c948c950,/photos/7b54529b-ede4-4f99-af1c-6140c948c950/3.webp,3,2025-10-11T00:38:21+00:00
4dba1ac9-34f8-4856-a144-737669918a7a,894b2459-b2ff-49ce-816e-ab0c3e415187,/photos/894b2459-b2ff-49ce-816e-ab0c3e415187/0.webp,0,2026-07-26T23:04:15+00:00
e12480d5-3fbe-495c-9be8-7a1d50763ebf,894b2459-b2ff-49ce-816e-ab0c3e415187,/photos/894b2459-b2ff-49ce-816e-ab0c3e415187/1.webp,1,2026-07-26T23:04:15+00:00
49662dff-8f00-46f5-ba08-c0a1db1eae77,894b2459-b2ff-49ce-816e-ab0c3e415187,/photos/894b2459-b2ff-49ce-816e-ab0c3e415187/2.webp,2,2026-07-26T23:04:15+00:00
b5510e37-a0f8-4b4d-8c8e-444094803ee6,894b2459-b2ff-49ce-816e-ab0c3e415187,/photos/894b2459-b2ff-49ce-816e-ab0c3e415187/3.webp,3,2026-07-26T23:04:15+00:00
b9691fe1-a76f-42fc-a697-f35f9412fd6b,894b2459-b2ff-49ce-816e-ab0c3e415187,/photos/894b2459-b2ff-49ce-816e-ab0c3e415187/4.webp,4,2026-07-26T23:04:15+00:00
3e620ef2-c4fe-44df-a24c-6a7e8927605d,bdf18863-c38b-49b9-a29a-8525d55e6df3,/photos/bdf18863-c38b-49b9-a29a-8525d55e6df3/0.webp,0,2024-08-26T23:39:49+00:00
27b0fa51-0132-4446-9bf7-ef3ed4f6ac34,bdf18863-c38b-49b9-a29a-8525d55e6df3,/photos/bdf18863-c38b-49b9-a29a-8525d55e6df3/1.webp,1,2024-08-26T23:39:49+00:00
e2b42436-8fdd-4bc5-90b1-8808e090063e,bdf18863-c38b-49b9-a29a-8525d55e6df3,/photos/bdf18863-c38b-49b9-a29a-8525d55e6df3/2.webp,2,2024-08-26T23:39:49+00:00
3e2a2c2f-93b7-4c47-b07b-6af9e8d16d0f,bdf18863-c38b-49b9-a29a-8525d55e6df3,/photos/bdf18863-c38b-49b9-a29a-8525d55e6df3/3.webp,3,2024-08-26T23:39:49+00:00
455ce9f4-562b-4c92-8a25-591111e4b060,bdf18863-c38b-49b9-a29a-8525d55e6df3,/photos/bdf18863-c38b-49b9-a29a-8525d55e6df3/4.webp,4,2024-08-26T23:39:49+00:00
bd02e797-91c5-4f3c-bba3-2c44fc84aa2c,bdf18863-c38b-49b9-a29a-8525d55e6df3,/photos/bdf18863-c38b-49b9-a29a-8525d55e6df3/5.webp,5,2024-08-26T23:39:49+00:00
635d4228-2d5b-41e3-a8df-4326b9f2d091,bdf18863-c38b-49b9-a29a-8525d55e6df3,/photos/bdf18863-c38b-49b9-a29a-8525d55e6df3/6.webp,6,2024-08-26T23:39:49+00:00
f05b0d1e-297a-467c-9af1-91cf3e85f457,bdf18863-c38b-49b9-a29a-8525d55e6df3,/photos/bdf18863-c38b-49b9-a29a-8525d55e6df3/7.webp,7,2024-08-26T23:39:49+00:00
238f16ef-2b4f-4c81-9529-402c2ffea458,bdf18863-c38b-49b9-a29a-8525d55e6df3,/photos/bdf18863-c38b-49b9-a29a-8525d55e6df3/8.webp,8,2024-08-26T23:39:49+00:00
2a8f4164-a419-45f5-8169-c780c39ed013,bdf18863-c38b-49b9-a29a-8525d55e6df3,/photos/bdf18863-c38b-49b9-a29a-8525d55e6df3/9.webp,9,2024-08-26T23:39:49+00:00
9970ea05-93a0-4357-b197-423322eb2004,a16de68e-4b9f-4666-8791-5dbea4a332cd,/photos/a16de68e-4b9f-4666-8791-5dbea4a332cd/0.webp,0,2025-11-19T06:26:34+00:00
fb2c682a-8420-4e00-9988-0db46aea00d0,a16de68e-4b9f-4666-8791-5dbea4a332cd,/photos/a16de68e-4b9f-4666-8791-5dbea4a332cd/1.webp,1,2025-11-19T06:26:34+00:00
a451bbaf-919e-4e7f-8237-7f5998807244,a16de68e-4b9f-4666-8791-5dbea4a332cd,/photos/a16de68e-4b9f-4666-8791-5dbea4a332cd/2.webp,2,2025-11-19T06:26:34+00:00
72433c33-65d1-4a97-ba92-7935edacdb97,a16de68e-4b9f-4666-8791-5dbea4a332cd,/photos/a16de68e-4b9f-4666-8791-5dbea4a332cd/3.webp,3,2025-11-19T06:26:34+00:00
82886ff1-3d1b-42c0-9674-974e23c12a5f,a16de68e-4b9f-4666-8791-5dbea4a332cd,/photos/a16de68e-4b9f-4666-8791-5dbea4a332cd/4.webp,4,2025-11-19T06:26:34+00:00
f7c4a49a-45e6-45b4-becb-d494e285b674,a16de68e-4b9f-4666-8791-5dbea4a332cd,/photos/a16de68e-4b9f-4666-8791-5dbea4a332cd/5.webp,5,2025-11-19T06:26:34+00:00
a34d3fe9-f2bd-463d-ae45-690ce5bbe513,a16de68e-4b9f-4666-8791-5dbea4a332cd,/photos/a16de68e-4b9f-4666-8791-5dbea4a332cd/6.webp,6,2025-11-19T06:26:34+00:00
d9b572d8-2852-4d9d-bc1f-95b4af69a8f2,a16de68e-4b9f-4666-8791-5dbea4a332cd,/photos/a16de68e-4b9f-4666-8791-5dbea4a332cd/7.webp,7,2025-11-19T06:26:34+00:00
688b8b6f-7176-45f4-bf56-6c92792b874c,a16de68e-4b9f-4666-8791-5dbea4a332cd,/photos/a16de68e-4b9f-4666-8791-5dbea4a332cd/8.webp,8,2025-11-19T06:26:34+00:00
c6544e15-fb5e-4e2b-8d20-63c185e99354,515cebd0-9aed-4531-af61-a14df3c4a443,/photos/515cebd0-9aed-4531-af61-a14df3c4a443/0.webp,0,2026-06-19T14:20:59+00:00
2cf6a207-9593-4763-bc5f-e1076d053bfe,26aefa7c-12a4-40bd-b4d4-6dca643d81dd,/photos/26aefa7c-12a4-40bd-b4d4-6dca643d81dd/0.webp,0,2026-08-23T18:54:29+00:00
a7952971-a8f9-4c44-bc3a-eab4f920c924,26aefa7c-12a4-40bd-b4d4-6dca643d81dd,/photos/26aefa7c-12a4-40bd-b4d4-6dca643d81dd/1.webp,1,2026-08-23T18:54:29+00:00
9644467d-d2e6-49d1-b353-d491f49a98a6,26aefa7c-12a4-40bd-b4d4-6dca643d81dd,/photos/26aefa7c-12a4-40bd-b4d4-6dca643d81dd/2.webp,2,2026-08-23T18:54:29+00:00
750a7dbc-71a5-417e-bc6c-a35a289155f3,26aefa7c-12a4-40bd-b4d4-6dca643d81dd,/photos/26aefa7c-12a4-40bd-b4d4-6dca643d81dd/3.webp,3,2026-08-23T18:54:29+00:00
61fc4357-8b6a-43f5-bd1a-3af206c8d6fd,1e945fc7-b057-4a30-a06e-2a1ba431da5f,/photos/1e945fc7-b057-4a30-a06e-2a1ba431da5f/0.webp,0,2024-12-30T05:02:11+00:00
ac83992c-8d99-4c2b-94e7-b32590c26c14,1e945fc7-b057-4a30-a06e-2a1ba431da5f,/photos/1e945fc7-b057-4a30-a06e-2a1ba431da5f/1.webp,1,2024-12-30T05:02:11+00:00
9059c6b8-d9ee-4ec5-97df-f8b189c7f740,1e945fc7-b057-4a30-a06e-2a1ba431da5f,/photos/1e945fc7-b057-4a30-a06e-2a1ba431da5f/2.webp,2,2024-12-30T05:02:11+00:00
e23cae25-bd87-494d-8e0e-0eb3256e6304,1e945fc7-b057-4a30-a06e-2a1ba431da5f,/photos/1e945fc7-b057-4a30-a06e-2a1ba431da5f/3.webp,3,2024-12-30T05:02:11+00:00
186b458f-8cc5-4304-9970-30c787425a94,1e945fc7-b057-4a30-a06e-2a1ba431da5f,/photos/1e945fc7-b057-4a30-a06e-2a1ba431da5f/4.webp,4,2024-12-30T05:02:11+00:00
d399bf5b-4544-4d20-b6f9-62c524d0f185,1e945fc7-b057-4a30-a06e-2a1ba431da5f,/photos/1e945fc7-b057-4a30-a06e-2a1ba431da5f/5.webp,5,2024-12-30T05:02:11+00:00
c86d5f44-a5c5-42e1-9d2b-a9862a7e413f,1e945fc7-b057-4a30-a06e-2a1ba431da5f,/photos/1e945fc7-b057-4a30-a06e-2a1ba431da5f/6.webp,6,2024-12-30T05:02:11+00:00
091fca0c-320b-4af9-8d3c-c9cb6d017e5c,1e945fc7-b057-4a30-a06e-2a1ba431da5f,/photos/1e945fc7-b057-4a30-a06e-2a1ba431da5f/7.webp,7,2024-12-30T05:02:11+00:00
93af6411-525a-4c4e-a201-501986b1ec53,d2653b32-ffd9-4ab1-a61f-7dc88da7c682,/photos/d2653b32-ffd9-4ab1-a61f-7dc88da7c682/0.webp,0,2025-07-14T04:41:59+00:00
ea865a8e-00b9-43f0-9721-cd915c3d4182,d2653b32-ffd9-4ab1-a61f-7dc88da7c682,/photos/d2653b32-ffd9-4ab1-a61f-7dc88da7c682/1.webp,1,2025-07-14T04:41:59+00:00
1273aeda-5d55-4835-90a9-148d07261543,d2653b32-ffd9-4ab1-a61f-7dc88da7c682,/photos/d2653b32-ffd9-4ab1-a61f-7dc88da7c682/2.webp,2,2025-07-14T04:41:59+00:00
0afe9605-33af-4da8-9d47-b0b999f73f00,d2653b32-ffd9-4ab1-a61f-7dc88da7c682,/photos/d2653b32-ffd9-4ab1-a61f-7dc88da7c682/3.webp,3,2025-07-14T04:41:59+00:00
118e0054-d824-4f46-9a60-cdf1c1f09b4d,55fd4535-072d-41f8-b9a8-039502121eab,/photos/55fd4535-072d-41f8-b9a8-039502121eab/0.webp,0,2025-02-07T23:55:32+00:00
b9c2bda0-a913-4876-817c-fb83b9a8c7d8,a1bb6f4c-659e-4c73-8b1e-aa11d7e786b0,/photos/a1bb6f4c-659e-4c73-8b1e-aa11d7e786b0/0.webp,0,2025-08-27T04:24:03+00:00
b7952410-0b9a-45c1-8c74-3c99a854afbf,a1bb6f4c-659e-4c73-8b1e-aa11d7e786b0,/photos/a1bb6f4c-659e-4c73-8b1e-aa11d7e786b0/1.webp,1,2025-08-27T04:24:03+00:00
3f0c6e8b-b3ec-4b31-aadc-a0bd7a0cee3a,76523ad9-620b-4649-8d3b-963e3256d884,/photos/76523ad9-620b-4649-8d3b-963e3256d884/0.webp,0,2026-07-07T23:08:03+00:00
aad4aa9b-a842-4bbb-9c29-6f48348736cc,76523ad9-620b-4649-8d3b-963e3256d884,/photos/76523ad9-620b-4649-8d3b-963e3256d884/1.webp,1,2026-07-07T23:08:03+00:00
cc78c4ff-65dc-4afb-81cf-47601f0bf5a0,76523ad9-620b-4649-8d3b-963e3256d884,/photos/76523ad9-620b-4649-8d3b-963e3256d884/2.webp,2,2026-07-07T23:08:03+00:00
209aac0a-eb40-40b7-bcab-0fdffbed477d,76523ad9-620b-4649-8d3b-963e3256d884,/photos/76523ad9-620b-4649-8d3b-963e3256d884/3.webp,3,2026-07-07T23:08:03+00:00
b0fcce70-8994-4a89-86e1-7d2caeafd140,649c42a8-4c24-4f52-a8d6-6558b1564ee2,/photos/649c42a8-4c24-4f52-a8d6-6558b1564ee2/0.webp,0,2025-08-03T23:21:26+00:00
5422f9ca-c999-4a57-99d5-51e7e046db08,649c42a8-4c24-4f52-a8d6-6558b1564ee2,/photos/649c42a8-4c24-4f52-a8d6-6558b1564ee2/1.webp,1,2025-08-03T23:21:26+00:00
8c0fcbe7-91ae-44ec-8b8e-24dff40ed399,649c42a8-4c24-4f52-a8d6-6558b1564ee2,/photos/649c42a8-4c24-4f52-a8d6-6558b1564ee2/2.webp,2,2025-08-03T23:21:26+00:00
f9e6fc62-b61c-4705-a5cd-6cc66853cbf5,649c42a8-4c24-4f52-a8d6-6558b1564ee2,/photos/649c42a8-4c24-4f52-a8d6-6558b1564ee2/3.webp,3,2025-08-03T23:21:26+00:00
8148abea-98d0-4642-a731-ba5b3554fbe6,649c42a8-4c24-4f52-a8d6-6558b1564ee2,/photos/649c42a8-4c24-4f52-a8d6-6558b1564ee2/4.webp,4,2025-08-03T23:21:26+00:00
75fc2c27-f716-4999-ae4e-2dcc31ec41ed,330ed985-3fb5-4bf2-94ee-19c397ec3e8f,/photos/330ed985-3fb5-4bf2-94ee-19c397ec3e8f/0.webp,0,2025-09-11T12:06:26+00:00
9cdca4d1-a3fa-4fd2-91e8-7000b346845b,330ed985-3fb5-4bf2-94ee-19c397ec3e8f,/photos/330ed985-3fb5-4bf2-94ee-19c397ec3e8f/1.webp,1,2025-09-11T12:06:26+00:00
56e3436e-8dd2-450a-bec3-efd63f109722,f99d603c-b9a9-416a-977b-3edabbe05e81,/photos/f99d603c-b9a9-416a-977b-3edabbe05e81/0.webp,0,2025-06-18T15:36:11+00:00
c3cf3756-52b3-412b-b40c-2640aa68713e,644d9189-0096-4c8c-8008-6eae6d15f8d8,/photos/644d9189-0096-4c8c-8008-6eae6d15f8d8/0.webp,0,2026-08-08T10:19:53+00:00
60ac429e-83bb-4666-8655-75d65ec879a1,644d9189-0096-4c8c-8008-6eae6d15f8d8,/photos/644d9189-0096-4c8c-8008-6eae6d15f8d8/1.webp,1,2026-08-08T10:19:53+00:00
4be311c6-f5d8-482c-8839-4f6e4d0c5667,644d9189-0096-4c8c-8008-6eae6d15f8d8,/photos/644d9189-0096-4c8c-8008-6eae6d15f8d8/2.webp,2,2026-08-08T10:19:53+00:00
e3998c6f-bd19-478d-8bc8-f8b2d6fbf7ac,644d9189-0096-4c8c-8008-6eae6d15f8d8,/photos/644d9189-0096-4c8c-8008-6eae6d15f8d8/3.webp,3,2026-08-08T10:19:53+00:00
a1ee01b3-e893-4f1d-afeb-2cfc9b107f12,1ab14d5c-d115-45cf-b5b1-98d28bff0c2f,/photos/1ab14d5c-d115-45cf-b5b1-98d28bff0c2f/0.webp,0,2025-09-23T16:18:34+00:00
83bf1f2f-5b72-4304-abcb-d8ab72542407,1ab14d5c-d115-45cf-b5b1-98d28bff0c2f,/photos/1ab14d5c-d115-45cf-b5b1-98d28bff0c2f/1.webp,1,2025-09-23T16:18:34+00:00
12c7379b-1021-48bc-9470-702596b719b1,1ab14d5c-d115-45cf-b5b1-98d28bff0c2f,/photos/1ab14d5c-d115-45cf-b5b1-98d28bff0c2f/2.webp,2,2025-09-23T16:18:34+00:00
180823b1-1412-445b-a45d-d3a1b9fb9ae9,1ab14d5c-d115-45cf-b5b1-98d28bff0c2f,/photos/1ab14d5c-d115-45cf-b5b1-98d28bff0c2f/3.webp,3,2025-09-23T16:18:34+00:00
aa4010c1-4f1c-4279-96a0-01b4591f1326,1ab14d5c-d115-45cf-b5b1-98d28bff0c2f,/photos/1ab14d5c-d115-45cf-b5b1-98d28bff0c2f/4.webp,4,2025-09-23T16:18:34+00:00
335cf60b-df2b-43d9-ac42-fb12ad1d7fe0,1ab14d5c-d115-45cf-b5b1-98d28bff0c2f,/photos/1ab14d5c-d115-45cf-b5b1-98d28bff0c2f/5.webp,5,2025-09-23T16:18:34+00:00
dcd39bc4-34ec-4cd0-8d2c-6e3f0e77931d,1ab14d5c-d115-45cf-b5b1-98d28bff0c2f,/photos/1ab14d5c-d115-45cf-b5b1-98d28bff0c2f/6.webp,6,2025-09-23T16:18:34+00:00
d1093358-7563-48ad-a2af-4cdee6e97d3b,1ab14d5c-d115-45cf-b5b1-98d28bff0c2f,/photos/1ab14d5c-d115-45cf-b5b1-98d28bff0c2f/7.webp,7,2025-09-23T16:18:34+00:00
2c0e5efd-32b0-4536-b2cf-3070b239b93c,3aca32e4-73f7-4193-b76c-30599bf9c4ef,/photos/3aca32e4-73f7-4193-b76c-30599bf9c4ef/0.webp,0,2025-06-23T03:56:44+00:00
721ba673-64a2-40e7-b476-32e39f0d2f08,3aca32e4-73f7-4193-b76c-30599bf9c4ef,/photos/3aca32e4-73f7-4193-b76c-30599bf9c4ef/1.webp,1,2025-06-23T03:56:44+00:00
3e94c97c-2cf8-47d4-803d-acdc77a8b730,3aca32e4-73f7-4193-b76c-30599bf9c4ef,/photos/3aca32e4-73f7-4193-b76c-30599bf9c4ef/2.webp,2,2025-06-23T03:56:44+00:00
24d08238-d9f2-4d3f-8b5a-64d25713596e,9cd108f3-7695-435a-8a73-f70735b94771,/photos/9cd108f3-7695-435a-8a73-f70735b94771/0.webp,0,2026-08-16T15:13:29+00:00
378c2a3c-07d2-4730-899d-27cab5b5e777,9cd108f3-7695-435a-8a73-f70735b94771,/photos/9cd108f3-7695-435a-8a73-f70735b94771/1.webp,1,2026-08-16T15:13:29+00:00
9827f543-83a4-4065-9096-10e816977cbb,9cd108f3-7695-435a-8a73-f70735b94771,/photos/9cd108f3-7695-435a-8a73-f70735b94771/2.webp,2,2026-08-16T15:13:29+00:00
803f2182-9b73-4528-8b37-f03cefd66085,9cd108f3-7695-435a-8a73-f70735b94771,/photos/9cd108f3-7695-435a-8a73-f70735b94771/3.webp,3,2026-08-16T15:13:29+00:00
018100eb-919e-43b4-aedb-03a8f1da871a,9cd108f3-7695-435a-8a73-f70735b94771,/photos/9cd108f3-7695-435a-8a73-f70735b94771/4.webp,4,2026-08-16T15:13:29+00:00
351832ff-4841-4f7d-9204-609a980ddfe0,9cd108f3-7695-435a-8a73-f70735b94771,/photos/9cd108f3-7695-435a-8a73-f70735b94771/5.webp,5,2026-08-16T15:13:29+00:00
36ec914b-a1e6-424a-bcf4-7f51df570daa,87ec9126-8b47-4356-8e5a-3490db92c3d1,/photos/87ec9126-8b47-4356-8e5a-3490db92c3d1/0.webp,0,2026-04-11T02:30:40+00:00
0d3705de-e854-419c-8271-ba29ef274ff7,87ec9126-8b47-4356-8e5a-3490db92c3d1,/photos/87ec9126-8b47-4356-8e5a-3490db92c3d1/1.webp,1,2026-04-11T02:30:40+00:00
bb9bf0c0-6834-4b54-994f-c2d330be0be9,87ec9126-8b47-4356-8e5a-3490db92c3d1,/photos/87ec9126-8b47-4356-8e5a-3490db92c3d1/2.webp,2,2026-04-11T02:30:40+00:00
1e8fb035-3071-4e0e-a136-e9832b0adc01,87ec9126-8b47-4356-8e5a-3490db92c3d1,/photos/87ec9126-8b47-4356-8e5a-3490db92c3d1/3.webp,3,2026-04-11T02:30:40+00:00
6fd5ba8d-bb5b-48fa-a512-6077ca00c597,87ec9126-8b47-4356-8e5a-3490db92c3d1,/photos/87ec9126-8b47-4356-8e5a-3490db92c3d1/4.webp,4,2026-04-11T02:30:40+00:00
d76ae4d8-d2b3-4c7b-9adc-52ee55a483b4,87ec9126-8b47-4356-8e5a-3490db92c3d1,/photos/87ec9126-8b47-4356-8e5a-3490db92c3d1/5.webp,5,2026-04-11T02:30:40+00:00
40bb74ea-ffb7-44b7-bf6f-6e409ad965b3,899782d3-e8fc-41be-816a-d67dedfb1d80,/photos/899782d3-e8fc-41be-816a-d67dedfb1d80/0.webp,0,2025-10-27T14:08:56+00:00
fb25badd-93e4-4af8-8d6e-153f4aa09f26,899782d3-e8fc-41be-816a-d67dedfb1d80,/photos/899782d3-e8fc-41be-816a-d67dedfb1d80/1.webp,1,2025-10-27T14:08:56+00:00
0101d8a7-0b74-41d1-aa9e-6c9c442b5232,899782d3-e8fc-41be-816a-d67dedfb1d80,/photos/899782d3-e8fc-41be-816a-d67dedfb1d80/2.webp,2,2025-10-27T14:08:56+00:00
6b56c7f1-babd-4344-8d17-b98286889c44,73a9cb41-a61e-40b6-9f12-16f380f74177,/photos/73a9cb41-a61e-40b6-9f12-16f380f74177/0.webp,0,2024-11-12T05:47:22+00:00
89a40427-8e29-4042-b363-79a9cc560c9b,73a9cb41-a61e-40b6-9f12-16f380f74177,/photos/73a9cb41-a61e-40b6-9f12-16f380f74177/1.webp,1,2024-11-12T05:47:22+00:00
f04b85c2-ca7c-4638-9fa6-2766f462170a,73a9cb41-a61e-40b6-9f12-16f380f74177,/photos/73a9cb41-a61e-40b6-9f12-16f380f74177/2.webp,2,2024-11-12T05:47:22+00:00
bbd47380-a2eb-49fa-9afe-2dce27f8bbcd,73a9cb41-a61e-40b6-9f12-16f380f74177,/photos/73a9cb41-a61e-40b6-9f12-16f380f74177/3.webp,3,2024-11-12T05:47:22+00:00
40ca9d23-f8e4-45a7-9634-5b2ea07bf4e8,73a9cb41-a61e-40b6-9f12-16f380f74177,/photos/73a9cb41-a61e-40b6-9f12-16f380f74177/4.webp,4,2024-11-12T05:47:22+00:00
8456cd9c-9dc1-443a-a778-ab31e2964ff4,41ce076e-2e4e-4f0b-adde-18eaea43a398,/photos/41ce076e-2e4e-4f0b-adde-18eaea43a398/0.webp,0,2026-01-04T13:03:21+00:00
a069a564-4961-4fb5-ab82-5c281af35bf6,41ce076e-2e4e-4f0b-adde-18eaea43a398,/photos/41ce076e-2e4e-4f0b-adde-18eaea43a398/1.webp,1,2026-01-04T13:03:21+00:00
9ffe82a9-b932-482f-b5ef-b9ab9234ebbc,41ce076e-2e4e-4f0b-adde-18eaea43a398,/photos/41ce076e-2e4e-4f0b-adde-18eaea43a398/2.webp,2,2026-01-04T13:03:21+00:00
2ce01467-f355-428f-96e5-67e20e5fddd8,41ce076e-2e4e-4f0b-adde-18eaea43a398,/photos/41ce076e-2e4e-4f0b-adde-18eaea43a398/3.webp,3,2026-01-04T13:03:21+00:00
d2a56392-e403-4c09-8833-837380dce6be,41ce076e-2e4e-4f0b-adde-18eaea43a398,/photos/41ce076e-2e4e-4f0b-adde-18eaea43a398/4.webp,4,2026-01-04T13:03:21+00:00
3e9e72a8-c85e-4834-92c5-cbac4b901c35,280fd973-8a34-425e-89de-395059c3da9a,/photos/280fd973-8a34-425e-89de-395059c3da9a/0.webp,0,2026-04-25T15:30:29+00:00
f0dfcfca-fbf5-426f-a54d-7cb8d0a7c497,280fd973-8a34-425e-89de-395059c3da9a,/photos/280fd973-8a34-425e-89de-395059c3da9a/1.webp,1,2026-04-25T15:30:29+00:00
6155f0c3-cc09-4b5f-bbe5-e539680bf10f,280fd973-8a34-425e-89de-395059c3da9a,/photos/280fd973-8a34-425e-89de-395059c3da9a/2.webp,2,2026-04-25T15:30:29+00:00
1e5bb5a6-b47b-426e-aac2-a6a91848280d,1489d1bb-b987-494e-97e2-a20e8a43200b,/photos/1489d1bb-b987-494e-97e2-a20e8a43200b/0.webp,0,2025-05-29T00:32:01+00:00
3bb86881-5846-49f4-8f11-e474143f5fb6,1489d1bb-b987-494e-97e2-a20e8a43200b,/photos/1489d1bb-b987-494e-97e2-a20e8a43200b/1.webp,1,2025-05-29T00:32:01+00:00
16514d49-10c1-4a92-8cfb-f5bafc64688f,1489d1bb-b987-494e-97e2-a20e8a43200b,/photos/1489d1bb-b987-494e-97e2-a20e8a43200b/2.webp,2,2025-05-29T00:32:01+00:00
1f57e50d-4d46-404a-a464-c52a391737f4,1489d1bb-b987-494e-97e2-a20e8a43200b,/photos/1489d1bb-b987-494e-97e2-a20e8a43200b/3.webp,3,2025-05-29T00:32:01+00:00
8bb076b4-4e5e-437f-a818-9d547982ab13,1489d1bb-b987-494e-97e2-a20e8a43200b,/photos/1489d1bb-b987-494e-97e2-a20e8a43200b/4.webp,4,2025-05-29T00:32:01+00:00
01831dd3-949e-4235-bce0-52754643d6df,1489d1bb-b987-494e-97e2-a20e8a43200b,/photos/1489d1bb-b987-494e-97e2-a20e8a43200b/5.webp,5,2025-05-29T00:32:01+00:00
5448c708-4452-4f53-a5a7-77661688ad1c,87880366-1d76-48f3-8bf0-4a5718a8aced,/photos/87880366-1d76-48f3-8bf0-4a5718a8aced/0.webp,0,2025-02-24T23:26:51+00:00
97f43043-a845-48c5-9400-77dae2036223,30391140-3826-4ae9-9108-06b0eebedab0,/photos/30391140-3826-4ae9-9108-06b0eebedab0/0.webp,0,2025-11-19T11:20:42+00:00
7bcd5a9c-1c4f-4f99-9176-6641c469f8f8,30391140-3826-4ae9-9108-06b0eebedab0,/photos/30391140-3826-4ae9-9108-06b0eebedab0/1.webp,1,2025-11-19T11:20:42+00:00
f815335f-140d-4d1a-aea4-b92d91a38dc3,30391140-3826-4ae9-9108-06b0eebedab0,/photos/30391140-3826-4ae9-9108-06b0eebedab0/2.webp,2,2025-11-19T11:20:42+00:00
24f9bd2e-b89f-4840-9f56-31cf64f08728,30391140-3826-4ae9-9108-06b0eebedab0,/photos/30391140-3826-4ae9-9108-06b0eebedab0/3.webp,3,2025-11-19T11:20:42+00:00
11c080b0-2811-41d1-b565-fe16fab15a7a,eaeb284c-3584-4afc-96a2-3b3a7d688c1a,/photos/eaeb284c-3584-4afc-96a2-3b3a7d688c1a/0.webp,0,2025-02-03T05:29:26+00:00
2ee08120-8f9d-4425-8ff3-fbee1a76fa1d,eaeb284c-3584-4afc-96a2-3b3a7d688c1a,/photos/eaeb284c-3584-4afc-96a2-3b3a7d688c1a/1.webp,1,2025-02-03T05:29:26+00:00
dd9a600e-7240-4252-986b-f3a4ab140a34,eaeb284c-3584-4afc-96a2-3b3a7d688c1a,/photos/eaeb284c-3584-4afc-96a2-3b3a7d688c1a/2.webp,2,2025-02-03T05:29:26+00:00
df1f7977-e8fa-4f7a-b492-33bc7dd13b64,eaeb284c-3584-4afc-96a2-3b3a7d688c1a,/photos/eaeb284c-3584-4afc-96a2-3b3a7d688c1a/3.webp,3,2025-02-03T05:29:26+00:00
9020ae03-1aaa-40f8-8edf-abd4c3950746,eaeb284c-3584-4afc-96a2-3b3a7d688c1a,/photos/eaeb284c-3584-4afc-96a2-3b3a7d688c1a/4.webp,4,2025-02-03T05:29:26+00:00
b4d1c2a8-7b0c-4694-bbeb-a3db03be723a,eaeb284c-3584-4afc-96a2-3b3a7d688c1a,/photos/eaeb284c-3584-4afc-96a2-3b3a7d688c1a/5.webp,5,2025-02-03T05:29:26+00:00
2cca5e22-d553-4135-afa8-05a012defb28,8e9ae8ca-7c26-4a8d-b0a6-eff88336f4b7,/photos/8e9ae8ca-7c26-4a8d-b0a6-eff88336f4b7/0.webp,0,2026-05-18T16:20:56+00:00
294c1db2-8f78-4607-8c4e-2747db395933,8e9ae8ca-7c26-4a8d-b0a6-eff88336f4b7,/photos/8e9ae8ca-7c26-4a8d-b0a6-eff88336f4b7/1.webp,1,2026-05-18T16:20:56+00:00
5092c314-fe25-42c2-9cb3-1004d3765a9d,8e9ae8ca-7c26-4a8d-b0a6-eff88336f4b7,/photos/8e9ae8ca-7c26-4a8d-b0a6-eff88336f4b7/2.webp,2,2026-05-18T16:20:56+00:00
08f0ca97-cb69-4946-be42-03d9355f1142,8e9ae8ca-7c26-4a8d-b0a6-eff88336f4b7,/photos/8e9ae8ca-7c26-4a8d-b0a6-eff88336f4b7/3.webp,3,2026-05-18T16:20:56+00:00
e1f9dcad-e3dc-4d60-955a-5729581fa54e,9ccb0d89-8c64-4961-b351-a51fbdb288e0,/photos/9ccb0d89-8c64-4961-b351-a51fbdb288e0/0.webp,0,2026-02-18T02:35:41+00:00
377384b7-c1da-4e77-a6cc-13f619a43001,9ccb0d89-8c64-4961-b351-a51fbdb288e0,/photos/9ccb0d89-8c64-4961-b351-a51fbdb288e0/1.webp,1,2026-02-18T02:35:41+00:00
c8a43cba-8272-48ac-96f6-5bdaf22d42cd,9ccb0d89-8c64-4961-b351-a51fbdb288e0,/photos/9ccb0d89-8c64-4961-b351-a51fbdb288e0/2.webp,2,2026-02-18T02:35:41+00:00
eba8bb42-f253-4d31-b2ca-3313e802d735,9ccb0d89-8c64-4961-b351-a51fbdb288e0,/photos/9ccb0d89-8c64-4961-b351-a51fbdb288e0/3.webp,3,2026-02-18T02:35:41+00:00
5c78bafa-6013-4a31-adb4-3320216722c2,9ce4002f-5642-44cf-aa66-31884d000610,/photos/9ce4002f-5642-44cf-aa66-31884d000610/0.webp,0,2026-08-16T22:53:02+00:00
f40ec9ea-6c30-4409-9fd5-b8d682e3f0e8,93c04f5a-b479-426e-ae1a-d1fd8e8c9e0b,/photos/93c04f5a-b479-426e-ae1a-d1fd8e8c9e0b/0.webp,0,2025-07-08T07:18:58+00:00
2ea3ccdf-77f5-43f8-8f2b-b40d8dee66ec,93c04f5a-b479-426e-ae1a-d1fd8e8c9e0b,/photos/93c04f5a-b479-426e-ae1a-d1fd8e8c9e0b/1.webp,1,2025-07-08T07:18:58+00:00
7663c23a-e613-4c2c-951f-980fced6c4e3,93c04f5a-b479-426e-ae1a-d1fd8e8c9e0b,/photos/93c04f5a-b479-426e-ae1a-d1fd8e8c9e0b/2.webp,2,2025-07-08T07:18:58+00:00
100a912e-3422-4a91-b0dd-1bcb1c30f721,93c04f5a-b479-426e-ae1a-d1fd8e8c9e0b,/photos/93c04f5a-b479-426e-ae1a-d1fd8e8c9e0b/3.webp,3,2025-07-08T07:18:58+00:00
fab5c3a8-5243-4bd9-845e-dbc256ab3fda,93c04f5a-b479-426e-ae1a-d1fd8e8c9e0b,/photos/93c04f5a-b479-426e-ae1a-d1fd8e8c9e0b/4.webp,4,2025-07-08T07:18:58+00:00
d6bb402a-a8cd-4992-863c-dfa3ea9a80a6,93c04f5a-b479-426e-ae1a-d1fd8e8c9e0b,/photos/93c04f5a-b479-426e-ae1a-d1fd8e8c9e0b/5.webp,5,2025-07-08T07:18:58+00:00
d6dbcaf3-9f09-449d-be6b-931ac2700119,93c04f5a-b479-426e-ae1a-d1fd8e8c9e0b,/photos/93c04f5a-b479-426e-ae1a-d1fd8e8c9e0b/6.webp,6,2025-07-08T07:18:58+00:00
59a0a3a0-88c6-48a2-b672-ef5fb2be3ba8,93c04f5a-b479-426e-ae1a-d1fd8e8c9e0b,/photos/93c04f5a-b479-426e-ae1a-d1fd8e8c9e0b/7.webp,7,2025-07-08T07:18:58+00:00
38619001-f97b-4381-9f97-fe57b6e08bbc,19c12ee6-9b78-4e39-ae0f-14932788e2e8,/photos/19c12ee6-9b78-4e39-ae0f-14932788e2e8/0.webp,0,2026-08-06T23:26:08+00:00
9351dffe-de2e-4483-b9c8-9bd9c42a5e51,19c12ee6-9b78-4e39-ae0f-14932788e2e8,/photos/19c12ee6-9b78-4e39-ae0f-14932788e2e8/1.webp,1,2026-08-06T23:26:08+00:00
732434d5-0c1c-4c23-a037-e4f813aa2051,f24de249-4a3a-48b6-a1ed-031d33049871,/photos/f24de249-4a3a-48b6-a1ed-031d33049871/0.webp,0,2024-11-22T02:31:22+00:00
56d0306b-801f-4a24-8587-29780c0ffa67,f24de249-4a3a-48b6-a1ed-031d33049871,/photos/f24de249-4a3a-48b6-a1ed-031d33049871/1.webp,1,2024-11-22T02:31:22+00:00
fbac965f-854e-432a-86b6-350a6ee32f83,f24de249-4a3a-48b6-a1ed-031d33049871,/photos/f24de249-4a3a-48b6-a1ed-031d33049871/2.webp,2,2024-11-22T02:31:22+00:00
53f297fa-d5e8-4e4c-9c4c-2799ca72492b,f24de249-4a3a-48b6-a1ed-031d33049871,/photos/f24de249-4a3a-48b6-a1ed-031d33049871/3.webp,3,2024-11-22T02:31:22+00:00
ff4b3e43-13ba-4394-93e8-d1072e390811,f24de249-4a3a-48b6-a1ed-031d33049871,/photos/f24de249-4a3a-48b6-a1ed-031d33049871/4.webp,4,2024-11-22T02:31:22+00:00
fd036a86-a5a6-4a23-94fa-2192c943e4b4,e654ef7e-ed06-4b03-8e3f-2baaf019cbaa,/photos/e654ef7e-ed06-4b03-8e3f-2baaf019cbaa/0.webp,0,2025-10-14T03:28:57+00:00
5df1418b-26b1-4e6b-9857-daf824b5a372,e654ef7e-ed06-4b03-8e3f-2baaf019cbaa,/photos/e654ef7e-ed06-4b03-8e3f-2baaf019cbaa/1.webp,1,2025-10-14T03:28:57+00:00
d2278bb6-bb7c-4829-98a7-0b9c070fd674,e654ef7e-ed06-4b03-8e3f-2baaf019cbaa,/photos/e654ef7e-ed06-4b03-8e3f-2baaf019cbaa/2.webp,2,2025-10-14T03:28:57+00:00
452c03f9-6377-4a8d-951a-175623c87f76,e654ef7e-ed06-4b03-8e3f-2baaf019cbaa,/photos/e654ef7e-ed06-4b03-8e3f-2baaf019cbaa/3.webp,3,2025-10-14T03:28:57+00:00
e76d9790-5743-40c9-9224-2a3ff962b585,cf37f88f-19be-42cd-be98-37db9f6243e1,/photos/cf37f88f-19be-42cd-be98-37db9f6243e1/0.webp,0,2026-07-26T04:26:02+00:00
8a10022d-7b7f-4004-868f-e0e4604649cb,cf37f88f-19be-42cd-be98-37db9f6243e1,/photos/cf37f88f-19be-42cd-be98-37db9f6243e1/1.webp,1,2026-07-26T04:26:02+00:00
1d137020-caa5-47b7-86cc-579b75478740,cf37f88f-19be-42cd-be98-37db9f6243e1,/photos/cf37f88f-19be-42cd-be98-37db9f6243e1/2.webp,2,2026-07-26T04:26:02+00:00
d1edbd9c-f988-404c-800b-3cc1ba3bd1ec,9434fdd0-10e7-4f47-ab37-3b97b10e106e,/photos/9434fdd0-10e7-4f47-ab37-3b97b10e106e/0.webp,0,2025-06-11T17:58:53+00:00
4194bb3f-6bf4-434d-893a-6faf2b7c5c26,9434fdd0-10e7-4f47-ab37-3b97b10e106e,/photos/9434fdd0-10e7-4f47-ab37-3b97b10e106e/1.webp,1,2025-06-11T17:58:53+00:00
4b970503-72e3-4c55-880c-6632a2d57748,9434fdd0-10e7-4f47-ab37-3b97b10e106e,/photos/9434fdd0-10e7-4f47-ab37-3b97b10e106e/2.webp,2,2025-06-11T17:58:53+00:00
60a2ce74-8e0f-42d0-aefc-0af001b1f79c,9434fdd0-10e7-4f47-ab37-3b97b10e106e,/photos/9434fdd0-10e7-4f47-ab37-3b97b10e106e/3.webp,3,2025-06-11T17:58:53+00:00
8f6e7422-a9ac-4f0b-8d18-63349f492805,9434fdd0-10e7-4f47-ab37-3b97b10e106e,/photos/9434fdd0-10e7-4f47-ab37-3b97b10e106e/4.webp,4,2025-06-11T17:58:53+00:00
c15fc544-bbd0-4cd1-9e44-a18f2b629dfa,eca7fe1e-4990-4fc2-9085-43d2db37d456,/photos/eca7fe1e-4990-4fc2-9085-43d2db37d456/0.webp,0,2026-05-16T15:31:50+00:00
0a177b60-71d6-48e7-9a46-de4f33756e9a,eca7fe1e-4990-4fc2-9085-43d2db37d456,/photos/eca7fe1e-4990-4fc2-9085-43d2db37d456/1.webp,1,2026-05-16T15:31:50+00:00
433215b3-e4f8-4cc3-a83a-d29d82619124,eca7fe1e-4990-4fc2-9085-43d2db37d456,/photos/eca7fe1e-4990-4fc2-9085-43d2db37d456/2.webp,2,2026-05-16T15:31:50+00:00
ca73fbef-a911-4297-8daf-982d798f5eee,eca7fe1e-4990-4fc2-9085-43d2db37d456,/photos/eca7fe1e-4990-4fc2-9085-43d2db37d456/3.webp,3,2026-05-16T15:31:50+00:00
e4f930cf-a2c6-448e-b987-1de7ed69ebd6,eca7fe1e-4990-4fc2-9085-43d2db37d456,/photos/eca7fe1e-4990-4fc2-9085-43d2db37d456/4.webp,4,2026-05-16T15:31:50+00:00
d0a2ce4f-1b00-4b19-9b14-d21783b106e4,3de88bef-6307-4169-b900-1858561e0e55,/photos/3de88bef-6307-4169-b900-1858561e0e55/0.webp,0,2025-07-22T21:57:55+00:00
2de7f99a-2912-4bd1-a586-d8cc34911ba8,3de88bef-6307-4169-b900-1858561e0e55,/photos/3de88bef-6307-4169-b900-1858561e0e55/1.webp,1,2025-07-22T21:57:55+00:00
a1331bfa-7fe9-42c4-a6c7-0f81333ab98f,3de88bef-6307-4169-b900-1858561e0e55,/photos/3de88bef-6307-4169-b900-1858561e0e55/2.webp,2,2025-07-22T21:57:55+00:00
cf5e5ee9-deb2-4c82-a35e-2d219f7192c7,3de88bef-6307-4169-b900-1858561e0e55,/photos/3de88bef-6307-4169-b900-1858561e0e55/3.webp,3,2025-07-22T21:57:55+00:00
44a400df-234e-4686-a2b1-4d2bb2176f85,04d5860e-ec66-46ad-b01d-58c3218dddc9,/photos/04d5860e-ec66-46ad-b01d-58c3218dddc9/0.webp,0,2025-05-23T00:57:33+00:00
f487eaa6-af90-4823-bddb-8214ec51f216,04d5860e-ec66-46ad-b01d-58c3218dddc9,/photos/04d5860e-ec66-46ad-b01d-58c3218dddc9/1.webp,1,2025-05-23T00:57:33+00:00
3e6bb3bb-103a-440b-99e4-b0ce7546a9b0,04d5860e-ec66-46ad-b01d-58c3218dddc9,/photos/04d5860e-ec66-46ad-b01d-58c3218dddc9/2.webp,2,2025-05-23T00:57:33+00:00
7cb8f336-170d-437f-a097-b970c5d80b67,04d5860e-ec66-46ad-b01d-58c3218dddc9,/photos/04d5860e-ec66-46ad-b01d-58c3218dddc9/3.webp,3,2025-05-23T00:57:33+00:00
9d7a93ab-4926-485e-bc4d-f821930e2c5b,513654a7-4216-46ff-b41f-87d31cf46d42,/photos/513654a7-4216-46ff-b41f-87d31cf46d42/0.webp,0,2026-06-16T03:19:32+00:00
b2f1a576-bf77-45fa-8f2c-22144f55bde2,677943e5-aadb-4ba0-a7a9-24d6098aa92e,/photos/677943e5-aadb-4ba0-a7a9-24d6098aa92e/0.webp,0,2026-03-04T15:28:22+00:00
b476d442-2ee8-4604-8dd9-fc1cedc7af9a,677943e5-aadb-4ba0-a7a9-24d6098aa92e,/photos/677943e5-aadb-4ba0-a7a9-24d6098aa92e/1.webp,1,2026-03-04T15:28:22+00:00
10651b1d-865b-44fa-a58b-fa715826c3da,677943e5-aadb-4ba0-a7a9-24d6098aa92e,/photos/677943e5-aadb-4ba0-a7a9-24d6098aa92e/2.webp,2,2026-03-04T15:28:22+00:00
e7763b42-e5e6-40f3-876a-2735bed5f95f,677943e5-aadb-4ba0-a7a9-24d6098aa92e,/photos/677943e5-aadb-4ba0-a7a9-24d6098aa92e/3.webp,3,2026-03-04T15:28:22+00:00
1822fd8f-74d8-43df-9f1d-119759a0426e,618e1f70-c598-4b00-bb7e-81bd6c08b65c,/photos/618e1f70-c598-4b00-bb7e-81bd6c08b65c/0.webp,0,2025-11-27T08:53:47+00:00
590389e1-2fda-4516-bd5b-cb051c6073df,618e1f70-c598-4b00-bb7e-81bd6c08b65c,/photos/618e1f70-c598-4b00-bb7e-81bd6c08b65c/1.webp,1,2025-11-27T08:53:47+00:00
42f24ab9-1a1b-490b-bebd-daa590085bff,618e1f70-c598-4b00-bb7e-81bd6c08b65c,/photos/618e1f70-c598-4b00-bb7e-81bd6c08b65c/2.webp,2,2025-11-27T08:53:47+00:00
84d471f5-e0a2-4447-b23d-c21b2b1e498c,08055655-8fb6-4fda-953b-331b839cd28a,/photos/08055655-8fb6-4fda-953b-331b839cd28a/0.webp,0,2026-07-06T02:11:44+00:00
92fe39f5-35c2-4a95-af90-20be6cf6c551,47ad2a81-ff17-48b8-a21a-9e7c13cf1d04,/photos/47ad2a81-ff17-48b8-a21a-9e7c13cf1d04/0.webp,0,2026-08-30T05:41:43+00:00
7c2d69b8-9d48-4f73-b27c-147487d25e97,47ad2a81-ff17-48b8-a21a-9e7c13cf1d04,/photos/47ad2a81-ff17-48b8-a21a-9e7c13cf1d04/1.webp,1,2026-08-30T05:41:43+00:00
43e60eba-d870-4531-91c6-103ee9cf1998,47ad2a81-ff17-48b8-a21a-9e7c13cf1d04,/photos/47ad2a81-ff17-48b8-a21a-9e7c13cf1d04/2.webp,2,2026-08-30T05:41:43+00:00
4a7204b4-5589-4515-a1bd-16ec2b6eaadd,6940f55b-4aa0-436b-b01d-859734673991,/photos/6940f55b-4aa0-436b-b01d-859734673991/0.webp,0,2025-06-05T11:03:20+00:00
ee2fd7f9-9409-4dbd-a7b2-0a77c5de8652,6940f55b-4aa0-436b-b01d-859734673991,/photos/6940f55b-4aa0-436b-b01d-859734673991/1.webp,1,2025-06-05T11:03:20+00:00
7346d7dd-140d-4419-a868-03c800129db3,6940f55b-4aa0-436b-b01d-859734673991,/photos/6940f55b-4aa0-436b-b01d-859734673991/2.webp,2,2025-06-05T11:03:20+00:00
aea0f6b5-ee67-483a-9cce-9c3dde4fd1ce,6940f55b-4aa0-436b-b01d-859734673991,/photos/6940f55b-4aa0-436b-b01d-859734673991/3.webp,3,2025-06-05T11:03:20+00:00
6cdf6496-1923-44e7-9a6a-7040f7066da5,6940f55b-4aa0-436b-b01d-859734673991,/photos/6940f55b-4aa0-436b-b01d-859734673991/4.webp,4,2025-06-05T11:03:20+00:00
d6ea3392-0df9-490a-9f82-f118fd23fd18,6940f55b-4aa0-436b-b01d-859734673991,/photos/6940f55b-4aa0-436b-b01d-859734673991/5.webp,5,2025-06-05T11:03:20+00:00
da59f132-a00e-4d8f-9b46-3a7c007ecae7,6940f55b-4aa0-436b-b01d-859734673991,/photos/6940f55b-4aa0-436b-b01d-859734673991/6.webp,6,2025-06-05T11:03:20+00:00
79e8862c-4e74-4ff6-be72-1a103bbca162,a0184cf1-aae6-4355-8710-4276b9a68091,/photos/a0184cf1-aae6-4355-8710-4276b9a68091/0.webp,0,2026-03-13T06:03:17+00:00
51c36e89-23db-436b-9051-4f5cfb8aa9dc,a0184cf1-aae6-4355-8710-4276b9a68091,/photos/a0184cf1-aae6-4355-8710-4276b9a68091/1.webp,1,2026-03-13T06:03:17+00:00
670eca59-8df9-4a96-a367-cf349c47c3da,a0184cf1-aae6-4355-8710-4276b9a68091,/photos/a0184cf1-aae6-4355-8710-4276b9a68091/2.webp,2,2026-03-13T06:03:17+00:00
a866f104-d655-4047-b657-32ecb49495a6,a0184cf1-aae6-4355-8710-4276b9a68091,/photos/a0184cf1-aae6-4355-8710-4276b9a68091/3.webp,3,2026-03-13T06:03:17+00:00
f678aba9-b94f-46b8-b997-f68f15c80385,a0184cf1-aae6-4355-8710-4276b9a68091,/photos/a0184cf1-aae6-4355-8710-4276b9a68091/4.webp,4,2026-03-13T06:03:17+00:00
4ccb0ea8-5bee-468c-bc36-fe59951c8bde,0bfba5b3-6d54-4b29-a0e6-f2318ae1f4ab,/photos/0bfba5b3-6d54-4b29-a0e6-f2318ae1f4ab/0.webp,0,2026-05-15T05:47:25+00:00
28c25a65-62b3-4aa3-a044-35b79c99f92c,0bfba5b3-6d54-4b29-a0e6-f2318ae1f4ab,/photos/0bfba5b3-6d54-4b29-a0e6-f2318ae1f4ab/1.webp,1,2026-05-15T05:47:25+00:00
64f7cb5d-8d4c-4e15-bec1-66a9554a775a,0bfba5b3-6d54-4b29-a0e6-f2318ae1f4ab,/photos/0bfba5b3-6d54-4b29-a0e6-f2318ae1f4ab/2.webp,2,2026-05-15T05:47:25+00:00
9736e99d-2d62-41e1-b80a-4a1fc686f8d6,0bfba5b3-6d54-4b29-a0e6-f2318ae1f4ab,/photos/0bfba5b3-6d54-4b29-a0e6-f2318ae1f4ab/3.webp,3,2026-05-15T05:47:25+00:00
6e07bec4-4716-4547-b50b-dfe94e08abf1,8dadf43b-c4ca-4ca3-9d38-e85a4b734759,/photos/8dadf43b-c4ca-4ca3-9d38-e85a4b734759/0.webp,0,2026-08-28T16:33:30+00:00
80438cff-419e-43ce-b52d-74f1fb9a7e44,8dadf43b-c4ca-4ca3-9d38-e85a4b734759,/photos/8dadf43b-c4ca-4ca3-9d38-e85a4b734759/1.webp,1,2026-08-28T16:33:30+00:00
f51b8993-a081-47e8-9fba-a33a443c9f49,8dadf43b-c4ca-4ca3-9d38-e85a4b734759,/photos/8dadf43b-c4ca-4ca3-9d38-e85a4b734759/2.webp,2,2026-08-28T16:33:30+00:00
6e59a369-fc28-4480-b521-6f1a2dd24801,8dadf43b-c4ca-4ca3-9d38-e85a4b734759,/photos/8dadf43b-c4ca-4ca3-9d38-e85a4b734759/3.webp,3,2026-08-28T16:33:30+00:00
54b07696-181f-4e65-8763-f8dabece777e,8dadf43b-c4ca-4ca3-9d38-e85a4b734759,/photos/8dadf43b-c4ca-4ca3-9d38-e85a4b734759/4.webp,4,2026-08-28T16:33:30+00:00
e2c2d775-9834-452b-a548-42f8056bf230,8dadf43b-c4ca-4ca3-9d38-e85a4b734759,/photos/8dadf43b-c4ca-4ca3-9d38-e85a4b734759/5.webp,5,2026-08-28T16:33:30+00:00
c7134e85-0ac2-40ed-ba3c-148b140a6a4b,f5b2fb8d-1610-4e0d-88d3-4b746df15192,/photos/f5b2fb8d-1610-4e0d-88d3-4b746df15192/0.webp,0,2025-08-15T21:05:23+00:00
dd904684-6bca-42af-8c37-31821d7655f2,ac47bc4c-991b-4962-bed0-a6008f9c6d47,/photos/ac47bc4c-991b-4962-bed0-a6008f9c6d47/0.webp,0,2026-04-29T00:37:21+00:00
cff36a9d-9248-40c7-8948-2cef0aeb554a,ac47bc4c-991b-4962-bed0-a6008f9c6d47,/photos/ac47bc4c-991b-4962-bed0-a6008f9c6d47/1.webp,1,2026-04-29T00:37:21+00:00
6e6ed828-330b-4e36-8d2d-e85e328a4f96,ac47bc4c-991b-4962-bed0-a6008f9c6d47,/photos/ac47bc4c-991b-4962-bed0-a6008f9c6d47/2.webp,2,2026-04-29T00:37:21+00:00
f8766dfb-1bb7-48ea-87bf-db9725164473,ac47bc4c-991b-4962-bed0-a6008f9c6d47,/photos/ac47bc4c-991b-4962-bed0-a6008f9c6d47/3.webp,3,2026-04-29T00:37:21+00:00
0136582e-c84c-450a-9cc0-7decad8621f7,f56a704c-5705-4e1e-92e5-20be0e61d82b,/photos/f56a704c-5705-4e1e-92e5-20be0e61d82b/0.webp,0,2024-08-25T07:57:18+00:00
b872b8ba-5b8e-4b4f-bf9e-1a287772ce38,f56a704c-5705-4e1e-92e5-20be0e61d82b,/photos/f56a704c-5705-4e1e-92e5-20be0e61d82b/1.webp,1,2024-08-25T07:57:18+00:00
59a94fe8-9157-4942-8d87-051ddb7d3923,f56a704c-5705-4e1e-92e5-20be0e61d82b,/photos/f56a704c-5705-4e1e-92e5-20be0e61d82b/2.webp,2,2024-08-25T07:57:18+00:00
750ad4e3-d846-4c66-afe8-a72a96c95dee,f56a704c-5705-4e1e-92e5-20be0e61d82b,/photos/f56a704c-5705-4e1e-92e5-20be0e61d82b/3.webp,3,2024-08-25T07:57:18+00:00
f72c290a-97d5-4167-90a4-272bb8328394,f56a704c-5705-4e1e-92e5-20be0e61d82b,/photos/f56a704c-5705-4e1e-92e5-20be0e61d82b/4.webp,4,2024-08-25T07:57:18+00:00
5548c6a9-cfda-421a-8cad-362f9492b953,f56a704c-5705-4e1e-92e5-20be0e61d82b,/photos/f56a704c-5705-4e1e-92e5-20be0e61d82b/5.webp,5,2024-08-25T07:57:18+00:00
86134b2b-7c3c-41e9-b53b-7cbc964819c0,6688f72d-c932-44b8-b55b-39798cb3f298,/photos/6688f72d-c932-44b8-b55b-39798cb3f298/0.webp,0,2026-05-10T17:27:09+00:00
153b29f3-49b3-4572-bbe4-0de8b333711d,6688f72d-c932-44b8-b55b-39798cb3f298,/photos/6688f72d-c932-44b8-b55b-39798cb3f298/1.webp,1,2026-05-10T17:27:09+00:00
697c2199-865a-48a6-b691-0aa1e59caa93,6688f72d-c932-44b8-b55b-39798cb3f298,/photos/6688f72d-c932-44b8-b55b-39798cb3f298/2.webp,2,2026-05-10T17:27:09+00:00
2484b9b9-a735-4c2f-af13-9ca9f23d0bd8,6688f72d-c932-44b8-b55b-39798cb3f298,/photos/6688f72d-c932-44b8-b55b-39798cb3f298/3.webp,3,2026-05-10T17:27:09+00:00
e0f4a581-c3f5-4ca2-9004-504717a2dca6,6688f72d-c932-44b8-b55b-39798cb3f298,/photos/6688f72d-c932-44b8-b55b-39798cb3f298/4.webp,4,2026-05-10T17:27:09+00:00
a5b3bef4-35b6-4b5b-a705-f82d1d77e85d,6688f72d-c932-44b8-b55b-39798cb3f298,/photos/6688f72d-c932-44b8-b55b-39798cb3f298/5.webp,5,2026-05-10T17:27:09+00:00
68c0dca7-a037-4cd4-aa11-86d6ea705d3b,6688f72d-c932-44b8-b55b-39798cb3f298,/photos/6688f72d-c932-44b8-b55b-39798cb3f298/6.webp,6,2026-05-10T17:27:09+00:00
47b540fd-757a-4d67-b5c9-7dc678204b46,ce288f38-c75a-4db0-91e8-04a62884540f,/photos/ce288f38-c75a-4db0-91e8-04a62884540f/0.webp,0,2025-12-21T23:34:33+00:00
c84767eb-82f5-40ab-adda-2434305f0aff,ce288f38-c75a-4db0-91e8-04a62884540f,/photos/ce288f38-c75a-4db0-91e8-04a62884540f/1.webp,1,2025-12-21T23:34:33+00:00
2b008ef8-f937-4604-95a5-130b7f307d12,ce288f38-c75a-4db0-91e8-04a62884540f,/photos/ce288f38-c75a-4db0-91e8-04a62884540f/2.webp,2,2025-12-21T23:34:33+00:00
2dfed533-8d66-42bf-b061-511b9c5a08f9,ce288f38-c75a-4db0-91e8-04a62884540f,/photos/ce288f38-c75a-4db0-91e8-04a62884540f/3.webp,3,2025-12-21T23:34:33+00:00
b65f3798-0fe8-4f21-9d73-4be07f537f7c,ce288f38-c75a-4db0-91e8-04a62884540f,/photos/ce288f38-c75a-4db0-91e8-04a62884540f/4.webp,4,2025-12-21T23:34:33+00:00
5d0b4ed6-06c0-4e52-b14c-1aa7d6a89a18,ce288f38-c75a-4db0-91e8-04a62884540f,/photos/ce288f38-c75a-4db0-91e8-04a62884540f/5.webp,5,2025-12-21T23:34:33+00:00
687fbd53-1643-4d25-a0ad-dd2d527008dd,ce288f38-c75a-4db0-91e8-04a62884540f,/photos/ce288f38-c75a-4db0-91e8-04a62884540f/6.webp,6,2025-12-21T23:34:33+00:00
eabdd42e-3a7c-4408-b91c-6a1ac2faf247,ce288f38-c75a-4db0-91e8-04a62884540f,/photos/ce288f38-c75a-4db0-91e8-04a62884540f/7.webp,7,2025-12-21T23:34:33+00:00
3430ed34-625b-4169-a707-f8adb662f217,ce288f38-c75a-4db0-91e8-04a62884540f,/photos/ce288f38-c75a-4db0-91e8-04a62884540f/8.webp,8,2025-12-21T23:34:33+00:00
fb5eb642-9832-4a19-bc80-ecc8a2460525,a32332a3-6ecc-469c-833a-7cee14d40183,/photos/a32332a3-6ecc-469c-833a-7cee14d40183/0.webp,0,2025-05-10T19:45:50+00:00
6161b79b-b6bd-48e2-ab4d-48f1220525ae,a32332a3-6ecc-469c-833a-7cee14d40183,/photos/a32332a3-6ecc-469c-833a-7cee14d40183/1.webp,1,2025-05-10T19:45:50+00:00
52c0e3d5-1641-4d61-843a-f814c052ac5e,a32332a3-6ecc-469c-833a-7cee14d40183,/photos/a32332a3-6ecc-469c-833a-7cee14d40183/2.webp,2,2025-05-10T19:45:50+00:00
bbe2b5ff-d8ab-446c-b6ed-efa94282bd0c,a32332a3-6ecc-469c-833a-7cee14d40183,/photos/a32332a3-6ecc-469c-833a-7cee14d40183/3.webp,3,2025-05-10T19:45:50+00:00
d08f464e-3055-459f-af0a-31ac81d819ea,a32332a3-6ecc-469c-833a-7cee14d40183,/photos/a32332a3-6ecc-469c-833a-7cee14d40183/4.webp,4,2025-05-10T19:45:50+00:00
0e3a0a6e-81eb-4a89-9390-b8b9c8336339,a32332a3-6ecc-469c-833a-7cee14d40183,/photos/a32332a3-6ecc-469c-833a-7cee14d40183/5.webp,5,2025-05-10T19:45:50+00:00
98dd103c-c9d0-41b1-8e36-a8776a39592c,ae9e383f-e55d-4d8b-a241-ccf60dc00aa4,/photos/ae9e383f-e55d-4d8b-a241-ccf60dc00aa4/0.webp,0,2026-06-30T15:19:28+00:00
726c3020-0c59-4cc6-a120-109cdd90c48a,ae9e383f-e55d-4d8b-a241-ccf60dc00aa4,/photos/ae9e383f-e55d-4d8b-a241-ccf60dc00aa4/1.webp,1,2026-06-30T15:19:28+00:00
0d86acc9-a88d-444c-b28f-39b16b907372,ae9e383f-e55d-4d8b-a241-ccf60dc00aa4,/photos/ae9e383f-e55d-4d8b-a241-ccf60dc00aa4/2.webp,2,2026-06-30T15:19:28+00:00
7d51b699-7a01-4906-8491-a910e6ae323f,ae9e383f-e55d-4d8b-a241-ccf60dc00aa4,/photos/ae9e383f-e55d-4d8b-a241-ccf60dc00aa4/3.webp,3,2026-06-30T15:19:28+00:00
55fc66ab-0db1-402e-b55b-4dba1f9a4d00,ae9e383f-e55d-4d8b-a241-ccf60dc00aa4,/photos/ae9e383f-e55d-4d8b-a241-ccf60dc00aa4/4.webp,4,2026-06-30T15:19:28+00:00
9329640a-313f-4bd3-8d45-9882bda53d9b,ae9e383f-e55d-4d8b-a241-ccf60dc00aa4,/photos/ae9e383f-e55d-4d8b-a241-ccf60dc00aa4/5.webp,5,2026-06-30T15:19:28+00:00
965a64ff-640a-478f-968b-f77c2ecd05fc,16b6ba87-2498-42e8-87b8-fcf878a61d19,/photos/16b6ba87-2498-42e8-87b8-fcf878a61d19/0.webp,0,2026-08-20T18:07:14+00:00
ec4ddbdb-0c77-475f-a22f-baf422a09cbd,16b6ba87-2498-42e8-87b8-fcf878a61d19,/photos/16b6ba87-2498-42e8-87b8-fcf878a61d19/1.webp,1,2026-08-20T18:07:14+00:00
94a8fa5e-9b10-496d-8d03-f0e50cbb4e5f,16b6ba87-2498-42e8-87b8-fcf878a61d19,/photos/16b6ba87-2498-42e8-87b8-fcf878a61d19/2.webp,2,2026-08-20T18:07:14+00:00
d7f582b9-a726-48e4-a757-2e92ffa3d007,16b6ba87-2498-42e8-87b8-fcf878a61d19,/photos/16b6ba87-2498-42e8-87b8-fcf878a61d19/3.webp,3,2026-08-20T18:07:14+00:00
73a8184f-b864-4db9-a3cf-97b2bf16af8b,c6b9cee0-8a67-4d42-a1bb-35b7377b944a,/photos/c6b9cee0-8a67-4d42-a1bb-35b7377b944a/0.webp,0,2025-09-26T14:04:34+00:00
285d941c-80a0-4578-a3e4-a2e6f4873880,c6b9cee0-8a67-4d42-a1bb-35b7377b944a,/photos/c6b9cee0-8a67-4d42-a1bb-35b7377b944a/1.webp,1,2025-09-26T14:04:34+00:00
97cc2dd0-5958-49d8-9d77-98f730e84b09,c6b9cee0-8a67-4d42-a1bb-35b7377b944a,/photos/c6b9cee0-8a67-4d42-a1bb-35b7377b944a/2.webp,2,2025-09-26T14:04:34+00:00
be2239f2-7131-4061-8c10-fce7428a6af9,c6b9cee0-8a67-4d42-a1bb-35b7377b944a,/photos/c6b9cee0-8a67-4d42-a1bb-35b7377b944a/3.webp,3,2025-09-26T14:04:34+00:00
d403a561-5718-4b84-8f67-4c8988bccaf9,c6b9cee0-8a67-4d42-a1bb-35b7377b944a,/photos/c6b9cee0-8a67-4d42-a1bb-35b7377b944a/4.webp,4,2025-09-26T14:04:34+00:00
277508b1-e2bb-4b2b-978f-8fb8a8c221b2,c6b9cee0-8a67-4d42-a1bb-35b7377b944a,/photos/c6b9cee0-8a67-4d42-a1bb-35b7377b944a/5.webp,5,2025-09-26T14:04:34+00:00
3b6ead0c-5ee1-4dbc-b442-aca421f6bb1c,c6b9cee0-8a67-4d42-a1bb-35b7377b944a,/photos/c6b9cee0-8a67-4d42-a1bb-35b7377b944a/6.webp,6,2025-09-26T14:04:34+00:00
ec9b24ac-7cc9-46c1-b477-26da3e56ddb6,0a399b20-d557-4a77-8b5f-c832b8be6e85,/photos/0a399b20-d557-4a77-8b5f-c832b8be6e85/0.webp,0,2026-05-19T21:49:35+00:00
1bfbc2c4-b3a1-4984-a80c-7ab18e1113e6,078bbc37-2426-42f0-a011-973f4d58189a,/photos/078bbc37-2426-42f0-a011-973f4d58189a/0.webp,0,2025-04-22T19:32:00+00:00
e255c7e9-ed13-46f1-9800-fb592c19805b,078bbc37-2426-42f0-a011-973f4d58189a,/photos/078bbc37-2426-42f0-a011-973f4d58189a/1.webp,1,2025-04-22T19:32:00+00:00
f21428fa-abbf-442e-a912-fa212a3503a2,078bbc37-2426-42f0-a011-973f4d58189a,/photos/078bbc37-2426-42f0-a011-973f4d58189a/2.webp,2,2025-04-22T19:32:00+00:00
82ce5e91-6e2d-42d0-9397-ecfe1a5540fb,078bbc37-2426-42f0-a011-973f4d58189a,/photos/078bbc37-2426-42f0-a011-973f4d58189a/3.webp,3,2025-04-22T19:32:00+00:00
4f1b920a-afeb-4780-a044-c112866fb372,4249a2c8-63c7-443b-b1f5-8e341014ccec,/photos/4249a2c8-63c7-443b-b1f5-8e341014ccec/0.webp,0,2026-03-18T05:23:30+00:00
f242b125-67af-4de0-ba97-6df9fb3c7d6e,4249a2c8-63c7-443b-b1f5-8e341014ccec,/photos/4249a2c8-63c7-443b-b1f5-8e341014ccec/1.webp,1,2026-03-18T05:23:30+00:00
0df1ef2c-947f-4f22-908a-3c3e8a59681d,9fa7baa7-34f8-4b34-b256-3b952cb2218f,/photos/9fa7baa7-34f8-4b34-b256-3b952cb2218f/0.webp,0,2025-07-19T00:01:00+00:00
9d2b3cdd-9186-45f1-8125-0b0b1788aad4,9fa7baa7-34f8-4b34-b256-3b952cb2218f,/photos/9fa7baa7-34f8-4b34-b256-3b952cb2218f/1.webp,1,2025-07-19T00:01:00+00:00
756a4b99-9ae2-4190-9717-7fc48e852790,9fa7baa7-34f8-4b34-b256-3b952cb2218f,/photos/9fa7baa7-34f8-4b34-b256-3b952cb2218f/2.webp,2,2025-07-19T00:01:00+00:00
4361e26c-5d48-4b96-8d74-c2b79ec92c20,9fa7baa7-34f8-4b34-b256-3b952cb2218f,/photos/9fa7baa7-34f8-4b34-b256-3b952cb2218f/3.webp,3,2025-07-19T00:01:00+00:00
2febac5f-c7a9-436e-b108-b4d5c942c00b,8fe1b1d1-dfb9-47f5-bf37-2183a889be06,/photos/8fe1b1d1-dfb9-47f5-bf37-2183a889be06/0.webp,0,2026-04-02T01:49:10+00:00
f53ae76f-5bb6-4f6b-b5f4-ff324748b893,8fe1b1d1-dfb9-47f5-bf37-2183a889be06,/photos/8fe1b1d1-dfb9-47f5-bf37-2183a889be06/1.webp,1,2026-04-02T01:49:10+00:00
0147c7f6-669e-4aa1-b0b6-5c944c29e8cd,8fe1b1d1-dfb9-47f5-bf37-2183a889be06,/photos/8fe1b1d1-dfb9-47f5-bf37-2183a889be06/2.webp,2,2026-04-02T01:49:10+00:00
55a9f9b2-ebc5-48c7-9854-d6753c2154ae,8fe1b1d1-dfb9-47f5-bf37-2183a889be06,/photos/8fe1b1d1-dfb9-47f5-bf37-2183a889be06/3.webp,3,2026-04-02T01:49:10+00:00
b1ecf3ff-7265-476f-b8ff-a6ccc1e0a0d2,8fe1b1d1-dfb9-47f5-bf37-2183a889be06,/photos/8fe1b1d1-dfb9-47f5-bf37-2183a889be06/4.webp,4,2026-04-02T01:49:10+00:00
87118c28-60b8-48ef-adcb-47426246f412,8fe1b1d1-dfb9-47f5-bf37-2183a889be06,/photos/8fe1b1d1-dfb9-47f5-bf37-2183a889be06/5.webp,5,2026-04-02T01:49:10+00:00
f466953c-95e7-4480-8b74-781d4f57bf47,8fe1b1d1-dfb9-47f5-bf37-2183a889be06,/photos/8fe1b1d1-dfb9-47f5-bf37-2183a889be06/6.webp,6,2026-04-02T01:49:10+00:00
f65b7df3-94c0-41aa-9726-ffda79663a5e,8fe1b1d1-dfb9-47f5-bf37-2183a889be06,/photos/8fe1b1d1-dfb9-47f5-bf37-2183a889be06/7.webp,7,2026-04-02T01:49:10+00:00
2972e16b-6fd7-4dd2-a2d7-aa405a375cad,8fe1b1d1-dfb9-47f5-bf37-2183a889be06,/photos/8fe1b1d1-dfb9-47f5-bf37-2183a889be06/8.webp,8,2026-04-02T01:49:10+00:00
134612dd-671d-4375-8ed2-d3da4ed171ea,8fe1b1d1-dfb9-47f5-bf37-2183a889be06,/photos/8fe1b1d1-dfb9-47f5-bf37-2183a889be06/9.webp,9,2026-04-02T01:49:10+00:00
c6578a1f-336b-41c1-898f-f22237b94262,51b90a73-d2a5-4dc2-b039-6a29aa5a6043,/photos/51b90a73-d2a5-4dc2-b039-6a29aa5a6043/0.webp,0,2025-05-21T03:46:42+00:00
ba8fd206-b327-4c25-8400-bd51d889922e,51b90a73-d2a5-4dc2-b039-6a29aa5a6043,/photos/51b90a73-d2a5-4dc2-b039-6a29aa5a6043/1.webp,1,2025-05-21T03:46:42+00:00
717ea7a8-a807-4e0a-a874-04eb2ff39c4c,51b90a73-d2a5-4dc2-b039-6a29aa5a6043,/photos/51b90a73-d2a5-4dc2-b039-6a29aa5a6043/2.webp,2,2025-05-21T03:46:42+00:00
d8048f62-f256-4ce1-903f-bb44a51bdd37,51b90a73-d2a5-4dc2-b039-6a29aa5a6043,/photos/51b90a73-d2a5-4dc2-b039-6a29aa5a6043/3.webp,3,2025-05-21T03:46:42+00:00
c82e9434-9c76-40b9-b341-268d5030e94d,51b90a73-d2a5-4dc2-b039-6a29aa5a6043,/photos/51b90a73-d2a5-4dc2-b039-6a29aa5a6043/4.webp,4,2025-05-21T03:46:42+00:00
ddafb9d6-8961-4864-ae3b-26ce160d8246,e70143ef-f2b4-424b-9fce-7881d0e6bbf7,/photos/e70143ef-f2b4-424b-9fce-7881d0e6bbf7/0.webp,0,2026-08-18T23:25:30+00:00
4fe84936-6417-4a0d-85d3-437c1892eb64,e70143ef-f2b4-424b-9fce-7881d0e6bbf7,/photos/e70143ef-f2b4-424b-9fce-7881d0e6bbf7/1.webp,1,2026-08-18T23:25:30+00:00
e9f5f826-3647-432a-ac67-d5caea81534e,f898b5ef-98f0-4059-b4dc-b730b0f59dc4,/photos/f898b5ef-98f0-4059-b4dc-b730b0f59dc4/0.webp,0,2026-03-24T16:28:54+00:00
3dadf774-881d-4d6f-9234-00c19bce67a6,f898b5ef-98f0-4059-b4dc-b730b0f59dc4,/photos/f898b5ef-98f0-4059-b4dc-b730b0f59dc4/1.webp,1,2026-03-24T16:28:54+00:00
a17ca373-9d5b-44f3-922a-f54687a1b335,f898b5ef-98f0-4059-b4dc-b730b0f59dc4,/photos/f898b5ef-98f0-4059-b4dc-b730b0f59dc4/2.webp,2,2026-03-24T16:28:54+00:00
e4232c68-5f47-4ee0-8645-7820b4b20d03,93b69adb-26ea-4ed3-b87a-8dd159feac9b,/photos/93b69adb-26ea-4ed3-b87a-8dd159feac9b/0.webp,0,2026-02-23T03:33:03+00:00
98fbfe6c-36c8-4587-a7c1-8c65d20e7c99,93b69adb-26ea-4ed3-b87a-8dd159feac9b,/photos/93b69adb-26ea-4ed3-b87a-8dd159feac9b/1.webp,1,2026-02-23T03:33:03+00:00
b22a9cf8-336d-42ff-9ed6-f0baf43d9766,93b69adb-26ea-4ed3-b87a-8dd159feac9b,/photos/93b69adb-26ea-4ed3-b87a-8dd159feac9b/2.webp,2,2026-02-23T03:33:03+00:00
227038d4-4e9f-4383-a1ae-4906c10642e7,9db87b13-29e0-47f4-b131-ce8058bb263f,/photos/9db87b13-29e0-47f4-b131-ce8058bb263f/0.webp,0,2026-08-10T10:38:46+00:00
6f3874ca-bc4a-48ef-9cbe-c8852ef1f941,9db87b13-29e0-47f4-b131-ce8058bb263f,/photos/9db87b13-29e0-47f4-b131-ce8058bb263f/1.webp,1,2026-08-10T10:38:46+00:00
41e3598b-3c71-485b-9175-e24b7a7193c1,4d64a28c-8349-4e1a-9242-4ebd8505d4c5,/photos/4d64a28c-8349-4e1a-9242-4ebd8505d4c5/0.webp,0,2025-06-30T10:39:01+00:00
93f3400b-8e0d-42f4-941f-4877e261f69a,4d64a28c-8349-4e1a-9242-4ebd8505d4c5,/photos/4d64a28c-8349-4e1a-9242-4ebd8505d4c5/1.webp,1,2025-06-30T10:39:01+00:00
b8d6eb03-5984-4413-a938-362ce9c07a9f,4d64a28c-8349-4e1a-9242-4ebd8505d4c5,/photos/4d64a28c-8349-4e1a-9242-4ebd8505d4c5/2.webp,2,2025-06-30T10:39:01+00:00
b6d03adb-6a80-4eb5-88ba-31436a36cb08,4d64a28c-8349-4e1a-9242-4ebd8505d4c5,/photos/4d64a28c-8349-4e1a-9242-4ebd8505d4c5/3.webp,3,2025-06-30T10:39:01+00:00
b4edaec2-2e6e-45e7-8744-d103cbd53719,4d64a28c-8349-4e1a-9242-4ebd8505d4c5,/photos/4d64a28c-8349-4e1a-9242-4ebd8505d4c5/4.webp,4,2025-06-30T10:39:01+00:00
2f541050-f711-4aaf-9e95-1c1827ac70e7,4d64a28c-8349-4e1a-9242-4ebd8505d4c5,/photos/4d64a28c-8349-4e1a-9242-4ebd8505d4c5/5.webp,5,2025-06-30T10:39:01+00:00
669fba3a-ef5f-49ad-859f-345e1ead1314,4d64a28c-8349-4e1a-9242-4ebd8505d4c5,/photos/4d64a28c-8349-4e1a-9242-4ebd8505d4c5/6.webp,6,2025-06-30T10:39:01+00:00
be66e040-9e3e-4eb5-9652-bd0d8e58dae8,b62799f8-2ac3-4417-b7ce-a42bf01fc9d4,/photos/b62799f8-2ac3-4417-b7ce-a42bf01fc9d4/0.webp,0,2026-04-18T06:17:39+00:00
66e25f7a-72d6-4eaa-a2f9-32eec3083549,b62799f8-2ac3-4417-b7ce-a42bf01fc9d4,/photos/b62799f8-2ac3-4417-b7ce-a42bf01fc9d4/1.webp,1,2026-04-18T06:17:39+00:00
837e98cb-7d76-4e99-a1b8-e6f990481d13,b62799f8-2ac3-4417-b7ce-a42bf01fc9d4,/photos/b62799f8-2ac3-4417-b7ce-a42bf01fc9d4/2.webp,2,2026-04-18T06:17:39+00:00
3bff0b8c-284d-4667-a65b-60a5ad11533b,b62799f8-2ac3-4417-b7ce-a42bf01fc9d4,/photos/b62799f8-2ac3-4417-b7ce-a42bf01fc9d4/3.webp,3,2026-04-18T06:17:39+00:00
4cbecf8b-e5bb-4d19-b705-d301e0ccf5af,b62799f8-2ac3-4417-b7ce-a42bf01fc9d4,/photos/b62799f8-2ac3-4417-b7ce-a42bf01fc9d4/4.webp,4,2026-04-18T06:17:39+00:00
d304eb8a-bf4b-4dfe-bf45-cebdadc03da7,b62799f8-2ac3-4417-b7ce-a42bf01fc9d4,/photos/b62799f8-2ac3-4417-b7ce-a42bf01fc9d4/5.webp,5,2026-04-18T06:17:39+00:00
3e5ca1e6-d4d1-401a-a195-bd329b41d951,b62799f8-2ac3-4417-b7ce-a42bf01fc9d4,/photos/b62799f8-2ac3-4417-b7ce-a42bf01fc9d4/6.webp,6,2026-04-18T06:17:39+00:00
fde5dd41-97c1-4b2d-87ca-40da0b6afbaa,b62799f8-2ac3-4417-b7ce-a42bf01fc9d4,/photos/b62799f8-2ac3-4417-b7ce-a42bf01fc9d4/7.webp,7,2026-04-18T06:17:39+00:00
4f93244e-7eda-4c27-9c11-7f8e2d4b8d09,e3fb0ff6-57c3-437a-bad8-53a732512fa0,/photos/e3fb0ff6-57c3-437a-bad8-53a732512fa0/0.webp,0,2025-02-05T10:46:08+00:00
8eb701ba-fdc4-4094-90c6-976abb036786,e3fb0ff6-57c3-437a-bad8-53a732512fa0,/photos/e3fb0ff6-57c3-437a-bad8-53a732512fa0/1.webp,1,2025-02-05T10:46:08+00:00
77993a60-e2a9-4e57-9d3d-99186b7c9ccf,587f8f76-fd1e-4ac0-ba23-2a07cd91fc4e,/photos/587f8f76-fd1e-4ac0-ba23-2a07cd91fc4e/0.webp,0,2025-08-01T10:12:42+00:00
625870c5-41d8-45d3-bed1-99f80502a269,587f8f76-fd1e-4ac0-ba23-2a07cd91fc4e,/photos/587f8f76-fd1e-4ac0-ba23-2a07cd91fc4e/1.webp,1,2025-08-01T10:12:42+00:00
eb006350-a775-4f6d-8b7a-7e6d0dc04522,587f8f76-fd1e-4ac0-ba23-2a07cd91fc4e,/photos/587f8f76-fd1e-4ac0-ba23-2a07cd91fc4e/2.webp,2,2025-08-01T10:12:42+00:00
b54c7f0b-8277-43e2-b32f-5ffcbc201b2e,ba28a753-a759-48f1-8644-c01c43faa1b0,/photos/ba28a753-a759-48f1-8644-c01c43faa1b0/0.webp,0,2026-06-04T05:00:40+00:00
ae9ad20b-1c26-4d75-88c0-edcab0f2f0b5,ba28a753-a759-48f1-8644-c01c43faa1b0,/photos/ba28a753-a759-48f1-8644-c01c43faa1b0/1.webp,1,2026-06-04T05:00:40+00:00
a1729683-ac97-40de-bdd8-12274099cbcb,ba28a753-a759-48f1-8644-c01c43faa1b0,/photos/ba28a753-a759-48f1-8644-c01c43faa1b0/2.webp,2,2026-06-04T05:00:40+00:00
6a51a408-6427-43fd-810f-20b031f98f6c,ba28a753-a759-48f1-8644-c01c43faa1b0,/photos/ba28a753-a759-48f1-8644-c01c43faa1b0/3.webp,3,2026-06-04T05:00:40+00:00
e04572fb-1c3a-4832-b59c-1acc0f6cbb73,ff2b230f-0c3c-47c0-9156-0cd7944c1722,/photos/ff2b230f-0c3c-47c0-9156-0cd7944c1722/0.webp,0,2025-09-16T20:57:22+00:00
726e5d82-a89f-4559-ae98-6a6c0ec1b11d,ff2b230f-0c3c-47c0-9156-0cd7944c1722,/photos/ff2b230f-0c3c-47c0-9156-0cd7944c1722/1.webp,1,2025-09-16T20:57:22+00:00
a1933a9c-6cbe-462e-8e3c-d775aea72efc,ff2b230f-0c3c-47c0-9156-0cd7944c1722,/photos/ff2b230f-0c3c-47c0-9156-0cd7944c1722/2.webp,2,2025-09-16T20:57:22+00:00
e9f3ab35-d768-42cd-8c7a-f4e655bbb64d,ff2b230f-0c3c-47c0-9156-0cd7944c1722,/photos/ff2b230f-0c3c-47c0-9156-0cd7944c1722/3.webp,3,2025-09-16T20:57:22+00:00
b198c240-1f82-49eb-bb38-c4c1efaf5c01,75d36f94-12bd-42c1-8709-8dfd3b740da1,/photos/75d36f94-12bd-42c1-8709-8dfd3b740da1/0.webp,0,2026-08-23T17:26:25+00:00
30520b9b-5613-4b55-abc4-e885247205eb,75d36f94-12bd-42c1-8709-8dfd3b740da1,/photos/75d36f94-12bd-42c1-8709-8dfd3b740da1/1.webp,1,2026-08-23T17:26:25+00:00
afc583d5-62fc-41a5-af42-c51d7205ac0e,75d36f94-12bd-42c1-8709-8dfd3b740da1,/photos/75d36f94-12bd-42c1-8709-8dfd3b740da1/2.webp,2,2026-08-23T17:26:25+00:00
22fe63af-edb5-4f35-b5ea-9fceee2937fb,75d36f94-12bd-42c1-8709-8dfd3b740da1,/photos/75d36f94-12bd-42c1-8709-8dfd3b740da1/3.webp,3,2026-08-23T17:26:25+00:00
aaaa45cf-98d6-4874-8d2b-4607f07710f4,75d36f94-12bd-42c1-8709-8dfd3b740da1,/photos/75d36f94-12bd-42c1-8709-8dfd3b740da1/4.webp,4,2026-08-23T17:26:25+00:00
12911a88-bf66-4612-8cb4-0b59b58b0dd8,75d36f94-12bd-42c1-8709-8dfd3b740da1,/photos/75d36f94-12bd-42c1-8709-8dfd3b740da1/5.webp,5,2026-08-23T17:26:25+00:00
1f01b423-5d9e-43c2-b69c-1f270d2efee3,e6041906-be32-430a-8f07-8c61b9233e62,/photos/e6041906-be32-430a-8f07-8c61b9233e62/0.webp,0,2026-05-20T17:16:38+00:00
9e4a5af9-0f28-453f-aa00-24e21b1d3db3,e6041906-be32-430a-8f07-8c61b9233e62,/photos/e6041906-be32-430a-8f07-8c61b9233e62/1.webp,1,2026-05-20T17:16:38+00:00
196d7808-7acb-4c00-9c5a-cb95e339e0e2,e6041906-be32-430a-8f07-8c61b9233e62,/photos/e6041906-be32-430a-8f07-8c61b9233e62/2.webp,2,2026-05-20T17:16:38+00:00
fde7d227-9755-4b8c-91a4-8d613446cde7,e6041906-be32-430a-8f07-8c61b9233e62,/photos/e6041906-be32-430a-8f07-8c61b9233e62/3.webp,3,2026-05-20T17:16:38+00:00
ce9bd80e-5786-4c3e-9a5d-e5616fcde78b,e6041906-be32-430a-8f07-8c61b9233e62,/photos/e6041906-be32-430a-8f07-8c61b9233e62/4.webp,4,2026-05-20T17:16:38+00:00
8e89117f-1966-4c7c-af0c-74a9e1927929,6ee4aeba-8253-4ed3-a69f-c028faebafa5,/photos/6ee4aeba-8253-4ed3-a69f-c028faebafa5/0.webp,0,2025-08-25T23:03:28+00:00
974fa5ff-c3ae-4e11-b71c-62a1d825db7f,6ee4aeba-8253-4ed3-a69f-c028faebafa5,/photos/6ee4aeba-8253-4ed3-a69f-c028faebafa5/1.webp,1,2025-08-25T23:03:28+00:00
4eb05803-f494-42ee-adde-85dfc6668178,6ee4aeba-8253-4ed3-a69f-c028faebafa5,/photos/6ee4aeba-8253-4ed3-a69f-c028faebafa5/2.webp,2,2025-08-25T23:03:28+00:00
190b322b-f197-4f78-b5bb-4618552ff214,0c40c6f7-20b4-46c2-9bb7-4b5bc7151a6d,/photos/0c40c6f7-20b4-46c2-9bb7-4b5bc7151a6d/0.webp,0,2026-08-23T13:31:43+00:00
943bfa14-07f7-41cf-8f55-c7a04d0459a6,0c40c6f7-20b4-46c2-9bb7-4b5bc7151a6d,/photos/0c40c6f7-20b4-46c2-9bb7-4b5bc7151a6d/1.webp,1,2026-08-23T13:31:43+00:00
eb1b1990-4046-4519-9fb5-ca5f5bd16562,7dcd3adf-d3b3-4598-9de2-a6209da0868c,/photos/7dcd3adf-d3b3-4598-9de2-a6209da0868c/0.webp,0,2026-08-03T09:58:17+00:00
ca7251f4-1a05-48d7-b30d-be99e66e3ace,7dcd3adf-d3b3-4598-9de2-a6209da0868c,/photos/7dcd3adf-d3b3-4598-9de2-a6209da0868c/1.webp,1,2026-08-03T09:58:17+00:00
6e353f8d-d6ce-47fe-9b5b-4e991a65e698,7dcd3adf-d3b3-4598-9de2-a6209da0868c,/photos/7dcd3adf-d3b3-4598-9de2-a6209da0868c/2.webp,2,2026-08-03T09:58:17+00:00
8625fc13-8fcb-4ed6-9a23-22a3c383d5d3,7dcd3adf-d3b3-4598-9de2-a6209da0868c,/photos/7dcd3adf-d3b3-4598-9de2-a6209da0868c/3.webp,3,2026-08-03T09:58:17+00:00
9ebd54bb-8e32-4b24-b62f-4ac8042a630d,af47e185-33a6-4110-aa6f-2e5a23bdea01,/photos/af47e185-33a6-4110-aa6f-2e5a23bdea01/0.webp,0,2026-06-21T15:38:55+00:00
46010665-0e47-4398-90f8-c3731a47c3cb,af47e185-33a6-4110-aa6f-2e5a23bdea01,/photos/af47e185-33a6-4110-aa6f-2e5a23bdea01/1.webp,1,2026-06-21T15:38:55+00:00
3838a54d-8e5a-4ca9-b497-7517e0ef78f0,af47e185-33a6-4110-aa6f-2e5a23bdea01,/photos/af47e185-33a6-4110-aa6f-2e5a23bdea01/2.webp,2,2026-06-21T15:38:55+00:00
c9906ad3-de87-43be-a9c4-089293a164b3,72340a25-716c-4075-8656-129ec31d5d8e,/photos/72340a25-716c-4075-8656-129ec31d5d8e/0.webp,0,2025-04-01T16:00:19+00:00
12901ed4-97f6-41da-a774-7d3d4b014b09,72340a25-716c-4075-8656-129ec31d5d8e,/photos/72340a25-716c-4075-8656-129ec31d5d8e/1.webp,1,2025-04-01T16:00:19+00:00
dd793e26-5a97-47a3-9050-24acd5614d27,72340a25-716c-4075-8656-129ec31d5d8e,/photos/72340a25-716c-4075-8656-129ec31d5d8e/2.webp,2,2025-04-01T16:00:19+00:00
eb69f5fd-694b-4c89-a189-166b8bfd5c95,72340a25-716c-4075-8656-129ec31d5d8e,/photos/72340a25-716c-4075-8656-129ec31d5d8e/3.webp,3,2025-04-01T16:00:19+00:00
42c29464-db53-4ea1-8d51-345029f61701,72340a25-716c-4075-8656-129ec31d5d8e,/photos/72340a25-716c-4075-8656-129ec31d5d8e/4.webp,4,2025-04-01T16:00:19+00:00
aa02a5c7-eca2-479b-b537-06677922b18e,72340a25-716c-4075-8656-129ec31d5d8e,/photos/72340a25-716c-4075-8656-129ec31d5d8e/5.webp,5,2025-04-01T16:00:19+00:00
c77de6f3-7181-4905-ae00-75aa2f34515a,72340a25-716c-4075-8656-129ec31d5d8e,/photos/72340a25-716c-4075-8656-129ec31d5d8e/6.webp,6,2025-04-01T16:00:19+00:00
60c3ec2c-fa0b-40eb-9810-74ba0f44002c,d7223262-f15c-4044-ba9d-194999c573e5,/photos/d7223262-f15c-4044-ba9d-194999c573e5/0.webp,0,2025-07-01T09:17:52+00:00
cd27de26-ceeb-4977-9d5b-da652112c504,d7223262-f15c-4044-ba9d-194999c573e5,/photos/d7223262-f15c-4044-ba9d-194999c573e5/1.webp,1,2025-07-01T09:17:52+00:00
e6180982-13ce-4878-9f0b-2621b5568ff7,d7223262-f15c-4044-ba9d-194999c573e5,/photos/d7223262-f15c-4044-ba9d-194999c573e5/2.webp,2,2025-07-01T09:17:52+00:00
0ae1a5ab-9e6e-433e-a04f-ceb8ca8d18c7,d7223262-f15c-4044-ba9d-194999c573e5,/photos/d7223262-f15c-4044-ba9d-194999c573e5/3.webp,3,2025-07-01T09:17:52+00:00
764e7b35-1a5e-41fe-9283-adf89d4c79f3,d7223262-f15c-4044-ba9d-194999c573e5,/photos/d7223262-f15c-4044-ba9d-194999c573e5/4.webp,4,2025-07-01T09:17:52+00:00
e901d5b4-ae41-4fdd-8078-ce8494086e1d,4134ba8f-4c41-4bf7-9aa9-9fb73ff62df6,/photos/4134ba8f-4c41-4bf7-9aa9-9fb73ff62df6/0.webp,0,2026-06-09T11:50:42+00:00
7b6f5deb-73ad-4866-a96c-a52a039e4af6,4134ba8f-4c41-4bf7-9aa9-9fb73ff62df6,/photos/4134ba8f-4c41-4bf7-9aa9-9fb73ff62df6/1.webp,1,2026-06-09T11:50:42+00:00
4fd603f2-47d9-4ffe-bf36-258d0ef1a070,4134ba8f-4c41-4bf7-9aa9-9fb73ff62df6,/photos/4134ba8f-4c41-4bf7-9aa9-9fb73ff62df6/2.webp,2,2026-06-09T11:50:42+00:00
aaf9a927-95fe-4d08-abae-7046c5eed411,708b3d7e-c85e-4b41-8dc5-cad52ef764ba,/photos/708b3d7e-c85e-4b41-8dc5-cad52ef764ba/0.webp,0,2026-07-24T14:59:10+00:00
9f981b36-6c82-46a5-b700-8019a700acf1,708b3d7e-c85e-4b41-8dc5-cad52ef764ba,/photos/708b3d7e-c85e-4b41-8dc5-cad52ef764ba/1.webp,1,2026-07-24T14:59:10+00:00
c8aca140-3d55-4c1e-94c5-28ade971c5d7,708b3d7e-c85e-4b41-8dc5-cad52ef764ba,/photos/708b3d7e-c85e-4b41-8dc5-cad52ef764ba/2.webp,2,2026-07-24T14:59:10+00:00
5c17d5b7-605a-4ab1-92f3-256ebee2c559,708b3d7e-c85e-4b41-8dc5-cad52ef764ba,/photos/708b3d7e-c85e-4b41-8dc5-cad52ef764ba/3.webp,3,2026-07-24T14:59:10+00:00
94e085bc-23e1-47cb-8ec2-9f68102a2969,66175e19-b94f-4b41-b81b-fec1c906a688,/photos/66175e19-b94f-4b41-b81b-fec1c906a688/0.webp,0,2026-06-02T14:39:49+00:00
df7f24b9-92aa-4869-a7ea-8a44d90c755f,66175e19-b94f-4b41-b81b-fec1c906a688,/photos/66175e19-b94f-4b41-b81b-fec1c906a688/1.webp,1,2026-06-02T14:39:49+00:00
e71f4086-cbcb-41ef-9390-d11133fd5706,d8bfe84e-b28e-423e-a581-bd87881f76bf,/photos/d8bfe84e-b28e-423e-a581-bd87881f76bf/0.webp,0,2026-08-22T08:16:57+00:00
4208dea2-5981-41e3-b571-c7fcb4e46498,d8bfe84e-b28e-423e-a581-bd87881f76bf,/photos/d8bfe84e-b28e-423e-a581-bd87881f76bf/1.webp,1,2026-08-22T08:16:57+00:00
2d738fe2-ab98-4154-80b6-8c0b76681cb4,d8bfe84e-b28e-423e-a581-bd87881f76bf,/photos/d8bfe84e-b28e-423e-a581-bd87881f76bf/2.webp,2,2026-08-22T08:16:57+00:00
b770c092-c6bc-47a9-b011-106da0a197ae,d8bfe84e-b28e-423e-a581-bd87881f76bf,/photos/d8bfe84e-b28e-423e-a581-bd87881f76bf/3.webp,3,2026-08-22T08:16:57+00:00
df53578c-191e-4bb1-bc8a-964f58d1e4af,9f12037d-c412-4675-8a06-655a578a9531,/photos/9f12037d-c412-4675-8a06-655a578a9531/0.webp,0,2026-05-06T21:57:43+00:00
5336a29a-8a9b-4071-b09d-3670e8ec25d7,9f12037d-c412-4675-8a06-655a578a9531,/photos/9f12037d-c412-4675-8a06-655a578a9531/1.webp,1,2026-05-06T21:57:43+00:00
3e7fc870-95b8-454c-b085-f2a4c279c983,9f12037d-c412-4675-8a06-655a578a9531,/photos/9f12037d-c412-4675-8a06-655a578a9531/2.webp,2,2026-05-06T21:57:43+00:00
1ce3aa17-c0f7-456c-93f6-6a4c77efdc88,9f12037d-c412-4675-8a06-655a578a9531,/photos/9f12037d-c412-4675-8a06-655a578a9531/3.webp,3,2026-05-06T21:57:43+00:00
309b8ce1-4186-48d7-b84e-153dead414d1,9f12037d-c412-4675-8a06-655a578a9531,/photos/9f12037d-c412-4675-8a06-655a578a9531/4.webp,4,2026-05-06T21:57:43+00:00
2f84ea31-7a2e-4bc8-a9eb-7107229eb4d6,9f12037d-c412-4675-8a06-655a578a9531,/photos/9f12037d-c412-4675-8a06-655a578a9531/5.webp,5,2026-05-06T21:57:43+00:00
f43cd6b1-2b42-47c5-950d-8279f286a412,9f12037d-c412-4675-8a06-655a578a9531,/photos/9f12037d-c412-4675-8a06-655a578a9531/6.webp,6,2026-05-06T21:57:43+00:00
503bb5cd-eea6-415c-975d-a8c248a8aea7,9f12037d-c412-4675-8a06-655a578a9531,/photos/9f12037d-c412-4675-8a06-655a578a9531/7.webp,7,2026-05-06T21:57:43+00:00
93a807b3-8c4f-4108-926e-888538af446d,9f12037d-c412-4675-8a06-655a578a9531,/photos/9f12037d-c412-4675-8a06-655a578a9531/8.webp,8,2026-05-06T21:57:43+00:00
1d233c7a-38eb-4e60-b04f-3e1c21ec7005,477c4e02-5166-4d50-9eb5-5d35ed7e3262,/photos/477c4e02-5166-4d50-9eb5-5d35ed7e3262/0.webp,0,2025-08-31T04:47:38+00:00
09c0d223-20d3-49bd-9011-e31f4893995c,477c4e02-5166-4d50-9eb5-5d35ed7e3262,/photos/477c4e02-5166-4d50-9eb5-5d35ed7e3262/1.webp,1,2025-08-31T04:47:38+00:00
04c10de9-ef0b-4713-ad04-5328f0fca0b4,477c4e02-5166-4d50-9eb5-5d35ed7e3262,/photos/477c4e02-5166-4d50-9eb5-5d35ed7e3262/2.webp,2,2025-08-31T04:47:38+00:00
cf3544ef-a037-41fa-a370-4d4497d5a322,ca8a635c-f20f-453e-9487-9a0915923f85,/photos/ca8a635c-f20f-453e-9487-9a0915923f85/0.webp,0,2026-06-11T08:16:27+00:00
75c77728-08cd-4536-97c0-47d93de51364,ce6c3c47-0cb9-48c6-9a89-cb45c7e64db0,/photos/ce6c3c47-0cb9-48c6-9a89-cb45c7e64db0/0.webp,0,2026-01-04T10:36:04+00:00
d11a8222-294a-465a-afe8-fddf98db1fbe,55df7fd8-2a62-40e6-9c90-efb4cbd8f77d,/photos/55df7fd8-2a62-40e6-9c90-efb4cbd8f77d/0.webp,0,2026-08-16T17:31:59+00:00
f1967b7b-0477-409f-9d6b-4e6d560bc231,55df7fd8-2a62-40e6-9c90-efb4cbd8f77d,/photos/55df7fd8-2a62-40e6-9c90-efb4cbd8f77d/1.webp,1,2026-08-16T17:31:59+00:00
6a48761d-edf9-419d-b718-8a2336f0e033,c37c4b28-d656-42e5-bef2-5860e869753a,/photos/c37c4b28-d656-42e5-bef2-5860e869753a/0.webp,0,2025-10-12T09:14:09+00:00
f696ffda-81ce-4632-89b7-c2e03e912e0e,c37c4b28-d656-42e5-bef2-5860e869753a,/photos/c37c4b28-d656-42e5-bef2-5860e869753a/1.webp,1,2025-10-12T09:14:09+00:00
55f6e873-0280-4d3f-b267-a72171ebfaa9,c37c4b28-d656-42e5-bef2-5860e869753a,/photos/c37c4b28-d656-42e5-bef2-5860e869753a/2.webp,2,2025-10-12T09:14:09+00:00
3f6c5155-6672-4120-a420-657ef14d3db4,c37c4b28-d656-42e5-bef2-5860e869753a,/photos/c37c4b28-d656-42e5-bef2-5860e869753a/3.webp,3,2025-10-12T09:14:09+00:00
39c28a1e-62c2-4a10-bf19-ccaeee96cec0,c37c4b28-d656-42e5-bef2-5860e869753a,/photos/c37c4b28-d656-42e5-bef2-5860e869753a/4.webp,4,2025-10-12T09:14:09+00:00
a509411c-303e-4652-aa13-7a400104deec,c37c4b28-d656-42e5-bef2-5860e869753a,/photos/c37c4b28-d656-42e5-bef2-5860e869753a/5.webp,5,2025-10-12T09:14:09+00:00
2ff28b8c-d1bd-4acc-a666-ad67695dace9,c37c4b28-d656-42e5-bef2-5860e869753a,/photos/c37c4b28-d656-42e5-bef2-5860e869753a/6.webp,6,2025-10-12T09:14:09+00:00
18d0e8ca-ed73-453c-96bf-1de022e08333,c37c4b28-d656-42e5-bef2-5860e869753a,/photos/c37c4b28-d656-42e5-bef2-5860e869753a/7.webp,7,2025-10-12T09:14:09+00:00
ff2b77a9-ee64-4140-8679-7e1abb22f8e0,bb641206-8c2d-4bf1-93e2-e77822499b6b,/photos/bb641206-8c2d-4bf1-93e2-e77822499b6b/0.webp,0,2025-08-11T01:37:16+00:00
7a942e9c-0e53-4442-b4d3-b99bf3fa7027,bb641206-8c2d-4bf1-93e2-e77822499b6b,/photos/bb641206-8c2d-4bf1-93e2-e77822499b6b/1.webp,1,2025-08-11T01:37:16+00:00
aed27b93-ebd6-403e-bcd1-6130dccfc76c,bb641206-8c2d-4bf1-93e2-e77822499b6b,/photos/bb641206-8c2d-4bf1-93e2-e77822499b6b/2.webp,2,2025-08-11T01:37:16+00:00
9b998b2b-6a4e-4225-a7a4-45986e8a569c,bb641206-8c2d-4bf1-93e2-e77822499b6b,/photos/bb641206-8c2d-4bf1-93e2-e77822499b6b/3.webp,3,2025-08-11T01:37:16+00:00
ec746764-0be0-4b16-b021-51aa061aa434,bb641206-8c2d-4bf1-93e2-e77822499b6b,/photos/bb641206-8c2d-4bf1-93e2-e77822499b6b/4.webp,4,2025-08-11T01:37:16+00:00
d88aa141-91f8-416a-8a6a-0728e7849ce4,bb641206-8c2d-4bf1-93e2-e77822499b6b,/photos/bb641206-8c2d-4bf1-93e2-e77822499b6b/5.webp,5,2025-08-11T01:37:16+00:00
a0a13158-1b19-4487-9138-e11e2cebce62,bb641206-8c2d-4bf1-93e2-e77822499b6b,/photos/bb641206-8c2d-4bf1-93e2-e77822499b6b/6.webp,6,2025-08-11T01:37:16+00:00
06e1aaec-307a-48c5-8653-8a192fdf64ad,b6ca8416-77bf-4464-a406-cef96ff0ff7c,/photos/b6ca8416-77bf-4464-a406-cef96ff0ff7c/0.webp,0,2026-07-08T15:55:42+00:00
c842d76c-d668-4c37-99bd-f48fb5db8d46,b6ca8416-77bf-4464-a406-cef96ff0ff7c,/photos/b6ca8416-77bf-4464-a406-cef96ff0ff7c/1.webp,1,2026-07-08T15:55:42+00:00
877c7fb3-d454-4d39-9abd-a7714645f302,b6ca8416-77bf-4464-a406-cef96ff0ff7c,/photos/b6ca8416-77bf-4464-a406-cef96ff0ff7c/2.webp,2,2026-07-08T15:55:42+00:00
5d23c07b-1ecd-4fc1-9046-85be6ebd719a,b6ca8416-77bf-4464-a406-cef96ff0ff7c,/photos/b6ca8416-77bf-4464-a406-cef96ff0ff7c/3.webp,3,2026-07-08T15:55:42+00:00
4c9ce82b-c26e-46d7-bab2-a7c216e180bb,bf7d51c7-bebd-4a48-9fd6-a004af14429a,/photos/bf7d51c7-bebd-4a48-9fd6-a004af14429a/0.webp,0,2026-06-07T05:36:54+00:00
ea40cb66-aee0-41dc-b5fa-e034252096ef,bf7d51c7-bebd-4a48-9fd6-a004af14429a,/photos/bf7d51c7-bebd-4a48-9fd6-a004af14429a/1.webp,1,2026-06-07T05:36:54+00:00
0a6f82c8-07b8-428c-b528-97226126a81e,bf7d51c7-bebd-4a48-9fd6-a004af14429a,/photos/bf7d51c7-bebd-4a48-9fd6-a004af14429a/2.webp,2,2026-06-07T05:36:54+00:00
e0744e97-3bfb-442b-8649-2821fbe4587d,c5bea319-91b1-4055-8f0b-8f1cce28d126,/photos/c5bea319-91b1-4055-8f0b-8f1cce28d126/0.webp,0,2025-01-27T18:04:11+00:00
4e878031-7ff4-4065-abc9-23c8b40bbc57,c5bea319-91b1-4055-8f0b-8f1cce28d126,/photos/c5bea319-91b1-4055-8f0b-8f1cce28d126/1.webp,1,2025-01-27T18:04:11+00:00
3212ba77-e077-47df-83d4-2a986bece1cb,c5bea319-91b1-4055-8f0b-8f1cce28d126,/photos/c5bea319-91b1-4055-8f0b-8f1cce28d126/2.webp,2,2025-01-27T18:04:11+00:00
564c3c3a-cbd5-4979-a98b-9620520a6169,f9b45913-3e80-4bf8-83f4-5aa8424a4d75,/photos/f9b45913-3e80-4bf8-83f4-5aa8424a4d75/0.webp,0,2026-08-01T19:52:25+00:00
d5de49b7-4183-4e4a-a0c6-e007ee6ef09d,f9b45913-3e80-4bf8-83f4-5aa8424a4d75,/photos/f9b45913-3e80-4bf8-83f4-5aa8424a4d75/1.webp,1,2026-08-01T19:52:25+00:00
fb046456-da93-48af-adda-130bbb21ba59,f9b45913-3e80-4bf8-83f4-5aa8424a4d75,/photos/f9b45913-3e80-4bf8-83f4-5aa8424a4d75/2.webp,2,2026-08-01T19:52:25+00:00
6acb80c8-ff20-426b-9a48-7fa3f2861992,f9b45913-3e80-4bf8-83f4-5aa8424a4d75,/photos/f9b45913-3e80-4bf8-83f4-5aa8424a4d75/3.webp,3,2026-08-01T19:52:25+00:00
5d7128c0-8136-40dc-a7fd-7eefb5f561e0,557fe4e7-26cc-403e-8469-e9d69452361d,/photos/557fe4e7-26cc-403e-8469-e9d69452361d/0.webp,0,2026-05-13T23:07:00+00:00
9bf9ac88-e44c-4ff1-bb1e-95edef991291,557fe4e7-26cc-403e-8469-e9d69452361d,/photos/557fe4e7-26cc-403e-8469-e9d69452361d/1.webp,1,2026-05-13T23:07:00+00:00
1dde04f6-5251-4cdf-90e9-13a279410f29,0facd74b-1cde-4cc4-a0a9-933dc5ba6849,/photos/0facd74b-1cde-4cc4-a0a9-933dc5ba6849/0.webp,0,2026-08-02T19:16:58+00:00
daf96c9b-7b58-4d9a-a71b-022bc6a1b8e0,0facd74b-1cde-4cc4-a0a9-933dc5ba6849,/photos/0facd74b-1cde-4cc4-a0a9-933dc5ba6849/1.webp,1,2026-08-02T19:16:58+00:00
a5d71be0-9b1d-4230-878d-17a32e5461f5,0facd74b-1cde-4cc4-a0a9-933dc5ba6849,/photos/0facd74b-1cde-4cc4-a0a9-933dc5ba6849/2.webp,2,2026-08-02T19:16:58+00:00
b6c1f374-4f13-450c-a996-e7e052fc3253,9c2277c6-c135-4437-9ee0-f668c9f8a154,/photos/9c2277c6-c135-4437-9ee0-f668c9f8a154/0.webp,0,2026-07-09T02:19:09+00:00
5114bc6c-dbc0-45b6-8d4d-bac5cbf3ce1f,9c2277c6-c135-4437-9ee0-f668c9f8a154,/photos/9c2277c6-c135-4437-9ee0-f668c9f8a154/1.webp,1,2026-07-09T02:19:09+00:00
509c33c7-fe24-46b0-8b86-8b150d90ea81,9c2277c6-c135-4437-9ee0-f668c9f8a154,/photos/9c2277c6-c135-4437-9ee0-f668c9f8a154/2.webp,2,2026-07-09T02:19:09+00:00
4696bb67-3962-4663-a2d4-815381ce08f8,9c2277c6-c135-4437-9ee0-f668c9f8a154,/photos/9c2277c6-c135-4437-9ee0-f668c9f8a154/3.webp,3,2026-07-09T02:19:09+00:00
3e41da59-777e-496d-a485-4a77a492f0b6,14af7d67-5092-4707-9a83-4293424cfff5,/photos/14af7d67-5092-4707-9a83-4293424cfff5/0.webp,0,2025-08-03T02:17:48+00:00
5f3aaf46-4d3f-4c8b-b31f-e995728fa158,14af7d67-5092-4707-9a83-4293424cfff5,/photos/14af7d67-5092-4707-9a83-4293424cfff5/1.webp,1,2025-08-03T02:17:48+00:00
64b06fac-e57e-4e68-b263-b0b8a7907e24,14af7d67-5092-4707-9a83-4293424cfff5,/photos/14af7d67-5092-4707-9a83-4293424cfff5/2.webp,2,2025-08-03T02:17:48+00:00
bd5d8c9e-ebe2-4bcc-9742-c02a2d42ac99,14af7d67-5092-4707-9a83-4293424cfff5,/photos/14af7d67-5092-4707-9a83-4293424cfff5/3.webp,3,2025-08-03T02:17:48+00:00
06610cd3-b1e0-49f7-8b8e-de12dcafbd9d,14af7d67-5092-4707-9a83-4293424cfff5,/photos/14af7d67-5092-4707-9a83-4293424cfff5/4.webp,4,2025-08-03T02:17:48+00:00
ba92ba38-6b57-483a-8384-547dd4503248,14af7d67-5092-4707-9a83-4293424cfff5,/photos/14af7d67-5092-4707-9a83-4293424cfff5/5.webp,5,2025-08-03T02:17:48+00:00
b7df75a8-c317-4e99-910c-0d15b70ad548,e1d25ff2-cf93-4f53-a140-f3377dc5b4af,/photos/e1d25ff2-cf93-4f53-a140-f3377dc5b4af/0.webp,0,2026-08-28T10:00:46+00:00
ca2e822a-9998-45ed-9425-bd9e1a89926c,e1d25ff2-cf93-4f53-a140-f3377dc5b4af,/photos/e1d25ff2-cf93-4f53-a140-f3377dc5b4af/1.webp,1,2026-08-28T10:00:46+00:00
5f81bbf3-a1aa-431b-ac1e-9a4a123b9ef7,e1d25ff2-cf93-4f53-a140-f3377dc5b4af,/photos/e1d25ff2-cf93-4f53-a140-f3377dc5b4af/2.webp,2,2026-08-28T10:00:46+00:00
e4767107-bf80-4bd7-b6e5-69575b0254be,4d0d8179-9160-4ce0-891f-16928c0a24bf,/photos/4d0d8179-9160-4ce0-891f-16928c0a24bf/0.webp,0,2026-01-19T14:22:03+00:00
92c8794e-577a-4e88-9a57-53a05b0d32bf,4d0d8179-9160-4ce0-891f-16928c0a24bf,/photos/4d0d8179-9160-4ce0-891f-16928c0a24bf/1.webp,1,2026-01-19T14:22:03+00:00
dfe6741c-b231-4aab-849c-58010abc39d8,a33586cb-c351-407a-bf72-aa2c5e6fc77a,/photos/a33586cb-c351-407a-bf72-aa2c5e6fc77a/0.webp,0,2025-09-04T04:28:55+00:00
4ed8c1a8-d20d-4977-a772-631fa92ccd2f,a33586cb-c351-407a-bf72-aa2c5e6fc77a,/photos/a33586cb-c351-407a-bf72-aa2c5e6fc77a/1.webp,1,2025-09-04T04:28:55+00:00
718b3b78-c9e2-491c-867f-6d56b32cc6a1,a33586cb-c351-407a-bf72-aa2c5e6fc77a,/photos/a33586cb-c351-407a-bf72-aa2c5e6fc77a/2.webp,2,2025-09-04T04:28:55+00:00
f0a204fe-975f-4be1-bbf1-4fd9589ad3fc,a33586cb-c351-407a-bf72-aa2c5e6fc77a,/photos/a33586cb-c351-407a-bf72-aa2c5e6fc77a/3.webp,3,2025-09-04T04:28:55+00:00
2a4c23cb-3e5b-44bd-851b-e83e8e5ac48c,a33586cb-c351-407a-bf72-aa2c5e6fc77a,/photos/a33586cb-c351-407a-bf72-aa2c5e6fc77a/4.webp,4,2025-09-04T04:28:55+00:00
bdf94ea3-6708-40c9-a4fa-a645a8275b83,613c7ebf-c120-4a31-8fbb-8b63797812ae,/photos/613c7ebf-c120-4a31-8fbb-8b63797812ae/0.webp,0,2024-12-25T11:19:31+00:00
7b26c490-19f1-4f2f-817f-45ae7fbc1418,5e6afdfd-1248-4fc4-b4c3-e21ac98231cd,/photos/5e6afdfd-1248-4fc4-b4c3-e21ac98231cd/0.webp,0,2026-08-06T19:42:30+00:00
9a475bb8-ef83-4278-b995-e47ae9f9c724,1c127e63-4879-4c09-ac20-7304bc326886,/photos/1c127e63-4879-4c09-ac20-7304bc326886/0.webp,0,2026-04-22T10:38:05+00:00
c6089a48-0e45-46fe-89d4-c3ae2ab259fb,1c127e63-4879-4c09-ac20-7304bc326886,/photos/1c127e63-4879-4c09-ac20-7304bc326886/1.webp,1,2026-04-22T10:38:05+00:00
3e89193f-17b1-4d5d-9868-a214ccdc919f,1c127e63-4879-4c09-ac20-7304bc326886,/photos/1c127e63-4879-4c09-ac20-7304bc326886/2.webp,2,2026-04-22T10:38:05+00:00
289269ec-f463-400b-bf62-1dfb46839737,1c127e63-4879-4c09-ac20-7304bc326886,/photos/1c127e63-4879-4c09-ac20-7304bc326886/3.webp,3,2026-04-22T10:38:05+00:00
4da8fc26-011b-4e7c-810b-9aeabd6bd159,1c127e63-4879-4c09-ac20-7304bc326886,/photos/1c127e63-4879-4c09-ac20-7304bc326886/4.webp,4,2026-04-22T10:38:05+00:00
cfb64ac8-5939-4310-901f-6a2a4234798a,68ae6b58-3b62-40ca-8193-2d885066cf90,/photos/68ae6b58-3b62-40ca-8193-2d885066cf90/0.webp,0,2024-09-19T11:56:20+00:00
a973663f-8b8e-4114-8340-60fbb7d03fa2,68ae6b58-3b62-40ca-8193-2d885066cf90,/photos/68ae6b58-3b62-40ca-8193-2d885066cf90/1.webp,1,2024-09-19T11:56:20+00:00
1af198ef-5ef5-4996-b5d6-04f3b6c0f3af,ebe62fa6-83e1-4c36-83c6-9df29d7d76e4,/photos/ebe62fa6-83e1-4c36-83c6-9df29d7d76e4/0.webp,0,2025-03-04T06:34:21+00:00
9c020c70-fc35-4519-98db-eed62212971f,ebe62fa6-83e1-4c36-83c6-9df29d7d76e4,/photos/ebe62fa6-83e1-4c36-83c6-9df29d7d76e4/1.webp,1,2025-03-04T06:34:21+00:00
eb8f3dc0-3913-4908-b951-3629e1a71972,49efb4da-a41a-40d5-aab0-7b39b3926cee,/photos/49efb4da-a41a-40d5-aab0-7b39b3926cee/0.webp,0,2026-03-12T23:46:12+00:00
a90832d7-777a-4dbc-8a31-eea8bd3a84cb,9b595606-e5f6-444c-b3e3-6bd16e8628f7,/photos/9b595606-e5f6-444c-b3e3-6bd16e8628f7/0.webp,0,2025-06-18T12:10:16+00:00
48679ea3-4631-4310-95ca-cbf393148fe3,721a9588-c4f4-457e-a19b-bf1ff17621ac,/photos/721a9588-c4f4-457e-a19b-bf1ff17621ac/0.webp,0,2026-04-24T00:41:19+00:00
10a49b04-89fa-4e64-a0f2-aded93b9ed76,721a9588-c4f4-457e-a19b-bf1ff17621ac,/photos/721a9588-c4f4-457e-a19b-bf1ff17621ac/1.webp,1,2026-04-24T00:41:19+00:00
ce212d6c-58f0-4dc4-ac49-77774e0cd2ca,721a9588-c4f4-457e-a19b-bf1ff17621ac,/photos/721a9588-c4f4-457e-a19b-bf1ff17621ac/2.webp,2,2026-04-24T00:41:19+00:00
7362fed3-963c-40e8-8a03-551d45563bfc,721a9588-c4f4-457e-a19b-bf1ff17621ac,/photos/721a9588-c4f4-457e-a19b-bf1ff17621ac/3.webp,3,2026-04-24T00:41:19+00:00
1691a6fa-5c75-41fd-aa5b-cb60c6b76ff9,721a9588-c4f4-457e-a19b-bf1ff17621ac,/photos/721a9588-c4f4-457e-a19b-bf1ff17621ac/4.webp,4,2026-04-24T00:41:19+00:00
8c62d2a2-4669-4eb9-88ee-53b418911f6f,9cfdd050-dfde-4641-8d0e-e847ec7a9175,/photos/9cfdd050-dfde-4641-8d0e-e847ec7a9175/0.webp,0,2026-04-26T13:08:08+00:00
0db92938-1cda-4084-b5de-6f878ee57225,9cfdd050-dfde-4641-8d0e-e847ec7a9175,/photos/9cfdd050-dfde-4641-8d0e-e847ec7a9175/1.webp,1,2026-04-26T13:08:08+00:00
9f714c0a-e644-402d-8501-33175b5f5f83,9cfdd050-dfde-4641-8d0e-e847ec7a9175,/photos/9cfdd050-dfde-4641-8d0e-e847ec7a9175/2.webp,2,2026-04-26T13:08:08+00:00
242549ec-6198-4327-b004-1117dfc108ea,9cfdd050-dfde-4641-8d0e-e847ec7a9175,/photos/9cfdd050-dfde-4641-8d0e-e847ec7a9175/3.webp,3,2026-04-26T13:08:08+00:00
812b7050-6106-4f35-a47c-bbabb72704e5,9cfdd050-dfde-4641-8d0e-e847ec7a9175,/photos/9cfdd050-dfde-4641-8d0e-e847ec7a9175/4.webp,4,2026-04-26T13:08:08+00:00
7c4c7fb8-ca74-4219-a29f-1c562339d105,8502f585-65ac-4dc5-8c66-da8feaed6668,/photos/8502f585-65ac-4dc5-8c66-da8feaed6668/0.webp,0,2024-12-14T04:35:17+00:00
b26ccaa1-41e8-4fef-8748-8421ac1f0aa3,8502f585-65ac-4dc5-8c66-da8feaed6668,/photos/8502f585-65ac-4dc5-8c66-da8feaed6668/1.webp,1,2024-12-14T04:35:17+00:00
376b0777-9d28-4447-b201-b0f9fa7ed006,a84a88e3-ed94-4edd-93f1-3bfeb13aee85,/photos/a84a88e3-ed94-4edd-93f1-3bfeb13aee85/0.webp,0,2026-05-03T00:43:12+00:00
e5e7b744-704b-4e1f-aada-697ec5515b13,a84a88e3-ed94-4edd-93f1-3bfeb13aee85,/photos/a84a88e3-ed94-4edd-93f1-3bfeb13aee85/1.webp,1,2026-05-03T00:43:12+00:00
7f862ecb-31b6-40fc-8708-6edb6aab0487,a84a88e3-ed94-4edd-93f1-3bfeb13aee85,/photos/a84a88e3-ed94-4edd-93f1-3bfeb13aee85/2.webp,2,2026-05-03T00:43:12+00:00
e38b3d21-08eb-4356-87a4-5c17d38f3552,4c49c066-0b2a-4cbc-947f-1787c7727f36,/photos/4c49c066-0b2a-4cbc-947f-1787c7727f36/0.webp,0,2026-05-29T20:03:27+00:00
870a3189-e99b-4d74-a1b9-bacf5658697f,4c49c066-0b2a-4cbc-947f-1787c7727f36,/photos/4c49c066-0b2a-4cbc-947f-1787c7727f36/1.webp,1,2026-05-29T20:03:27+00:00
7208098e-cb82-4f8a-b779-2006828d6084,4c49c066-0b2a-4cbc-947f-1787c7727f36,/photos/4c49c066-0b2a-4cbc-947f-1787c7727f36/2.webp,2,2026-05-29T20:03:27+00:00
806d4659-ee75-40a0-8ba3-a65b52ca8ceb,4c49c066-0b2a-4cbc-947f-1787c7727f36,/photos/4c49c066-0b2a-4cbc-947f-1787c7727f36/3.webp,3,2026-05-29T20:03:27+00:00
80690226-e2a2-4ab6-b38a-53a92a7ffb45,4c49c066-0b2a-4cbc-947f-1787c7727f36,/photos/4c49c066-0b2a-4cbc-947f-1787c7727f36/4.webp,4,2026-05-29T20:03:27+00:00
54d16c72-a6de-40a6-b2b1-fdf71bd27ec2,2367aae8-52cc-4453-87ca-75d88aff4983,/photos/2367aae8-52cc-4453-87ca-75d88aff4983/0.webp,0,2026-09-01T10:03:14+00:00
56f701f2-26e9-4763-ab84-2b89de7c9939,2367aae8-52cc-4453-87ca-75d88aff4983,/photos/2367aae8-52cc-4453-87ca-75d88aff4983/1.webp,1,2026-09-01T10:03:14+00:00
3f2da4fe-63eb-4cb1-8adf-d40c866c862d,2367aae8-52cc-4453-87ca-75d88aff4983,/photos/2367aae8-52cc-4453-87ca-75d88aff4983/2.webp,2,2026-09-01T10:03:14+00:00
13ad4b70-27e4-4442-928c-55226517f2f5,2367aae8-52cc-4453-87ca-75d88aff4983,/photos/2367aae8-52cc-4453-87ca-75d88aff4983/3.webp,3,2026-09-01T10:03:14+00:00
76e9f8b9-f84a-4000-8df5-56bfd65f43ae,2367aae8-52cc-4453-87ca-75d88aff4983,/photos/2367aae8-52cc-4453-87ca-75d88aff4983/4.webp,4,2026-09-01T10:03:14+00:00
e827d0ed-21b1-4f8e-bf8c-f93234d8f409,ff7cb602-ba0a-4d9f-9ebb-56372c595818,/photos/ff7cb602-ba0a-4d9f-9ebb-56372c595818/0.webp,0,2024-09-29T12:08:58+00:00
e688f519-0080-4cd0-8691-49d2f76f17ae,ff7cb602-ba0a-4d9f-9ebb-56372c595818,/photos/ff7cb602-ba0a-4d9f-9ebb-56372c595818/1.webp,1,2024-09-29T12:08:58+00:00
488555ab-7240-495e-af67-c582935c1a26,ff7cb602-ba0a-4d9f-9ebb-56372c595818,/photos/ff7cb602-ba0a-4d9f-9ebb-56372c595818/2.webp,2,2024-09-29T12:08:58+00:00
a87457a9-2d06-47af-9ad6-1a3f9df10586,ff7cb602-ba0a-4d9f-9ebb-56372c595818,/photos/ff7cb602-ba0a-4d9f-9ebb-56372c595818/3.webp,3,2024-09-29T12:08:58+00:00
7c64a9f1-56d5-458d-af24-71a250c138e1,ff7cb602-ba0a-4d9f-9ebb-56372c595818,/photos/ff7cb602-ba0a-4d9f-9ebb-56372c595818/4.webp,4,2024-09-29T12:08:58+00:00
e7760305-c815-4408-b8dd-f961c4f4ab9c,ff7cb602-ba0a-4d9f-9ebb-56372c595818,/photos/ff7cb602-ba0a-4d9f-9ebb-56372c595818/5.webp,5,2024-09-29T12:08:58+00:00
59dd1d29-3e83-4fca-a666-a0064d8aac29,ff7cb602-ba0a-4d9f-9ebb-56372c595818,/photos/ff7cb602-ba0a-4d9f-9ebb-56372c595818/6.webp,6,2024-09-29T12:08:58+00:00
e56fa21b-a074-48ee-af71-d9bd872b948a,ff7cb602-ba0a-4d9f-9ebb-56372c595818,/photos/ff7cb602-ba0a-4d9f-9ebb-56372c595818/7.webp,7,2024-09-29T12:08:58+00:00
11a9a245-af13-4e1c-b684-ab102f2c23f6,ff7cb602-ba0a-4d9f-9ebb-56372c595818,/photos/ff7cb602-ba0a-4d9f-9ebb-56372c595818/8.webp,8,2024-09-29T12:08:58+00:00
a4200838-7c8f-4d7f-aab0-b14524edbd01,f255d149-84e3-4673-a7a0-f4d1bdaaefbf,/photos/f255d149-84e3-4673-a7a0-f4d1bdaaefbf/0.webp,0,2025-07-19T04:28:46+00:00
1530dd18-3ac3-4154-867f-e216a7e5f48b,f255d149-84e3-4673-a7a0-f4d1bdaaefbf,/photos/f255d149-84e3-4673-a7a0-f4d1bdaaefbf/1.webp,1,2025-07-19T04:28:46+00:00
28e1f3de-b21b-40d8-9582-f054e5d92f08,f255d149-84e3-4673-a7a0-f4d1bdaaefbf,/photos/f255d149-84e3-4673-a7a0-f4d1bdaaefbf/2.webp,2,2025-07-19T04:28:46+00:00
37f9efcb-d742-4938-8e2e-fbf8045d2dc2,c689e698-03ef-4fc7-a8fb-d323d991ce9b,/photos/c689e698-03ef-4fc7-a8fb-d323d991ce9b/0.webp,0,2026-05-23T03:29:36+00:00
02fa3e8d-59db-483a-9eb5-243cce3764ed,c689e698-03ef-4fc7-a8fb-d323d991ce9b,/photos/c689e698-03ef-4fc7-a8fb-d323d991ce9b/1.webp,1,2026-05-23T03:29:36+00:00
4952dcd0-fcd0-4c6c-bff8-7dd932b35122,c689e698-03ef-4fc7-a8fb-d323d991ce9b,/photos/c689e698-03ef-4fc7-a8fb-d323d991ce9b/2.webp,2,2026-05-23T03:29:36+00:00
a810888f-57c2-4fcd-ba14-e9562c22cf70,c689e698-03ef-4fc7-a8fb-d323d991ce9b,/photos/c689e698-03ef-4fc7-a8fb-d323d991ce9b/3.webp,3,2026-05-23T03:29:36+00:00
d9384131-4020-4a33-bc2a-88a80b5f2cb8,c689e698-03ef-4fc7-a8fb-d323d991ce9b,/photos/c689e698-03ef-4fc7-a8fb-d323d991ce9b/4.webp,4,2026-05-23T03:29:36+00:00
ff60dcd5-99e9-4985-8129-aaf46f34a8a1,c689e698-03ef-4fc7-a8fb-d323d991ce9b,/photos/c689e698-03ef-4fc7-a8fb-d323d991ce9b/5.webp,5,2026-05-23T03:29:36+00:00
b131ede4-75bc-4c8d-b211-b56acd098885,c689e698-03ef-4fc7-a8fb-d323d991ce9b,/photos/c689e698-03ef-4fc7-a8fb-d323d991ce9b/6.webp,6,2026-05-23T03:29:36+00:00
257ac580-735f-4783-8e73-4220f19f85b9,c689e698-03ef-4fc7-a8fb-d323d991ce9b,/photos/c689e698-03ef-4fc7-a8fb-d323d991ce9b/7.webp,7,2026-05-23T03:29:36+00:00
272de98f-0e40-48c6-8ff4-251e484ba4cc,c689e698-03ef-4fc7-a8fb-d323d991ce9b,/photos/c689e698-03ef-4fc7-a8fb-d323d991ce9b/8.webp,8,2026-05-23T03:29:36+00:00
cb2c8078-cc76-4bdb-b366-2e1020932e07,c689e698-03ef-4fc7-a8fb-d323d991ce9b,/photos/c689e698-03ef-4fc7-a8fb-d323d991ce9b/9.webp,9,2026-05-23T03:29:36+00:00
bc7ac636-77d7-4016-8655-baeae57ee9da,78bcddd0-7815-4124-bfb8-8ec2bba235d7,/photos/78bcddd0-7815-4124-bfb8-8ec2bba235d7/0.webp,0,2026-08-10T23:55:00+00:00
7a1cf845-9b6c-4bcc-98ea-a2c1bfb25005,78bcddd0-7815-4124-bfb8-8ec2bba235d7,/photos/78bcddd0-7815-4124-bfb8-8ec2bba235d7/1.webp,1,2026-08-10T23:55:00+00:00
3e5d10d0-3b6e-4698-8044-aec0062c7959,78bcddd0-7815-4124-bfb8-8ec2bba235d7,/photos/78bcddd0-7815-4124-bfb8-8ec2bba235d7/2.webp,2,2026-08-10T23:55:00+00:00
02b6e7cf-3300-4d75-91a5-ed027062b8b9,d2b5b8e3-507c-4155-a305-227345239a37,/photos/d2b5b8e3-507c-4155-a305-227345239a37/0.webp,0,2026-06-15T09:23:11+00:00
15490a10-6c36-4be4-aea1-3d107aef0993,d2b5b8e3-507c-4155-a305-227345239a37,/photos/d2b5b8e3-507c-4155-a305-227345239a37/1.webp,1,2026-06-15T09:23:11+00:00
541db247-0688-4418-a12c-3b9e8d7ad6b2,d2b5b8e3-507c-4155-a305-227345239a37,/photos/d2b5b8e3-507c-4155-a305-227345239a37/2.webp,2,2026-06-15T09:23:11+00:00
4d54da37-8d75-4315-939b-0f3600d965b4,d2b5b8e3-507c-4155-a305-227345239a37,/photos/d2b5b8e3-507c-4155-a305-227345239a37/3.webp,3,2026-06-15T09:23:11+00:00
ac715125-ccdd-477b-9a64-79352404b34d,d2b5b8e3-507c-4155-a305-227345239a37,/photos/d2b5b8e3-507c-4155-a305-227345239a37/4.webp,4,2026-06-15T09:23:11+00:00
7c9b8ccc-359e-4381-af65-2edd54f25789,c0451167-9adc-4d06-835d-5f6341dbcbc3,/photos/c0451167-9adc-4d06-835d-5f6341dbcbc3/0.webp,0,2026-05-24T16:02:17+00:00
798f1974-de1e-43a3-b542-e50cb06eac73,c0451167-9adc-4d06-835d-5f6341dbcbc3,/photos/c0451167-9adc-4d06-835d-5f6341dbcbc3/1.webp,1,2026-05-24T16:02:17+00:00
b2913b95-d85f-41b8-9ba5-bf037462b99f,c0451167-9adc-4d06-835d-5f6341dbcbc3,/photos/c0451167-9adc-4d06-835d-5f6341dbcbc3/2.webp,2,2026-05-24T16:02:17+00:00
9b1d7d10-9798-4b24-b9ca-30f8f9d5e036,c0451167-9adc-4d06-835d-5f6341dbcbc3,/photos/c0451167-9adc-4d06-835d-5f6341dbcbc3/3.webp,3,2026-05-24T16:02:17+00:00
507f628d-fade-42ac-8880-a04310c6b38d,536a82d5-3c92-4ce4-b51e-25caac37316a,/photos/536a82d5-3c92-4ce4-b51e-25caac37316a/0.webp,0,2024-12-23T21:25:15+00:00
08ccd7c6-817d-4ba5-b008-39a2af1b6c64,536a82d5-3c92-4ce4-b51e-25caac37316a,/photos/536a82d5-3c92-4ce4-b51e-25caac37316a/1.webp,1,2024-12-23T21:25:15+00:00
1c7e9e23-07d6-45f8-a130-7c8882c054a0,536a82d5-3c92-4ce4-b51e-25caac37316a,/photos/536a82d5-3c92-4ce4-b51e-25caac37316a/2.webp,2,2024-12-23T21:25:15+00:00
a165dd3f-a8e2-45f9-bfbe-40ae8d736428,536a82d5-3c92-4ce4-b51e-25caac37316a,/photos/536a82d5-3c92-4ce4-b51e-25caac37316a/3.webp,3,2024-12-23T21:25:15+00:00
160f0e02-83b0-4dca-b1bc-80e43335f1e3,536a82d5-3c92-4ce4-b51e-25caac37316a,/photos/536a82d5-3c92-4ce4-b51e-25caac37316a/4.webp,4,2024-12-23T21:25:15+00:00
c7f5c1d6-30b9-40ae-a1db-9eaae126840d,f312f7e6-9cb6-4174-a2f6-f48251c8c3ba,/photos/f312f7e6-9cb6-4174-a2f6-f48251c8c3ba/0.webp,0,2026-08-18T17:08:50+00:00
9b812771-fdd1-423f-bd3b-18e12fe6ec7a,f312f7e6-9cb6-4174-a2f6-f48251c8c3ba,/photos/f312f7e6-9cb6-4174-a2f6-f48251c8c3ba/1.webp,1,2026-08-18T17:08:50+00:00
b731f217-1d70-425c-b2be-b23e87e7b01a,01bd4867-9d16-443c-ad41-2dc7ca977e2a,/photos/01bd4867-9d16-443c-ad41-2dc7ca977e2a/0.webp,0,2026-06-01T10:20:06+00:00
ae5a269b-629f-49ec-a05b-41de48360822,01bd4867-9d16-443c-ad41-2dc7ca977e2a,/photos/01bd4867-9d16-443c-ad41-2dc7ca977e2a/1.webp,1,2026-06-01T10:20:06+00:00
354acb0f-164f-4029-b192-63fde06a3173,01bd4867-9d16-443c-ad41-2dc7ca977e2a,/photos/01bd4867-9d16-443c-ad41-2dc7ca977e2a/2.webp,2,2026-06-01T10:20:06+00:00
feaf8738-58a1-4911-9411-1690470cb3c3,b92c0710-79c7-4c48-82d8-5b92481391a3,/photos/b92c0710-79c7-4c48-82d8-5b92481391a3/0.webp,0,2026-07-28T13:25:59+00:00
56862861-b77e-4b8d-8e65-f70360bdb629,b92c0710-79c7-4c48-82d8-5b92481391a3,/photos/b92c0710-79c7-4c48-82d8-5b92481391a3/1.webp,1,2026-07-28T13:25:59+00:00
190ee150-4330-4322-9c72-4d65891193c2,b92c0710-79c7-4c48-82d8-5b92481391a3,/photos/b92c0710-79c7-4c48-82d8-5b92481391a3/2.webp,2,2026-07-28T13:25:59+00:00
ff62c632-8e50-4d52-b0d7-4eb1a63ad2fa,bf7fe23e-a6dd-4ded-b881-a9227287270a,/photos/bf7fe23e-a6dd-4ded-b881-a9227287270a/0.webp,0,2026-04-11T11:45:25+00:00
861c7ca2-774b-43be-bacd-cc751e7f59ad,bf7fe23e-a6dd-4ded-b881-a9227287270a,/photos/bf7fe23e-a6dd-4ded-b881-a9227287270a/1.webp,1,2026-04-11T11:45:25+00:00
a9229203-6103-486b-86cc-f7df0fa69d3a,f5a1338b-ae78-4e92-9894-7d666a80bf25,/photos/f5a1338b-ae78-4e92-9894-7d666a80bf25/0.webp,0,2024-12-27T01:25:12+00:00
a9724b9e-2f75-4a19-9c03-70ed885bb14d,562db82a-3e3b-45f8-8ebc-2f735e5407b5,/photos/562db82a-3e3b-45f8-8ebc-2f735e5407b5/0.webp,0,2025-04-14T10:19:23+00:00
a4783ba9-c6a5-45bb-b642-b945c6b0d479,562db82a-3e3b-45f8-8ebc-2f735e5407b5,/photos/562db82a-3e3b-45f8-8ebc-2f735e5407b5/1.webp,1,2025-04-14T10:19:23+00:00
f0c8c49e-9db5-47ad-9045-679fe844c0ac,562db82a-3e3b-45f8-8ebc-2f735e5407b5,/photos/562db82a-3e3b-45f8-8ebc-2f735e5407b5/2.webp,2,2025-04-14T10:19:23+00:00
3816a6bf-8bdc-4b0f-9e9b-acb0b1f57620,562db82a-3e3b-45f8-8ebc-2f735e5407b5,/photos/562db82a-3e3b-45f8-8ebc-2f735e5407b5/3.webp,3,2025-04-14T10:19:23+00:00
d38402c1-3472-4bef-afb7-271c1e5f0a25,562db82a-3e3b-45f8-8ebc-2f735e5407b5,/photos/562db82a-3e3b-45f8-8ebc-2f735e5407b5/4.webp,4,2025-04-14T10:19:23+00:00
f3737285-6cb9-498b-91b1-588aa493ca89,64f6d65e-ec79-4d7a-aafa-76c4292e53bb,/photos/64f6d65e-ec79-4d7a-aafa-76c4292e53bb/0.webp,0,2025-02-07T22:56:32+00:00
634fce76-b306-4cfc-9c4b-6dab5a59b9be,64f6d65e-ec79-4d7a-aafa-76c4292e53bb,/photos/64f6d65e-ec79-4d7a-aafa-76c4292e53bb/1.webp,1,2025-02-07T22:56:32+00:00
7cc5bbbf-045a-487b-a1a7-9d34d61b7a3e,64f6d65e-ec79-4d7a-aafa-76c4292e53bb,/photos/64f6d65e-ec79-4d7a-aafa-76c4292e53bb/2.webp,2,2025-02-07T22:56:32+00:00
a4c0b300-df2f-4205-baad-f78d2897d28b,8aeb47c9-b72b-4166-b4b1-9d648221b401,/photos/8aeb47c9-b72b-4166-b4b1-9d648221b401/0.webp,0,2026-08-16T22:37:56+00:00
b2509c7b-fa71-4df3-be12-0fdd24762634,8aeb47c9-b72b-4166-b4b1-9d648221b401,/photos/8aeb47c9-b72b-4166-b4b1-9d648221b401/1.webp,1,2026-08-16T22:37:56+00:00
7b9b4cf6-0e4e-4913-ab91-b0a080bf27ee,8aeb47c9-b72b-4166-b4b1-9d648221b401,/photos/8aeb47c9-b72b-4166-b4b1-9d648221b401/2.webp,2,2026-08-16T22:37:56+00:00
2b23727a-a3f9-4110-9001-7a782f0a09fa,4b0db089-b073-4912-ab4e-e247d93d0a66,/photos/4b0db089-b073-4912-ab4e-e247d93d0a66/0.webp,0,2026-07-14T14:12:42+00:00
6b65a227-69e9-49b3-9537-7425ea48f7c3,4b0db089-b073-4912-ab4e-e247d93d0a66,/photos/4b0db089-b073-4912-ab4e-e247d93d0a66/1.webp,1,2026-07-14T14:12:42+00:00
50a27909-06a2-4118-aaa4-0c7e06cfd01d,4b0db089-b073-4912-ab4e-e247d93d0a66,/photos/4b0db089-b073-4912-ab4e-e247d93d0a66/2.webp,2,2026-07-14T14:12:42+00:00
ccae8529-4cfb-486c-bd8c-21620e4b66fa,4b0db089-b073-4912-ab4e-e247d93d0a66,/photos/4b0db089-b073-4912-ab4e-e247d93d0a66/3.webp,3,2026-07-14T14:12:42+00:00
5ad369ec-1b3b-4774-b673-dfdc8e1e6d1b,4b0db089-b073-4912-ab4e-e247d93d0a66,/photos/4b0db089-b073-4912-ab4e-e247d93d0a66/4.webp,4,2026-07-14T14:12:42+00:00
207523a5-4d2c-4e67-98fc-be17ca46909b,4b0db089-b073-4912-ab4e-e247d93d0a66,/photos/4b0db089-b073-4912-ab4e-e247d93d0a66/5.webp,5,2026-07-14T14:12:42+00:00
0e0308ea-eb24-4056-817b-61339a8ad577,7228aeb1-0c7a-4d3c-9f40-73b4470e41e5,/photos/7228aeb1-0c7a-4d3c-9f40-73b4470e41e5/0.webp,0,2025-07-10T21:30:07+00:00
5e081ce2-63f6-439f-a76d-ff06105c98ac,7228aeb1-0c7a-4d3c-9f40-73b4470e41e5,/photos/7228aeb1-0c7a-4d3c-9f40-73b4470e41e5/1.webp,1,2025-07-10T21:30:07+00:00
6ce4bd02-b869-44a3-a88e-c238651b60fd,7228aeb1-0c7a-4d3c-9f40-73b4470e41e5,/photos/7228aeb1-0c7a-4d3c-9f40-73b4470e41e5/2.webp,2,2025-07-10T21:30:07+00:00
46f2a6b0-9bbd-47e8-ab0d-69c728cc8245,7228aeb1-0c7a-4d3c-9f40-73b4470e41e5,/photos/7228aeb1-0c7a-4d3c-9f40-73b4470e41e5/3.webp,3,2025-07-10T21:30:07+00:00
5af9ed01-c780-4875-957d-82275bc69c9a,7228aeb1-0c7a-4d3c-9f40-73b4470e41e5,/photos/7228aeb1-0c7a-4d3c-9f40-73b4470e41e5/4.webp,4,2025-07-10T21:30:07+00:00
c13c15c8-bffa-428a-88df-8b6671e615a4,fd899e7b-af8d-4b38-970e-ad82fa363f50,/photos/fd899e7b-af8d-4b38-970e-ad82fa363f50/0.webp,0,2026-08-17T21:46:11+00:00
f0d1a7df-8cb0-4166-b5ce-246eef01f3e6,fd899e7b-af8d-4b38-970e-ad82fa363f50,/photos/fd899e7b-af8d-4b38-970e-ad82fa363f50/1.webp,1,2026-08-17T21:46:11+00:00
a04801e3-0881-46ac-9998-60bedcb84b0c,fd899e7b-af8d-4b38-970e-ad82fa363f50,/photos/fd899e7b-af8d-4b38-970e-ad82fa363f50/2.webp,2,2026-08-17T21:46:11+00:00
19863356-1cd1-485e-a134-8edec5b9d981,fd899e7b-af8d-4b38-970e-ad82fa363f50,/photos/fd899e7b-af8d-4b38-970e-ad82fa363f50/3.webp,3,2026-08-17T21:46:11+00:00
d111ed9d-bcd1-4d49-9476-1abba1fc4471,fd899e7b-af8d-4b38-970e-ad82fa363f50,/photos/fd899e7b-af8d-4b38-970e-ad82fa363f50/4.webp,4,2026-08-17T21:46:11+00:00
61873d5d-5943-4c36-b61b-d9a04a8b44b8,b5956df7-862e-45fb-8fac-9361339cd87f,/photos/b5956df7-862e-45fb-8fac-9361339cd87f/0.webp,0,2026-08-08T22:58:48+00:00
746793a6-61ef-4199-bc2c-77ccc183ba77,b5956df7-862e-45fb-8fac-9361339cd87f,/photos/b5956df7-862e-45fb-8fac-9361339cd87f/1.webp,1,2026-08-08T22:58:48+00:00
854c268d-d5d6-40de-a8aa-0dd907f757b6,b5956df7-862e-45fb-8fac-9361339cd87f,/photos/b5956df7-862e-45fb-8fac-9361339cd87f/2.webp,2,2026-08-08T22:58:48+00:00
9c173757-2460-4613-a047-13fa0a32f905,b5956df7-862e-45fb-8fac-9361339cd87f,/photos/b5956df7-862e-45fb-8fac-9361339cd87f/3.webp,3,2026-08-08T22:58:48+00:00
a4d96d2c-fe2a-430f-a4a7-8d78db5e60c4,b5956df7-862e-45fb-8fac-9361339cd87f,/photos/b5956df7-862e-45fb-8fac-9361339cd87f/4.webp,4,2026-08-08T22:58:48+00:00
ba190184-f81f-4d0d-87d4-edd1c048cbec,ddf436c7-d717-4684-a7ea-833a81243af8,/photos/ddf436c7-d717-4684-a7ea-833a81243af8/0.webp,0,2024-11-26T08:58:40+00:00
ae74b72f-c28f-4ba2-866d-59252679e450,511e49b5-987f-4ad0-bac0-66235047d333,/photos/511e49b5-987f-4ad0-bac0-66235047d333/0.webp,0,2026-02-12T19:38:16+00:00
1f3a181d-2b63-45a1-abc4-79c70b598505,511e49b5-987f-4ad0-bac0-66235047d333,/photos/511e49b5-987f-4ad0-bac0-66235047d333/1.webp,1,2026-02-12T19:38:16+00:00
823653d3-9d00-4bfb-93e1-e1dfcc9935fc,511e49b5-987f-4ad0-bac0-66235047d333,/photos/511e49b5-987f-4ad0-bac0-66235047d333/2.webp,2,2026-02-12T19:38:16+00:00
d90dc49c-400c-44a0-b462-31c691df0062,511e49b5-987f-4ad0-bac0-66235047d333,/photos/511e49b5-987f-4ad0-bac0-66235047d333/3.webp,3,2026-02-12T19:38:16+00:00
ba3ae5ba-f328-4286-91e6-36b682add2a1,511e49b5-987f-4ad0-bac0-66235047d333,/photos/511e49b5-987f-4ad0-bac0-66235047d333/4.webp,4,2026-02-12T19:38:16+00:00
bbccf0eb-9327-44af-9e81-a3dc1eb6660b,511e49b5-987f-4ad0-bac0-66235047d333,/photos/511e49b5-987f-4ad0-bac0-66235047d333/5.webp,5,2026-02-12T19:38:16+00:00
f41ec416-96da-4a44-bb77-a83d15e5ff29,5ce2831c-b97c-4e21-b7ab-40abdabbf91f,/photos/5ce2831c-b97c-4e21-b7ab-40abdabbf91f/0.webp,0,2025-05-22T12:36:09+00:00
1ae94659-8c1d-4948-92a2-0e11244dc399,5ce2831c-b97c-4e21-b7ab-40abdabbf91f,/photos/5ce2831c-b97c-4e21-b7ab-40abdabbf91f/1.webp,1,2025-05-22T12:36:09+00:00
d45936cb-7837-453e-b339-9eaa6f3cb4c6,5ce2831c-b97c-4e21-b7ab-40abdabbf91f,/photos/5ce2831c-b97c-4e21-b7ab-40abdabbf91f/2.webp,2,2025-05-22T12:36:09+00:00
fd7cb4e0-1f56-4e4e-8552-042ae882f070,5ce2831c-b97c-4e21-b7ab-40abdabbf91f,/photos/5ce2831c-b97c-4e21-b7ab-40abdabbf91f/3.webp,3,2025-05-22T12:36:09+00:00
dbff3383-feec-42b6-9399-5fb6ddd49d78,2e88a891-943f-4ac4-ac2f-a0b0e1b81fe2,/photos/2e88a891-943f-4ac4-ac2f-a0b0e1b81fe2/0.webp,0,2026-04-24T06:31:12+00:00
36bff288-dcf1-43d3-8dcf-0aa6ff546f86,ac17bff0-bac0-47a6-a0bc-49d52d438847,/photos/ac17bff0-bac0-47a6-a0bc-49d52d438847/0.webp,0,2025-01-25T11:00:07+00:00
d027c582-3f24-4ea0-8299-fb282419b299,8c400407-3e6a-416b-8e9c-3b7065358894,/photos/8c400407-3e6a-416b-8e9c-3b7065358894/0.webp,0,2026-06-10T14:12:14+00:00
955336b6-3a5f-438e-ad3c-8ab51582d7a1,8c400407-3e6a-416b-8e9c-3b7065358894,/photos/8c400407-3e6a-416b-8e9c-3b7065358894/1.webp,1,2026-06-10T14:12:14+00:00
db974a0f-2c25-4062-92ff-34ef27fd1834,8c400407-3e6a-416b-8e9c-3b7065358894,/photos/8c400407-3e6a-416b-8e9c-3b7065358894/2.webp,2,2026-06-10T14:12:14+00:00
e159a8a4-cc6a-43cc-9583-beea144808a7,8c400407-3e6a-416b-8e9c-3b7065358894,/photos/8c400407-3e6a-416b-8e9c-3b7065358894/3.webp,3,2026-06-10T14:12:14+00:00
f387004c-e619-4948-bb11-f9737fe0df22,8c400407-3e6a-416b-8e9c-3b7065358894,/photos/8c400407-3e6a-416b-8e9c-3b7065358894/4.webp,4,2026-06-10T14:12:14+00:00
63f9a268-e176-456d-8bad-8136fa8eeaed,8c400407-3e6a-416b-8e9c-3b7065358894,/photos/8c400407-3e6a-416b-8e9c-3b7065358894/5.webp,5,2026-06-10T14:12:14+00:00
23d6d5c2-43d2-4613-bcc8-34c12124f8cd,e26a46b3-dd63-45df-9810-2130fbbdd0d2,/photos/e26a46b3-dd63-45df-9810-2130fbbdd0d2/0.webp,0,2025-06-19T07:07:01+00:00
ceb87ae2-04bd-44be-8ae4-cb78d0d2d49d,56e310be-5218-431b-8b15-874baefee5c0,/photos/56e310be-5218-431b-8b15-874baefee5c0/0.webp,0,2026-08-31T06:46:09+00:00
990583eb-4c91-463b-84f7-1c7fb46d5e63,09970f75-43e1-4877-8cf0-e983b60eaf7d,/photos/09970f75-43e1-4877-8cf0-e983b60eaf7d/0.webp,0,2025-05-25T04:47:31+00:00
e68df5b3-954d-4b79-a234-30d1d1587cd3,09970f75-43e1-4877-8cf0-e983b60eaf7d,/photos/09970f75-43e1-4877-8cf0-e983b60eaf7d/1.webp,1,2025-05-25T04:47:31+00:00
9c3325d3-6037-4022-b2b8-2d1ee9724a62,09970f75-43e1-4877-8cf0-e983b60eaf7d,/photos/09970f75-43e1-4877-8cf0-e983b60eaf7d/2.webp,2,2025-05-25T04:47:31+00:00
e6ce4500-ba44-4b43-b17d-63d017bbea3a,09970f75-43e1-4877-8cf0-e983b60eaf7d,/photos/09970f75-43e1-4877-8cf0-e983b60eaf7d/3.webp,3,2025-05-25T04:47:31+00:00
98daf589-4540-4fac-8692-a990315bb1f2,fd1725fe-31f6-4a35-9484-c741c7fbebbc,/photos/fd1725fe-31f6-4a35-9484-c741c7fbebbc/0.webp,0,2026-07-13T10:12:28+00:00
6ed54cac-53c6-4b4d-86e0-df31a9d23b44,fd1725fe-31f6-4a35-9484-c741c7fbebbc,/photos/fd1725fe-31f6-4a35-9484-c741c7fbebbc/1.webp,1,2026-07-13T10:12:28+00:00
e40c796c-f190-4c07-8d96-548feb588b58,fd1725fe-31f6-4a35-9484-c741c7fbebbc,/photos/fd1725fe-31f6-4a35-9484-c741c7fbebbc/2.webp,2,2026-07-13T10:12:28+00:00
5cb6069e-d4dd-4a0c-b10e-a8fd784ca5b6,fd1725fe-31f6-4a35-9484-c741c7fbebbc,/photos/fd1725fe-31f6-4a35-9484-c741c7fbebbc/3.webp,3,2026-07-13T10:12:28+00:00
7d1ddc87-5c5f-4940-9e61-c1667c56e4fd,fd1725fe-31f6-4a35-9484-c741c7fbebbc,/photos/fd1725fe-31f6-4a35-9484-c741c7fbebbc/4.webp,4,2026-07-13T10:12:28+00:00
ed3e53ca-9b92-4d3a-a2dd-bfd2d563abc7,e55040ad-1aa6-4747-94df-8aeb6725899c,/photos/e55040ad-1aa6-4747-94df-8aeb6725899c/0.webp,0,2026-01-22T16:20:09+00:00
931f5915-7d35-41bf-9a14-386d5d416b85,e55040ad-1aa6-4747-94df-8aeb6725899c,/photos/e55040ad-1aa6-4747-94df-8aeb6725899c/1.webp,1,2026-01-22T16:20:09+00:00
3909f498-4084-435d-b7c3-9054c588e66c,e55040ad-1aa6-4747-94df-8aeb6725899c,/photos/e55040ad-1aa6-4747-94df-8aeb6725899c/2.webp,2,2026-01-22T16:20:09+00:00
24ad3b49-bf10-4826-9d28-1f8bbfd1bec6,e55040ad-1aa6-4747-94df-8aeb6725899c,/photos/e55040ad-1aa6-4747-94df-8aeb6725899c/3.webp,3,2026-01-22T16:20:09+00:00
3da62eb8-cfe8-4033-a7d8-2029f40d94b3,e55040ad-1aa6-4747-94df-8aeb6725899c,/photos/e55040ad-1aa6-4747-94df-8aeb6725899c/4.webp,4,2026-01-22T16:20:09+00:00
250993aa-2651-466c-8d0a-82c1f8d87512,676d15af-78a5-4cbf-a6d6-7f21a6fa9ddc,/photos/676d15af-78a5-4cbf-a6d6-7f21a6fa9ddc/0.webp,0,2024-12-27T06:30:59+00:00
5b131ba9-3733-4a67-9460-19c92bb2a994,676d15af-78a5-4cbf-a6d6-7f21a6fa9ddc,/photos/676d15af-78a5-4cbf-a6d6-7f21a6fa9ddc/1.webp,1,2024-12-27T06:30:59+00:00
5fdfeae2-b7b6-43ee-bbe4-4649b13fdfc6,676d15af-78a5-4cbf-a6d6-7f21a6fa9ddc,/photos/676d15af-78a5-4cbf-a6d6-7f21a6fa9ddc/2.webp,2,2024-12-27T06:30:59+00:00
2980986a-e978-4a8f-8583-7a8f1f8771fd,7c7a83b0-b053-4d5a-ba19-68414f56eadb,/photos/7c7a83b0-b053-4d5a-ba19-68414f56eadb/0.webp,0,2025-09-30T17:47:41+00:00
db701f06-5b13-4723-9a01-35bc175ff986,7c7a83b0-b053-4d5a-ba19-68414f56eadb,/photos/7c7a83b0-b053-4d5a-ba19-68414f56eadb/1.webp,1,2025-09-30T17:47:41+00:00
24121a4f-3d0d-4a9c-af30-59210b699cb6,7c7a83b0-b053-4d5a-ba19-68414f56eadb,/photos/7c7a83b0-b053-4d5a-ba19-68414f56eadb/2.webp,2,2025-09-30T17:47:41+00:00
2b7bfe82-5030-4c00-ad7d-ffb952f77bdf,7c7a83b0-b053-4d5a-ba19-68414f56eadb,/photos/7c7a83b0-b053-4d5a-ba19-68414f56eadb/3.webp,3,2025-09-30T17:47:41+00:00
50781fb3-2281-4141-a336-0126f1027444,7c7a83b0-b053-4d5a-ba19-68414f56eadb,/photos/7c7a83b0-b053-4d5a-ba19-68414f56eadb/4.webp,4,2025-09-30T17:47:41+00:00
cd071d31-57b6-4497-b533-465bf5f712b8,7c7a83b0-b053-4d5a-ba19-68414f56eadb,/photos/7c7a83b0-b053-4d5a-ba19-68414f56eadb/5.webp,5,2025-09-30T17:47:41+00:00
fec5070b-0647-4ce8-975f-1ce7433ed630,7c7a83b0-b053-4d5a-ba19-68414f56eadb,/photos/7c7a83b0-b053-4d5a-ba19-68414f56eadb/6.webp,6,2025-09-30T17:47:41+00:00
bb7d1d4f-e502-4532-b45f-e58946355a1c,62d5d672-07bc-4f83-a4c2-6fd658507dc3,/photos/62d5d672-07bc-4f83-a4c2-6fd658507dc3/0.webp,0,2026-06-07T18:26:49+00:00
d404f828-eacf-4141-8482-001006f1d03a,62d5d672-07bc-4f83-a4c2-6fd658507dc3,/photos/62d5d672-07bc-4f83-a4c2-6fd658507dc3/1.webp,1,2026-06-07T18:26:49+00:00
d272c346-a90a-4c1b-8413-fef8ff10febd,62d5d672-07bc-4f83-a4c2-6fd658507dc3,/photos/62d5d672-07bc-4f83-a4c2-6fd658507dc3/2.webp,2,2026-06-07T18:26:49+00:00
e40c6cf6-eb1b-42b4-9f67-55d51b85c1c3,62d5d672-07bc-4f83-a4c2-6fd658507dc3,/photos/62d5d672-07bc-4f83-a4c2-6fd658507dc3/3.webp,3,2026-06-07T18:26:49+00:00
ce129af4-3aba-462d-a67a-0c846e067676,44f6d201-0f68-44dd-b0e6-8995bf9d58af,/photos/44f6d201-0f68-44dd-b0e6-8995bf9d58af/0.webp,0,2026-07-21T08:59:13+00:00
95332b1d-e7e5-4aca-8093-02f7552e3e2a,44f6d201-0f68-44dd-b0e6-8995bf9d58af,/photos/44f6d201-0f68-44dd-b0e6-8995bf9d58af/1.webp,1,2026-07-21T08:59:13+00:00
d59a1f3f-344e-43da-8d2e-e69cbbfb0b68,44f6d201-0f68-44dd-b0e6-8995bf9d58af,/photos/44f6d201-0f68-44dd-b0e6-8995bf9d58af/2.webp,2,2026-07-21T08:59:13+00:00
9c630230-deba-496b-bc8a-c1e59b421f62,a95e1201-c84b-4144-9447-c1ebb7949fa3,/photos/a95e1201-c84b-4144-9447-c1ebb7949fa3/0.webp,0,2026-08-08T16:36:15+00:00
d4ddeaac-da3f-4326-9548-cdf962d504c3,a95e1201-c84b-4144-9447-c1ebb7949fa3,/photos/a95e1201-c84b-4144-9447-c1ebb7949fa3/1.webp,1,2026-08-08T16:36:15+00:00
7c073240-3eba-42a3-b8b9-0721a4a0c5bc,a95e1201-c84b-4144-9447-c1ebb7949fa3,/photos/a95e1201-c84b-4144-9447-c1ebb7949fa3/2.webp,2,2026-08-08T16:36:15+00:00
b9c1bb3b-3ba0-4748-bffa-916e23df8719,6ea3b8c9-ce5a-4428-be8f-fbc2529148be,/photos/6ea3b8c9-ce5a-4428-be8f-fbc2529148be/0.webp,0,2026-06-24T16:25:02+00:00
1e1e9485-8a76-4bd9-a5a4-d0c2c979a0cd,0e426053-cba8-4632-8d16-ff2be180e0ef,/photos/0e426053-cba8-4632-8d16-ff2be180e0ef/0.webp,0,2025-05-28T20:10:41+00:00
453fb1da-d622-42a2-bc5d-fc7c5c2ea887,0e426053-cba8-4632-8d16-ff2be180e0ef,/photos/0e426053-cba8-4632-8d16-ff2be180e0ef/1.webp,1,2025-05-28T20:10:41+00:00
03e49d3a-3dd4-4070-b874-fa153c9e9d43,0e426053-cba8-4632-8d16-ff2be180e0ef,/photos/0e426053-cba8-4632-8d16-ff2be180e0ef/2.webp,2,2025-05-28T20:10:41+00:00
f1e38aa8-2deb-4999-9437-6f6b1644cf7f,1368b545-920d-4f13-b2fd-1c3986520b09,/photos/1368b545-920d-4f13-b2fd-1c3986520b09/0.webp,0,2025-06-28T22:33:24+00:00
aab94ac4-531d-4be7-9434-d0fe34b20b3b,1368b545-920d-4f13-b2fd-1c3986520b09,/photos/1368b545-920d-4f13-b2fd-1c3986520b09/1.webp,1,2025-06-28T22:33:24+00:00
fad9a365-0b83-496a-898b-2c7a1cb87209,1368b545-920d-4f13-b2fd-1c3986520b09,/photos/1368b545-920d-4f13-b2fd-1c3986520b09/2.webp,2,2025-06-28T22:33:24+00:00
9ed7aaba-a076-48bd-b1eb-d6ea58e01152,1368b545-920d-4f13-b2fd-1c3986520b09,/photos/1368b545-920d-4f13-b2fd-1c3986520b09/3.webp,3,2025-06-28T22:33:24+00:00
1803586b-29ea-4190-b276-6f74c4909cc2,1368b545-920d-4f13-b2fd-1c3986520b09,/photos/1368b545-920d-4f13-b2fd-1c3986520b09/4.webp,4,2025-06-28T22:33:24+00:00
0accb439-0acb-4da3-9c27-493258bc8ab4,1368b545-920d-4f13-b2fd-1c3986520b09,/photos/1368b545-920d-4f13-b2fd-1c3986520b09/5.webp,5,2025-06-28T22:33:24+00:00
aafed0d4-b2e1-4a1c-91a2-6613b642d0b8,1368b545-920d-4f13-b2fd-1c3986520b09,/photos/1368b545-920d-4f13-b2fd-1c3986520b09/6.webp,6,2025-06-28T22:33:24+00:00
18ecb640-bb2c-4766-b02b-7644d6e23000,fb34a5da-80b7-4104-9f54-ee41d1273bfa,/photos/fb34a5da-80b7-4104-9f54-ee41d1273bfa/0.webp,0,2026-05-26T02:18:27+00:00
ef294470-670c-4fba-a55f-9f26f8c6beb2,fb34a5da-80b7-4104-9f54-ee41d1273bfa,/photos/fb34a5da-80b7-4104-9f54-ee41d1273bfa/1.webp,1,2026-05-26T02:18:27+00:00
5fe3a802-2a79-43a2-861b-cf44a7b38507,c412dbe2-2164-467b-85fa-ee361c57a270,/photos/c412dbe2-2164-467b-85fa-ee361c57a270/0.webp,0,2026-08-07T00:08:38+00:00
5db06036-6c13-471e-aca2-eb5fc7481596,c412dbe2-2164-467b-85fa-ee361c57a270,/photos/c412dbe2-2164-467b-85fa-ee361c57a270/1.webp,1,2026-08-07T00:08:38+00:00
203abea0-b726-4706-a5ae-c569b7ad3694,a0ae6a59-f096-4ac9-a03e-910b521269c4,/photos/a0ae6a59-f096-4ac9-a03e-910b521269c4/0.webp,0,2025-12-08T17:30:34+00:00
d25502ca-546b-4913-99a9-afede262da8b,a0ae6a59-f096-4ac9-a03e-910b521269c4,/photos/a0ae6a59-f096-4ac9-a03e-910b521269c4/1.webp,1,2025-12-08T17:30:34+00:00
058acb58-39a6-478d-8e63-34204dcfd278,a0ae6a59-f096-4ac9-a03e-910b521269c4,/photos/a0ae6a59-f096-4ac9-a03e-910b521269c4/2.webp,2,2025-12-08T17:30:34+00:00
a9b36a61-82b9-47e9-9028-bfaf23056e99,a0ae6a59-f096-4ac9-a03e-910b521269c4,/photos/a0ae6a59-f096-4ac9-a03e-910b521269c4/3.webp,3,2025-12-08T17:30:34+00:00
91810e24-002f-4515-a65d-d887ec4fba35,a0ae6a59-f096-4ac9-a03e-910b521269c4,/photos/a0ae6a59-f096-4ac9-a03e-910b521269c4/4.webp,4,2025-12-08T17:30:34+00:00
d659b09c-7ab7-46a4-9691-966ec5b8d209,a0ae6a59-f096-4ac9-a03e-910b521269c4,/photos/a0ae6a59-f096-4ac9-a03e-910b521269c4/5.webp,5,2025-12-08T17:30:34+00:00
1bad7786-a15b-4457-9926-6086945a50b1,0c3dd19d-64e1-4c6f-84d3-97ff49704e92,/photos/0c3dd19d-64e1-4c6f-84d3-97ff49704e92/0.webp,0,2026-05-06T05:27:21+00:00
2e36db4c-d918-4f14-a3b1-ddd70b7c9011,0c3dd19d-64e1-4c6f-84d3-97ff49704e92,/photos/0c3dd19d-64e1-4c6f-84d3-97ff49704e92/1.webp,1,2026-05-06T05:27:21+00:00
9bac28f1-e4ef-4b7c-b773-8e685c60802a,0c3dd19d-64e1-4c6f-84d3-97ff49704e92,/photos/0c3dd19d-64e1-4c6f-84d3-97ff49704e92/2.webp,2,2026-05-06T05:27:21+00:00
029aa365-bea7-4c35-b71c-e08f3d7dcd26,0c3dd19d-64e1-4c6f-84d3-97ff49704e92,/photos/0c3dd19d-64e1-4c6f-84d3-97ff49704e92/3.webp,3,2026-05-06T05:27:21+00:00
e01fd866-3add-48c8-b66b-7da09d7f89fc,0c3dd19d-64e1-4c6f-84d3-97ff49704e92,/photos/0c3dd19d-64e1-4c6f-84d3-97ff49704e92/4.webp,4,2026-05-06T05:27:21+00:00
9ae76a3e-63c5-4242-a1a1-99c9084beb4e,0c3dd19d-64e1-4c6f-84d3-97ff49704e92,/photos/0c3dd19d-64e1-4c6f-84d3-97ff49704e92/5.webp,5,2026-05-06T05:27:21+00:00
a6ddcceb-08ac-4565-bf1a-ef1f801fcfde,0c3dd19d-64e1-4c6f-84d3-97ff49704e92,/photos/0c3dd19d-64e1-4c6f-84d3-97ff49704e92/6.webp,6,2026-05-06T05:27:21+00:00
927568af-e9cb-4c65-833c-c6d7585af872,4d0a65ad-610b-4ea3-b7a0-d44fd41df94a,/photos/4d0a65ad-610b-4ea3-b7a0-d44fd41df94a/0.webp,0,2026-07-26T03:12:54+00:00
929f935b-2328-4801-a66a-bfff2ea7c6ee,4d0a65ad-610b-4ea3-b7a0-d44fd41df94a,/photos/4d0a65ad-610b-4ea3-b7a0-d44fd41df94a/1.webp,1,2026-07-26T03:12:54+00:00
0ac25423-3740-4908-b6b1-20857d55c2a8,4d0a65ad-610b-4ea3-b7a0-d44fd41df94a,/photos/4d0a65ad-610b-4ea3-b7a0-d44fd41df94a/2.webp,2,2026-07-26T03:12:54+00:00
13cf0550-6137-4d4b-9076-e5dcddddc44d,4d0a65ad-610b-4ea3-b7a0-d44fd41df94a,/photos/4d0a65ad-610b-4ea3-b7a0-d44fd41df94a/3.webp,3,2026-07-26T03:12:54+00:00
d903a97c-d3e3-4dc5-bee7-9c6d724291e2,22ff3bf7-cb25-4648-b29e-ae0403c1511d,/photos/22ff3bf7-cb25-4648-b29e-ae0403c1511d/0.webp,0,2024-09-20T21:36:18+00:00
46466955-5679-4b1f-a095-faead371d88c,22ff3bf7-cb25-4648-b29e-ae0403c1511d,/photos/22ff3bf7-cb25-4648-b29e-ae0403c1511d/1.webp,1,2024-09-20T21:36:18+00:00
a52ae7e1-24cd-43b3-a480-2abdac631022,22ff3bf7-cb25-4648-b29e-ae0403c1511d,/photos/22ff3bf7-cb25-4648-b29e-ae0403c1511d/2.webp,2,2024-09-20T21:36:18+00:00
944a75d9-293f-4f5f-b4e0-24d59712a119,22ff3bf7-cb25-4648-b29e-ae0403c1511d,/photos/22ff3bf7-cb25-4648-b29e-ae0403c1511d/3.webp,3,2024-09-20T21:36:18+00:00
8a35a59c-808c-465e-b226-2cb1e4bfd698,22ff3bf7-cb25-4648-b29e-ae0403c1511d,/photos/22ff3bf7-cb25-4648-b29e-ae0403c1511d/4.webp,4,2024-09-20T21:36:18+00:00
190eaf23-b30a-49b3-aa1e-0a96b751b5d4,22ff3bf7-cb25-4648-b29e-ae0403c1511d,/photos/22ff3bf7-cb25-4648-b29e-ae0403c1511d/5.webp,5,2024-09-20T21:36:18+00:00
342ad591-781a-4d8d-8aff-425eaff5ebb1,22ff3bf7-cb25-4648-b29e-ae0403c1511d,/photos/22ff3bf7-cb25-4648-b29e-ae0403c1511d/6.webp,6,2024-09-20T21:36:18+00:00
6cf8d77a-a692-421a-877c-81e04157b268,22ff3bf7-cb25-4648-b29e-ae0403c1511d,/photos/22ff3bf7-cb25-4648-b29e-ae0403c1511d/7.webp,7,2024-09-20T21:36:18+00:00
2d3c6f60-adea-4ab1-a1ff-19b043a5cb65,842cea88-1f69-420c-ab47-2cd5ac467723,/photos/842cea88-1f69-420c-ab47-2cd5ac467723/0.webp,0,2026-03-04T02:01:59+00:00
54d7c1fe-7f7e-4aa4-94d6-2fc96d7b8db1,842cea88-1f69-420c-ab47-2cd5ac467723,/photos/842cea88-1f69-420c-ab47-2cd5ac467723/1.webp,1,2026-03-04T02:01:59+00:00
c523ed03-c702-4b32-afc4-eb599cfc0627,ed650eef-11ef-4262-ad66-3e7906798815,/photos/ed650eef-11ef-4262-ad66-3e7906798815/0.webp,0,2026-08-19T12:01:01+00:00
996c4ad7-bee7-474b-a759-a43c3e9a88cf,ed650eef-11ef-4262-ad66-3e7906798815,/photos/ed650eef-11ef-4262-ad66-3e7906798815/1.webp,1,2026-08-19T12:01:01+00:00
a25b6802-b879-4d3b-97b6-cde08354a277,ed650eef-11ef-4262-ad66-3e7906798815,/photos/ed650eef-11ef-4262-ad66-3e7906798815/2.webp,2,2026-08-19T12:01:01+00:00
7699d0c4-1220-4a24-9f48-f84eb8aa243e,35ed3a95-603c-4846-b011-ec9b22e15446,/photos/35ed3a95-603c-4846-b011-ec9b22e15446/0.webp,0,2026-08-03T04:52:37+00:00
459cc4e4-d99c-40f5-9db0-8956ff8b0519,35ed3a95-603c-4846-b011-ec9b22e15446,/photos/35ed3a95-603c-4846-b011-ec9b22e15446/1.webp,1,2026-08-03T04:52:37+00:00
bafe5893-9b74-4105-b503-7e47d715d879,35ed3a95-603c-4846-b011-ec9b22e15446,/photos/35ed3a95-603c-4846-b011-ec9b22e15446/2.webp,2,2026-08-03T04:52:37+00:00
fcf21855-8861-4971-880d-71732d4c92eb,35ed3a95-603c-4846-b011-ec9b22e15446,/photos/35ed3a95-603c-4846-b011-ec9b22e15446/3.webp,3,2026-08-03T04:52:37+00:00
fa2bd276-d6cd-4e67-aa17-6d172f89adc6,35ed3a95-603c-4846-b011-ec9b22e15446,/photos/35ed3a95-603c-4846-b011-ec9b22e15446/4.webp,4,2026-08-03T04:52:37+00:00
693611c4-bb46-4f0f-870a-c068dc85fc1d,92772f50-7b81-456f-a119-ffd9d0030781,/photos/92772f50-7b81-456f-a119-ffd9d0030781/0.webp,0,2024-12-21T12:53:49+00:00
374b94ef-173b-47f7-810e-8420487bf696,92772f50-7b81-456f-a119-ffd9d0030781,/photos/92772f50-7b81-456f-a119-ffd9d0030781/1.webp,1,2024-12-21T12:53:49+00:00
a6bdcbc8-dd10-4cdf-be01-e800cbf07cd3,92772f50-7b81-456f-a119-ffd9d0030781,/photos/92772f50-7b81-456f-a119-ffd9d0030781/2.webp,2,2024-12-21T12:53:49+00:00
86635669-7301-47c1-86f2-0e90d421f8f3,92772f50-7b81-456f-a119-ffd9d0030781,/photos/92772f50-7b81-456f-a119-ffd9d0030781/3.webp,3,2024-12-21T12:53:49+00:00
bd2ddbd1-d100-4327-a5fa-1877ce045069,92772f50-7b81-456f-a119-ffd9d0030781,/photos/92772f50-7b81-456f-a119-ffd9d0030781/4.webp,4,2024-12-21T12:53:49+00:00
607ddfa8-14f1-4e39-9d59-8ef3e0a8b5d5,00f5b599-b0ae-46ec-beb6-4a9c3516883d,/photos/00f5b599-b0ae-46ec-beb6-4a9c3516883d/0.webp,0,2026-08-02T19:07:56+00:00
301741e9-1115-41ae-afd3-60a0bcdf1818,00f5b599-b0ae-46ec-beb6-4a9c3516883d,/photos/00f5b599-b0ae-46ec-beb6-4a9c3516883d/1.webp,1,2026-08-02T19:07:56+00:00
aeeb5d0b-a569-4629-84a5-7f8572867760,c047b1ac-3ee7-40e7-91ea-3cd667f0a668,/photos/c047b1ac-3ee7-40e7-91ea-3cd667f0a668/0.webp,0,2026-06-13T17:37:21+00:00
7e61276b-e670-48b6-97fe-0fa87f9749e4,c047b1ac-3ee7-40e7-91ea-3cd667f0a668,/photos/c047b1ac-3ee7-40e7-91ea-3cd667f0a668/1.webp,1,2026-06-13T17:37:21+00:00
b353f9c7-6bfc-47d4-b81e-9f443822cf5d,c047b1ac-3ee7-40e7-91ea-3cd667f0a668,/photos/c047b1ac-3ee7-40e7-91ea-3cd667f0a668/2.webp,2,2026-06-13T17:37:21+00:00
14687cc7-3da5-4dbc-8ac1-7b07e61a8233,c047b1ac-3ee7-40e7-91ea-3cd667f0a668,/photos/c047b1ac-3ee7-40e7-91ea-3cd667f0a668/3.webp,3,2026-06-13T17:37:21+00:00
69ef4968-f41e-4d91-a848-ab63ac24192b,42f51fa0-a170-4df1-8f2a-fad9205ef216,/photos/42f51fa0-a170-4df1-8f2a-fad9205ef216/0.webp,0,2026-05-10T14:11:26+00:00
0ce71a38-e90b-4d54-b7fb-73cf61adb936,42f51fa0-a170-4df1-8f2a-fad9205ef216,/photos/42f51fa0-a170-4df1-8f2a-fad9205ef216/1.webp,1,2026-05-10T14:11:26+00:00
913d2f45-0d17-40b0-9b46-7fd05905ff68,42f51fa0-a170-4df1-8f2a-fad9205ef216,/photos/42f51fa0-a170-4df1-8f2a-fad9205ef216/2.webp,2,2026-05-10T14:11:26+00:00
05c2eacf-40ed-4458-8c59-a03a49167835,42f51fa0-a170-4df1-8f2a-fad9205ef216,/photos/42f51fa0-a170-4df1-8f2a-fad9205ef216/3.webp,3,2026-05-10T14:11:26+00:00
467ddc93-5cbe-4330-9fe3-202775a4b5d3,42f51fa0-a170-4df1-8f2a-fad9205ef216,/photos/42f51fa0-a170-4df1-8f2a-fad9205ef216/4.webp,4,2026-05-10T14:11:26+00:00
6b64ed25-fe0d-4665-a24d-eed727c1e300,42f51fa0-a170-4df1-8f2a-fad9205ef216,/photos/42f51fa0-a170-4df1-8f2a-fad9205ef216/5.webp,5,2026-05-10T14:11:26+00:00
ec6cd452-dd6e-4dd9-8457-b2c4a3e11f61,479875e5-c394-4832-93cb-e20d3f6823fb,/photos/479875e5-c394-4832-93cb-e20d3f6823fb/0.webp,0,2025-05-10T12:47:23+00:00
17ef9e85-134e-4801-8691-f713320f71e5,479875e5-c394-4832-93cb-e20d3f6823fb,/photos/479875e5-c394-4832-93cb-e20d3f6823fb/1.webp,1,2025-05-10T12:47:23+00:00
07f897da-2143-4ee8-82c0-3511c490762c,479875e5-c394-4832-93cb-e20d3f6823fb,/photos/479875e5-c394-4832-93cb-e20d3f6823fb/2.webp,2,2025-05-10T12:47:23+00:00
ab2e124f-f24e-4d07-bcd7-8b56edd657d7,479875e5-c394-4832-93cb-e20d3f6823fb,/photos/479875e5-c394-4832-93cb-e20d3f6823fb/3.webp,3,2025-05-10T12:47:23+00:00
1e93db63-bd57-416d-8b63-309f608b9278,b9c185fd-f5b3-4665-a512-76e5aa641dff,/photos/b9c185fd-f5b3-4665-a512-76e5aa641dff/0.webp,0,2026-05-30T00:10:15+00:00
e3355b25-92e3-40f6-aa9d-18bb6a7c015b,b9c185fd-f5b3-4665-a512-76e5aa641dff,/photos/b9c185fd-f5b3-4665-a512-76e5aa641dff/1.webp,1,2026-05-30T00:10:15+00:00
7ab5871e-56b6-49d4-8051-9c2ee71da82c,b9c185fd-f5b3-4665-a512-76e5aa641dff,/photos/b9c185fd-f5b3-4665-a512-76e5aa641dff/2.webp,2,2026-05-30T00:10:15+00:00
2e10c814-976f-4d65-963f-593d5d9e48f7,881cdf8e-69a5-4056-9232-c37095d7b881,/photos/881cdf8e-69a5-4056-9232-c37095d7b881/0.webp,0,2025-02-24T03:53:17+00:00
9824ed21-1b8e-4d0d-bf88-57a579f5cc2f,ef41dec1-5922-4f0e-94aa-a87cd8e8f8ab,/photos/ef41dec1-5922-4f0e-94aa-a87cd8e8f8ab/0.webp,0,2026-07-24T09:43:21+00:00
e1f73ed8-9200-4b7e-9ab3-44e5ed78c2e0,ef41dec1-5922-4f0e-94aa-a87cd8e8f8ab,/photos/ef41dec1-5922-4f0e-94aa-a87cd8e8f8ab/1.webp,1,2026-07-24T09:43:21+00:00
ad34624f-771d-4404-88bb-324275db2b19,ef41dec1-5922-4f0e-94aa-a87cd8e8f8ab,/photos/ef41dec1-5922-4f0e-94aa-a87cd8e8f8ab/2.webp,2,2026-07-24T09:43:21+00:00
33797440-ccaf-4eea-aa76-ee39f0276eb2,090f111e-0b60-405a-b250-08fd3900795e,/photos/090f111e-0b60-405a-b250-08fd3900795e/0.webp,0,2026-08-03T19:30:34+00:00
90cbd2e9-5db0-488a-b2c0-13beaf1fea5a,090f111e-0b60-405a-b250-08fd3900795e,/photos/090f111e-0b60-405a-b250-08fd3900795e/1.webp,1,2026-08-03T19:30:34+00:00
dc380355-f1b3-46a7-acd2-020e5580f509,090f111e-0b60-405a-b250-08fd3900795e,/photos/090f111e-0b60-405a-b250-08fd3900795e/2.webp,2,2026-08-03T19:30:34+00:00
6cefef29-92b3-4adc-bf7f-89b4b392cf4f,cb72a6a2-d3bc-43f9-9123-4c493783580c,/photos/cb72a6a2-d3bc-43f9-9123-4c493783580c/0.webp,0,2025-01-17T19:46:49+00:00
290fb6ee-d772-4f13-81ca-89f9a06aa0b6,08649c76-8769-4532-b369-e289602aded8,/photos/08649c76-8769-4532-b369-e289602aded8/0.webp,0,2026-05-16T08:23:18+00:00
190764c0-f2dc-4692-89c6-9624ae413525,08649c76-8769-4532-b369-e289602aded8,/photos/08649c76-8769-4532-b369-e289602aded8/1.webp,1,2026-05-16T08:23:18+00:00
44af2237-475c-44b4-8f29-7e150d05080d,08649c76-8769-4532-b369-e289602aded8,/photos/08649c76-8769-4532-b369-e289602aded8/2.webp,2,2026-05-16T08:23:18+00:00
e48fbdd8-8429-4a7b-82d4-65d9d1952ac7,476c94d2-1249-4c40-9093-0c83f757f1b9,/photos/476c94d2-1249-4c40-9093-0c83f757f1b9/0.webp,0,2026-08-27T11:02:22+00:00
b1d96117-124b-4b45-a69b-b04c066c0192,476c94d2-1249-4c40-9093-0c83f757f1b9,/photos/476c94d2-1249-4c40-9093-0c83f757f1b9/1.webp,1,2026-08-27T11:02:22+00:00
3e00c9e5-4b18-4113-ad13-173935e90aaa,476c94d2-1249-4c40-9093-0c83f757f1b9,/photos/476c94d2-1249-4c40-9093-0c83f757f1b9/2.webp,2,2026-08-27T11:02:22+00:00
c1f38b5b-aaf5-4110-80da-5528153a20ea,476c94d2-1249-4c40-9093-0c83f757f1b9,/photos/476c94d2-1249-4c40-9093-0c83f757f1b9/3.webp,3,2026-08-27T11:02:22+00:00
c78f3d46-0de5-4695-9352-3d693bfdb7fc,f0058471-caee-4d41-b205-f692b51311e2,/photos/f0058471-caee-4d41-b205-f692b51311e2/0.webp,0,2026-08-08T18:38:38+00:00
9d29990c-83f2-4aef-b321-e7da863d6a43,f0058471-caee-4d41-b205-f692b51311e2,/photos/f0058471-caee-4d41-b205-f692b51311e2/1.webp,1,2026-08-08T18:38:38+00:00
31cfa316-8c26-4d68-bdbb-62314786fc61,f0058471-caee-4d41-b205-f692b51311e2,/photos/f0058471-caee-4d41-b205-f692b51311e2/2.webp,2,2026-08-08T18:38:38+00:00
921a7c56-579b-4fa7-a1b4-8553b34090e0,f0058471-caee-4d41-b205-f692b51311e2,/photos/f0058471-caee-4d41-b205-f692b51311e2/3.webp,3,2026-08-08T18:38:38+00:00
343d896e-f812-48d6-aa62-b4d8defedd67,f0058471-caee-4d41-b205-f692b51311e2,/photos/f0058471-caee-4d41-b205-f692b51311e2/4.webp,4,2026-08-08T18:38:38+00:00
4086f521-2c52-4714-a5ca-32bab300e15b,f0058471-caee-4d41-b205-f692b51311e2,/photos/f0058471-caee-4d41-b205-f692b51311e2/5.webp,5,2026-08-08T18:38:38+00:00
80cd776a-d080-4a90-91ae-24db979e810b,5de49069-4f26-4e1a-8dbd-73a31715471b,/photos/5de49069-4f26-4e1a-8dbd-73a31715471b/0.webp,0,2025-12-21T20:56:33+00:00
a18118a5-9f53-4656-a1fa-bc8d100775aa,5de49069-4f26-4e1a-8dbd-73a31715471b,/photos/5de49069-4f26-4e1a-8dbd-73a31715471b/1.webp,1,2025-12-21T20:56:33+00:00
9306a837-acdc-4196-b49a-ef645b8541e6,5de49069-4f26-4e1a-8dbd-73a31715471b,/photos/5de49069-4f26-4e1a-8dbd-73a31715471b/2.webp,2,2025-12-21T20:56:33+00:00
2cf1992e-0649-4fa2-83c7-94513c021722,5de49069-4f26-4e1a-8dbd-73a31715471b,/photos/5de49069-4f26-4e1a-8dbd-73a31715471b/3.webp,3,2025-12-21T20:56:33+00:00
68847e1b-7af6-4d62-b35b-3368879a1a8c,5de49069-4f26-4e1a-8dbd-73a31715471b,/photos/5de49069-4f26-4e1a-8dbd-73a31715471b/4.webp,4,2025-12-21T20:56:33+00:00
7dc126c2-5617-4f39-862a-02ab148c265b,e55321cb-3449-4ccf-a874-96c600368221,/photos/e55321cb-3449-4ccf-a874-96c600368221/0.webp,0,2026-08-07T20:20:21+00:00
5f4c5adf-e290-4036-8e8a-8876be3e11d6,e55321cb-3449-4ccf-a874-96c600368221,/photos/e55321cb-3449-4ccf-a874-96c600368221/1.webp,1,2026-08-07T20:20:21+00:00
7bcbaf30-190b-42a8-aa34-ae3160f4e5f5,e55321cb-3449-4ccf-a874-96c600368221,/photos/e55321cb-3449-4ccf-a874-96c600368221/2.webp,2,2026-08-07T20:20:21+00:00
cd7e0742-5df2-4250-a22d-13be2847f727,e55321cb-3449-4ccf-a874-96c600368221,/photos/e55321cb-3449-4ccf-a874-96c600368221/3.webp,3,2026-08-07T20:20:21+00:00
bcb8de61-26c4-4ea2-a020-f4f9524b8d64,e55321cb-3449-4ccf-a874-96c600368221,/photos/e55321cb-3449-4ccf-a874-96c600368221/4.webp,4,2026-08-07T20:20:21+00:00
32c5b445-2032-40ed-bec8-e1893b6192e5,bd450cc0-bb96-4f59-9c04-e5c48a80da5a,/photos/bd450cc0-bb96-4f59-9c04-e5c48a80da5a/0.webp,0,2024-12-03T16:49:27+00:00
93bc5956-b440-4032-86ef-038007e42ec0,bd450cc0-bb96-4f59-9c04-e5c48a80da5a,/photos/bd450cc0-bb96-4f59-9c04-e5c48a80da5a/1.webp,1,2024-12-03T16:49:27+00:00
eb3ea96c-9b29-4337-ac3e-80894d1e9c9d,bd450cc0-bb96-4f59-9c04-e5c48a80da5a,/photos/bd450cc0-bb96-4f59-9c04-e5c48a80da5a/2.webp,2,2024-12-03T16:49:27+00:00
36fb2cba-f8e4-404a-aa4e-5a01aef4d778,cc74975c-0ae3-4ac4-b228-741f499825a6,/photos/cc74975c-0ae3-4ac4-b228-741f499825a6/0.webp,0,2025-09-23T08:30:48+00:00
8df66701-687f-4730-ac02-76805a7bd4cf,cc74975c-0ae3-4ac4-b228-741f499825a6,/photos/cc74975c-0ae3-4ac4-b228-741f499825a6/1.webp,1,2025-09-23T08:30:48+00:00
d66c667c-d088-49eb-b69e-4c7b53ef933d,cc74975c-0ae3-4ac4-b228-741f499825a6,/photos/cc74975c-0ae3-4ac4-b228-741f499825a6/2.webp,2,2025-09-23T08:30:48+00:00
ddcd1596-445b-49b6-aed5-3723bdee4616,cc74975c-0ae3-4ac4-b228-741f499825a6,/photos/cc74975c-0ae3-4ac4-b228-741f499825a6/3.webp,3,2025-09-23T08:30:48+00:00
af40603d-8997-41ab-9af8-c0f841974bd6,666c46d8-0d81-4383-9c6b-70c8495e2af7,/photos/666c46d8-0d81-4383-9c6b-70c8495e2af7/0.webp,0,2026-07-02T17:57:32+00:00
7162d3b0-546a-4bbc-af1e-46981ff08105,666c46d8-0d81-4383-9c6b-70c8495e2af7,/photos/666c46d8-0d81-4383-9c6b-70c8495e2af7/1.webp,1,2026-07-02T17:57:32+00:00
8d90d989-09dd-4143-9c91-434bae64ea47,a05bbe84-2890-495e-ba0c-51b1cfe4909c,/photos/a05bbe84-2890-495e-ba0c-51b1cfe4909c/0.webp,0,2025-08-11T02:10:13+00:00
723e6abe-e747-4990-ae28-04e449fb0bb4,a05bbe84-2890-495e-ba0c-51b1cfe4909c,/photos/a05bbe84-2890-495e-ba0c-51b1cfe4909c/1.webp,1,2025-08-11T02:10:13+00:00
24be30c4-337c-4b73-ae4f-3bb6edb4b961,a05bbe84-2890-495e-ba0c-51b1cfe4909c,/photos/a05bbe84-2890-495e-ba0c-51b1cfe4909c/2.webp,2,2025-08-11T02:10:13+00:00
d36ffa63-fec0-4d91-8d61-1eac6c2db8fd,a05bbe84-2890-495e-ba0c-51b1cfe4909c,/photos/a05bbe84-2890-495e-ba0c-51b1cfe4909c/3.webp,3,2025-08-11T02:10:13+00:00
2298d54e-4dcf-49e1-8616-180c53427e05,be0be817-baa8-47f7-9fce-d4da3b156dc0,/photos/be0be817-baa8-47f7-9fce-d4da3b156dc0/0.webp,0,2025-10-27T06:11:45+00:00
2d92efc7-63af-443f-830f-3debda25f094,be0be817-baa8-47f7-9fce-d4da3b156dc0,/photos/be0be817-baa8-47f7-9fce-d4da3b156dc0/1.webp,1,2025-10-27T06:11:45+00:00
214e4bec-ed7a-42b0-b65c-16e605230ce9,be0be817-baa8-47f7-9fce-d4da3b156dc0,/photos/be0be817-baa8-47f7-9fce-d4da3b156dc0/2.webp,2,2025-10-27T06:11:45+00:00
4d64db81-fed6-4521-ac59-9f106c5bfc17,be0be817-baa8-47f7-9fce-d4da3b156dc0,/photos/be0be817-baa8-47f7-9fce-d4da3b156dc0/3.webp,3,2025-10-27T06:11:45+00:00
cb84fe70-5cc5-4ba6-941c-79bc708c00dc,f990340e-83a8-45bc-8bfc-5aa39939852a,/photos/f990340e-83a8-45bc-8bfc-5aa39939852a/0.webp,0,2025-04-13T18:05:09+00:00
146a2e8f-aef8-465f-8a1a-4fba2c6b74c0,f990340e-83a8-45bc-8bfc-5aa39939852a,/photos/f990340e-83a8-45bc-8bfc-5aa39939852a/1.webp,1,2025-04-13T18:05:09+00:00
4f986e30-d80c-4a5a-8071-eff47906f84d,f990340e-83a8-45bc-8bfc-5aa39939852a,/photos/f990340e-83a8-45bc-8bfc-5aa39939852a/2.webp,2,2025-04-13T18:05:09+00:00
8cddd5dc-bb6e-423a-8d32-e5674180b413,f990340e-83a8-45bc-8bfc-5aa39939852a,/photos/f990340e-83a8-45bc-8bfc-5aa39939852a/3.webp,3,2025-04-13T18:05:09+00:00
1d373072-4426-480b-94ab-e12bc97e9b5a,f990340e-83a8-45bc-8bfc-5aa39939852a,/photos/f990340e-83a8-45bc-8bfc-5aa39939852a/4.webp,4,2025-04-13T18:05:09+00:00
3e433ce2-20c6-4ea2-b6b2-49f0df12700e,77a4ca41-4f8d-46b4-9200-89307bb0e00c,/photos/77a4ca41-4f8d-46b4-9200-89307bb0e00c/0.webp,0,2026-08-09T12:59:38+00:00
3d205f62-e201-4844-b818-9e4a6eb6617d,77a4ca41-4f8d-46b4-9200-89307bb0e00c,/photos/77a4ca41-4f8d-46b4-9200-89307bb0e00c/1.webp,1,2026-08-09T12:59:38+00:00
1c84fc26-6b45-43e7-9ce2-e4d540a04388,77a4ca41-4f8d-46b4-9200-89307bb0e00c,/photos/77a4ca41-4f8d-46b4-9200-89307bb0e00c/2.webp,2,2026-08-09T12:59:38+00:00
6f5ca8d1-f7e5-43ba-9409-3593e962b390,230f0458-5db1-4c49-810c-ca5ac89508fd,/photos/230f0458-5db1-4c49-810c-ca5ac89508fd/0.webp,0,2026-06-07T15:47:34+00:00
6497a764-59f1-44fd-95e3-f2973e74a2b3,230f0458-5db1-4c49-810c-ca5ac89508fd,/photos/230f0458-5db1-4c49-810c-ca5ac89508fd/1.webp,1,2026-06-07T15:47:34+00:00
33a55dad-1c00-463e-aa71-c4556d0d48bd,230f0458-5db1-4c49-810c-ca5ac89508fd,/photos/230f0458-5db1-4c49-810c-ca5ac89508fd/2.webp,2,2026-06-07T15:47:34+00:00
0c780c20-1c4f-4f64-a55a-ec88141e8b60,f315d986-c3b1-4f85-8e87-b0bbffc0a14e,/photos/f315d986-c3b1-4f85-8e87-b0bbffc0a14e/0.webp,0,2024-10-09T02:23:29+00:00
06b08d82-2da2-4d98-a615-432fe5ddf4cd,f315d986-c3b1-4f85-8e87-b0bbffc0a14e,/photos/f315d986-c3b1-4f85-8e87-b0bbffc0a14e/1.webp,1,2024-10-09T02:23:29+00:00
479e9aea-3f93-4709-9fb2-3ad4ff397f6c,164f73cf-f3f9-4f37-8b2f-a8672d0aaec8,/photos/164f73cf-f3f9-4f37-8b2f-a8672d0aaec8/0.webp,0,2026-07-24T04:37:01+00:00
e31f2739-f976-4ce8-9f1b-c0cf9cd1aee8,164f73cf-f3f9-4f37-8b2f-a8672d0aaec8,/photos/164f73cf-f3f9-4f37-8b2f-a8672d0aaec8/1.webp,1,2026-07-24T04:37:01+00:00
cc2c84a0-27dd-4cbc-941b-2de4a2197bcf,164f73cf-f3f9-4f37-8b2f-a8672d0aaec8,/photos/164f73cf-f3f9-4f37-8b2f-a8672d0aaec8/2.webp,2,2026-07-24T04:37:01+00:00
d372056f-12f6-400a-afa3-8488ea96c0dc,164f73cf-f3f9-4f37-8b2f-a8672d0aaec8,/photos/164f73cf-f3f9-4f37-8b2f-a8672d0aaec8/3.webp,3,2026-07-24T04:37:01+00:00
46743909-8bfc-4fa6-8990-81f90a04d2df,164f73cf-f3f9-4f37-8b2f-a8672d0aaec8,/photos/164f73cf-f3f9-4f37-8b2f-a8672d0aaec8/4.webp,4,2026-07-24T04:37:01+00:00
82d5443e-1616-49bb-a8c5-34613f27743e,164f73cf-f3f9-4f37-8b2f-a8672d0aaec8,/photos/164f73cf-f3f9-4f37-8b2f-a8672d0aaec8/5.webp,5,2026-07-24T04:37:01+00:00
dfc91d29-3021-413e-96ae-60254dbdaaea,beb1905f-7c6e-46ed-bbc1-f0bc0bfa38c3,/photos/beb1905f-7c6e-46ed-bbc1-f0bc0bfa38c3/0.webp,0,2026-05-16T05:52:42+00:00
793ccd54-6c6b-453a-9412-d2094bb8acab,beb1905f-7c6e-46ed-bbc1-f0bc0bfa38c3,/photos/beb1905f-7c6e-46ed-bbc1-f0bc0bfa38c3/1.webp,1,2026-05-16T05:52:42+00:00
6193e20d-2d06-4950-aaac-c9310e79f9e3,beb1905f-7c6e-46ed-bbc1-f0bc0bfa38c3,/photos/beb1905f-7c6e-46ed-bbc1-f0bc0bfa38c3/2.webp,2,2026-05-16T05:52:42+00:00
4805a8fc-2758-47a2-afc6-250099a829b6,beb1905f-7c6e-46ed-bbc1-f0bc0bfa38c3,/photos/beb1905f-7c6e-46ed-bbc1-f0bc0bfa38c3/3.webp,3,2026-05-16T05:52:42+00:00
e2b97c27-d0b3-42c4-aa13-b24aafbddbad,dce87cbe-f86a-40a8-b9f7-e5a29d024448,/photos/dce87cbe-f86a-40a8-b9f7-e5a29d024448/0.webp,0,2026-03-07T17:21:26+00:00
404bd8e7-db8c-4c10-9229-925322300bbd,dce87cbe-f86a-40a8-b9f7-e5a29d024448,/photos/dce87cbe-f86a-40a8-b9f7-e5a29d024448/1.webp,1,2026-03-07T17:21:26+00:00
e88a2fbc-74b1-49ec-ae67-fb4cc2f2206b,dce87cbe-f86a-40a8-b9f7-e5a29d024448,/photos/dce87cbe-f86a-40a8-b9f7-e5a29d024448/2.webp,2,2026-03-07T17:21:26+00:00
5464a210-fcba-4214-bd12-6b8e027e8129,b892d3e8-b541-4874-8311-44a91dd09191,/photos/b892d3e8-b541-4874-8311-44a91dd09191/0.webp,0,2025-03-10T00:43:19+00:00
a1783216-dd73-43d4-a5b2-43669f94db87,b892d3e8-b541-4874-8311-44a91dd09191,/photos/b892d3e8-b541-4874-8311-44a91dd09191/1.webp,1,2025-03-10T00:43:19+00:00
b35020a0-c54b-4b80-b56e-9f1c0bb88452,b892d3e8-b541-4874-8311-44a91dd09191,/photos/b892d3e8-b541-4874-8311-44a91dd09191/2.webp,2,2025-03-10T00:43:19+00:00
b5a763f1-b282-417f-9f62-bb11dbdb797c,b892d3e8-b541-4874-8311-44a91dd09191,/photos/b892d3e8-b541-4874-8311-44a91dd09191/3.webp,3,2025-03-10T00:43:19+00:00
3c5af7e7-3f98-481f-825c-168cc7d9e886,aad7422a-73d9-45d7-85db-19b4df31d5c0,/photos/aad7422a-73d9-45d7-85db-19b4df31d5c0/0.webp,0,2024-10-20T13:01:37+00:00
1033522d-ee4f-441e-871f-514ccbdb9ec2,aad7422a-73d9-45d7-85db-19b4df31d5c0,/photos/aad7422a-73d9-45d7-85db-19b4df31d5c0/1.webp,1,2024-10-20T13:01:37+00:00
d7a3e291-da77-4b33-86ed-a0086ecc7be6,aad7422a-73d9-45d7-85db-19b4df31d5c0,/photos/aad7422a-73d9-45d7-85db-19b4df31d5c0/2.webp,2,2024-10-20T13:01:37+00:00
b1091a3b-b395-4d3f-9dc8-fc51e9857c7b,b41d8d06-5e4a-41a3-81b5-dfc6afa19c46,/photos/b41d8d06-5e4a-41a3-81b5-dfc6afa19c46/0.webp,0,2026-07-16T05:45:18+00:00
6f1b09fd-3edc-498e-990c-001f3bfc747b,b41d8d06-5e4a-41a3-81b5-dfc6afa19c46,/photos/b41d8d06-5e4a-41a3-81b5-dfc6afa19c46/1.webp,1,2026-07-16T05:45:18+00:00
bfa2a7c3-c9ee-455d-993d-48b8c3acfd26,3965cc3b-bde9-4769-8530-9bad826507cd,/photos/3965cc3b-bde9-4769-8530-9bad826507cd/0.webp,0,2024-09-01T19:34:20+00:00
a3711904-70be-4f74-be94-d789fd7d900a,246b860b-b1e6-4103-97c3-89043655e3df,/photos/246b860b-b1e6-4103-97c3-89043655e3df/0.webp,0,2025-11-24T20:21:10+00:00
4ea552dc-3741-4ea4-980d-4b08e2ae0793,246b860b-b1e6-4103-97c3-89043655e3df,/photos/246b860b-b1e6-4103-97c3-89043655e3df/1.webp,1,2025-11-24T20:21:10+00:00
2ebc97fc-8aa7-4643-9451-00e967371662,246b860b-b1e6-4103-97c3-89043655e3df,/photos/246b860b-b1e6-4103-97c3-89043655e3df/2.webp,2,2025-11-24T20:21:10+00:00
2f4a7b78-75a4-463a-8fbd-cb7b660f5135,58f1ff8d-6d9a-4932-971e-0b02dcf4b147,/photos/58f1ff8d-6d9a-4932-971e-0b02dcf4b147/0.webp,0,2024-10-03T09:01:55+00:00
15a96f60-2aab-4968-b2db-3dd87da4cf25,58f1ff8d-6d9a-4932-971e-0b02dcf4b147,/photos/58f1ff8d-6d9a-4932-971e-0b02dcf4b147/1.webp,1,2024-10-03T09:01:55+00:00
bcdf6877-b1a7-497d-b84e-582ffd4b1429,58f1ff8d-6d9a-4932-971e-0b02dcf4b147,/photos/58f1ff8d-6d9a-4932-971e-0b02dcf4b147/2.webp,2,2024-10-03T09:01:55+00:00
5524e5bc-eeec-48d3-afa7-0063939f1b8c,58f1ff8d-6d9a-4932-971e-0b02dcf4b147,/photos/58f1ff8d-6d9a-4932-971e-0b02dcf4b147/3.webp,3,2024-10-03T09:01:55+00:00
9d4dacd0-0c8d-4661-b59c-1eb5647dfdd7,b82ae7b9-cd79-4ed7-ad08-1175a185b1eb,/photos/b82ae7b9-cd79-4ed7-ad08-1175a185b1eb/0.webp,0,2026-08-22T20:02:24+00:00
bfd802d4-3016-43d2-b205-0cc08d3ab5ef,b82ae7b9-cd79-4ed7-ad08-1175a185b1eb,/photos/b82ae7b9-cd79-4ed7-ad08-1175a185b1eb/1.webp,1,2026-08-22T20:02:24+00:00
0a1e35d8-34a6-4f9a-b9c4-29bef15c6911,b82ae7b9-cd79-4ed7-ad08-1175a185b1eb,/photos/b82ae7b9-cd79-4ed7-ad08-1175a185b1eb/2.webp,2,2026-08-22T20:02:24+00:00
1c814d82-42f8-4df9-b41c-34a3648b6561,b82ae7b9-cd79-4ed7-ad08-1175a185b1eb,/photos/b82ae7b9-cd79-4ed7-ad08-1175a185b1eb/3.webp,3,2026-08-22T20:02:24+00:00
7fa9ca97-3115-4565-b7cd-489436e14c9c,b82ae7b9-cd79-4ed7-ad08-1175a185b1eb,/photos/b82ae7b9-cd79-4ed7-ad08-1175a185b1eb/4.webp,4,2026-08-22T20:02:24+00:00
5ef3286a-b5f6-4ba2-ae7a-6bf1e711ae04,619153b8-e544-4d57-87b6-e71e0123faaa,/photos/619153b8-e544-4d57-87b6-e71e0123faaa/0.webp,0,2026-06-19T01:58:25+00:00
9e36f4d6-c5de-4598-b1f0-b9a488774b86,619153b8-e544-4d57-87b6-e71e0123faaa,/photos/619153b8-e544-4d57-87b6-e71e0123faaa/1.webp,1,2026-06-19T01:58:25+00:00
d0aca9a6-3b3e-4678-8f6d-3ef6b348a777,619153b8-e544-4d57-87b6-e71e0123faaa,/photos/619153b8-e544-4d57-87b6-e71e0123faaa/2.webp,2,2026-06-19T01:58:25+00:00
0885f579-b9f3-4367-a323-409d391ac519,5de458d4-fa85-4f8f-ac31-fe3c0c649a42,/photos/5de458d4-fa85-4f8f-ac31-fe3c0c649a42/0.webp,0,2026-02-07T12:15:10+00:00
c8add5fc-1ce9-4342-8e34-c0ac8e1c7e81,5de458d4-fa85-4f8f-ac31-fe3c0c649a42,/photos/5de458d4-fa85-4f8f-ac31-fe3c0c649a42/1.webp,1,2026-02-07T12:15:10+00:00
47f0446f-adc1-4b3d-89fd-d0721160d33e,5de458d4-fa85-4f8f-ac31-fe3c0c649a42,/photos/5de458d4-fa85-4f8f-ac31-fe3c0c649a42/2.webp,2,2026-02-07T12:15:10+00:00
a3308e24-c17e-41ce-add0-23aa0e816706,5de458d4-fa85-4f8f-ac31-fe3c0c649a42,/photos/5de458d4-fa85-4f8f-ac31-fe3c0c649a42/3.webp,3,2026-02-07T12:15:10+00:00
2fb8287f-0471-4b89-8da9-07c1a3531dea,5de458d4-fa85-4f8f-ac31-fe3c0c649a42,/photos/5de458d4-fa85-4f8f-ac31-fe3c0c649a42/4.webp,4,2026-02-07T12:15:10+00:00
dd2d064c-ce06-41a4-83ad-29b8dc82ad1a,c8b59a17-191d-4c66-a0b0-9cc8b21d1703,/photos/c8b59a17-191d-4c66-a0b0-9cc8b21d1703/0.webp,0,2024-11-07T02:41:41+00:00
70b69301-091c-4cd9-8401-e559f098cefb,c8b59a17-191d-4c66-a0b0-9cc8b21d1703,/photos/c8b59a17-191d-4c66-a0b0-9cc8b21d1703/1.webp,1,2024-11-07T02:41:41+00:00
46ed6ee6-6ae4-4c46-9e0d-576d49c933c9,c8b59a17-191d-4c66-a0b0-9cc8b21d1703,/photos/c8b59a17-191d-4c66-a0b0-9cc8b21d1703/2.webp,2,2024-11-07T02:41:41+00:00
90c6c53d-4b54-4f2a-bcce-bb246c96550c,c8b59a17-191d-4c66-a0b0-9cc8b21d1703,/photos/c8b59a17-191d-4c66-a0b0-9cc8b21d1703/3.webp,3,2024-11-07T02:41:41+00:00
bf8878c4-a46c-4baa-85ce-1a010fe16e1d,6f131e9e-c88e-4e48-aeaf-27566a5e79c5,/photos/6f131e9e-c88e-4e48-aeaf-27566a5e79c5/0.webp,0,2026-02-19T14:04:19+00:00
06e0dd53-a9ff-4a8e-acd5-1aec313af75b,6f131e9e-c88e-4e48-aeaf-27566a5e79c5,/photos/6f131e9e-c88e-4e48-aeaf-27566a5e79c5/1.webp,1,2026-02-19T14:04:19+00:00
d3d66a01-d22d-45ed-be9a-8b8c8ca2a99b,6f131e9e-c88e-4e48-aeaf-27566a5e79c5,/photos/6f131e9e-c88e-4e48-aeaf-27566a5e79c5/2.webp,2,2026-02-19T14:04:19+00:00
73125bb0-1634-475f-afd7-341e08fb3de7,6f131e9e-c88e-4e48-aeaf-27566a5e79c5,/photos/6f131e9e-c88e-4e48-aeaf-27566a5e79c5/3.webp,3,2026-02-19T14:04:19+00:00
805f8063-3fb7-48ca-a10b-a90cb7ef7813,6f131e9e-c88e-4e48-aeaf-27566a5e79c5,/photos/6f131e9e-c88e-4e48-aeaf-27566a5e79c5/4.webp,4,2026-02-19T14:04:19+00:00
fcfdfa73-ac68-4733-b4a7-aa5ee2e0d1b2,576dd58d-57c6-4e11-a4bf-fd6767f5c5bf,/photos/576dd58d-57c6-4e11-a4bf-fd6767f5c5bf/0.webp,0,2026-05-04T17:53:36+00:00
5b2fd41f-5c00-4aed-8b13-8946719fcd99,e13813c8-7638-4b40-812c-a227d312db3b,/photos/e13813c8-7638-4b40-812c-a227d312db3b/0.webp,0,2026-06-25T12:27:45+00:00
59daa938-044b-4f5c-b1c2-8a4817387bb7,e13813c8-7638-4b40-812c-a227d312db3b,/photos/e13813c8-7638-4b40-812c-a227d312db3b/1.webp,1,2026-06-25T12:27:45+00:00
15b5e31e-b3eb-4b2a-a155-fbfdd92f64d6,e13813c8-7638-4b40-812c-a227d312db3b,/photos/e13813c8-7638-4b40-812c-a227d312db3b/2.webp,2,2026-06-25T12:27:45+00:00
1ef4b5e8-de8c-4f18-9ef8-835d7309d9e2,6dc97872-dc25-4114-a162-6a5236efca6d,/photos/6dc97872-dc25-4114-a162-6a5236efca6d/0.webp,0,2024-09-06T06:15:04+00:00
642f271b-013b-4766-83a5-b58af1b7b198,6dc97872-dc25-4114-a162-6a5236efca6d,/photos/6dc97872-dc25-4114-a162-6a5236efca6d/1.webp,1,2024-09-06T06:15:04+00:00
0e087a15-b9f2-4c72-9c9c-2670b66fd3a8,6dc97872-dc25-4114-a162-6a5236efca6d,/photos/6dc97872-dc25-4114-a162-6a5236efca6d/2.webp,2,2024-09-06T06:15:04+00:00
114696da-b6df-483a-a76c-fc6532f05881,51b614bb-7119-4241-afcc-bb1287c60fd7,/photos/51b614bb-7119-4241-afcc-bb1287c60fd7/0.webp,0,2025-08-07T05:23:27+00:00
142cf91a-3df1-4534-a59a-8b8b9ef7f81e,51b614bb-7119-4241-afcc-bb1287c60fd7,/photos/51b614bb-7119-4241-afcc-bb1287c60fd7/1.webp,1,2025-08-07T05:23:27+00:00
dc3e1c70-9bfb-4392-a12d-b06628f8adf0,51b614bb-7119-4241-afcc-bb1287c60fd7,/photos/51b614bb-7119-4241-afcc-bb1287c60fd7/2.webp,2,2025-08-07T05:23:27+00:00
77ef9f1d-e684-48e4-8e3c-246f77c47246,d0f899c3-61f9-433a-a955-346fd6eda31f,/photos/d0f899c3-61f9-433a-a955-346fd6eda31f/0.webp,0,2026-01-10T03:42:06+00:00
3cd79c17-3296-4db2-9c85-9b503410fc91,d0f899c3-61f9-433a-a955-346fd6eda31f,/photos/d0f899c3-61f9-433a-a955-346fd6eda31f/1.webp,1,2026-01-10T03:42:06+00:00
9d8c4fef-5f93-4d59-ae82-1c4a016b1ae1,d0f899c3-61f9-433a-a955-346fd6eda31f,/photos/d0f899c3-61f9-433a-a955-346fd6eda31f/2.webp,2,2026-01-10T03:42:06+00:00
1b2ae06f-b69b-45d6-bfdb-3e0441eec271,d0f899c3-61f9-433a-a955-346fd6eda31f,/photos/d0f899c3-61f9-433a-a955-346fd6eda31f/3.webp,3,2026-01-10T03:42:06+00:00
f94ac20d-a184-4c66-8c54-89a7f6eb846f,d0f899c3-61f9-433a-a955-346fd6eda31f,/photos/d0f899c3-61f9-433a-a955-346fd6eda31f/4.webp,4,2026-01-10T03:42:06+00:00
8ea32c68-e51a-4a49-ae0e-4606f47d60bd,d0f899c3-61f9-433a-a955-346fd6eda31f,/photos/d0f899c3-61f9-433a-a955-346fd6eda31f/5.webp,5,2026-01-10T03:42:06+00:00
8b8be805-867e-47e6-bf8b-a7ec6ed3d247,d0f899c3-61f9-433a-a955-346fd6eda31f,/photos/d0f899c3-61f9-433a-a955-346fd6eda31f/6.webp,6,2026-01-10T03:42:06+00:00
b2bde082-51bb-4cf8-b395-986cd4854ecb,d7c8b283-3689-47b8-aaff-4a6ddcd89f3c,/photos/d7c8b283-3689-47b8-aaff-4a6ddcd89f3c/0.webp,0,2026-08-02T13:10:59+00:00
9a54883b-1251-4c01-85f8-25d9cc61c632,d7c8b283-3689-47b8-aaff-4a6ddcd89f3c,/photos/d7c8b283-3689-47b8-aaff-4a6ddcd89f3c/1.webp,1,2026-08-02T13:10:59+00:00
bac4ab0e-0304-42ea-bc6b-e93c303b38e1,de34b746-3a5c-4fe4-9ffa-66c84a3a1d58,/photos/de34b746-3a5c-4fe4-9ffa-66c84a3a1d58/0.webp,0,2025-09-23T14:33:52+00:00
1c85999d-c8e3-44f4-b8fd-62cae27a3449,9fe72f1c-237d-42b6-9bfc-01a8508adff3,/photos/9fe72f1c-237d-42b6-9bfc-01a8508adff3/0.webp,0,2025-05-13T09:57:02+00:00
7d394618-c11e-4004-9e86-97bba3a04cc5,9fe72f1c-237d-42b6-9bfc-01a8508adff3,/photos/9fe72f1c-237d-42b6-9bfc-01a8508adff3/1.webp,1,2025-05-13T09:57:02+00:00
7f344d2d-ee3b-4c1b-a826-b60ec93e572f,9fe72f1c-237d-42b6-9bfc-01a8508adff3,/photos/9fe72f1c-237d-42b6-9bfc-01a8508adff3/2.webp,2,2025-05-13T09:57:02+00:00
7f2b8a2d-691a-4010-bbbb-b1afc909e755,9ff658f7-4247-427d-8874-6c2775c82e69,/photos/9ff658f7-4247-427d-8874-6c2775c82e69/0.webp,0,2024-09-16T02:32:38+00:00
e5704b8c-d990-4c33-bd11-7f1e47618a5d,9ff658f7-4247-427d-8874-6c2775c82e69,/photos/9ff658f7-4247-427d-8874-6c2775c82e69/1.webp,1,2024-09-16T02:32:38+00:00
09a7c556-b970-4f1e-8c0b-1aaf6d702348,9ff658f7-4247-427d-8874-6c2775c82e69,/photos/9ff658f7-4247-427d-8874-6c2775c82e69/2.webp,2,2024-09-16T02:32:38+00:00
9f8244be-ab0e-41d6-9906-77814579793c,9ff658f7-4247-427d-8874-6c2775c82e69,/photos/9ff658f7-4247-427d-8874-6c2775c82e69/3.webp,3,2024-09-16T02:32:38+00:00
268d6443-31fe-428c-a450-50dc09d446c0,9ff658f7-4247-427d-8874-6c2775c82e69,/photos/9ff658f7-4247-427d-8874-6c2775c82e69/4.webp,4,2024-09-16T02:32:38+00:00
c6b9f585-2e9d-4be5-ae1f-8824381ff20a,9ff658f7-4247-427d-8874-6c2775c82e69,/photos/9ff658f7-4247-427d-8874-6c2775c82e69/5.webp,5,2024-09-16T02:32:38+00:00
e51e778a-f1fd-4ed1-98f8-5e3365c2cc3c,111f880c-53fa-43a6-9a10-fc3c5f9c44d0,/photos/111f880c-53fa-43a6-9a10-fc3c5f9c44d0/0.webp,0,2026-08-23T15:53:04+00:00
e0c9ac08-3e04-4d34-8b8b-8d05e6ea9a5e,111f880c-53fa-43a6-9a10-fc3c5f9c44d0,/photos/111f880c-53fa-43a6-9a10-fc3c5f9c44d0/1.webp,1,2026-08-23T15:53:04+00:00
63633437-2954-4168-a1df-b855efadf236,111f880c-53fa-43a6-9a10-fc3c5f9c44d0,/photos/111f880c-53fa-43a6-9a10-fc3c5f9c44d0/2.webp,2,2026-08-23T15:53:04+00:00
434591d2-2ea7-40a3-80f1-0323fb01a17f,111f880c-53fa-43a6-9a10-fc3c5f9c44d0,/photos/111f880c-53fa-43a6-9a10-fc3c5f9c44d0/3.webp,3,2026-08-23T15:53:04+00:00
f9a91377-5cff-4392-97dd-7a48624ed6e8,23b62030-bc09-4a1c-a0e9-e982f8b28649,/photos/23b62030-bc09-4a1c-a0e9-e982f8b28649/0.webp,0,2026-01-17T03:36:22+00:00
3f1d8a28-c897-43cd-8767-a9b20d2ac9c8,23b62030-bc09-4a1c-a0e9-e982f8b28649,/photos/23b62030-bc09-4a1c-a0e9-e982f8b28649/1.webp,1,2026-01-17T03:36:22+00:00
b4707614-5e89-4342-bb77-523d95e9d5d9,23b62030-bc09-4a1c-a0e9-e982f8b28649,/photos/23b62030-bc09-4a1c-a0e9-e982f8b28649/2.webp,2,2026-01-17T03:36:22+00:00
3ed96b06-2789-4345-b723-04fd498f5cd8,bacb60c1-53c7-4659-a219-7b2d3d903d3f,/photos/bacb60c1-53c7-4659-a219-7b2d3d903d3f/0.webp,0,2026-08-07T21:08:51+00:00
d2e804f9-9c71-40be-a369-88977d432239,bacb60c1-53c7-4659-a219-7b2d3d903d3f,/photos/bacb60c1-53c7-4659-a219-7b2d3d903d3f/1.webp,1,2026-08-07T21:08:51+00:00
f0fdd1e8-f1e3-4862-bddc-10fcc712a30c,bacb60c1-53c7-4659-a219-7b2d3d903d3f,/photos/bacb60c1-53c7-4659-a219-7b2d3d903d3f/2.webp,2,2026-08-07T21:08:51+00:00
66ff635d-2622-4a3c-a8ca-036024b094f3,bacb60c1-53c7-4659-a219-7b2d3d903d3f,/photos/bacb60c1-53c7-4659-a219-7b2d3d903d3f/3.webp,3,2026-08-07T21:08:51+00:00
67fca0d2-956c-483a-87a2-a7b6eb3a5135,1ece5efc-9825-45a3-9874-55ad8dcefd36,/photos/1ece5efc-9825-45a3-9874-55ad8dcefd36/0.webp,0,2026-05-03T15:01:15+00:00
3476ce6c-deec-4a0e-881d-89aa8062f262,1ece5efc-9825-45a3-9874-55ad8dcefd36,/photos/1ece5efc-9825-45a3-9874-55ad8dcefd36/1.webp,1,2026-05-03T15:01:15+00:00
88c7e5fe-3504-428f-ad73-da636119e2df,8846d38d-9084-4cf3-8f52-0d15448bc416,/photos/8846d38d-9084-4cf3-8f52-0d15448bc416/0.webp,0,2026-06-12T16:54:18+00:00
52945f0a-cf5c-4e1f-b0c8-a0657915ce6f,8846d38d-9084-4cf3-8f52-0d15448bc416,/photos/8846d38d-9084-4cf3-8f52-0d15448bc416/1.webp,1,2026-06-12T16:54:18+00:00
7520ab85-8f55-4fe0-855d-536a5241d9c5,2182a8a5-07b7-4491-85b3-3696a4573f7c,/photos/2182a8a5-07b7-4491-85b3-3696a4573f7c/0.webp,0,2025-08-04T03:41:40+00:00
d85d6c24-79a8-46a4-8c68-46070a03433e,e2248c6b-72a7-44a6-a18d-d28e0543debe,/photos/e2248c6b-72a7-44a6-a18d-d28e0543debe/0.webp,0,2024-08-28T09:48:32+00:00
cce4f297-1074-475c-a4ab-f72e3bfba4e9,a04779ce-e575-49c6-b1c6-eb3056cd05c5,/photos/a04779ce-e575-49c6-b1c6-eb3056cd05c5/0.webp,0,2024-11-11T23:38:57+00:00
b2209ac2-f50c-4b4a-9ff4-26a212aec730,a04779ce-e575-49c6-b1c6-eb3056cd05c5,/photos/a04779ce-e575-49c6-b1c6-eb3056cd05c5/1.webp,1,2024-11-11T23:38:57+00:00
57b13b60-5582-4d9d-bd14-b856f94ebcdf,a04779ce-e575-49c6-b1c6-eb3056cd05c5,/photos/a04779ce-e575-49c6-b1c6-eb3056cd05c5/2.webp,2,2024-11-11T23:38:57+00:00
fc2f1ff8-f2af-4087-827d-9805b7ee23ff,a04779ce-e575-49c6-b1c6-eb3056cd05c5,/photos/a04779ce-e575-49c6-b1c6-eb3056cd05c5/3.webp,3,2024-11-11T23:38:57+00:00
6e82c197-3e68-489c-af34-781fc4627561,17395f03-7677-4ac9-acdd-ba1aa338cb7b,/photos/17395f03-7677-4ac9-acdd-ba1aa338cb7b/0.webp,0,2026-08-21T23:03:20+00:00
eb4d3d47-16f9-42c4-b12a-4c4a92e814a2,17395f03-7677-4ac9-acdd-ba1aa338cb7b,/photos/17395f03-7677-4ac9-acdd-ba1aa338cb7b/1.webp,1,2026-08-21T23:03:20+00:00
96021c89-2cf9-4b01-ba33-4dd22a862470,17395f03-7677-4ac9-acdd-ba1aa338cb7b,/photos/17395f03-7677-4ac9-acdd-ba1aa338cb7b/2.webp,2,2026-08-21T23:03:20+00:00
8c546033-050a-4a09-b7f8-bf012d07a9cf,19a55ba4-bddb-484d-9308-968afbb828c8,/photos/19a55ba4-bddb-484d-9308-968afbb828c8/0.webp,0,2026-06-02T09:49:31+00:00
20fe2519-f240-40c8-a110-9beb0ab8ee40,19a55ba4-bddb-484d-9308-968afbb828c8,/photos/19a55ba4-bddb-484d-9308-968afbb828c8/1.webp,1,2026-06-02T09:49:31+00:00
1537bef8-71bd-4f6b-a23a-3b768e7f78f1,6f537dc2-43aa-4608-a6fb-53896718f4bb,/photos/6f537dc2-43aa-4608-a6fb-53896718f4bb/0.webp,0,2025-01-29T16:30:16+00:00
503d1cb5-661a-4e74-9c26-fad5e267b8b2,6f537dc2-43aa-4608-a6fb-53896718f4bb,/photos/6f537dc2-43aa-4608-a6fb-53896718f4bb/1.webp,1,2025-01-29T16:30:16+00:00
0097295a-f066-418e-9181-e6d4f4b1f717,6f537dc2-43aa-4608-a6fb-53896718f4bb,/photos/6f537dc2-43aa-4608-a6fb-53896718f4bb/2.webp,2,2025-01-29T16:30:16+00:00
5e28236c-2540-4a41-8e1e-0af5ace417fb,6f537dc2-43aa-4608-a6fb-53896718f4bb,/photos/6f537dc2-43aa-4608-a6fb-53896718f4bb/3.webp,3,2025-01-29T16:30:16+00:00
61a72a52-76fc-4167-8c49-382a9a9c55f0,6f537dc2-43aa-4608-a6fb-53896718f4bb,/photos/6f537dc2-43aa-4608-a6fb-53896718f4bb/4.webp,4,2025-01-29T16:30:16+00:00
c234f919-8fac-4384-95e7-bd3df55f8557,4adc25c0-2a17-4a2b-a3b1-d577a1faf355,/photos/4adc25c0-2a17-4a2b-a3b1-d577a1faf355/0.webp,0,2025-09-22T02:13:51+00:00
1f98b445-7d37-4f59-9c99-b7e7ecf8e56a,4adc25c0-2a17-4a2b-a3b1-d577a1faf355,/photos/4adc25c0-2a17-4a2b-a3b1-d577a1faf355/1.webp,1,2025-09-22T02:13:51+00:00
ef2330b3-ca44-4003-91ed-80d176c5df00,4adc25c0-2a17-4a2b-a3b1-d577a1faf355,/photos/4adc25c0-2a17-4a2b-a3b1-d577a1faf355/2.webp,2,2025-09-22T02:13:51+00:00
d6d2f7e2-a0f1-49c4-9068-bc4401885674,4adc25c0-2a17-4a2b-a3b1-d577a1faf355,/photos/4adc25c0-2a17-4a2b-a3b1-d577a1faf355/3.webp,3,2025-09-22T02:13:51+00:00
64928288-d4c7-4f9d-814f-7d5b70ad741a,4adc25c0-2a17-4a2b-a3b1-d577a1faf355,/photos/4adc25c0-2a17-4a2b-a3b1-d577a1faf355/4.webp,4,2025-09-22T02:13:51+00:00
04ea02b2-92bb-4e64-9cf1-70543f49b175,39499b23-52dd-4a3f-a98c-ff90707e01f6,/photos/39499b23-52dd-4a3f-a98c-ff90707e01f6/0.webp,0,2026-08-20T21:42:12+00:00
4fe33b83-0d77-4e02-8721-3a4d7bd20b33,39499b23-52dd-4a3f-a98c-ff90707e01f6,/photos/39499b23-52dd-4a3f-a98c-ff90707e01f6/1.webp,1,2026-08-20T21:42:12+00:00
ec73bf1a-6ea4-4568-9d6b-9f8a158ff6ba,39499b23-52dd-4a3f-a98c-ff90707e01f6,/photos/39499b23-52dd-4a3f-a98c-ff90707e01f6/2.webp,2,2026-08-20T21:42:12+00:00
699edcd8-d265-4c1c-a2a2-6abaa4ab9d0d,39499b23-52dd-4a3f-a98c-ff90707e01f6,/photos/39499b23-52dd-4a3f-a98c-ff90707e01f6/3.webp,3,2026-08-20T21:42:12+00:00
cf46edab-e7f4-4e32-a033-dae8bd2697cb,5bdef1b7-ccf7-4436-9840-7d75ec3354f2,/photos/5bdef1b7-ccf7-4436-9840-7d75ec3354f2/0.webp,0,2026-08-25T09:33:29+00:00
580d706f-298f-4843-9372-928450df1891,5bdef1b7-ccf7-4436-9840-7d75ec3354f2,/photos/5bdef1b7-ccf7-4436-9840-7d75ec3354f2/1.webp,1,2026-08-25T09:33:29+00:00
2663fd28-afe9-4265-90c9-43ea174466cc,20862f06-d019-4d10-86fe-3170452d9102,/photos/20862f06-d019-4d10-86fe-3170452d9102/0.webp,0,2026-01-19T18:22:17+00:00
26c20450-8095-4391-914f-3fd5f658e5b7,20862f06-d019-4d10-86fe-3170452d9102,/photos/20862f06-d019-4d10-86fe-3170452d9102/1.webp,1,2026-01-19T18:22:17+00:00
df6f82da-c268-46da-a14a-4d75ff3fb552,20862f06-d019-4d10-86fe-3170452d9102,/photos/20862f06-d019-4d10-86fe-3170452d9102/2.webp,2,2026-01-19T18:22:17+00:00
2e52275d-476c-4954-8c89-48774e1dc300,20862f06-d019-4d10-86fe-3170452d9102,/photos/20862f06-d019-4d10-86fe-3170452d9102/3.webp,3,2026-01-19T18:22:17+00:00
053860d3-e13b-49bc-bc13-f345fef1eac3,c217afe6-d575-4433-aa7b-948c5bee9162,/photos/c217afe6-d575-4433-aa7b-948c5bee9162/0.webp,0,2025-09-04T20:01:26+00:00
39d993b4-fccd-4b6c-a5c7-c1137d9622a3,c217afe6-d575-4433-aa7b-948c5bee9162,/photos/c217afe6-d575-4433-aa7b-948c5bee9162/1.webp,1,2025-09-04T20:01:26+00:00
a3969328-3f9b-4239-86da-54bfc3d1934b,c217afe6-d575-4433-aa7b-948c5bee9162,/photos/c217afe6-d575-4433-aa7b-948c5bee9162/2.webp,2,2025-09-04T20:01:26+00:00
c01f0667-8987-4f9e-9c2e-df9591ad2470,c217afe6-d575-4433-aa7b-948c5bee9162,/photos/c217afe6-d575-4433-aa7b-948c5bee9162/3.webp,3,2025-09-04T20:01:26+00:00
aa20f079-9c49-4376-980c-8ea069dff08d,c217afe6-d575-4433-aa7b-948c5bee9162,/photos/c217afe6-d575-4433-aa7b-948c5bee9162/4.webp,4,2025-09-04T20:01:26+00:00
d21c12e0-f7ee-43e0-9504-d322899dd7ab,c217afe6-d575-4433-aa7b-948c5bee9162,/photos/c217afe6-d575-4433-aa7b-948c5bee9162/5.webp,5,2025-09-04T20:01:26+00:00
5d4c8bcf-49df-4928-a964-0a7705a9d1d6,c217afe6-d575-4433-aa7b-948c5bee9162,/photos/c217afe6-d575-4433-aa7b-948c5bee9162/6.webp,6,2025-09-04T20:01:26+00:00
fc3b5fa5-2a6e-499c-b020-25d08160ab95,c217afe6-d575-4433-aa7b-948c5bee9162,/photos/c217afe6-d575-4433-aa7b-948c5bee9162/7.webp,7,2025-09-04T20:01:26+00:00
aeebea0b-27ec-4645-8497-0abdd3a5842e,068c5aad-45c7-4b4f-81f5-13441f0468d3,/photos/068c5aad-45c7-4b4f-81f5-13441f0468d3/0.webp,0,2026-05-24T13:44:38+00:00
2ff6590f-8740-4441-be70-b3a1c0dc1ab4,068c5aad-45c7-4b4f-81f5-13441f0468d3,/photos/068c5aad-45c7-4b4f-81f5-13441f0468d3/1.webp,1,2026-05-24T13:44:38+00:00
846019b9-9ae7-417a-be64-088b0cd00313,068c5aad-45c7-4b4f-81f5-13441f0468d3,/photos/068c5aad-45c7-4b4f-81f5-13441f0468d3/2.webp,2,2026-05-24T13:44:38+00:00
eafebddb-9a7c-4508-bd77-f8c85947f84a,425047a3-9724-4259-800b-c39ca672f2a5,/photos/425047a3-9724-4259-800b-c39ca672f2a5/0.webp,0,2026-03-29T14:11:03+00:00
41671d15-087a-4abc-9cf5-0d2e0b4768fb,425047a3-9724-4259-800b-c39ca672f2a5,/photos/425047a3-9724-4259-800b-c39ca672f2a5/1.webp,1,2026-03-29T14:11:03+00:00
f0677db1-a758-47f4-bdf8-45e6064dd851,425047a3-9724-4259-800b-c39ca672f2a5,/photos/425047a3-9724-4259-800b-c39ca672f2a5/2.webp,2,2026-03-29T14:11:03+00:00
bd371a19-82a1-4e28-83a6-f84a06e3edf9,4be14f30-5576-4bd8-b06b-705dd36301f8,/photos/4be14f30-5576-4bd8-b06b-705dd36301f8/0.webp,0,2026-04-28T04:50:55+00:00
c3983cb8-8cc4-4a45-89f8-fd97266b9246,4be14f30-5576-4bd8-b06b-705dd36301f8,/photos/4be14f30-5576-4bd8-b06b-705dd36301f8/1.webp,1,2026-04-28T04:50:55+00:00
6573bb47-a79a-4b73-8451-e5a701a2cc7d,c7d5e7a1-ef61-4dcf-aacb-51c499ef9812,/photos/c7d5e7a1-ef61-4dcf-aacb-51c499ef9812/0.webp,0,2026-08-17T17:50:33+00:00
74c8249a-fab3-4608-bbc1-b259f4de4566,2b1e9104-df19-42a5-9a74-fa47bd5963df,/photos/2b1e9104-df19-42a5-9a74-fa47bd5963df/0.webp,0,2026-01-27T03:09:13+00:00
e9dd2242-8812-4319-b1a1-df2a000f3b46,2b1e9104-df19-42a5-9a74-fa47bd5963df,/photos/2b1e9104-df19-42a5-9a74-fa47bd5963df/1.webp,1,2026-01-27T03:09:13+00:00
0b1e53c1-8cab-4b48-8fd2-f48666cf165f,2b1e9104-df19-42a5-9a74-fa47bd5963df,/photos/2b1e9104-df19-42a5-9a74-fa47bd5963df/2.webp,2,2026-01-27T03:09:13+00:00
2edbbdd7-f680-45bd-ac79-59d2f2d4d9ac,f1f299a8-94c2-4971-8d32-eefbd70496e3,/photos/f1f299a8-94c2-4971-8d32-eefbd70496e3/0.webp,0,2024-09-30T12:23:51+00:00
37d685c2-685e-4c5c-a18b-0aa3e2d0cc8d,f1f299a8-94c2-4971-8d32-eefbd70496e3,/photos/f1f299a8-94c2-4971-8d32-eefbd70496e3/1.webp,1,2024-09-30T12:23:51+00:00
9c1fd631-6693-4b6e-a558-c26bae4b8907,f1f299a8-94c2-4971-8d32-eefbd70496e3,/photos/f1f299a8-94c2-4971-8d32-eefbd70496e3/2.webp,2,2024-09-30T12:23:51+00:00
3df0aec2-8722-4526-a5f5-c489a5a9ed08,f1f299a8-94c2-4971-8d32-eefbd70496e3,/photos/f1f299a8-94c2-4971-8d32-eefbd70496e3/3.webp,3,2024-09-30T12:23:51+00:00
b78531a2-d617-4830-b661-7033129ae3e0,2157db92-7ed0-4b07-a223-cd4257c59704,/photos/2157db92-7ed0-4b07-a223-cd4257c59704/0.webp,0,2026-05-09T01:31:37+00:00
04d1b61b-58ff-4930-ac8d-a8548772dd44,757a07cf-2b2b-4bae-bcb2-c9d3d9e6a491,/photos/757a07cf-2b2b-4bae-bcb2-c9d3d9e6a491/0.webp,0,2026-03-22T14:43:35+00:00
458ccbbc-6ce8-4356-bc72-056d9484118e,757a07cf-2b2b-4bae-bcb2-c9d3d9e6a491,/photos/757a07cf-2b2b-4bae-bcb2-c9d3d9e6a491/1.webp,1,2026-03-22T14:43:35+00:00
5663edb0-26ac-4d3b-b63c-740959f44d14,757a07cf-2b2b-4bae-bcb2-c9d3d9e6a491,/photos/757a07cf-2b2b-4bae-bcb2-c9d3d9e6a491/2.webp,2,2026-03-22T14:43:35+00:00
f6862edc-4a6e-4e90-9622-2bca2c4a0cbd,757a07cf-2b2b-4bae-bcb2-c9d3d9e6a491,/photos/757a07cf-2b2b-4bae-bcb2-c9d3d9e6a491/3.webp,3,2026-03-22T14:43:35+00:00
60c30aef-311f-4ddd-bac7-05ba2ea2fc25,5c3744d0-0723-4b8b-b891-2d53f71d0d88,/photos/5c3744d0-0723-4b8b-b891-2d53f71d0d88/0.webp,0,2025-08-28T02:48:14+00:00
9ee071eb-76b6-45f7-8f77-c3d68f6a4e88,5c3744d0-0723-4b8b-b891-2d53f71d0d88,/photos/5c3744d0-0723-4b8b-b891-2d53f71d0d88/1.webp,1,2025-08-28T02:48:14+00:00
54348aca-7e56-443a-a29f-c8e43afb818b,5c3744d0-0723-4b8b-b891-2d53f71d0d88,/photos/5c3744d0-0723-4b8b-b891-2d53f71d0d88/2.webp,2,2025-08-28T02:48:14+00:00
4e52574b-76b9-4295-8f52-4e40921576ef,5c3744d0-0723-4b8b-b891-2d53f71d0d88,/photos/5c3744d0-0723-4b8b-b891-2d53f71d0d88/3.webp,3,2025-08-28T02:48:14+00:00
52d4f33b-8d56-4d52-9182-96d9cf643e99,4a97fb34-0684-4093-8f48-49c80ae57d99,/photos/4a97fb34-0684-4093-8f48-49c80ae57d99/0.webp,0,2026-07-25T21:29:14+00:00
a10b85ad-1157-41a7-9f03-b6fa030977b8,4a97fb34-0684-4093-8f48-49c80ae57d99,/photos/4a97fb34-0684-4093-8f48-49c80ae57d99/1.webp,1,2026-07-25T21:29:14+00:00
1bc31d55-cf42-4ac3-b305-f6f2822d26b4,4a97fb34-0684-4093-8f48-49c80ae57d99,/photos/4a97fb34-0684-4093-8f48-49c80ae57d99/2.webp,2,2026-07-25T21:29:14+00:00
adbfc900-7236-4d5c-a3f3-8f2d75f7004b,4a97fb34-0684-4093-8f48-49c80ae57d99,/photos/4a97fb34-0684-4093-8f48-49c80ae57d99/3.webp,3,2026-07-25T21:29:14+00:00
5a0ba4a9-2a47-44e9-a52b-38b187ef5de2,39ed1c42-83ef-4dc7-9b13-8c6b85440ec3,/photos/39ed1c42-83ef-4dc7-9b13-8c6b85440ec3/0.webp,0,2026-08-09T18:31:45+00:00
5adb9a19-e349-4f1c-983b-e187c54d3dbb,39ed1c42-83ef-4dc7-9b13-8c6b85440ec3,/photos/39ed1c42-83ef-4dc7-9b13-8c6b85440ec3/1.webp,1,2026-08-09T18:31:45+00:00
46739c61-a07c-4d24-828c-a1ea756703e5,39ed1c42-83ef-4dc7-9b13-8c6b85440ec3,/photos/39ed1c42-83ef-4dc7-9b13-8c6b85440ec3/2.webp,2,2026-08-09T18:31:45+00:00
f03cd3fb-a841-4308-a27b-416efef5cc6a,39ed1c42-83ef-4dc7-9b13-8c6b85440ec3,/photos/39ed1c42-83ef-4dc7-9b13-8c6b85440ec3/3.webp,3,2026-08-09T18:31:45+00:00
9f67396a-c5f6-428e-ac2d-ab8c03a1197f,9f05147b-d8fd-48e6-9f0d-7f4074e6deee,/photos/9f05147b-d8fd-48e6-9f0d-7f4074e6deee/0.webp,0,2026-08-10T18:59:40+00:00
4ceedf6e-d9f7-44f9-b00d-4c64488324ed,9f05147b-d8fd-48e6-9f0d-7f4074e6deee,/photos/9f05147b-d8fd-48e6-9f0d-7f4074e6deee/1.webp,1,2026-08-10T18:59:40+00:00
b6ff6115-31b8-447b-8b18-60f7ee27cba0,9f05147b-d8fd-48e6-9f0d-7f4074e6deee,/photos/9f05147b-d8fd-48e6-9f0d-7f4074e6deee/2.webp,2,2026-08-10T18:59:40+00:00
529c7361-0f4a-4029-9a16-964316139a11,9f05147b-d8fd-48e6-9f0d-7f4074e6deee,/photos/9f05147b-d8fd-48e6-9f0d-7f4074e6deee/3.webp,3,2026-08-10T18:59:40+00:00
929f6412-22be-4556-8bf0-cefb66d42155,9f05147b-d8fd-48e6-9f0d-7f4074e6deee,/photos/9f05147b-d8fd-48e6-9f0d-7f4074e6deee/4.webp,4,2026-08-10T18:59:40+00:00
c6bc05bc-a231-4c32-935f-115521813a32,a7fdfa4d-e303-4c34-9103-fd179538e582,/photos/a7fdfa4d-e303-4c34-9103-fd179538e582/0.webp,0,2026-08-31T17:29:50+00:00
1cc7e3eb-f7f5-4de5-b755-549be0b00031,a7fdfa4d-e303-4c34-9103-fd179538e582,/photos/a7fdfa4d-e303-4c34-9103-fd179538e582/1.webp,1,2026-08-31T17:29:50+00:00
d27afd87-0608-47ef-b35f-c2180bc881e0,a7fdfa4d-e303-4c34-9103-fd179538e582,/photos/a7fdfa4d-e303-4c34-9103-fd179538e582/2.webp,2,2026-08-31T17:29:50+00:00
5617a200-47da-42f7-934c-e5a19179af05,852cc56b-9a13-405b-8211-d5b0301305bf,/photos/852cc56b-9a13-405b-8211-d5b0301305bf/0.webp,0,2025-06-25T04:22:19+00:00
698a3abe-1bad-426c-83e0-e37227c4601b,852cc56b-9a13-405b-8211-d5b0301305bf,/photos/852cc56b-9a13-405b-8211-d5b0301305bf/1.webp,1,2025-06-25T04:22:19+00:00
d967c152-5cfc-43c3-a36e-62f4ae76613d,852cc56b-9a13-405b-8211-d5b0301305bf,/photos/852cc56b-9a13-405b-8211-d5b0301305bf/2.webp,2,2025-06-25T04:22:19+00:00
ee3ac7db-734d-42b3-adac-55cd6ac651a5,852cc56b-9a13-405b-8211-d5b0301305bf,/photos/852cc56b-9a13-405b-8211-d5b0301305bf/3.webp,3,2025-06-25T04:22:19+00:00
787b6c3d-a915-45ac-b082-52857e93e0c4,852cc56b-9a13-405b-8211-d5b0301305bf,/photos/852cc56b-9a13-405b-8211-d5b0301305bf/4.webp,4,2025-06-25T04:22:19+00:00
146f8aa2-c8f1-48c0-a5f5-a92395167ee8,852cc56b-9a13-405b-8211-d5b0301305bf,/photos/852cc56b-9a13-405b-8211-d5b0301305bf/5.webp,5,2025-06-25T04:22:19+00:00
06d4a784-5237-474a-898a-ceb17ed1295b,852cc56b-9a13-405b-8211-d5b0301305bf,/photos/852cc56b-9a13-405b-8211-d5b0301305bf/6.webp,6,2025-06-25T04:22:19+00:00
bcb2e900-888d-4155-a4cd-ece7d8343a8b,852cc56b-9a13-405b-8211-d5b0301305bf,/photos/852cc56b-9a13-405b-8211-d5b0301305bf/7.webp,7,2025-06-25T04:22:19+00:00
b578527b-853b-45c8-8144-159910c1d34d,852cc56b-9a13-405b-8211-d5b0301305bf,/photos/852cc56b-9a13-405b-8211-d5b0301305bf/8.webp,8,2025-06-25T04:22:19+00:00
a207927a-1499-43df-9d36-4bdffed428df,642a651a-220b-4080-95c9-afc651e838c0,/photos/642a651a-220b-4080-95c9-afc651e838c0/0.webp,0,2025-08-22T16:28:11+00:00
751584b9-8745-44a6-9b0d-7224b9ae188e,642a651a-220b-4080-95c9-afc651e838c0,/photos/642a651a-220b-4080-95c9-afc651e838c0/1.webp,1,2025-08-22T16:28:11+00:00
12a8c6c7-f895-446c-a341-104cfd9a4185,642a651a-220b-4080-95c9-afc651e838c0,/photos/642a651a-220b-4080-95c9-afc651e838c0/2.webp,2,2025-08-22T16:28:11+00:00
33f570e8-dcd0-40d5-bef1-74d4f0648573,3333f1e5-5be4-4c6c-97ea-5d430c0514e9,/photos/3333f1e5-5be4-4c6c-97ea-5d430c0514e9/0.webp,0,2025-06-15T02:02:08+00:00
ff507282-0d3e-4af0-a4a8-f7136110b0a1,3333f1e5-5be4-4c6c-97ea-5d430c0514e9,/photos/3333f1e5-5be4-4c6c-97ea-5d430c0514e9/1.webp,1,2025-06-15T02:02:08+00:00
b0135ba7-8eba-44d9-8066-e104c76401a5,d26e5ca3-f960-4446-8c88-63abe572515e,/photos/d26e5ca3-f960-4446-8c88-63abe572515e/0.webp,0,2024-09-12T18:44:56+00:00
c48c08ab-74c8-4cbd-ad7d-0dabd21062a2,d26e5ca3-f960-4446-8c88-63abe572515e,/photos/d26e5ca3-f960-4446-8c88-63abe572515e/1.webp,1,2024-09-12T18:44:56+00:00
2d558380-4e75-4753-a3b9-4af614e8e3de,d26e5ca3-f960-4446-8c88-63abe572515e,/photos/d26e5ca3-f960-4446-8c88-63abe572515e/2.webp,2,2024-09-12T18:44:56+00:00
4c3fb119-0b6c-41d9-a750-59a6ed95437b,d26e5ca3-f960-4446-8c88-63abe572515e,/photos/d26e5ca3-f960-4446-8c88-63abe572515e/3.webp,3,2024-09-12T18:44:56+00:00
7d33dbf0-5642-4b44-b50d-9632494b3c22,31d3f59b-833e-4008-bbd3-a8afb2d67d8e,/photos/31d3f59b-833e-4008-bbd3-a8afb2d67d8e/0.webp,0,2025-09-07T16:46:09+00:00
4a1217c4-e2dc-4300-be6a-fbf057ed1764,31d3f59b-833e-4008-bbd3-a8afb2d67d8e,/photos/31d3f59b-833e-4008-bbd3-a8afb2d67d8e/1.webp,1,2025-09-07T16:46:09+00:00
11fb0659-0bc1-41b0-b842-faa3ca2d6ec7,31d3f59b-833e-4008-bbd3-a8afb2d67d8e,/photos/31d3f59b-833e-4008-bbd3-a8afb2d67d8e/2.webp,2,2025-09-07T16:46:09+00:00
2070f2c8-3d79-42e8-b3f9-e652b562fe79,ecb859e1-216f-4e8d-a72c-fde755907d82,/photos/ecb859e1-216f-4e8d-a72c-fde755907d82/0.webp,0,2025-09-07T21:40:47+00:00
b8968c3d-738c-4713-9c3a-eb96883c74b8,ecb859e1-216f-4e8d-a72c-fde755907d82,/photos/ecb859e1-216f-4e8d-a72c-fde755907d82/1.webp,1,2025-09-07T21:40:47+00:00
9b9f0d23-762e-4ee4-b905-62f076d2ce7e,ecb859e1-216f-4e8d-a72c-fde755907d82,/photos/ecb859e1-216f-4e8d-a72c-fde755907d82/2.webp,2,2025-09-07T21:40:47+00:00
3587c4fe-6df5-4cbb-bc84-7a3f46aeaa11,3d4c6e40-2252-4854-80c2-3f91546d9c3d,/photos/3d4c6e40-2252-4854-80c2-3f91546d9c3d/0.webp,0,2026-07-01T08:38:55+00:00
feec410d-1dce-4c39-8035-8c9b1b07da83,3d4c6e40-2252-4854-80c2-3f91546d9c3d,/photos/3d4c6e40-2252-4854-80c2-3f91546d9c3d/1.webp,1,2026-07-01T08:38:55+00:00
8daa2894-803c-4390-b381-851a8a39ace7,3d4c6e40-2252-4854-80c2-3f91546d9c3d,/photos/3d4c6e40-2252-4854-80c2-3f91546d9c3d/2.webp,2,2026-07-01T08:38:55+00:00
9dacf0a0-25ff-4f5a-a6d7-d22473492010,3d4c6e40-2252-4854-80c2-3f91546d9c3d,/photos/3d4c6e40-2252-4854-80c2-3f91546d9c3d/3.webp,3,2026-07-01T08:38:55+00:00
1c778a41-ba51-4f5c-8890-7bd26b06bdcc,3d4c6e40-2252-4854-80c2-3f91546d9c3d,/photos/3d4c6e40-2252-4854-80c2-3f91546d9c3d/4.webp,4,2026-07-01T08:38:55+00:00
b3df6d57-6605-4fd1-9c0e-201757b9b088,e7dd9461-6827-4324-bce3-e59850b72738,/photos/e7dd9461-6827-4324-bce3-e59850b72738/0.webp,0,2026-08-19T16:12:29+00:00
b410f9d2-e5d0-4059-88f4-c5138c3544c9,e7dd9461-6827-4324-bce3-e59850b72738,/photos/e7dd9461-6827-4324-bce3-e59850b72738/1.webp,1,2026-08-19T16:12:29+00:00
a1f75540-fbcf-40e4-b35b-491d910b4f56,8a24ccb2-9f70-4e21-b1e3-d5f851b51d11,/photos/8a24ccb2-9f70-4e21-b1e3-d5f851b51d11/0.webp,0,2025-07-29T02:59:39+00:00
75af3b72-37d7-48cc-b777-c7b718b33195,8a24ccb2-9f70-4e21-b1e3-d5f851b51d11,/photos/8a24ccb2-9f70-4e21-b1e3-d5f851b51d11/1.webp,1,2025-07-29T02:59:39+00:00
888c3c5c-2119-47a9-8f27-341ca4e1dc08,e041a612-ec43-4f19-801c-a8b4f28afab8,/photos/e041a612-ec43-4f19-801c-a8b4f28afab8/0.webp,0,2025-08-10T04:48:25+00:00
133b0d0d-6c8d-40a1-9010-ba2abadf2fe3,e041a612-ec43-4f19-801c-a8b4f28afab8,/photos/e041a612-ec43-4f19-801c-a8b4f28afab8/1.webp,1,2025-08-10T04:48:25+00:00
ba445de0-e946-4865-931e-400024839767,e041a612-ec43-4f19-801c-a8b4f28afab8,/photos/e041a612-ec43-4f19-801c-a8b4f28afab8/2.webp,2,2025-08-10T04:48:25+00:00
28d09f4b-cba1-4c3f-8341-4c5ce03a76ac,e041a612-ec43-4f19-801c-a8b4f28afab8,/photos/e041a612-ec43-4f19-801c-a8b4f28afab8/3.webp,3,2025-08-10T04:48:25+00:00
b9bc5e82-9d79-4f73-a4b5-1e2301e137a9,080a318e-ac1f-40b3-b379-7e32332d5c38,/photos/080a318e-ac1f-40b3-b379-7e32332d5c38/0.webp,0,2024-09-13T10:40:37+00:00
127ab355-707c-4445-a981-663152177368,080a318e-ac1f-40b3-b379-7e32332d5c38,/photos/080a318e-ac1f-40b3-b379-7e32332d5c38/1.webp,1,2024-09-13T10:40:37+00:00
5d1b93fe-5fc3-40ba-802e-1ced5903d048,080a318e-ac1f-40b3-b379-7e32332d5c38,/photos/080a318e-ac1f-40b3-b379-7e32332d5c38/2.webp,2,2024-09-13T10:40:37+00:00
29f5fbc2-d4b8-4b18-a907-54419eea6adc,81e2fc0d-79a4-41fc-8e8e-9157f200902d,/photos/81e2fc0d-79a4-41fc-8e8e-9157f200902d/0.webp,0,2025-07-15T08:22:37+00:00
f6115427-19b6-49aa-9e66-4b6d6bbff673,bbfc77d1-d1a6-40ba-8772-9e1fe529e44e,/photos/bbfc77d1-d1a6-40ba-8772-9e1fe529e44e/0.webp,0,2025-08-16T14:00:31+00:00
2830bb8b-e0aa-4df9-8ebe-1dfe09ae3e31,bbfc77d1-d1a6-40ba-8772-9e1fe529e44e,/photos/bbfc77d1-d1a6-40ba-8772-9e1fe529e44e/1.webp,1,2025-08-16T14:00:31+00:00
b24b6301-c1b3-463f-8c17-05b5333bb313,bbfc77d1-d1a6-40ba-8772-9e1fe529e44e,/photos/bbfc77d1-d1a6-40ba-8772-9e1fe529e44e/2.webp,2,2025-08-16T14:00:31+00:00
303d987e-7481-465a-b99b-1b52ebbecdd1,bbfc77d1-d1a6-40ba-8772-9e1fe529e44e,/photos/bbfc77d1-d1a6-40ba-8772-9e1fe529e44e/3.webp,3,2025-08-16T14:00:31+00:00
d6b9c8a9-aef7-448f-b738-1af2c0b077c3,44fdc198-ed3f-4fdb-abff-9f9b1fd53114,/photos/44fdc198-ed3f-4fdb-abff-9f9b1fd53114/0.webp,0,2025-08-19T19:05:25+00:00
a25cbee2-13d1-4328-b6fa-4a5b3aea84bc,66a6bc6f-1e9c-4fa8-981b-9cf033236ffd,/photos/66a6bc6f-1e9c-4fa8-981b-9cf033236ffd/0.webp,0,2026-04-23T19:50:35+00:00
76d41bbe-a858-4a64-8f7c-26a992d0e1bf,66a6bc6f-1e9c-4fa8-981b-9cf033236ffd,/photos/66a6bc6f-1e9c-4fa8-981b-9cf033236ffd/1.webp,1,2026-04-23T19:50:35+00:00
172a9e07-2c75-48df-a17e-566e9a008bea,66a6bc6f-1e9c-4fa8-981b-9cf033236ffd,/photos/66a6bc6f-1e9c-4fa8-981b-9cf033236ffd/2.webp,2,2026-04-23T19:50:35+00:00
48af6ef6-b054-4055-ae21-61272034aec5,66a6bc6f-1e9c-4fa8-981b-9cf033236ffd,/photos/66a6bc6f-1e9c-4fa8-981b-9cf033236ffd/3.webp,3,2026-04-23T19:50:35+00:00
b2d65a8a-e4a1-413b-bd46-7ba0986fe89b,66a6bc6f-1e9c-4fa8-981b-9cf033236ffd,/photos/66a6bc6f-1e9c-4fa8-981b-9cf033236ffd/4.webp,4,2026-04-23T19:50:35+00:00
fddee19c-181f-45cb-bb5d-1d99ce04aeaf,15ffccac-6318-4ccb-8972-7eeeebaf6503,/photos/15ffccac-6318-4ccb-8972-7eeeebaf6503/0.webp,0,2025-08-06T11:29:10+00:00
333e38d4-3a02-48c8-832d-49504cccbeb1,15ffccac-6318-4ccb-8972-7eeeebaf6503,/photos/15ffccac-6318-4ccb-8972-7eeeebaf6503/1.webp,1,2025-08-06T11:29:10+00:00
2a04215c-d320-4f60-a88d-5b86f6508cf9,15ffccac-6318-4ccb-8972-7eeeebaf6503,/photos/15ffccac-6318-4ccb-8972-7eeeebaf6503/2.webp,2,2025-08-06T11:29:10+00:00
8f698193-5893-45ce-9653-1c50b4eb4e16,15ffccac-6318-4ccb-8972-7eeeebaf6503,/photos/15ffccac-6318-4ccb-8972-7eeeebaf6503/3.webp,3,2025-08-06T11:29:10+00:00
deb47ea3-80ca-476d-a666-d54f5cf7790d,c13e74fb-223c-4ff2-b698-732b92c3ea47,/photos/c13e74fb-223c-4ff2-b698-732b92c3ea47/0.webp,0,2024-09-21T21:28:29+00:00
311a4d95-3053-459d-b067-9421354a7152,c13e74fb-223c-4ff2-b698-732b92c3ea47,/photos/c13e74fb-223c-4ff2-b698-732b92c3ea47/1.webp,1,2024-09-21T21:28:29+00:00
71af04fa-b3a3-4398-9a65-e66e4c3995a7,c13e74fb-223c-4ff2-b698-732b92c3ea47,/photos/c13e74fb-223c-4ff2-b698-732b92c3ea47/2.webp,2,2024-09-21T21:28:29+00:00
9688353d-46f4-4abd-a7c9-678c32e802f8,c45b1367-fb75-438f-9450-27b0a2b7a562,/photos/c45b1367-fb75-438f-9450-27b0a2b7a562/0.webp,0,2026-05-12T16:44:12+00:00
d1416152-5f18-44e1-91b3-e510db5061e3,c45b1367-fb75-438f-9450-27b0a2b7a562,/photos/c45b1367-fb75-438f-9450-27b0a2b7a562/1.webp,1,2026-05-12T16:44:12+00:00
816a5f9f-c8fe-41a7-a87b-e46af2df3d39,42d6bd70-2095-4b16-8a59-5606a1834209,/photos/42d6bd70-2095-4b16-8a59-5606a1834209/0.webp,0,2026-05-10T21:40:36+00:00
5e001d66-a648-4505-b163-61a3c1bd717a,42d6bd70-2095-4b16-8a59-5606a1834209,/photos/42d6bd70-2095-4b16-8a59-5606a1834209/1.webp,1,2026-05-10T21:40:36+00:00
a1d353fc-6da2-4079-b6c8-5ada54f93ce4,42d6bd70-2095-4b16-8a59-5606a1834209,/photos/42d6bd70-2095-4b16-8a59-5606a1834209/2.webp,2,2026-05-10T21:40:36+00:00
909192a1-8e94-46cc-83e1-1c329d29e637,42d6bd70-2095-4b16-8a59-5606a1834209,/photos/42d6bd70-2095-4b16-8a59-5606a1834209/3.webp,3,2026-05-10T21:40:36+00:00
3d53bd1f-9dc2-41f2-9f6a-0bf4703d231e,42d6bd70-2095-4b16-8a59-5606a1834209,/photos/42d6bd70-2095-4b16-8a59-5606a1834209/4.webp,4,2026-05-10T21:40:36+00:00
79f9cca4-f48f-47f9-afdd-cc999029a8c0,42d6bd70-2095-4b16-8a59-5606a1834209,/photos/42d6bd70-2095-4b16-8a59-5606a1834209/5.webp,5,2026-05-10T21:40:36+00:00
05b6d5ea-9cc1-4e00-ba28-37c4ec402db0,29d5ed71-a30d-43c8-8dcf-7811f96eb3ae,/photos/29d5ed71-a30d-43c8-8dcf-7811f96eb3ae/0.webp,0,2026-08-26T20:18:00+00:00
cc2a8206-cee2-46ba-bd2d-42ed0c0606b8,29d5ed71-a30d-43c8-8dcf-7811f96eb3ae,/photos/29d5ed71-a30d-43c8-8dcf-7811f96eb3ae/1.webp,1,2026-08-26T20:18:00+00:00
e2b47fb7-1df9-493a-8f6d-7b44b8dfbafc,29d5ed71-a30d-43c8-8dcf-7811f96eb3ae,/photos/29d5ed71-a30d-43c8-8dcf-7811f96eb3ae/2.webp,2,2026-08-26T20:18:00+00:00
6f93f456-46e3-4d7b-932e-ac1227217495,e3782f47-3eb7-4e7e-a42e-d0c807c101a6,/photos/e3782f47-3eb7-4e7e-a42e-d0c807c101a6/0.webp,0,2026-08-08T06:03:26+00:00
23b06e66-a0b1-4116-8f5a-c06b02d2fa6b,e3782f47-3eb7-4e7e-a42e-d0c807c101a6,/photos/e3782f47-3eb7-4e7e-a42e-d0c807c101a6/1.webp,1,2026-08-08T06:03:26+00:00
fe3cbe07-1b65-4cf7-86c3-a10ae5f14bf9,e3782f47-3eb7-4e7e-a42e-d0c807c101a6,/photos/e3782f47-3eb7-4e7e-a42e-d0c807c101a6/2.webp,2,2026-08-08T06:03:26+00:00
91d40aa3-d8e5-47b2-b87f-6795c04efd89,e3782f47-3eb7-4e7e-a42e-d0c807c101a6,/photos/e3782f47-3eb7-4e7e-a42e-d0c807c101a6/3.webp,3,2026-08-08T06:03:26+00:00
50fc62d9-ed79-4284-9cd9-cc4df07c7c6b,e3782f47-3eb7-4e7e-a42e-d0c807c101a6,/photos/e3782f47-3eb7-4e7e-a42e-d0c807c101a6/4.webp,4,2026-08-08T06:03:26+00:00
ca766c7a-7d64-4b6b-b649-209bdd57f3e9,bac77772-4323-42b6-9f1a-5a5afc2ed2a7,/photos/bac77772-4323-42b6-9f1a-5a5afc2ed2a7/0.webp,0,2026-05-22T02:25:53+00:00
00b31760-e02d-4e20-b30a-759bd0b1e26a,bac77772-4323-42b6-9f1a-5a5afc2ed2a7,/photos/bac77772-4323-42b6-9f1a-5a5afc2ed2a7/1.webp,1,2026-05-22T02:25:53+00:00
cd17d8c9-8f2c-47ef-b998-fe77f35f356a,bac77772-4323-42b6-9f1a-5a5afc2ed2a7,/photos/bac77772-4323-42b6-9f1a-5a5afc2ed2a7/2.webp,2,2026-05-22T02:25:53+00:00
3f86dfe6-49a7-4a9d-8d2d-5b8929724810,bac77772-4323-42b6-9f1a-5a5afc2ed2a7,/photos/bac77772-4323-42b6-9f1a-5a5afc2ed2a7/3.webp,3,2026-05-22T02:25:53+00:00
066b8f51-cde4-4c6a-a8e2-5fc46351f2e4,bac77772-4323-42b6-9f1a-5a5afc2ed2a7,/photos/bac77772-4323-42b6-9f1a-5a5afc2ed2a7/4.webp,4,2026-05-22T02:25:53+00:00
21808015-9497-480f-aab1-0f7a42d93a02,68f2e5fa-743b-4041-8661-2c0ed476e552,/photos/68f2e5fa-743b-4041-8661-2c0ed476e552/0.webp,0,2026-04-14T07:36:39+00:00
7aa4aca0-3cab-425a-a2be-ea104275c791,68f2e5fa-743b-4041-8661-2c0ed476e552,/photos/68f2e5fa-743b-4041-8661-2c0ed476e552/1.webp,1,2026-04-14T07:36:39+00:00
136b3ff4-a098-4047-b683-7a8c49855fdf,68f2e5fa-743b-4041-8661-2c0ed476e552,/photos/68f2e5fa-743b-4041-8661-2c0ed476e552/2.webp,2,2026-04-14T07:36:39+00:00
79dacc55-274e-47da-9120-a36e5bc42312,68f2e5fa-743b-4041-8661-2c0ed476e552,/photos/68f2e5fa-743b-4041-8661-2c0ed476e552/3.webp,3,2026-04-14T07:36:39+00:00
e30d1450-87d7-4d54-aa6b-39cc1304870e,3d5da475-7243-44fc-aa60-c17407e5be88,/photos/3d5da475-7243-44fc-aa60-c17407e5be88/0.webp,0,2025-11-13T19:31:19+00:00
958cf839-c284-4f71-8e2a-5ec49399e416,3d5da475-7243-44fc-aa60-c17407e5be88,/photos/3d5da475-7243-44fc-aa60-c17407e5be88/1.webp,1,2025-11-13T19:31:19+00:00
800d8790-b260-45a5-98b8-2399bfad435a,3d5da475-7243-44fc-aa60-c17407e5be88,/photos/3d5da475-7243-44fc-aa60-c17407e5be88/2.webp,2,2025-11-13T19:31:19+00:00
8bf7b0a7-7a87-40d5-a908-b541044a879f,3d5da475-7243-44fc-aa60-c17407e5be88,/photos/3d5da475-7243-44fc-aa60-c17407e5be88/3.webp,3,2025-11-13T19:31:19+00:00
6f303426-423d-4a42-84ad-be69f6b00ef5,3d5da475-7243-44fc-aa60-c17407e5be88,/photos/3d5da475-7243-44fc-aa60-c17407e5be88/4.webp,4,2025-11-13T19:31:19+00:00
8bf88a0f-2f28-4b02-a177-ec506dcb1cde,3d5da475-7243-44fc-aa60-c17407e5be88,/photos/3d5da475-7243-44fc-aa60-c17407e5be88/5.webp,5,2025-11-13T19:31:19+00:00
226057de-a43d-4f1a-ac55-d75376ff4018,3d5da475-7243-44fc-aa60-c17407e5be88,/photos/3d5da475-7243-44fc-aa60-c17407e5be88/6.webp,6,2025-11-13T19:31:19+00:00
83d9d6d1-aa54-4925-bdaa-3364b8679133,3d5da475-7243-44fc-aa60-c17407e5be88,/photos/3d5da475-7243-44fc-aa60-c17407e5be88/7.webp,7,2025-11-13T19:31:19+00:00
26f9ff74-d12b-438e-bc6d-0abd14311606,3d5da475-7243-44fc-aa60-c17407e5be88,/photos/3d5da475-7243-44fc-aa60-c17407e5be88/8.webp,8,2025-11-13T19:31:19+00:00
ab25a77d-cbe9-445f-892a-83c6a3124cee,029756b4-f122-4907-b384-fdbd36043f2b,/photos/029756b4-f122-4907-b384-fdbd36043f2b/0.webp,0,2026-04-30T01:25:15+00:00
ea4e11bf-20bb-4622-affb-d55502b5ad51,029756b4-f122-4907-b384-fdbd36043f2b,/photos/029756b4-f122-4907-b384-fdbd36043f2b/1.webp,1,2026-04-30T01:25:15+00:00
f9075f03-baa1-4087-a051-bc93f0595c59,029756b4-f122-4907-b384-fdbd36043f2b,/photos/029756b4-f122-4907-b384-fdbd36043f2b/2.webp,2,2026-04-30T01:25:15+00:00
3b7acb9d-3d7a-4fb7-973e-e70794fbf6f3,029756b4-f122-4907-b384-fdbd36043f2b,/photos/029756b4-f122-4907-b384-fdbd36043f2b/3.webp,3,2026-04-30T01:25:15+00:00
77ce3b7b-00f3-4129-9829-332b12c763de,029756b4-f122-4907-b384-fdbd36043f2b,/photos/029756b4-f122-4907-b384-fdbd36043f2b/4.webp,4,2026-04-30T01:25:15+00:00
ca5b293a-cebe-4010-8cc0-753cf96d1c5d,029756b4-f122-4907-b384-fdbd36043f2b,/photos/029756b4-f122-4907-b384-fdbd36043f2b/5.webp,5,2026-04-30T01:25:15+00:00
e485eb34-4902-4d19-b2c9-07e8282e2c13,56363f5a-36b6-407a-98c6-afbc886dfd29,/photos/56363f5a-36b6-407a-98c6-afbc886dfd29/0.webp,0,2026-07-15T04:04:30+00:00
b0a8d065-8986-46a3-844a-62ce518d3eeb,56363f5a-36b6-407a-98c6-afbc886dfd29,/photos/56363f5a-36b6-407a-98c6-afbc886dfd29/1.webp,1,2026-07-15T04:04:30+00:00
bf39c169-a6f3-4101-a07a-6c8ce6f6c17e,ff8f6698-3158-4fd4-aa5f-61d000fafdbd,/photos/ff8f6698-3158-4fd4-aa5f-61d000fafdbd/0.webp,0,2026-08-08T18:54:19+00:00
450906c2-2a5c-4be9-b626-9323ef99de05,ff8f6698-3158-4fd4-aa5f-61d000fafdbd,/photos/ff8f6698-3158-4fd4-aa5f-61d000fafdbd/1.webp,1,2026-08-08T18:54:19+00:00
4927a889-f731-476f-acca-f356298438ff,ff8f6698-3158-4fd4-aa5f-61d000fafdbd,/photos/ff8f6698-3158-4fd4-aa5f-61d000fafdbd/2.webp,2,2026-08-08T18:54:19+00:00
8541ca1a-e9a3-4208-9fc4-9b83b6e6dba4,ff8f6698-3158-4fd4-aa5f-61d000fafdbd,/photos/ff8f6698-3158-4fd4-aa5f-61d000fafdbd/3.webp,3,2026-08-08T18:54:19+00:00
18fff6ba-5e36-4dba-85b0-71f642ee39d9,1cb1c9c8-6f96-464a-a00a-0fbb3d50f4a3,/photos/1cb1c9c8-6f96-464a-a00a-0fbb3d50f4a3/0.webp,0,2024-12-22T20:51:44+00:00
3c3cf118-22e4-40e0-b19e-05eceda06f72,1cb1c9c8-6f96-464a-a00a-0fbb3d50f4a3,/photos/1cb1c9c8-6f96-464a-a00a-0fbb3d50f4a3/1.webp,1,2024-12-22T20:51:44+00:00
5138e05e-47b8-45a8-9f15-220481c2cb73,1cb1c9c8-6f96-464a-a00a-0fbb3d50f4a3,/photos/1cb1c9c8-6f96-464a-a00a-0fbb3d50f4a3/2.webp,2,2024-12-22T20:51:44+00:00
c94d8c26-a2cf-46d4-94a7-8c12c9c2d4fa,1cb1c9c8-6f96-464a-a00a-0fbb3d50f4a3,/photos/1cb1c9c8-6f96-464a-a00a-0fbb3d50f4a3/3.webp,3,2024-12-22T20:51:44+00:00
0678b65e-45d2-46dc-90fc-fb4e025264da,1cb1c9c8-6f96-464a-a00a-0fbb3d50f4a3,/photos/1cb1c9c8-6f96-464a-a00a-0fbb3d50f4a3/4.webp,4,2024-12-22T20:51:44+00:00
dbda067b-82c4-4911-bebc-42697749aa0f,1cb1c9c8-6f96-464a-a00a-0fbb3d50f4a3,/photos/1cb1c9c8-6f96-464a-a00a-0fbb3d50f4a3/5.webp,5,2024-12-22T20:51:44+00:00
976f2947-8933-4081-9b45-5bb9605fcaf7,1cb1c9c8-6f96-464a-a00a-0fbb3d50f4a3,/photos/1cb1c9c8-6f96-464a-a00a-0fbb3d50f4a3/6.webp,6,2024-12-22T20:51:44+00:00
e61803d9-4a1a-4dc1-9f42-638b794f6994,929fe289-f6bb-48e9-bfaa-b1e9dca141e2,/photos/929fe289-f6bb-48e9-bfaa-b1e9dca141e2/0.webp,0,2025-08-02T19:25:00+00:00
e14835f0-3a73-4c79-b934-e8effdb36515,929fe289-f6bb-48e9-bfaa-b1e9dca141e2,/photos/929fe289-f6bb-48e9-bfaa-b1e9dca141e2/1.webp,1,2025-08-02T19:25:00+00:00
225e2ab6-4696-4437-a920-224696faceda,929fe289-f6bb-48e9-bfaa-b1e9dca141e2,/photos/929fe289-f6bb-48e9-bfaa-b1e9dca141e2/2.webp,2,2025-08-02T19:25:00+00:00
080ba927-49be-4e55-b955-a2536440a5c5,929fe289-f6bb-48e9-bfaa-b1e9dca141e2,/photos/929fe289-f6bb-48e9-bfaa-b1e9dca141e2/3.webp,3,2025-08-02T19:25:00+00:00
d81ff7bd-bad8-411a-84ab-06475d34ea02,929fe289-f6bb-48e9-bfaa-b1e9dca141e2,/photos/929fe289-f6bb-48e9-bfaa-b1e9dca141e2/4.webp,4,2025-08-02T19:25:00+00:00
b64a1ed9-7e8f-4192-8f46-7740b4fbff81,929fe289-f6bb-48e9-bfaa-b1e9dca141e2,/photos/929fe289-f6bb-48e9-bfaa-b1e9dca141e2/5.webp,5,2025-08-02T19:25:00+00:00
61127096-f371-4954-9a8b-26d88eee796b,0769b6af-0fe9-47b7-815e-069033ac029d,/photos/0769b6af-0fe9-47b7-815e-069033ac029d/0.webp,0,2026-09-01T19:24:10+00:00
cfe1ba5c-0254-4eeb-985d-1cfcb6dd7013,0769b6af-0fe9-47b7-815e-069033ac029d,/photos/0769b6af-0fe9-47b7-815e-069033ac029d/1.webp,1,2026-09-01T19:24:10+00:00
3093234a-4f64-48b2-8559-235375eaeea7,0769b6af-0fe9-47b7-815e-069033ac029d,/photos/0769b6af-0fe9-47b7-815e-069033ac029d/2.webp,2,2026-09-01T19:24:10+00:00
81083f26-8fe0-4f68-8966-07bc3d5d24a5,0769b6af-0fe9-47b7-815e-069033ac029d,/photos/0769b6af-0fe9-47b7-815e-069033ac029d/3.webp,3,2026-09-01T19:24:10+00:00
45d0cea6-14cd-4a84-80c7-c6bcdcc4f9ed,0769b6af-0fe9-47b7-815e-069033ac029d,/photos/0769b6af-0fe9-47b7-815e-069033ac029d/4.webp,4,2026-09-01T19:24:10+00:00
dd1e2339-0b91-442f-ae78-dbe23080fd8a,0769b6af-0fe9-47b7-815e-069033ac029d,/photos/0769b6af-0fe9-47b7-815e-069033ac029d/5.webp,5,2026-09-01T19:24:10+00:00
e4876b81-cca5-4a1a-a480-816c36db01a3,0769b6af-0fe9-47b7-815e-069033ac029d,/photos/0769b6af-0fe9-47b7-815e-069033ac029d/6.webp,6,2026-09-01T19:24:10+00:00
3396b3b3-eb36-4dcc-80ac-584fd5d8b2e3,0769b6af-0fe9-47b7-815e-069033ac029d,/photos/0769b6af-0fe9-47b7-815e-069033ac029d/7.webp,7,2026-09-01T19:24:10+00:00
8e2a4966-5788-4aae-89ce-57b576c06ce5,37ae54f7-af5e-412a-8f40-4de20659641b,/photos/37ae54f7-af5e-412a-8f40-4de20659641b/0.webp,0,2025-06-28T07:21:15+00:00
e90a6a53-cf99-4c79-8bfd-cb42b08fd904,37ae54f7-af5e-412a-8f40-4de20659641b,/photos/37ae54f7-af5e-412a-8f40-4de20659641b/1.webp,1,2025-06-28T07:21:15+00:00
a92c9901-bedc-444f-ae26-b179701261e2,317fbe38-7838-46cc-9903-70fd1f800369,/photos/317fbe38-7838-46cc-9903-70fd1f800369/0.webp,0,2025-07-24T18:15:23+00:00
3ef55013-f27a-4cfc-bf7f-bd3b49befc12,317fbe38-7838-46cc-9903-70fd1f800369,/photos/317fbe38-7838-46cc-9903-70fd1f800369/1.webp,1,2025-07-24T18:15:23+00:00
de29924f-a0c5-4a4f-b089-78a62c213afa,317fbe38-7838-46cc-9903-70fd1f800369,/photos/317fbe38-7838-46cc-9903-70fd1f800369/2.webp,2,2025-07-24T18:15:23+00:00
91d27918-f9e7-4373-ac56-b8f602b329c5,317fbe38-7838-46cc-9903-70fd1f800369,/photos/317fbe38-7838-46cc-9903-70fd1f800369/3.webp,3,2025-07-24T18:15:23+00:00
841bd900-1b07-4fe0-9940-49fd9d05ed54,317fbe38-7838-46cc-9903-70fd1f800369,/photos/317fbe38-7838-46cc-9903-70fd1f800369/4.webp,4,2025-07-24T18:15:23+00:00
9df258de-6fdf-4d47-ac04-48e5a33417f1,1b3d320d-5cd5-4cb4-8f03-b15e0039d5e5,/photos/1b3d320d-5cd5-4cb4-8f03-b15e0039d5e5/0.webp,0,2025-12-15T01:47:58+00:00
12fd24e0-4222-4bd3-aa62-6beb0a9fffc6,1b3d320d-5cd5-4cb4-8f03-b15e0039d5e5,/photos/1b3d320d-5cd5-4cb4-8f03-b15e0039d5e5/1.webp,1,2025-12-15T01:47:58+00:00
d4c31fda-7e08-42a7-8462-b2dc45c3746e,1b3d320d-5cd5-4cb4-8f03-b15e0039d5e5,/photos/1b3d320d-5cd5-4cb4-8f03-b15e0039d5e5/2.webp,2,2025-12-15T01:47:58+00:00
ef71d7a3-85bb-41bc-b9f0-a53d9d49403b,1b3d320d-5cd5-4cb4-8f03-b15e0039d5e5,/photos/1b3d320d-5cd5-4cb4-8f03-b15e0039d5e5/3.webp,3,2025-12-15T01:47:58+00:00
eef04169-0fb6-4aa4-8bc3-ea772cf1b679,1b3d320d-5cd5-4cb4-8f03-b15e0039d5e5,/photos/1b3d320d-5cd5-4cb4-8f03-b15e0039d5e5/4.webp,4,2025-12-15T01:47:58+00:00
559b5703-e43f-4fe8-9268-9896f85961b9,accfbee3-03b7-49ac-ad61-4454cd303024,/photos/accfbee3-03b7-49ac-ad61-4454cd303024/0.webp,0,2025-09-02T17:36:59+00:00
c5cbf7de-3990-46ef-a464-cf45858b00f0,accfbee3-03b7-49ac-ad61-4454cd303024,/photos/accfbee3-03b7-49ac-ad61-4454cd303024/1.webp,1,2025-09-02T17:36:59+00:00
8d15891d-cbfd-49c0-a293-b7b8dc10e3af,accfbee3-03b7-49ac-ad61-4454cd303024,/photos/accfbee3-03b7-49ac-ad61-4454cd303024/2.webp,2,2025-09-02T17:36:59+00:00
47da64bc-832c-40de-8a83-9bc3c96d0fca,accfbee3-03b7-49ac-ad61-4454cd303024,/photos/accfbee3-03b7-49ac-ad61-4454cd303024/3.webp,3,2025-09-02T17:36:59+00:00
458059ab-0ea3-4b50-ae92-b4662955e18f,accfbee3-03b7-49ac-ad61-4454cd303024,/photos/accfbee3-03b7-49ac-ad61-4454cd303024/4.webp,4,2025-09-02T17:36:59+00:00
abf6962e-693e-48f1-a992-9477401c17c0,accfbee3-03b7-49ac-ad61-4454cd303024,/photos/accfbee3-03b7-49ac-ad61-4454cd303024/5.webp,5,2025-09-02T17:36:59+00:00
b27a2cac-23f4-4cf0-895f-3bd07d04d1a0,b46377e6-0742-4982-8f7e-3ef42d0b8fb3,/photos/b46377e6-0742-4982-8f7e-3ef42d0b8fb3/0.webp,0,2026-07-28T06:57:50+00:00
bba64c7d-a54f-465b-9719-e386288c13b5,b46377e6-0742-4982-8f7e-3ef42d0b8fb3,/photos/b46377e6-0742-4982-8f7e-3ef42d0b8fb3/1.webp,1,2026-07-28T06:57:50+00:00
eb0292f4-b0ba-4ec0-9ddf-1b5545a7a956,b46377e6-0742-4982-8f7e-3ef42d0b8fb3,/photos/b46377e6-0742-4982-8f7e-3ef42d0b8fb3/2.webp,2,2026-07-28T06:57:50+00:00
8d390908-a572-43a3-b0af-dbf9ab3eb13b,b46377e6-0742-4982-8f7e-3ef42d0b8fb3,/photos/b46377e6-0742-4982-8f7e-3ef42d0b8fb3/3.webp,3,2026-07-28T06:57:50+00:00
556fcdba-1235-4dbe-96a6-a58835d42b72,b46377e6-0742-4982-8f7e-3ef42d0b8fb3,/photos/b46377e6-0742-4982-8f7e-3ef42d0b8fb3/4.webp,4,2026-07-28T06:57:50+00:00
29b655fc-bdd2-4bd1-a33a-97ebf00b7566,07f791f7-1602-486d-a3da-278f4bdc8641,/photos/07f791f7-1602-486d-a3da-278f4bdc8641/0.webp,0,2025-06-07T16:04:09+00:00
964d62ee-5b0b-4740-bf29-dbde47a93802,07f791f7-1602-486d-a3da-278f4bdc8641,/photos/07f791f7-1602-486d-a3da-278f4bdc8641/1.webp,1,2025-06-07T16:04:09+00:00
426fcc70-e81f-46ee-b3d9-632985414ba5,07f791f7-1602-486d-a3da-278f4bdc8641,/photos/07f791f7-1602-486d-a3da-278f4bdc8641/2.webp,2,2025-06-07T16:04:09+00:00
e8d41418-a4d8-4f44-b81e-14c411fd1b36,07f791f7-1602-486d-a3da-278f4bdc8641,/photos/07f791f7-1602-486d-a3da-278f4bdc8641/3.webp,3,2025-06-07T16:04:09+00:00
739a6496-4e80-452d-b0d0-a2bb374c0c6f,6e9da79b-454e-4553-ba8f-3c917bd8339f,/photos/6e9da79b-454e-4553-ba8f-3c917bd8339f/0.webp,0,2026-06-17T05:47:17+00:00
c855ee36-f477-47ab-a175-7cec35d6136a,6e9da79b-454e-4553-ba8f-3c917bd8339f,/photos/6e9da79b-454e-4553-ba8f-3c917bd8339f/1.webp,1,2026-06-17T05:47:17+00:00
cfbb1f61-0d94-44b5-bf80-c7efcbd324ab,6e9da79b-454e-4553-ba8f-3c917bd8339f,/photos/6e9da79b-454e-4553-ba8f-3c917bd8339f/2.webp,2,2026-06-17T05:47:17+00:00
aa146fe1-ad11-461e-8555-804a1c653536,6e9da79b-454e-4553-ba8f-3c917bd8339f,/photos/6e9da79b-454e-4553-ba8f-3c917bd8339f/3.webp,3,2026-06-17T05:47:17+00:00
e4689570-b12f-4bfc-885e-4398807c3bde,6e9da79b-454e-4553-ba8f-3c917bd8339f,/photos/6e9da79b-454e-4553-ba8f-3c917bd8339f/4.webp,4,2026-06-17T05:47:17+00:00
b84b26e8-82d9-479a-b348-9d998c6b6ea1,6e9da79b-454e-4553-ba8f-3c917bd8339f,/photos/6e9da79b-454e-4553-ba8f-3c917bd8339f/5.webp,5,2026-06-17T05:47:17+00:00
0f6b372a-e9cc-4b97-8b65-49448cd2c790,6e9da79b-454e-4553-ba8f-3c917bd8339f,/photos/6e9da79b-454e-4553-ba8f-3c917bd8339f/6.webp,6,2026-06-17T05:47:17+00:00
9e239a84-19dc-4d1c-84ef-5e80ed04ff46,6e9da79b-454e-4553-ba8f-3c917bd8339f,/photos/6e9da79b-454e-4553-ba8f-3c917bd8339f/7.webp,7,2026-06-17T05:47:17+00:00
f09072f0-4447-42d5-97e2-06ad47c0029b,6e9da79b-454e-4553-ba8f-3c917bd8339f,/photos/6e9da79b-454e-4553-ba8f-3c917bd8339f/8.webp,8,2026-06-17T05:47:17+00:00
7042a27d-10f9-4af2-b78d-d3afa29f8ede,6e9da79b-454e-4553-ba8f-3c917bd8339f,/photos/6e9da79b-454e-4553-ba8f-3c917bd8339f/9.webp,9,2026-06-17T05:47:17+00:00
1f05738c-2fb5-43b6-a87f-52efa5b029e0,99dae577-36cc-413f-b6d4-4d4d5f12aeac,/photos/99dae577-36cc-413f-b6d4-4d4d5f12aeac/0.webp,0,2026-04-13T04:50:52+00:00
d69ebd07-07db-4047-a3f6-debd6865e6d5,99dae577-36cc-413f-b6d4-4d4d5f12aeac,/photos/99dae577-36cc-413f-b6d4-4d4d5f12aeac/1.webp,1,2026-04-13T04:50:52+00:00
79e7f757-1417-412c-be54-d892f1292a1c,28fbe754-850c-40b3-aeda-d6af688b048f,/photos/28fbe754-850c-40b3-aeda-d6af688b048f/0.webp,0,2025-06-10T11:55:43+00:00
1f1438d1-996f-4999-85cc-1d895a6cfeba,28fbe754-850c-40b3-aeda-d6af688b048f,/photos/28fbe754-850c-40b3-aeda-d6af688b048f/1.webp,1,2025-06-10T11:55:43+00:00
81313958-28cf-4ff4-ab5b-a4086b56ac23,28fbe754-850c-40b3-aeda-d6af688b048f,/photos/28fbe754-850c-40b3-aeda-d6af688b048f/2.webp,2,2025-06-10T11:55:43+00:00
064e4566-b0ad-4a59-b733-745eaebf0f5a,28fbe754-850c-40b3-aeda-d6af688b048f,/photos/28fbe754-850c-40b3-aeda-d6af688b048f/3.webp,3,2025-06-10T11:55:43+00:00
2b65c174-c09d-451c-941f-87d65853d23a,28fbe754-850c-40b3-aeda-d6af688b048f,/photos/28fbe754-850c-40b3-aeda-d6af688b048f/4.webp,4,2025-06-10T11:55:43+00:00
af0cf155-3d50-47e2-ae7f-f218ddb9875a,28fbe754-850c-40b3-aeda-d6af688b048f,/photos/28fbe754-850c-40b3-aeda-d6af688b048f/5.webp,5,2025-06-10T11:55:43+00:00
2ac8a819-dc30-4056-bd6d-a4a1c6517630,28fbe754-850c-40b3-aeda-d6af688b048f,/photos/28fbe754-850c-40b3-aeda-d6af688b048f/6.webp,6,2025-06-10T11:55:43+00:00
3f871a50-6dd8-4c4a-ad4a-60f117e41aec,28fbe754-850c-40b3-aeda-d6af688b048f,/photos/28fbe754-850c-40b3-aeda-d6af688b048f/7.webp,7,2025-06-10T11:55:43+00:00
cf38da08-cd04-4b6e-bb58-c33074041a0c,28fbe754-850c-40b3-aeda-d6af688b048f,/photos/28fbe754-850c-40b3-aeda-d6af688b048f/8.webp,8,2025-06-10T11:55:43+00:00
19b0a38f-2efc-4cc9-ae87-90ab6fd75767,d7598148-747e-463c-a211-26ed00f35a21,/photos/d7598148-747e-463c-a211-26ed00f35a21/0.webp,0,2026-08-15T14:03:37+00:00
49c60c28-c246-41ab-aaae-352633389f85,d7598148-747e-463c-a211-26ed00f35a21,/photos/d7598148-747e-463c-a211-26ed00f35a21/1.webp,1,2026-08-15T14:03:37+00:00
799460bc-aa2e-4274-93b7-343b749f7494,d7598148-747e-463c-a211-26ed00f35a21,/photos/d7598148-747e-463c-a211-26ed00f35a21/2.webp,2,2026-08-15T14:03:37+00:00
f4f7fce5-ce4e-4e3d-abf3-3d1c987d182e,d7598148-747e-463c-a211-26ed00f35a21,/photos/d7598148-747e-463c-a211-26ed00f35a21/3.webp,3,2026-08-15T14:03:37+00:00
866f12b6-2e7f-4519-bfc9-8ae6e8083edd,0041abb8-dc84-430a-9fc9-30fcf056bcb1,/photos/0041abb8-dc84-430a-9fc9-30fcf056bcb1/0.webp,0,2026-07-25T07:13:49+00:00
a48b6b51-e824-4c84-83db-2863c9513e0f,0041abb8-dc84-430a-9fc9-30fcf056bcb1,/photos/0041abb8-dc84-430a-9fc9-30fcf056bcb1/1.webp,1,2026-07-25T07:13:49+00:00
0dfffc8b-5f4e-4fdd-a465-e04c3bdc5284,0041abb8-dc84-430a-9fc9-30fcf056bcb1,/photos/0041abb8-dc84-430a-9fc9-30fcf056bcb1/2.webp,2,2026-07-25T07:13:49+00:00
b13c8b6c-8cab-44c7-98ca-1e853b9299c9,0041abb8-dc84-430a-9fc9-30fcf056bcb1,/photos/0041abb8-dc84-430a-9fc9-30fcf056bcb1/3.webp,3,2026-07-25T07:13:49+00:00
75c997e9-c6a7-48d8-ab9e-311c8f9a04d2,7f412798-7f7a-46fb-9512-45b312967c80,/photos/7f412798-7f7a-46fb-9512-45b312967c80/0.webp,0,2026-08-09T05:39:07+00:00
3d8db81b-9a78-4e44-a513-453bad492e12,7f412798-7f7a-46fb-9512-45b312967c80,/photos/7f412798-7f7a-46fb-9512-45b312967c80/1.webp,1,2026-08-09T05:39:07+00:00
fc217735-85ea-4fb0-a23c-9dc725abbdf8,3ed96cdb-a5a5-4478-80d9-2a2af0d6df27,/photos/3ed96cdb-a5a5-4478-80d9-2a2af0d6df27/0.webp,0,2026-08-07T19:58:38+00:00
d765760e-8bba-4a2e-99d7-0b9958f54582,3ed96cdb-a5a5-4478-80d9-2a2af0d6df27,/photos/3ed96cdb-a5a5-4478-80d9-2a2af0d6df27/1.webp,1,2026-08-07T19:58:38+00:00
34a867f9-8d3e-4c91-a587-3368f57e91bc,3ed96cdb-a5a5-4478-80d9-2a2af0d6df27,/photos/3ed96cdb-a5a5-4478-80d9-2a2af0d6df27/2.webp,2,2026-08-07T19:58:38+00:00
9e0f8022-024f-492b-b636-4486846eba17,6e3e9727-f6c9-4237-9f8c-ad4764579c2d,/photos/6e3e9727-f6c9-4237-9f8c-ad4764579c2d/0.webp,0,2026-06-21T21:19:02+00:00
0c5c5d24-c60f-4d12-98cc-15a0be507d74,6e3e9727-f6c9-4237-9f8c-ad4764579c2d,/photos/6e3e9727-f6c9-4237-9f8c-ad4764579c2d/1.webp,1,2026-06-21T21:19:02+00:00
793e5bda-8a8f-4d6a-9fa6-8d5da7d601aa,6e3e9727-f6c9-4237-9f8c-ad4764579c2d,/photos/6e3e9727-f6c9-4237-9f8c-ad4764579c2d/2.webp,2,2026-06-21T21:19:02+00:00
1424c8ad-16cb-44d8-91e4-264b4c8ddd16,6e3e9727-f6c9-4237-9f8c-ad4764579c2d,/photos/6e3e9727-f6c9-4237-9f8c-ad4764579c2d/3.webp,3,2026-06-21T21:19:02+00:00
5c4830d1-4d1a-4836-9880-f25b58040cee,6e3e9727-f6c9-4237-9f8c-ad4764579c2d,/photos/6e3e9727-f6c9-4237-9f8c-ad4764579c2d/4.webp,4,2026-06-21T21:19:02+00:00
fa270756-1ef2-4513-8fac-ee6625b8ea08,46940786-3094-46b8-bb5b-e602722227b4,/photos/46940786-3094-46b8-bb5b-e602722227b4/0.webp,0,2026-06-07T06:30:12+00:00
aa77b423-1ffd-4c13-b099-79bd433a5a3c,46940786-3094-46b8-bb5b-e602722227b4,/photos/46940786-3094-46b8-bb5b-e602722227b4/1.webp,1,2026-06-07T06:30:12+00:00
d5975d1e-8e9b-4cad-a7cc-b87fab3333c9,46940786-3094-46b8-bb5b-e602722227b4,/photos/46940786-3094-46b8-bb5b-e602722227b4/2.webp,2,2026-06-07T06:30:12+00:00
15c943e4-c8a8-454f-838b-2879de24d033,05155434-487c-49b3-a877-d80ae1f2a333,/photos/05155434-487c-49b3-a877-d80ae1f2a333/0.webp,0,2025-09-18T21:19:41+00:00
5f5db831-47d2-4361-8d87-b7d1cf3f3482,05155434-487c-49b3-a877-d80ae1f2a333,/photos/05155434-487c-49b3-a877-d80ae1f2a333/1.webp,1,2025-09-18T21:19:41+00:00
313e2069-df1d-4d49-94e0-cd740dea3136,05155434-487c-49b3-a877-d80ae1f2a333,/photos/05155434-487c-49b3-a877-d80ae1f2a333/2.webp,2,2025-09-18T21:19:41+00:00
549786dd-e603-49aa-ac25-06463e5c9d66,40c329fb-aaf5-4eaa-b302-60dd5c289025,/photos/40c329fb-aaf5-4eaa-b302-60dd5c289025/0.webp,0,2026-08-20T13:10:56+00:00
1bbe3752-32ff-499a-95b0-7a315f177ecd,40c329fb-aaf5-4eaa-b302-60dd5c289025,/photos/40c329fb-aaf5-4eaa-b302-60dd5c289025/1.webp,1,2026-08-20T13:10:56+00:00
54394564-23dc-4a7b-a23b-0e1e5b52e80a,40c329fb-aaf5-4eaa-b302-60dd5c289025,/photos/40c329fb-aaf5-4eaa-b302-60dd5c289025/2.webp,2,2026-08-20T13:10:56+00:00
a29ce83a-832e-4bf6-8d06-07220c89b4d8,40c329fb-aaf5-4eaa-b302-60dd5c289025,/photos/40c329fb-aaf5-4eaa-b302-60dd5c289025/3.webp,3,2026-08-20T13:10:56+00:00
c7e6dba6-7136-42c4-a483-254909119218,40c329fb-aaf5-4eaa-b302-60dd5c289025,/photos/40c329fb-aaf5-4eaa-b302-60dd5c289025/4.webp,4,2026-08-20T13:10:56+00:00
8e0c266e-56dc-4d16-9728-375c11ef667c,1df1670e-37ad-467d-bc1c-5bd9aecc8a26,/photos/1df1670e-37ad-467d-bc1c-5bd9aecc8a26/0.webp,0,2026-05-31T17:21:44+00:00
34683250-8f84-42cd-a5d0-71bfa9184fbe,baaf9c55-0fff-480b-ba33-2cf2021b108d,/photos/baaf9c55-0fff-480b-ba33-2cf2021b108d/0.webp,0,2026-08-22T17:23:25+00:00
efd9e06e-4571-4d57-a7df-2cf92a614379,baaf9c55-0fff-480b-ba33-2cf2021b108d,/photos/baaf9c55-0fff-480b-ba33-2cf2021b108d/1.webp,1,2026-08-22T17:23:25+00:00
fb7b8020-2c9a-4653-8974-2c333828afd0,baaf9c55-0fff-480b-ba33-2cf2021b108d,/photos/baaf9c55-0fff-480b-ba33-2cf2021b108d/2.webp,2,2026-08-22T17:23:25+00:00
54f111a4-ca81-4363-945c-9ca7a23efe96,baaf9c55-0fff-480b-ba33-2cf2021b108d,/photos/baaf9c55-0fff-480b-ba33-2cf2021b108d/3.webp,3,2026-08-22T17:23:25+00:00
43843f64-125a-4763-852c-befeef33fd3b,baaf9c55-0fff-480b-ba33-2cf2021b108d,/photos/baaf9c55-0fff-480b-ba33-2cf2021b108d/4.webp,4,2026-08-22T17:23:25+00:00
6c9b6e8f-b2a7-4c59-933d-7ca5f32afb29,baaf9c55-0fff-480b-ba33-2cf2021b108d,/photos/baaf9c55-0fff-480b-ba33-2cf2021b108d/5.webp,5,2026-08-22T17:23:25+00:00
7a7c492b-64d9-4f76-9707-ca8609b74479,baaf9c55-0fff-480b-ba33-2cf2021b108d,/photos/baaf9c55-0fff-480b-ba33-2cf2021b108d/6.webp,6,2026-08-22T17:23:25+00:00
1d1baa75-855c-4ec9-90cc-7c3890905191,baaf9c55-0fff-480b-ba33-2cf2021b108d,/photos/baaf9c55-0fff-480b-ba33-2cf2021b108d/7.webp,7,2026-08-22T17:23:25+00:00
c50c0578-159d-4011-a0b3-db84707351a9,456639d9-b18e-4ab0-aabf-917306b478a4,/photos/456639d9-b18e-4ab0-aabf-917306b478a4/0.webp,0,2025-06-30T12:08:36+00:00
dd19fbb2-ea8b-4f89-a4ce-cbdd37cf73c5,456639d9-b18e-4ab0-aabf-917306b478a4,/photos/456639d9-b18e-4ab0-aabf-917306b478a4/1.webp,1,2025-06-30T12:08:36+00:00
6f556748-54d9-4ab2-8d62-d9cb610a1ef4,456639d9-b18e-4ab0-aabf-917306b478a4,/photos/456639d9-b18e-4ab0-aabf-917306b478a4/2.webp,2,2025-06-30T12:08:36+00:00
37557175-16ba-48af-8c6b-ebd209b817a7,456639d9-b18e-4ab0-aabf-917306b478a4,/photos/456639d9-b18e-4ab0-aabf-917306b478a4/3.webp,3,2025-06-30T12:08:36+00:00
52ba09a9-6b8a-4764-9d76-6b02202c33f1,456639d9-b18e-4ab0-aabf-917306b478a4,/photos/456639d9-b18e-4ab0-aabf-917306b478a4/4.webp,4,2025-06-30T12:08:36+00:00
059068e1-be00-43bc-a404-3f71180d5e5c,456639d9-b18e-4ab0-aabf-917306b478a4,/photos/456639d9-b18e-4ab0-aabf-917306b478a4/5.webp,5,2025-06-30T12:08:36+00:00
4bb2d762-e71e-479c-aa1a-29f763cebd2d,456639d9-b18e-4ab0-aabf-917306b478a4,/photos/456639d9-b18e-4ab0-aabf-917306b478a4/6.webp,6,2025-06-30T12:08:36+00:00
2369c39a-f0eb-4def-b129-56248b7ffff6,fc8b3fc6-a32b-4f33-a353-4f2a174e99e0,/photos/fc8b3fc6-a32b-4f33-a353-4f2a174e99e0/0.webp,0,2026-08-07T13:07:59+00:00
bfa2d7bb-cb51-4168-b68a-508497c5bb42,fc8b3fc6-a32b-4f33-a353-4f2a174e99e0,/photos/fc8b3fc6-a32b-4f33-a353-4f2a174e99e0/1.webp,1,2026-08-07T13:07:59+00:00
a9143f5d-e25c-41b8-b24c-91e4d6e880a5,fc8b3fc6-a32b-4f33-a353-4f2a174e99e0,/photos/fc8b3fc6-a32b-4f33-a353-4f2a174e99e0/2.webp,2,2026-08-07T13:07:59+00:00
6ce6f5ff-af17-4e8f-a408-9c5da939736c,fc8b3fc6-a32b-4f33-a353-4f2a174e99e0,/photos/fc8b3fc6-a32b-4f33-a353-4f2a174e99e0/3.webp,3,2026-08-07T13:07:59+00:00
241828b1-d841-48d5-ace7-b527aa97b50d,fc8b3fc6-a32b-4f33-a353-4f2a174e99e0,/photos/fc8b3fc6-a32b-4f33-a353-4f2a174e99e0/4.webp,4,2026-08-07T13:07:59+00:00
7887454d-8574-4031-babd-16a3ad0040dd,fc8b3fc6-a32b-4f33-a353-4f2a174e99e0,/photos/fc8b3fc6-a32b-4f33-a353-4f2a174e99e0/5.webp,5,2026-08-07T13:07:59+00:00
fe1d0b09-58b1-447c-bd20-c32d9af933b7,fc8b3fc6-a32b-4f33-a353-4f2a174e99e0,/photos/fc8b3fc6-a32b-4f33-a353-4f2a174e99e0/6.webp,6,2026-08-07T13:07:59+00:00
a705e6cb-64b3-443f-a35a-b8d4020459a8,4c61ea7e-3b50-4ac2-a7e2-34787dccd6d7,/photos/4c61ea7e-3b50-4ac2-a7e2-34787dccd6d7/0.webp,0,2025-06-22T22:28:03+00:00
c674832b-174a-4c8b-9403-1f2801e30654,4c61ea7e-3b50-4ac2-a7e2-34787dccd6d7,/photos/4c61ea7e-3b50-4ac2-a7e2-34787dccd6d7/1.webp,1,2025-06-22T22:28:03+00:00
90859782-89b3-4cf9-87ba-60c0a1bf16e0,4c61ea7e-3b50-4ac2-a7e2-34787dccd6d7,/photos/4c61ea7e-3b50-4ac2-a7e2-34787dccd6d7/2.webp,2,2025-06-22T22:28:03+00:00
70976a9a-2975-4b44-bb12-c2fc0622a209,4c61ea7e-3b50-4ac2-a7e2-34787dccd6d7,/photos/4c61ea7e-3b50-4ac2-a7e2-34787dccd6d7/3.webp,3,2025-06-22T22:28:03+00:00
61cd14c9-c589-4a4e-8565-a0d2ef8a6c74,4c61ea7e-3b50-4ac2-a7e2-34787dccd6d7,/photos/4c61ea7e-3b50-4ac2-a7e2-34787dccd6d7/4.webp,4,2025-06-22T22:28:03+00:00
5954920d-6175-4cba-8caa-b3cdf21a09e4,4c61ea7e-3b50-4ac2-a7e2-34787dccd6d7,/photos/4c61ea7e-3b50-4ac2-a7e2-34787dccd6d7/5.webp,5,2025-06-22T22:28:03+00:00
b2ec28c4-99ea-47a2-849e-849b71b8e802,4c61ea7e-3b50-4ac2-a7e2-34787dccd6d7,/photos/4c61ea7e-3b50-4ac2-a7e2-34787dccd6d7/6.webp,6,2025-06-22T22:28:03+00:00
4f7c7c23-1fb9-4ac6-9fc1-4002316f84d3,d916a321-e749-4fc3-9ddb-537d352b3a90,/photos/d916a321-e749-4fc3-9ddb-537d352b3a90/0.webp,0,2026-05-31T07:42:54+00:00
58b5c5d8-ef94-49d2-b3be-48b323a14d05,71e43f97-5cb6-4405-bb99-f05bbf9981ab,/photos/71e43f97-5cb6-4405-bb99-f05bbf9981ab/0.webp,0,2025-08-02T23:49:04+00:00
d769bb62-b411-41b0-8322-ecc2d0549e7a,71e43f97-5cb6-4405-bb99-f05bbf9981ab,/photos/71e43f97-5cb6-4405-bb99-f05bbf9981ab/1.webp,1,2025-08-02T23:49:04+00:00
42677b72-cf35-41eb-aebc-2cdd39ae0630,71e43f97-5cb6-4405-bb99-f05bbf9981ab,/photos/71e43f97-5cb6-4405-bb99-f05bbf9981ab/2.webp,2,2025-08-02T23:49:04+00:00
cb2a25b7-0a36-4b02-bf5d-4fdb89067a75,71e43f97-5cb6-4405-bb99-f05bbf9981ab,/photos/71e43f97-5cb6-4405-bb99-f05bbf9981ab/3.webp,3,2025-08-02T23:49:04+00:00
be82c13e-a0ff-4dc7-96cf-019d58c25ef7,9ac2fa96-0080-40bf-81dd-06ea52b8f2ed,/photos/9ac2fa96-0080-40bf-81dd-06ea52b8f2ed/0.webp,0,2025-07-11T12:45:36+00:00
a25d04b6-89f5-4f0f-9f7c-59a4ab2bc973,9ac2fa96-0080-40bf-81dd-06ea52b8f2ed,/photos/9ac2fa96-0080-40bf-81dd-06ea52b8f2ed/1.webp,1,2025-07-11T12:45:36+00:00
582fc11e-03b6-4fa0-8c75-cd7240d531ca,3422011f-686a-4940-ad05-75de164c4f2b,/photos/3422011f-686a-4940-ad05-75de164c4f2b/0.webp,0,2026-04-18T15:24:44+00:00
ec8f788f-5445-4840-9ac5-17c59d3e96ac,3422011f-686a-4940-ad05-75de164c4f2b,/photos/3422011f-686a-4940-ad05-75de164c4f2b/1.webp,1,2026-04-18T15:24:44+00:00
e21439f4-dabf-43af-9920-66df13222005,3422011f-686a-4940-ad05-75de164c4f2b,/photos/3422011f-686a-4940-ad05-75de164c4f2b/2.webp,2,2026-04-18T15:24:44+00:00
ae708fcf-b5dd-4264-bce7-a94e4b59af04,f95a32fc-36e4-47f9-9fac-6dd2577d3c9a,/photos/f95a32fc-36e4-47f9-9fac-6dd2577d3c9a/0.webp,0,2026-08-27T17:56:22+00:00
0d5dd954-e3bf-41f4-b97c-be95026949f7,f95a32fc-36e4-47f9-9fac-6dd2577d3c9a,/photos/f95a32fc-36e4-47f9-9fac-6dd2577d3c9a/1.webp,1,2026-08-27T17:56:22+00:00
6f0a2fd7-59c5-4978-bb6c-318d33dbf0ad,f95a32fc-36e4-47f9-9fac-6dd2577d3c9a,/photos/f95a32fc-36e4-47f9-9fac-6dd2577d3c9a/2.webp,2,2026-08-27T17:56:22+00:00
ea19eac4-999a-4ef0-91c6-6264bee0d7bb,f95a32fc-36e4-47f9-9fac-6dd2577d3c9a,/photos/f95a32fc-36e4-47f9-9fac-6dd2577d3c9a/3.webp,3,2026-08-27T17:56:22+00:00
9cfc84d7-1f54-4794-a685-e912ad640202,f95a32fc-36e4-47f9-9fac-6dd2577d3c9a,/photos/f95a32fc-36e4-47f9-9fac-6dd2577d3c9a/4.webp,4,2026-08-27T17:56:22+00:00
ed896098-ecc2-4e7c-a758-41594e5dfb27,3ee98c7c-6680-4959-9db3-bc51a8f98772,/photos/3ee98c7c-6680-4959-9db3-bc51a8f98772/0.webp,0,2026-08-01T23:50:21+00:00
35949ac7-cbaa-43f6-8489-9fc01e5bb8f9,3ee98c7c-6680-4959-9db3-bc51a8f98772,/photos/3ee98c7c-6680-4959-9db3-bc51a8f98772/1.webp,1,2026-08-01T23:50:21+00:00
a52902e5-ba9e-40d6-9882-c14c910f38a0,3ee98c7c-6680-4959-9db3-bc51a8f98772,/photos/3ee98c7c-6680-4959-9db3-bc51a8f98772/2.webp,2,2026-08-01T23:50:21+00:00
49a6ebf6-10d8-4a30-bd1a-1dde238e7965,3ee98c7c-6680-4959-9db3-bc51a8f98772,/photos/3ee98c7c-6680-4959-9db3-bc51a8f98772/3.webp,3,2026-08-01T23:50:21+00:00
57868e12-e189-4bbb-8ebe-bae4d92c5cfc,3ee98c7c-6680-4959-9db3-bc51a8f98772,/photos/3ee98c7c-6680-4959-9db3-bc51a8f98772/4.webp,4,2026-08-01T23:50:21+00:00
f8f596ae-4fac-4fb1-a5f8-3ee1ad28c0c6,3ee98c7c-6680-4959-9db3-bc51a8f98772,/photos/3ee98c7c-6680-4959-9db3-bc51a8f98772/5.webp,5,2026-08-01T23:50:21+00:00
1f68daa2-ae1b-43e3-ab86-b798f9d55837,3ee98c7c-6680-4959-9db3-bc51a8f98772,/photos/3ee98c7c-6680-4959-9db3-bc51a8f98772/6.webp,6,2026-08-01T23:50:21+00:00
01c887e4-bf54-498a-9a27-a9aa0f98c350,c42d0ae6-e163-4efd-8c12-619c1070c8cc,/photos/c42d0ae6-e163-4efd-8c12-619c1070c8cc/0.webp,0,2026-08-03T04:53:25+00:00
b04c10f6-76bb-4d0b-9219-8eb728a9256f,c42d0ae6-e163-4efd-8c12-619c1070c8cc,/photos/c42d0ae6-e163-4efd-8c12-619c1070c8cc/1.webp,1,2026-08-03T04:53:25+00:00
ab0b361a-d654-41b2-b4b3-54432a7cfc49,c42d0ae6-e163-4efd-8c12-619c1070c8cc,/photos/c42d0ae6-e163-4efd-8c12-619c1070c8cc/2.webp,2,2026-08-03T04:53:25+00:00
1fd7398d-60e9-46b8-8329-4c90bad21e6f,c42d0ae6-e163-4efd-8c12-619c1070c8cc,/photos/c42d0ae6-e163-4efd-8c12-619c1070c8cc/3.webp,3,2026-08-03T04:53:25+00:00
a93f03bb-729d-4272-8384-2bdd68315bae,79ad5dff-acd4-4be3-8c63-3e68021fa5e0,/photos/79ad5dff-acd4-4be3-8c63-3e68021fa5e0/0.webp,0,2026-06-11T04:53:38+00:00
f55c8f08-13bf-4c25-ba0a-85d9e81ad5d1,79ad5dff-acd4-4be3-8c63-3e68021fa5e0,/photos/79ad5dff-acd4-4be3-8c63-3e68021fa5e0/1.webp,1,2026-06-11T04:53:38+00:00
6151635a-c1b7-44e6-bf2c-42f3a2c82034,79ad5dff-acd4-4be3-8c63-3e68021fa5e0,/photos/79ad5dff-acd4-4be3-8c63-3e68021fa5e0/2.webp,2,2026-06-11T04:53:38+00:00
9552930b-4884-4062-81ed-144e419b366e,677c36e5-373c-409c-b251-b4a42c55d5ce,/photos/677c36e5-373c-409c-b251-b4a42c55d5ce/0.webp,0,2025-06-03T05:49:58+00:00
900ca92f-79ea-4dff-a61e-ec885fd2aea4,677c36e5-373c-409c-b251-b4a42c55d5ce,/photos/677c36e5-373c-409c-b251-b4a42c55d5ce/1.webp,1,2025-06-03T05:49:58+00:00
b6e13709-11c2-4eb3-83fe-a7e4788f0d15,677c36e5-373c-409c-b251-b4a42c55d5ce,/photos/677c36e5-373c-409c-b251-b4a42c55d5ce/2.webp,2,2025-06-03T05:49:58+00:00
eb64b24e-a13a-4748-b6e1-bb87ed08c8fd,677c36e5-373c-409c-b251-b4a42c55d5ce,/photos/677c36e5-373c-409c-b251-b4a42c55d5ce/3.webp,3,2025-06-03T05:49:58+00:00
2bfb8c8d-bf8a-4df5-a1e7-fc22e88dbc7c,677c36e5-373c-409c-b251-b4a42c55d5ce,/photos/677c36e5-373c-409c-b251-b4a42c55d5ce/4.webp,4,2025-06-03T05:49:58+00:00
1ffceaee-dae4-4369-ad44-0f545c5b054a,677c36e5-373c-409c-b251-b4a42c55d5ce,/photos/677c36e5-373c-409c-b251-b4a42c55d5ce/5.webp,5,2025-06-03T05:49:58+00:00
00b47fed-3538-48ab-a319-d87ad2e434e6,677c36e5-373c-409c-b251-b4a42c55d5ce,/photos/677c36e5-373c-409c-b251-b4a42c55d5ce/6.webp,6,2025-06-03T05:49:58+00:00
bbe7058e-73b2-4b7a-88d7-09c391796745,8b4e1977-7a48-4726-81c5-3ef4f4ae7f12,/photos/8b4e1977-7a48-4726-81c5-3ef4f4ae7f12/0.webp,0,2025-07-22T11:41:18+00:00
88afe23b-54d7-4a8c-a485-24662398bf7f,8b4e1977-7a48-4726-81c5-3ef4f4ae7f12,/photos/8b4e1977-7a48-4726-81c5-3ef4f4ae7f12/1.webp,1,2025-07-22T11:41:18+00:00
164e96c9-1949-4771-a56f-22c4719ddb74,8b4e1977-7a48-4726-81c5-3ef4f4ae7f12,/photos/8b4e1977-7a48-4726-81c5-3ef4f4ae7f12/2.webp,2,2025-07-22T11:41:18+00:00
a52e8155-4900-4283-b2f8-32a52ea34813,8b4e1977-7a48-4726-81c5-3ef4f4ae7f12,/photos/8b4e1977-7a48-4726-81c5-3ef4f4ae7f12/3.webp,3,2025-07-22T11:41:18+00:00
1f6ef926-2b2a-4031-a0fc-8406bd449a5e,74b2d4de-ed2b-4e31-bc5b-a228288a9107,/photos/74b2d4de-ed2b-4e31-bc5b-a228288a9107/0.webp,0,2025-05-09T01:35:48+00:00
e9c8b31a-d98a-4bd9-821a-e3ca7b81548a,74b2d4de-ed2b-4e31-bc5b-a228288a9107,/photos/74b2d4de-ed2b-4e31-bc5b-a228288a9107/1.webp,1,2025-05-09T01:35:48+00:00
6d9c11d9-9ce7-4614-a64b-5c75f4d7dc7c,74b2d4de-ed2b-4e31-bc5b-a228288a9107,/photos/74b2d4de-ed2b-4e31-bc5b-a228288a9107/2.webp,2,2025-05-09T01:35:48+00:00
ac39717e-9c7b-4141-9aa3-6cc135414c9b,74b2d4de-ed2b-4e31-bc5b-a228288a9107,/photos/74b2d4de-ed2b-4e31-bc5b-a228288a9107/3.webp,3,2025-05-09T01:35:48+00:00
96335a23-32ff-4667-be94-069a8cb83831,30b37eb6-1bc4-41c8-9bcd-065c35cf3998,/photos/30b37eb6-1bc4-41c8-9bcd-065c35cf3998/0.webp,0,2026-07-27T14:26:08+00:00
3dfa4e2e-fdd6-4dd7-8877-a795211a9290,30b37eb6-1bc4-41c8-9bcd-065c35cf3998,/photos/30b37eb6-1bc4-41c8-9bcd-065c35cf3998/1.webp,1,2026-07-27T14:26:08+00:00
ef40ff77-70a5-4a77-9a45-e4ecb895cb74,30b37eb6-1bc4-41c8-9bcd-065c35cf3998,/photos/30b37eb6-1bc4-41c8-9bcd-065c35cf3998/2.webp,2,2026-07-27T14:26:08+00:00
c1832598-c5be-448b-834c-eab682eae243,30b37eb6-1bc4-41c8-9bcd-065c35cf3998,/photos/30b37eb6-1bc4-41c8-9bcd-065c35cf3998/3.webp,3,2026-07-27T14:26:08+00:00
307857d0-58ab-4557-8bde-87bc63c807c3,eda46f92-1199-410d-aac6-bd911cb65070,/photos/eda46f92-1199-410d-aac6-bd911cb65070/0.webp,0,2025-08-01T01:42:00+00:00
a6763edd-dcef-4eb3-b641-fdf2a765e411,eda46f92-1199-410d-aac6-bd911cb65070,/photos/eda46f92-1199-410d-aac6-bd911cb65070/1.webp,1,2025-08-01T01:42:00+00:00
8ae65731-cb4c-448d-bd93-29e8ca6b5aa0,eda46f92-1199-410d-aac6-bd911cb65070,/photos/eda46f92-1199-410d-aac6-bd911cb65070/2.webp,2,2025-08-01T01:42:00+00:00
c003873b-33e9-4a79-b06d-e04df3cea050,78adfbea-be15-4b86-b26b-dcaf3b6e8f1a,/photos/78adfbea-be15-4b86-b26b-dcaf3b6e8f1a/0.webp,0,2026-06-21T17:15:31+00:00
937b3948-62f4-4669-8c79-a3e055bccf17,78adfbea-be15-4b86-b26b-dcaf3b6e8f1a,/photos/78adfbea-be15-4b86-b26b-dcaf3b6e8f1a/1.webp,1,2026-06-21T17:15:31+00:00
9b782bb6-a3e5-41c2-aefa-1010708feb4b,78adfbea-be15-4b86-b26b-dcaf3b6e8f1a,/photos/78adfbea-be15-4b86-b26b-dcaf3b6e8f1a/2.webp,2,2026-06-21T17:15:31+00:00
000d8952-77d8-493c-8265-c6616bda03ab,78adfbea-be15-4b86-b26b-dcaf3b6e8f1a,/photos/78adfbea-be15-4b86-b26b-dcaf3b6e8f1a/3.webp,3,2026-06-21T17:15:31+00:00
e93781bc-6908-4398-93bf-24f78899e151,78adfbea-be15-4b86-b26b-dcaf3b6e8f1a,/photos/78adfbea-be15-4b86-b26b-dcaf3b6e8f1a/4.webp,4,2026-06-21T17:15:31+00:00
54c9baa6-637d-4de6-ac34-4552fa096f8b,78adfbea-be15-4b86-b26b-dcaf3b6e8f1a,/photos/78adfbea-be15-4b86-b26b-dcaf3b6e8f1a/5.webp,5,2026-06-21T17:15:31+00:00
3ce596ae-95dd-4f8a-be75-90b24b82cac2,78adfbea-be15-4b86-b26b-dcaf3b6e8f1a,/photos/78adfbea-be15-4b86-b26b-dcaf3b6e8f1a/6.webp,6,2026-06-21T17:15:31+00:00
17529b29-a3b5-49b9-9b78-24a67337d576,2ea20817-7259-4f7e-baa0-e90e383eced6,/photos/2ea20817-7259-4f7e-baa0-e90e383eced6/0.webp,0,2026-08-25T13:50:42+00:00
24a5a54a-a5da-4ef3-a8e9-b00b7806d97c,2ea20817-7259-4f7e-baa0-e90e383eced6,/photos/2ea20817-7259-4f7e-baa0-e90e383eced6/1.webp,1,2026-08-25T13:50:42+00:00
c9d6c6d0-287e-4b5a-baf4-8405bdf0b714,2ea20817-7259-4f7e-baa0-e90e383eced6,/photos/2ea20817-7259-4f7e-baa0-e90e383eced6/2.webp,2,2026-08-25T13:50:42+00:00
dbdce670-02ef-42b5-980c-af3809bdb481,2ea20817-7259-4f7e-baa0-e90e383eced6,/photos/2ea20817-7259-4f7e-baa0-e90e383eced6/3.webp,3,2026-08-25T13:50:42+00:00
7355709f-2d91-4d25-85df-7dc12906de18,2ea20817-7259-4f7e-baa0-e90e383eced6,/photos/2ea20817-7259-4f7e-baa0-e90e383eced6/4.webp,4,2026-08-25T13:50:42+00:00
2f0ad09a-2891-49a0-80bb-9daa843abe3b,2274e184-e761-4463-ac5d-cf47da33c277,/photos/2274e184-e761-4463-ac5d-cf47da33c277/0.webp,0,2024-08-23T21:02:37+00:00
06fe59e3-6001-40d0-a9b8-155a92a78189,2274e184-e761-4463-ac5d-cf47da33c277,/photos/2274e184-e761-4463-ac5d-cf47da33c277/1.webp,1,2024-08-23T21:02:37+00:00
fab8b080-ab78-490f-83d9-1ee3dcf7aa5d,34556ba1-6f49-402d-a87d-f41be52f98ae,/photos/34556ba1-6f49-402d-a87d-f41be52f98ae/0.webp,0,2024-09-21T05:39:38+00:00
7f874285-4cbe-45c0-a007-7c07a410869a,34556ba1-6f49-402d-a87d-f41be52f98ae,/photos/34556ba1-6f49-402d-a87d-f41be52f98ae/1.webp,1,2024-09-21T05:39:38+00:00
289f5e45-6f02-481e-86d1-2fcb6d17daed,bc03a378-f45b-4e5b-b410-9bdf34272a8e,/photos/bc03a378-f45b-4e5b-b410-9bdf34272a8e/0.webp,0,2026-06-21T11:40:40+00:00
957e6de1-f314-4a3e-99eb-ecdfacb920a9,bc03a378-f45b-4e5b-b410-9bdf34272a8e,/photos/bc03a378-f45b-4e5b-b410-9bdf34272a8e/1.webp,1,2026-06-21T11:40:40+00:00
a1475f76-0fa9-43e8-96c3-4c210d4d0f9b,bc03a378-f45b-4e5b-b410-9bdf34272a8e,/photos/bc03a378-f45b-4e5b-b410-9bdf34272a8e/2.webp,2,2026-06-21T11:40:40+00:00
253c15a7-fd1d-441b-b801-379d67c21a22,bc03a378-f45b-4e5b-b410-9bdf34272a8e,/photos/bc03a378-f45b-4e5b-b410-9bdf34272a8e/3.webp,3,2026-06-21T11:40:40+00:00
f7ffa569-41fa-46cd-8888-b3e53614b18b,bc03a378-f45b-4e5b-b410-9bdf34272a8e,/photos/bc03a378-f45b-4e5b-b410-9bdf34272a8e/4.webp,4,2026-06-21T11:40:40+00:00
28b31b28-853b-4042-8096-0cf5e6416f16,bc03a378-f45b-4e5b-b410-9bdf34272a8e,/photos/bc03a378-f45b-4e5b-b410-9bdf34272a8e/5.webp,5,2026-06-21T11:40:40+00:00
c08355bb-fc3e-4576-919c-806bc27a26fb,eb621914-6db2-44f2-a637-6be7046a22bf,/photos/eb621914-6db2-44f2-a637-6be7046a22bf/0.webp,0,2025-08-22T04:10:21+00:00
99b31415-0f3e-4167-8118-7529de9bf9e2,eb621914-6db2-44f2-a637-6be7046a22bf,/photos/eb621914-6db2-44f2-a637-6be7046a22bf/1.webp,1,2025-08-22T04:10:21+00:00
13efe078-f797-4285-87de-2d932a6ae7a2,eb621914-6db2-44f2-a637-6be7046a22bf,/photos/eb621914-6db2-44f2-a637-6be7046a22bf/2.webp,2,2025-08-22T04:10:21+00:00
902982e2-47a4-4cba-9a26-380e589cafb9,eb621914-6db2-44f2-a637-6be7046a22bf,/photos/eb621914-6db2-44f2-a637-6be7046a22bf/3.webp,3,2025-08-22T04:10:21+00:00
d461c388-9674-4faf-912b-e0cd70a04cae,eb621914-6db2-44f2-a637-6be7046a22bf,/photos/eb621914-6db2-44f2-a637-6be7046a22bf/4.webp,4,2025-08-22T04:10:21+00:00
31730537-5418-44f3-8a36-fe6871ff5c4c,7febdda4-d4f7-42c1-8a5b-3b2a32aef295,/photos/7febdda4-d4f7-42c1-8a5b-3b2a32aef295/0.webp,0,2026-05-15T12:42:41+00:00
9aa5aed3-7bd5-4396-a74e-b3e4f82248fe,7febdda4-d4f7-42c1-8a5b-3b2a32aef295,/photos/7febdda4-d4f7-42c1-8a5b-3b2a32aef295/1.webp,1,2026-05-15T12:42:41+00:00
f855cdac-4458-4b7d-b5b6-28d3ae8b84d9,afc67b98-767d-446e-8d42-611736d8033a,/photos/afc67b98-767d-446e-8d42-611736d8033a/0.webp,0,2026-08-21T03:33:23+00:00
b134557b-3fbb-4685-bc6e-cc4fd9a3fef2,afc67b98-767d-446e-8d42-611736d8033a,/photos/afc67b98-767d-446e-8d42-611736d8033a/1.webp,1,2026-08-21T03:33:23+00:00
76ff3bec-9b81-489d-8100-c1c0cf60b067,afc67b98-767d-446e-8d42-611736d8033a,/photos/afc67b98-767d-446e-8d42-611736d8033a/2.webp,2,2026-08-21T03:33:23+00:00
e87394cd-927d-4650-9a98-d6d068dc09b0,afc67b98-767d-446e-8d42-611736d8033a,/photos/afc67b98-767d-446e-8d42-611736d8033a/3.webp,3,2026-08-21T03:33:23+00:00
1a46b96f-e086-40de-a6f1-15132e76af81,afc67b98-767d-446e-8d42-611736d8033a,/photos/afc67b98-767d-446e-8d42-611736d8033a/4.webp,4,2026-08-21T03:33:23+00:00
5b05bd1c-ddb4-4069-b21b-8e2ad7487eb1,afc67b98-767d-446e-8d42-611736d8033a,/photos/afc67b98-767d-446e-8d42-611736d8033a/5.webp,5,2026-08-21T03:33:23+00:00
c7ffd6a1-8cb4-4e9f-a35c-a7d8554757b9,afc67b98-767d-446e-8d42-611736d8033a,/photos/afc67b98-767d-446e-8d42-611736d8033a/6.webp,6,2026-08-21T03:33:23+00:00
1a071375-542a-49ed-9e1f-919cc9e3311b,afc67b98-767d-446e-8d42-611736d8033a,/photos/afc67b98-767d-446e-8d42-611736d8033a/7.webp,7,2026-08-21T03:33:23+00:00
dcc5a7cb-e37c-4a06-8ed5-ff89a272f7a9,afc67b98-767d-446e-8d42-611736d8033a,/photos/afc67b98-767d-446e-8d42-611736d8033a/8.webp,8,2026-08-21T03:33:23+00:00
76908d8f-4376-4a27-8cc3-356a5700c613,f84e75ca-14ab-448a-8f04-919b2d3239d0,/photos/f84e75ca-14ab-448a-8f04-919b2d3239d0/0.webp,0,2025-09-08T19:08:10+00:00
4e7d40f5-e2ea-4836-9bd4-57cc228ca17d,f84e75ca-14ab-448a-8f04-919b2d3239d0,/photos/f84e75ca-14ab-448a-8f04-919b2d3239d0/1.webp,1,2025-09-08T19:08:10+00:00
2cc0847d-3fa6-4d8f-b1d6-146177fbcf7d,f84e75ca-14ab-448a-8f04-919b2d3239d0,/photos/f84e75ca-14ab-448a-8f04-919b2d3239d0/2.webp,2,2025-09-08T19:08:10+00:00
99685a63-4d49-4ac4-bb7f-95c6c81837cd,f84e75ca-14ab-448a-8f04-919b2d3239d0,/photos/f84e75ca-14ab-448a-8f04-919b2d3239d0/3.webp,3,2025-09-08T19:08:10+00:00
eed55eab-1052-4434-8733-f320700acce1,aed382ee-6829-4ce8-86ca-7257b5346258,/photos/aed382ee-6829-4ce8-86ca-7257b5346258/0.webp,0,2026-05-21T13:23:44+00:00
f336c1ef-8753-4a62-85fe-3f10f8352e67,aed382ee-6829-4ce8-86ca-7257b5346258,/photos/aed382ee-6829-4ce8-86ca-7257b5346258/1.webp,1,2026-05-21T13:23:44+00:00
143b587a-c932-4f47-8d76-9e613925c3ba,aed382ee-6829-4ce8-86ca-7257b5346258,/photos/aed382ee-6829-4ce8-86ca-7257b5346258/2.webp,2,2026-05-21T13:23:44+00:00
f6b9b7a8-6951-4d2b-892e-ac2ada69ab24,47d04850-3375-450d-828b-42e8de25528c,/photos/47d04850-3375-450d-828b-42e8de25528c/0.webp,0,2026-01-10T02:37:10+00:00
c19f106c-21e1-4f4c-a451-0f5c710f02e8,1c9caa11-79ff-4b33-af29-fc74dff46389,/photos/1c9caa11-79ff-4b33-af29-fc74dff46389/0.webp,0,2026-01-10T23:02:53+00:00
b6655ffa-00f2-4dcd-84aa-aa380ed9f365,51a6b15a-4347-430d-a6a9-1d747dc27125,/photos/51a6b15a-4347-430d-a6a9-1d747dc27125/0.webp,0,2025-05-01T00:28:02+00:00
81af3068-cf33-4f22-8dea-531a7fbb45ff,51a6b15a-4347-430d-a6a9-1d747dc27125,/photos/51a6b15a-4347-430d-a6a9-1d747dc27125/1.webp,1,2025-05-01T00:28:02+00:00
cc297fc7-c1ce-45c2-8f25-eac65aa42132,51a6b15a-4347-430d-a6a9-1d747dc27125,/photos/51a6b15a-4347-430d-a6a9-1d747dc27125/2.webp,2,2025-05-01T00:28:02+00:00
e45a1771-cb68-4882-abea-e0b12b7efea8,51a6b15a-4347-430d-a6a9-1d747dc27125,/photos/51a6b15a-4347-430d-a6a9-1d747dc27125/3.webp,3,2025-05-01T00:28:02+00:00
cebeb211-f3bc-4e39-bd0a-5c46424fcc17,51a6b15a-4347-430d-a6a9-1d747dc27125,/photos/51a6b15a-4347-430d-a6a9-1d747dc27125/4.webp,4,2025-05-01T00:28:02+00:00
cf5eb9ec-86e4-41e6-bc40-65f595975609,4601169e-db86-4ac5-8747-34554b0366e6,/photos/4601169e-db86-4ac5-8747-34554b0366e6/0.webp,0,2025-05-31T21:18:05+00:00
7099386b-1d35-46f1-9ab5-284bf234aff5,43207b2c-23f3-4f54-897f-559bb70f6032,/photos/43207b2c-23f3-4f54-897f-559bb70f6032/0.webp,0,2026-07-28T13:38:50+00:00
ca9c945b-0826-4835-91b6-3e10c7a6d015,285ce0f1-30b9-4c09-b55d-f4ec871cd10e,/photos/285ce0f1-30b9-4c09-b55d-f4ec871cd10e/0.webp,0,2026-03-08T17:19:31+00:00
005cc9a5-70ff-4975-ae30-6eb0657be619,285ce0f1-30b9-4c09-b55d-f4ec871cd10e,/photos/285ce0f1-30b9-4c09-b55d-f4ec871cd10e/1.webp,1,2026-03-08T17:19:31+00:00
f10a1d46-e55e-4682-9f05-64b1d5a8e7f7,285ce0f1-30b9-4c09-b55d-f4ec871cd10e,/photos/285ce0f1-30b9-4c09-b55d-f4ec871cd10e/2.webp,2,2026-03-08T17:19:31+00:00
8a70e60e-0052-4e9a-864c-d12d3bbd0fa9,285ce0f1-30b9-4c09-b55d-f4ec871cd10e,/photos/285ce0f1-30b9-4c09-b55d-f4ec871cd10e/3.webp,3,2026-03-08T17:19:31+00:00
58be6fe8-73a2-4f9b-88de-08668319c80d,285ce0f1-30b9-4c09-b55d-f4ec871cd10e,/photos/285ce0f1-30b9-4c09-b55d-f4ec871cd10e/4.webp,4,2026-03-08T17:19:31+00:00
fc931366-f13b-49fe-973d-c1fab103146a,285ce0f1-30b9-4c09-b55d-f4ec871cd10e,/photos/285ce0f1-30b9-4c09-b55d-f4ec871cd10e/5.webp,5,2026-03-08T17:19:31+00:00
bad46eec-8488-487e-8f0f-7b8bd21d26bc,285ce0f1-30b9-4c09-b55d-f4ec871cd10e,/photos/285ce0f1-30b9-4c09-b55d-f4ec871cd10e/6.webp,6,2026-03-08T17:19:31+00:00
a0cb2ddb-ee68-4f3e-b555-7d99b8456f4a,285ce0f1-30b9-4c09-b55d-f4ec871cd10e,/photos/285ce0f1-30b9-4c09-b55d-f4ec871cd10e/7.webp,7,2026-03-08T17:19:31+00:00
175260b1-d6c8-478f-b932-6d1e545168ab,285ce0f1-30b9-4c09-b55d-f4ec871cd10e,/photos/285ce0f1-30b9-4c09-b55d-f4ec871cd10e/8.webp,8,2026-03-08T17:19:31+00:00
3824de63-b780-4861-914d-5d945f331bc4,2a4c6daf-00ba-47e3-8de1-8ae14e13a0c7,/photos/2a4c6daf-00ba-47e3-8de1-8ae14e13a0c7/0.webp,0,2026-02-20T18:34:38+00:00
904ecc2a-8fd4-40ca-a220-1d5fcbe1e2a1,2a4c6daf-00ba-47e3-8de1-8ae14e13a0c7,/photos/2a4c6daf-00ba-47e3-8de1-8ae14e13a0c7/1.webp,1,2026-02-20T18:34:38+00:00
77634db7-49f2-48f5-83cb-2fe9e387b9bf,2a4c6daf-00ba-47e3-8de1-8ae14e13a0c7,/photos/2a4c6daf-00ba-47e3-8de1-8ae14e13a0c7/2.webp,2,2026-02-20T18:34:38+00:00
613acfc9-5846-4e00-a50e-7ce05ce60bd1,2a4c6daf-00ba-47e3-8de1-8ae14e13a0c7,/photos/2a4c6daf-00ba-47e3-8de1-8ae14e13a0c7/3.webp,3,2026-02-20T18:34:38+00:00
1753174d-9b18-49eb-a563-233b6fe58843,3c3763ff-d79a-4844-973f-1f165d7965d2,/photos/3c3763ff-d79a-4844-973f-1f165d7965d2/0.webp,0,2026-07-18T12:32:00+00:00
839e3201-9aed-4270-b241-98deadb350f0,3c3763ff-d79a-4844-973f-1f165d7965d2,/photos/3c3763ff-d79a-4844-973f-1f165d7965d2/1.webp,1,2026-07-18T12:32:00+00:00
31d238e2-ad9a-4da5-9c0c-b9a436bf2ec0,3c3763ff-d79a-4844-973f-1f165d7965d2,/photos/3c3763ff-d79a-4844-973f-1f165d7965d2/2.webp,2,2026-07-18T12:32:00+00:00
03c8869a-f5bf-45f6-af6d-9e9a35746ac4,3c3763ff-d79a-4844-973f-1f165d7965d2,/photos/3c3763ff-d79a-4844-973f-1f165d7965d2/3.webp,3,2026-07-18T12:32:00+00:00
eee9050f-80cd-44df-a01c-514cb920a1d6,23346e52-85d0-402b-8f55-f88ae3836716,/photos/23346e52-85d0-402b-8f55-f88ae3836716/0.webp,0,2025-06-05T09:12:23+00:00
1a6be5c6-79a8-4e97-a90e-b6550d34eb4b,23346e52-85d0-402b-8f55-f88ae3836716,/photos/23346e52-85d0-402b-8f55-f88ae3836716/1.webp,1,2025-06-05T09:12:23+00:00
fca58747-a4e3-4752-879f-cebac1188328,23346e52-85d0-402b-8f55-f88ae3836716,/photos/23346e52-85d0-402b-8f55-f88ae3836716/2.webp,2,2025-06-05T09:12:23+00:00
e544baff-9650-4c59-b488-682954c15487,6efbca53-c960-4bb8-b015-44ad24611c8c,/photos/6efbca53-c960-4bb8-b015-44ad24611c8c/0.webp,0,2026-05-04T19:12:39+00:00
9fe4c886-4927-4f82-9ad8-a334be976ff0,6efbca53-c960-4bb8-b015-44ad24611c8c,/photos/6efbca53-c960-4bb8-b015-44ad24611c8c/1.webp,1,2026-05-04T19:12:39+00:00
539d0d68-4283-4bd6-9234-783e5c058917,6efbca53-c960-4bb8-b015-44ad24611c8c,/photos/6efbca53-c960-4bb8-b015-44ad24611c8c/2.webp,2,2026-05-04T19:12:39+00:00
634a5cec-37c3-406f-b84e-308205d4e8d5,6efbca53-c960-4bb8-b015-44ad24611c8c,/photos/6efbca53-c960-4bb8-b015-44ad24611c8c/3.webp,3,2026-05-04T19:12:39+00:00
d07ed07d-17fb-4cd4-ac77-b9545354e312,68fc65f4-bedf-4c80-a7d2-fa4fefae9417,/photos/68fc65f4-bedf-4c80-a7d2-fa4fefae9417/0.webp,0,2025-10-12T14:31:49+00:00
f41f2386-6223-4be1-b5cb-f104b1281953,68fc65f4-bedf-4c80-a7d2-fa4fefae9417,/photos/68fc65f4-bedf-4c80-a7d2-fa4fefae9417/1.webp,1,2025-10-12T14:31:49+00:00
f3151673-2204-4db7-ab1d-d55259d9fbc9,68fc65f4-bedf-4c80-a7d2-fa4fefae9417,/photos/68fc65f4-bedf-4c80-a7d2-fa4fefae9417/2.webp,2,2025-10-12T14:31:49+00:00
05b0ff7c-0636-4edf-88c8-612a5436ab8a,68fc65f4-bedf-4c80-a7d2-fa4fefae9417,/photos/68fc65f4-bedf-4c80-a7d2-fa4fefae9417/3.webp,3,2025-10-12T14:31:49+00:00
e5592d82-bce9-4855-ad00-b00dc50e3e7c,68fc65f4-bedf-4c80-a7d2-fa4fefae9417,/photos/68fc65f4-bedf-4c80-a7d2-fa4fefae9417/4.webp,4,2025-10-12T14:31:49+00:00
398b603d-efe1-4887-a30a-027fc4cd93ab,68fc65f4-bedf-4c80-a7d2-fa4fefae9417,/photos/68fc65f4-bedf-4c80-a7d2-fa4fefae9417/5.webp,5,2025-10-12T14:31:49+00:00
8102aea1-7767-4848-9b15-e18e42e7c559,68fc65f4-bedf-4c80-a7d2-fa4fefae9417,/photos/68fc65f4-bedf-4c80-a7d2-fa4fefae9417/6.webp,6,2025-10-12T14:31:49+00:00
8d9a6a89-f5cc-4fa9-831d-d462c3af8511,68fc65f4-bedf-4c80-a7d2-fa4fefae9417,/photos/68fc65f4-bedf-4c80-a7d2-fa4fefae9417/7.webp,7,2025-10-12T14:31:49+00:00
42761459-2f34-4d8b-b911-b42e7d20f389,68fc65f4-bedf-4c80-a7d2-fa4fefae9417,/photos/68fc65f4-bedf-4c80-a7d2-fa4fefae9417/8.webp,8,2025-10-12T14:31:49+00:00
a29971eb-483a-459e-a919-ffe9b4440e4f,68fc65f4-bedf-4c80-a7d2-fa4fefae9417,/photos/68fc65f4-bedf-4c80-a7d2-fa4fefae9417/9.webp,9,2025-10-12T14:31:49+00:00
eb942c16-eab4-4f95-9bf8-3a1a5df8766c,b71be9ea-43b1-439a-8406-14ef4e12de19,/photos/b71be9ea-43b1-439a-8406-14ef4e12de19/0.webp,0,2026-06-09T06:04:52+00:00
001d46c8-476b-486d-8862-f30f07870dad,b71be9ea-43b1-439a-8406-14ef4e12de19,/photos/b71be9ea-43b1-439a-8406-14ef4e12de19/1.webp,1,2026-06-09T06:04:52+00:00
8cc68887-4649-4248-a48a-10992f8e3149,b71be9ea-43b1-439a-8406-14ef4e12de19,/photos/b71be9ea-43b1-439a-8406-14ef4e12de19/2.webp,2,2026-06-09T06:04:52+00:00
22b6e900-ac1c-4576-ba1c-9044eb42b3a0,b71be9ea-43b1-439a-8406-14ef4e12de19,/photos/b71be9ea-43b1-439a-8406-14ef4e12de19/3.webp,3,2026-06-09T06:04:52+00:00
74ff4066-5e0f-488d-978a-13b6c63069d6,94d1a5d6-3262-4be3-8fa7-50edf3ff87c7,/photos/94d1a5d6-3262-4be3-8fa7-50edf3ff87c7/0.webp,0,2026-08-16T11:33:04+00:00
831bc843-407f-485e-9fe2-f68625f98420,94d1a5d6-3262-4be3-8fa7-50edf3ff87c7,/photos/94d1a5d6-3262-4be3-8fa7-50edf3ff87c7/1.webp,1,2026-08-16T11:33:04+00:00
eec2191a-c89c-4cd3-a999-2911e43494fc,94d1a5d6-3262-4be3-8fa7-50edf3ff87c7,/photos/94d1a5d6-3262-4be3-8fa7-50edf3ff87c7/2.webp,2,2026-08-16T11:33:04+00:00
4f55dd2f-c72d-43c0-b49e-0456e18c6434,94d1a5d6-3262-4be3-8fa7-50edf3ff87c7,/photos/94d1a5d6-3262-4be3-8fa7-50edf3ff87c7/3.webp,3,2026-08-16T11:33:04+00:00
e96af08b-6e73-4bdc-9725-f72106668efd,7f7f1448-33dc-4361-ae54-54e70588eebd,/photos/7f7f1448-33dc-4361-ae54-54e70588eebd/0.webp,0,2026-08-31T18:58:09+00:00
144fb9d1-7322-4ab7-bd30-fa83163c12a8,7f7f1448-33dc-4361-ae54-54e70588eebd,/photos/7f7f1448-33dc-4361-ae54-54e70588eebd/1.webp,1,2026-08-31T18:58:09+00:00
0fe788f7-d6a6-4c7e-9db2-9ea59f0e674b,7f7f1448-33dc-4361-ae54-54e70588eebd,/photos/7f7f1448-33dc-4361-ae54-54e70588eebd/2.webp,2,2026-08-31T18:58:09+00:00
3ebe23dc-6ecd-42c7-b38a-ab28b41ae6d3,7f7f1448-33dc-4361-ae54-54e70588eebd,/photos/7f7f1448-33dc-4361-ae54-54e70588eebd/3.webp,3,2026-08-31T18:58:09+00:00
fea87fe0-ac40-4a21-a056-773ef6d91714,7f7f1448-33dc-4361-ae54-54e70588eebd,/photos/7f7f1448-33dc-4361-ae54-54e70588eebd/4.webp,4,2026-08-31T18:58:09+00:00
0e7af901-02b7-49e0-a48f-0813e1704bdb,7f7f1448-33dc-4361-ae54-54e70588eebd,/photos/7f7f1448-33dc-4361-ae54-54e70588eebd/5.webp,5,2026-08-31T18:58:09+00:00
da55f8ee-6ba9-41c1-ae8f-481e0f0b1c48,7f7f1448-33dc-4361-ae54-54e70588eebd,/photos/7f7f1448-33dc-4361-ae54-54e70588eebd/6.webp,6,2026-08-31T18:58:09+00:00
6a906684-14be-462b-a61d-1978ba9a5cee,7f7f1448-33dc-4361-ae54-54e70588eebd,/photos/7f7f1448-33dc-4361-ae54-54e70588eebd/7.webp,7,2026-08-31T18:58:09+00:00
400275d6-ffaf-4a5b-b82b-26288d5a1062,7f7f1448-33dc-4361-ae54-54e70588eebd,/photos/7f7f1448-33dc-4361-ae54-54e70588eebd/8.webp,8,2026-08-31T18:58:09+00:00
a6275e5c-d373-4348-bce5-494c4853a18b,7f7f1448-33dc-4361-ae54-54e70588eebd,/photos/7f7f1448-33dc-4361-ae54-54e70588eebd/9.webp,9,2026-08-31T18:58:09+00:00
dd94241f-213e-4b30-b550-c4ab4ff08799,464e70a1-b377-41d0-a092-f5cf3bc79aa5,/photos/464e70a1-b377-41d0-a092-f5cf3bc79aa5/0.webp,0,2025-09-12T15:38:48+00:00
de74244f-4de7-42d5-b2de-6d14a0875288,464e70a1-b377-41d0-a092-f5cf3bc79aa5,/photos/464e70a1-b377-41d0-a092-f5cf3bc79aa5/1.webp,1,2025-09-12T15:38:48+00:00
3690b139-4dd1-44fc-8c24-d77afd01c53d,464e70a1-b377-41d0-a092-f5cf3bc79aa5,/photos/464e70a1-b377-41d0-a092-f5cf3bc79aa5/2.webp,2,2025-09-12T15:38:48+00:00
354d8611-f5cf-4ce0-852e-1fe72598afcd,464e70a1-b377-41d0-a092-f5cf3bc79aa5,/photos/464e70a1-b377-41d0-a092-f5cf3bc79aa5/3.webp,3,2025-09-12T15:38:48+00:00
2f836bcc-e4aa-4c84-82e7-a108b77381b9,464e70a1-b377-41d0-a092-f5cf3bc79aa5,/photos/464e70a1-b377-41d0-a092-f5cf3bc79aa5/4.webp,4,2025-09-12T15:38:48+00:00
e5655aab-9ae9-4f3d-b938-8d9ae339fdad,464e70a1-b377-41d0-a092-f5cf3bc79aa5,/photos/464e70a1-b377-41d0-a092-f5cf3bc79aa5/5.webp,5,2025-09-12T15:38:48+00:00
642dc89b-0bfb-4b4b-a2dd-a4e1a5e67534,464e70a1-b377-41d0-a092-f5cf3bc79aa5,/photos/464e70a1-b377-41d0-a092-f5cf3bc79aa5/6.webp,6,2025-09-12T15:38:48+00:00
2d38f3e0-0d7e-4646-96b5-319995dfdcbd,fef8a7b9-4bd8-4ec9-a4cd-745c62f30bba,/photos/fef8a7b9-4bd8-4ec9-a4cd-745c62f30bba/0.webp,0,2025-10-06T05:03:12+00:00
40778deb-5383-46c3-8f07-def0dcacc1ec,2918e7b7-6524-4908-a55e-eee1017ef0b2,/photos/2918e7b7-6524-4908-a55e-eee1017ef0b2/0.webp,0,2026-08-04T09:32:03+00:00
91b09156-13a2-4928-9702-8c755f0a2a27,2918e7b7-6524-4908-a55e-eee1017ef0b2,/photos/2918e7b7-6524-4908-a55e-eee1017ef0b2/1.webp,1,2026-08-04T09:32:03+00:00
2a834ed8-e952-42fd-b766-9ae780747f2a,2918e7b7-6524-4908-a55e-eee1017ef0b2,/photos/2918e7b7-6524-4908-a55e-eee1017ef0b2/2.webp,2,2026-08-04T09:32:03+00:00
6687fa17-4863-4095-af7a-e50b1d7f338c,150a5a10-017c-4ac6-bd2c-ae7dd39d7290,/photos/150a5a10-017c-4ac6-bd2c-ae7dd39d7290/0.webp,0,2026-08-01T18:32:06+00:00
c2654dc5-7017-4aa8-ad1e-281d2780168b,150a5a10-017c-4ac6-bd2c-ae7dd39d7290,/photos/150a5a10-017c-4ac6-bd2c-ae7dd39d7290/1.webp,1,2026-08-01T18:32:06+00:00
0f85f85a-bb6e-4d8c-8f67-4f338a8a3167,150a5a10-017c-4ac6-bd2c-ae7dd39d7290,/photos/150a5a10-017c-4ac6-bd2c-ae7dd39d7290/2.webp,2,2026-08-01T18:32:06+00:00
47a0b08e-577a-48f5-96ff-dd5e5cc60088,150a5a10-017c-4ac6-bd2c-ae7dd39d7290,/photos/150a5a10-017c-4ac6-bd2c-ae7dd39d7290/3.webp,3,2026-08-01T18:32:06+00:00
f28df375-da3c-4ab3-b8ba-413ad1f8fdb3,967696b7-b019-40b8-bf73-deeb1ad04d30,/photos/967696b7-b019-40b8-bf73-deeb1ad04d30/0.webp,0,2025-05-23T00:35:02+00:00
bc0134c9-0352-4ec1-b92d-54086b4db51b,967696b7-b019-40b8-bf73-deeb1ad04d30,/photos/967696b7-b019-40b8-bf73-deeb1ad04d30/1.webp,1,2025-05-23T00:35:02+00:00
a667e43c-3ab5-4d78-8c8b-c5b561265e4e,967696b7-b019-40b8-bf73-deeb1ad04d30,/photos/967696b7-b019-40b8-bf73-deeb1ad04d30/2.webp,2,2025-05-23T00:35:02+00:00
745e997c-ac9d-490d-8e01-3364d2b21976,967696b7-b019-40b8-bf73-deeb1ad04d30,/photos/967696b7-b019-40b8-bf73-deeb1ad04d30/3.webp,3,2025-05-23T00:35:02+00:00
6c484d23-7ede-46dd-80b0-d72ede26d2e1,967696b7-b019-40b8-bf73-deeb1ad04d30,/photos/967696b7-b019-40b8-bf73-deeb1ad04d30/4.webp,4,2025-05-23T00:35:02+00:00
64989ce7-40df-4258-a87e-bbe2901e3914,90632ec4-7ac2-4ef4-a864-e9fab00737cf,/photos/90632ec4-7ac2-4ef4-a864-e9fab00737cf/0.webp,0,2026-05-28T05:06:03+00:00
516d2957-4aea-4165-9fbc-31e849a557f4,90632ec4-7ac2-4ef4-a864-e9fab00737cf,/photos/90632ec4-7ac2-4ef4-a864-e9fab00737cf/1.webp,1,2026-05-28T05:06:03+00:00
94213307-9171-477f-9ddb-a778c9ae55b8,90632ec4-7ac2-4ef4-a864-e9fab00737cf,/photos/90632ec4-7ac2-4ef4-a864-e9fab00737cf/2.webp,2,2026-05-28T05:06:03+00:00
ae6bebc1-5850-4d90-8338-68274a9e9da2,90632ec4-7ac2-4ef4-a864-e9fab00737cf,/photos/90632ec4-7ac2-4ef4-a864-e9fab00737cf/3.webp,3,2026-05-28T05:06:03+00:00
6603ef2d-007e-4998-9230-e48c2a26f40a,90632ec4-7ac2-4ef4-a864-e9fab00737cf,/photos/90632ec4-7ac2-4ef4-a864-e9fab00737cf/4.webp,4,2026-05-28T05:06:03+00:00
d0cd4455-4254-41b3-a39e-c10b7d59d418,90632ec4-7ac2-4ef4-a864-e9fab00737cf,/photos/90632ec4-7ac2-4ef4-a864-e9fab00737cf/5.webp,5,2026-05-28T05:06:03+00:00
cf325e57-612d-4fc1-94b5-2141a87745e0,20d70dcb-f52b-4212-a678-1b7636c93cc3,/photos/20d70dcb-f52b-4212-a678-1b7636c93cc3/0.webp,0,2025-09-28T10:46:16+00:00
3d9454d0-fe1c-48a0-abd4-6408890497bc,20d70dcb-f52b-4212-a678-1b7636c93cc3,/photos/20d70dcb-f52b-4212-a678-1b7636c93cc3/1.webp,1,2025-09-28T10:46:16+00:00
df03c163-0bd8-4933-a472-ada9b9463365,20d70dcb-f52b-4212-a678-1b7636c93cc3,/photos/20d70dcb-f52b-4212-a678-1b7636c93cc3/2.webp,2,2025-09-28T10:46:16+00:00
581949bb-78df-4adc-8e21-e9d1e198098b,20d70dcb-f52b-4212-a678-1b7636c93cc3,/photos/20d70dcb-f52b-4212-a678-1b7636c93cc3/3.webp,3,2025-09-28T10:46:16+00:00
ffc76095-f8e7-415c-8ad8-bbe83ad9fa6b,20d70dcb-f52b-4212-a678-1b7636c93cc3,/photos/20d70dcb-f52b-4212-a678-1b7636c93cc3/4.webp,4,2025-09-28T10:46:16+00:00
092b8193-4b56-40b9-bcd4-aeededdc2b9c,20d70dcb-f52b-4212-a678-1b7636c93cc3,/photos/20d70dcb-f52b-4212-a678-1b7636c93cc3/5.webp,5,2025-09-28T10:46:16+00:00
47577fa1-58c9-4ec2-b5f5-f58ad714d622,20d70dcb-f52b-4212-a678-1b7636c93cc3,/photos/20d70dcb-f52b-4212-a678-1b7636c93cc3/6.webp,6,2025-09-28T10:46:16+00:00
1d2b652b-e151-4563-bf7e-720038ffcb0d,20d70dcb-f52b-4212-a678-1b7636c93cc3,/photos/20d70dcb-f52b-4212-a678-1b7636c93cc3/7.webp,7,2025-09-28T10:46:16+00:00
99ed6842-fd63-448d-b95a-a3963515d53f,0850e33f-3665-4a3a-82ed-6f0539b2223a,/photos/0850e33f-3665-4a3a-82ed-6f0539b2223a/0.webp,0,2026-08-29T04:22:06+00:00
f635cd52-5cdf-4d19-9b48-e2af90447d1e,0e1cf60e-599c-4384-89b2-3aedf6e32460,/photos/0e1cf60e-599c-4384-89b2-3aedf6e32460/0.webp,0,2026-02-12T00:41:51+00:00
d373262c-c250-4d9c-be80-e2e77871821f,0e1cf60e-599c-4384-89b2-3aedf6e32460,/photos/0e1cf60e-599c-4384-89b2-3aedf6e32460/1.webp,1,2026-02-12T00:41:51+00:00
9f78c9a7-abbe-4580-8ca4-0cf6bf4b6009,0e1cf60e-599c-4384-89b2-3aedf6e32460,/photos/0e1cf60e-599c-4384-89b2-3aedf6e32460/2.webp,2,2026-02-12T00:41:51+00:00
065cfc06-02df-458d-9ba5-57fd8cf17476,3d683d67-f2c4-4848-951e-80bb6c93d926,/photos/3d683d67-f2c4-4848-951e-80bb6c93d926/0.webp,0,2026-05-31T16:27:40+00:00
5328b030-7e00-40b1-84e7-8ba780bbaeae,3d683d67-f2c4-4848-951e-80bb6c93d926,/photos/3d683d67-f2c4-4848-951e-80bb6c93d926/1.webp,1,2026-05-31T16:27:40+00:00
4235cc23-d779-414e-929c-82161c05153b,3d683d67-f2c4-4848-951e-80bb6c93d926,/photos/3d683d67-f2c4-4848-951e-80bb6c93d926/2.webp,2,2026-05-31T16:27:40+00:00
bcdbddae-b904-4e36-b7c6-fe911a0d4449,751cb8a1-c85c-4e6b-b02c-317f5e7b3a6f,/photos/751cb8a1-c85c-4e6b-b02c-317f5e7b3a6f/0.webp,0,2026-08-05T14:50:12+00:00
35e31900-5eb3-4b9e-baf2-83354abebdda,751cb8a1-c85c-4e6b-b02c-317f5e7b3a6f,/photos/751cb8a1-c85c-4e6b-b02c-317f5e7b3a6f/1.webp,1,2026-08-05T14:50:12+00:00
66749b75-0a06-48b4-aed6-6cf8364dbbe3,751cb8a1-c85c-4e6b-b02c-317f5e7b3a6f,/photos/751cb8a1-c85c-4e6b-b02c-317f5e7b3a6f/2.webp,2,2026-08-05T14:50:12+00:00
b72191f4-366b-4154-a5f5-b7aa7999d158,751cb8a1-c85c-4e6b-b02c-317f5e7b3a6f,/photos/751cb8a1-c85c-4e6b-b02c-317f5e7b3a6f/3.webp,3,2026-08-05T14:50:12+00:00
339d9335-78bd-4051-a46a-caf700dc52f0,751cb8a1-c85c-4e6b-b02c-317f5e7b3a6f,/photos/751cb8a1-c85c-4e6b-b02c-317f5e7b3a6f/4.webp,4,2026-08-05T14:50:12+00:00
6f61594c-1169-4c52-8853-afc255f520b4,751cb8a1-c85c-4e6b-b02c-317f5e7b3a6f,/photos/751cb8a1-c85c-4e6b-b02c-317f5e7b3a6f/5.webp,5,2026-08-05T14:50:12+00:00
17cf7bb8-dcf3-4980-b3f5-6c6d39967b21,751cb8a1-c85c-4e6b-b02c-317f5e7b3a6f,/photos/751cb8a1-c85c-4e6b-b02c-317f5e7b3a6f/6.webp,6,2026-08-05T14:50:12+00:00
c07d8149-3350-4e8c-89a4-80435fbe72ba,751cb8a1-c85c-4e6b-b02c-317f5e7b3a6f,/photos/751cb8a1-c85c-4e6b-b02c-317f5e7b3a6f/7.webp,7,2026-08-05T14:50:12+00:00
4986e745-b863-47ab-aa74-905aff42d65d,9119efc9-cc31-408c-b66b-362321ee449f,/photos/9119efc9-cc31-408c-b66b-362321ee449f/0.webp,0,2026-07-25T20:24:34+00:00
63fa3d3f-6457-42bc-bbae-0ac037df345a,9119efc9-cc31-408c-b66b-362321ee449f,/photos/9119efc9-cc31-408c-b66b-362321ee449f/1.webp,1,2026-07-25T20:24:34+00:00
01601532-a1c0-4212-b821-0fdcb8090d62,9119efc9-cc31-408c-b66b-362321ee449f,/photos/9119efc9-cc31-408c-b66b-362321ee449f/2.webp,2,2026-07-25T20:24:34+00:00
19e9c4b3-f82f-4a7e-ac94-4b56c505b034,9119efc9-cc31-408c-b66b-362321ee449f,/photos/9119efc9-cc31-408c-b66b-362321ee449f/3.webp,3,2026-07-25T20:24:34+00:00
f7a3aec8-3ef4-4ffd-b733-c9e701ecbd55,ccd7006a-021d-4b04-90ef-5df8612db94e,/photos/ccd7006a-021d-4b04-90ef-5df8612db94e/0.webp,0,2025-10-17T21:09:05+00:00
e36b682d-5db8-4e30-bc85-c495784911c4,ccd7006a-021d-4b04-90ef-5df8612db94e,/photos/ccd7006a-021d-4b04-90ef-5df8612db94e/1.webp,1,2025-10-17T21:09:05+00:00
c8a328d5-4f68-409e-9599-04647f63358d,ccd7006a-021d-4b04-90ef-5df8612db94e,/photos/ccd7006a-021d-4b04-90ef-5df8612db94e/2.webp,2,2025-10-17T21:09:05+00:00
de80baff-ba53-4cbd-ba71-09bdece7d13b,ccd7006a-021d-4b04-90ef-5df8612db94e,/photos/ccd7006a-021d-4b04-90ef-5df8612db94e/3.webp,3,2025-10-17T21:09:05+00:00
1a5e4426-4f49-4dc9-b6cc-abf183c0b89b,ccd7006a-021d-4b04-90ef-5df8612db94e,/photos/ccd7006a-021d-4b04-90ef-5df8612db94e/4.webp,4,2025-10-17T21:09:05+00:00
e1f4893b-cf64-4f85-8c2d-57d534a3a42c,25ca5795-facc-49bb-865e-a858685bb3ee,/photos/25ca5795-facc-49bb-865e-a858685bb3ee/0.webp,0,2026-07-11T22:48:06+00:00
48ebff13-cfd0-48e5-8604-95728311363f,25ca5795-facc-49bb-865e-a858685bb3ee,/photos/25ca5795-facc-49bb-865e-a858685bb3ee/1.webp,1,2026-07-11T22:48:06+00:00
c2aad744-bcf1-4c74-b668-347fa73ac56d,64328e49-d07c-453f-a7d5-d31e77411a23,/photos/64328e49-d07c-453f-a7d5-d31e77411a23/0.webp,0,2026-04-17T08:40:14+00:00
f4a0b5d7-a6a1-4217-88c0-c4f8dac2103d,64328e49-d07c-453f-a7d5-d31e77411a23,/photos/64328e49-d07c-453f-a7d5-d31e77411a23/1.webp,1,2026-04-17T08:40:14+00:00
846975fc-7207-41bc-9d9e-ce83f048e69a,4759c665-c339-4894-a9ce-24ba49efc341,/photos/4759c665-c339-4894-a9ce-24ba49efc341/0.webp,0,2026-03-29T12:21:36+00:00
5611ec17-d319-4f8d-b46c-d1a4308580d2,4759c665-c339-4894-a9ce-24ba49efc341,/photos/4759c665-c339-4894-a9ce-24ba49efc341/1.webp,1,2026-03-29T12:21:36+00:00
41364961-64ea-432c-9a5f-ba61cb26e03c,4759c665-c339-4894-a9ce-24ba49efc341,/photos/4759c665-c339-4894-a9ce-24ba49efc341/2.webp,2,2026-03-29T12:21:36+00:00
74336c5c-636b-46f1-8ef8-d192feed3c00,4759c665-c339-4894-a9ce-24ba49efc341,/photos/4759c665-c339-4894-a9ce-24ba49efc341/3.webp,3,2026-03-29T12:21:36+00:00
4e1557a8-e215-4396-9a86-6a93ca3f1d22,4759c665-c339-4894-a9ce-24ba49efc341,/photos/4759c665-c339-4894-a9ce-24ba49efc341/4.webp,4,2026-03-29T12:21:36+00:00
3c2e4f0c-1e87-449d-9dc2-196d3880aa5d,4759c665-c339-4894-a9ce-24ba49efc341,/photos/4759c665-c339-4894-a9ce-24ba49efc341/5.webp,5,2026-03-29T12:21:36+00:00
46454745-0eed-41b0-8b11-1bb04c6fdcdd,4759c665-c339-4894-a9ce-24ba49efc341,/photos/4759c665-c339-4894-a9ce-24ba49efc341/6.webp,6,2026-03-29T12:21:36+00:00
4bd4b42a-96e1-457d-b73a-db76eece782c,66690ba6-5a00-4690-ac78-70de682e40bd,/photos/66690ba6-5a00-4690-ac78-70de682e40bd/0.webp,0,2026-05-30T10:44:44+00:00
1330e35c-4e88-4e8f-ba10-03716b7f0128,66690ba6-5a00-4690-ac78-70de682e40bd,/photos/66690ba6-5a00-4690-ac78-70de682e40bd/1.webp,1,2026-05-30T10:44:44+00:00
d0a65db7-74c5-49ab-9f0e-f5f7eea8fdd7,66690ba6-5a00-4690-ac78-70de682e40bd,/photos/66690ba6-5a00-4690-ac78-70de682e40bd/2.webp,2,2026-05-30T10:44:44+00:00
6e425efe-a65e-4692-9159-4b2c1129a61a,66690ba6-5a00-4690-ac78-70de682e40bd,/photos/66690ba6-5a00-4690-ac78-70de682e40bd/3.webp,3,2026-05-30T10:44:44+00:00
3584a2e3-85f9-4ffc-be3c-a0d8a8f616d9,66690ba6-5a00-4690-ac78-70de682e40bd,/photos/66690ba6-5a00-4690-ac78-70de682e40bd/4.webp,4,2026-05-30T10:44:44+00:00
702e7fc7-4b00-4dc7-8011-ea29f72be23c,66690ba6-5a00-4690-ac78-70de682e40bd,/photos/66690ba6-5a00-4690-ac78-70de682e40bd/5.webp,5,2026-05-30T10:44:44+00:00
426721e5-71cd-4c02-8a07-6987aa5034e3,66690ba6-5a00-4690-ac78-70de682e40bd,/photos/66690ba6-5a00-4690-ac78-70de682e40bd/6.webp,6,2026-05-30T10:44:44+00:00
6f21865c-bc03-428b-97fa-a98f8e5c403c,05ecff39-a696-4b06-8459-78a48dd760d7,/photos/05ecff39-a696-4b06-8459-78a48dd760d7/0.webp,0,2026-03-14T05:51:34+00:00
90bf5e32-8b28-4dab-8d53-5e0af9823bae,05ecff39-a696-4b06-8459-78a48dd760d7,/photos/05ecff39-a696-4b06-8459-78a48dd760d7/1.webp,1,2026-03-14T05:51:34+00:00
1eb29d03-75ed-4f90-b69b-5579d35b84ac,05ecff39-a696-4b06-8459-78a48dd760d7,/photos/05ecff39-a696-4b06-8459-78a48dd760d7/2.webp,2,2026-03-14T05:51:34+00:00
2d7b5b58-7519-4727-b0fb-c90033b267f5,05ecff39-a696-4b06-8459-78a48dd760d7,/photos/05ecff39-a696-4b06-8459-78a48dd760d7/3.webp,3,2026-03-14T05:51:34+00:00
734ea8bd-6ea8-49bc-931d-23480a84571f,05ecff39-a696-4b06-8459-78a48dd760d7,/photos/05ecff39-a696-4b06-8459-78a48dd760d7/4.webp,4,2026-03-14T05:51:34+00:00
1cc14bda-87ee-43df-a9d1-43c0752c5e0d,05ecff39-a696-4b06-8459-78a48dd760d7,/photos/05ecff39-a696-4b06-8459-78a48dd760d7/5.webp,5,2026-03-14T05:51:34+00:00
30b590d9-d5be-4e53-a3e5-5b91eea3a777,05ecff39-a696-4b06-8459-78a48dd760d7,/photos/05ecff39-a696-4b06-8459-78a48dd760d7/6.webp,6,2026-03-14T05:51:34+00:00
d983342f-278a-43c0-8ba7-c9626026eefc,05ecff39-a696-4b06-8459-78a48dd760d7,/photos/05ecff39-a696-4b06-8459-78a48dd760d7/7.webp,7,2026-03-14T05:51:34+00:00
4f840f78-1d64-4231-ac50-db58541d161f,05ecff39-a696-4b06-8459-78a48dd760d7,/photos/05ecff39-a696-4b06-8459-78a48dd760d7/8.webp,8,2026-03-14T05:51:34+00:00
d728c4a9-d56b-47b7-be51-13c637a03244,ae879405-7071-4005-b042-36016f41c5ab,/photos/ae879405-7071-4005-b042-36016f41c5ab/0.webp,0,2026-08-30T16:22:13+00:00
941398ce-edf3-407b-9862-c43a2ee8def1,ae879405-7071-4005-b042-36016f41c5ab,/photos/ae879405-7071-4005-b042-36016f41c5ab/1.webp,1,2026-08-30T16:22:13+00:00
a13fca2c-34aa-42ff-9e3d-48d958f233e5,e67e0cc1-e752-4dc1-9f25-50933f027ed2,/photos/e67e0cc1-e752-4dc1-9f25-50933f027ed2/0.webp,0,2025-12-29T05:25:47+00:00
ca893094-2d5b-4706-996b-3660ccfddb02,e67e0cc1-e752-4dc1-9f25-50933f027ed2,/photos/e67e0cc1-e752-4dc1-9f25-50933f027ed2/1.webp,1,2025-12-29T05:25:47+00:00
76cd1833-0414-452a-a355-4ed26c906a75,e67e0cc1-e752-4dc1-9f25-50933f027ed2,/photos/e67e0cc1-e752-4dc1-9f25-50933f027ed2/2.webp,2,2025-12-29T05:25:47+00:00
e07b74d6-0a07-45bd-8af6-1c3712046a31,bde5065d-e430-4473-b220-ed895a6d7ad0,/photos/bde5065d-e430-4473-b220-ed895a6d7ad0/0.webp,0,2026-05-24T21:36:59+00:00
5048a23f-39b7-4dd8-97ff-29598945e013,bde5065d-e430-4473-b220-ed895a6d7ad0,/photos/bde5065d-e430-4473-b220-ed895a6d7ad0/1.webp,1,2026-05-24T21:36:59+00:00
9720f6c4-1782-4fe2-bb8c-fe50664bf455,baf97d52-7bc9-4caa-a761-0ce9c8d9d9aa,/photos/baf97d52-7bc9-4caa-a761-0ce9c8d9d9aa/0.webp,0,2024-10-04T05:26:11+00:00
62c443d0-3486-4687-8811-293cfb4686a5,baf97d52-7bc9-4caa-a761-0ce9c8d9d9aa,/photos/baf97d52-7bc9-4caa-a761-0ce9c8d9d9aa/1.webp,1,2024-10-04T05:26:11+00:00
8e2e637e-e6d4-4121-9170-25f9a4229c42,baf97d52-7bc9-4caa-a761-0ce9c8d9d9aa,/photos/baf97d52-7bc9-4caa-a761-0ce9c8d9d9aa/2.webp,2,2024-10-04T05:26:11+00:00
94e28fa6-b56b-40e9-b395-e217b6a329b0,1a368823-a32b-4755-99ce-e387582a693a,/photos/1a368823-a32b-4755-99ce-e387582a693a/0.webp,0,2026-05-06T13:34:10+00:00
a9d95376-9f85-421d-8f45-97446c1cbcf7,1a368823-a32b-4755-99ce-e387582a693a,/photos/1a368823-a32b-4755-99ce-e387582a693a/1.webp,1,2026-05-06T13:34:10+00:00
e1cd8900-cf4a-437d-9840-c177ad015a8f,1a368823-a32b-4755-99ce-e387582a693a,/photos/1a368823-a32b-4755-99ce-e387582a693a/2.webp,2,2026-05-06T13:34:10+00:00
021a518f-2c87-4667-b64a-e9e9660fd3d4,1a368823-a32b-4755-99ce-e387582a693a,/photos/1a368823-a32b-4755-99ce-e387582a693a/3.webp,3,2026-05-06T13:34:10+00:00
eb34a180-dd4b-4ab2-9081-66d8f233db1f,48493aed-b653-44e3-a211-b3dba941f17a,/photos/48493aed-b653-44e3-a211-b3dba941f17a/0.webp,0,2025-06-20T20:04:10+00:00
35a950aa-1219-47df-944a-dc3ba068ca81,48493aed-b653-44e3-a211-b3dba941f17a,/photos/48493aed-b653-44e3-a211-b3dba941f17a/1.webp,1,2025-06-20T20:04:10+00:00
02dffaf0-1af7-4cd6-9b66-bbbcf73863e1,48493aed-b653-44e3-a211-b3dba941f17a,/photos/48493aed-b653-44e3-a211-b3dba941f17a/2.webp,2,2025-06-20T20:04:10+00:00
35832a4f-50ce-4b6e-bed5-aaa9fcc31be7,48493aed-b653-44e3-a211-b3dba941f17a,/photos/48493aed-b653-44e3-a211-b3dba941f17a/3.webp,3,2025-06-20T20:04:10+00:00
5ec254fd-0d45-4bff-b283-92f302568d06,48493aed-b653-44e3-a211-b3dba941f17a,/photos/48493aed-b653-44e3-a211-b3dba941f17a/4.webp,4,2025-06-20T20:04:10+00:00
95699ff7-22a7-417d-8ecf-711d6b2a23cc,48493aed-b653-44e3-a211-b3dba941f17a,/photos/48493aed-b653-44e3-a211-b3dba941f17a/5.webp,5,2025-06-20T20:04:10+00:00
49c8eb1a-8e89-472a-9f35-403dfb0a513c,48493aed-b653-44e3-a211-b3dba941f17a,/photos/48493aed-b653-44e3-a211-b3dba941f17a/6.webp,6,2025-06-20T20:04:10+00:00
13458b4a-452b-4bbd-8f4a-de48e6290baf,9b428916-d78b-462a-9cb3-421c87bf74b9,/photos/9b428916-d78b-462a-9cb3-421c87bf74b9/0.webp,0,2025-08-01T23:15:20+00:00
d5de72fb-dee0-4f20-a107-9651e2a128fd,9b428916-d78b-462a-9cb3-421c87bf74b9,/photos/9b428916-d78b-462a-9cb3-421c87bf74b9/1.webp,1,2025-08-01T23:15:20+00:00
ce4c2e36-43e1-4124-9ba6-d07ca811dca5,55ebe7b4-8a71-46c4-a9b1-1a8c995310c6,/photos/55ebe7b4-8a71-46c4-a9b1-1a8c995310c6/0.webp,0,2026-03-06T20:06:55+00:00
931cfe29-bfd5-4189-94c4-2214505ed6bf,55ebe7b4-8a71-46c4-a9b1-1a8c995310c6,/photos/55ebe7b4-8a71-46c4-a9b1-1a8c995310c6/1.webp,1,2026-03-06T20:06:55+00:00
2e28be3a-acdd-42b7-a92f-cca73269ee00,55ebe7b4-8a71-46c4-a9b1-1a8c995310c6,/photos/55ebe7b4-8a71-46c4-a9b1-1a8c995310c6/2.webp,2,2026-03-06T20:06:55+00:00
114b5577-371a-496c-87cd-1f36e3cf6648,55ebe7b4-8a71-46c4-a9b1-1a8c995310c6,/photos/55ebe7b4-8a71-46c4-a9b1-1a8c995310c6/3.webp,3,2026-03-06T20:06:55+00:00
e692e08e-41d7-420d-87d4-e9cca1eff79d,55ebe7b4-8a71-46c4-a9b1-1a8c995310c6,/photos/55ebe7b4-8a71-46c4-a9b1-1a8c995310c6/4.webp,4,2026-03-06T20:06:55+00:00
1dc5597e-5fcc-41bb-8da6-9601c25f1693,b26eacb7-bf1a-4005-9e9c-b38d7e23ea09,/photos/b26eacb7-bf1a-4005-9e9c-b38d7e23ea09/0.webp,0,2025-04-11T04:48:05+00:00
459c0d92-5c88-456d-97a4-46bbe88c0c3b,b26eacb7-bf1a-4005-9e9c-b38d7e23ea09,/photos/b26eacb7-bf1a-4005-9e9c-b38d7e23ea09/1.webp,1,2025-04-11T04:48:05+00:00
9c0180ac-8b22-4ac8-88eb-387784fdabf6,427e42f8-ff2c-4e88-8785-be511d76e4ec,/photos/427e42f8-ff2c-4e88-8785-be511d76e4ec/0.webp,0,2026-07-27T14:24:27+00:00
c3a8ad21-079b-4908-b646-9b046375406f,427e42f8-ff2c-4e88-8785-be511d76e4ec,/photos/427e42f8-ff2c-4e88-8785-be511d76e4ec/1.webp,1,2026-07-27T14:24:27+00:00
7e0a5d73-001e-4d1f-8ae4-b97283b487d0,427e42f8-ff2c-4e88-8785-be511d76e4ec,/photos/427e42f8-ff2c-4e88-8785-be511d76e4ec/2.webp,2,2026-07-27T14:24:27+00:00
919df67c-9695-4b3c-9caf-9c31be617850,427e42f8-ff2c-4e88-8785-be511d76e4ec,/photos/427e42f8-ff2c-4e88-8785-be511d76e4ec/3.webp,3,2026-07-27T14:24:27+00:00
6f9a9254-5b29-45ca-a8e8-9886399a955b,97b97280-2ed3-482f-938c-c908ec6c30f0,/photos/97b97280-2ed3-482f-938c-c908ec6c30f0/0.webp,0,2026-08-20T17:17:14+00:00
db95041c-e959-4506-b192-59a3e26d99b5,97b97280-2ed3-482f-938c-c908ec6c30f0,/photos/97b97280-2ed3-482f-938c-c908ec6c30f0/1.webp,1,2026-08-20T17:17:14+00:00
823a0fc0-5477-4b54-8267-9e16f5df7203,97b97280-2ed3-482f-938c-c908ec6c30f0,/photos/97b97280-2ed3-482f-938c-c908ec6c30f0/2.webp,2,2026-08-20T17:17:14+00:00
aabaa014-f7d3-450e-8683-69e571c235ed,ad283fba-895e-40b0-8365-33112d4a5889,/photos/ad283fba-895e-40b0-8365-33112d4a5889/0.webp,0,2025-08-17T08:05:09+00:00
17d6d765-86a8-4aac-8117-1e70b14e52a7,ad283fba-895e-40b0-8365-33112d4a5889,/photos/ad283fba-895e-40b0-8365-33112d4a5889/1.webp,1,2025-08-17T08:05:09+00:00
cde57f79-f61e-4aa7-b26f-a11c8ae4bca5,6211ae79-dd36-44b4-955c-d6bb065af23a,/photos/6211ae79-dd36-44b4-955c-d6bb065af23a/0.webp,0,2026-04-06T16:09:38+00:00
2f007864-65cf-4c8e-bf29-2f7607a18463,6211ae79-dd36-44b4-955c-d6bb065af23a,/photos/6211ae79-dd36-44b4-955c-d6bb065af23a/1.webp,1,2026-04-06T16:09:38+00:00
c1513033-c875-4ae1-aeed-028803b5d3a2,6211ae79-dd36-44b4-955c-d6bb065af23a,/photos/6211ae79-dd36-44b4-955c-d6bb065af23a/2.webp,2,2026-04-06T16:09:38+00:00
87aff818-0913-4dfa-9468-d1d6c2c51feb,572e5490-95d4-4257-85ba-fabd395aafc7,/photos/572e5490-95d4-4257-85ba-fabd395aafc7/0.webp,0,2025-12-29T12:12:45+00:00
c53b03b3-2308-4958-bb22-c0e9be54e311,572e5490-95d4-4257-85ba-fabd395aafc7,/photos/572e5490-95d4-4257-85ba-fabd395aafc7/1.webp,1,2025-12-29T12:12:45+00:00
80e3ccc8-2577-4582-98f4-7eacefc7ead4,572e5490-95d4-4257-85ba-fabd395aafc7,/photos/572e5490-95d4-4257-85ba-fabd395aafc7/2.webp,2,2025-12-29T12:12:45+00:00
cbc7994a-f0c2-4888-9b8e-b34dc1238de3,572e5490-95d4-4257-85ba-fabd395aafc7,/photos/572e5490-95d4-4257-85ba-fabd395aafc7/3.webp,3,2025-12-29T12:12:45+00:00
3b7b0ab4-2092-4c51-a57d-2de2009b0940,572e5490-95d4-4257-85ba-fabd395aafc7,/photos/572e5490-95d4-4257-85ba-fabd395aafc7/4.webp,4,2025-12-29T12:12:45+00:00
f437ec4d-1848-49ca-b400-3855535f3129,572e5490-95d4-4257-85ba-fabd395aafc7,/photos/572e5490-95d4-4257-85ba-fabd395aafc7/5.webp,5,2025-12-29T12:12:45+00:00
02b5266f-5b44-4cbf-8e8f-cfb877885360,3e600098-0ecd-4c03-ac62-95dfc8061aba,/photos/3e600098-0ecd-4c03-ac62-95dfc8061aba/0.webp,0,2025-09-07T22:00:20+00:00
f4658613-1bc7-4223-b103-d164f9d51fb3,3e600098-0ecd-4c03-ac62-95dfc8061aba,/photos/3e600098-0ecd-4c03-ac62-95dfc8061aba/1.webp,1,2025-09-07T22:00:20+00:00
bd5724ec-1404-4693-aa8a-5d9f02b84f9b,3e600098-0ecd-4c03-ac62-95dfc8061aba,/photos/3e600098-0ecd-4c03-ac62-95dfc8061aba/2.webp,2,2025-09-07T22:00:20+00:00
10c983e8-10b3-4b87-a704-e200c54afc2e,3e600098-0ecd-4c03-ac62-95dfc8061aba,/photos/3e600098-0ecd-4c03-ac62-95dfc8061aba/3.webp,3,2025-09-07T22:00:20+00:00
a7f1a6da-c8a7-4e64-8640-d87af48b635c,3e600098-0ecd-4c03-ac62-95dfc8061aba,/photos/3e600098-0ecd-4c03-ac62-95dfc8061aba/4.webp,4,2025-09-07T22:00:20+00:00
2fc29b1a-bb3b-4203-9dbf-9aef877256f2,e1c06cc4-90bd-4a05-b31c-ce8b45a32725,/photos/e1c06cc4-90bd-4a05-b31c-ce8b45a32725/0.webp,0,2025-05-31T23:50:21+00:00
2e481c14-bcd3-4cce-bfa8-af4d8cb82d54,e1c06cc4-90bd-4a05-b31c-ce8b45a32725,/photos/e1c06cc4-90bd-4a05-b31c-ce8b45a32725/1.webp,1,2025-05-31T23:50:21+00:00
2358f00e-ad0c-4544-bfb6-2db3a0d62652,e1c06cc4-90bd-4a05-b31c-ce8b45a32725,/photos/e1c06cc4-90bd-4a05-b31c-ce8b45a32725/2.webp,2,2025-05-31T23:50:21+00:00
c3ac77ec-728e-4393-ae44-536334d9508d,e1c06cc4-90bd-4a05-b31c-ce8b45a32725,/photos/e1c06cc4-90bd-4a05-b31c-ce8b45a32725/3.webp,3,2025-05-31T23:50:21+00:00
9edb0acf-b133-42f2-ae3b-59e841021b05,e1c06cc4-90bd-4a05-b31c-ce8b45a32725,/photos/e1c06cc4-90bd-4a05-b31c-ce8b45a32725/4.webp,4,2025-05-31T23:50:21+00:00
e5c995ea-e85b-4a1f-9796-c1622c97715a,e1c06cc4-90bd-4a05-b31c-ce8b45a32725,/photos/e1c06cc4-90bd-4a05-b31c-ce8b45a32725/5.webp,5,2025-05-31T23:50:21+00:00
b9a1e932-1524-4fae-8784-1da3b9706ad2,9d9489da-1d9a-42f3-ab72-d36d4a9a0a14,/photos/9d9489da-1d9a-42f3-ab72-d36d4a9a0a14/0.webp,0,2026-08-04T18:02:08+00:00
6de68607-b173-4be5-97a7-3dd131603b35,9d9489da-1d9a-42f3-ab72-d36d4a9a0a14,/photos/9d9489da-1d9a-42f3-ab72-d36d4a9a0a14/1.webp,1,2026-08-04T18:02:08+00:00
3235479f-f8d1-44d4-ab9f-1ad39db823ab,9d9489da-1d9a-42f3-ab72-d36d4a9a0a14,/photos/9d9489da-1d9a-42f3-ab72-d36d4a9a0a14/2.webp,2,2026-08-04T18:02:08+00:00
1a518f0f-2e2e-47fe-ad6a-4f1bff29b6d7,9d9489da-1d9a-42f3-ab72-d36d4a9a0a14,/photos/9d9489da-1d9a-42f3-ab72-d36d4a9a0a14/3.webp,3,2026-08-04T18:02:08+00:00
2b9e2330-de37-4fcf-be50-d953932bc927,9d9489da-1d9a-42f3-ab72-d36d4a9a0a14,/photos/9d9489da-1d9a-42f3-ab72-d36d4a9a0a14/4.webp,4,2026-08-04T18:02:08+00:00
b0c6f343-77eb-40fe-91e5-1a62ed560048,9d9489da-1d9a-42f3-ab72-d36d4a9a0a14,/photos/9d9489da-1d9a-42f3-ab72-d36d4a9a0a14/5.webp,5,2026-08-04T18:02:08+00:00
1e6abe8e-3b41-4da3-aaed-899e96e9045e,9d9489da-1d9a-42f3-ab72-d36d4a9a0a14,/photos/9d9489da-1d9a-42f3-ab72-d36d4a9a0a14/6.webp,6,2026-08-04T18:02:08+00:00
021462d2-ab70-437c-9ca1-696de4a391ad,9d9489da-1d9a-42f3-ab72-d36d4a9a0a14,/photos/9d9489da-1d9a-42f3-ab72-d36d4a9a0a14/7.webp,7,2026-08-04T18:02:08+00:00
24cee846-a334-4935-a77a-ce53ca6f6f40,9d9489da-1d9a-42f3-ab72-d36d4a9a0a14,/photos/9d9489da-1d9a-42f3-ab72-d36d4a9a0a14/8.webp,8,2026-08-04T18:02:08+00:00
7e4010dd-65b3-483a-b4f3-a4bdf02d9f20,dcae4417-e137-4e86-b331-2c9e92aa6447,/photos/dcae4417-e137-4e86-b331-2c9e92aa6447/0.webp,0,2025-03-25T14:11:46+00:00
85919f03-c149-4d87-aea8-d2bd06f7d11c,dcae4417-e137-4e86-b331-2c9e92aa6447,/photos/dcae4417-e137-4e86-b331-2c9e92aa6447/1.webp,1,2025-03-25T14:11:46+00:00
1cb07712-7c56-4488-9522-0ea56ccc12ce,dcae4417-e137-4e86-b331-2c9e92aa6447,/photos/dcae4417-e137-4e86-b331-2c9e92aa6447/2.webp,2,2025-03-25T14:11:46+00:00
c5bc92ca-f14b-411f-b56e-18efb59d2ace,8e8465e8-b3e4-434f-bd81-f145b7cf74f8,/photos/8e8465e8-b3e4-434f-bd81-f145b7cf74f8/0.webp,0,2025-12-22T01:15:33+00:00
fbb1acc9-7d32-4dce-981d-205f4836150d,d9dbbbf3-df71-40fc-b258-2dfb80ea3d9b,/photos/d9dbbbf3-df71-40fc-b258-2dfb80ea3d9b/0.webp,0,2025-04-12T13:07:32+00:00
71eb2c1c-1742-4a52-98e7-4606a0ed51c8,d9dbbbf3-df71-40fc-b258-2dfb80ea3d9b,/photos/d9dbbbf3-df71-40fc-b258-2dfb80ea3d9b/1.webp,1,2025-04-12T13:07:32+00:00
0eeed21c-d42c-4365-b07a-541324de589c,d82ee3a0-db22-4ff8-b493-5451c014d750,/photos/d82ee3a0-db22-4ff8-b493-5451c014d750/0.webp,0,2026-05-29T03:20:20+00:00
655a4e9c-1c75-4ee7-a2da-5fa5b82e363b,d82ee3a0-db22-4ff8-b493-5451c014d750,/photos/d82ee3a0-db22-4ff8-b493-5451c014d750/1.webp,1,2026-05-29T03:20:20+00:00
21f90c21-dfbd-410d-ab40-0190749424a0,d82ee3a0-db22-4ff8-b493-5451c014d750,/photos/d82ee3a0-db22-4ff8-b493-5451c014d750/2.webp,2,2026-05-29T03:20:20+00:00
b9586c2d-0593-4138-98f6-fbd87ad02db5,d82ee3a0-db22-4ff8-b493-5451c014d750,/photos/d82ee3a0-db22-4ff8-b493-5451c014d750/3.webp,3,2026-05-29T03:20:20+00:00
5ea01b9e-ca1a-4596-abbd-adeea03b3910,d82ee3a0-db22-4ff8-b493-5451c014d750,/photos/d82ee3a0-db22-4ff8-b493-5451c014d750/4.webp,4,2026-05-29T03:20:20+00:00
7457057c-c400-4cb4-b7a0-b1ef4c99e92f,b7097b6b-3f40-4c4e-831b-bdf5bdf626a3,/photos/b7097b6b-3f40-4c4e-831b-bdf5bdf626a3/0.webp,0,2025-11-13T13:58:50+00:00
b9201765-03ab-468a-aea1-e23cae823f12,b7097b6b-3f40-4c4e-831b-bdf5bdf626a3,/photos/b7097b6b-3f40-4c4e-831b-bdf5bdf626a3/1.webp,1,2025-11-13T13:58:50+00:00
ff1ae180-7b09-44d3-87b1-c84f0752ccc3,b7097b6b-3f40-4c4e-831b-bdf5bdf626a3,/photos/b7097b6b-3f40-4c4e-831b-bdf5bdf626a3/2.webp,2,2025-11-13T13:58:50+00:00
df432ce3-41cf-4711-994d-7046e27bc653,b7097b6b-3f40-4c4e-831b-bdf5bdf626a3,/photos/b7097b6b-3f40-4c4e-831b-bdf5bdf626a3/3.webp,3,2025-11-13T13:58:50+00:00
d55f5b12-d4b5-4f4e-bbca-a8d2bea31f3a,b7097b6b-3f40-4c4e-831b-bdf5bdf626a3,/photos/b7097b6b-3f40-4c4e-831b-bdf5bdf626a3/4.webp,4,2025-11-13T13:58:50+00:00
d1960bf1-dd04-46fd-a161-1d224c57f2ad,d4c55cb5-c01f-49e2-ac6c-22878a3bafed,/photos/d4c55cb5-c01f-49e2-ac6c-22878a3bafed/0.webp,0,2025-07-18T04:16:06+00:00
94c5e805-6747-4cd3-bb63-6d29ffd9478e,d4c55cb5-c01f-49e2-ac6c-22878a3bafed,/photos/d4c55cb5-c01f-49e2-ac6c-22878a3bafed/1.webp,1,2025-07-18T04:16:06+00:00
3d255322-62e7-4326-b0ea-fc76de0434f8,f1ff3455-7d8d-4ba2-9dd1-65bf402afbab,/photos/f1ff3455-7d8d-4ba2-9dd1-65bf402afbab/0.webp,0,2025-02-24T07:28:12+00:00
75772d1a-856f-43e4-8e00-a50b5b6b5a69,f1ff3455-7d8d-4ba2-9dd1-65bf402afbab,/photos/f1ff3455-7d8d-4ba2-9dd1-65bf402afbab/1.webp,1,2025-02-24T07:28:12+00:00
ea8e329e-1add-4199-b5f8-8acfa3686fcb,f1ff3455-7d8d-4ba2-9dd1-65bf402afbab,/photos/f1ff3455-7d8d-4ba2-9dd1-65bf402afbab/2.webp,2,2025-02-24T07:28:12+00:00
cb49e0e3-57e7-4f73-a439-2297d11b67b5,6f9b4eb7-37bb-43bc-b471-65ee84f3d386,/photos/6f9b4eb7-37bb-43bc-b471-65ee84f3d386/0.webp,0,2026-05-23T20:41:30+00:00
95f21fb8-5b71-49a5-8e83-697f75381069,6f9b4eb7-37bb-43bc-b471-65ee84f3d386,/photos/6f9b4eb7-37bb-43bc-b471-65ee84f3d386/1.webp,1,2026-05-23T20:41:30+00:00
913bd44a-af3c-4861-a8a7-37d12713acf3,6f9b4eb7-37bb-43bc-b471-65ee84f3d386,/photos/6f9b4eb7-37bb-43bc-b471-65ee84f3d386/2.webp,2,2026-05-23T20:41:30+00:00
a34f1bb8-72fa-4e38-9477-91a197b7a7d1,6f9b4eb7-37bb-43bc-b471-65ee84f3d386,/photos/6f9b4eb7-37bb-43bc-b471-65ee84f3d386/3.webp,3,2026-05-23T20:41:30+00:00
42e120fb-c990-485f-9b70-820b7662d9a9,6f9b4eb7-37bb-43bc-b471-65ee84f3d386,/photos/6f9b4eb7-37bb-43bc-b471-65ee84f3d386/4.webp,4,2026-05-23T20:41:30+00:00
adf9028d-5342-4e47-805c-aad93ade4e8f,bd210d4f-48fe-43ff-bb0a-9cd4a3211fee,/photos/bd210d4f-48fe-43ff-bb0a-9cd4a3211fee/0.webp,0,2025-09-17T23:09:49+00:00
b4bdc3bd-58a6-4e50-bdc4-093877f65ab1,bd210d4f-48fe-43ff-bb0a-9cd4a3211fee,/photos/bd210d4f-48fe-43ff-bb0a-9cd4a3211fee/1.webp,1,2025-09-17T23:09:49+00:00
e15c2169-898d-4b54-b0da-9075b7f97465,bd210d4f-48fe-43ff-bb0a-9cd4a3211fee,/photos/bd210d4f-48fe-43ff-bb0a-9cd4a3211fee/2.webp,2,2025-09-17T23:09:49+00:00
3037f1c5-cfcd-4ac1-85e4-8c962e0e4b87,bd210d4f-48fe-43ff-bb0a-9cd4a3211fee,/photos/bd210d4f-48fe-43ff-bb0a-9cd4a3211fee/3.webp,3,2025-09-17T23:09:49+00:00
7311e915-9eea-497b-a6f1-c8bf8f01550a,bd210d4f-48fe-43ff-bb0a-9cd4a3211fee,/photos/bd210d4f-48fe-43ff-bb0a-9cd4a3211fee/4.webp,4,2025-09-17T23:09:49+00:00
45be49a1-587b-4cee-8108-3de7659eeebd,f9a9f941-87d4-4594-9d56-e44b3c94735f,/photos/f9a9f941-87d4-4594-9d56-e44b3c94735f/0.webp,0,2025-08-01T09:41:02+00:00
2d9bb853-ce34-47e8-bcd2-8ff0af2f0a12,f9a9f941-87d4-4594-9d56-e44b3c94735f,/photos/f9a9f941-87d4-4594-9d56-e44b3c94735f/1.webp,1,2025-08-01T09:41:02+00:00
5a9792e1-6023-4da4-b474-c9fd7f755ec8,f9a9f941-87d4-4594-9d56-e44b3c94735f,/photos/f9a9f941-87d4-4594-9d56-e44b3c94735f/2.webp,2,2025-08-01T09:41:02+00:00
0165b7f9-8255-4e37-80b7-006ad8045a28,f9a9f941-87d4-4594-9d56-e44b3c94735f,/photos/f9a9f941-87d4-4594-9d56-e44b3c94735f/3.webp,3,2025-08-01T09:41:02+00:00
f8e14133-f2ef-4245-8d26-6ef66dbb5bd6,f9a9f941-87d4-4594-9d56-e44b3c94735f,/photos/f9a9f941-87d4-4594-9d56-e44b3c94735f/4.webp,4,2025-08-01T09:41:02+00:00
65cb0fd6-3b75-47b8-86c9-155046e3169a,33bf1f9f-da60-4d8a-8a3e-aee009f6cef9,/photos/33bf1f9f-da60-4d8a-8a3e-aee009f6cef9/0.webp,0,2025-07-19T23:16:11+00:00
84a5bf32-4565-4bb4-a9c3-95fab58b5d65,33bf1f9f-da60-4d8a-8a3e-aee009f6cef9,/photos/33bf1f9f-da60-4d8a-8a3e-aee009f6cef9/1.webp,1,2025-07-19T23:16:11+00:00
639a0db7-ce8f-4525-aaa0-8e615b7b7cee,33bf1f9f-da60-4d8a-8a3e-aee009f6cef9,/photos/33bf1f9f-da60-4d8a-8a3e-aee009f6cef9/2.webp,2,2025-07-19T23:16:11+00:00
27990a75-57fa-46ed-bf6a-b221445642ad,98c6c6eb-9bb3-4e12-a383-a7de68f859ce,/photos/98c6c6eb-9bb3-4e12-a383-a7de68f859ce/0.webp,0,2026-08-10T01:29:09+00:00
57d85bed-51d0-47a6-9c50-ebe565c9be98,fcdb54f3-6a55-4cf7-9453-bdb3cc127303,/photos/fcdb54f3-6a55-4cf7-9453-bdb3cc127303/0.webp,0,2026-05-29T10:51:45+00:00
56def742-17f1-408f-b2bb-8780a18ab192,fcdb54f3-6a55-4cf7-9453-bdb3cc127303,/photos/fcdb54f3-6a55-4cf7-9453-bdb3cc127303/1.webp,1,2026-05-29T10:51:45+00:00
04134e6f-5704-4cdc-bd63-1c600f772e33,9200de05-1275-4b9f-955f-bd0b9b2c98be,/photos/9200de05-1275-4b9f-955f-bd0b9b2c98be/0.webp,0,2026-02-19T10:57:09+00:00
98312fe1-0dbb-4f68-ac3c-728cf742d6b7,9200de05-1275-4b9f-955f-bd0b9b2c98be,/photos/9200de05-1275-4b9f-955f-bd0b9b2c98be/1.webp,1,2026-02-19T10:57:09+00:00
bd1bb849-0e95-4e20-b7a6-a0f55af33c2c,ab5b2f54-0e5f-4227-a1d9-274962ad55b1,/photos/ab5b2f54-0e5f-4227-a1d9-274962ad55b1/0.webp,0,2026-07-12T09:10:46+00:00
e558b495-b14c-459b-ab8b-bfa43b8dcc3e,ab5b2f54-0e5f-4227-a1d9-274962ad55b1,/photos/ab5b2f54-0e5f-4227-a1d9-274962ad55b1/1.webp,1,2026-07-12T09:10:46+00:00
58f88de2-fb76-4eaa-9091-5c66c783cf46,ab5b2f54-0e5f-4227-a1d9-274962ad55b1,/photos/ab5b2f54-0e5f-4227-a1d9-274962ad55b1/2.webp,2,2026-07-12T09:10:46+00:00
f655c7ed-65be-46d4-971b-90fd86b16287,ab5b2f54-0e5f-4227-a1d9-274962ad55b1,/photos/ab5b2f54-0e5f-4227-a1d9-274962ad55b1/3.webp,3,2026-07-12T09:10:46+00:00
d8a025bf-dd8a-400d-912c-dd5e17148324,a996b5fd-ab5d-4653-9e24-705aa51ec398,/photos/a996b5fd-ab5d-4653-9e24-705aa51ec398/0.webp,0,2025-08-05T09:18:15+00:00
0cf0cdc5-51d7-432a-b1bf-b7dbb165ecd3,a996b5fd-ab5d-4653-9e24-705aa51ec398,/photos/a996b5fd-ab5d-4653-9e24-705aa51ec398/1.webp,1,2025-08-05T09:18:15+00:00
5b2e9109-db40-49ab-b2cd-1a439a1c9761,a996b5fd-ab5d-4653-9e24-705aa51ec398,/photos/a996b5fd-ab5d-4653-9e24-705aa51ec398/2.webp,2,2025-08-05T09:18:15+00:00
652fc617-db11-4966-8fcd-d46dd8fe2a6b,d0790222-84f1-4897-89d0-7da113e886bc,/photos/d0790222-84f1-4897-89d0-7da113e886bc/0.webp,0,2026-02-24T10:36:13+00:00
dd6b240c-060a-4f88-9739-e5e33f25af4e,d0790222-84f1-4897-89d0-7da113e886bc,/photos/d0790222-84f1-4897-89d0-7da113e886bc/1.webp,1,2026-02-24T10:36:13+00:00
8819d45f-3d9d-440c-b85b-b6262914984c,d0790222-84f1-4897-89d0-7da113e886bc,/photos/d0790222-84f1-4897-89d0-7da113e886bc/2.webp,2,2026-02-24T10:36:13+00:00
04010b22-19e3-4ff9-aa03-b92e262229e7,d0790222-84f1-4897-89d0-7da113e886bc,/photos/d0790222-84f1-4897-89d0-7da113e886bc/3.webp,3,2026-02-24T10:36:13+00:00
516aa0af-56bd-4311-8163-5e83ca6b1e1f,7658cafe-2d39-403e-a7c9-c6fa0dc40f8f,/photos/7658cafe-2d39-403e-a7c9-c6fa0dc40f8f/0.webp,0,2026-04-09T10:11:34+00:00
0a66709f-75f8-41cd-a40d-b58033fe34f0,7658cafe-2d39-403e-a7c9-c6fa0dc40f8f,/photos/7658cafe-2d39-403e-a7c9-c6fa0dc40f8f/1.webp,1,2026-04-09T10:11:34+00:00
fcf595e6-8be3-436c-a924-df073bf27f0d,eb00b031-74cf-4003-b10d-4c5b4746fa4b,/photos/eb00b031-74cf-4003-b10d-4c5b4746fa4b/0.webp,0,2025-09-03T22:59:56+00:00
20092090-d155-424a-a20a-1868beaae522,eb00b031-74cf-4003-b10d-4c5b4746fa4b,/photos/eb00b031-74cf-4003-b10d-4c5b4746fa4b/1.webp,1,2025-09-03T22:59:56+00:00
0566793f-0d93-4c3c-bdfb-8b64e40b519f,eb00b031-74cf-4003-b10d-4c5b4746fa4b,/photos/eb00b031-74cf-4003-b10d-4c5b4746fa4b/2.webp,2,2025-09-03T22:59:56+00:00
fd990c85-9806-498b-9bb6-bf4f5701e117,eb00b031-74cf-4003-b10d-4c5b4746fa4b,/photos/eb00b031-74cf-4003-b10d-4c5b4746fa4b/3.webp,3,2025-09-03T22:59:56+00:00
f388779f-9180-4185-9da6-c4232532e9f0,8b8f9d7b-cdda-458e-a256-e8af65446a5e,/photos/8b8f9d7b-cdda-458e-a256-e8af65446a5e/0.webp,0,2026-02-28T06:30:02+00:00
d95af124-6c5e-45e6-a252-120b10fa84b9,8b8f9d7b-cdda-458e-a256-e8af65446a5e,/photos/8b8f9d7b-cdda-458e-a256-e8af65446a5e/1.webp,1,2026-02-28T06:30:02+00:00
fc95b8af-2425-4cb7-8877-e1d3c38084bb,8b8f9d7b-cdda-458e-a256-e8af65446a5e,/photos/8b8f9d7b-cdda-458e-a256-e8af65446a5e/2.webp,2,2026-02-28T06:30:02+00:00
7cb38ef6-ea05-4672-88db-eb84a5dfe4fb,8b8f9d7b-cdda-458e-a256-e8af65446a5e,/photos/8b8f9d7b-cdda-458e-a256-e8af65446a5e/3.webp,3,2026-02-28T06:30:02+00:00
9aad8f7d-cc9d-42ce-b0f1-53f69f78aa5c,c7f118fe-698b-48fa-bd80-03c6ceeba492,/photos/c7f118fe-698b-48fa-bd80-03c6ceeba492/0.webp,0,2026-01-06T19:59:27+00:00
c538a678-c8e7-4d17-89c8-b2b837a5e709,c7f118fe-698b-48fa-bd80-03c6ceeba492,/photos/c7f118fe-698b-48fa-bd80-03c6ceeba492/1.webp,1,2026-01-06T19:59:27+00:00
3c37301a-f4b5-4794-95d4-d9b6a500b321,c7f118fe-698b-48fa-bd80-03c6ceeba492,/photos/c7f118fe-698b-48fa-bd80-03c6ceeba492/2.webp,2,2026-01-06T19:59:27+00:00
c7325d55-64a0-402b-852c-6bd4e313d99f,cd50c9f8-aca5-4a32-8beb-bbef08f6e364,/photos/cd50c9f8-aca5-4a32-8beb-bbef08f6e364/0.webp,0,2025-05-09T13:59:44+00:00
076a87f9-e0d2-4880-ad0b-442e5c7a0724,cd50c9f8-aca5-4a32-8beb-bbef08f6e364,/photos/cd50c9f8-aca5-4a32-8beb-bbef08f6e364/1.webp,1,2025-05-09T13:59:44+00:00
38dcce0d-3036-4ba4-a076-c1ff9a2cf4a1,cd50c9f8-aca5-4a32-8beb-bbef08f6e364,/photos/cd50c9f8-aca5-4a32-8beb-bbef08f6e364/2.webp,2,2025-05-09T13:59:44+00:00
8ec053d5-841c-44e9-bd9e-de2af113da88,cd50c9f8-aca5-4a32-8beb-bbef08f6e364,/photos/cd50c9f8-aca5-4a32-8beb-bbef08f6e364/3.webp,3,2025-05-09T13:59:44+00:00
8abbd7c4-8af9-4fc3-830b-0347fdacbaf4,cd50c9f8-aca5-4a32-8beb-bbef08f6e364,/photos/cd50c9f8-aca5-4a32-8beb-bbef08f6e364/4.webp,4,2025-05-09T13:59:44+00:00
a2415733-4b0c-42fe-b745-666f795c4cd1,7c0a16a7-58ef-4cd8-a6fe-e2b9a6ca0628,/photos/7c0a16a7-58ef-4cd8-a6fe-e2b9a6ca0628/0.webp,0,2026-08-31T13:50:47+00:00
40665bd0-d0d0-42e7-9800-51efe86fb9b5,7c0a16a7-58ef-4cd8-a6fe-e2b9a6ca0628,/photos/7c0a16a7-58ef-4cd8-a6fe-e2b9a6ca0628/1.webp,1,2026-08-31T13:50:47+00:00
3106d006-9a09-4eab-b4f3-4402a226dec5,7c0a16a7-58ef-4cd8-a6fe-e2b9a6ca0628,/photos/7c0a16a7-58ef-4cd8-a6fe-e2b9a6ca0628/2.webp,2,2026-08-31T13:50:47+00:00
d3db8075-fbfc-454b-9ef5-c82ec328de40,7c0a16a7-58ef-4cd8-a6fe-e2b9a6ca0628,/photos/7c0a16a7-58ef-4cd8-a6fe-e2b9a6ca0628/3.webp,3,2026-08-31T13:50:47+00:00
c169c969-13bd-4222-8405-6830792b2b65,a60ebb52-ea82-494e-9e32-b81dd123d9c4,/photos/a60ebb52-ea82-494e-9e32-b81dd123d9c4/0.webp,0,2026-06-02T14:21:55+00:00
ac090c60-6036-47e8-b11f-324e4ac93efb,a60ebb52-ea82-494e-9e32-b81dd123d9c4,/photos/a60ebb52-ea82-494e-9e32-b81dd123d9c4/1.webp,1,2026-06-02T14:21:55+00:00
db30d900-4dba-4fad-a319-6f44c84da7db,a60ebb52-ea82-494e-9e32-b81dd123d9c4,/photos/a60ebb52-ea82-494e-9e32-b81dd123d9c4/2.webp,2,2026-06-02T14:21:55+00:00
460d29eb-267c-429f-a61f-4b87b45eb72f,aa09c604-53d7-4e79-9ee8-b1e773fae2c8,/photos/aa09c604-53d7-4e79-9ee8-b1e773fae2c8/0.webp,0,2026-08-04T21:18:58+00:00
ef25df31-ddcf-401c-b8cb-5ab4f2980973,aa09c604-53d7-4e79-9ee8-b1e773fae2c8,/photos/aa09c604-53d7-4e79-9ee8-b1e773fae2c8/1.webp,1,2026-08-04T21:18:58+00:00
8d9effbd-2642-40fa-a0b1-e3d700e987a7,aa09c604-53d7-4e79-9ee8-b1e773fae2c8,/photos/aa09c604-53d7-4e79-9ee8-b1e773fae2c8/2.webp,2,2026-08-04T21:18:58+00:00
f9dcbd62-5deb-4a24-9ec7-f48ac5cc44a4,1f89ae54-f82d-408c-8cb0-e48b1709cd12,/photos/1f89ae54-f82d-408c-8cb0-e48b1709cd12/0.webp,0,2025-12-15T18:14:54+00:00
bf030dde-47a0-4417-88da-2de8094528fc,1f89ae54-f82d-408c-8cb0-e48b1709cd12,/photos/1f89ae54-f82d-408c-8cb0-e48b1709cd12/1.webp,1,2025-12-15T18:14:54+00:00
5efe93cf-55e6-4b9d-9408-83efccb9ac20,1f89ae54-f82d-408c-8cb0-e48b1709cd12,/photos/1f89ae54-f82d-408c-8cb0-e48b1709cd12/2.webp,2,2025-12-15T18:14:54+00:00
4fc9c623-467d-41a6-bdef-aa91e986b2f4,1f89ae54-f82d-408c-8cb0-e48b1709cd12,/photos/1f89ae54-f82d-408c-8cb0-e48b1709cd12/3.webp,3,2025-12-15T18:14:54+00:00
d3e69040-e863-4701-ae15-ef9ba81f9351,6238c1ce-6d12-494d-9130-f50e4e4d83c1,/photos/6238c1ce-6d12-494d-9130-f50e4e4d83c1/0.webp,0,2025-05-05T03:28:27+00:00
b4f72b9e-1200-4bf6-8101-cc8239ed5cd0,6238c1ce-6d12-494d-9130-f50e4e4d83c1,/photos/6238c1ce-6d12-494d-9130-f50e4e4d83c1/1.webp,1,2025-05-05T03:28:27+00:00
58eb7fdc-5625-4428-8c95-131eeff105b2,5368b7b4-73c6-413e-b9dd-392be60a21d4,/photos/5368b7b4-73c6-413e-b9dd-392be60a21d4/0.webp,0,2025-05-29T14:08:32+00:00
d552e181-933b-40f0-85c4-5c60bbe6e5d2,aeeca8cc-ae0b-4cbb-830f-85679d427f7c,/photos/aeeca8cc-ae0b-4cbb-830f-85679d427f7c/0.webp,0,2026-09-01T11:53:42+00:00
bbfd97d9-c86d-4cc5-9862-3a7ef71c5a41,aeeca8cc-ae0b-4cbb-830f-85679d427f7c,/photos/aeeca8cc-ae0b-4cbb-830f-85679d427f7c/1.webp,1,2026-09-01T11:53:42+00:00
9618b01a-bd77-4ffb-b83f-da3ad440bed1,aeeca8cc-ae0b-4cbb-830f-85679d427f7c,/photos/aeeca8cc-ae0b-4cbb-830f-85679d427f7c/2.webp,2,2026-09-01T11:53:42+00:00
00acd92d-d823-4b2c-83ac-1039a1533009,aeeca8cc-ae0b-4cbb-830f-85679d427f7c,/photos/aeeca8cc-ae0b-4cbb-830f-85679d427f7c/3.webp,3,2026-09-01T11:53:42+00:00
bd4edcc3-b71c-41d8-aac4-c0623d114cef,367b4697-dbca-45ff-87d7-27747fee68ae,/photos/367b4697-dbca-45ff-87d7-27747fee68ae/0.webp,0,2025-05-25T12:18:08+00:00
f3a93509-28c2-4f5d-a040-af89443a2a00,367b4697-dbca-45ff-87d7-27747fee68ae,/photos/367b4697-dbca-45ff-87d7-27747fee68ae/1.webp,1,2025-05-25T12:18:08+00:00
5e6427e5-f31c-4627-a044-807d93160789,af8c1ebe-9243-4b22-bc15-5712f54a8e92,/photos/af8c1ebe-9243-4b22-bc15-5712f54a8e92/0.webp,0,2025-05-28T10:02:59+00:00
c32c5c54-bca5-4d85-aff6-3266f37f56d2,af8c1ebe-9243-4b22-bc15-5712f54a8e92,/photos/af8c1ebe-9243-4b22-bc15-5712f54a8e92/1.webp,1,2025-05-28T10:02:59+00:00
d7a17a70-b9b7-4c16-bd28-5dd4be20beb2,af8c1ebe-9243-4b22-bc15-5712f54a8e92,/photos/af8c1ebe-9243-4b22-bc15-5712f54a8e92/2.webp,2,2025-05-28T10:02:59+00:00
7bd16bab-0665-4b01-a228-54726fe7eb61,af8c1ebe-9243-4b22-bc15-5712f54a8e92,/photos/af8c1ebe-9243-4b22-bc15-5712f54a8e92/3.webp,3,2025-05-28T10:02:59+00:00
f5be8cfc-1c12-44a9-bac7-82ecf53f5cf5,af8c1ebe-9243-4b22-bc15-5712f54a8e92,/photos/af8c1ebe-9243-4b22-bc15-5712f54a8e92/4.webp,4,2025-05-28T10:02:59+00:00
ff5a29d8-6302-4f7b-9a75-84c7a6ed8854,810ba57a-b4ea-47c7-a49b-576d40ac5302,/photos/810ba57a-b4ea-47c7-a49b-576d40ac5302/0.webp,0,2026-02-02T19:04:58+00:00
3e9cdb89-6819-4f96-96bf-188750ef9c91,810ba57a-b4ea-47c7-a49b-576d40ac5302,/photos/810ba57a-b4ea-47c7-a49b-576d40ac5302/1.webp,1,2026-02-02T19:04:58+00:00
9526eb77-ed21-439b-9a51-89389586d171,810ba57a-b4ea-47c7-a49b-576d40ac5302,/photos/810ba57a-b4ea-47c7-a49b-576d40ac5302/2.webp,2,2026-02-02T19:04:58+00:00
84c6d58d-28ac-4c3a-a96f-dafd4d27da9f,21eabb40-84ea-462a-8033-4880f593fe57,/photos/21eabb40-84ea-462a-8033-4880f593fe57/0.webp,0,2026-06-27T06:01:34+00:00
e63b5920-8d23-4932-a083-c078d67f8924,21eabb40-84ea-462a-8033-4880f593fe57,/photos/21eabb40-84ea-462a-8033-4880f593fe57/1.webp,1,2026-06-27T06:01:34+00:00
c82bfe2d-e4c1-4d36-bbd0-05f7a0e31e4b,d6f9bead-de00-445d-a9e1-a9984a6d552c,/photos/d6f9bead-de00-445d-a9e1-a9984a6d552c/0.webp,0,2025-09-12T10:39:21+00:00
728a6cda-9839-4671-9a76-3464277932e5,d6f9bead-de00-445d-a9e1-a9984a6d552c,/photos/d6f9bead-de00-445d-a9e1-a9984a6d552c/1.webp,1,2025-09-12T10:39:21+00:00
94f7c1ee-768a-4b75-9f7f-8aea2924645b,d6f9bead-de00-445d-a9e1-a9984a6d552c,/photos/d6f9bead-de00-445d-a9e1-a9984a6d552c/2.webp,2,2025-09-12T10:39:21+00:00
8f2fb818-5d67-4fe1-ad9a-3f881177a98e,dfa3d0ad-80f9-42be-9116-d2ce314649b8,/photos/dfa3d0ad-80f9-42be-9116-d2ce314649b8/0.webp,0,2026-08-14T01:50:23+00:00
b3f02d37-df6d-4f4e-8f36-8c87faee2b0f,dfa3d0ad-80f9-42be-9116-d2ce314649b8,/photos/dfa3d0ad-80f9-42be-9116-d2ce314649b8/1.webp,1,2026-08-14T01:50:23+00:00
c9c135a7-e1bb-47ab-bf1d-2fe35c95708d,dfa3d0ad-80f9-42be-9116-d2ce314649b8,/photos/dfa3d0ad-80f9-42be-9116-d2ce314649b8/2.webp,2,2026-08-14T01:50:23+00:00
7da2ba88-4ce3-4e4f-b16d-c8bd1e55a35e,dfa3d0ad-80f9-42be-9116-d2ce314649b8,/photos/dfa3d0ad-80f9-42be-9116-d2ce314649b8/3.webp,3,2026-08-14T01:50:23+00:00
986c4a34-7a9b-496f-895f-68de38430d5e,dfa3d0ad-80f9-42be-9116-d2ce314649b8,/photos/dfa3d0ad-80f9-42be-9116-d2ce314649b8/4.webp,4,2026-08-14T01:50:23+00:00
e404c388-6e72-47b0-aee3-6fe47ce9ac71,dfa3d0ad-80f9-42be-9116-d2ce314649b8,/photos/dfa3d0ad-80f9-42be-9116-d2ce314649b8/5.webp,5,2026-08-14T01:50:23+00:00
80045eb7-5948-4220-b334-e9e1a49bc9b8,1444edcf-cf38-460d-9e96-2bbeea3e0543,/photos/1444edcf-cf38-460d-9e96-2bbeea3e0543/0.webp,0,2026-07-24T00:56:29+00:00
059d78ee-d104-4a99-960c-43618003e6e0,1444edcf-cf38-460d-9e96-2bbeea3e0543,/photos/1444edcf-cf38-460d-9e96-2bbeea3e0543/1.webp,1,2026-07-24T00:56:29+00:00
651f4c58-6e31-43be-a6ac-a29d5908b090,1444edcf-cf38-460d-9e96-2bbeea3e0543,/photos/1444edcf-cf38-460d-9e96-2bbeea3e0543/2.webp,2,2026-07-24T00:56:29+00:00
4ed98213-1e22-4ed1-8118-322453640b47,1444edcf-cf38-460d-9e96-2bbeea3e0543,/photos/1444edcf-cf38-460d-9e96-2bbeea3e0543/3.webp,3,2026-07-24T00:56:29+00:00
a1f07ec1-e1fa-4046-9d20-55c4855eef81,1444edcf-cf38-460d-9e96-2bbeea3e0543,/photos/1444edcf-cf38-460d-9e96-2bbeea3e0543/4.webp,4,2026-07-24T00:56:29+00:00
098ae6ed-3a1b-48c8-8cd7-0401dc3c46de,dc2e15c5-90f6-438b-bbfa-1f1d223ebcfd,/photos/dc2e15c5-90f6-438b-bbfa-1f1d223ebcfd/0.webp,0,2025-05-18T14:22:55+00:00
be20c0fd-a285-4eb8-a9c4-0052718fbac1,dc2e15c5-90f6-438b-bbfa-1f1d223ebcfd,/photos/dc2e15c5-90f6-438b-bbfa-1f1d223ebcfd/1.webp,1,2025-05-18T14:22:55+00:00
7994b056-f10c-4af8-868a-141158484377,dc2e15c5-90f6-438b-bbfa-1f1d223ebcfd,/photos/dc2e15c5-90f6-438b-bbfa-1f1d223ebcfd/2.webp,2,2025-05-18T14:22:55+00:00
85ab637f-6179-473e-ac18-f2b86edc0c3c,dc2e15c5-90f6-438b-bbfa-1f1d223ebcfd,/photos/dc2e15c5-90f6-438b-bbfa-1f1d223ebcfd/3.webp,3,2025-05-18T14:22:55+00:00
14e6d5f6-5b20-41b3-a1ad-054f65697b8b,dc2e15c5-90f6-438b-bbfa-1f1d223ebcfd,/photos/dc2e15c5-90f6-438b-bbfa-1f1d223ebcfd/4.webp,4,2025-05-18T14:22:55+00:00
888265c4-d281-4106-802a-b09ddd50e339,dc2e15c5-90f6-438b-bbfa-1f1d223ebcfd,/photos/dc2e15c5-90f6-438b-bbfa-1f1d223ebcfd/5.webp,5,2025-05-18T14:22:55+00:00
1e19188e-eb4e-4388-90d4-8554a22bf1e2,dd720de7-968f-41de-9de9-b3c0cafb36f0,/photos/dd720de7-968f-41de-9de9-b3c0cafb36f0/0.webp,0,2025-09-15T07:04:45+00:00
f6272ace-ca34-45d4-91ff-9a90aaa23559,dd720de7-968f-41de-9de9-b3c0cafb36f0,/photos/dd720de7-968f-41de-9de9-b3c0cafb36f0/1.webp,1,2025-09-15T07:04:45+00:00
901053ec-4f8f-4702-a7d7-ff8efd68c5c7,dd720de7-968f-41de-9de9-b3c0cafb36f0,/photos/dd720de7-968f-41de-9de9-b3c0cafb36f0/2.webp,2,2025-09-15T07:04:45+00:00
fdcd409a-b10a-4408-a99f-6c92ad2009e1,dd720de7-968f-41de-9de9-b3c0cafb36f0,/photos/dd720de7-968f-41de-9de9-b3c0cafb36f0/3.webp,3,2025-09-15T07:04:45+00:00
0eff62d7-94c7-45b7-b547-326c6cede85a,883d0947-f619-4727-93c3-cb9b470324bc,/photos/883d0947-f619-4727-93c3-cb9b470324bc/0.webp,0,2026-06-10T03:52:13+00:00
cae059d7-10fc-4b2c-9385-8b06ecfc6a94,883d0947-f619-4727-93c3-cb9b470324bc,/photos/883d0947-f619-4727-93c3-cb9b470324bc/1.webp,1,2026-06-10T03:52:13+00:00
d18db40a-0864-4d99-8592-7f42c3c4836a,826c5d84-3830-4f3c-a9f9-05505be585bb,/photos/826c5d84-3830-4f3c-a9f9-05505be585bb/0.webp,0,2024-10-30T10:58:18+00:00
0ef798a9-11f8-46cb-89d4-437bc24e5d17,826c5d84-3830-4f3c-a9f9-05505be585bb,/photos/826c5d84-3830-4f3c-a9f9-05505be585bb/1.webp,1,2024-10-30T10:58:18+00:00
177254b8-1f7e-4bcb-abff-30db1969062f,826c5d84-3830-4f3c-a9f9-05505be585bb,/photos/826c5d84-3830-4f3c-a9f9-05505be585bb/2.webp,2,2024-10-30T10:58:18+00:00
718efbbc-7a07-4418-983d-a27a2485110c,826c5d84-3830-4f3c-a9f9-05505be585bb,/photos/826c5d84-3830-4f3c-a9f9-05505be585bb/3.webp,3,2024-10-30T10:58:18+00:00
a9911c14-a1d7-4f0b-9a4c-196f5ccf640b,12e89967-cf57-4544-aa9c-b570e9ebc3bc,/photos/12e89967-cf57-4544-aa9c-b570e9ebc3bc/0.webp,0,2026-06-23T12:33:58+00:00
25b558c1-2b92-40db-9677-6ab9edbff5d1,12e89967-cf57-4544-aa9c-b570e9ebc3bc,/photos/12e89967-cf57-4544-aa9c-b570e9ebc3bc/1.webp,1,2026-06-23T12:33:58+00:00
b8835da5-426b-48a6-a28a-6441cd5ba820,12e89967-cf57-4544-aa9c-b570e9ebc3bc,/photos/12e89967-cf57-4544-aa9c-b570e9ebc3bc/2.webp,2,2026-06-23T12:33:58+00:00
6aca11e9-5bbd-434b-a2ae-3ef79abd1c9a,12e89967-cf57-4544-aa9c-b570e9ebc3bc,/photos/12e89967-cf57-4544-aa9c-b570e9ebc3bc/3.webp,3,2026-06-23T12:33:58+00:00
35d7be05-0bb9-46bb-8a69-e1e8027e76a5,12e89967-cf57-4544-aa9c-b570e9ebc3bc,/photos/12e89967-cf57-4544-aa9c-b570e9ebc3bc/4.webp,4,2026-06-23T12:33:58+00:00
cc86dcdd-b0f1-4399-8ef8-64bbcb6cda14,d0e5a8c4-6596-496a-9c01-f1b2f57293ad,/photos/d0e5a8c4-6596-496a-9c01-f1b2f57293ad/0.webp,0,2026-08-06T23:05:25+00:00
e1888b23-0be9-48f2-822f-e779c9427985,d0e5a8c4-6596-496a-9c01-f1b2f57293ad,/photos/d0e5a8c4-6596-496a-9c01-f1b2f57293ad/1.webp,1,2026-08-06T23:05:25+00:00
891c40ab-6231-4407-82ff-767911edfdb5,d0e5a8c4-6596-496a-9c01-f1b2f57293ad,/photos/d0e5a8c4-6596-496a-9c01-f1b2f57293ad/2.webp,2,2026-08-06T23:05:25+00:00
f14e2e65-6e9a-430a-bc2b-7a1b5b86027a,d0e5a8c4-6596-496a-9c01-f1b2f57293ad,/photos/d0e5a8c4-6596-496a-9c01-f1b2f57293ad/3.webp,3,2026-08-06T23:05:25+00:00
db0f4140-a1e6-4945-b308-5f3b850439b3,3bac5c73-ae8e-4a74-8ed5-8568da0dc74e,/photos/3bac5c73-ae8e-4a74-8ed5-8568da0dc74e/0.webp,0,2026-05-07T08:50:54+00:00
81c22e28-d275-4cf5-92e0-5bc540ee6f47,f59531fc-0ddb-4002-87ba-d1d4fe2140a5,/photos/f59531fc-0ddb-4002-87ba-d1d4fe2140a5/0.webp,0,2026-04-30T08:22:07+00:00
e3d0c93c-6e75-4107-89a1-bd4fed476f89,f59531fc-0ddb-4002-87ba-d1d4fe2140a5,/photos/f59531fc-0ddb-4002-87ba-d1d4fe2140a5/1.webp,1,2026-04-30T08:22:07+00:00
93fad7e2-04d0-44bb-9b78-08a36f339228,b66a5af6-3bdc-477a-8fbe-393f97e8f24e,/photos/b66a5af6-3bdc-477a-8fbe-393f97e8f24e/0.webp,0,2025-09-19T18:23:40+00:00
964f4fa2-2d49-4438-aedf-66daa3e69421,b66a5af6-3bdc-477a-8fbe-393f97e8f24e,/photos/b66a5af6-3bdc-477a-8fbe-393f97e8f24e/1.webp,1,2025-09-19T18:23:40+00:00
9505ae52-4c01-4b25-8ec2-a74b0a5bdfac,dfebd44f-0314-4d4e-94f4-c96a8d2812a9,/photos/dfebd44f-0314-4d4e-94f4-c96a8d2812a9/0.webp,0,2026-04-12T15:00:23+00:00
4de9e4c8-0bef-4d79-a775-e67b8a5558ec,353015bd-b02c-4f8d-bf25-9f030326bae1,/photos/353015bd-b02c-4f8d-bf25-9f030326bae1/0.webp,0,2026-03-10T14:39:36+00:00
16239493-024a-479c-a51e-ff4d89258755,353015bd-b02c-4f8d-bf25-9f030326bae1,/photos/353015bd-b02c-4f8d-bf25-9f030326bae1/1.webp,1,2026-03-10T14:39:36+00:00
7738730c-a092-45c5-a462-e09f758c1a07,353015bd-b02c-4f8d-bf25-9f030326bae1,/photos/353015bd-b02c-4f8d-bf25-9f030326bae1/2.webp,2,2026-03-10T14:39:36+00:00
fda1bfde-567f-478a-bba8-0932511eb20b,353015bd-b02c-4f8d-bf25-9f030326bae1,/photos/353015bd-b02c-4f8d-bf25-9f030326bae1/3.webp,3,2026-03-10T14:39:36+00:00
cd23fda1-90fb-4f08-9ddf-b0263a302271,75ab175e-bac7-4c1b-9ee5-3bf66bc76c71,/photos/75ab175e-bac7-4c1b-9ee5-3bf66bc76c71/0.webp,0,2026-08-06T21:29:07+00:00
f479f50d-ec41-4765-a879-2f28b09b685e,75ab175e-bac7-4c1b-9ee5-3bf66bc76c71,/photos/75ab175e-bac7-4c1b-9ee5-3bf66bc76c71/1.webp,1,2026-08-06T21:29:07+00:00
0e67e9c6-0c4b-49a2-b328-b0d4c1c6d58a,75ab175e-bac7-4c1b-9ee5-3bf66bc76c71,/photos/75ab175e-bac7-4c1b-9ee5-3bf66bc76c71/2.webp,2,2026-08-06T21:29:07+00:00
b0d119d9-e529-46a5-a03b-069f9d5dcab4,75ab175e-bac7-4c1b-9ee5-3bf66bc76c71,/photos/75ab175e-bac7-4c1b-9ee5-3bf66bc76c71/3.webp,3,2026-08-06T21:29:07+00:00
de3e1893-d88c-4154-bab1-efe726672bab,75ab175e-bac7-4c1b-9ee5-3bf66bc76c71,/photos/75ab175e-bac7-4c1b-9ee5-3bf66bc76c71/4.webp,4,2026-08-06T21:29:07+00:00
a19dc7fb-08cc-40c0-b117-a0a88a5da2f7,75ab175e-bac7-4c1b-9ee5-3bf66bc76c71,/photos/75ab175e-bac7-4c1b-9ee5-3bf66bc76c71/5.webp,5,2026-08-06T21:29:07+00:00
1667e87d-1600-4c07-bc97-7be8b911a250,ac26d4c2-818b-4d0b-b398-8db8a8a06846,/photos/ac26d4c2-818b-4d0b-b398-8db8a8a06846/0.webp,0,2026-04-21T07:47:30+00:00
4c26d902-f729-4e52-93b9-95780a72a1d0,ac26d4c2-818b-4d0b-b398-8db8a8a06846,/photos/ac26d4c2-818b-4d0b-b398-8db8a8a06846/1.webp,1,2026-04-21T07:47:30+00:00
ae7d9630-73c4-44f1-b375-93fc631d85ca,f36e3329-315f-4fa2-a8f2-c563910e25f8,/photos/f36e3329-315f-4fa2-a8f2-c563910e25f8/0.webp,0,2026-05-21T01:00:23+00:00
7c657792-35e8-43cc-adcd-c798ebcb813b,f36e3329-315f-4fa2-a8f2-c563910e25f8,/photos/f36e3329-315f-4fa2-a8f2-c563910e25f8/1.webp,1,2026-05-21T01:00:23+00:00
0aa50df4-4ae8-480d-b63e-af92b2d55ef6,f36e3329-315f-4fa2-a8f2-c563910e25f8,/photos/f36e3329-315f-4fa2-a8f2-c563910e25f8/2.webp,2,2026-05-21T01:00:23+00:00
2921d7d1-5004-4f8c-b838-1cd7d759b731,f36e3329-315f-4fa2-a8f2-c563910e25f8,/photos/f36e3329-315f-4fa2-a8f2-c563910e25f8/3.webp,3,2026-05-21T01:00:23+00:00
96deceb0-9ac4-4898-9b04-fed7e5ba6708,f36e3329-315f-4fa2-a8f2-c563910e25f8,/photos/f36e3329-315f-4fa2-a8f2-c563910e25f8/4.webp,4,2026-05-21T01:00:23+00:00
cbbd7643-e38a-4937-9afb-5e4dc84309fa,f36e3329-315f-4fa2-a8f2-c563910e25f8,/photos/f36e3329-315f-4fa2-a8f2-c563910e25f8/5.webp,5,2026-05-21T01:00:23+00:00
73007a13-3a08-4997-b889-b895e6bd6667,f36e3329-315f-4fa2-a8f2-c563910e25f8,/photos/f36e3329-315f-4fa2-a8f2-c563910e25f8/6.webp,6,2026-05-21T01:00:23+00:00
9ad4fdfe-9270-4cc4-93ba-18c772630f75,a398d554-be72-47c7-aaf6-18caf0a0d108,/photos/a398d554-be72-47c7-aaf6-18caf0a0d108/0.webp,0,2026-06-28T17:20:05+00:00
b9450b0d-42df-4fa2-a7da-ff163b7f71f5,a398d554-be72-47c7-aaf6-18caf0a0d108,/photos/a398d554-be72-47c7-aaf6-18caf0a0d108/1.webp,1,2026-06-28T17:20:05+00:00
97616793-cc12-451e-9b94-7674cf2aeb73,a398d554-be72-47c7-aaf6-18caf0a0d108,/photos/a398d554-be72-47c7-aaf6-18caf0a0d108/2.webp,2,2026-06-28T17:20:05+00:00
23e48d8f-3e9b-4e26-8d18-1b91d44fafeb,a398d554-be72-47c7-aaf6-18caf0a0d108,/photos/a398d554-be72-47c7-aaf6-18caf0a0d108/3.webp,3,2026-06-28T17:20:05+00:00
fbb44ab1-c593-4e1e-b17e-1c70637a7f40,535c08c7-7d33-4af0-a722-c8878ff7f388,/photos/535c08c7-7d33-4af0-a722-c8878ff7f388/0.webp,0,2026-07-23T21:53:29+00:00
66e316aa-80e0-4548-aa53-8437851a0aa2,79cc7c97-3981-439d-be4d-7401df48343a,/photos/79cc7c97-3981-439d-be4d-7401df48343a/0.webp,0,2024-12-09T14:23:17+00:00
6b7559db-0bd7-4984-ad8d-b916155a8fc2,79cc7c97-3981-439d-be4d-7401df48343a,/photos/79cc7c97-3981-439d-be4d-7401df48343a/1.webp,1,2024-12-09T14:23:17+00:00
66847b7b-0380-432b-9c47-56e0c343f8aa,123d9b0b-28ab-4140-8be5-76e5fc46bf50,/photos/123d9b0b-28ab-4140-8be5-76e5fc46bf50/0.webp,0,2026-06-28T10:05:35+00:00
373073ae-a130-4486-9d49-0144359d4535,123d9b0b-28ab-4140-8be5-76e5fc46bf50,/photos/123d9b0b-28ab-4140-8be5-76e5fc46bf50/1.webp,1,2026-06-28T10:05:35+00:00
eb599294-4762-42b3-85a7-8bdf116cde36,123d9b0b-28ab-4140-8be5-76e5fc46bf50,/photos/123d9b0b-28ab-4140-8be5-76e5fc46bf50/2.webp,2,2026-06-28T10:05:35+00:00
5cc315db-1804-4e5b-9191-0d9409345207,123d9b0b-28ab-4140-8be5-76e5fc46bf50,/photos/123d9b0b-28ab-4140-8be5-76e5fc46bf50/3.webp,3,2026-06-28T10:05:35+00:00
d4fcc5ce-bcc4-46a8-806b-7543305cfb49,123d9b0b-28ab-4140-8be5-76e5fc46bf50,/photos/123d9b0b-28ab-4140-8be5-76e5fc46bf50/4.webp,4,2026-06-28T10:05:35+00:00
cc147b18-5b10-4d71-ab75-48e51f16d9be,123d9b0b-28ab-4140-8be5-76e5fc46bf50,/photos/123d9b0b-28ab-4140-8be5-76e5fc46bf50/5.webp,5,2026-06-28T10:05:35+00:00
8f408381-9e88-4144-a40d-c414068e557a,123d9b0b-28ab-4140-8be5-76e5fc46bf50,/photos/123d9b0b-28ab-4140-8be5-76e5fc46bf50/6.webp,6,2026-06-28T10:05:35+00:00
9ac1f644-c05c-4f4c-a6e9-67900076a666,123d9b0b-28ab-4140-8be5-76e5fc46bf50,/photos/123d9b0b-28ab-4140-8be5-76e5fc46bf50/7.webp,7,2026-06-28T10:05:35+00:00
13b5aa03-e092-4113-81da-eef518c8d4da,123d9b0b-28ab-4140-8be5-76e5fc46bf50,/photos/123d9b0b-28ab-4140-8be5-76e5fc46bf50/8.webp,8,2026-06-28T10:05:35+00:00
186b11ee-7367-42f2-85a0-e9962968bcf0,a2dec8d1-2e8d-4545-9888-591bc685c27b,/photos/a2dec8d1-2e8d-4545-9888-591bc685c27b/0.webp,0,2026-08-24T14:42:08+00:00
67ddb2e4-21e3-4b51-844a-a8cbc82ec1f6,a2dec8d1-2e8d-4545-9888-591bc685c27b,/photos/a2dec8d1-2e8d-4545-9888-591bc685c27b/1.webp,1,2026-08-24T14:42:08+00:00
901633c7-716a-4706-a383-5733dfaad876,a2dec8d1-2e8d-4545-9888-591bc685c27b,/photos/a2dec8d1-2e8d-4545-9888-591bc685c27b/2.webp,2,2026-08-24T14:42:08+00:00
4139f056-a3b8-4766-a056-91e17932c011,a2dec8d1-2e8d-4545-9888-591bc685c27b,/photos/a2dec8d1-2e8d-4545-9888-591bc685c27b/3.webp,3,2026-08-24T14:42:08+00:00
6ce3bea8-d1bc-409b-b1e0-b540a089773e,d120fdb0-82a9-4463-8946-b1bede26ffd2,/photos/d120fdb0-82a9-4463-8946-b1bede26ffd2/0.webp,0,2025-04-23T10:51:25+00:00
da15a57c-4df4-4675-b0d2-6627687fc068,d120fdb0-82a9-4463-8946-b1bede26ffd2,/photos/d120fdb0-82a9-4463-8946-b1bede26ffd2/1.webp,1,2025-04-23T10:51:25+00:00
5d4f4fb4-8292-416f-876b-001cc87cc941,d120fdb0-82a9-4463-8946-b1bede26ffd2,/photos/d120fdb0-82a9-4463-8946-b1bede26ffd2/2.webp,2,2025-04-23T10:51:25+00:00
3042e299-0c14-4b8e-bf76-ce64e8e0ee05,d120fdb0-82a9-4463-8946-b1bede26ffd2,/photos/d120fdb0-82a9-4463-8946-b1bede26ffd2/3.webp,3,2025-04-23T10:51:25+00:00
b5616781-8ce4-41c6-a88c-2a6d417b07dd,8cdca155-1376-47f5-8371-ded05abd777e,/photos/8cdca155-1376-47f5-8371-ded05abd777e/0.webp,0,2025-06-09T09:50:14+00:00
2170c686-1c66-4fca-b269-6c2a7d0c8a6f,8cdca155-1376-47f5-8371-ded05abd777e,/photos/8cdca155-1376-47f5-8371-ded05abd777e/1.webp,1,2025-06-09T09:50:14+00:00
21d04514-7df5-460a-96f6-47a6aa663aab,8cdca155-1376-47f5-8371-ded05abd777e,/photos/8cdca155-1376-47f5-8371-ded05abd777e/2.webp,2,2025-06-09T09:50:14+00:00
becd5c15-8f02-4658-a97d-7d59921b702b,8cdca155-1376-47f5-8371-ded05abd777e,/photos/8cdca155-1376-47f5-8371-ded05abd777e/3.webp,3,2025-06-09T09:50:14+00:00
84757595-6294-48bf-b619-7b5471aab384,8cdca155-1376-47f5-8371-ded05abd777e,/photos/8cdca155-1376-47f5-8371-ded05abd777e/4.webp,4,2025-06-09T09:50:14+00:00
d8861906-6d68-4a3a-8330-9dc34c6a05cb,8cdca155-1376-47f5-8371-ded05abd777e,/photos/8cdca155-1376-47f5-8371-ded05abd777e/5.webp,5,2025-06-09T09:50:14+00:00
c3d2d64a-0b4b-491d-81ee-0fb799d26246,9bb4bd09-019b-446b-aa51-6e253f4b3ce4,/photos/9bb4bd09-019b-446b-aa51-6e253f4b3ce4/0.webp,0,2025-11-18T14:58:47+00:00
d73f936f-53be-46b2-8f0c-4b9ac87e4341,9bb4bd09-019b-446b-aa51-6e253f4b3ce4,/photos/9bb4bd09-019b-446b-aa51-6e253f4b3ce4/1.webp,1,2025-11-18T14:58:47+00:00
43efbe89-c561-4d86-beda-ad6184322f74,9bb4bd09-019b-446b-aa51-6e253f4b3ce4,/photos/9bb4bd09-019b-446b-aa51-6e253f4b3ce4/2.webp,2,2025-11-18T14:58:47+00:00
10715226-3f37-4730-9f02-209e1e3ec9b7,ce22bb66-e5ad-4344-8ef6-b506f8a3d44f,/photos/ce22bb66-e5ad-4344-8ef6-b506f8a3d44f/0.webp,0,2025-09-03T17:46:11+00:00
d6d38efa-e46b-46cc-b86c-f04cfda736fb,ce22bb66-e5ad-4344-8ef6-b506f8a3d44f,/photos/ce22bb66-e5ad-4344-8ef6-b506f8a3d44f/1.webp,1,2025-09-03T17:46:11+00:00
6eabe569-97bb-4a9f-856d-df759f3b4945,ce22bb66-e5ad-4344-8ef6-b506f8a3d44f,/photos/ce22bb66-e5ad-4344-8ef6-b506f8a3d44f/2.webp,2,2025-09-03T17:46:11+00:00
3256bc1a-dc42-4c4d-9b33-b5a81a8a3f09,ce22bb66-e5ad-4344-8ef6-b506f8a3d44f,/photos/ce22bb66-e5ad-4344-8ef6-b506f8a3d44f/3.webp,3,2025-09-03T17:46:11+00:00
5672654b-14c1-469c-a353-22b77a805e7b,1aa639da-80da-44a3-abc8-154ea268413e,/photos/1aa639da-80da-44a3-abc8-154ea268413e/0.webp,0,2026-08-28T05:48:35+00:00
d6d4abac-ebc4-4c4e-8808-6df870c76d70,1aa639da-80da-44a3-abc8-154ea268413e,/photos/1aa639da-80da-44a3-abc8-154ea268413e/1.webp,1,2026-08-28T05:48:35+00:00
8f1fa8eb-d7fd-44ea-9620-a370866bd115,a4eeb354-6f1e-46cc-bf11-a1a3953a5b8d,/photos/a4eeb354-6f1e-46cc-bf11-a1a3953a5b8d/0.webp,0,2026-08-01T14:35:08+00:00
6941e94a-ed28-45e5-a376-f3abc9df0a8e,733f3c8b-26f1-4a77-892d-709f1760d1d8,/photos/733f3c8b-26f1-4a77-892d-709f1760d1d8/0.webp,0,2025-05-11T23:35:07+00:00
a4a57695-405d-4070-9912-32aa6b22b89c,733f3c8b-26f1-4a77-892d-709f1760d1d8,/photos/733f3c8b-26f1-4a77-892d-709f1760d1d8/1.webp,1,2025-05-11T23:35:07+00:00
b57872f2-a9ac-41d3-9ce8-88bb896eea8d,733f3c8b-26f1-4a77-892d-709f1760d1d8,/photos/733f3c8b-26f1-4a77-892d-709f1760d1d8/2.webp,2,2025-05-11T23:35:07+00:00
bcf03f3a-f2f6-4623-b619-09071c301279,8ad16a71-a949-4754-8ede-c98e0cf8f4db,/photos/8ad16a71-a949-4754-8ede-c98e0cf8f4db/0.webp,0,2025-11-18T17:29:32+00:00
9972bfa3-da91-4a07-b956-433267eb0f7a,8ad16a71-a949-4754-8ede-c98e0cf8f4db,/photos/8ad16a71-a949-4754-8ede-c98e0cf8f4db/1.webp,1,2025-11-18T17:29:32+00:00
5b1feb78-234a-45e8-9830-b94f47ddb318,8ad16a71-a949-4754-8ede-c98e0cf8f4db,/photos/8ad16a71-a949-4754-8ede-c98e0cf8f4db/2.webp,2,2025-11-18T17:29:32+00:00
f16bfb80-12fe-4d70-b269-32781827ee07,8ad16a71-a949-4754-8ede-c98e0cf8f4db,/photos/8ad16a71-a949-4754-8ede-c98e0cf8f4db/3.webp,3,2025-11-18T17:29:32+00:00
98538fb5-c9a6-4fad-9cb4-6ef525ecb770,8ad16a71-a949-4754-8ede-c98e0cf8f4db,/photos/8ad16a71-a949-4754-8ede-c98e0cf8f4db/4.webp,4,2025-11-18T17:29:32+00:00
ff9478f3-aa0a-40eb-9ea3-a1debde381e5,8ad16a71-a949-4754-8ede-c98e0cf8f4db,/photos/8ad16a71-a949-4754-8ede-c98e0cf8f4db/5.webp,5,2025-11-18T17:29:32+00:00
84cbf040-1edc-4b71-86ad-d3e8dcd4608f,5ad3ddf1-7dba-4248-abda-7b5c4552599e,/photos/5ad3ddf1-7dba-4248-abda-7b5c4552599e/0.webp,0,2025-05-13T02:02:56+00:00
6336b1d2-8064-400f-8bc2-525bf5c1cfd4,5ad3ddf1-7dba-4248-abda-7b5c4552599e,/photos/5ad3ddf1-7dba-4248-abda-7b5c4552599e/1.webp,1,2025-05-13T02:02:56+00:00
f6bca342-893d-4c17-b698-a405dd6a8945,5ad3ddf1-7dba-4248-abda-7b5c4552599e,/photos/5ad3ddf1-7dba-4248-abda-7b5c4552599e/2.webp,2,2025-05-13T02:02:56+00:00
eac00ab5-4762-4ddc-8387-fc31f458d5e5,5ad3ddf1-7dba-4248-abda-7b5c4552599e,/photos/5ad3ddf1-7dba-4248-abda-7b5c4552599e/3.webp,3,2025-05-13T02:02:56+00:00
f18a08f1-a4ec-466a-b14d-5a41cf5d7bbc,5ad3ddf1-7dba-4248-abda-7b5c4552599e,/photos/5ad3ddf1-7dba-4248-abda-7b5c4552599e/4.webp,4,2025-05-13T02:02:56+00:00
84b666dc-fcd3-4d8c-86d7-99ef6f70517c,5ad3ddf1-7dba-4248-abda-7b5c4552599e,/photos/5ad3ddf1-7dba-4248-abda-7b5c4552599e/5.webp,5,2025-05-13T02:02:56+00:00
2507dcf8-f0f0-4748-9c3b-39c98c174cec,5ad3ddf1-7dba-4248-abda-7b5c4552599e,/photos/5ad3ddf1-7dba-4248-abda-7b5c4552599e/6.webp,6,2025-05-13T02:02:56+00:00
3366131f-51d8-4952-9e17-1b48a230f6da,5ad3ddf1-7dba-4248-abda-7b5c4552599e,/photos/5ad3ddf1-7dba-4248-abda-7b5c4552599e/7.webp,7,2025-05-13T02:02:56+00:00
35593759-ab43-4f1b-91db-6e943bedcd41,5ad3ddf1-7dba-4248-abda-7b5c4552599e,/photos/5ad3ddf1-7dba-4248-abda-7b5c4552599e/8.webp,8,2025-05-13T02:02:56+00:00
99e6cd2e-814d-4597-a43f-09c40656b090,5ad3ddf1-7dba-4248-abda-7b5c4552599e,/photos/5ad3ddf1-7dba-4248-abda-7b5c4552599e/9.webp,9,2025-05-13T02:02:56+00:00
32fcd5f7-4edf-45a8-ba1e-50a55eefadb2,5e844357-bae8-4a4b-bd09-66153432efbc,/photos/5e844357-bae8-4a4b-bd09-66153432efbc/0.webp,0,2026-06-07T15:48:54+00:00
5a5bde0d-f5e2-454d-ad5b-fbf26424cd60,5e844357-bae8-4a4b-bd09-66153432efbc,/photos/5e844357-bae8-4a4b-bd09-66153432efbc/1.webp,1,2026-06-07T15:48:54+00:00
1f4aa4c3-80ac-437d-9a63-cfe81a2c362e,5e844357-bae8-4a4b-bd09-66153432efbc,/photos/5e844357-bae8-4a4b-bd09-66153432efbc/2.webp,2,2026-06-07T15:48:54+00:00
2b4029cc-7170-4303-abe6-bf79a30ccb27,5e844357-bae8-4a4b-bd09-66153432efbc,/photos/5e844357-bae8-4a4b-bd09-66153432efbc/3.webp,3,2026-06-07T15:48:54+00:00
2e19430a-7987-4f47-80cf-091c904f87ae,a4ec4e57-accc-4fc4-8da6-bd22a8170fa5,/photos/a4ec4e57-accc-4fc4-8da6-bd22a8170fa5/0.webp,0,2026-08-27T23:23:58+00:00
c3d6613e-73c1-474c-9c9e-1505b1bdef8f,a4ec4e57-accc-4fc4-8da6-bd22a8170fa5,/photos/a4ec4e57-accc-4fc4-8da6-bd22a8170fa5/1.webp,1,2026-08-27T23:23:58+00:00
aa9cd800-aff3-4e9f-8a7e-591310c010bb,a4ec4e57-accc-4fc4-8da6-bd22a8170fa5,/photos/a4ec4e57-accc-4fc4-8da6-bd22a8170fa5/2.webp,2,2026-08-27T23:23:58+00:00
b50ca3b5-1617-460b-bf05-279c0157bd2c,a4ec4e57-accc-4fc4-8da6-bd22a8170fa5,/photos/a4ec4e57-accc-4fc4-8da6-bd22a8170fa5/3.webp,3,2026-08-27T23:23:58+00:00
9e9f2afd-feea-4111-a047-92ea9c5da005,a4ec4e57-accc-4fc4-8da6-bd22a8170fa5,/photos/a4ec4e57-accc-4fc4-8da6-bd22a8170fa5/4.webp,4,2026-08-27T23:23:58+00:00
6b73dd02-4760-4691-93d8-f9e075663a3d,9a5db7f4-f2e3-46e4-b8a7-20dd5bd9f1d5,/photos/9a5db7f4-f2e3-46e4-b8a7-20dd5bd9f1d5/0.webp,0,2024-09-09T05:25:53+00:00
ecfd0c59-14d4-4883-a27e-0822a9cdb145,9a5db7f4-f2e3-46e4-b8a7-20dd5bd9f1d5,/photos/9a5db7f4-f2e3-46e4-b8a7-20dd5bd9f1d5/1.webp,1,2024-09-09T05:25:53+00:00
3104333f-3d69-4a81-8e08-e4e6e37e362c,9a5db7f4-f2e3-46e4-b8a7-20dd5bd9f1d5,/photos/9a5db7f4-f2e3-46e4-b8a7-20dd5bd9f1d5/2.webp,2,2024-09-09T05:25:53+00:00
df580f8c-3293-4dde-b4b5-86587ed17535,9a5db7f4-f2e3-46e4-b8a7-20dd5bd9f1d5,/photos/9a5db7f4-f2e3-46e4-b8a7-20dd5bd9f1d5/3.webp,3,2024-09-09T05:25:53+00:00
d294099e-5c36-4961-bbad-3209f2b0d337,f6c2aef3-5efd-489b-b106-6ff9215224e1,/photos/f6c2aef3-5efd-489b-b106-6ff9215224e1/0.webp,0,2026-07-14T05:49:46+00:00
b3c3c7f6-7dc9-4380-8782-2032eb7d24fb,f6c2aef3-5efd-489b-b106-6ff9215224e1,/photos/f6c2aef3-5efd-489b-b106-6ff9215224e1/1.webp,1,2026-07-14T05:49:46+00:00
5573a82e-1059-4e79-ac79-39618cd084bf,f6c2aef3-5efd-489b-b106-6ff9215224e1,/photos/f6c2aef3-5efd-489b-b106-6ff9215224e1/2.webp,2,2026-07-14T05:49:46+00:00
ca221fd5-12af-4ef8-83a1-5246e2a379cc,f6c2aef3-5efd-489b-b106-6ff9215224e1,/photos/f6c2aef3-5efd-489b-b106-6ff9215224e1/3.webp,3,2026-07-14T05:49:46+00:00
a1faa637-77f9-4faa-8798-53e2f9db6122,b2f69dc6-923f-4a65-bd90-253c15f90ca7,/photos/b2f69dc6-923f-4a65-bd90-253c15f90ca7/0.webp,0,2026-07-30T22:11:47+00:00
f61d7610-afff-4041-90b6-879f4dc9c0e9,b2f69dc6-923f-4a65-bd90-253c15f90ca7,/photos/b2f69dc6-923f-4a65-bd90-253c15f90ca7/1.webp,1,2026-07-30T22:11:47+00:00
3efd313a-b35b-46df-bf71-d8f733c84a26,b2f69dc6-923f-4a65-bd90-253c15f90ca7,/photos/b2f69dc6-923f-4a65-bd90-253c15f90ca7/2.webp,2,2026-07-30T22:11:47+00:00
f5057eb5-a1b4-4b88-809b-a6260014a756,6c4c8622-b974-4dcf-9b5a-af9cf7e8d465,/photos/6c4c8622-b974-4dcf-9b5a-af9cf7e8d465/0.webp,0,2026-05-19T08:20:12+00:00
c6fe17a3-a1ac-447e-b241-cecba21429a8,ee8f71a6-970f-4da4-bebf-eada80451cc0,/photos/ee8f71a6-970f-4da4-bebf-eada80451cc0/0.webp,0,2026-08-31T16:34:29+00:00
29732a20-70c2-4eb1-8c59-283580081005,ee8f71a6-970f-4da4-bebf-eada80451cc0,/photos/ee8f71a6-970f-4da4-bebf-eada80451cc0/1.webp,1,2026-08-31T16:34:29+00:00
f81f9773-caf1-497c-8b6a-12ad498385a1,ee8f71a6-970f-4da4-bebf-eada80451cc0,/photos/ee8f71a6-970f-4da4-bebf-eada80451cc0/2.webp,2,2026-08-31T16:34:29+00:00
314f3658-1e26-49d1-9ffa-601d018b798b,ee8f71a6-970f-4da4-bebf-eada80451cc0,/photos/ee8f71a6-970f-4da4-bebf-eada80451cc0/3.webp,3,2026-08-31T16:34:29+00:00
f8c807da-422b-4cc2-851b-df3a0f457dea,2a1caa72-dbdf-4f23-b91a-42a660ffd24a,/photos/2a1caa72-dbdf-4f23-b91a-42a660ffd24a/0.webp,0,2025-10-19T16:10:31+00:00
50d0a5b3-9866-4a0a-81f4-6e6606836cac,2a1caa72-dbdf-4f23-b91a-42a660ffd24a,/photos/2a1caa72-dbdf-4f23-b91a-42a660ffd24a/1.webp,1,2025-10-19T16:10:31+00:00
6d5aa794-7dd2-4374-bbe3-0f0789414cac,2a1caa72-dbdf-4f23-b91a-42a660ffd24a,/photos/2a1caa72-dbdf-4f23-b91a-42a660ffd24a/2.webp,2,2025-10-19T16:10:31+00:00
ae330a1a-6fd5-4d77-a25c-92896a24e882,e5d22baa-486b-4027-a186-66f259469b28,/photos/e5d22baa-486b-4027-a186-66f259469b28/0.webp,0,2026-08-03T08:00:29+00:00
4b907b4d-9043-4dd1-a64c-8b691d728fe0,e5d22baa-486b-4027-a186-66f259469b28,/photos/e5d22baa-486b-4027-a186-66f259469b28/1.webp,1,2026-08-03T08:00:29+00:00
674e1638-4d32-4b4e-a302-a6130f758d06,e5d22baa-486b-4027-a186-66f259469b28,/photos/e5d22baa-486b-4027-a186-66f259469b28/2.webp,2,2026-08-03T08:00:29+00:00
fd1fb0a4-7b57-4736-834c-d857cfbbcbf0,e5d22baa-486b-4027-a186-66f259469b28,/photos/e5d22baa-486b-4027-a186-66f259469b28/3.webp,3,2026-08-03T08:00:29+00:00
4ec15af2-017c-4105-a684-57563115a742,06206e95-37fa-4028-8609-f20acce67ebd,/photos/06206e95-37fa-4028-8609-f20acce67ebd/0.webp,0,2026-01-11T02:51:43+00:00
88173c99-c1ac-40bc-a517-cae96ccd6406,06206e95-37fa-4028-8609-f20acce67ebd,/photos/06206e95-37fa-4028-8609-f20acce67ebd/1.webp,1,2026-01-11T02:51:43+00:00
9f8a96cd-6abf-4a96-90d0-3d79c3090caa,06206e95-37fa-4028-8609-f20acce67ebd,/photos/06206e95-37fa-4028-8609-f20acce67ebd/2.webp,2,2026-01-11T02:51:43+00:00
1785af0c-8e50-4ef0-9bfd-b28244029b7d,53aaaeb9-43a6-4649-9c46-56f828defeb3,/photos/53aaaeb9-43a6-4649-9c46-56f828defeb3/0.webp,0,2025-08-20T13:14:40+00:00
6466bfdb-d9df-4e01-b03f-8092b88ad2df,53aaaeb9-43a6-4649-9c46-56f828defeb3,/photos/53aaaeb9-43a6-4649-9c46-56f828defeb3/1.webp,1,2025-08-20T13:14:40+00:00
64873158-4dab-4064-a261-4459b89bf426,0ca4a775-dff9-4a40-81d0-6075aa1173fc,/photos/0ca4a775-dff9-4a40-81d0-6075aa1173fc/0.webp,0,2025-05-24T01:56:28+00:00
d2008cae-c747-4bdb-86d4-ed58fd89c8dc,01fbdf33-6e02-4708-8d97-9f287afa0cd2,/photos/01fbdf33-6e02-4708-8d97-9f287afa0cd2/0.webp,0,2026-08-15T04:47:55+00:00
114c5fad-ae6f-44b3-8aa2-910f617003ad,01fbdf33-6e02-4708-8d97-9f287afa0cd2,/photos/01fbdf33-6e02-4708-8d97-9f287afa0cd2/1.webp,1,2026-08-15T04:47:55+00:00
362659db-b779-455e-a0b5-a0f10b4c68a6,01fbdf33-6e02-4708-8d97-9f287afa0cd2,/photos/01fbdf33-6e02-4708-8d97-9f287afa0cd2/2.webp,2,2026-08-15T04:47:55+00:00
6e5b6949-29da-471e-8c2f-b774472961b9,01fbdf33-6e02-4708-8d97-9f287afa0cd2,/photos/01fbdf33-6e02-4708-8d97-9f287afa0cd2/3.webp,3,2026-08-15T04:47:55+00:00
07682a93-ddb1-4051-a78d-8d02f3d024f1,01fbdf33-6e02-4708-8d97-9f287afa0cd2,/photos/01fbdf33-6e02-4708-8d97-9f287afa0cd2/4.webp,4,2026-08-15T04:47:55+00:00
d7365b81-a9ff-4d66-bff7-c3b614999e8f,01fbdf33-6e02-4708-8d97-9f287afa0cd2,/photos/01fbdf33-6e02-4708-8d97-9f287afa0cd2/5.webp,5,2026-08-15T04:47:55+00:00
50c7b367-13db-4f15-8393-c617008d7ce3,bbc9b860-7d3b-4c69-bca5-5fd5aed2ecb3,/photos/bbc9b860-7d3b-4c69-bca5-5fd5aed2ecb3/0.webp,0,2025-09-07T02:12:25+00:00
8700c25b-d45d-4b87-b219-b2460af5a538,edebdbbc-c908-4e82-8a75-531788257ae3,/photos/edebdbbc-c908-4e82-8a75-531788257ae3/0.webp,0,2024-09-04T01:35:34+00:00
fb08bdfd-c9e4-473d-a2c2-d07d30e372ae,edebdbbc-c908-4e82-8a75-531788257ae3,/photos/edebdbbc-c908-4e82-8a75-531788257ae3/1.webp,1,2024-09-04T01:35:34+00:00
540146b6-c464-407f-988a-89d0082ec569,edebdbbc-c908-4e82-8a75-531788257ae3,/photos/edebdbbc-c908-4e82-8a75-531788257ae3/2.webp,2,2024-09-04T01:35:34+00:00
c9188e02-f042-4aa3-8c6f-73896f6a29a3,edebdbbc-c908-4e82-8a75-531788257ae3,/photos/edebdbbc-c908-4e82-8a75-531788257ae3/3.webp,3,2024-09-04T01:35:34+00:00
34342726-08d5-4af4-81e0-81ab9064b51c,79f2688a-ab2c-4e91-b212-fd8115a51173,/photos/79f2688a-ab2c-4e91-b212-fd8115a51173/0.webp,0,2026-03-29T20:13:17+00:00
9b16af23-fdfd-4de0-92ce-eef256c29e7c,79f2688a-ab2c-4e91-b212-fd8115a51173,/photos/79f2688a-ab2c-4e91-b212-fd8115a51173/1.webp,1,2026-03-29T20:13:17+00:00
6b636c4d-795e-463a-ba4b-0460f612d29d,79f2688a-ab2c-4e91-b212-fd8115a51173,/photos/79f2688a-ab2c-4e91-b212-fd8115a51173/2.webp,2,2026-03-29T20:13:17+00:00
d1709828-0c3a-4961-a92c-c818b2237e1d,fcea9c2b-7bac-4af9-bfe8-1fa952266156,/photos/fcea9c2b-7bac-4af9-bfe8-1fa952266156/0.webp,0,2026-08-24T09:47:21+00:00
10ca828c-0350-4c59-bce1-300ce2cef7c3,fcea9c2b-7bac-4af9-bfe8-1fa952266156,/photos/fcea9c2b-7bac-4af9-bfe8-1fa952266156/1.webp,1,2026-08-24T09:47:21+00:00
58372cca-ef7e-4208-a537-1ec36dda2163,fcea9c2b-7bac-4af9-bfe8-1fa952266156,/photos/fcea9c2b-7bac-4af9-bfe8-1fa952266156/2.webp,2,2026-08-24T09:47:21+00:00
1b1c9212-e2a9-4c78-9ab8-830293402eb3,fcea9c2b-7bac-4af9-bfe8-1fa952266156,/photos/fcea9c2b-7bac-4af9-bfe8-1fa952266156/3.webp,3,2026-08-24T09:47:21+00:00
a69e8a77-ab00-41d0-8f75-41c90af9596b,acae4a34-9138-45dc-b95e-bbb711e45215,/photos/acae4a34-9138-45dc-b95e-bbb711e45215/0.webp,0,2025-06-26T20:14:22+00:00
6afd6e6c-4855-462f-b7a5-5fd4759667b6,acae4a34-9138-45dc-b95e-bbb711e45215,/photos/acae4a34-9138-45dc-b95e-bbb711e45215/1.webp,1,2025-06-26T20:14:22+00:00
c73e5bdd-dc57-4b6d-b896-ab0fcb8b8bef,acae4a34-9138-45dc-b95e-bbb711e45215,/photos/acae4a34-9138-45dc-b95e-bbb711e45215/2.webp,2,2025-06-26T20:14:22+00:00
afd2eca2-a96a-4e15-9f2e-11101cff87d8,5e072d58-0e81-4cfa-a37f-1084791248b7,/photos/5e072d58-0e81-4cfa-a37f-1084791248b7/0.webp,0,2024-12-26T07:43:06+00:00
1de33836-08c8-44b9-b8ab-66b5e8f23b2c,5e072d58-0e81-4cfa-a37f-1084791248b7,/photos/5e072d58-0e81-4cfa-a37f-1084791248b7/1.webp,1,2024-12-26T07:43:06+00:00
cd72580a-ab8f-45bb-856a-143e5369a5c5,5e072d58-0e81-4cfa-a37f-1084791248b7,/photos/5e072d58-0e81-4cfa-a37f-1084791248b7/2.webp,2,2024-12-26T07:43:06+00:00
38fb2b0f-345d-49bb-b33b-fb8936767ad7,5e072d58-0e81-4cfa-a37f-1084791248b7,/photos/5e072d58-0e81-4cfa-a37f-1084791248b7/3.webp,3,2024-12-26T07:43:06+00:00
424b5c4e-8227-429d-a8df-65d73da33848,c9f28486-4d47-488b-a596-0da5289a1072,/photos/c9f28486-4d47-488b-a596-0da5289a1072/0.webp,0,2026-05-20T17:47:32+00:00
569e6d2a-94c9-4cc9-8fbd-9d720d69fd1a,c9f28486-4d47-488b-a596-0da5289a1072,/photos/c9f28486-4d47-488b-a596-0da5289a1072/1.webp,1,2026-05-20T17:47:32+00:00
57708428-449c-41fc-bf0f-cd7bce2ee8ce,c9f28486-4d47-488b-a596-0da5289a1072,/photos/c9f28486-4d47-488b-a596-0da5289a1072/2.webp,2,2026-05-20T17:47:32+00:00
0f5610e1-85c5-416d-8f43-50186c5bcb74,c9f28486-4d47-488b-a596-0da5289a1072,/photos/c9f28486-4d47-488b-a596-0da5289a1072/3.webp,3,2026-05-20T17:47:32+00:00
ff21de06-208a-417f-ac4c-ff440e872fe2,c9f28486-4d47-488b-a596-0da5289a1072,/photos/c9f28486-4d47-488b-a596-0da5289a1072/4.webp,4,2026-05-20T17:47:32+00:00
288f52da-cd0b-4750-8d1c-36c0ab6ce4eb,11b76283-d542-475c-b455-1253728448b4,/photos/11b76283-d542-475c-b455-1253728448b4/0.webp,0,2026-06-16T11:04:43+00:00
5f24c8ac-2e87-4ac9-8bf0-719e5e807cb4,11b76283-d542-475c-b455-1253728448b4,/photos/11b76283-d542-475c-b455-1253728448b4/1.webp,1,2026-06-16T11:04:43+00:00
84544e4e-c5ce-4ae1-82c3-c667976b72ca,11b76283-d542-475c-b455-1253728448b4,/photos/11b76283-d542-475c-b455-1253728448b4/2.webp,2,2026-06-16T11:04:43+00:00
c76a2b10-fa60-434a-aebc-646c63d97613,689c62ac-0e0b-4190-b53a-5757350d0884,/photos/689c62ac-0e0b-4190-b53a-5757350d0884/0.webp,0,2026-08-06T14:37:37+00:00
cd22e95b-545d-4095-91ad-cec1d4f6f0c5,689c62ac-0e0b-4190-b53a-5757350d0884,/photos/689c62ac-0e0b-4190-b53a-5757350d0884/1.webp,1,2026-08-06T14:37:37+00:00
ef7ab309-83e0-4f8a-b5a2-6b252481f691,689c62ac-0e0b-4190-b53a-5757350d0884,/photos/689c62ac-0e0b-4190-b53a-5757350d0884/2.webp,2,2026-08-06T14:37:37+00:00
1f71d0d2-c187-4d9a-a81c-a8d1dfbdc03f,490081b6-2b1b-4ffd-933e-98f06caa1af6,/photos/490081b6-2b1b-4ffd-933e-98f06caa1af6/0.webp,0,2025-11-30T07:50:01+00:00
ef45281b-e965-49cc-a6db-09b85237bc7a,490081b6-2b1b-4ffd-933e-98f06caa1af6,/photos/490081b6-2b1b-4ffd-933e-98f06caa1af6/1.webp,1,2025-11-30T07:50:01+00:00
71d16d32-93d6-44ba-b233-69ea91f0bae5,a868d4eb-19d1-4d7f-999f-c682994134d9,/photos/a868d4eb-19d1-4d7f-999f-c682994134d9/0.webp,0,2026-04-03T02:49:21+00:00
f19215fb-ccde-4fa7-a412-ee540f34172b,25ad1894-0868-45e8-bac0-7cb57550590f,/photos/25ad1894-0868-45e8-bac0-7cb57550590f/0.webp,0,2025-09-30T08:43:22+00:00
67bdd68c-e0f0-481b-9347-24f8dc4f7fb3,25ad1894-0868-45e8-bac0-7cb57550590f,/photos/25ad1894-0868-45e8-bac0-7cb57550590f/1.webp,1,2025-09-30T08:43:22+00:00
0b584dcb-0ab3-4245-9729-38fdc57269a7,25ad1894-0868-45e8-bac0-7cb57550590f,/photos/25ad1894-0868-45e8-bac0-7cb57550590f/2.webp,2,2025-09-30T08:43:22+00:00
e3ae0587-e9ff-46a0-9d11-d4136d74c9e3,25ad1894-0868-45e8-bac0-7cb57550590f,/photos/25ad1894-0868-45e8-bac0-7cb57550590f/3.webp,3,2025-09-30T08:43:22+00:00
9d5d9038-089f-45e9-b175-26bdf6f643e3,6d94b59d-2c1f-4b12-8c4d-151c433a5164,/photos/6d94b59d-2c1f-4b12-8c4d-151c433a5164/0.webp,0,2026-05-22T02:29:47+00:00
ec7300ee-93a7-44db-a6c1-f97f5e569414,6d94b59d-2c1f-4b12-8c4d-151c433a5164,/photos/6d94b59d-2c1f-4b12-8c4d-151c433a5164/1.webp,1,2026-05-22T02:29:47+00:00
2b9fe8de-11a5-4204-a93a-482c3f0f24ed,6d94b59d-2c1f-4b12-8c4d-151c433a5164,/photos/6d94b59d-2c1f-4b12-8c4d-151c433a5164/2.webp,2,2026-05-22T02:29:47+00:00
54b754ff-3e2a-42e9-9a8b-3cede9aeb2b6,6d94b59d-2c1f-4b12-8c4d-151c433a5164,/photos/6d94b59d-2c1f-4b12-8c4d-151c433a5164/3.webp,3,2026-05-22T02:29:47+00:00
4bce1ddb-3783-481d-8f1c-679323ef0ba9,6d94b59d-2c1f-4b12-8c4d-151c433a5164,/photos/6d94b59d-2c1f-4b12-8c4d-151c433a5164/4.webp,4,2026-05-22T02:29:47+00:00
7d50bbb2-0ecf-4269-9608-4bb52bf65d7b,dac12336-60ae-4e80-a6b4-5b3b7692b734,/photos/dac12336-60ae-4e80-a6b4-5b3b7692b734/0.webp,0,2025-08-27T13:21:06+00:00
12333617-8564-430e-a614-e9f045fca6c4,dac12336-60ae-4e80-a6b4-5b3b7692b734,/photos/dac12336-60ae-4e80-a6b4-5b3b7692b734/1.webp,1,2025-08-27T13:21:06+00:00
7de71fc2-ecd0-4773-bf88-d73322c69d66,dac12336-60ae-4e80-a6b4-5b3b7692b734,/photos/dac12336-60ae-4e80-a6b4-5b3b7692b734/2.webp,2,2025-08-27T13:21:06+00:00
06e730ce-affd-41f0-a4d2-57ed090e4e1d,dac12336-60ae-4e80-a6b4-5b3b7692b734,/photos/dac12336-60ae-4e80-a6b4-5b3b7692b734/3.webp,3,2025-08-27T13:21:06+00:00
05c44006-79cb-4fc8-9d66-c2326fd9714c,dac12336-60ae-4e80-a6b4-5b3b7692b734,/photos/dac12336-60ae-4e80-a6b4-5b3b7692b734/4.webp,4,2025-08-27T13:21:06+00:00
459c5914-daa6-4af1-9a20-8666407b86c7,dac12336-60ae-4e80-a6b4-5b3b7692b734,/photos/dac12336-60ae-4e80-a6b4-5b3b7692b734/5.webp,5,2025-08-27T13:21:06+00:00
fac60282-8c53-47e7-9f9b-8967bc3a9d29,dac12336-60ae-4e80-a6b4-5b3b7692b734,/photos/dac12336-60ae-4e80-a6b4-5b3b7692b734/6.webp,6,2025-08-27T13:21:06+00:00
f3f9d4bd-37cf-4ce5-8e52-4d36bb40edac,dac12336-60ae-4e80-a6b4-5b3b7692b734,/photos/dac12336-60ae-4e80-a6b4-5b3b7692b734/7.webp,7,2025-08-27T13:21:06+00:00
a58e5600-ed8a-42c4-b5a2-15d2eb955c4c,dac12336-60ae-4e80-a6b4-5b3b7692b734,/photos/dac12336-60ae-4e80-a6b4-5b3b7692b734/8.webp,8,2025-08-27T13:21:06+00:00
7ff15c37-eec7-41a3-9108-77e004938e01,9ad32ef5-353d-4dae-a952-cc93a54d1120,/photos/9ad32ef5-353d-4dae-a952-cc93a54d1120/0.webp,0,2025-05-25T01:22:03+00:00
f535c873-66e7-4640-9bbb-5a6c7bad3e9d,ca98843e-874d-4c6c-ba08-737d43a6437d,/photos/ca98843e-874d-4c6c-ba08-737d43a6437d/0.webp,0,2025-07-18T09:05:44+00:00
f9caa50a-ee43-4ce0-9626-c92791a8bb6c,ca98843e-874d-4c6c-ba08-737d43a6437d,/photos/ca98843e-874d-4c6c-ba08-737d43a6437d/1.webp,1,2025-07-18T09:05:44+00:00
73e93109-bbff-4ff4-9f81-f943ab1938eb,ca98843e-874d-4c6c-ba08-737d43a6437d,/photos/ca98843e-874d-4c6c-ba08-737d43a6437d/2.webp,2,2025-07-18T09:05:44+00:00
db4c3883-a30a-45c2-8432-c71ac3b7cda3,ea951014-1cb5-4221-9c3d-331beb344f22,/photos/ea951014-1cb5-4221-9c3d-331beb344f22/0.webp,0,2026-08-24T22:30:10+00:00
e6629eab-4397-4994-988a-0e47d755b63a,ea951014-1cb5-4221-9c3d-331beb344f22,/photos/ea951014-1cb5-4221-9c3d-331beb344f22/1.webp,1,2026-08-24T22:30:10+00:00
6f6eba36-c8ed-4d41-ad98-b5e4a34bf35d,ea951014-1cb5-4221-9c3d-331beb344f22,/photos/ea951014-1cb5-4221-9c3d-331beb344f22/2.webp,2,2026-08-24T22:30:10+00:00
8732e768-25da-45be-b4f1-94c3704e8d2d,755caa5d-6349-4ecf-baf6-a907523657b6,/photos/755caa5d-6349-4ecf-baf6-a907523657b6/0.webp,0,2025-06-14T09:10:42+00:00
8882c578-4b22-49d2-ad0e-22d3e7947c1f,4701d6c8-e20c-4712-afac-19c03aeea641,/photos/4701d6c8-e20c-4712-afac-19c03aeea641/0.webp,0,2025-07-13T12:25:08+00:00
663e6ad5-8ca4-4935-9c30-a8b0ad772202,4701d6c8-e20c-4712-afac-19c03aeea641,/photos/4701d6c8-e20c-4712-afac-19c03aeea641/1.webp,1,2025-07-13T12:25:08+00:00
01fad134-5294-4259-9984-32574cc0c83c,4701d6c8-e20c-4712-afac-19c03aeea641,/photos/4701d6c8-e20c-4712-afac-19c03aeea641/2.webp,2,2025-07-13T12:25:08+00:00
272226d7-7e9d-4a90-98cf-fa51d7a31f63,4701d6c8-e20c-4712-afac-19c03aeea641,/photos/4701d6c8-e20c-4712-afac-19c03aeea641/3.webp,3,2025-07-13T12:25:08+00:00
7f67afe4-a5b4-4be7-a2fe-06d1f6686917,4701d6c8-e20c-4712-afac-19c03aeea641,/photos/4701d6c8-e20c-4712-afac-19c03aeea641/4.webp,4,2025-07-13T12:25:08+00:00
45c3f1b1-8dad-4efd-9e91-8339d74e93ba,a7d6200f-1865-4d9f-90b1-7762faed505c,/photos/a7d6200f-1865-4d9f-90b1-7762faed505c/0.webp,0,2026-06-14T20:31:03+00:00
70d93f72-aac8-46c3-8d89-8dbd82963ab3,a7d6200f-1865-4d9f-90b1-7762faed505c,/photos/a7d6200f-1865-4d9f-90b1-7762faed505c/1.webp,1,2026-06-14T20:31:03+00:00
aecb656f-4dd1-4f70-a145-4984619e4247,a7d6200f-1865-4d9f-90b1-7762faed505c,/photos/a7d6200f-1865-4d9f-90b1-7762faed505c/2.webp,2,2026-06-14T20:31:03+00:00
019f65ab-0bb2-4831-a316-24a481b4299d,a7d6200f-1865-4d9f-90b1-7762faed505c,/photos/a7d6200f-1865-4d9f-90b1-7762faed505c/3.webp,3,2026-06-14T20:31:03+00:00
aa8531ce-566b-4ae4-a1d9-a3973ac726d6,b6dd1dd4-9925-4164-83e7-c9fbb3747604,/photos/b6dd1dd4-9925-4164-83e7-c9fbb3747604/0.webp,0,2026-05-10T01:38:10+00:00
885105e5-7e2b-4348-b9fa-0cb1b237a1df,b6dd1dd4-9925-4164-83e7-c9fbb3747604,/photos/b6dd1dd4-9925-4164-83e7-c9fbb3747604/1.webp,1,2026-05-10T01:38:10+00:00
c7135e42-9698-4ef7-97fc-6c357f6eab92,b6dd1dd4-9925-4164-83e7-c9fbb3747604,/photos/b6dd1dd4-9925-4164-83e7-c9fbb3747604/2.webp,2,2026-05-10T01:38:10+00:00
c59ca752-f729-4eb4-b42e-f6f25837a3ac,b6dd1dd4-9925-4164-83e7-c9fbb3747604,/photos/b6dd1dd4-9925-4164-83e7-c9fbb3747604/3.webp,3,2026-05-10T01:38:10+00:00
459fc5f6-b71d-4b49-aab1-6258ae11bb59,b6dd1dd4-9925-4164-83e7-c9fbb3747604,/photos/b6dd1dd4-9925-4164-83e7-c9fbb3747604/4.webp,4,2026-05-10T01:38:10+00:00
f71293a5-47f3-4909-96e2-d185ee7039e0,b6dd1dd4-9925-4164-83e7-c9fbb3747604,/photos/b6dd1dd4-9925-4164-83e7-c9fbb3747604/5.webp,5,2026-05-10T01:38:10+00:00
6249f4fd-f1c8-4363-9714-fa764400b7b1,b6dd1dd4-9925-4164-83e7-c9fbb3747604,/photos/b6dd1dd4-9925-4164-83e7-c9fbb3747604/6.webp,6,2026-05-10T01:38:10+00:00
db6764b5-f2e7-408f-aebb-3bb0d28783c4,b6dd1dd4-9925-4164-83e7-c9fbb3747604,/photos/b6dd1dd4-9925-4164-83e7-c9fbb3747604/7.webp,7,2026-05-10T01:38:10+00:00
8eb281ee-50a8-481a-898d-5bf361685474,bd261f82-9e90-40df-a7e7-8edd21841421,/photos/bd261f82-9e90-40df-a7e7-8edd21841421/0.webp,0,2026-05-02T16:07:12+00:00
cc193eaa-7e78-4321-9481-57ce09e50a4d,bd261f82-9e90-40df-a7e7-8edd21841421,/photos/bd261f82-9e90-40df-a7e7-8edd21841421/1.webp,1,2026-05-02T16:07:12+00:00
f231cd85-88e4-4548-9048-c17e22cfdc62,bd261f82-9e90-40df-a7e7-8edd21841421,/photos/bd261f82-9e90-40df-a7e7-8edd21841421/2.webp,2,2026-05-02T16:07:12+00:00
1568f910-8c19-460d-ba30-778d1882f787,bd261f82-9e90-40df-a7e7-8edd21841421,/photos/bd261f82-9e90-40df-a7e7-8edd21841421/3.webp,3,2026-05-02T16:07:12+00:00
fbefac64-942e-475b-a7a3-5007d89a7657,bd261f82-9e90-40df-a7e7-8edd21841421,/photos/bd261f82-9e90-40df-a7e7-8edd21841421/4.webp,4,2026-05-02T16:07:12+00:00
56df19d6-819b-437e-a47e-6cc1d20a33e0,b9fedbce-48f3-41c4-86f8-141f76887e2f,/photos/b9fedbce-48f3-41c4-86f8-141f76887e2f/0.webp,0,2026-04-03T14:25:15+00:00
92c01e1a-fc1e-42d8-8dee-3fce5597fa5e,b9fedbce-48f3-41c4-86f8-141f76887e2f,/photos/b9fedbce-48f3-41c4-86f8-141f76887e2f/1.webp,1,2026-04-03T14:25:15+00:00
6ad9cff0-8c8f-4ff5-83d1-996cbbedc36b,b9fedbce-48f3-41c4-86f8-141f76887e2f,/photos/b9fedbce-48f3-41c4-86f8-141f76887e2f/2.webp,2,2026-04-03T14:25:15+00:00
07844381-1b35-43ba-975d-19827c29bf8a,b9fedbce-48f3-41c4-86f8-141f76887e2f,/photos/b9fedbce-48f3-41c4-86f8-141f76887e2f/3.webp,3,2026-04-03T14:25:15+00:00
688784a0-d1d4-4177-89dc-1784139f0acb,b9fedbce-48f3-41c4-86f8-141f76887e2f,/photos/b9fedbce-48f3-41c4-86f8-141f76887e2f/4.webp,4,2026-04-03T14:25:15+00:00
30242bd0-ae1e-48b8-8d61-430ba0fc6b77,660a3471-63f6-4f16-af1d-e966e42a1231,/photos/660a3471-63f6-4f16-af1d-e966e42a1231/0.webp,0,2026-05-25T13:38:38+00:00
90035062-f1cb-4745-9421-c6c939385fea,660a3471-63f6-4f16-af1d-e966e42a1231,/photos/660a3471-63f6-4f16-af1d-e966e42a1231/1.webp,1,2026-05-25T13:38:38+00:00
2d42309b-14d0-4a57-b225-4034ec6ebaba,660a3471-63f6-4f16-af1d-e966e42a1231,/photos/660a3471-63f6-4f16-af1d-e966e42a1231/2.webp,2,2026-05-25T13:38:38+00:00
a42e5b79-d0b7-482a-8df0-0019398faff5,660a3471-63f6-4f16-af1d-e966e42a1231,/photos/660a3471-63f6-4f16-af1d-e966e42a1231/3.webp,3,2026-05-25T13:38:38+00:00
87ba5999-3ef5-48e6-ac06-a96e132a35b8,660a3471-63f6-4f16-af1d-e966e42a1231,/photos/660a3471-63f6-4f16-af1d-e966e42a1231/4.webp,4,2026-05-25T13:38:38+00:00
78448a70-7297-43dd-bfd3-c182279368a8,1bc1420e-acb2-48bc-ac41-94b276a34850,/photos/1bc1420e-acb2-48bc-ac41-94b276a34850/0.webp,0,2025-08-21T22:44:12+00:00
0b884a35-9732-4570-8ced-d976ffaa4397,1bc1420e-acb2-48bc-ac41-94b276a34850,/photos/1bc1420e-acb2-48bc-ac41-94b276a34850/1.webp,1,2025-08-21T22:44:12+00:00
375caeb7-d44a-40ad-8aaf-519faca73adc,1bc1420e-acb2-48bc-ac41-94b276a34850,/photos/1bc1420e-acb2-48bc-ac41-94b276a34850/2.webp,2,2025-08-21T22:44:12+00:00
40b05b99-498a-49c2-a1e7-4a1943b04e8b,ddf1249b-bd57-4ec8-a76f-d72bb6009b6a,/photos/ddf1249b-bd57-4ec8-a76f-d72bb6009b6a/0.webp,0,2025-07-28T23:48:14+00:00
f3e38a40-7e71-428b-8e34-49216bb9d842,ddf1249b-bd57-4ec8-a76f-d72bb6009b6a,/photos/ddf1249b-bd57-4ec8-a76f-d72bb6009b6a/1.webp,1,2025-07-28T23:48:14+00:00
cc5cb70d-ace9-4b3a-8766-99e6a2e8ccb6,ddf1249b-bd57-4ec8-a76f-d72bb6009b6a,/photos/ddf1249b-bd57-4ec8-a76f-d72bb6009b6a/2.webp,2,2025-07-28T23:48:14+00:00
f49cf62f-55de-495e-b8e2-400cccd11753,ddf1249b-bd57-4ec8-a76f-d72bb6009b6a,/photos/ddf1249b-bd57-4ec8-a76f-d72bb6009b6a/3.webp,3,2025-07-28T23:48:14+00:00
95c1cf79-551e-4933-9ce4-4cd34360b327,ddf1249b-bd57-4ec8-a76f-d72bb6009b6a,/photos/ddf1249b-bd57-4ec8-a76f-d72bb6009b6a/4.webp,4,2025-07-28T23:48:14+00:00
fc651041-7d28-4713-8e39-b37adbb2d867,ddf1249b-bd57-4ec8-a76f-d72bb6009b6a,/photos/ddf1249b-bd57-4ec8-a76f-d72bb6009b6a/5.webp,5,2025-07-28T23:48:14+00:00
b499a2a6-c543-4ed7-b9f6-ee8330f39051,ddf1249b-bd57-4ec8-a76f-d72bb6009b6a,/photos/ddf1249b-bd57-4ec8-a76f-d72bb6009b6a/6.webp,6,2025-07-28T23:48:14+00:00
eba2b526-28e5-4d55-9edd-78720fb46cf6,ddf1249b-bd57-4ec8-a76f-d72bb6009b6a,/photos/ddf1249b-bd57-4ec8-a76f-d72bb6009b6a/7.webp,7,2025-07-28T23:48:14+00:00
fc5fd0ea-a0b2-49fb-8b44-0395d91762fe,ddf1249b-bd57-4ec8-a76f-d72bb6009b6a,/photos/ddf1249b-bd57-4ec8-a76f-d72bb6009b6a/8.webp,8,2025-07-28T23:48:14+00:00
d6657eca-6fed-48fd-ab30-7deac1b2fa2b,c7709088-d0da-4750-9813-022ee0eef05a,/photos/c7709088-d0da-4750-9813-022ee0eef05a/0.webp,0,2026-01-30T15:10:34+00:00
36b9bf8d-02c8-49b1-b299-c7f255690301,c7709088-d0da-4750-9813-022ee0eef05a,/photos/c7709088-d0da-4750-9813-022ee0eef05a/1.webp,1,2026-01-30T15:10:34+00:00
fe69c73b-f326-42bf-8743-d9b5a1e42e11,c7709088-d0da-4750-9813-022ee0eef05a,/photos/c7709088-d0da-4750-9813-022ee0eef05a/2.webp,2,2026-01-30T15:10:34+00:00
5b54f2ed-08b4-4bd5-82cb-d22f574954dd,0fde000c-3890-49ee-8ef9-8c10df10e7bd,/photos/0fde000c-3890-49ee-8ef9-8c10df10e7bd/0.webp,0,2025-05-16T12:49:30+00:00
7721ffbd-0e08-41c6-b9af-bf70e4390437,26f4cb37-38e9-4540-8ef0-d5d0bb69299a,/photos/26f4cb37-38e9-4540-8ef0-d5d0bb69299a/0.webp,0,2026-07-25T15:12:22+00:00
e13bbda3-6bb0-41e5-b5a3-463ebdc76f7c,26f4cb37-38e9-4540-8ef0-d5d0bb69299a,/photos/26f4cb37-38e9-4540-8ef0-d5d0bb69299a/1.webp,1,2026-07-25T15:12:22+00:00
0384abe7-4e50-4eea-9698-e498f56881d4,26f4cb37-38e9-4540-8ef0-d5d0bb69299a,/photos/26f4cb37-38e9-4540-8ef0-d5d0bb69299a/2.webp,2,2026-07-25T15:12:22+00:00
b68a0964-c68c-4cca-b757-17949ff96217,26f4cb37-38e9-4540-8ef0-d5d0bb69299a,/photos/26f4cb37-38e9-4540-8ef0-d5d0bb69299a/3.webp,3,2026-07-25T15:12:22+00:00
04488ed7-3609-4bb4-b226-28e5aa4639eb,83b943ae-55a2-449f-af6a-8c99b27af36f,/photos/83b943ae-55a2-449f-af6a-8c99b27af36f/0.webp,0,2025-08-11T05:58:59+00:00
ebef08e2-ccc0-4b01-b319-76b0f8f6fa72,83b943ae-55a2-449f-af6a-8c99b27af36f,/photos/83b943ae-55a2-449f-af6a-8c99b27af36f/1.webp,1,2025-08-11T05:58:59+00:00
4d7ffc48-ba4b-4d37-93af-705f22cf265d,83b943ae-55a2-449f-af6a-8c99b27af36f,/photos/83b943ae-55a2-449f-af6a-8c99b27af36f/2.webp,2,2025-08-11T05:58:59+00:00
43281410-10d2-490c-a6a9-9df6f429f6c0,61625663-7677-4518-8575-75f69bc64f87,/photos/61625663-7677-4518-8575-75f69bc64f87/0.webp,0,2025-08-24T23:15:59+00:00
4a145ea8-db74-4dfa-81cd-d83d7849a694,61625663-7677-4518-8575-75f69bc64f87,/photos/61625663-7677-4518-8575-75f69bc64f87/1.webp,1,2025-08-24T23:15:59+00:00
684b64d6-95bc-49b7-b8b7-b505e041c442,61625663-7677-4518-8575-75f69bc64f87,/photos/61625663-7677-4518-8575-75f69bc64f87/2.webp,2,2025-08-24T23:15:59+00:00
302c98b6-5f92-4948-8944-d32be1a52d61,61625663-7677-4518-8575-75f69bc64f87,/photos/61625663-7677-4518-8575-75f69bc64f87/3.webp,3,2025-08-24T23:15:59+00:00
1ddc61a0-d9d0-4b2c-bd2f-2bcce0a0d9bd,61625663-7677-4518-8575-75f69bc64f87,/photos/61625663-7677-4518-8575-75f69bc64f87/4.webp,4,2025-08-24T23:15:59+00:00
fdd7ffe5-772b-47cc-ad0d-41ce6c106f76,e5c23a39-1e39-4822-8b48-6ce1e0780835,/photos/e5c23a39-1e39-4822-8b48-6ce1e0780835/0.webp,0,2025-05-10T13:52:25+00:00
15dc2baa-3940-4496-b394-fb9b23e3acc9,e5c23a39-1e39-4822-8b48-6ce1e0780835,/photos/e5c23a39-1e39-4822-8b48-6ce1e0780835/1.webp,1,2025-05-10T13:52:25+00:00
6366c267-563d-4018-8c5f-869b24dbfbb8,e5c23a39-1e39-4822-8b48-6ce1e0780835,/photos/e5c23a39-1e39-4822-8b48-6ce1e0780835/2.webp,2,2025-05-10T13:52:25+00:00
060e1f64-14a8-4970-a4c8-e1a144f37bb6,9426c147-9b49-4a22-836b-39b4451a668f,/photos/9426c147-9b49-4a22-836b-39b4451a668f/0.webp,0,2026-05-24T03:27:12+00:00
2abb7c90-8c4b-4e7a-9672-f7c314ecd92f,9426c147-9b49-4a22-836b-39b4451a668f,/photos/9426c147-9b49-4a22-836b-39b4451a668f/1.webp,1,2026-05-24T03:27:12+00:00
8e65f6e4-ec61-4304-a38c-16a719c3112d,9426c147-9b49-4a22-836b-39b4451a668f,/photos/9426c147-9b49-4a22-836b-39b4451a668f/2.webp,2,2026-05-24T03:27:12+00:00
ef966a17-2633-4a87-89ee-90cf6ad44cad,9426c147-9b49-4a22-836b-39b4451a668f,/photos/9426c147-9b49-4a22-836b-39b4451a668f/3.webp,3,2026-05-24T03:27:12+00:00
6b402352-c9f7-4dba-b3bd-ca06a6855a7a,16b6dcc0-a2fd-4574-b321-1acdc6e63e1e,/photos/16b6dcc0-a2fd-4574-b321-1acdc6e63e1e/0.webp,0,2024-09-21T02:43:14+00:00
053307e2-3658-4080-a519-be0cff52de0f,16b6dcc0-a2fd-4574-b321-1acdc6e63e1e,/photos/16b6dcc0-a2fd-4574-b321-1acdc6e63e1e/1.webp,1,2024-09-21T02:43:14+00:00
358efd46-193e-4e59-895f-67a483cb9bb8,8c5bb473-a902-4152-9e24-ba49dcbd3f98,/photos/8c5bb473-a902-4152-9e24-ba49dcbd3f98/0.webp,0,2025-09-06T01:41:51+00:00
e8e4a7b5-66ff-437e-8d5e-99cae0700eae,8c5bb473-a902-4152-9e24-ba49dcbd3f98,/photos/8c5bb473-a902-4152-9e24-ba49dcbd3f98/1.webp,1,2025-09-06T01:41:51+00:00
40832622-cf28-474a-89b2-c9192c4c230b,8c5bb473-a902-4152-9e24-ba49dcbd3f98,/photos/8c5bb473-a902-4152-9e24-ba49dcbd3f98/2.webp,2,2025-09-06T01:41:51+00:00
0ca88315-1703-4dc7-8bea-bae5f6364605,8c5bb473-a902-4152-9e24-ba49dcbd3f98,/photos/8c5bb473-a902-4152-9e24-ba49dcbd3f98/3.webp,3,2025-09-06T01:41:51+00:00
b7243cc3-4692-4a29-b171-82a2a6347746,8c5bb473-a902-4152-9e24-ba49dcbd3f98,/photos/8c5bb473-a902-4152-9e24-ba49dcbd3f98/4.webp,4,2025-09-06T01:41:51+00:00
02cc2274-80e8-4d91-88ef-5dd26adbf59a,8c5bb473-a902-4152-9e24-ba49dcbd3f98,/photos/8c5bb473-a902-4152-9e24-ba49dcbd3f98/5.webp,5,2025-09-06T01:41:51+00:00
1fb93837-5169-4f3c-afc3-28ea93655691,8c5bb473-a902-4152-9e24-ba49dcbd3f98,/photos/8c5bb473-a902-4152-9e24-ba49dcbd3f98/6.webp,6,2025-09-06T01:41:51+00:00
6f9902c0-877a-423a-8a66-0ec7dfa0ecb6,8c5bb473-a902-4152-9e24-ba49dcbd3f98,/photos/8c5bb473-a902-4152-9e24-ba49dcbd3f98/7.webp,7,2025-09-06T01:41:51+00:00
4c9b6d5b-f20b-413f-8019-38075199ad62,6fb96efa-c9f8-47a4-9a65-3068bc99a94a,/photos/6fb96efa-c9f8-47a4-9a65-3068bc99a94a/0.webp,0,2026-05-02T17:31:19+00:00
692fcfb2-fbcb-49a2-a139-0f62a179f55d,6fb96efa-c9f8-47a4-9a65-3068bc99a94a,/photos/6fb96efa-c9f8-47a4-9a65-3068bc99a94a/1.webp,1,2026-05-02T17:31:19+00:00
21f1706e-452f-434c-90f8-077b43303b47,6fb96efa-c9f8-47a4-9a65-3068bc99a94a,/photos/6fb96efa-c9f8-47a4-9a65-3068bc99a94a/2.webp,2,2026-05-02T17:31:19+00:00
b4a4633d-41b7-4bdb-bdc3-51f863e0cc60,6fb96efa-c9f8-47a4-9a65-3068bc99a94a,/photos/6fb96efa-c9f8-47a4-9a65-3068bc99a94a/3.webp,3,2026-05-02T17:31:19+00:00
30ba7661-3400-47ae-99c9-6a40fbc8cdcf,6fb96efa-c9f8-47a4-9a65-3068bc99a94a,/photos/6fb96efa-c9f8-47a4-9a65-3068bc99a94a/4.webp,4,2026-05-02T17:31:19+00:00
17c7d4ad-d3dd-438e-8df4-8d4bab9850c9,6fb96efa-c9f8-47a4-9a65-3068bc99a94a,/photos/6fb96efa-c9f8-47a4-9a65-3068bc99a94a/5.webp,5,2026-05-02T17:31:19+00:00
1a311815-2877-41fe-b0ed-b1342cb540f0,dcd5c0fb-0540-484f-890c-4c6c5cd19b27,/photos/dcd5c0fb-0540-484f-890c-4c6c5cd19b27/0.webp,0,2025-08-07T22:12:02+00:00
6212b684-1c49-4fe2-9ed0-a0f40146a07d,dcd5c0fb-0540-484f-890c-4c6c5cd19b27,/photos/dcd5c0fb-0540-484f-890c-4c6c5cd19b27/1.webp,1,2025-08-07T22:12:02+00:00
2018114e-9e51-4096-9e75-0dd62eeb86ec,dcd5c0fb-0540-484f-890c-4c6c5cd19b27,/photos/dcd5c0fb-0540-484f-890c-4c6c5cd19b27/2.webp,2,2025-08-07T22:12:02+00:00
c2f3b01a-5a63-4c31-9a3e-360dd1faa6ed,0c001d36-f1be-4f09-b50f-125d1a232b1d,/photos/0c001d36-f1be-4f09-b50f-125d1a232b1d/0.webp,0,2025-09-28T00:18:55+00:00
d2330129-2b88-4c6a-a49e-ecca9088b83e,0c001d36-f1be-4f09-b50f-125d1a232b1d,/photos/0c001d36-f1be-4f09-b50f-125d1a232b1d/1.webp,1,2025-09-28T00:18:55+00:00
2ec12f11-366a-4ba6-8563-c22ff2cb4e25,8a9563dd-89c2-47cc-8f22-6aae5900e7fa,/photos/8a9563dd-89c2-47cc-8f22-6aae5900e7fa/0.webp,0,2025-09-10T19:53:53+00:00
53e9b888-063c-40aa-9016-a44e3e8ca4b5,8a9563dd-89c2-47cc-8f22-6aae5900e7fa,/photos/8a9563dd-89c2-47cc-8f22-6aae5900e7fa/1.webp,1,2025-09-10T19:53:53+00:00
89282833-09c9-48f7-aec7-850e448d70d7,8a9563dd-89c2-47cc-8f22-6aae5900e7fa,/photos/8a9563dd-89c2-47cc-8f22-6aae5900e7fa/2.webp,2,2025-09-10T19:53:53+00:00
d2ff66ba-f46d-4c0b-b64c-10313d3c03eb,8a9563dd-89c2-47cc-8f22-6aae5900e7fa,/photos/8a9563dd-89c2-47cc-8f22-6aae5900e7fa/3.webp,3,2025-09-10T19:53:53+00:00
3bac9d1f-6679-4e6e-b970-3a443508606f,aeb4eab3-8cbc-4050-9be7-bbf4e7cff6be,/photos/aeb4eab3-8cbc-4050-9be7-bbf4e7cff6be/0.webp,0,2026-06-25T21:54:46+00:00
a4992d40-193e-4482-bed3-a770bf5583d4,aeb4eab3-8cbc-4050-9be7-bbf4e7cff6be,/photos/aeb4eab3-8cbc-4050-9be7-bbf4e7cff6be/1.webp,1,2026-06-25T21:54:46+00:00
5e877cc0-4337-4494-8984-8425178ac935,aeb4eab3-8cbc-4050-9be7-bbf4e7cff6be,/photos/aeb4eab3-8cbc-4050-9be7-bbf4e7cff6be/2.webp,2,2026-06-25T21:54:46+00:00
52d44e3b-d379-47e5-905c-2246806af6fa,aeb4eab3-8cbc-4050-9be7-bbf4e7cff6be,/photos/aeb4eab3-8cbc-4050-9be7-bbf4e7cff6be/3.webp,3,2026-06-25T21:54:46+00:00
c4a10422-87ff-4ae8-97bc-8ef10270713d,59c26a25-4dab-454f-a26e-434e90a1d0e8,/photos/59c26a25-4dab-454f-a26e-434e90a1d0e8/0.webp,0,2026-06-07T03:47:23+00:00
457a79b1-96d0-4565-a1a9-e18cb2811c5b,1f4f844f-8920-4d68-8ce6-87756f52cb23,/photos/1f4f844f-8920-4d68-8ce6-87756f52cb23/0.webp,0,2025-07-07T22:48:23+00:00
9200aaef-d35a-46d5-945d-8438d96a357a,1f4f844f-8920-4d68-8ce6-87756f52cb23,/photos/1f4f844f-8920-4d68-8ce6-87756f52cb23/1.webp,1,2025-07-07T22:48:23+00:00
0a3a1cd3-e6e2-42ea-8d0c-1edde18fc516,1f4f844f-8920-4d68-8ce6-87756f52cb23,/photos/1f4f844f-8920-4d68-8ce6-87756f52cb23/2.webp,2,2025-07-07T22:48:23+00:00
7c4da581-d624-4863-87b3-04d8974edae5,65305852-c0a6-4f53-b757-0e4776f9e567,/photos/65305852-c0a6-4f53-b757-0e4776f9e567/0.webp,0,2026-06-24T12:51:06+00:00
989d3a3a-d044-4d8a-8db9-7e70ded4e8ec,65305852-c0a6-4f53-b757-0e4776f9e567,/photos/65305852-c0a6-4f53-b757-0e4776f9e567/1.webp,1,2026-06-24T12:51:06+00:00
511961bd-2025-4f1e-9b22-bac34c02e426,2a6a38c2-6a50-45b9-8fc3-40d1a4358875,/photos/2a6a38c2-6a50-45b9-8fc3-40d1a4358875/0.webp,0,2026-05-24T09:04:07+00:00
1d6acd08-2a66-432b-93da-215335bbeee9,2a6a38c2-6a50-45b9-8fc3-40d1a4358875,/photos/2a6a38c2-6a50-45b9-8fc3-40d1a4358875/1.webp,1,2026-05-24T09:04:07+00:00
558199eb-1dc2-47a3-b3b8-f6c2c8864f45,2a6a38c2-6a50-45b9-8fc3-40d1a4358875,/photos/2a6a38c2-6a50-45b9-8fc3-40d1a4358875/2.webp,2,2026-05-24T09:04:07+00:00
75aad666-4e6d-44dd-ae9a-494ab19be5d6,2a6a38c2-6a50-45b9-8fc3-40d1a4358875,/photos/2a6a38c2-6a50-45b9-8fc3-40d1a4358875/3.webp,3,2026-05-24T09:04:07+00:00
ad94d225-3890-42db-9955-484aad1e1ed5,2a6a38c2-6a50-45b9-8fc3-40d1a4358875,/photos/2a6a38c2-6a50-45b9-8fc3-40d1a4358875/4.webp,4,2026-05-24T09:04:07+00:00
1348d95f-2043-4697-a253-00c747620e23,2aeb8f99-07ea-4ecd-a17e-935e242b6c87,/photos/2aeb8f99-07ea-4ecd-a17e-935e242b6c87/0.webp,0,2025-10-11T20:19:11+00:00
fab9fcea-bd29-44c8-8677-42345caf09db,2aeb8f99-07ea-4ecd-a17e-935e242b6c87,/photos/2aeb8f99-07ea-4ecd-a17e-935e242b6c87/1.webp,1,2025-10-11T20:19:11+00:00
a1ef383f-a755-4163-a147-327655c2c262,6cc02e1c-7723-4a29-a1bd-9c888922e10b,/photos/6cc02e1c-7723-4a29-a1bd-9c888922e10b/0.webp,0,2026-01-17T18:37:09+00:00
af42eb6e-8557-450c-bc9f-9b186ca8e03f,6cc02e1c-7723-4a29-a1bd-9c888922e10b,/photos/6cc02e1c-7723-4a29-a1bd-9c888922e10b/1.webp,1,2026-01-17T18:37:09+00:00
8a328ff5-d8e7-41ff-8b3b-3cec1079f2c0,6cc02e1c-7723-4a29-a1bd-9c888922e10b,/photos/6cc02e1c-7723-4a29-a1bd-9c888922e10b/2.webp,2,2026-01-17T18:37:09+00:00
b942098f-3a4e-45bb-b60e-1b8b7bcffbe9,6cc02e1c-7723-4a29-a1bd-9c888922e10b,/photos/6cc02e1c-7723-4a29-a1bd-9c888922e10b/3.webp,3,2026-01-17T18:37:09+00:00
aa621e32-c956-4e23-93cf-50cfb41c4b21,6cc02e1c-7723-4a29-a1bd-9c888922e10b,/photos/6cc02e1c-7723-4a29-a1bd-9c888922e10b/4.webp,4,2026-01-17T18:37:09+00:00
2df791c5-23ad-4c34-84f2-8bb27ccc2d63,f13f76c9-6dde-4a3c-9f74-809ad10c5458,/photos/f13f76c9-6dde-4a3c-9f74-809ad10c5458/0.webp,0,2025-06-25T17:08:46+00:00
396e21ee-c003-4030-b80e-b3704c9451aa,f13f76c9-6dde-4a3c-9f74-809ad10c5458,/photos/f13f76c9-6dde-4a3c-9f74-809ad10c5458/1.webp,1,2025-06-25T17:08:46+00:00
3fb26d76-6c0c-4769-bb30-a138e8f1d5c1,f13f76c9-6dde-4a3c-9f74-809ad10c5458,/photos/f13f76c9-6dde-4a3c-9f74-809ad10c5458/2.webp,2,2025-06-25T17:08:46+00:00
4ed90d09-02a0-4652-8673-c869b8fa181b,f13f76c9-6dde-4a3c-9f74-809ad10c5458,/photos/f13f76c9-6dde-4a3c-9f74-809ad10c5458/3.webp,3,2025-06-25T17:08:46+00:00
d4965029-5a95-4bc5-b0ee-f44dd77898d5,37082b84-f8d5-47b2-bb49-4bf4b4567855,/photos/37082b84-f8d5-47b2-bb49-4bf4b4567855/0.webp,0,2026-04-20T05:07:34+00:00
efc3deaa-f9e1-4dd7-805a-020560ec14a3,37082b84-f8d5-47b2-bb49-4bf4b4567855,/photos/37082b84-f8d5-47b2-bb49-4bf4b4567855/1.webp,1,2026-04-20T05:07:34+00:00
570c24b6-6927-4168-b495-7b0f1d52c2af,37082b84-f8d5-47b2-bb49-4bf4b4567855,/photos/37082b84-f8d5-47b2-bb49-4bf4b4567855/2.webp,2,2026-04-20T05:07:34+00:00
59311475-b4c8-413c-a907-f16ffcb7be0e,37082b84-f8d5-47b2-bb49-4bf4b4567855,/photos/37082b84-f8d5-47b2-bb49-4bf4b4567855/3.webp,3,2026-04-20T05:07:34+00:00
a825565f-7c30-4e14-8da1-e95d0f2cd85b,37082b84-f8d5-47b2-bb49-4bf4b4567855,/photos/37082b84-f8d5-47b2-bb49-4bf4b4567855/4.webp,4,2026-04-20T05:07:34+00:00
50ca0034-c379-4c00-878e-ed3f68fca7e2,37082b84-f8d5-47b2-bb49-4bf4b4567855,/photos/37082b84-f8d5-47b2-bb49-4bf4b4567855/5.webp,5,2026-04-20T05:07:34+00:00
f349d360-0477-4055-a140-0aa82d72657f,93712735-8140-4fe2-a52c-fdcc8ef95ab2,/photos/93712735-8140-4fe2-a52c-fdcc8ef95ab2/0.webp,0,2025-06-01T18:06:09+00:00
dc53f45e-14db-4d3e-8918-f2de2d9cbd2b,93712735-8140-4fe2-a52c-fdcc8ef95ab2,/photos/93712735-8140-4fe2-a52c-fdcc8ef95ab2/1.webp,1,2025-06-01T18:06:09+00:00
5103a5b5-9294-414b-8ad4-61f0f673c7a6,93712735-8140-4fe2-a52c-fdcc8ef95ab2,/photos/93712735-8140-4fe2-a52c-fdcc8ef95ab2/2.webp,2,2025-06-01T18:06:09+00:00
efac14e9-c399-4874-9a39-605a768208d9,93712735-8140-4fe2-a52c-fdcc8ef95ab2,/photos/93712735-8140-4fe2-a52c-fdcc8ef95ab2/3.webp,3,2025-06-01T18:06:09+00:00
79b24b12-5b2e-4fbb-8e9c-d4645d0476b2,93712735-8140-4fe2-a52c-fdcc8ef95ab2,/photos/93712735-8140-4fe2-a52c-fdcc8ef95ab2/4.webp,4,2025-06-01T18:06:09+00:00
2868527e-a6f3-4d06-8bd0-3938394eb9f1,2fe15b68-e907-405f-8b32-3b4bd0a10b4f,/photos/2fe15b68-e907-405f-8b32-3b4bd0a10b4f/0.webp,0,2026-08-29T06:21:48+00:00
264bfb3c-c0ea-4a2d-a93d-23c3d1134739,2fe15b68-e907-405f-8b32-3b4bd0a10b4f,/photos/2fe15b68-e907-405f-8b32-3b4bd0a10b4f/1.webp,1,2026-08-29T06:21:48+00:00
8d625856-7915-4dde-87b7-658bde05ef1f,2fe15b68-e907-405f-8b32-3b4bd0a10b4f,/photos/2fe15b68-e907-405f-8b32-3b4bd0a10b4f/2.webp,2,2026-08-29T06:21:48+00:00
e229509f-142f-4660-a4b2-897c6e6203c6,2fe15b68-e907-405f-8b32-3b4bd0a10b4f,/photos/2fe15b68-e907-405f-8b32-3b4bd0a10b4f/3.webp,3,2026-08-29T06:21:48+00:00
4b06460a-b11b-4314-9088-4bc6db2feef7,2fe15b68-e907-405f-8b32-3b4bd0a10b4f,/photos/2fe15b68-e907-405f-8b32-3b4bd0a10b4f/4.webp,4,2026-08-29T06:21:48+00:00
96ae8ff5-26b5-42f5-baec-2cf7caaa4c45,0e570b9b-06b9-4e1d-a746-82d63d785081,/photos/0e570b9b-06b9-4e1d-a746-82d63d785081/0.webp,0,2025-12-10T20:54:20+00:00
dd87dcd6-c36f-4b26-a57f-a0fc6e4c0131,0e570b9b-06b9-4e1d-a746-82d63d785081,/photos/0e570b9b-06b9-4e1d-a746-82d63d785081/1.webp,1,2025-12-10T20:54:20+00:00
028f5abd-1ff7-43e0-a7a1-bef0b951bd48,0e570b9b-06b9-4e1d-a746-82d63d785081,/photos/0e570b9b-06b9-4e1d-a746-82d63d785081/2.webp,2,2025-12-10T20:54:20+00:00
8fa6f698-00e6-409f-9a06-d52163d49395,6a1833b0-7f62-4e76-8e50-58b9712e99bc,/photos/6a1833b0-7f62-4e76-8e50-58b9712e99bc/0.webp,0,2026-08-06T19:58:53+00:00
38ef656c-d5a2-48ab-ae90-f63d4f44860c,6a1833b0-7f62-4e76-8e50-58b9712e99bc,/photos/6a1833b0-7f62-4e76-8e50-58b9712e99bc/1.webp,1,2026-08-06T19:58:53+00:00
ae0316d1-ea7d-45e1-b0ce-3aedb317b6c3,6a1833b0-7f62-4e76-8e50-58b9712e99bc,/photos/6a1833b0-7f62-4e76-8e50-58b9712e99bc/2.webp,2,2026-08-06T19:58:53+00:00
2cd84f60-13b0-4de0-babc-d0da8c95c131,6f9011a6-36ee-41a4-89d0-60716aa1ffd9,/photos/6f9011a6-36ee-41a4-89d0-60716aa1ffd9/0.webp,0,2026-08-05T10:27:57+00:00
42ea5fad-3c7f-4a2b-a1c0-ae75b589f59b,6f9011a6-36ee-41a4-89d0-60716aa1ffd9,/photos/6f9011a6-36ee-41a4-89d0-60716aa1ffd9/1.webp,1,2026-08-05T10:27:57+00:00
eadd23fe-5b8c-468c-be38-c10bfb8bd788,6f9011a6-36ee-41a4-89d0-60716aa1ffd9,/photos/6f9011a6-36ee-41a4-89d0-60716aa1ffd9/2.webp,2,2026-08-05T10:27:57+00:00
7804ff27-a883-42ad-90e6-fef741a0a83d,6f9011a6-36ee-41a4-89d0-60716aa1ffd9,/photos/6f9011a6-36ee-41a4-89d0-60716aa1ffd9/3.webp,3,2026-08-05T10:27:57+00:00
6858e2eb-2ae5-4998-ac9e-6e5daaa5f6b6,6f9011a6-36ee-41a4-89d0-60716aa1ffd9,/photos/6f9011a6-36ee-41a4-89d0-60716aa1ffd9/4.webp,4,2026-08-05T10:27:57+00:00
1e8dbc79-9d5a-4c10-afcc-d060b4a74fc2,3f103508-aa28-4097-a611-11b708f3d3fb,/photos/3f103508-aa28-4097-a611-11b708f3d3fb/0.webp,0,2025-02-03T13:47:23+00:00
3320479a-59a7-4b4e-88cc-914c94a599dd,3f103508-aa28-4097-a611-11b708f3d3fb,/photos/3f103508-aa28-4097-a611-11b708f3d3fb/1.webp,1,2025-02-03T13:47:23+00:00
68776073-8289-416e-b39b-80f2ff6a1d73,3f103508-aa28-4097-a611-11b708f3d3fb,/photos/3f103508-aa28-4097-a611-11b708f3d3fb/2.webp,2,2025-02-03T13:47:23+00:00
b139b6ae-8284-4b74-84a0-89da882a8979,3f103508-aa28-4097-a611-11b708f3d3fb,/photos/3f103508-aa28-4097-a611-11b708f3d3fb/3.webp,3,2025-02-03T13:47:23+00:00
40711ee2-64bb-4c6d-89f0-60a79afce31b,3f103508-aa28-4097-a611-11b708f3d3fb,/photos/3f103508-aa28-4097-a611-11b708f3d3fb/4.webp,4,2025-02-03T13:47:23+00:00
09e03685-e022-4302-9564-4cc0a4a21221,806eaf21-8166-4343-8725-222e954d1fb8,/photos/806eaf21-8166-4343-8725-222e954d1fb8/0.webp,0,2025-05-27T20:55:34+00:00
8fc2cc1c-31cf-456e-9902-39d9bfd3af8d,806eaf21-8166-4343-8725-222e954d1fb8,/photos/806eaf21-8166-4343-8725-222e954d1fb8/1.webp,1,2025-05-27T20:55:34+00:00
59ba2b0b-0683-4a25-830a-d7c7df4bd923,806eaf21-8166-4343-8725-222e954d1fb8,/photos/806eaf21-8166-4343-8725-222e954d1fb8/2.webp,2,2025-05-27T20:55:34+00:00
6d38957f-8ebf-4d2a-980b-973814aabed9,dba253f8-2e6a-4135-9b40-3a84093414de,/photos/dba253f8-2e6a-4135-9b40-3a84093414de/0.webp,0,2026-05-27T01:05:04+00:00
14a94e19-0be5-4e53-a3e4-949c0ea787b7,dba253f8-2e6a-4135-9b40-3a84093414de,/photos/dba253f8-2e6a-4135-9b40-3a84093414de/1.webp,1,2026-05-27T01:05:04+00:00
718c2d6f-d039-4e59-b1b5-bc7efadfaeb6,dba253f8-2e6a-4135-9b40-3a84093414de,/photos/dba253f8-2e6a-4135-9b40-3a84093414de/2.webp,2,2026-05-27T01:05:04+00:00
42f891d6-e3ac-4689-99e5-e02c0fa4b8ed,dba253f8-2e6a-4135-9b40-3a84093414de,/photos/dba253f8-2e6a-4135-9b40-3a84093414de/3.webp,3,2026-05-27T01:05:04+00:00
e8cbf5dd-ae1a-40d2-9239-f6a514a2b752,dba253f8-2e6a-4135-9b40-3a84093414de,/photos/dba253f8-2e6a-4135-9b40-3a84093414de/4.webp,4,2026-05-27T01:05:04+00:00
ebc9ed14-5427-4fb6-b85a-044b901d73c8,b32179a5-4fbc-453f-b126-ae524ef3cadd,/photos/b32179a5-4fbc-453f-b126-ae524ef3cadd/0.webp,0,2026-04-30T06:50:21+00:00
a45d3915-2056-44ab-8f79-2086447f4f39,b32179a5-4fbc-453f-b126-ae524ef3cadd,/photos/b32179a5-4fbc-453f-b126-ae524ef3cadd/1.webp,1,2026-04-30T06:50:21+00:00
cde991c8-292b-4345-be1c-2cc599fc7bb1,b32179a5-4fbc-453f-b126-ae524ef3cadd,/photos/b32179a5-4fbc-453f-b126-ae524ef3cadd/2.webp,2,2026-04-30T06:50:21+00:00
5cda2d33-67b5-47e7-9cd8-43345acc460f,b32179a5-4fbc-453f-b126-ae524ef3cadd,/photos/b32179a5-4fbc-453f-b126-ae524ef3cadd/3.webp,3,2026-04-30T06:50:21+00:00
8f12bfab-d80a-44b9-9c14-a83f34cc8711,b32179a5-4fbc-453f-b126-ae524ef3cadd,/photos/b32179a5-4fbc-453f-b126-ae524ef3cadd/4.webp,4,2026-04-30T06:50:21+00:00
9f528fd5-77ef-44ed-9aa4-7333a6b90ea2,2a1724c5-17ff-4fd0-8442-81367fe8ca91,/photos/2a1724c5-17ff-4fd0-8442-81367fe8ca91/0.webp,0,2026-05-21T15:45:37+00:00
03b97432-d44a-4ef2-957c-3cf29fe186e2,2a1724c5-17ff-4fd0-8442-81367fe8ca91,/photos/2a1724c5-17ff-4fd0-8442-81367fe8ca91/1.webp,1,2026-05-21T15:45:37+00:00
78715fa0-81c8-48eb-a4bf-e27d2f52a733,2a1724c5-17ff-4fd0-8442-81367fe8ca91,/photos/2a1724c5-17ff-4fd0-8442-81367fe8ca91/2.webp,2,2026-05-21T15:45:37+00:00
8e8559cc-4d45-4fdc-9d97-17e825fedf81,5ba4358a-ee72-4479-a2ec-7129b1ba05e0,/photos/5ba4358a-ee72-4479-a2ec-7129b1ba05e0/0.webp,0,2025-08-06T17:58:10+00:00
49a71636-e829-4020-a806-c621bf5a4fc1,5ba4358a-ee72-4479-a2ec-7129b1ba05e0,/photos/5ba4358a-ee72-4479-a2ec-7129b1ba05e0/1.webp,1,2025-08-06T17:58:10+00:00
9fa5c367-10a4-409a-bbb9-e163a4aaca75,5ba4358a-ee72-4479-a2ec-7129b1ba05e0,/photos/5ba4358a-ee72-4479-a2ec-7129b1ba05e0/2.webp,2,2025-08-06T17:58:10+00:00
f5467948-9bc9-433b-aedb-2683ebfa72b1,5ba4358a-ee72-4479-a2ec-7129b1ba05e0,/photos/5ba4358a-ee72-4479-a2ec-7129b1ba05e0/3.webp,3,2025-08-06T17:58:10+00:00
301a01fb-bea2-4649-b5e0-7960bfff816a,5ba4358a-ee72-4479-a2ec-7129b1ba05e0,/photos/5ba4358a-ee72-4479-a2ec-7129b1ba05e0/4.webp,4,2025-08-06T17:58:10+00:00
a5c7bf2e-8b68-4c39-a144-102d9382a25e,5ba4358a-ee72-4479-a2ec-7129b1ba05e0,/photos/5ba4358a-ee72-4479-a2ec-7129b1ba05e0/5.webp,5,2025-08-06T17:58:10+00:00
9385651d-f9e3-47e8-928b-e87f9e6ebc58,df494339-a0af-4af8-b065-29d7ae47f220,/photos/df494339-a0af-4af8-b065-29d7ae47f220/0.webp,0,2024-11-21T03:22:54+00:00
7052a452-da58-4e03-a76f-cc14e0249d63,6f8d330a-8813-44f5-ac60-799ae3b2b769,/photos/6f8d330a-8813-44f5-ac60-799ae3b2b769/0.webp,0,2025-06-28T02:06:56+00:00
7a7b4669-cd5e-48af-8ead-9dfac580551c,6f8d330a-8813-44f5-ac60-799ae3b2b769,/photos/6f8d330a-8813-44f5-ac60-799ae3b2b769/1.webp,1,2025-06-28T02:06:56+00:00
b51ae2e3-4f2e-4cc9-a72a-61267cf8ebc6,568ff6a7-f2b6-4032-b8b8-13a6194cd1e2,/photos/568ff6a7-f2b6-4032-b8b8-13a6194cd1e2/0.webp,0,2024-10-18T04:18:33+00:00
864b4a5f-d7ed-4b3d-a0f3-fb449bc1dda7,3c878cb8-44ea-459d-b988-a0709d8903c1,/photos/3c878cb8-44ea-459d-b988-a0709d8903c1/0.webp,0,2026-08-18T07:18:16+00:00
742ed13c-533e-42dc-af96-b2e9ee3a49a8,3c878cb8-44ea-459d-b988-a0709d8903c1,/photos/3c878cb8-44ea-459d-b988-a0709d8903c1/1.webp,1,2026-08-18T07:18:16+00:00
283e3696-b5ec-4750-88e5-fbe1231b9b8e,19df0d1c-87ab-4a94-a9e6-f7197aae375e,/photos/19df0d1c-87ab-4a94-a9e6-f7197aae375e/0.webp,0,2026-01-24T15:26:39+00:00
00d407e0-d8b8-42e8-b9b6-77a96db42b5c,19df0d1c-87ab-4a94-a9e6-f7197aae375e,/photos/19df0d1c-87ab-4a94-a9e6-f7197aae375e/1.webp,1,2026-01-24T15:26:39+00:00
38e28430-f213-4144-ab73-6fcd354ac1db,19df0d1c-87ab-4a94-a9e6-f7197aae375e,/photos/19df0d1c-87ab-4a94-a9e6-f7197aae375e/2.webp,2,2026-01-24T15:26:39+00:00
40803b13-aaf4-4b45-b103-150b9f6d4404,19df0d1c-87ab-4a94-a9e6-f7197aae375e,/photos/19df0d1c-87ab-4a94-a9e6-f7197aae375e/3.webp,3,2026-01-24T15:26:39+00:00
29746cf4-663d-4a01-9c60-1cfa5450eb5a,19df0d1c-87ab-4a94-a9e6-f7197aae375e,/photos/19df0d1c-87ab-4a94-a9e6-f7197aae375e/4.webp,4,2026-01-24T15:26:39+00:00
9a8d7380-ee61-4849-9c02-786646706033,0f7d98f9-1991-4aa6-a5ef-aa86e3a76586,/photos/0f7d98f9-1991-4aa6-a5ef-aa86e3a76586/0.webp,0,2025-10-10T04:14:36+00:00
387ac01a-b33a-4e0d-a06b-08dd9c6cbab0,60820b1b-4ee4-4b60-9983-ee97579354ed,/photos/60820b1b-4ee4-4b60-9983-ee97579354ed/0.webp,0,2025-09-19T06:15:52+00:00
c92d91d8-1840-430f-a422-b0a47ae3eb15,60820b1b-4ee4-4b60-9983-ee97579354ed,/photos/60820b1b-4ee4-4b60-9983-ee97579354ed/1.webp,1,2025-09-19T06:15:52+00:00
ec4518fd-d8c3-432d-bc4f-8d13b40e979b,60820b1b-4ee4-4b60-9983-ee97579354ed,/photos/60820b1b-4ee4-4b60-9983-ee97579354ed/2.webp,2,2025-09-19T06:15:52+00:00
df5544eb-7f7e-4e57-b82c-81ff6c058bd7,3a732644-8a24-4838-982a-cbd3f1fc5448,/photos/3a732644-8a24-4838-982a-cbd3f1fc5448/0.webp,0,2026-06-16T14:12:12+00:00
4901df78-7a9b-41e8-9f00-ef4d883da5e9,3a732644-8a24-4838-982a-cbd3f1fc5448,/photos/3a732644-8a24-4838-982a-cbd3f1fc5448/1.webp,1,2026-06-16T14:12:12+00:00
adfe3831-f5ae-425e-af4c-8db027c679f2,3a732644-8a24-4838-982a-cbd3f1fc5448,/photos/3a732644-8a24-4838-982a-cbd3f1fc5448/2.webp,2,2026-06-16T14:12:12+00:00
3c04855f-de08-4815-bb2d-c4d312cd996b,3a732644-8a24-4838-982a-cbd3f1fc5448,/photos/3a732644-8a24-4838-982a-cbd3f1fc5448/3.webp,3,2026-06-16T14:12:12+00:00
5d8dbf47-fa1c-4e02-9676-ab2caea58c37,3a732644-8a24-4838-982a-cbd3f1fc5448,/photos/3a732644-8a24-4838-982a-cbd3f1fc5448/4.webp,4,2026-06-16T14:12:12+00:00
0c5de68c-a056-4e51-8dea-2c713410f3c2,3a732644-8a24-4838-982a-cbd3f1fc5448,/photos/3a732644-8a24-4838-982a-cbd3f1fc5448/5.webp,5,2026-06-16T14:12:12+00:00
f8e099bb-6b10-4f78-b1f7-01f44ddd4398,3a732644-8a24-4838-982a-cbd3f1fc5448,/photos/3a732644-8a24-4838-982a-cbd3f1fc5448/6.webp,6,2026-06-16T14:12:12+00:00
db82526c-1ea4-44ab-b2dc-8638c357f5f1,cd6c2d1b-315a-4a09-9a12-df0416f10a5e,/photos/cd6c2d1b-315a-4a09-9a12-df0416f10a5e/0.webp,0,2026-01-13T22:48:08+00:00
e5e9eeb7-aa69-4898-953d-667ea05aa4f6,cd6c2d1b-315a-4a09-9a12-df0416f10a5e,/photos/cd6c2d1b-315a-4a09-9a12-df0416f10a5e/1.webp,1,2026-01-13T22:48:08+00:00
55665645-34fa-4423-bccb-d7e6bdccfe74,07b1f774-9800-405a-90ab-6cbe05d0d2d1,/photos/07b1f774-9800-405a-90ab-6cbe05d0d2d1/0.webp,0,2025-09-21T02:33:46+00:00
0ac7bf20-04cc-4dc1-82a7-1270f63c174e,07b1f774-9800-405a-90ab-6cbe05d0d2d1,/photos/07b1f774-9800-405a-90ab-6cbe05d0d2d1/1.webp,1,2025-09-21T02:33:46+00:00
14659e32-228d-4561-8f0c-0cbb62d54b7d,07b1f774-9800-405a-90ab-6cbe05d0d2d1,/photos/07b1f774-9800-405a-90ab-6cbe05d0d2d1/2.webp,2,2025-09-21T02:33:46+00:00
3e577999-cf66-4f1f-93cc-14376f9fe47e,07b1f774-9800-405a-90ab-6cbe05d0d2d1,/photos/07b1f774-9800-405a-90ab-6cbe05d0d2d1/3.webp,3,2025-09-21T02:33:46+00:00
74f2c2de-f23c-4c99-9914-f514eeec5140,07b1f774-9800-405a-90ab-6cbe05d0d2d1,/photos/07b1f774-9800-405a-90ab-6cbe05d0d2d1/4.webp,4,2025-09-21T02:33:46+00:00
238da519-9d36-4827-b96a-a2ecdcbf8a55,cec6aaa0-3bd4-4203-b9ab-e618665eecaf,/photos/cec6aaa0-3bd4-4203-b9ab-e618665eecaf/0.webp,0,2026-02-16T04:38:13+00:00
153a1576-c6ea-4d97-acb2-1ac613cb5f2f,cec6aaa0-3bd4-4203-b9ab-e618665eecaf,/photos/cec6aaa0-3bd4-4203-b9ab-e618665eecaf/1.webp,1,2026-02-16T04:38:13+00:00
339c5d63-641a-4292-bc67-d07c028a1b17,744184ed-d43a-44e7-ae4a-088331862719,/photos/744184ed-d43a-44e7-ae4a-088331862719/0.webp,0,2026-08-14T05:40:24+00:00
47679195-2661-4bab-b440-5bdf1648bb72,744184ed-d43a-44e7-ae4a-088331862719,/photos/744184ed-d43a-44e7-ae4a-088331862719/1.webp,1,2026-08-14T05:40:24+00:00
c90cf7ae-9415-407a-b81f-a0ae3e82f761,744184ed-d43a-44e7-ae4a-088331862719,/photos/744184ed-d43a-44e7-ae4a-088331862719/2.webp,2,2026-08-14T05:40:24+00:00
0af95d1f-a9e2-430b-abd5-f073c9f5ea8e,744184ed-d43a-44e7-ae4a-088331862719,/photos/744184ed-d43a-44e7-ae4a-088331862719/3.webp,3,2026-08-14T05:40:24+00:00
111bfbdb-6703-4d64-bc25-694961042c2a,744184ed-d43a-44e7-ae4a-088331862719,/photos/744184ed-d43a-44e7-ae4a-088331862719/4.webp,4,2026-08-14T05:40:24+00:00
45c74cb6-e04d-4c64-b2f0-af308d2dc53d,a1c5afb8-8fec-485b-b2ce-06bd965601db,/photos/a1c5afb8-8fec-485b-b2ce-06bd965601db/0.webp,0,2026-08-13T07:58:13+00:00
5692028b-477e-4e8b-8da3-c44386b66455,a1c5afb8-8fec-485b-b2ce-06bd965601db,/photos/a1c5afb8-8fec-485b-b2ce-06bd965601db/1.webp,1,2026-08-13T07:58:13+00:00
a2f3c8ab-4b54-468e-a4b9-8ba7829bdaed,a1c5afb8-8fec-485b-b2ce-06bd965601db,/photos/a1c5afb8-8fec-485b-b2ce-06bd965601db/2.webp,2,2026-08-13T07:58:13+00:00
a9a09949-793d-49e5-bec8-2dc2b5def210,a1c5afb8-8fec-485b-b2ce-06bd965601db,/photos/a1c5afb8-8fec-485b-b2ce-06bd965601db/3.webp,3,2026-08-13T07:58:13+00:00
0ab2f9e1-4818-4430-9b24-bd72512b073e,a1c5afb8-8fec-485b-b2ce-06bd965601db,/photos/a1c5afb8-8fec-485b-b2ce-06bd965601db/4.webp,4,2026-08-13T07:58:13+00:00
89e73274-66ff-4a98-946c-1af1519e1342,cc009481-54ff-4466-a6a5-af2a1e9d92c2,/photos/cc009481-54ff-4466-a6a5-af2a1e9d92c2/0.webp,0,2026-08-07T01:56:04+00:00
069d3891-5e43-4dc7-ab53-497e633c1623,cc009481-54ff-4466-a6a5-af2a1e9d92c2,/photos/cc009481-54ff-4466-a6a5-af2a1e9d92c2/1.webp,1,2026-08-07T01:56:04+00:00
2105f873-30ff-41c7-915e-40e0644e39e7,cc009481-54ff-4466-a6a5-af2a1e9d92c2,/photos/cc009481-54ff-4466-a6a5-af2a1e9d92c2/2.webp,2,2026-08-07T01:56:04+00:00
f0a716b9-5523-443f-8664-f589510068b6,cc009481-54ff-4466-a6a5-af2a1e9d92c2,/photos/cc009481-54ff-4466-a6a5-af2a1e9d92c2/3.webp,3,2026-08-07T01:56:04+00:00
64560a7f-8f36-44b6-9f93-53d747bc5c09,cc009481-54ff-4466-a6a5-af2a1e9d92c2,/photos/cc009481-54ff-4466-a6a5-af2a1e9d92c2/4.webp,4,2026-08-07T01:56:04+00:00
42acf48a-070a-470c-9ba6-14ba17a7d343,cc009481-54ff-4466-a6a5-af2a1e9d92c2,/photos/cc009481-54ff-4466-a6a5-af2a1e9d92c2/5.webp,5,2026-08-07T01:56:04+00:00
d2121645-9c41-4d89-917b-0a0d6525c06b,cc009481-54ff-4466-a6a5-af2a1e9d92c2,/photos/cc009481-54ff-4466-a6a5-af2a1e9d92c2/6.webp,6,2026-08-07T01:56:04+00:00
6d22af75-c14a-4ebc-ab16-0aa65a4b771c,cc009481-54ff-4466-a6a5-af2a1e9d92c2,/photos/cc009481-54ff-4466-a6a5-af2a1e9d92c2/7.webp,7,2026-08-07T01:56:04+00:00
ae0d7194-e0b7-46e2-b8c3-3e86fa252694,11f24e6d-035d-43ee-ae95-7cef246ab562,/photos/11f24e6d-035d-43ee-ae95-7cef246ab562/0.webp,0,2026-04-04T09:39:14+00:00
9784da73-b113-4a14-ba7b-3121ce9138d5,11f24e6d-035d-43ee-ae95-7cef246ab562,/photos/11f24e6d-035d-43ee-ae95-7cef246ab562/1.webp,1,2026-04-04T09:39:14+00:00
b6fc75fb-b2ec-4ef4-ae05-736cad2cc22d,11f24e6d-035d-43ee-ae95-7cef246ab562,/photos/11f24e6d-035d-43ee-ae95-7cef246ab562/2.webp,2,2026-04-04T09:39:14+00:00
d41df55e-f691-43dc-9a94-d0ea2fd9c58e,9ac1f73e-0bf2-4654-9107-a0eac581b35e,/photos/9ac1f73e-0bf2-4654-9107-a0eac581b35e/0.webp,0,2026-08-04T11:26:03+00:00
2e29d6f2-5d17-4a0b-b2f8-f9b8cbc72188,9ac1f73e-0bf2-4654-9107-a0eac581b35e,/photos/9ac1f73e-0bf2-4654-9107-a0eac581b35e/1.webp,1,2026-08-04T11:26:03+00:00
66965877-cc6c-43eb-9063-bc80c0e577c4,9ac1f73e-0bf2-4654-9107-a0eac581b35e,/photos/9ac1f73e-0bf2-4654-9107-a0eac581b35e/2.webp,2,2026-08-04T11:26:03+00:00
b792de86-d55f-46ba-bbf7-85631eb1d00d,9ac1f73e-0bf2-4654-9107-a0eac581b35e,/photos/9ac1f73e-0bf2-4654-9107-a0eac581b35e/3.webp,3,2026-08-04T11:26:03+00:00
dcf8e2c3-5f10-4fd2-b056-0387343c26e3,90c29ca4-3f07-4856-b8f8-473f87dbdc52,/photos/90c29ca4-3f07-4856-b8f8-473f87dbdc52/0.webp,0,2025-06-30T22:28:20+00:00
d33c7803-6e68-4ecf-bd96-2735a08f397b,90c29ca4-3f07-4856-b8f8-473f87dbdc52,/photos/90c29ca4-3f07-4856-b8f8-473f87dbdc52/1.webp,1,2025-06-30T22:28:20+00:00
f788f693-af6f-4bb6-9920-23e4a0f5effc,90c29ca4-3f07-4856-b8f8-473f87dbdc52,/photos/90c29ca4-3f07-4856-b8f8-473f87dbdc52/2.webp,2,2025-06-30T22:28:20+00:00
a090169d-6ddd-4d7d-b344-aa293e91b9d8,90c29ca4-3f07-4856-b8f8-473f87dbdc52,/photos/90c29ca4-3f07-4856-b8f8-473f87dbdc52/3.webp,3,2025-06-30T22:28:20+00:00
a1e2177f-1294-4314-b9b7-d6ce7962941f,90c29ca4-3f07-4856-b8f8-473f87dbdc52,/photos/90c29ca4-3f07-4856-b8f8-473f87dbdc52/4.webp,4,2025-06-30T22:28:20+00:00
f6f07580-9f67-4653-a045-12d21a99e6df,4bcc6007-213d-4198-bf15-b9a9023173b5,/photos/4bcc6007-213d-4198-bf15-b9a9023173b5/0.webp,0,2026-05-19T02:09:44+00:00
8c0d571d-abe1-45db-9e88-cabf5f51f4b5,4bcc6007-213d-4198-bf15-b9a9023173b5,/photos/4bcc6007-213d-4198-bf15-b9a9023173b5/1.webp,1,2026-05-19T02:09:44+00:00
8d4f6423-9805-4a25-9b46-f73af4194656,0e91d896-360b-45c1-bb3e-96ca47691f43,/photos/0e91d896-360b-45c1-bb3e-96ca47691f43/0.webp,0,2025-10-06T03:03:32+00:00
6520247e-7443-41dd-94b1-7221003262bf,0e91d896-360b-45c1-bb3e-96ca47691f43,/photos/0e91d896-360b-45c1-bb3e-96ca47691f43/1.webp,1,2025-10-06T03:03:32+00:00
14bac683-2410-41bb-9431-a7a2ea94c0bd,0e91d896-360b-45c1-bb3e-96ca47691f43,/photos/0e91d896-360b-45c1-bb3e-96ca47691f43/2.webp,2,2025-10-06T03:03:32+00:00
46e6ec94-2a75-4058-ae24-2288add76e56,0e91d896-360b-45c1-bb3e-96ca47691f43,/photos/0e91d896-360b-45c1-bb3e-96ca47691f43/3.webp,3,2025-10-06T03:03:32+00:00
1739b09e-86e1-4ee7-a34a-d87ab3f8afc2,0e91d896-360b-45c1-bb3e-96ca47691f43,/photos/0e91d896-360b-45c1-bb3e-96ca47691f43/4.webp,4,2025-10-06T03:03:32+00:00
e2093f66-ac9e-4154-a5b8-1861f32f5102,0e91d896-360b-45c1-bb3e-96ca47691f43,/photos/0e91d896-360b-45c1-bb3e-96ca47691f43/5.webp,5,2025-10-06T03:03:32+00:00
2ae81113-9611-4b89-9134-49d3ec5803a5,0e91d896-360b-45c1-bb3e-96ca47691f43,/photos/0e91d896-360b-45c1-bb3e-96ca47691f43/6.webp,6,2025-10-06T03:03:32+00:00
5a585d26-8a1d-4481-9a71-7af9dc1f966f,7f3d82d1-adb7-497f-9958-4f758fb6482f,/photos/7f3d82d1-adb7-497f-9958-4f758fb6482f/0.webp,0,2026-08-24T10:13:17+00:00
5cfd3345-cf5a-4de3-9030-1669db1b93c1,7f3d82d1-adb7-497f-9958-4f758fb6482f,/photos/7f3d82d1-adb7-497f-9958-4f758fb6482f/1.webp,1,2026-08-24T10:13:17+00:00
5e129676-9403-4979-a132-7985ca75b940,7f3d82d1-adb7-497f-9958-4f758fb6482f,/photos/7f3d82d1-adb7-497f-9958-4f758fb6482f/2.webp,2,2026-08-24T10:13:17+00:00
a2db757e-db47-4bb3-9fb7-7b9605589bbd,c025dee3-13ff-43f9-9769-124cd8994617,/photos/c025dee3-13ff-43f9-9769-124cd8994617/0.webp,0,2026-06-01T11:51:06+00:00
681e2d24-8618-4739-b781-b6d916134996,c025dee3-13ff-43f9-9769-124cd8994617,/photos/c025dee3-13ff-43f9-9769-124cd8994617/1.webp,1,2026-06-01T11:51:06+00:00
6b24b2e9-ea7e-4b7b-bac1-cee54b1dd3d8,804e686c-d6cb-4680-80ec-4690134cab96,/photos/804e686c-d6cb-4680-80ec-4690134cab96/0.webp,0,2025-07-28T05:11:52+00:00
66c06ef5-4edd-4651-906e-b42e00dfc63e,804e686c-d6cb-4680-80ec-4690134cab96,/photos/804e686c-d6cb-4680-80ec-4690134cab96/1.webp,1,2025-07-28T05:11:52+00:00
62ee9fa2-0606-494e-a7a3-ddb71a3ba3b1,804e686c-d6cb-4680-80ec-4690134cab96,/photos/804e686c-d6cb-4680-80ec-4690134cab96/2.webp,2,2025-07-28T05:11:52+00:00
8c2ebba7-25ec-4db4-9bc1-bf536a1b0dc5,804e686c-d6cb-4680-80ec-4690134cab96,/photos/804e686c-d6cb-4680-80ec-4690134cab96/3.webp,3,2025-07-28T05:11:52+00:00
cc45ed04-a8b2-4c7e-a3cf-179014601fef,804e686c-d6cb-4680-80ec-4690134cab96,/photos/804e686c-d6cb-4680-80ec-4690134cab96/4.webp,4,2025-07-28T05:11:52+00:00
4328b630-35d1-49c2-a707-822d3e1794df,80235f5c-bf6b-4380-bb47-bb9b2f1e1331,/photos/80235f5c-bf6b-4380-bb47-bb9b2f1e1331/0.webp,0,2026-05-31T12:27:04+00:00
a57645c8-53d5-4bbc-87a2-50eb5dd98b09,80235f5c-bf6b-4380-bb47-bb9b2f1e1331,/photos/80235f5c-bf6b-4380-bb47-bb9b2f1e1331/1.webp,1,2026-05-31T12:27:04+00:00
d6990d4c-0e8e-47f0-ae67-c0d3f586c8ac,7c4a1286-62e2-49cb-b6ec-3e8c52c55bcf,/photos/7c4a1286-62e2-49cb-b6ec-3e8c52c55bcf/0.webp,0,2025-07-16T09:40:58+00:00
341b9955-dbb9-4eca-a37e-f9aee255bdc8,7c4a1286-62e2-49cb-b6ec-3e8c52c55bcf,/photos/7c4a1286-62e2-49cb-b6ec-3e8c52c55bcf/1.webp,1,2025-07-16T09:40:58+00:00
ee4a5e62-8634-4cf8-be27-9fa08d173314,7c4a1286-62e2-49cb-b6ec-3e8c52c55bcf,/photos/7c4a1286-62e2-49cb-b6ec-3e8c52c55bcf/2.webp,2,2025-07-16T09:40:58+00:00
2282959f-e2cb-42a8-bdcd-18ad00b10f6b,9ea3c6f7-4487-41ed-a786-3cbcc74116d2,/photos/9ea3c6f7-4487-41ed-a786-3cbcc74116d2/0.webp,0,2024-11-20T00:32:34+00:00
3e806c59-a5cf-4b2b-a10e-7aab34d6e88c,9ea3c6f7-4487-41ed-a786-3cbcc74116d2,/photos/9ea3c6f7-4487-41ed-a786-3cbcc74116d2/1.webp,1,2024-11-20T00:32:34+00:00
bb39616b-c132-4b2d-86ed-040a7293a3c3,9ea3c6f7-4487-41ed-a786-3cbcc74116d2,/photos/9ea3c6f7-4487-41ed-a786-3cbcc74116d2/2.webp,2,2024-11-20T00:32:34+00:00
9d44ef0a-9c1c-4809-88c3-d3f029ef20cf,9ea3c6f7-4487-41ed-a786-3cbcc74116d2,/photos/9ea3c6f7-4487-41ed-a786-3cbcc74116d2/3.webp,3,2024-11-20T00:32:34+00:00
4ce6f3d8-5933-4403-829c-7fee793133b4,7001eced-81cc-48d6-86bf-ccd5bc620ec1,/photos/7001eced-81cc-48d6-86bf-ccd5bc620ec1/0.webp,0,2026-05-05T04:08:41+00:00
ae2a0915-345b-490c-87c7-27641cebe5a5,7001eced-81cc-48d6-86bf-ccd5bc620ec1,/photos/7001eced-81cc-48d6-86bf-ccd5bc620ec1/1.webp,1,2026-05-05T04:08:41+00:00
5c749116-22c8-416b-a5c8-643d2d97b08a,7001eced-81cc-48d6-86bf-ccd5bc620ec1,/photos/7001eced-81cc-48d6-86bf-ccd5bc620ec1/2.webp,2,2026-05-05T04:08:41+00:00
24178193-6549-4118-82a7-d7cf7e28c316,7001eced-81cc-48d6-86bf-ccd5bc620ec1,/photos/7001eced-81cc-48d6-86bf-ccd5bc620ec1/3.webp,3,2026-05-05T04:08:41+00:00
8525f71c-3bd1-4501-a796-245a9cb658ca,4ff94f89-5d96-43fd-b965-b4258ac7b0d0,/photos/4ff94f89-5d96-43fd-b965-b4258ac7b0d0/0.webp,0,2025-05-15T08:23:24+00:00
2e579ba8-3ef9-4a9f-86f7-26974a151a2e,4ff94f89-5d96-43fd-b965-b4258ac7b0d0,/photos/4ff94f89-5d96-43fd-b965-b4258ac7b0d0/1.webp,1,2025-05-15T08:23:24+00:00
73b8e351-8836-4271-a4b1-ff69f51171f6,4ff94f89-5d96-43fd-b965-b4258ac7b0d0,/photos/4ff94f89-5d96-43fd-b965-b4258ac7b0d0/2.webp,2,2025-05-15T08:23:24+00:00
5ebdd49b-2353-4b8c-8aae-20027f650312,c9c91507-9d34-461b-b082-20081547bbc6,/photos/c9c91507-9d34-461b-b082-20081547bbc6/0.webp,0,2025-11-01T15:37:37+00:00
5cb9414e-0ebf-4ff3-ac22-ba1f35a9a089,c9c91507-9d34-461b-b082-20081547bbc6,/photos/c9c91507-9d34-461b-b082-20081547bbc6/1.webp,1,2025-11-01T15:37:37+00:00
d51c2c4c-df4a-42b8-b84f-59ff66a2f90b,c9c91507-9d34-461b-b082-20081547bbc6,/photos/c9c91507-9d34-461b-b082-20081547bbc6/2.webp,2,2025-11-01T15:37:37+00:00
13199c1e-73d8-4f28-bd9d-abe8be590d84,c9c91507-9d34-461b-b082-20081547bbc6,/photos/c9c91507-9d34-461b-b082-20081547bbc6/3.webp,3,2025-11-01T15:37:37+00:00
073a6b7e-ad4b-47bf-86cf-dca499f5637f,ba5a6e52-ce65-4f46-b285-034e3b63c2f9,/photos/ba5a6e52-ce65-4f46-b285-034e3b63c2f9/0.webp,0,2025-05-22T09:51:04+00:00
8a5a025a-598b-4fc7-be61-ee0c4d32efdd,ba5a6e52-ce65-4f46-b285-034e3b63c2f9,/photos/ba5a6e52-ce65-4f46-b285-034e3b63c2f9/1.webp,1,2025-05-22T09:51:04+00:00
0b7d4e11-272e-4a0b-a3b0-25e061f3d383,ba5a6e52-ce65-4f46-b285-034e3b63c2f9,/photos/ba5a6e52-ce65-4f46-b285-034e3b63c2f9/2.webp,2,2025-05-22T09:51:04+00:00
ccab6a81-2f0d-4149-a8e9-7c5549a15879,ba5a6e52-ce65-4f46-b285-034e3b63c2f9,/photos/ba5a6e52-ce65-4f46-b285-034e3b63c2f9/3.webp,3,2025-05-22T09:51:04+00:00
6e749edb-b3d7-49c2-aa7d-2436b879ba6d,df901683-d48f-4548-a4b3-3b055c0589be,/photos/df901683-d48f-4548-a4b3-3b055c0589be/0.webp,0,2026-03-13T03:02:14+00:00
2db2bcd0-c73b-420f-a697-fe751ce73e3c,df901683-d48f-4548-a4b3-3b055c0589be,/photos/df901683-d48f-4548-a4b3-3b055c0589be/1.webp,1,2026-03-13T03:02:14+00:00
f27c2c22-7674-449d-b014-21be5865ee17,df901683-d48f-4548-a4b3-3b055c0589be,/photos/df901683-d48f-4548-a4b3-3b055c0589be/2.webp,2,2026-03-13T03:02:14+00:00
66b5b838-e171-4c3c-8fd4-d0fa53bb0a50,df901683-d48f-4548-a4b3-3b055c0589be,/photos/df901683-d48f-4548-a4b3-3b055c0589be/3.webp,3,2026-03-13T03:02:14+00:00
32342441-bedb-4420-973a-89e4aa098172,df901683-d48f-4548-a4b3-3b055c0589be,/photos/df901683-d48f-4548-a4b3-3b055c0589be/4.webp,4,2026-03-13T03:02:14+00:00
c5268d28-bd70-45b4-b469-cd42f74e1b25,df901683-d48f-4548-a4b3-3b055c0589be,/photos/df901683-d48f-4548-a4b3-3b055c0589be/5.webp,5,2026-03-13T03:02:14+00:00
ec155978-2176-4ecb-af3c-a96269e828c9,41383e52-07a0-4d7f-8d71-c07ac8439446,/photos/41383e52-07a0-4d7f-8d71-c07ac8439446/0.webp,0,2024-11-04T04:54:16+00:00
a069f30f-6235-4311-b80d-afdbec9d7656,41383e52-07a0-4d7f-8d71-c07ac8439446,/photos/41383e52-07a0-4d7f-8d71-c07ac8439446/1.webp,1,2024-11-04T04:54:16+00:00
5fb7a646-db8a-4d01-b0fc-0e50f996ab8c,41383e52-07a0-4d7f-8d71-c07ac8439446,/photos/41383e52-07a0-4d7f-8d71-c07ac8439446/2.webp,2,2024-11-04T04:54:16+00:00
58aa8cdb-41bf-42b5-adbe-70f9082282cc,d31bcd38-7b90-43af-a34d-34e01a43905c,/photos/d31bcd38-7b90-43af-a34d-34e01a43905c/0.webp,0,2026-01-06T14:05:43+00:00
4ff507cd-f293-410b-a4e4-cd11c906d0c7,d31bcd38-7b90-43af-a34d-34e01a43905c,/photos/d31bcd38-7b90-43af-a34d-34e01a43905c/1.webp,1,2026-01-06T14:05:43+00:00
7cca550c-dfb9-4956-9b1e-4f0d4f223670,d31bcd38-7b90-43af-a34d-34e01a43905c,/photos/d31bcd38-7b90-43af-a34d-34e01a43905c/2.webp,2,2026-01-06T14:05:43+00:00
14bb8803-a771-4235-a874-da1954f8be68,d31bcd38-7b90-43af-a34d-34e01a43905c,/photos/d31bcd38-7b90-43af-a34d-34e01a43905c/3.webp,3,2026-01-06T14:05:43+00:00
8eca6f78-1884-4bfd-9f0d-7f74d1d85ec4,d31bcd38-7b90-43af-a34d-34e01a43905c,/photos/d31bcd38-7b90-43af-a34d-34e01a43905c/4.webp,4,2026-01-06T14:05:43+00:00
1f728a31-8116-487b-8cb9-75a79939947b,d31bcd38-7b90-43af-a34d-34e01a43905c,/photos/d31bcd38-7b90-43af-a34d-34e01a43905c/5.webp,5,2026-01-06T14:05:43+00:00
14ed0147-b98f-40d3-812a-d48801956665,2e627613-246d-4a8a-b2d3-0e70e825d571,/photos/2e627613-246d-4a8a-b2d3-0e70e825d571/0.webp,0,2025-08-25T04:50:50+00:00
62ebf9b5-f9e1-49f6-a794-4662f71f030f,2e627613-246d-4a8a-b2d3-0e70e825d571,/photos/2e627613-246d-4a8a-b2d3-0e70e825d571/1.webp,1,2025-08-25T04:50:50+00:00
ed31e175-945b-4fb6-b527-cd04e5adf033,2e627613-246d-4a8a-b2d3-0e70e825d571,/photos/2e627613-246d-4a8a-b2d3-0e70e825d571/2.webp,2,2025-08-25T04:50:50+00:00
c2f8abaa-b79a-4086-bbac-8ffb3bcb5097,2e627613-246d-4a8a-b2d3-0e70e825d571,/photos/2e627613-246d-4a8a-b2d3-0e70e825d571/3.webp,3,2025-08-25T04:50:50+00:00
703c275e-5f0d-45d4-b41f-69a76235217f,2e627613-246d-4a8a-b2d3-0e70e825d571,/photos/2e627613-246d-4a8a-b2d3-0e70e825d571/4.webp,4,2025-08-25T04:50:50+00:00
ddb81ed0-7bf8-4eee-89e7-b1a0c2df8a0f,10cdf5c7-f54b-47b0-a25b-15eb7ca7c045,/photos/10cdf5c7-f54b-47b0-a25b-15eb7ca7c045/0.webp,0,2025-08-06T19:57:54+00:00
5d69f5b1-f128-44f5-8bb6-7e853b35cb25,10cdf5c7-f54b-47b0-a25b-15eb7ca7c045,/photos/10cdf5c7-f54b-47b0-a25b-15eb7ca7c045/1.webp,1,2025-08-06T19:57:54+00:00
ac6dde3c-41aa-49f3-b3ee-34d8e2f9351c,10cdf5c7-f54b-47b0-a25b-15eb7ca7c045,/photos/10cdf5c7-f54b-47b0-a25b-15eb7ca7c045/2.webp,2,2025-08-06T19:57:54+00:00
8b0c9274-c070-4f8b-a5f4-0b3b2a9bb7d7,10cdf5c7-f54b-47b0-a25b-15eb7ca7c045,/photos/10cdf5c7-f54b-47b0-a25b-15eb7ca7c045/3.webp,3,2025-08-06T19:57:54+00:00
7caf6b97-ed7a-4ec2-9143-9450cc6684a2,7cef839e-d53c-44a1-b2c7-f9d2fd4e4460,/photos/7cef839e-d53c-44a1-b2c7-f9d2fd4e4460/0.webp,0,2025-08-23T13:59:30+00:00
4a663615-5564-4897-aec8-d4d62157d0d0,7cef839e-d53c-44a1-b2c7-f9d2fd4e4460,/photos/7cef839e-d53c-44a1-b2c7-f9d2fd4e4460/1.webp,1,2025-08-23T13:59:30+00:00
f4836485-cbfd-4226-a09c-4e6207c221c8,7cef839e-d53c-44a1-b2c7-f9d2fd4e4460,/photos/7cef839e-d53c-44a1-b2c7-f9d2fd4e4460/2.webp,2,2025-08-23T13:59:30+00:00
833c8838-0aa7-4810-9df7-d95d1af8b636,7cef839e-d53c-44a1-b2c7-f9d2fd4e4460,/photos/7cef839e-d53c-44a1-b2c7-f9d2fd4e4460/3.webp,3,2025-08-23T13:59:30+00:00
21a340bf-3253-407e-825a-e7b832dff843,7cef839e-d53c-44a1-b2c7-f9d2fd4e4460,/photos/7cef839e-d53c-44a1-b2c7-f9d2fd4e4460/4.webp,4,2025-08-23T13:59:30+00:00
9ca08c6b-b620-4b39-b3a3-3cc8d5b7fe5f,7cef839e-d53c-44a1-b2c7-f9d2fd4e4460,/photos/7cef839e-d53c-44a1-b2c7-f9d2fd4e4460/5.webp,5,2025-08-23T13:59:30+00:00
cfab0b88-731a-4f91-99f9-b1ac4e32cc17,0caa2983-cfc2-4cb5-9f2c-641dad51586a,/photos/0caa2983-cfc2-4cb5-9f2c-641dad51586a/0.webp,0,2026-07-20T06:09:56+00:00
64514059-6a05-4cc6-a226-24e5d0da6e27,0caa2983-cfc2-4cb5-9f2c-641dad51586a,/photos/0caa2983-cfc2-4cb5-9f2c-641dad51586a/1.webp,1,2026-07-20T06:09:56+00:00
7a5401be-c5b4-4024-838b-a7157204b360,0caa2983-cfc2-4cb5-9f2c-641dad51586a,/photos/0caa2983-cfc2-4cb5-9f2c-641dad51586a/2.webp,2,2026-07-20T06:09:56+00:00
94a1062b-2290-442f-9ef2-8abd96b05f65,0caa2983-cfc2-4cb5-9f2c-641dad51586a,/photos/0caa2983-cfc2-4cb5-9f2c-641dad51586a/3.webp,3,2026-07-20T06:09:56+00:00
d506feef-9235-4084-a548-598f85289462,0caa2983-cfc2-4cb5-9f2c-641dad51586a,/photos/0caa2983-cfc2-4cb5-9f2c-641dad51586a/4.webp,4,2026-07-20T06:09:56+00:00
00623c83-d859-4445-a2d4-bc77f3efbf16,0caa2983-cfc2-4cb5-9f2c-641dad51586a,/photos/0caa2983-cfc2-4cb5-9f2c-641dad51586a/5.webp,5,2026-07-20T06:09:56+00:00
83a994fc-f8d4-417a-911b-559c1faa1b82,0caa2983-cfc2-4cb5-9f2c-641dad51586a,/photos/0caa2983-cfc2-4cb5-9f2c-641dad51586a/6.webp,6,2026-07-20T06:09:56+00:00
06af28b1-096a-4283-94ec-3209d3031c6f,d9cf8f85-81bc-4d02-b56e-bab415a9c74e,/photos/d9cf8f85-81bc-4d02-b56e-bab415a9c74e/0.webp,0,2025-09-27T03:15:37+00:00
7fe2faa7-e793-4fc8-a1e1-7892a7844773,d9cf8f85-81bc-4d02-b56e-bab415a9c74e,/photos/d9cf8f85-81bc-4d02-b56e-bab415a9c74e/1.webp,1,2025-09-27T03:15:37+00:00
d0698bce-410d-48d2-a119-3a902d4ad0c4,d9cf8f85-81bc-4d02-b56e-bab415a9c74e,/photos/d9cf8f85-81bc-4d02-b56e-bab415a9c74e/2.webp,2,2025-09-27T03:15:37+00:00
91a36d85-1e0e-45e3-ad67-3f02525d4465,d9cf8f85-81bc-4d02-b56e-bab415a9c74e,/photos/d9cf8f85-81bc-4d02-b56e-bab415a9c74e/3.webp,3,2025-09-27T03:15:37+00:00
1625ec09-6723-48a8-af10-aa1b2c5be62c,2ffa769a-592c-4d05-8540-c8a7e8b46a89,/photos/2ffa769a-592c-4d05-8540-c8a7e8b46a89/0.webp,0,2026-07-01T13:42:11+00:00
da09f49d-799e-48a0-9b92-3c3ee9cd2c9e,2ffa769a-592c-4d05-8540-c8a7e8b46a89,/photos/2ffa769a-592c-4d05-8540-c8a7e8b46a89/1.webp,1,2026-07-01T13:42:11+00:00
cd6767a7-e92a-4919-9b52-c30604ccb096,2ffa769a-592c-4d05-8540-c8a7e8b46a89,/photos/2ffa769a-592c-4d05-8540-c8a7e8b46a89/2.webp,2,2026-07-01T13:42:11+00:00
3708ccd7-1d2a-41c7-924f-6435dce48b8f,2ffa769a-592c-4d05-8540-c8a7e8b46a89,/photos/2ffa769a-592c-4d05-8540-c8a7e8b46a89/3.webp,3,2026-07-01T13:42:11+00:00
597fc1ce-ff83-4486-bc94-ea0e643a65e8,7118096e-b2e2-4f26-b538-32b10f31107f,/photos/7118096e-b2e2-4f26-b538-32b10f31107f/0.webp,0,2026-05-28T21:59:02+00:00
4b60c1d2-57e9-4093-8575-c91f458468c1,7118096e-b2e2-4f26-b538-32b10f31107f,/photos/7118096e-b2e2-4f26-b538-32b10f31107f/1.webp,1,2026-05-28T21:59:02+00:00
09d006bc-aba5-4120-86db-1a9ad78496ce,7118096e-b2e2-4f26-b538-32b10f31107f,/photos/7118096e-b2e2-4f26-b538-32b10f31107f/2.webp,2,2026-05-28T21:59:02+00:00
b8c397d3-3a7f-4a83-ab7f-bd3008a762ae,7118096e-b2e2-4f26-b538-32b10f31107f,/photos/7118096e-b2e2-4f26-b538-32b10f31107f/3.webp,3,2026-05-28T21:59:02+00:00
cfd88b23-6752-4e46-9e39-5c3aa4459500,7118096e-b2e2-4f26-b538-32b10f31107f,/photos/7118096e-b2e2-4f26-b538-32b10f31107f/4.webp,4,2026-05-28T21:59:02+00:00
3a2e773e-8fa1-4dc8-87e7-a2e93de0b22d,7118096e-b2e2-4f26-b538-32b10f31107f,/photos/7118096e-b2e2-4f26-b538-32b10f31107f/5.webp,5,2026-05-28T21:59:02+00:00
868d7d98-16a5-4579-a317-f89ebd55a1a7,7118096e-b2e2-4f26-b538-32b10f31107f,/photos/7118096e-b2e2-4f26-b538-32b10f31107f/6.webp,6,2026-05-28T21:59:02+00:00
47960e53-82e3-4003-8fb3-f5793e7d6253,7118096e-b2e2-4f26-b538-32b10f31107f,/photos/7118096e-b2e2-4f26-b538-32b10f31107f/7.webp,7,2026-05-28T21:59:02+00:00
92c180e9-0e96-4e5a-8743-68f99689c3a3,71694a6c-c7c6-4fe6-97ff-8d4796bcc20d,/photos/71694a6c-c7c6-4fe6-97ff-8d4796bcc20d/0.webp,0,2026-08-25T18:30:32+00:00
67d4584e-6ed9-4645-9f9c-992eb7083e08,71694a6c-c7c6-4fe6-97ff-8d4796bcc20d,/photos/71694a6c-c7c6-4fe6-97ff-8d4796bcc20d/1.webp,1,2026-08-25T18:30:32+00:00
a82aafbd-bf2f-4ee4-9da2-797bfab221f8,609d84ba-c5d5-4d6a-8e81-53f5830e6806,/photos/609d84ba-c5d5-4d6a-8e81-53f5830e6806/0.webp,0,2026-05-12T04:45:34+00:00
5863b1ab-a98e-42dc-8803-aa2bf8cb8696,609d84ba-c5d5-4d6a-8e81-53f5830e6806,/photos/609d84ba-c5d5-4d6a-8e81-53f5830e6806/1.webp,1,2026-05-12T04:45:34+00:00
98bc7bbc-197c-467b-92dd-235ff6e2acd7,609d84ba-c5d5-4d6a-8e81-53f5830e6806,/photos/609d84ba-c5d5-4d6a-8e81-53f5830e6806/2.webp,2,2026-05-12T04:45:34+00:00
5412f2ba-40cd-4326-9574-cfd0084f236a,609d84ba-c5d5-4d6a-8e81-53f5830e6806,/photos/609d84ba-c5d5-4d6a-8e81-53f5830e6806/3.webp,3,2026-05-12T04:45:34+00:00
c89238b5-5468-4c53-bc6e-1a1338938c88,609d84ba-c5d5-4d6a-8e81-53f5830e6806,/photos/609d84ba-c5d5-4d6a-8e81-53f5830e6806/4.webp,4,2026-05-12T04:45:34+00:00
1887a9a6-b44f-4419-9c36-1d534f12ec2c,609d84ba-c5d5-4d6a-8e81-53f5830e6806,/photos/609d84ba-c5d5-4d6a-8e81-53f5830e6806/5.webp,5,2026-05-12T04:45:34+00:00
ba481da0-f7d0-4111-b82c-2e47c3d429c2,4fd32945-efa7-4828-ab03-fe22f8aad53e,/photos/4fd32945-efa7-4828-ab03-fe22f8aad53e/0.webp,0,2024-11-03T15:03:56+00:00
66e66537-aa78-4323-b4fb-969595b1bea7,5b6e5def-9009-43c3-982a-84cad67864d6,/photos/5b6e5def-9009-43c3-982a-84cad67864d6/0.webp,0,2026-08-11T14:08:00+00:00
6a2847c7-cf09-4e08-85c0-f17fb32ad1e0,5b6e5def-9009-43c3-982a-84cad67864d6,/photos/5b6e5def-9009-43c3-982a-84cad67864d6/1.webp,1,2026-08-11T14:08:00+00:00
04000bfc-7524-4f2d-8981-1ebe9115e307,5b6e5def-9009-43c3-982a-84cad67864d6,/photos/5b6e5def-9009-43c3-982a-84cad67864d6/2.webp,2,2026-08-11T14:08:00+00:00
aba80c67-d82e-46fd-864d-9d4022c74ab0,5b6e5def-9009-43c3-982a-84cad67864d6,/photos/5b6e5def-9009-43c3-982a-84cad67864d6/3.webp,3,2026-08-11T14:08:00+00:00
47708b53-b2f4-4acd-abc2-03b69aabce30,5b6e5def-9009-43c3-982a-84cad67864d6,/photos/5b6e5def-9009-43c3-982a-84cad67864d6/4.webp,4,2026-08-11T14:08:00+00:00
b2fd9ac5-d507-43f9-bc79-95df39cd49b3,5b6e5def-9009-43c3-982a-84cad67864d6,/photos/5b6e5def-9009-43c3-982a-84cad67864d6/5.webp,5,2026-08-11T14:08:00+00:00
44cf4dac-f892-440f-bae3-442b1925fd5e,1266d7c0-db66-489a-8429-1e488673959e,/photos/1266d7c0-db66-489a-8429-1e488673959e/0.webp,0,2026-05-09T05:27:09+00:00
25924389-9c25-41ff-a5fb-8ca689d60948,cfe33713-7c33-4ac5-9d15-95e76645c422,/photos/cfe33713-7c33-4ac5-9d15-95e76645c422/0.webp,0,2026-08-27T17:59:11+00:00
1570e255-8c25-4f44-bd57-707e9879077f,cfe33713-7c33-4ac5-9d15-95e76645c422,/photos/cfe33713-7c33-4ac5-9d15-95e76645c422/1.webp,1,2026-08-27T17:59:11+00:00
f1c4d990-f33f-4de7-a73a-b0378298d50d,cfe33713-7c33-4ac5-9d15-95e76645c422,/photos/cfe33713-7c33-4ac5-9d15-95e76645c422/2.webp,2,2026-08-27T17:59:11+00:00
0fe0177c-713d-4f11-80b6-8c7b93d24f9d,cfe33713-7c33-4ac5-9d15-95e76645c422,/photos/cfe33713-7c33-4ac5-9d15-95e76645c422/3.webp,3,2026-08-27T17:59:11+00:00
d67b57e5-f5ac-4ed8-8ec8-b73e2d7a8c31,cfe33713-7c33-4ac5-9d15-95e76645c422,/photos/cfe33713-7c33-4ac5-9d15-95e76645c422/4.webp,4,2026-08-27T17:59:11+00:00
a6ccfcdc-8a9b-4e18-8732-56f5b2777107,da82866d-c129-437e-ba83-f20685b68e84,/photos/da82866d-c129-437e-ba83-f20685b68e84/0.webp,0,2024-12-27T12:46:07+00:00
74626dc1-1479-4d65-80ab-d14ed7936aa0,da82866d-c129-437e-ba83-f20685b68e84,/photos/da82866d-c129-437e-ba83-f20685b68e84/1.webp,1,2024-12-27T12:46:07+00:00
5d8782d9-bcd7-459c-bb99-1ef54d28b1f3,da82866d-c129-437e-ba83-f20685b68e84,/photos/da82866d-c129-437e-ba83-f20685b68e84/2.webp,2,2024-12-27T12:46:07+00:00
5753b107-4953-4288-8821-7b6d1f1ee0bb,da82866d-c129-437e-ba83-f20685b68e84,/photos/da82866d-c129-437e-ba83-f20685b68e84/3.webp,3,2024-12-27T12:46:07+00:00
171dbe17-2fb8-43f0-bdd6-af7c44966a90,12189376-01da-4e2a-839a-ea67cb16dddf,/photos/12189376-01da-4e2a-839a-ea67cb16dddf/0.webp,0,2025-09-02T05:30:53+00:00
0d2eb1a2-56fe-41ea-8a84-3e3f53c719b0,12189376-01da-4e2a-839a-ea67cb16dddf,/photos/12189376-01da-4e2a-839a-ea67cb16dddf/1.webp,1,2025-09-02T05:30:53+00:00
395ec9ef-3243-44c5-a823-6dc266a9fb2a,9ad1131c-049d-48a3-adfa-595031522219,/photos/9ad1131c-049d-48a3-adfa-595031522219/0.webp,0,2026-06-02T03:12:37+00:00
1d059f0c-68f1-4805-8e3f-fc0e0ce62ba9,9ad1131c-049d-48a3-adfa-595031522219,/photos/9ad1131c-049d-48a3-adfa-595031522219/1.webp,1,2026-06-02T03:12:37+00:00
28e2f779-54d7-44fd-abbf-e683938589c7,9ad1131c-049d-48a3-adfa-595031522219,/photos/9ad1131c-049d-48a3-adfa-595031522219/2.webp,2,2026-06-02T03:12:37+00:00
6fda2a82-a674-4e90-b8bd-d2d65ee0d71a,9ad1131c-049d-48a3-adfa-595031522219,/photos/9ad1131c-049d-48a3-adfa-595031522219/3.webp,3,2026-06-02T03:12:37+00:00
0c9a31b6-1c2f-4c82-8f44-25e657fdbb2e,f2464b3e-ba20-4126-8543-1533caadfe5c,/photos/f2464b3e-ba20-4126-8543-1533caadfe5c/0.webp,0,2025-08-20T00:58:40+00:00
915b9ddc-e894-4428-a07e-cf1976b15e9a,f2464b3e-ba20-4126-8543-1533caadfe5c,/photos/f2464b3e-ba20-4126-8543-1533caadfe5c/1.webp,1,2025-08-20T00:58:40+00:00
cc07d739-6fbb-4ba7-a6c7-871a811951a7,f2464b3e-ba20-4126-8543-1533caadfe5c,/photos/f2464b3e-ba20-4126-8543-1533caadfe5c/2.webp,2,2025-08-20T00:58:40+00:00
70d37aeb-e299-442b-bfb6-e722e7b102a1,f2464b3e-ba20-4126-8543-1533caadfe5c,/photos/f2464b3e-ba20-4126-8543-1533caadfe5c/3.webp,3,2025-08-20T00:58:40+00:00
ed732321-0740-4fbf-b806-52f93baef502,5503aa81-c206-4252-a4ae-a0bd14a89f12,/photos/5503aa81-c206-4252-a4ae-a0bd14a89f12/0.webp,0,2026-09-02T12:14:12+00:00
e6db374d-d561-48bd-ba54-3678104c794e,5503aa81-c206-4252-a4ae-a0bd14a89f12,/photos/5503aa81-c206-4252-a4ae-a0bd14a89f12/1.webp,1,2026-09-02T12:14:12+00:00
0eee481b-39b2-427e-926d-0ec8e2f08b6d,5503aa81-c206-4252-a4ae-a0bd14a89f12,/photos/5503aa81-c206-4252-a4ae-a0bd14a89f12/2.webp,2,2026-09-02T12:14:12+00:00
a4f7b52d-2387-4f88-8a11-81cf1f447be6,1d44b3d7-ccd7-4572-b3f7-086e9445db02,/photos/1d44b3d7-ccd7-4572-b3f7-086e9445db02/0.webp,0,2026-04-05T17:27:01+00:00
1989189a-d7f7-469f-bed5-1bd6c110785d,1d44b3d7-ccd7-4572-b3f7-086e9445db02,/photos/1d44b3d7-ccd7-4572-b3f7-086e9445db02/1.webp,1,2026-04-05T17:27:01+00:00
97d458db-7b7a-43bc-b698-a7465e09d3b1,1d44b3d7-ccd7-4572-b3f7-086e9445db02,/photos/1d44b3d7-ccd7-4572-b3f7-086e9445db02/2.webp,2,2026-04-05T17:27:01+00:00
5467a204-f834-44c7-b8b6-39b2b3413f86,1d44b3d7-ccd7-4572-b3f7-086e9445db02,/photos/1d44b3d7-ccd7-4572-b3f7-086e9445db02/3.webp,3,2026-04-05T17:27:01+00:00
e4ce8074-07be-4013-960d-f452a034a07d,1d44b3d7-ccd7-4572-b3f7-086e9445db02,/photos/1d44b3d7-ccd7-4572-b3f7-086e9445db02/4.webp,4,2026-04-05T17:27:01+00:00
2877dcc3-8bd4-49e4-a63d-7a6179b083b9,c259858e-b2e9-4c68-95f8-5251d6605b9a,/photos/c259858e-b2e9-4c68-95f8-5251d6605b9a/0.webp,0,2026-05-08T05:03:51+00:00
d19cfc21-5cef-4198-9e5d-a6af381041cb,c259858e-b2e9-4c68-95f8-5251d6605b9a,/photos/c259858e-b2e9-4c68-95f8-5251d6605b9a/1.webp,1,2026-05-08T05:03:51+00:00
26ac62e7-a7f8-45b0-bee9-646bd78251a0,6dfb746e-d1ad-4ada-8e22-39687e702524,/photos/6dfb746e-d1ad-4ada-8e22-39687e702524/0.webp,0,2025-05-03T00:19:31+00:00
e8cb91d1-5740-4a3d-8333-a3fa6410e04c,1fe784bc-6f30-4833-9ae6-4fcb0f296313,/photos/1fe784bc-6f30-4833-9ae6-4fcb0f296313/0.webp,0,2024-11-17T05:16:52+00:00
4f9b86f4-ab8f-445f-ba12-48480138037f,1fe784bc-6f30-4833-9ae6-4fcb0f296313,/photos/1fe784bc-6f30-4833-9ae6-4fcb0f296313/1.webp,1,2024-11-17T05:16:52+00:00
70d59996-026b-4096-afea-4e79507e4fb1,1fe784bc-6f30-4833-9ae6-4fcb0f296313,/photos/1fe784bc-6f30-4833-9ae6-4fcb0f296313/2.webp,2,2024-11-17T05:16:52+00:00
5961baf2-d7e4-4170-a0b7-5e1e71e52e5e,1fe784bc-6f30-4833-9ae6-4fcb0f296313,/photos/1fe784bc-6f30-4833-9ae6-4fcb0f296313/3.webp,3,2024-11-17T05:16:52+00:00
c941eb8b-1b1c-4eee-8e28-265962ea21f6,1fe784bc-6f30-4833-9ae6-4fcb0f296313,/photos/1fe784bc-6f30-4833-9ae6-4fcb0f296313/4.webp,4,2024-11-17T05:16:52+00:00
29363477-8299-4e5e-b829-4a7376913456,25849bf6-0208-47ed-aa20-fffb393ef448,/photos/25849bf6-0208-47ed-aa20-fffb393ef448/0.webp,0,2026-03-10T11:37:21+00:00
5d154e80-0a74-4608-8a6f-7be8b7975b56,25849bf6-0208-47ed-aa20-fffb393ef448,/photos/25849bf6-0208-47ed-aa20-fffb393ef448/1.webp,1,2026-03-10T11:37:21+00:00
9381e965-ea08-40a6-af2d-0ecf98e1d12e,25849bf6-0208-47ed-aa20-fffb393ef448,/photos/25849bf6-0208-47ed-aa20-fffb393ef448/2.webp,2,2026-03-10T11:37:21+00:00
f73ca9cf-89d4-48b7-96cf-427b722f7651,25849bf6-0208-47ed-aa20-fffb393ef448,/photos/25849bf6-0208-47ed-aa20-fffb393ef448/3.webp,3,2026-03-10T11:37:21+00:00
b4c7b185-ba68-4b32-8605-96335952b7a1,25849bf6-0208-47ed-aa20-fffb393ef448,/photos/25849bf6-0208-47ed-aa20-fffb393ef448/4.webp,4,2026-03-10T11:37:21+00:00
3b14e464-52dc-4057-b6b8-d16a90b0e495,2c2a6ebe-d09c-419f-a8e1-d3464cd8ea6d,/photos/2c2a6ebe-d09c-419f-a8e1-d3464cd8ea6d/0.webp,0,2025-05-28T22:36:11+00:00
27f467d8-7f7e-46ec-a489-66354806e05f,2c2a6ebe-d09c-419f-a8e1-d3464cd8ea6d,/photos/2c2a6ebe-d09c-419f-a8e1-d3464cd8ea6d/1.webp,1,2025-05-28T22:36:11+00:00
106dae09-4406-42dd-a2a6-eeff77897573,2c2a6ebe-d09c-419f-a8e1-d3464cd8ea6d,/photos/2c2a6ebe-d09c-419f-a8e1-d3464cd8ea6d/2.webp,2,2025-05-28T22:36:11+00:00
87d78f38-2971-459c-a0e1-822dbec0a474,efd4db1b-d5b5-4a75-81fe-89a54610e235,/photos/efd4db1b-d5b5-4a75-81fe-89a54610e235/0.webp,0,2025-09-11T08:21:25+00:00
39412043-f85a-47c2-a0f2-c6a8cd8d4267,efd4db1b-d5b5-4a75-81fe-89a54610e235,/photos/efd4db1b-d5b5-4a75-81fe-89a54610e235/1.webp,1,2025-09-11T08:21:25+00:00
979135ff-167b-4e15-9a92-df58564e36b5,efd4db1b-d5b5-4a75-81fe-89a54610e235,/photos/efd4db1b-d5b5-4a75-81fe-89a54610e235/2.webp,2,2025-09-11T08:21:25+00:00
76f5465a-7e4e-43f6-803c-ca251ccb4327,efd4db1b-d5b5-4a75-81fe-89a54610e235,/photos/efd4db1b-d5b5-4a75-81fe-89a54610e235/3.webp,3,2025-09-11T08:21:25+00:00
760c61f0-7e9d-43e2-9beb-7a89a407a713,efd4db1b-d5b5-4a75-81fe-89a54610e235,/photos/efd4db1b-d5b5-4a75-81fe-89a54610e235/4.webp,4,2025-09-11T08:21:25+00:00
3b286e59-1549-4d3d-9420-1684d56d417f,efd4db1b-d5b5-4a75-81fe-89a54610e235,/photos/efd4db1b-d5b5-4a75-81fe-89a54610e235/5.webp,5,2025-09-11T08:21:25+00:00
010aa0ab-33b0-42e2-9cd1-4ead1cbe2cff,4a7763c6-7993-4714-a0b4-d863cc76100e,/photos/4a7763c6-7993-4714-a0b4-d863cc76100e/0.webp,0,2024-12-02T13:11:57+00:00
05428407-c715-447e-8aba-ca40ee4112e6,4a7763c6-7993-4714-a0b4-d863cc76100e,/photos/4a7763c6-7993-4714-a0b4-d863cc76100e/1.webp,1,2024-12-02T13:11:57+00:00
7ffb02ee-7af0-425a-b483-133a1b773a7d,4a7763c6-7993-4714-a0b4-d863cc76100e,/photos/4a7763c6-7993-4714-a0b4-d863cc76100e/2.webp,2,2024-12-02T13:11:57+00:00
aade9080-827f-4539-be34-a8be7fdafbd5,4a7763c6-7993-4714-a0b4-d863cc76100e,/photos/4a7763c6-7993-4714-a0b4-d863cc76100e/3.webp,3,2024-12-02T13:11:57+00:00
3b9373b9-5dd2-4147-8ff6-87dfa87a4346,4a7763c6-7993-4714-a0b4-d863cc76100e,/photos/4a7763c6-7993-4714-a0b4-d863cc76100e/4.webp,4,2024-12-02T13:11:57+00:00
f97aa93c-d0c6-4a88-9bf5-34329eee759c,4a7763c6-7993-4714-a0b4-d863cc76100e,/photos/4a7763c6-7993-4714-a0b4-d863cc76100e/5.webp,5,2024-12-02T13:11:57+00:00
50d6a345-eb94-44b8-a4d4-2dc352c8a57c,d4223b8b-2b4e-484a-b4ae-f7c663cf37e4,/photos/d4223b8b-2b4e-484a-b4ae-f7c663cf37e4/0.webp,0,2026-08-18T05:41:09+00:00
e1ecb87a-f7ed-4bad-9202-d36db0c55605,d4223b8b-2b4e-484a-b4ae-f7c663cf37e4,/photos/d4223b8b-2b4e-484a-b4ae-f7c663cf37e4/1.webp,1,2026-08-18T05:41:09+00:00
f50aa654-c5e2-41da-8322-cda99a57028c,d4223b8b-2b4e-484a-b4ae-f7c663cf37e4,/photos/d4223b8b-2b4e-484a-b4ae-f7c663cf37e4/2.webp,2,2026-08-18T05:41:09+00:00
fbfc3992-0e7b-43c3-821e-390a0616f8b2,95d46042-6c04-46f5-b425-8a2ba77dea52,/photos/95d46042-6c04-46f5-b425-8a2ba77dea52/0.webp,0,2025-06-18T06:16:29+00:00
997ef9bb-fd15-47dd-bec3-da64afe4b7c8,95d46042-6c04-46f5-b425-8a2ba77dea52,/photos/95d46042-6c04-46f5-b425-8a2ba77dea52/1.webp,1,2025-06-18T06:16:29+00:00
7bf61ad4-4f25-48d2-8d5a-78a2e8bde5ba,95d46042-6c04-46f5-b425-8a2ba77dea52,/photos/95d46042-6c04-46f5-b425-8a2ba77dea52/2.webp,2,2025-06-18T06:16:29+00:00
276f1476-9c42-4498-b2f7-470d38507d13,95d46042-6c04-46f5-b425-8a2ba77dea52,/photos/95d46042-6c04-46f5-b425-8a2ba77dea52/3.webp,3,2025-06-18T06:16:29+00:00
f5a8b7e2-367a-475f-a219-d14fddab552b,9e8619c6-d117-4390-b0f5-992a5c789a12,/photos/9e8619c6-d117-4390-b0f5-992a5c789a12/0.webp,0,2025-11-22T12:31:06+00:00
9d44b53c-5593-4ce8-89df-887cceed4885,9e8619c6-d117-4390-b0f5-992a5c789a12,/photos/9e8619c6-d117-4390-b0f5-992a5c789a12/1.webp,1,2025-11-22T12:31:06+00:00
1be5df21-dedc-42be-8641-4a265ba3daf7,a78064e2-3384-4277-8814-eaba19652e89,/photos/a78064e2-3384-4277-8814-eaba19652e89/0.webp,0,2026-08-10T10:46:50+00:00
90b4999b-8527-4bb4-820f-144426205062,a78064e2-3384-4277-8814-eaba19652e89,/photos/a78064e2-3384-4277-8814-eaba19652e89/1.webp,1,2026-08-10T10:46:50+00:00
54556033-5a88-4e9e-bac3-76ad4a401fa1,a78064e2-3384-4277-8814-eaba19652e89,/photos/a78064e2-3384-4277-8814-eaba19652e89/2.webp,2,2026-08-10T10:46:50+00:00
1d136fe7-7a60-4806-be58-cb46457edebd,89186ff9-17df-43c2-b3a2-705cedad16ed,/photos/89186ff9-17df-43c2-b3a2-705cedad16ed/0.webp,0,2024-12-25T00:40:55+00:00
d239e0a2-bb84-48cf-a47f-cb735aa695d4,89186ff9-17df-43c2-b3a2-705cedad16ed,/photos/89186ff9-17df-43c2-b3a2-705cedad16ed/1.webp,1,2024-12-25T00:40:55+00:00
0921d15a-96f8-49aa-9c88-18612fa4b166,89186ff9-17df-43c2-b3a2-705cedad16ed,/photos/89186ff9-17df-43c2-b3a2-705cedad16ed/2.webp,2,2024-12-25T00:40:55+00:00
91925396-1445-4a71-8cdb-6d7b62ee1c87,d09d0b24-d7a7-4829-8340-46cd7aef7362,/photos/d09d0b24-d7a7-4829-8340-46cd7aef7362/0.webp,0,2026-08-20T18:21:20+00:00
99d01b53-07d2-41ed-877b-bb37fb747846,d09d0b24-d7a7-4829-8340-46cd7aef7362,/photos/d09d0b24-d7a7-4829-8340-46cd7aef7362/1.webp,1,2026-08-20T18:21:20+00:00
eb372237-24b8-46c6-810a-7e97c0434f23,d09d0b24-d7a7-4829-8340-46cd7aef7362,/photos/d09d0b24-d7a7-4829-8340-46cd7aef7362/2.webp,2,2026-08-20T18:21:20+00:00
f1b1bc81-4c47-443c-a5ad-50cfb8f14130,d09d0b24-d7a7-4829-8340-46cd7aef7362,/photos/d09d0b24-d7a7-4829-8340-46cd7aef7362/3.webp,3,2026-08-20T18:21:20+00:00
979ff30d-ba00-42ef-8c1f-2b9a24d5e5bb,d09d0b24-d7a7-4829-8340-46cd7aef7362,/photos/d09d0b24-d7a7-4829-8340-46cd7aef7362/4.webp,4,2026-08-20T18:21:20+00:00
072f02c6-7108-47a8-b94e-dcd011a44f95,f764070f-55d8-4eaf-9b11-3ad0678dfbf6,/photos/f764070f-55d8-4eaf-9b11-3ad0678dfbf6/0.webp,0,2026-05-17T10:15:43+00:00
bb7ee4c2-53aa-4e02-baaa-4c6785864cf9,f764070f-55d8-4eaf-9b11-3ad0678dfbf6,/photos/f764070f-55d8-4eaf-9b11-3ad0678dfbf6/1.webp,1,2026-05-17T10:15:43+00:00
8d775795-638b-4f90-be47-e5065707bf10,f764070f-55d8-4eaf-9b11-3ad0678dfbf6,/photos/f764070f-55d8-4eaf-9b11-3ad0678dfbf6/2.webp,2,2026-05-17T10:15:43+00:00
e35f4a61-fae7-431b-9386-366a9419c15e,f48a32a7-ac98-4259-b46f-dab0593b7987,/photos/f48a32a7-ac98-4259-b46f-dab0593b7987/0.webp,0,2026-08-27T02:11:56+00:00
0dc1741b-d383-4d6a-a8c2-2a8e88fa326f,f48a32a7-ac98-4259-b46f-dab0593b7987,/photos/f48a32a7-ac98-4259-b46f-dab0593b7987/1.webp,1,2026-08-27T02:11:56+00:00
690a4bb0-69a5-4027-a206-65c09a0ee5a9,3e800602-8dfb-4d38-b484-a4d0523d28c5,/photos/3e800602-8dfb-4d38-b484-a4d0523d28c5/0.webp,0,2026-04-23T03:25:32+00:00
9c4a89d1-6a58-4796-b99c-aaaabcabaf8f,3e800602-8dfb-4d38-b484-a4d0523d28c5,/photos/3e800602-8dfb-4d38-b484-a4d0523d28c5/1.webp,1,2026-04-23T03:25:32+00:00
fa0f6a79-c440-4e1a-8168-86480ec8b50c,3e800602-8dfb-4d38-b484-a4d0523d28c5,/photos/3e800602-8dfb-4d38-b484-a4d0523d28c5/2.webp,2,2026-04-23T03:25:32+00:00
1b81d085-5409-4367-8cca-fb151df48a96,3e800602-8dfb-4d38-b484-a4d0523d28c5,/photos/3e800602-8dfb-4d38-b484-a4d0523d28c5/3.webp,3,2026-04-23T03:25:32+00:00
e424f13e-1822-4044-89f7-5de1bed80722,e43876b7-20ed-4072-bc75-b0ec32ef5429,/photos/e43876b7-20ed-4072-bc75-b0ec32ef5429/0.webp,0,2026-08-30T22:43:25+00:00
4dc21827-5ed4-4945-8ac6-2fd16051f9bd,e43876b7-20ed-4072-bc75-b0ec32ef5429,/photos/e43876b7-20ed-4072-bc75-b0ec32ef5429/1.webp,1,2026-08-30T22:43:25+00:00
b42e5190-cd86-4fd6-90fe-3b930ad07c40,e43876b7-20ed-4072-bc75-b0ec32ef5429,/photos/e43876b7-20ed-4072-bc75-b0ec32ef5429/2.webp,2,2026-08-30T22:43:25+00:00
84be1a23-0580-4e47-9230-078b9a979b3e,e43876b7-20ed-4072-bc75-b0ec32ef5429,/photos/e43876b7-20ed-4072-bc75-b0ec32ef5429/3.webp,3,2026-08-30T22:43:25+00:00
4b000d5a-ef24-4cdb-b7b3-dbb912e33d73,e43876b7-20ed-4072-bc75-b0ec32ef5429,/photos/e43876b7-20ed-4072-bc75-b0ec32ef5429/4.webp,4,2026-08-30T22:43:25+00:00
3e8a8eb9-fa94-4bd8-94f9-ed8948dc3504,6b918454-25fe-41b6-82ac-ea1696e736ad,/photos/6b918454-25fe-41b6-82ac-ea1696e736ad/0.webp,0,2026-06-22T23:55:21+00:00
6482581b-b454-43be-b18f-bec05247af3b,6b918454-25fe-41b6-82ac-ea1696e736ad,/photos/6b918454-25fe-41b6-82ac-ea1696e736ad/1.webp,1,2026-06-22T23:55:21+00:00
955ba5db-3541-4b17-93c2-a09621b14bc1,6b918454-25fe-41b6-82ac-ea1696e736ad,/photos/6b918454-25fe-41b6-82ac-ea1696e736ad/2.webp,2,2026-06-22T23:55:21+00:00
9abfef68-68c9-45a9-a56a-aec6159ba1c8,6b918454-25fe-41b6-82ac-ea1696e736ad,/photos/6b918454-25fe-41b6-82ac-ea1696e736ad/3.webp,3,2026-06-22T23:55:21+00:00
78f394c6-1b8b-4a5f-9b72-cbf6ba4f3823,6b918454-25fe-41b6-82ac-ea1696e736ad,/photos/6b918454-25fe-41b6-82ac-ea1696e736ad/4.webp,4,2026-06-22T23:55:21+00:00
3d47853e-d2c8-4b20-8892-6e9755e2454c,6b918454-25fe-41b6-82ac-ea1696e736ad,/photos/6b918454-25fe-41b6-82ac-ea1696e736ad/5.webp,5,2026-06-22T23:55:21+00:00
db73583c-1e51-4fd9-874a-fcb52bafe4f5,6b918454-25fe-41b6-82ac-ea1696e736ad,/photos/6b918454-25fe-41b6-82ac-ea1696e736ad/6.webp,6,2026-06-22T23:55:21+00:00
7180b7da-28f1-4534-8957-a592163e7823,6b918454-25fe-41b6-82ac-ea1696e736ad,/photos/6b918454-25fe-41b6-82ac-ea1696e736ad/7.webp,7,2026-06-22T23:55:21+00:00
3c105878-d27e-49fc-a578-d1210fc1e917,2c4dbcc1-0717-42c1-9f36-72a5fd3ec3ea,/photos/2c4dbcc1-0717-42c1-9f36-72a5fd3ec3ea/0.webp,0,2025-05-27T14:08:10+00:00
b64fdceb-f9a8-4c41-8399-1b1927705882,3974229a-8d47-411c-8531-4b3dfe49a4b7,/photos/3974229a-8d47-411c-8531-4b3dfe49a4b7/0.webp,0,2026-06-11T20:56:30+00:00
488a05c7-a42b-42ed-8b5d-720f60ecdd63,3974229a-8d47-411c-8531-4b3dfe49a4b7,/photos/3974229a-8d47-411c-8531-4b3dfe49a4b7/1.webp,1,2026-06-11T20:56:30+00:00
5901cc81-a0fe-4221-b686-7c4cd9e7b7e7,3974229a-8d47-411c-8531-4b3dfe49a4b7,/photos/3974229a-8d47-411c-8531-4b3dfe49a4b7/2.webp,2,2026-06-11T20:56:30+00:00
4eb88c0e-8fe0-4d46-8ee0-5abc6adcdbd5,3974229a-8d47-411c-8531-4b3dfe49a4b7,/photos/3974229a-8d47-411c-8531-4b3dfe49a4b7/3.webp,3,2026-06-11T20:56:30+00:00
4aeeebb0-9111-4ff0-ae6c-a7f465f18e3b,3974229a-8d47-411c-8531-4b3dfe49a4b7,/photos/3974229a-8d47-411c-8531-4b3dfe49a4b7/4.webp,4,2026-06-11T20:56:30+00:00
b8716f33-9f23-4e4b-834d-202b39b893f6,3974229a-8d47-411c-8531-4b3dfe49a4b7,/photos/3974229a-8d47-411c-8531-4b3dfe49a4b7/5.webp,5,2026-06-11T20:56:30+00:00
a72fb68f-b46f-422a-90dc-3e836533bfa7,3974229a-8d47-411c-8531-4b3dfe49a4b7,/photos/3974229a-8d47-411c-8531-4b3dfe49a4b7/6.webp,6,2026-06-11T20:56:30+00:00
218c49b5-5b16-4658-bbc5-4e3c9a58ab70,3974229a-8d47-411c-8531-4b3dfe49a4b7,/photos/3974229a-8d47-411c-8531-4b3dfe49a4b7/7.webp,7,2026-06-11T20:56:30+00:00
0e67076b-8fe0-4f8c-bea9-29f45a66951a,bddf4cb8-bf67-4652-b95c-8001d01e8065,/photos/bddf4cb8-bf67-4652-b95c-8001d01e8065/0.webp,0,2025-05-11T09:06:29+00:00
7d5eccf2-14df-45c0-b0d5-ab791099af42,bddf4cb8-bf67-4652-b95c-8001d01e8065,/photos/bddf4cb8-bf67-4652-b95c-8001d01e8065/1.webp,1,2025-05-11T09:06:29+00:00
49e2d4e9-8fb0-41dc-9140-efdff3ffafc4,bddf4cb8-bf67-4652-b95c-8001d01e8065,/photos/bddf4cb8-bf67-4652-b95c-8001d01e8065/2.webp,2,2025-05-11T09:06:29+00:00
8ea13c7a-c435-469b-b609-4ca8ab353054,bddf4cb8-bf67-4652-b95c-8001d01e8065,/photos/bddf4cb8-bf67-4652-b95c-8001d01e8065/3.webp,3,2025-05-11T09:06:29+00:00
1bade897-65ef-40a2-b4e5-1a221b49ff4e,bddf4cb8-bf67-4652-b95c-8001d01e8065,/photos/bddf4cb8-bf67-4652-b95c-8001d01e8065/4.webp,4,2025-05-11T09:06:29+00:00
03c1cd4e-2205-4c68-a9cc-823224e742b0,bddf4cb8-bf67-4652-b95c-8001d01e8065,/photos/bddf4cb8-bf67-4652-b95c-8001d01e8065/5.webp,5,2025-05-11T09:06:29+00:00
7f305ba9-ed54-47ce-940d-43860934ce03,bddf4cb8-bf67-4652-b95c-8001d01e8065,/photos/bddf4cb8-bf67-4652-b95c-8001d01e8065/6.webp,6,2025-05-11T09:06:29+00:00
c86092a7-8087-4a19-a2b0-ec99e87ab6b1,bddf4cb8-bf67-4652-b95c-8001d01e8065,/photos/bddf4cb8-bf67-4652-b95c-8001d01e8065/7.webp,7,2025-05-11T09:06:29+00:00
5e44e757-c8bd-49c1-986c-ff9b66f2ae75,bddf4cb8-bf67-4652-b95c-8001d01e8065,/photos/bddf4cb8-bf67-4652-b95c-8001d01e8065/8.webp,8,2025-05-11T09:06:29+00:00
ee2f7731-6f3c-42db-bc1b-921be9b1f15f,bddf4cb8-bf67-4652-b95c-8001d01e8065,/photos/bddf4cb8-bf67-4652-b95c-8001d01e8065/9.webp,9,2025-05-11T09:06:29+00:00
45bb78f4-e159-4f12-9c89-4179320845b4,3c8126b2-8a13-47b9-8cf1-d1404435b80b,/photos/3c8126b2-8a13-47b9-8cf1-d1404435b80b/0.webp,0,2026-08-29T08:44:20+00:00
c2c57b33-75c1-4480-b600-27e0fd7afb83,3c8126b2-8a13-47b9-8cf1-d1404435b80b,/photos/3c8126b2-8a13-47b9-8cf1-d1404435b80b/1.webp,1,2026-08-29T08:44:20+00:00
7c5af202-4d33-4515-b46a-73fd1680b7e9,3c8126b2-8a13-47b9-8cf1-d1404435b80b,/photos/3c8126b2-8a13-47b9-8cf1-d1404435b80b/2.webp,2,2026-08-29T08:44:20+00:00
74a23d7d-2dff-4359-8fdd-c415e27e87d6,3c8126b2-8a13-47b9-8cf1-d1404435b80b,/photos/3c8126b2-8a13-47b9-8cf1-d1404435b80b/3.webp,3,2026-08-29T08:44:20+00:00
405f4a45-9306-47ae-bc22-1fb87bb0e2ff,3c8126b2-8a13-47b9-8cf1-d1404435b80b,/photos/3c8126b2-8a13-47b9-8cf1-d1404435b80b/4.webp,4,2026-08-29T08:44:20+00:00
8ea51585-69f5-454d-bd14-99b8aa2a5e1b,5fe16ef6-878c-411a-a25c-59d2854456a4,/photos/5fe16ef6-878c-411a-a25c-59d2854456a4/0.webp,0,2025-03-03T13:30:23+00:00
a5b7998e-92bc-424d-bb3d-e025b55653f1,5fe16ef6-878c-411a-a25c-59d2854456a4,/photos/5fe16ef6-878c-411a-a25c-59d2854456a4/1.webp,1,2025-03-03T13:30:23+00:00
b03f12a6-9180-4a92-a78c-2884ac301692,5fe16ef6-878c-411a-a25c-59d2854456a4,/photos/5fe16ef6-878c-411a-a25c-59d2854456a4/2.webp,2,2025-03-03T13:30:23+00:00
9daa9b52-41b1-4005-aaf3-5f2f987d535b,5fe16ef6-878c-411a-a25c-59d2854456a4,/photos/5fe16ef6-878c-411a-a25c-59d2854456a4/3.webp,3,2025-03-03T13:30:23+00:00
bccf4698-b16f-4e40-a6a5-419dd34c5d11,462a00bb-b8b7-4a52-9795-84151dab7685,/photos/462a00bb-b8b7-4a52-9795-84151dab7685/0.webp,0,2025-06-17T23:42:05+00:00
7f9ad711-1f1e-46c9-8d5a-846d943a6656,462a00bb-b8b7-4a52-9795-84151dab7685,/photos/462a00bb-b8b7-4a52-9795-84151dab7685/1.webp,1,2025-06-17T23:42:05+00:00
c1c9f808-d42c-46b3-ac72-5df41a16c7ab,462a00bb-b8b7-4a52-9795-84151dab7685,/photos/462a00bb-b8b7-4a52-9795-84151dab7685/2.webp,2,2025-06-17T23:42:05+00:00
f615db44-294d-4392-87de-1e399b29790d,2c82e3cf-c459-4c36-a77c-49cb9a58b91b,/photos/2c82e3cf-c459-4c36-a77c-49cb9a58b91b/0.webp,0,2025-09-22T21:36:42+00:00
2000d5a9-52f0-414b-9a7b-9dcb98b7fa97,2c82e3cf-c459-4c36-a77c-49cb9a58b91b,/photos/2c82e3cf-c459-4c36-a77c-49cb9a58b91b/1.webp,1,2025-09-22T21:36:42+00:00
9f9ea7f3-ee2d-4844-890c-7a5d1a4f15b9,f4a3f3e1-2935-4940-b2a6-c6388214bf59,/photos/f4a3f3e1-2935-4940-b2a6-c6388214bf59/0.webp,0,2024-10-18T00:08:49+00:00
6308b127-49dd-4c09-830b-36d50db15722,e4cb58be-6e31-4d6b-af33-496b6be0b713,/photos/e4cb58be-6e31-4d6b-af33-496b6be0b713/0.webp,0,2026-05-11T20:37:28+00:00
804e920c-165e-4552-a9a5-cf34529b80a3,e4cb58be-6e31-4d6b-af33-496b6be0b713,/photos/e4cb58be-6e31-4d6b-af33-496b6be0b713/1.webp,1,2026-05-11T20:37:28+00:00
a914a450-9a4a-4582-b0f2-d50f3867db1d,e4cb58be-6e31-4d6b-af33-496b6be0b713,/photos/e4cb58be-6e31-4d6b-af33-496b6be0b713/2.webp,2,2026-05-11T20:37:28+00:00
77666f9d-6b05-412c-8285-a3ea1e44ce5f,d923b91a-40c0-438a-b40b-29c7902225b6,/photos/d923b91a-40c0-438a-b40b-29c7902225b6/0.webp,0,2026-08-12T01:05:16+00:00
6f197c13-dd49-4e7c-b919-b079f92f8f92,781273ac-a954-44a0-a834-10a068ce305c,/photos/781273ac-a954-44a0-a834-10a068ce305c/0.webp,0,2026-02-27T11:27:40+00:00
3c287c09-a91a-49be-876a-74630eaf79cf,781273ac-a954-44a0-a834-10a068ce305c,/photos/781273ac-a954-44a0-a834-10a068ce305c/1.webp,1,2026-02-27T11:27:40+00:00
e8dd0afc-b3e2-4191-853b-b7d97e61af9e,781273ac-a954-44a0-a834-10a068ce305c,/photos/781273ac-a954-44a0-a834-10a068ce305c/2.webp,2,2026-02-27T11:27:40+00:00
68c9a67a-aae3-444d-aa09-c675e1f575e2,781273ac-a954-44a0-a834-10a068ce305c,/photos/781273ac-a954-44a0-a834-10a068ce305c/3.webp,3,2026-02-27T11:27:40+00:00
249eedd3-e292-4ad7-a786-cddef80bb56e,34fb6f3e-131b-4425-92b3-bce0d40c4c16,/photos/34fb6f3e-131b-4425-92b3-bce0d40c4c16/0.webp,0,2025-05-02T12:00:49+00:00
c4f82dd3-0e04-40b6-ad31-b43264bddf72,34fb6f3e-131b-4425-92b3-bce0d40c4c16,/photos/34fb6f3e-131b-4425-92b3-bce0d40c4c16/1.webp,1,2025-05-02T12:00:49+00:00
9743e9b4-0bb2-4b63-8ec3-587c8b8f0fd6,34fb6f3e-131b-4425-92b3-bce0d40c4c16,/photos/34fb6f3e-131b-4425-92b3-bce0d40c4c16/2.webp,2,2025-05-02T12:00:49+00:00
503177c4-25d2-4ea4-8304-56b0b914628a,34fb6f3e-131b-4425-92b3-bce0d40c4c16,/photos/34fb6f3e-131b-4425-92b3-bce0d40c4c16/3.webp,3,2025-05-02T12:00:49+00:00
c0b8ce39-21dc-4501-812b-36354fce0c40,34fb6f3e-131b-4425-92b3-bce0d40c4c16,/photos/34fb6f3e-131b-4425-92b3-bce0d40c4c16/4.webp,4,2025-05-02T12:00:49+00:00
32404136-9a15-4564-928e-debc1573fb56,34fb6f3e-131b-4425-92b3-bce0d40c4c16,/photos/34fb6f3e-131b-4425-92b3-bce0d40c4c16/5.webp,5,2025-05-02T12:00:49+00:00
69d23e05-3361-4e27-a589-d49c54dee703,b0d31a09-60e3-4664-87ea-90bd0856b9e0,/photos/b0d31a09-60e3-4664-87ea-90bd0856b9e0/0.webp,0,2025-06-22T13:03:50+00:00
2be1ff8b-b846-4ec9-b1c8-f70cf2cf2749,99e28307-9a8a-4b2b-ab00-675b42077763,/photos/99e28307-9a8a-4b2b-ab00-675b42077763/0.webp,0,2026-08-04T22:27:10+00:00
fdfe75b3-e40a-4087-92de-7ef5bfddd5c9,88b269a7-3a2f-48fd-87df-6dd64d9ec756,/photos/88b269a7-3a2f-48fd-87df-6dd64d9ec756/0.webp,0,2026-08-01T18:46:49+00:00
3a1e607d-eaa3-40d2-9c8a-077731b95e5d,7886a1c6-e579-400a-ad8e-413c34dd4c3f,/photos/7886a1c6-e579-400a-ad8e-413c34dd4c3f/0.webp,0,2025-08-17T06:03:48+00:00
5acb6de8-4ed6-4e24-80d8-cbb6dbb03bcc,7886a1c6-e579-400a-ad8e-413c34dd4c3f,/photos/7886a1c6-e579-400a-ad8e-413c34dd4c3f/1.webp,1,2025-08-17T06:03:48+00:00
a6f1847c-1312-4567-aca1-ccf0b2161967,7886a1c6-e579-400a-ad8e-413c34dd4c3f,/photos/7886a1c6-e579-400a-ad8e-413c34dd4c3f/2.webp,2,2025-08-17T06:03:48+00:00
b90dd3ad-6034-48e2-9f35-74d570824817,7886a1c6-e579-400a-ad8e-413c34dd4c3f,/photos/7886a1c6-e579-400a-ad8e-413c34dd4c3f/3.webp,3,2025-08-17T06:03:48+00:00
54e84bdc-2a92-4330-8e55-75639439558a,7886a1c6-e579-400a-ad8e-413c34dd4c3f,/photos/7886a1c6-e579-400a-ad8e-413c34dd4c3f/4.webp,4,2025-08-17T06:03:48+00:00
5e0d2597-e0ad-49d3-8e8c-3d5d046a0010,7886a1c6-e579-400a-ad8e-413c34dd4c3f,/photos/7886a1c6-e579-400a-ad8e-413c34dd4c3f/5.webp,5,2025-08-17T06:03:48+00:00
f3b09ad9-710d-40e7-99bd-af511023fc23,7886a1c6-e579-400a-ad8e-413c34dd4c3f,/photos/7886a1c6-e579-400a-ad8e-413c34dd4c3f/6.webp,6,2025-08-17T06:03:48+00:00
08996cbf-10ad-4897-a8e9-deb65f409254,7886a1c6-e579-400a-ad8e-413c34dd4c3f,/photos/7886a1c6-e579-400a-ad8e-413c34dd4c3f/7.webp,7,2025-08-17T06:03:48+00:00
f663403c-29d0-4cc8-84e7-aee0980dbf33,a0001900-66de-4652-8e4d-d44bb4753edd,/photos/a0001900-66de-4652-8e4d-d44bb4753edd/0.webp,0,2026-06-24T00:37:51+00:00
0f116699-60c0-4c80-bb4d-6408335c7281,a0001900-66de-4652-8e4d-d44bb4753edd,/photos/a0001900-66de-4652-8e4d-d44bb4753edd/1.webp,1,2026-06-24T00:37:51+00:00
036475c4-ea4e-4b52-afc0-42e87a9a6eca,a0001900-66de-4652-8e4d-d44bb4753edd,/photos/a0001900-66de-4652-8e4d-d44bb4753edd/2.webp,2,2026-06-24T00:37:51+00:00
1781ab65-6da6-4914-9f95-7c4bbdb6423d,1c047f4e-9973-4495-a7b5-14e7591608a0,/photos/1c047f4e-9973-4495-a7b5-14e7591608a0/0.webp,0,2025-06-02T13:56:27+00:00
22796a4d-e990-46c0-95e0-8923e1d11708,1c047f4e-9973-4495-a7b5-14e7591608a0,/photos/1c047f4e-9973-4495-a7b5-14e7591608a0/1.webp,1,2025-06-02T13:56:27+00:00
45d55e8c-41c6-439d-a5ae-c5511e90253a,1c047f4e-9973-4495-a7b5-14e7591608a0,/photos/1c047f4e-9973-4495-a7b5-14e7591608a0/2.webp,2,2025-06-02T13:56:27+00:00
554a6b5b-2867-4a5f-8614-88cf33dd0a5f,1c047f4e-9973-4495-a7b5-14e7591608a0,/photos/1c047f4e-9973-4495-a7b5-14e7591608a0/3.webp,3,2025-06-02T13:56:27+00:00
e5ae1ce5-3b63-44c8-bd9d-b95f0aee5c0b,1c047f4e-9973-4495-a7b5-14e7591608a0,/photos/1c047f4e-9973-4495-a7b5-14e7591608a0/4.webp,4,2025-06-02T13:56:27+00:00
29e9e390-a494-4923-ba7b-9e0a4842ec39,1c047f4e-9973-4495-a7b5-14e7591608a0,/photos/1c047f4e-9973-4495-a7b5-14e7591608a0/5.webp,5,2025-06-02T13:56:27+00:00
0fdab293-fae4-47b3-9007-7266bca6920d,1c047f4e-9973-4495-a7b5-14e7591608a0,/photos/1c047f4e-9973-4495-a7b5-14e7591608a0/6.webp,6,2025-06-02T13:56:27+00:00
e3eb77ee-0def-4159-8729-d45cb494e9f6,1c047f4e-9973-4495-a7b5-14e7591608a0,/photos/1c047f4e-9973-4495-a7b5-14e7591608a0/7.webp,7,2025-06-02T13:56:27+00:00
786d0bad-3696-43da-8f40-15a261d684d5,9f1fc54b-d91d-4a51-932d-cf9051ea98c4,/photos/9f1fc54b-d91d-4a51-932d-cf9051ea98c4/0.webp,0,2025-08-25T09:15:43+00:00
1c41bab8-248e-49bc-97b4-7ba9bae8a212,9f1fc54b-d91d-4a51-932d-cf9051ea98c4,/photos/9f1fc54b-d91d-4a51-932d-cf9051ea98c4/1.webp,1,2025-08-25T09:15:43+00:00
be5c237f-1693-4fe0-aee4-00305394bd9a,9f1fc54b-d91d-4a51-932d-cf9051ea98c4,/photos/9f1fc54b-d91d-4a51-932d-cf9051ea98c4/2.webp,2,2025-08-25T09:15:43+00:00
278b974f-72e5-4fe8-bf13-9655a70d25de,9f1fc54b-d91d-4a51-932d-cf9051ea98c4,/photos/9f1fc54b-d91d-4a51-932d-cf9051ea98c4/3.webp,3,2025-08-25T09:15:43+00:00
473da433-5fd0-4906-84f1-3155d6a8145a,9f1fc54b-d91d-4a51-932d-cf9051ea98c4,/photos/9f1fc54b-d91d-4a51-932d-cf9051ea98c4/4.webp,4,2025-08-25T09:15:43+00:00
b878e7b6-e3c6-4a63-ab83-6535ef1cd8e8,9f1fc54b-d91d-4a51-932d-cf9051ea98c4,/photos/9f1fc54b-d91d-4a51-932d-cf9051ea98c4/5.webp,5,2025-08-25T09:15:43+00:00
18fea405-d4e8-4e2c-b353-22645349db82,d1ccd84a-f24e-44d8-9e1d-ce43fd50e0b3,/photos/d1ccd84a-f24e-44d8-9e1d-ce43fd50e0b3/0.webp,0,2025-02-20T01:07:25+00:00
76296d97-7dc3-45dd-8ed0-dbb5679e7d40,d1ccd84a-f24e-44d8-9e1d-ce43fd50e0b3,/photos/d1ccd84a-f24e-44d8-9e1d-ce43fd50e0b3/1.webp,1,2025-02-20T01:07:25+00:00
782fae9d-942a-4cee-b5f4-185b0b3a1bda,d1ccd84a-f24e-44d8-9e1d-ce43fd50e0b3,/photos/d1ccd84a-f24e-44d8-9e1d-ce43fd50e0b3/2.webp,2,2025-02-20T01:07:25+00:00
15a99f98-e362-41f0-aae6-629ae72fa824,6215594e-6b03-4b1d-9d11-a61dc66f1c76,/photos/6215594e-6b03-4b1d-9d11-a61dc66f1c76/0.webp,0,2025-02-19T16:24:22+00:00
b386b9d1-2d82-4007-98fb-c632d87012ec,6215594e-6b03-4b1d-9d11-a61dc66f1c76,/photos/6215594e-6b03-4b1d-9d11-a61dc66f1c76/1.webp,1,2025-02-19T16:24:22+00:00
25765121-0368-4d19-b660-3f2bfa851b25,e0f852f1-2ce2-4efa-b039-144aa5c4f59b,/photos/e0f852f1-2ce2-4efa-b039-144aa5c4f59b/0.webp,0,2026-08-18T12:24:05+00:00
f3d5dd38-6d49-4301-9764-8c04eee040c4,e0f852f1-2ce2-4efa-b039-144aa5c4f59b,/photos/e0f852f1-2ce2-4efa-b039-144aa5c4f59b/1.webp,1,2026-08-18T12:24:05+00:00
39c9353f-a103-42ef-9c29-df235cf77197,6b4ee0d6-885c-496f-ae44-dbe862504b07,/photos/6b4ee0d6-885c-496f-ae44-dbe862504b07/0.webp,0,2026-08-11T11:02:34+00:00
a497d76a-46c6-4063-97c8-074c63e106ac,6b4ee0d6-885c-496f-ae44-dbe862504b07,/photos/6b4ee0d6-885c-496f-ae44-dbe862504b07/1.webp,1,2026-08-11T11:02:34+00:00
37b47094-4d1f-4bd4-a650-5ada8638f1d9,6b4ee0d6-885c-496f-ae44-dbe862504b07,/photos/6b4ee0d6-885c-496f-ae44-dbe862504b07/2.webp,2,2026-08-11T11:02:34+00:00
94a02bc1-21ee-487c-87ce-ea12312108e7,6b4ee0d6-885c-496f-ae44-dbe862504b07,/photos/6b4ee0d6-885c-496f-ae44-dbe862504b07/3.webp,3,2026-08-11T11:02:34+00:00
cf669acf-1676-4e0c-b41b-35ebf1b6dfe4,6b4ee0d6-885c-496f-ae44-dbe862504b07,/photos/6b4ee0d6-885c-496f-ae44-dbe862504b07/4.webp,4,2026-08-11T11:02:34+00:00
9ec78347-d6bb-46c5-9b0e-5d9826cd6a21,6b4ee0d6-885c-496f-ae44-dbe862504b07,/photos/6b4ee0d6-885c-496f-ae44-dbe862504b07/5.webp,5,2026-08-11T11:02:34+00:00
1cdf4220-b6fd-4418-a702-c214ef60d456,6b4ee0d6-885c-496f-ae44-dbe862504b07,/photos/6b4ee0d6-885c-496f-ae44-dbe862504b07/6.webp,6,2026-08-11T11:02:34+00:00
d7417cf6-8bf6-4e6a-a452-70a476f235a4,4615ad2d-f997-4c08-b039-d147c690cb3d,/photos/4615ad2d-f997-4c08-b039-d147c690cb3d/0.webp,0,2025-08-22T22:46:07+00:00
af1ffaf6-e216-4a19-9bff-498519e91035,4615ad2d-f997-4c08-b039-d147c690cb3d,/photos/4615ad2d-f997-4c08-b039-d147c690cb3d/1.webp,1,2025-08-22T22:46:07+00:00
2a3e117d-d2bd-4cfe-8001-106b216faebd,4615ad2d-f997-4c08-b039-d147c690cb3d,/photos/4615ad2d-f997-4c08-b039-d147c690cb3d/2.webp,2,2025-08-22T22:46:07+00:00
6990b432-082e-43e6-8c53-25bc4ef19aa4,4615ad2d-f997-4c08-b039-d147c690cb3d,/photos/4615ad2d-f997-4c08-b039-d147c690cb3d/3.webp,3,2025-08-22T22:46:07+00:00
f4530924-cd50-4fda-af4e-575676c72e5e,4615ad2d-f997-4c08-b039-d147c690cb3d,/photos/4615ad2d-f997-4c08-b039-d147c690cb3d/4.webp,4,2025-08-22T22:46:07+00:00
87d937df-bc0f-4c50-814f-9a7ed4f82f96,78c62964-a2b2-4f5b-b0b8-339fe0291260,/photos/78c62964-a2b2-4f5b-b0b8-339fe0291260/0.webp,0,2025-05-16T10:18:34+00:00
332c1a80-9029-4cc6-889e-7c14405e80fb,78c62964-a2b2-4f5b-b0b8-339fe0291260,/photos/78c62964-a2b2-4f5b-b0b8-339fe0291260/1.webp,1,2025-05-16T10:18:34+00:00
631c0794-ff1c-4ab8-904b-887d1df51b21,dfb31c2b-ce28-4550-802c-66bfc2b42f83,/photos/dfb31c2b-ce28-4550-802c-66bfc2b42f83/0.webp,0,2025-08-02T20:11:21+00:00
477dfce3-3054-4f27-85fe-95a30f4d9d8d,dfb31c2b-ce28-4550-802c-66bfc2b42f83,/photos/dfb31c2b-ce28-4550-802c-66bfc2b42f83/1.webp,1,2025-08-02T20:11:21+00:00
e650da45-d5a2-43bf-b01d-cdd762fb9f18,dfb31c2b-ce28-4550-802c-66bfc2b42f83,/photos/dfb31c2b-ce28-4550-802c-66bfc2b42f83/2.webp,2,2025-08-02T20:11:21+00:00
fc576f8a-af27-4d44-a829-1ee613f1f8e7,dfb31c2b-ce28-4550-802c-66bfc2b42f83,/photos/dfb31c2b-ce28-4550-802c-66bfc2b42f83/3.webp,3,2025-08-02T20:11:21+00:00
f6ee9a06-dc7f-4e68-bc9c-919eeb8c2b49,dfb31c2b-ce28-4550-802c-66bfc2b42f83,/photos/dfb31c2b-ce28-4550-802c-66bfc2b42f83/4.webp,4,2025-08-02T20:11:21+00:00
59de88b5-d62b-474f-a862-87fe71a7f5aa,3bf26546-854a-49e0-a0d1-a61c966ab126,/photos/3bf26546-854a-49e0-a0d1-a61c966ab126/0.webp,0,2026-07-26T07:15:02+00:00
75894878-098b-4ac6-8871-f812e54cf077,3bf26546-854a-49e0-a0d1-a61c966ab126,/photos/3bf26546-854a-49e0-a0d1-a61c966ab126/1.webp,1,2026-07-26T07:15:02+00:00
402a2218-badc-4872-9f20-da9bd9007f8d,3bf26546-854a-49e0-a0d1-a61c966ab126,/photos/3bf26546-854a-49e0-a0d1-a61c966ab126/2.webp,2,2026-07-26T07:15:02+00:00
ce200485-b63e-4ac8-af65-1ec5be9b3d82,3bf26546-854a-49e0-a0d1-a61c966ab126,/photos/3bf26546-854a-49e0-a0d1-a61c966ab126/3.webp,3,2026-07-26T07:15:02+00:00
fe87c9ee-9a7f-4ed3-96ff-07b715cf820d,ad376ae1-10dd-4574-a97a-54be5ca1c9bd,/photos/ad376ae1-10dd-4574-a97a-54be5ca1c9bd/0.webp,0,2026-06-03T13:46:11+00:00
074ef622-62fd-4a1d-a3ac-d4612c9e16b0,ad376ae1-10dd-4574-a97a-54be5ca1c9bd,/photos/ad376ae1-10dd-4574-a97a-54be5ca1c9bd/1.webp,1,2026-06-03T13:46:11+00:00
ba57df58-9598-4ca7-81b6-e7bd56666a33,ad376ae1-10dd-4574-a97a-54be5ca1c9bd,/photos/ad376ae1-10dd-4574-a97a-54be5ca1c9bd/2.webp,2,2026-06-03T13:46:11+00:00
8135bfb9-c5e1-45df-a93a-32822b6849be,dd1db42e-8873-420f-9f0b-4006f6622ba3,/photos/dd1db42e-8873-420f-9f0b-4006f6622ba3/0.webp,0,2026-04-24T05:11:49+00:00
104fb818-c279-4c7f-9f46-3bc8e532c005,dd1db42e-8873-420f-9f0b-4006f6622ba3,/photos/dd1db42e-8873-420f-9f0b-4006f6622ba3/1.webp,1,2026-04-24T05:11:49+00:00
aeef1664-6c4d-4471-8a0d-feb1961aeccb,dd1db42e-8873-420f-9f0b-4006f6622ba3,/photos/dd1db42e-8873-420f-9f0b-4006f6622ba3/2.webp,2,2026-04-24T05:11:49+00:00
1602428e-5f67-48f8-8318-c6a05a2ad708,dd1db42e-8873-420f-9f0b-4006f6622ba3,/photos/dd1db42e-8873-420f-9f0b-4006f6622ba3/3.webp,3,2026-04-24T05:11:49+00:00
db19892a-ee97-4843-8333-5a06d95f6b25,8fa6abfc-d3ab-4378-92c3-c6495a544c9f,/photos/8fa6abfc-d3ab-4378-92c3-c6495a544c9f/0.webp,0,2026-06-30T06:28:36+00:00
342a8c21-0730-4b82-b623-4b9c94d0b45e,8fa6abfc-d3ab-4378-92c3-c6495a544c9f,/photos/8fa6abfc-d3ab-4378-92c3-c6495a544c9f/1.webp,1,2026-06-30T06:28:36+00:00
ec757eac-9e76-4154-9da5-9c22e7165bd8,8fa6abfc-d3ab-4378-92c3-c6495a544c9f,/photos/8fa6abfc-d3ab-4378-92c3-c6495a544c9f/2.webp,2,2026-06-30T06:28:36+00:00
91011491-504d-4b8a-858f-83f73674741f,8fa6abfc-d3ab-4378-92c3-c6495a544c9f,/photos/8fa6abfc-d3ab-4378-92c3-c6495a544c9f/3.webp,3,2026-06-30T06:28:36+00:00
b7cf63d7-2b01-41c6-90d7-a786ae68f303,f4ef061d-65d9-4d85-ae4f-5658969c184e,/photos/f4ef061d-65d9-4d85-ae4f-5658969c184e/0.webp,0,2025-06-14T05:57:20+00:00
e9fa2945-5860-4fb0-b6a1-7ea8f38afebf,f4ef061d-65d9-4d85-ae4f-5658969c184e,/photos/f4ef061d-65d9-4d85-ae4f-5658969c184e/1.webp,1,2025-06-14T05:57:20+00:00
1bee598a-8d4c-4572-ac0e-d094156e55d0,777fcade-669e-4994-a5c0-5ce1281f92d1,/photos/777fcade-669e-4994-a5c0-5ce1281f92d1/0.webp,0,2026-01-24T14:18:53+00:00
dd55fa38-74aa-434e-bd6b-6346c73b8d99,777fcade-669e-4994-a5c0-5ce1281f92d1,/photos/777fcade-669e-4994-a5c0-5ce1281f92d1/1.webp,1,2026-01-24T14:18:53+00:00
513e4270-3d18-4775-911e-03744a7918ac,e5646805-8b58-489e-b1a4-88ae429d3e93,/photos/e5646805-8b58-489e-b1a4-88ae429d3e93/0.webp,0,2026-07-17T13:42:43+00:00
94055ff4-9f4a-4bfc-8f8e-da74c3e17236,e5646805-8b58-489e-b1a4-88ae429d3e93,/photos/e5646805-8b58-489e-b1a4-88ae429d3e93/1.webp,1,2026-07-17T13:42:43+00:00
7410f706-50f1-41f0-8558-b3c17b33c7bb,6df2bc49-30f5-44df-bfa6-d5eabda16ed2,/photos/6df2bc49-30f5-44df-bfa6-d5eabda16ed2/0.webp,0,2025-06-12T08:59:26+00:00
e3ea288b-74f7-4f2d-8db6-0a45bd1b8bf4,6df2bc49-30f5-44df-bfa6-d5eabda16ed2,/photos/6df2bc49-30f5-44df-bfa6-d5eabda16ed2/1.webp,1,2025-06-12T08:59:26+00:00
fb6ca64a-daad-4409-ac4f-3ef786f6def6,6df2bc49-30f5-44df-bfa6-d5eabda16ed2,/photos/6df2bc49-30f5-44df-bfa6-d5eabda16ed2/2.webp,2,2025-06-12T08:59:26+00:00
da32ca0e-3b63-4b90-bb3d-1ec8333cdc3d,6df2bc49-30f5-44df-bfa6-d5eabda16ed2,/photos/6df2bc49-30f5-44df-bfa6-d5eabda16ed2/3.webp,3,2025-06-12T08:59:26+00:00
c62d599f-56dc-4986-8bd1-3cb07e5a3ea7,6df2bc49-30f5-44df-bfa6-d5eabda16ed2,/photos/6df2bc49-30f5-44df-bfa6-d5eabda16ed2/4.webp,4,2025-06-12T08:59:26+00:00
39e46748-d87a-4e5a-86de-104a57c8bcea,8f0324f5-8367-4393-a23b-af38200f9105,/photos/8f0324f5-8367-4393-a23b-af38200f9105/0.webp,0,2026-05-26T23:57:31+00:00
217a15b9-09f7-4ce9-841f-fe9eebc0982a,8f0324f5-8367-4393-a23b-af38200f9105,/photos/8f0324f5-8367-4393-a23b-af38200f9105/1.webp,1,2026-05-26T23:57:31+00:00
191d4317-720d-440e-9b56-85915432bcdc,8f0324f5-8367-4393-a23b-af38200f9105,/photos/8f0324f5-8367-4393-a23b-af38200f9105/2.webp,2,2026-05-26T23:57:31+00:00
05187d63-f8ae-4ac7-9cda-74f630e65898,8f0324f5-8367-4393-a23b-af38200f9105,/photos/8f0324f5-8367-4393-a23b-af38200f9105/3.webp,3,2026-05-26T23:57:31+00:00
9edb7a6a-0240-4d74-944f-bb53d41cb894,8f0324f5-8367-4393-a23b-af38200f9105,/photos/8f0324f5-8367-4393-a23b-af38200f9105/4.webp,4,2026-05-26T23:57:31+00:00
f33069f0-83ed-43a3-b3ed-67c4ee343029,8f0324f5-8367-4393-a23b-af38200f9105,/photos/8f0324f5-8367-4393-a23b-af38200f9105/5.webp,5,2026-05-26T23:57:31+00:00
210c45dd-bcac-426b-9f66-1d5008d48be5,3b474677-507d-4dd5-b24c-8595e456806e,/photos/3b474677-507d-4dd5-b24c-8595e456806e/0.webp,0,2026-06-21T17:26:51+00:00
6cf9cc55-f62d-44a1-ac28-25992b0bc84d,3b474677-507d-4dd5-b24c-8595e456806e,/photos/3b474677-507d-4dd5-b24c-8595e456806e/1.webp,1,2026-06-21T17:26:51+00:00
dc63eab1-532f-486b-b55c-d9afa6a13eaf,3b474677-507d-4dd5-b24c-8595e456806e,/photos/3b474677-507d-4dd5-b24c-8595e456806e/2.webp,2,2026-06-21T17:26:51+00:00
4d4514c7-70b8-4947-ae9f-5b44904bdbde,b0c48a01-cf72-40e9-93b7-871fea49c92c,/photos/b0c48a01-cf72-40e9-93b7-871fea49c92c/0.webp,0,2026-08-30T02:04:52+00:00
f4b694b2-8d4a-4198-968a-43b5e5fddf1e,b0c48a01-cf72-40e9-93b7-871fea49c92c,/photos/b0c48a01-cf72-40e9-93b7-871fea49c92c/1.webp,1,2026-08-30T02:04:52+00:00
678fe58b-af2a-492a-9d00-693203a3af37,b0c48a01-cf72-40e9-93b7-871fea49c92c,/photos/b0c48a01-cf72-40e9-93b7-871fea49c92c/2.webp,2,2026-08-30T02:04:52+00:00
7b650b14-d0e7-414f-acf3-83c32c448205,7a955753-58f4-43a3-bf76-2d736fc55a2c,/photos/7a955753-58f4-43a3-bf76-2d736fc55a2c/0.webp,0,2026-05-27T04:57:56+00:00
78c94efc-509b-41b9-ba4b-4ddcf362c8ab,7a955753-58f4-43a3-bf76-2d736fc55a2c,/photos/7a955753-58f4-43a3-bf76-2d736fc55a2c/1.webp,1,2026-05-27T04:57:56+00:00
f2f9ede4-fb78-45a5-a7cc-d6879cd2de09,7a955753-58f4-43a3-bf76-2d736fc55a2c,/photos/7a955753-58f4-43a3-bf76-2d736fc55a2c/2.webp,2,2026-05-27T04:57:56+00:00
480fb4e7-c77d-4d2b-958b-6df98420e6d4,635cf8f9-c92a-4f45-b0d5-71868a6a6900,/photos/635cf8f9-c92a-4f45-b0d5-71868a6a6900/0.webp,0,2026-08-26T07:45:17+00:00
6d0aa14e-119c-4059-b9d7-d4c42fa3b7a9,635cf8f9-c92a-4f45-b0d5-71868a6a6900,/photos/635cf8f9-c92a-4f45-b0d5-71868a6a6900/1.webp,1,2026-08-26T07:45:17+00:00
80b2dd11-b23c-4326-a5d6-75fa96d577f2,635cf8f9-c92a-4f45-b0d5-71868a6a6900,/photos/635cf8f9-c92a-4f45-b0d5-71868a6a6900/2.webp,2,2026-08-26T07:45:17+00:00
3792238f-71d1-4a93-84e6-7ad3da750613,635cf8f9-c92a-4f45-b0d5-71868a6a6900,/photos/635cf8f9-c92a-4f45-b0d5-71868a6a6900/3.webp,3,2026-08-26T07:45:17+00:00
06e5925d-6a80-4f66-869b-24733c7ed86e,635cf8f9-c92a-4f45-b0d5-71868a6a6900,/photos/635cf8f9-c92a-4f45-b0d5-71868a6a6900/4.webp,4,2026-08-26T07:45:17+00:00
a81e9310-e8b3-4e15-8178-2044f4fd36ff,635cf8f9-c92a-4f45-b0d5-71868a6a6900,/photos/635cf8f9-c92a-4f45-b0d5-71868a6a6900/5.webp,5,2026-08-26T07:45:17+00:00
70d71337-a9eb-491b-b04f-dd48fda6ca4a,9f351a58-20c0-483a-9640-f10d45e5e9f7,/photos/9f351a58-20c0-483a-9640-f10d45e5e9f7/0.webp,0,2026-06-30T11:18:43+00:00
e645ff85-5471-409d-85e5-22cf9764f8c5,9f351a58-20c0-483a-9640-f10d45e5e9f7,/photos/9f351a58-20c0-483a-9640-f10d45e5e9f7/1.webp,1,2026-06-30T11:18:43+00:00
2e1eefef-605e-4ce7-a05c-972ad7309dd4,9f351a58-20c0-483a-9640-f10d45e5e9f7,/photos/9f351a58-20c0-483a-9640-f10d45e5e9f7/2.webp,2,2026-06-30T11:18:43+00:00
e67b0134-001e-4a4e-a641-9247bef2e5c3,9f351a58-20c0-483a-9640-f10d45e5e9f7,/photos/9f351a58-20c0-483a-9640-f10d45e5e9f7/3.webp,3,2026-06-30T11:18:43+00:00
b90e8255-7b04-44f5-858f-28ff693de94d,9f351a58-20c0-483a-9640-f10d45e5e9f7,/photos/9f351a58-20c0-483a-9640-f10d45e5e9f7/4.webp,4,2026-06-30T11:18:43+00:00
74279ec5-52f0-4dca-b441-bffa1f597784,9f351a58-20c0-483a-9640-f10d45e5e9f7,/photos/9f351a58-20c0-483a-9640-f10d45e5e9f7/5.webp,5,2026-06-30T11:18:43+00:00
81003a86-ec8f-4de3-8a65-5ef726c90741,9f351a58-20c0-483a-9640-f10d45e5e9f7,/photos/9f351a58-20c0-483a-9640-f10d45e5e9f7/6.webp,6,2026-06-30T11:18:43+00:00
839dd25c-5c35-42cf-8a0c-d8a9fb6bf981,9f351a58-20c0-483a-9640-f10d45e5e9f7,/photos/9f351a58-20c0-483a-9640-f10d45e5e9f7/7.webp,7,2026-06-30T11:18:43+00:00
845e62d9-3971-42f0-9994-65edae583c24,9f351a58-20c0-483a-9640-f10d45e5e9f7,/photos/9f351a58-20c0-483a-9640-f10d45e5e9f7/8.webp,8,2026-06-30T11:18:43+00:00
7c1c5704-751c-4184-a8c5-68f5d669639d,6177c052-8448-486e-8f08-d0d6f9596efb,/photos/6177c052-8448-486e-8f08-d0d6f9596efb/0.webp,0,2025-03-09T11:39:02+00:00
a7c4e15c-9aa6-426d-9478-18af716ada50,6177c052-8448-486e-8f08-d0d6f9596efb,/photos/6177c052-8448-486e-8f08-d0d6f9596efb/1.webp,1,2025-03-09T11:39:02+00:00
a75eb470-e792-4482-9cf6-833a862a5e25,6177c052-8448-486e-8f08-d0d6f9596efb,/photos/6177c052-8448-486e-8f08-d0d6f9596efb/2.webp,2,2025-03-09T11:39:02+00:00
55a2bc4a-4f65-4888-b2ba-a1dcee3e58b4,6177c052-8448-486e-8f08-d0d6f9596efb,/photos/6177c052-8448-486e-8f08-d0d6f9596efb/3.webp,3,2025-03-09T11:39:02+00:00
f000c98f-1f62-4aa2-af32-a5c4c758b5fc,6177c052-8448-486e-8f08-d0d6f9596efb,/photos/6177c052-8448-486e-8f08-d0d6f9596efb/4.webp,4,2025-03-09T11:39:02+00:00
ca3ae5c5-ff34-4906-ad21-19e2c3593895,6177c052-8448-486e-8f08-d0d6f9596efb,/photos/6177c052-8448-486e-8f08-d0d6f9596efb/5.webp,5,2025-03-09T11:39:02+00:00
f289505b-dd5a-449c-a208-7b927d0c2a56,a5e8b4f4-b588-4deb-97f8-c94d273f7fd6,/photos/a5e8b4f4-b588-4deb-97f8-c94d273f7fd6/0.webp,0,2025-05-03T14:57:35+00:00
8e8b1dab-2d25-4c59-b9a3-6f61965e168a,a5e8b4f4-b588-4deb-97f8-c94d273f7fd6,/photos/a5e8b4f4-b588-4deb-97f8-c94d273f7fd6/1.webp,1,2025-05-03T14:57:35+00:00
ec6f2f99-00a6-4811-857a-db27eb5ef28d,a5e8b4f4-b588-4deb-97f8-c94d273f7fd6,/photos/a5e8b4f4-b588-4deb-97f8-c94d273f7fd6/2.webp,2,2025-05-03T14:57:35+00:00
b24425b9-6519-4c3c-aebc-2a62b15be34a,502d088a-6c9c-4992-948e-48a6f24d9d7d,/photos/502d088a-6c9c-4992-948e-48a6f24d9d7d/0.webp,0,2026-08-04T16:36:01+00:00
37be630f-49e3-4691-aaf9-7f0d104d226b,502d088a-6c9c-4992-948e-48a6f24d9d7d,/photos/502d088a-6c9c-4992-948e-48a6f24d9d7d/1.webp,1,2026-08-04T16:36:01+00:00
1bff9afc-f83a-45e2-94e7-b2dc7e4d09d6,883b5ea8-946f-465d-8564-18d51dd30bad,/photos/883b5ea8-946f-465d-8564-18d51dd30bad/0.webp,0,2026-08-17T08:48:26+00:00
68b44434-4571-4ff0-938e-7aa883ad8ba8,883b5ea8-946f-465d-8564-18d51dd30bad,/photos/883b5ea8-946f-465d-8564-18d51dd30bad/1.webp,1,2026-08-17T08:48:26+00:00
8b2dc58a-e668-4743-bcc3-df2c45921210,883b5ea8-946f-465d-8564-18d51dd30bad,/photos/883b5ea8-946f-465d-8564-18d51dd30bad/2.webp,2,2026-08-17T08:48:26+00:00
33fd8cfa-7c91-47cd-a963-d667a46e8453,883b5ea8-946f-465d-8564-18d51dd30bad,/photos/883b5ea8-946f-465d-8564-18d51dd30bad/3.webp,3,2026-08-17T08:48:26+00:00
5f56cf00-ae9f-4a34-80bf-b8655e8f22df,92347fa1-c88b-47c6-bcbd-9daece3c129e,/photos/92347fa1-c88b-47c6-bcbd-9daece3c129e/0.webp,0,2026-05-28T03:38:33+00:00
937d1e13-c4e0-4ba7-af83-91e6cb34b6a8,92347fa1-c88b-47c6-bcbd-9daece3c129e,/photos/92347fa1-c88b-47c6-bcbd-9daece3c129e/1.webp,1,2026-05-28T03:38:33+00:00
d4ed73b0-505d-4b54-880d-15843dec7291,a9e0141c-dbb3-4a36-8571-266730ce145b,/photos/a9e0141c-dbb3-4a36-8571-266730ce145b/0.webp,0,2025-04-06T06:13:45+00:00
e8e99f58-988e-4819-8509-e933b0bf3c17,a9e0141c-dbb3-4a36-8571-266730ce145b,/photos/a9e0141c-dbb3-4a36-8571-266730ce145b/1.webp,1,2025-04-06T06:13:45+00:00
adee3a59-e94a-4106-8d5d-824896cea031,bce5f912-8da2-478c-b75c-51f3a5696874,/photos/bce5f912-8da2-478c-b75c-51f3a5696874/0.webp,0,2025-04-02T17:08:24+00:00
91edbf8c-5e5b-4f2b-bf8d-e533ecae4148,bce5f912-8da2-478c-b75c-51f3a5696874,/photos/bce5f912-8da2-478c-b75c-51f3a5696874/1.webp,1,2025-04-02T17:08:24+00:00
b919a5f6-f486-495e-bd27-1d576079888a,bce5f912-8da2-478c-b75c-51f3a5696874,/photos/bce5f912-8da2-478c-b75c-51f3a5696874/2.webp,2,2025-04-02T17:08:24+00:00
4dab93d3-737f-4cf0-8a40-6e2349f286d4,bce5f912-8da2-478c-b75c-51f3a5696874,/photos/bce5f912-8da2-478c-b75c-51f3a5696874/3.webp,3,2025-04-02T17:08:24+00:00
823b4b3b-be15-44a5-9116-8e0417ac79cd,bce5f912-8da2-478c-b75c-51f3a5696874,/photos/bce5f912-8da2-478c-b75c-51f3a5696874/4.webp,4,2025-04-02T17:08:24+00:00
e169fd7d-6b4c-4ba4-8a09-c94fa4b5c87f,bce5f912-8da2-478c-b75c-51f3a5696874,/photos/bce5f912-8da2-478c-b75c-51f3a5696874/5.webp,5,2025-04-02T17:08:24+00:00
b9f0281b-fbe6-4cce-bc8a-cf81753d0118,2251f4f1-ebeb-49af-a625-098151ae2abf,/photos/2251f4f1-ebeb-49af-a625-098151ae2abf/0.webp,0,2026-05-12T09:54:54+00:00
a3314459-3b9a-4ee8-ae3f-56cabcc735f0,2251f4f1-ebeb-49af-a625-098151ae2abf,/photos/2251f4f1-ebeb-49af-a625-098151ae2abf/1.webp,1,2026-05-12T09:54:54+00:00
1e071eac-78a6-412c-94aa-80cc37250da7,2251f4f1-ebeb-49af-a625-098151ae2abf,/photos/2251f4f1-ebeb-49af-a625-098151ae2abf/2.webp,2,2026-05-12T09:54:54+00:00
7e571116-5b70-46d5-8d16-b165463049d0,2251f4f1-ebeb-49af-a625-098151ae2abf,/photos/2251f4f1-ebeb-49af-a625-098151ae2abf/3.webp,3,2026-05-12T09:54:54+00:00
97f2ac85-c74e-45fd-9cfb-c769314f5017,2251f4f1-ebeb-49af-a625-098151ae2abf,/photos/2251f4f1-ebeb-49af-a625-098151ae2abf/4.webp,4,2026-05-12T09:54:54+00:00
851c5d64-1e63-4cb7-a93b-3a9bda97d988,2251f4f1-ebeb-49af-a625-098151ae2abf,/photos/2251f4f1-ebeb-49af-a625-098151ae2abf/5.webp,5,2026-05-12T09:54:54+00:00
380b21c3-faf4-4ded-a8cb-b9c05a646120,2251f4f1-ebeb-49af-a625-098151ae2abf,/photos/2251f4f1-ebeb-49af-a625-098151ae2abf/6.webp,6,2026-05-12T09:54:54+00:00
7b8a3706-5073-47fb-a1a1-f4a5ff79d724,2251f4f1-ebeb-49af-a625-098151ae2abf,/photos/2251f4f1-ebeb-49af-a625-098151ae2abf/7.webp,7,2026-05-12T09:54:54+00:00
f9bc4d0e-e2ec-4546-869a-bb1b50e56f0a,2251f4f1-ebeb-49af-a625-098151ae2abf,/photos/2251f4f1-ebeb-49af-a625-098151ae2abf/8.webp,8,2026-05-12T09:54:54+00:00
9702e7dc-beb1-4696-8105-e7deb519bcf3,2251f4f1-ebeb-49af-a625-098151ae2abf,/photos/2251f4f1-ebeb-49af-a625-098151ae2abf/9.webp,9,2026-05-12T09:54:54+00:00
8156c272-2eaf-4940-95d7-3a00d382a83a,e1bdb88c-ea73-457e-b1d2-470975552e6f,/photos/e1bdb88c-ea73-457e-b1d2-470975552e6f/0.webp,0,2025-05-16T17:40:38+00:00
4bd9cfff-f450-483f-ae86-19e5695d8a79,e1bdb88c-ea73-457e-b1d2-470975552e6f,/photos/e1bdb88c-ea73-457e-b1d2-470975552e6f/1.webp,1,2025-05-16T17:40:38+00:00
ba044bcd-3040-4fca-958c-f28d0f9a39c7,e1bdb88c-ea73-457e-b1d2-470975552e6f,/photos/e1bdb88c-ea73-457e-b1d2-470975552e6f/2.webp,2,2025-05-16T17:40:38+00:00
e0b3818a-6917-4e5e-a8e4-dc04d9ae314a,e1bdb88c-ea73-457e-b1d2-470975552e6f,/photos/e1bdb88c-ea73-457e-b1d2-470975552e6f/3.webp,3,2025-05-16T17:40:38+00:00
469a038a-d2d1-4c74-902b-78c625db02ba,199647d8-0522-41da-b006-85769c6e660f,/photos/199647d8-0522-41da-b006-85769c6e660f/0.webp,0,2024-11-24T06:40:07+00:00
f6a731ec-1dc8-4897-9f5f-bc7146898dcd,199647d8-0522-41da-b006-85769c6e660f,/photos/199647d8-0522-41da-b006-85769c6e660f/1.webp,1,2024-11-24T06:40:07+00:00
2022084f-40c3-479d-9f8d-359c997e4480,199647d8-0522-41da-b006-85769c6e660f,/photos/199647d8-0522-41da-b006-85769c6e660f/2.webp,2,2024-11-24T06:40:07+00:00
49be9396-970e-4ae9-bbb5-8acfe134a628,9a9f7d77-7db2-4fd4-91de-c78f6932ca4f,/photos/9a9f7d77-7db2-4fd4-91de-c78f6932ca4f/0.webp,0,2026-05-18T03:48:56+00:00
6ccd5f2b-055c-4007-9306-69cd424d7c52,9a9f7d77-7db2-4fd4-91de-c78f6932ca4f,/photos/9a9f7d77-7db2-4fd4-91de-c78f6932ca4f/1.webp,1,2026-05-18T03:48:56+00:00
97aaa65d-ffe3-4d75-a3a5-177dbeb27595,81da6073-3278-480b-b86f-50eee25b9b7b,/photos/81da6073-3278-480b-b86f-50eee25b9b7b/0.webp,0,2026-08-25T19:47:04+00:00
9934a309-ad79-4d50-b026-dad0e981f3cb,81da6073-3278-480b-b86f-50eee25b9b7b,/photos/81da6073-3278-480b-b86f-50eee25b9b7b/1.webp,1,2026-08-25T19:47:04+00:00
d12ab00a-3059-45e5-b905-b305ea2f4888,81da6073-3278-480b-b86f-50eee25b9b7b,/photos/81da6073-3278-480b-b86f-50eee25b9b7b/2.webp,2,2026-08-25T19:47:04+00:00
56282a3f-af0a-4b2d-92b0-6713d20ce0a5,81da6073-3278-480b-b86f-50eee25b9b7b,/photos/81da6073-3278-480b-b86f-50eee25b9b7b/3.webp,3,2026-08-25T19:47:04+00:00
a5114767-dff9-46a3-a872-d7ea16445755,d5ebe77f-ef60-460e-a06e-f8d466941e3c,/photos/d5ebe77f-ef60-460e-a06e-f8d466941e3c/0.webp,0,2025-06-15T12:52:52+00:00
742918bb-709a-436a-9231-ee6a70787a20,d5ebe77f-ef60-460e-a06e-f8d466941e3c,/photos/d5ebe77f-ef60-460e-a06e-f8d466941e3c/1.webp,1,2025-06-15T12:52:52+00:00
eb7d9d5b-673b-4397-aad3-b4c8e0fa4cb4,d5ebe77f-ef60-460e-a06e-f8d466941e3c,/photos/d5ebe77f-ef60-460e-a06e-f8d466941e3c/2.webp,2,2025-06-15T12:52:52+00:00
c2e8c43f-4a7c-4790-a7f9-987987fd9ba9,d5ebe77f-ef60-460e-a06e-f8d466941e3c,/photos/d5ebe77f-ef60-460e-a06e-f8d466941e3c/3.webp,3,2025-06-15T12:52:52+00:00
9a97b9f8-bd41-45d7-9db1-2b05413b78e1,a0460f3f-49bd-47df-9d5e-91ee59c20c8a,/photos/a0460f3f-49bd-47df-9d5e-91ee59c20c8a/0.webp,0,2025-04-20T20:43:59+00:00
b0769176-cd70-4a85-ac01-61a83c43386e,a0460f3f-49bd-47df-9d5e-91ee59c20c8a,/photos/a0460f3f-49bd-47df-9d5e-91ee59c20c8a/1.webp,1,2025-04-20T20:43:59+00:00
e8f04556-0997-4140-962b-ffcf8f2db827,a0460f3f-49bd-47df-9d5e-91ee59c20c8a,/photos/a0460f3f-49bd-47df-9d5e-91ee59c20c8a/2.webp,2,2025-04-20T20:43:59+00:00
bd2ffa1e-438b-40e6-ba3c-b010c55d7830,a0460f3f-49bd-47df-9d5e-91ee59c20c8a,/photos/a0460f3f-49bd-47df-9d5e-91ee59c20c8a/3.webp,3,2025-04-20T20:43:59+00:00
9a77c96d-ffd7-4927-a94b-9aa6c78c68bf,a0460f3f-49bd-47df-9d5e-91ee59c20c8a,/photos/a0460f3f-49bd-47df-9d5e-91ee59c20c8a/4.webp,4,2025-04-20T20:43:59+00:00
7300a9ba-699b-4481-9a97-d02bc1be7705,a5b34f8b-9517-4492-8f91-c908f68e86d3,/photos/a5b34f8b-9517-4492-8f91-c908f68e86d3/0.webp,0,2026-08-11T08:09:35+00:00
375f6a3a-cef5-4203-9d4a-e4c2dae1a9d6,a5b34f8b-9517-4492-8f91-c908f68e86d3,/photos/a5b34f8b-9517-4492-8f91-c908f68e86d3/1.webp,1,2026-08-11T08:09:35+00:00
cb37939a-d407-4fb2-b647-35245cc3668e,6f1787d8-f2b4-44ac-90e3-989421accb78,/photos/6f1787d8-f2b4-44ac-90e3-989421accb78/0.webp,0,2025-04-05T15:39:04+00:00
654629cd-c76b-4000-aa66-b3068c7f31ce,6f1787d8-f2b4-44ac-90e3-989421accb78,/photos/6f1787d8-f2b4-44ac-90e3-989421accb78/1.webp,1,2025-04-05T15:39:04+00:00
4f412e7f-b87d-4670-93f0-6dc43ba5fba5,6f1787d8-f2b4-44ac-90e3-989421accb78,/photos/6f1787d8-f2b4-44ac-90e3-989421accb78/2.webp,2,2025-04-05T15:39:04+00:00
f9b73720-d653-4a76-bfe4-0e9e5dc3f77a,6f1787d8-f2b4-44ac-90e3-989421accb78,/photos/6f1787d8-f2b4-44ac-90e3-989421accb78/3.webp,3,2025-04-05T15:39:04+00:00
179c7f76-aad8-413f-981c-f3c0f660d1f7,6d031027-8f8b-42ff-ba39-09f91d6badf2,/photos/6d031027-8f8b-42ff-ba39-09f91d6badf2/0.webp,0,2025-04-15T12:55:53+00:00
c70c91eb-473c-455a-83ed-2a534f5e7bb4,6d031027-8f8b-42ff-ba39-09f91d6badf2,/photos/6d031027-8f8b-42ff-ba39-09f91d6badf2/1.webp,1,2025-04-15T12:55:53+00:00
e2378a4b-b90d-443f-82c4-29996cc7168d,6d031027-8f8b-42ff-ba39-09f91d6badf2,/photos/6d031027-8f8b-42ff-ba39-09f91d6badf2/2.webp,2,2025-04-15T12:55:53+00:00
59906761-b38b-425c-bcfd-62e955085dc3,49eee5d6-1e69-4995-8654-08c57e585ad9,/photos/49eee5d6-1e69-4995-8654-08c57e585ad9/0.webp,0,2026-02-11T22:22:38+00:00
7cd8410b-6ea9-4add-9b63-aa22e9fa30f9,49eee5d6-1e69-4995-8654-08c57e585ad9,/photos/49eee5d6-1e69-4995-8654-08c57e585ad9/1.webp,1,2026-02-11T22:22:38+00:00
831388b6-c91a-4924-bdd1-71fe871f99d9,49eee5d6-1e69-4995-8654-08c57e585ad9,/photos/49eee5d6-1e69-4995-8654-08c57e585ad9/2.webp,2,2026-02-11T22:22:38+00:00
38e6272a-9ec1-4be7-ad40-8a82acff6423,16866e28-41cc-47d2-b323-1679f2b82b5f,/photos/16866e28-41cc-47d2-b323-1679f2b82b5f/0.webp,0,2025-08-16T07:15:22+00:00
26ce84a8-c366-4422-8817-5bf1a5f7c266,16866e28-41cc-47d2-b323-1679f2b82b5f,/photos/16866e28-41cc-47d2-b323-1679f2b82b5f/1.webp,1,2025-08-16T07:15:22+00:00
686f7048-ff50-4d0f-a74a-a7654ad56e44,ff204ee2-55bf-4b21-a363-f017713c2a70,/photos/ff204ee2-55bf-4b21-a363-f017713c2a70/0.webp,0,2026-03-17T16:46:39+00:00
097aa3a6-4773-44c0-9661-3b6ca401d024,ff204ee2-55bf-4b21-a363-f017713c2a70,/photos/ff204ee2-55bf-4b21-a363-f017713c2a70/1.webp,1,2026-03-17T16:46:39+00:00
673e9bb1-16ff-4d61-9890-d57c6e88e7ad,ff204ee2-55bf-4b21-a363-f017713c2a70,/photos/ff204ee2-55bf-4b21-a363-f017713c2a70/2.webp,2,2026-03-17T16:46:39+00:00
ddda8b02-c7f1-498f-ba37-aed040f4308e,ff204ee2-55bf-4b21-a363-f017713c2a70,/photos/ff204ee2-55bf-4b21-a363-f017713c2a70/3.webp,3,2026-03-17T16:46:39+00:00
32f7d836-723f-4c2e-b9b7-6102a9724791,ff204ee2-55bf-4b21-a363-f017713c2a70,/photos/ff204ee2-55bf-4b21-a363-f017713c2a70/4.webp,4,2026-03-17T16:46:39+00:00
0b32b2ff-8213-4fb1-a323-05ec2a760991,0e9ad9de-1217-4125-8cae-e8b0552d328e,/photos/0e9ad9de-1217-4125-8cae-e8b0552d328e/0.webp,0,2026-03-30T13:42:29+00:00
a64f4473-75ae-4dde-b393-4d5835591737,0e9ad9de-1217-4125-8cae-e8b0552d328e,/photos/0e9ad9de-1217-4125-8cae-e8b0552d328e/1.webp,1,2026-03-30T13:42:29+00:00
6c2954d2-dfaa-42f8-b0fb-dfcd56b2338b,0e9ad9de-1217-4125-8cae-e8b0552d328e,/photos/0e9ad9de-1217-4125-8cae-e8b0552d328e/2.webp,2,2026-03-30T13:42:29+00:00
c2a9357d-3639-4b8b-94e1-1ac3ab76b9f9,0e9ad9de-1217-4125-8cae-e8b0552d328e,/photos/0e9ad9de-1217-4125-8cae-e8b0552d328e/3.webp,3,2026-03-30T13:42:29+00:00
1757de03-f442-4cd4-abd7-1e43dbf9333a,5104c04b-cbaa-409e-af93-b79adbf09765,/photos/5104c04b-cbaa-409e-af93-b79adbf09765/0.webp,0,2026-05-08T09:20:35+00:00
f83e04aa-350b-43cd-ad5c-17ae0a76e1bc,5104c04b-cbaa-409e-af93-b79adbf09765,/photos/5104c04b-cbaa-409e-af93-b79adbf09765/1.webp,1,2026-05-08T09:20:35+00:00
837cae20-eeb7-4aa0-aeb7-d650055364dd,5104c04b-cbaa-409e-af93-b79adbf09765,/photos/5104c04b-cbaa-409e-af93-b79adbf09765/2.webp,2,2026-05-08T09:20:35+00:00
71f7c5f6-a979-44be-a547-db40114efecd,73481ad7-de3d-4122-b2e1-9dd132629ab9,/photos/73481ad7-de3d-4122-b2e1-9dd132629ab9/0.webp,0,2025-03-21T02:25:37+00:00
2e80e7b1-4aed-41d4-9c6b-39c02ce4d165,73481ad7-de3d-4122-b2e1-9dd132629ab9,/photos/73481ad7-de3d-4122-b2e1-9dd132629ab9/1.webp,1,2025-03-21T02:25:37+00:00
c50aa90f-f8dc-4c6f-8f87-9feb9940fc65,73481ad7-de3d-4122-b2e1-9dd132629ab9,/photos/73481ad7-de3d-4122-b2e1-9dd132629ab9/2.webp,2,2025-03-21T02:25:37+00:00
fcfa3cc7-a631-414d-a118-0738ac89bb33,73481ad7-de3d-4122-b2e1-9dd132629ab9,/photos/73481ad7-de3d-4122-b2e1-9dd132629ab9/3.webp,3,2025-03-21T02:25:37+00:00
12478c0c-ef6e-4dd3-8ffd-bf197e5cb380,ecacb53a-cf53-4826-91c0-b2b0d5229b6b,/photos/ecacb53a-cf53-4826-91c0-b2b0d5229b6b/0.webp,0,2025-02-13T04:13:50+00:00
ece6d695-2ccc-4a58-ae50-a0f4a606463b,ecacb53a-cf53-4826-91c0-b2b0d5229b6b,/photos/ecacb53a-cf53-4826-91c0-b2b0d5229b6b/1.webp,1,2025-02-13T04:13:50+00:00
b03fafdd-5d99-48ee-b68e-530705fdc5b8,ecacb53a-cf53-4826-91c0-b2b0d5229b6b,/photos/ecacb53a-cf53-4826-91c0-b2b0d5229b6b/2.webp,2,2025-02-13T04:13:50+00:00
74fe82be-1af6-429d-ae58-bedf3e765f7a,ecacb53a-cf53-4826-91c0-b2b0d5229b6b,/photos/ecacb53a-cf53-4826-91c0-b2b0d5229b6b/3.webp,3,2025-02-13T04:13:50+00:00
57913ab6-630a-4be6-8644-97b8416df2e1,ecacb53a-cf53-4826-91c0-b2b0d5229b6b,/photos/ecacb53a-cf53-4826-91c0-b2b0d5229b6b/4.webp,4,2025-02-13T04:13:50+00:00
c23c80c4-de59-46e1-9d12-009562c0a44a,4c36ee05-19a4-46ca-97b0-e9c1f05a9cc0,/photos/4c36ee05-19a4-46ca-97b0-e9c1f05a9cc0/0.webp,0,2026-07-23T02:54:14+00:00
2ca21e05-c056-40b9-9a3d-b7a51ccfd0cd,4c36ee05-19a4-46ca-97b0-e9c1f05a9cc0,/photos/4c36ee05-19a4-46ca-97b0-e9c1f05a9cc0/1.webp,1,2026-07-23T02:54:14+00:00
f64089fc-478e-4605-aec4-484049fdfe65,4c36ee05-19a4-46ca-97b0-e9c1f05a9cc0,/photos/4c36ee05-19a4-46ca-97b0-e9c1f05a9cc0/2.webp,2,2026-07-23T02:54:14+00:00
0610bb96-9926-488c-9132-f9f5052e5815,cceb4bed-67c8-4eb5-9277-a6aafc929ab3,/photos/cceb4bed-67c8-4eb5-9277-a6aafc929ab3/0.webp,0,2026-04-10T15:05:58+00:00
1ba0e1fd-334b-4ce3-b6e3-6aa6ed7fc822,cceb4bed-67c8-4eb5-9277-a6aafc929ab3,/photos/cceb4bed-67c8-4eb5-9277-a6aafc929ab3/1.webp,1,2026-04-10T15:05:58+00:00
22728a59-1451-4ef1-b11c-6c35534aef33,9c22ba16-b7d7-4e07-8cc2-31f9a1e9f638,/photos/9c22ba16-b7d7-4e07-8cc2-31f9a1e9f638/0.webp,0,2026-08-25T19:18:23+00:00
27d34a65-96c9-4932-8986-f9cfbed465d5,9c22ba16-b7d7-4e07-8cc2-31f9a1e9f638,/photos/9c22ba16-b7d7-4e07-8cc2-31f9a1e9f638/1.webp,1,2026-08-25T19:18:23+00:00
cb70f2ba-067f-478e-9b6e-0af97cdfedc9,9c22ba16-b7d7-4e07-8cc2-31f9a1e9f638,/photos/9c22ba16-b7d7-4e07-8cc2-31f9a1e9f638/2.webp,2,2026-08-25T19:18:23+00:00
ad617629-c7d3-4ad7-b1b2-62a99a2918a7,9c22ba16-b7d7-4e07-8cc2-31f9a1e9f638,/photos/9c22ba16-b7d7-4e07-8cc2-31f9a1e9f638/3.webp,3,2026-08-25T19:18:23+00:00
0c10c5b9-fb07-42b6-9ebd-5cf03e62fb95,ccb96b1e-4725-423a-b09b-857cdab5a545,/photos/ccb96b1e-4725-423a-b09b-857cdab5a545/0.webp,0,2026-08-12T22:57:08+00:00
52fb1a75-5057-4ade-8e71-703dfb349760,e1ca2fc3-9caa-4289-8ccb-db73f7f0b089,/photos/e1ca2fc3-9caa-4289-8ccb-db73f7f0b089/0.webp,0,2025-05-18T03:17:31+00:00
6dac7899-1c01-4ba7-ab8e-849802ce7849,e1ca2fc3-9caa-4289-8ccb-db73f7f0b089,/photos/e1ca2fc3-9caa-4289-8ccb-db73f7f0b089/1.webp,1,2025-05-18T03:17:31+00:00
d7fcb72c-f768-46d0-8626-9756f4647cd7,e1ca2fc3-9caa-4289-8ccb-db73f7f0b089,/photos/e1ca2fc3-9caa-4289-8ccb-db73f7f0b089/2.webp,2,2025-05-18T03:17:31+00:00
34b1e8a2-bcd5-4f4f-aeff-5904ee31d5be,e1ca2fc3-9caa-4289-8ccb-db73f7f0b089,/photos/e1ca2fc3-9caa-4289-8ccb-db73f7f0b089/3.webp,3,2025-05-18T03:17:31+00:00
2482ac75-8d89-418c-a17c-4ab631fda68d,e1ca2fc3-9caa-4289-8ccb-db73f7f0b089,/photos/e1ca2fc3-9caa-4289-8ccb-db73f7f0b089/4.webp,4,2025-05-18T03:17:31+00:00
8ff63102-994c-4d36-a343-b5867cb9d16e,0a34a3f3-e39e-4ada-bbe6-0afa4717093d,/photos/0a34a3f3-e39e-4ada-bbe6-0afa4717093d/0.webp,0,2026-04-05T06:23:12+00:00
681569e0-b7c0-4dfb-af04-4d32aee25be0,0a34a3f3-e39e-4ada-bbe6-0afa4717093d,/photos/0a34a3f3-e39e-4ada-bbe6-0afa4717093d/1.webp,1,2026-04-05T06:23:12+00:00
c70225a1-dec6-4878-838a-0adf3651d18c,0a34a3f3-e39e-4ada-bbe6-0afa4717093d,/photos/0a34a3f3-e39e-4ada-bbe6-0afa4717093d/2.webp,2,2026-04-05T06:23:12+00:00
1b5de28e-10b4-420b-ae54-0bfc8e0c0668,0a34a3f3-e39e-4ada-bbe6-0afa4717093d,/photos/0a34a3f3-e39e-4ada-bbe6-0afa4717093d/3.webp,3,2026-04-05T06:23:12+00:00
0a1cb932-f886-4e7a-914c-c95f098054a8,0a34a3f3-e39e-4ada-bbe6-0afa4717093d,/photos/0a34a3f3-e39e-4ada-bbe6-0afa4717093d/4.webp,4,2026-04-05T06:23:12+00:00
96006107-fffd-43ab-8f9e-a82b9f451739,0a34a3f3-e39e-4ada-bbe6-0afa4717093d,/photos/0a34a3f3-e39e-4ada-bbe6-0afa4717093d/5.webp,5,2026-04-05T06:23:12+00:00
8af146dd-0467-45dc-a0e9-d25bd6a9627a,9b24d28a-4c26-4862-b246-e46a9f997a25,/photos/9b24d28a-4c26-4862-b246-e46a9f997a25/0.webp,0,2026-04-11T07:14:16+00:00
0f24bdf2-7910-4037-a845-5764e63a0168,9b24d28a-4c26-4862-b246-e46a9f997a25,/photos/9b24d28a-4c26-4862-b246-e46a9f997a25/1.webp,1,2026-04-11T07:14:16+00:00
05b1597d-1bb0-4764-94c8-bad7bbd4b512,9b24d28a-4c26-4862-b246-e46a9f997a25,/photos/9b24d28a-4c26-4862-b246-e46a9f997a25/2.webp,2,2026-04-11T07:14:16+00:00
99e83e74-677f-41f6-a890-72993e747a5c,9b24d28a-4c26-4862-b246-e46a9f997a25,/photos/9b24d28a-4c26-4862-b246-e46a9f997a25/3.webp,3,2026-04-11T07:14:16+00:00
0c7f13cd-8f35-4fd9-aeab-70eea013eb9c,9b24d28a-4c26-4862-b246-e46a9f997a25,/photos/9b24d28a-4c26-4862-b246-e46a9f997a25/4.webp,4,2026-04-11T07:14:16+00:00
b09f7735-553c-4fbb-893c-4cabf40ed801,9430e7ea-625c-449a-ba98-5efd0f14d9eb,/photos/9430e7ea-625c-449a-ba98-5efd0f14d9eb/0.webp,0,2024-10-21T13:22:13+00:00
3fa417f6-f5d2-42ed-a2ee-d7511bba58dc,9430e7ea-625c-449a-ba98-5efd0f14d9eb,/photos/9430e7ea-625c-449a-ba98-5efd0f14d9eb/1.webp,1,2024-10-21T13:22:13+00:00
b8a478a2-378c-4f34-97bd-67f040d06eaa,9430e7ea-625c-449a-ba98-5efd0f14d9eb,/photos/9430e7ea-625c-449a-ba98-5efd0f14d9eb/2.webp,2,2024-10-21T13:22:13+00:00
a1c46178-728e-4139-b560-b37fe91a9428,9430e7ea-625c-449a-ba98-5efd0f14d9eb,/photos/9430e7ea-625c-449a-ba98-5efd0f14d9eb/3.webp,3,2024-10-21T13:22:13+00:00
731d31ff-ce54-4aba-847d-d26fb2e8efb6,9430e7ea-625c-449a-ba98-5efd0f14d9eb,/photos/9430e7ea-625c-449a-ba98-5efd0f14d9eb/4.webp,4,2024-10-21T13:22:13+00:00
0e14e974-67b2-4c4c-8791-6f4786757708,9430e7ea-625c-449a-ba98-5efd0f14d9eb,/photos/9430e7ea-625c-449a-ba98-5efd0f14d9eb/5.webp,5,2024-10-21T13:22:13+00:00
dc693f49-c3e4-48ce-97db-9c2e914d27c9,087ed90f-ca6d-4fbc-8160-05f0a10ae19f,/photos/087ed90f-ca6d-4fbc-8160-05f0a10ae19f/0.webp,0,2025-10-19T19:09:49+00:00
7ab2ad15-c063-4883-a577-b84f242a3cf8,948c6c62-92e3-484f-ae98-884e7e18cf88,/photos/948c6c62-92e3-484f-ae98-884e7e18cf88/0.webp,0,2026-08-30T07:27:09+00:00
5682afa9-796d-4a2b-8893-6fefed01e1ad,948c6c62-92e3-484f-ae98-884e7e18cf88,/photos/948c6c62-92e3-484f-ae98-884e7e18cf88/1.webp,1,2026-08-30T07:27:09+00:00
cfc4e268-9609-45bd-8fb7-81040e7dcd4b,948c6c62-92e3-484f-ae98-884e7e18cf88,/photos/948c6c62-92e3-484f-ae98-884e7e18cf88/2.webp,2,2026-08-30T07:27:09+00:00
18cef69c-dccd-496f-8fc9-a02e541cf287,948c6c62-92e3-484f-ae98-884e7e18cf88,/photos/948c6c62-92e3-484f-ae98-884e7e18cf88/3.webp,3,2026-08-30T07:27:09+00:00
c5d1b2f8-1b05-48f5-b0f8-1e94a53b38ed,948c6c62-92e3-484f-ae98-884e7e18cf88,/photos/948c6c62-92e3-484f-ae98-884e7e18cf88/4.webp,4,2026-08-30T07:27:09+00:00
4451c206-cfe3-4079-bc25-265249e43a1e,948c6c62-92e3-484f-ae98-884e7e18cf88,/photos/948c6c62-92e3-484f-ae98-884e7e18cf88/5.webp,5,2026-08-30T07:27:09+00:00
4ac226e4-10f7-48b8-b3d0-1787bb6cce83,948c6c62-92e3-484f-ae98-884e7e18cf88,/photos/948c6c62-92e3-484f-ae98-884e7e18cf88/6.webp,6,2026-08-30T07:27:09+00:00
4827fa44-f862-4d07-b874-38137f3db555,001eacb7-bc39-46b4-a6d5-509451a62b63,/photos/001eacb7-bc39-46b4-a6d5-509451a62b63/0.webp,0,2025-07-07T09:56:28+00:00
2ec0df30-6e35-4aba-8e19-4e57afe11c4e,001eacb7-bc39-46b4-a6d5-509451a62b63,/photos/001eacb7-bc39-46b4-a6d5-509451a62b63/1.webp,1,2025-07-07T09:56:28+00:00
74226309-8b35-4954-b2be-6160577971a3,001eacb7-bc39-46b4-a6d5-509451a62b63,/photos/001eacb7-bc39-46b4-a6d5-509451a62b63/2.webp,2,2025-07-07T09:56:28+00:00
058d4d88-4f97-442d-a98d-dae29a0f6bf7,001eacb7-bc39-46b4-a6d5-509451a62b63,/photos/001eacb7-bc39-46b4-a6d5-509451a62b63/3.webp,3,2025-07-07T09:56:28+00:00
cc735ad1-ce49-4c10-a6e3-7abd8f45c7e3,bbf13d36-0ce4-4aa8-84c7-8aa1a8597aff,/photos/bbf13d36-0ce4-4aa8-84c7-8aa1a8597aff/0.webp,0,2025-04-26T10:11:43+00:00
56d936e8-f808-45f6-b70c-c34653aeed52,bbf13d36-0ce4-4aa8-84c7-8aa1a8597aff,/photos/bbf13d36-0ce4-4aa8-84c7-8aa1a8597aff/1.webp,1,2025-04-26T10:11:43+00:00
8f445ded-b981-4d76-b43c-6dc3d6ab3401,bbf13d36-0ce4-4aa8-84c7-8aa1a8597aff,/photos/bbf13d36-0ce4-4aa8-84c7-8aa1a8597aff/2.webp,2,2025-04-26T10:11:43+00:00
3c00d231-1a6a-476f-ba8d-1ddd75ae0346,bbf13d36-0ce4-4aa8-84c7-8aa1a8597aff,/photos/bbf13d36-0ce4-4aa8-84c7-8aa1a8597aff/3.webp,3,2025-04-26T10:11:43+00:00
3ddc33b4-82e0-4cd4-83fb-ce9aad222a74,bbf13d36-0ce4-4aa8-84c7-8aa1a8597aff,/photos/bbf13d36-0ce4-4aa8-84c7-8aa1a8597aff/4.webp,4,2025-04-26T10:11:43+00:00
a339965c-4b87-4ff5-aca7-97560ed3c75d,bbf13d36-0ce4-4aa8-84c7-8aa1a8597aff,/photos/bbf13d36-0ce4-4aa8-84c7-8aa1a8597aff/5.webp,5,2025-04-26T10:11:43+00:00
7745c726-2a13-4f2a-9512-85454b352df9,bbf13d36-0ce4-4aa8-84c7-8aa1a8597aff,/photos/bbf13d36-0ce4-4aa8-84c7-8aa1a8597aff/6.webp,6,2025-04-26T10:11:43+00:00
b15d32f2-0f62-421d-82ff-2c3641278a93,bbf13d36-0ce4-4aa8-84c7-8aa1a8597aff,/photos/bbf13d36-0ce4-4aa8-84c7-8aa1a8597aff/7.webp,7,2025-04-26T10:11:43+00:00
705b94fe-0520-4aba-8772-18331929b7da,fc497886-92c4-4a5f-917f-1363ad8c7936,/photos/fc497886-92c4-4a5f-917f-1363ad8c7936/0.webp,0,2026-07-08T20:39:11+00:00
0b3f2775-26d3-41a8-ad4e-71d692982961,fc497886-92c4-4a5f-917f-1363ad8c7936,/photos/fc497886-92c4-4a5f-917f-1363ad8c7936/1.webp,1,2026-07-08T20:39:11+00:00
95c1ea59-cde4-431c-a96d-cf7eb0a45c14,fc497886-92c4-4a5f-917f-1363ad8c7936,/photos/fc497886-92c4-4a5f-917f-1363ad8c7936/2.webp,2,2026-07-08T20:39:11+00:00
835e61ac-1ab2-4f6c-bb0f-d765f9c73904,fc497886-92c4-4a5f-917f-1363ad8c7936,/photos/fc497886-92c4-4a5f-917f-1363ad8c7936/3.webp,3,2026-07-08T20:39:11+00:00
474a5516-ac70-43b9-9a5a-c0c33af12fde,5e0dfb58-8bc6-4f1e-a3fc-8b1c7842af9e,/photos/5e0dfb58-8bc6-4f1e-a3fc-8b1c7842af9e/0.webp,0,2025-11-28T19:43:05+00:00
beede4b1-a416-49ef-bb22-b1c5dcbab3b3,5e0dfb58-8bc6-4f1e-a3fc-8b1c7842af9e,/photos/5e0dfb58-8bc6-4f1e-a3fc-8b1c7842af9e/1.webp,1,2025-11-28T19:43:05+00:00
f03efad7-d62b-4763-83b9-f14efc4dd8fa,5e0dfb58-8bc6-4f1e-a3fc-8b1c7842af9e,/photos/5e0dfb58-8bc6-4f1e-a3fc-8b1c7842af9e/2.webp,2,2025-11-28T19:43:05+00:00
aa7e6b0b-215b-4eb0-ae91-21b26b7cf554,5e0dfb58-8bc6-4f1e-a3fc-8b1c7842af9e,/photos/5e0dfb58-8bc6-4f1e-a3fc-8b1c7842af9e/3.webp,3,2025-11-28T19:43:05+00:00
524dac1e-6e86-4f29-9e64-50bb0e7dbcd9,5e0dfb58-8bc6-4f1e-a3fc-8b1c7842af9e,/photos/5e0dfb58-8bc6-4f1e-a3fc-8b1c7842af9e/4.webp,4,2025-11-28T19:43:05+00:00
0d6d31a1-e4fc-4764-937b-edb21e1947e5,5e0dfb58-8bc6-4f1e-a3fc-8b1c7842af9e,/photos/5e0dfb58-8bc6-4f1e-a3fc-8b1c7842af9e/5.webp,5,2025-11-28T19:43:05+00:00
cfe72169-11df-4a49-8bc0-600a0c0d31bc,5e0dfb58-8bc6-4f1e-a3fc-8b1c7842af9e,/photos/5e0dfb58-8bc6-4f1e-a3fc-8b1c7842af9e/6.webp,6,2025-11-28T19:43:05+00:00
687c9fd2-4e76-4e9e-bee8-454fc44ae1b6,5e0dfb58-8bc6-4f1e-a3fc-8b1c7842af9e,/photos/5e0dfb58-8bc6-4f1e-a3fc-8b1c7842af9e/7.webp,7,2025-11-28T19:43:05+00:00
d48c0344-fddb-45b4-906b-110720ec4fbf,5e0dfb58-8bc6-4f1e-a3fc-8b1c7842af9e,/photos/5e0dfb58-8bc6-4f1e-a3fc-8b1c7842af9e/8.webp,8,2025-11-28T19:43:05+00:00
efef7373-367e-4fb4-b5c7-46d1aa85b9b5,4593ce8c-775b-4000-947f-1217c4327dbc,/photos/4593ce8c-775b-4000-947f-1217c4327dbc/0.webp,0,2025-11-24T14:37:57+00:00
f519d617-5bc9-4ecf-860e-cd0ff1fd7cdd,6992c696-9e50-4013-b537-fdf12d8a8d50,/photos/6992c696-9e50-4013-b537-fdf12d8a8d50/0.webp,0,2026-07-06T06:33:30+00:00
c24e833e-507a-481d-a88c-949d76e6692c,6992c696-9e50-4013-b537-fdf12d8a8d50,/photos/6992c696-9e50-4013-b537-fdf12d8a8d50/1.webp,1,2026-07-06T06:33:30+00:00
99208973-9dcd-444d-ad25-94c6b26c6c56,6992c696-9e50-4013-b537-fdf12d8a8d50,/photos/6992c696-9e50-4013-b537-fdf12d8a8d50/2.webp,2,2026-07-06T06:33:30+00:00
031381a0-0a7c-4aed-b7c8-ed65c9d8ed59,9ed0b669-6254-4c63-b17b-73bee1aa4cb1,/photos/9ed0b669-6254-4c63-b17b-73bee1aa4cb1/0.webp,0,2026-08-14T07:54:22+00:00
0462c09e-f76d-4ba5-85a0-5003a26525a4,9ed0b669-6254-4c63-b17b-73bee1aa4cb1,/photos/9ed0b669-6254-4c63-b17b-73bee1aa4cb1/1.webp,1,2026-08-14T07:54:22+00:00
383fc4d6-fd9b-4e53-9f6a-ce31a54b7abb,9ed0b669-6254-4c63-b17b-73bee1aa4cb1,/photos/9ed0b669-6254-4c63-b17b-73bee1aa4cb1/2.webp,2,2026-08-14T07:54:22+00:00
6490ad34-ea63-45ad-8a81-da8d874a5f34,2c4b8170-5975-40f6-a2f3-a338c635b257,/photos/2c4b8170-5975-40f6-a2f3-a338c635b257/0.webp,0,2026-05-29T11:34:35+00:00
175bd815-09a1-40c1-b3bd-8e7f2053b11a,2c4b8170-5975-40f6-a2f3-a338c635b257,/photos/2c4b8170-5975-40f6-a2f3-a338c635b257/1.webp,1,2026-05-29T11:34:35+00:00
b42fc68e-97f7-4caf-ab49-b66a40bd7a14,2c4b8170-5975-40f6-a2f3-a338c635b257,/photos/2c4b8170-5975-40f6-a2f3-a338c635b257/2.webp,2,2026-05-29T11:34:35+00:00
9808e5c7-7b8b-42d0-9b85-23a37802e20b,2c4b8170-5975-40f6-a2f3-a338c635b257,/photos/2c4b8170-5975-40f6-a2f3-a338c635b257/3.webp,3,2026-05-29T11:34:35+00:00
76de0715-ec3c-4dd5-bfc3-0175ceec7dde,1615dca3-417f-416b-8d61-e1244a4a2fb4,/photos/1615dca3-417f-416b-8d61-e1244a4a2fb4/0.webp,0,2026-05-03T03:52:38+00:00
b30cbb9f-58dc-4cb3-96e5-29ef93451b54,a2ed0f5d-3df2-46cd-99be-e5535ce5ffdf,/photos/a2ed0f5d-3df2-46cd-99be-e5535ce5ffdf/0.webp,0,2026-05-18T08:22:19+00:00
1ef2fb24-f7e1-4ad6-ad87-db596b29b155,a2ed0f5d-3df2-46cd-99be-e5535ce5ffdf,/photos/a2ed0f5d-3df2-46cd-99be-e5535ce5ffdf/1.webp,1,2026-05-18T08:22:19+00:00
c02c485f-ef03-49c9-b2b4-e9a33842db3b,398c17c9-c1ff-41d0-89ab-558c82d5c0bc,/photos/398c17c9-c1ff-41d0-89ab-558c82d5c0bc/0.webp,0,2026-04-26T16:03:10+00:00
2a08da9e-0cff-454e-9a1d-ff8a7f067571,398c17c9-c1ff-41d0-89ab-558c82d5c0bc,/photos/398c17c9-c1ff-41d0-89ab-558c82d5c0bc/1.webp,1,2026-04-26T16:03:10+00:00
9d8d5815-def9-4251-a55f-fe711e8e1f16,398c17c9-c1ff-41d0-89ab-558c82d5c0bc,/photos/398c17c9-c1ff-41d0-89ab-558c82d5c0bc/2.webp,2,2026-04-26T16:03:10+00:00
f36ce646-59be-4a61-a549-6e064f3ddefc,398c17c9-c1ff-41d0-89ab-558c82d5c0bc,/photos/398c17c9-c1ff-41d0-89ab-558c82d5c0bc/3.webp,3,2026-04-26T16:03:10+00:00
aca75888-b631-40a5-a48b-d3dcfddd4fdc,398c17c9-c1ff-41d0-89ab-558c82d5c0bc,/photos/398c17c9-c1ff-41d0-89ab-558c82d5c0bc/4.webp,4,2026-04-26T16:03:10+00:00
723ebdc3-53b2-4781-900c-f6626b39a741,398c17c9-c1ff-41d0-89ab-558c82d5c0bc,/photos/398c17c9-c1ff-41d0-89ab-558c82d5c0bc/5.webp,5,2026-04-26T16:03:10+00:00
293ba7ea-f624-4613-b1e9-81267a652f8a,b777a03a-851e-4d86-9bad-687925c503c5,/photos/b777a03a-851e-4d86-9bad-687925c503c5/0.webp,0,2025-06-14T09:47:23+00:00
f8a91483-7d0b-45a1-96a4-2e91e434cd60,b777a03a-851e-4d86-9bad-687925c503c5,/photos/b777a03a-851e-4d86-9bad-687925c503c5/1.webp,1,2025-06-14T09:47:23+00:00
3e30d4f7-ddd8-4cff-8431-48537027f55f,b777a03a-851e-4d86-9bad-687925c503c5,/photos/b777a03a-851e-4d86-9bad-687925c503c5/2.webp,2,2025-06-14T09:47:23+00:00
5f44fd6c-9db5-4858-8786-d73fa6d14812,b777a03a-851e-4d86-9bad-687925c503c5,/photos/b777a03a-851e-4d86-9bad-687925c503c5/3.webp,3,2025-06-14T09:47:23+00:00
56bafd7d-d65b-4434-81e3-527d0b0db35a,d0849e5b-57de-4429-8e50-43dcbb398d57,/photos/d0849e5b-57de-4429-8e50-43dcbb398d57/0.webp,0,2025-01-12T08:59:22+00:00
47014420-0514-492e-a390-4bdc95bb25dd,d0849e5b-57de-4429-8e50-43dcbb398d57,/photos/d0849e5b-57de-4429-8e50-43dcbb398d57/1.webp,1,2025-01-12T08:59:22+00:00
e8389e66-cfc1-4ff5-96bc-54189783c861,d0849e5b-57de-4429-8e50-43dcbb398d57,/photos/d0849e5b-57de-4429-8e50-43dcbb398d57/2.webp,2,2025-01-12T08:59:22+00:00
5ab1647d-bb63-4c72-9059-b2661d7441a0,d0849e5b-57de-4429-8e50-43dcbb398d57,/photos/d0849e5b-57de-4429-8e50-43dcbb398d57/3.webp,3,2025-01-12T08:59:22+00:00
65da0710-27a2-4772-9904-f988ba6b0626,d0849e5b-57de-4429-8e50-43dcbb398d57,/photos/d0849e5b-57de-4429-8e50-43dcbb398d57/4.webp,4,2025-01-12T08:59:22+00:00
3b260497-636c-4f7a-82ea-ddf0e8a1d0f6,fa54a884-1931-4725-960c-eccead88c6af,/photos/fa54a884-1931-4725-960c-eccead88c6af/0.webp,0,2024-12-18T17:09:51+00:00
64aba52f-0eca-4b84-944a-c5237153cc12,fa54a884-1931-4725-960c-eccead88c6af,/photos/fa54a884-1931-4725-960c-eccead88c6af/1.webp,1,2024-12-18T17:09:51+00:00
c56f65cb-ab22-4927-987d-64a3385aed5a,fa54a884-1931-4725-960c-eccead88c6af,/photos/fa54a884-1931-4725-960c-eccead88c6af/2.webp,2,2024-12-18T17:09:51+00:00
19f61e70-5d20-477d-9a33-dc1a14fb3f6c,fa54a884-1931-4725-960c-eccead88c6af,/photos/fa54a884-1931-4725-960c-eccead88c6af/3.webp,3,2024-12-18T17:09:51+00:00
cc0ec545-0f9a-4db6-a16f-45515aeb4a25,fa54a884-1931-4725-960c-eccead88c6af,/photos/fa54a884-1931-4725-960c-eccead88c6af/4.webp,4,2024-12-18T17:09:51+00:00
44b7f4a5-35ce-4373-869b-303288bf0df9,9e0169aa-bd69-4d81-b2bd-ec62afebcaaf,/photos/9e0169aa-bd69-4d81-b2bd-ec62afebcaaf/0.webp,0,2025-08-15T17:48:08+00:00
ad2a053b-6144-4418-81af-149c66b3b2a1,9e0169aa-bd69-4d81-b2bd-ec62afebcaaf,/photos/9e0169aa-bd69-4d81-b2bd-ec62afebcaaf/1.webp,1,2025-08-15T17:48:08+00:00
214d1374-98d6-49f9-abc1-67a4e0044762,9e0169aa-bd69-4d81-b2bd-ec62afebcaaf,/photos/9e0169aa-bd69-4d81-b2bd-ec62afebcaaf/2.webp,2,2025-08-15T17:48:08+00:00
9ffae347-405a-447f-97df-4effe84845db,ee4a25ca-cebd-4772-a399-debc8d10ee4d,/photos/ee4a25ca-cebd-4772-a399-debc8d10ee4d/0.webp,0,2026-07-01T17:04:55+00:00
4c11f64b-7230-4fed-b89c-a4db7e23d4b8,ee4a25ca-cebd-4772-a399-debc8d10ee4d,/photos/ee4a25ca-cebd-4772-a399-debc8d10ee4d/1.webp,1,2026-07-01T17:04:55+00:00
3fd55a62-0adb-419a-891b-9f72f5390544,ee4a25ca-cebd-4772-a399-debc8d10ee4d,/photos/ee4a25ca-cebd-4772-a399-debc8d10ee4d/2.webp,2,2026-07-01T17:04:55+00:00
0d5d8834-9e3c-43c0-8a60-3fd8db813d6b,7eb45f70-a092-46a3-aff9-5a277685a321,/photos/7eb45f70-a092-46a3-aff9-5a277685a321/0.webp,0,2026-07-02T11:57:52+00:00
53f53022-e0e9-4dbd-88e7-10473e65dc47,7eb45f70-a092-46a3-aff9-5a277685a321,/photos/7eb45f70-a092-46a3-aff9-5a277685a321/1.webp,1,2026-07-02T11:57:52+00:00
cc204e3d-485a-4cdd-b9ce-7d4cc87b110b,7eb45f70-a092-46a3-aff9-5a277685a321,/photos/7eb45f70-a092-46a3-aff9-5a277685a321/2.webp,2,2026-07-02T11:57:52+00:00
7fc7678a-6924-4580-9064-4647430e7eff,7eb45f70-a092-46a3-aff9-5a277685a321,/photos/7eb45f70-a092-46a3-aff9-5a277685a321/3.webp,3,2026-07-02T11:57:52+00:00
c50c3f73-4f0a-4740-a68d-00e153ad2be5,7eb45f70-a092-46a3-aff9-5a277685a321,/photos/7eb45f70-a092-46a3-aff9-5a277685a321/4.webp,4,2026-07-02T11:57:52+00:00
cd377fa3-a1dc-4676-8fd7-3460f4d108b4,10d24ed4-5eb8-4bfb-bb86-d693f9bfae5e,/photos/10d24ed4-5eb8-4bfb-bb86-d693f9bfae5e/0.webp,0,2025-10-12T04:12:38+00:00
ab9c91eb-7e85-42cf-964d-967126f8bcb7,10d24ed4-5eb8-4bfb-bb86-d693f9bfae5e,/photos/10d24ed4-5eb8-4bfb-bb86-d693f9bfae5e/1.webp,1,2025-10-12T04:12:38+00:00
b3bdd7d5-746a-410a-bdbc-9d71831e9260,286cd776-c173-48b7-b24e-46ae63772270,/photos/286cd776-c173-48b7-b24e-46ae63772270/0.webp,0,2026-08-03T12:44:11+00:00
008efa80-513d-4de3-b939-68cd432edb82,286cd776-c173-48b7-b24e-46ae63772270,/photos/286cd776-c173-48b7-b24e-46ae63772270/1.webp,1,2026-08-03T12:44:11+00:00
99fa449f-95ba-463d-8332-82604396154c,bef37b11-e3f0-451a-b3e8-157806234c5b,/photos/bef37b11-e3f0-451a-b3e8-157806234c5b/0.webp,0,2026-05-03T02:34:38+00:00
4f5e686c-8775-4cd4-b2e2-44ed06bbf252,bef37b11-e3f0-451a-b3e8-157806234c5b,/photos/bef37b11-e3f0-451a-b3e8-157806234c5b/1.webp,1,2026-05-03T02:34:38+00:00
9179f42d-30a8-45dd-b0fc-879c51c5ce8d,bef37b11-e3f0-451a-b3e8-157806234c5b,/photos/bef37b11-e3f0-451a-b3e8-157806234c5b/2.webp,2,2026-05-03T02:34:38+00:00
af388029-769a-4652-85f6-bdae23c55dfc,f56ae90e-b7f1-456a-b089-85784c3a592e,/photos/f56ae90e-b7f1-456a-b089-85784c3a592e/0.webp,0,2025-04-08T23:42:33+00:00
4b1d5d58-1522-4e60-821d-912a83d591db,f56ae90e-b7f1-456a-b089-85784c3a592e,/photos/f56ae90e-b7f1-456a-b089-85784c3a592e/1.webp,1,2025-04-08T23:42:33+00:00
11132151-c279-47d8-856e-ec6200d5d42e,f56ae90e-b7f1-456a-b089-85784c3a592e,/photos/f56ae90e-b7f1-456a-b089-85784c3a592e/2.webp,2,2025-04-08T23:42:33+00:00
3842a9cc-cd8e-4bb5-b58f-637b8d27e6d7,f56ae90e-b7f1-456a-b089-85784c3a592e,/photos/f56ae90e-b7f1-456a-b089-85784c3a592e/3.webp,3,2025-04-08T23:42:33+00:00
a48d1c16-064e-4409-a6ba-8c8ce1ddb2a0,f56ae90e-b7f1-456a-b089-85784c3a592e,/photos/f56ae90e-b7f1-456a-b089-85784c3a592e/4.webp,4,2025-04-08T23:42:33+00:00
38ebe94b-49b8-4d28-bfb2-c95c6fc44933,dcb4928f-33b6-4baa-9612-9d88407796f1,/photos/dcb4928f-33b6-4baa-9612-9d88407796f1/0.webp,0,2026-05-14T09:08:20+00:00
4bd495bd-9e55-4cae-94dc-6eba97b9fa6c,dcb4928f-33b6-4baa-9612-9d88407796f1,/photos/dcb4928f-33b6-4baa-9612-9d88407796f1/1.webp,1,2026-05-14T09:08:20+00:00
7c8bf78d-e657-4e46-9d9a-c9de0d6aa83d,dcb4928f-33b6-4baa-9612-9d88407796f1,/photos/dcb4928f-33b6-4baa-9612-9d88407796f1/2.webp,2,2026-05-14T09:08:20+00:00
9649d2e7-31ac-4757-89a9-9b8810bfcc62,5cf9b13a-63c9-4c21-a40c-ed67b13873f9,/photos/5cf9b13a-63c9-4c21-a40c-ed67b13873f9/0.webp,0,2026-06-12T02:08:29+00:00
95111abb-3a22-4a81-9241-a32708642569,5cf9b13a-63c9-4c21-a40c-ed67b13873f9,/photos/5cf9b13a-63c9-4c21-a40c-ed67b13873f9/1.webp,1,2026-06-12T02:08:29+00:00
ad13a65a-2aca-4006-a9b4-fede520ea483,5cf9b13a-63c9-4c21-a40c-ed67b13873f9,/photos/5cf9b13a-63c9-4c21-a40c-ed67b13873f9/2.webp,2,2026-06-12T02:08:29+00:00
3d9c5853-057d-4ec6-86ec-05f864be44d8,5cf9b13a-63c9-4c21-a40c-ed67b13873f9,/photos/5cf9b13a-63c9-4c21-a40c-ed67b13873f9/3.webp,3,2026-06-12T02:08:29+00:00
3cb95082-8038-4006-a14a-12e163fcfbce,5cf9b13a-63c9-4c21-a40c-ed67b13873f9,/photos/5cf9b13a-63c9-4c21-a40c-ed67b13873f9/4.webp,4,2026-06-12T02:08:29+00:00
a164d2c6-bc25-426a-b2a1-8f443888a43a,5cf9b13a-63c9-4c21-a40c-ed67b13873f9,/photos/5cf9b13a-63c9-4c21-a40c-ed67b13873f9/5.webp,5,2026-06-12T02:08:29+00:00
1aa9d1c0-9d2a-4d8d-9042-2f689adf6f7a,db53f48b-09eb-4d1d-b3ff-3d23f8e61aa9,/photos/db53f48b-09eb-4d1d-b3ff-3d23f8e61aa9/0.webp,0,2025-05-04T01:51:39+00:00
6f42091c-1d37-4494-af62-b77d7d89281b,db53f48b-09eb-4d1d-b3ff-3d23f8e61aa9,/photos/db53f48b-09eb-4d1d-b3ff-3d23f8e61aa9/1.webp,1,2025-05-04T01:51:39+00:00
c924dfb2-5481-4fdc-b323-6121d3104321,db53f48b-09eb-4d1d-b3ff-3d23f8e61aa9,/photos/db53f48b-09eb-4d1d-b3ff-3d23f8e61aa9/2.webp,2,2025-05-04T01:51:39+00:00
3c520f2d-724c-4251-b369-016e6f4038f0,e5e8c713-95b9-4bef-802d-dcd14a9fa28f,/photos/e5e8c713-95b9-4bef-802d-dcd14a9fa28f/0.webp,0,2025-12-04T15:19:26+00:00
2bdb0c01-28d5-4d2f-aac9-3e8e49b6a996,e5e8c713-95b9-4bef-802d-dcd14a9fa28f,/photos/e5e8c713-95b9-4bef-802d-dcd14a9fa28f/1.webp,1,2025-12-04T15:19:26+00:00
2c5dba9f-e6f8-4093-af4f-dd2c1aa6f8d9,e5e8c713-95b9-4bef-802d-dcd14a9fa28f,/photos/e5e8c713-95b9-4bef-802d-dcd14a9fa28f/2.webp,2,2025-12-04T15:19:26+00:00
bfae7392-cd48-409a-8772-c29469cec352,e5e8c713-95b9-4bef-802d-dcd14a9fa28f,/photos/e5e8c713-95b9-4bef-802d-dcd14a9fa28f/3.webp,3,2025-12-04T15:19:26+00:00
f0f0832e-de46-41f9-9dc7-173bb7d1cd19,e5e8c713-95b9-4bef-802d-dcd14a9fa28f,/photos/e5e8c713-95b9-4bef-802d-dcd14a9fa28f/4.webp,4,2025-12-04T15:19:26+00:00
d54bcc14-d145-4822-901f-084a660e6ad1,4e5ea8ea-106b-435b-b6e4-3f3bc5f8578c,/photos/4e5ea8ea-106b-435b-b6e4-3f3bc5f8578c/0.webp,0,2026-02-03T07:15:14+00:00
650284f0-6dd8-4a2e-860b-f9249ac51dcc,4e5ea8ea-106b-435b-b6e4-3f3bc5f8578c,/photos/4e5ea8ea-106b-435b-b6e4-3f3bc5f8578c/1.webp,1,2026-02-03T07:15:14+00:00
5ccd6055-524b-493c-a667-92952cb44389,4e5ea8ea-106b-435b-b6e4-3f3bc5f8578c,/photos/4e5ea8ea-106b-435b-b6e4-3f3bc5f8578c/2.webp,2,2026-02-03T07:15:14+00:00
fa301906-c15b-4180-b8f5-d723ba9f3be9,4e5ea8ea-106b-435b-b6e4-3f3bc5f8578c,/photos/4e5ea8ea-106b-435b-b6e4-3f3bc5f8578c/3.webp,3,2026-02-03T07:15:14+00:00
5afa91f3-65df-477b-bd89-e3a88ab6d3b8,d1f6fd9f-6837-4215-8ede-86ab74e1fce6,/photos/d1f6fd9f-6837-4215-8ede-86ab74e1fce6/0.webp,0,2025-10-10T05:49:22+00:00
c8e1409c-6893-496a-b5d2-2af0b3c1eccb,c0ebfb07-a7ea-481a-b016-77b600ba8fea,/photos/c0ebfb07-a7ea-481a-b016-77b600ba8fea/0.webp,0,2025-07-19T15:00:06+00:00
3d48ec7a-46ac-434b-9d7d-748bc2461c97,c0ebfb07-a7ea-481a-b016-77b600ba8fea,/photos/c0ebfb07-a7ea-481a-b016-77b600ba8fea/1.webp,1,2025-07-19T15:00:06+00:00
87776a30-a7e5-4a74-a6ca-4ae5a10d71fe,c0ebfb07-a7ea-481a-b016-77b600ba8fea,/photos/c0ebfb07-a7ea-481a-b016-77b600ba8fea/2.webp,2,2025-07-19T15:00:06+00:00
283ffd3f-5e3d-4afc-9b1a-dcd5c67bcf8d,c0ebfb07-a7ea-481a-b016-77b600ba8fea,/photos/c0ebfb07-a7ea-481a-b016-77b600ba8fea/3.webp,3,2025-07-19T15:00:06+00:00
a9f7f1eb-5450-45da-83db-a72e2452eff1,c0ebfb07-a7ea-481a-b016-77b600ba8fea,/photos/c0ebfb07-a7ea-481a-b016-77b600ba8fea/4.webp,4,2025-07-19T15:00:06+00:00
b5c7e40c-e0b6-4198-9eb3-ca2376a14b2b,71166c79-c7f8-4737-8a71-a8ecdf913199,/photos/71166c79-c7f8-4737-8a71-a8ecdf913199/0.webp,0,2025-12-06T02:01:11+00:00
3175cd97-7af2-402e-85b5-4d8e21983774,71166c79-c7f8-4737-8a71-a8ecdf913199,/photos/71166c79-c7f8-4737-8a71-a8ecdf913199/1.webp,1,2025-12-06T02:01:11+00:00
de222ce5-1bfb-4cde-aaec-bb79854ae6de,71166c79-c7f8-4737-8a71-a8ecdf913199,/photos/71166c79-c7f8-4737-8a71-a8ecdf913199/2.webp,2,2025-12-06T02:01:11+00:00
66936646-c10c-4ed2-acce-5d21119e7e20,71166c79-c7f8-4737-8a71-a8ecdf913199,/photos/71166c79-c7f8-4737-8a71-a8ecdf913199/3.webp,3,2025-12-06T02:01:11+00:00
30376752-6e04-489a-ab57-4ba13c3e33f6,61631241-7a66-46bc-a40c-b21630c905dd,/photos/61631241-7a66-46bc-a40c-b21630c905dd/0.webp,0,2026-08-18T17:47:34+00:00
129c045c-645c-46d7-b044-65a20bdd8a1e,61631241-7a66-46bc-a40c-b21630c905dd,/photos/61631241-7a66-46bc-a40c-b21630c905dd/1.webp,1,2026-08-18T17:47:34+00:00
d79b1245-4834-4e5d-a450-383ad70fab9c,61631241-7a66-46bc-a40c-b21630c905dd,/photos/61631241-7a66-46bc-a40c-b21630c905dd/2.webp,2,2026-08-18T17:47:34+00:00
e7261d43-3418-484e-a23d-11ce51a0885a,61631241-7a66-46bc-a40c-b21630c905dd,/photos/61631241-7a66-46bc-a40c-b21630c905dd/3.webp,3,2026-08-18T17:47:34+00:00
11d6ea38-da2d-441f-802c-7b4e36222ae8,0942c23b-36b2-44e0-9830-713186e05348,/photos/0942c23b-36b2-44e0-9830-713186e05348/0.webp,0,2025-07-01T10:43:14+00:00
074e052e-975b-46a4-b074-a8cb3756a884,0942c23b-36b2-44e0-9830-713186e05348,/photos/0942c23b-36b2-44e0-9830-713186e05348/1.webp,1,2025-07-01T10:43:14+00:00
6adcee8d-4537-4971-a589-c1e352678b2b,0942c23b-36b2-44e0-9830-713186e05348,/photos/0942c23b-36b2-44e0-9830-713186e05348/2.webp,2,2025-07-01T10:43:14+00:00
04861afd-38ca-4737-bfc7-42a79ce374c5,95882d31-07ad-4f1b-88af-7a363230a2f2,/photos/95882d31-07ad-4f1b-88af-7a363230a2f2/0.webp,0,2025-07-04T01:05:50+00:00
858f0dc6-b670-457c-8b17-a7a55206b358,95882d31-07ad-4f1b-88af-7a363230a2f2,/photos/95882d31-07ad-4f1b-88af-7a363230a2f2/1.webp,1,2025-07-04T01:05:50+00:00
8d91ed6e-fdbb-4f93-bc09-373c42db4351,95882d31-07ad-4f1b-88af-7a363230a2f2,/photos/95882d31-07ad-4f1b-88af-7a363230a2f2/2.webp,2,2025-07-04T01:05:50+00:00
a14ef492-9cf5-4468-b514-65f040172f67,95882d31-07ad-4f1b-88af-7a363230a2f2,/photos/95882d31-07ad-4f1b-88af-7a363230a2f2/3.webp,3,2025-07-04T01:05:50+00:00
189835ed-8cf7-4f51-81e8-049486b4e865,95882d31-07ad-4f1b-88af-7a363230a2f2,/photos/95882d31-07ad-4f1b-88af-7a363230a2f2/4.webp,4,2025-07-04T01:05:50+00:00
c1d40079-46d3-4fb6-b012-a4272d481903,1ac72c1c-71db-4f2c-aeef-883a65271620,/photos/1ac72c1c-71db-4f2c-aeef-883a65271620/0.webp,0,2024-12-11T13:51:17+00:00
00eefbaa-da10-4d65-9960-f581218b925f,1ac72c1c-71db-4f2c-aeef-883a65271620,/photos/1ac72c1c-71db-4f2c-aeef-883a65271620/1.webp,1,2024-12-11T13:51:17+00:00
fac3e5cc-a49f-4fc9-b114-cd29dc36071c,1ac72c1c-71db-4f2c-aeef-883a65271620,/photos/1ac72c1c-71db-4f2c-aeef-883a65271620/2.webp,2,2024-12-11T13:51:17+00:00
b51093b5-b99e-4fe8-84e5-13948a9ead4c,1ac72c1c-71db-4f2c-aeef-883a65271620,/photos/1ac72c1c-71db-4f2c-aeef-883a65271620/3.webp,3,2024-12-11T13:51:17+00:00
4f0fb7cb-32c2-4b50-a8c1-185c2f543930,1ac72c1c-71db-4f2c-aeef-883a65271620,/photos/1ac72c1c-71db-4f2c-aeef-883a65271620/4.webp,4,2024-12-11T13:51:17+00:00
0a108493-167d-4594-a4ba-a6dc1303406e,55c2a01a-7c36-4ae9-ace1-7390b914e4e5,/photos/55c2a01a-7c36-4ae9-ace1-7390b914e4e5/0.webp,0,2025-12-18T10:05:04+00:00
5031b112-3fb0-41e1-a533-0def8a9a36f2,55c2a01a-7c36-4ae9-ace1-7390b914e4e5,/photos/55c2a01a-7c36-4ae9-ace1-7390b914e4e5/1.webp,1,2025-12-18T10:05:04+00:00
e639fc8a-8fdd-492f-998f-8ac8e1167891,5f0dc977-a2b2-4842-97b0-9736d9b082bd,/photos/5f0dc977-a2b2-4842-97b0-9736d9b082bd/0.webp,0,2025-08-31T20:15:39+00:00
b6c6c04c-7ce5-4192-81dd-80cdef214efa,5f0dc977-a2b2-4842-97b0-9736d9b082bd,/photos/5f0dc977-a2b2-4842-97b0-9736d9b082bd/1.webp,1,2025-08-31T20:15:39+00:00
9d21fc18-d2c4-4243-961d-04cb1a4056db,5f0dc977-a2b2-4842-97b0-9736d9b082bd,/photos/5f0dc977-a2b2-4842-97b0-9736d9b082bd/2.webp,2,2025-08-31T20:15:39+00:00
a5c22150-40ce-4b4f-a61f-1c699e08d8bd,5f0dc977-a2b2-4842-97b0-9736d9b082bd,/photos/5f0dc977-a2b2-4842-97b0-9736d9b082bd/3.webp,3,2025-08-31T20:15:39+00:00
3cce9fff-8ddd-4954-b793-bafe673fda67,5f0dc977-a2b2-4842-97b0-9736d9b082bd,/photos/5f0dc977-a2b2-4842-97b0-9736d9b082bd/4.webp,4,2025-08-31T20:15:39+00:00
b66cd4c2-04f4-4fda-bc93-aad857d82904,ed6d0592-e431-4259-8ebe-be4895f009a8,/photos/ed6d0592-e431-4259-8ebe-be4895f009a8/0.webp,0,2026-06-08T09:53:41+00:00
89d8bd99-5963-4ca6-b6ac-b0df23c9aea5,ed6d0592-e431-4259-8ebe-be4895f009a8,/photos/ed6d0592-e431-4259-8ebe-be4895f009a8/1.webp,1,2026-06-08T09:53:41+00:00
e23b9dc8-4896-45b3-87e3-3a317b95562d,ed6d0592-e431-4259-8ebe-be4895f009a8,/photos/ed6d0592-e431-4259-8ebe-be4895f009a8/2.webp,2,2026-06-08T09:53:41+00:00
79c7e3b8-9dd8-482e-b558-5720f267ce25,c837e9d4-2f2b-4ddb-b418-5aeace9f4e22,/photos/c837e9d4-2f2b-4ddb-b418-5aeace9f4e22/0.webp,0,2026-03-11T06:12:17+00:00
63e6b445-ff11-4d26-8567-e5c5a74d060a,33b9e1e5-4700-4caf-898e-e56f5a33b7f8,/photos/33b9e1e5-4700-4caf-898e-e56f5a33b7f8/0.webp,0,2026-06-28T21:21:23+00:00
e662c5ea-ad01-42ab-b3fe-bc6e29ee9114,33b9e1e5-4700-4caf-898e-e56f5a33b7f8,/photos/33b9e1e5-4700-4caf-898e-e56f5a33b7f8/1.webp,1,2026-06-28T21:21:23+00:00
5dd55b81-7180-4c1f-9cd0-3321ea2edccd,4222300b-b5f8-4d25-a7f3-8097638b8b79,/photos/4222300b-b5f8-4d25-a7f3-8097638b8b79/0.webp,0,2025-04-12T09:57:24+00:00
05591363-4d25-4a70-a9a8-b00e8687ee71,4222300b-b5f8-4d25-a7f3-8097638b8b79,/photos/4222300b-b5f8-4d25-a7f3-8097638b8b79/1.webp,1,2025-04-12T09:57:24+00:00
01144e9a-02cf-4407-a26a-c28e16a97aca,4222300b-b5f8-4d25-a7f3-8097638b8b79,/photos/4222300b-b5f8-4d25-a7f3-8097638b8b79/2.webp,2,2025-04-12T09:57:24+00:00
06fa0426-72a2-4d9a-953a-64dd4501fe03,4222300b-b5f8-4d25-a7f3-8097638b8b79,/photos/4222300b-b5f8-4d25-a7f3-8097638b8b79/3.webp,3,2025-04-12T09:57:24+00:00
7d9d55b3-0be8-4022-b61a-9444fdd644b6,4222300b-b5f8-4d25-a7f3-8097638b8b79,/photos/4222300b-b5f8-4d25-a7f3-8097638b8b79/4.webp,4,2025-04-12T09:57:24+00:00
49972cf9-0c91-48e6-9bc0-007e876f8b70,4222300b-b5f8-4d25-a7f3-8097638b8b79,/photos/4222300b-b5f8-4d25-a7f3-8097638b8b79/5.webp,5,2025-04-12T09:57:24+00:00
26225bef-ce48-4a59-8821-294f228039e4,4222300b-b5f8-4d25-a7f3-8097638b8b79,/photos/4222300b-b5f8-4d25-a7f3-8097638b8b79/6.webp,6,2025-04-12T09:57:24+00:00
8f43ad9d-1e6a-4948-9136-2278c8d73a33,4222300b-b5f8-4d25-a7f3-8097638b8b79,/photos/4222300b-b5f8-4d25-a7f3-8097638b8b79/7.webp,7,2025-04-12T09:57:24+00:00
9d9ec100-477c-4321-8b6d-467f2fdd5284,aebc3095-ee20-46c9-ba54-93d9463a6f11,/photos/aebc3095-ee20-46c9-ba54-93d9463a6f11/0.webp,0,2026-01-03T07:22:56+00:00
c05e87c2-4ced-4b49-9dd5-8fbceb30dbb8,aebc3095-ee20-46c9-ba54-93d9463a6f11,/photos/aebc3095-ee20-46c9-ba54-93d9463a6f11/1.webp,1,2026-01-03T07:22:56+00:00
83c1101b-3781-4cff-bd25-fdd406a8122a,aebc3095-ee20-46c9-ba54-93d9463a6f11,/photos/aebc3095-ee20-46c9-ba54-93d9463a6f11/2.webp,2,2026-01-03T07:22:56+00:00
1d14ca50-3019-4c38-9b31-d94192731d39,aebc3095-ee20-46c9-ba54-93d9463a6f11,/photos/aebc3095-ee20-46c9-ba54-93d9463a6f11/3.webp,3,2026-01-03T07:22:56+00:00
9de7ea67-d9cc-48f2-b8b7-82d3ccad9d4a,aebc3095-ee20-46c9-ba54-93d9463a6f11,/photos/aebc3095-ee20-46c9-ba54-93d9463a6f11/4.webp,4,2026-01-03T07:22:56+00:00
7cadba4f-99fb-4b2e-b973-c9a1a065d48d,c6eb18c0-abf1-4417-b95e-5d190a88d053,/photos/c6eb18c0-abf1-4417-b95e-5d190a88d053/0.webp,0,2026-06-12T00:35:21+00:00
07d2654b-6cf2-48d7-aa09-7ce3aa84e0d2,c6eb18c0-abf1-4417-b95e-5d190a88d053,/photos/c6eb18c0-abf1-4417-b95e-5d190a88d053/1.webp,1,2026-06-12T00:35:21+00:00
d1b65178-77e8-4b5e-b1f6-d7f63ba2684d,c76709ff-2909-40a2-ad54-2fee62ae4557,/photos/c76709ff-2909-40a2-ad54-2fee62ae4557/0.webp,0,2026-08-06T17:23:42+00:00
0f401490-e45a-4396-a0c2-506e95ea1d42,c76709ff-2909-40a2-ad54-2fee62ae4557,/photos/c76709ff-2909-40a2-ad54-2fee62ae4557/1.webp,1,2026-08-06T17:23:42+00:00
d010d20a-fd2d-49b6-ac9f-b8e004e11d24,c76709ff-2909-40a2-ad54-2fee62ae4557,/photos/c76709ff-2909-40a2-ad54-2fee62ae4557/2.webp,2,2026-08-06T17:23:42+00:00
1176faf8-0c45-4eb6-bae9-c13d7f5e6ed0,c76709ff-2909-40a2-ad54-2fee62ae4557,/photos/c76709ff-2909-40a2-ad54-2fee62ae4557/3.webp,3,2026-08-06T17:23:42+00:00
a289db74-83e9-426d-96bf-cd3444d92352,c76709ff-2909-40a2-ad54-2fee62ae4557,/photos/c76709ff-2909-40a2-ad54-2fee62ae4557/4.webp,4,2026-08-06T17:23:42+00:00
08bc3772-a834-4190-946f-d7514ee2f662,c76709ff-2909-40a2-ad54-2fee62ae4557,/photos/c76709ff-2909-40a2-ad54-2fee62ae4557/5.webp,5,2026-08-06T17:23:42+00:00
cdbef9d5-d7fd-4cc9-8cfb-bb06599ab004,c76709ff-2909-40a2-ad54-2fee62ae4557,/photos/c76709ff-2909-40a2-ad54-2fee62ae4557/6.webp,6,2026-08-06T17:23:42+00:00
b961a8d7-3391-4128-b442-f2c7e601f6b3,7f870fe6-f47c-486d-8aa0-d8456233e6bf,/photos/7f870fe6-f47c-486d-8aa0-d8456233e6bf/0.webp,0,2025-10-22T22:23:00+00:00
bd07a609-45c2-4ce1-a1ba-13babb3fc778,7f870fe6-f47c-486d-8aa0-d8456233e6bf,/photos/7f870fe6-f47c-486d-8aa0-d8456233e6bf/1.webp,1,2025-10-22T22:23:00+00:00
0f548f40-f11b-4e03-99f0-d84742d695f8,7f870fe6-f47c-486d-8aa0-d8456233e6bf,/photos/7f870fe6-f47c-486d-8aa0-d8456233e6bf/2.webp,2,2025-10-22T22:23:00+00:00
b49958dc-43cd-494e-8017-ef5b0d1f9f50,7f870fe6-f47c-486d-8aa0-d8456233e6bf,/photos/7f870fe6-f47c-486d-8aa0-d8456233e6bf/3.webp,3,2025-10-22T22:23:00+00:00
d8ac21a3-ea46-43cf-98f9-a1731a057322,7f870fe6-f47c-486d-8aa0-d8456233e6bf,/photos/7f870fe6-f47c-486d-8aa0-d8456233e6bf/4.webp,4,2025-10-22T22:23:00+00:00
f549f05b-d0ab-4ed3-84c0-7679d9577e74,f6bd6334-b13b-4eb5-abbd-d5cd2cfd3e65,/photos/f6bd6334-b13b-4eb5-abbd-d5cd2cfd3e65/0.webp,0,2026-09-02T02:31:33+00:00
bc0417f8-0aab-414b-832a-9055b4dbaac6,35ab2f47-4edc-4a60-9314-dd4ee57a0944,/photos/35ab2f47-4edc-4a60-9314-dd4ee57a0944/0.webp,0,2026-04-18T17:07:08+00:00
fa6591e2-a329-47f0-a046-1929f95eb51e,35ab2f47-4edc-4a60-9314-dd4ee57a0944,/photos/35ab2f47-4edc-4a60-9314-dd4ee57a0944/1.webp,1,2026-04-18T17:07:08+00:00
c373f0dc-5443-4bc2-8a6f-7e6929fadd90,35ab2f47-4edc-4a60-9314-dd4ee57a0944,/photos/35ab2f47-4edc-4a60-9314-dd4ee57a0944/2.webp,2,2026-04-18T17:07:08+00:00
e604fd4b-c275-4009-b924-7f7eaaee9c24,e9f51def-4389-457e-9db0-64a86afbfca1,/photos/e9f51def-4389-457e-9db0-64a86afbfca1/0.webp,0,2026-05-20T19:51:11+00:00
21ad7625-00c6-49ff-99ca-991b2b3b70e1,e9f51def-4389-457e-9db0-64a86afbfca1,/photos/e9f51def-4389-457e-9db0-64a86afbfca1/1.webp,1,2026-05-20T19:51:11+00:00
de6ec918-d8e5-4630-937f-5c27c88a6430,0e73a2d7-d306-4c79-b892-9d61f5bca2c8,/photos/0e73a2d7-d306-4c79-b892-9d61f5bca2c8/0.webp,0,2025-08-03T11:54:12+00:00
8865f1f8-7002-4ab0-8fe9-62da1e885cb5,0e73a2d7-d306-4c79-b892-9d61f5bca2c8,/photos/0e73a2d7-d306-4c79-b892-9d61f5bca2c8/1.webp,1,2025-08-03T11:54:12+00:00
77a646ed-27e9-4e9c-ab63-4e115bf3e99f,0e73a2d7-d306-4c79-b892-9d61f5bca2c8,/photos/0e73a2d7-d306-4c79-b892-9d61f5bca2c8/2.webp,2,2025-08-03T11:54:12+00:00
070ce99f-4aca-48ce-b8cd-c543e1b53656,0e73a2d7-d306-4c79-b892-9d61f5bca2c8,/photos/0e73a2d7-d306-4c79-b892-9d61f5bca2c8/3.webp,3,2025-08-03T11:54:12+00:00
cda45ea8-3ad5-49d7-8b9b-fcf3b60b2c3d,0c21f54b-1386-4308-bdb0-862ce829cd5d,/photos/0c21f54b-1386-4308-bdb0-862ce829cd5d/0.webp,0,2025-07-29T20:10:40+00:00
f9645677-6a9a-493d-9e60-2d91063e23b9,0c21f54b-1386-4308-bdb0-862ce829cd5d,/photos/0c21f54b-1386-4308-bdb0-862ce829cd5d/1.webp,1,2025-07-29T20:10:40+00:00
498d5862-f8c7-490e-a270-4d1c28eb2c66,0c21f54b-1386-4308-bdb0-862ce829cd5d,/photos/0c21f54b-1386-4308-bdb0-862ce829cd5d/2.webp,2,2025-07-29T20:10:40+00:00
20b342ca-d8a4-4234-b440-69ea39f6229f,0c21f54b-1386-4308-bdb0-862ce829cd5d,/photos/0c21f54b-1386-4308-bdb0-862ce829cd5d/3.webp,3,2025-07-29T20:10:40+00:00
d799eebb-f8d4-418b-87c5-e59ff2f456d8,0c21f54b-1386-4308-bdb0-862ce829cd5d,/photos/0c21f54b-1386-4308-bdb0-862ce829cd5d/4.webp,4,2025-07-29T20:10:40+00:00
fd2d106a-d31d-4c9f-b7b3-ba4a4bb641e8,0c21f54b-1386-4308-bdb0-862ce829cd5d,/photos/0c21f54b-1386-4308-bdb0-862ce829cd5d/5.webp,5,2025-07-29T20:10:40+00:00
1fe75e46-9c9f-40ad-98e1-1396fba6a73a,0c21f54b-1386-4308-bdb0-862ce829cd5d,/photos/0c21f54b-1386-4308-bdb0-862ce829cd5d/6.webp,6,2025-07-29T20:10:40+00:00
62f937b9-1110-4e20-bca8-661655115f48,0c21f54b-1386-4308-bdb0-862ce829cd5d,/photos/0c21f54b-1386-4308-bdb0-862ce829cd5d/7.webp,7,2025-07-29T20:10:40+00:00
d22f26d1-561d-41ef-8727-a7698762c2d5,75eab33d-073c-414a-8aa8-ebb3a1393c22,/photos/75eab33d-073c-414a-8aa8-ebb3a1393c22/0.webp,0,2026-05-12T05:31:06+00:00
7777a72f-e3fc-41ac-b426-269db94f2e61,75eab33d-073c-414a-8aa8-ebb3a1393c22,/photos/75eab33d-073c-414a-8aa8-ebb3a1393c22/1.webp,1,2026-05-12T05:31:06+00:00
ddafef10-48e9-46eb-bd7d-93e417b8e4cd,75eab33d-073c-414a-8aa8-ebb3a1393c22,/photos/75eab33d-073c-414a-8aa8-ebb3a1393c22/2.webp,2,2026-05-12T05:31:06+00:00
f37b2d75-2593-4f13-be4e-b1761cc1e9e1,75eab33d-073c-414a-8aa8-ebb3a1393c22,/photos/75eab33d-073c-414a-8aa8-ebb3a1393c22/3.webp,3,2026-05-12T05:31:06+00:00
29de154d-566a-403b-9af3-a40e2e292c29,75eab33d-073c-414a-8aa8-ebb3a1393c22,/photos/75eab33d-073c-414a-8aa8-ebb3a1393c22/4.webp,4,2026-05-12T05:31:06+00:00
79c89988-1385-498f-b317-42d5fd439101,f4cb8def-fcda-42ee-9027-0fb9fec1af66,/photos/f4cb8def-fcda-42ee-9027-0fb9fec1af66/0.webp,0,2026-03-08T07:50:53+00:00
081f7446-3045-400c-b32a-b9a52a3a35fd,f4cb8def-fcda-42ee-9027-0fb9fec1af66,/photos/f4cb8def-fcda-42ee-9027-0fb9fec1af66/1.webp,1,2026-03-08T07:50:53+00:00
340edc82-b893-47f1-9164-cc4a790f1d27,f4cb8def-fcda-42ee-9027-0fb9fec1af66,/photos/f4cb8def-fcda-42ee-9027-0fb9fec1af66/2.webp,2,2026-03-08T07:50:53+00:00
485e4da2-6c5b-4842-8bc9-45d04a27ac2e,f4cb8def-fcda-42ee-9027-0fb9fec1af66,/photos/f4cb8def-fcda-42ee-9027-0fb9fec1af66/3.webp,3,2026-03-08T07:50:53+00:00
e10e34f8-271c-441d-8bd8-94ce5dcd6062,b16aba42-8303-4896-851c-2b636cb387cc,/photos/b16aba42-8303-4896-851c-2b636cb387cc/0.webp,0,2026-08-01T19:27:27+00:00
fb6124f1-93fa-4c3b-9b18-2ae17390c3de,b16aba42-8303-4896-851c-2b636cb387cc,/photos/b16aba42-8303-4896-851c-2b636cb387cc/1.webp,1,2026-08-01T19:27:27+00:00
4e1ac480-b4b6-49d5-b26b-4e602f6e48e9,b16aba42-8303-4896-851c-2b636cb387cc,/photos/b16aba42-8303-4896-851c-2b636cb387cc/2.webp,2,2026-08-01T19:27:27+00:00
6f35caf3-7b2d-46a0-a510-8d78ce78e43c,b16aba42-8303-4896-851c-2b636cb387cc,/photos/b16aba42-8303-4896-851c-2b636cb387cc/3.webp,3,2026-08-01T19:27:27+00:00
9dba379b-38a0-47fd-95a7-9d6d7289be10,b16aba42-8303-4896-851c-2b636cb387cc,/photos/b16aba42-8303-4896-851c-2b636cb387cc/4.webp,4,2026-08-01T19:27:27+00:00
0c7fcba0-ab54-465f-a608-2dec40e65ad7,b16aba42-8303-4896-851c-2b636cb387cc,/photos/b16aba42-8303-4896-851c-2b636cb387cc/5.webp,5,2026-08-01T19:27:27+00:00
ca80b71e-4c6e-4886-b9e0-ee1aa556a154,b16aba42-8303-4896-851c-2b636cb387cc,/photos/b16aba42-8303-4896-851c-2b636cb387cc/6.webp,6,2026-08-01T19:27:27+00:00
e9e305a6-a981-4493-bbed-f10b3cc7f27f,0289e8f6-4e80-4b25-a291-e4fd5b1a1d96,/photos/0289e8f6-4e80-4b25-a291-e4fd5b1a1d96/0.webp,0,2025-10-29T10:49:34+00:00
42790fb4-3aaa-4a05-b6f5-dcffa295ebd0,2b59d4c6-1a46-4c66-b124-60c08f1e1328,/photos/2b59d4c6-1a46-4c66-b124-60c08f1e1328/0.webp,0,2026-02-23T18:05:35+00:00
418da59d-61ba-437e-8a39-e5e144846160,2b59d4c6-1a46-4c66-b124-60c08f1e1328,/photos/2b59d4c6-1a46-4c66-b124-60c08f1e1328/1.webp,1,2026-02-23T18:05:35+00:00
f178f342-6f8d-471c-a8f0-3cfb97b4e522,2b59d4c6-1a46-4c66-b124-60c08f1e1328,/photos/2b59d4c6-1a46-4c66-b124-60c08f1e1328/2.webp,2,2026-02-23T18:05:35+00:00
447edae3-dad7-4ffc-97be-0ddcc0b15e3b,2b59d4c6-1a46-4c66-b124-60c08f1e1328,/photos/2b59d4c6-1a46-4c66-b124-60c08f1e1328/3.webp,3,2026-02-23T18:05:35+00:00
20fbf3de-c590-496c-99f2-9b2ea467a8db,2b59d4c6-1a46-4c66-b124-60c08f1e1328,/photos/2b59d4c6-1a46-4c66-b124-60c08f1e1328/4.webp,4,2026-02-23T18:05:35+00:00
d3e14732-dcf8-416b-8d41-7090c39c1a8d,4006fe35-1353-45b0-b76e-308e0062c453,/photos/4006fe35-1353-45b0-b76e-308e0062c453/0.webp,0,2025-08-10T22:43:13+00:00
d97053a7-d776-4f88-a89c-595460283c7d,4006fe35-1353-45b0-b76e-308e0062c453,/photos/4006fe35-1353-45b0-b76e-308e0062c453/1.webp,1,2025-08-10T22:43:13+00:00
9a0f01e3-8af2-47a3-84c7-fb120390e65f,4006fe35-1353-45b0-b76e-308e0062c453,/photos/4006fe35-1353-45b0-b76e-308e0062c453/2.webp,2,2025-08-10T22:43:13+00:00
84afe048-e14f-41bf-a2db-df51964312a3,4006fe35-1353-45b0-b76e-308e0062c453,/photos/4006fe35-1353-45b0-b76e-308e0062c453/3.webp,3,2025-08-10T22:43:13+00:00
3c89a6ee-ff0e-482d-b65a-895ae1ef05d4,4006fe35-1353-45b0-b76e-308e0062c453,/photos/4006fe35-1353-45b0-b76e-308e0062c453/4.webp,4,2025-08-10T22:43:13+00:00
a4684a38-4cbe-4271-8e49-a4d7d4ff521a,2458d995-3b65-4996-a763-31549ad95d06,/photos/2458d995-3b65-4996-a763-31549ad95d06/0.webp,0,2025-08-29T05:46:25+00:00
d5a355b8-5c89-496c-a912-3c6f09ab275a,2458d995-3b65-4996-a763-31549ad95d06,/photos/2458d995-3b65-4996-a763-31549ad95d06/1.webp,1,2025-08-29T05:46:25+00:00
eab9caee-8777-45a9-a19f-826256bd6526,2458d995-3b65-4996-a763-31549ad95d06,/photos/2458d995-3b65-4996-a763-31549ad95d06/2.webp,2,2025-08-29T05:46:25+00:00
e2abc517-7f75-4ecd-9619-5628b47f4599,2458d995-3b65-4996-a763-31549ad95d06,/photos/2458d995-3b65-4996-a763-31549ad95d06/3.webp,3,2025-08-29T05:46:25+00:00
812e2d49-766f-4349-bcad-202193936546,2458d995-3b65-4996-a763-31549ad95d06,/photos/2458d995-3b65-4996-a763-31549ad95d06/4.webp,4,2025-08-29T05:46:25+00:00
7026d83e-ee3e-4f84-af57-4c6402a28afe,f72a29a5-c199-4672-b8b5-98751d990623,/photos/f72a29a5-c199-4672-b8b5-98751d990623/0.webp,0,2025-11-22T20:12:36+00:00
b0ea3532-5db6-4e36-9362-9820253ad854,f72a29a5-c199-4672-b8b5-98751d990623,/photos/f72a29a5-c199-4672-b8b5-98751d990623/1.webp,1,2025-11-22T20:12:36+00:00
5daf60dd-0814-4627-9a03-74370ddc02e0,875c87ea-0b02-4a97-bb0f-a4cec577289c,/photos/875c87ea-0b02-4a97-bb0f-a4cec577289c/0.webp,0,2026-04-19T02:26:01+00:00
6c691694-3ac8-4792-b29e-4f855ad2d1f4,875c87ea-0b02-4a97-bb0f-a4cec577289c,/photos/875c87ea-0b02-4a97-bb0f-a4cec577289c/1.webp,1,2026-04-19T02:26:01+00:00
653d7987-d6b0-4e55-aa90-b0b720c0a385,875c87ea-0b02-4a97-bb0f-a4cec577289c,/photos/875c87ea-0b02-4a97-bb0f-a4cec577289c/2.webp,2,2026-04-19T02:26:01+00:00
52eb52f3-a360-4084-aeac-91137f9d72a6,875c87ea-0b02-4a97-bb0f-a4cec577289c,/photos/875c87ea-0b02-4a97-bb0f-a4cec577289c/3.webp,3,2026-04-19T02:26:01+00:00
338f396d-d2cd-4c59-96b5-930b454caf0f,79706abb-299c-4f5c-b185-eaf235a37d90,/photos/79706abb-299c-4f5c-b185-eaf235a37d90/0.webp,0,2026-08-11T02:49:13+00:00
8f17d14d-042f-48ae-a763-4653966151fc,79706abb-299c-4f5c-b185-eaf235a37d90,/photos/79706abb-299c-4f5c-b185-eaf235a37d90/1.webp,1,2026-08-11T02:49:13+00:00
64930cf0-0ee6-488e-a4a6-506be178641d,79706abb-299c-4f5c-b185-eaf235a37d90,/photos/79706abb-299c-4f5c-b185-eaf235a37d90/2.webp,2,2026-08-11T02:49:13+00:00
094f03b5-56e5-458b-96eb-ced8a17b05ee,79706abb-299c-4f5c-b185-eaf235a37d90,/photos/79706abb-299c-4f5c-b185-eaf235a37d90/3.webp,3,2026-08-11T02:49:13+00:00
803245f1-df9c-470a-ac28-fbd6a341da07,9c7fd283-535b-4b7a-aafa-37a32122483c,/photos/9c7fd283-535b-4b7a-aafa-37a32122483c/0.webp,0,2026-08-15T21:25:04+00:00
48b6bfb6-e1e2-4f6b-9cce-84b5729099e6,9c7fd283-535b-4b7a-aafa-37a32122483c,/photos/9c7fd283-535b-4b7a-aafa-37a32122483c/1.webp,1,2026-08-15T21:25:04+00:00
37a2ec69-263e-4c2f-9d87-559aff31cc43,9c7fd283-535b-4b7a-aafa-37a32122483c,/photos/9c7fd283-535b-4b7a-aafa-37a32122483c/2.webp,2,2026-08-15T21:25:04+00:00
18418f6a-20e7-4bc8-860a-066ddb85254b,9c7fd283-535b-4b7a-aafa-37a32122483c,/photos/9c7fd283-535b-4b7a-aafa-37a32122483c/3.webp,3,2026-08-15T21:25:04+00:00
d173f36b-2b24-4716-ac20-f1eef88d2c26,9c7fd283-535b-4b7a-aafa-37a32122483c,/photos/9c7fd283-535b-4b7a-aafa-37a32122483c/4.webp,4,2026-08-15T21:25:04+00:00
bd37f0d2-80af-4605-9967-312c36a8b772,9c7fd283-535b-4b7a-aafa-37a32122483c,/photos/9c7fd283-535b-4b7a-aafa-37a32122483c/5.webp,5,2026-08-15T21:25:04+00:00
f05869f5-5526-4a13-abb2-a31330741ef6,9c7fd283-535b-4b7a-aafa-37a32122483c,/photos/9c7fd283-535b-4b7a-aafa-37a32122483c/6.webp,6,2026-08-15T21:25:04+00:00
0ba34d46-cfa2-4d02-80ff-0c4fc09d8c59,9c7fd283-535b-4b7a-aafa-37a32122483c,/photos/9c7fd283-535b-4b7a-aafa-37a32122483c/7.webp,7,2026-08-15T21:25:04+00:00
48e50587-dbfa-472b-b263-f30504a9ff3f,9c7fd283-535b-4b7a-aafa-37a32122483c,/photos/9c7fd283-535b-4b7a-aafa-37a32122483c/8.webp,8,2026-08-15T21:25:04+00:00
32478534-3081-4ecf-a485-873ac5f30dca,9c7fd283-535b-4b7a-aafa-37a32122483c,/photos/9c7fd283-535b-4b7a-aafa-37a32122483c/9.webp,9,2026-08-15T21:25:04+00:00
c438f79f-e9ec-41bf-8c62-4f6a1e7d37d6,c30f7510-b78f-495c-8472-386a997175a7,/photos/c30f7510-b78f-495c-8472-386a997175a7/0.webp,0,2026-03-03T12:42:31+00:00
d3dd4d7c-93b0-4530-892a-ce5b73f5137b,c30f7510-b78f-495c-8472-386a997175a7,/photos/c30f7510-b78f-495c-8472-386a997175a7/1.webp,1,2026-03-03T12:42:31+00:00
a2b95bde-3aaa-4e4e-b708-fb65ae4b9815,c30f7510-b78f-495c-8472-386a997175a7,/photos/c30f7510-b78f-495c-8472-386a997175a7/2.webp,2,2026-03-03T12:42:31+00:00
0b61bd28-3572-4d91-b119-4efd4b3251c5,c30f7510-b78f-495c-8472-386a997175a7,/photos/c30f7510-b78f-495c-8472-386a997175a7/3.webp,3,2026-03-03T12:42:31+00:00
eb06164b-b50a-4d1b-bddb-926bc9048917,cd52c235-a9c3-4b71-ae58-9f105cc81b3d,/photos/cd52c235-a9c3-4b71-ae58-9f105cc81b3d/0.webp,0,2025-04-18T14:04:12+00:00
14b4e20f-ff24-4f58-bb65-daf23942f187,cd52c235-a9c3-4b71-ae58-9f105cc81b3d,/photos/cd52c235-a9c3-4b71-ae58-9f105cc81b3d/1.webp,1,2025-04-18T14:04:12+00:00
3cc3ab55-0ba2-4bd2-95a3-01d6e8e3ef27,cd52c235-a9c3-4b71-ae58-9f105cc81b3d,/photos/cd52c235-a9c3-4b71-ae58-9f105cc81b3d/2.webp,2,2025-04-18T14:04:12+00:00
1ae1c70f-e2ff-46c7-98f2-20331f2816e9,cd52c235-a9c3-4b71-ae58-9f105cc81b3d,/photos/cd52c235-a9c3-4b71-ae58-9f105cc81b3d/3.webp,3,2025-04-18T14:04:12+00:00
f6bda271-5931-4e88-8fe7-bb772243ae4f,cd52c235-a9c3-4b71-ae58-9f105cc81b3d,/photos/cd52c235-a9c3-4b71-ae58-9f105cc81b3d/4.webp,4,2025-04-18T14:04:12+00:00
de461772-3134-46f7-a56c-b3c1545dcb01,cd52c235-a9c3-4b71-ae58-9f105cc81b3d,/photos/cd52c235-a9c3-4b71-ae58-9f105cc81b3d/5.webp,5,2025-04-18T14:04:12+00:00
279fc543-4f7f-4a30-99b9-066b73860881,cd52c235-a9c3-4b71-ae58-9f105cc81b3d,/photos/cd52c235-a9c3-4b71-ae58-9f105cc81b3d/6.webp,6,2025-04-18T14:04:12+00:00
6d11d9e3-7c5e-4ed2-8dbc-5ab039dbda2c,ae4b9d86-dd63-46d3-b249-d9482b353200,/photos/ae4b9d86-dd63-46d3-b249-d9482b353200/0.webp,0,2026-04-25T03:41:56+00:00
9ab2460e-f0d6-4332-af43-15e3f51c1086,ae4b9d86-dd63-46d3-b249-d9482b353200,/photos/ae4b9d86-dd63-46d3-b249-d9482b353200/1.webp,1,2026-04-25T03:41:56+00:00
2397519b-ea99-4c04-8a1b-34fdedddd6b7,ae4b9d86-dd63-46d3-b249-d9482b353200,/photos/ae4b9d86-dd63-46d3-b249-d9482b353200/2.webp,2,2026-04-25T03:41:56+00:00
bee9db15-fe1f-4a8e-b009-95e012cfa403,ae4b9d86-dd63-46d3-b249-d9482b353200,/photos/ae4b9d86-dd63-46d3-b249-d9482b353200/3.webp,3,2026-04-25T03:41:56+00:00
6e4f9c6d-c35e-46bc-aff4-508f326c6144,a99a6b1f-1c31-42f2-a662-f05ff04b177c,/photos/a99a6b1f-1c31-42f2-a662-f05ff04b177c/0.webp,0,2026-02-04T16:13:38+00:00
fbef1393-78cf-40b7-b4d5-076211ba2b72,ce773135-8084-4455-9d83-31e921b6bdda,/photos/ce773135-8084-4455-9d83-31e921b6bdda/0.webp,0,2026-08-01T12:34:26+00:00
3df4d796-d678-410b-961a-1527e9a282d7,ce773135-8084-4455-9d83-31e921b6bdda,/photos/ce773135-8084-4455-9d83-31e921b6bdda/1.webp,1,2026-08-01T12:34:26+00:00
0e31c457-a023-422a-8ffb-284e09960c74,ce773135-8084-4455-9d83-31e921b6bdda,/photos/ce773135-8084-4455-9d83-31e921b6bdda/2.webp,2,2026-08-01T12:34:26+00:00
3f483485-65fe-46ea-9756-fc9648427601,78cc3468-fca2-4972-a256-10dffa57f98a,/photos/78cc3468-fca2-4972-a256-10dffa57f98a/0.webp,0,2025-10-12T01:25:12+00:00
ec5b4f48-f187-4e85-8b05-511892a159e9,78cc3468-fca2-4972-a256-10dffa57f98a,/photos/78cc3468-fca2-4972-a256-10dffa57f98a/1.webp,1,2025-10-12T01:25:12+00:00
b979127b-4e7c-4f34-8523-da6795c82ef3,78cc3468-fca2-4972-a256-10dffa57f98a,/photos/78cc3468-fca2-4972-a256-10dffa57f98a/2.webp,2,2025-10-12T01:25:12+00:00
92ab6e23-a3e9-434b-8e01-443cc6a48db2,78cc3468-fca2-4972-a256-10dffa57f98a,/photos/78cc3468-fca2-4972-a256-10dffa57f98a/3.webp,3,2025-10-12T01:25:12+00:00
96133e3c-1ede-4f84-954b-bf3bb8982edc,78cc3468-fca2-4972-a256-10dffa57f98a,/photos/78cc3468-fca2-4972-a256-10dffa57f98a/4.webp,4,2025-10-12T01:25:12+00:00
bf774561-4450-4a23-91dd-e7c8c932fbf1,78cc3468-fca2-4972-a256-10dffa57f98a,/photos/78cc3468-fca2-4972-a256-10dffa57f98a/5.webp,5,2025-10-12T01:25:12+00:00
ff827847-fca9-481f-97c3-c795378f16a5,1044ae4c-b231-415f-891e-b82500b854f7,/photos/1044ae4c-b231-415f-891e-b82500b854f7/0.webp,0,2026-08-14T08:57:11+00:00
7326b9ba-7d93-4a73-a6bf-b1af7cf94feb,1044ae4c-b231-415f-891e-b82500b854f7,/photos/1044ae4c-b231-415f-891e-b82500b854f7/1.webp,1,2026-08-14T08:57:11+00:00
43ba81da-4e8a-497c-a247-3ec3a867c8b6,1044ae4c-b231-415f-891e-b82500b854f7,/photos/1044ae4c-b231-415f-891e-b82500b854f7/2.webp,2,2026-08-14T08:57:11+00:00
4bc1d4be-c285-4a96-9802-b622b9a62c1b,eb6c8244-e4a3-492c-89c2-75851ae9b4ee,/photos/eb6c8244-e4a3-492c-89c2-75851ae9b4ee/0.webp,0,2026-05-23T08:25:54+00:00
b26eff9a-90f6-4a5e-9214-69a425983de3,eb6c8244-e4a3-492c-89c2-75851ae9b4ee,/photos/eb6c8244-e4a3-492c-89c2-75851ae9b4ee/1.webp,1,2026-05-23T08:25:54+00:00
ad897077-3efc-40c3-a02d-f7af83036bc0,eb6c8244-e4a3-492c-89c2-75851ae9b4ee,/photos/eb6c8244-e4a3-492c-89c2-75851ae9b4ee/2.webp,2,2026-05-23T08:25:54+00:00
46f4dc96-4e60-4fd3-83c7-cd903ebb0241,928ad995-a6d5-461c-9305-ba6d0ed54768,/photos/928ad995-a6d5-461c-9305-ba6d0ed54768/0.webp,0,2026-06-04T17:16:31+00:00
9c63e7ed-b058-4c47-8993-e0eaec401980,928ad995-a6d5-461c-9305-ba6d0ed54768,/photos/928ad995-a6d5-461c-9305-ba6d0ed54768/1.webp,1,2026-06-04T17:16:31+00:00
fc18d93d-17a5-40e3-972c-3895f1dcf514,928ad995-a6d5-461c-9305-ba6d0ed54768,/photos/928ad995-a6d5-461c-9305-ba6d0ed54768/2.webp,2,2026-06-04T17:16:31+00:00
57f64b18-b07f-460d-b8aa-3bdf6f199f61,928ad995-a6d5-461c-9305-ba6d0ed54768,/photos/928ad995-a6d5-461c-9305-ba6d0ed54768/3.webp,3,2026-06-04T17:16:31+00:00
272b6447-0275-43f9-b08b-8794f7d23c4e,928ad995-a6d5-461c-9305-ba6d0ed54768,/photos/928ad995-a6d5-461c-9305-ba6d0ed54768/4.webp,4,2026-06-04T17:16:31+00:00
0791f00e-4ef7-46ac-b467-8e6af217c32c,d9cdc362-001c-4546-9418-9b9c386b0b9a,/photos/d9cdc362-001c-4546-9418-9b9c386b0b9a/0.webp,0,2026-05-24T09:49:08+00:00
78410cdc-7a1d-45ed-a394-9530b3fceab5,f665606f-8532-49e9-914c-2e560fd93551,/photos/f665606f-8532-49e9-914c-2e560fd93551/0.webp,0,2025-10-15T12:29:34+00:00
9942c762-724e-4062-a62a-a6d6ad32c3cb,f665606f-8532-49e9-914c-2e560fd93551,/photos/f665606f-8532-49e9-914c-2e560fd93551/1.webp,1,2025-10-15T12:29:34+00:00
05ee0c80-0193-4ccb-9797-839b8a3c2e06,f665606f-8532-49e9-914c-2e560fd93551,/photos/f665606f-8532-49e9-914c-2e560fd93551/2.webp,2,2025-10-15T12:29:34+00:00
b95ab6f6-6ea2-44fa-ae80-063348aefeb1,bacd5c99-8938-4a40-9561-3725c92c3bed,/photos/bacd5c99-8938-4a40-9561-3725c92c3bed/0.webp,0,2024-12-21T07:20:11+00:00
8a14c900-1f45-4ff1-9aee-0b59e3a1846f,bacd5c99-8938-4a40-9561-3725c92c3bed,/photos/bacd5c99-8938-4a40-9561-3725c92c3bed/1.webp,1,2024-12-21T07:20:11+00:00
597e4d3d-8f47-456f-a402-92dddde7fca9,bacd5c99-8938-4a40-9561-3725c92c3bed,/photos/bacd5c99-8938-4a40-9561-3725c92c3bed/2.webp,2,2024-12-21T07:20:11+00:00
98fb973b-8e4b-4b4b-907e-3036be800b0a,bacd5c99-8938-4a40-9561-3725c92c3bed,/photos/bacd5c99-8938-4a40-9561-3725c92c3bed/3.webp,3,2024-12-21T07:20:11+00:00
651195d2-b915-4496-adae-b052a043fb64,bacd5c99-8938-4a40-9561-3725c92c3bed,/photos/bacd5c99-8938-4a40-9561-3725c92c3bed/4.webp,4,2024-12-21T07:20:11+00:00
273d4097-b92d-4c7f-b98b-0443ef9d9a82,412e26f7-d374-477b-bec8-a5ac5aeee079,/photos/412e26f7-d374-477b-bec8-a5ac5aeee079/0.webp,0,2026-04-29T14:14:04+00:00
ea5874a6-3c91-4ebf-83d6-c019e5670454,412e26f7-d374-477b-bec8-a5ac5aeee079,/photos/412e26f7-d374-477b-bec8-a5ac5aeee079/1.webp,1,2026-04-29T14:14:04+00:00
c2aeb73a-c036-45f1-aa66-1b5a8cdb2935,412e26f7-d374-477b-bec8-a5ac5aeee079,/photos/412e26f7-d374-477b-bec8-a5ac5aeee079/2.webp,2,2026-04-29T14:14:04+00:00
cc7ceea4-abcb-4663-be98-f73723e74a34,412e26f7-d374-477b-bec8-a5ac5aeee079,/photos/412e26f7-d374-477b-bec8-a5ac5aeee079/3.webp,3,2026-04-29T14:14:04+00:00
8096cbe5-5325-447b-94c9-0f4e3bea3e1e,412e26f7-d374-477b-bec8-a5ac5aeee079,/photos/412e26f7-d374-477b-bec8-a5ac5aeee079/4.webp,4,2026-04-29T14:14:04+00:00
e9c9b7cd-3035-4212-adb9-41a3153e3fe1,412e26f7-d374-477b-bec8-a5ac5aeee079,/photos/412e26f7-d374-477b-bec8-a5ac5aeee079/5.webp,5,2026-04-29T14:14:04+00:00
bee281aa-fdc6-49cc-876c-8582cdebd798,14851931-67d6-485d-bb8a-e1d810c79f6d,/photos/14851931-67d6-485d-bb8a-e1d810c79f6d/0.webp,0,2026-08-22T06:06:02+00:00
e32b54eb-6e53-410a-91b2-72edbb4dc1bf,14851931-67d6-485d-bb8a-e1d810c79f6d,/photos/14851931-67d6-485d-bb8a-e1d810c79f6d/1.webp,1,2026-08-22T06:06:02+00:00
6bb63ed3-1b1f-4b29-b901-b8f4db03fcb3,14851931-67d6-485d-bb8a-e1d810c79f6d,/photos/14851931-67d6-485d-bb8a-e1d810c79f6d/2.webp,2,2026-08-22T06:06:02+00:00
1b0d8cfa-f443-4a3e-b5f3-215d2038b5ac,14851931-67d6-485d-bb8a-e1d810c79f6d,/photos/14851931-67d6-485d-bb8a-e1d810c79f6d/3.webp,3,2026-08-22T06:06:02+00:00
93499ffc-8567-4e0d-9c22-bf689d74ec18,0626e1cd-5607-417f-890c-9e2e96720e78,/photos/0626e1cd-5607-417f-890c-9e2e96720e78/0.webp,0,2026-08-30T08:04:20+00:00
036ebf83-e481-4f05-9150-96d5729ca0dc,5c84b3d0-96ca-479e-b1b6-cc32d71b12ea,/photos/5c84b3d0-96ca-479e-b1b6-cc32d71b12ea/0.webp,0,2026-02-17T06:21:43+00:00
a41beb10-2b73-4c73-8e38-8f3ccd0d6d8f,5c84b3d0-96ca-479e-b1b6-cc32d71b12ea,/photos/5c84b3d0-96ca-479e-b1b6-cc32d71b12ea/1.webp,1,2026-02-17T06:21:43+00:00
6096fc39-7d9e-43c3-a6ea-fe9f6c8783ac,5c84b3d0-96ca-479e-b1b6-cc32d71b12ea,/photos/5c84b3d0-96ca-479e-b1b6-cc32d71b12ea/2.webp,2,2026-02-17T06:21:43+00:00
71a6b496-2a71-447a-8926-33c4be599b20,5c84b3d0-96ca-479e-b1b6-cc32d71b12ea,/photos/5c84b3d0-96ca-479e-b1b6-cc32d71b12ea/3.webp,3,2026-02-17T06:21:43+00:00
28491d5c-008c-453e-ac28-ee41b7a6cf0d,5c84b3d0-96ca-479e-b1b6-cc32d71b12ea,/photos/5c84b3d0-96ca-479e-b1b6-cc32d71b12ea/4.webp,4,2026-02-17T06:21:43+00:00
dec0586a-cf4f-469c-b78c-5efdc9b9060f,8e971533-1e53-49f0-b7bd-ba291f333f63,/photos/8e971533-1e53-49f0-b7bd-ba291f333f63/0.webp,0,2026-08-21T19:22:05+00:00
16500c69-5200-43c3-ba90-afc15f728e89,e919d7fa-2abb-4e1b-a7d4-eaf8aa8f1d0a,/photos/e919d7fa-2abb-4e1b-a7d4-eaf8aa8f1d0a/0.webp,0,2025-01-13T09:26:22+00:00
30abee89-7455-4774-a561-0d2953d095f4,e919d7fa-2abb-4e1b-a7d4-eaf8aa8f1d0a,/photos/e919d7fa-2abb-4e1b-a7d4-eaf8aa8f1d0a/1.webp,1,2025-01-13T09:26:22+00:00
7826a93d-cd06-40e3-a549-7d1958ac90b5,e919d7fa-2abb-4e1b-a7d4-eaf8aa8f1d0a,/photos/e919d7fa-2abb-4e1b-a7d4-eaf8aa8f1d0a/2.webp,2,2025-01-13T09:26:22+00:00
a27663d3-77e5-481d-8f0b-37a782da89fd,e919d7fa-2abb-4e1b-a7d4-eaf8aa8f1d0a,/photos/e919d7fa-2abb-4e1b-a7d4-eaf8aa8f1d0a/3.webp,3,2025-01-13T09:26:22+00:00
8b1c59d1-9e97-4dd7-9755-d839b0e72e8d,55a4bba1-70b9-4171-95d3-5eeed79f9f9a,/photos/55a4bba1-70b9-4171-95d3-5eeed79f9f9a/0.webp,0,2024-09-15T08:20:18+00:00
a1e665bf-9ea2-4ee5-a7c2-e61a82b54b6a,55a4bba1-70b9-4171-95d3-5eeed79f9f9a,/photos/55a4bba1-70b9-4171-95d3-5eeed79f9f9a/1.webp,1,2024-09-15T08:20:18+00:00
e209603a-bec8-4721-b809-c689e870dfbd,55a4bba1-70b9-4171-95d3-5eeed79f9f9a,/photos/55a4bba1-70b9-4171-95d3-5eeed79f9f9a/2.webp,2,2024-09-15T08:20:18+00:00
57cd43cb-18c0-40ec-a987-1f741f1c4bd1,55a4bba1-70b9-4171-95d3-5eeed79f9f9a,/photos/55a4bba1-70b9-4171-95d3-5eeed79f9f9a/3.webp,3,2024-09-15T08:20:18+00:00
c350386c-daef-42c7-a388-5d670b9acdc5,8898aa0f-8e26-4b0c-8221-e7c468dc13f3,/photos/8898aa0f-8e26-4b0c-8221-e7c468dc13f3/0.webp,0,2025-05-02T23:33:15+00:00
a917528e-de7b-448c-a613-7d1ef1719817,8898aa0f-8e26-4b0c-8221-e7c468dc13f3,/photos/8898aa0f-8e26-4b0c-8221-e7c468dc13f3/1.webp,1,2025-05-02T23:33:15+00:00
b8d5907a-a8d7-4ecb-bf32-cf5aaf8c050f,8898aa0f-8e26-4b0c-8221-e7c468dc13f3,/photos/8898aa0f-8e26-4b0c-8221-e7c468dc13f3/2.webp,2,2025-05-02T23:33:15+00:00
9db9d216-d18e-4cc4-b91c-65ee213cc513,8898aa0f-8e26-4b0c-8221-e7c468dc13f3,/photos/8898aa0f-8e26-4b0c-8221-e7c468dc13f3/3.webp,3,2025-05-02T23:33:15+00:00
c0e72c1d-3c07-4a0e-b876-0afc80820001,8898aa0f-8e26-4b0c-8221-e7c468dc13f3,/photos/8898aa0f-8e26-4b0c-8221-e7c468dc13f3/4.webp,4,2025-05-02T23:33:15+00:00
7bce328e-b649-456b-9a78-cc3493c29d43,63070180-558c-42be-a80f-e194b2974bc3,/photos/63070180-558c-42be-a80f-e194b2974bc3/0.webp,0,2025-01-31T07:20:02+00:00
abfb3d13-031f-4195-800a-1899e3f7ba3a,63070180-558c-42be-a80f-e194b2974bc3,/photos/63070180-558c-42be-a80f-e194b2974bc3/1.webp,1,2025-01-31T07:20:02+00:00
b8460a02-08aa-4d17-a03c-2bddb08bfb09,63070180-558c-42be-a80f-e194b2974bc3,/photos/63070180-558c-42be-a80f-e194b2974bc3/2.webp,2,2025-01-31T07:20:02+00:00
125a74fd-f7bf-4494-be04-3ab1e41cc355,47006b5e-305a-469f-849a-b1a6781277bb,/photos/47006b5e-305a-469f-849a-b1a6781277bb/0.webp,0,2024-12-24T18:03:30+00:00
b4e6508e-e40c-4886-84d6-284f26a8e07a,47006b5e-305a-469f-849a-b1a6781277bb,/photos/47006b5e-305a-469f-849a-b1a6781277bb/1.webp,1,2024-12-24T18:03:30+00:00
61478037-1854-4ea5-ba1c-37d6eadd69fb,40f7f203-dc2f-4e39-9290-19ec307b3707,/photos/40f7f203-dc2f-4e39-9290-19ec307b3707/0.webp,0,2026-08-26T10:17:11+00:00
645b9d8c-f460-43c5-9108-f250183fcf9e,40f7f203-dc2f-4e39-9290-19ec307b3707,/photos/40f7f203-dc2f-4e39-9290-19ec307b3707/1.webp,1,2026-08-26T10:17:11+00:00
59d9ce18-28cd-41ff-9d37-ab4b8c3123bc,40f7f203-dc2f-4e39-9290-19ec307b3707,/photos/40f7f203-dc2f-4e39-9290-19ec307b3707/2.webp,2,2026-08-26T10:17:11+00:00
c8cd46ad-88d4-444e-8d00-cb6d56265301,40f7f203-dc2f-4e39-9290-19ec307b3707,/photos/40f7f203-dc2f-4e39-9290-19ec307b3707/3.webp,3,2026-08-26T10:17:11+00:00
678e20b6-f079-421c-83a0-d5d137085e24,40f7f203-dc2f-4e39-9290-19ec307b3707,/photos/40f7f203-dc2f-4e39-9290-19ec307b3707/4.webp,4,2026-08-26T10:17:11+00:00
992d53d3-b592-47e2-abfb-73c4a777bbdc,40f7f203-dc2f-4e39-9290-19ec307b3707,/photos/40f7f203-dc2f-4e39-9290-19ec307b3707/5.webp,5,2026-08-26T10:17:11+00:00
650721c3-63a7-4460-8796-8564f26b8c8d,40f7f203-dc2f-4e39-9290-19ec307b3707,/photos/40f7f203-dc2f-4e39-9290-19ec307b3707/6.webp,6,2026-08-26T10:17:11+00:00
ebfe978e-065a-45e5-b30c-e4b2cd6ea65d,40f7f203-dc2f-4e39-9290-19ec307b3707,/photos/40f7f203-dc2f-4e39-9290-19ec307b3707/7.webp,7,2026-08-26T10:17:11+00:00
d1642bce-7398-4d27-9306-e15254c5d9f5,9c52f18c-6734-4c1b-9fff-5051502c2efb,/photos/9c52f18c-6734-4c1b-9fff-5051502c2efb/0.webp,0,2026-07-12T08:56:38+00:00
2f6f7b1f-9662-426b-8a2f-f45dd0a00f46,9c52f18c-6734-4c1b-9fff-5051502c2efb,/photos/9c52f18c-6734-4c1b-9fff-5051502c2efb/1.webp,1,2026-07-12T08:56:38+00:00
3fce14f2-297c-4260-9caa-1181e490c9d1,9c52f18c-6734-4c1b-9fff-5051502c2efb,/photos/9c52f18c-6734-4c1b-9fff-5051502c2efb/2.webp,2,2026-07-12T08:56:38+00:00
b8541ffe-898d-4aca-9486-c039d673d3c4,9c52f18c-6734-4c1b-9fff-5051502c2efb,/photos/9c52f18c-6734-4c1b-9fff-5051502c2efb/3.webp,3,2026-07-12T08:56:38+00:00
7b8a5450-afd0-4ee7-aa11-34e0facbf944,f81e34ec-e0c9-4cc9-9849-027a96eaf091,/photos/f81e34ec-e0c9-4cc9-9849-027a96eaf091/0.webp,0,2026-06-30T06:38:34+00:00
ae1fc003-1c88-48dd-a535-91aaba7437be,f81e34ec-e0c9-4cc9-9849-027a96eaf091,/photos/f81e34ec-e0c9-4cc9-9849-027a96eaf091/1.webp,1,2026-06-30T06:38:34+00:00
005f6a80-9b64-4757-a305-2b431915680d,f81e34ec-e0c9-4cc9-9849-027a96eaf091,/photos/f81e34ec-e0c9-4cc9-9849-027a96eaf091/2.webp,2,2026-06-30T06:38:34+00:00
6724b5ea-a727-4f98-b9d7-cbf78aeb259c,f81e34ec-e0c9-4cc9-9849-027a96eaf091,/photos/f81e34ec-e0c9-4cc9-9849-027a96eaf091/3.webp,3,2026-06-30T06:38:34+00:00
61fd366f-1c79-44b0-842b-c3a89e6528b3,f81e34ec-e0c9-4cc9-9849-027a96eaf091,/photos/f81e34ec-e0c9-4cc9-9849-027a96eaf091/4.webp,4,2026-06-30T06:38:34+00:00
866492b8-2548-4142-9988-551c3b21999f,d47dcb1a-c0df-4900-b4b1-e169453f9d73,/photos/d47dcb1a-c0df-4900-b4b1-e169453f9d73/0.webp,0,2026-04-08T10:15:58+00:00
4b189fce-f5d8-460a-97a9-e7e730688e2e,d47dcb1a-c0df-4900-b4b1-e169453f9d73,/photos/d47dcb1a-c0df-4900-b4b1-e169453f9d73/1.webp,1,2026-04-08T10:15:58+00:00
13dc928d-d734-4314-9d1e-421b821f5005,52c72498-fe45-41aa-bcf6-83c0926502a9,/photos/52c72498-fe45-41aa-bcf6-83c0926502a9/0.webp,0,2026-06-21T14:19:34+00:00
393fcdcf-68e4-4dd3-9f9c-77b2283b03b6,52c72498-fe45-41aa-bcf6-83c0926502a9,/photos/52c72498-fe45-41aa-bcf6-83c0926502a9/1.webp,1,2026-06-21T14:19:34+00:00
ce232c2c-4bba-4ee5-8cd2-e5619ed3d72b,52c72498-fe45-41aa-bcf6-83c0926502a9,/photos/52c72498-fe45-41aa-bcf6-83c0926502a9/2.webp,2,2026-06-21T14:19:34+00:00
b518bb8c-1912-4eda-aca3-ed63ceb98936,462cd314-90c3-4105-a75c-18f4fabc42d3,/photos/462cd314-90c3-4105-a75c-18f4fabc42d3/0.webp,0,2026-06-16T22:14:24+00:00
1b691bab-c57b-4f20-a8f6-fa6a14c7121a,462cd314-90c3-4105-a75c-18f4fabc42d3,/photos/462cd314-90c3-4105-a75c-18f4fabc42d3/1.webp,1,2026-06-16T22:14:24+00:00
611bcac2-2d5d-4abf-b0e5-1e0f51e23d86,462cd314-90c3-4105-a75c-18f4fabc42d3,/photos/462cd314-90c3-4105-a75c-18f4fabc42d3/2.webp,2,2026-06-16T22:14:24+00:00
db2ef942-1ba1-494a-b5fe-0338302e4b4f,462cd314-90c3-4105-a75c-18f4fabc42d3,/photos/462cd314-90c3-4105-a75c-18f4fabc42d3/3.webp,3,2026-06-16T22:14:24+00:00
32eda370-7ff4-4d68-bc2a-ccde3b644929,462cd314-90c3-4105-a75c-18f4fabc42d3,/photos/462cd314-90c3-4105-a75c-18f4fabc42d3/4.webp,4,2026-06-16T22:14:24+00:00
f8238bfb-53be-42ac-a281-63a5a0629c7d,462cd314-90c3-4105-a75c-18f4fabc42d3,/photos/462cd314-90c3-4105-a75c-18f4fabc42d3/5.webp,5,2026-06-16T22:14:24+00:00
43549f95-5e8c-470b-88a4-20c54fe9ba4d,4ceb3a8d-ff0c-4c3b-b9e3-02cfd952094e,/photos/4ceb3a8d-ff0c-4c3b-b9e3-02cfd952094e/0.webp,0,2026-07-31T12:15:54+00:00
44e07e41-8ccb-4968-acfa-993f33b8e8ec,4ceb3a8d-ff0c-4c3b-b9e3-02cfd952094e,/photos/4ceb3a8d-ff0c-4c3b-b9e3-02cfd952094e/1.webp,1,2026-07-31T12:15:54+00:00
2ad0542e-087c-4563-a20f-74f8e49a904d,22d0b677-ecea-400d-9223-2f2ac8b08060,/photos/22d0b677-ecea-400d-9223-2f2ac8b08060/0.webp,0,2026-05-20T23:51:45+00:00
c49d3cea-bfde-48be-8ae5-c0b46f35cf51,22d0b677-ecea-400d-9223-2f2ac8b08060,/photos/22d0b677-ecea-400d-9223-2f2ac8b08060/1.webp,1,2026-05-20T23:51:45+00:00
e02ed4e7-b0d0-4b6b-a316-40a211cbb36e,22d0b677-ecea-400d-9223-2f2ac8b08060,/photos/22d0b677-ecea-400d-9223-2f2ac8b08060/2.webp,2,2026-05-20T23:51:45+00:00
b3728b67-7d38-4851-b157-3cab6da67bf6,22d0b677-ecea-400d-9223-2f2ac8b08060,/photos/22d0b677-ecea-400d-9223-2f2ac8b08060/3.webp,3,2026-05-20T23:51:45+00:00
2f5635f8-5c47-41b6-b96b-ef6d6db22eb7,22d0b677-ecea-400d-9223-2f2ac8b08060,/photos/22d0b677-ecea-400d-9223-2f2ac8b08060/4.webp,4,2026-05-20T23:51:45+00:00
d0825fe7-981c-4c32-a9f8-ec66d90abaed,61688917-6682-4106-8885-1e6491e073bd,/photos/61688917-6682-4106-8885-1e6491e073bd/0.webp,0,2026-08-04T13:56:29+00:00
eeb974be-d57a-4c56-b3fd-aa8e803dda31,61688917-6682-4106-8885-1e6491e073bd,/photos/61688917-6682-4106-8885-1e6491e073bd/1.webp,1,2026-08-04T13:56:29+00:00
6c3079e2-0cac-42a5-9a94-a625ae51cbf3,243fc30d-fdbe-43f4-939e-406239d47169,/photos/243fc30d-fdbe-43f4-939e-406239d47169/0.webp,0,2026-04-04T00:22:45+00:00
0166116e-116d-44d4-bdbb-27fd1247ee9e,243fc30d-fdbe-43f4-939e-406239d47169,/photos/243fc30d-fdbe-43f4-939e-406239d47169/1.webp,1,2026-04-04T00:22:45+00:00
80a129bd-3319-4d44-80ce-38938d0dc26b,0988a74f-0095-4f5e-a8ee-d95db8742a51,/photos/0988a74f-0095-4f5e-a8ee-d95db8742a51/0.webp,0,2025-09-14T15:32:32+00:00
03834a7a-fe2f-4f02-af54-026a8aa05a75,0988a74f-0095-4f5e-a8ee-d95db8742a51,/photos/0988a74f-0095-4f5e-a8ee-d95db8742a51/1.webp,1,2025-09-14T15:32:32+00:00
65da8e01-071e-4f41-ac8c-24cfc899127e,91e04afc-2cf8-478d-ac8e-0fbee2879c76,/photos/91e04afc-2cf8-478d-ac8e-0fbee2879c76/0.webp,0,2026-05-14T22:10:54+00:00
dfb1224b-de4e-40f1-88a6-5a669834ef59,91e04afc-2cf8-478d-ac8e-0fbee2879c76,/photos/91e04afc-2cf8-478d-ac8e-0fbee2879c76/1.webp,1,2026-05-14T22:10:54+00:00
fc3d5b61-a83b-45a1-a3be-4d145458c26e,91e04afc-2cf8-478d-ac8e-0fbee2879c76,/photos/91e04afc-2cf8-478d-ac8e-0fbee2879c76/2.webp,2,2026-05-14T22:10:54+00:00
5c46f637-b1a8-4d88-a855-942302e5a5b4,91e04afc-2cf8-478d-ac8e-0fbee2879c76,/photos/91e04afc-2cf8-478d-ac8e-0fbee2879c76/3.webp,3,2026-05-14T22:10:54+00:00
0c7efd25-bd1a-4139-8938-3ef1a81c639d,91e04afc-2cf8-478d-ac8e-0fbee2879c76,/photos/91e04afc-2cf8-478d-ac8e-0fbee2879c76/4.webp,4,2026-05-14T22:10:54+00:00
b7d81b1c-144a-439a-9f83-2a05c796a36a,91e04afc-2cf8-478d-ac8e-0fbee2879c76,/photos/91e04afc-2cf8-478d-ac8e-0fbee2879c76/5.webp,5,2026-05-14T22:10:54+00:00
7fa203ae-12c8-4d31-aee3-08e69a6ca251,91e04afc-2cf8-478d-ac8e-0fbee2879c76,/photos/91e04afc-2cf8-478d-ac8e-0fbee2879c76/6.webp,6,2026-05-14T22:10:54+00:00
1d035c35-9395-4cf6-8a54-0f149163c2a6,91e04afc-2cf8-478d-ac8e-0fbee2879c76,/photos/91e04afc-2cf8-478d-ac8e-0fbee2879c76/7.webp,7,2026-05-14T22:10:54+00:00
946f6906-4bcc-4385-b756-9b65fa213b78,152e377e-0c97-4ea2-bacc-90ad6f86724a,/photos/152e377e-0c97-4ea2-bacc-90ad6f86724a/0.webp,0,2026-05-06T23:42:29+00:00
dc3a77e3-1a08-4bff-8e8c-42e2a40b20fa,152e377e-0c97-4ea2-bacc-90ad6f86724a,/photos/152e377e-0c97-4ea2-bacc-90ad6f86724a/1.webp,1,2026-05-06T23:42:29+00:00
5edc5c39-1e97-4fa8-bf7d-657ea8c9e21b,360606c6-82d4-4e99-a9bf-8dddb8f9c057,/photos/360606c6-82d4-4e99-a9bf-8dddb8f9c057/0.webp,0,2026-01-31T06:04:41+00:00
5b124281-be3e-4704-921f-529240f1061a,360606c6-82d4-4e99-a9bf-8dddb8f9c057,/photos/360606c6-82d4-4e99-a9bf-8dddb8f9c057/1.webp,1,2026-01-31T06:04:41+00:00
fcfd5cd2-4ba5-482c-8fe5-d4b66fc88ab9,360606c6-82d4-4e99-a9bf-8dddb8f9c057,/photos/360606c6-82d4-4e99-a9bf-8dddb8f9c057/2.webp,2,2026-01-31T06:04:41+00:00
e61beb0f-55da-4675-837a-e36734fc5d6e,360606c6-82d4-4e99-a9bf-8dddb8f9c057,/photos/360606c6-82d4-4e99-a9bf-8dddb8f9c057/3.webp,3,2026-01-31T06:04:41+00:00
68bcb31c-f863-4f8f-853c-db701158a31a,360606c6-82d4-4e99-a9bf-8dddb8f9c057,/photos/360606c6-82d4-4e99-a9bf-8dddb8f9c057/4.webp,4,2026-01-31T06:04:41+00:00
6bd2624b-adf1-40ed-bfb9-4cd9e227a08d,360606c6-82d4-4e99-a9bf-8dddb8f9c057,/photos/360606c6-82d4-4e99-a9bf-8dddb8f9c057/5.webp,5,2026-01-31T06:04:41+00:00
5facffdc-6334-4994-ba4a-cf201051d87f,360606c6-82d4-4e99-a9bf-8dddb8f9c057,/photos/360606c6-82d4-4e99-a9bf-8dddb8f9c057/6.webp,6,2026-01-31T06:04:41+00:00
b81505d3-6522-43c8-858e-bc7576a4fc21,360606c6-82d4-4e99-a9bf-8dddb8f9c057,/photos/360606c6-82d4-4e99-a9bf-8dddb8f9c057/7.webp,7,2026-01-31T06:04:41+00:00
a706b882-0850-48e6-bdfa-fb2aa10ed8ad,6a8fcde3-f919-45ff-b262-1088c83a36b8,/photos/6a8fcde3-f919-45ff-b262-1088c83a36b8/0.webp,0,2026-08-10T21:31:54+00:00
62175bf3-88ad-46f5-beab-65e9fbd22f5b,6a8fcde3-f919-45ff-b262-1088c83a36b8,/photos/6a8fcde3-f919-45ff-b262-1088c83a36b8/1.webp,1,2026-08-10T21:31:54+00:00
6cafed7e-630e-4d29-aad5-7c6365b2d723,6a8fcde3-f919-45ff-b262-1088c83a36b8,/photos/6a8fcde3-f919-45ff-b262-1088c83a36b8/2.webp,2,2026-08-10T21:31:54+00:00
659aed40-1d03-439c-830a-d5d2a5e4cabf,6a8fcde3-f919-45ff-b262-1088c83a36b8,/photos/6a8fcde3-f919-45ff-b262-1088c83a36b8/3.webp,3,2026-08-10T21:31:54+00:00
7ee12dc6-a198-4288-b92e-d572182fe22a,329b1d2e-8331-4952-a673-71f51fbfca3c,/photos/329b1d2e-8331-4952-a673-71f51fbfca3c/0.webp,0,2026-01-19T11:58:53+00:00
ed83517b-47cb-4683-8786-e74e9861c5b4,2ba23793-8b19-43ca-bc60-f9a32aac95ce,/photos/2ba23793-8b19-43ca-bc60-f9a32aac95ce/0.webp,0,2025-09-04T20:41:49+00:00
fd2d3ac8-ae48-49dc-bc1a-71257f20ab60,2ba23793-8b19-43ca-bc60-f9a32aac95ce,/photos/2ba23793-8b19-43ca-bc60-f9a32aac95ce/1.webp,1,2025-09-04T20:41:49+00:00
0ce733fa-d53d-4110-8ef7-41be00109325,2ba23793-8b19-43ca-bc60-f9a32aac95ce,/photos/2ba23793-8b19-43ca-bc60-f9a32aac95ce/2.webp,2,2025-09-04T20:41:49+00:00
acf7d8ba-82a7-4c21-8d65-031b0cb08ee4,2ba23793-8b19-43ca-bc60-f9a32aac95ce,/photos/2ba23793-8b19-43ca-bc60-f9a32aac95ce/3.webp,3,2025-09-04T20:41:49+00:00
ec3c84b7-b72c-4559-b918-f8ea35a0d389,2ba23793-8b19-43ca-bc60-f9a32aac95ce,/photos/2ba23793-8b19-43ca-bc60-f9a32aac95ce/4.webp,4,2025-09-04T20:41:49+00:00
91c51077-8484-4cef-8034-aaf945948585,50584d18-15cd-45b9-a9af-f99f6fd46d60,/photos/50584d18-15cd-45b9-a9af-f99f6fd46d60/0.webp,0,2025-08-24T13:04:19+00:00
442d36d8-d744-4dc7-a9e4-899c8e7c9792,50584d18-15cd-45b9-a9af-f99f6fd46d60,/photos/50584d18-15cd-45b9-a9af-f99f6fd46d60/1.webp,1,2025-08-24T13:04:19+00:00
8cd790fb-cf8f-4469-ba9f-6794219a37de,50584d18-15cd-45b9-a9af-f99f6fd46d60,/photos/50584d18-15cd-45b9-a9af-f99f6fd46d60/2.webp,2,2025-08-24T13:04:19+00:00
8982da03-15fc-498e-98c7-57668f98a72e,5f71020e-90c9-4757-8438-a28bf996c233,/photos/5f71020e-90c9-4757-8438-a28bf996c233/0.webp,0,2026-05-03T07:05:28+00:00
82145de3-21b7-4592-b696-0a1b290e908e,5f71020e-90c9-4757-8438-a28bf996c233,/photos/5f71020e-90c9-4757-8438-a28bf996c233/1.webp,1,2026-05-03T07:05:28+00:00
df112337-2d86-4c42-ae74-185bae94a0cf,84d2d0e1-50dc-4b2c-a0f8-ffc1009b9004,/photos/84d2d0e1-50dc-4b2c-a0f8-ffc1009b9004/0.webp,0,2024-12-26T06:37:16+00:00
18507fc0-0647-42c6-a953-2c1cd7c24d8e,84d2d0e1-50dc-4b2c-a0f8-ffc1009b9004,/photos/84d2d0e1-50dc-4b2c-a0f8-ffc1009b9004/1.webp,1,2024-12-26T06:37:16+00:00
3979443b-cc84-4cc1-a61f-de80f3d6286f,84d2d0e1-50dc-4b2c-a0f8-ffc1009b9004,/photos/84d2d0e1-50dc-4b2c-a0f8-ffc1009b9004/2.webp,2,2024-12-26T06:37:16+00:00
71c5da2b-282d-40d5-8792-8e7781973087,84d2d0e1-50dc-4b2c-a0f8-ffc1009b9004,/photos/84d2d0e1-50dc-4b2c-a0f8-ffc1009b9004/3.webp,3,2024-12-26T06:37:16+00:00
3ed18c81-5eca-4c31-aa73-31751ff161f8,fa4076d0-7926-4a3c-ad48-2ed68fdf42dd,/photos/fa4076d0-7926-4a3c-ad48-2ed68fdf42dd/0.webp,0,2026-02-07T09:57:03+00:00
3d613e91-a660-4cda-8c32-4bd368a48df2,fa4076d0-7926-4a3c-ad48-2ed68fdf42dd,/photos/fa4076d0-7926-4a3c-ad48-2ed68fdf42dd/1.webp,1,2026-02-07T09:57:03+00:00
52e958e1-dc52-40c3-9eef-947717049ffb,80f19598-dad9-42d4-b755-ec142fb7acba,/photos/80f19598-dad9-42d4-b755-ec142fb7acba/0.webp,0,2026-03-02T05:36:43+00:00
e4874357-de40-4925-af69-5cb3926627cb,80f19598-dad9-42d4-b755-ec142fb7acba,/photos/80f19598-dad9-42d4-b755-ec142fb7acba/1.webp,1,2026-03-02T05:36:43+00:00
064ada31-e0b5-42d2-8731-765eefa11fa3,80f19598-dad9-42d4-b755-ec142fb7acba,/photos/80f19598-dad9-42d4-b755-ec142fb7acba/2.webp,2,2026-03-02T05:36:43+00:00
eb080e66-cea8-46d5-b0c4-ff6ceb84e358,80f19598-dad9-42d4-b755-ec142fb7acba,/photos/80f19598-dad9-42d4-b755-ec142fb7acba/3.webp,3,2026-03-02T05:36:43+00:00
9aa80484-18c5-4cd5-9d76-9e94f833e5f1,80f19598-dad9-42d4-b755-ec142fb7acba,/photos/80f19598-dad9-42d4-b755-ec142fb7acba/4.webp,4,2026-03-02T05:36:43+00:00
5cc964fb-9a78-4f5b-8913-a3d80392b7dc,d0647280-a677-48ae-9224-2f2fe7217b5d,/photos/d0647280-a677-48ae-9224-2f2fe7217b5d/0.webp,0,2025-08-17T10:29:33+00:00
4268a6c0-24b4-4c9b-9c9e-1a85c95dc032,d0647280-a677-48ae-9224-2f2fe7217b5d,/photos/d0647280-a677-48ae-9224-2f2fe7217b5d/1.webp,1,2025-08-17T10:29:33+00:00
367f7a45-7a20-4344-a417-43e9abbc46a5,d0647280-a677-48ae-9224-2f2fe7217b5d,/photos/d0647280-a677-48ae-9224-2f2fe7217b5d/2.webp,2,2025-08-17T10:29:33+00:00
19263f82-bbba-441f-ba75-0bf89ce756fb,5c306806-e927-4ee4-9146-60e4b412c080,/photos/5c306806-e927-4ee4-9146-60e4b412c080/0.webp,0,2025-11-02T08:58:35+00:00
bc34e3a7-4a6f-40ab-b5fd-edae6daf8964,5c306806-e927-4ee4-9146-60e4b412c080,/photos/5c306806-e927-4ee4-9146-60e4b412c080/1.webp,1,2025-11-02T08:58:35+00:00
a3ba1fca-3c4c-41c1-ae52-f8d3465302f5,5c306806-e927-4ee4-9146-60e4b412c080,/photos/5c306806-e927-4ee4-9146-60e4b412c080/2.webp,2,2025-11-02T08:58:35+00:00
16bc6d75-35a8-4a83-bd5a-ea9076fae357,5c306806-e927-4ee4-9146-60e4b412c080,/photos/5c306806-e927-4ee4-9146-60e4b412c080/3.webp,3,2025-11-02T08:58:35+00:00
6ef04289-889f-434a-8f64-fa875ed07e6f,5c306806-e927-4ee4-9146-60e4b412c080,/photos/5c306806-e927-4ee4-9146-60e4b412c080/4.webp,4,2025-11-02T08:58:35+00:00
3a911031-0c9d-41c6-89e1-dec072ec612c,5c306806-e927-4ee4-9146-60e4b412c080,/photos/5c306806-e927-4ee4-9146-60e4b412c080/5.webp,5,2025-11-02T08:58:35+00:00
37179d71-9cae-4d7b-9ec9-8a2663cdc49b,2cdc058f-82cf-4db6-9fee-fe3213c271f1,/photos/2cdc058f-82cf-4db6-9fee-fe3213c271f1/0.webp,0,2025-05-16T19:47:40+00:00
fc8c8bf4-878a-420d-8732-c7f3e499be75,2cdc058f-82cf-4db6-9fee-fe3213c271f1,/photos/2cdc058f-82cf-4db6-9fee-fe3213c271f1/1.webp,1,2025-05-16T19:47:40+00:00
80c2eff8-a3b1-4695-af8c-f58d61225d9c,2cdc058f-82cf-4db6-9fee-fe3213c271f1,/photos/2cdc058f-82cf-4db6-9fee-fe3213c271f1/2.webp,2,2025-05-16T19:47:40+00:00
26a322e5-e69a-40a9-914a-33e526c9254f,2cdc058f-82cf-4db6-9fee-fe3213c271f1,/photos/2cdc058f-82cf-4db6-9fee-fe3213c271f1/3.webp,3,2025-05-16T19:47:40+00:00
f6c33465-a257-4f5b-9c2c-061842b20a7b,2cdc058f-82cf-4db6-9fee-fe3213c271f1,/photos/2cdc058f-82cf-4db6-9fee-fe3213c271f1/4.webp,4,2025-05-16T19:47:40+00:00
91e54b50-ed69-458f-ad23-9dea87ef6070,2cdc058f-82cf-4db6-9fee-fe3213c271f1,/photos/2cdc058f-82cf-4db6-9fee-fe3213c271f1/5.webp,5,2025-05-16T19:47:40+00:00
d72ea93b-7431-4a06-9b55-80fac3a511a2,2cdc058f-82cf-4db6-9fee-fe3213c271f1,/photos/2cdc058f-82cf-4db6-9fee-fe3213c271f1/6.webp,6,2025-05-16T19:47:40+00:00
894a9da9-abf1-4d92-9268-c256db8731ea,8a46054d-9813-4f3e-99b3-fa9cec2033d3,/photos/8a46054d-9813-4f3e-99b3-fa9cec2033d3/0.webp,0,2025-07-11T15:09:17+00:00
ae3ce900-4ac8-4826-bc2a-1dd8bd16c54c,8a46054d-9813-4f3e-99b3-fa9cec2033d3,/photos/8a46054d-9813-4f3e-99b3-fa9cec2033d3/1.webp,1,2025-07-11T15:09:17+00:00
42fd31b5-4c1c-44b1-9e4f-053c71fa6bdc,8a46054d-9813-4f3e-99b3-fa9cec2033d3,/photos/8a46054d-9813-4f3e-99b3-fa9cec2033d3/2.webp,2,2025-07-11T15:09:17+00:00
2e340cd1-5103-4e99-9ff1-c2c539a1f658,8a46054d-9813-4f3e-99b3-fa9cec2033d3,/photos/8a46054d-9813-4f3e-99b3-fa9cec2033d3/3.webp,3,2025-07-11T15:09:17+00:00
5e858760-e225-4193-99c3-dca6f4a24319,f855dd60-ab7b-49af-bfd9-19aca86c6e7d,/photos/f855dd60-ab7b-49af-bfd9-19aca86c6e7d/0.webp,0,2025-09-15T09:43:05+00:00
bd73e6a3-5072-4fb0-9346-d9c34cf3369b,f855dd60-ab7b-49af-bfd9-19aca86c6e7d,/photos/f855dd60-ab7b-49af-bfd9-19aca86c6e7d/1.webp,1,2025-09-15T09:43:05+00:00
dc2be1a3-2d83-4914-a62e-c049e65307ab,f855dd60-ab7b-49af-bfd9-19aca86c6e7d,/photos/f855dd60-ab7b-49af-bfd9-19aca86c6e7d/2.webp,2,2025-09-15T09:43:05+00:00
5ae03044-5d4c-4a91-a0c8-6ead945bd7e2,f855dd60-ab7b-49af-bfd9-19aca86c6e7d,/photos/f855dd60-ab7b-49af-bfd9-19aca86c6e7d/3.webp,3,2025-09-15T09:43:05+00:00
ef1f56d9-f6a3-42f1-8b65-02ff3123333c,f855dd60-ab7b-49af-bfd9-19aca86c6e7d,/photos/f855dd60-ab7b-49af-bfd9-19aca86c6e7d/4.webp,4,2025-09-15T09:43:05+00:00
d8bc4c50-da90-4955-b868-4de6f1878f39,612e180a-2212-4a08-8850-78c54a163aed,/photos/612e180a-2212-4a08-8850-78c54a163aed/0.webp,0,2025-07-04T17:05:28+00:00
8d816805-ddde-46ad-bfc1-1788aad6f069,612e180a-2212-4a08-8850-78c54a163aed,/photos/612e180a-2212-4a08-8850-78c54a163aed/1.webp,1,2025-07-04T17:05:28+00:00
bc2d8502-899e-4e8f-ac38-a06910126268,612e180a-2212-4a08-8850-78c54a163aed,/photos/612e180a-2212-4a08-8850-78c54a163aed/2.webp,2,2025-07-04T17:05:28+00:00
644a0015-4bea-424d-a88f-abdd62f00ad0,612e180a-2212-4a08-8850-78c54a163aed,/photos/612e180a-2212-4a08-8850-78c54a163aed/3.webp,3,2025-07-04T17:05:28+00:00
6d0d4e1a-357b-4db9-9068-b85ea0326bcc,68b25b5f-4761-4e90-a8c0-02d67caa3683,/photos/68b25b5f-4761-4e90-a8c0-02d67caa3683/0.webp,0,2026-05-02T20:17:35+00:00
dc040120-0051-446b-ad1a-820777ba8284,db96685c-4b3d-4694-babd-1a1d25c13315,/photos/db96685c-4b3d-4694-babd-1a1d25c13315/0.webp,0,2026-04-06T17:34:48+00:00
59724fff-5c38-4893-b40c-856f91fe4e74,db96685c-4b3d-4694-babd-1a1d25c13315,/photos/db96685c-4b3d-4694-babd-1a1d25c13315/1.webp,1,2026-04-06T17:34:48+00:00
e9bef9c4-740c-444f-9a27-fd14d7911909,db96685c-4b3d-4694-babd-1a1d25c13315,/photos/db96685c-4b3d-4694-babd-1a1d25c13315/2.webp,2,2026-04-06T17:34:48+00:00
d6772ac2-2e71-4406-9d7c-618972de5ac9,db96685c-4b3d-4694-babd-1a1d25c13315,/photos/db96685c-4b3d-4694-babd-1a1d25c13315/3.webp,3,2026-04-06T17:34:48+00:00
3059fb31-6e53-47fe-b983-2bb782681078,db96685c-4b3d-4694-babd-1a1d25c13315,/photos/db96685c-4b3d-4694-babd-1a1d25c13315/4.webp,4,2026-04-06T17:34:48+00:00
30d34bad-061c-40f8-9e4e-2246ceff2be1,3b75bf9b-df8c-47be-8138-1b969d8481e8,/photos/3b75bf9b-df8c-47be-8138-1b969d8481e8/0.webp,0,2025-07-11T10:45:41+00:00
18ef8de0-59fb-43f4-a1cc-e3ef1a3b6de3,3b75bf9b-df8c-47be-8138-1b969d8481e8,/photos/3b75bf9b-df8c-47be-8138-1b969d8481e8/1.webp,1,2025-07-11T10:45:41+00:00
07d664c9-97d6-4ded-8900-b597d83225d2,3b75bf9b-df8c-47be-8138-1b969d8481e8,/photos/3b75bf9b-df8c-47be-8138-1b969d8481e8/2.webp,2,2025-07-11T10:45:41+00:00
d1884151-7938-4bdc-bb08-5161ee7a05ab,3b75bf9b-df8c-47be-8138-1b969d8481e8,/photos/3b75bf9b-df8c-47be-8138-1b969d8481e8/3.webp,3,2025-07-11T10:45:41+00:00
e645a26a-c874-42fe-b2c5-8d4ab9b6c922,3b75bf9b-df8c-47be-8138-1b969d8481e8,/photos/3b75bf9b-df8c-47be-8138-1b969d8481e8/4.webp,4,2025-07-11T10:45:41+00:00
d5413316-384e-4024-bf6e-96ec134178ef,3b75bf9b-df8c-47be-8138-1b969d8481e8,/photos/3b75bf9b-df8c-47be-8138-1b969d8481e8/5.webp,5,2025-07-11T10:45:41+00:00
979cf2fd-ec8d-4d91-a5b6-7dfe92bc17cb,e68fc596-53ea-409d-ae7d-4511e9c2c2ef,/photos/e68fc596-53ea-409d-ae7d-4511e9c2c2ef/0.webp,0,2026-02-10T06:26:12+00:00
277f10cc-3abb-46c9-b666-940e176b8df3,e68fc596-53ea-409d-ae7d-4511e9c2c2ef,/photos/e68fc596-53ea-409d-ae7d-4511e9c2c2ef/1.webp,1,2026-02-10T06:26:12+00:00
6ceaf8b9-518f-4661-9a5c-3d815881032a,e68fc596-53ea-409d-ae7d-4511e9c2c2ef,/photos/e68fc596-53ea-409d-ae7d-4511e9c2c2ef/2.webp,2,2026-02-10T06:26:12+00:00
33354777-c09a-4729-ac08-79073e5de440,d8fa8037-670a-4ef7-8f46-bcd57a4db9c6,/photos/d8fa8037-670a-4ef7-8f46-bcd57a4db9c6/0.webp,0,2025-10-04T11:26:59+00:00
f7a2c4a1-4fdc-4584-a68a-24fd4fe03ef3,d8fa8037-670a-4ef7-8f46-bcd57a4db9c6,/photos/d8fa8037-670a-4ef7-8f46-bcd57a4db9c6/1.webp,1,2025-10-04T11:26:59+00:00
93690beb-0748-4940-bc4a-6a735eb2f887,d8fa8037-670a-4ef7-8f46-bcd57a4db9c6,/photos/d8fa8037-670a-4ef7-8f46-bcd57a4db9c6/2.webp,2,2025-10-04T11:26:59+00:00
d4aaf44b-1986-4a0a-a0bf-a97881218850,d8fa8037-670a-4ef7-8f46-bcd57a4db9c6,/photos/d8fa8037-670a-4ef7-8f46-bcd57a4db9c6/3.webp,3,2025-10-04T11:26:59+00:00
80e368d0-716a-4661-b386-259c0ffdd428,0a63fb2e-0c3d-42d5-938c-1bf98ba36a89,/photos/0a63fb2e-0c3d-42d5-938c-1bf98ba36a89/0.webp,0,2026-08-20T07:15:19+00:00
a1e1fbf6-0e8b-48f7-a2d8-76e920641b46,b0e60f3c-7bcb-4345-9d10-03f605418a77,/photos/b0e60f3c-7bcb-4345-9d10-03f605418a77/0.webp,0,2025-05-27T03:58:09+00:00
07dbd5c1-ac4e-4806-a847-0a2504efca2e,b0e60f3c-7bcb-4345-9d10-03f605418a77,/photos/b0e60f3c-7bcb-4345-9d10-03f605418a77/1.webp,1,2025-05-27T03:58:09+00:00
31f8d353-8fba-4099-a773-1aa8bb55182c,b0e60f3c-7bcb-4345-9d10-03f605418a77,/photos/b0e60f3c-7bcb-4345-9d10-03f605418a77/2.webp,2,2025-05-27T03:58:09+00:00
8c4227db-e29c-4e29-ba23-894dd8d56886,b0e60f3c-7bcb-4345-9d10-03f605418a77,/photos/b0e60f3c-7bcb-4345-9d10-03f605418a77/3.webp,3,2025-05-27T03:58:09+00:00
42d34452-e279-4253-9e85-d7984ba4c514,b0e60f3c-7bcb-4345-9d10-03f605418a77,/photos/b0e60f3c-7bcb-4345-9d10-03f605418a77/4.webp,4,2025-05-27T03:58:09+00:00
0a755c5f-62c3-4b0b-8638-edde352ab123,c371c5ca-69f5-47f8-b2fc-5faa68061d9e,/photos/c371c5ca-69f5-47f8-b2fc-5faa68061d9e/0.webp,0,2025-07-08T07:15:54+00:00
a505b8d9-a60f-4f3c-88d0-39d2f3145906,c371c5ca-69f5-47f8-b2fc-5faa68061d9e,/photos/c371c5ca-69f5-47f8-b2fc-5faa68061d9e/1.webp,1,2025-07-08T07:15:54+00:00
7902ac14-faae-45a0-9911-ef2df083da63,c371c5ca-69f5-47f8-b2fc-5faa68061d9e,/photos/c371c5ca-69f5-47f8-b2fc-5faa68061d9e/2.webp,2,2025-07-08T07:15:54+00:00
4063b1bf-67ee-47e1-ae5c-3834087979fd,de820541-16f3-416c-bec0-340ef64ac306,/photos/de820541-16f3-416c-bec0-340ef64ac306/0.webp,0,2026-03-30T01:52:50+00:00
55f4d442-55d7-4873-b622-13e07499dae2,de820541-16f3-416c-bec0-340ef64ac306,/photos/de820541-16f3-416c-bec0-340ef64ac306/1.webp,1,2026-03-30T01:52:50+00:00
5ec0ac15-5d6e-4d2d-8065-d357c8174843,de820541-16f3-416c-bec0-340ef64ac306,/photos/de820541-16f3-416c-bec0-340ef64ac306/2.webp,2,2026-03-30T01:52:50+00:00
d9e1d214-e92e-4245-95f7-ecb3a566df4f,1ab1131c-ebba-450e-b4db-bef9292943b2,/photos/1ab1131c-ebba-450e-b4db-bef9292943b2/0.webp,0,2026-04-24T18:44:46+00:00
fa0eaf64-bd79-4a88-9a2b-cd0a125d07ef,1ab1131c-ebba-450e-b4db-bef9292943b2,/photos/1ab1131c-ebba-450e-b4db-bef9292943b2/1.webp,1,2026-04-24T18:44:46+00:00
563e3099-ed7a-4403-b1fd-2766cf6f7a54,1ab1131c-ebba-450e-b4db-bef9292943b2,/photos/1ab1131c-ebba-450e-b4db-bef9292943b2/2.webp,2,2026-04-24T18:44:46+00:00
8ca8f885-fd88-420f-baae-c2275c805e14,e2115c41-7478-4de9-91ca-9bd427f9869c,/photos/e2115c41-7478-4de9-91ca-9bd427f9869c/0.webp,0,2025-08-22T08:26:52+00:00
e2b15d71-6d00-49af-817f-86eb906f692e,e2115c41-7478-4de9-91ca-9bd427f9869c,/photos/e2115c41-7478-4de9-91ca-9bd427f9869c/1.webp,1,2025-08-22T08:26:52+00:00
d6c69c03-2de9-4485-9aea-cef54127661f,e2115c41-7478-4de9-91ca-9bd427f9869c,/photos/e2115c41-7478-4de9-91ca-9bd427f9869c/2.webp,2,2025-08-22T08:26:52+00:00
db530213-dc23-4996-9f0c-45838742df78,e2115c41-7478-4de9-91ca-9bd427f9869c,/photos/e2115c41-7478-4de9-91ca-9bd427f9869c/3.webp,3,2025-08-22T08:26:52+00:00
296e763f-eda2-4cab-bdb6-6bf2267930ae,e2115c41-7478-4de9-91ca-9bd427f9869c,/photos/e2115c41-7478-4de9-91ca-9bd427f9869c/4.webp,4,2025-08-22T08:26:52+00:00
9dcbfd8b-41cb-495c-a68b-b2dbd74b48a2,e2115c41-7478-4de9-91ca-9bd427f9869c,/photos/e2115c41-7478-4de9-91ca-9bd427f9869c/5.webp,5,2025-08-22T08:26:52+00:00
0546b0c6-baee-45d5-b7ad-7b8d7869f72f,e2115c41-7478-4de9-91ca-9bd427f9869c,/photos/e2115c41-7478-4de9-91ca-9bd427f9869c/6.webp,6,2025-08-22T08:26:52+00:00
ce5f905d-5d92-4d03-b902-73abd3f05e39,e2115c41-7478-4de9-91ca-9bd427f9869c,/photos/e2115c41-7478-4de9-91ca-9bd427f9869c/7.webp,7,2025-08-22T08:26:52+00:00
41dcab0f-74fa-4605-8dbd-1bce35c40a8c,cd403da8-3b4e-499c-bf83-1a1ee6ed11ee,/photos/cd403da8-3b4e-499c-bf83-1a1ee6ed11ee/0.webp,0,2026-02-23T13:20:49+00:00
b139ce35-6d50-424d-9140-f04f45c41a98,cd403da8-3b4e-499c-bf83-1a1ee6ed11ee,/photos/cd403da8-3b4e-499c-bf83-1a1ee6ed11ee/1.webp,1,2026-02-23T13:20:49+00:00
a00c3010-df5c-47d8-ac03-eb055ce147dc,f3898bff-253c-4439-945e-cfe4feddd152,/photos/f3898bff-253c-4439-945e-cfe4feddd152/0.webp,0,2025-08-26T17:16:42+00:00
902484f3-ae49-4428-af4e-f36da6e50c6a,f3898bff-253c-4439-945e-cfe4feddd152,/photos/f3898bff-253c-4439-945e-cfe4feddd152/1.webp,1,2025-08-26T17:16:42+00:00
9a4324f1-cde5-409e-a72f-33dec4c2de53,f3898bff-253c-4439-945e-cfe4feddd152,/photos/f3898bff-253c-4439-945e-cfe4feddd152/2.webp,2,2025-08-26T17:16:42+00:00
63ddacc1-2d90-42a8-911d-3b393803267a,f3898bff-253c-4439-945e-cfe4feddd152,/photos/f3898bff-253c-4439-945e-cfe4feddd152/3.webp,3,2025-08-26T17:16:42+00:00
10deab78-6927-4f61-b206-624ea1b68218,4f167669-bc1e-4161-9cd7-c8f20a1812d6,/photos/4f167669-bc1e-4161-9cd7-c8f20a1812d6/0.webp,0,2024-10-18T14:31:32+00:00
9f75bd02-693c-4cda-8185-5686a27d0d6b,4f167669-bc1e-4161-9cd7-c8f20a1812d6,/photos/4f167669-bc1e-4161-9cd7-c8f20a1812d6/1.webp,1,2024-10-18T14:31:32+00:00
745c5e7b-d4ae-4370-9ebc-a8d8cf0c6998,4f167669-bc1e-4161-9cd7-c8f20a1812d6,/photos/4f167669-bc1e-4161-9cd7-c8f20a1812d6/2.webp,2,2024-10-18T14:31:32+00:00
26f8c3db-b33a-4141-b59f-aad8c2b68cb6,4f167669-bc1e-4161-9cd7-c8f20a1812d6,/photos/4f167669-bc1e-4161-9cd7-c8f20a1812d6/3.webp,3,2024-10-18T14:31:32+00:00
2213fb0c-c088-4451-a2a9-d6c5af7d7221,4f167669-bc1e-4161-9cd7-c8f20a1812d6,/photos/4f167669-bc1e-4161-9cd7-c8f20a1812d6/4.webp,4,2024-10-18T14:31:32+00:00
cf64f293-7050-45ef-9a2f-2a056708a89c,4f167669-bc1e-4161-9cd7-c8f20a1812d6,/photos/4f167669-bc1e-4161-9cd7-c8f20a1812d6/5.webp,5,2024-10-18T14:31:32+00:00
9dace9d9-cbac-4d06-adc7-3069db15acd3,20d6d26c-dc58-4c93-95a6-7083b5c29de9,/photos/20d6d26c-dc58-4c93-95a6-7083b5c29de9/0.webp,0,2024-11-09T05:48:32+00:00
14b34a29-8cc4-466f-b0a8-da2d8339031a,20d6d26c-dc58-4c93-95a6-7083b5c29de9,/photos/20d6d26c-dc58-4c93-95a6-7083b5c29de9/1.webp,1,2024-11-09T05:48:32+00:00
f9cf3168-e199-4fa0-8bd8-0fe5ce9b50af,20d6d26c-dc58-4c93-95a6-7083b5c29de9,/photos/20d6d26c-dc58-4c93-95a6-7083b5c29de9/2.webp,2,2024-11-09T05:48:32+00:00
e7742d64-946d-4188-b755-883e9f1ddfcb,20d6d26c-dc58-4c93-95a6-7083b5c29de9,/photos/20d6d26c-dc58-4c93-95a6-7083b5c29de9/3.webp,3,2024-11-09T05:48:32+00:00
b07fc779-22f3-4739-89fb-19897e9f75df,20d6d26c-dc58-4c93-95a6-7083b5c29de9,/photos/20d6d26c-dc58-4c93-95a6-7083b5c29de9/4.webp,4,2024-11-09T05:48:32+00:00
f1fdfaeb-f330-48b4-b9da-6a1396346727,4a6aa5f9-4b3e-48cd-9f86-2ace7f0109c5,/photos/4a6aa5f9-4b3e-48cd-9f86-2ace7f0109c5/0.webp,0,2026-08-18T15:34:47+00:00
4ac4443a-f71b-4255-9939-8c8a3b1701e6,253d86d2-dcdd-4c22-86c0-2ec3f282d580,/photos/253d86d2-dcdd-4c22-86c0-2ec3f282d580/0.webp,0,2026-08-18T08:06:52+00:00
f82e7a2b-a8f9-4917-b359-2c3c098c7890,253d86d2-dcdd-4c22-86c0-2ec3f282d580,/photos/253d86d2-dcdd-4c22-86c0-2ec3f282d580/1.webp,1,2026-08-18T08:06:52+00:00
ed738d4b-bc51-4fd2-8767-66f714f0a852,253d86d2-dcdd-4c22-86c0-2ec3f282d580,/photos/253d86d2-dcdd-4c22-86c0-2ec3f282d580/2.webp,2,2026-08-18T08:06:52+00:00
0a860043-5df3-4332-97f0-6e9882ee4cb0,253d86d2-dcdd-4c22-86c0-2ec3f282d580,/photos/253d86d2-dcdd-4c22-86c0-2ec3f282d580/3.webp,3,2026-08-18T08:06:52+00:00
cfe73f85-8b4b-4979-b3a6-51c760111281,51249e9d-056f-4eb1-8f4d-e47f83fbb168,/photos/51249e9d-056f-4eb1-8f4d-e47f83fbb168/0.webp,0,2025-08-30T11:16:56+00:00
3958a895-e83a-4f4a-8d2a-1d843c21e6f3,51249e9d-056f-4eb1-8f4d-e47f83fbb168,/photos/51249e9d-056f-4eb1-8f4d-e47f83fbb168/1.webp,1,2025-08-30T11:16:56+00:00
ce0ca572-ed14-43f6-b186-5dc11de4f124,3d1692a9-31bd-48a3-9c44-bcb87da99383,/photos/3d1692a9-31bd-48a3-9c44-bcb87da99383/0.webp,0,2025-08-06T11:42:06+00:00
5843a814-6fd0-4352-954d-7faa67582ccb,3d1692a9-31bd-48a3-9c44-bcb87da99383,/photos/3d1692a9-31bd-48a3-9c44-bcb87da99383/1.webp,1,2025-08-06T11:42:06+00:00
c17fcd5a-f2aa-4457-b26c-25b88c777b3d,3d1692a9-31bd-48a3-9c44-bcb87da99383,/photos/3d1692a9-31bd-48a3-9c44-bcb87da99383/2.webp,2,2025-08-06T11:42:06+00:00
89fc9fcb-a913-4570-be60-60072c0d0bf6,3d1692a9-31bd-48a3-9c44-bcb87da99383,/photos/3d1692a9-31bd-48a3-9c44-bcb87da99383/3.webp,3,2025-08-06T11:42:06+00:00
92afc057-c228-4123-b47b-dcc173cce63b,1ba8618c-e034-435d-b8b4-18469a5e3163,/photos/1ba8618c-e034-435d-b8b4-18469a5e3163/0.webp,0,2026-06-20T21:34:43+00:00
c9c94181-b49d-406a-b91d-851112505921,1ba8618c-e034-435d-b8b4-18469a5e3163,/photos/1ba8618c-e034-435d-b8b4-18469a5e3163/1.webp,1,2026-06-20T21:34:43+00:00
d6bab5a5-04c5-46e0-9b88-51aeaba2a82a,c54f3268-aa82-403f-b8bf-53b556c3a8e3,/photos/c54f3268-aa82-403f-b8bf-53b556c3a8e3/0.webp,0,2025-03-08T04:25:28+00:00
56532baf-ded9-4d47-9ece-29d107682b6a,c54f3268-aa82-403f-b8bf-53b556c3a8e3,/photos/c54f3268-aa82-403f-b8bf-53b556c3a8e3/1.webp,1,2025-03-08T04:25:28+00:00
89e47196-d535-45eb-a5f7-7de1cb2cad5f,170f6779-135f-445f-b589-9a0f9bdbca20,/photos/170f6779-135f-445f-b589-9a0f9bdbca20/0.webp,0,2026-04-23T14:23:17+00:00
fe3ae4a7-17bf-417e-99df-f79c34b180b8,170f6779-135f-445f-b589-9a0f9bdbca20,/photos/170f6779-135f-445f-b589-9a0f9bdbca20/1.webp,1,2026-04-23T14:23:17+00:00
f9d0849f-c756-4ae1-97fe-d82069c2b23d,170f6779-135f-445f-b589-9a0f9bdbca20,/photos/170f6779-135f-445f-b589-9a0f9bdbca20/2.webp,2,2026-04-23T14:23:17+00:00
7cdf26b1-931e-4792-a5e6-7097e16259b3,f84ec975-e1dd-4ced-b0ff-2af15a8cc2d3,/photos/f84ec975-e1dd-4ced-b0ff-2af15a8cc2d3/0.webp,0,2025-05-03T01:05:28+00:00
6a213b08-5c6d-464b-b575-bd6a389d9574,f84ec975-e1dd-4ced-b0ff-2af15a8cc2d3,/photos/f84ec975-e1dd-4ced-b0ff-2af15a8cc2d3/1.webp,1,2025-05-03T01:05:28+00:00
23866453-3752-46ee-8698-ed4958692620,f84ec975-e1dd-4ced-b0ff-2af15a8cc2d3,/photos/f84ec975-e1dd-4ced-b0ff-2af15a8cc2d3/2.webp,2,2025-05-03T01:05:28+00:00
a975f785-7f60-4e6a-90bb-fe7e1226dbc2,f84ec975-e1dd-4ced-b0ff-2af15a8cc2d3,/photos/f84ec975-e1dd-4ced-b0ff-2af15a8cc2d3/3.webp,3,2025-05-03T01:05:28+00:00
c49a08bb-e26b-4fe8-ba9c-e2ad3d9bfe46,f84ec975-e1dd-4ced-b0ff-2af15a8cc2d3,/photos/f84ec975-e1dd-4ced-b0ff-2af15a8cc2d3/4.webp,4,2025-05-03T01:05:28+00:00
747c72ab-6f30-40ed-bf54-f4c03d66c023,f84ec975-e1dd-4ced-b0ff-2af15a8cc2d3,/photos/f84ec975-e1dd-4ced-b0ff-2af15a8cc2d3/5.webp,5,2025-05-03T01:05:28+00:00
a7a25f7a-0bcd-478f-8c66-7c7724a30c38,f84ec975-e1dd-4ced-b0ff-2af15a8cc2d3,/photos/f84ec975-e1dd-4ced-b0ff-2af15a8cc2d3/6.webp,6,2025-05-03T01:05:28+00:00
0336bb08-6546-495b-9fff-18f26727f3c2,f84ec975-e1dd-4ced-b0ff-2af15a8cc2d3,/photos/f84ec975-e1dd-4ced-b0ff-2af15a8cc2d3/7.webp,7,2025-05-03T01:05:28+00:00
239dd986-2ec3-47a7-94cc-39840654b5a0,f84ec975-e1dd-4ced-b0ff-2af15a8cc2d3,/photos/f84ec975-e1dd-4ced-b0ff-2af15a8cc2d3/8.webp,8,2025-05-03T01:05:28+00:00
fb97d01f-4337-44cb-a993-5c1d8e618f47,f84ec975-e1dd-4ced-b0ff-2af15a8cc2d3,/photos/f84ec975-e1dd-4ced-b0ff-2af15a8cc2d3/9.webp,9,2025-05-03T01:05:28+00:00
fe784d0a-0e42-4d40-b69a-b35fe946aeb0,7e9896e1-dfb2-49ea-a856-c776a5b7ab59,/photos/7e9896e1-dfb2-49ea-a856-c776a5b7ab59/0.webp,0,2026-08-14T14:48:51+00:00
a3c42b89-ff3f-4682-ad9a-3de6bb911cd4,7e9896e1-dfb2-49ea-a856-c776a5b7ab59,/photos/7e9896e1-dfb2-49ea-a856-c776a5b7ab59/1.webp,1,2026-08-14T14:48:51+00:00
5ad1bc36-8ca2-4bb0-b93e-f8314bbaed00,19b60f16-85b2-472c-9c3f-fa76cedf140a,/photos/19b60f16-85b2-472c-9c3f-fa76cedf140a/0.webp,0,2025-02-05T21:47:36+00:00
1cdb8cdb-3db3-4252-a6d3-2ba09a13f13d,19b60f16-85b2-472c-9c3f-fa76cedf140a,/photos/19b60f16-85b2-472c-9c3f-fa76cedf140a/1.webp,1,2025-02-05T21:47:36+00:00
3b960f20-5cf1-4e4c-a29f-bda0d8325524,59bfc74f-2250-4f6f-9961-bb2da96534be,/photos/59bfc74f-2250-4f6f-9961-bb2da96534be/0.webp,0,2025-09-15T12:49:31+00:00
4d544d55-857a-4ca5-93ff-69c0ad873d17,59bfc74f-2250-4f6f-9961-bb2da96534be,/photos/59bfc74f-2250-4f6f-9961-bb2da96534be/1.webp,1,2025-09-15T12:49:31+00:00
bdff23fd-753f-4781-a514-cd551101ef11,59bfc74f-2250-4f6f-9961-bb2da96534be,/photos/59bfc74f-2250-4f6f-9961-bb2da96534be/2.webp,2,2025-09-15T12:49:31+00:00
fb54c148-3431-4d76-8535-98bd3ace0ea7,59bfc74f-2250-4f6f-9961-bb2da96534be,/photos/59bfc74f-2250-4f6f-9961-bb2da96534be/3.webp,3,2025-09-15T12:49:31+00:00
0cfc8f18-509d-46d9-92ff-97a6b2ffd078,e799613e-c8c8-45ab-9948-909ed38ce154,/photos/e799613e-c8c8-45ab-9948-909ed38ce154/0.webp,0,2026-02-13T18:26:46+00:00
4f6e7f98-d4f8-497c-ab7c-af71978ea7f9,e799613e-c8c8-45ab-9948-909ed38ce154,/photos/e799613e-c8c8-45ab-9948-909ed38ce154/1.webp,1,2026-02-13T18:26:46+00:00
e7cc7b0e-2951-4a8d-8640-9e7b70b265d3,e799613e-c8c8-45ab-9948-909ed38ce154,/photos/e799613e-c8c8-45ab-9948-909ed38ce154/2.webp,2,2026-02-13T18:26:46+00:00
8c724386-9eac-4c35-86bf-337f032dd887,e799613e-c8c8-45ab-9948-909ed38ce154,/photos/e799613e-c8c8-45ab-9948-909ed38ce154/3.webp,3,2026-02-13T18:26:46+00:00
b164aacb-fec8-4d19-9eae-906e1ab4deb4,e799613e-c8c8-45ab-9948-909ed38ce154,/photos/e799613e-c8c8-45ab-9948-909ed38ce154/4.webp,4,2026-02-13T18:26:46+00:00
354e71ff-63a7-4e4a-9634-3636200a5d3b,e799613e-c8c8-45ab-9948-909ed38ce154,/photos/e799613e-c8c8-45ab-9948-909ed38ce154/5.webp,5,2026-02-13T18:26:46+00:00
dbbac6e4-4064-4e8e-b599-598792b22805,e799613e-c8c8-45ab-9948-909ed38ce154,/photos/e799613e-c8c8-45ab-9948-909ed38ce154/6.webp,6,2026-02-13T18:26:46+00:00
e9d7cef1-3889-4eca-9ed5-34a83bc22faa,39a53c88-4526-446a-a50b-5c53f061276a,/photos/39a53c88-4526-446a-a50b-5c53f061276a/0.webp,0,2025-01-24T20:57:26+00:00
5f7588e5-db1b-4723-a513-713cefe10868,39a53c88-4526-446a-a50b-5c53f061276a,/photos/39a53c88-4526-446a-a50b-5c53f061276a/1.webp,1,2025-01-24T20:57:26+00:00
c4d4b7c8-4d0e-4aab-8676-98db64e45a63,39a53c88-4526-446a-a50b-5c53f061276a,/photos/39a53c88-4526-446a-a50b-5c53f061276a/2.webp,2,2025-01-24T20:57:26+00:00
1c90ef64-7439-4e65-b4ee-02af2eeb7636,6621b3ed-bc8e-48fc-8e44-33eb89a077fd,/photos/6621b3ed-bc8e-48fc-8e44-33eb89a077fd/0.webp,0,2026-05-20T10:03:20+00:00
ebbef801-af29-4cc2-a41e-46b734d008af,6621b3ed-bc8e-48fc-8e44-33eb89a077fd,/photos/6621b3ed-bc8e-48fc-8e44-33eb89a077fd/1.webp,1,2026-05-20T10:03:20+00:00
80c6d241-e1b9-4593-9f21-685b3fd769bb,6621b3ed-bc8e-48fc-8e44-33eb89a077fd,/photos/6621b3ed-bc8e-48fc-8e44-33eb89a077fd/2.webp,2,2026-05-20T10:03:20+00:00
32d5423e-5466-47cd-82d0-a677576c3567,6621b3ed-bc8e-48fc-8e44-33eb89a077fd,/photos/6621b3ed-bc8e-48fc-8e44-33eb89a077fd/3.webp,3,2026-05-20T10:03:20+00:00
42d98705-bec2-4164-a077-5cf58fb95822,6621b3ed-bc8e-48fc-8e44-33eb89a077fd,/photos/6621b3ed-bc8e-48fc-8e44-33eb89a077fd/4.webp,4,2026-05-20T10:03:20+00:00
8a20ca2c-a87c-47ca-8715-90e2947712d0,6621b3ed-bc8e-48fc-8e44-33eb89a077fd,/photos/6621b3ed-bc8e-48fc-8e44-33eb89a077fd/5.webp,5,2026-05-20T10:03:20+00:00
573ddf0b-d26b-4198-b2d2-55b426734cbf,6621b3ed-bc8e-48fc-8e44-33eb89a077fd,/photos/6621b3ed-bc8e-48fc-8e44-33eb89a077fd/6.webp,6,2026-05-20T10:03:20+00:00
83081e26-b48a-4828-a879-3ac9a2d6a236,6621b3ed-bc8e-48fc-8e44-33eb89a077fd,/photos/6621b3ed-bc8e-48fc-8e44-33eb89a077fd/7.webp,7,2026-05-20T10:03:20+00:00
c5db1ab9-4413-4adc-960d-fc1f8b0c930b,6621b3ed-bc8e-48fc-8e44-33eb89a077fd,/photos/6621b3ed-bc8e-48fc-8e44-33eb89a077fd/8.webp,8,2026-05-20T10:03:20+00:00
83b1a35c-1bdf-4f41-b2b1-d9e2a4b601cc,fc08385b-878e-4380-95e1-3f6a1bf13a6b,/photos/fc08385b-878e-4380-95e1-3f6a1bf13a6b/0.webp,0,2026-05-12T05:34:45+00:00
db9d16d4-8dd7-4922-b3ad-35bad1fcd80a,fc08385b-878e-4380-95e1-3f6a1bf13a6b,/photos/fc08385b-878e-4380-95e1-3f6a1bf13a6b/1.webp,1,2026-05-12T05:34:45+00:00
6a96a026-e359-4975-b408-3116196937e0,31f26598-e065-4558-821f-097008c77184,/photos/31f26598-e065-4558-821f-097008c77184/0.webp,0,2026-02-18T02:43:11+00:00
d44a91d2-8e30-49be-9117-9e352113b35a,31f26598-e065-4558-821f-097008c77184,/photos/31f26598-e065-4558-821f-097008c77184/1.webp,1,2026-02-18T02:43:11+00:00
0891b1ee-6573-40e2-8d3d-32f580c4fc3d,31f26598-e065-4558-821f-097008c77184,/photos/31f26598-e065-4558-821f-097008c77184/2.webp,2,2026-02-18T02:43:11+00:00
2488f28c-0538-4e32-8768-9cf17661adba,31f26598-e065-4558-821f-097008c77184,/photos/31f26598-e065-4558-821f-097008c77184/3.webp,3,2026-02-18T02:43:11+00:00
dd6fa1e7-0a6e-4f40-9193-28927230b663,63cbba12-8df2-42f2-a3d1-f4fc3a078abf,/photos/63cbba12-8df2-42f2-a3d1-f4fc3a078abf/0.webp,0,2025-08-08T17:03:45+00:00
0c1da0b7-4cfa-4ddc-bc0d-d15bde347604,63cbba12-8df2-42f2-a3d1-f4fc3a078abf,/photos/63cbba12-8df2-42f2-a3d1-f4fc3a078abf/1.webp,1,2025-08-08T17:03:45+00:00
978c2bbc-ae5c-4d32-815e-1067d974cc3b,63cbba12-8df2-42f2-a3d1-f4fc3a078abf,/photos/63cbba12-8df2-42f2-a3d1-f4fc3a078abf/2.webp,2,2025-08-08T17:03:45+00:00
e4c01e26-0196-4afb-8030-729a3d79c342,2d4ff1ac-96fe-4396-b3c3-0150e043c8ea,/photos/2d4ff1ac-96fe-4396-b3c3-0150e043c8ea/0.webp,0,2026-01-10T15:01:23+00:00
cac1ed49-2a17-4d71-b697-0a447e6f438b,2d4ff1ac-96fe-4396-b3c3-0150e043c8ea,/photos/2d4ff1ac-96fe-4396-b3c3-0150e043c8ea/1.webp,1,2026-01-10T15:01:23+00:00
5e4611f3-6d56-4fc8-a8fa-c5f218cf81db,2d4ff1ac-96fe-4396-b3c3-0150e043c8ea,/photos/2d4ff1ac-96fe-4396-b3c3-0150e043c8ea/2.webp,2,2026-01-10T15:01:23+00:00
9ecd53b3-a619-4018-8dac-f92a2f7eb747,b7f6d638-440e-4849-a195-85d388efb88c,/photos/b7f6d638-440e-4849-a195-85d388efb88c/0.webp,0,2025-08-19T09:19:19+00:00
7a9d76d4-8001-44c9-8664-282ffdc6ec25,b7f6d638-440e-4849-a195-85d388efb88c,/photos/b7f6d638-440e-4849-a195-85d388efb88c/1.webp,1,2025-08-19T09:19:19+00:00
5379d9ae-1f51-4465-b7ec-57ef6663bc6f,fd832261-6687-4ded-ae20-e7ec19e897d3,/photos/fd832261-6687-4ded-ae20-e7ec19e897d3/0.webp,0,2025-08-23T11:27:14+00:00
a46a3e43-6417-4db6-af6a-81e6e06318c8,fd832261-6687-4ded-ae20-e7ec19e897d3,/photos/fd832261-6687-4ded-ae20-e7ec19e897d3/1.webp,1,2025-08-23T11:27:14+00:00
cda2563b-8dcc-4b9d-b6be-db181171a5e4,fd832261-6687-4ded-ae20-e7ec19e897d3,/photos/fd832261-6687-4ded-ae20-e7ec19e897d3/2.webp,2,2025-08-23T11:27:14+00:00
772d887c-34c7-4803-a5f1-8c0c945c3e3d,9ea0e81a-e30a-44b7-9c53-5ffbf84300de,/photos/9ea0e81a-e30a-44b7-9c53-5ffbf84300de/0.webp,0,2025-08-17T18:08:28+00:00
3495f61e-5fdb-4cb7-9ee1-4c3b2bad710f,9ea0e81a-e30a-44b7-9c53-5ffbf84300de,/photos/9ea0e81a-e30a-44b7-9c53-5ffbf84300de/1.webp,1,2025-08-17T18:08:28+00:00
d125ae92-f6a1-4156-99e2-ce100edfbbf7,9ea0e81a-e30a-44b7-9c53-5ffbf84300de,/photos/9ea0e81a-e30a-44b7-9c53-5ffbf84300de/2.webp,2,2025-08-17T18:08:28+00:00
9af489d6-285d-466f-ad83-2e2443b51217,9ea0e81a-e30a-44b7-9c53-5ffbf84300de,/photos/9ea0e81a-e30a-44b7-9c53-5ffbf84300de/3.webp,3,2025-08-17T18:08:28+00:00
f8cbb750-00db-4e20-b5c2-f98e11153ffa,2f83c24b-c750-4c5a-ab63-ef7e57ea7a2c,/photos/2f83c24b-c750-4c5a-ab63-ef7e57ea7a2c/0.webp,0,2025-02-09T14:27:04+00:00
daeeb1e3-6bf9-4a7d-a27d-710c08659178,2f83c24b-c750-4c5a-ab63-ef7e57ea7a2c,/photos/2f83c24b-c750-4c5a-ab63-ef7e57ea7a2c/1.webp,1,2025-02-09T14:27:04+00:00
24048f05-59c0-4550-bd83-1795fd46e087,2f83c24b-c750-4c5a-ab63-ef7e57ea7a2c,/photos/2f83c24b-c750-4c5a-ab63-ef7e57ea7a2c/2.webp,2,2025-02-09T14:27:04+00:00
c95ce7c9-62de-4aea-9ee0-83ccd51f69fd,2eaf8d9a-9e09-483a-9755-9f6f83a00790,/photos/2eaf8d9a-9e09-483a-9755-9f6f83a00790/0.webp,0,2026-07-21T16:34:37+00:00
7d10ea1f-3680-47e5-8a72-5121560be23f,2eaf8d9a-9e09-483a-9755-9f6f83a00790,/photos/2eaf8d9a-9e09-483a-9755-9f6f83a00790/1.webp,1,2026-07-21T16:34:37+00:00
7a686c70-4ad7-4ab5-9fd9-4a7ae59ee1b0,2eaf8d9a-9e09-483a-9755-9f6f83a00790,/photos/2eaf8d9a-9e09-483a-9755-9f6f83a00790/2.webp,2,2026-07-21T16:34:37+00:00
643b01be-30aa-4389-842e-5a944334ae4b,2eaf8d9a-9e09-483a-9755-9f6f83a00790,/photos/2eaf8d9a-9e09-483a-9755-9f6f83a00790/3.webp,3,2026-07-21T16:34:37+00:00
2d73bf53-9e8b-4c0b-b3e7-b80f661fc24a,6a1992a1-a7e5-427a-ba15-0fdef081d619,/photos/6a1992a1-a7e5-427a-ba15-0fdef081d619/0.webp,0,2025-07-23T04:25:12+00:00
b9d30a0f-428d-4c66-ba3f-01cfd0203c1a,9452e227-fa98-4d50-a087-ca46ee33c27e,/photos/9452e227-fa98-4d50-a087-ca46ee33c27e/0.webp,0,2026-05-24T04:28:00+00:00
d8f4dbec-28a2-46d0-aed5-bf07865ada3c,9452e227-fa98-4d50-a087-ca46ee33c27e,/photos/9452e227-fa98-4d50-a087-ca46ee33c27e/1.webp,1,2026-05-24T04:28:00+00:00
131787d1-11c4-4671-8c9c-af0f11a01214,9452e227-fa98-4d50-a087-ca46ee33c27e,/photos/9452e227-fa98-4d50-a087-ca46ee33c27e/2.webp,2,2026-05-24T04:28:00+00:00
bd495216-cd44-4010-8077-c9c70a0ec22e,9452e227-fa98-4d50-a087-ca46ee33c27e,/photos/9452e227-fa98-4d50-a087-ca46ee33c27e/3.webp,3,2026-05-24T04:28:00+00:00
c78c7671-8053-42cc-8183-47e12e975f47,9452e227-fa98-4d50-a087-ca46ee33c27e,/photos/9452e227-fa98-4d50-a087-ca46ee33c27e/4.webp,4,2026-05-24T04:28:00+00:00
455b4a49-d431-4bca-8e3e-94c4eb33b262,87813b23-83fa-4548-9936-ec1ea78ec904,/photos/87813b23-83fa-4548-9936-ec1ea78ec904/0.webp,0,2025-09-12T23:36:00+00:00
4f7e9897-60ea-4fcd-be0f-0d303011b4b7,87813b23-83fa-4548-9936-ec1ea78ec904,/photos/87813b23-83fa-4548-9936-ec1ea78ec904/1.webp,1,2025-09-12T23:36:00+00:00
47bf3c71-0c1f-44e2-adbe-f75c2c9886d2,87813b23-83fa-4548-9936-ec1ea78ec904,/photos/87813b23-83fa-4548-9936-ec1ea78ec904/2.webp,2,2025-09-12T23:36:00+00:00
0ab0fb36-5fbd-4fba-b6c8-072ed6b0909f,87813b23-83fa-4548-9936-ec1ea78ec904,/photos/87813b23-83fa-4548-9936-ec1ea78ec904/3.webp,3,2025-09-12T23:36:00+00:00
48863366-7567-4730-a818-40e926b5754a,87813b23-83fa-4548-9936-ec1ea78ec904,/photos/87813b23-83fa-4548-9936-ec1ea78ec904/4.webp,4,2025-09-12T23:36:00+00:00
514038a9-7d66-419e-86e5-7506ef164dfa,87813b23-83fa-4548-9936-ec1ea78ec904,/photos/87813b23-83fa-4548-9936-ec1ea78ec904/5.webp,5,2025-09-12T23:36:00+00:00
ab6b94ff-ed3d-47c1-94dd-b6214a88b86a,b7a1fb77-52da-486d-b3ff-b37d6acacc54,/photos/b7a1fb77-52da-486d-b3ff-b37d6acacc54/0.webp,0,2025-09-05T23:08:54+00:00
7a84625b-0c92-461d-aacc-63f56ca24fd5,3888dfd5-f523-41e1-adb4-ca302e91d660,/photos/3888dfd5-f523-41e1-adb4-ca302e91d660/0.webp,0,2026-06-21T23:53:36+00:00
75a1ddd1-7517-4bc4-a8a5-48d6c4998d3e,3888dfd5-f523-41e1-adb4-ca302e91d660,/photos/3888dfd5-f523-41e1-adb4-ca302e91d660/1.webp,1,2026-06-21T23:53:36+00:00
c7f1129f-8fa4-48e9-a056-ba14f849f993,551f6f8a-3060-42ef-84a0-b1dfe9a02355,/photos/551f6f8a-3060-42ef-84a0-b1dfe9a02355/0.webp,0,2026-07-06T15:56:07+00:00
12720f15-5bc3-47ea-b65e-33169e776f3d,551f6f8a-3060-42ef-84a0-b1dfe9a02355,/photos/551f6f8a-3060-42ef-84a0-b1dfe9a02355/1.webp,1,2026-07-06T15:56:07+00:00
8fb558ce-b30f-422d-9236-42b25ab5a74e,551f6f8a-3060-42ef-84a0-b1dfe9a02355,/photos/551f6f8a-3060-42ef-84a0-b1dfe9a02355/2.webp,2,2026-07-06T15:56:07+00:00
80745c7c-e180-4767-a732-f7fd6413afd8,551f6f8a-3060-42ef-84a0-b1dfe9a02355,/photos/551f6f8a-3060-42ef-84a0-b1dfe9a02355/3.webp,3,2026-07-06T15:56:07+00:00
66b19184-0a46-4477-988d-64dffb79299e,d2966cc1-191a-4776-bc35-288e7bb4cf15,/photos/d2966cc1-191a-4776-bc35-288e7bb4cf15/0.webp,0,2026-02-10T03:17:47+00:00
232bfcc2-8db8-47c5-ba69-1f3468aff925,d2966cc1-191a-4776-bc35-288e7bb4cf15,/photos/d2966cc1-191a-4776-bc35-288e7bb4cf15/1.webp,1,2026-02-10T03:17:47+00:00
ce4ac742-f4fe-4054-961e-dc9e27dcfec1,d2966cc1-191a-4776-bc35-288e7bb4cf15,/photos/d2966cc1-191a-4776-bc35-288e7bb4cf15/2.webp,2,2026-02-10T03:17:47+00:00
8d6ed56d-bb0a-4336-8ae8-1ba0557775b3,d2966cc1-191a-4776-bc35-288e7bb4cf15,/photos/d2966cc1-191a-4776-bc35-288e7bb4cf15/3.webp,3,2026-02-10T03:17:47+00:00
9128ed32-dd7c-4f55-953c-a446a5041257,34d28842-3797-40a6-9981-0d8c3a15c1c6,/photos/34d28842-3797-40a6-9981-0d8c3a15c1c6/0.webp,0,2026-06-07T23:47:00+00:00
bbe004a8-72e9-4763-94d1-2f612dd31e64,34d28842-3797-40a6-9981-0d8c3a15c1c6,/photos/34d28842-3797-40a6-9981-0d8c3a15c1c6/1.webp,1,2026-06-07T23:47:00+00:00
c7d42602-3acd-48f8-badf-f96931b900f8,34d28842-3797-40a6-9981-0d8c3a15c1c6,/photos/34d28842-3797-40a6-9981-0d8c3a15c1c6/2.webp,2,2026-06-07T23:47:00+00:00
c5906188-8af5-4558-a352-383e3fcc084a,c23fc4b9-9fb1-43b2-8215-4467e363b1e3,/photos/c23fc4b9-9fb1-43b2-8215-4467e363b1e3/0.webp,0,2026-05-14T22:43:38+00:00
da676b2f-16c0-4310-b622-00437bd5051a,c23fc4b9-9fb1-43b2-8215-4467e363b1e3,/photos/c23fc4b9-9fb1-43b2-8215-4467e363b1e3/1.webp,1,2026-05-14T22:43:38+00:00
4f1ae4fd-f337-4d59-ace7-b9503a0864ea,c23fc4b9-9fb1-43b2-8215-4467e363b1e3,/photos/c23fc4b9-9fb1-43b2-8215-4467e363b1e3/2.webp,2,2026-05-14T22:43:38+00:00
6dfcec23-1a8c-4229-87eb-f09551a7206a,78baa83c-e631-492d-921d-97f209627a79,/photos/78baa83c-e631-492d-921d-97f209627a79/0.webp,0,2026-06-18T00:56:15+00:00
f1a4a295-0b87-4a26-8f0f-c4d8a962ba89,78baa83c-e631-492d-921d-97f209627a79,/photos/78baa83c-e631-492d-921d-97f209627a79/1.webp,1,2026-06-18T00:56:15+00:00
a21b722c-b495-4780-b27c-85b3679a734f,78baa83c-e631-492d-921d-97f209627a79,/photos/78baa83c-e631-492d-921d-97f209627a79/2.webp,2,2026-06-18T00:56:15+00:00
3a83b7a2-d52a-491f-b19e-0db7553ef345,78baa83c-e631-492d-921d-97f209627a79,/photos/78baa83c-e631-492d-921d-97f209627a79/3.webp,3,2026-06-18T00:56:15+00:00
b87af12f-b734-474a-a07f-9fcaf0c68966,78baa83c-e631-492d-921d-97f209627a79,/photos/78baa83c-e631-492d-921d-97f209627a79/4.webp,4,2026-06-18T00:56:15+00:00
ebf2c41e-ace3-49e2-b46f-058bff1141a2,78baa83c-e631-492d-921d-97f209627a79,/photos/78baa83c-e631-492d-921d-97f209627a79/5.webp,5,2026-06-18T00:56:15+00:00
842f5a0b-9ede-4233-ba02-3f655f21d11e,78baa83c-e631-492d-921d-97f209627a79,/photos/78baa83c-e631-492d-921d-97f209627a79/6.webp,6,2026-06-18T00:56:15+00:00
97013e0a-e84c-4d21-ad1b-068f1837bb4c,78baa83c-e631-492d-921d-97f209627a79,/photos/78baa83c-e631-492d-921d-97f209627a79/7.webp,7,2026-06-18T00:56:15+00:00
a9f4490d-1213-4613-9c1f-0d6b71809017,40e82213-1338-447c-8626-9980727695fd,/photos/40e82213-1338-447c-8626-9980727695fd/0.webp,0,2025-05-20T14:55:02+00:00
288ed519-c152-4aa9-9f85-bbfc38c3d82d,40e82213-1338-447c-8626-9980727695fd,/photos/40e82213-1338-447c-8626-9980727695fd/1.webp,1,2025-05-20T14:55:02+00:00
fe3744c6-1090-4682-9446-82bb87b917e0,40e82213-1338-447c-8626-9980727695fd,/photos/40e82213-1338-447c-8626-9980727695fd/2.webp,2,2025-05-20T14:55:02+00:00
88f0bc69-e156-489b-bca7-5cf197a81142,40e82213-1338-447c-8626-9980727695fd,/photos/40e82213-1338-447c-8626-9980727695fd/3.webp,3,2025-05-20T14:55:02+00:00
89c3a10f-54c5-4f99-882a-1261406af40c,40e82213-1338-447c-8626-9980727695fd,/photos/40e82213-1338-447c-8626-9980727695fd/4.webp,4,2025-05-20T14:55:02+00:00
2ce853f6-3e2c-4970-904e-95d3efa3576e,1bb70f6b-9252-425f-b545-18b462ccb0f6,/photos/1bb70f6b-9252-425f-b545-18b462ccb0f6/0.webp,0,2026-06-19T12:00:08+00:00
32325aad-703c-41a5-8890-6b3928edd8e8,1bb70f6b-9252-425f-b545-18b462ccb0f6,/photos/1bb70f6b-9252-425f-b545-18b462ccb0f6/1.webp,1,2026-06-19T12:00:08+00:00
ed1f4e07-1988-4f7b-b253-406de9919138,1bb70f6b-9252-425f-b545-18b462ccb0f6,/photos/1bb70f6b-9252-425f-b545-18b462ccb0f6/2.webp,2,2026-06-19T12:00:08+00:00
226fcf6b-755b-42a8-8329-2c708e08b0cf,8ae89483-21c4-48ea-b91a-0bad18edac4b,/photos/8ae89483-21c4-48ea-b91a-0bad18edac4b/0.webp,0,2026-04-21T07:45:17+00:00
8ad80ede-eb3d-4a1f-95ed-3955527961a0,8ae89483-21c4-48ea-b91a-0bad18edac4b,/photos/8ae89483-21c4-48ea-b91a-0bad18edac4b/1.webp,1,2026-04-21T07:45:17+00:00
7eecc894-00df-42d2-b34f-497b48a4a2a5,8ae89483-21c4-48ea-b91a-0bad18edac4b,/photos/8ae89483-21c4-48ea-b91a-0bad18edac4b/2.webp,2,2026-04-21T07:45:17+00:00
a90511b1-f4c0-4492-8f5a-06d2cd81d9a2,8ae89483-21c4-48ea-b91a-0bad18edac4b,/photos/8ae89483-21c4-48ea-b91a-0bad18edac4b/3.webp,3,2026-04-21T07:45:17+00:00
be0aec63-1553-49d6-a872-fb29bea531e0,8ae89483-21c4-48ea-b91a-0bad18edac4b,/photos/8ae89483-21c4-48ea-b91a-0bad18edac4b/4.webp,4,2026-04-21T07:45:17+00:00
8c47492f-7ca1-4a9b-84d5-519e9a030d3d,bbd981af-926c-45db-8178-8934a9fd8c0b,/photos/bbd981af-926c-45db-8178-8934a9fd8c0b/0.webp,0,2025-08-01T13:57:43+00:00
f2a09612-24f6-4c88-8b45-339bf21ad5ff,bbd981af-926c-45db-8178-8934a9fd8c0b,/photos/bbd981af-926c-45db-8178-8934a9fd8c0b/1.webp,1,2025-08-01T13:57:43+00:00
69754288-c792-41c1-8cff-abe4063a7868,bbd981af-926c-45db-8178-8934a9fd8c0b,/photos/bbd981af-926c-45db-8178-8934a9fd8c0b/2.webp,2,2025-08-01T13:57:43+00:00
b24b1ed1-b1e0-458f-b340-404b6c189082,bbd981af-926c-45db-8178-8934a9fd8c0b,/photos/bbd981af-926c-45db-8178-8934a9fd8c0b/3.webp,3,2025-08-01T13:57:43+00:00
f164c0ee-3fe9-43dc-90b4-416e5fb8b2b4,bbd981af-926c-45db-8178-8934a9fd8c0b,/photos/bbd981af-926c-45db-8178-8934a9fd8c0b/4.webp,4,2025-08-01T13:57:43+00:00
6abca9a5-d40b-49b3-9308-79fd9bc87e85,bbd981af-926c-45db-8178-8934a9fd8c0b,/photos/bbd981af-926c-45db-8178-8934a9fd8c0b/5.webp,5,2025-08-01T13:57:43+00:00
f896b1f8-8d22-4e6e-8f31-7b340c52a984,bbd981af-926c-45db-8178-8934a9fd8c0b,/photos/bbd981af-926c-45db-8178-8934a9fd8c0b/6.webp,6,2025-08-01T13:57:43+00:00
9597fd1d-de87-4878-b7ac-eaccf28b7913,bbd981af-926c-45db-8178-8934a9fd8c0b,/photos/bbd981af-926c-45db-8178-8934a9fd8c0b/7.webp,7,2025-08-01T13:57:43+00:00
b8a0d04a-ecc1-4910-8831-fde9258a943d,bbd981af-926c-45db-8178-8934a9fd8c0b,/photos/bbd981af-926c-45db-8178-8934a9fd8c0b/8.webp,8,2025-08-01T13:57:43+00:00
a16b287e-36de-4a50-a4de-da8e83db90f4,a4fa48a3-3418-4cd6-8fa8-78c687688c4e,/photos/a4fa48a3-3418-4cd6-8fa8-78c687688c4e/0.webp,0,2026-07-31T16:08:13+00:00
9f5cc876-29fd-46c5-9d99-f22785184cce,a4fa48a3-3418-4cd6-8fa8-78c687688c4e,/photos/a4fa48a3-3418-4cd6-8fa8-78c687688c4e/1.webp,1,2026-07-31T16:08:13+00:00
a5bec85f-1511-4466-beb6-3348c9ce9852,a4fa48a3-3418-4cd6-8fa8-78c687688c4e,/photos/a4fa48a3-3418-4cd6-8fa8-78c687688c4e/2.webp,2,2026-07-31T16:08:13+00:00
08b6efc1-b439-4462-9587-2d89a89f5b24,0efadc07-a8d9-4e98-afc0-d09a8b4f883b,/photos/0efadc07-a8d9-4e98-afc0-d09a8b4f883b/0.webp,0,2026-03-22T13:04:39+00:00
7253a6d1-c20f-4736-b32b-dcb765a35720,0efadc07-a8d9-4e98-afc0-d09a8b4f883b,/photos/0efadc07-a8d9-4e98-afc0-d09a8b4f883b/1.webp,1,2026-03-22T13:04:39+00:00
780eefff-110e-4f8a-a0a2-d6a075f259c5,0efadc07-a8d9-4e98-afc0-d09a8b4f883b,/photos/0efadc07-a8d9-4e98-afc0-d09a8b4f883b/2.webp,2,2026-03-22T13:04:39+00:00
04ca862e-ec89-4f42-95f1-061f08fe9115,0efadc07-a8d9-4e98-afc0-d09a8b4f883b,/photos/0efadc07-a8d9-4e98-afc0-d09a8b4f883b/3.webp,3,2026-03-22T13:04:39+00:00
b6cb9e4c-ca67-46f9-8727-9486022f92a2,0efadc07-a8d9-4e98-afc0-d09a8b4f883b,/photos/0efadc07-a8d9-4e98-afc0-d09a8b4f883b/4.webp,4,2026-03-22T13:04:39+00:00
806d29b8-7008-45cd-8217-2d3c9895cbce,2b139452-5de0-4b12-81fd-23e6cb38c478,/photos/2b139452-5de0-4b12-81fd-23e6cb38c478/0.webp,0,2026-08-06T10:09:55+00:00
f6c282ee-2188-4c14-880b-c6e929bb670b,2b139452-5de0-4b12-81fd-23e6cb38c478,/photos/2b139452-5de0-4b12-81fd-23e6cb38c478/1.webp,1,2026-08-06T10:09:55+00:00
a6ce2e29-fecc-4c7d-9c2a-84a7378bb076,2b139452-5de0-4b12-81fd-23e6cb38c478,/photos/2b139452-5de0-4b12-81fd-23e6cb38c478/2.webp,2,2026-08-06T10:09:55+00:00
31df95a6-d0bd-4f30-9707-e5be80555324,8786cbb1-ecf1-471f-a8ed-683dd5202d11,/photos/8786cbb1-ecf1-471f-a8ed-683dd5202d11/0.webp,0,2025-09-28T01:18:58+00:00
a7d161ee-0f40-4621-8cbb-3eea430b6db3,8786cbb1-ecf1-471f-a8ed-683dd5202d11,/photos/8786cbb1-ecf1-471f-a8ed-683dd5202d11/1.webp,1,2025-09-28T01:18:58+00:00
be233344-c3f8-4840-bfce-a9b136f96951,8786cbb1-ecf1-471f-a8ed-683dd5202d11,/photos/8786cbb1-ecf1-471f-a8ed-683dd5202d11/2.webp,2,2025-09-28T01:18:58+00:00
823bbade-6c45-4ce9-a4d4-e84cd65157c6,8786cbb1-ecf1-471f-a8ed-683dd5202d11,/photos/8786cbb1-ecf1-471f-a8ed-683dd5202d11/3.webp,3,2025-09-28T01:18:58+00:00
2c8e09fe-ed1a-430b-951f-4e82d5a5d18d,8786cbb1-ecf1-471f-a8ed-683dd5202d11,/photos/8786cbb1-ecf1-471f-a8ed-683dd5202d11/4.webp,4,2025-09-28T01:18:58+00:00
6ab4cc3c-f344-4290-ba5c-c24fabd3442a,8786cbb1-ecf1-471f-a8ed-683dd5202d11,/photos/8786cbb1-ecf1-471f-a8ed-683dd5202d11/5.webp,5,2025-09-28T01:18:58+00:00
b20662e4-a72c-42b6-9ef3-f2aa197ed237,8786cbb1-ecf1-471f-a8ed-683dd5202d11,/photos/8786cbb1-ecf1-471f-a8ed-683dd5202d11/6.webp,6,2025-09-28T01:18:58+00:00
7172273c-0149-46cf-ab77-9819a394751d,8786cbb1-ecf1-471f-a8ed-683dd5202d11,/photos/8786cbb1-ecf1-471f-a8ed-683dd5202d11/7.webp,7,2025-09-28T01:18:58+00:00
fb2a1ce2-b5ec-4785-809b-ff419a60c1bc,b96f1e84-489e-4162-99c0-ccdc52e6e012,/photos/b96f1e84-489e-4162-99c0-ccdc52e6e012/0.webp,0,2026-05-08T12:17:47+00:00
e6b37746-1ec8-4762-9143-e3da20d63e30,b96f1e84-489e-4162-99c0-ccdc52e6e012,/photos/b96f1e84-489e-4162-99c0-ccdc52e6e012/1.webp,1,2026-05-08T12:17:47+00:00
ed28f7e5-3aec-4f1c-92d1-aa279d0a9941,b96f1e84-489e-4162-99c0-ccdc52e6e012,/photos/b96f1e84-489e-4162-99c0-ccdc52e6e012/2.webp,2,2026-05-08T12:17:47+00:00
32270be0-f5fb-48f6-9bbe-389b4c5ae850,4e9458d2-a4f7-407b-a820-09819ba51ac9,/photos/4e9458d2-a4f7-407b-a820-09819ba51ac9/0.webp,0,2026-06-30T05:37:46+00:00
6cd37e58-2f14-4953-847a-4dd38a372230,4e9458d2-a4f7-407b-a820-09819ba51ac9,/photos/4e9458d2-a4f7-407b-a820-09819ba51ac9/1.webp,1,2026-06-30T05:37:46+00:00
f58092eb-90cf-4f4b-af1e-4bac04548962,4e9458d2-a4f7-407b-a820-09819ba51ac9,/photos/4e9458d2-a4f7-407b-a820-09819ba51ac9/2.webp,2,2026-06-30T05:37:46+00:00
e35fa22f-2564-4408-9737-66af99d448db,b93af04e-ea1d-42f9-b131-1bb8bc82e165,/photos/b93af04e-ea1d-42f9-b131-1bb8bc82e165/0.webp,0,2026-08-27T15:51:18+00:00
1a9be06c-d6b0-497c-9ab4-f0d1321ccae9,b93af04e-ea1d-42f9-b131-1bb8bc82e165,/photos/b93af04e-ea1d-42f9-b131-1bb8bc82e165/1.webp,1,2026-08-27T15:51:18+00:00
a2d62019-60e0-4ec2-a614-90a96a22e933,b93af04e-ea1d-42f9-b131-1bb8bc82e165,/photos/b93af04e-ea1d-42f9-b131-1bb8bc82e165/2.webp,2,2026-08-27T15:51:18+00:00
0dfb25b6-f834-4e8a-ad15-35968f717f96,b93af04e-ea1d-42f9-b131-1bb8bc82e165,/photos/b93af04e-ea1d-42f9-b131-1bb8bc82e165/3.webp,3,2026-08-27T15:51:18+00:00
a286e405-e28c-4a44-bb6d-33fa649e2fa1,b93af04e-ea1d-42f9-b131-1bb8bc82e165,/photos/b93af04e-ea1d-42f9-b131-1bb8bc82e165/4.webp,4,2026-08-27T15:51:18+00:00
07e2ad17-250e-4921-8dca-3a9c6c2a3f17,f64936ff-1fab-4662-8815-5242231503f3,/photos/f64936ff-1fab-4662-8815-5242231503f3/0.webp,0,2026-02-13T22:48:48+00:00
10c626ad-1c6b-496a-a124-75d2cbec1c7c,606a700d-e16b-46d6-8e1e-c87ae80b6418,/photos/606a700d-e16b-46d6-8e1e-c87ae80b6418/0.webp,0,2026-05-19T16:23:57+00:00
c209dc8b-872f-4e28-ad09-99de0bc12fe4,606a700d-e16b-46d6-8e1e-c87ae80b6418,/photos/606a700d-e16b-46d6-8e1e-c87ae80b6418/1.webp,1,2026-05-19T16:23:57+00:00
066143a2-2861-4b85-954f-2953cb5866e8,606a700d-e16b-46d6-8e1e-c87ae80b6418,/photos/606a700d-e16b-46d6-8e1e-c87ae80b6418/2.webp,2,2026-05-19T16:23:57+00:00
5a0b6dc8-6499-4603-8305-0b9cf1741caa,606a700d-e16b-46d6-8e1e-c87ae80b6418,/photos/606a700d-e16b-46d6-8e1e-c87ae80b6418/3.webp,3,2026-05-19T16:23:57+00:00
ed67085e-74e6-42b4-a281-798138a28521,606a700d-e16b-46d6-8e1e-c87ae80b6418,/photos/606a700d-e16b-46d6-8e1e-c87ae80b6418/4.webp,4,2026-05-19T16:23:57+00:00
7dd61308-af20-4be5-a10d-d861b477571b,606a700d-e16b-46d6-8e1e-c87ae80b6418,/photos/606a700d-e16b-46d6-8e1e-c87ae80b6418/5.webp,5,2026-05-19T16:23:57+00:00
4e7cc42d-9e91-482f-97ea-f53459d80644,b7214c77-6321-4fa8-b475-ef3cb0731d82,/photos/b7214c77-6321-4fa8-b475-ef3cb0731d82/0.webp,0,2026-01-28T18:56:05+00:00
d6b649d1-5650-4011-abdb-7d60303c90a8,b7214c77-6321-4fa8-b475-ef3cb0731d82,/photos/b7214c77-6321-4fa8-b475-ef3cb0731d82/1.webp,1,2026-01-28T18:56:05+00:00
c0850840-5672-4b12-8c3c-e29c2dd48d91,d6d20e15-a9fd-47a0-af9d-790087f40901,/photos/d6d20e15-a9fd-47a0-af9d-790087f40901/0.webp,0,2026-08-16T06:23:49+00:00
51f0c502-90c2-4fc8-a92e-5daad8f7baee,d6d20e15-a9fd-47a0-af9d-790087f40901,/photos/d6d20e15-a9fd-47a0-af9d-790087f40901/1.webp,1,2026-08-16T06:23:49+00:00
6145b11c-e516-468a-a5c7-d21c2e82923a,d6d20e15-a9fd-47a0-af9d-790087f40901,/photos/d6d20e15-a9fd-47a0-af9d-790087f40901/2.webp,2,2026-08-16T06:23:49+00:00
d27f52cd-2371-43b2-85ea-fde08655bd57,d6d20e15-a9fd-47a0-af9d-790087f40901,/photos/d6d20e15-a9fd-47a0-af9d-790087f40901/3.webp,3,2026-08-16T06:23:49+00:00
96eaa6a7-4651-42b1-b21d-e305304a6a1c,d6d20e15-a9fd-47a0-af9d-790087f40901,/photos/d6d20e15-a9fd-47a0-af9d-790087f40901/4.webp,4,2026-08-16T06:23:49+00:00
ab35fdb4-f21e-4367-936f-dc10f3051210,d6d20e15-a9fd-47a0-af9d-790087f40901,/photos/d6d20e15-a9fd-47a0-af9d-790087f40901/5.webp,5,2026-08-16T06:23:49+00:00
85c97b15-af23-4a85-834f-3712c7caa253,d6d20e15-a9fd-47a0-af9d-790087f40901,/photos/d6d20e15-a9fd-47a0-af9d-790087f40901/6.webp,6,2026-08-16T06:23:49+00:00
daaac49e-6b16-4f96-acb3-2c382690b05f,d6d20e15-a9fd-47a0-af9d-790087f40901,/photos/d6d20e15-a9fd-47a0-af9d-790087f40901/7.webp,7,2026-08-16T06:23:49+00:00
94e3a609-6b01-4c9d-a06e-3b1510a60d85,ffb2a281-4357-4d58-a8d4-b1e261c0f612,/photos/ffb2a281-4357-4d58-a8d4-b1e261c0f612/0.webp,0,2025-08-18T18:09:37+00:00
e8fbaaf8-234f-4af8-a7e4-db07a34904fc,ffb2a281-4357-4d58-a8d4-b1e261c0f612,/photos/ffb2a281-4357-4d58-a8d4-b1e261c0f612/1.webp,1,2025-08-18T18:09:37+00:00
6868492b-3b0f-4db5-aa65-418b0dfdacc6,ffb2a281-4357-4d58-a8d4-b1e261c0f612,/photos/ffb2a281-4357-4d58-a8d4-b1e261c0f612/2.webp,2,2025-08-18T18:09:37+00:00
278acb25-5878-4cde-b554-e29294cbfd06,ffb2a281-4357-4d58-a8d4-b1e261c0f612,/photos/ffb2a281-4357-4d58-a8d4-b1e261c0f612/3.webp,3,2025-08-18T18:09:37+00:00
df8215e1-0c5a-44c1-9ac2-7fbb78abca1e,7d89e19f-0e54-4189-b610-2da5d1022eb6,/photos/7d89e19f-0e54-4189-b610-2da5d1022eb6/0.webp,0,2026-05-07T12:48:37+00:00
b590f58d-41e9-4807-84ab-90d65156f76c,7d89e19f-0e54-4189-b610-2da5d1022eb6,/photos/7d89e19f-0e54-4189-b610-2da5d1022eb6/1.webp,1,2026-05-07T12:48:37+00:00
37b79f6f-e588-40ca-af73-d03384461222,7d89e19f-0e54-4189-b610-2da5d1022eb6,/photos/7d89e19f-0e54-4189-b610-2da5d1022eb6/2.webp,2,2026-05-07T12:48:37+00:00
8197f594-5338-4792-8200-180031279efd,978d70b0-3b70-429d-b57b-d1b883453a1a,/photos/978d70b0-3b70-429d-b57b-d1b883453a1a/0.webp,0,2026-06-04T09:44:44+00:00
3b4009e6-e236-4f9c-8b20-503e4cfe7e52,978d70b0-3b70-429d-b57b-d1b883453a1a,/photos/978d70b0-3b70-429d-b57b-d1b883453a1a/1.webp,1,2026-06-04T09:44:44+00:00
451e5750-584b-4673-b45f-4355d2ce017d,978d70b0-3b70-429d-b57b-d1b883453a1a,/photos/978d70b0-3b70-429d-b57b-d1b883453a1a/2.webp,2,2026-06-04T09:44:44+00:00
666febe0-a4ae-4c53-9f05-69246afb7e07,978d70b0-3b70-429d-b57b-d1b883453a1a,/photos/978d70b0-3b70-429d-b57b-d1b883453a1a/3.webp,3,2026-06-04T09:44:44+00:00
65b5e0da-f26c-4789-87a1-1d4c04ac4e1e,978d70b0-3b70-429d-b57b-d1b883453a1a,/photos/978d70b0-3b70-429d-b57b-d1b883453a1a/4.webp,4,2026-06-04T09:44:44+00:00
671f1af3-d8fb-4300-8d1b-d0ab38706976,978d70b0-3b70-429d-b57b-d1b883453a1a,/photos/978d70b0-3b70-429d-b57b-d1b883453a1a/5.webp,5,2026-06-04T09:44:44+00:00
a1d962d2-239c-49d8-bc55-ed26731e154c,adff85eb-8186-498e-9880-bef0ee36fddf,/photos/adff85eb-8186-498e-9880-bef0ee36fddf/0.webp,0,2025-01-12T11:00:11+00:00
241ff8ec-e1d5-4782-bf66-c4e6c6576ac2,adff85eb-8186-498e-9880-bef0ee36fddf,/photos/adff85eb-8186-498e-9880-bef0ee36fddf/1.webp,1,2025-01-12T11:00:11+00:00
005e7093-b4f4-435a-b9cc-78b6ed026e85,adff85eb-8186-498e-9880-bef0ee36fddf,/photos/adff85eb-8186-498e-9880-bef0ee36fddf/2.webp,2,2025-01-12T11:00:11+00:00
fd3876a6-9afd-4cbc-a827-09a6799319f6,e23e1b1e-4b0a-4e2a-8f21-8429aa3ed420,/photos/e23e1b1e-4b0a-4e2a-8f21-8429aa3ed420/0.webp,0,2024-09-14T13:23:36+00:00
44abeb83-97ab-40c4-be73-bc9eab3fae24,e23e1b1e-4b0a-4e2a-8f21-8429aa3ed420,/photos/e23e1b1e-4b0a-4e2a-8f21-8429aa3ed420/1.webp,1,2024-09-14T13:23:36+00:00
558e2092-b7bd-4a78-9353-ac9b07964d82,e23e1b1e-4b0a-4e2a-8f21-8429aa3ed420,/photos/e23e1b1e-4b0a-4e2a-8f21-8429aa3ed420/2.webp,2,2024-09-14T13:23:36+00:00
0dd000ce-f699-42a8-839c-ed9609e2f05f,0ec959ed-9cec-42c9-965e-78c26eaf23ab,/photos/0ec959ed-9cec-42c9-965e-78c26eaf23ab/0.webp,0,2026-07-26T05:04:14+00:00
6f59a538-ad06-4e8b-a6da-67a5bf334729,0ec959ed-9cec-42c9-965e-78c26eaf23ab,/photos/0ec959ed-9cec-42c9-965e-78c26eaf23ab/1.webp,1,2026-07-26T05:04:14+00:00
24d89651-9847-4f9e-8ad7-81d6282fda21,0ec959ed-9cec-42c9-965e-78c26eaf23ab,/photos/0ec959ed-9cec-42c9-965e-78c26eaf23ab/2.webp,2,2026-07-26T05:04:14+00:00
6f2ff3a3-ce1c-4ccb-b9d5-a0c6905d6363,0ec959ed-9cec-42c9-965e-78c26eaf23ab,/photos/0ec959ed-9cec-42c9-965e-78c26eaf23ab/3.webp,3,2026-07-26T05:04:14+00:00
737d5543-e1c1-4481-8f5f-1b56929efcac,0ec959ed-9cec-42c9-965e-78c26eaf23ab,/photos/0ec959ed-9cec-42c9-965e-78c26eaf23ab/4.webp,4,2026-07-26T05:04:14+00:00
c0adcd5a-8b78-4d98-b44a-0ba4ba41431e,0ec959ed-9cec-42c9-965e-78c26eaf23ab,/photos/0ec959ed-9cec-42c9-965e-78c26eaf23ab/5.webp,5,2026-07-26T05:04:14+00:00
b871be23-19fe-4f69-9fc1-2f1243fd649e,0ec959ed-9cec-42c9-965e-78c26eaf23ab,/photos/0ec959ed-9cec-42c9-965e-78c26eaf23ab/6.webp,6,2026-07-26T05:04:14+00:00
87226740-a125-45c0-b262-b2e2989bb171,0ec959ed-9cec-42c9-965e-78c26eaf23ab,/photos/0ec959ed-9cec-42c9-965e-78c26eaf23ab/7.webp,7,2026-07-26T05:04:14+00:00
5cff18e3-4696-423a-8d73-ad9f561d619e,0ec959ed-9cec-42c9-965e-78c26eaf23ab,/photos/0ec959ed-9cec-42c9-965e-78c26eaf23ab/8.webp,8,2026-07-26T05:04:14+00:00
90816420-4fb7-431f-bf03-2f1f1abc9e8e,65d32c35-8bb8-4f3b-beba-ec90d3319c28,/photos/65d32c35-8bb8-4f3b-beba-ec90d3319c28/0.webp,0,2024-10-13T15:07:52+00:00
58e00066-735f-4d8d-9ec9-c0e8c8435f3c,65d32c35-8bb8-4f3b-beba-ec90d3319c28,/photos/65d32c35-8bb8-4f3b-beba-ec90d3319c28/1.webp,1,2024-10-13T15:07:52+00:00
5442212b-29bc-4844-9047-70c3f9edcd06,65d32c35-8bb8-4f3b-beba-ec90d3319c28,/photos/65d32c35-8bb8-4f3b-beba-ec90d3319c28/2.webp,2,2024-10-13T15:07:52+00:00
5949b38e-ab9c-4a91-9149-2ee5fd2db155,65d32c35-8bb8-4f3b-beba-ec90d3319c28,/photos/65d32c35-8bb8-4f3b-beba-ec90d3319c28/3.webp,3,2024-10-13T15:07:52+00:00
9e7223ce-a855-4a99-9725-e47f2408e052,65d32c35-8bb8-4f3b-beba-ec90d3319c28,/photos/65d32c35-8bb8-4f3b-beba-ec90d3319c28/4.webp,4,2024-10-13T15:07:52+00:00
322af59d-5e7e-4bd2-b4b3-a5dde8c3e07f,f71969e6-8bdf-4f60-8dc8-cae3528dd04c,/photos/f71969e6-8bdf-4f60-8dc8-cae3528dd04c/0.webp,0,2025-08-06T16:36:12+00:00
c63c482f-cfe6-44c5-9b0f-e95aa65b2f94,f71969e6-8bdf-4f60-8dc8-cae3528dd04c,/photos/f71969e6-8bdf-4f60-8dc8-cae3528dd04c/1.webp,1,2025-08-06T16:36:12+00:00
6c39fc4a-53e3-4776-a4b9-047cda2c9d9e,f71969e6-8bdf-4f60-8dc8-cae3528dd04c,/photos/f71969e6-8bdf-4f60-8dc8-cae3528dd04c/2.webp,2,2025-08-06T16:36:12+00:00
886b29de-b9c7-4fa8-9413-a83a04bca914,f71969e6-8bdf-4f60-8dc8-cae3528dd04c,/photos/f71969e6-8bdf-4f60-8dc8-cae3528dd04c/3.webp,3,2025-08-06T16:36:12+00:00
f0ca65f8-c29b-4f3b-b0e8-e5249c316e33,70baaa10-7881-4ed2-bd69-11754025dfe5,/photos/70baaa10-7881-4ed2-bd69-11754025dfe5/0.webp,0,2026-05-31T07:26:18+00:00
eb36d6e7-494a-4e01-8060-de42df4a343b,70baaa10-7881-4ed2-bd69-11754025dfe5,/photos/70baaa10-7881-4ed2-bd69-11754025dfe5/1.webp,1,2026-05-31T07:26:18+00:00
eb61dca3-f563-4e81-9ed0-54c36ae5e19a,70baaa10-7881-4ed2-bd69-11754025dfe5,/photos/70baaa10-7881-4ed2-bd69-11754025dfe5/2.webp,2,2026-05-31T07:26:18+00:00
b8118b51-1c81-4b5b-8409-492a820cc9a0,70baaa10-7881-4ed2-bd69-11754025dfe5,/photos/70baaa10-7881-4ed2-bd69-11754025dfe5/3.webp,3,2026-05-31T07:26:18+00:00
e6f37e12-bdc4-4e15-aa85-a5539bfa7690,9a25504a-2267-4c3d-b28a-000b3e8e46eb,/photos/9a25504a-2267-4c3d-b28a-000b3e8e46eb/0.webp,0,2025-08-19T04:05:33+00:00
f4f8ba2b-e801-4eed-b926-a61901de3330,9a25504a-2267-4c3d-b28a-000b3e8e46eb,/photos/9a25504a-2267-4c3d-b28a-000b3e8e46eb/1.webp,1,2025-08-19T04:05:33+00:00
163d67f7-c1ff-4a40-bdc5-4d4259eb3b1f,9a25504a-2267-4c3d-b28a-000b3e8e46eb,/photos/9a25504a-2267-4c3d-b28a-000b3e8e46eb/2.webp,2,2025-08-19T04:05:33+00:00
58308aef-c5d6-479a-99ac-6088e543d3f9,9a25504a-2267-4c3d-b28a-000b3e8e46eb,/photos/9a25504a-2267-4c3d-b28a-000b3e8e46eb/3.webp,3,2025-08-19T04:05:33+00:00
46940591-d54e-42d4-8379-eacfa8ab76a3,9a25504a-2267-4c3d-b28a-000b3e8e46eb,/photos/9a25504a-2267-4c3d-b28a-000b3e8e46eb/4.webp,4,2025-08-19T04:05:33+00:00
3742aaab-6373-423c-86c4-4272c931e55d,9a25504a-2267-4c3d-b28a-000b3e8e46eb,/photos/9a25504a-2267-4c3d-b28a-000b3e8e46eb/5.webp,5,2025-08-19T04:05:33+00:00
cd1ee223-a9d6-4189-84e2-45ea1ad31fa1,3d967a67-a2ad-4022-9b7d-28f7b8d06203,/photos/3d967a67-a2ad-4022-9b7d-28f7b8d06203/0.webp,0,2025-08-26T20:01:51+00:00
b6490144-4347-4282-8ff7-f5aa9a825376,3d967a67-a2ad-4022-9b7d-28f7b8d06203,/photos/3d967a67-a2ad-4022-9b7d-28f7b8d06203/1.webp,1,2025-08-26T20:01:51+00:00
e5eead91-aaf6-4538-b0d1-c84494ea9e46,3d967a67-a2ad-4022-9b7d-28f7b8d06203,/photos/3d967a67-a2ad-4022-9b7d-28f7b8d06203/2.webp,2,2025-08-26T20:01:51+00:00
bf901289-da72-4dac-a5f2-ef547b2feb24,3d967a67-a2ad-4022-9b7d-28f7b8d06203,/photos/3d967a67-a2ad-4022-9b7d-28f7b8d06203/3.webp,3,2025-08-26T20:01:51+00:00
37e598ca-0eca-4604-ab4c-4e47586ba75f,3d967a67-a2ad-4022-9b7d-28f7b8d06203,/photos/3d967a67-a2ad-4022-9b7d-28f7b8d06203/4.webp,4,2025-08-26T20:01:51+00:00
20697eed-4d6b-4dc4-8f3d-c4f3dc7f5b5e,3d967a67-a2ad-4022-9b7d-28f7b8d06203,/photos/3d967a67-a2ad-4022-9b7d-28f7b8d06203/5.webp,5,2025-08-26T20:01:51+00:00
b09367c9-a76a-4ef4-9658-98369c6a0159,09cc12f5-e90a-48ae-b9f4-a99d2a9418e4,/photos/09cc12f5-e90a-48ae-b9f4-a99d2a9418e4/0.webp,0,2026-08-09T04:36:40+00:00
99ca60e2-ec71-4912-b0a9-8b953731fa19,09cc12f5-e90a-48ae-b9f4-a99d2a9418e4,/photos/09cc12f5-e90a-48ae-b9f4-a99d2a9418e4/1.webp,1,2026-08-09T04:36:40+00:00
b258569c-6c03-4558-8a3e-624d83bdfc2d,09cc12f5-e90a-48ae-b9f4-a99d2a9418e4,/photos/09cc12f5-e90a-48ae-b9f4-a99d2a9418e4/2.webp,2,2026-08-09T04:36:40+00:00
afd46cce-7428-4344-aad6-3a530eb6d0b1,09cc12f5-e90a-48ae-b9f4-a99d2a9418e4,/photos/09cc12f5-e90a-48ae-b9f4-a99d2a9418e4/3.webp,3,2026-08-09T04:36:40+00:00
8b2196b5-1366-4e90-9c66-c30aef2de652,09cc12f5-e90a-48ae-b9f4-a99d2a9418e4,/photos/09cc12f5-e90a-48ae-b9f4-a99d2a9418e4/4.webp,4,2026-08-09T04:36:40+00:00
b1d90526-49b3-4f28-88da-3fcbea492f7b,12b44479-860f-40b1-9bed-6da8502ddad6,/photos/12b44479-860f-40b1-9bed-6da8502ddad6/0.webp,0,2024-09-02T11:47:47+00:00
b4610679-1320-4641-9c10-fbe891d297ba,12b44479-860f-40b1-9bed-6da8502ddad6,/photos/12b44479-860f-40b1-9bed-6da8502ddad6/1.webp,1,2024-09-02T11:47:47+00:00
9cc9d3bb-2bcf-4adc-9573-a5e4212d2412,12b44479-860f-40b1-9bed-6da8502ddad6,/photos/12b44479-860f-40b1-9bed-6da8502ddad6/2.webp,2,2024-09-02T11:47:47+00:00
2d3245ce-fa1b-4331-8ad1-7fe83a88bcc9,12b44479-860f-40b1-9bed-6da8502ddad6,/photos/12b44479-860f-40b1-9bed-6da8502ddad6/3.webp,3,2024-09-02T11:47:47+00:00
f82cc00f-1093-4703-b855-2154942f42f8,12b44479-860f-40b1-9bed-6da8502ddad6,/photos/12b44479-860f-40b1-9bed-6da8502ddad6/4.webp,4,2024-09-02T11:47:47+00:00
92e23f4b-2ac5-4e94-bd7e-85e16c533f00,2c33d107-8ba8-42ca-95c3-0d9a30b2bf3d,/photos/2c33d107-8ba8-42ca-95c3-0d9a30b2bf3d/0.webp,0,2025-05-26T23:27:04+00:00
f1b47eb8-0101-4ae2-97c2-6997c378b3e5,2c33d107-8ba8-42ca-95c3-0d9a30b2bf3d,/photos/2c33d107-8ba8-42ca-95c3-0d9a30b2bf3d/1.webp,1,2025-05-26T23:27:04+00:00
bac13f07-f69d-42c3-8697-2d94ed24b314,2c33d107-8ba8-42ca-95c3-0d9a30b2bf3d,/photos/2c33d107-8ba8-42ca-95c3-0d9a30b2bf3d/2.webp,2,2025-05-26T23:27:04+00:00
d0930a99-6108-43c8-a7a8-23c82b157936,2c33d107-8ba8-42ca-95c3-0d9a30b2bf3d,/photos/2c33d107-8ba8-42ca-95c3-0d9a30b2bf3d/3.webp,3,2025-05-26T23:27:04+00:00
310b1019-1e4e-453c-9e48-667fda64cbb5,f55b2a6e-ebfa-4695-b522-729fc8bb82b5,/photos/f55b2a6e-ebfa-4695-b522-729fc8bb82b5/0.webp,0,2024-09-30T09:15:37+00:00
0c43ad52-6ae1-414b-891b-4b02bda385b1,f55b2a6e-ebfa-4695-b522-729fc8bb82b5,/photos/f55b2a6e-ebfa-4695-b522-729fc8bb82b5/1.webp,1,2024-09-30T09:15:37+00:00
ac910b2d-3d67-4e22-9994-dffd2bf39c25,f55b2a6e-ebfa-4695-b522-729fc8bb82b5,/photos/f55b2a6e-ebfa-4695-b522-729fc8bb82b5/2.webp,2,2024-09-30T09:15:37+00:00
a9044b22-08b5-4e05-91de-11d7560a94cf,f55b2a6e-ebfa-4695-b522-729fc8bb82b5,/photos/f55b2a6e-ebfa-4695-b522-729fc8bb82b5/3.webp,3,2024-09-30T09:15:37+00:00
7d6cbca7-90b6-42ef-89de-b6d261f60a57,f55b2a6e-ebfa-4695-b522-729fc8bb82b5,/photos/f55b2a6e-ebfa-4695-b522-729fc8bb82b5/4.webp,4,2024-09-30T09:15:37+00:00
750b75c6-7de2-428c-9e4c-710e9bfae909,f55b2a6e-ebfa-4695-b522-729fc8bb82b5,/photos/f55b2a6e-ebfa-4695-b522-729fc8bb82b5/5.webp,5,2024-09-30T09:15:37+00:00
4661dfeb-ef21-4173-a9e1-8ac4a2723910,f55b2a6e-ebfa-4695-b522-729fc8bb82b5,/photos/f55b2a6e-ebfa-4695-b522-729fc8bb82b5/6.webp,6,2024-09-30T09:15:37+00:00
49912ddc-940c-4536-bc47-caf27a5b4121,f55b2a6e-ebfa-4695-b522-729fc8bb82b5,/photos/f55b2a6e-ebfa-4695-b522-729fc8bb82b5/7.webp,7,2024-09-30T09:15:37+00:00
97c3d1bf-6209-4f91-a786-2863d8f97d40,d2a82284-578f-48c2-911f-90c4c9cfc6c3,/photos/d2a82284-578f-48c2-911f-90c4c9cfc6c3/0.webp,0,2026-08-01T18:29:51+00:00
36993694-0ff9-4a6f-b34f-1765d8400990,930d0da2-7349-46de-885a-198ebd38b858,/photos/930d0da2-7349-46de-885a-198ebd38b858/0.webp,0,2026-08-30T11:15:15+00:00
a7dfe381-d72f-4eeb-9dcb-f8ceba254557,930d0da2-7349-46de-885a-198ebd38b858,/photos/930d0da2-7349-46de-885a-198ebd38b858/1.webp,1,2026-08-30T11:15:15+00:00
eafa555a-ec4e-4b50-986d-114df610d863,930d0da2-7349-46de-885a-198ebd38b858,/photos/930d0da2-7349-46de-885a-198ebd38b858/2.webp,2,2026-08-30T11:15:15+00:00
1bf37b36-1754-4a59-9361-f2fa54448e64,930d0da2-7349-46de-885a-198ebd38b858,/photos/930d0da2-7349-46de-885a-198ebd38b858/3.webp,3,2026-08-30T11:15:15+00:00
6a459856-e6b5-437f-874c-bbc3975f4c84,930d0da2-7349-46de-885a-198ebd38b858,/photos/930d0da2-7349-46de-885a-198ebd38b858/4.webp,4,2026-08-30T11:15:15+00:00
f7c448d9-700b-4816-854e-8e4f9a9bb1d3,84d476fc-30c3-45c1-8a3d-f037c4ed9296,/photos/84d476fc-30c3-45c1-8a3d-f037c4ed9296/0.webp,0,2026-02-07T21:42:51+00:00
8b11da5d-4cd2-4be9-a716-1b52be42c9d1,84d476fc-30c3-45c1-8a3d-f037c4ed9296,/photos/84d476fc-30c3-45c1-8a3d-f037c4ed9296/1.webp,1,2026-02-07T21:42:51+00:00
87f10a0b-dcd1-49b4-85b5-87243ec673fa,84d476fc-30c3-45c1-8a3d-f037c4ed9296,/photos/84d476fc-30c3-45c1-8a3d-f037c4ed9296/2.webp,2,2026-02-07T21:42:51+00:00
3e0df040-26ac-4db6-a06a-74165b5ec928,84d476fc-30c3-45c1-8a3d-f037c4ed9296,/photos/84d476fc-30c3-45c1-8a3d-f037c4ed9296/3.webp,3,2026-02-07T21:42:51+00:00
12cc3c5d-286d-403d-9498-aaddfd48ecca,84d476fc-30c3-45c1-8a3d-f037c4ed9296,/photos/84d476fc-30c3-45c1-8a3d-f037c4ed9296/4.webp,4,2026-02-07T21:42:51+00:00
ecb0eb8a-9e61-4f41-a36e-438a46e7dd8c,84d476fc-30c3-45c1-8a3d-f037c4ed9296,/photos/84d476fc-30c3-45c1-8a3d-f037c4ed9296/5.webp,5,2026-02-07T21:42:51+00:00
23d406fb-2437-40e1-88d5-10d8ccf01aad,84d476fc-30c3-45c1-8a3d-f037c4ed9296,/photos/84d476fc-30c3-45c1-8a3d-f037c4ed9296/6.webp,6,2026-02-07T21:42:51+00:00
8da7589f-1f22-4e58-a8b4-a886af7f52e3,d61d7f03-a081-4990-bd17-00cf30d20b88,/photos/d61d7f03-a081-4990-bd17-00cf30d20b88/0.webp,0,2026-08-04T21:19:52+00:00
cc923830-cfd1-47b1-bc1d-4fcf545db8da,d61d7f03-a081-4990-bd17-00cf30d20b88,/photos/d61d7f03-a081-4990-bd17-00cf30d20b88/1.webp,1,2026-08-04T21:19:52+00:00
da2b2351-3b43-411e-b2c0-a5bf0244a3f9,d61d7f03-a081-4990-bd17-00cf30d20b88,/photos/d61d7f03-a081-4990-bd17-00cf30d20b88/2.webp,2,2026-08-04T21:19:52+00:00
ab84d6cf-ef48-460e-a7b2-f6575c73853e,acf18ed8-4fe9-4293-8d5e-f8fa17978456,/photos/acf18ed8-4fe9-4293-8d5e-f8fa17978456/0.webp,0,2026-04-05T22:22:45+00:00
5c287188-f0bc-4680-9ddc-154f73d5051c,acf18ed8-4fe9-4293-8d5e-f8fa17978456,/photos/acf18ed8-4fe9-4293-8d5e-f8fa17978456/1.webp,1,2026-04-05T22:22:45+00:00
d0731324-99e5-4ebc-94fe-131e3dba559a,acf18ed8-4fe9-4293-8d5e-f8fa17978456,/photos/acf18ed8-4fe9-4293-8d5e-f8fa17978456/2.webp,2,2026-04-05T22:22:45+00:00
1b28982f-15b0-4368-9f1e-193df800173b,acf18ed8-4fe9-4293-8d5e-f8fa17978456,/photos/acf18ed8-4fe9-4293-8d5e-f8fa17978456/3.webp,3,2026-04-05T22:22:45+00:00
d9d8595a-b39e-4529-b647-7f78c76fe5a1,8e46eb0e-804c-494c-be1c-18025e1baa6d,/photos/8e46eb0e-804c-494c-be1c-18025e1baa6d/0.webp,0,2026-06-28T19:24:24+00:00
265d0d41-2b03-47bd-8f95-0a3e5c052b30,8e46eb0e-804c-494c-be1c-18025e1baa6d,/photos/8e46eb0e-804c-494c-be1c-18025e1baa6d/1.webp,1,2026-06-28T19:24:24+00:00
6b912f30-702a-403a-b142-7c7678d9ffba,8d8fa41c-3fab-4f69-9535-fae7c2332fc2,/photos/8d8fa41c-3fab-4f69-9535-fae7c2332fc2/0.webp,0,2025-11-21T13:55:00+00:00
ac68a7a7-a529-4ec2-ab00-f0093ef70dfa,8d8fa41c-3fab-4f69-9535-fae7c2332fc2,/photos/8d8fa41c-3fab-4f69-9535-fae7c2332fc2/1.webp,1,2025-11-21T13:55:00+00:00
1f504072-2c15-4ce8-8b96-50b1786910f2,8d8fa41c-3fab-4f69-9535-fae7c2332fc2,/photos/8d8fa41c-3fab-4f69-9535-fae7c2332fc2/2.webp,2,2025-11-21T13:55:00+00:00
6a23c31c-1e24-4d16-b326-edbca99a37c5,8d8fa41c-3fab-4f69-9535-fae7c2332fc2,/photos/8d8fa41c-3fab-4f69-9535-fae7c2332fc2/3.webp,3,2025-11-21T13:55:00+00:00
71007853-eead-45a8-a35d-a1a0240ef0d8,b10f5ec0-7640-42b5-b7d8-7450ae493f3e,/photos/b10f5ec0-7640-42b5-b7d8-7450ae493f3e/0.webp,0,2025-08-20T03:41:21+00:00
41bcb521-c9f4-4147-80c9-559402210d52,b10f5ec0-7640-42b5-b7d8-7450ae493f3e,/photos/b10f5ec0-7640-42b5-b7d8-7450ae493f3e/1.webp,1,2025-08-20T03:41:21+00:00
862da7a5-225c-4fa9-b656-d7a0712533b9,b10f5ec0-7640-42b5-b7d8-7450ae493f3e,/photos/b10f5ec0-7640-42b5-b7d8-7450ae493f3e/2.webp,2,2025-08-20T03:41:21+00:00
775f76d4-ab01-4a0d-907b-7e0926dc64bf,b10f5ec0-7640-42b5-b7d8-7450ae493f3e,/photos/b10f5ec0-7640-42b5-b7d8-7450ae493f3e/3.webp,3,2025-08-20T03:41:21+00:00
db85de05-b848-4783-af08-ad59bf0c6aaf,b10f5ec0-7640-42b5-b7d8-7450ae493f3e,/photos/b10f5ec0-7640-42b5-b7d8-7450ae493f3e/4.webp,4,2025-08-20T03:41:21+00:00
f4075342-a26e-46cd-b8d7-d5d558812c76,773d5fca-acc4-4e2f-bdca-a05c6f6f2c82,/photos/773d5fca-acc4-4e2f-bdca-a05c6f6f2c82/0.webp,0,2025-12-18T21:50:32+00:00
946d1a4c-3d9a-4f0b-9517-e40689783deb,773d5fca-acc4-4e2f-bdca-a05c6f6f2c82,/photos/773d5fca-acc4-4e2f-bdca-a05c6f6f2c82/1.webp,1,2025-12-18T21:50:32+00:00
907ff211-e012-45c3-aa17-e6a8c3cc9343,773d5fca-acc4-4e2f-bdca-a05c6f6f2c82,/photos/773d5fca-acc4-4e2f-bdca-a05c6f6f2c82/2.webp,2,2025-12-18T21:50:32+00:00
56979d03-1fa5-43b8-83e9-87c1d1de9db3,773d5fca-acc4-4e2f-bdca-a05c6f6f2c82,/photos/773d5fca-acc4-4e2f-bdca-a05c6f6f2c82/3.webp,3,2025-12-18T21:50:32+00:00
73977502-40ba-4507-9950-ba425708a15f,8a00136a-d41c-4575-8542-db2e00102100,/photos/8a00136a-d41c-4575-8542-db2e00102100/0.webp,0,2026-06-17T02:12:03+00:00
77faea21-7794-4119-ac0e-759260b11008,8a00136a-d41c-4575-8542-db2e00102100,/photos/8a00136a-d41c-4575-8542-db2e00102100/1.webp,1,2026-06-17T02:12:03+00:00
49a5bfe3-02d9-407f-ba93-194310821ece,8a00136a-d41c-4575-8542-db2e00102100,/photos/8a00136a-d41c-4575-8542-db2e00102100/2.webp,2,2026-06-17T02:12:03+00:00
d8dfc0b2-de05-40e0-b3c2-72214d952636,c8dbd23c-3889-4464-8a6e-07e37ce82210,/photos/c8dbd23c-3889-4464-8a6e-07e37ce82210/0.webp,0,2024-08-22T16:23:53+00:00
a094ed27-30a9-42b7-ab64-8cfc091ecb7f,c8dbd23c-3889-4464-8a6e-07e37ce82210,/photos/c8dbd23c-3889-4464-8a6e-07e37ce82210/1.webp,1,2024-08-22T16:23:53+00:00
0c2fb255-e1a6-43ed-bd42-33681eb424d2,c8dbd23c-3889-4464-8a6e-07e37ce82210,/photos/c8dbd23c-3889-4464-8a6e-07e37ce82210/2.webp,2,2024-08-22T16:23:53+00:00
ccfa33c7-2d9d-466c-a8b9-68582888ebed,c8dbd23c-3889-4464-8a6e-07e37ce82210,/photos/c8dbd23c-3889-4464-8a6e-07e37ce82210/3.webp,3,2024-08-22T16:23:53+00:00
89d73e48-fdd8-4077-a4d8-f1dc10991262,c8dbd23c-3889-4464-8a6e-07e37ce82210,/photos/c8dbd23c-3889-4464-8a6e-07e37ce82210/4.webp,4,2024-08-22T16:23:53+00:00
bb6ab879-84ec-4d7c-9212-39b4956039c5,8d164539-6279-45fb-bcf6-759b6f5aac16,/photos/8d164539-6279-45fb-bcf6-759b6f5aac16/0.webp,0,2026-08-02T15:09:10+00:00
7641e93b-9866-46eb-b053-11cb80e9215e,8d164539-6279-45fb-bcf6-759b6f5aac16,/photos/8d164539-6279-45fb-bcf6-759b6f5aac16/1.webp,1,2026-08-02T15:09:10+00:00
7a3b4161-93ab-4229-badc-6bc30ff108f7,8d164539-6279-45fb-bcf6-759b6f5aac16,/photos/8d164539-6279-45fb-bcf6-759b6f5aac16/2.webp,2,2026-08-02T15:09:10+00:00
00e9f16c-e846-490f-b5b8-2b354210860a,8d164539-6279-45fb-bcf6-759b6f5aac16,/photos/8d164539-6279-45fb-bcf6-759b6f5aac16/3.webp,3,2026-08-02T15:09:10+00:00
4ccef666-c2e1-49b0-bf4d-0b9e80bd0c53,8d164539-6279-45fb-bcf6-759b6f5aac16,/photos/8d164539-6279-45fb-bcf6-759b6f5aac16/4.webp,4,2026-08-02T15:09:10+00:00
aa28bac8-934f-43e5-b2f1-678056821aa0,bc39b2de-20b7-4ad7-9329-3580d531ec90,/photos/bc39b2de-20b7-4ad7-9329-3580d531ec90/0.webp,0,2026-05-13T19:18:42+00:00
8ea8d77e-0f09-4154-8571-908bd0114940,bc39b2de-20b7-4ad7-9329-3580d531ec90,/photos/bc39b2de-20b7-4ad7-9329-3580d531ec90/1.webp,1,2026-05-13T19:18:42+00:00
ef6e9453-81a4-455e-8b84-1827ca3a7973,69f9a1cd-ac7e-4b27-af2b-5048e146a581,/photos/69f9a1cd-ac7e-4b27-af2b-5048e146a581/0.webp,0,2026-07-24T00:11:50+00:00
8719ad1c-5cd0-4a83-adb5-d64f6ced0dbc,69f9a1cd-ac7e-4b27-af2b-5048e146a581,/photos/69f9a1cd-ac7e-4b27-af2b-5048e146a581/1.webp,1,2026-07-24T00:11:50+00:00
71e8c890-d26d-41e1-a159-fab75e6df4d5,69f9a1cd-ac7e-4b27-af2b-5048e146a581,/photos/69f9a1cd-ac7e-4b27-af2b-5048e146a581/2.webp,2,2026-07-24T00:11:50+00:00
31642ea5-b6e6-4db9-8cd5-77c7ee4c13a2,dd85e8f5-262b-484a-8642-378cb58a4268,/photos/dd85e8f5-262b-484a-8642-378cb58a4268/0.webp,0,2026-04-07T14:32:16+00:00
1fcdf144-21f9-42fa-81fd-e9385274c408,dd85e8f5-262b-484a-8642-378cb58a4268,/photos/dd85e8f5-262b-484a-8642-378cb58a4268/1.webp,1,2026-04-07T14:32:16+00:00
00fb5746-4c9f-4c06-89ed-f458306a7961,dd85e8f5-262b-484a-8642-378cb58a4268,/photos/dd85e8f5-262b-484a-8642-378cb58a4268/2.webp,2,2026-04-07T14:32:16+00:00
b785a776-6b1e-4969-84cb-74e9f19b7262,dd85e8f5-262b-484a-8642-378cb58a4268,/photos/dd85e8f5-262b-484a-8642-378cb58a4268/3.webp,3,2026-04-07T14:32:16+00:00
49688c24-8fd8-4bea-bd2b-8b261876f61f,dd85e8f5-262b-484a-8642-378cb58a4268,/photos/dd85e8f5-262b-484a-8642-378cb58a4268/4.webp,4,2026-04-07T14:32:16+00:00
2147bf95-6723-42df-abc7-d082f5a54703,dd85e8f5-262b-484a-8642-378cb58a4268,/photos/dd85e8f5-262b-484a-8642-378cb58a4268/5.webp,5,2026-04-07T14:32:16+00:00
f34d0959-ef3c-4f17-ae44-7c5034c39417,dd85e8f5-262b-484a-8642-378cb58a4268,/photos/dd85e8f5-262b-484a-8642-378cb58a4268/6.webp,6,2026-04-07T14:32:16+00:00
b38af557-30cf-46fe-93d0-07309c344018,dd85e8f5-262b-484a-8642-378cb58a4268,/photos/dd85e8f5-262b-484a-8642-378cb58a4268/7.webp,7,2026-04-07T14:32:16+00:00
a3028a2a-06ce-4cf0-bb03-ace8e20b6dd3,dd85e8f5-262b-484a-8642-378cb58a4268,/photos/dd85e8f5-262b-484a-8642-378cb58a4268/8.webp,8,2026-04-07T14:32:16+00:00
199ef98e-6d05-459b-8122-06302ee54273,dd85e8f5-262b-484a-8642-378cb58a4268,/photos/dd85e8f5-262b-484a-8642-378cb58a4268/9.webp,9,2026-04-07T14:32:16+00:00
09f3e6c6-094b-4c33-83e5-e1f875273c88,44d54a01-e466-43bd-b70f-cffcce78a043,/photos/44d54a01-e466-43bd-b70f-cffcce78a043/0.webp,0,2025-10-21T10:22:05+00:00
0469ad92-53d5-4935-9649-2a95530e5634,44d54a01-e466-43bd-b70f-cffcce78a043,/photos/44d54a01-e466-43bd-b70f-cffcce78a043/1.webp,1,2025-10-21T10:22:05+00:00
70d4ed91-eaa3-4c0d-8ca4-8b300b24bd76,44d54a01-e466-43bd-b70f-cffcce78a043,/photos/44d54a01-e466-43bd-b70f-cffcce78a043/2.webp,2,2025-10-21T10:22:05+00:00
e57d631c-c300-4f6e-8d3d-d5c2066ea2b4,44d54a01-e466-43bd-b70f-cffcce78a043,/photos/44d54a01-e466-43bd-b70f-cffcce78a043/3.webp,3,2025-10-21T10:22:05+00:00
9ff554e4-44bf-4cde-b23e-3b498d78e060,416b960c-c38a-46e8-80b3-c43c0e73362e,/photos/416b960c-c38a-46e8-80b3-c43c0e73362e/0.webp,0,2026-05-21T14:23:35+00:00
d5b4d281-17ed-40cd-a465-7b6edda82a83,986401e2-8d75-490a-9e67-50cf3be6f9d8,/photos/986401e2-8d75-490a-9e67-50cf3be6f9d8/0.webp,0,2025-09-29T21:31:48+00:00
3f05beed-1f47-4fa6-8542-0b6e9e881d18,986401e2-8d75-490a-9e67-50cf3be6f9d8,/photos/986401e2-8d75-490a-9e67-50cf3be6f9d8/1.webp,1,2025-09-29T21:31:48+00:00
fd7fd591-cb55-46c8-b0d7-502247f170b0,986401e2-8d75-490a-9e67-50cf3be6f9d8,/photos/986401e2-8d75-490a-9e67-50cf3be6f9d8/2.webp,2,2025-09-29T21:31:48+00:00
8b10e688-348d-4125-b87d-513948d59d9d,986401e2-8d75-490a-9e67-50cf3be6f9d8,/photos/986401e2-8d75-490a-9e67-50cf3be6f9d8/3.webp,3,2025-09-29T21:31:48+00:00
a509bd43-f440-4a31-90e1-fe033f9f681a,986401e2-8d75-490a-9e67-50cf3be6f9d8,/photos/986401e2-8d75-490a-9e67-50cf3be6f9d8/4.webp,4,2025-09-29T21:31:48+00:00
6370ea88-0ae3-475d-81de-cb9006f3085b,64382d00-5d5b-4d08-97ca-7bf8792ffd9e,/photos/64382d00-5d5b-4d08-97ca-7bf8792ffd9e/0.webp,0,2026-03-16T21:57:51+00:00
adc9f2cd-d6bb-48f5-910e-7cd46c8edf50,64382d00-5d5b-4d08-97ca-7bf8792ffd9e,/photos/64382d00-5d5b-4d08-97ca-7bf8792ffd9e/1.webp,1,2026-03-16T21:57:51+00:00
8a6dd2c5-5330-49aa-bcb6-02dd22cfdadd,64382d00-5d5b-4d08-97ca-7bf8792ffd9e,/photos/64382d00-5d5b-4d08-97ca-7bf8792ffd9e/2.webp,2,2026-03-16T21:57:51+00:00
59ca1f52-cec3-4bb7-9533-48b2e6ecf666,64382d00-5d5b-4d08-97ca-7bf8792ffd9e,/photos/64382d00-5d5b-4d08-97ca-7bf8792ffd9e/3.webp,3,2026-03-16T21:57:51+00:00
2f5fe105-fc67-4dc6-a7f8-ad1d9f32dc8f,64382d00-5d5b-4d08-97ca-7bf8792ffd9e,/photos/64382d00-5d5b-4d08-97ca-7bf8792ffd9e/4.webp,4,2026-03-16T21:57:51+00:00
2eb565eb-a440-4881-b43a-f213e0f83fb0,64382d00-5d5b-4d08-97ca-7bf8792ffd9e,/photos/64382d00-5d5b-4d08-97ca-7bf8792ffd9e/5.webp,5,2026-03-16T21:57:51+00:00
7dc3fad5-4594-4f82-9c78-dea37c4e84f8,64382d00-5d5b-4d08-97ca-7bf8792ffd9e,/photos/64382d00-5d5b-4d08-97ca-7bf8792ffd9e/6.webp,6,2026-03-16T21:57:51+00:00
b906cd70-7773-4795-af8b-73ef95bcf94d,7b22edc4-8ce6-4cd2-baea-1b9e1051ada6,/photos/7b22edc4-8ce6-4cd2-baea-1b9e1051ada6/0.webp,0,2026-02-22T17:28:57+00:00
b690c7fa-4219-44af-94bc-76740e189072,7b22edc4-8ce6-4cd2-baea-1b9e1051ada6,/photos/7b22edc4-8ce6-4cd2-baea-1b9e1051ada6/1.webp,1,2026-02-22T17:28:57+00:00
2a880d08-d0e9-446b-99fc-4950cb05e959,7b22edc4-8ce6-4cd2-baea-1b9e1051ada6,/photos/7b22edc4-8ce6-4cd2-baea-1b9e1051ada6/2.webp,2,2026-02-22T17:28:57+00:00
52d2b930-722c-4bcf-bbcf-61e772308fca,7b22edc4-8ce6-4cd2-baea-1b9e1051ada6,/photos/7b22edc4-8ce6-4cd2-baea-1b9e1051ada6/3.webp,3,2026-02-22T17:28:57+00:00
e91514c6-0c45-439a-94c4-c49989443e26,7b22edc4-8ce6-4cd2-baea-1b9e1051ada6,/photos/7b22edc4-8ce6-4cd2-baea-1b9e1051ada6/4.webp,4,2026-02-22T17:28:57+00:00
21105dcf-cb64-4282-94bf-ad9a6e7aa86f,009c80a9-a0c8-464d-a874-4485b182c204,/photos/009c80a9-a0c8-464d-a874-4485b182c204/0.webp,0,2026-06-25T00:00:35+00:00
2cfec728-0df7-42f9-ba76-439296390ecc,009c80a9-a0c8-464d-a874-4485b182c204,/photos/009c80a9-a0c8-464d-a874-4485b182c204/1.webp,1,2026-06-25T00:00:35+00:00
0567118c-babf-498e-90c2-dbe2fab6aa19,009c80a9-a0c8-464d-a874-4485b182c204,/photos/009c80a9-a0c8-464d-a874-4485b182c204/2.webp,2,2026-06-25T00:00:35+00:00
237c9415-098f-4ddd-8a18-15e0f07d03fe,009c80a9-a0c8-464d-a874-4485b182c204,/photos/009c80a9-a0c8-464d-a874-4485b182c204/3.webp,3,2026-06-25T00:00:35+00:00
6fde3db8-b971-4f9e-8c90-4d23cb88b577,199f8bed-5190-42b9-bacb-3306f54e58ce,/photos/199f8bed-5190-42b9-bacb-3306f54e58ce/0.webp,0,2026-05-20T11:44:20+00:00
34a2e332-e9e5-4c69-a9ef-87d219abd3e3,199f8bed-5190-42b9-bacb-3306f54e58ce,/photos/199f8bed-5190-42b9-bacb-3306f54e58ce/1.webp,1,2026-05-20T11:44:20+00:00
7641b60a-e7fc-42e3-9b65-ec0b9d48efdc,199f8bed-5190-42b9-bacb-3306f54e58ce,/photos/199f8bed-5190-42b9-bacb-3306f54e58ce/2.webp,2,2026-05-20T11:44:20+00:00
28d67a5b-284f-4aa7-96f6-f62b16bd3feb,199f8bed-5190-42b9-bacb-3306f54e58ce,/photos/199f8bed-5190-42b9-bacb-3306f54e58ce/3.webp,3,2026-05-20T11:44:20+00:00
a18bd121-ed20-44d6-a59f-c4ba7f560866,199f8bed-5190-42b9-bacb-3306f54e58ce,/photos/199f8bed-5190-42b9-bacb-3306f54e58ce/4.webp,4,2026-05-20T11:44:20+00:00
10f73d11-5224-4b52-90fc-45385622017a,732a659f-e847-4f48-93a4-2f312275d80e,/photos/732a659f-e847-4f48-93a4-2f312275d80e/0.webp,0,2025-01-12T14:56:26+00:00
63914db8-1516-44e4-b2e5-43fb97d67445,732a659f-e847-4f48-93a4-2f312275d80e,/photos/732a659f-e847-4f48-93a4-2f312275d80e/1.webp,1,2025-01-12T14:56:26+00:00
1ef0ad31-a44d-43aa-a663-4f1aa904d59d,b41e10ee-ad81-4a16-a7fb-5b6469af467c,/photos/b41e10ee-ad81-4a16-a7fb-5b6469af467c/0.webp,0,2026-04-10T20:58:30+00:00
cad4b7e5-58b6-4408-8d90-dfee388b92d5,9396657e-443a-4190-a8ad-4c2449ed5cf7,/photos/9396657e-443a-4190-a8ad-4c2449ed5cf7/0.webp,0,2024-08-30T06:47:00+00:00
4d58ab1a-33a4-4232-81b0-16989ecc915f,9396657e-443a-4190-a8ad-4c2449ed5cf7,/photos/9396657e-443a-4190-a8ad-4c2449ed5cf7/1.webp,1,2024-08-30T06:47:00+00:00
3d3da604-801e-41f8-b3b6-9f31569d8d5b,9396657e-443a-4190-a8ad-4c2449ed5cf7,/photos/9396657e-443a-4190-a8ad-4c2449ed5cf7/2.webp,2,2024-08-30T06:47:00+00:00
41c367b7-a15b-4b9f-b525-a92491fd27f7,9396657e-443a-4190-a8ad-4c2449ed5cf7,/photos/9396657e-443a-4190-a8ad-4c2449ed5cf7/3.webp,3,2024-08-30T06:47:00+00:00
ac231fe3-8946-4140-9644-718d20556147,9e09d63f-084c-4a53-9e46-73cf55878e7d,/photos/9e09d63f-084c-4a53-9e46-73cf55878e7d/0.webp,0,2024-10-26T03:29:35+00:00
9e4563af-dd72-4058-85ca-0d587535ab77,9e09d63f-084c-4a53-9e46-73cf55878e7d,/photos/9e09d63f-084c-4a53-9e46-73cf55878e7d/1.webp,1,2024-10-26T03:29:35+00:00
4ec766e6-a699-4ad5-8237-7b4185147d16,9e09d63f-084c-4a53-9e46-73cf55878e7d,/photos/9e09d63f-084c-4a53-9e46-73cf55878e7d/2.webp,2,2024-10-26T03:29:35+00:00
8a8df0f4-9fed-47bc-948c-2ef1d34dfad7,9e09d63f-084c-4a53-9e46-73cf55878e7d,/photos/9e09d63f-084c-4a53-9e46-73cf55878e7d/3.webp,3,2024-10-26T03:29:35+00:00
ad2be525-e785-4516-b2bf-91d03a98888d,9e09d63f-084c-4a53-9e46-73cf55878e7d,/photos/9e09d63f-084c-4a53-9e46-73cf55878e7d/4.webp,4,2024-10-26T03:29:35+00:00
fcf0fa43-55cf-47e7-932d-db043c3c65f8,1481c35c-3d93-4c04-ab02-de8845964133,/photos/1481c35c-3d93-4c04-ab02-de8845964133/0.webp,0,2026-08-30T03:01:30+00:00
3c37f88f-58e5-4729-b28a-8ac4b69b8e30,ea731d6c-574c-45b3-979c-a2624bcb2d24,/photos/ea731d6c-574c-45b3-979c-a2624bcb2d24/0.webp,0,2026-01-10T23:23:13+00:00
ae8336f1-6b95-4374-beac-842ababe0537,ea731d6c-574c-45b3-979c-a2624bcb2d24,/photos/ea731d6c-574c-45b3-979c-a2624bcb2d24/1.webp,1,2026-01-10T23:23:13+00:00
d25631e0-dfb3-4037-a1ca-3b4e15a12732,ea731d6c-574c-45b3-979c-a2624bcb2d24,/photos/ea731d6c-574c-45b3-979c-a2624bcb2d24/2.webp,2,2026-01-10T23:23:13+00:00
114b3d09-f180-4a82-9e32-558aa586ca7e,ea731d6c-574c-45b3-979c-a2624bcb2d24,/photos/ea731d6c-574c-45b3-979c-a2624bcb2d24/3.webp,3,2026-01-10T23:23:13+00:00
1e0068cd-8f84-41cf-b1a9-8cd2a9a00ebf,cca317c7-ca17-4795-9363-a4719134270e,/photos/cca317c7-ca17-4795-9363-a4719134270e/0.webp,0,2026-01-16T01:03:03+00:00
b19e6b18-ff67-4a03-ba76-fb51539e6932,cca317c7-ca17-4795-9363-a4719134270e,/photos/cca317c7-ca17-4795-9363-a4719134270e/1.webp,1,2026-01-16T01:03:03+00:00
331be583-f8b8-496f-88ec-725d1c0ccbba,cca317c7-ca17-4795-9363-a4719134270e,/photos/cca317c7-ca17-4795-9363-a4719134270e/2.webp,2,2026-01-16T01:03:03+00:00
e985a3f5-676a-4bed-a629-d4d8ba7a0edf,cca317c7-ca17-4795-9363-a4719134270e,/photos/cca317c7-ca17-4795-9363-a4719134270e/3.webp,3,2026-01-16T01:03:03+00:00
3e60bd77-9b26-466f-b260-6faed816696d,44f76140-7822-4deb-ab2f-f324a9ab49f7,/photos/44f76140-7822-4deb-ab2f-f324a9ab49f7/0.webp,0,2025-11-25T16:10:25+00:00
b80d6a12-8400-4416-93ff-e2ec4f3f049e,44f76140-7822-4deb-ab2f-f324a9ab49f7,/photos/44f76140-7822-4deb-ab2f-f324a9ab49f7/1.webp,1,2025-11-25T16:10:25+00:00
191b3aa0-69f3-4694-9487-b5110a895ed7,44f76140-7822-4deb-ab2f-f324a9ab49f7,/photos/44f76140-7822-4deb-ab2f-f324a9ab49f7/2.webp,2,2025-11-25T16:10:25+00:00
6796b16e-7d6f-43fd-bdac-bb7e2c479cbf,44f76140-7822-4deb-ab2f-f324a9ab49f7,/photos/44f76140-7822-4deb-ab2f-f324a9ab49f7/3.webp,3,2025-11-25T16:10:25+00:00
7077ecb2-c5f0-4ac3-b3fe-bf9ac31f6394,aee5bcfa-4624-4b60-9453-d7d56d1174df,/photos/aee5bcfa-4624-4b60-9453-d7d56d1174df/0.webp,0,2026-05-15T12:49:21+00:00
e10e6c0a-b45c-40f8-b199-46744d887ad7,aee5bcfa-4624-4b60-9453-d7d56d1174df,/photos/aee5bcfa-4624-4b60-9453-d7d56d1174df/1.webp,1,2026-05-15T12:49:21+00:00
fa992259-3609-4137-a382-cbafbc1500ce,92d0d2fc-5512-44fe-b924-4936157def77,/photos/92d0d2fc-5512-44fe-b924-4936157def77/0.webp,0,2026-01-27T03:43:47+00:00
aa38a2d8-6c13-475c-8968-ac280d89c399,92d0d2fc-5512-44fe-b924-4936157def77,/photos/92d0d2fc-5512-44fe-b924-4936157def77/1.webp,1,2026-01-27T03:43:47+00:00
77e26e6b-45a7-4ff5-86be-7899a0c0a79d,92d0d2fc-5512-44fe-b924-4936157def77,/photos/92d0d2fc-5512-44fe-b924-4936157def77/2.webp,2,2026-01-27T03:43:47+00:00
13e094aa-5484-47a2-ad23-ae738bd8d225,92d0d2fc-5512-44fe-b924-4936157def77,/photos/92d0d2fc-5512-44fe-b924-4936157def77/3.webp,3,2026-01-27T03:43:47+00:00
ee94e33a-b868-4f2e-b704-5a14e923514f,92d0d2fc-5512-44fe-b924-4936157def77,/photos/92d0d2fc-5512-44fe-b924-4936157def77/4.webp,4,2026-01-27T03:43:47+00:00
ccd3f20d-96b7-4f22-be20-2dc50d1e9d39,92d0d2fc-5512-44fe-b924-4936157def77,/photos/92d0d2fc-5512-44fe-b924-4936157def77/5.webp,5,2026-01-27T03:43:47+00:00
4a495d45-a2c3-4de1-b6bb-36b1cf0aaf84,92d0d2fc-5512-44fe-b924-4936157def77,/photos/92d0d2fc-5512-44fe-b924-4936157def77/6.webp,6,2026-01-27T03:43:47+00:00
f3866876-a7ea-4fcc-be58-8b225be3176c,92d0d2fc-5512-44fe-b924-4936157def77,/photos/92d0d2fc-5512-44fe-b924-4936157def77/7.webp,7,2026-01-27T03:43:47+00:00
4cc965fa-3f3a-4baa-8296-24ec24683d87,92d0d2fc-5512-44fe-b924-4936157def77,/photos/92d0d2fc-5512-44fe-b924-4936157def77/8.webp,8,2026-01-27T03:43:47+00:00
b45c26da-2674-4f30-8685-097d9322a4e1,92d0d2fc-5512-44fe-b924-4936157def77,/photos/92d0d2fc-5512-44fe-b924-4936157def77/9.webp,9,2026-01-27T03:43:47+00:00
bae26de3-abf0-48f4-97c3-37520c1051ce,3dacb498-3be6-4091-b125-4c35f45ce264,/photos/3dacb498-3be6-4091-b125-4c35f45ce264/0.webp,0,2026-05-03T02:16:38+00:00
445f0b36-3615-4874-9880-5ccad8731146,3dacb498-3be6-4091-b125-4c35f45ce264,/photos/3dacb498-3be6-4091-b125-4c35f45ce264/1.webp,1,2026-05-03T02:16:38+00:00
920a78a0-5ba6-4214-9526-0ca93c43f2a1,c0dc158d-4873-49e4-898d-acb92d646416,/photos/c0dc158d-4873-49e4-898d-acb92d646416/0.webp,0,2026-08-24T10:55:55+00:00
8c2d856e-e7a1-4c54-946c-9b5534d4d4ce,c0dc158d-4873-49e4-898d-acb92d646416,/photos/c0dc158d-4873-49e4-898d-acb92d646416/1.webp,1,2026-08-24T10:55:55+00:00
44dabbc2-8617-4751-b1a0-8ce6554c22fc,e38bfaef-c090-465f-8193-006a52220f84,/photos/e38bfaef-c090-465f-8193-006a52220f84/0.webp,0,2025-09-01T07:15:10+00:00
59e59694-bc68-4b00-8224-6147f288f0d1,e38bfaef-c090-465f-8193-006a52220f84,/photos/e38bfaef-c090-465f-8193-006a52220f84/1.webp,1,2025-09-01T07:15:10+00:00
6f1a1031-c2b8-4cb2-b678-e680b995f738,e38bfaef-c090-465f-8193-006a52220f84,/photos/e38bfaef-c090-465f-8193-006a52220f84/2.webp,2,2025-09-01T07:15:10+00:00
98466dd8-06eb-4e56-8b5f-bbfa1246b788,e38bfaef-c090-465f-8193-006a52220f84,/photos/e38bfaef-c090-465f-8193-006a52220f84/3.webp,3,2025-09-01T07:15:10+00:00
f2374cd2-29b3-40c1-b8dd-a291f12ae770,cf3e7aa4-26ad-4c99-a921-8dac7b74af30,/photos/cf3e7aa4-26ad-4c99-a921-8dac7b74af30/0.webp,0,2025-05-22T07:40:28+00:00
10901229-2d9d-4aaa-981c-783a1172ce9a,cf3e7aa4-26ad-4c99-a921-8dac7b74af30,/photos/cf3e7aa4-26ad-4c99-a921-8dac7b74af30/1.webp,1,2025-05-22T07:40:28+00:00
e864b689-bf65-45dc-ac20-2357c4230055,cf3e7aa4-26ad-4c99-a921-8dac7b74af30,/photos/cf3e7aa4-26ad-4c99-a921-8dac7b74af30/2.webp,2,2025-05-22T07:40:28+00:00
0d09f3e5-aa2d-4937-be32-9512554d391b,bb53ca0c-085c-4b5f-bf6c-db5867335811,/photos/bb53ca0c-085c-4b5f-bf6c-db5867335811/0.webp,0,2026-08-28T13:19:18+00:00
d4895a48-9649-477b-8478-c5ca409c70f2,bb53ca0c-085c-4b5f-bf6c-db5867335811,/photos/bb53ca0c-085c-4b5f-bf6c-db5867335811/1.webp,1,2026-08-28T13:19:18+00:00
3cf8c363-ae6c-4596-97d5-9f3eaa8063ff,bb53ca0c-085c-4b5f-bf6c-db5867335811,/photos/bb53ca0c-085c-4b5f-bf6c-db5867335811/2.webp,2,2026-08-28T13:19:18+00:00
bac771fd-1afb-4934-a950-5cc584110edf,bb53ca0c-085c-4b5f-bf6c-db5867335811,/photos/bb53ca0c-085c-4b5f-bf6c-db5867335811/3.webp,3,2026-08-28T13:19:18+00:00
40ab9f8b-4529-4f91-bf53-46f744b8688e,bb53ca0c-085c-4b5f-bf6c-db5867335811,/photos/bb53ca0c-085c-4b5f-bf6c-db5867335811/4.webp,4,2026-08-28T13:19:18+00:00
3f7f26d3-a27f-46bb-b8f1-410a45ebfff4,ab560da3-0bd6-41d0-907d-b07c05a7ac61,/photos/ab560da3-0bd6-41d0-907d-b07c05a7ac61/0.webp,0,2026-05-05T10:56:17+00:00
e2e6c3b7-411a-403c-8ce7-be9eef7306e2,d6adbca4-5e2d-46b6-ba4e-c43e1f50e0c3,/photos/d6adbca4-5e2d-46b6-ba4e-c43e1f50e0c3/0.webp,0,2026-08-01T05:26:04+00:00
c3fffed6-0fbd-4f11-8892-0276f04fc594,d6adbca4-5e2d-46b6-ba4e-c43e1f50e0c3,/photos/d6adbca4-5e2d-46b6-ba4e-c43e1f50e0c3/1.webp,1,2026-08-01T05:26:04+00:00
93859698-45e4-4924-ac4a-43e2add1367d,d6adbca4-5e2d-46b6-ba4e-c43e1f50e0c3,/photos/d6adbca4-5e2d-46b6-ba4e-c43e1f50e0c3/2.webp,2,2026-08-01T05:26:04+00:00
0537053e-289e-479f-9d2c-674b62fcdd27,d6adbca4-5e2d-46b6-ba4e-c43e1f50e0c3,/photos/d6adbca4-5e2d-46b6-ba4e-c43e1f50e0c3/3.webp,3,2026-08-01T05:26:04+00:00
2a802e54-9b81-4979-9b11-a01ead98b8df,d6adbca4-5e2d-46b6-ba4e-c43e1f50e0c3,/photos/d6adbca4-5e2d-46b6-ba4e-c43e1f50e0c3/4.webp,4,2026-08-01T05:26:04+00:00
c593200b-caa3-473c-9fb0-5dbf095fdf5a,d6adbca4-5e2d-46b6-ba4e-c43e1f50e0c3,/photos/d6adbca4-5e2d-46b6-ba4e-c43e1f50e0c3/5.webp,5,2026-08-01T05:26:04+00:00
4ef0f6b5-e49a-414a-bb4d-2eba0dbb89a8,d6adbca4-5e2d-46b6-ba4e-c43e1f50e0c3,/photos/d6adbca4-5e2d-46b6-ba4e-c43e1f50e0c3/6.webp,6,2026-08-01T05:26:04+00:00
745ebca4-001a-47c2-8be8-95a5ee98f939,d6adbca4-5e2d-46b6-ba4e-c43e1f50e0c3,/photos/d6adbca4-5e2d-46b6-ba4e-c43e1f50e0c3/7.webp,7,2026-08-01T05:26:04+00:00
3a350db3-5ebf-4e97-9b53-754293770549,d6adbca4-5e2d-46b6-ba4e-c43e1f50e0c3,/photos/d6adbca4-5e2d-46b6-ba4e-c43e1f50e0c3/8.webp,8,2026-08-01T05:26:04+00:00
39d7f879-6a30-4727-9953-a28322aeaa43,72e828fa-8feb-4430-939a-54835f9949d4,/photos/72e828fa-8feb-4430-939a-54835f9949d4/0.webp,0,2026-05-30T13:29:08+00:00
765ddf5a-f0af-41d3-8187-dbdee330fe62,72e828fa-8feb-4430-939a-54835f9949d4,/photos/72e828fa-8feb-4430-939a-54835f9949d4/1.webp,1,2026-05-30T13:29:08+00:00
a1291bcc-6e0f-43b5-acb5-4e71219334c7,72e828fa-8feb-4430-939a-54835f9949d4,/photos/72e828fa-8feb-4430-939a-54835f9949d4/2.webp,2,2026-05-30T13:29:08+00:00
397467fd-500f-4bd7-ac62-d204b4f6e985,93039c0f-b5c3-4a99-a536-72ac922fdfd2,/photos/93039c0f-b5c3-4a99-a536-72ac922fdfd2/0.webp,0,2026-05-14T09:44:06+00:00
a2cfe6ca-f12e-4b54-8cd2-04e1c54c9537,93039c0f-b5c3-4a99-a536-72ac922fdfd2,/photos/93039c0f-b5c3-4a99-a536-72ac922fdfd2/1.webp,1,2026-05-14T09:44:06+00:00
b7c39bca-9b7e-4739-94ac-60a38498e0fc,93039c0f-b5c3-4a99-a536-72ac922fdfd2,/photos/93039c0f-b5c3-4a99-a536-72ac922fdfd2/2.webp,2,2026-05-14T09:44:06+00:00
fe4db614-0606-4541-bc1c-c248750e1708,93039c0f-b5c3-4a99-a536-72ac922fdfd2,/photos/93039c0f-b5c3-4a99-a536-72ac922fdfd2/3.webp,3,2026-05-14T09:44:06+00:00
5960cef0-ef22-4534-90e1-9f7d61f79450,93039c0f-b5c3-4a99-a536-72ac922fdfd2,/photos/93039c0f-b5c3-4a99-a536-72ac922fdfd2/4.webp,4,2026-05-14T09:44:06+00:00
798dcbd0-bb51-4f30-9e8f-ab29bb13bae5,93039c0f-b5c3-4a99-a536-72ac922fdfd2,/photos/93039c0f-b5c3-4a99-a536-72ac922fdfd2/5.webp,5,2026-05-14T09:44:06+00:00
001ad55a-7fc0-494a-8f25-ea7699012020,ba48ea9a-155a-46fb-87f9-3a7a41c06d40,/photos/ba48ea9a-155a-46fb-87f9-3a7a41c06d40/0.webp,0,2025-09-07T13:53:22+00:00
c56eca0f-0a92-4464-a7a7-36ab2a8b5727,ba48ea9a-155a-46fb-87f9-3a7a41c06d40,/photos/ba48ea9a-155a-46fb-87f9-3a7a41c06d40/1.webp,1,2025-09-07T13:53:22+00:00
930b5467-6aec-40f5-a66e-4c057467c568,ba48ea9a-155a-46fb-87f9-3a7a41c06d40,/photos/ba48ea9a-155a-46fb-87f9-3a7a41c06d40/2.webp,2,2025-09-07T13:53:22+00:00
aa21320d-e58f-4d12-80c5-8663fd259ae9,ba48ea9a-155a-46fb-87f9-3a7a41c06d40,/photos/ba48ea9a-155a-46fb-87f9-3a7a41c06d40/3.webp,3,2025-09-07T13:53:22+00:00
a68de8a7-e6cc-482a-a3fa-9efe34953b1d,2aaa1a92-5e30-4e4c-bb88-8d4197cd7c80,/photos/2aaa1a92-5e30-4e4c-bb88-8d4197cd7c80/0.webp,0,2026-03-18T07:26:25+00:00
1e8b6e47-4566-417a-aecb-33818162ec03,3b40904a-6886-45ae-bb6e-50b846f4b0ee,/photos/3b40904a-6886-45ae-bb6e-50b846f4b0ee/0.webp,0,2025-04-13T00:19:22+00:00
eed78697-12da-4955-8a70-2c2da528607f,3b40904a-6886-45ae-bb6e-50b846f4b0ee,/photos/3b40904a-6886-45ae-bb6e-50b846f4b0ee/1.webp,1,2025-04-13T00:19:22+00:00
00dd60d1-c2c0-494e-99e5-5b9f0f7f400d,3b40904a-6886-45ae-bb6e-50b846f4b0ee,/photos/3b40904a-6886-45ae-bb6e-50b846f4b0ee/2.webp,2,2025-04-13T00:19:22+00:00
8463afe2-4e7d-4a8a-a46a-c0661dcc379f,3b40904a-6886-45ae-bb6e-50b846f4b0ee,/photos/3b40904a-6886-45ae-bb6e-50b846f4b0ee/3.webp,3,2025-04-13T00:19:22+00:00
e0144d81-dbbf-4694-97b7-83170ffb5c41,3b40904a-6886-45ae-bb6e-50b846f4b0ee,/photos/3b40904a-6886-45ae-bb6e-50b846f4b0ee/4.webp,4,2025-04-13T00:19:22+00:00
e611872e-0c26-481f-a5a5-30c2b30797dc,3b40904a-6886-45ae-bb6e-50b846f4b0ee,/photos/3b40904a-6886-45ae-bb6e-50b846f4b0ee/5.webp,5,2025-04-13T00:19:22+00:00
66ea75c3-d8d8-4cb4-a898-fba353ff56f0,717ef76c-36c7-41fb-b631-0857bf04e703,/photos/717ef76c-36c7-41fb-b631-0857bf04e703/0.webp,0,2025-05-31T01:06:47+00:00
20f2556f-f645-42ca-9713-8eaf363deb1a,717ef76c-36c7-41fb-b631-0857bf04e703,/photos/717ef76c-36c7-41fb-b631-0857bf04e703/1.webp,1,2025-05-31T01:06:47+00:00
8c4d1023-0bae-4d08-bf52-d35885ad1964,717ef76c-36c7-41fb-b631-0857bf04e703,/photos/717ef76c-36c7-41fb-b631-0857bf04e703/2.webp,2,2025-05-31T01:06:47+00:00
116a52db-3808-4a83-a024-c20268c3a2c5,717ef76c-36c7-41fb-b631-0857bf04e703,/photos/717ef76c-36c7-41fb-b631-0857bf04e703/3.webp,3,2025-05-31T01:06:47+00:00
cf17e60c-4d34-49b6-b8c5-61cf3108787b,717ef76c-36c7-41fb-b631-0857bf04e703,/photos/717ef76c-36c7-41fb-b631-0857bf04e703/4.webp,4,2025-05-31T01:06:47+00:00
f22da83c-8890-4810-9c3f-99c17f2de4b2,717ef76c-36c7-41fb-b631-0857bf04e703,/photos/717ef76c-36c7-41fb-b631-0857bf04e703/5.webp,5,2025-05-31T01:06:47+00:00
3f24759b-cddd-4bf5-9354-50c631c64b9d,717ef76c-36c7-41fb-b631-0857bf04e703,/photos/717ef76c-36c7-41fb-b631-0857bf04e703/6.webp,6,2025-05-31T01:06:47+00:00
7d0cbb33-0b45-40db-b157-8d4d7dd07120,717ef76c-36c7-41fb-b631-0857bf04e703,/photos/717ef76c-36c7-41fb-b631-0857bf04e703/7.webp,7,2025-05-31T01:06:47+00:00
97c21179-58cd-436c-a2d5-c3f6b64fcffa,4323a6e2-b956-4d7b-98cb-cfcc542cef70,/photos/4323a6e2-b956-4d7b-98cb-cfcc542cef70/0.webp,0,2026-07-25T11:08:04+00:00
ebe3cb8c-cdc6-4e66-b097-456ca4730047,4323a6e2-b956-4d7b-98cb-cfcc542cef70,/photos/4323a6e2-b956-4d7b-98cb-cfcc542cef70/1.webp,1,2026-07-25T11:08:04+00:00
80cdaacf-00c7-4133-94f6-0767b6348760,229700f2-dd1c-4c3e-9ca7-a04381a34680,/photos/229700f2-dd1c-4c3e-9ca7-a04381a34680/0.webp,0,2026-04-22T13:31:15+00:00
6c3a9f95-5876-4b98-9c87-364506eb02e2,229700f2-dd1c-4c3e-9ca7-a04381a34680,/photos/229700f2-dd1c-4c3e-9ca7-a04381a34680/1.webp,1,2026-04-22T13:31:15+00:00
630ef02a-aaa6-44ff-85a1-14939a934465,229700f2-dd1c-4c3e-9ca7-a04381a34680,/photos/229700f2-dd1c-4c3e-9ca7-a04381a34680/2.webp,2,2026-04-22T13:31:15+00:00
557be6fa-9a31-4487-834a-d10758183a42,229700f2-dd1c-4c3e-9ca7-a04381a34680,/photos/229700f2-dd1c-4c3e-9ca7-a04381a34680/3.webp,3,2026-04-22T13:31:15+00:00
4684449e-ec14-47fe-8b3c-783f19a13472,229700f2-dd1c-4c3e-9ca7-a04381a34680,/photos/229700f2-dd1c-4c3e-9ca7-a04381a34680/4.webp,4,2026-04-22T13:31:15+00:00
7d226239-d710-44e4-a3c6-4742cf9b40b2,fefb542c-a0d7-451c-933a-c9279b827840,/photos/fefb542c-a0d7-451c-933a-c9279b827840/0.webp,0,2026-08-10T14:10:54+00:00
b5b26318-83b9-46f1-9264-9fc8724ffb06,fefb542c-a0d7-451c-933a-c9279b827840,/photos/fefb542c-a0d7-451c-933a-c9279b827840/1.webp,1,2026-08-10T14:10:54+00:00
a096bf60-d9a0-4c68-ae63-3d832b1aa7d7,fefb542c-a0d7-451c-933a-c9279b827840,/photos/fefb542c-a0d7-451c-933a-c9279b827840/2.webp,2,2026-08-10T14:10:54+00:00
1e43037a-6005-46c1-adf8-8f9079821c66,fefb542c-a0d7-451c-933a-c9279b827840,/photos/fefb542c-a0d7-451c-933a-c9279b827840/3.webp,3,2026-08-10T14:10:54+00:00
ad373a32-63f9-4fad-abd1-1d226bc1b8bc,60d2863e-69e2-4453-a41b-dee0a9e2deb4,/photos/60d2863e-69e2-4453-a41b-dee0a9e2deb4/0.webp,0,2024-10-26T04:44:28+00:00
c466fbc0-d585-4765-99a3-66950a9560bc,60d2863e-69e2-4453-a41b-dee0a9e2deb4,/photos/60d2863e-69e2-4453-a41b-dee0a9e2deb4/1.webp,1,2024-10-26T04:44:28+00:00
50bef85f-b343-47d2-8034-8eb3e2f1f74f,60d2863e-69e2-4453-a41b-dee0a9e2deb4,/photos/60d2863e-69e2-4453-a41b-dee0a9e2deb4/2.webp,2,2024-10-26T04:44:28+00:00
65240891-9959-4a74-a17a-ba80cd34471d,60d2863e-69e2-4453-a41b-dee0a9e2deb4,/photos/60d2863e-69e2-4453-a41b-dee0a9e2deb4/3.webp,3,2024-10-26T04:44:28+00:00
579264dc-dbb2-47cb-b0ca-91dba8b78e83,60d2863e-69e2-4453-a41b-dee0a9e2deb4,/photos/60d2863e-69e2-4453-a41b-dee0a9e2deb4/4.webp,4,2024-10-26T04:44:28+00:00
b2717b19-a760-47e1-a170-c95ad6fbdfed,60d2863e-69e2-4453-a41b-dee0a9e2deb4,/photos/60d2863e-69e2-4453-a41b-dee0a9e2deb4/5.webp,5,2024-10-26T04:44:28+00:00
03a213c4-820f-4213-9be3-3fe7fc64a89c,58a67f62-a6e6-49d8-bd92-252b7238212d,/photos/58a67f62-a6e6-49d8-bd92-252b7238212d/0.webp,0,2026-06-05T16:34:47+00:00
9cc545d4-56e2-44bb-a63a-36fdc2f98a0b,31736ac8-403b-4f1a-830a-c60231b318b6,/photos/31736ac8-403b-4f1a-830a-c60231b318b6/0.webp,0,2026-08-08T16:50:25+00:00
fbc086c8-c36b-4eb8-8813-1da6cc0d2ebc,fbcf66e1-e2f9-4699-bbac-69707664d18e,/photos/fbcf66e1-e2f9-4699-bbac-69707664d18e/0.webp,0,2025-03-07T23:48:48+00:00
dd5fa883-3023-4cf2-a677-e0576bc03575,fbcf66e1-e2f9-4699-bbac-69707664d18e,/photos/fbcf66e1-e2f9-4699-bbac-69707664d18e/1.webp,1,2025-03-07T23:48:48+00:00
b2332267-852f-4bd1-8fb1-b5be753abcc4,fbcf66e1-e2f9-4699-bbac-69707664d18e,/photos/fbcf66e1-e2f9-4699-bbac-69707664d18e/2.webp,2,2025-03-07T23:48:48+00:00
4508196d-398d-44fa-a733-e0ae08daecdc,fbcf66e1-e2f9-4699-bbac-69707664d18e,/photos/fbcf66e1-e2f9-4699-bbac-69707664d18e/3.webp,3,2025-03-07T23:48:48+00:00
cf8f2555-08db-4d7c-ae27-68e66cdf718c,fbcf66e1-e2f9-4699-bbac-69707664d18e,/photos/fbcf66e1-e2f9-4699-bbac-69707664d18e/4.webp,4,2025-03-07T23:48:48+00:00
ad2e0417-55ec-490e-8ddf-935b3c4d87d4,fbcf66e1-e2f9-4699-bbac-69707664d18e,/photos/fbcf66e1-e2f9-4699-bbac-69707664d18e/5.webp,5,2025-03-07T23:48:48+00:00
b4d1fe9c-fae2-4c92-ac4c-861c67f9eea3,fbcf66e1-e2f9-4699-bbac-69707664d18e,/photos/fbcf66e1-e2f9-4699-bbac-69707664d18e/6.webp,6,2025-03-07T23:48:48+00:00
ae655e72-6912-4a7f-b7df-cbda8ff8e6d9,4afb05ef-80c0-459a-bc81-003ea39a9388,/photos/4afb05ef-80c0-459a-bc81-003ea39a9388/0.webp,0,2025-06-27T01:14:59+00:00
497d8130-9d54-4b7d-a0a2-2c1273c78227,4afb05ef-80c0-459a-bc81-003ea39a9388,/photos/4afb05ef-80c0-459a-bc81-003ea39a9388/1.webp,1,2025-06-27T01:14:59+00:00
533990b6-5d19-4366-867a-fc63293fcc4e,4afb05ef-80c0-459a-bc81-003ea39a9388,/photos/4afb05ef-80c0-459a-bc81-003ea39a9388/2.webp,2,2025-06-27T01:14:59+00:00
da7a3142-ab1a-42ec-baf9-e5f422153746,9ddcbe3a-1337-4daf-ba0b-6d5aa4afa795,/photos/9ddcbe3a-1337-4daf-ba0b-6d5aa4afa795/0.webp,0,2026-08-31T10:28:32+00:00
398818cd-9fb4-435f-ad8e-9e9e16ffccd7,9ddcbe3a-1337-4daf-ba0b-6d5aa4afa795,/photos/9ddcbe3a-1337-4daf-ba0b-6d5aa4afa795/1.webp,1,2026-08-31T10:28:32+00:00
880255f1-a7fe-45f1-ba2f-d1ceb23f88f2,9ddcbe3a-1337-4daf-ba0b-6d5aa4afa795,/photos/9ddcbe3a-1337-4daf-ba0b-6d5aa4afa795/2.webp,2,2026-08-31T10:28:32+00:00
695bc5c1-4f0f-42d6-a973-d227330f2357,9ddcbe3a-1337-4daf-ba0b-6d5aa4afa795,/photos/9ddcbe3a-1337-4daf-ba0b-6d5aa4afa795/3.webp,3,2026-08-31T10:28:32+00:00
5893e3bc-b455-440b-a204-9b38abf8d533,9ddcbe3a-1337-4daf-ba0b-6d5aa4afa795,/photos/9ddcbe3a-1337-4daf-ba0b-6d5aa4afa795/4.webp,4,2026-08-31T10:28:32+00:00
7ceb8ac0-4f93-4865-a850-8ba37451f6a5,9945523c-4b2c-432b-b4ec-450441afa016,/photos/9945523c-4b2c-432b-b4ec-450441afa016/0.webp,0,2025-03-14T19:05:38+00:00
3c552393-d1bd-48c3-b6a3-6c9717e5e853,9945523c-4b2c-432b-b4ec-450441afa016,/photos/9945523c-4b2c-432b-b4ec-450441afa016/1.webp,1,2025-03-14T19:05:38+00:00
b8433334-a2e5-4362-a270-069ca0767570,9945523c-4b2c-432b-b4ec-450441afa016,/photos/9945523c-4b2c-432b-b4ec-450441afa016/2.webp,2,2025-03-14T19:05:38+00:00
9b7ad9d6-d4f2-48c4-86a5-6fe28366ca87,9945523c-4b2c-432b-b4ec-450441afa016,/photos/9945523c-4b2c-432b-b4ec-450441afa016/3.webp,3,2025-03-14T19:05:38+00:00
44f7b9b2-5131-4acb-a284-613d29c218c3,9945523c-4b2c-432b-b4ec-450441afa016,/photos/9945523c-4b2c-432b-b4ec-450441afa016/4.webp,4,2025-03-14T19:05:38+00:00
270596cf-141a-4695-83e5-68095db2b429,9945523c-4b2c-432b-b4ec-450441afa016,/photos/9945523c-4b2c-432b-b4ec-450441afa016/5.webp,5,2025-03-14T19:05:38+00:00
90e998fb-8445-4620-912c-36e436a0f490,476e4533-c91a-402b-8ebd-21a42412c09b,/photos/476e4533-c91a-402b-8ebd-21a42412c09b/0.webp,0,2026-08-04T01:22:35+00:00
0111d3ec-bf92-4d9d-b809-58ecc50728ae,476e4533-c91a-402b-8ebd-21a42412c09b,/photos/476e4533-c91a-402b-8ebd-21a42412c09b/1.webp,1,2026-08-04T01:22:35+00:00
dfdc41d1-7329-4b38-8a3e-94b1d68eab6b,476e4533-c91a-402b-8ebd-21a42412c09b,/photos/476e4533-c91a-402b-8ebd-21a42412c09b/2.webp,2,2026-08-04T01:22:35+00:00
ce1d6c1e-8cf2-412a-9a6c-c839304ab18b,852b706c-d8ff-499d-9b64-43db7bf2c273,/photos/852b706c-d8ff-499d-9b64-43db7bf2c273/0.webp,0,2025-09-24T00:11:26+00:00
c16393f6-eb0a-41b1-a1cd-9962c9ef580d,852b706c-d8ff-499d-9b64-43db7bf2c273,/photos/852b706c-d8ff-499d-9b64-43db7bf2c273/1.webp,1,2025-09-24T00:11:26+00:00
bd6b589f-c445-49e6-87c1-92a99df32979,852b706c-d8ff-499d-9b64-43db7bf2c273,/photos/852b706c-d8ff-499d-9b64-43db7bf2c273/2.webp,2,2025-09-24T00:11:26+00:00
2cef5650-f989-4f09-84d3-73ebbd4efef6,852b706c-d8ff-499d-9b64-43db7bf2c273,/photos/852b706c-d8ff-499d-9b64-43db7bf2c273/3.webp,3,2025-09-24T00:11:26+00:00
182da7b5-8e1f-485f-8a5f-61f0eae4d4ff,852b706c-d8ff-499d-9b64-43db7bf2c273,/photos/852b706c-d8ff-499d-9b64-43db7bf2c273/4.webp,4,2025-09-24T00:11:26+00:00
20561fe6-46cd-4d54-b6e7-6c799cfdcf43,852b706c-d8ff-499d-9b64-43db7bf2c273,/photos/852b706c-d8ff-499d-9b64-43db7bf2c273/5.webp,5,2025-09-24T00:11:26+00:00
63b3bbfb-6e17-43d0-ad6d-05f106c24b55,9235a477-38e5-45e8-8555-b189c754e348,/photos/9235a477-38e5-45e8-8555-b189c754e348/0.webp,0,2024-12-23T12:28:02+00:00
71e810ae-e2ff-4503-9790-f9efe0f16f72,9235a477-38e5-45e8-8555-b189c754e348,/photos/9235a477-38e5-45e8-8555-b189c754e348/1.webp,1,2024-12-23T12:28:02+00:00
a4799a31-9ddd-41f6-948f-fec7a8c8f37b,9235a477-38e5-45e8-8555-b189c754e348,/photos/9235a477-38e5-45e8-8555-b189c754e348/2.webp,2,2024-12-23T12:28:02+00:00
a8f18867-15c1-4265-9140-0974efc4ea95,9235a477-38e5-45e8-8555-b189c754e348,/photos/9235a477-38e5-45e8-8555-b189c754e348/3.webp,3,2024-12-23T12:28:02+00:00
4fbfc33f-9e75-4e67-948a-3fe43fa5f663,9235a477-38e5-45e8-8555-b189c754e348,/photos/9235a477-38e5-45e8-8555-b189c754e348/4.webp,4,2024-12-23T12:28:02+00:00
2fb2b4fe-7c34-49e4-8b42-393d157b60f1,efbd5aa2-fa7c-42fe-953e-51d3d36773f2,/photos/efbd5aa2-fa7c-42fe-953e-51d3d36773f2/0.webp,0,2025-05-23T22:58:31+00:00
0b064a1b-d6bc-4774-8619-df0ead35b1c5,efbd5aa2-fa7c-42fe-953e-51d3d36773f2,/photos/efbd5aa2-fa7c-42fe-953e-51d3d36773f2/1.webp,1,2025-05-23T22:58:31+00:00
54db24db-c76c-4a79-b2ee-0adf2e2d1000,bd66e4f8-76f3-46bb-9905-ad85a9e12181,/photos/bd66e4f8-76f3-46bb-9905-ad85a9e12181/0.webp,0,2025-12-17T17:56:36+00:00
ba05e220-30c9-4aca-bd34-65c516038cc6,bd66e4f8-76f3-46bb-9905-ad85a9e12181,/photos/bd66e4f8-76f3-46bb-9905-ad85a9e12181/1.webp,1,2025-12-17T17:56:36+00:00
94db2fac-941b-4ca3-9690-1498c7159e0d,b01cdec8-b614-48ba-9a52-762e8aba0b7b,/photos/b01cdec8-b614-48ba-9a52-762e8aba0b7b/0.webp,0,2026-03-27T06:54:31+00:00
6b24a7e7-f63f-479f-b1f7-28418af26875,b01cdec8-b614-48ba-9a52-762e8aba0b7b,/photos/b01cdec8-b614-48ba-9a52-762e8aba0b7b/1.webp,1,2026-03-27T06:54:31+00:00
48218f2d-283b-4263-ab3f-82d212d49d24,b01cdec8-b614-48ba-9a52-762e8aba0b7b,/photos/b01cdec8-b614-48ba-9a52-762e8aba0b7b/2.webp,2,2026-03-27T06:54:31+00:00
b83e0a31-1d6a-432f-89be-afb1c0e93847,b01cdec8-b614-48ba-9a52-762e8aba0b7b,/photos/b01cdec8-b614-48ba-9a52-762e8aba0b7b/3.webp,3,2026-03-27T06:54:31+00:00
11e89006-160a-4313-a0e4-4c5d1954a4df,b01cdec8-b614-48ba-9a52-762e8aba0b7b,/photos/b01cdec8-b614-48ba-9a52-762e8aba0b7b/4.webp,4,2026-03-27T06:54:31+00:00
abf348b4-1580-46b4-9966-cc7fcf4d4029,b01cdec8-b614-48ba-9a52-762e8aba0b7b,/photos/b01cdec8-b614-48ba-9a52-762e8aba0b7b/5.webp,5,2026-03-27T06:54:31+00:00
8b78d192-62bd-4e70-a081-0dfca873fe59,f71eb801-135f-41ac-b466-1ab057ace8fe,/photos/f71eb801-135f-41ac-b466-1ab057ace8fe/0.webp,0,2026-08-24T21:47:04+00:00
7a58e7e9-8180-4777-8b44-98af2be9d6bf,f71eb801-135f-41ac-b466-1ab057ace8fe,/photos/f71eb801-135f-41ac-b466-1ab057ace8fe/1.webp,1,2026-08-24T21:47:04+00:00
b7df306c-ebbc-4a96-a2ac-f9f85076ba14,f71eb801-135f-41ac-b466-1ab057ace8fe,/photos/f71eb801-135f-41ac-b466-1ab057ace8fe/2.webp,2,2026-08-24T21:47:04+00:00
9873fa00-9b74-4344-b476-f5f8b7cce336,ecaa00d7-e7d7-4ac8-8639-8b87156ddec0,/photos/ecaa00d7-e7d7-4ac8-8639-8b87156ddec0/0.webp,0,2025-10-10T02:12:34+00:00
9c0ef56b-6cc6-4be9-be79-23d52e072f34,ecaa00d7-e7d7-4ac8-8639-8b87156ddec0,/photos/ecaa00d7-e7d7-4ac8-8639-8b87156ddec0/1.webp,1,2025-10-10T02:12:34+00:00
ab0bed18-5ed2-4b9d-88b2-3044206bf713,ecaa00d7-e7d7-4ac8-8639-8b87156ddec0,/photos/ecaa00d7-e7d7-4ac8-8639-8b87156ddec0/2.webp,2,2025-10-10T02:12:34+00:00
6713fb0f-9a75-4b09-afe4-8823d0706f48,ecaa00d7-e7d7-4ac8-8639-8b87156ddec0,/photos/ecaa00d7-e7d7-4ac8-8639-8b87156ddec0/3.webp,3,2025-10-10T02:12:34+00:00
d40e3c9e-5597-4854-a16c-e997526c4567,ecaa00d7-e7d7-4ac8-8639-8b87156ddec0,/photos/ecaa00d7-e7d7-4ac8-8639-8b87156ddec0/4.webp,4,2025-10-10T02:12:34+00:00
287112ce-260c-4773-98c2-0c2878c70fd0,ecaa00d7-e7d7-4ac8-8639-8b87156ddec0,/photos/ecaa00d7-e7d7-4ac8-8639-8b87156ddec0/5.webp,5,2025-10-10T02:12:34+00:00
0be78600-7fa9-4ef4-b48e-3b5b03166f48,66eb10bf-9e0e-4f01-b1ef-3568507620a6,/photos/66eb10bf-9e0e-4f01-b1ef-3568507620a6/0.webp,0,2026-08-22T15:04:09+00:00
ce483085-1d83-4420-b287-418a5f760bdc,66eb10bf-9e0e-4f01-b1ef-3568507620a6,/photos/66eb10bf-9e0e-4f01-b1ef-3568507620a6/1.webp,1,2026-08-22T15:04:09+00:00
b54a7dec-cf42-42ae-bc7e-08014b64d8c3,66eb10bf-9e0e-4f01-b1ef-3568507620a6,/photos/66eb10bf-9e0e-4f01-b1ef-3568507620a6/2.webp,2,2026-08-22T15:04:09+00:00
beb6a818-3bf7-4302-8c02-c1fc6b8c3789,66eb10bf-9e0e-4f01-b1ef-3568507620a6,/photos/66eb10bf-9e0e-4f01-b1ef-3568507620a6/3.webp,3,2026-08-22T15:04:09+00:00
5cb16420-8e76-46f7-913d-1cea50b3151b,66eb10bf-9e0e-4f01-b1ef-3568507620a6,/photos/66eb10bf-9e0e-4f01-b1ef-3568507620a6/4.webp,4,2026-08-22T15:04:09+00:00
02f404fc-b2c1-42bb-831b-5d1f2f431264,b080bc8b-32e0-478b-a88e-0578c64791d9,/photos/b080bc8b-32e0-478b-a88e-0578c64791d9/0.webp,0,2025-08-13T15:31:49+00:00
0e29dcf0-bea5-48d4-a188-4b1f69986342,b080bc8b-32e0-478b-a88e-0578c64791d9,/photos/b080bc8b-32e0-478b-a88e-0578c64791d9/1.webp,1,2025-08-13T15:31:49+00:00
7addd23a-d2c0-48b8-8b82-eb0cb971a75a,b080bc8b-32e0-478b-a88e-0578c64791d9,/photos/b080bc8b-32e0-478b-a88e-0578c64791d9/2.webp,2,2025-08-13T15:31:49+00:00
eb732e7a-ba58-449e-8860-451b52ba7d3c,b080bc8b-32e0-478b-a88e-0578c64791d9,/photos/b080bc8b-32e0-478b-a88e-0578c64791d9/3.webp,3,2025-08-13T15:31:49+00:00
f6b510ae-3315-4d1c-a4fc-8dd195043238,b080bc8b-32e0-478b-a88e-0578c64791d9,/photos/b080bc8b-32e0-478b-a88e-0578c64791d9/4.webp,4,2025-08-13T15:31:49+00:00
39e70bd1-b25c-404d-8fd6-df77649de8ce,b080bc8b-32e0-478b-a88e-0578c64791d9,/photos/b080bc8b-32e0-478b-a88e-0578c64791d9/5.webp,5,2025-08-13T15:31:49+00:00
0fdcc4e4-bd6d-410f-8583-2c531c3d74e6,41f8b160-15eb-41fe-a16f-01d936094246,/photos/41f8b160-15eb-41fe-a16f-01d936094246/0.webp,0,2025-06-29T18:49:30+00:00
8b112568-0b7b-4246-a040-170e795f354e,41f8b160-15eb-41fe-a16f-01d936094246,/photos/41f8b160-15eb-41fe-a16f-01d936094246/1.webp,1,2025-06-29T18:49:30+00:00
a3cd2d75-3fc6-4634-82f3-2110ac56314a,41f8b160-15eb-41fe-a16f-01d936094246,/photos/41f8b160-15eb-41fe-a16f-01d936094246/2.webp,2,2025-06-29T18:49:30+00:00
64772c67-4631-4e1e-82d2-c964ddcdb5de,6c7dabb8-ea1a-4bc6-a076-33e641b26aec,/photos/6c7dabb8-ea1a-4bc6-a076-33e641b26aec/0.webp,0,2026-04-21T05:30:37+00:00
059079f2-cfa8-4ea6-81e3-80832398a980,6c7dabb8-ea1a-4bc6-a076-33e641b26aec,/photos/6c7dabb8-ea1a-4bc6-a076-33e641b26aec/1.webp,1,2026-04-21T05:30:37+00:00
a9b87886-33c3-4e49-a4da-74d17549232b,6c7dabb8-ea1a-4bc6-a076-33e641b26aec,/photos/6c7dabb8-ea1a-4bc6-a076-33e641b26aec/2.webp,2,2026-04-21T05:30:37+00:00
47d24622-06f1-434b-86fa-4cf8d3ef5c90,6c7dabb8-ea1a-4bc6-a076-33e641b26aec,/photos/6c7dabb8-ea1a-4bc6-a076-33e641b26aec/3.webp,3,2026-04-21T05:30:37+00:00
7899a559-2af3-4f5b-ae32-73ec5335f97a,431a5c5d-2efa-4c5f-b69f-5810b6b7f928,/photos/431a5c5d-2efa-4c5f-b69f-5810b6b7f928/0.webp,0,2025-09-09T10:09:19+00:00
a30ec1a4-d950-45fb-8815-bf3c6fd0cae0,431a5c5d-2efa-4c5f-b69f-5810b6b7f928,/photos/431a5c5d-2efa-4c5f-b69f-5810b6b7f928/1.webp,1,2025-09-09T10:09:19+00:00
158e0591-0265-4688-ba91-c51330d1a79b,431a5c5d-2efa-4c5f-b69f-5810b6b7f928,/photos/431a5c5d-2efa-4c5f-b69f-5810b6b7f928/2.webp,2,2025-09-09T10:09:19+00:00
7a68de6b-620f-4138-8ccf-8441bbccc98e,431a5c5d-2efa-4c5f-b69f-5810b6b7f928,/photos/431a5c5d-2efa-4c5f-b69f-5810b6b7f928/3.webp,3,2025-09-09T10:09:19+00:00
49f4d2f1-c44b-483d-bbe1-79b4f9e6988b,0b1d3bd7-3956-4a92-8ae9-20624dfcb141,/photos/0b1d3bd7-3956-4a92-8ae9-20624dfcb141/0.webp,0,2026-02-08T13:17:30+00:00
a2d28a0b-7648-411b-801d-15e18a51685d,0b1d3bd7-3956-4a92-8ae9-20624dfcb141,/photos/0b1d3bd7-3956-4a92-8ae9-20624dfcb141/1.webp,1,2026-02-08T13:17:30+00:00
27659222-27ad-4d64-ad75-6f1ef571bd2d,e7d8af20-84e4-4c11-8e3a-8f7ba1aecc02,/photos/e7d8af20-84e4-4c11-8e3a-8f7ba1aecc02/0.webp,0,2025-10-26T20:59:26+00:00
56fe46c9-bf10-454b-92c8-74dd846cb32a,e7d8af20-84e4-4c11-8e3a-8f7ba1aecc02,/photos/e7d8af20-84e4-4c11-8e3a-8f7ba1aecc02/1.webp,1,2025-10-26T20:59:26+00:00
719fb1e8-af83-42cd-ad5e-6de11a133483,e7d8af20-84e4-4c11-8e3a-8f7ba1aecc02,/photos/e7d8af20-84e4-4c11-8e3a-8f7ba1aecc02/2.webp,2,2025-10-26T20:59:26+00:00
3c869d52-5ed2-48bf-ad91-542962d5ec27,e7d8af20-84e4-4c11-8e3a-8f7ba1aecc02,/photos/e7d8af20-84e4-4c11-8e3a-8f7ba1aecc02/3.webp,3,2025-10-26T20:59:26+00:00
ac69eb74-b80e-4f9b-ae8c-268c9f9d1bad,e7d8af20-84e4-4c11-8e3a-8f7ba1aecc02,/photos/e7d8af20-84e4-4c11-8e3a-8f7ba1aecc02/4.webp,4,2025-10-26T20:59:26+00:00
2f893b77-aa1e-415f-b476-804911cf18df,e7d8af20-84e4-4c11-8e3a-8f7ba1aecc02,/photos/e7d8af20-84e4-4c11-8e3a-8f7ba1aecc02/5.webp,5,2025-10-26T20:59:26+00:00
d990056a-8b83-4a3e-85eb-f2d2dfb487a3,340cb124-4b15-459d-9581-80ac04b0c483,/photos/340cb124-4b15-459d-9581-80ac04b0c483/0.webp,0,2025-04-13T23:00:58+00:00
671fb93c-8515-4c29-80d7-371fa9aa84e2,340cb124-4b15-459d-9581-80ac04b0c483,/photos/340cb124-4b15-459d-9581-80ac04b0c483/1.webp,1,2025-04-13T23:00:58+00:00
f2b0a8a8-10c3-454e-9a1e-dc865ed2606a,340cb124-4b15-459d-9581-80ac04b0c483,/photos/340cb124-4b15-459d-9581-80ac04b0c483/2.webp,2,2025-04-13T23:00:58+00:00
616760e9-ba2a-4c5f-b970-1cd391a2b540,997a9f44-6338-438a-a829-c3e4d1ebcc8e,/photos/997a9f44-6338-438a-a829-c3e4d1ebcc8e/0.webp,0,2026-05-02T05:52:54+00:00
69563c1b-e206-47f4-be7c-95155fdd6a5e,997a9f44-6338-438a-a829-c3e4d1ebcc8e,/photos/997a9f44-6338-438a-a829-c3e4d1ebcc8e/1.webp,1,2026-05-02T05:52:54+00:00
93df1dff-a94a-48bd-a5ce-b76813cf9881,997a9f44-6338-438a-a829-c3e4d1ebcc8e,/photos/997a9f44-6338-438a-a829-c3e4d1ebcc8e/2.webp,2,2026-05-02T05:52:54+00:00
49f88f74-810a-4a4e-8255-d13fbc1a3b6f,997a9f44-6338-438a-a829-c3e4d1ebcc8e,/photos/997a9f44-6338-438a-a829-c3e4d1ebcc8e/3.webp,3,2026-05-02T05:52:54+00:00
54356735-fe7c-4da3-9a6e-d0842b3e25c6,997a9f44-6338-438a-a829-c3e4d1ebcc8e,/photos/997a9f44-6338-438a-a829-c3e4d1ebcc8e/4.webp,4,2026-05-02T05:52:54+00:00
c1ca10c2-e706-4c94-816c-9a19115bf344,997a9f44-6338-438a-a829-c3e4d1ebcc8e,/photos/997a9f44-6338-438a-a829-c3e4d1ebcc8e/5.webp,5,2026-05-02T05:52:54+00:00
05263e55-4e0a-42ee-993b-577fb378d35f,997a9f44-6338-438a-a829-c3e4d1ebcc8e,/photos/997a9f44-6338-438a-a829-c3e4d1ebcc8e/6.webp,6,2026-05-02T05:52:54+00:00
e9e04585-92b9-4bc7-ae93-7d4586210d59,997a9f44-6338-438a-a829-c3e4d1ebcc8e,/photos/997a9f44-6338-438a-a829-c3e4d1ebcc8e/7.webp,7,2026-05-02T05:52:54+00:00
70ac42c7-ddeb-420a-b810-ad33a03e31ef,997a9f44-6338-438a-a829-c3e4d1ebcc8e,/photos/997a9f44-6338-438a-a829-c3e4d1ebcc8e/8.webp,8,2026-05-02T05:52:54+00:00
339bd020-e48a-4e68-b43c-697309016c33,997a9f44-6338-438a-a829-c3e4d1ebcc8e,/photos/997a9f44-6338-438a-a829-c3e4d1ebcc8e/9.webp,9,2026-05-02T05:52:54+00:00
a3ad5c46-a259-4d52-b9ac-2f3db266b82e,9422b3c9-fcb9-45a9-a98d-9d75f872adad,/photos/9422b3c9-fcb9-45a9-a98d-9d75f872adad/0.webp,0,2026-08-04T15:23:52+00:00
fbe54535-e3ec-4d6e-8862-c76c6084e050,825aa88e-3f57-44d7-ab04-5448b59d7357,/photos/825aa88e-3f57-44d7-ab04-5448b59d7357/0.webp,0,2025-06-11T04:16:53+00:00
5bd73acd-a3bc-4eb8-af7a-2e9857da827c,825aa88e-3f57-44d7-ab04-5448b59d7357,/photos/825aa88e-3f57-44d7-ab04-5448b59d7357/1.webp,1,2025-06-11T04:16:53+00:00
3ff427aa-b40a-4651-ad97-a600085c1618,a23cc455-a601-405a-92b8-501cac8bdfe5,/photos/a23cc455-a601-405a-92b8-501cac8bdfe5/0.webp,0,2025-06-03T13:28:51+00:00
69025ccb-c25d-4836-a854-912e12b074bd,a23cc455-a601-405a-92b8-501cac8bdfe5,/photos/a23cc455-a601-405a-92b8-501cac8bdfe5/1.webp,1,2025-06-03T13:28:51+00:00
d1702a76-221b-4e21-bad3-e47763e18a56,a23cc455-a601-405a-92b8-501cac8bdfe5,/photos/a23cc455-a601-405a-92b8-501cac8bdfe5/2.webp,2,2025-06-03T13:28:51+00:00
d670da83-4532-456f-816b-af38dc837264,061aca9b-6c80-4630-a54a-63c36bf739f5,/photos/061aca9b-6c80-4630-a54a-63c36bf739f5/0.webp,0,2025-10-24T15:56:10+00:00
b5fe1074-0401-4497-baaa-e5f9b3d38023,061aca9b-6c80-4630-a54a-63c36bf739f5,/photos/061aca9b-6c80-4630-a54a-63c36bf739f5/1.webp,1,2025-10-24T15:56:10+00:00
3740b84b-c53a-4ca5-a7af-5b14768477d7,061aca9b-6c80-4630-a54a-63c36bf739f5,/photos/061aca9b-6c80-4630-a54a-63c36bf739f5/2.webp,2,2025-10-24T15:56:10+00:00
a8d4375f-db2b-4371-9728-68cf17909325,061aca9b-6c80-4630-a54a-63c36bf739f5,/photos/061aca9b-6c80-4630-a54a-63c36bf739f5/3.webp,3,2025-10-24T15:56:10+00:00
27221af5-2a9d-47d5-bd05-45915dbfb736,061aca9b-6c80-4630-a54a-63c36bf739f5,/photos/061aca9b-6c80-4630-a54a-63c36bf739f5/4.webp,4,2025-10-24T15:56:10+00:00
0e8c804e-fe14-46f4-aca3-7b12e5fe85bd,061aca9b-6c80-4630-a54a-63c36bf739f5,/photos/061aca9b-6c80-4630-a54a-63c36bf739f5/5.webp,5,2025-10-24T15:56:10+00:00
4825b8e2-b8a1-4a08-b9aa-d0648430f5e7,061aca9b-6c80-4630-a54a-63c36bf739f5,/photos/061aca9b-6c80-4630-a54a-63c36bf739f5/6.webp,6,2025-10-24T15:56:10+00:00
005341c3-cdbe-4c33-b6df-7039e2ece66c,901c52ee-2e1d-4112-b6c3-93b29fbf46cb,/photos/901c52ee-2e1d-4112-b6c3-93b29fbf46cb/0.webp,0,2024-12-14T07:00:15+00:00
90545610-11c4-49a4-91ef-944ad8bd919e,901c52ee-2e1d-4112-b6c3-93b29fbf46cb,/photos/901c52ee-2e1d-4112-b6c3-93b29fbf46cb/1.webp,1,2024-12-14T07:00:15+00:00
5076633e-f6a0-4c20-ae10-a3296c9a6e69,901c52ee-2e1d-4112-b6c3-93b29fbf46cb,/photos/901c52ee-2e1d-4112-b6c3-93b29fbf46cb/2.webp,2,2024-12-14T07:00:15+00:00
9f74de29-282d-4d28-857a-d79c9e9fa3b9,8af88321-66af-4057-8802-46730bf98dc6,/photos/8af88321-66af-4057-8802-46730bf98dc6/0.webp,0,2025-08-18T09:30:46+00:00
d877f664-c45f-4239-840b-0158c3b88368,8af88321-66af-4057-8802-46730bf98dc6,/photos/8af88321-66af-4057-8802-46730bf98dc6/1.webp,1,2025-08-18T09:30:46+00:00
88792632-5db3-45bf-8a28-db7d420f1d5a,8af88321-66af-4057-8802-46730bf98dc6,/photos/8af88321-66af-4057-8802-46730bf98dc6/2.webp,2,2025-08-18T09:30:46+00:00
bcb4aab9-ddc5-4544-8a30-678a550360c2,8af88321-66af-4057-8802-46730bf98dc6,/photos/8af88321-66af-4057-8802-46730bf98dc6/3.webp,3,2025-08-18T09:30:46+00:00
d446f970-bdc7-4336-9ae4-ddbcd1ac2faa,8af88321-66af-4057-8802-46730bf98dc6,/photos/8af88321-66af-4057-8802-46730bf98dc6/4.webp,4,2025-08-18T09:30:46+00:00
9397d0e3-a69e-47cc-ae72-990a3c7766f0,3380f717-ef85-4c3e-9c91-5dba84f01fab,/photos/3380f717-ef85-4c3e-9c91-5dba84f01fab/0.webp,0,2026-08-02T08:26:38+00:00
187759cf-52da-453e-920d-844b37ef612e,3380f717-ef85-4c3e-9c91-5dba84f01fab,/photos/3380f717-ef85-4c3e-9c91-5dba84f01fab/1.webp,1,2026-08-02T08:26:38+00:00
b1f33244-8193-4acc-b15e-4ded0bfa9007,3380f717-ef85-4c3e-9c91-5dba84f01fab,/photos/3380f717-ef85-4c3e-9c91-5dba84f01fab/2.webp,2,2026-08-02T08:26:38+00:00
cf86b899-6286-467e-820b-a34941eb331a,3380f717-ef85-4c3e-9c91-5dba84f01fab,/photos/3380f717-ef85-4c3e-9c91-5dba84f01fab/3.webp,3,2026-08-02T08:26:38+00:00
5a3fb7ef-3dfe-4087-b1e3-344ea532264b,3380f717-ef85-4c3e-9c91-5dba84f01fab,/photos/3380f717-ef85-4c3e-9c91-5dba84f01fab/4.webp,4,2026-08-02T08:26:38+00:00
f5dd9bba-3232-4159-8d77-97709545adcf,3380f717-ef85-4c3e-9c91-5dba84f01fab,/photos/3380f717-ef85-4c3e-9c91-5dba84f01fab/5.webp,5,2026-08-02T08:26:38+00:00
63999b96-4151-4626-918e-345a082a5ec3,3380f717-ef85-4c3e-9c91-5dba84f01fab,/photos/3380f717-ef85-4c3e-9c91-5dba84f01fab/6.webp,6,2026-08-02T08:26:38+00:00
986a9895-8913-40e2-a14d-a3ac13939137,3380f717-ef85-4c3e-9c91-5dba84f01fab,/photos/3380f717-ef85-4c3e-9c91-5dba84f01fab/7.webp,7,2026-08-02T08:26:38+00:00
e9b13c9c-2d84-4ad4-ae5e-801a799105fb,4a17397e-f126-4099-a032-b406836fc205,/photos/4a17397e-f126-4099-a032-b406836fc205/0.webp,0,2024-10-16T11:44:11+00:00
02b9b4d9-87f1-4cf7-ada4-415016ccb91e,4a17397e-f126-4099-a032-b406836fc205,/photos/4a17397e-f126-4099-a032-b406836fc205/1.webp,1,2024-10-16T11:44:11+00:00
06245b0d-3cf7-46d4-aa25-337723973591,4a17397e-f126-4099-a032-b406836fc205,/photos/4a17397e-f126-4099-a032-b406836fc205/2.webp,2,2024-10-16T11:44:11+00:00
ef9d7f92-621d-45dc-83a6-eed876c71043,4a17397e-f126-4099-a032-b406836fc205,/photos/4a17397e-f126-4099-a032-b406836fc205/3.webp,3,2024-10-16T11:44:11+00:00
955a76e5-80b9-4484-9638-cf070500bb38,4a17397e-f126-4099-a032-b406836fc205,/photos/4a17397e-f126-4099-a032-b406836fc205/4.webp,4,2024-10-16T11:44:11+00:00
d4682a5a-ea07-4ce5-a357-c4264d35b654,4a17397e-f126-4099-a032-b406836fc205,/photos/4a17397e-f126-4099-a032-b406836fc205/5.webp,5,2024-10-16T11:44:11+00:00
d885bdda-8971-4984-8e3f-203b33bfe111,a9d0fee7-c0ed-4133-8765-92017f4f95e1,/photos/a9d0fee7-c0ed-4133-8765-92017f4f95e1/0.webp,0,2025-08-10T06:57:29+00:00
aaad10ad-3e46-4e5e-acb9-0c885f739c23,a9d0fee7-c0ed-4133-8765-92017f4f95e1,/photos/a9d0fee7-c0ed-4133-8765-92017f4f95e1/1.webp,1,2025-08-10T06:57:29+00:00
55ce70dc-07e2-4130-bf12-b8af8d90512d,a9d0fee7-c0ed-4133-8765-92017f4f95e1,/photos/a9d0fee7-c0ed-4133-8765-92017f4f95e1/2.webp,2,2025-08-10T06:57:29+00:00
a6f92646-920f-48ab-a518-1f762b378dae,7e728688-5823-416f-b8eb-2fa0a142afd4,/photos/7e728688-5823-416f-b8eb-2fa0a142afd4/0.webp,0,2026-03-31T07:56:59+00:00
16df73b2-1111-40df-a42d-4caa54e9da81,7e728688-5823-416f-b8eb-2fa0a142afd4,/photos/7e728688-5823-416f-b8eb-2fa0a142afd4/1.webp,1,2026-03-31T07:56:59+00:00
1c5b920d-5e16-4019-b70b-d95095e772a9,7e728688-5823-416f-b8eb-2fa0a142afd4,/photos/7e728688-5823-416f-b8eb-2fa0a142afd4/2.webp,2,2026-03-31T07:56:59+00:00
dce2e326-59e6-4338-95c5-26264e4f3594,7e728688-5823-416f-b8eb-2fa0a142afd4,/photos/7e728688-5823-416f-b8eb-2fa0a142afd4/3.webp,3,2026-03-31T07:56:59+00:00
058ee5d1-5cd1-4dcd-b408-28feb38fc085,c5c54ac8-0612-42cc-8e3d-3d56b1273046,/photos/c5c54ac8-0612-42cc-8e3d-3d56b1273046/0.webp,0,2026-03-10T00:06:00+00:00
e6964f40-fb53-43a7-9ee4-add88db03409,fb5a979b-a1ca-4922-aac3-593e7c4996d1,/photos/fb5a979b-a1ca-4922-aac3-593e7c4996d1/0.webp,0,2026-07-26T17:53:28+00:00
b88d197d-0ea1-4eaf-9673-8a096e6a5abb,fb5a979b-a1ca-4922-aac3-593e7c4996d1,/photos/fb5a979b-a1ca-4922-aac3-593e7c4996d1/1.webp,1,2026-07-26T17:53:28+00:00
bb4cff53-9975-4e38-9127-23205958a31b,fb5a979b-a1ca-4922-aac3-593e7c4996d1,/photos/fb5a979b-a1ca-4922-aac3-593e7c4996d1/2.webp,2,2026-07-26T17:53:28+00:00
31b5109e-9e12-414c-80b2-39183582d26a,fb5a979b-a1ca-4922-aac3-593e7c4996d1,/photos/fb5a979b-a1ca-4922-aac3-593e7c4996d1/3.webp,3,2026-07-26T17:53:28+00:00
e8626831-3818-45ca-88be-e9a8cc257cfd,fb5a979b-a1ca-4922-aac3-593e7c4996d1,/photos/fb5a979b-a1ca-4922-aac3-593e7c4996d1/4.webp,4,2026-07-26T17:53:28+00:00
400d0344-1bb4-4593-a126-3a8d8ab3fa51,fb5a979b-a1ca-4922-aac3-593e7c4996d1,/photos/fb5a979b-a1ca-4922-aac3-593e7c4996d1/5.webp,5,2026-07-26T17:53:28+00:00
0ea444bc-b077-4a12-9d1a-a9da2b54b359,9719c884-1436-440b-8384-b8e3ba08a845,/photos/9719c884-1436-440b-8384-b8e3ba08a845/0.webp,0,2026-06-29T22:35:11+00:00
d5d31773-2a48-4bd2-a20f-2fcece8c8742,9719c884-1436-440b-8384-b8e3ba08a845,/photos/9719c884-1436-440b-8384-b8e3ba08a845/1.webp,1,2026-06-29T22:35:11+00:00
cc6e3215-61c6-4bc1-96f1-fdfbab26ffcb,9719c884-1436-440b-8384-b8e3ba08a845,/photos/9719c884-1436-440b-8384-b8e3ba08a845/2.webp,2,2026-06-29T22:35:11+00:00
3bf244d7-96a7-4921-9aa7-47dc8bab52d9,9719c884-1436-440b-8384-b8e3ba08a845,/photos/9719c884-1436-440b-8384-b8e3ba08a845/3.webp,3,2026-06-29T22:35:11+00:00
f4ba72d2-7303-46e9-a921-851bf56bc18c,9719c884-1436-440b-8384-b8e3ba08a845,/photos/9719c884-1436-440b-8384-b8e3ba08a845/4.webp,4,2026-06-29T22:35:11+00:00
46076467-1e4b-4c47-b395-cddc79ade4cd,9719c884-1436-440b-8384-b8e3ba08a845,/photos/9719c884-1436-440b-8384-b8e3ba08a845/5.webp,5,2026-06-29T22:35:11+00:00
7b59a22a-f1dc-44ce-b259-d8a5be778ff7,0e617553-4f5c-4b96-b9e5-2303568f5623,/photos/0e617553-4f5c-4b96-b9e5-2303568f5623/0.webp,0,2026-02-05T09:43:50+00:00
dfa88fae-ec68-4ac8-bb94-2b83823209b1,a173ca0e-e7fc-4042-bb55-b28520bbbaaf,/photos/a173ca0e-e7fc-4042-bb55-b28520bbbaaf/0.webp,0,2025-05-01T19:09:38+00:00
3b5901c4-883e-4be0-bdfa-bc0553417755,2d4d74ae-66e3-4290-94b1-9b3cd5efc7ad,/photos/2d4d74ae-66e3-4290-94b1-9b3cd5efc7ad/0.webp,0,2025-09-06T09:09:16+00:00
d032ac0b-8490-4882-ab31-1f12713e2fe8,2d4d74ae-66e3-4290-94b1-9b3cd5efc7ad,/photos/2d4d74ae-66e3-4290-94b1-9b3cd5efc7ad/1.webp,1,2025-09-06T09:09:16+00:00
bc50f089-3174-4bf5-99f1-13ee68cd4827,2d4d74ae-66e3-4290-94b1-9b3cd5efc7ad,/photos/2d4d74ae-66e3-4290-94b1-9b3cd5efc7ad/2.webp,2,2025-09-06T09:09:16+00:00
4176a976-e411-4617-abaf-069a8ee8c1af,2d4d74ae-66e3-4290-94b1-9b3cd5efc7ad,/photos/2d4d74ae-66e3-4290-94b1-9b3cd5efc7ad/3.webp,3,2025-09-06T09:09:16+00:00
333004c5-6648-4705-90ed-33dd5f5caaa4,2d4d74ae-66e3-4290-94b1-9b3cd5efc7ad,/photos/2d4d74ae-66e3-4290-94b1-9b3cd5efc7ad/4.webp,4,2025-09-06T09:09:16+00:00
85c674c4-a537-49b1-a3fc-22d8fe293282,da979d72-eb27-4538-9489-c57db8352157,/photos/da979d72-eb27-4538-9489-c57db8352157/0.webp,0,2025-01-05T03:21:44+00:00
90fa35df-352b-4ab2-9e52-e4e21082b286,da979d72-eb27-4538-9489-c57db8352157,/photos/da979d72-eb27-4538-9489-c57db8352157/1.webp,1,2025-01-05T03:21:44+00:00
a0944c5f-c81e-4e38-b251-1f9c195a507e,3a384d51-3065-4da1-a605-8066f6165cb6,/photos/3a384d51-3065-4da1-a605-8066f6165cb6/0.webp,0,2025-05-21T02:27:24+00:00
31bbea35-53ca-412c-94d4-2feb4e49a5a8,3a384d51-3065-4da1-a605-8066f6165cb6,/photos/3a384d51-3065-4da1-a605-8066f6165cb6/1.webp,1,2025-05-21T02:27:24+00:00
9637fbfb-203d-4387-ae0b-2ff2b0868ce9,bcad60d1-05a9-4cbe-90d1-0763d0697f0c,/photos/bcad60d1-05a9-4cbe-90d1-0763d0697f0c/0.webp,0,2026-07-18T05:43:48+00:00
9aae2a9d-7c99-468c-bc6a-277c8b0b4c1f,bcad60d1-05a9-4cbe-90d1-0763d0697f0c,/photos/bcad60d1-05a9-4cbe-90d1-0763d0697f0c/1.webp,1,2026-07-18T05:43:48+00:00
0b8bbc57-306c-47ea-acbf-d9a3963e186c,bcad60d1-05a9-4cbe-90d1-0763d0697f0c,/photos/bcad60d1-05a9-4cbe-90d1-0763d0697f0c/2.webp,2,2026-07-18T05:43:48+00:00
368ce261-b55e-40eb-96be-4bca8e049ca1,bcad60d1-05a9-4cbe-90d1-0763d0697f0c,/photos/bcad60d1-05a9-4cbe-90d1-0763d0697f0c/3.webp,3,2026-07-18T05:43:48+00:00
7209f844-16e4-4810-8150-48d694fa101b,bcad60d1-05a9-4cbe-90d1-0763d0697f0c,/photos/bcad60d1-05a9-4cbe-90d1-0763d0697f0c/4.webp,4,2026-07-18T05:43:48+00:00
09798f12-1889-455f-be29-48cbd88fec63,b08780c8-4c19-403f-8120-3cf91aca5e3a,/photos/b08780c8-4c19-403f-8120-3cf91aca5e3a/0.webp,0,2025-04-06T16:24:32+00:00
820314dc-55d0-4b7a-a52f-693d209459d7,88b74e6e-e758-46f9-b824-c614c955ef66,/photos/88b74e6e-e758-46f9-b824-c614c955ef66/0.webp,0,2026-05-03T14:45:56+00:00
fd06f92e-f143-4b46-9358-11384096c2a9,88b74e6e-e758-46f9-b824-c614c955ef66,/photos/88b74e6e-e758-46f9-b824-c614c955ef66/1.webp,1,2026-05-03T14:45:56+00:00
2d03f99d-0009-4b83-9185-b166b4af9bb5,88b74e6e-e758-46f9-b824-c614c955ef66,/photos/88b74e6e-e758-46f9-b824-c614c955ef66/2.webp,2,2026-05-03T14:45:56+00:00
33317104-b735-468b-ab6f-d104dcccb1ec,88b74e6e-e758-46f9-b824-c614c955ef66,/photos/88b74e6e-e758-46f9-b824-c614c955ef66/3.webp,3,2026-05-03T14:45:56+00:00
ee0e1e32-4ea0-49cd-8dfa-0e925acffa30,a2227235-6409-469f-8e44-afb7310b99e0,/photos/a2227235-6409-469f-8e44-afb7310b99e0/0.webp,0,2026-01-12T08:58:13+00:00
48660f9e-a5fc-42a5-bc6f-00e2c3fc4851,a2227235-6409-469f-8e44-afb7310b99e0,/photos/a2227235-6409-469f-8e44-afb7310b99e0/1.webp,1,2026-01-12T08:58:13+00:00
9e9f4338-fdd6-4ad7-b542-f4320c455a98,a2227235-6409-469f-8e44-afb7310b99e0,/photos/a2227235-6409-469f-8e44-afb7310b99e0/2.webp,2,2026-01-12T08:58:13+00:00
694ffef0-57b0-4610-b57e-79d4d418918c,7b434a54-8b3f-4bfb-883a-8ce55ea75cea,/photos/7b434a54-8b3f-4bfb-883a-8ce55ea75cea/0.webp,0,2025-03-30T12:07:59+00:00
5b580939-e98c-4827-82dd-cac3176075dd,7b434a54-8b3f-4bfb-883a-8ce55ea75cea,/photos/7b434a54-8b3f-4bfb-883a-8ce55ea75cea/1.webp,1,2025-03-30T12:07:59+00:00
4250d0a0-f31f-42e6-ae32-e93a3386b7d9,7b434a54-8b3f-4bfb-883a-8ce55ea75cea,/photos/7b434a54-8b3f-4bfb-883a-8ce55ea75cea/2.webp,2,2025-03-30T12:07:59+00:00
60f911b3-c6a2-464d-b027-6c73233ad5e6,7b434a54-8b3f-4bfb-883a-8ce55ea75cea,/photos/7b434a54-8b3f-4bfb-883a-8ce55ea75cea/3.webp,3,2025-03-30T12:07:59+00:00
6dcd1eec-19d7-46c0-8c69-bf80d7c6c9cc,236db5dd-0d9e-4204-9872-e37e23ea7319,/photos/236db5dd-0d9e-4204-9872-e37e23ea7319/0.webp,0,2026-01-30T02:13:19+00:00
ea22d487-1622-4939-b34c-a40c2fefb769,236db5dd-0d9e-4204-9872-e37e23ea7319,/photos/236db5dd-0d9e-4204-9872-e37e23ea7319/1.webp,1,2026-01-30T02:13:19+00:00
28378832-6531-450b-9dfe-8661de6a6b61,ed1c5872-cefc-4c7e-94d1-7337ca6f8aa8,/photos/ed1c5872-cefc-4c7e-94d1-7337ca6f8aa8/0.webp,0,2025-03-08T19:46:57+00:00
67f1e1f9-1d88-445d-b655-999899c4baea,ed1c5872-cefc-4c7e-94d1-7337ca6f8aa8,/photos/ed1c5872-cefc-4c7e-94d1-7337ca6f8aa8/1.webp,1,2025-03-08T19:46:57+00:00
8b181e5c-e282-49fe-914b-592fb63cb901,ed1c5872-cefc-4c7e-94d1-7337ca6f8aa8,/photos/ed1c5872-cefc-4c7e-94d1-7337ca6f8aa8/2.webp,2,2025-03-08T19:46:57+00:00
90f58fd9-8fb9-4774-8764-98751a221ea5,ed1c5872-cefc-4c7e-94d1-7337ca6f8aa8,/photos/ed1c5872-cefc-4c7e-94d1-7337ca6f8aa8/3.webp,3,2025-03-08T19:46:57+00:00
f4a6b01e-44ef-494c-ba5c-7c1ad4c73f5c,83679ac8-c486-4274-805c-ce0ac1ac9970,/photos/83679ac8-c486-4274-805c-ce0ac1ac9970/0.webp,0,2026-07-14T17:52:11+00:00
8d67a550-02bf-4b34-9a7b-8792ca76d5c5,83679ac8-c486-4274-805c-ce0ac1ac9970,/photos/83679ac8-c486-4274-805c-ce0ac1ac9970/1.webp,1,2026-07-14T17:52:11+00:00
dfdcdcb9-5c69-4ef1-a0bf-daa6debe3e2f,83679ac8-c486-4274-805c-ce0ac1ac9970,/photos/83679ac8-c486-4274-805c-ce0ac1ac9970/2.webp,2,2026-07-14T17:52:11+00:00
4493585d-5cc8-468d-ab80-b110a2059f02,83679ac8-c486-4274-805c-ce0ac1ac9970,/photos/83679ac8-c486-4274-805c-ce0ac1ac9970/3.webp,3,2026-07-14T17:52:11+00:00
c95c20a7-ad5e-4f33-8904-00b4e6bd1298,3de9733c-1fbe-433f-82d8-74942f63c9e0,/photos/3de9733c-1fbe-433f-82d8-74942f63c9e0/0.webp,0,2026-03-12T02:56:30+00:00
7ee65373-8587-45be-bbef-3487807d1001,3de9733c-1fbe-433f-82d8-74942f63c9e0,/photos/3de9733c-1fbe-433f-82d8-74942f63c9e0/1.webp,1,2026-03-12T02:56:30+00:00
dbbd22ab-07e0-4d52-b527-54e838ebbfb0,3de9733c-1fbe-433f-82d8-74942f63c9e0,/photos/3de9733c-1fbe-433f-82d8-74942f63c9e0/2.webp,2,2026-03-12T02:56:30+00:00
6e615e4f-11e5-40e8-a457-d161b7c0528a,5042aeda-ea80-4a40-a99d-038572cb3d72,/photos/5042aeda-ea80-4a40-a99d-038572cb3d72/0.webp,0,2025-11-12T05:15:38+00:00
c86baad7-0c54-4cb2-99e4-7ccefd7b0513,5042aeda-ea80-4a40-a99d-038572cb3d72,/photos/5042aeda-ea80-4a40-a99d-038572cb3d72/1.webp,1,2025-11-12T05:15:38+00:00
e812e779-8694-42fd-8da2-da13790fc7eb,5042aeda-ea80-4a40-a99d-038572cb3d72,/photos/5042aeda-ea80-4a40-a99d-038572cb3d72/2.webp,2,2025-11-12T05:15:38+00:00
b14f0747-e88c-49a1-b727-c403fbb9ad03,9e7e869c-a0b8-4f26-b41e-6b66f8fdcf2e,/photos/9e7e869c-a0b8-4f26-b41e-6b66f8fdcf2e/0.webp,0,2026-04-23T13:51:45+00:00
fc1ecf87-e3ca-4a7d-bd9e-da66445d2a1e,9e7e869c-a0b8-4f26-b41e-6b66f8fdcf2e,/photos/9e7e869c-a0b8-4f26-b41e-6b66f8fdcf2e/1.webp,1,2026-04-23T13:51:45+00:00
2405e38c-5e17-47cd-bcc1-d8215a877c89,9e7e869c-a0b8-4f26-b41e-6b66f8fdcf2e,/photos/9e7e869c-a0b8-4f26-b41e-6b66f8fdcf2e/2.webp,2,2026-04-23T13:51:45+00:00
84651f57-2c10-480e-bd2e-9e2d2c1bbea9,9e7e869c-a0b8-4f26-b41e-6b66f8fdcf2e,/photos/9e7e869c-a0b8-4f26-b41e-6b66f8fdcf2e/3.webp,3,2026-04-23T13:51:45+00:00
b3f93a7a-d1a3-4a40-bf75-91b684d0afeb,9e7e869c-a0b8-4f26-b41e-6b66f8fdcf2e,/photos/9e7e869c-a0b8-4f26-b41e-6b66f8fdcf2e/4.webp,4,2026-04-23T13:51:45+00:00
7c2e3456-c18e-4901-b589-9de8527239a9,9e7e869c-a0b8-4f26-b41e-6b66f8fdcf2e,/photos/9e7e869c-a0b8-4f26-b41e-6b66f8fdcf2e/5.webp,5,2026-04-23T13:51:45+00:00
29786c2c-9b17-48ca-835f-01fb20ad0a82,9e7e869c-a0b8-4f26-b41e-6b66f8fdcf2e,/photos/9e7e869c-a0b8-4f26-b41e-6b66f8fdcf2e/6.webp,6,2026-04-23T13:51:45+00:00
2740516b-d40b-463f-bdec-71b526c13364,9e7e869c-a0b8-4f26-b41e-6b66f8fdcf2e,/photos/9e7e869c-a0b8-4f26-b41e-6b66f8fdcf2e/7.webp,7,2026-04-23T13:51:45+00:00
8872107a-3006-46be-8ea5-469df23037fa,9e7e869c-a0b8-4f26-b41e-6b66f8fdcf2e,/photos/9e7e869c-a0b8-4f26-b41e-6b66f8fdcf2e/8.webp,8,2026-04-23T13:51:45+00:00
31f5eda5-933a-4503-b2e6-d0428af06b8d,990affae-6c00-49a5-b088-c09d401223b0,/photos/990affae-6c00-49a5-b088-c09d401223b0/0.webp,0,2026-02-22T06:17:06+00:00
403dd4d4-4c0e-40da-bb84-e7ca0558b22e,990affae-6c00-49a5-b088-c09d401223b0,/photos/990affae-6c00-49a5-b088-c09d401223b0/1.webp,1,2026-02-22T06:17:06+00:00
d057236a-fc9e-43ab-8acc-2aa3ee17de0f,990affae-6c00-49a5-b088-c09d401223b0,/photos/990affae-6c00-49a5-b088-c09d401223b0/2.webp,2,2026-02-22T06:17:06+00:00
4c78c3b4-d759-4e8e-b985-2e7cd4431b79,990affae-6c00-49a5-b088-c09d401223b0,/photos/990affae-6c00-49a5-b088-c09d401223b0/3.webp,3,2026-02-22T06:17:06+00:00
71ba6c31-490c-42c4-a942-fde02854e2e2,990affae-6c00-49a5-b088-c09d401223b0,/photos/990affae-6c00-49a5-b088-c09d401223b0/4.webp,4,2026-02-22T06:17:06+00:00
44f75d16-3459-4a3f-9864-5e4495748865,990affae-6c00-49a5-b088-c09d401223b0,/photos/990affae-6c00-49a5-b088-c09d401223b0/5.webp,5,2026-02-22T06:17:06+00:00
bb854a22-872e-4f16-a255-bcf6f37f3486,990affae-6c00-49a5-b088-c09d401223b0,/photos/990affae-6c00-49a5-b088-c09d401223b0/6.webp,6,2026-02-22T06:17:06+00:00
6183395a-4fbc-4135-b939-0fc47a9d469c,990affae-6c00-49a5-b088-c09d401223b0,/photos/990affae-6c00-49a5-b088-c09d401223b0/7.webp,7,2026-02-22T06:17:06+00:00
73e5bddd-ec60-4966-adfa-9a83e896e444,990affae-6c00-49a5-b088-c09d401223b0,/photos/990affae-6c00-49a5-b088-c09d401223b0/8.webp,8,2026-02-22T06:17:06+00:00
bf29a78d-6aa7-478f-b331-c86a1f36c273,fe850c57-ee34-4115-8595-a0a3967c8f51,/photos/fe850c57-ee34-4115-8595-a0a3967c8f51/0.webp,0,2025-07-21T22:37:56+00:00
3c7390d6-7319-418e-9521-0b5cfe05ca41,fe850c57-ee34-4115-8595-a0a3967c8f51,/photos/fe850c57-ee34-4115-8595-a0a3967c8f51/1.webp,1,2025-07-21T22:37:56+00:00
2b2786fa-bec7-4bf9-823e-cf02a7a0b964,0c20ec9b-4d2e-461c-abc7-093cc15a1c10,/photos/0c20ec9b-4d2e-461c-abc7-093cc15a1c10/0.webp,0,2026-03-16T09:01:06+00:00
ef6d8e5b-5ce6-4a48-9102-fa8cfe71cdf7,0c20ec9b-4d2e-461c-abc7-093cc15a1c10,/photos/0c20ec9b-4d2e-461c-abc7-093cc15a1c10/1.webp,1,2026-03-16T09:01:06+00:00
6bc90197-4528-4c1e-b69a-cb2f9ea2dc76,0c20ec9b-4d2e-461c-abc7-093cc15a1c10,/photos/0c20ec9b-4d2e-461c-abc7-093cc15a1c10/2.webp,2,2026-03-16T09:01:06+00:00
6e4d4ece-00b4-4c5e-ae9d-34ec7c76f445,0c20ec9b-4d2e-461c-abc7-093cc15a1c10,/photos/0c20ec9b-4d2e-461c-abc7-093cc15a1c10/3.webp,3,2026-03-16T09:01:06+00:00
166efedc-b1f2-442f-b821-2164b95cb126,0c20ec9b-4d2e-461c-abc7-093cc15a1c10,/photos/0c20ec9b-4d2e-461c-abc7-093cc15a1c10/4.webp,4,2026-03-16T09:01:06+00:00
8d18b5fe-2d68-44a3-b89e-718e3fe3259f,6b2bea8e-faff-4c70-8231-13efd8376c92,/photos/6b2bea8e-faff-4c70-8231-13efd8376c92/0.webp,0,2025-08-31T02:52:47+00:00
f5e47043-e8e4-467c-9f4e-ef19802ee892,6b2bea8e-faff-4c70-8231-13efd8376c92,/photos/6b2bea8e-faff-4c70-8231-13efd8376c92/1.webp,1,2025-08-31T02:52:47+00:00
1bcde09d-fd1d-4a04-b62e-16d3a3fb0e15,6b2bea8e-faff-4c70-8231-13efd8376c92,/photos/6b2bea8e-faff-4c70-8231-13efd8376c92/2.webp,2,2025-08-31T02:52:47+00:00
e8541592-1c8f-41e9-acd1-d7b1a8d5e7ab,6b2bea8e-faff-4c70-8231-13efd8376c92,/photos/6b2bea8e-faff-4c70-8231-13efd8376c92/3.webp,3,2025-08-31T02:52:47+00:00
2e12a8c7-a6ff-4f22-9705-a6cde040f7b1,6b2bea8e-faff-4c70-8231-13efd8376c92,/photos/6b2bea8e-faff-4c70-8231-13efd8376c92/4.webp,4,2025-08-31T02:52:47+00:00
cf471633-cbc4-46d0-acab-1b66a2332178,fe3cde67-7bcd-4d4f-94c8-136616d61d45,/photos/fe3cde67-7bcd-4d4f-94c8-136616d61d45/0.webp,0,2026-08-26T13:59:44+00:00
8d79b512-40bd-4be3-a132-65aed9ee51c2,fe3cde67-7bcd-4d4f-94c8-136616d61d45,/photos/fe3cde67-7bcd-4d4f-94c8-136616d61d45/1.webp,1,2026-08-26T13:59:44+00:00
1716306e-b166-4b03-a60d-84bc076198c4,111acafd-109e-48af-92b3-ffa3926d74e6,/photos/111acafd-109e-48af-92b3-ffa3926d74e6/0.webp,0,2026-07-02T18:27:02+00:00
a9a2db63-7320-4dc0-b347-0ed6abc80ef6,111acafd-109e-48af-92b3-ffa3926d74e6,/photos/111acafd-109e-48af-92b3-ffa3926d74e6/1.webp,1,2026-07-02T18:27:02+00:00
6524f204-78af-4b6a-90ec-ac415a872813,111acafd-109e-48af-92b3-ffa3926d74e6,/photos/111acafd-109e-48af-92b3-ffa3926d74e6/2.webp,2,2026-07-02T18:27:02+00:00
a1266e82-88ac-477b-94fd-2597a2230417,111acafd-109e-48af-92b3-ffa3926d74e6,/photos/111acafd-109e-48af-92b3-ffa3926d74e6/3.webp,3,2026-07-02T18:27:02+00:00
453eb4bf-9517-407a-9f35-2639097b9e93,f74d22a5-1713-4460-8ead-9048ba3be5ff,/photos/f74d22a5-1713-4460-8ead-9048ba3be5ff/0.webp,0,2026-07-30T23:44:22+00:00
0d04d5b4-25e3-44db-bcd4-e55b9b9617c7,a8d63efe-320c-4258-9eeb-1e74bf602427,/photos/a8d63efe-320c-4258-9eeb-1e74bf602427/0.webp,0,2026-08-22T19:00:48+00:00
d14233ac-3b73-4986-9382-0968c1a2741d,a8d63efe-320c-4258-9eeb-1e74bf602427,/photos/a8d63efe-320c-4258-9eeb-1e74bf602427/1.webp,1,2026-08-22T19:00:48+00:00
c8b9ee6b-0596-4209-9faf-bb8f95974fb7,622ccf40-4ecf-40b9-bccd-60948690f347,/photos/622ccf40-4ecf-40b9-bccd-60948690f347/0.webp,0,2026-08-30T10:22:59+00:00
784cec44-9700-4cbb-bd5b-e148aeec4474,622ccf40-4ecf-40b9-bccd-60948690f347,/photos/622ccf40-4ecf-40b9-bccd-60948690f347/1.webp,1,2026-08-30T10:22:59+00:00
88e356ae-59b7-4c9e-8c0e-41bf06c8bad0,622ccf40-4ecf-40b9-bccd-60948690f347,/photos/622ccf40-4ecf-40b9-bccd-60948690f347/2.webp,2,2026-08-30T10:22:59+00:00
868b6094-26cb-4964-80dc-93d53a4fefa9,df88ecec-452d-4658-9ba6-f0d2a079507c,/photos/df88ecec-452d-4658-9ba6-f0d2a079507c/0.webp,0,2026-08-17T07:09:12+00:00
26fdf419-5593-488c-b481-ad5b35afa549,df88ecec-452d-4658-9ba6-f0d2a079507c,/photos/df88ecec-452d-4658-9ba6-f0d2a079507c/1.webp,1,2026-08-17T07:09:12+00:00
6379f138-ca17-4608-90cf-7f7a23770419,df88ecec-452d-4658-9ba6-f0d2a079507c,/photos/df88ecec-452d-4658-9ba6-f0d2a079507c/2.webp,2,2026-08-17T07:09:12+00:00
86f92f30-1e9e-4595-9333-b328022c5b19,d0705c6d-1e02-4ae7-b247-95d98dfe7a55,/photos/d0705c6d-1e02-4ae7-b247-95d98dfe7a55/0.webp,0,2026-08-31T07:16:55+00:00
60f482ac-c8f2-4fbf-9f84-01ed98d853ba,d0705c6d-1e02-4ae7-b247-95d98dfe7a55,/photos/d0705c6d-1e02-4ae7-b247-95d98dfe7a55/1.webp,1,2026-08-31T07:16:55+00:00
1213c734-e39e-4f00-a927-62ee056ee478,e68c7721-b0ac-4f0c-ab9a-34e965a50b0d,/photos/e68c7721-b0ac-4f0c-ab9a-34e965a50b0d/0.webp,0,2026-08-24T14:48:09+00:00
b2986493-46fb-4d26-90f1-58ed3be5726b,e68c7721-b0ac-4f0c-ab9a-34e965a50b0d,/photos/e68c7721-b0ac-4f0c-ab9a-34e965a50b0d/1.webp,1,2026-08-24T14:48:09+00:00
fcba9841-3de9-43bf-b911-8e9cd223aba4,e68c7721-b0ac-4f0c-ab9a-34e965a50b0d,/photos/e68c7721-b0ac-4f0c-ab9a-34e965a50b0d/2.webp,2,2026-08-24T14:48:09+00:00
8458676d-3161-473d-8260-a83bc9c5ee67,e68c7721-b0ac-4f0c-ab9a-34e965a50b0d,/photos/e68c7721-b0ac-4f0c-ab9a-34e965a50b0d/3.webp,3,2026-08-24T14:48:09+00:00
f0f3b4fd-8ee7-4c3c-89bb-b792b914da2b,a3b6824a-7fee-4cb0-a0d9-8d07ca11995a,/photos/a3b6824a-7fee-4cb0-a0d9-8d07ca11995a/0.webp,0,2026-08-30T23:22:43+00:00
3dbb8c75-586f-482c-85f8-cdd6fbbcb9f0,a3b6824a-7fee-4cb0-a0d9-8d07ca11995a,/photos/a3b6824a-7fee-4cb0-a0d9-8d07ca11995a/1.webp,1,2026-08-30T23:22:43+00:00
dde29ca4-79fe-4057-a1d0-bef0a070faca,a3b6824a-7fee-4cb0-a0d9-8d07ca11995a,/photos/a3b6824a-7fee-4cb0-a0d9-8d07ca11995a/2.webp,2,2026-08-30T23:22:43+00:00
77389de7-a51e-4813-9e97-8a3f1c28b709,2d670fae-18f3-48d8-9fe4-5c82cd9d6289,/photos/2d670fae-18f3-48d8-9fe4-5c82cd9d6289/0.webp,0,2026-08-22T00:05:48+00:00
864d9b0a-c45e-4222-8040-16739b3c3cb6,00256959-4f01-48f9-8ca3-42f895b84e27,/photos/00256959-4f01-48f9-8ca3-42f895b84e27/0.webp,0,2026-08-27T06:35:39+00:00
9e62d15f-a161-42fe-a549-7b8dba5ec191,00256959-4f01-48f9-8ca3-42f895b84e27,/photos/00256959-4f01-48f9-8ca3-42f895b84e27/1.webp,1,2026-08-27T06:35:39+00:00
1c890784-2915-40c6-be1c-e9d648912803,00256959-4f01-48f9-8ca3-42f895b84e27,/photos/00256959-4f01-48f9-8ca3-42f895b84e27/2.webp,2,2026-08-27T06:35:39+00:00
78263230-fa72-4e45-bdf8-7a7ca2e0085c,00256959-4f01-48f9-8ca3-42f895b84e27,/photos/00256959-4f01-48f9-8ca3-42f895b84e27/3.webp,3,2026-08-27T06:35:39+00:00
d9818af9-dd69-4e71-b91b-dc50fff448d0,ac04841d-6858-45e1-9b4f-0eaa11753518,/photos/ac04841d-6858-45e1-9b4f-0eaa11753518/0.webp,0,2026-08-24T13:24:22+00:00
33d87195-8b9e-4f96-b1ae-c42612c3aac1,ac04841d-6858-45e1-9b4f-0eaa11753518,/photos/ac04841d-6858-45e1-9b4f-0eaa11753518/1.webp,1,2026-08-24T13:24:22+00:00
09c6f7bb-0333-4d7b-9041-610a16ac1a0b,ac04841d-6858-45e1-9b4f-0eaa11753518,/photos/ac04841d-6858-45e1-9b4f-0eaa11753518/2.webp,2,2026-08-24T13:24:22+00:00
c82c1dde-d073-40e1-8cbd-7a5f5ffc4fa9,e82457a8-c1a3-4a08-b9c9-4d6c611a4cf6,/photos/e82457a8-c1a3-4a08-b9c9-4d6c611a4cf6/0.webp,0,2026-09-01T17:27:35+00:00
ed057cfc-4fa6-4d69-86f8-6830b1fffe04,e82457a8-c1a3-4a08-b9c9-4d6c611a4cf6,/photos/e82457a8-c1a3-4a08-b9c9-4d6c611a4cf6/1.webp,1,2026-09-01T17:27:35+00:00
46ec82e7-93c2-4e57-a199-70e7bbcdb0cf,e82457a8-c1a3-4a08-b9c9-4d6c611a4cf6,/photos/e82457a8-c1a3-4a08-b9c9-4d6c611a4cf6/2.webp,2,2026-09-01T17:27:35+00:00
7f7e9315-a3f8-4013-8857-2ca77b7f08c9,cb9b4a4c-5d3c-4983-92d0-15c6ee59277b,/photos/cb9b4a4c-5d3c-4983-92d0-15c6ee59277b/0.webp,0,2026-08-29T08:46:40+00:00
cb39d960-0e51-41fa-bc58-dbddca0782a8,cb9b4a4c-5d3c-4983-92d0-15c6ee59277b,/photos/cb9b4a4c-5d3c-4983-92d0-15c6ee59277b/1.webp,1,2026-08-29T08:46:40+00:00
7c69eb32-a16d-419c-bf8c-2d42829460db,af95e016-037a-4f6e-b7df-8dd9773af964,/photos/af95e016-037a-4f6e-b7df-8dd9773af964/0.webp,0,2026-08-21T16:06:52+00:00
7e4299e8-fc41-4eac-8be3-9a79fdff4427,8f5a329e-a669-421a-a064-d276837e6c0a,/photos/8f5a329e-a669-421a-a064-d276837e6c0a/0.webp,0,2026-08-29T08:21:24+00:00
eaacf080-6616-4e31-8961-8e5ae7f75013,e6a67d1b-41fe-431e-890e-de3b0aeff9b0,/photos/e6a67d1b-41fe-431e-890e-de3b0aeff9b0/0.webp,0,2026-08-22T14:05:01+00:00
c61cd898-7d0e-4494-abee-5a37c5f81b92,92ed7beb-269b-44ec-b3b2-7f1bbe4f9af6,/photos/92ed7beb-269b-44ec-b3b2-7f1bbe4f9af6/0.webp,0,2026-08-19T23:32:00+00:00
8b2ef2b0-4032-4feb-aadf-cda15c16aa58,d00b23a3-7adc-40e5-9bf3-03629e930400,/photos/d00b23a3-7adc-40e5-9bf3-03629e930400/0.webp,0,2026-08-12T19:12:12+00:00
407528c9-b6e1-4e11-9be5-9d171447a9ef,d00b23a3-7adc-40e5-9bf3-03629e930400,/photos/d00b23a3-7adc-40e5-9bf3-03629e930400/1.webp,1,2026-08-12T19:12:12+00:00
84d702fb-710e-40c4-bd77-3e8655e1edc6,d00b23a3-7adc-40e5-9bf3-03629e930400,/photos/d00b23a3-7adc-40e5-9bf3-03629e930400/2.webp,2,2026-08-12T19:12:12+00:00
6c6af3e9-46e3-4f50-944a-2a373a2e2ccb,24b0b648-5360-47ce-a5ed-818ad19e5f3b,/photos/24b0b648-5360-47ce-a5ed-818ad19e5f3b/0.webp,0,2026-08-31T11:42:55+00:00
c0613163-e7df-4762-a1fb-36bd38ddebc6,24b0b648-5360-47ce-a5ed-818ad19e5f3b,/photos/24b0b648-5360-47ce-a5ed-818ad19e5f3b/1.webp,1,2026-08-31T11:42:55+00:00
27e65aac-ee7e-4b2d-925e-ed49e6a856fe,24b0b648-5360-47ce-a5ed-818ad19e5f3b,/photos/24b0b648-5360-47ce-a5ed-818ad19e5f3b/2.webp,2,2026-08-31T11:42:55+00:00
a7b69995-5b70-4dc9-8bb6-025becb0858d,24b0b648-5360-47ce-a5ed-818ad19e5f3b,/photos/24b0b648-5360-47ce-a5ed-818ad19e5f3b/3.webp,3,2026-08-31T11:42:55+00:00
0f882112-6b2f-4092-8a2b-6436a3447e2b,37005b60-5240-4332-8570-fd2539e4cb23,/photos/37005b60-5240-4332-8570-fd2539e4cb23/0.webp,0,2026-08-28T04:28:11+00:00
8940bd5a-a299-477b-930b-010f8b4a37c8,37005b60-5240-4332-8570-fd2539e4cb23,/photos/37005b60-5240-4332-8570-fd2539e4cb23/1.webp,1,2026-08-28T04:28:11+00:00
0b5984fd-bfcd-4743-8958-5b343e9fb9ae,37005b60-5240-4332-8570-fd2539e4cb23,/photos/37005b60-5240-4332-8570-fd2539e4cb23/2.webp,2,2026-08-28T04:28:11+00:00
fc4d94d0-e667-456d-9eba-2179601b8231,89df24b8-71c0-48b5-b41f-d005f06db668,/photos/89df24b8-71c0-48b5-b41f-d005f06db668/0.webp,0,2026-08-28T07:20:52+00:00
5e6c584c-2eda-4be0-9df0-45c438ae085c,f4f3701b-1948-4a8a-bd85-0e20d03b6948,/photos/f4f3701b-1948-4a8a-bd85-0e20d03b6948/0.webp,0,2026-08-24T07:45:07+00:00
12625a7f-5218-4597-9bd7-f5902093543c,f4f3701b-1948-4a8a-bd85-0e20d03b6948,/photos/f4f3701b-1948-4a8a-bd85-0e20d03b6948/1.webp,1,2026-08-24T07:45:07+00:00
b58b4787-a07b-42d0-abe1-1ab281702b7f,f4f3701b-1948-4a8a-bd85-0e20d03b6948,/photos/f4f3701b-1948-4a8a-bd85-0e20d03b6948/2.webp,2,2026-08-24T07:45:07+00:00
5ea6b546-48d7-4819-8dfc-417e67906e19,f4f3701b-1948-4a8a-bd85-0e20d03b6948,/photos/f4f3701b-1948-4a8a-bd85-0e20d03b6948/3.webp,3,2026-08-24T07:45:07+00:00
b3409416-8aa7-419e-b9d6-a4d6481b2f9e,f1bd29ff-047e-4539-aac4-6ff1ecf01a11,/photos/f1bd29ff-047e-4539-aac4-6ff1ecf01a11/0.webp,0,2026-08-31T11:52:51+00:00
7a3d8583-5ad3-4ac6-9f64-75639021545b,193b865d-5c5e-46ae-984c-278f633e9878,/photos/193b865d-5c5e-46ae-984c-278f633e9878/0.webp,0,2026-08-31T09:50:07+00:00
abed2e1e-5a69-4100-a20c-4b79105c2190,46ea777a-c2ce-4f54-bb5a-21bab386d3db,/photos/46ea777a-c2ce-4f54-bb5a-21bab386d3db/0.webp,0,2026-08-25T22:47:02+00:00
856e4ab4-4232-4713-a601-3dfe0afc8d05,46ea777a-c2ce-4f54-bb5a-21bab386d3db,/photos/46ea777a-c2ce-4f54-bb5a-21bab386d3db/1.webp,1,2026-08-25T22:47:02+00:00
8a6bf680-14c2-491d-aa2e-5ef0e4397bc7,46ea777a-c2ce-4f54-bb5a-21bab386d3db,/photos/46ea777a-c2ce-4f54-bb5a-21bab386d3db/2.webp,2,2026-08-25T22:47:02+00:00
4c6e7718-873a-44e8-893b-f560fa340306,14c10fe7-c88a-461a-8592-cb38ad6e65e5,/photos/14c10fe7-c88a-461a-8592-cb38ad6e65e5/0.webp,0,2026-08-28T14:24:40+00:00
228f3933-9d26-4dff-a74a-46c4e6e13fc7,1e80c500-64d1-4ab2-90ca-87084c1f1a23,/photos/1e80c500-64d1-4ab2-90ca-87084c1f1a23/0.webp,0,2026-07-27T19:01:20+00:00
59566d4e-9d5c-49e0-8ec3-aacdf77c4652,1e80c500-64d1-4ab2-90ca-87084c1f1a23,/photos/1e80c500-64d1-4ab2-90ca-87084c1f1a23/1.webp,1,2026-07-27T19:01:20+00:00
6df5b328-d65d-41e2-87ff-b1f5d0b1fffb,1e80c500-64d1-4ab2-90ca-87084c1f1a23,/photos/1e80c500-64d1-4ab2-90ca-87084c1f1a23/2.webp,2,2026-07-27T19:01:20+00:00
fde5db79-2cd0-44fe-9a70-e2f7ca3850b7,aed83032-9435-4713-8b3e-923a2a1314b8,/photos/aed83032-9435-4713-8b3e-923a2a1314b8/0.webp,0,2026-09-02T03:23:03+00:00
a2f402fb-080c-457d-8d5e-b9598dec586a,aed83032-9435-4713-8b3e-923a2a1314b8,/photos/aed83032-9435-4713-8b3e-923a2a1314b8/1.webp,1,2026-09-02T03:23:03+00:00
a60918b8-49cc-471e-83fc-bfdc02c7902f,aed83032-9435-4713-8b3e-923a2a1314b8,/photos/aed83032-9435-4713-8b3e-923a2a1314b8/2.webp,2,2026-09-02T03:23:03+00:00
92575021-27c5-4168-9ab8-f5fd7476b6bf,86f18843-d414-4ca1-8b8f-80960044d476,/photos/86f18843-d414-4ca1-8b8f-80960044d476/0.webp,0,2026-09-01T08:46:53+00:00
8c105620-e416-4a53-a48b-6ca05fc969cc,86f18843-d414-4ca1-8b8f-80960044d476,/photos/86f18843-d414-4ca1-8b8f-80960044d476/1.webp,1,2026-09-01T08:46:53+00:00
7299cd7d-37fb-4f4c-83db-1fae0d910829,86f18843-d414-4ca1-8b8f-80960044d476,/photos/86f18843-d414-4ca1-8b8f-80960044d476/2.webp,2,2026-09-01T08:46:53+00:00
2a9ae82e-8b7f-427b-9392-5a0d21c9f1b2,86f18843-d414-4ca1-8b8f-80960044d476,/photos/86f18843-d414-4ca1-8b8f-80960044d476/3.webp,3,2026-09-01T08:46:53+00:00
70f077cf-bc0e-480b-b0fe-1dc7982f91e3,90dbced2-ed0a-4c56-848e-817caf4ec4bc,/photos/90dbced2-ed0a-4c56-848e-817caf4ec4bc/0.webp,0,2026-08-14T17:12:19+00:00
944948bc-b22f-4d11-9791-ed85017cdbd0,90dbced2-ed0a-4c56-848e-817caf4ec4bc,/photos/90dbced2-ed0a-4c56-848e-817caf4ec4bc/1.webp,1,2026-08-14T17:12:19+00:00
92a51104-f7c8-4d7b-a841-58bdb4204e6f,90dbced2-ed0a-4c56-848e-817caf4ec4bc,/photos/90dbced2-ed0a-4c56-848e-817caf4ec4bc/2.webp,2,2026-08-14T17:12:19+00:00
45d0b338-85d9-408d-8de7-b45d8db08e70,90dbced2-ed0a-4c56-848e-817caf4ec4bc,/photos/90dbced2-ed0a-4c56-848e-817caf4ec4bc/3.webp,3,2026-08-14T17:12:19+00:00
8b53e090-4596-4f1b-827c-11a856b2df18,4591aeeb-27a6-45fa-a281-5a7d696d266a,/photos/4591aeeb-27a6-45fa-a281-5a7d696d266a/0.webp,0,2026-08-25T17:11:06+00:00
28499ce0-3313-4d72-aad2-54e8b320073f,4591aeeb-27a6-45fa-a281-5a7d696d266a,/photos/4591aeeb-27a6-45fa-a281-5a7d696d266a/1.webp,1,2026-08-25T17:11:06+00:00
f94d7d9a-c584-4db5-8c24-c6bd9ce676a6,86827b72-569a-44fe-ae48-d5a5fac45523,/photos/86827b72-569a-44fe-ae48-d5a5fac45523/0.webp,0,2026-08-27T11:25:20+00:00
4fdf13d2-11a6-4251-9c09-fbbb237d8520,60e2dc63-a7eb-4754-b4b0-e55231e92549,/photos/60e2dc63-a7eb-4754-b4b0-e55231e92549/0.webp,0,2026-08-23T00:06:19+00:00
56dc49e4-2f67-49bc-87e5-a461dea9d85a,1b9647bc-9144-40fe-a9dc-57775d37b277,/photos/1b9647bc-9144-40fe-a9dc-57775d37b277/0.webp,0,2026-08-26T23:43:55+00:00
2727e0ae-3c84-4d68-a66f-66e7e5706275,1b9647bc-9144-40fe-a9dc-57775d37b277,/photos/1b9647bc-9144-40fe-a9dc-57775d37b277/1.webp,1,2026-08-26T23:43:55+00:00
292ac695-d7e2-4d71-ad16-2a5ad2da3237,1b9647bc-9144-40fe-a9dc-57775d37b277,/photos/1b9647bc-9144-40fe-a9dc-57775d37b277/2.webp,2,2026-08-26T23:43:55+00:00
21871908-28c2-4fd2-a4c5-bd44d59710cb,0aac7aa5-0da1-4271-92c0-92b31cb468c7,/photos/0aac7aa5-0da1-4271-92c0-92b31cb468c7/0.webp,0,2026-08-27T22:05:49+00:00
f6cfc66d-ab96-4a4d-95ab-35717598cf96,0aac7aa5-0da1-4271-92c0-92b31cb468c7,/photos/0aac7aa5-0da1-4271-92c0-92b31cb468c7/1.webp,1,2026-08-27T22:05:49+00:00
1eec2945-340b-43cf-923f-f38857199743,835932d2-29cf-4d00-9f28-1fd3e910b483,/photos/835932d2-29cf-4d00-9f28-1fd3e910b483/0.webp,0,2026-09-02T00:12:42+00:00
e5826e15-404d-456e-8fa0-39424f25d0ac,835932d2-29cf-4d00-9f28-1fd3e910b483,/photos/835932d2-29cf-4d00-9f28-1fd3e910b483/1.webp,1,2026-09-02T00:12:42+00:00
361a6226-8f69-48ed-941e-30977794efe0,9ba76334-da49-43bf-81be-65c2ccf77495,/photos/9ba76334-da49-43bf-81be-65c2ccf77495/0.webp,0,2026-08-31T02:07:55+00:00
9a772091-18b3-4b03-9b71-353e0afcdb59,9ba76334-da49-43bf-81be-65c2ccf77495,/photos/9ba76334-da49-43bf-81be-65c2ccf77495/1.webp,1,2026-08-31T02:07:55+00:00
94d056b2-b8ad-42a0-9e76-cea59ec79080,9ba76334-da49-43bf-81be-65c2ccf77495,/photos/9ba76334-da49-43bf-81be-65c2ccf77495/2.webp,2,2026-08-31T02:07:55+00:00
f5653801-8303-4bc3-b5ce-4f87670c397d,9ba76334-da49-43bf-81be-65c2ccf77495,/photos/9ba76334-da49-43bf-81be-65c2ccf77495/3.webp,3,2026-08-31T02:07:55+00:00
c81dd0d6-18e3-4725-b229-a53aaab594fd,b8c12eba-9a5d-44d3-a7eb-c069c38f12ed,/photos/b8c12eba-9a5d-44d3-a7eb-c069c38f12ed/0.webp,0,2026-08-24T00:54:16+00:00
a3209bc1-d975-4915-bf96-f6a82e605123,b8c12eba-9a5d-44d3-a7eb-c069c38f12ed,/photos/b8c12eba-9a5d-44d3-a7eb-c069c38f12ed/1.webp,1,2026-08-24T00:54:16+00:00
f91c49aa-b9f4-4337-a822-8fd2ede44230,7ec23abe-dbaf-404d-bc4a-8c20f18bcda2,/photos/7ec23abe-dbaf-404d-bc4a-8c20f18bcda2/0.webp,0,2026-08-31T15:26:39+00:00
a4aca11e-888b-4d1b-916d-8a4727e1f016,7ec23abe-dbaf-404d-bc4a-8c20f18bcda2,/photos/7ec23abe-dbaf-404d-bc4a-8c20f18bcda2/1.webp,1,2026-08-31T15:26:39+00:00
1c83284e-19d6-429d-a460-c6d8f6de2d32,7ec23abe-dbaf-404d-bc4a-8c20f18bcda2,/photos/7ec23abe-dbaf-404d-bc4a-8c20f18bcda2/2.webp,2,2026-08-31T15:26:39+00:00
280517f5-d77a-438a-b551-3bcbcc9729e4,821e5960-001a-4b8d-a844-612158355974,/photos/821e5960-001a-4b8d-a844-612158355974/0.webp,0,2026-08-22T15:58:52+00:00
5857c48d-a678-4446-a294-32de14e976b8,282068fe-7718-4c20-b539-68c9f262c647,/photos/282068fe-7718-4c20-b539-68c9f262c647/0.webp,0,2026-08-10T10:50:37+00:00
0b2cb7f2-b60e-447f-b78c-d46f4701ffc7,282068fe-7718-4c20-b539-68c9f262c647,/photos/282068fe-7718-4c20-b539-68c9f262c647/1.webp,1,2026-08-10T10:50:37+00:00
7140836f-8a09-486e-a60d-d74ba1b54a12,282068fe-7718-4c20-b539-68c9f262c647,/photos/282068fe-7718-4c20-b539-68c9f262c647/2.webp,2,2026-08-10T10:50:37+00:00
8315fa87-1baa-4240-91c3-f4fba7d9a36a,0edeac43-6ee1-43a4-8291-b1b836bbb345,/photos/0edeac43-6ee1-43a4-8291-b1b836bbb345/0.webp,0,2026-07-30T13:25:24+00:00
3b4482a1-239d-4178-8db2-8a3a24991cee,fcbb9bdf-0b3e-47b1-8328-d6a0047f2ac6,/photos/fcbb9bdf-0b3e-47b1-8328-d6a0047f2ac6/0.webp,0,2026-07-23T23:06:54+00:00
8f63996e-3811-4be1-8769-387c8eadfb0c,b12c8fe2-904a-4d9e-bde7-22193b311a50,/photos/b12c8fe2-904a-4d9e-bde7-22193b311a50/0.webp,0,2026-08-22T14:23:05+00:00
466dce1d-198f-454c-9614-8bc7985da088,b12c8fe2-904a-4d9e-bde7-22193b311a50,/photos/b12c8fe2-904a-4d9e-bde7-22193b311a50/1.webp,1,2026-08-22T14:23:05+00:00
224618eb-0a55-46f8-adf0-c784019519c0,acbaf4bc-8d90-45bc-89c3-54bdcfb8ccfc,/photos/acbaf4bc-8d90-45bc-89c3-54bdcfb8ccfc/0.webp,0,2026-08-22T00:22:55+00:00
5c94e493-9f26-4b21-b870-8d0502532a6e,acbaf4bc-8d90-45bc-89c3-54bdcfb8ccfc,/photos/acbaf4bc-8d90-45bc-89c3-54bdcfb8ccfc/1.webp,1,2026-08-22T00:22:55+00:00
c09397cb-096f-42e8-9bc8-42e84dc357ce,bd233daa-84a5-44bf-8efe-f8e95f3b1ce0,/photos/bd233daa-84a5-44bf-8efe-f8e95f3b1ce0/0.webp,0,2026-08-28T22:22:30+00:00
e6585eff-4477-4c1c-9e44-b07718b2afb6,f8f0e7f5-fe84-4250-aef8-0fe295db79c9,/photos/f8f0e7f5-fe84-4250-aef8-0fe295db79c9/0.webp,0,2026-08-19T09:16:38+00:00
80ed322d-628f-4106-9c4d-ab61414ae9a9,f8f0e7f5-fe84-4250-aef8-0fe295db79c9,/photos/f8f0e7f5-fe84-4250-aef8-0fe295db79c9/1.webp,1,2026-08-19T09:16:38+00:00
41b68d7a-6a26-44b6-bdf8-744893d836e5,f8f0e7f5-fe84-4250-aef8-0fe295db79c9,/photos/f8f0e7f5-fe84-4250-aef8-0fe295db79c9/2.webp,2,2026-08-19T09:16:38+00:00
e54a8b2e-5d5f-4693-87d6-626fc981fcdc,e0943f8c-3612-4b5f-871e-b6086d1e57cc,/photos/e0943f8c-3612-4b5f-871e-b6086d1e57cc/0.webp,0,2026-08-14T15:50:54+00:00
bebe8c95-f93f-4746-b781-e5bdbcd91c93,e0943f8c-3612-4b5f-871e-b6086d1e57cc,/photos/e0943f8c-3612-4b5f-871e-b6086d1e57cc/1.webp,1,2026-08-14T15:50:54+00:00
29d9a03d-1c14-45b0-af39-16009844fa60,e0943f8c-3612-4b5f-871e-b6086d1e57cc,/photos/e0943f8c-3612-4b5f-871e-b6086d1e57cc/2.webp,2,2026-08-14T15:50:54+00:00
c30b2854-9d2e-49e1-890f-041ce5b4fd94,e0943f8c-3612-4b5f-871e-b6086d1e57cc,/photos/e0943f8c-3612-4b5f-871e-b6086d1e57cc/3.webp,3,2026-08-14T15:50:54+00:00
855b1ecf-ca42-437f-b779-b7decdc840c5,b6debece-8c1e-4099-80c2-f5bfa2207d5f,/photos/b6debece-8c1e-4099-80c2-f5bfa2207d5f/0.webp,0,2026-08-14T05:06:08+00:00
baf91593-7cbd-4d24-9ac9-c4aa87d942e9,b6debece-8c1e-4099-80c2-f5bfa2207d5f,/photos/b6debece-8c1e-4099-80c2-f5bfa2207d5f/1.webp,1,2026-08-14T05:06:08+00:00
d714b1c4-db87-47d8-9f90-236ab264ef95,b6debece-8c1e-4099-80c2-f5bfa2207d5f,/photos/b6debece-8c1e-4099-80c2-f5bfa2207d5f/2.webp,2,2026-08-14T05:06:08+00:00
bc70b298-105c-4acd-ac97-b6842f47c40f,b6debece-8c1e-4099-80c2-f5bfa2207d5f,/photos/b6debece-8c1e-4099-80c2-f5bfa2207d5f/3.webp,3,2026-08-14T05:06:08+00:00
62363fa4-afbe-4d60-8225-737b6aaf4178,4fa303eb-428a-4e3a-9d68-fe1aa88480ed,/photos/4fa303eb-428a-4e3a-9d68-fe1aa88480ed/0.webp,0,2026-08-24T22:30:51+00:00
c394b2c1-c7d4-4614-b8af-cf8d63f4628e,4fa303eb-428a-4e3a-9d68-fe1aa88480ed,/photos/4fa303eb-428a-4e3a-9d68-fe1aa88480ed/1.webp,1,2026-08-24T22:30:51+00:00
ac65e10d-a62f-4967-aae7-82eac826e701,4fa303eb-428a-4e3a-9d68-fe1aa88480ed,/photos/4fa303eb-428a-4e3a-9d68-fe1aa88480ed/2.webp,2,2026-08-24T22:30:51+00:00
8fc853ae-15eb-4954-930b-8466dd61630b,4fa303eb-428a-4e3a-9d68-fe1aa88480ed,/photos/4fa303eb-428a-4e3a-9d68-fe1aa88480ed/3.webp,3,2026-08-24T22:30:51+00:00
b837a78a-3f17-4ae9-a523-1bf1d3ebe5a2,1d4242b8-fd28-4ade-969a-3759dcd6d78b,/photos/1d4242b8-fd28-4ade-969a-3759dcd6d78b/0.webp,0,2026-08-31T13:48:31+00:00
8cde150c-e771-44a3-8670-bc116fa7b17d,1d4242b8-fd28-4ade-969a-3759dcd6d78b,/photos/1d4242b8-fd28-4ade-969a-3759dcd6d78b/1.webp,1,2026-08-31T13:48:31+00:00
abaa94bd-f545-4665-8460-ffb17d8e30dc,1d4242b8-fd28-4ade-969a-3759dcd6d78b,/photos/1d4242b8-fd28-4ade-969a-3759dcd6d78b/2.webp,2,2026-08-31T13:48:31+00:00
394fb4e8-5a09-4824-bb0e-433f896c9445,1d4242b8-fd28-4ade-969a-3759dcd6d78b,/photos/1d4242b8-fd28-4ade-969a-3759dcd6d78b/3.webp,3,2026-08-31T13:48:31+00:00
ba2c133b-8d1c-4d44-aa2c-5aa0ecb695b2,da03c68a-5395-4ef7-a4c8-c605498dc8d5,/photos/da03c68a-5395-4ef7-a4c8-c605498dc8d5/0.webp,0,2026-08-20T16:56:48+00:00
f90f8b00-6ef6-464f-8762-fd8a60ab0dec,da03c68a-5395-4ef7-a4c8-c605498dc8d5,/photos/da03c68a-5395-4ef7-a4c8-c605498dc8d5/1.webp,1,2026-08-20T16:56:48+00:00
0f8d274d-e296-479f-9e63-b0783687485c,da03c68a-5395-4ef7-a4c8-c605498dc8d5,/photos/da03c68a-5395-4ef7-a4c8-c605498dc8d5/2.webp,2,2026-08-20T16:56:48+00:00
d07d359c-69ac-4714-ac7b-bcbf8475d01c,da03c68a-5395-4ef7-a4c8-c605498dc8d5,/photos/da03c68a-5395-4ef7-a4c8-c605498dc8d5/3.webp,3,2026-08-20T16:56:48+00:00
6057707c-916e-49f8-b050-0319f2d74b2f,28e80ccd-e82d-4829-b4d0-341f57d16e6b,/photos/28e80ccd-e82d-4829-b4d0-341f57d16e6b/0.webp,0,2026-08-02T04:40:17+00:00
fcac5a7b-dc4b-4844-910c-42c9bea44325,28e80ccd-e82d-4829-b4d0-341f57d16e6b,/photos/28e80ccd-e82d-4829-b4d0-341f57d16e6b/1.webp,1,2026-08-02T04:40:17+00:00
10928d9e-3417-47cd-ab6e-b6e2958a0446,eeb9999d-c4e0-4136-90ec-37b27e7dcf57,/photos/eeb9999d-c4e0-4136-90ec-37b27e7dcf57/0.webp,0,2026-09-01T22:22:08+00:00
0e6b0276-b406-489d-b2ba-0db401fba5c0,42d5dab9-f05f-4f6c-b341-14d9f4aaa12e,/photos/42d5dab9-f05f-4f6c-b341-14d9f4aaa12e/0.webp,0,2026-07-15T10:58:24+00:00
ab74e0e8-4569-4abe-8c99-97e423c080e3,42d5dab9-f05f-4f6c-b341-14d9f4aaa12e,/photos/42d5dab9-f05f-4f6c-b341-14d9f4aaa12e/1.webp,1,2026-07-15T10:58:24+00:00
5a820ab9-4b9c-4cbf-a81d-aeafe6ced35f,42d5dab9-f05f-4f6c-b341-14d9f4aaa12e,/photos/42d5dab9-f05f-4f6c-b341-14d9f4aaa12e/2.webp,2,2026-07-15T10:58:24+00:00
520a7fd2-25c0-44d7-8cc3-d64473974f58,42d5dab9-f05f-4f6c-b341-14d9f4aaa12e,/photos/42d5dab9-f05f-4f6c-b341-14d9f4aaa12e/3.webp,3,2026-07-15T10:58:24+00:00
2b6ae79b-07e7-4296-85d7-28c4081a1bc2,eac2034f-9a0f-4f52-908c-67e4aac572f0,/photos/eac2034f-9a0f-4f52-908c-67e4aac572f0/0.webp,0,2026-08-31T19:45:48+00:00
196fb89a-519d-4ea0-ab14-ca832c60db8f,e90f377b-baa3-48fc-a05a-8f26abff1099,/photos/e90f377b-baa3-48fc-a05a-8f26abff1099/0.webp,0,2026-09-02T13:41:23+00:00
b6b8dcda-d214-4d38-822b-871d842352a6,e90f377b-baa3-48fc-a05a-8f26abff1099,/photos/e90f377b-baa3-48fc-a05a-8f26abff1099/1.webp,1,2026-09-02T13:41:23+00:00
11cfaed8-ad6e-4d92-99c4-b8c227765dad,e90f377b-baa3-48fc-a05a-8f26abff1099,/photos/e90f377b-baa3-48fc-a05a-8f26abff1099/2.webp,2,2026-09-02T13:41:23+00:00
9632687b-1489-42c9-b973-98f924427a60,7d8145f0-56c9-4a98-a6ed-b4ea0516ad87,/photos/7d8145f0-56c9-4a98-a6ed-b4ea0516ad87/0.webp,0,2026-08-27T08:27:55+00:00
04d3f8d9-561b-414f-ac20-7b05fd5afd5e,7d8145f0-56c9-4a98-a6ed-b4ea0516ad87,/photos/7d8145f0-56c9-4a98-a6ed-b4ea0516ad87/1.webp,1,2026-08-27T08:27:55+00:00
667a0840-c5d1-4520-b54d-66079f1f7ebd,7d8145f0-56c9-4a98-a6ed-b4ea0516ad87,/photos/7d8145f0-56c9-4a98-a6ed-b4ea0516ad87/2.webp,2,2026-08-27T08:27:55+00:00
2ea05b0c-85c5-4806-bb58-7fd47170234a,1d2d8a0e-3402-4b33-9b98-bb7c15aa17c6,/photos/1d2d8a0e-3402-4b33-9b98-bb7c15aa17c6/0.webp,0,2026-08-20T16:28:09+00:00
9618c04c-7f95-410f-999a-5280b68d9ac5,1d2d8a0e-3402-4b33-9b98-bb7c15aa17c6,/photos/1d2d8a0e-3402-4b33-9b98-bb7c15aa17c6/1.webp,1,2026-08-20T16:28:09+00:00
f5a7bdfa-0cdb-40db-b65d-19812d4ebc25,1d2d8a0e-3402-4b33-9b98-bb7c15aa17c6,/photos/1d2d8a0e-3402-4b33-9b98-bb7c15aa17c6/2.webp,2,2026-08-20T16:28:09+00:00
315691eb-7dca-477d-8d0a-ee4ed7db7a1d,21b2cd07-7699-41c5-bf74-f9eb2bacd9d0,/photos/21b2cd07-7699-41c5-bf74-f9eb2bacd9d0/0.webp,0,2026-07-29T21:18:56+00:00
32cc6a57-3664-4889-ac36-e2be5bb2162c,21b2cd07-7699-41c5-bf74-f9eb2bacd9d0,/photos/21b2cd07-7699-41c5-bf74-f9eb2bacd9d0/1.webp,1,2026-07-29T21:18:56+00:00
2d6cd516-6282-460e-91e5-c4193b7ba76f,6e33dcfd-08a2-475b-9820-77fa776a5cbd,/photos/6e33dcfd-08a2-475b-9820-77fa776a5cbd/0.webp,0,2026-08-28T20:38:24+00:00
bb85a4fe-c8d0-42cc-9620-1b73fcba7a9d,5f9f43f3-c10d-4a7e-8090-cb704c5feabb,/photos/5f9f43f3-c10d-4a7e-8090-cb704c5feabb/0.webp,0,2026-08-09T02:01:29+00:00
3c63b8dc-ae26-4927-96e2-8562944c1c98,724ee3a8-ad79-421e-874f-370ae48a7a4d,/photos/724ee3a8-ad79-421e-874f-370ae48a7a4d/0.webp,0,2026-08-28T03:57:35+00:00
f21197b5-20ef-4a22-ae8d-914989c10cc9,724ee3a8-ad79-421e-874f-370ae48a7a4d,/photos/724ee3a8-ad79-421e-874f-370ae48a7a4d/1.webp,1,2026-08-28T03:57:35+00:00
878ff9ad-f77e-4610-bda1-45975bee1b2d,724ee3a8-ad79-421e-874f-370ae48a7a4d,/photos/724ee3a8-ad79-421e-874f-370ae48a7a4d/2.webp,2,2026-08-28T03:57:35+00:00
6c75b01d-51af-4875-9555-3fb0fb1db209,724ee3a8-ad79-421e-874f-370ae48a7a4d,/photos/724ee3a8-ad79-421e-874f-370ae48a7a4d/3.webp,3,2026-08-28T03:57:35+00:00
25d89dc2-04ad-48a5-9e42-ddbf5d7b1de9,d71059a3-9791-4f41-87e6-53a153330cf1,/photos/d71059a3-9791-4f41-87e6-53a153330cf1/0.webp,0,2026-09-01T08:56:54+00:00
d6e73ce1-b112-4c6f-acc9-18a52f747c85,d71059a3-9791-4f41-87e6-53a153330cf1,/photos/d71059a3-9791-4f41-87e6-53a153330cf1/1.webp,1,2026-09-01T08:56:54+00:00
859b2c4c-ff2b-48ff-9830-99309c45fef4,d71059a3-9791-4f41-87e6-53a153330cf1,/photos/d71059a3-9791-4f41-87e6-53a153330cf1/2.webp,2,2026-09-01T08:56:54+00:00
0cf46087-8d26-41db-90ab-450888123f5a,d71059a3-9791-4f41-87e6-53a153330cf1,/photos/d71059a3-9791-4f41-87e6-53a153330cf1/3.webp,3,2026-09-01T08:56:54+00:00
e5e3ab24-f718-4d8b-a2a4-86437c593c46,6fa65967-89a8-42ae-bb40-73ee3ed970f7,/photos/6fa65967-89a8-42ae-bb40-73ee3ed970f7/0.webp,0,2026-08-21T17:59:18+00:00
cb36e51a-1d3e-4bbd-affe-a7c522db451e,6fa65967-89a8-42ae-bb40-73ee3ed970f7,/photos/6fa65967-89a8-42ae-bb40-73ee3ed970f7/1.webp,1,2026-08-21T17:59:18+00:00
c5436356-c6f7-4e7e-a759-3e193f62089b,6fa65967-89a8-42ae-bb40-73ee3ed970f7,/photos/6fa65967-89a8-42ae-bb40-73ee3ed970f7/2.webp,2,2026-08-21T17:59:18+00:00
310a68eb-fcec-423f-a8d0-1bab41594c7b,6fa65967-89a8-42ae-bb40-73ee3ed970f7,/photos/6fa65967-89a8-42ae-bb40-73ee3ed970f7/3.webp,3,2026-08-21T17:59:18+00:00
a4f9fbe3-eecb-4e9b-a1a1-27323d3c8ce6,a4425211-989f-469e-a720-479fdc47b9fb,/photos/a4425211-989f-469e-a720-479fdc47b9fb/0.webp,0,2026-08-10T08:22:59+00:00
044d56f4-e990-4b8e-8242-7d4d3bce22df,a4425211-989f-469e-a720-479fdc47b9fb,/photos/a4425211-989f-469e-a720-479fdc47b9fb/1.webp,1,2026-08-10T08:22:59+00:00
6323ae41-6f3b-4069-a293-72e09ebc6fbc,86d64af8-b384-49a8-b123-0c3aed9540d1,/photos/86d64af8-b384-49a8-b123-0c3aed9540d1/0.webp,0,2026-08-25T22:57:05+00:00
91a5bb18-76ae-48a2-89c4-ae53c6c68a9f,86d64af8-b384-49a8-b123-0c3aed9540d1,/photos/86d64af8-b384-49a8-b123-0c3aed9540d1/1.webp,1,2026-08-25T22:57:05+00:00
f1aebfca-3b51-4003-9244-3ab62efffd62,844564e8-e437-4170-a047-086c7f025708,/photos/844564e8-e437-4170-a047-086c7f025708/0.webp,0,2026-08-30T15:27:34+00:00
df29f27b-c1e6-4bae-87d5-94e91b833097,844564e8-e437-4170-a047-086c7f025708,/photos/844564e8-e437-4170-a047-086c7f025708/1.webp,1,2026-08-30T15:27:34+00:00
ec0de498-7779-4fe7-8b2a-6475d911d960,aa2d0b51-344d-4f99-bd2a-b6e9e87b0fa9,/photos/aa2d0b51-344d-4f99-bd2a-b6e9e87b0fa9/0.webp,0,2026-08-21T18:55:05+00:00
8ed4a65d-7dcf-4974-b0ad-1cc08077bb9b,aa2d0b51-344d-4f99-bd2a-b6e9e87b0fa9,/photos/aa2d0b51-344d-4f99-bd2a-b6e9e87b0fa9/1.webp,1,2026-08-21T18:55:05+00:00
1a84ed22-29e2-44f4-a4bf-758b108f92a6,705ba1f6-c3b1-4b16-915c-fb65e1931e43,/photos/705ba1f6-c3b1-4b16-915c-fb65e1931e43/0.webp,0,2026-09-01T19:11:59+00:00
f7384055-d1d2-42fb-be49-c8b37aa68e98,705ba1f6-c3b1-4b16-915c-fb65e1931e43,/photos/705ba1f6-c3b1-4b16-915c-fb65e1931e43/1.webp,1,2026-09-01T19:11:59+00:00
717f5787-d722-4f8e-960b-0d2dba9de035,ab961fed-00f0-473e-abf5-a421bd49331a,/photos/ab961fed-00f0-473e-abf5-a421bd49331a/0.webp,0,2026-09-01T21:41:30+00:00
18b5ae0f-6218-48e7-92d4-0209c007f301,ab961fed-00f0-473e-abf5-a421bd49331a,/photos/ab961fed-00f0-473e-abf5-a421bd49331a/1.webp,1,2026-09-01T21:41:30+00:00
13d59d29-56d5-48fa-aaae-c4b3578a42b5,53e4aa31-da2f-4d79-acd8-f739f53b59e2,/photos/53e4aa31-da2f-4d79-acd8-f739f53b59e2/0.webp,0,2026-08-20T14:35:32+00:00
882f7de7-24b4-45c7-8600-0f0187973b52,53e4aa31-da2f-4d79-acd8-f739f53b59e2,/photos/53e4aa31-da2f-4d79-acd8-f739f53b59e2/1.webp,1,2026-08-20T14:35:32+00:00
d9faf4a4-0551-4660-90a6-44dae96e46e2,53e4aa31-da2f-4d79-acd8-f739f53b59e2,/photos/53e4aa31-da2f-4d79-acd8-f739f53b59e2/2.webp,2,2026-08-20T14:35:32+00:00
fa00ad38-a22c-41e6-a64e-79dc60860035,24a85409-f4ff-4432-b74f-3132c09d2429,/photos/24a85409-f4ff-4432-b74f-3132c09d2429/0.webp,0,2026-08-28T19:15:30+00:00
85ea2754-35b1-484d-8d81-051615e5a900,24a85409-f4ff-4432-b74f-3132c09d2429,/photos/24a85409-f4ff-4432-b74f-3132c09d2429/1.webp,1,2026-08-28T19:15:30+00:00
733ebf45-26f5-4165-99b4-8ed5046a6b91,2ec7ca2f-12d8-4299-8d28-48b3b549d317,/photos/2ec7ca2f-12d8-4299-8d28-48b3b549d317/0.webp,0,2026-08-25T01:40:25+00:00
0af8310b-e755-4a02-b617-cae7ab827252,2ec7ca2f-12d8-4299-8d28-48b3b549d317,/photos/2ec7ca2f-12d8-4299-8d28-48b3b549d317/1.webp,1,2026-08-25T01:40:25+00:00
ac966ee9-4ddd-4845-8bf6-bbc5a53df0ec,2ec7ca2f-12d8-4299-8d28-48b3b549d317,/photos/2ec7ca2f-12d8-4299-8d28-48b3b549d317/2.webp,2,2026-08-25T01:40:25+00:00
a6f68773-9aa2-4639-bbf4-a7402b628141,2ec7ca2f-12d8-4299-8d28-48b3b549d317,/photos/2ec7ca2f-12d8-4299-8d28-48b3b549d317/3.webp,3,2026-08-25T01:40:25+00:00
00b8f220-5d56-4340-96d7-559cd817210b,3ad50160-edda-41de-bc60-f1973c10857c,/photos/3ad50160-edda-41de-bc60-f1973c10857c/0.webp,0,2026-08-25T05:13:10+00:00
4f9dcb0f-ca43-475e-aeb4-368e4e63fd93,3ad50160-edda-41de-bc60-f1973c10857c,/photos/3ad50160-edda-41de-bc60-f1973c10857c/1.webp,1,2026-08-25T05:13:10+00:00
c371c583-c70c-4a99-9029-0de6b5f0dbea,3ad50160-edda-41de-bc60-f1973c10857c,/photos/3ad50160-edda-41de-bc60-f1973c10857c/2.webp,2,2026-08-25T05:13:10+00:00
71ad40b5-c4f4-4fd5-a5c6-2250f4de76e5,3ad50160-edda-41de-bc60-f1973c10857c,/photos/3ad50160-edda-41de-bc60-f1973c10857c/3.webp,3,2026-08-25T05:13:10+00:00
2adae022-38c6-4fbc-9f47-5becfd98de9d,b6ff4b3e-b0e9-44bd-a414-074574b6b89a,/photos/b6ff4b3e-b0e9-44bd-a414-074574b6b89a/0.webp,0,2026-08-30T01:22:35+00:00
498855a5-2420-4898-a0d5-0342cfa992df,b6ff4b3e-b0e9-44bd-a414-074574b6b89a,/photos/b6ff4b3e-b0e9-44bd-a414-074574b6b89a/1.webp,1,2026-08-30T01:22:35+00:00
4e2b94af-d83e-43cc-80b5-5577dd716340,b6ff4b3e-b0e9-44bd-a414-074574b6b89a,/photos/b6ff4b3e-b0e9-44bd-a414-074574b6b89a/2.webp,2,2026-08-30T01:22:35+00:00
bc415ec9-3453-4963-995c-40813eb941d6,b6ff4b3e-b0e9-44bd-a414-074574b6b89a,/photos/b6ff4b3e-b0e9-44bd-a414-074574b6b89a/3.webp,3,2026-08-30T01:22:35+00:00
d81c400f-3975-4d42-a932-4c167099d9ff,bc95a3fe-652b-440a-a2f7-1b4b7fa8d483,/photos/bc95a3fe-652b-440a-a2f7-1b4b7fa8d483/0.webp,0,2026-08-23T23:37:05+00:00
9167fab5-9a6d-4b24-ad7a-921240e1d4c8,bc95a3fe-652b-440a-a2f7-1b4b7fa8d483,/photos/bc95a3fe-652b-440a-a2f7-1b4b7fa8d483/1.webp,1,2026-08-23T23:37:05+00:00
9746baf7-831f-47be-b477-bd3b626d7c63,bc95a3fe-652b-440a-a2f7-1b4b7fa8d483,/photos/bc95a3fe-652b-440a-a2f7-1b4b7fa8d483/2.webp,2,2026-08-23T23:37:05+00:00
4418ac4a-7caa-4952-ab2f-b5185d72184a,2d58dbda-3b3c-4bfa-b9db-8864dc8c08a7,/photos/2d58dbda-3b3c-4bfa-b9db-8864dc8c08a7/0.webp,0,2026-08-26T22:50:44+00:00
491b5e76-a6a2-4231-950c-59ea9e34f1ce,2d58dbda-3b3c-4bfa-b9db-8864dc8c08a7,/photos/2d58dbda-3b3c-4bfa-b9db-8864dc8c08a7/1.webp,1,2026-08-26T22:50:44+00:00
835a5443-ac1a-42d5-ae0f-ed0b05fe4dc5,ba86ed82-d8c2-4b3b-83dc-ce63a5dc1385,/photos/ba86ed82-d8c2-4b3b-83dc-ce63a5dc1385/0.webp,0,2026-08-03T02:23:52+00:00
431ac4f6-dd96-4537-a0cf-8bdb530f618c,d54da4c0-ac9c-4f6c-9b5c-169c45b56842,/photos/d54da4c0-ac9c-4f6c-9b5c-169c45b56842/0.webp,0,2026-08-14T08:45:35+00:00
57bf76cf-5805-4ac7-bbbe-2c27ea88cd8c,fffbe930-0158-46ab-a7e2-80ee025b752f,/photos/fffbe930-0158-46ab-a7e2-80ee025b752f/0.webp,0,2026-08-23T05:50:38+00:00
43a76602-b1a5-4a9c-80e5-e534b7b23d49,fffbe930-0158-46ab-a7e2-80ee025b752f,/photos/fffbe930-0158-46ab-a7e2-80ee025b752f/1.webp,1,2026-08-23T05:50:38+00:00
a4eef467-6988-47e1-9888-8650da2b1f2f,adbb7ce6-7e48-47db-9644-5ea796bf7220,/photos/adbb7ce6-7e48-47db-9644-5ea796bf7220/0.webp,0,2026-08-26T19:03:31+00:00
0085ca1a-16bd-4f77-a226-bfbf96ca93f3,1c30d070-5cb2-4838-8694-6b73fb94c172,/photos/1c30d070-5cb2-4838-8694-6b73fb94c172/0.webp,0,2026-08-24T03:39:45+00:00
e67d4b98-0b25-42cf-911c-97655ee61ce0,1c30d070-5cb2-4838-8694-6b73fb94c172,/photos/1c30d070-5cb2-4838-8694-6b73fb94c172/1.webp,1,2026-08-24T03:39:45+00:00
084a7dfb-0d0c-4aa8-a21a-70a2715937fc,1f3adbd2-424b-4fdb-afdf-c8ffc81af922,/photos/1f3adbd2-424b-4fdb-afdf-c8ffc81af922/0.webp,0,2026-08-23T04:14:41+00:00
ca940f96-5fd2-4bca-ab55-52b079e280ca,1f3adbd2-424b-4fdb-afdf-c8ffc81af922,/photos/1f3adbd2-424b-4fdb-afdf-c8ffc81af922/1.webp,1,2026-08-23T04:14:41+00:00
ce7b8e4a-d0a1-4ba0-9162-478680205e0c,1f3adbd2-424b-4fdb-afdf-c8ffc81af922,/photos/1f3adbd2-424b-4fdb-afdf-c8ffc81af922/2.webp,2,2026-08-23T04:14:41+00:00
3bb62f0f-a149-479e-9d1b-b5e61d9f7103,1f3adbd2-424b-4fdb-afdf-c8ffc81af922,/photos/1f3adbd2-424b-4fdb-afdf-c8ffc81af922/3.webp,3,2026-08-23T04:14:41+00:00
c353eb6c-63be-4bd9-8e07-a50730a70469,4d6d2a3a-c9c5-4c7e-a104-c3c18155c0a8,/photos/4d6d2a3a-c9c5-4c7e-a104-c3c18155c0a8/0.webp,0,2026-08-26T16:41:50+00:00
a8c173a7-1562-4adc-9b08-15d3389cdeb2,4d6d2a3a-c9c5-4c7e-a104-c3c18155c0a8,/photos/4d6d2a3a-c9c5-4c7e-a104-c3c18155c0a8/1.webp,1,2026-08-26T16:41:50+00:00
8542e8e4-debb-4517-b803-9bd683157af6,8baeca70-ba40-4710-8895-34b82b846602,/photos/8baeca70-ba40-4710-8895-34b82b846602/0.webp,0,2026-08-30T02:00:51+00:00
131f07c9-a342-4a45-b69e-1ea1658f2445,8baeca70-ba40-4710-8895-34b82b846602,/photos/8baeca70-ba40-4710-8895-34b82b846602/1.webp,1,2026-08-30T02:00:51+00:00
2c8ff513-55fa-4e39-848b-5bc618179987,8baeca70-ba40-4710-8895-34b82b846602,/photos/8baeca70-ba40-4710-8895-34b82b846602/2.webp,2,2026-08-30T02:00:51+00:00
ae7747b1-a51b-409b-ba9d-f957afc939ef,8baeca70-ba40-4710-8895-34b82b846602,/photos/8baeca70-ba40-4710-8895-34b82b846602/3.webp,3,2026-08-30T02:00:51+00:00
b74cf54e-443c-4988-b3ee-491ebc95dc30,f72f8a4f-c40f-415c-b2ba-fd0265cec3fc,/photos/f72f8a4f-c40f-415c-b2ba-fd0265cec3fc/0.webp,0,2026-09-02T00:13:19+00:00
90cbdf55-dafa-4374-8568-9ddc6c5bbd21,f72f8a4f-c40f-415c-b2ba-fd0265cec3fc,/photos/f72f8a4f-c40f-415c-b2ba-fd0265cec3fc/1.webp,1,2026-09-02T00:13:19+00:00
c8a747ea-f6a9-4389-9e8c-e31f490c7cb6,f72f8a4f-c40f-415c-b2ba-fd0265cec3fc,/photos/f72f8a4f-c40f-415c-b2ba-fd0265cec3fc/2.webp,2,2026-09-02T00:13:19+00:00
cdc32140-c301-4158-8672-968287d0cf97,ba31c8de-0309-4ebf-899c-1e78f4ee4729,/photos/ba31c8de-0309-4ebf-899c-1e78f4ee4729/0.webp,0,2026-08-24T05:01:00+00:00
274eec4b-51dd-4a5c-af7e-b388cf1e8645,ba31c8de-0309-4ebf-899c-1e78f4ee4729,/photos/ba31c8de-0309-4ebf-899c-1e78f4ee4729/1.webp,1,2026-08-24T05:01:00+00:00
c6813280-e149-4b1d-bb24-4e04a6dce90e,ba31c8de-0309-4ebf-899c-1e78f4ee4729,/photos/ba31c8de-0309-4ebf-899c-1e78f4ee4729/2.webp,2,2026-08-24T05:01:00+00:00
fad4c2b8-771b-4b8f-8c3c-cfea39037169,5830eb49-6bda-4ee7-91e3-7171150e174c,/photos/5830eb49-6bda-4ee7-91e3-7171150e174c/0.webp,0,2026-09-02T06:30:34+00:00
211aa835-81a8-4176-b192-49dd1596f253,5830eb49-6bda-4ee7-91e3-7171150e174c,/photos/5830eb49-6bda-4ee7-91e3-7171150e174c/1.webp,1,2026-09-02T06:30:34+00:00
4806f4c7-2327-4be3-8df3-a77663371ef6,5830eb49-6bda-4ee7-91e3-7171150e174c,/photos/5830eb49-6bda-4ee7-91e3-7171150e174c/2.webp,2,2026-09-02T06:30:34+00:00
c9446c9b-a1cc-4c7b-868f-9491f512efe7,12fc709c-1989-43b2-8f2d-64bea36a6ca6,/photos/12fc709c-1989-43b2-8f2d-64bea36a6ca6/0.webp,0,2026-08-24T06:20:52+00:00
1ea35e13-5607-43ce-958c-88190a203c91,878ec06d-98f3-4e5d-82ee-40ce2830d844,/photos/878ec06d-98f3-4e5d-82ee-40ce2830d844/0.webp,0,2026-08-16T06:51:54+00:00
a33c7979-1ef2-4edd-a0cf-677867578044,878ec06d-98f3-4e5d-82ee-40ce2830d844,/photos/878ec06d-98f3-4e5d-82ee-40ce2830d844/1.webp,1,2026-08-16T06:51:54+00:00
d374e89f-44c5-4789-9270-7921ab07e60b,3f3fd737-d9c2-40a1-bf59-d3296f79a021,/photos/3f3fd737-d9c2-40a1-bf59-d3296f79a021/0.webp,0,2026-08-12T22:23:21+00:00
85715919-a97a-4317-bef0-dd727ac0b97c,3f3fd737-d9c2-40a1-bf59-d3296f79a021,/photos/3f3fd737-d9c2-40a1-bf59-d3296f79a021/1.webp,1,2026-08-12T22:23:21+00:00
261428bd-646c-46cc-8cc0-7a60a7415553,3f3fd737-d9c2-40a1-bf59-d3296f79a021,/photos/3f3fd737-d9c2-40a1-bf59-d3296f79a021/2.webp,2,2026-08-12T22:23:21+00:00
797dfa60-ba36-4604-808b-f300679939a4,3f3fd737-d9c2-40a1-bf59-d3296f79a021,/photos/3f3fd737-d9c2-40a1-bf59-d3296f79a021/3.webp,3,2026-08-12T22:23:21+00:00
8b8897a3-77f3-4f57-a9d0-28d66f4991b2,385c71e5-d031-4441-bac8-db2c110a5518,/photos/385c71e5-d031-4441-bac8-db2c110a5518/0.webp,0,2026-08-18T22:00:38+00:00
a7f7ba90-02fa-4749-bacf-ad30213c9910,385c71e5-d031-4441-bac8-db2c110a5518,/photos/385c71e5-d031-4441-bac8-db2c110a5518/1.webp,1,2026-08-18T22:00:38+00:00
5bbf8d3d-3346-4b4c-8e47-add4a37499dd,385c71e5-d031-4441-bac8-db2c110a5518,/photos/385c71e5-d031-4441-bac8-db2c110a5518/2.webp,2,2026-08-18T22:00:38+00:00
ec41f589-66a7-4f41-8012-3c6b4cd52fa9,ecbdb27e-a7a1-42d7-8970-e2c43e2e8368,/photos/ecbdb27e-a7a1-42d7-8970-e2c43e2e8368/0.webp,0,2026-09-01T15:23:29+00:00
e400eacc-395f-4bdb-a264-09737d6ca7c8,ecbdb27e-a7a1-42d7-8970-e2c43e2e8368,/photos/ecbdb27e-a7a1-42d7-8970-e2c43e2e8368/1.webp,1,2026-09-01T15:23:29+00:00
668dda63-a479-48e3-8118-752449f42514,ecbdb27e-a7a1-42d7-8970-e2c43e2e8368,/photos/ecbdb27e-a7a1-42d7-8970-e2c43e2e8368/2.webp,2,2026-09-01T15:23:29+00:00
66b8c39e-e328-41cd-b47c-ee6eebeb6f5d,ecbdb27e-a7a1-42d7-8970-e2c43e2e8368,/photos/ecbdb27e-a7a1-42d7-8970-e2c43e2e8368/3.webp,3,2026-09-01T15:23:29+00:00
bb2e4510-0919-4346-bb94-1a08aff21d43,5c20b8de-66e4-4cbf-85ac-5bb12cae2393,/photos/5c20b8de-66e4-4cbf-85ac-5bb12cae2393/0.webp,0,2026-08-19T04:30:34+00:00
a20579a6-ab2a-49a2-a3f8-1406e5273058,5c20b8de-66e4-4cbf-85ac-5bb12cae2393,/photos/5c20b8de-66e4-4cbf-85ac-5bb12cae2393/1.webp,1,2026-08-19T04:30:34+00:00
559acadb-81a7-4a8d-b0ac-ecb4702a1d2d,589d3011-fa2c-4d9d-bf05-1766527ad9f6,/photos/589d3011-fa2c-4d9d-bf05-1766527ad9f6/0.webp,0,2026-08-30T00:35:42+00:00
4e211e10-e8e0-49eb-b33f-1eb96a1b0ba3,589d3011-fa2c-4d9d-bf05-1766527ad9f6,/photos/589d3011-fa2c-4d9d-bf05-1766527ad9f6/1.webp,1,2026-08-30T00:35:42+00:00
719af78b-8f91-48f0-8310-8b8cdecfaef4,589d3011-fa2c-4d9d-bf05-1766527ad9f6,/photos/589d3011-fa2c-4d9d-bf05-1766527ad9f6/2.webp,2,2026-08-30T00:35:42+00:00
63cbd371-0196-48e2-a338-7666697c4c24,75cefd0a-78d9-4398-89fa-8211e7783121,/photos/75cefd0a-78d9-4398-89fa-8211e7783121/0.webp,0,2026-08-26T21:10:26+00:00
86dd950a-4417-4cb0-9160-ce91bd7e9c11,75cefd0a-78d9-4398-89fa-8211e7783121,/photos/75cefd0a-78d9-4398-89fa-8211e7783121/1.webp,1,2026-08-26T21:10:26+00:00
3d5f1c95-f8fa-4ca2-b337-6a92629036e4,75cefd0a-78d9-4398-89fa-8211e7783121,/photos/75cefd0a-78d9-4398-89fa-8211e7783121/2.webp,2,2026-08-26T21:10:26+00:00
9415ca9d-ef72-4dce-b2ac-635e2afde7d9,75cefd0a-78d9-4398-89fa-8211e7783121,/photos/75cefd0a-78d9-4398-89fa-8211e7783121/3.webp,3,2026-08-26T21:10:26+00:00
c8423c8b-94cd-40b1-82c4-401c79a95f47,5cbd8ea8-2b9d-4d7c-88eb-1ccf468fdb0f,/photos/5cbd8ea8-2b9d-4d7c-88eb-1ccf468fdb0f/0.webp,0,2026-08-31T20:12:47+00:00
8e843bdc-2cbb-4854-bc21-492fd3b57961,5cbd8ea8-2b9d-4d7c-88eb-1ccf468fdb0f,/photos/5cbd8ea8-2b9d-4d7c-88eb-1ccf468fdb0f/1.webp,1,2026-08-31T20:12:47+00:00
6e9187f1-e41f-42e8-8a54-f47648585292,5cbd8ea8-2b9d-4d7c-88eb-1ccf468fdb0f,/photos/5cbd8ea8-2b9d-4d7c-88eb-1ccf468fdb0f/2.webp,2,2026-08-31T20:12:47+00:00
f1a04787-7bb0-448b-a079-6c06844a2235,e7fdf802-4536-4d7a-b244-ea0732326626,/photos/e7fdf802-4536-4d7a-b244-ea0732326626/0.webp,0,2026-08-30T13:50:04+00:00
f9a011ed-f549-4f4b-a5f5-71c9ee8777f4,e7fdf802-4536-4d7a-b244-ea0732326626,/photos/e7fdf802-4536-4d7a-b244-ea0732326626/1.webp,1,2026-08-30T13:50:04+00:00
6490088c-4423-4962-aa99-bf32c48d6f4e,e7fdf802-4536-4d7a-b244-ea0732326626,/photos/e7fdf802-4536-4d7a-b244-ea0732326626/2.webp,2,2026-08-30T13:50:04+00:00
7341fe78-d0e7-4f54-847b-0dde84453b54,e7fdf802-4536-4d7a-b244-ea0732326626,/photos/e7fdf802-4536-4d7a-b244-ea0732326626/3.webp,3,2026-08-30T13:50:04+00:00
55e462b1-4c76-405d-9790-7c8575818ee9,ebde7d52-e3b3-4fea-925c-82be1a44f76d,/photos/ebde7d52-e3b3-4fea-925c-82be1a44f76d/0.webp,0,2026-08-27T12:58:28+00:00
b307efaf-d954-405a-9683-11428113119c,ebde7d52-e3b3-4fea-925c-82be1a44f76d,/photos/ebde7d52-e3b3-4fea-925c-82be1a44f76d/1.webp,1,2026-08-27T12:58:28+00:00
04e1e336-9867-45e0-8a3e-3f5a041166c3,ebde7d52-e3b3-4fea-925c-82be1a44f76d,/photos/ebde7d52-e3b3-4fea-925c-82be1a44f76d/2.webp,2,2026-08-27T12:58:28+00:00
f87caad1-b69a-4b00-bf05-5f8aeb1af9eb,ebde7d52-e3b3-4fea-925c-82be1a44f76d,/photos/ebde7d52-e3b3-4fea-925c-82be1a44f76d/3.webp,3,2026-08-27T12:58:28+00:00
dc571f8a-a697-41bf-a43c-4f11efffaa75,74a4949b-eb2d-4ca9-8eaa-73f0b2468cbd,/photos/74a4949b-eb2d-4ca9-8eaa-73f0b2468cbd/0.webp,0,2026-08-20T15:47:49+00:00
f1e4596c-6755-49e2-a248-6c1fd2a179a9,74a4949b-eb2d-4ca9-8eaa-73f0b2468cbd,/photos/74a4949b-eb2d-4ca9-8eaa-73f0b2468cbd/1.webp,1,2026-08-20T15:47:49+00:00
21c215fe-0344-4da5-912c-214c904aedf2,2f9cc3e5-f65b-4b5e-95e3-ce7a71b31075,/photos/2f9cc3e5-f65b-4b5e-95e3-ce7a71b31075/0.webp,0,2026-08-27T12:18:58+00:00
78a56f9d-2236-4d01-8142-336e2e2eee19,2f9cc3e5-f65b-4b5e-95e3-ce7a71b31075,/photos/2f9cc3e5-f65b-4b5e-95e3-ce7a71b31075/1.webp,1,2026-08-27T12:18:58+00:00
5cd11888-e859-4d59-b515-0b7cf3a5bd54,c149ed63-25d1-476b-a65c-f907f915483d,/photos/c149ed63-25d1-476b-a65c-f907f915483d/0.webp,0,2026-08-26T04:11:56+00:00
cf5c62d7-06a9-4f3f-902f-7672fb0eaf0d,b5911d66-9c7b-4833-9958-c5869afb7122,/photos/b5911d66-9c7b-4833-9958-c5869afb7122/0.webp,0,2026-08-31T04:30:31+00:00
a39529e7-3e54-48ba-ac9f-99913dbc52d0,b5911d66-9c7b-4833-9958-c5869afb7122,/photos/b5911d66-9c7b-4833-9958-c5869afb7122/1.webp,1,2026-08-31T04:30:31+00:00
1ec1d522-b2b5-485f-b8aa-2a2e94ebcf35,b5911d66-9c7b-4833-9958-c5869afb7122,/photos/b5911d66-9c7b-4833-9958-c5869afb7122/2.webp,2,2026-08-31T04:30:31+00:00
40603f9a-d36f-4141-8fb7-eacfe7c3b90b,b5911d66-9c7b-4833-9958-c5869afb7122,/photos/b5911d66-9c7b-4833-9958-c5869afb7122/3.webp,3,2026-08-31T04:30:31+00:00
ee796553-0fbb-4161-a4f1-0844acf31bb8,efa1c04e-c8f4-40bc-a631-187c2866aaad,/photos/efa1c04e-c8f4-40bc-a631-187c2866aaad/0.webp,0,2026-08-17T18:09:11+00:00
8cc7226a-4aaa-4834-84cc-0a4c06119dc9,efa1c04e-c8f4-40bc-a631-187c2866aaad,/photos/efa1c04e-c8f4-40bc-a631-187c2866aaad/1.webp,1,2026-08-17T18:09:11+00:00
e5864ee2-a5e5-41eb-86c9-723832ca4765,efa1c04e-c8f4-40bc-a631-187c2866aaad,/photos/efa1c04e-c8f4-40bc-a631-187c2866aaad/2.webp,2,2026-08-17T18:09:11+00:00
dec8b727-fff3-4b94-9846-1a515b4db8ca,00b0ac95-48d8-46e6-94da-8afb193ef822,/photos/00b0ac95-48d8-46e6-94da-8afb193ef822/0.webp,0,2026-08-21T16:15:04+00:00
19ae730f-200b-4eb8-9197-585bacffa20c,3b3d88c2-fe47-41ef-9ab6-a42629cdec74,/photos/3b3d88c2-fe47-41ef-9ab6-a42629cdec74/0.webp,0,2026-08-29T11:16:13+00:00
2c6fc188-a162-48f9-b5e3-68e1de79c06d,3b3d88c2-fe47-41ef-9ab6-a42629cdec74,/photos/3b3d88c2-fe47-41ef-9ab6-a42629cdec74/1.webp,1,2026-08-29T11:16:13+00:00
e664748d-f17e-4c08-b6e3-eb9218664e09,3b3d88c2-fe47-41ef-9ab6-a42629cdec74,/photos/3b3d88c2-fe47-41ef-9ab6-a42629cdec74/2.webp,2,2026-08-29T11:16:13+00:00
b192ef14-8797-4b5c-abd6-d3e15f01d03d,3b3d88c2-fe47-41ef-9ab6-a42629cdec74,/photos/3b3d88c2-fe47-41ef-9ab6-a42629cdec74/3.webp,3,2026-08-29T11:16:13+00:00
adebc153-d83d-4aa2-9c46-ba8313e64392,ef350aca-f92c-414f-a738-a5cc02c2a79e,/photos/ef350aca-f92c-414f-a738-a5cc02c2a79e/0.webp,0,2026-08-25T00:52:03+00:00
8db8fa86-ce50-4497-8af3-7df9a6b1de81,5af3b4d7-8eda-46c2-ba32-d081cca3ff07,/photos/5af3b4d7-8eda-46c2-ba32-d081cca3ff07/0.webp,0,2026-09-01T08:09:17+00:00
4af998de-1f79-4e0b-8505-2956485546d0,5af3b4d7-8eda-46c2-ba32-d081cca3ff07,/photos/5af3b4d7-8eda-46c2-ba32-d081cca3ff07/1.webp,1,2026-09-01T08:09:17+00:00
c1dbf1d4-e87a-4b55-a71d-12373a03edf0,aea912ac-ab43-43ca-9dd7-dbdfb7d304d3,/photos/aea912ac-ab43-43ca-9dd7-dbdfb7d304d3/0.webp,0,2026-08-29T09:11:22+00:00
42d81166-db7f-4176-ae6f-d14db6fac441,aea912ac-ab43-43ca-9dd7-dbdfb7d304d3,/photos/aea912ac-ab43-43ca-9dd7-dbdfb7d304d3/1.webp,1,2026-08-29T09:11:22+00:00
9321cd62-ff32-4394-9ffb-500b7d5d66ab,7e1f4e97-3c6c-4e2b-b5cb-2d39545cabd3,/photos/7e1f4e97-3c6c-4e2b-b5cb-2d39545cabd3/0.webp,0,2026-09-02T03:11:19+00:00
83e2eafe-7e5f-4da4-a9a4-5b8c9a1786d2,7e1f4e97-3c6c-4e2b-b5cb-2d39545cabd3,/photos/7e1f4e97-3c6c-4e2b-b5cb-2d39545cabd3/1.webp,1,2026-09-02T03:11:19+00:00
547b4d20-e705-4d7a-8536-d3b9cd935d8f,7e1f4e97-3c6c-4e2b-b5cb-2d39545cabd3,/photos/7e1f4e97-3c6c-4e2b-b5cb-2d39545cabd3/2.webp,2,2026-09-02T03:11:19+00:00
9d2ec8fc-40ff-4f8e-88a3-83e71611ae5b,7e1f4e97-3c6c-4e2b-b5cb-2d39545cabd3,/photos/7e1f4e97-3c6c-4e2b-b5cb-2d39545cabd3/3.webp,3,2026-09-02T03:11:19+00:00
29a8a097-8d39-4e76-be67-546cf2ef288c,a4395fa6-99b8-45dd-aa48-2bb8e331120e,/photos/a4395fa6-99b8-45dd-aa48-2bb8e331120e/0.webp,0,2026-08-25T10:10:36+00:00
4f67fc0a-00ef-4e4f-8572-c012672ee03c,a4395fa6-99b8-45dd-aa48-2bb8e331120e,/photos/a4395fa6-99b8-45dd-aa48-2bb8e331120e/1.webp,1,2026-08-25T10:10:36+00:00
9ceca379-bb0d-426d-b14a-e9d0026684c6,a4395fa6-99b8-45dd-aa48-2bb8e331120e,/photos/a4395fa6-99b8-45dd-aa48-2bb8e331120e/2.webp,2,2026-08-25T10:10:36+00:00
0304b453-ef35-4388-93d5-f58f6f216d9b,4481facc-437b-41cb-babe-c9fbe5d7ec58,/photos/4481facc-437b-41cb-babe-c9fbe5d7ec58/0.webp,0,2026-08-16T08:36:13+00:00
5dd41307-9668-4557-a231-49719c7e96d2,4481facc-437b-41cb-babe-c9fbe5d7ec58,/photos/4481facc-437b-41cb-babe-c9fbe5d7ec58/1.webp,1,2026-08-16T08:36:13+00:00
d04cf0e6-b096-40d0-b2f3-b381443ee48c,4481facc-437b-41cb-babe-c9fbe5d7ec58,/photos/4481facc-437b-41cb-babe-c9fbe5d7ec58/2.webp,2,2026-08-16T08:36:13+00:00
748d87f5-78ea-4616-8419-d916643c02c2,4481facc-437b-41cb-babe-c9fbe5d7ec58,/photos/4481facc-437b-41cb-babe-c9fbe5d7ec58/3.webp,3,2026-08-16T08:36:13+00:00
aa92cc4a-48a3-464f-9f18-b3e82af7f0e7,9279c9c7-c408-4262-9511-f88e580fa880,/photos/9279c9c7-c408-4262-9511-f88e580fa880/0.webp,0,2026-08-30T14:43:05+00:00
c9bb43b9-8812-48eb-8ad8-7a7c53d3b591,9279c9c7-c408-4262-9511-f88e580fa880,/photos/9279c9c7-c408-4262-9511-f88e580fa880/1.webp,1,2026-08-30T14:43:05+00:00
cb34cbe9-deab-42e9-84c5-904fe329dfec,9279c9c7-c408-4262-9511-f88e580fa880,/photos/9279c9c7-c408-4262-9511-f88e580fa880/2.webp,2,2026-08-30T14:43:05+00:00
e842fc9d-2ea5-46c8-a236-14762cf254d5,9279c9c7-c408-4262-9511-f88e580fa880,/photos/9279c9c7-c408-4262-9511-f88e580fa880/3.webp,3,2026-08-30T14:43:05+00:00
c7f3e1bd-408a-47ff-9ae9-0032be7455ba,71c2746c-6305-4064-8206-d485ac8a789c,/photos/71c2746c-6305-4064-8206-d485ac8a789c/0.webp,0,2026-08-25T14:07:39+00:00
7b2b67ad-b3fa-47c7-828b-d8b8e67ea08d,71c2746c-6305-4064-8206-d485ac8a789c,/photos/71c2746c-6305-4064-8206-d485ac8a789c/1.webp,1,2026-08-25T14:07:39+00:00
68d2a364-8b62-45fe-be4b-8ddb7e66450a,71c2746c-6305-4064-8206-d485ac8a789c,/photos/71c2746c-6305-4064-8206-d485ac8a789c/2.webp,2,2026-08-25T14:07:39+00:00
6430c977-4d0a-4111-8765-7766b2b0f38f,e1b27c7e-06eb-4062-b60b-203bd8931b35,/photos/e1b27c7e-06eb-4062-b60b-203bd8931b35/0.webp,0,2026-08-31T23:23:44+00:00
f0df6fff-73ff-4642-ac6b-74b5a38a9c81,e1b27c7e-06eb-4062-b60b-203bd8931b35,/photos/e1b27c7e-06eb-4062-b60b-203bd8931b35/1.webp,1,2026-08-31T23:23:44+00:00
2196dcf3-0eca-42ed-80fc-d8e99bf293bd,18a7cdda-09cc-4384-9d32-c6ac17c4973e,/photos/18a7cdda-09cc-4384-9d32-c6ac17c4973e/0.webp,0,2026-08-17T10:59:21+00:00
5f1a8aed-a8ab-4ace-a998-2ec5de1bbad9,70053080-b076-45f9-8f35-efb51c326f78,/photos/70053080-b076-45f9-8f35-efb51c326f78/0.webp,0,2026-08-29T14:43:48+00:00
4e08bc33-4b44-4429-bc0e-eb95a2e6262d,70053080-b076-45f9-8f35-efb51c326f78,/photos/70053080-b076-45f9-8f35-efb51c326f78/1.webp,1,2026-08-29T14:43:48+00:00
101e858f-9036-49c1-9c23-a51327eda9e6,70053080-b076-45f9-8f35-efb51c326f78,/photos/70053080-b076-45f9-8f35-efb51c326f78/2.webp,2,2026-08-29T14:43:48+00:00
3c7f1bbe-5b26-40d2-b22b-34e18cf77c50,206e2ccf-1a55-4d0f-8676-0308625fc792,/photos/206e2ccf-1a55-4d0f-8676-0308625fc792/0.webp,0,2026-08-25T13:19:39+00:00
33598bd6-7c5f-4c28-9854-3a4e72362726,206e2ccf-1a55-4d0f-8676-0308625fc792,/photos/206e2ccf-1a55-4d0f-8676-0308625fc792/1.webp,1,2026-08-25T13:19:39+00:00
13c2c41f-f401-4fbd-8f7e-73f1aaab9735,206e2ccf-1a55-4d0f-8676-0308625fc792,/photos/206e2ccf-1a55-4d0f-8676-0308625fc792/2.webp,2,2026-08-25T13:19:39+00:00
3e5c0c13-6a25-4067-b16b-9f7c324cde7f,206e2ccf-1a55-4d0f-8676-0308625fc792,/photos/206e2ccf-1a55-4d0f-8676-0308625fc792/3.webp,3,2026-08-25T13:19:39+00:00
aec6376e-45b5-4c1c-ba85-5175270331b1,5cb4c3ac-321a-420a-b561-c2d26e880bb1,/photos/5cb4c3ac-321a-420a-b561-c2d26e880bb1/0.webp,0,2026-08-30T14:31:16+00:00
53f77118-ca5a-457e-96a7-1cdfba1725a5,3bab00fa-8598-40d1-9b93-13382c7d1b19,/photos/3bab00fa-8598-40d1-9b93-13382c7d1b19/0.webp,0,2026-08-31T15:39:47+00:00
33c25e74-713c-4f8a-b8b7-a191e2b9376f,7e26b2e2-de8a-40f4-9242-839f956517c2,/photos/7e26b2e2-de8a-40f4-9242-839f956517c2/0.webp,0,2026-07-29T13:26:13+00:00
0efe78af-920f-43b6-ba61-3c2059d5be64,d1e58459-d585-4c10-a7b5-dfc3520872d0,/photos/d1e58459-d585-4c10-a7b5-dfc3520872d0/0.webp,0,2026-08-23T08:48:09+00:00
a018bb9b-b731-43bd-b402-f76745ca733d,d1e58459-d585-4c10-a7b5-dfc3520872d0,/photos/d1e58459-d585-4c10-a7b5-dfc3520872d0/1.webp,1,2026-08-23T08:48:09+00:00
c4bfd279-f3b9-49e0-b05a-1f088a203cae,d1e58459-d585-4c10-a7b5-dfc3520872d0,/photos/d1e58459-d585-4c10-a7b5-dfc3520872d0/2.webp,2,2026-08-23T08:48:09+00:00
bc41dfec-aa60-462f-83f7-4ecfb8db40ae,d1e58459-d585-4c10-a7b5-dfc3520872d0,/photos/d1e58459-d585-4c10-a7b5-dfc3520872d0/3.webp,3,2026-08-23T08:48:09+00:00
7c2f9fd5-2e10-41fb-b0ac-46b398b6c1e1,e04760f6-7e85-4b36-9abf-59d709abf799,/photos/e04760f6-7e85-4b36-9abf-59d709abf799/0.webp,0,2026-09-01T13:51:33+00:00
f2cd3c00-e3ec-4772-a068-2451981d096b,e04760f6-7e85-4b36-9abf-59d709abf799,/photos/e04760f6-7e85-4b36-9abf-59d709abf799/1.webp,1,2026-09-01T13:51:33+00:00
159975da-6431-4fa2-9b54-90f38f9ef036,e04760f6-7e85-4b36-9abf-59d709abf799,/photos/e04760f6-7e85-4b36-9abf-59d709abf799/2.webp,2,2026-09-01T13:51:33+00:00
2c11eca8-a80a-47db-a51e-626b6b4f85ac,e04760f6-7e85-4b36-9abf-59d709abf799,/photos/e04760f6-7e85-4b36-9abf-59d709abf799/3.webp,3,2026-09-01T13:51:33+00:00
e52a8dc3-cc5a-4e72-97d6-f89d398fef95,5cad2a18-525a-4d22-b132-b56b02929b05,/photos/5cad2a18-525a-4d22-b132-b56b02929b05/0.webp,0,2026-08-31T19:59:02+00:00
c10fec83-0f43-4ce2-ad54-7fbc9ef3e281,5cad2a18-525a-4d22-b132-b56b02929b05,/photos/5cad2a18-525a-4d22-b132-b56b02929b05/1.webp,1,2026-08-31T19:59:02+00:00
48b37634-c2a3-4913-aa9e-c803b1afe65f,5cad2a18-525a-4d22-b132-b56b02929b05,/photos/5cad2a18-525a-4d22-b132-b56b02929b05/2.webp,2,2026-08-31T19:59:02+00:00
b49403df-1183-4b7d-b032-9c7a0a2581ff,3a9c9cb0-9131-4aee-a264-7eb2b019df8b,/photos/3a9c9cb0-9131-4aee-a264-7eb2b019df8b/0.webp,0,2026-08-14T08:29:26+00:00
edcb441e-a8c5-443e-9d38-5e32b453d909,3a9c9cb0-9131-4aee-a264-7eb2b019df8b,/photos/3a9c9cb0-9131-4aee-a264-7eb2b019df8b/1.webp,1,2026-08-14T08:29:26+00:00
792f4ffc-2733-4038-94ea-b6af94aa91a4,3a9c9cb0-9131-4aee-a264-7eb2b019df8b,/photos/3a9c9cb0-9131-4aee-a264-7eb2b019df8b/2.webp,2,2026-08-14T08:29:26+00:00
08748585-be73-4ac3-a2f0-b88f2352d0b6,3a9c9cb0-9131-4aee-a264-7eb2b019df8b,/photos/3a9c9cb0-9131-4aee-a264-7eb2b019df8b/3.webp,3,2026-08-14T08:29:26+00:00
dd220aae-a3b3-4ee7-94e3-0263b82896dd,d39ccb6d-2e10-4d94-b5f6-23d5d8e5f222,/photos/d39ccb6d-2e10-4d94-b5f6-23d5d8e5f222/0.webp,0,2026-09-01T17:30:17+00:00
7021e20d-5afd-46e6-ac2d-ff63578b9548,d39ccb6d-2e10-4d94-b5f6-23d5d8e5f222,/photos/d39ccb6d-2e10-4d94-b5f6-23d5d8e5f222/1.webp,1,2026-09-01T17:30:17+00:00
8c10c86b-27a2-4655-ad48-5a7b09954837,d39ccb6d-2e10-4d94-b5f6-23d5d8e5f222,/photos/d39ccb6d-2e10-4d94-b5f6-23d5d8e5f222/2.webp,2,2026-09-01T17:30:17+00:00
cb62d6dc-5482-4758-b5fc-45b4b153d833,d39ccb6d-2e10-4d94-b5f6-23d5d8e5f222,/photos/d39ccb6d-2e10-4d94-b5f6-23d5d8e5f222/3.webp,3,2026-09-01T17:30:17+00:00
4f33a649-c254-4471-b722-68cdef4d7a11,9dadb395-34df-46de-a0cd-65cd058ac1f2,/photos/9dadb395-34df-46de-a0cd-65cd058ac1f2/0.webp,0,2026-08-30T13:14:18+00:00
313d6d4e-8e84-4cf2-99b3-1220bd9d0737,9dadb395-34df-46de-a0cd-65cd058ac1f2,/photos/9dadb395-34df-46de-a0cd-65cd058ac1f2/1.webp,1,2026-08-30T13:14:18+00:00
eed574f8-b4db-44f7-ae52-ef4a676e5c52,9dadb395-34df-46de-a0cd-65cd058ac1f2,/photos/9dadb395-34df-46de-a0cd-65cd058ac1f2/2.webp,2,2026-08-30T13:14:18+00:00
0a78563e-f8df-4564-97c3-459ff75e496d,9dadb395-34df-46de-a0cd-65cd058ac1f2,/photos/9dadb395-34df-46de-a0cd-65cd058ac1f2/3.webp,3,2026-08-30T13:14:18+00:00
47b0b924-c755-42dc-939e-e9aed3924a57,cb050302-5e40-4b9f-af07-18e8858a48ba,/photos/cb050302-5e40-4b9f-af07-18e8858a48ba/0.webp,0,2026-08-28T20:59:42+00:00
a3caa7d5-94be-469f-aee5-9ae324a5e5f5,36dabac1-a34a-45ae-94dc-ec62e41a9039,/photos/36dabac1-a34a-45ae-94dc-ec62e41a9039/0.webp,0,2026-09-01T23:30:55+00:00
34de275e-a304-4e36-abd3-12108d71f9f3,36dabac1-a34a-45ae-94dc-ec62e41a9039,/photos/36dabac1-a34a-45ae-94dc-ec62e41a9039/1.webp,1,2026-09-01T23:30:55+00:00
86adc503-056a-4f9e-9ac0-ca5040bfbdf9,30653cec-e6ca-4b5d-84e5-378b70a97f65,/photos/30653cec-e6ca-4b5d-84e5-378b70a97f65/0.webp,0,2026-08-27T11:21:20+00:00
f2d5f912-03dc-47cb-baff-21f5cb5dc4db,30653cec-e6ca-4b5d-84e5-378b70a97f65,/photos/30653cec-e6ca-4b5d-84e5-378b70a97f65/1.webp,1,2026-08-27T11:21:20+00:00
de9d3d89-cd50-420b-b909-bcecbcd72014,30653cec-e6ca-4b5d-84e5-378b70a97f65,/photos/30653cec-e6ca-4b5d-84e5-378b70a97f65/2.webp,2,2026-08-27T11:21:20+00:00
d7fdd2ef-a01e-4d5c-953d-7f3bf6f198e1,30653cec-e6ca-4b5d-84e5-378b70a97f65,/photos/30653cec-e6ca-4b5d-84e5-378b70a97f65/3.webp,3,2026-08-27T11:21:20+00:00
6143043c-aedd-425f-991b-5354ab39620d,1ad0667c-bccf-4856-a1c8-a35e70af9972,/photos/1ad0667c-bccf-4856-a1c8-a35e70af9972/0.webp,0,2026-08-03T15:29:15+00:00
c0a92160-b617-412c-8672-4e2bfa0e4066,1ad0667c-bccf-4856-a1c8-a35e70af9972,/photos/1ad0667c-bccf-4856-a1c8-a35e70af9972/1.webp,1,2026-08-03T15:29:15+00:00
24e81431-ba43-4ab6-8f73-b22e7b860a79,5618bd34-9400-42fa-ac86-042da11ec770,/photos/5618bd34-9400-42fa-ac86-042da11ec770/0.webp,0,2026-08-30T13:29:21+00:00
48dbdd89-b38e-4de0-a669-8046062d5922,5618bd34-9400-42fa-ac86-042da11ec770,/photos/5618bd34-9400-42fa-ac86-042da11ec770/1.webp,1,2026-08-30T13:29:21+00:00
6c6b3d0d-c08f-4d00-b93f-e4a7123f54fd,eb01d994-09ad-4867-8d34-6cacdae70e48,/photos/eb01d994-09ad-4867-8d34-6cacdae70e48/0.webp,0,2026-08-24T18:03:03+00:00
d54058e9-c388-49fd-91bc-786b8cd694e0,687618a3-714c-4f4f-bd20-7b1c376d7a90,/photos/687618a3-714c-4f4f-bd20-7b1c376d7a90/0.webp,0,2026-08-09T18:00:08+00:00
ceb74e02-f5c9-49bb-a7cb-b00bd5c9dee8,687618a3-714c-4f4f-bd20-7b1c376d7a90,/photos/687618a3-714c-4f4f-bd20-7b1c376d7a90/1.webp,1,2026-08-09T18:00:08+00:00
02653cf7-18f8-4c0d-bdad-7558898e0f3c,687618a3-714c-4f4f-bd20-7b1c376d7a90,/photos/687618a3-714c-4f4f-bd20-7b1c376d7a90/2.webp,2,2026-08-09T18:00:08+00:00
01061df9-dc69-48e1-8879-04342e633570,687618a3-714c-4f4f-bd20-7b1c376d7a90,/photos/687618a3-714c-4f4f-bd20-7b1c376d7a90/3.webp,3,2026-08-09T18:00:08+00:00
26bb32cd-b893-42d6-a726-5416baa0fed9,bfe1ac04-0d07-48f1-bd9a-3c96c2fdd743,/photos/bfe1ac04-0d07-48f1-bd9a-3c96c2fdd743/0.webp,0,2026-08-30T23:03:53+00:00
5b92f3dc-0eb4-4cb3-b6e8-55c114951083,bfe1ac04-0d07-48f1-bd9a-3c96c2fdd743,/photos/bfe1ac04-0d07-48f1-bd9a-3c96c2fdd743/1.webp,1,2026-08-30T23:03:53+00:00
47cc2b7a-909f-4774-9be2-32045f94dacc,36afe755-b32a-4fdc-abf3-83bd93df0627,/photos/36afe755-b32a-4fdc-abf3-83bd93df0627/0.webp,0,2026-08-27T06:22:47+00:00
38fe8f09-761c-4ace-89f8-afdc99b5c82c,36afe755-b32a-4fdc-abf3-83bd93df0627,/photos/36afe755-b32a-4fdc-abf3-83bd93df0627/1.webp,1,2026-08-27T06:22:47+00:00
9a415eaa-d868-493a-92c0-4c7114d03582,71a0699f-669a-434e-ac77-c3b9da9705ca,/photos/71a0699f-669a-434e-ac77-c3b9da9705ca/0.webp,0,2026-08-19T17:01:03+00:00
9106ed9f-1a6f-4e60-840c-4e54018b4e47,71a0699f-669a-434e-ac77-c3b9da9705ca,/photos/71a0699f-669a-434e-ac77-c3b9da9705ca/1.webp,1,2026-08-19T17:01:03+00:00
c86c28ea-a4ee-4a54-8a53-e3042f9ce373,71a0699f-669a-434e-ac77-c3b9da9705ca,/photos/71a0699f-669a-434e-ac77-c3b9da9705ca/2.webp,2,2026-08-19T17:01:03+00:00
2f78319c-61b5-4c38-a73f-9c6a8eb7be28,71a0699f-669a-434e-ac77-c3b9da9705ca,/photos/71a0699f-669a-434e-ac77-c3b9da9705ca/3.webp,3,2026-08-19T17:01:03+00:00
598e66b4-5ead-4300-897f-e5b8e7700861,34b4dc0c-80a6-401a-ac23-110ecc3b3fe7,/photos/34b4dc0c-80a6-401a-ac23-110ecc3b3fe7/0.webp,0,2026-08-31T01:44:51+00:00
c7b9aaa9-b622-4b6d-accb-aac890e077ad,34b4dc0c-80a6-401a-ac23-110ecc3b3fe7,/photos/34b4dc0c-80a6-401a-ac23-110ecc3b3fe7/1.webp,1,2026-08-31T01:44:51+00:00
3f93345b-42b4-4af1-ac03-7c597fd9ef7f,34b4dc0c-80a6-401a-ac23-110ecc3b3fe7,/photos/34b4dc0c-80a6-401a-ac23-110ecc3b3fe7/2.webp,2,2026-08-31T01:44:51+00:00
38869079-2c88-46c6-8bfd-ea9ee9be1b13,34b4dc0c-80a6-401a-ac23-110ecc3b3fe7,/photos/34b4dc0c-80a6-401a-ac23-110ecc3b3fe7/3.webp,3,2026-08-31T01:44:51+00:00
06c1d02d-86a0-4652-b9c9-f324bd000e55,51a0dc9b-5f52-4f4f-b197-b6f81c97dd2c,/photos/51a0dc9b-5f52-4f4f-b197-b6f81c97dd2c/0.webp,0,2026-08-25T04:20:04+00:00
194195a5-b441-4b80-ab55-37bcd9c8c510,51a0dc9b-5f52-4f4f-b197-b6f81c97dd2c,/photos/51a0dc9b-5f52-4f4f-b197-b6f81c97dd2c/1.webp,1,2026-08-25T04:20:04+00:00
e52a9953-b91d-4cdd-a133-7bc29a4b2c7d,3b5fb111-6234-471f-9520-fc7b42c6d425,/photos/3b5fb111-6234-471f-9520-fc7b42c6d425/0.webp,0,2026-08-25T22:11:14+00:00
0e5daed9-4a84-44d8-963a-5614813a7fd4,3b5fb111-6234-471f-9520-fc7b42c6d425,/photos/3b5fb111-6234-471f-9520-fc7b42c6d425/1.webp,1,2026-08-25T22:11:14+00:00
6a8b802e-0928-49ee-907f-c95cca69fad9,3b5fb111-6234-471f-9520-fc7b42c6d425,/photos/3b5fb111-6234-471f-9520-fc7b42c6d425/2.webp,2,2026-08-25T22:11:14+00:00
ee5fa158-840c-4b37-837f-181a5ba99a70,3b5fb111-6234-471f-9520-fc7b42c6d425,/photos/3b5fb111-6234-471f-9520-fc7b42c6d425/3.webp,3,2026-08-25T22:11:14+00:00
84ff50b0-3c9e-4c2b-b113-a8b9bb329902,34ecda05-c775-4ea9-aebf-e5ea4ad9cc81,/photos/34ecda05-c775-4ea9-aebf-e5ea4ad9cc81/0.webp,0,2026-08-31T14:31:54+00:00
b8f77eb6-b8c0-423b-89c8-ea5fe89172bf,50a8c213-2309-4453-96e2-ca28e0fbaaf2,/photos/50a8c213-2309-4453-96e2-ca28e0fbaaf2/0.webp,0,2026-09-01T23:14:48+00:00
f223a365-d144-4a7a-a7af-5183621d5c79,50a8c213-2309-4453-96e2-ca28e0fbaaf2,/photos/50a8c213-2309-4453-96e2-ca28e0fbaaf2/1.webp,1,2026-09-01T23:14:48+00:00
b4f2d9a2-fd85-4c1a-834d-4ccbf0e0a05e,50a8c213-2309-4453-96e2-ca28e0fbaaf2,/photos/50a8c213-2309-4453-96e2-ca28e0fbaaf2/2.webp,2,2026-09-01T23:14:48+00:00
1c795ee2-0978-4526-920b-afcaf6b68719,50a8c213-2309-4453-96e2-ca28e0fbaaf2,/photos/50a8c213-2309-4453-96e2-ca28e0fbaaf2/3.webp,3,2026-09-01T23:14:48+00:00
8992d290-b908-481d-823d-36172d23fb2f,9757ca89-431e-4cf6-a16c-bad72d7b916a,/photos/9757ca89-431e-4cf6-a16c-bad72d7b916a/0.webp,0,2026-08-21T10:44:08+00:00
ad53b178-4700-4394-b8eb-4214ba949df9,a034f0d7-58a0-4625-ba1a-795af5867eff,/photos/a034f0d7-58a0-4625-ba1a-795af5867eff/0.webp,0,2026-08-26T21:37:23+00:00
7fafbc57-db1d-41b6-a286-5acb99ce7b94,a034f0d7-58a0-4625-ba1a-795af5867eff,/photos/a034f0d7-58a0-4625-ba1a-795af5867eff/1.webp,1,2026-08-26T21:37:23+00:00
d2146c86-3c70-4e15-b581-ff2840489ab1,a034f0d7-58a0-4625-ba1a-795af5867eff,/photos/a034f0d7-58a0-4625-ba1a-795af5867eff/2.webp,2,2026-08-26T21:37:23+00:00
926a2259-1c31-4d90-9085-593fd447280f,bcf191f3-0904-4598-9e9f-a4771081809b,/photos/bcf191f3-0904-4598-9e9f-a4771081809b/0.webp,0,2026-07-26T02:16:10+00:00
ba7cf12b-4d46-4666-a7ef-87355cf82ac5,bcf191f3-0904-4598-9e9f-a4771081809b,/photos/bcf191f3-0904-4598-9e9f-a4771081809b/1.webp,1,2026-07-26T02:16:10+00:00
dc61819a-4ac9-434f-b010-f0c522a09fe0,bcf191f3-0904-4598-9e9f-a4771081809b,/photos/bcf191f3-0904-4598-9e9f-a4771081809b/2.webp,2,2026-07-26T02:16:10+00:00
dce934af-8ffc-4a45-9276-77ff5b63064a,0d03b19e-9d47-4fce-846e-e4210fbab763,/photos/0d03b19e-9d47-4fce-846e-e4210fbab763/0.webp,0,2026-08-26T06:52:06+00:00
52bc61d0-02ee-4fb6-8bc6-984af03a8acc,0d03b19e-9d47-4fce-846e-e4210fbab763,/photos/0d03b19e-9d47-4fce-846e-e4210fbab763/1.webp,1,2026-08-26T06:52:06+00:00
9c50a66c-a09b-4bcc-961b-163d1ea65d67,0ad291e9-0907-4dca-95b4-4ded62904c6a,/photos/0ad291e9-0907-4dca-95b4-4ded62904c6a/0.webp,0,2026-08-28T18:23:14+00:00
0789bd4c-e4e7-4244-9243-360bc7da8d30,0ad291e9-0907-4dca-95b4-4ded62904c6a,/photos/0ad291e9-0907-4dca-95b4-4ded62904c6a/1.webp,1,2026-08-28T18:23:14+00:00
43677bd2-4893-4aa1-abb6-1dcc447ecd40,0ad291e9-0907-4dca-95b4-4ded62904c6a,/photos/0ad291e9-0907-4dca-95b4-4ded62904c6a/2.webp,2,2026-08-28T18:23:14+00:00
06874e3f-4f3a-4400-8d41-e490f49eeab4,0ad291e9-0907-4dca-95b4-4ded62904c6a,/photos/0ad291e9-0907-4dca-95b4-4ded62904c6a/3.webp,3,2026-08-28T18:23:14+00:00
de1add17-40a5-4a7a-9944-b195d4f32238,9ee076c8-9170-4da0-bc76-30f9c82f2175,/photos/9ee076c8-9170-4da0-bc76-30f9c82f2175/0.webp,0,2026-07-28T20:46:00+00:00
71bfa607-3022-498c-b38a-8788a4bf47a3,9ee076c8-9170-4da0-bc76-30f9c82f2175,/photos/9ee076c8-9170-4da0-bc76-30f9c82f2175/1.webp,1,2026-07-28T20:46:00+00:00
5548c6a9-x6,f56a704c-5705-4e1e-92e5-20be0e61d82b,photos/f56a704c-5705-4e1e-92e5-20be0e61d82b/6.webp,6,2024-08-25T07:57:18+00:00
5548c6a9-x7,f56a704c-5705-4e1e-92e5-20be0e61d82b,photos/f56a704c-5705-4e1e-92e5-20be0e61d82b/7.webp,7,2024-08-25T07:57:18+00:00
5548c6a9-x8,f56a704c-5705-4e1e-92e5-20be0e61d82b,photos/f56a704c-5705-4e1e-92e5-20be0e61d82b/8.webp,8,2024-08-25T07:57:18+00:00
5548c6a9-x9,f56a704c-5705-4e1e-92e5-20be0e61d82b,photos/f56a704c-5705-4e1e-92e5-20be0e61d82b/9.webp,9,2024-08-25T07:57:18+00:00
