id,seller_id,source,title,description,category,subcategory,condition,price_cents,is_free,is_negotiable,zip_code,status,view_count,save_count,enquiry_count,external_url,posted_at,sold_at
b564f436-e0fd-4300-9d37-30724426780b,10e5f889-8510-460a-b274-ff42a4b2a3e9,internal,"IKEA MALM desk 140×65 in white, barely used, moving out May","Selling my IKEA MALM desk (140 × 65 cm, white). Bought new in August 2024 when I moved into Morningside Heights, used it for two semesters of CBS coursework. Solid, no wobble — one small scuff on the back left leg that you cannot see once it is against a wall. Selling my IKEA MALM desk (140 × 65 cm, white). Bought new in August 2024 when I moved into Morningside Heights, used it for two semesters of CBS coursework. Solid, no wobble — one small scuff on the back left leg that you cannot see once it is against a wall. Selling my IKEA MALM desk (140 × 65 cm, white). Bought new in August 2024 when I moved into Morningside Heights, used it for two semesters of CBS coursework. Solid, no wobble — one small scuff on the back left leg that you cannot see once it is against a wall. Selling my IKEA MALM desk (140 × 65 cm, white). Bought new in August 2024 when I moved into Morningside Heights, used it for two semesters of CBS coursework. Solid, no wobble — one small scuff on the back left leg tha",furniture,storage_shelving,used_good,5500,false,false,10027,active,97,7,1,,2024-08-25T11:57:44+00:00,
17ee3fe6-c8c9-42a6-8ee7-84359603c10b,ba4e0520-1425-44b4-ba42-764ccd9799f7,internal,12-piece dinnerware set,"Everything works. A couple of light marks from moving, nothing structural. I am graduating in May and everything has to go before I move out. Cash or Venmo. I can meet near the Columbia gates any afternoon. Can send more photos of any detail you want to see.",kitchen_home,,used_good,3500,false,false,10027,active,24,1,0,,2024-08-25T12:26:02+00:00,
bf26647a-3c7d-49be-8cca-bb61fbbd782c,4cf59a7d-3daf-44fe-8e86-aa4389b82fc0,internal,Managerial Economics international ed. + solutions manual,"Genuinely like new. No marks, everything works exactly as it should. I am graduating in May and everything has to go before I move out. Happy to hold it for a day if you need to arrange a car.",textbooks,,like_new,8000,false,true,10280,active,150,14,2,,2024-08-25T19:08:06+00:00,
2c3321a2-816c-4602-90c5-e547227b0eda,3b30a6e4-3c57-4bbd-9b03-022e7facb880,internal,Logitech mouse + desk mat,"Good condition overall — some honest wear, but nothing that affects using it. Finished the course, so I no longer need it. Pickup only, 3rd floor with an elevator — I can help carry it down to the street.",electronics,,used_good,6500,false,false,10027,sold,10,1,0,,2024-08-27T19:55:38+00:00,2024-08-29T18:58:16+00:00
b6c80d64-e4a2-4739-9f4f-ddd7c47db6d6,10e5f889-8510-460a-b274-ff42a4b2a3e9,internal,"IKEA KALLAX shelf unit, birch","Solid, no wobble — one small scuff on the back left that you cannot see once it is against a wall. Moving to a smaller place at the end of the month, so it needs a new home. Easy pickup near 116th & Broadway, evenings and weekends work best.",furniture,storage_shelving,used_good,0,true,false,10027,active,20,1,0,,2024-08-29T01:27:35+00:00,
71b51969-6dc8-4c86-8f21-6846c1dc6923,ba4e0520-1425-44b4-ba42-764ccd9799f7,internal,"Mechanical keyboard, birch","Fair condition, priced to reflect it. Works fine, looks lived in. Bought it for a sublet that ended early. Collect from Morningside Heights; message me and we will find a time.",electronics,,used_fair,7500,false,true,10027,sold,4,0,0,,2024-08-29T10:55:06+00:00,2024-09-01T19:55:26+00:00
4be95396-118e-4054-9824-7f46da60cdf1,ba4e0520-1425-44b4-ba42-764ccd9799f7,internal,"MacBook Pro 13"", 8GB/256GB","Barely touched — I moved into a furnished place two weeks later. I am graduating in May and everything has to go before I move out. Pickup only, 3rd floor with an elevator — I can help carry it down to the street. Open to a small discount if you take it today.",electronics,,like_new,36000,false,false,10027,active,358,32,8,,2024-08-30T01:01:14+00:00,
ea650aba-b492-4852-9c40-a80629dfafab,4cf59a7d-3daf-44fe-8e86-aa4389b82fc0,internal,"Ski jacket and poles, size L","Used for two semesters and it has held up well. Nothing broken, a bit of normal wear. Heading back home after this semester and cannot take it with me. Easy pickup near campus, evenings and weekends work best.",sports,,used_good,11000,false,false,10280,active,79,7,1,,2024-08-30T17:32:35+00:00,
f0951fa0-04fb-4abb-8aa2-42248467ee46,e0ac1371-730b-4fd6-8af4-80859ee0ade7,internal,"IPad Pro 11"", wifi","Genuinely like new. No marks, everything works exactly as it should. Bought it for a sublet that ended early. Easy pickup near campus, evenings and weekends work best.",electronics,,like_new,30000,false,true,10038,reserved,27,1,0,,2024-08-30T23:18:29+00:00,
d6d053fe-21b1-49ce-b073-202178f4f1f2,27de1447-4949-4ba1-94da-511dcf33e97a,internal,Water filter pitcher + 2 filters,"Genuinely like new. No marks, everything works exactly as it should. Heading back home after this semester and cannot take it with me. Easy pickup near the Columbia gates, evenings and weekends work best.",kitchen_home,,like_new,2500,false,false,10025,sold,4,0,0,,2024-08-31T09:55:49+00:00,2024-09-04T10:56:34+00:00
9732d570-4ced-4976-bfaa-439778448a70,887b7fc5-3512-427f-b5f1-d0629d72dcf0,internal,"Small writing desk, oak","Used for two semesters and it has held up well. Nothing broken, a bit of normal wear. Moving to a smaller place at the end of the month, so it needs a new home. Pickup only, 3rd floor with an elevator — I can help carry it down to the street. Can send more photos of any detail you want to see.",furniture,desks,used_good,7000,false,false,10027,sold,9,1,0,,2024-08-31T16:52:22+00:00,2024-09-08T08:40:59+00:00
3965cc3b-bde9-4769-8530-9bad826507cd,b9468cb9-ed1b-40fe-a021-2f6da1f2925d,internal,Folding dining table + 2 chairs,,furniture,sofas_tables,used_fair,9000,false,false,10031,active,101,14,2,,2024-09-01T19:34:20+00:00,
add1eb9e-9e01-4df8-b951-f972682fe4c1,4cf59a7d-3daf-44fe-8e86-aa4389b82fc0,internal,"Mechanical keyboard, white","Used for two semesters and it has held up well. Nothing broken, a bit of normal wear. Moving to a smaller place at the end of the month, so it needs a new home. Easy pickup near Amsterdam Ave, evenings and weekends work best.",electronics,,used_good,10000,false,false,10280,active,98,6,1,,2024-09-02T15:23:24+00:00,
80f1465d-1086-4d1f-ae11-5136b09343ce,ba4e0520-1425-44b4-ba42-764ccd9799f7,internal,"Brompton folding, L frame, recently serviced","Solid, no wobble — one small scuff on the back left that you cannot see once it is against a wall. Heading back home after this semester and cannot take it with me. Cash or Venmo. I can meet near Amsterdam Ave any afternoon.",bikes_transport,,used_good,18000,false,true,10027,active,28,3,0,,2024-09-03T06:47:34+00:00,
fa5ce6ee-3644-4ad5-8e67-6b1691ba3e82,fba653f1-56a1-4e32-b3a6-1205a8a2e461,internal,Machine Learning — full course bundle,,textbooks,,like_new,8500,false,true,10025,active,97,9,0,,2024-09-06T20:38:46+00:00,
6bb665a2-f822-4b06-ba97-e96555447579,128acef2-f235-4b4f-9ba9-12cf0271ac50,internal,"Schwinn hybrid, L frame, recently serviced","Some visible wear and a small chip on one corner. Happy to send more photos. Upgraded to a bigger one and have no room for both. Pickup only, 3rd floor with an elevator — I can help carry it down to the street.",bikes_transport,,used_fair,20000,false,false,10027,active,132,11,0,,2024-09-10T12:22:47+00:00,
7564a134-9cb5-4512-915c-8a2394cf0640,3b30a6e4-3c57-4bbd-9b03-022e7facb880,internal,"New Balance 990, US 9","Well used and it shows — a few dents and one sticky drawer, but it does its job. Upgraded to a bigger one and have no room for both. Easy pickup near the Columbia gates, evenings and weekends work best. Open to a small discount if you take it today.",clothing,,used_fair,3500,false,false,10027,active,209,13,3,,2024-09-15T04:51:32+00:00,
36dc3c55-3862-4dfc-a758-45906ce841c1,82c26f80-0b16-4534-b361-35fddfa95816,internal,"Patagonia fleece, size S","Never used. Bought it in September and it has sat in the box since. Finished the course, so I no longer need it. Happy to hold it for a day if you need to arrange a car.",clothing,,new,14000,false,true,10022,sold,4,0,0,,2024-09-15T14:27:55+00:00,2024-09-18T02:34:04+00:00
68ae6b58-3b62-40ca-8193-2d885066cf90,a83115e6-95d7-4710-8785-ad490862eb1d,internal,"Samsung 32"" curved monitor + stand","Everything works. A couple of light marks from moving, nothing structural. Bought it for a sublet that ended early. Easy pickup near the Columbia gates, evenings and weekends work best.",electronics,,used_good,6000,false,false,11217,active,563,53,6,,2024-09-19T11:56:20+00:00,
c2010ea2-c570-4024-8ee4-b8c702c11863,57d2ea34-ccda-48c1-82da-d0d973b20d87,internal,Non-stick wok,,kitchen_home,,used_good,2000,false,true,10025,active,96,10,0,,2024-09-20T09:39:36+00:00,
bb854a22-872e-4f16-a255-bcf6f37f3486,a80b24ca-19f4-4796-9a5e-683f4e8f7b14,internal,"Coffee table, birch","Fair condition, priced to reflect it. Works fine, looks lived in. Heading back home after this semester and cannot take it with me. Easy pickup near Amsterdam Ave, evenings and weekends work best. Open to a small discount if you take it today.",furniture,sofas_tables,used_fair,3000,false,false,10031,active,89,10,0,,2024-09-20T10:49:01+00:00,
ce4b4773-d3d3-4c18-9197-3fa8191edc3d,3b30a6e4-3c57-4bbd-9b03-022e7facb880,internal,Wool scarf and glove set,"Good condition overall — some honest wear, but nothing that affects using it. Bought it for a sublet that ended early. Collect from campus; message me and we will find a time. Open to a small discount if you take it today.",clothing,,used_good,2000,false,false,10027,active,112,6,1,,2024-09-21T01:06:29+00:00,
0bbee7bb-0082-430f-b223-345818fd4a09,bacf1c32-002e-4d62-8c6c-221609513f2f,internal,"Standing desk, electric, 120×60","Barely touched — I moved into a furnished place two weeks later. Finished the course, so I no longer need it. Easy pickup near Amsterdam Ave, evenings and weekends work best.",furniture,desks,like_new,29000,false,false,10025,sold,9,2,1,,2024-09-21T01:23:52+00:00,2024-09-26T09:57:57+00:00
c11cad48-d873-4ead-a7b1-e103e4d83bdc,99d52a61-bee5-4684-9df6-159e47cc27be,internal,"Memory foam mattress topper, queen","Some visible wear and a small chip on one corner. Happy to send more photos. Upgraded to a bigger one and have no room for both. Pickup only, 3rd floor with an elevator — I can help carry it down to the street.",furniture,beds_mattresses,used_fair,3500,false,true,10027,active,356,33,4,,2024-09-23T11:27:28+00:00,
65cfac8e-ff29-4f76-87a1-8463cde57f79,43dbd776-bd4c-4ef1-933a-59af47a589b5,internal,"Herman Miller Aeron, size A","Good condition overall — some honest wear, but nothing that affects using it. Heading back home after this semester and cannot take it with me. Happy to hold it for a day if you need to arrange a car.",furniture,chairs,used_good,22000,false,false,10031,active,130,16,1,,2024-09-26T13:56:51+00:00,
0791e3d5-be49-4e36-90e9-5e7a00365877,4cf59a7d-3daf-44fe-8e86-aa4389b82fc0,internal,Epidemiology 12th ed. + solutions manual,Some visible wear and a small chip on one corner. Happy to send more photos. Bought it for a sublet that ended early. Happy to hold it for a day if you need to arrange a car.,textbooks,,used_fair,2000,false,true,10280,active,67,5,0,,2024-09-26T21:35:53+00:00,
7dcef806-0b60-46f2-8657-fc2d58e1dec7,4cf59a7d-3daf-44fe-8e86-aa4389b82fc0,internal,Managerial Economics — full course bundle,"Barely touched — I moved into a furnished place two weeks later. Upgraded to a bigger one and have no room for both. Pickup only, 3rd floor with an elevator — I can help carry it down to the street. Open to a small discount if you take it today.",textbooks,,like_new,8500,false,false,10280,active,53,5,0,,2024-09-27T19:57:18+00:00,
1d152d06-1a26-4eb9-952a-3bfe188b74b0,5ca23f6e-524f-449e-b9d2-a758e70cff73,internal,"Marketing Strategy (McGraw-Hill), international edition","Used it for about a month and it looks the same as the day I got it. Heading back home after this semester and cannot take it with me. Easy pickup near Morningside Heights, evenings and weekends work best.",textbooks,,like_new,4000,false,true,10027,active,94,10,0,,2024-09-27T21:44:21+00:00,
1302c19d-ed2a-4d4d-8466-54b4bae42d8a,c3e6de0b-ae0e-464a-aeef-51bebdd50073,internal,"IKEA HEMNES bed frame, full","Everything works. A couple of light marks from moving, nothing structural. Bought it for a sublet that ended early. Cash or Venmo. I can meet near 116th & Broadway any afternoon.",furniture,beds_mattresses,used_good,15000,false,false,10027,active,100,11,0,,2024-09-29T06:40:10+00:00,
4fb575d6-b9fe-4bce-88f3-01c4c6f8141f,b0f283a0-c828-4aff-80c1-0fa9a4940b92,internal,Yoga mat + blocks,Some visible wear and a small chip on one corner. Happy to send more photos. Heading back home after this semester and cannot take it with me. Collect from Amsterdam Ave; message me and we will find a time.,sports,,used_fair,4500,false,true,10013,active,100,13,4,,2024-09-29T21:51:22+00:00,
6f35cf51-2ad0-442e-887c-d563e20f74f8,c60fc12d-ef3b-47a2-b08d-d35daaa0261f,internal,Bose QC35 headphones,Used it for about a month and it looks the same as the day I got it. Bought it for a sublet that ended early. Happy to hold it for a day if you need to arrange a car.,electronics,,like_new,13000,false,false,10027,sold,5,0,0,,2024-09-30T03:49:33+00:00,2024-10-04T17:39:13+00:00
b5d620d8-4b40-4eef-a957-60367beb23a1,42688444-55cc-483b-a92c-df6777013516,internal,"Trek FX 2, L frame","Some visible wear and a small chip on one corner. Happy to send more photos. Finished the course, so I no longer need it. Easy pickup near campus, evenings and weekends work best.",bikes_transport,,used_fair,12000,false,true,10027,draft,0,0,0,,2024-10-02T19:52:30+00:00,
0478c5ca-409c-40f2-8d09-f3e5aa2dc937,c3e6de0b-ae0e-464a-aeef-51bebdd50073,internal,10-piece pot and pan set,"Solid, no wobble — one small scuff on the back left that you cannot see once it is against a wall. Bought it for a sublet that ended early. Easy pickup near the Columbia gates, evenings and weekends work best.",kitchen_home,,used_good,6000,false,false,10027,active,58,3,0,,2024-10-03T14:40:38+00:00,
0c77775f-622f-4af4-a2a0-9cbd965a64ff,b3756f66-bc0a-4be7-b18e-d5a43ae2cb20,internal,"Dyson V8 cordless vacuum, all heads",,electronics,,like_new,25000,false,true,10027,sold,3,0,0,,2024-10-08T03:13:49+00:00,2024-10-10T09:12:54+00:00
75804786-7a7e-43d8-98e6-cc2531bcebaf,ba4e0520-1425-44b4-ba42-764ccd9799f7,internal,"Winter boots, size XS, waterproof","Used it for about a month and it looks the same as the day I got it. Bought it for a sublet that ended early. Pickup only, 3rd floor with an elevator — I can help carry it down to the street.",clothing,,like_new,5500,false,false,10027,sold,7,2,0,,2024-10-10T06:15:46+00:00,2024-10-12T05:35:30+00:00
70011de3-f0d5-4311-a9aa-ecafea38f4e6,484b4933-21fa-4a46-904b-33017ff3857f,internal,"Machine Learning reader, spiral bound",,textbooks,,used_good,3500,false,false,10031,active,186,14,2,,2024-10-12T06:11:06+00:00,
a9f5e0f7-2df2-4ea9-86fe-7a39d7fc80b6,5d717b99-735c-4981-87a3-225adde8acea,internal,"Kobo Clara, wifi","Used for two semesters and it has held up well. Nothing broken, a bit of normal wear. I am graduating in May and everything has to go before I move out. Pickup only, 3rd floor with an elevator — I can help carry it down to the street.",electronics,,used_good,14000,false,true,10027,active,205,14,3,,2024-10-13T06:06:03+00:00,
e6dd4931-c37c-461a-9f22-af05c51bbb8b,29b08317-6763-47c6-93e5-e9d211886a27,internal,"IKEA LINNMON desk 120×60, oak","Everything works. A couple of light marks from moving, nothing structural. Moving to a smaller place at the end of the month, so it needs a new home. Pickup only, 3rd floor with an elevator — I can help carry it down to the street.",furniture,desks,used_good,4000,false,false,10031,active,27,1,0,,2024-10-15T08:44:31+00:00,
90cd19aa-5285-423a-afed-01ee290ae9ea,ba4e0520-1425-44b4-ba42-764ccd9799f7,internal,"Memory foam mattress topper, twin XL",,furniture,beds_mattresses,used_good,2500,false,false,10027,active,39,3,1,,2024-10-16T09:13:53+00:00,
4a17397e-f126-4099-a032-b406836fc205,887b7fc5-3512-427f-b5f1-d0629d72dcf0,internal,"Futon sofa, grey","Everything works. A couple of light marks from moving, nothing structural. Heading back home after this semester and cannot take it with me. Collect from 116th & Broadway; message me and we will find a time.",furniture,sofas_tables,used_good,9500,false,false,10027,active,316,25,3,,2024-10-16T11:44:11+00:00,
e20643b0-1b59-408b-bb08-61b5e7e9cc8c,484b4933-21fa-4a46-904b-33017ff3857f,internal,"Pair of dining chairs, white","Everything works. A couple of light marks from moving, nothing structural. Finished the course, so I no longer need it. Easy pickup near the Columbia gates, evenings and weekends work best.",furniture,chairs,used_good,6500,false,true,10031,sold,16,2,0,,2024-10-18T04:18:33+00:00,2024-12-10T05:00:07+00:00
4f167669-bc1e-4161-9cd7-c8f20a1812d6,bc9cbd74-f51e-47e9-ba77-1f2c017e9cca,internal,"Nike Air Force 1, US 9","Everything works. A couple of light marks from moving, nothing structural. I am graduating in May and everything has to go before I move out. Cash or Venmo. I can meet near the Columbia gates any afternoon.",clothing,,used_good,9000,false,false,10463,active,67,6,3,,2024-10-18T14:31:32+00:00,
2d0ab17b-cc5c-4d62-a6ab-3d1e919c1321,3b30a6e4-3c57-4bbd-9b03-022e7facb880,internal,"Suit, size L, tailored once","Genuinely like new. No marks, everything works exactly as it should. Bought it for a sublet that ended early. Cash or Venmo. I can meet near 116th & Broadway any afternoon.",clothing,,like_new,0,true,false,10027,sold,5,1,0,,2024-10-19T06:41:52+00:00,2024-10-28T00:11:29+00:00
aad7422a-73d9-45d7-85db-19b4df31d5c0,ded797b6-afed-4f9c-8ae0-35b3c61aa0e4,internal,"Microeconomics reader, spiral bound",,textbooks,,used_good,1400,false,true,10451,sold,10,0,0,,2024-10-20T13:01:37+00:00,2024-10-25T20:50:57+00:00
625cd49a-3a98-4efd-8f14-d9eb6b1941e1,6236d33d-7b57-486d-81e8-a247d50fa2a4,internal,Wool scarf and glove set,"Everything works. A couple of light marks from moving, nothing structural. Upgraded to a bigger one and have no room for both. Easy pickup near 116th & Broadway, evenings and weekends work best.",clothing,,used_good,1200,false,false,11238,active,99,11,0,,2024-10-21T13:22:13+00:00,
7cf8383b-cf40-4402-b8bd-39dfe36ce114,b000127a-7ff3-4aba-9f9f-56872787d1ed,internal,"Managerial Economics reader, spiral bound",,textbooks,,used_fair,1000,false,true,10128,sold,10,0,0,,2024-10-22T01:06:52+00:00,2024-12-07T23:00:04+00:00
ee16334b-a77f-46b0-9a03-d4cfe8b93d7f,d30b8eb3-05ed-4a73-b6e5-042436e46b37,internal,Beats Studio3 headphones,"Well used and it shows — a few dents and one sticky drawer, but it does its job. I am graduating in May and everything has to go before I move out. Easy pickup near campus, evenings and weekends work best.",electronics,,used_fair,10000,false,false,10027,draft,0,0,0,,2024-10-26T17:19:09+00:00,
a4573f7c-29a8-4d23-8222-7a838346781d,d30b8eb3-05ed-4a73-b6e5-042436e46b37,internal,"IPad 9th gen, wifi","Used it for about a month and it looks the same as the day I got it. I am graduating in May and everything has to go before I move out. Pickup only, 3rd floor with an elevator — I can help carry it down to the street.",electronics,,like_new,28000,false,false,10027,sold,4,1,0,,2024-10-27T13:48:35+00:00,2024-10-28T04:41:16+00:00
b0e2040a-be46-4225-a40d-5f5040e22d31,f7318ac8-5529-4cd7-98ea-c6b5c629b8b2,internal,Microeconomics 12th ed. + solutions manual,,textbooks,,new,9000,false,true,10013,active,90,7,2,,2024-10-30T05:06:20+00:00,
e903dd00-b44a-47b0-a04e-e34eea0934df,57d2ea34-ccda-48c1-82da-d0d973b20d87,internal,Wool scarf and glove set,"Genuinely like new. No marks, everything works exactly as it should. Finished the course, so I no longer need it. Easy pickup near Morningside Heights, evenings and weekends work best.",clothing,,like_new,3000,false,true,10025,active,331,23,1,,2024-11-02T06:37:34+00:00,
270b393a-790d-4d45-9dd3-95cebced1a66,ba4e0520-1425-44b4-ba42-764ccd9799f7,internal,Rolling clothes rack + hangers,"Used for two semesters and it has held up well. Nothing broken, a bit of normal wear. Heading back home after this semester and cannot take it with me. Happy to hold it for a day if you need to arrange a car.",furniture,storage_shelving,used_good,4000,false,true,10027,active,147,12,2,,2024-11-03T15:52:43+00:00,
c8b59a17-191d-4c66-a0b0-9cc8b21d1703,c3e6de0b-ae0e-464a-aeef-51bebdd50073,internal,Managerial Economics international ed. + solutions manual,,textbooks,,used_good,4500,false,false,10027,active,184,22,3,,2024-11-07T02:41:41+00:00,
23e2e745-20d6-426c-9c58-4c93d5a67083,323eb581-df66-495e-b4c3-b8d51316dccb,internal,"Moving boxes, collect this week",,free_stuff,,used_good,0,true,false,10027,sold,17,1,0,,2024-11-09T05:48:32+00:00,2024-11-15T20:15:44+00:00
6e814a4a-acc3-4adf-9c3d-9825de91cfa5,51910d94-7df2-4595-be53-5b43cb379762,internal,10-piece pot and pan set,"Good condition overall — some honest wear, but nothing that affects using it. Finished the course, so I no longer need it. Happy to hold it for a day if you need to arrange a car. Open to a small discount if you take it today.",kitchen_home,,used_good,3000,false,true,10027,active,72,3,0,,2024-11-12T08:26:47+00:00,
5f1fe318-33da-4b90-b2e9-2b8f4eb05803,659f0acc-033d-4e42-acb5-b569fa69a743,internal,Folding dining table + 2 chairs,Used it for about a month and it looks the same as the day I got it. Heading back home after this semester and cannot take it with me. Cash or Venmo. I can meet near Amsterdam Ave any afternoon.,furniture,sofas_tables,like_new,8500,false,true,10027,active,313,25,4,,2024-11-20T11:52:48+00:00,
3b93ddc7-0a1e-46fd-9a41-db8cf2b3f233,42688444-55cc-483b-a92c-df6777013516,internal,"3-seat sofa, walnut","Everything works. A couple of light marks from moving, nothing structural. Finished the course, so I no longer need it. Collect from 116th & Broadway; message me and we will find a time. Original box and instructions included.",furniture,sofas_tables,used_good,7500,false,false,10027,sold,13,1,0,,2024-11-22T00:51:29+00:00,2024-11-27T12:09:04+00:00
9f2814ae-88fc-4fa9-a03e-0bff2a725523,e0ac1371-730b-4fd6-8af4-80859ee0ade7,internal,"Managerial Economics reader, spiral bound","Everything works. A couple of light marks from moving, nothing structural. I am graduating in May and everything has to go before I move out. Pickup only, 3rd floor with an elevator — I can help carry it down to the street.",textbooks,,used_good,4000,false,true,10038,sold,13,0,0,,2024-11-24T06:40:07+00:00,2024-11-29T11:02:28+00:00
5db3e5bf-8a28-4b7d-820f-1d5ad877f664,6eaf2004-a475-4bbd-b327-ceb492d267a7,internal,"Canada Goose parka, size XL","Genuinely like new. No marks, everything works exactly as it should. Bought it for a sublet that ended early. Collect from campus; message me and we will find a time.",clothing,,like_new,10000,false,false,10016,sold,28,1,0,,2024-11-24T14:36:15+00:00,2024-11-29T22:08:08+00:00
0f5ac06b-02d2-4a6b-af93-f45646e3fd7b,bc9cbd74-f51e-47e9-ba77-1f2c017e9cca,internal,Xiaomi M365 scooter,"Solid, no wobble — one small scuff on the back left that you cannot see once it is against a wall. Moving to a smaller place at the end of the month, so it needs a new home. Collect from the Columbia gates; message me and we will find a time.",bikes_transport,,used_good,9000,false,false,10463,active,49,2,0,,2024-11-25T15:05:57+00:00,
ddf436c7-d717-4684-a7ea-833a81243af8,fba653f1-56a1-4e32-b3a6-1205a8a2e461,internal,"Memory foam mattress topper, queen","Used for two semesters and it has held up well. Nothing broken, a bit of normal wear. I am graduating in May and everything has to go before I move out. Happy to hold it for a day if you need to arrange a car.",furniture,beds_mattresses,used_good,0,true,false,10025,reserved,37,2,0,,2024-11-26T08:58:40+00:00,
9906ccb3-458f-43de-940d-3afebac39f75,f91ff251-1181-4bdc-acdc-09ddd07c0f6b,internal,"Air purifier, works fine","Fair condition, priced to reflect it. Works fine, looks lived in. Moving to a smaller place at the end of the month, so it needs a new home. Happy to hold it for a day if you need to arrange a car.",kitchen_home,,used_fair,6500,false,true,10027,active,23,2,0,,2024-11-27T20:16:08+00:00,
b33f1987-afe1-4f45-9ffd-890c1b09db6e,ba4e0520-1425-44b4-ba42-764ccd9799f7,internal,"IKEA MALM desk 180×80, walnut","Solid, no wobble — one small scuff on the back left that you cannot see once it is against a wall. Finished the course, so I no longer need it. Happy to hold it for a day if you need to arrange a car.",furniture,desks,used_good,4500,false,true,10027,active,54,4,0,,2024-11-28T09:45:41+00:00,
8db8e7c5-ba69-4f34-a8af-f92566b19184,04ef5bae-6f20-43c1-84c2-80053a99d1b1,internal,Microeconomics (Cengage) 7th ed.,"Brand new, still sealed — I ordered the wrong size and the return window closed. Upgraded to a bigger one and have no room for both. Cash or Venmo. I can meet near the Columbia gates any afternoon.",textbooks,,new,8500,false,false,10025,active,56,3,2,,2024-11-28T14:23:05+00:00,
92bc524d-bb3d-4025-b556-53f18ea51585,b3756f66-bc0a-4be7-b18e-d5a43ae2cb20,internal,Statistical Inference (Norton) 9th ed.,"Genuinely like new. No marks, everything works exactly as it should. Finished the course, so I no longer need it. Collect from campus; message me and we will find a time. I will throw in the matching lamp for free.",textbooks,,like_new,2500,false,false,10027,active,28,3,0,,2024-12-03T02:10:56+00:00,
bd450cc0-bb96-4f59-9c04-e5c48a80da5a,4baa25b9-1700-4782-a80b-d9e663939f70,internal,"3-drawer dresser, black","Solid, no wobble — one small scuff on the back left that you cannot see once it is against a wall. I am graduating in May and everything has to go before I move out. Cash or Venmo. I can meet near Amsterdam Ave any afternoon.",furniture,storage_shelving,used_good,4500,false,false,10027,active,222,29,3,,2024-12-03T16:49:27+00:00,
af142852-f4b1-4bc7-aec3-5406e369fe32,d7b30ac7-a843-4c2c-b7d0-5dbca0c169c3,internal,10-piece pot and pan set,"Solid, no wobble — one small scuff on the back left that you cannot see once it is against a wall. Upgraded to a bigger one and have no room for both. Collect from Morningside Heights; message me and we will find a time. Can send more photos of any detail you want to see.",kitchen_home,,used_good,5500,false,true,10025,active,161,17,1,,2024-12-05T05:18:38+00:00,
39c2e06a-6fa9-445b-9fb7-a646db8afd01,6e62d7bb-6bda-4ea0-82c5-87c508932975,internal,"Winter boots, size M, waterproof",Barely touched — I moved into a furnished place two weeks later. I am graduating in May and everything has to go before I move out. Cash or Venmo. I can meet near the Columbia gates any afternoon. Open to a small discount if you take it today.,clothing,,like_new,13000,false,false,10027,active,256,27,3,,2024-12-08T09:16:32+00:00,
9ebe4aba-a7a0-408d-88c7-90ff33d0698a,3508da09-a51b-4ff3-8e0e-ee486e956b89,internal,Linear Algebra (Pearson) 8th ed.,"Good condition overall — some honest wear, but nothing that affects using it. Finished the course, so I no longer need it. Easy pickup near campus, evenings and weekends work best. Open to a small discount if you take it today.",textbooks,,used_good,2500,false,false,10036,sold,2,0,0,,2024-12-08T15:08:54+00:00,2024-12-09T19:03:02+00:00
444762d5-97e2-46ad-87c0-029b9e239a84,819e531a-e9e2-4d6e-92fc-0f0bf2f0f251,internal,"Space heater, works fine",,kitchen_home,,used_fair,5000,false,true,10035,sold,15,2,0,,2024-12-09T04:02:18+00:00,2024-12-21T05:48:18+00:00
b4b264e2-79cc-4c97-b981-639dbe4d7401,e2bc1752-1983-472e-bbd9-c6fae7cac58a,internal,"Space heater, works fine","Barely touched — I moved into a furnished place two weeks later. Moving to a smaller place at the end of the month, so it needs a new home. Collect from 116th & Broadway; message me and we will find a time.",kitchen_home,,like_new,9000,false,false,10031,active,17,2,0,,2024-12-09T14:23:17+00:00,
b7fc2d72-fbd1-4a94-b113-c1a5f16b8bee,ba4e0520-1425-44b4-ba42-764ccd9799f7,internal,"Winter boots, size XL, waterproof",,clothing,,like_new,13000,false,false,10027,active,223,22,6,,2024-12-10T00:34:16+00:00,
35c40d49-4c77-4523-9496-c5f2e107fc6f,8c0f035c-ed24-4e92-9e38-7d7562011845,internal,"Kobo Clara, wifi","Good condition overall — some honest wear, but nothing that affects using it. Bought it for a sublet that ended early. Pickup only, 3rd floor with an elevator — I can help carry it down to the street.",electronics,,used_good,8500,false,true,10027,sold,18,1,0,,2024-12-10T22:35:06+00:00,2024-12-18T15:20:31+00:00
c4d203e6-4464-48a4-af9d-a483ab2075ae,99d52a61-bee5-4684-9df6-159e47cc27be,internal,Set of 4 mugs and 4 glasses,"Some visible wear and a small chip on one corner. Happy to send more photos. Heading back home after this semester and cannot take it with me. Easy pickup near Amsterdam Ave, evenings and weekends work best.",kitchen_home,,used_fair,1600,false,true,10027,sold,7,0,1,,2024-12-11T11:49:40+00:00,2024-12-14T03:44:15+00:00
e49a514a-fb4d-4eba-8dbb-89a8c593200b,6e62d7bb-6bda-4ea0-82c5-87c508932975,internal,"3-seat sofa, walnut","Solid, no wobble — one small scuff on the back left that you cannot see once it is against a wall. Heading back home after this semester and cannot take it with me. Collect from 116th & Broadway; message me and we will find a time.",furniture,sofas_tables,used_good,7000,false,false,10027,sold,21,2,0,,2024-12-12T09:15:32+00:00,2024-12-28T06:21:17+00:00
d94fc2d3-30be-4be9-8d37-05dee854119c,04ef5bae-6f20-43c1-84c2-80053a99d1b1,internal,"Memory foam mattress topper, twin XL","Used for two semesters and it has held up well. Nothing broken, a bit of normal wear. Bought it for a sublet that ended early. Easy pickup near Morningside Heights, evenings and weekends work best.",furniture,beds_mattresses,used_good,6000,false,false,10025,active,45,5,0,,2024-12-16T19:19:53+00:00,
c307bc7d-e3b0-484d-ba54-a8841931b725,fd24cb3c-d535-4d3e-8f20-04616346c1f3,internal,"Cannondale Quick 4, S frame, recently serviced","Good condition overall — some honest wear, but nothing that affects using it. Moving to a smaller place at the end of the month, so it needs a new home. Happy to hold it for a day if you need to arrange a car. Can send more photos of any detail you want to see.",bikes_transport,,used_good,32000,false,true,10013,active,108,5,0,,2024-12-18T17:09:51+00:00,
19dfd7f4-b4c6-4254-9a85-f1832e61be62,cbcba9e3-129e-437d-adc8-13aae5e788ac,internal,"Pair of dining chairs, walnut","Used for two semesters and it has held up well. Nothing broken, a bit of normal wear. I am graduating in May and everything has to go before I move out. Happy to hold it for a day if you need to arrange a car. Original box and instructions included.",furniture,chairs,used_good,8000,false,false,10025,sold,13,1,0,,2024-12-19T12:34:50+00:00,2025-01-02T09:42:52+00:00
bacd5c99-8938-4a40-9561-3725c92c3bed,3b30a6e4-3c57-4bbd-9b03-022e7facb880,internal,Financial Accounting — full course bundle,"Genuinely like new. No marks, everything works exactly as it should. Finished the course, so I no longer need it. Easy pickup near the Columbia gates, evenings and weekends work best. I will throw in the matching lamp for free.",textbooks,,like_new,4500,false,false,10027,sold,59,6,2,,2024-12-21T07:20:11+00:00,2025-01-03T06:12:08+00:00
058551fb-8f69-4193-9893-15ce96531c50,6e62d7bb-6bda-4ea0-82c5-87c508932975,internal,"IKEA HYLLIS shelf unit, white","Fair condition, priced to reflect it. Works fine, looks lived in. I am graduating in May and everything has to go before I move out. Cash or Venmo. I can meet near Amsterdam Ave any afternoon. Open to a small discount if you take it today.",furniture,storage_shelving,used_fair,2500,false,true,10027,active,45,5,0,,2024-12-23T23:45:01+00:00,
6ab6e152-27c3-4917-af30-0a3be2d29517,a80b24ca-19f4-4796-9a5e-683f4e8f7b14,internal,"Mechanical keyboard, birch","Genuinely like new. No marks, everything works exactly as it should. Finished the course, so I no longer need it. Collect from campus; message me and we will find a time. Original box and instructions included.",electronics,,like_new,9500,false,false,10031,sold,21,5,0,,2024-12-26T05:51:22+00:00,2024-12-30T06:09:36+00:00
f5a1338b-ae78-4e92-9894-7d666a80bf25,b000127a-7ff3-4aba-9f9f-56872787d1ed,internal,"LG 27"" 4K monitor + stand","Solid, no wobble — one small scuff on the back left that you cannot see once it is against a wall. Finished the course, so I no longer need it. Pickup only, 3rd floor with an elevator — I can help carry it down to the street.",electronics,,used_good,7500,false,false,10128,active,41,4,2,,2024-12-27T01:25:12+00:00,
5729ce3e-4c63-4e60-9828-aa4c91d1ddfb,fd24cb3c-d535-4d3e-8f20-04616346c1f3,internal,Sony WH-1000XM4 headphones,,electronics,,like_new,24000,false,true,10013,active,94,4,2,,2025-01-01T10:21:26+00:00,
79706abb-299c-4f5c-b185-eaf235a37d90,6eaf2004-a475-4bbd-b327-ceb492d267a7,internal,Logitech mouse + desk mat,,electronics,,like_new,7000,false,true,10016,active,78,10,0,,2025-01-01T16:10:18+00:00,
fdac5aee-9d78-41ea-91f1-27ba83046bb4,04ef5bae-6f20-43c1-84c2-80053a99d1b1,internal,Financial Accounting — full course bundle,"Unopened, tags still on. Bought two by mistake. Upgraded to a bigger one and have no room for both. Pickup only, 3rd floor with an elevator — I can help carry it down to the street.",textbooks,,new,7000,false,true,10025,active,27,2,0,,2025-01-04T06:17:57+00:00,
e056ba14-f849-4993-bd8a-1e01971d78ef,ba1fa7b7-1ba1-4dcc-8cde-7e8038432e3d,internal,Segway Ninebot scooter,"Genuinely like new. No marks, everything works exactly as it should. Bought it for a sublet that ended early. Cash or Venmo. I can meet near Morningside Heights any afternoon.",bikes_transport,,like_new,20000,false,false,10033,active,66,2,1,,2025-01-07T08:14:35+00:00,
c047b1ac-3ee7-40e7-91ea-3cd667f0a668,ded797b6-afed-4f9c-8ae0-35b3c61aa0e4,internal,"Wool overcoat, size XL","Used for two semesters and it has held up well. Nothing broken, a bit of normal wear. Finished the course, so I no longer need it. Happy to hold it for a day if you need to arrange a car.",clothing,,used_good,19000,false,true,10451,active,42,1,0,,2025-01-09T21:44:50+00:00,
d0849e5b-57de-4429-8e50-43dcbb398d57,ded797b6-afed-4f9c-8ae0-35b3c61aa0e4,internal,"3-drawer dresser, navy","Unopened, tags still on. Bought two by mistake. I am graduating in May and everything has to go before I move out. Cash or Venmo. I can meet near the Columbia gates any afternoon. I will throw in the matching lamp for free.",furniture,storage_shelving,new,16000,false,false,10451,draft,0,0,0,,2025-01-12T08:59:22+00:00,
a572e3a3-b0af-4bf9-ab3e-b13beb0292f4,51910d94-7df2-4595-be53-5b43cb379762,internal,Water filter pitcher + 2 filters,"Genuinely like new. No marks, everything works exactly as it should. I am graduating in May and everything has to go before I move out. Cash or Venmo. I can meet near campus any afternoon.",kitchen_home,,like_new,1600,false,false,10027,active,284,25,2,,2025-01-14T07:59:26+00:00,
f6bd6334-b13b-4eb5-abbd-d5cd2cfd3e65,484b4933-21fa-4a46-904b-33017ff3857f,internal,10-piece pot and pan set,"Well used and it shows — a few dents and one sticky drawer, but it does its job. Moving to a smaller place at the end of the month, so it needs a new home. Happy to hold it for a day if you need to arrange a car.",kitchen_home,,used_fair,3000,false,false,10031,active,78,4,0,,2025-01-15T15:20:45+00:00,
39d572e6-1919-4ce0-a1f2-3643095c9419,bacf1c32-002e-4d62-8c6c-221609513f2f,internal,"North Face puffer, size XL",,clothing,,like_new,25000,false,false,10025,active,79,5,2,,2025-01-16T00:13:04+00:00,
bc1b6e82-8495-4b7c-b56f-e48c05d14639,3b30a6e4-3c57-4bbd-9b03-022e7facb880,internal,"New Balance 990, US 9","Well used and it shows — a few dents and one sticky drawer, but it does its job. Finished the course, so I no longer need it. Collect from campus; message me and we will find a time. Can send more photos of any detail you want to see.",clothing,,used_fair,3500,false,true,10027,active,72,2,0,,2025-01-16T08:52:48+00:00,
77e43bc7-a4f2-4546-b02f-dd011762b92a,29b08317-6763-47c6-93e5-e9d211886a27,internal,"Winter boots, size S, waterproof","Solid, no wobble — one small scuff on the back left that you cannot see once it is against a wall. Bought it for a sublet that ended early. Pickup only, 3rd floor with an elevator — I can help carry it down to the street.",clothing,,used_good,11000,false,true,10031,active,15,0,0,,2025-01-16T12:21:12+00:00,
5dea9785-7a7a-4905-ab90-c77f16505e65,82c26f80-0b16-4534-b361-35fddfa95816,internal,"Standing desk, electric, 120×60",,furniture,desks,used_fair,7000,false,false,10022,active,78,11,0,,2025-01-16T21:27:46+00:00,
379a1df9-ed5f-4f28-b960-4c98f330c64d,3b30a6e4-3c57-4bbd-9b03-022e7facb880,internal,"Bike lock, lights and helmet bundle","Used it for about a month and it looks the same as the day I got it. Moving to a smaller place at the end of the month, so it needs a new home. Pickup only, 3rd floor with an elevator — I can help carry it down to the street.",bikes_transport,,like_new,3500,false,false,10027,active,68,9,0,,2025-01-20T05:32:10+00:00,
ec1497fe-cb3c-483f-99a1-3472557be6fa,3b30a6e4-3c57-4bbd-9b03-022e7facb880,internal,Corporate Finance (Cengage) 5th ed.,"Good condition overall — some honest wear, but nothing that affects using it. Bought it for a sublet that ended early. Easy pickup near Amsterdam Ave, evenings and weekends work best.",textbooks,,used_good,1900,false,false,10027,active,12,1,0,,2025-01-20T08:17:24+00:00,
cec3587c-8b8f-4fd6-84f8-2dd30e0480b6,ab56d43e-6b4a-43a3-9b6c-f3bae36c4bb6,internal,"Financial Accounting reader, spiral bound","Genuinely like new. No marks, everything works exactly as it should. Upgraded to a bigger one and have no room for both. Easy pickup near 116th & Broadway, evenings and weekends work best. I will throw in the matching lamp for free.",textbooks,,like_new,5000,false,false,10037,active,240,23,2,,2025-01-23T07:32:06+00:00,
570b7834-8ae9-4897-b19f-c002b209b365,fba653f1-56a1-4e32-b3a6-1205a8a2e461,internal,"Weight bench, folding","Barely touched — I moved into a furnished place two weeks later. Finished the course, so I no longer need it. Happy to hold it for a day if you need to arrange a car.",sports,,like_new,19000,false,false,10025,active,250,25,5,,2025-01-25T05:08:54+00:00,
fa2fd1ce-b23f-48f2-b988-18cd9fb4135f,5ab1b529-4f5e-42a1-8f82-f88bad579d46,internal,Beats Studio3 headphones,"Well used and it shows — a few dents and one sticky drawer, but it does its job. Upgraded to a bigger one and have no room for both. Happy to hold it for a day if you need to arrange a car.",electronics,,used_fair,9500,false,false,10024,sold,7,1,0,,2025-01-27T21:15:16+00:00,2025-02-01T18:53:00+00:00
4d82fdce-dbf0-4d86-8df4-843d997af804,e5d66484-0921-411a-aecc-60e791695a29,internal,10-piece pot and pan set,Barely touched — I moved into a furnished place two weeks later. I am graduating in May and everything has to go before I move out. Collect from Amsterdam Ave; message me and we will find a time. Original box and instructions included.,kitchen_home,,like_new,6000,false,false,10027,active,120,11,1,,2025-01-27T22:57:15+00:00,
cf17e60c-4d34-49b6-b8c5-61cf3108787b,ba1fa7b7-1ba1-4dcc-8cde-7e8038432e3d,internal,"Financial Accounting reader, spiral bound","Genuinely like new. No marks, everything works exactly as it should. Moving to a smaller place at the end of the month, so it needs a new home. Collect from campus; message me and we will find a time.",textbooks,,like_new,3500,false,true,10033,sold,21,1,0,,2025-02-01T13:29:15+00:00,2025-02-04T23:34:18+00:00
e9e04585-92b9-4bc7-ae93-7d4586210d59,bdd3bd04-7e4b-4d82-816f-dceb5fae55ea,internal,Sony WH-1000XM4 headphones,"Fair condition, priced to reflect it. Works fine, looks lived in. I am graduating in May and everything has to go before I move out. Easy pickup near campus, evenings and weekends work best.",electronics,,used_fair,12000,false,false,10025,active,41,1,1,,2025-02-01T21:01:50+00:00,
eaeb284c-3584-4afc-96a2-3b3a7d688c1a,887b7fc5-3512-427f-b5f1-d0629d72dcf0,internal,"IPad 9th gen, wifi","Used it for about a month and it looks the same as the day I got it. Heading back home after this semester and cannot take it with me. Pickup only, 3rd floor with an elevator — I can help carry it down to the street.",electronics,,like_new,38000,false,false,10027,active,116,9,0,,2025-02-03T05:29:26+00:00,
3f103508-aa28-4097-a611-11b708f3d3fb,8c0f035c-ed24-4e92-9e38-7d7562011845,internal,"3-seat sofa, grey","Barely touched — I moved into a furnished place two weeks later. Moving to a smaller place at the end of the month, so it needs a new home. Collect from 116th & Broadway; message me and we will find a time.",furniture,sofas_tables,like_new,15000,false,false,10027,active,232,21,3,,2025-02-03T13:47:23+00:00,
dc3890bc-7441-444d-b3b6-27de19fa3014,c3e6de0b-ae0e-464a-aeef-51bebdd50073,internal,Wool scarf and glove set,"Solid, no wobble — one small scuff on the back left that you cannot see once it is against a wall. Upgraded to a bigger one and have no room for both. Cash or Venmo. I can meet near Amsterdam Ave any afternoon.",clothing,,used_good,0,true,false,10027,active,27,2,0,,2025-02-07T01:21:25+00:00,
184849ca-7400-4855-935f-31293b7b0ab4,8ca12932-1c6f-4ce8-b5ac-da66575fd911,internal,Folding dining table + 2 chairs,,furniture,sofas_tables,used_good,5000,false,false,10027,active,35,2,0,,2025-02-07T19:17:51+00:00,
5ba614ba-17a7-4343-a456-0a7f8f3614b6,ab56d43e-6b4a-43a3-9b6c-f3bae36c4bb6,internal,"Data Structures reader, spiral bound",Barely touched — I moved into a furnished place two weeks later. I am graduating in May and everything has to go before I move out. Collect from 116th & Broadway; message me and we will find a time.,textbooks,,like_new,2500,false,false,10037,sold,29,3,0,,2025-02-07T19:36:46+00:00,2025-02-11T21:25:43+00:00
de0e44f6-b94b-4b5a-8a37-8416043a1f98,d70b90fa-8a9d-408e-b442-7d148a6095e5,internal,"Winter boots, size XL, waterproof",,clothing,,new,13000,false,true,10031,active,123,10,5,,2025-02-09T17:11:56+00:00,
c5f13697-b641-4be1-8a71-fcad9498da96,32a7fe23-fa7e-4905-9afd-b6639736963d,internal,"Loveseat sofa, birch",,furniture,sofas_tables,used_good,24000,false,true,10027,sold,42,4,0,,2025-02-11T02:56:00+00:00,2025-02-16T03:27:54+00:00
6ee4223a-509a-4fa0-a7bd-e39fadb4a7ff,4baa25b9-1700-4782-a80b-d9e663939f70,internal,Machine Learning — full course bundle,"Used for two semesters and it has held up well. Nothing broken, a bit of normal wear. I am graduating in May and everything has to go before I move out. Pickup only, 3rd floor with an elevator — I can help carry it down to the street.",textbooks,,used_good,4000,false,false,10027,sold,10,3,0,,2025-02-12T05:13:15+00:00,2025-03-03T16:16:26+00:00
35e3ec13-3ffa-485a-b1bf-2f48ed347601,ba4e0520-1425-44b4-ba42-764ccd9799f7,internal,"Epidemiology (McGraw-Hill), international edition","Solid, no wobble — one small scuff on the back left that you cannot see once it is against a wall. Upgraded to a bigger one and have no room for both. Cash or Venmo. I can meet near the Columbia gates any afternoon. I will throw in the matching lamp for free.",textbooks,,used_good,1600,false,false,10027,active,53,6,0,,2025-02-13T23:15:08+00:00,
59a0426e-cab6-453d-aa1a-bb32521aa126,d30b8eb3-05ed-4a73-b6e5-042436e46b37,internal,"Suit, size XL, tailored once",,clothing,,like_new,21000,false,true,10027,sold,20,3,0,,2025-02-15T06:28:19+00:00,2025-02-17T17:53:57+00:00
18286cee-69b1-4115-b3ef-e6a53b6bd1bb,3e1135b6-a11d-4440-9839-7607ab0df809,internal,"Pair of dining chairs, white","Solid, no wobble — one small scuff on the back left that you cannot see once it is against a wall. Moving to a smaller place at the end of the month, so it needs a new home. Happy to hold it for a day if you need to arrange a car. Open to a small discount if you take it today.",furniture,chairs,used_good,0,true,false,10013,active,138,7,3,,2025-02-15T21:39:32+00:00,
ac97d0a4-6202-4243-afce-02422f83c24b,7d2e833a-8242-43a6-93ca-e79df0b2cd59,internal,"Dell XPS 13, 8GB/256GB","Used for two semesters and it has held up well. Nothing broken, a bit of normal wear. Finished the course, so I no longer need it. Pickup only, 3rd floor with an elevator — I can help carry it down to the street.",electronics,,used_good,47000,false,true,10025,active,272,22,3,,2025-02-17T03:52:10+00:00,
a74fbdcc-59f5-4377-aeac-3694cd50c9f8,6236d33d-7b57-486d-81e8-a247d50fa2a4,internal,"Constitutional Law (Berk), international edition","Solid, no wobble — one small scuff on the back left that you cannot see once it is against a wall. Upgraded to a bigger one and have no room for both. Cash or Venmo. I can meet near Amsterdam Ave any afternoon.",textbooks,,used_good,2000,false,false,11238,active,190,23,1,,2025-02-20T08:33:50+00:00,
0ac77419-42d6-4f0e-b4a9-fe5f1542d573,cbcba9e3-129e-437d-adc8-13aae5e788ac,internal,"Air purifier, works fine",Used it for about a month and it looks the same as the day I got it. Upgraded to a bigger one and have no room for both. Collect from the Columbia gates; message me and we will find a time. I will throw in the matching lamp for free.,kitchen_home,,like_new,12000,false,true,10025,active,117,6,2,,2025-02-20T12:15:55+00:00,
f4704eed-758b-4376-ada8-49930758eea1,1738f94b-1c67-4612-9cd8-819ca50c35e3,internal,Financial Accounting (Berk) 5th ed.,"Everything works. A couple of light marks from moving, nothing structural. Moving to a smaller place at the end of the month, so it needs a new home. Pickup only, 3rd floor with an elevator — I can help carry it down to the street.",textbooks,,used_good,6000,false,true,10026,active,122,13,1,,2025-02-22T11:40:58+00:00,
eb380961-4b4f-44de-820e-0b018319fa02,5c16ef18-8047-4cc4-806c-4ef9df6de907,internal,Water filter pitcher + 2 filters,"Used for two semesters and it has held up well. Nothing broken, a bit of normal wear. Bought it for a sublet that ended early. Happy to hold it for a day if you need to arrange a car.",kitchen_home,,used_good,1800,false,false,10027,active,54,5,2,,2025-02-23T21:24:04+00:00,
0556bb41-a452-4025-909f-249bd7d96d38,bc9cbd74-f51e-47e9-ba77-1f2c017e9cca,internal,"Futon sofa, white","Everything works. A couple of light marks from moving, nothing structural. Finished the course, so I no longer need it. Cash or Venmo. I can meet near the Columbia gates any afternoon.",furniture,sofas_tables,used_good,28000,false,false,10463,active,57,4,1,,2025-02-24T05:27:31+00:00,
87880366-1d76-48f3-8bf0-4a5718a8aced,eb37e445-ad15-450f-aac9-165635b7ef7b,internal,"Suit, size S, tailored once","Fair condition, priced to reflect it. Works fine, looks lived in. Upgraded to a bigger one and have no room for both. Collect from campus; message me and we will find a time.",clothing,,used_fair,5500,false,false,10039,active,61,2,2,,2025-02-24T23:26:51+00:00,
7eccaef6-45c5-4f0d-a824-57a8c1a39a08,ba4e0520-1425-44b4-ba42-764ccd9799f7,internal,"IKEA MARKUS, size A",,furniture,chairs,like_new,9500,false,true,10027,active,107,10,2,,2025-02-28T00:27:19+00:00,
b0ef5ab5-22ac-40a3-b952-03b608565d9c,468552db-87c2-40a1-b501-f637c4f5d75a,internal,Microeconomics (Norton) 8th ed.,"Good condition overall — some honest wear, but nothing that affects using it. Moving to a smaller place at the end of the month, so it needs a new home. Happy to hold it for a day if you need to arrange a car.",textbooks,,used_good,3000,false,true,10027,sold,24,5,0,,2025-03-02T00:51:34+00:00,2025-03-03T13:29:02+00:00
92f766dd-c0c8-4f30-bc9a-1c59b7f926d3,6cad3973-c23d-4cec-bb0c-6ecf78003373,internal,Cuckoo 6-cup rice cooker,"Everything works. A couple of light marks from moving, nothing structural. Upgraded to a bigger one and have no room for both. Happy to hold it for a day if you need to arrange a car.",kitchen_home,,used_good,4000,false,false,10031,sold,8,0,0,,2025-03-03T03:58:02+00:00,2025-03-08T12:41:30+00:00
ebe62fa6-83e1-4c36-83c6-9df29d7d76e4,484b4933-21fa-4a46-904b-33017ff3857f,internal,"Coffee table, birch","Good condition overall — some honest wear, but nothing that affects using it. Finished the course, so I no longer need it. Easy pickup near Morningside Heights, evenings and weekends work best.",furniture,sofas_tables,used_good,3500,false,false,10031,sold,6,1,0,,2025-03-04T06:34:21+00:00,2025-03-08T21:49:55+00:00
72baaa04-84b1-4474-9443-92306a4396dc,62d505af-b1ab-402a-b8ac-bf03c359aea7,internal,10-piece pot and pan set,,kitchen_home,,used_good,1900,false,false,10031,active,163,15,2,,2025-03-05T14:55:15+00:00,
337df688-7c9b-4042-83fb-a31e0252749d,659f0acc-033d-4e42-acb5-b569fa69a743,internal,Full mattress + metal frame,"Good condition overall — some honest wear, but nothing that affects using it. Finished the course, so I no longer need it. Cash or Venmo. I can meet near the Columbia gates any afternoon.",furniture,beds_mattresses,used_good,7500,false,false,10027,active,38,4,1,,2025-03-06T02:31:24+00:00,
1dd09191-bbd9-41df-923e-ccc19fce6a71,323eb581-df66-495e-b4c3-b8d51316dccb,internal,Razor kick scooter,"Genuinely like new. No marks, everything works exactly as it should. Heading back home after this semester and cannot take it with me. Cash or Venmo. I can meet near 116th & Broadway any afternoon. Original box and instructions included.",bikes_transport,,like_new,16000,false,false,10027,active,62,7,1,,2025-03-10T00:43:19+00:00,
00a60d37-e5e6-46a4-afc9-b7dad0f78a03,0c75c528-0777-4d48-b0e4-87ab07dcd5a2,internal,Machine Learning 9th ed. + solutions manual,,textbooks,,new,9000,false,true,10032,active,42,1,0,,2025-03-10T16:53:07+00:00,
c4d86663-957e-48bc-a4fd-40e6fc713539,f79de4b1-f0cc-45e9-85c3-b3112725fde1,internal,Folding dining table + 2 chairs,"Genuinely like new. No marks, everything works exactly as it should. I am graduating in May and everything has to go before I move out. Cash or Venmo. I can meet near Morningside Heights any afternoon.",furniture,sofas_tables,like_new,15000,false,false,10027,active,75,8,2,,2025-03-11T19:42:44+00:00,
83c2b1ed-d72b-4a15-bc2f-7125a23e7c9e,ab56d43e-6b4a-43a3-9b6c-f3bae36c4bb6,internal,"IPad Air, wifi","Good condition overall — some honest wear, but nothing that affects using it. I am graduating in May and everything has to go before I move out. Easy pickup near the Columbia gates, evenings and weekends work best. Can send more photos of any detail you want to see.",electronics,,used_good,20000,false,false,10037,active,444,44,4,,2025-03-12T11:54:58+00:00,
a539f2e7-f705-4f17-a8ea-2a2d300082f8,2e23fd62-664f-4904-93b9-98484374da38,internal,"Memory foam mattress topper, twin XL","Genuinely like new. No marks, everything works exactly as it should. Heading back home after this semester and cannot take it with me. Collect from the Columbia gates; message me and we will find a time. Open to a small discount if you take it today.",furniture,beds_mattresses,like_new,5000,false,false,10038,draft,0,0,0,,2025-03-14T16:01:24+00:00,
f14bb166-c070-4b56-ba50-9a6c2054694f,ab56d43e-6b4a-43a3-9b6c-f3bae36c4bb6,internal,"Constitutional Law (Cengage), international edition",Used it for about a month and it looks the same as the day I got it. Upgraded to a bigger one and have no room for both. Happy to hold it for a day if you need to arrange a car.,textbooks,,like_new,3500,false,false,10037,active,88,14,2,,2025-03-20T12:55:36+00:00,
8e1062fe-a991-4387-ad88-155e69a360fa,37390ee9-6f2d-4d2e-b299-70e58443cd04,internal,"Wool overcoat, size L","Everything works. A couple of light marks from moving, nothing structural. Heading back home after this semester and cannot take it with me. Cash or Venmo. I can meet near 116th & Broadway any afternoon. Original box and instructions included.",clothing,,used_good,12000,false,true,10040,sold,15,1,0,,2025-03-21T13:12:20+00:00,2025-03-27T00:30:01+00:00
d373e151-ec1b-49f3-978d-2fc7f9e00512,7f332889-8032-467d-a20a-a0aadb0a6c98,internal,"Uniqlo down jacket, size XS","Genuinely like new. No marks, everything works exactly as it should. Heading back home after this semester and cannot take it with me. Happy to hold it for a day if you need to arrange a car. Original box and instructions included.",clothing,,like_new,21000,false,true,10027,sold,9,0,0,,2025-03-29T00:56:38+00:00,2025-04-02T12:00:04+00:00
bd9e611e-8ca0-48ff-8f41-0324a6c87887,51910d94-7df2-4595-be53-5b43cb379762,internal,"New Balance 990, US 9","Fair condition, priced to reflect it. Works fine, looks lived in. Heading back home after this semester and cannot take it with me. Cash or Venmo. I can meet near Amsterdam Ave any afternoon. Original box and instructions included.",clothing,,used_fair,0,true,false,10027,active,368,37,9,,2025-03-30T04:01:22+00:00,
01a0c0c5-d6c1-4c03-a943-dd87f6438735,904d370b-c057-4076-ab96-6f35351482c2,internal,Managerial Economics (Wiley) 5th ed.,"Everything works. A couple of light marks from moving, nothing structural. I am graduating in May and everything has to go before I move out. Happy to hold it for a day if you need to arrange a car.",textbooks,,used_good,6000,false,false,10031,reserved,58,7,1,,2025-04-03T22:44:02+00:00,
6f1787d8-f2b4-44ac-90e3-989421accb78,a83115e6-95d7-4710-8785-ad490862eb1d,internal,"Microeconomics reader, spiral bound","Used for two semesters and it has held up well. Nothing broken, a bit of normal wear. Upgraded to a bigger one and have no room for both. Pickup only, 3rd floor with an elevator — I can help carry it down to the street. Original box and instructions included.",textbooks,,used_good,3000,false,true,11217,active,64,7,1,,2025-04-05T15:39:04+00:00,
1aca5e3a-e1b0-4515-8694-5d20019f9406,b2ebd1c7-416b-4645-a522-88f29c4fd3fa,internal,10-piece pot and pan set,"Genuinely like new. No marks, everything works exactly as it should. Moving to a smaller place at the end of the month, so it needs a new home. Happy to hold it for a day if you need to arrange a car.",kitchen_home,,like_new,8500,false,true,10025,sold,18,3,0,,2025-04-06T16:24:32+00:00,2025-04-20T15:56:59+00:00
4e503120-6822-4ee8-81d0-f137c236a260,c60fc12d-ef3b-47a2-b08d-d35daaa0261f,internal,"Dyson V8 cordless vacuum, all heads","Good condition overall — some honest wear, but nothing that affects using it. Bought it for a sublet that ended early. Easy pickup near campus, evenings and weekends work best. Original box and instructions included.",electronics,,used_good,15000,false,false,10027,active,27,2,0,,2025-04-07T03:08:10+00:00,
a429c998-9249-4672-a7ce-943a11f712af,69546e0c-13bb-4597-8ce8-09cf53b9a4ff,internal,Logitech mouse + desk mat,"Solid, no wobble — one small scuff on the back left that you cannot see once it is against a wall. I am graduating in May and everything has to go before I move out. Easy pickup near 116th & Broadway, evenings and weekends work best.",electronics,,used_good,0,true,false,10031,active,235,22,5,,2025-04-09T17:21:21+00:00,
a18a5317-79cc-41e5-99ce-69d3d7d41c94,e984c74d-dd4a-466b-b93f-7f517e76b6c7,internal,Rolling clothes rack + hangers,"Some visible wear and a small chip on one corner. Happy to send more photos. Upgraded to a bigger one and have no room for both. Pickup only, 3rd floor with an elevator — I can help carry it down to the street.",furniture,storage_shelving,used_fair,2500,false,false,10027,sold,9,0,0,,2025-04-10T23:29:00+00:00,2025-04-13T08:59:49+00:00
755f32b3-7dd6-4308-af20-7be5610dd861,d1069292-d635-44f8-8c01-1494891ae61f,internal,Instant Pot Duo 6qt,Never used. Bought it in September and it has sat in the box since. Heading back home after this semester and cannot take it with me. Happy to hold it for a day if you need to arrange a car. Open to a small discount if you take it today.,kitchen_home,,new,6500,false,false,10025,active,148,10,2,,2025-04-12T01:40:18+00:00,
015f42ae-d4df-4c42-8cda-8151f147edab,b2ebd1c7-416b-4645-a522-88f29c4fd3fa,internal,"Canada Goose parka, size XL",Used it for about a month and it looks the same as the day I got it. I am graduating in May and everything has to go before I move out. Cash or Venmo. I can meet near Amsterdam Ave any afternoon.,clothing,,like_new,11000,false,true,10025,active,190,16,3,,2025-04-12T06:58:51+00:00,
a72278ee-34e4-4afd-a1b0-745211395b6c,5ab1b529-4f5e-42a1-8f82-f88bad579d46,internal,Anker power strip + USB-C hub,Some visible wear and a small chip on one corner. Happy to send more photos. Upgraded to a bigger one and have no room for both. Collect from Morningside Heights; message me and we will find a time.,electronics,,used_fair,3000,false,false,10024,sold,8,0,0,,2025-04-12T09:57:24+00:00,2025-04-22T19:22:59+00:00
49a57328-1768-4bfa-845f-e8f11322b0a0,39387e77-2cf5-4e83-a449-610606391894,internal,"Drying rack, collect this week","Used for two semesters and it has held up well. Nothing broken, a bit of normal wear. Finished the course, so I no longer need it. Cash or Venmo. I can meet near the Columbia gates any afternoon. Original box and instructions included.",free_stuff,,used_good,0,true,false,10031,active,245,19,3,,2025-04-12T10:06:16+00:00,
340cb124-4b15-459d-9581-80ac04b0c483,8655633c-8b61-41b6-8e06-e79ce464e099,internal,Queen mattress + metal frame,Used it for about a month and it looks the same as the day I got it. Upgraded to a bigger one and have no room for both. Happy to hold it for a day if you need to arrange a car. Open to a small discount if you take it today.,furniture,beds_mattresses,like_new,18000,false,true,10025,active,109,6,0,,2025-04-13T23:00:58+00:00,
209d2a26-0289-4a0e-93e5-6d1a2c520d59,ae8523f3-49f1-45d4-ab29-0313676f12d0,internal,"Dyson V8 cordless vacuum, all heads",Never used. Bought it in September and it has sat in the box since. I am graduating in May and everything has to go before I move out. Happy to hold it for a day if you need to arrange a car.,electronics,,new,32000,false,false,10018,sold,8,1,0,,2025-04-14T10:19:23+00:00,2025-04-18T03:23:39+00:00
4d6e4329-dc4b-429a-9104-5d751bf03d67,b3756f66-bc0a-4be7-b18e-d5a43ae2cb20,internal,Rolling clothes rack + hangers,Used it for about a month and it looks the same as the day I got it. Bought it for a sublet that ended early. Cash or Venmo. I can meet near Amsterdam Ave any afternoon.,furniture,storage_shelving,like_new,7000,false,false,10027,active,47,7,0,,2025-04-14T13:30:34+00:00,
dba79bb9-d43d-487d-9340-2bac1d51f470,468552db-87c2-40a1-b501-f637c4f5d75a,internal,"IKEA KALLAX shelf unit, birch",,furniture,storage_shelving,used_good,5500,false,false,10027,active,67,6,1,,2025-04-15T05:11:27+00:00,
6d031027-8f8b-42ff-ba39-09f91d6badf2,6236d33d-7b57-486d-81e8-a247d50fa2a4,internal,"Futon sofa, grey","Solid, no wobble — one small scuff on the back left that you cannot see once it is against a wall. Finished the course, so I no longer need it. Collect from the Columbia gates; message me and we will find a time. Open to a small discount if you take it today.",furniture,sofas_tables,used_good,16000,false,false,11238,sold,14,1,0,,2025-04-15T12:55:53+00:00,2025-04-25T18:37:03+00:00
873fcde1-3134-459e-8ae2-f7d32860c47f,c826c699-c25f-4e45-bc9a-8ef83d1a94fb,internal,Anker power strip + USB-C hub,"Used for two semesters and it has held up well. Nothing broken, a bit of normal wear. I am graduating in May and everything has to go before I move out. Pickup only, 3rd floor with an elevator — I can help carry it down to the street.",electronics,,used_good,5000,false,true,10031,active,91,10,1,,2025-04-15T13:28:03+00:00,
ab937f18-9670-4a29-896c-7c0d932d19e2,1f5c9368-f634-4128-84d2-ef868162ba53,internal,"Dell XPS 13, 8GB/256GB",Barely touched — I moved into a furnished place two weeks later. I am graduating in May and everything has to go before I move out. Cash or Venmo. I can meet near Amsterdam Ave any afternoon. Original box and instructions included.,electronics,,like_new,47000,false,true,10035,sold,6,0,0,,2025-04-18T03:58:59+00:00,2025-04-22T19:42:27+00:00
cd52c235-a9c3-4b71-ae58-9f105cc81b3d,a1e4b04f-3354-4716-9914-0e447f91fb26,internal,"IKEA HYLLIS shelf unit, white","Some visible wear and a small chip on one corner. Happy to send more photos. Finished the course, so I no longer need it. Collect from Amsterdam Ave; message me and we will find a time.",furniture,storage_shelving,used_fair,6500,false,false,10027,active,45,4,1,,2025-04-18T14:04:12+00:00,
163a7911-d45a-4c09-be8c-ee54ba04913b,34441c15-0467-4b92-b3ab-8deb1054c830,internal,Folding dining table + 2 chairs,"Fair condition, priced to reflect it. Works fine, looks lived in. Heading back home after this semester and cannot take it with me. Collect from 116th & Broadway; message me and we will find a time. I will throw in the matching lamp for free.",furniture,sofas_tables,used_fair,4500,false,false,10031,sold,18,0,0,,2025-04-20T17:23:32+00:00,2025-04-29T19:51:03+00:00
a0460f3f-49bd-47df-9d5e-91ee59c20c8a,8655633c-8b61-41b6-8e06-e79ce464e099,internal,"Mechanical keyboard, oak","Genuinely like new. No marks, everything works exactly as it should. Moving to a smaller place at the end of the month, so it needs a new home. Easy pickup near the Columbia gates, evenings and weekends work best.",electronics,,like_new,6500,false,true,10025,active,90,9,1,,2025-04-20T20:43:59+00:00,
078bbc37-2426-42f0-a011-973f4d58189a,7524322e-1510-48cc-868b-8d59b328109b,internal,Epidemiology (Pearson) 5th ed.,"Everything works. A couple of light marks from moving, nothing structural. Finished the course, so I no longer need it. Pickup only, 3rd floor with an elevator — I can help carry it down to the street. Original box and instructions included.",textbooks,,used_good,3000,false,true,10027,active,86,8,0,,2025-04-22T19:32:00+00:00,
d71e5b06-8166-401e-88e3-38076558f835,ba4e0520-1425-44b4-ba42-764ccd9799f7,internal,"2-seat sofa, navy","Good condition overall — some honest wear, but nothing that affects using it. Bought it for a sublet that ended early. Collect from Amsterdam Ave; message me and we will find a time.",furniture,sofas_tables,used_good,16000,false,false,10027,active,161,11,0,,2025-04-23T03:03:18+00:00,
0dbcc84f-492c-4685-95d6-9b5b9ab8bcec,8655633c-8b61-41b6-8e06-e79ce464e099,internal,Set of 4 mugs and 4 glasses,"Everything works. A couple of light marks from moving, nothing structural. I am graduating in May and everything has to go before I move out. Easy pickup near campus, evenings and weekends work best.",kitchen_home,,used_good,2500,false,true,10025,active,130,8,1,,2025-04-23T07:27:32+00:00,
d120fdb0-82a9-4463-8946-b1bede26ffd2,9f74975f-3000-4ef2-b2a2-1cdac8513b60,internal,Machine Learning — full course bundle,,textbooks,,like_new,4500,false,false,10024,active,340,28,3,,2025-04-23T10:51:25+00:00,
022e3d8a-006b-4b4d-8681-e0d5a35b2c78,b3756f66-bc0a-4be7-b18e-d5a43ae2cb20,internal,Set of 4 mugs and 4 glasses,Barely touched — I moved into a furnished place two weeks later. I am graduating in May and everything has to go before I move out. Happy to hold it for a day if you need to arrange a car.,kitchen_home,,like_new,2500,false,false,10027,active,7,0,0,,2025-04-23T11:42:34+00:00,
84b1d0b8-7fe6-4d00-9769-341fc7f9abd8,2709bb2d-e639-44c0-920f-80a9f4c4955e,internal,"Memory foam mattress topper, queen","Well used and it shows — a few dents and one sticky drawer, but it does its job. Heading back home after this semester and cannot take it with me. Easy pickup near Amsterdam Ave, evenings and weekends work best.",furniture,beds_mattresses,used_fair,3500,false,true,10027,sold,12,1,0,,2025-04-24T01:47:05+00:00,2025-04-30T16:19:10+00:00
adf180ed-3fb9-4cd9-a227-a08d68bcb31c,82c26f80-0b16-4534-b361-35fddfa95816,internal,Microeconomics — full course bundle,"Fair condition, priced to reflect it. Works fine, looks lived in. Heading back home after this semester and cannot take it with me. Cash or Venmo. I can meet near Amsterdam Ave any afternoon. Open to a small discount if you take it today.",textbooks,,used_fair,5500,false,false,10022,sold,5,2,0,,2025-04-24T09:14:10+00:00,2025-04-27T07:54:28+00:00
bbf13d36-0ce4-4aa8-84c7-8aa1a8597aff,7759297b-afe9-4b95-8e56-6c553c734e03,internal,Managerial Economics (Cengage) 7th ed.,"Used for two semesters and it has held up well. Nothing broken, a bit of normal wear. Moving to a smaller place at the end of the month, so it needs a new home. Happy to hold it for a day if you need to arrange a car. I will throw in the matching lamp for free.",textbooks,,used_good,4500,false,false,10027,active,96,10,0,,2025-04-26T10:11:43+00:00,
3acd78f8-fadf-4969-b1b9-00f8bbe004a8,74375a59-e8c7-406f-8580-d46c74187dc9,internal,"Small writing desk, walnut","Everything works. A couple of light marks from moving, nothing structural. Finished the course, so I no longer need it. Cash or Venmo. I can meet near campus any afternoon.",furniture,desks,used_good,5500,false,false,10013,sold,42,5,3,,2025-04-26T12:29:34+00:00,2025-06-05T23:09:20+00:00
d723fc6e-cbbd-44f1-929a-829531df0c7b,b3756f66-bc0a-4be7-b18e-d5a43ae2cb20,internal,"IKEA BILLY shelf unit, birch","Well used and it shows — a few dents and one sticky drawer, but it does its job. Heading back home after this semester and cannot take it with me. Happy to hold it for a day if you need to arrange a car.",furniture,storage_shelving,used_fair,4000,false,false,10027,sold,17,0,0,,2025-04-27T02:03:19+00:00,2025-05-05T14:35:25+00:00
51a6b15a-4347-430d-a6a9-1d747dc27125,819e531a-e9e2-4d6e-92fc-0f0bf2f0f251,internal,Folding shopping cart,"Good condition overall — some honest wear, but nothing that affects using it. Heading back home after this semester and cannot take it with me. Collect from campus; message me and we will find a time.",bikes_transport,,used_good,2000,false,false,10035,active,75,3,0,,2025-05-01T00:28:02+00:00,
133b0d0d-6c8d-40a1-9010-ba2abadf2fe3,0d63423b-88a8-461b-94f4-e18357eba2f3,internal,"Futon sofa, navy","Solid, no wobble — one small scuff on the back left that you cannot see once it is against a wall. Moving to a smaller place at the end of the month, so it needs a new home. Pickup only, 3rd floor with an elevator — I can help carry it down to the street.",furniture,sofas_tables,used_good,17000,false,false,10031,active,114,10,0,,2025-05-01T19:12:58+00:00,
5f6d829b-8316-4ced-a0a5-b614fb960eb7,1f5c9368-f634-4128-84d2-ef868162ba53,internal,Constitutional Law (Pearson) 9th ed.,"Everything works. A couple of light marks from moving, nothing structural. Finished the course, so I no longer need it. Easy pickup near campus, evenings and weekends work best. Can send more photos of any detail you want to see.",textbooks,,used_good,3500,false,false,10035,active,96,10,3,,2025-05-03T05:46:40+00:00,
86e8f3c6-0ce4-4fdc-bd60-12a7939acb40,054fe171-2aa2-4064-be59-369e103477d7,internal,Anker power strip + USB-C hub,"Genuinely like new. No marks, everything works exactly as it should. Bought it for a sublet that ended early. Collect from campus; message me and we will find a time.",electronics,,like_new,6000,false,true,10031,sold,3,0,0,,2025-05-04T00:07:57+00:00,2025-05-04T18:24:20+00:00
0ffee03c-e83e-41f3-bf71-573063de2d6f,eb37e445-ad15-450f-aac9-165635b7ef7b,internal,"IKEA BILLY shelf unit, birch",,furniture,storage_shelving,used_fair,7500,false,false,10039,active,89,6,0,,2025-05-04T14:12:52+00:00,
949e284e-11ae-4a30-8823-466217f99d8b,8c0f035c-ed24-4e92-9e38-7d7562011845,internal,"Dyson V8 cordless vacuum, all heads","Some visible wear and a small chip on one corner. Happy to send more photos. Moving to a smaller place at the end of the month, so it needs a new home. Cash or Venmo. I can meet near 116th & Broadway any afternoon.",electronics,,used_fair,18000,false,false,10027,sold,17,1,0,,2025-05-04T19:13:18+00:00,2025-05-06T20:25:24+00:00
9d0cac5e-6a33-46d8-8398-0a03be725bf6,feb4d905-0b79-4ac5-9d53-4c64f8023f17,internal,"Dyson V8 cordless vacuum, all heads","Solid, no wobble — one small scuff on the back left that you cannot see once it is against a wall. Moving to a smaller place at the end of the month, so it needs a new home. Collect from 116th & Broadway; message me and we will find a time.",electronics,,used_good,15000,false,true,10030,active,91,6,0,,2025-05-04T22:03:40+00:00,
303d591a-d3ea-4139-aa2d-cfc5314a9ed4,c826c699-c25f-4e45-bc9a-8ef83d1a94fb,internal,"Small writing desk, birch","Good condition overall — some honest wear, but nothing that affects using it. Moving to a smaller place at the end of the month, so it needs a new home. Happy to hold it for a day if you need to arrange a car. I will throw in the matching lamp for free.",furniture,desks,used_good,3000,false,false,10031,sold,41,5,0,,2025-05-05T03:28:27+00:00,2025-05-09T09:32:01+00:00
c84f0fe0-c703-4033-860f-4c0371ed4820,3e7caac0-1ca6-4783-9a3e-0aec999045f7,internal,"Canada Goose parka, size XS",Used it for about a month and it looks the same as the day I got it. Bought it for a sublet that ended early. Cash or Venmo. I can meet near Amsterdam Ave any afternoon.,clothing,,like_new,25000,false,true,10027,sold,3,1,0,,2025-05-05T08:01:07+00:00,2025-05-13T16:17:44+00:00
b499a2a6-c543-4ed7-b9f6-ee8330f39051,2e33ff49-a484-4f82-95d2-dc4216703bb3,internal,"Epidemiology (Wiley), international edition",Used it for about a month and it looks the same as the day I got it. Upgraded to a bigger one and have no room for both. Happy to hold it for a day if you need to arrange a car. Can send more photos of any detail you want to see.,textbooks,,like_new,3000,false,true,10027,active,42,3,1,,2025-05-05T09:12:00+00:00,
7edaae90-126f-4a4b-80f9-5fe9785553e3,7524322e-1510-48cc-868b-8d59b328109b,internal,"IPad 9th gen, wifi","Genuinely like new. No marks, everything works exactly as it should. Heading back home after this semester and cannot take it with me. Easy pickup near the Columbia gates, evenings and weekends work best.",electronics,,like_new,22000,false,true,10027,active,193,21,2,,2025-05-05T11:20:30+00:00,
3ed96cdb-a5a5-4478-80d9-2a2af0d6df27,19dfffd3-69fe-4589-9939-0de48e436817,internal,Financial Accounting international ed. + solutions manual,"Never used. Bought it in September and it has sat in the box since. Finished the course, so I no longer need it. Easy pickup near campus, evenings and weekends work best.",textbooks,,new,8500,false,true,10027,active,244,16,1,,2025-05-05T19:58:38+00:00,
2a8a0388-ed2e-40e9-82de-4f705f11f54a,ff34dee7-a247-40d7-b920-a3d2e7a536c2,internal,"Organic Chemistry (Cengage), international edition","Used for two semesters and it has held up well. Nothing broken, a bit of normal wear. Bought it for a sublet that ended early. Happy to hold it for a day if you need to arrange a car.",textbooks,,used_good,3500,false,true,10037,active,151,8,3,,2025-05-06T19:32:29+00:00,
6a402ee1-4a3e-4dec-ae37-dc20bb315881,bc9cbd74-f51e-47e9-ba77-1f2c017e9cca,internal,Folding dining table + 2 chairs,,furniture,sofas_tables,like_new,17000,false,false,10463,sold,21,3,0,,2025-05-07T17:56:33+00:00,2025-05-12T02:53:21+00:00
03a1f6a6-dcf8-444b-a24d-a7d17ecdcf6a,85a05a4b-ce52-43cf-8433-02a2cad529e1,internal,Set of 4 mugs and 4 glasses,"Well used and it shows — a few dents and one sticky drawer, but it does its job. Finished the course, so I no longer need it. Easy pickup near 116th & Broadway, evenings and weekends work best.",kitchen_home,,used_fair,1000,false,true,10027,sold,14,3,1,,2025-05-07T20:07:46+00:00,2025-05-14T17:42:10+00:00
a00f35ff-4573-464a-9aa6-d8980fc14980,86a2d273-34b8-46f0-bdc9-4868692691fa,internal,Segway Ninebot scooter,Some visible wear and a small chip on one corner. Happy to send more photos. Upgraded to a bigger one and have no room for both. Collect from campus; message me and we will find a time.,bikes_transport,,used_fair,14000,false,true,10027,draft,0,0,0,,2025-05-08T07:03:50+00:00,
3626850c-0962-4ad0-b819-a9ff1e08d2d1,34441c15-0467-4b92-b3ab-8deb1054c830,internal,"Mechanical keyboard, birch",Barely touched — I moved into a furnished place two weeks later. Bought it for a sublet that ended early. Cash or Venmo. I can meet near Amsterdam Ave any afternoon. Can send more photos of any detail you want to see.,electronics,,like_new,6500,false,true,10031,active,90,5,0,,2025-05-09T03:10:32+00:00,
adbfc900-7236-4d5c-a3f3-8f2d75f7004b,af587165-10af-4199-96d6-3bcb946bf36d,internal,"Memory foam mattress topper, twin XL",,furniture,beds_mattresses,used_fair,2000,false,false,10025,sold,11,0,0,,2025-05-10T03:06:20+00:00,2025-05-11T04:41:26+00:00
732e92cf-ce8c-471d-8af7-ca2fb530d53c,75a9c08b-c3f9-48ea-bba3-d6136d51a785,internal,Rolling clothes rack + hangers,"Solid, no wobble — one small scuff on the back left that you cannot see once it is against a wall. Upgraded to a bigger one and have no room for both. Cash or Venmo. I can meet near 116th & Broadway any afternoon. Original box and instructions included.",furniture,storage_shelving,used_good,2500,false,true,11205,active,84,5,1,,2025-05-10T08:28:49+00:00,
479875e5-c394-4832-93cb-e20d3f6823fb,cdcd2f90-549e-4f8a-a600-5ffc9f8c2d74,internal,"Marketing Strategy reader, spiral bound",Never used. Bought it in September and it has sat in the box since. Bought it for a sublet that ended early. Happy to hold it for a day if you need to arrange a car. I will throw in the matching lamp for free.,textbooks,,new,5000,false,true,10036,reserved,295,29,4,,2025-05-10T12:47:23+00:00,
178c836f-a323-42a3-aecc-469c433a7cee,2e33ff49-a484-4f82-95d2-dc4216703bb3,internal,Wool scarf and glove set,,clothing,,like_new,4500,false,false,10027,active,39,1,0,,2025-05-10T19:45:50+00:00,
b25434dc-7bd5-4382-b76c-66e25e1304ab,ba4e0520-1425-44b4-ba42-764ccd9799f7,internal,"Statistical Inference reader, spiral bound",Barely touched — I moved into a furnished place two weeks later. Bought it for a sublet that ended early. Collect from 116th & Broadway; message me and we will find a time.,textbooks,,like_new,3000,false,true,10027,sold,3,0,0,,2025-05-10T23:35:27+00:00,2025-05-21T16:26:31+00:00
12967c80-f387-43a6-abd2-f3f90319de76,29b08317-6763-47c6-93e5-e9d211886a27,internal,"Mechanical keyboard, grey","Good condition overall — some honest wear, but nothing that affects using it. Heading back home after this semester and cannot take it with me. Happy to hold it for a day if you need to arrange a car. Can send more photos of any detail you want to see.",electronics,,used_good,5000,false,true,10031,active,94,8,1,,2025-05-11T01:59:27+00:00,
90b0e495-52ed-4f49-9b20-a5a591c671b6,2ad9462f-49f8-4d9a-8f1f-6f573c1e266f,internal,"Desk chair, grey, adjustable",Used it for about a month and it looks the same as the day I got it. Upgraded to a bigger one and have no room for both. Happy to hold it for a day if you need to arrange a car. I will throw in the matching lamp for free.,furniture,chairs,like_new,11000,false,true,10025,active,73,8,0,,2025-05-11T14:43:32+00:00,
a1cb1e3f-6892-422a-9f8f-f46356aca341,128acef2-f235-4b4f-9ba9-12cf0271ac50,internal,"Memory foam mattress topper, queen","Solid, no wobble — one small scuff on the back left that you cannot see once it is against a wall. Bought it for a sublet that ended early. Collect from Amsterdam Ave; message me and we will find a time. Original box and instructions included.",furniture,beds_mattresses,used_good,3000,false,true,10027,sold,9,0,0,,2025-05-12T09:31:15+00:00,2025-05-14T00:04:49+00:00
1d462ba1-91f4-402b-8cdc-907ecda3aeae,c3e6de0b-ae0e-464a-aeef-51bebdd50073,internal,"IKEA MICKE desk 180×80, birch","Good condition overall — some honest wear, but nothing that affects using it. Bought it for a sublet that ended early. Cash or Venmo. I can meet near Morningside Heights any afternoon.",furniture,desks,used_good,4500,false,true,10027,active,49,5,1,,2025-05-12T11:31:46+00:00,
4bbc695d-482a-499c-ac43-bcfda00f64d6,b3756f66-bc0a-4be7-b18e-d5a43ae2cb20,internal,Beats Studio3 headphones,Barely touched — I moved into a furnished place two weeks later. Heading back home after this semester and cannot take it with me. Happy to hold it for a day if you need to arrange a car.,electronics,,like_new,9500,false,false,10027,active,47,3,0,,2025-05-12T14:27:04+00:00,
875c87ea-0b02-4a97-bb0f-a4cec577289c,7524322e-1510-48cc-868b-8d59b328109b,internal,"Wool overcoat, size M","Solid, no wobble — one small scuff on the back left that you cannot see once it is against a wall. Bought it for a sublet that ended early. Pickup only, 3rd floor with an elevator — I can help carry it down to the street. Original box and instructions included.",clothing,,used_good,22000,false,false,10027,sold,9,0,1,,2025-05-13T13:19:40+00:00,2025-05-14T13:53:53+00:00
65697b8b-85ab-437f-a179-073e6c18f2b8,c6fd42f0-6060-47cf-a8e8-e24dcaee7d26,internal,Twin XL mattress + metal frame,"Used it for about a month and it looks the same as the day I got it. Finished the course, so I no longer need it. Cash or Venmo. I can meet near campus any afternoon. Original box and instructions included.",furniture,beds_mattresses,like_new,20000,false,true,10037,active,126,9,0,,2025-05-13T15:20:24+00:00,
6d15e36f-7b57-4265-8d79-a6004b6e2dba,7926d7b2-835c-4a6f-bf2f-3e38d4db3419,internal,"Suit, size M, tailored once","Fair condition, priced to reflect it. Works fine, looks lived in. Moving to a smaller place at the end of the month, so it needs a new home. Easy pickup near the Columbia gates, evenings and weekends work best. Can send more photos of any detail you want to see.",clothing,,used_fair,9000,false,false,10022,draft,0,0,0,,2025-05-14T02:53:52+00:00,
afc4eb59-9cfc-4627-9ede-63ce505bde4c,ba1fa7b7-1ba1-4dcc-8cde-7e8038432e3d,internal,"Schwinn hybrid, S frame","Used it for about a month and it looks the same as the day I got it. Moving to a smaller place at the end of the month, so it needs a new home. Collect from the Columbia gates; message me and we will find a time.",bikes_transport,,like_new,17000,false,false,10033,sold,8,1,0,,2025-05-16T03:23:09+00:00,2025-06-04T08:06:25+00:00
e1bdb88c-ea73-457e-b1d2-470975552e6f,d22d4315-95d0-4e9b-8b3a-ee71f98284ba,internal,"IKEA BESTÅ shelf unit, birch",Used it for about a month and it looks the same as the day I got it. I am graduating in May and everything has to go before I move out. Happy to hold it for a day if you need to arrange a car.,furniture,storage_shelving,like_new,13000,false,true,10027,active,51,6,0,,2025-05-16T17:40:38+00:00,
401223b0-0b4b-46ca-b877-b4fc24decc35,a83115e6-95d7-4710-8785-ad490862eb1d,internal,Constitutional Law 12th ed. + solutions manual,,textbooks,,like_new,9000,false,false,11217,active,70,3,1,,2025-05-17T11:11:06+00:00,
a3c42b89-ff3f-4682-ad9a-3de6bb911cd4,6695a266-c3cd-43a7-a7fb-fcac77328615,internal,"Dyson V8 cordless vacuum, all heads",Some visible wear and a small chip on one corner. Happy to send more photos. Bought it for a sublet that ended early. Cash or Venmo. I can meet near Amsterdam Ave any afternoon. Original box and instructions included.,electronics,,used_fair,19000,false,true,10027,sold,14,3,0,,2025-05-19T23:06:04+00:00,2025-05-21T14:16:56+00:00
3577ffd7-5311-4754-9443-2488032a7852,22b1d57e-427b-4075-b871-f3a5bde40fbe,internal,"Ski jacket and poles, size L","Used for two semesters and it has held up well. Nothing broken, a bit of normal wear. Bought it for a sublet that ended early. Cash or Venmo. I can meet near Morningside Heights any afternoon.",sports,,used_good,13000,false,true,10039,sold,15,3,2,,2025-05-20T02:16:37+00:00,2025-05-24T13:16:07+00:00
c9399362-64fa-45f4-ae3a-28dcfbac9412,1df596d4-a79f-4572-9306-495047dbf75e,internal,"Coffee table, walnut",,furniture,sofas_tables,used_good,7500,false,true,10027,active,53,5,0,,2025-05-20T12:46:53+00:00,
f03cd3fb-a841-4308-a27b-416efef5cc6a,8c0f035c-ed24-4e92-9e38-7d7562011845,internal,"Statistical Inference (Pearson), international edition",,textbooks,,like_new,6500,false,false,10027,active,89,8,1,,2025-05-20T13:52:05+00:00,
ca5845e1-1040-4a58-a0eb-db159408efa6,51dac652-9517-4e31-b9c9-905c3968e085,internal,"Pair of dining chairs, oak","Some visible wear and a small chip on one corner. Happy to send more photos. Heading back home after this semester and cannot take it with me. Easy pickup near Morningside Heights, evenings and weekends work best.",furniture,chairs,used_fair,3000,false,false,10023,sold,4,1,0,,2025-05-20T20:51:27+00:00,2025-05-24T03:07:11+00:00
b6df7039-e2ec-466c-9524-40e75962a4d7,742f60c2-2f3a-4c03-86e2-e6b289299c40,internal,"IKEA IVAR shelf unit, white","Everything works. A couple of light marks from moving, nothing structural. I am graduating in May and everything has to go before I move out. Collect from Amsterdam Ave; message me and we will find a time.",furniture,storage_shelving,used_good,6000,false,true,10032,active,53,4,0,,2025-05-21T02:11:51+00:00,
5ce2831c-b97c-4e21-b7ab-40abdabbf91f,ba4e0520-1425-44b4-ba42-764ccd9799f7,internal,Set of 4 mugs and 4 glasses,"Everything works. A couple of light marks from moving, nothing structural. Bought it for a sublet that ended early. Collect from Amsterdam Ave; message me and we will find a time.",kitchen_home,,used_good,1300,false,false,10027,reserved,21,4,0,,2025-05-22T12:36:09+00:00,
74ff4066-5e0f-488d-978a-13b6c63069d6,ce36aea6-fdbd-41f0-af71-96972ce4d5d1,internal,"Small writing desk, walnut","Fair condition, priced to reflect it. Works fine, looks lived in. Finished the course, so I no longer need it. Happy to hold it for a day if you need to arrange a car.",furniture,desks,used_fair,6000,false,false,10027,active,89,7,1,,2025-05-22T20:28:16+00:00,
9487802c-0f5f-4659-a098-b3f3ddd27fbd,6236d33d-7b57-486d-81e8-a247d50fa2a4,internal,"Herman Miller Aeron, size B",,furniture,chairs,like_new,0,true,false,11238,sold,8,2,0,,2025-05-23T07:50:53+00:00,2025-05-25T16:10:15+00:00
eee87894-b6f3-4dcc-b257-bd95526edc07,7d2e833a-8242-43a6-93ca-e79df0b2cd59,internal,Beats Studio3 headphones,"Solid, no wobble — one small scuff on the back left that you cannot see once it is against a wall. Upgraded to a bigger one and have no room for both. Cash or Venmo. I can meet near the Columbia gates any afternoon. Can send more photos of any detail you want to see.",electronics,,used_good,7000,false,true,10025,active,44,8,2,,2025-05-23T17:41:13+00:00,
bc620ec1-8fc6-49c9-a939-ad672fe805cb,536e9f2a-3aad-4928-9766-ddb2f2ce04bb,internal,Linear Algebra 5th ed. + solutions manual,"Barely touched — I moved into a furnished place two weeks later. Moving to a smaller place at the end of the month, so it needs a new home. Easy pickup near campus, evenings and weekends work best.",textbooks,,like_new,6500,false,false,10025,active,43,3,0,,2025-05-23T22:12:08+00:00,
918e6ff3-7342-4b9e-b0bb-6fd0af191571,ba4e0520-1425-44b4-ba42-764ccd9799f7,internal,Anker power strip + USB-C hub,"Genuinely like new. No marks, everything works exactly as it should. I am graduating in May and everything has to go before I move out. Easy pickup near the Columbia gates, evenings and weekends work best.",electronics,,like_new,4500,false,false,10027,active,23,3,0,,2025-05-23T23:45:45+00:00,
9ad32ef5-353d-4dae-a952-cc93a54d1120,b2ebd1c7-416b-4645-a522-88f29c4fd3fa,internal,"IKEA MICKE desk 100×50, white","Fair condition, priced to reflect it. Works fine, looks lived in. Bought it for a sublet that ended early. Pickup only, 3rd floor with an elevator — I can help carry it down to the street.",furniture,desks,used_fair,6500,false,false,10025,active,35,2,0,,2025-05-25T01:22:03+00:00,
463b9e0f-7784-4edb-92ee-7206276ca3c5,04ef5bae-6f20-43c1-84c2-80053a99d1b1,internal,"IKEA MARKUS, size B","Barely touched — I moved into a furnished place two weeks later. Upgraded to a bigger one and have no room for both. Pickup only, 3rd floor with an elevator — I can help carry it down to the street.",furniture,chairs,like_new,27000,false,false,10025,sold,33,2,1,,2025-05-26T01:16:31+00:00,2025-05-31T15:52:53+00:00
0d3f86e6-fc2c-46c5-bf14-b280831bfb6a,75a9c08b-c3f9-48ea-bba3-d6136d51a785,internal,"Organic Chemistry reader, spiral bound",Used it for about a month and it looks the same as the day I got it. Heading back home after this semester and cannot take it with me. Happy to hold it for a day if you need to arrange a car.,textbooks,,like_new,1800,false,false,11205,sold,21,2,0,,2025-05-26T12:48:07+00:00,2025-06-13T23:43:03+00:00
3c644b24-a997-451e-8a89-36a40640bc77,10e5f889-8510-460a-b274-ff42a4b2a3e9,internal,Corporate Finance 12th ed. + solutions manual,Never used. Bought it in September and it has sat in the box since. Bought it for a sublet that ended early. Collect from Morningside Heights; message me and we will find a time. Original box and instructions included.,textbooks,,new,7000,false,false,10027,sold,1,0,0,,2025-05-27T03:58:09+00:00,2025-05-30T13:33:54+00:00
2c4dbcc1-0717-42c1-9f36-72a5fd3ec3ea,e5d66484-0921-411a-aecc-60e791695a29,internal,"Standing desk, electric, 100×50","Solid, no wobble — one small scuff on the back left that you cannot see once it is against a wall. Heading back home after this semester and cannot take it with me. Collect from Morningside Heights; message me and we will find a time.",furniture,desks,used_good,0,true,false,10027,active,40,1,0,,2025-05-27T14:08:10+00:00,
986626eb-3053-41cb-80e9-215ebb6ab879,917bdd4a-0545-41ea-8bbb-c3ec512a6c48,internal,"IPad Pro 11"", wifi","Good condition overall — some honest wear, but nothing that affects using it. Upgraded to a bigger one and have no room for both. Pickup only, 3rd floor with an elevator — I can help carry it down to the street.",electronics,,used_good,30000,false,false,10018,active,202,16,1,,2025-05-27T15:50:13+00:00,
806eaf21-8166-4343-8725-222e954d1fb8,bc9cbd74-f51e-47e9-ba77-1f2c017e9cca,internal,"Machine Learning (Wiley), international edition","Genuinely like new. No marks, everything works exactly as it should. Moving to a smaller place at the end of the month, so it needs a new home. Collect from campus; message me and we will find a time. Open to a small discount if you take it today.",textbooks,,like_new,3000,false,false,10463,active,39,2,0,,2025-05-27T20:55:34+00:00,
1489d1bb-b987-494e-97e2-a20e8a43200b,7f332889-8032-467d-a20a-a0aadb0a6c98,internal,"IKEA MALM bed frame, queen","Everything works. A couple of light marks from moving, nothing structural. Bought it for a sublet that ended early. Pickup only, 3rd floor with an elevator — I can help carry it down to the street. Original box and instructions included.",furniture,beds_mattresses,used_good,10000,false,false,10027,active,74,8,0,,2025-05-29T00:32:01+00:00,
64a214dd-b291-420d-be9b-0d23f8990459,5c16ef18-8047-4cc4-806c-4ef9df6de907,internal,"Kobo Clara, wifi",,electronics,,used_fair,6500,false,false,10027,active,150,12,0,,2025-05-30T02:14:04+00:00,
386ba378-ff78-48ab-be35-2f4fc04031f6,0c75c528-0777-4d48-b0e4-87ab07dcd5a2,internal,"Weight bench, folding","Barely touched — I moved into a furnished place two weeks later. Moving to a smaller place at the end of the month, so it needs a new home. Collect from Amsterdam Ave; message me and we will find a time. Can send more photos of any detail you want to see.",sports,,like_new,0,true,false,10032,active,182,20,0,,2025-05-30T22:04:02+00:00,
22070c57-062b-459f-aabc-aa46ad2132c6,828a88f5-8cb3-48a8-9e07-3db32ed9a35d,internal,"Corporate Finance reader, spiral bound",,textbooks,,used_fair,1500,false,false,10027,sold,2,0,0,,2025-05-31T11:21:44+00:00,2025-06-03T23:22:33+00:00
6a03c06d-929a-4d3a-96fa-c97bf58c65a6,b000127a-7ff3-4aba-9f9f-56872787d1ed,internal,"Kobo Clara, wifi",,electronics,,used_good,6500,false,true,10128,active,183,13,6,,2025-05-31T16:37:02+00:00,
4601169e-db86-4ac5-8747-34554b0366e6,8c0f035c-ed24-4e92-9e38-7d7562011845,internal,"Memory foam mattress topper, full","Solid, no wobble — one small scuff on the back left that you cannot see once it is against a wall. Finished the course, so I no longer need it. Cash or Venmo. I can meet near the Columbia gates any afternoon. Original box and instructions included.",furniture,beds_mattresses,used_good,2000,false,false,10027,sold,48,5,0,,2025-05-31T21:18:05+00:00,2025-06-21T23:20:35+00:00
9e349227-42c3-47db-9371-27358140ffe2,0474d78b-b695-4c1a-967f-6fc9587ddc43,internal,"Blundstone 550, US 9","Barely touched — I moved into a furnished place two weeks later. I am graduating in May and everything has to go before I move out. Easy pickup near Morningside Heights, evenings and weekends work best.",clothing,,like_new,9500,false,false,10027,active,57,8,0,,2025-06-01T18:06:09+00:00,
39781af8-1b41-439e-a552-53f45cf5958d,1738f94b-1c67-4612-9cd8-819ca50c35e3,internal,"Winter boots, size XS, waterproof","Fair condition, priced to reflect it. Works fine, looks lived in. Upgraded to a bigger one and have no room for both. Cash or Venmo. I can meet near the Columbia gates any afternoon.",clothing,,used_fair,7000,false,true,10026,active,52,4,0,,2025-06-02T02:13:01+00:00,
931cfe29-bfd5-4189-94c4-2214505ed6bf,c90cc779-75f4-4f0d-8f0e-bf02ad0ba33c,internal,"Weight bench, folding","Used for two semesters and it has held up well. Nothing broken, a bit of normal wear. Upgraded to a bigger one and have no room for both. Easy pickup near Morningside Heights, evenings and weekends work best.",sports,,used_good,11000,false,true,10024,active,35,2,0,,2025-06-03T04:23:22+00:00,
8b6e54dd-b7ad-46fa-9b6a-1c69a078eb65,e5f76da6-068a-4b15-bb2c-649e314a26ed,internal,Queen mattress + metal frame,"Barely touched — I moved into a furnished place two weeks later. I am graduating in May and everything has to go before I move out. Easy pickup near the Columbia gates, evenings and weekends work best. I will throw in the matching lamp for free.",furniture,beds_mattresses,like_new,18000,false,false,10027,reserved,134,10,0,,2025-06-03T09:40:53+00:00,
6301b5ee-e146-49cd-bd78-be28a23cc455,659f0acc-033d-4e42-acb5-b569fa69a743,internal,Cuckoo 6-cup rice cooker,"Everything works. A couple of light marks from moving, nothing structural. Bought it for a sublet that ended early. Cash or Venmo. I can meet near Morningside Heights any afternoon.",kitchen_home,,used_good,8000,false,true,10027,sold,3,0,0,,2025-06-03T13:28:51+00:00,2025-06-08T01:23:05+00:00
a92b6a82-97f7-464e-8fd1-c7ec2dd6dd51,2e33ff49-a484-4f82-95d2-dc4216703bb3,internal,Xiaomi M365 scooter,"Well used and it shows — a few dents and one sticky drawer, but it does its job. I am graduating in May and everything has to go before I move out. Cash or Venmo. I can meet near 116th & Broadway any afternoon.",bikes_transport,,used_fair,7500,false,false,10027,sold,2,0,0,,2025-06-04T17:57:58+00:00,2025-06-10T17:03:29+00:00
da58c110-c81e-4067-a992-06d7a1dbc5da,6236d33d-7b57-486d-81e8-a247d50fa2a4,internal,Machine Learning 7th ed. + solutions manual,"Solid, no wobble — one small scuff on the back left that you cannot see once it is against a wall. Bought it for a sublet that ended early. Pickup only, 3rd floor with an elevator — I can help carry it down to the street.",textbooks,,used_good,2500,false,false,11238,sold,21,2,0,,2025-06-05T03:50:12+00:00,2025-06-06T22:51:11+00:00
23346e52-85d0-402b-8f55-f88ae3836716,b3756f66-bc0a-4be7-b18e-d5a43ae2cb20,internal,"Suit, size S, tailored once",Used it for about a month and it looks the same as the day I got it. Bought it for a sublet that ended early. Collect from 116th & Broadway; message me and we will find a time.,clothing,,like_new,9500,false,false,10027,active,83,6,0,,2025-06-05T09:12:23+00:00,
455a6556-5ac5-4a89-bcd2-8400b2c34c40,3e7caac0-1ca6-4783-9a3e-0aec999045f7,internal,"Coffee table, black-brown","Everything works. A couple of light marks from moving, nothing structural. Bought it for a sublet that ended early. Easy pickup near Morningside Heights, evenings and weekends work best.",furniture,sofas_tables,used_good,5000,false,true,10027,sold,41,5,0,,2025-06-07T14:06:09+00:00,2025-06-21T15:09:08+00:00
dc186002-ce54-4b6e-9288-f3934a544afa,fd24cb3c-d535-4d3e-8f20-04616346c1f3,internal,"Mechanical keyboard, navy","Everything works. A couple of light marks from moving, nothing structural. Bought it for a sublet that ended early. Collect from campus; message me and we will find a time. Can send more photos of any detail you want to see.",electronics,,used_good,7500,false,true,10013,active,278,19,2,,2025-06-08T06:35:12+00:00,
8700c25b-d45d-4b87-b219-b2460af5a538,659f0acc-033d-4e42-acb5-b569fa69a743,internal,Razor kick scooter,"Well used and it shows — a few dents and one sticky drawer, but it does its job. Finished the course, so I no longer need it. Cash or Venmo. I can meet near Amsterdam Ave any afternoon. Can send more photos of any detail you want to see.",bikes_transport,,used_fair,14000,false,false,10027,active,615,50,5,,2025-06-08T19:21:46+00:00,
8cdca155-1376-47f5-8371-ded05abd777e,af587165-10af-4199-96d6-3bcb946bf36d,internal,"Desk chair, birch, adjustable",,furniture,chairs,used_fair,2000,false,false,10025,sold,20,2,0,,2025-06-09T09:50:14+00:00,2025-06-14T07:31:45+00:00
3bb33766-5695-40bd-861f-f7c25e5511f2,ab56d43e-6b4a-43a3-9b6c-f3bae36c4bb6,internal,"Desk chair, beige, adjustable","Solid, no wobble — one small scuff on the back left that you cannot see once it is against a wall. Heading back home after this semester and cannot take it with me. Pickup only, 3rd floor with an elevator — I can help carry it down to the street.",furniture,chairs,used_good,8000,false,false,10037,sold,9,2,0,,2025-06-10T14:13:08+00:00,2025-06-23T00:56:47+00:00
e3a1d050-99f2-4c14-b615-eb94dfbd473d,e7f25965-2024-4c9f-a575-caa1e7bc13df,internal,"LG 27"" 4K monitor + stand","Solid, no wobble — one small scuff on the back left that you cannot see once it is against a wall. I am graduating in May and everything has to go before I move out. Easy pickup near 116th & Broadway, evenings and weekends work best.",electronics,,used_good,19000,false,true,10025,active,66,7,1,,2025-06-10T16:50:19+00:00,
029756b4-f122-4907-b384-fdbd36043f2b,75fb3cc3-3a13-475e-9146-fa6c2c28ad75,internal,"Air purifier, works fine","Never used. Bought it in September and it has sat in the box since. Finished the course, so I no longer need it. Pickup only, 3rd floor with an elevator — I can help carry it down to the street.",kitchen_home,,new,12000,false,false,10027,active,99,14,2,,2025-06-10T22:08:20+00:00,
2825b554-8775-4dc9-b3d8-74bd92cb1828,75a9c08b-c3f9-48ea-bba3-d6136d51a785,internal,"Coffee table, walnut","Everything works. A couple of light marks from moving, nothing structural. Upgraded to a bigger one and have no room for both. Happy to hold it for a day if you need to arrange a car.",furniture,sofas_tables,used_good,8000,false,true,11205,sold,16,1,0,,2025-06-10T22:27:27+00:00,2025-06-16T17:49:24+00:00
e6a2e337-9d9c-4388-80fe-d83cd5a1c04b,9f74975f-3000-4ef2-b2a2-1cdac8513b60,internal,Water filter pitcher + 2 filters,"Unopened, tags still on. Bought two by mistake. Upgraded to a bigger one and have no room for both. Collect from 116th & Broadway; message me and we will find a time.",kitchen_home,,new,3000,false,false,10024,active,263,27,4,,2025-06-11T01:58:29+00:00,
a321d099-b04f-41cc-a9af-a6f05e5476b7,743aae1e-e024-4953-a3ae-1413333f514f,internal,"Standing desk, electric, 140×65","Fair condition, priced to reflect it. Works fine, looks lived in. Heading back home after this semester and cannot take it with me. Cash or Venmo. I can meet near 116th & Broadway any afternoon.",furniture,desks,used_fair,7000,false,false,10027,active,67,2,0,,2025-06-11T03:48:29+00:00,
17060348-c3cd-42cb-9957-a817f47fcba3,183fdc19-a9c5-4db8-a9f3-e0f20feea8e8,internal,Water filter pitcher + 2 filters,"Used it for about a month and it looks the same as the day I got it. Bought it for a sublet that ended early. Pickup only, 3rd floor with an elevator — I can help carry it down to the street.",kitchen_home,,like_new,1500,false,true,10027,active,55,4,0,,2025-06-11T11:53:05+00:00,
6c601297-96a5-4ef5-80f4-0d8031f18836,32a7fe23-fa7e-4905-9afd-b6639736963d,internal,"Loveseat sofa, walnut","Solid, no wobble — one small scuff on the back left that you cannot see once it is against a wall. Moving to a smaller place at the end of the month, so it needs a new home. Easy pickup near the Columbia gates, evenings and weekends work best.",furniture,sofas_tables,used_good,11000,false,false,10027,reserved,104,10,0,,2025-06-11T18:21:35+00:00,
05b58724-3ec6-43fa-8b11-da5d4cd25be9,9fa1bd7e-fe95-4d72-89e0-17853678fb5b,internal,Cuisinart toaster oven,,kitchen_home,,used_good,5000,false,true,10018,active,158,15,1,,2025-06-12T15:26:21+00:00,
b02b1279-8711-4f0e-9081-7003f5c556cc,659f0acc-033d-4e42-acb5-b569fa69a743,internal,"Bike lock, lights and helmet bundle","Used it for about a month and it looks the same as the day I got it. Heading back home after this semester and cannot take it with me. Pickup only, 3rd floor with an elevator — I can help carry it down to the street.",bikes_transport,,like_new,5000,false,false,10027,sold,6,1,0,,2025-06-13T19:32:26+00:00,2025-06-21T21:23:32+00:00
755caa5d-6349-4ecf-baf6-a907523657b6,6695a266-c3cd-43a7-a7fb-fcac77328615,internal,Logitech mouse + desk mat,"Well used and it shows — a few dents and one sticky drawer, but it does its job. Upgraded to a bigger one and have no room for both. Pickup only, 3rd floor with an elevator — I can help carry it down to the street. Original box and instructions included.",electronics,,used_fair,4500,false,false,10027,draft,0,0,0,,2025-06-14T09:10:42+00:00,
b777a03a-851e-4d86-9bad-687925c503c5,0d63423b-88a8-461b-94f4-e18357eba2f3,internal,"Surface Laptop 4, 8GB/256GB","Used for two semesters and it has held up well. Nothing broken, a bit of normal wear. I am graduating in May and everything has to go before I move out. Collect from the Columbia gates; message me and we will find a time.",electronics,,used_good,32000,false,false,10031,sold,5,0,0,,2025-06-14T09:47:23+00:00,2025-06-25T05:16:56+00:00
c2ae7ec4-55ea-45ac-a60b-148506e5eebb,2e23fd62-664f-4904-93b9-98484374da38,internal,"Mechanical keyboard, white",Barely touched — I moved into a furnished place two weeks later. I am graduating in May and everything has to go before I move out. Happy to hold it for a day if you need to arrange a car. Original box and instructions included.,electronics,,like_new,6500,false,false,10038,sold,19,1,0,,2025-06-15T10:08:31+00:00,2025-06-23T03:28:44+00:00
d5ebe77f-ef60-460e-a06e-f8d466941e3c,3b30a6e4-3c57-4bbd-9b03-022e7facb880,internal,"Loveseat sofa, navy","Good condition overall — some honest wear, but nothing that affects using it. Finished the course, so I no longer need it. Cash or Venmo. I can meet near the Columbia gates any afternoon.",furniture,sofas_tables,used_good,31000,false,true,10027,active,232,15,6,,2025-06-15T12:52:52+00:00,
204b142d-95b8-4abf-a1b8-b17c265d8169,5d717b99-735c-4981-87a3-225adde8acea,internal,Adjustable dumbbell pair,Used it for about a month and it looks the same as the day I got it. I am graduating in May and everything has to go before I move out. Happy to hold it for a day if you need to arrange a car.,sports,,like_new,6000,false,false,10027,active,48,2,0,,2025-06-15T20:48:09+00:00,
9b595606-e5f6-444c-b3e3-6bd16e8628f7,b000127a-7ff3-4aba-9f9f-56872787d1ed,internal,"Weight bench, folding","Solid, no wobble — one small scuff on the back left that you cannot see once it is against a wall. Moving to a smaller place at the end of the month, so it needs a new home. Pickup only, 3rd floor with an elevator — I can help carry it down to the street.",sports,,used_good,5000,false,false,10128,reserved,141,10,3,,2025-06-18T12:10:16+00:00,
8525890c-f99d-403c-b9a9-d16ad77b3eda,ba4e0520-1425-44b4-ba42-764ccd9799f7,internal,"Standing fan, works fine","Solid, no wobble — one small scuff on the back left that you cannot see once it is against a wall. Upgraded to a bigger one and have no room for both. Easy pickup near campus, evenings and weekends work best. Original box and instructions included.",kitchen_home,,used_good,9500,false,false,10027,active,67,2,0,,2025-06-18T15:36:11+00:00,
e26a46b3-dd63-45df-9810-2130fbbdd0d2,bc9cbd74-f51e-47e9-ba77-1f2c017e9cca,internal,"North Face puffer, size M","Solid, no wobble — one small scuff on the back left that you cannot see once it is against a wall. Heading back home after this semester and cannot take it with me. Easy pickup near 116th & Broadway, evenings and weekends work best. Open to a small discount if you take it today.",clothing,,used_good,8000,false,false,10463,sold,2,0,0,,2025-06-19T07:07:01+00:00,2025-06-22T17:56:42+00:00
f8096c81-e3f5-4b68-86bd-cb5543a836ad,44dae102-8716-4274-95ac-bf413382999a,internal,Rolling clothes rack + hangers,"Everything works. A couple of light marks from moving, nothing structural. I am graduating in May and everything has to go before I move out. Happy to hold it for a day if you need to arrange a car.",furniture,storage_shelving,used_good,2000,false,false,10026,active,52,5,1,,2025-06-19T08:02:03+00:00,
4b2c532b-34ec-4504-81af-a016ce6b81ef,c3e6de0b-ae0e-464a-aeef-51bebdd50073,internal,"Houseplant (pothos), collect this week","Everything works. A couple of light marks from moving, nothing structural. I am graduating in May and everything has to go before I move out. Easy pickup near the Columbia gates, evenings and weekends work best.",free_stuff,,used_good,0,true,false,10027,sold,8,1,0,,2025-06-21T04:55:34+00:00,2025-06-25T09:28:31+00:00
f15913be-e38d-45c7-b2fc-fcb395549e7c,04ef5bae-6f20-43c1-84c2-80053a99d1b1,internal,"Steelcase Leap, size A","Well used and it shows — a few dents and one sticky drawer, but it does its job. I am graduating in May and everything has to go before I move out. Cash or Venmo. I can meet near Amsterdam Ave any afternoon. Open to a small discount if you take it today.",furniture,chairs,used_fair,4500,false,false,10025,sold,31,0,1,,2025-06-21T18:56:44+00:00,2025-06-23T20:35:07+00:00
9bdfd48c-43e1-499a-a903-490863c82326,054fe171-2aa2-4064-be59-369e103477d7,internal,Anker power strip + USB-C hub,"Used for two semesters and it has held up well. Nothing broken, a bit of normal wear. I am graduating in May and everything has to go before I move out. Happy to hold it for a day if you need to arrange a car. Open to a small discount if you take it today.",electronics,,used_good,0,true,false,10031,active,337,35,7,,2025-06-22T07:20:29+00:00,
8e682d81-a159-4d72-9c28-499b13a12313,484b4933-21fa-4a46-904b-33017ff3857f,internal,"Standing desk, electric, 100×50","Barely touched — I moved into a furnished place two weeks later. I am graduating in May and everything has to go before I move out. Easy pickup near 116th & Broadway, evenings and weekends work best.",furniture,desks,like_new,31000,false,false,10031,active,97,7,2,,2025-06-24T00:02:10+00:00,
3c020839-2491-42e0-a48c-637cece51ce6,4cf59a7d-3daf-44fe-8e86-aa4389b82fc0,internal,"IPad Air, wifi","Solid, no wobble — one small scuff on the back left that you cannot see once it is against a wall. Finished the course, so I no longer need it. Easy pickup near the Columbia gates, evenings and weekends work best.",electronics,,used_good,21000,false,false,10280,active,268,25,3,,2025-06-24T03:17:29+00:00,
4a29ece7-b0e6-428c-bf66-ff2cfeba599f,eb37e445-ad15-450f-aac9-165635b7ef7b,internal,Rolling clothes rack + hangers,Used it for about a month and it looks the same as the day I got it. Upgraded to a bigger one and have no room for both. Cash or Venmo. I can meet near Morningside Heights any afternoon. Open to a small discount if you take it today.,furniture,storage_shelving,like_new,7000,false,false,10039,sold,11,1,0,,2025-06-25T05:03:00+00:00,2025-07-02T12:33:57+00:00
f13f76c9-6dde-4a3c-9f74-809ad10c5458,9f74975f-3000-4ef2-b2a2-1cdac8513b60,internal,"Weight bench, folding",,sports,,used_good,6500,false,false,10024,sold,30,4,1,,2025-06-25T17:08:46+00:00,2025-07-08T02:39:13+00:00
bda385b1-310b-4019-9e4e-753c9e48667f,eb37e445-ad15-450f-aac9-165635b7ef7b,internal,"New Balance 990, US 9","Used it for about a month and it looks the same as the day I got it. Moving to a smaller place at the end of the month, so it needs a new home. Pickup only, 3rd floor with an elevator — I can help carry it down to the street. Open to a small discount if you take it today.",clothing,,like_new,13000,false,false,10039,active,15,1,0,,2025-06-26T05:16:18+00:00,
5a2df48b-c7e4-4393-bc8c-8d1f7ece019c,4191e4fb-4f72-4e71-ad79-a05abd92be9f,internal,"HON Ignition, size A",Barely touched — I moved into a furnished place two weeks later. Heading back home after this semester and cannot take it with me. Happy to hold it for a day if you need to arrange a car.,furniture,chairs,like_new,16000,false,false,11354,active,106,12,0,,2025-06-26T22:41:44+00:00,
9d7a93ab-4926-485e-bc4d-f821930e2c5b,904d370b-c057-4076-ab96-6f35351482c2,internal,"Statistical Inference reader, spiral bound","Fair condition, priced to reflect it. Works fine, looks lived in. Bought it for a sublet that ended early. Pickup only, 3rd floor with an elevator — I can help carry it down to the street.",textbooks,,used_fair,2000,false,true,10031,draft,0,0,0,,2025-07-01T04:07:04+00:00,
d7223262-f15c-4044-ba9d-194999c573e5,e19797db-e29f-48c3-a7bc-6f3ee4494c8c,internal,"Suit, size XS, tailored once","Good condition overall — some honest wear, but nothing that affects using it. I am graduating in May and everything has to go before I move out. Happy to hold it for a day if you need to arrange a car.",clothing,,used_good,8500,false,false,10027,active,54,7,1,,2025-07-01T09:17:52+00:00,
873e0776-af87-464d-8cd2-99ae36cda9bd,f91ff251-1181-4bdc-acdc-09ddd07c0f6b,internal,Corporate Finance — full course bundle,"Used it for about a month and it looks the same as the day I got it. Moving to a smaller place at the end of the month, so it needs a new home. Happy to hold it for a day if you need to arrange a car. I will throw in the matching lamp for free.",textbooks,,like_new,9000,false,false,10027,active,123,13,0,,2025-07-01T13:29:04+00:00,
52d5a1f5-103d-4ca9-8f3a-f26616142acb,ce36aea6-fdbd-41f0-af71-96972ce4d5d1,internal,"Space heater, works fine","Solid, no wobble — one small scuff on the back left that you cannot see once it is against a wall. Upgraded to a bigger one and have no room for both. Happy to hold it for a day if you need to arrange a car. Open to a small discount if you take it today.",kitchen_home,,used_good,6500,false,false,10027,sold,6,0,0,,2025-07-02T04:51:33+00:00,2025-07-18T15:15:23+00:00
457575f6-9bc6-4f87-bb11-65f3aae99d1e,3b30a6e4-3c57-4bbd-9b03-022e7facb880,internal,"Epidemiology (Wiley), international edition","Used it for about a month and it looks the same as the day I got it. Moving to a smaller place at the end of the month, so it needs a new home. Collect from campus; message me and we will find a time.",textbooks,,like_new,4500,false,false,10027,sold,39,5,0,,2025-07-03T04:57:02+00:00,2025-07-23T02:09:15+00:00
a049ecb8-4842-484e-a234-06b367dc9f21,b9468cb9-ed1b-40fe-a021-2f6da1f2925d,internal,"Data Structures (Wiley), international edition","Brand new, still sealed — I ordered the wrong size and the return window closed. Upgraded to a bigger one and have no room for both. Cash or Venmo. I can meet near 116th & Broadway any afternoon. Can send more photos of any detail you want to see.",textbooks,,new,4000,false,false,10031,active,67,2,2,,2025-07-03T22:57:02+00:00,
0f31107f-4b2d-4630-b929-6bb1d746954c,bdd3bd04-7e4b-4d82-816f-dceb5fae55ea,internal,"Organic Chemistry reader, spiral bound","Barely touched — I moved into a furnished place two weeks later. Heading back home after this semester and cannot take it with me. Easy pickup near the Columbia gates, evenings and weekends work best.",textbooks,,like_new,2000,false,true,10025,sold,15,1,0,,2025-07-07T06:03:37+00:00,2025-07-11T00:28:29+00:00
674db75c-001e-4cb7-bc39-46b4e6d55094,ba4e0520-1425-44b4-ba42-764ccd9799f7,internal,"Shoe rack, collect this week",Some visible wear and a small chip on one corner. Happy to send more photos. Bought it for a sublet that ended early. Cash or Venmo. I can meet near campus any afternoon.,free_stuff,,used_fair,0,true,false,10027,sold,19,0,1,,2025-07-07T09:56:28+00:00,2025-07-23T02:54:31+00:00
a06e3b15-10a6-4d85-ae6a-603b89949ecb,8d0a4127-34d4-4cb0-ab2c-8a44732c4636,internal,"Microwave, works fine","Genuinely like new. No marks, everything works exactly as it should. Moving to a smaller place at the end of the month, so it needs a new home. Pickup only, 3rd floor with an elevator — I can help carry it down to the street.",kitchen_home,,like_new,6500,false,false,10027,sold,8,3,0,,2025-07-07T13:14:50+00:00,2025-07-12T23:25:55+00:00
ccd6027b-1e7f-4213-af50-8efa6df38312,e5d66484-0921-411a-aecc-60e791695a29,internal,"North Face puffer, size L","Solid, no wobble — one small scuff on the back left that you cannot see once it is against a wall. Finished the course, so I no longer need it. Easy pickup near the Columbia gates, evenings and weekends work best. Original box and instructions included.",clothing,,used_good,7500,false,false,10027,active,38,4,0,,2025-07-07T13:37:36+00:00,
eded9c00-e2bc-48f3-bfa5-ccbe122a1f62,f79de4b1-f0cc-45e9-85c3-b3112725fde1,internal,"IKEA NEIDEN bed frame, queen","Fair condition, priced to reflect it. Works fine, looks lived in. Moving to a smaller place at the end of the month, so it needs a new home. Cash or Venmo. I can meet near the Columbia gates any afternoon.",furniture,beds_mattresses,used_fair,6500,false,false,10027,active,67,4,0,,2025-07-07T19:57:32+00:00,
c0a51e39-5e45-4d22-80bd-4965474103c5,1ce85b38-45d8-4fc2-a23d-d01ad37ee8fb,internal,Corporate Finance 9th ed. + solutions manual,"Solid, no wobble — one small scuff on the back left that you cannot see once it is against a wall. Moving to a smaller place at the end of the month, so it needs a new home. Happy to hold it for a day if you need to arrange a car.",textbooks,,used_good,3000,false,true,10027,sold,15,2,0,,2025-07-08T04:10:43+00:00,2025-07-13T22:11:42+00:00
5b86027a-891c-40ab-a231-e40702ff7679,53cbc155-02f5-409e-90b8-e1d1b8a42be9,internal,"Cannondale Quick 4, M frame","Genuinely like new. No marks, everything works exactly as it should. Heading back home after this semester and cannot take it with me. Easy pickup near Amsterdam Ave, evenings and weekends work best. Original box and instructions included.",bikes_transport,,like_new,40000,false,true,10009,active,58,5,0,,2025-07-08T22:11:15+00:00,
153f3830-cc47-41d7-8014-8f63a1f58f99,054fe171-2aa2-4064-be59-369e103477d7,internal,Bike rack and floor pump,"Some visible wear and a small chip on one corner. Happy to send more photos. Moving to a smaller place at the end of the month, so it needs a new home. Collect from 116th & Broadway; message me and we will find a time.",bikes_transport,,used_fair,2000,false,false,10031,sold,12,2,0,,2025-07-10T19:09:29+00:00,2025-07-13T06:15:55+00:00
7228aeb1-0c7a-4d3c-9f40-73b4470e41e5,09df0479-c184-43eb-84fc-57806ea9743a,internal,"Weight bench, folding","Barely touched — I moved into a furnished place two weeks later. Moving to a smaller place at the end of the month, so it needs a new home. Cash or Venmo. I can meet near Morningside Heights any afternoon. Can send more photos of any detail you want to see.",sports,,like_new,17000,false,true,10025,active,64,6,0,,2025-07-10T21:30:07+00:00,
5d6f4add-9f8a-4a74-8791-a04ac5dfcdc8,1e35bc63-b9b9-4dc0-bbca-ba32d6a1676f,internal,Rolling clothes rack + hangers,"Solid, no wobble — one small scuff on the back left that you cannot see once it is against a wall. Moving to a smaller place at the end of the month, so it needs a new home. Pickup only, 3rd floor with an elevator — I can help carry it down to the street. I will throw in the matching lamp for free.",furniture,storage_shelving,used_good,2500,false,true,10037,active,150,5,0,,2025-07-11T00:58:50+00:00,
4701d6c8-e20c-4712-afac-19c03aeea641,37390ee9-6f2d-4d2e-b299-70e58443cd04,internal,"Bike lock, lights and helmet bundle","Solid, no wobble — one small scuff on the back left that you cannot see once it is against a wall. Finished the course, so I no longer need it. Pickup only, 3rd floor with an elevator — I can help carry it down to the street. Original box and instructions included.",bikes_transport,,used_good,7000,false,false,10040,reserved,99,6,3,,2025-07-13T12:25:08+00:00,
fde7c0cd-44cf-4d6c-8fed-d10252e20580,054fe171-2aa2-4064-be59-369e103477d7,internal,Assorted kitchen utensils — free to a good home,,free_stuff,,used_fair,0,true,false,10031,sold,7,0,0,,2025-07-15T01:07:13+00:00,2025-07-17T09:53:25+00:00
500b8d61-6659-4a5e-b5d8-e3fead898442,0581305f-6e14-482c-94be-e2a7bab71968,internal,"Standing desk, electric, 120×60","Everything works. A couple of light marks from moving, nothing structural. I am graduating in May and everything has to go before I move out. Cash or Venmo. I can meet near 116th & Broadway any afternoon.",furniture,desks,used_good,12000,false,false,10463,active,348,41,6,,2025-07-15T05:19:42+00:00,
00c3c7a2-9816-4003-b67a-fb11e9dade22,666bc6ff-a4ef-4446-b1f3-452d89ab9300,internal,Yoga mat + blocks,"Used for two semesters and it has held up well. Nothing broken, a bit of normal wear. Bought it for a sublet that ended early. Happy to hold it for a day if you need to arrange a car.",sports,,used_good,2000,false,false,10027,active,89,5,1,,2025-07-15T22:21:04+00:00,
8b6fbfb3-c92c-4e5c-bdd9-88ba5d256226,e0ac1371-730b-4fd6-8af4-80859ee0ade7,internal,Folding shopping cart,Barely touched — I moved into a furnished place two weeks later. Upgraded to a bigger one and have no room for both. Cash or Venmo. I can meet near Amsterdam Ave any afternoon. Open to a small discount if you take it today.,bikes_transport,,like_new,3500,false,false,10038,active,129,9,1,,2025-07-18T07:04:14+00:00,
ca98843e-874d-4c6c-ba08-737d43a6437d,8655633c-8b61-41b6-8e06-e79ce464e099,internal,"Bike lock, lights and helmet bundle","Well used and it shows — a few dents and one sticky drawer, but it does its job. Moving to a smaller place at the end of the month, so it needs a new home. Cash or Venmo. I can meet near Morningside Heights any afternoon. Can send more photos of any detail you want to see.",bikes_transport,,used_fair,2000,false,true,10025,active,82,3,0,,2025-07-18T09:05:44+00:00,
0d1bc024-3655-46d1-af1f-56d9f6a3f2f1,09df0479-c184-43eb-84fc-57806ea9743a,internal,Machine Learning — full course bundle,"Solid, no wobble — one small scuff on the back left that you cannot see once it is against a wall. Finished the course, so I no longer need it. Cash or Venmo. I can meet near 116th & Broadway any afternoon.",textbooks,,used_good,5500,false,false,10025,active,159,13,4,,2025-07-18T21:52:07+00:00,
a6dbb689-b857-42dd-af4c-a4714afc6ce3,fba653f1-56a1-4e32-b3a6-1205a8a2e461,internal,"Blundstone 550, US 9","Everything works. A couple of light marks from moving, nothing structural. Bought it for a sublet that ended early. Cash or Venmo. I can meet near the Columbia gates any afternoon. Original box and instructions included.",clothing,,used_good,5500,false,true,10025,sold,6,1,0,,2025-07-19T00:01:00+00:00,2025-07-27T08:39:43+00:00
be1b1176-683b-4b3a-b98e-a062edd756e5,75fb3cc3-3a13-475e-9146-fa6c2c28ad75,internal,Financial Accounting international ed. + solutions manual,"Good condition overall — some honest wear, but nothing that affects using it. Moving to a smaller place at the end of the month, so it needs a new home. Pickup only, 3rd floor with an elevator — I can help carry it down to the street.",textbooks,,used_good,3500,false,true,10027,active,24,1,0,,2025-07-20T11:26:27+00:00,
64a99ab6-856a-4138-87e2-89aee471e05c,3e1135b6-a11d-4440-9839-7607ab0df809,internal,Instant Pot Duo 6qt,Used it for about a month and it looks the same as the day I got it. Bought it for a sublet that ended early. Happy to hold it for a day if you need to arrange a car. Open to a small discount if you take it today.,kitchen_home,,like_new,9000,false,true,10013,active,255,21,4,,2025-07-20T19:43:37+00:00,
6a1992a1-a7e5-427a-ba15-0fdef081d619,1e35bc63-b9b9-4dc0-bbca-ba32d6a1676f,internal,"Memory foam mattress topper, queen","Good condition overall — some honest wear, but nothing that affects using it. Upgraded to a bigger one and have no room for both. Cash or Venmo. I can meet near the Columbia gates any afternoon.",furniture,beds_mattresses,used_good,6500,false,true,10037,active,66,9,1,,2025-07-23T04:25:12+00:00,
625789a0-f4fb-48f8-8b2d-80f538e3492f,659f0acc-033d-4e42-acb5-b569fa69a743,internal,"Canada Goose parka, size XS","Everything works. A couple of light marks from moving, nothing structural. Bought it for a sublet that ended early. Collect from Morningside Heights; message me and we will find a time.",clothing,,used_good,9000,false,false,10027,sold,38,4,0,,2025-07-24T03:31:49+00:00,2025-08-05T18:46:49+00:00
9a5de561-6fcd-478b-bde7-d22797550b8c,75a9c08b-c3f9-48ea-bba3-d6136d51a785,internal,"Pair of dining chairs, white","Barely touched — I moved into a furnished place two weeks later. Moving to a smaller place at the end of the month, so it needs a new home. Easy pickup near 116th & Broadway, evenings and weekends work best. I will throw in the matching lamp for free.",furniture,chairs,like_new,12000,false,true,11205,active,96,5,1,,2025-07-25T01:47:10+00:00,
a9940817-6544-48bb-8acf-15ff49fefa62,c2566d73-7996-4de6-8297-ed01fb83a333,internal,"Small writing desk, black-brown","Fair condition, priced to reflect it. Works fine, looks lived in. Bought it for a sublet that ended early. Collect from campus; message me and we will find a time. I will throw in the matching lamp for free.",furniture,desks,used_fair,4000,false,false,10025,active,72,7,0,,2025-07-25T11:33:59+00:00,
c26fdfd9-d8e6-451b-aef0-d33e76129200,2e33ff49-a484-4f82-95d2-dc4216703bb3,internal,"Blundstone 550, US 9","Solid, no wobble — one small scuff on the back left that you cannot see once it is against a wall. Moving to a smaller place at the end of the month, so it needs a new home. Easy pickup near Amsterdam Ave, evenings and weekends work best.",clothing,,used_good,12000,false,true,10027,sold,31,3,0,,2025-07-25T20:54:40+00:00,2025-08-04T04:57:09+00:00
1e89fd5d-5c13-48c4-855b-50ebba2a027f,1df596d4-a79f-4572-9306-495047dbf75e,internal,Set of 4 mugs and 4 glasses,"Fair condition, priced to reflect it. Works fine, looks lived in. I am graduating in May and everything has to go before I move out. Cash or Venmo. I can meet near campus any afternoon.",kitchen_home,,used_fair,1200,false,true,10027,active,71,10,1,,2025-07-27T07:49:31+00:00,
9488e7b2-9481-49f1-9acf-dd0f142f2496,b60473a7-fc1d-48a6-b979-2e6c324f1b4c,internal,"Pair of dining chairs, birch","Solid, no wobble — one small scuff on the back left that you cannot see once it is against a wall. Moving to a smaller place at the end of the month, so it needs a new home. Collect from 116th & Broadway; message me and we will find a time. Original box and instructions included.",furniture,chairs,used_good,9000,false,false,10027,active,67,3,0,,2025-07-27T08:02:26+00:00,
591cad1b-1309-40dd-8698-4a4bb7f4b168,99d52a61-bee5-4684-9df6-159e47cc27be,internal,Epidemiology — full course bundle,"Genuinely like new. No marks, everything works exactly as it should. Finished the course, so I no longer need it. Happy to hold it for a day if you need to arrange a car.",textbooks,,like_new,9000,false,true,10027,active,99,10,2,,2025-07-27T08:57:01+00:00,
59a6cb61-664b-4679-9e24-55e20e802381,39253471-72c7-42b6-ad3a-569f5728f21e,internal,Cuisinart toaster oven,"Used for two semesters and it has held up well. Nothing broken, a bit of normal wear. Bought it for a sublet that ended early. Easy pickup near Amsterdam Ave, evenings and weekends work best.",kitchen_home,,used_good,5000,false,true,10031,active,40,2,0,,2025-07-27T09:57:49+00:00,
f85ad68c-6ef7-463d-a3da-d48833b9e1e5,2e33ff49-a484-4f82-95d2-dc4216703bb3,internal,"IPad 9th gen, wifi","Barely touched — I moved into a furnished place two weeks later. Moving to a smaller place at the end of the month, so it needs a new home. Cash or Venmo. I can meet near Amsterdam Ave any afternoon.",electronics,,like_new,29000,false,false,10027,active,6,1,0,,2025-07-27T23:34:45+00:00,
a1b58eee-0f51-4373-b436-77a642e42e2f,e294d7c5-9f72-4226-9091-d2cf6c147a17,internal,Folding dining table + 2 chairs,Used it for about a month and it looks the same as the day I got it. Upgraded to a bigger one and have no room for both. Collect from Morningside Heights; message me and we will find a time.,furniture,sofas_tables,like_new,14000,false,true,10031,sold,11,2,0,,2025-07-28T17:22:08+00:00,2025-07-30T16:10:24+00:00
dda55464-e81d-4641-923e-ce43f16e98d1,0d63423b-88a8-461b-94f4-e18357eba2f3,internal,"3-drawer dresser, beige","Solid, no wobble — one small scuff on the back left that you cannot see once it is against a wall. Heading back home after this semester and cannot take it with me. Happy to hold it for a day if you need to arrange a car.",furniture,storage_shelving,used_good,6500,false,false,10031,reserved,166,11,0,,2025-07-29T02:18:29+00:00,
0c21f54b-1386-4308-bdb0-862ce829cd5d,17bc3a75-830c-41bc-b847-8447593a7d03,internal,"Dyson V8 cordless vacuum, all heads","Solid, no wobble — one small scuff on the back left that you cannot see once it is against a wall. Moving to a smaller place at the end of the month, so it needs a new home. Cash or Venmo. I can meet near the Columbia gates any afternoon.",electronics,,used_good,22000,false,false,10025,active,78,9,1,,2025-07-29T20:10:40+00:00,
a42ed52c-31fb-4193-a168-219f9e34b6b4,ff34dee7-a247-40d7-b920-a3d2e7a536c2,internal,"Suit, size L, tailored once",,clothing,,new,15000,false,true,10037,sold,16,2,1,,2025-07-30T00:04:34+00:00,2025-07-30T18:47:49+00:00
a92166e7-0304-4704-90c7-b36713db6f15,8ca12932-1c6f-4ce8-b5ac-da66575fd911,internal,Managerial Economics — full course bundle,,textbooks,,used_good,3000,false,true,10027,sold,5,0,0,,2025-07-30T05:28:32+00:00,2025-08-03T12:32:28+00:00
48da3fcb-ea49-4f7b-9425-3e96c5413e61,2e33ff49-a484-4f82-95d2-dc4216703bb3,internal,"Schwinn hybrid, M frame, recently serviced","Solid, no wobble — one small scuff on the back left that you cannot see once it is against a wall. Bought it for a sublet that ended early. Easy pickup near 116th & Broadway, evenings and weekends work best. I will throw in the matching lamp for free.",bikes_transport,,used_good,24000,false,true,10027,active,114,10,0,,2025-07-30T09:08:20+00:00,
031b5d1f-2f43-4264-a9a3-9123e235f923,ba4e0520-1425-44b4-ba42-764ccd9799f7,internal,"Doc Martens 1460, US 9","Good condition overall — some honest wear, but nothing that affects using it. Bought it for a sublet that ended early. Pickup only, 3rd floor with an elevator — I can help carry it down to the street.",clothing,,used_good,5500,false,false,10027,sold,5,0,0,,2025-07-31T02:53:05+00:00,2025-08-04T01:24:19+00:00
0ef452a4-6f44-44f8-9a3a-bb4c6ec65f22,2e23fd62-664f-4904-93b9-98484374da38,internal,"Humidifier, works fine",,kitchen_home,,like_new,6000,false,false,10038,active,101,8,2,,2025-07-31T16:17:12+00:00,
acd40ca9-9f92-4b80-8e09-742c4c484518,ded797b6-afed-4f9c-8ae0-35b3c61aa0e4,internal,"IKEA SLATTUM bed frame, twin XL","Genuinely like new. No marks, everything works exactly as it should. Finished the course, so I no longer need it. Easy pickup near the Columbia gates, evenings and weekends work best.",furniture,beds_mattresses,like_new,16000,false,true,10451,active,74,4,0,,2025-08-01T00:18:28+00:00,
01e4da87-2ab6-45c2-94dd-b5e08f383400,d1069292-d635-44f8-8c01-1494891ae61f,internal,"Futon sofa, grey","Good condition overall — some honest wear, but nothing that affects using it. Moving to a smaller place at the end of the month, so it needs a new home. Cash or Venmo. I can meet near Morningside Heights any afternoon.",furniture,sofas_tables,used_good,20000,false,true,10025,active,22,3,0,,2025-08-01T03:45:01+00:00,
82999e5e-3829-4a73-b691-345661fbe138,be814268-912b-47b4-8181-c0ede2b04826,internal,"Autonomous ErgoChair, size A",Used it for about a month and it looks the same as the day I got it. Upgraded to a bigger one and have no room for both. Collect from campus; message me and we will find a time.,furniture,chairs,like_new,10000,false,false,10023,sold,2,0,0,,2025-08-02T08:09:28+00:00,2025-08-05T11:18:05+00:00
d3459c5a-55dd-4ea4-979b-1472a2c34835,743aae1e-e024-4953-a3ae-1413333f514f,internal,"Coffee table, walnut","Used it for about a month and it looks the same as the day I got it. Moving to a smaller place at the end of the month, so it needs a new home. Happy to hold it for a day if you need to arrange a car.",furniture,sofas_tables,like_new,6500,false,false,10027,sold,24,1,1,,2025-08-02T11:18:21+00:00,2025-08-05T00:14:44+00:00
4a37ca97-e8e0-4070-8211-bf091a202321,c2566d73-7996-4de6-8297-ed01fb83a333,internal,"Data Structures reader, spiral bound","Used it for about a month and it looks the same as the day I got it. Heading back home after this semester and cannot take it with me. Pickup only, 3rd floor with an elevator — I can help carry it down to the street. Original box and instructions included.",textbooks,,like_new,5000,false,true,10025,sold,15,0,0,,2025-08-02T13:56:05+00:00,2025-08-15T18:39:30+00:00
c4e1fad6-bc35-47a8-bf21-de06208a317f,484b4933-21fa-4a46-904b-33017ff3857f,internal,"Winter boots, size L, waterproof",Used it for about a month and it looks the same as the day I got it. I am graduating in May and everything has to go before I move out. Cash or Venmo. I can meet near campus any afternoon. Can send more photos of any detail you want to see.,clothing,,like_new,8500,false,false,10031,sold,11,2,0,,2025-08-02T18:30:39+00:00,2025-08-03T19:49:14+00:00
5db82802-be66-4e13-89fc-9fcba9138570,9f74975f-3000-4ef2-b2a2-1cdac8513b60,internal,Financial Accounting international ed. + solutions manual,"Barely touched — I moved into a furnished place two weeks later. Finished the course, so I no longer need it. Happy to hold it for a day if you need to arrange a car.",textbooks,,like_new,9000,false,false,10024,sold,6,1,0,,2025-08-02T19:01:48+00:00,2025-08-22T15:12:21+00:00
d3655b37-5210-4b1c-9970-a7ac95b559d6,2ba2f93e-b90a-4582-9c0b-561477ec2dd4,internal,"Ski jacket and poles, size S","Used for two semesters and it has held up well. Nothing broken, a bit of normal wear. Finished the course, so I no longer need it. Collect from 116th & Broadway; message me and we will find a time. Original box and instructions included.",sports,,used_good,15000,false,true,10026,reserved,46,4,0,,2025-08-03T00:53:12+00:00,
0e73a2d7-d306-4c79-b892-9d61f5bca2c8,44dae102-8716-4274-95ac-bf413382999a,internal,"Data Structures reader, spiral bound","Brand new, still sealed — I ordered the wrong size and the return window closed. Finished the course, so I no longer need it. Happy to hold it for a day if you need to arrange a car.",textbooks,,new,4000,false,false,10026,sold,11,1,0,,2025-08-03T11:54:12+00:00,2025-08-06T13:15:20+00:00
649c42a8-4c24-4f52-a8d6-6558b1564ee2,2e23fd62-664f-4904-93b9-98484374da38,internal,"Coffee table, black-brown","Used for two semesters and it has held up well. Nothing broken, a bit of normal wear. Heading back home after this semester and cannot take it with me. Collect from campus; message me and we will find a time.",furniture,sofas_tables,used_good,5000,false,false,10038,sold,24,3,0,,2025-08-03T23:21:26+00:00,2025-08-11T10:24:23+00:00
48580c05-bd38-4a1c-a80c-336eb3309f5b,b7fef60e-e709-4148-b2be-091d4a9dc1a5,internal,"Organic Chemistry (Berk), international edition","Unopened, tags still on. Bought two by mistake. I am graduating in May and everything has to go before I move out. Cash or Venmo. I can meet near the Columbia gates any afternoon.",textbooks,,new,3500,false,false,10031,sold,12,2,0,,2025-08-04T00:51:32+00:00,2025-08-31T05:36:31+00:00
616fb5a3-a60b-4fc9-82fb-7862fed1aec2,e5f76da6-068a-4b15-bb2c-649e314a26ed,internal,"Mini fridge, works fine","Used it for about a month and it looks the same as the day I got it. Heading back home after this semester and cannot take it with me. Pickup only, 3rd floor with an elevator — I can help carry it down to the street.",kitchen_home,,like_new,7500,false,false,10027,active,101,8,2,,2025-08-04T20:16:25+00:00,
1c727975-81f0-4fc5-8d82-393c66645466,75fb3cc3-3a13-475e-9146-fa6c2c28ad75,internal,"Trek FX 2, S frame","Some visible wear and a small chip on one corner. Happy to send more photos. Moving to a smaller place at the end of the month, so it needs a new home. Happy to hold it for a day if you need to arrange a car.",bikes_transport,,used_fair,7000,false,false,10027,active,69,1,0,,2025-08-05T14:10:08+00:00,
c6049572-8311-463f-a1f4-893bcf645f85,2709bb2d-e639-44c0-920f-80a9f4c4955e,internal,Twin XL mattress + metal frame,"Some visible wear and a small chip on one corner. Happy to send more photos. Upgraded to a bigger one and have no room for both. Easy pickup near Morningside Heights, evenings and weekends work best.",furniture,beds_mattresses,used_fair,6000,false,true,10027,sold,53,4,1,,2025-08-05T17:36:11+00:00,2025-08-17T16:14:00+00:00
28347981-2448-4066-a788-c270dae8322b,7d339706-bfcc-4887-91f1-ec63d2d23823,internal,Microeconomics 12th ed. + solutions manual,"Genuinely like new. No marks, everything works exactly as it should. Bought it for a sublet that ended early. Pickup only, 3rd floor with an elevator — I can help carry it down to the street. Can send more photos of any detail you want to see.",textbooks,,like_new,7500,false,false,10031,active,89,8,0,,2025-08-06T19:45:46+00:00,
fd7e71d9-ffe6-48fe-8b31-b964068f4a69,577c7c58-b348-4b59-a994-19cbf0bd8b7f,internal,Data Structures — full course bundle,"Good condition overall — some honest wear, but nothing that affects using it. Heading back home after this semester and cannot take it with me. Collect from Morningside Heights; message me and we will find a time.",textbooks,,used_good,7500,false,true,10025,sold,9,1,1,,2025-08-07T23:24:08+00:00,2025-08-13T06:45:08+00:00
00da7bb2-4bbc-43c9-9c11-da6e57f9a627,51910d94-7df2-4595-be53-5b43cb379762,internal,"Constitutional Law (Cengage), international edition",,textbooks,,like_new,2500,false,false,10027,sold,11,2,0,,2025-08-08T10:28:26+00:00,2025-08-11T07:34:47+00:00
ea152f1a-9e85-48a4-86fc-9183bdc72a40,5ce43817-8afb-43c8-aa72-569b92aeb223,internal,Logitech mouse + desk mat,"Never used. Bought it in September and it has sat in the box since. Finished the course, so I no longer need it. Happy to hold it for a day if you need to arrange a car.",electronics,,new,6000,false,false,10027,sold,20,3,0,,2025-08-09T06:03:35+00:00,2025-08-16T13:44:27+00:00
97f55772-ef4f-45f6-95b5-fa65c1c9f808,681a768e-2c15-4f60-b8bb-6613e5d882f5,internal,Constitutional Law international ed. + solutions manual,,textbooks,,like_new,7000,false,false,10029,active,164,15,3,,2025-08-09T08:02:22+00:00,
a47a6870-4bd8-4569-862e-70bf30b24b6f,2e33ff49-a484-4f82-95d2-dc4216703bb3,internal,Drying rack — free to a good home,,free_stuff,,used_fair,0,true,false,10027,active,238,19,3,,2025-08-09T20:09:39+00:00,
e1ca2fc3-9caa-4289-8ccb-db73f7f0b089,e984c74d-dd4a-466b-b93f-7f517e76b6c7,internal,"Ski jacket and poles, size S","Good condition overall — some honest wear, but nothing that affects using it. I am graduating in May and everything has to go before I move out. Collect from the Columbia gates; message me and we will find a time.",sports,,used_good,7500,false,false,10027,active,32,0,1,,2025-08-10T01:30:24+00:00,
ab5ac6d3-f3b9-4e9e-b6e2-e3ea0d7be2dc,501e8ce4-ec88-49ee-8091-df9797903b55,internal,"Nike Air Force 1, US 9","Genuinely like new. No marks, everything works exactly as it should. Moving to a smaller place at the end of the month, so it needs a new home. Pickup only, 3rd floor with an elevator — I can help carry it down to the street.",clothing,,like_new,6500,false,false,10027,active,24,4,0,,2025-08-10T05:32:54+00:00,
a9d0fee7-c0ed-4133-8765-92017f4f95e1,7524322e-1510-48cc-868b-8d59b328109b,internal,"3-drawer dresser, navy","Used for two semesters and it has held up well. Nothing broken, a bit of normal wear. Heading back home after this semester and cannot take it with me. Pickup only, 3rd floor with an elevator — I can help carry it down to the street.",furniture,storage_shelving,used_good,9000,false,true,10027,active,156,19,2,,2025-08-10T06:57:29+00:00,
a05bbe84-2890-495e-ba0c-51b1cfe4909c,b2ebd1c7-416b-4645-a522-88f29c4fd3fa,internal,Sony WH-1000XM4 headphones,Used it for about a month and it looks the same as the day I got it. Heading back home after this semester and cannot take it with me. Cash or Venmo. I can meet near the Columbia gates any afternoon.,electronics,,like_new,10000,false,false,10025,sold,8,0,0,,2025-08-11T02:10:13+00:00,2025-08-16T05:59:20+00:00
e4ea32f7-fbd0-4db8-9f8d-769fca2ea5d0,eb37e445-ad15-450f-aac9-165635b7ef7b,internal,"Small writing desk, black-brown","Used for two semesters and it has held up well. Nothing broken, a bit of normal wear. Bought it for a sublet that ended early. Happy to hold it for a day if you need to arrange a car. Open to a small discount if you take it today.",furniture,desks,used_good,3000,false,false,10039,active,24,0,0,,2025-08-11T05:04:35+00:00,
c371c5ca-69f5-47f8-b2fc-5faa68061d9e,4366727f-cad9-45ec-ac07-3b7e024b94a1,internal,Water filter pitcher + 2 filters,"Everything works. A couple of light marks from moving, nothing structural. I am graduating in May and everything has to go before I move out. Happy to hold it for a day if you need to arrange a car.",kitchen_home,,used_good,1100,false,true,10027,sold,29,5,0,,2025-08-11T07:15:54+00:00,2025-08-17T19:22:18+00:00
247372ca-f233-4d42-9702-99f25ded971f,e1ed7e6e-8e69-4089-a848-80cc71f34ee0,internal,Managerial Economics (Pearson) 12th ed.,Used it for about a month and it looks the same as the day I got it. Bought it for a sublet that ended early. Cash or Venmo. I can meet near campus any afternoon.,textbooks,,like_new,4500,false,false,10025,sold,26,1,0,,2025-08-11T10:53:30+00:00,2025-08-22T13:32:23+00:00
8bd049e6-0786-433d-9a34-2792bfb8ce30,ff34dee7-a247-40d7-b920-a3d2e7a536c2,internal,Spalding basketball,"Solid, no wobble — one small scuff on the back left that you cannot see once it is against a wall. Bought it for a sublet that ended early. Easy pickup near Morningside Heights, evenings and weekends work best. Open to a small discount if you take it today.",sports,,used_good,3000,false,true,10037,draft,0,0,0,,2025-08-12T11:08:14+00:00,
56fd5e1a-07a6-4caf-baaf-9966696984b3,39387e77-2cf5-4e83-a449-610606391894,internal,Razor kick scooter,"Solid, no wobble — one small scuff on the back left that you cannot see once it is against a wall. Bought it for a sublet that ended early. Collect from Amsterdam Ave; message me and we will find a time.",bikes_transport,,used_good,28000,false,true,10031,sold,26,5,0,,2025-08-12T11:25:37+00:00,2025-08-27T17:34:21+00:00
2ee8def1-d728-44a9-956b-87b7be5113c6,7524322e-1510-48cc-868b-8d59b328109b,internal,Non-stick wok,"Genuinely like new. No marks, everything works exactly as it should. Heading back home after this semester and cannot take it with me. Easy pickup near campus, evenings and weekends work best. I will throw in the matching lamp for free.",kitchen_home,,like_new,9500,false,false,10027,active,262,20,2,,2025-08-12T15:49:23+00:00,
3a2b08e3-0942-4318-bce3-2314ec6a3360,e2bc1752-1983-472e-bbd9-c6fae7cac58a,internal,"Financial Accounting reader, spiral bound","Brand new, still sealed — I ordered the wrong size and the return window closed. Heading back home after this semester and cannot take it with me. Cash or Venmo. I can meet near 116th & Broadway any afternoon.",textbooks,,new,5000,false,false,10031,active,154,19,2,,2025-08-13T04:59:24+00:00,
5f26f300-eb31-4a90-aadb-89623a6e8ad7,53cbc155-02f5-409e-90b8-e1d1b8a42be9,internal,Set of 4 mugs and 4 glasses,"Used for two semesters and it has held up well. Nothing broken, a bit of normal wear. Moving to a smaller place at the end of the month, so it needs a new home. Pickup only, 3rd floor with an elevator — I can help carry it down to the street.",kitchen_home,,used_good,0,true,false,10009,active,96,6,2,,2025-08-13T07:35:56+00:00,
0066a5dd-560b-41db-92b5-f7103ea8bd8e,2e23fd62-664f-4904-93b9-98484374da38,internal,Wool scarf and glove set,"Genuinely like new. No marks, everything works exactly as it should. Heading back home after this semester and cannot take it with me. Pickup only, 3rd floor with an elevator — I can help carry it down to the street.",clothing,,like_new,0,true,false,10038,sold,12,0,0,,2025-08-13T08:54:30+00:00,2025-08-19T19:45:22+00:00
1141485f-7066-4ace-a930-1f12b5ed51ea,ab56d43e-6b4a-43a3-9b6c-f3bae36c4bb6,internal,Full mattress + metal frame,"Barely touched — I moved into a furnished place two weeks later. Moving to a smaller place at the end of the month, so it needs a new home. Easy pickup near 116th & Broadway, evenings and weekends work best.",furniture,beds_mattresses,like_new,23000,false,false,10037,draft,0,0,0,,2025-08-14T04:03:59+00:00,
115d6dce-5884-4040-8153-14042aeeb184,c3e6de0b-ae0e-464a-aeef-51bebdd50073,internal,"Suit, size XL, tailored once",,clothing,,used_good,20000,false,false,10027,sold,7,0,0,,2025-08-14T15:04:55+00:00,2025-08-18T11:05:37+00:00
0252d060-a225-4a81-8bb6-57e7d7881b62,659f0acc-033d-4e42-acb5-b569fa69a743,internal,Corporate Finance — full course bundle,"Everything works. A couple of light marks from moving, nothing structural. Upgraded to a bigger one and have no room for both. Cash or Venmo. I can meet near the Columbia gates any afternoon. Open to a small discount if you take it today.",textbooks,,used_good,4500,false,true,10027,sold,33,2,0,,2025-08-14T15:25:21+00:00,2025-08-26T18:50:36+00:00
242ad79f-d049-4494-8586-13b851c15aad,5da9c176-ec13-4102-b6cf-121f4b145d5a,internal,"3-drawer dresser, birch","Good condition overall — some honest wear, but nothing that affects using it. Bought it for a sublet that ended early. Collect from Morningside Heights; message me and we will find a time.",furniture,storage_shelving,used_good,8500,false,true,10027,active,76,7,1,,2025-08-14T19:41:01+00:00,
5d2879dc-8185-4a85-a332-c3e81bc30b10,bacf1c32-002e-4d62-8c6c-221609513f2f,internal,"Nike Air Force 1, US 9","Some visible wear and a small chip on one corner. Happy to send more photos. Finished the course, so I no longer need it. Cash or Venmo. I can meet near the Columbia gates any afternoon.",clothing,,used_fair,2500,false,false,10025,active,178,15,0,,2025-08-15T02:56:16+00:00,
6c97d660-e0f9-423f-b459-bf9d742ed13c,7d339706-bfcc-4887-91f1-ec63d2d23823,internal,"Coffee table, oak","Everything works. A couple of light marks from moving, nothing structural. Upgraded to a bigger one and have no room for both. Collect from Amsterdam Ave; message me and we will find a time.",furniture,sofas_tables,used_good,5000,false,false,10031,active,25,4,0,,2025-08-15T06:29:28+00:00,
f5b2fb8d-1610-4e0d-88d3-4b746df15192,323eb581-df66-495e-b4c3-b8d51316dccb,internal,"Financial Accounting (Berk), international edition","Used it for about a month and it looks the same as the day I got it. Moving to a smaller place at the end of the month, so it needs a new home. Happy to hold it for a day if you need to arrange a car. Open to a small discount if you take it today.",textbooks,,like_new,3000,false,true,10027,active,28,2,1,,2025-08-15T21:05:23+00:00,
9f93062d-bd54-4db8-9840-fe96f4474f32,6236d33d-7b57-486d-81e8-a247d50fa2a4,internal,"Nike Air Force 1, US 9","Some visible wear and a small chip on one corner. Happy to send more photos. Finished the course, so I no longer need it. Happy to hold it for a day if you need to arrange a car.",clothing,,used_fair,5000,false,false,11238,sold,18,2,0,,2025-08-15T22:59:55+00:00,2025-09-25T16:27:33+00:00
a29daf1d-7e5b-4ee1-912f-61638bf02cdd,f7318ac8-5529-4cd7-98ea-c6b5c629b8b2,internal,"IPad 9th gen, wifi","Used it for about a month and it looks the same as the day I got it. Bought it for a sublet that ended early. Pickup only, 3rd floor with an elevator — I can help carry it down to the street.",electronics,,like_new,32000,false,false,10013,sold,10,0,0,,2025-08-15T23:24:57+00:00,2025-09-03T18:13:45+00:00
16866e28-41cc-47d2-b323-1679f2b82b5f,ff34dee7-a247-40d7-b920-a3d2e7a536c2,internal,"IPad Air, wifi","Unopened, tags still on. Bought two by mistake. Upgraded to a bigger one and have no room for both. Happy to hold it for a day if you need to arrange a car.",electronics,,new,29000,false,false,10037,active,186,21,2,,2025-08-16T07:15:22+00:00,
fbcd66c0-97ea-4b62-8b72-272c9f75f9bc,c3e6de0b-ae0e-464a-aeef-51bebdd50073,internal,Assorted kitchen utensils — free to a good home,"Good condition overall — some honest wear, but nothing that affects using it. Finished the course, so I no longer need it. Happy to hold it for a day if you need to arrange a car.",free_stuff,,used_good,0,true,false,10027,active,44,1,0,,2025-08-16T09:03:04+00:00,
3e7d6253-868d-4d98-96a5-0579e317f89e,577c7c58-b348-4b59-a994-19cbf0bd8b7f,internal,Instant Pot Duo 6qt,"Everything works. A couple of light marks from moving, nothing structural. Finished the course, so I no longer need it. Easy pickup near 116th & Broadway, evenings and weekends work best.",kitchen_home,,used_good,7000,false,true,10025,active,92,11,1,,2025-08-16T10:43:13+00:00,
af3233de-ea09-429e-99c6-06bc250a7ca8,af587165-10af-4199-96d6-3bcb946bf36d,internal,"Marketing Strategy reader, spiral bound","Brand new, still sealed — I ordered the wrong size and the return window closed. Heading back home after this semester and cannot take it with me. Happy to hold it for a day if you need to arrange a car. Can send more photos of any detail you want to see.",textbooks,,new,4000,false,false,10025,sold,21,5,1,,2025-08-17T02:15:33+00:00,2025-08-23T04:46:54+00:00
7e1762dc-2f6e-496d-a475-d20a297d971f,b000127a-7ff3-4aba-9f9f-56872787d1ed,internal,"Uniqlo down jacket, size M","Used it for about a month and it looks the same as the day I got it. Upgraded to a bigger one and have no room for both. Pickup only, 3rd floor with an elevator — I can help carry it down to the street.",clothing,,like_new,15000,false,false,10128,active,25,4,0,,2025-08-17T10:10:03+00:00,
4aef45f0-cc5e-4550-b5fa-71ee74a1ac59,0474d78b-b695-4c1a-967f-6fc9587ddc43,internal,"Marketing Strategy reader, spiral bound","Solid, no wobble — one small scuff on the back left that you cannot see once it is against a wall. Bought it for a sublet that ended early. Happy to hold it for a day if you need to arrange a car.",textbooks,,used_good,1900,false,false,10027,reserved,287,24,4,,2025-08-17T13:38:15+00:00,
163c12a8-e96a-408b-ae73-cbdc1725f721,2e33ff49-a484-4f82-95d2-dc4216703bb3,internal,Financial Accounting — full course bundle,,textbooks,,like_new,5000,false,true,10027,sold,6,1,0,,2025-08-18T00:47:13+00:00,2025-08-28T08:48:13+00:00
4bcd7d83-ba09-4d9b-8fb1-ce6ee25ae605,53cbc155-02f5-409e-90b8-e1d1b8a42be9,internal,"Microeconomics (Pearson), international edition","Used it for about a month and it looks the same as the day I got it. Moving to a smaller place at the end of the month, so it needs a new home. Pickup only, 3rd floor with an elevator — I can help carry it down to the street. Open to a small discount if you take it today.",textbooks,,like_new,2500,false,false,10009,active,48,4,2,,2025-08-18T03:15:31+00:00,
12498c40-9093-4c83-b757-f1b992ce0195,9fa1bd7e-fe95-4d72-89e0-17853678fb5b,internal,"Coffee table, white","Genuinely like new. No marks, everything works exactly as it should. Upgraded to a bigger one and have no room for both. Pickup only, 3rd floor with an elevator — I can help carry it down to the street. I will throw in the matching lamp for free.",furniture,sofas_tables,like_new,5000,false,true,10018,reserved,81,8,0,,2025-08-19T09:11:11+00:00,
dc4de2ec-885c-4468-be00-dd217e4b7612,17bc3a75-830c-41bc-b847-8447593a7d03,internal,"Winter boots, size XL, waterproof",Barely touched — I moved into a furnished place two weeks later. Upgraded to a bigger one and have no room for both. Happy to hold it for a day if you need to arrange a car.,clothing,,like_new,13000,false,false,10025,active,130,12,3,,2025-08-19T12:36:19+00:00,
f899864e-4046-48bb-bddb-5f4412776cc0,eb37e445-ad15-450f-aac9-165635b7ef7b,internal,Epidemiology (Berk) 7th ed.,"Used for two semesters and it has held up well. Nothing broken, a bit of normal wear. Bought it for a sublet that ended early. Happy to hold it for a day if you need to arrange a car. I will throw in the matching lamp for free.",textbooks,,used_good,2000,false,false,10039,active,68,4,1,,2025-08-19T15:44:15+00:00,
2d7b5b58-7519-4727-b0fb-c90033b267f5,51dac652-9517-4e31-b9c9-905c3968e085,internal,Statistical Inference 9th ed. + solutions manual,"Good condition overall — some honest wear, but nothing that affects using it. Heading back home after this semester and cannot take it with me. Happy to hold it for a day if you need to arrange a car.",textbooks,,used_good,5000,false,true,10023,active,153,9,2,,2025-08-20T20:06:56+00:00,
a3544774-3045-4eb8-a39e-c104a08dbb29,b000127a-7ff3-4aba-9f9f-56872787d1ed,internal,"Air purifier, works fine",,kitchen_home,,new,8500,false,false,10128,sold,8,1,0,,2025-08-21T01:16:18+00:00,2025-08-23T22:03:53+00:00
67f9eea3-ad2e-4417-95ec-b90e4ddf935b,501e8ce4-ec88-49ee-8091-df9797903b55,internal,"Winter boots, size XL, waterproof","Used for two semesters and it has held up well. Nothing broken, a bit of normal wear. Heading back home after this semester and cannot take it with me. Pickup only, 3rd floor with an elevator — I can help carry it down to the street.",clothing,,used_good,4500,false,true,10027,active,38,2,0,,2025-08-21T15:19:28+00:00,
ce89f836-0572-4b56-8ae3-bc260b80f704,b387c825-7116-4b83-bd18-56e81111a5c9,internal,Cuisinart toaster oven,,kitchen_home,,like_new,11000,false,true,10027,active,50,4,0,,2025-08-21T19:41:54+00:00,
6187ca69-8a29-4a6c-b9c9-3d60d0a97157,ba4e0520-1425-44b4-ba42-764ccd9799f7,internal,Assorted kitchen utensils — free to a good home,"Used for two semesters and it has held up well. Nothing broken, a bit of normal wear. Heading back home after this semester and cannot take it with me. Easy pickup near Amsterdam Ave, evenings and weekends work best.",free_stuff,,used_good,0,true,false,10027,active,295,30,1,,2025-08-21T23:14:18+00:00,
c649e364-6f8d-430a-8813-34f56c60799a,86a2d273-34b8-46f0-bdc9-4868692691fa,internal,"Assorted kitchen utensils, collect this week","Everything works. A couple of light marks from moving, nothing structural. Upgraded to a bigger one and have no room for both. Pickup only, 3rd floor with an elevator — I can help carry it down to the street.",free_stuff,,used_good,0,true,false,10027,draft,0,0,0,,2025-08-22T02:06:56+00:00,
4a7204b4-5589-4515-a1bd-16ec2b6eaadd,4c8ec64f-c0d0-4cfb-b064-d47de0ec57ba,internal,Microeconomics 7th ed. + solutions manual,"Solid, no wobble — one small scuff on the back left that you cannot see once it is against a wall. I am graduating in May and everything has to go before I move out. Happy to hold it for a day if you need to arrange a car.",textbooks,,used_good,6500,false,false,10031,active,31,1,0,,2025-08-22T07:27:10+00:00,
e2115c41-7478-4de9-91ca-9bd427f9869c,e33923d4-ae33-4f20-93b4-4927825fa9f9,internal,"IKEA KALLAX shelf unit, oak","Well used and it shows — a few dents and one sticky drawer, but it does its job. Upgraded to a bigger one and have no room for both. Pickup only, 3rd floor with an elevator — I can help carry it down to the street. Original box and instructions included.",furniture,storage_shelving,used_fair,5000,false,true,10025,active,150,15,2,,2025-08-22T08:26:52+00:00,
05db55fc-76a0-4a74-b7c9-ff1e7dd2cf85,c3e6de0b-ae0e-464a-aeef-51bebdd50073,internal,"IKEA IVAR shelf unit, white",,furniture,storage_shelving,used_good,5000,false,false,10027,draft,0,0,0,,2025-08-23T11:35:59+00:00,
820038a6-73c4-404a-87ea-b08a214ed8cc,536e9f2a-3aad-4928-9766-ddb2f2ce04bb,internal,Machine Learning — full course bundle,"Used for two semesters and it has held up well. Nothing broken, a bit of normal wear. Bought it for a sublet that ended early. Collect from the Columbia gates; message me and we will find a time.",textbooks,,used_good,3000,false,false,10025,active,73,6,0,,2025-08-23T12:52:24+00:00,
3215de41-41d1-4bfc-b52a-6fe93830b78c,d97c38cc-0971-42dd-869d-988ad7864fdb,internal,"Small writing desk, walnut","Used for two semesters and it has held up well. Nothing broken, a bit of normal wear. Bought it for a sublet that ended early. Cash or Venmo. I can meet near 116th & Broadway any afternoon. Can send more photos of any detail you want to see.",furniture,desks,used_good,4000,false,true,10025,active,34,2,0,,2025-08-23T16:43:31+00:00,
0b5c1e22-93ea-41b6-a457-a4156021fdd8,99d52a61-bee5-4684-9df6-159e47cc27be,internal,Anker power strip + USB-C hub,,electronics,,used_good,5000,false,false,10027,sold,23,2,0,,2025-08-23T21:13:22+00:00,2025-08-29T11:26:47+00:00
719149b0-4b2e-4d5c-863b-88f5469698c7,31d9eacf-7f61-4435-b484-43965f1c29b6,internal,"Mechanical keyboard, grey","Barely touched — I moved into a furnished place two weeks later. Moving to a smaller place at the end of the month, so it needs a new home. Happy to hold it for a day if you need to arrange a car.",electronics,,like_new,8000,false,false,10025,reserved,45,6,1,,2025-08-24T05:45:11+00:00,
2e9737cd-e70c-469d-a0ba-685393d615d5,7524322e-1510-48cc-868b-8d59b328109b,internal,"Bike lock, lights and helmet bundle","Used it for about a month and it looks the same as the day I got it. Finished the course, so I no longer need it. Pickup only, 3rd floor with an elevator — I can help carry it down to the street. Open to a small discount if you take it today.",bikes_transport,,like_new,4000,false,true,10027,active,126,9,0,,2025-08-24T17:10:07+00:00,
3a83a290-ff28-4051-ac55-022e10de3785,553046bf-b8f3-4054-8eea-bd6715749b6e,internal,"Dell 24"" monitor + stand","Good condition overall — some honest wear, but nothing that affects using it. Bought it for a sublet that ended early. Happy to hold it for a day if you need to arrange a car. Open to a small discount if you take it today.",electronics,,used_good,0,true,false,10027,active,102,10,0,,2025-08-25T00:16:11+00:00,
bf1db679-701b-4b68-b549-6e7bf04671cf,3dc6ba51-e546-4e5c-8e8a-6d0bb4c42691,internal,"Dell 24"" monitor + stand","Good condition overall — some honest wear, but nothing that affects using it. Finished the course, so I no longer need it. Cash or Venmo. I can meet near 116th & Broadway any afternoon.",electronics,,used_good,10000,false,false,10025,active,40,2,0,,2025-08-25T12:02:19+00:00,
da31cd4f-ada2-4d51-a78a-c326f7eea8c8,484b4933-21fa-4a46-904b-33017ff3857f,internal,"Linear Algebra reader, spiral bound","Well used and it shows — a few dents and one sticky drawer, but it does its job. I am graduating in May and everything has to go before I move out. Happy to hold it for a day if you need to arrange a car.",textbooks,,used_fair,2500,false,false,10031,active,36,4,1,,2025-08-25T13:24:11+00:00,
f3898bff-253c-4439-945e-cfe4feddd152,6695a266-c3cd-43a7-a7fb-fcac77328615,internal,Organic Chemistry — full course bundle,"Good condition overall — some honest wear, but nothing that affects using it. Bought it for a sublet that ended early. Collect from Morningside Heights; message me and we will find a time.",textbooks,,used_good,4000,false,true,10027,active,72,6,1,,2025-08-26T17:16:42+00:00,
805cac1f-7441-4b9e-b82a-58bfce7a4945,d34b2b4a-bc0b-4ffd-83db-00f5cc6c937f,internal,"Mini fridge, works fine","Solid, no wobble — one small scuff on the back left that you cannot see once it is against a wall. Upgraded to a bigger one and have no room for both. Collect from Amsterdam Ave; message me and we will find a time.",kitchen_home,,used_good,9000,false,true,10027,active,96,7,2,,2025-08-27T01:49:49+00:00,
dac12336-60ae-4e80-a6b4-5b3b7692b734,ff34dee7-a247-40d7-b920-a3d2e7a536c2,internal,"IKEA SLATTUM bed frame, queen","Used for two semesters and it has held up well. Nothing broken, a bit of normal wear. Bought it for a sublet that ended early. Easy pickup near the Columbia gates, evenings and weekends work best.",furniture,beds_mattresses,used_good,8000,false,false,10037,active,57,6,1,,2025-08-27T13:21:06+00:00,
7e24b64b-219c-4855-a08c-bd060b16df02,484b4933-21fa-4a46-904b-33017ff3857f,internal,"Mini fridge, works fine","Used it for about a month and it looks the same as the day I got it. Upgraded to a bigger one and have no room for both. Easy pickup near Morningside Heights, evenings and weekends work best.",kitchen_home,,like_new,11000,false,true,10031,active,73,6,1,,2025-08-27T23:59:06+00:00,
b0b4dc9b-8c9a-4571-9337-0c4595348862,62d505af-b1ab-402a-b8ac-bf03c359aea7,internal,"Coffee table, white","Good condition overall — some honest wear, but nothing that affects using it. Moving to a smaller place at the end of the month, so it needs a new home. Happy to hold it for a day if you need to arrange a car. Can send more photos of any detail you want to see.",furniture,sofas_tables,used_good,6500,false,false,10031,draft,0,0,0,,2025-08-28T09:44:29+00:00,
5d3b7025-e0c1-4879-ad98-3f824a3be79d,9d8932ce-a55d-459a-ba8a-180a929fbfac,internal,"Kindle Paperwhite, wifi",Barely touched — I moved into a furnished place two weeks later. Bought it for a sublet that ended early. Collect from Morningside Heights; message me and we will find a time. I will throw in the matching lamp for free.,electronics,,like_new,0,true,false,10027,sold,75,9,0,,2025-08-29T03:42:55+00:00,2025-09-02T06:37:55+00:00
5076e5dc-dddd-444d-8ac2-542337402908,04ef5bae-6f20-43c1-84c2-80053a99d1b1,internal,"Mechanical keyboard, white","Used it for about a month and it looks the same as the day I got it. Finished the course, so I no longer need it. Pickup only, 3rd floor with an elevator — I can help carry it down to the street.",electronics,,like_new,14000,false,true,10025,sold,16,0,0,,2025-08-29T09:30:08+00:00,2025-09-10T16:16:28+00:00
17c7d4ad-d3dd-438e-8df4-8d4bab9850c9,eeff5407-0122-4256-8fe0-ca19e54acbbb,internal,"Desk chair, grey, adjustable","Used for two semesters and it has held up well. Nothing broken, a bit of normal wear. Bought it for a sublet that ended early. Easy pickup near Amsterdam Ave, evenings and weekends work best.",furniture,chairs,used_good,9000,false,true,10010,sold,20,2,0,,2025-08-29T13:49:38+00:00,2025-09-13T07:44:03+00:00
a8bf89a3-853a-4aea-9879-e5b8420188cf,a1e4b04f-3354-4716-9914-0e447f91fb26,internal,Segway Ninebot scooter,"Good condition overall — some honest wear, but nothing that affects using it. Moving to a smaller place at the end of the month, so it needs a new home. Easy pickup near 116th & Broadway, evenings and weekends work best.",bikes_transport,,used_good,16000,false,false,10027,active,87,7,1,,2025-08-29T14:37:12+00:00,
86889c44-d951-47db-bc62-496acb841134,f31ed9a5-371d-40f1-abad-f2898658760d,internal,Zojirushi kettle,"Good condition overall — some honest wear, but nothing that affects using it. Bought it for a sublet that ended early. Collect from the Columbia gates; message me and we will find a time.",kitchen_home,,used_good,2500,false,false,10027,sold,11,2,0,,2025-08-30T19:58:55+00:00,2025-09-04T22:15:36+00:00
477c4e02-5166-4d50-9eb5-5d35ed7e3262,5c27de08-e263-49f8-b85c-5d1bfb70223d,internal,Epidemiology — full course bundle,"Never used. Bought it in September and it has sat in the box since. Moving to a smaller place at the end of the month, so it needs a new home. Pickup only, 3rd floor with an elevator — I can help carry it down to the street.",textbooks,,new,7000,false,true,10027,sold,7,1,1,,2025-08-31T04:47:38+00:00,2025-09-03T21:39:47+00:00
a18cd6ef-5701-403e-9d65-d49b3a3caced,7275315b-de5e-4c67-9b01-11b25728750a,internal,"3-seat sofa, grey","Everything works. A couple of light marks from moving, nothing structural. Bought it for a sublet that ended early. Collect from Morningside Heights; message me and we will find a time.",furniture,sofas_tables,used_good,10000,false,true,11238,active,44,5,0,,2025-08-31T13:30:25+00:00,
0d979f28-7afa-4cd2-bf97-21e99c4c66b3,ded797b6-afed-4f9c-8ae0-35b3c61aa0e4,internal,Set of 4 mugs and 4 glasses,"Genuinely like new. No marks, everything works exactly as it should. Finished the course, so I no longer need it. Happy to hold it for a day if you need to arrange a car. I will throw in the matching lamp for free.",kitchen_home,,like_new,2000,false,false,10451,active,82,11,1,,2025-08-31T23:03:58+00:00,
149ad0bf-7c62-475b-b82d-addefcc0b8f8,6236d33d-7b57-486d-81e8-a247d50fa2a4,internal,"Small writing desk, oak","Solid, no wobble — one small scuff on the back left that you cannot see once it is against a wall. I am graduating in May and everything has to go before I move out. Collect from the Columbia gates; message me and we will find a time.",furniture,desks,used_good,3500,false,false,11238,active,199,18,2,,2025-09-01T20:18:11+00:00,
1626dc6e-b5ff-4aea-b500-b8762cbc5419,bdd3bd04-7e4b-4d82-816f-dceb5fae55ea,internal,"IKEA BILLY shelf unit, walnut","Barely touched — I moved into a furnished place two weeks later. Moving to a smaller place at the end of the month, so it needs a new home. Easy pickup near 116th & Broadway, evenings and weekends work best.",furniture,storage_shelving,like_new,9500,false,true,10025,active,29,0,0,,2025-09-02T00:02:50+00:00,
fb42bc8a-6bd1-449e-9437-89cf867e6ba4,f74c5434-3a39-4dc9-8fd0-1b4de52cff6b,internal,"Mechanical keyboard, grey","Solid, no wobble — one small scuff on the back left that you cannot see once it is against a wall. Heading back home after this semester and cannot take it with me. Collect from Morningside Heights; message me and we will find a time. I will throw in the matching lamp for free.",electronics,,used_good,4000,false,false,10029,sold,12,4,0,,2025-09-03T13:54:58+00:00,2025-09-08T17:29:52+00:00
ce22bb66-e5ad-4344-8ef6-b506f8a3d44f,183fdc19-a9c5-4db8-a9f3-e0f20feea8e8,internal,"Herman Miller Aeron, size B","Solid, no wobble — one small scuff on the back left that you cannot see once it is against a wall. Bought it for a sublet that ended early. Easy pickup near the Columbia gates, evenings and weekends work best.",furniture,chairs,used_good,0,true,false,10027,active,402,28,7,,2025-09-03T17:46:11+00:00,
34d05b8e-3396-43b3-ab36-cdcc00ac584f,94124252-c61f-4b05-ab17-fb467c898e0c,internal,"Kindle Paperwhite, wifi","Genuinely like new. No marks, everything works exactly as it should. I am graduating in May and everything has to go before I move out. Cash or Venmo. I can meet near Amsterdam Ave any afternoon. Original box and instructions included.",electronics,,like_new,18000,false,false,10031,active,30,6,0,,2025-09-04T08:43:38+00:00,
ac0a5232-9f54-44df-ad42-da66fb19fa2b,c3e6de0b-ae0e-464a-aeef-51bebdd50073,internal,Logitech mouse + desk mat,"Good condition overall — some honest wear, but nothing that affects using it. Moving to a smaller place at the end of the month, so it needs a new home. Cash or Venmo. I can meet near the Columbia gates any afternoon. Can send more photos of any detail you want to see.",electronics,,used_good,4000,false,false,10027,active,25,5,1,,2025-09-04T10:01:28+00:00,
450a4b82-23cd-49b5-8902-7543a1b627ea,9d8932ce-a55d-459a-ba8a-180a929fbfac,internal,"Uniqlo down jacket, size M","Solid, no wobble — one small scuff on the back left that you cannot see once it is against a wall. Bought it for a sublet that ended early. Cash or Venmo. I can meet near Morningside Heights any afternoon.",clothing,,used_good,8000,false,false,10027,active,99,5,0,,2025-09-04T23:13:13+00:00,
854c8e85-4a04-4628-92d0-256f99dbdb8b,484b4933-21fa-4a46-904b-33017ff3857f,internal,"Citi-style commuter, M frame","Solid, no wobble — one small scuff on the back left that you cannot see once it is against a wall. Upgraded to a bigger one and have no room for both. Easy pickup near Morningside Heights, evenings and weekends work best.",bikes_transport,,used_good,16000,false,true,10031,active,155,9,2,,2025-09-06T02:36:36+00:00,
ab0c7e8e-b153-4748-aa92-236d18b4d4f8,b2ebd1c7-416b-4645-a522-88f29c4fd3fa,internal,"Trek FX 2, L frame, recently serviced","Some visible wear and a small chip on one corner. Happy to send more photos. Heading back home after this semester and cannot take it with me. Easy pickup near Amsterdam Ave, evenings and weekends work best.",bikes_transport,,used_fair,20000,false,false,10025,active,57,7,1,,2025-09-06T11:25:03+00:00,
bbd9d450-b92b-4b99-a76b-55ff10ff1cec,53a84c41-db22-49bf-98bd-d408fffdabc3,internal,"Suit, size XS, tailored once","Solid, no wobble — one small scuff on the back left that you cannot see once it is against a wall. I am graduating in May and everything has to go before I move out. Easy pickup near campus, evenings and weekends work best.",clothing,,used_good,17000,false,false,10036,active,93,6,3,,2025-09-06T23:08:11+00:00,
1e6b9270-bcc7-4ab5-98fa-8037670abef7,8d9a7d65-67f7-4c3e-b3ec-57b9652f01a1,internal,Folding dining table + 2 chairs,"Everything works. A couple of light marks from moving, nothing structural. Finished the course, so I no longer need it. Pickup only, 3rd floor with an elevator — I can help carry it down to the street.",furniture,sofas_tables,used_good,14000,false,true,10025,active,70,6,0,,2025-09-07T05:43:31+00:00,
080d88db-b136-433c-996d-ee04af4f3f3b,32a7fe23-fa7e-4905-9afd-b6639736963d,internal,"IKEA SLATTUM bed frame, full",Some visible wear and a small chip on one corner. Happy to send more photos. Bought it for a sublet that ended early. Happy to hold it for a day if you need to arrange a car. Original box and instructions included.,furniture,beds_mattresses,used_fair,0,true,false,10027,active,99,10,1,,2025-09-07T22:49:19+00:00,
3e577999-cf66-4f1f-93cc-14376f9fe47e,b233f9f6-2a38-41be-92c9-8555aefc62a9,internal,"Ski jacket and poles, size L",,sports,,like_new,6500,false,false,10031,active,53,4,0,,2025-09-08T08:24:11+00:00,
99339f8d-3cc2-4d25-b5c9-261f16539b6d,de74cf8e-baf2-424d-9e05-fa5a4aefa19e,internal,Anker power strip + USB-C hub,"Genuinely like new. No marks, everything works exactly as it should. Heading back home after this semester and cannot take it with me. Cash or Venmo. I can meet near Amsterdam Ave any afternoon. Open to a small discount if you take it today.",electronics,,like_new,6000,false,true,10013,active,17,1,0,,2025-09-08T08:48:19+00:00,
9adfc022-f8b9-46a5-88ce-df8ee4d481c8,cdcd2f90-549e-4f8a-a600-5ffc9f8c2d74,internal,Bike rack and floor pump,"Fair condition, priced to reflect it. Works fine, looks lived in. Heading back home after this semester and cannot take it with me. Easy pickup near Morningside Heights, evenings and weekends work best.",bikes_transport,,used_fair,3000,false,false,10036,active,110,7,0,,2025-09-08T13:37:17+00:00,
a1331bfa-7fe9-42c4-a6c7-0f81333ab98f,f91ff251-1181-4bdc-acdc-09ddd07c0f6b,internal,Rolling clothes rack + hangers,"Used for two semesters and it has held up well. Nothing broken, a bit of normal wear. I am graduating in May and everything has to go before I move out. Pickup only, 3rd floor with an elevator — I can help carry it down to the street.",furniture,storage_shelving,used_good,2500,false,false,10027,sold,22,2,0,,2025-09-08T19:05:22+00:00,2025-09-27T08:53:40+00:00
8539431e-be7c-4afd-b120-661def6e305a,d34b2b4a-bc0b-4ffd-83db-00f5cc6c937f,internal,"Herman Miller Aeron, size A",,furniture,chairs,used_good,8000,false,false,10027,sold,6,1,0,,2025-09-09T00:26:42+00:00,2025-09-10T14:50:00+00:00
aafd3d3a-b5c0-455b-86fb-f3a642e79467,b3756f66-bc0a-4be7-b18e-d5a43ae2cb20,internal,"Kobo Clara, wifi","Solid, no wobble — one small scuff on the back left that you cannot see once it is against a wall. Finished the course, so I no longer need it. Easy pickup near 116th & Broadway, evenings and weekends work best.",electronics,,used_good,5500,false,false,10027,active,152,20,3,,2025-09-09T04:23:22+00:00,
08ac0f6f-529a-46a2-87c2-07f6e46e4412,d04a9725-4a5b-49d3-971a-6c7bbb1d7355,internal,"Air purifier, works fine","Barely touched — I moved into a furnished place two weeks later. Moving to a smaller place at the end of the month, so it needs a new home. Happy to hold it for a day if you need to arrange a car.",kitchen_home,,like_new,8000,false,false,10027,active,38,4,1,,2025-09-09T05:30:44+00:00,
431a5c5d-2efa-4c5f-b69f-5810b6b7f928,4cf59a7d-3daf-44fe-8e86-aa4389b82fc0,internal,"Loveseat sofa, white","Good condition overall — some honest wear, but nothing that affects using it. Heading back home after this semester and cannot take it with me. Easy pickup near Amsterdam Ave, evenings and weekends work best.",furniture,sofas_tables,used_good,19000,false,true,10280,active,124,14,1,,2025-09-09T10:09:19+00:00,
062c2d9a-d0c8-4139-9464-a352937937f9,2e33ff49-a484-4f82-95d2-dc4216703bb3,internal,Rolling clothes rack + hangers,"Used for two semesters and it has held up well. Nothing broken, a bit of normal wear. Finished the course, so I no longer need it. Pickup only, 3rd floor with an elevator — I can help carry it down to the street. Open to a small discount if you take it today.",furniture,storage_shelving,used_good,2000,false,true,10027,active,54,8,1,,2025-09-10T21:45:19+00:00,
acce5d21-119e-4e20-9e22-2ce51bfb9cde,f588c9b7-219c-42f4-8026-81909c76658e,internal,"Suit, size XS, tailored once","Good condition overall — some honest wear, but nothing that affects using it. Heading back home after this semester and cannot take it with me. Pickup only, 3rd floor with an elevator — I can help carry it down to the street.",clothing,,used_good,7000,false,true,10025,active,48,2,0,,2025-09-11T03:18:38+00:00,
1223f11e-9864-4389-8046-16f86f2ec0f7,e6ac3080-e405-47c5-b78b-6c37ea355a02,internal,Constitutional Law — full course bundle,"Well used and it shows — a few dents and one sticky drawer, but it does its job. I am graduating in May and everything has to go before I move out. Easy pickup near Amsterdam Ave, evenings and weekends work best.",textbooks,,used_fair,3000,false,false,10031,sold,8,1,0,,2025-09-11T10:09:12+00:00,2025-09-15T08:32:56+00:00
330ed985-3fb5-4bf2-94ee-19c397ec3e8f,c83332b4-6631-4d8a-bf55-d7b4da6ef7d5,internal,"Samsung 32"" curved monitor + stand","Solid, no wobble — one small scuff on the back left that you cannot see once it is against a wall. Moving to a smaller place at the end of the month, so it needs a new home. Cash or Venmo. I can meet near the Columbia gates any afternoon. Original box and instructions included.",electronics,,used_good,14000,false,false,10003,sold,28,3,0,,2025-09-11T12:06:26+00:00,2025-09-29T23:50:02+00:00
ba73ad2f-6d50-4abd-b76f-529ae1ed25ff,767703ae-4d74-4728-ae3f-a80c8b6ead76,internal,Folding shopping cart,"Everything works. A couple of light marks from moving, nothing structural. Upgraded to a bigger one and have no room for both. Cash or Venmo. I can meet near Amsterdam Ave any afternoon. Can send more photos of any detail you want to see.",bikes_transport,,used_good,3000,false,false,10031,active,121,10,0,,2025-09-11T17:57:00+00:00,
36b6dc09-67e1-4158-9c7b-3c4bec191a92,ae8523f3-49f1-45d4-ab29-0313676f12d0,internal,Spalding basketball,"Solid, no wobble — one small scuff on the back left that you cannot see once it is against a wall. Upgraded to a bigger one and have no room for both. Happy to hold it for a day if you need to arrange a car.",sports,,used_good,1500,false,false,10018,active,80,9,0,,2025-09-12T08:49:31+00:00,
0ff687df-a87a-4346-aade-9080827f0539,fe409d6f-e259-485b-96bc-c2a89d7996e6,internal,"Samsung 32"" curved monitor + stand","Genuinely like new. No marks, everything works exactly as it should. Moving to a smaller place at the end of the month, so it needs a new home. Easy pickup near the Columbia gates, evenings and weekends work best. Original box and instructions included.",electronics,,like_new,24000,false,false,10027,sold,14,0,0,,2025-09-13T02:16:27+00:00,2025-09-15T01:46:37+00:00
359c8afb-8bd2-4712-8aca-bfb2da0cfb9f,b2d72011-02df-4d85-8d8c-9c12e9aa4b3a,internal,"Pair of dining chairs, oak","Well used and it shows — a few dents and one sticky drawer, but it does its job. Finished the course, so I no longer need it. Easy pickup near 116th & Broadway, evenings and weekends work best. Open to a small discount if you take it today.",furniture,chairs,used_fair,5500,false,true,10010,active,52,2,1,,2025-09-13T02:23:02+00:00,
43b8d75b-b4f7-4f0a-b8b3-73f107bc5167,eb37e445-ad15-450f-aac9-165635b7ef7b,internal,"Loveseat sofa, black","Good condition overall — some honest wear, but nothing that affects using it. Finished the course, so I no longer need it. Collect from Amsterdam Ave; message me and we will find a time.",furniture,sofas_tables,used_good,13000,false,false,10039,sold,15,1,0,,2025-09-13T19:44:48+00:00,2025-09-17T18:24:04+00:00
d41df55e-f691-43dc-9a94-d0ea2fd9c58e,093a360d-63cd-446f-8cc4-cceafcd033c5,internal,"Loveseat sofa, white","Everything works. A couple of light marks from moving, nothing structural. Moving to a smaller place at the end of the month, so it needs a new home. Cash or Venmo. I can meet near Amsterdam Ave any afternoon. I will throw in the matching lamp for free.",furniture,sofas_tables,used_good,7500,false,true,10027,sold,28,5,0,,2025-09-14T01:13:19+00:00,2025-10-09T19:48:37+00:00
4c1c04b1-5e4f-453c-b1fa-6bdcae3ce900,e818f248-82e9-43bc-9ab7-27d5be02776b,internal,"IKEA KALLAX shelf unit, black-brown","Fair condition, priced to reflect it. Works fine, looks lived in. Upgraded to a bigger one and have no room for both. Easy pickup near 116th & Broadway, evenings and weekends work best.",furniture,storage_shelving,used_fair,6000,false,false,10025,active,218,29,1,,2025-09-14T03:53:51+00:00,
f8505f48-8b3c-457b-8088-ac3ca641b815,b9468cb9-ed1b-40fe-a021-2f6da1f2925d,internal,"IPad Pro 11"", wifi","Good condition overall — some honest wear, but nothing that affects using it. Heading back home after this semester and cannot take it with me. Happy to hold it for a day if you need to arrange a car.",electronics,,used_good,24000,false,false,10031,active,93,12,1,,2025-09-17T00:40:25+00:00,
7a9d1043-4a70-4f65-938c-e1f65104c04b,9f74975f-3000-4ef2-b2a2-1cdac8513b60,internal,"3-drawer dresser, oak","Used for two semesters and it has held up well. Nothing broken, a bit of normal wear. Finished the course, so I no longer need it. Cash or Venmo. I can meet near the Columbia gates any afternoon.",furniture,storage_shelving,used_good,4500,false,true,10024,sold,5,1,0,,2025-09-17T05:15:52+00:00,2025-09-25T10:43:15+00:00
b5a73784-72da-416f-9669-4c4c1d52c0fe,f31588a9-6fbc-4f16-a1f0-65bb1970a62f,internal,"Canada Goose parka, size S","Fair condition, priced to reflect it. Works fine, looks lived in. Bought it for a sublet that ended early. Happy to hold it for a day if you need to arrange a car.",clothing,,used_fair,16000,false,true,10031,sold,30,2,0,,2025-09-18T00:42:55+00:00,2025-09-22T10:29:17+00:00
e3c31e41-6b57-42ec-b423-04d5d13a3269,88cd8efd-6959-47db-8377-f4735e76c1f2,internal,Wool scarf and glove set,"Genuinely like new. No marks, everything works exactly as it should. Heading back home after this semester and cannot take it with me. Collect from Morningside Heights; message me and we will find a time.",clothing,,like_new,3000,false,false,10003,active,61,5,0,,2025-09-18T01:14:47+00:00,
78b90721-a4a0-45bc-94dd-eaacda3f5326,4fb579ea-1574-44fa-af02-83f6cb410836,internal,"Herman Miller Aeron, size A","Good condition overall — some honest wear, but nothing that affects using it. Heading back home after this semester and cannot take it with me. Collect from the Columbia gates; message me and we will find a time.",furniture,chairs,used_good,17000,false,false,10027,active,47,5,1,,2025-09-18T03:41:56+00:00,
0291825a-796e-4f2e-b48a-32a7ac983259,f7318ac8-5529-4cd7-98ea-c6b5c629b8b2,internal,Wool scarf and glove set,"Used it for about a month and it looks the same as the day I got it. Moving to a smaller place at the end of the month, so it needs a new home. Happy to hold it for a day if you need to arrange a car.",clothing,,like_new,5000,false,true,10013,sold,7,0,0,,2025-09-19T02:11:56+00:00,2025-09-23T11:11:36+00:00
820aaf3e-2b5a-4ac6-acc3-872ecf974a6b,468552db-87c2-40a1-b501-f637c4f5d75a,internal,"Weight bench, folding","Brand new, still sealed — I ordered the wrong size and the return window closed. Bought it for a sublet that ended early. Easy pickup near campus, evenings and weekends work best.",sports,,new,10000,false,true,10027,active,165,15,0,,2025-09-21T01:06:12+00:00,
96016cd9-3e16-492c-baea-be6c791cb6ee,73ba0cc9-b965-4bee-abba-983dac988737,internal,"IPad Pro 11"", wifi","Used for two semesters and it has held up well. Nothing broken, a bit of normal wear. Bought it for a sublet that ended early. Cash or Venmo. I can meet near Morningside Heights any afternoon.",electronics,,used_good,31000,false,false,10033,sold,11,2,0,,2025-09-21T06:13:02+00:00,2025-09-28T07:44:08+00:00
66efe15e-9d7e-4be2-824c-94295d12216c,4191e4fb-4f72-4e71-ad79-a05abd92be9f,internal,"Patagonia fleece, size M",Barely touched — I moved into a furnished place two weeks later. Upgraded to a bigger one and have no room for both. Collect from Morningside Heights; message me and we will find a time.,clothing,,like_new,0,true,false,11354,active,172,19,1,,2025-09-21T10:25:00+00:00,
9daf7ce7-340c-4a05-9c90-bc51a8466e27,d30b8eb3-05ed-4a73-b6e5-042436e46b37,internal,Set of 4 mugs and 4 glasses,"Good condition overall — some honest wear, but nothing that affects using it. Heading back home after this semester and cannot take it with me. Collect from Amsterdam Ave; message me and we will find a time.",kitchen_home,,used_good,1500,false,false,10027,active,90,6,0,,2025-09-21T22:09:02+00:00,
ceb98936-be1d-47c8-a2a8-0107e6cb7486,f74c5434-3a39-4dc9-8fd0-1b4de52cff6b,internal,"Small writing desk, white","Solid, no wobble — one small scuff on the back left that you cannot see once it is against a wall. Moving to a smaller place at the end of the month, so it needs a new home. Pickup only, 3rd floor with an elevator — I can help carry it down to the street. I will throw in the matching lamp for free.",furniture,desks,used_good,6000,false,true,10029,active,29,1,0,,2025-09-22T14:42:00+00:00,
69b36984-0308-4a85-b882-6d327aaa901e,f74c5434-3a39-4dc9-8fd0-1b4de52cff6b,internal,Rolling clothes rack + hangers,"Everything works. A couple of light marks from moving, nothing structural. Finished the course, so I no longer need it. Cash or Venmo. I can meet near the Columbia gates any afternoon.",furniture,storage_shelving,used_good,2500,false,false,10029,active,103,4,0,,2025-09-22T20:44:17+00:00,
cc74975c-0ae3-4ac4-b228-741f499825a6,a1e2e693-3bde-4f70-9281-01259889ee69,internal,"Ski jacket and poles, size S","Good condition overall — some honest wear, but nothing that affects using it. Upgraded to a bigger one and have no room for both. Collect from the Columbia gates; message me and we will find a time. Open to a small discount if you take it today.",sports,,used_good,13000,false,false,10027,active,71,6,1,,2025-09-23T08:30:48+00:00,
1ab14d5c-d115-45cf-b5b1-98d28bff0c2f,c83332b4-6631-4d8a-bf55-d7b4da6ef7d5,internal,Non-stick wok,Some visible wear and a small chip on one corner. Happy to send more photos. Bought it for a sublet that ended early. Collect from Amsterdam Ave; message me and we will find a time.,kitchen_home,,used_fair,2000,false,false,10003,reserved,28,1,1,,2025-09-23T16:18:34+00:00,
b3f0a03d-65d8-4a01-90bd-9c3e8f4c883e,98975cfd-3638-4842-83fd-fb6f839b37d9,internal,"IKEA MARKUS, size A","Used for two semesters and it has held up well. Nothing broken, a bit of normal wear. Heading back home after this semester and cannot take it with me. Collect from Morningside Heights; message me and we will find a time. I will throw in the matching lamp for free.",furniture,chairs,used_good,16000,false,true,11238,active,100,7,0,,2025-09-23T23:53:14+00:00,
d6e17df0-4231-45e1-be91-050351d34abf,88f97422-e385-4200-84c1-cf21ce0c6cda,internal,Set of 4 mugs and 4 glasses,"Genuinely like new. No marks, everything works exactly as it should. Heading back home after this semester and cannot take it with me. Easy pickup near 116th & Broadway, evenings and weekends work best.",kitchen_home,,like_new,2500,false,false,11101,active,301,27,1,,2025-09-24T08:40:42+00:00,
7fc6f335-ba5a-4e52-8e65-2f46f285034e,eb37e445-ad15-450f-aac9-165635b7ef7b,internal,Water filter pitcher + 2 filters,"Used for two semesters and it has held up well. Nothing broken, a bit of normal wear. Upgraded to a bigger one and have no room for both. Cash or Venmo. I can meet near Amsterdam Ave any afternoon.",kitchen_home,,used_good,1200,false,false,10039,draft,0,0,0,,2025-09-24T13:49:51+00:00,
ffe7f0c4-b9d7-4b4c-b744-8ac473a362fb,7d2e833a-8242-43a6-93ca-e79df0b2cd59,internal,Machine Learning — full course bundle,"Solid, no wobble — one small scuff on the back left that you cannot see once it is against a wall. Moving to a smaller place at the end of the month, so it needs a new home. Collect from 116th & Broadway; message me and we will find a time.",textbooks,,used_good,5000,false,true,10025,active,59,5,4,,2025-09-24T15:30:46+00:00,
d20dd42a-c02c-4049-bc2f-263600469af6,32a7fe23-fa7e-4905-9afd-b6639736963d,internal,Water filter pitcher + 2 filters,"Everything works. A couple of light marks from moving, nothing structural. Bought it for a sublet that ended early. Easy pickup near the Columbia gates, evenings and weekends work best. Original box and instructions included.",kitchen_home,,used_good,1000,false,false,10027,reserved,46,3,0,,2025-09-24T23:25:39+00:00,
a21998a6-5545-47ad-89d3-05d1d28adace,e6ac3080-e405-47c5-b78b-6c37ea355a02,internal,"IKEA HEMNES bed frame, full","Used for two semesters and it has held up well. Nothing broken, a bit of normal wear. I am graduating in May and everything has to go before I move out. Happy to hold it for a day if you need to arrange a car. Original box and instructions included.",furniture,beds_mattresses,used_good,13000,false,false,10031,sold,8,1,0,,2025-09-25T05:10:00+00:00,2025-10-13T11:52:42+00:00
8dd14376-e7a8-4abf-8714-563f6f98d123,caa94dc0-81be-4dfa-8bc4-fa28c1ea5e7e,internal,"Pair of dining chairs, oak","Solid, no wobble — one small scuff on the back left that you cannot see once it is against a wall. Upgraded to a bigger one and have no room for both. Cash or Venmo. I can meet near Morningside Heights any afternoon.",furniture,chairs,used_good,9000,false,false,10022,active,30,0,1,,2025-09-25T12:27:11+00:00,
a1003410-a760-42da-8b87-5f0afd92d42d,2025475c-1545-4632-8937-5fe6f57953a0,internal,"Organic Chemistry reader, spiral bound","Genuinely like new. No marks, everything works exactly as it should. Moving to a smaller place at the end of the month, so it needs a new home. Pickup only, 3rd floor with an elevator — I can help carry it down to the street. Open to a small discount if you take it today.",textbooks,,like_new,5000,false,true,10038,active,54,5,1,,2025-09-25T19:22:58+00:00,
5bfab79d-b4f3-44ae-b64c-65bc61607da2,44dae102-8716-4274-95ac-bf413382999a,internal,"Winter boots, size XS, waterproof","Used it for about a month and it looks the same as the day I got it. I am graduating in May and everything has to go before I move out. Easy pickup near campus, evenings and weekends work best.",clothing,,like_new,13000,false,false,10026,active,40,5,0,,2025-09-26T16:59:26+00:00,
6b95c374-3eac-442a-babe-05373c37f88f,dfb7e95f-260e-477a-a24a-a98cf163a43a,internal,Queen mattress + metal frame,"Solid, no wobble — one small scuff on the back left that you cannot see once it is against a wall. Heading back home after this semester and cannot take it with me. Cash or Venmo. I can meet near Morningside Heights any afternoon.",furniture,beds_mattresses,used_good,0,true,false,10463,active,146,16,3,,2025-09-26T18:05:02+00:00,
06a08f57-181e-4972-a601-1676f7350ab4,fd24cb3c-d535-4d3e-8f20-04616346c1f3,internal,Beats Studio3 headphones,"Unopened, tags still on. Bought two by mistake. Bought it for a sublet that ended early. Collect from 116th & Broadway; message me and we will find a time.",electronics,,new,24000,false,false,10013,active,55,6,0,,2025-09-27T00:17:33+00:00,
317fbe38-7838-46cc-9903-70fd1f800369,1fba3799-d4cc-4a1c-84d6-51146012067e,internal,"IPad Pro 11"", wifi","Genuinely like new. No marks, everything works exactly as it should. Bought it for a sublet that ended early. Pickup only, 3rd floor with an elevator — I can help carry it down to the street.",electronics,,like_new,35000,false,true,10025,sold,10,1,0,,2025-09-27T08:23:59+00:00,2025-09-28T12:03:15+00:00
785acea8-4270-4bf1-b3ef-20f743654adc,fd24cb3c-d535-4d3e-8f20-04616346c1f3,internal,Constitutional Law 5th ed. + solutions manual,,textbooks,,like_new,8000,false,true,10013,sold,20,0,1,,2025-09-27T18:20:16+00:00,2025-09-29T07:07:22+00:00
2387dd9b-6e00-4760-9a2d-2843ef555d00,53cbc155-02f5-409e-90b8-e1d1b8a42be9,internal,"Financial Accounting reader, spiral bound","Used for two semesters and it has held up well. Nothing broken, a bit of normal wear. Finished the course, so I no longer need it. Cash or Venmo. I can meet near 116th & Broadway any afternoon.",textbooks,,used_good,1600,false,false,10009,active,89,6,0,,2025-09-28T01:02:50+00:00,
8786cbb1-ecf1-471f-a8ed-683dd5202d11,ef612f5a-faa9-4654-9788-291f8ab7522f,internal,"IPad Pro 11"", wifi","Barely touched — I moved into a furnished place two weeks later. Finished the course, so I no longer need it. Easy pickup near Morningside Heights, evenings and weekends work best. I will throw in the matching lamp for free.",electronics,,like_new,32000,false,false,10036,sold,4,0,0,,2025-09-28T01:18:58+00:00,2025-09-30T23:14:17+00:00
896eea8d-a4a5-4695-805d-a070591232aa,f91ff251-1181-4bdc-acdc-09ddd07c0f6b,internal,12-piece dinnerware set,"Good condition overall — some honest wear, but nothing that affects using it. Moving to a smaller place at the end of the month, so it needs a new home. Happy to hold it for a day if you need to arrange a car. Can send more photos of any detail you want to see.",kitchen_home,,used_good,8000,false,true,10027,sold,7,0,0,,2025-09-28T10:24:26+00:00,2025-10-09T16:49:11+00:00
28ad4dfc-c713-450b-b282-232228ba1262,819e531a-e9e2-4d6e-92fc-0f0bf2f0f251,internal,"Standing desk, electric, 180×80","Solid, no wobble — one small scuff on the back left that you cannot see once it is against a wall. Finished the course, so I no longer need it. Pickup only, 3rd floor with an elevator — I can help carry it down to the street.",furniture,desks,used_good,15000,false,true,10035,sold,11,1,0,,2025-09-28T19:53:46+00:00,2025-09-30T08:08:15+00:00
6351f2e4-3f86-4fe6-89a7-7a9d4d2d5b89,e818f248-82e9-43bc-9ab7-27d5be02776b,internal,12-piece dinnerware set,"Solid, no wobble — one small scuff on the back left that you cannot see once it is against a wall. Finished the course, so I no longer need it. Collect from campus; message me and we will find a time.",kitchen_home,,used_good,1800,false,true,10025,active,61,4,0,,2025-09-30T09:11:55+00:00,
dfa1e474-ba10-448d-a5ad-65bb5f8ef314,88cd8efd-6959-47db-8377-f4735e76c1f2,internal,"Loveseat sofa, white","Fair condition, priced to reflect it. Works fine, looks lived in. Moving to a smaller place at the end of the month, so it needs a new home. Cash or Venmo. I can meet near 116th & Broadway any afternoon. Original box and instructions included.",furniture,sofas_tables,used_fair,8500,false,false,10003,active,35,1,0,,2025-09-30T18:39:01+00:00,
2aecf187-d9b2-4227-ad34-624f771d2404,553046bf-b8f3-4054-8eea-bd6715749b6e,internal,Financial Accounting (Wiley) 9th ed.,"Genuinely like new. No marks, everything works exactly as it should. Moving to a smaller place at the end of the month, so it needs a new home. Collect from the Columbia gates; message me and we will find a time.",textbooks,,like_new,8500,false,false,10027,active,75,7,1,,2025-10-01T05:10:22+00:00,
8cc580b8-8dea-486c-a06e-886077ee8430,780c8367-fbe3-4f3e-bb65-e449f49742c2,internal,"Drying rack, collect this week","Genuinely like new. No marks, everything works exactly as it should. Finished the course, so I no longer need it. Cash or Venmo. I can meet near Amsterdam Ave any afternoon. I will throw in the matching lamp for free.",free_stuff,,like_new,0,true,false,10022,active,111,11,3,,2025-10-01T23:20:54+00:00,
dd7028d0-35d7-4e05-8bb9-e6bbca69e1e8,85a05a4b-ce52-43cf-8433-02a2cad529e1,internal,"Mechanical keyboard, grey","Genuinely like new. No marks, everything works exactly as it should. Heading back home after this semester and cannot take it with me. Pickup only, 3rd floor with an elevator — I can help carry it down to the street. I will throw in the matching lamp for free.",electronics,,like_new,12000,false,false,10027,active,72,6,0,,2025-10-04T01:25:42+00:00,
2eaf8d9a-9e09-483a-9755-9f6f83a00790,ea8951c3-9063-4555-961a-8fcb0cc9fd92,internal,Folding shopping cart,,bikes_transport,,used_fair,2000,false,true,10025,active,386,45,3,,2025-10-04T16:34:37+00:00,
bd5724ec-1404-4693-aa8a-5d9f02b84f9b,71938832-5c59-49e3-be85-9acbd7ca55ba,internal,Corporate Finance — full course bundle,"Solid, no wobble — one small scuff on the back left that you cannot see once it is against a wall. I am graduating in May and everything has to go before I move out. Pickup only, 3rd floor with an elevator — I can help carry it down to the street.",textbooks,,used_good,4500,false,true,10003,active,57,6,0,,2025-10-05T03:10:28+00:00,
aa9b1166-f719-49e6-8bdf-9f60cdc8cae3,887b7fc5-3512-427f-b5f1-d0629d72dcf0,internal,"3-drawer dresser, birch",,furniture,storage_shelving,used_good,9000,false,false,10027,active,115,10,1,,2025-10-05T21:48:56+00:00,
0ead9048-ba3b-45ff-915b-d1c604409156,8655633c-8b61-41b6-8e06-e79ce464e099,internal,"3-drawer dresser, birch","Fair condition, priced to reflect it. Works fine, looks lived in. Heading back home after this semester and cannot take it with me. Collect from Morningside Heights; message me and we will find a time.",furniture,storage_shelving,used_fair,3000,false,true,10025,active,130,16,1,,2025-10-08T17:09:51+00:00,
5b9fc877-9c56-4a60-ad3d-00afda49fc56,d7b30ac7-a843-4c2c-b7d0-5dbca0c169c3,internal,Wool scarf and glove set,,clothing,,used_good,2500,false,false,10025,active,12,1,0,,2025-10-09T12:54:13+00:00,
ecaa00d7-e7d7-4ac8-8639-8b87156ddec0,85a05a4b-ce52-43cf-8433-02a2cad529e1,internal,Corporate Finance 5th ed. + solutions manual,"Used for two semesters and it has held up well. Nothing broken, a bit of normal wear. Moving to a smaller place at the end of the month, so it needs a new home. Pickup only, 3rd floor with an elevator — I can help carry it down to the street.",textbooks,,used_good,3500,false,false,10027,active,57,5,1,,2025-10-10T02:12:34+00:00,
6b0cf98b-df10-4077-a6cc-19331546402d,34441c15-0467-4b92-b3ab-8deb1054c830,internal,"Kindle Paperwhite, wifi","Used for two semesters and it has held up well. Nothing broken, a bit of normal wear. Bought it for a sublet that ended early. Cash or Venmo. I can meet near Amsterdam Ave any afternoon. Open to a small discount if you take it today.",electronics,,used_good,0,true,false,10031,active,11,2,0,,2025-10-10T12:56:58+00:00,
2671820b-2774-4336-9021-eb36d75f13f0,39da3268-4fe9-44d6-b716-29c848231132,internal,"Samsung 32"" curved monitor + stand","Brand new, still sealed — I ordered the wrong size and the return window closed. Moving to a smaller place at the end of the month, so it needs a new home. Easy pickup near 116th & Broadway, evenings and weekends work best. Original box and instructions included.",electronics,,new,20000,false,true,10027,draft,0,0,0,,2025-10-10T20:00:41+00:00,
4d79c856-ba38-4b40-a531-b3ecc98e4196,73ba0cc9-b965-4bee-abba-983dac988737,internal,Sony WH-1000XM4 headphones,"Good condition overall — some honest wear, but nothing that affects using it. Bought it for a sublet that ended early. Happy to hold it for a day if you need to arrange a car.",electronics,,used_good,0,true,false,10033,sold,10,0,0,,2025-10-11T20:50:15+00:00,2025-10-17T10:08:00+00:00
78cc3468-fca2-4972-a256-10dffa57f98a,b2ebd1c7-416b-4645-a522-88f29c4fd3fa,internal,"Standing desk, electric, 160×80","Everything works. A couple of light marks from moving, nothing structural. Upgraded to a bigger one and have no room for both. Easy pickup near campus, evenings and weekends work best.",furniture,desks,used_good,22000,false,true,10025,sold,30,2,0,,2025-10-12T01:25:12+00:00,2025-10-19T23:47:41+00:00
c96de752-59c7-4cc7-8496-44dc21e437ec,8d5b08cd-a9b3-424d-b178-65d65f5998af,internal,Segway Ninebot scooter,,bikes_transport,,used_fair,9000,false,false,10031,active,50,2,2,,2025-10-12T09:14:09+00:00,
68fc65f4-bedf-4c80-a7d2-fa4fefae9417,39da3268-4fe9-44d6-b716-29c848231132,internal,"IKEA MARKUS, size A",Used it for about a month and it looks the same as the day I got it. Upgraded to a bigger one and have no room for both. Happy to hold it for a day if you need to arrange a car.,furniture,chairs,like_new,11000,false,false,10027,sold,31,2,0,,2025-10-12T14:31:49+00:00,2025-10-15T23:18:01+00:00
a6bb7fe1-faac-4759-8d10-761ce54451ba,dce19236-e6ac-4b25-8861-f9bf621963fd,internal,"2-seat sofa, birch","Well used and it shows — a few dents and one sticky drawer, but it does its job. Moving to a smaller place at the end of the month, so it needs a new home. Easy pickup near the Columbia gates, evenings and weekends work best.",furniture,sofas_tables,used_fair,12000,false,false,10027,active,95,8,0,,2025-10-14T09:08:29+00:00,
289a44a0-c9ae-4888-9489-77282ac9ffc1,eb37e445-ad15-450f-aac9-165635b7ef7b,internal,"Winter boots, size XS, waterproof","Fair condition, priced to reflect it. Works fine, looks lived in. Bought it for a sublet that ended early. Happy to hold it for a day if you need to arrange a car. Original box and instructions included.",clothing,,used_fair,2500,false,false,10039,active,16,3,0,,2025-10-14T09:18:59+00:00,
44fd0efa-9439-4c0d-bb42-2a100efea182,33cd8209-3c57-4c7c-9796-06275679bd1a,internal,Microeconomics 8th ed. + solutions manual,"Everything works. A couple of light marks from moving, nothing structural. Heading back home after this semester and cannot take it with me. Happy to hold it for a day if you need to arrange a car.",textbooks,,used_good,4000,false,false,10451,active,25,2,0,,2025-10-14T22:13:37+00:00,
f665606f-8532-49e9-914c-2e560fd93551,427e62af-c795-4132-8cf3-9c85f803508a,internal,"3-seat sofa, oak","Solid, no wobble — one small scuff on the back left that you cannot see once it is against a wall. Bought it for a sublet that ended early. Easy pickup near the Columbia gates, evenings and weekends work best. Open to a small discount if you take it today.",furniture,sofas_tables,used_good,8500,false,true,10027,sold,4,0,0,,2025-10-15T12:29:34+00:00,2025-10-15T23:20:53+00:00
3605910b-6389-4c5d-a679-00703811da5d,0581305f-6e14-482c-94be-e2a7bab71968,internal,"Standing desk, electric, 120×60","Never used. Bought it in September and it has sat in the box since. Bought it for a sublet that ended early. Pickup only, 3rd floor with an elevator — I can help carry it down to the street. Open to a small discount if you take it today.",furniture,desks,new,19000,false,false,10463,active,120,6,2,,2025-10-16T20:16:45+00:00,
d20d844b-37ef-412e-9397-d0e3a69e37cc,b2ebd1c7-416b-4645-a522-88f29c4fd3fa,internal,"ThinkPad X1, 8GB/256GB","Solid, no wobble — one small scuff on the back left that you cannot see once it is against a wall. Finished the course, so I no longer need it. Cash or Venmo. I can meet near the Columbia gates any afternoon.",electronics,,used_good,25000,false,false,10025,active,51,5,1,,2025-10-18T07:19:29+00:00,
a2d08373-087e-490f-8a6d-afbc816005f0,ba4e0520-1425-44b4-ba42-764ccd9799f7,internal,Non-stick wok,"Used for two semesters and it has held up well. Nothing broken, a bit of normal wear. Upgraded to a bigger one and have no room for both. Cash or Venmo. I can meet near Morningside Heights any afternoon. I will throw in the matching lamp for free.",kitchen_home,,used_good,3000,false,true,10027,sold,8,0,0,,2025-10-19T19:09:49+00:00,2025-10-20T21:45:32+00:00
685e5c5c-618b-4aa3-a2d0-cc8d2edbbdd7,af587165-10af-4199-96d6-3bcb946bf36d,internal,Wool scarf and glove set,"Well used and it shows — a few dents and one sticky drawer, but it does its job. Heading back home after this semester and cannot take it with me. Collect from the Columbia gates; message me and we will find a time. Open to a small discount if you take it today.",clothing,,used_fair,1100,false,false,10025,active,136,9,1,,2025-10-20T08:33:54+00:00,
2c748f06-d41e-457e-b54a-cb0f164f5029,4cf59a7d-3daf-44fe-8e86-aa4389b82fc0,internal,Managerial Economics — full course bundle,"Good condition overall — some honest wear, but nothing that affects using it. Upgraded to a bigger one and have no room for both. Easy pickup near Morningside Heights, evenings and weekends work best. Can send more photos of any detail you want to see.",textbooks,,used_good,4000,false,false,10280,active,197,19,2,,2025-10-20T22:20:29+00:00,
669bc63f-8cf5-4f9a-9fd3-0d4ce1796ebf,632a3efa-008f-4d2e-9fa6-0a2e1c332a14,internal,Machine Learning (Pearson) 7th ed.,"Everything works. A couple of light marks from moving, nothing structural. Finished the course, so I no longer need it. Cash or Venmo. I can meet near Morningside Heights any afternoon. I will throw in the matching lamp for free.",textbooks,,used_good,0,true,false,10027,active,84,9,0,,2025-10-21T03:46:42+00:00,
f8ab66b5-e8f2-4b2c-afd2-eca2a96a9e15,f04a183f-150b-4c94-add4-8f70333e2504,internal,Folding dining table + 2 chairs,"Everything works. A couple of light marks from moving, nothing structural. I am graduating in May and everything has to go before I move out. Easy pickup near campus, evenings and weekends work best. I will throw in the matching lamp for free.",furniture,sofas_tables,used_good,13000,false,false,11205,active,82,9,0,,2025-10-24T21:21:25+00:00,
825321c5-b65b-413d-8957-22f6d354fdcc,eb37e445-ad15-450f-aac9-165635b7ef7b,internal,"Winter boots, size M, waterproof","Genuinely like new. No marks, everything works exactly as it should. Moving to a smaller place at the end of the month, so it needs a new home. Collect from campus; message me and we will find a time. Can send more photos of any detail you want to see.",clothing,,like_new,8500,false,true,10039,active,56,5,0,,2025-10-25T04:56:29+00:00,
e7d8af20-84e4-4c11-8e3a-8f7ba1aecc02,a9cdac52-fb98-4fca-a99d-9127b6f2d083,internal,"IKEA NEIDEN bed frame, queen","Used for two semesters and it has held up well. Nothing broken, a bit of normal wear. Heading back home after this semester and cannot take it with me. Easy pickup near Morningside Heights, evenings and weekends work best.",furniture,beds_mattresses,used_good,11000,false,false,10027,active,24,5,0,,2025-10-26T20:59:26+00:00,
3b156dc0-3adf-4352-9290-60cf58c38e1a,373c37e3-0e01-4319-81cb-158d1344da99,internal,Water filter pitcher + 2 filters,,kitchen_home,,new,3500,false,false,11201,sold,9,0,0,,2025-10-27T06:11:45+00:00,2025-11-08T03:14:15+00:00
1dc27132-bc1b-4c65-aab8-5435614c5eb7,db4d2942-4cc1-45f1-87fc-07d96b772a6e,internal,"Nike Air Force 1, US 9","Genuinely like new. No marks, everything works exactly as it should. Moving to a smaller place at the end of the month, so it needs a new home. Happy to hold it for a day if you need to arrange a car. Original box and instructions included.",clothing,,like_new,6000,false,false,10025,reserved,28,3,0,,2025-10-27T15:00:19+00:00,
5f7c120d-74f8-4ee4-b0de-f2b5dd9c15af,9e2d608b-d89b-47b6-a9be-d7becb140d83,internal,"Organic Chemistry (Cengage), international edition","Some visible wear and a small chip on one corner. Happy to send more photos. Finished the course, so I no longer need it. Cash or Venmo. I can meet near Amsterdam Ave any afternoon.",textbooks,,used_fair,0,true,false,10027,active,109,11,1,,2025-10-28T12:44:04+00:00,
2c09c3b0-aa6d-4cb3-843a-da5a330bf3e0,553046bf-b8f3-4054-8eea-bd6715749b6e,internal,"Drying rack, collect this week","Solid, no wobble — one small scuff on the back left that you cannot see once it is against a wall. Bought it for a sublet that ended early. Collect from 116th & Broadway; message me and we will find a time. Original box and instructions included.",free_stuff,,used_good,0,true,false,10027,active,70,5,1,,2025-10-29T01:23:03+00:00,
b3a651c7-6011-4281-a749-c51a36aa3c01,ba4e0520-1425-44b4-ba42-764ccd9799f7,internal,"Memory foam mattress topper, queen","Well used and it shows — a few dents and one sticky drawer, but it does its job. Upgraded to a bigger one and have no room for both. Easy pickup near campus, evenings and weekends work best.",furniture,beds_mattresses,used_fair,2500,false,false,10027,active,63,6,1,,2025-10-29T02:10:35+00:00,
b8352157-5510-4b5f-8d21-e5ff8ed6aa03,2e33ff49-a484-4f82-95d2-dc4216703bb3,internal,"Samsung 32"" curved monitor + stand","Genuinely like new. No marks, everything works exactly as it should. Upgraded to a bigger one and have no room for both. Pickup only, 3rd floor with an elevator — I can help carry it down to the street.",electronics,,like_new,9500,false,false,10027,active,38,1,0,,2025-10-30T14:32:49+00:00,
dcf9f23a-8454-4e4e-85ce-aae182c3c667,b2ebd1c7-416b-4645-a522-88f29c4fd3fa,internal,Set of 4 mugs and 4 glasses,"Barely touched — I moved into a furnished place two weeks later. Heading back home after this semester and cannot take it with me. Easy pickup near the Columbia gates, evenings and weekends work best. I will throw in the matching lamp for free.",kitchen_home,,like_new,3500,false,false,10025,sold,44,2,0,,2025-10-30T21:16:40+00:00,2025-11-02T09:11:57+00:00
408a2edf-8eba-461e-b326-f05dd0f791c1,f3f35b1f-6722-4fb3-9c50-39c6796b2515,internal,"Full-length mirror, collect this week","Used for two semesters and it has held up well. Nothing broken, a bit of normal wear. Heading back home after this semester and cannot take it with me. Happy to hold it for a day if you need to arrange a car.",free_stuff,,used_good,0,true,false,10027,active,74,3,1,,2025-10-31T15:08:05+00:00,
35700be0-82ec-4991-85da-d0f048493aed,7275315b-de5e-4c67-9b01-11b25728750a,internal,"Memory foam mattress topper, full","Used for two semesters and it has held up well. Nothing broken, a bit of normal wear. I am graduating in May and everything has to go before I move out. Pickup only, 3rd floor with an elevator — I can help carry it down to the street.",furniture,beds_mattresses,used_good,3500,false,false,11238,active,20,2,0,,2025-11-01T03:53:40+00:00,
01b8a3da-5d91-4468-a28a-3eb4940ef533,632a3efa-008f-4d2e-9fa6-0a2e1c332a14,internal,Set of 4 mugs and 4 glasses,,kitchen_home,,like_new,2000,false,true,10027,sold,7,2,0,,2025-11-02T00:59:28+00:00,2025-11-12T02:50:22+00:00
999465ed-ae58-4c24-839d-d25c5c35a2cf,27de1447-4949-4ba1-94da-511dcf33e97a,internal,"Machine Learning reader, spiral bound","Brand new, still sealed — I ordered the wrong size and the return window closed. Bought it for a sublet that ended early. Cash or Venmo. I can meet near Morningside Heights any afternoon.",textbooks,,new,2500,false,false,10025,active,42,7,1,,2025-11-04T23:38:43+00:00,
b2d74e1c-50ff-4673-8dc2-d17c3ef45bd9,1162a399-ae84-499c-86eb-5c0b8d4bd19d,internal,"Bike lock, lights and helmet bundle","Genuinely like new. No marks, everything works exactly as it should. Moving to a smaller place at the end of the month, so it needs a new home. Cash or Venmo. I can meet near Amsterdam Ave any afternoon. Can send more photos of any detail you want to see.",bikes_transport,,like_new,6500,false,false,10128,active,45,4,0,,2025-11-06T14:19:08+00:00,
3d78a0cf-df45-4b8c-81b4-4ebcc6f2eb1f,006472ad-ef7c-49dc-a9a5-5be63552c118,internal,"IPad Air, wifi","Used for two semesters and it has held up well. Nothing broken, a bit of normal wear. Finished the course, so I no longer need it. Easy pickup near Amsterdam Ave, evenings and weekends work best.",electronics,,used_good,20000,false,true,10031,active,23,1,0,,2025-11-07T04:54:17+00:00,
88cc128a-25d2-40e6-9723-c93c8408bc25,780c8367-fbe3-4f3e-bb65-e449f49742c2,internal,"Data Structures reader, spiral bound","Barely touched — I moved into a furnished place two weeks later. I am graduating in May and everything has to go before I move out. Easy pickup near the Columbia gates, evenings and weekends work best.",textbooks,,like_new,5000,false,false,10022,active,49,7,0,,2025-11-08T08:36:48+00:00,
de886cfd-4bb2-4762-a71e-279caa1a29f7,2709bb2d-e639-44c0-920f-80a9f4c4955e,internal,"IPad Air, wifi","Good condition overall — some honest wear, but nothing that affects using it. I am graduating in May and everything has to go before I move out. Happy to hold it for a day if you need to arrange a car. I will throw in the matching lamp for free.",electronics,,used_good,17000,false,false,10027,sold,8,1,0,,2025-11-08T12:04:03+00:00,2025-11-11T15:12:46+00:00
fcf0fa43-55cf-47e7-932d-db043c3c65f8,a14d5a0d-9ddc-4170-a239-6044cb65462e,internal,"Winter boots, size M, waterproof","Genuinely like new. No marks, everything works exactly as it should. I am graduating in May and everything has to go before I move out. Collect from campus; message me and we will find a time.",clothing,,like_new,13000,false,false,10027,reserved,90,7,0,,2025-11-10T15:42:39+00:00,
102c6b59-45f7-4730-8df2-ceec06dd72f3,61bc54ff-d92a-459a-b783-749eeba4b206,internal,"Ski jacket and poles, size XS","Barely touched — I moved into a furnished place two weeks later. Upgraded to a bigger one and have no room for both. Pickup only, 3rd floor with an elevator — I can help carry it down to the street.",sports,,like_new,9000,false,false,10022,active,21,2,0,,2025-11-11T20:56:59+00:00,
c990fa12-c959-4065-a3d1-bfb48d228d08,98975cfd-3638-4842-83fd-fb6f839b37d9,internal,"Dyson V8 cordless vacuum, all heads","Good condition overall — some honest wear, but nothing that affects using it. I am graduating in May and everything has to go before I move out. Happy to hold it for a day if you need to arrange a car.",electronics,,used_good,0,true,false,11238,sold,31,3,1,,2025-11-12T09:16:59+00:00,2025-12-08T09:44:25+00:00
998637a8-a72f-46ea-a364-0f77460c5a7e,6c1ecb78-38c9-4d52-b536-8463029f3a65,internal,Beats Studio3 headphones,"Genuinely like new. No marks, everything works exactly as it should. Upgraded to a bigger one and have no room for both. Pickup only, 3rd floor with an elevator — I can help carry it down to the street.",electronics,,like_new,24000,false,false,10027,active,141,15,3,,2025-11-13T12:39:00+00:00,
7b48844e-ce1b-41d3-b7e0-680142b1fc73,4183d4f5-30af-4bae-b78d-ab439d20b44a,internal,"Schwinn hybrid, S frame","Everything works. A couple of light marks from moving, nothing structural. Upgraded to a bigger one and have no room for both. Easy pickup near the Columbia gates, evenings and weekends work best. Original box and instructions included.",bikes_transport,,used_good,11000,false,false,10027,active,39,1,0,,2025-11-14T11:39:33+00:00,
70fb88c8-ffb5-49d5-a1f1-3f6ff2cd0324,2e23fd62-664f-4904-93b9-98484374da38,internal,Shoe rack — free to a good home,"Good condition overall — some honest wear, but nothing that affects using it. Moving to a smaller place at the end of the month, so it needs a new home. Pickup only, 3rd floor with an elevator — I can help carry it down to the street.",free_stuff,,used_good,0,true,false,10038,active,72,7,1,,2025-11-14T17:42:54+00:00,
b4a7dc4c-95ef-4d40-bae8-1f904d0e6cee,32a7fe23-fa7e-4905-9afd-b6639736963d,internal,"Memory foam mattress topper, twin XL","Some visible wear and a small chip on one corner. Happy to send more photos. Upgraded to a bigger one and have no room for both. Easy pickup near Amsterdam Ave, evenings and weekends work best.",furniture,beds_mattresses,used_fair,2000,false,false,10027,active,282,24,3,,2025-11-18T05:58:48+00:00,
93fa7ccb-17d3-4694-a608-c94e6e7b93af,3eaa28c6-6c66-4841-a82f-101d62f26410,internal,"Air purifier, works fine",,kitchen_home,,used_good,9000,false,false,10025,active,88,11,2,,2025-11-18T07:24:56+00:00,
9bb4bd09-019b-446b-aa51-6e253f4b3ce4,4183d4f5-30af-4bae-b78d-ab439d20b44a,internal,"Winter boots, size XS, waterproof","Well used and it shows — a few dents and one sticky drawer, but it does its job. I am graduating in May and everything has to go before I move out. Happy to hold it for a day if you need to arrange a car. Can send more photos of any detail you want to see.",clothing,,used_fair,6500,false,false,10027,sold,6,0,0,,2025-11-18T14:58:47+00:00,2025-12-06T16:06:51+00:00
30391140-3826-4ae9-9108-06b0eebedab0,febd8921-9308-4e28-acff-1ae8386589e3,internal,"Coffee table, birch","Solid, no wobble — one small scuff on the back left that you cannot see once it is against a wall. Finished the course, so I no longer need it. Happy to hold it for a day if you need to arrange a car. Can send more photos of any detail you want to see.",furniture,sofas_tables,used_good,5500,false,false,10037,active,350,26,3,,2025-11-19T11:20:42+00:00,
4bde0753-d21b-4b09-aace-f84080c7aed2,630fe4a8-7f3f-4f97-93c1-03feb895bbd5,internal,"Mechanical keyboard, birch","Brand new, still sealed — I ordered the wrong size and the return window closed. Upgraded to a bigger one and have no room for both. Cash or Venmo. I can meet near Morningside Heights any afternoon.",electronics,,new,14000,false,false,10040,active,335,42,4,,2025-11-20T06:17:16+00:00,
55a42c91-c380-4146-b025-970e3195033a,22b1d57e-427b-4075-b871-f3a5bde40fbe,internal,"Suit, size XL, tailored once","Everything works. A couple of light marks from moving, nothing structural. Moving to a smaller place at the end of the month, so it needs a new home. Collect from 116th & Broadway; message me and we will find a time.",clothing,,used_good,19000,false,false,10039,active,13,2,0,,2025-11-20T20:51:48+00:00,
ed084e02-1cdf-447a-8350-c868c5a3c66b,a699aa40-0fdf-4212-a0ef-24d84d61c465,internal,"MacBook Pro 13"", 8GB/256GB","Solid, no wobble — one small scuff on the back left that you cannot see once it is against a wall. Bought it for a sublet that ended early. Collect from the Columbia gates; message me and we will find a time. Can send more photos of any detail you want to see.",electronics,,used_good,19000,false,false,10027,active,606,57,6,,2025-11-21T23:18:43+00:00,
4593ce8c-775b-4000-947f-1217c4327dbc,fd24cb3c-d535-4d3e-8f20-04616346c1f3,internal,Folding shopping cart,"Well used and it shows — a few dents and one sticky drawer, but it does its job. Heading back home after this semester and cannot take it with me. Easy pickup near Morningside Heights, evenings and weekends work best.",bikes_transport,,used_fair,2000,false,true,10013,active,26,3,0,,2025-11-24T14:37:57+00:00,
a7a77fcb-2d01-4d74-abe1-8faf2cdeb816,52d44442-4dbc-40af-bbe3-a97d1e165b33,internal,"Organic Chemistry (Pearson), international edition","Barely touched — I moved into a furnished place two weeks later. I am graduating in May and everything has to go before I move out. Easy pickup near the Columbia gates, evenings and weekends work best. I will throw in the matching lamp for free.",textbooks,,like_new,5000,false,true,11215,reserved,108,5,2,,2025-11-24T18:59:49+00:00,
3d3146af-5ec7-47ca-813d-e8df246b860b,ba4e0520-1425-44b4-ba42-764ccd9799f7,internal,Resistance band set,Used it for about a month and it looks the same as the day I got it. Bought it for a sublet that ended early. Happy to hold it for a day if you need to arrange a car. Open to a small discount if you take it today.,sports,,like_new,10000,false,true,10027,active,63,3,1,,2025-11-24T20:21:10+00:00,
2f884ade-5d15-40cd-a263-62b07e86d158,2e33ff49-a484-4f82-95d2-dc4216703bb3,internal,"3-seat sofa, beige","Good condition overall — some honest wear, but nothing that affects using it. Bought it for a sublet that ended early. Pickup only, 3rd floor with an elevator — I can help carry it down to the street.",furniture,sofas_tables,used_good,10000,false,false,10027,active,142,9,1,,2025-11-25T10:15:39+00:00,
893a6b93-4956-4653-802d-94d2cdd65dec,61bc54ff-d92a-459a-b783-749eeba4b206,internal,Managerial Economics 12th ed. + solutions manual,"Solid, no wobble — one small scuff on the back left that you cannot see once it is against a wall. Upgraded to a bigger one and have no room for both. Happy to hold it for a day if you need to arrange a car.",textbooks,,used_good,5500,false,false,10022,active,156,12,1,,2025-11-26T06:20:30+00:00,
8876b00f-71e8-4890-926d-51e1e159fab7,d30b8eb3-05ed-4a73-b6e5-042436e46b37,internal,"Coffee table, birch","Good condition overall — some honest wear, but nothing that affects using it. Heading back home after this semester and cannot take it with me. Pickup only, 3rd floor with an elevator — I can help carry it down to the street. Open to a small discount if you take it today.",furniture,sofas_tables,used_good,10000,false,true,10027,active,56,4,0,,2025-11-28T05:43:45+00:00,
4ecdc9fe-ca1d-4df6-9be6-cabb69800c62,e2bc1752-1983-472e-bbd9-c6fae7cac58a,internal,"Herman Miller Aeron, size C","Barely touched — I moved into a furnished place two weeks later. Upgraded to a bigger one and have no room for both. Easy pickup near the Columbia gates, evenings and weekends work best.",furniture,chairs,like_new,9500,false,false,10031,active,236,22,2,,2025-11-28T08:50:33+00:00,
c49f8e32-12d4-4b19-8ea8-f9d67239b259,47de6634-f271-4dda-8c9a-4cb60daa2a03,internal,"3-drawer dresser, birch","Used it for about a month and it looks the same as the day I got it. Upgraded to a bigger one and have no room for both. Easy pickup near the Columbia gates, evenings and weekends work best. Open to a small discount if you take it today.",furniture,storage_shelving,like_new,9500,false,true,10017,active,194,16,2,,2025-11-28T12:05:26+00:00,
1b6f2a07-ee49-43eb-b8c0-14cabb72b252,a1e2e693-3bde-4f70-9281-01259889ee69,internal,"IKEA MALM bed frame, queen","Well used and it shows — a few dents and one sticky drawer, but it does its job. Upgraded to a bigger one and have no room for both. Pickup only, 3rd floor with an elevator — I can help carry it down to the street.",furniture,beds_mattresses,used_fair,11000,false,true,10027,active,74,5,1,,2025-11-28T17:14:02+00:00,
5e0dfb58-8bc6-4f1e-a3fc-8b1c7842af9e,8ca12932-1c6f-4ce8-b5ac-da66575fd911,internal,"Managerial Economics reader, spiral bound","Used it for about a month and it looks the same as the day I got it. Finished the course, so I no longer need it. Cash or Venmo. I can meet near Morningside Heights any afternoon.",textbooks,,like_new,3000,false,false,10027,active,58,3,0,,2025-11-28T19:43:05+00:00,
76606752-4b77-4128-afc6-f8047de39acc,e65dbaf8-02e5-4e0e-a975-b67690763c60,internal,Bike rack and floor pump,"Solid, no wobble — one small scuff on the back left that you cannot see once it is against a wall. Upgraded to a bigger one and have no room for both. Collect from the Columbia gates; message me and we will find a time. Can send more photos of any detail you want to see.",bikes_transport,,used_good,4000,false,false,10031,active,73,5,1,,2025-11-29T15:52:59+00:00,
051056e9-b79d-48ce-b3d2-712995348a5a,323eb581-df66-495e-b4c3-b8d51316dccb,internal,"Space heater, works fine","Unopened, tags still on. Bought two by mistake. Bought it for a sublet that ended early. Easy pickup near Amsterdam Ave, evenings and weekends work best.",kitchen_home,,new,12000,false,true,10027,active,138,17,1,,2025-11-30T07:20:27+00:00,
ba28d73e-1184-44b8-ad50-523c4d9a9cd9,f588c9b7-219c-42f4-8026-81909c76658e,internal,Folding shopping cart,"Solid, no wobble — one small scuff on the back left that you cannot see once it is against a wall. Upgraded to a bigger one and have no room for both. Happy to hold it for a day if you need to arrange a car.",bikes_transport,,used_good,2000,false,false,10025,active,103,4,0,,2025-12-02T11:04:09+00:00,
2826b60e-c93e-472f-bd39-4618c11e7004,ba4e0520-1425-44b4-ba42-764ccd9799f7,internal,Constitutional Law 6th ed. + solutions manual,,textbooks,,used_fair,5000,false,true,10027,active,23,3,0,,2025-12-02T17:50:06+00:00,
7ad02db5-21f9-4c21-9fbd-810deb400190,006cf2a0-aba4-468e-933a-b50f8c76a23f,internal,"Mechanical keyboard, navy","Good condition overall — some honest wear, but nothing that affects using it. Upgraded to a bigger one and have no room for both. Happy to hold it for a day if you need to arrange a car.",electronics,,used_good,11000,false,true,10027,sold,30,3,1,,2025-12-04T12:51:01+00:00,2025-12-16T20:41:08+00:00
cfe684a3-1b10-4ef5-aec0-27cdde7f9b74,6423836f-839b-4455-9791-d85c98ea5f5f,internal,"IKEA MALM bed frame, twin XL","Everything works. A couple of light marks from moving, nothing structural. Upgraded to a bigger one and have no room for both. Pickup only, 3rd floor with an elevator — I can help carry it down to the street. Original box and instructions included.",furniture,beds_mattresses,used_good,10000,false,false,10031,sold,12,0,0,,2025-12-05T02:03:40+00:00,2025-12-10T18:29:23+00:00
f633bdca-493b-4d89-883d-3307873af36d,2e23fd62-664f-4904-93b9-98484374da38,internal,Microeconomics 7th ed. + solutions manual,"Solid, no wobble — one small scuff on the back left that you cannot see once it is against a wall. Moving to a smaller place at the end of the month, so it needs a new home. Cash or Venmo. I can meet near Amsterdam Ave any afternoon.",textbooks,,used_good,2500,false,true,10038,active,28,3,2,,2025-12-05T09:33:05+00:00,
9ac0d52d-83bf-414b-af28-bb3a34c737df,4e2906a0-e445-4567-9bc3-c549a3448137,internal,"Dell XPS 13, 8GB/256GB",,electronics,,used_fair,0,true,false,10030,active,110,13,1,,2025-12-06T05:31:22+00:00,
5826c3da-b476-4442-aee8-b6044dd9fc1c,345afc84-e133-4249-9c52-f900042bc4f9,internal,"3-seat sofa, birch","Solid, no wobble — one small scuff on the back left that you cannot see once it is against a wall. Bought it for a sublet that ended early. Collect from Amsterdam Ave; message me and we will find a time. I will throw in the matching lamp for free.",furniture,sofas_tables,used_good,9500,false,false,11101,active,30,5,0,,2025-12-07T03:09:52+00:00,
7e0a5d73-001e-4d1f-8ae4-b97283b487d0,cdcd2f90-549e-4f8a-a600-5ffc9f8c2d74,internal,"Desk chair, beige, adjustable","Used for two semesters and it has held up well. Nothing broken, a bit of normal wear. Heading back home after this semester and cannot take it with me. Pickup only, 3rd floor with an elevator — I can help carry it down to the street.",furniture,chairs,used_good,5000,false,false,10036,draft,0,0,0,,2025-12-07T07:22:19+00:00,
88bf0df9-56f7-4ed9-8f9b-6e9620cfdfea,b2ebd1c7-416b-4645-a522-88f29c4fd3fa,internal,"Machine Learning (Cengage), international edition","Fair condition, priced to reflect it. Works fine, looks lived in. Heading back home after this semester and cannot take it with me. Cash or Venmo. I can meet near Amsterdam Ave any afternoon.",textbooks,,used_fair,2500,false,false,10025,sold,9,2,0,,2025-12-10T04:17:45+00:00,2025-12-15T05:15:27+00:00
0e570b9b-06b9-4e1d-a746-82d63d785081,53a84c41-db22-49bf-98bd-d408fffdabc3,internal,Water filter pitcher + 2 filters,"Used for two semesters and it has held up well. Nothing broken, a bit of normal wear. Moving to a smaller place at the end of the month, so it needs a new home. Collect from Morningside Heights; message me and we will find a time.",kitchen_home,,used_good,0,true,false,10036,sold,6,1,0,,2025-12-10T20:54:20+00:00,2025-12-12T19:04:36+00:00
03e08615-9fc5-44bf-917d-32c56c46bc22,1ce85b38-45d8-4fc2-a23d-d01ad37ee8fb,internal,"Coffee table, birch","Genuinely like new. No marks, everything works exactly as it should. Bought it for a sublet that ended early. Happy to hold it for a day if you need to arrange a car.",furniture,sofas_tables,like_new,8000,false,true,10027,active,157,16,0,,2025-12-11T14:23:44+00:00,
f045f506-52d1-467c-97d2-6fcbd988c804,468552db-87c2-40a1-b501-f637c4f5d75a,internal,Beats Studio3 headphones,"Everything works. A couple of light marks from moving, nothing structural. Finished the course, so I no longer need it. Pickup only, 3rd floor with an elevator — I can help carry it down to the street. Original box and instructions included.",electronics,,used_good,7000,false,false,10027,sold,9,2,0,,2025-12-12T22:06:12+00:00,2026-01-04T16:05:48+00:00
3efbed51-262c-4d2e-96c5-f14948e155eb,2e23fd62-664f-4904-93b9-98484374da38,internal,"ReMarkable 2, wifi","Solid, no wobble — one small scuff on the back left that you cannot see once it is against a wall. Bought it for a sublet that ended early. Collect from Amsterdam Ave; message me and we will find a time.",electronics,,used_good,8000,false,true,10038,active,26,1,0,,2025-12-13T20:26:16+00:00,
28f125cc-9836-44ca-b5b4-c6a6eaf0550a,61bc54ff-d92a-459a-b783-749eeba4b206,internal,"Desk chair, grey, adjustable",Some visible wear and a small chip on one corner. Happy to send more photos. Upgraded to a bigger one and have no room for both. Cash or Venmo. I can meet near campus any afternoon. I will throw in the matching lamp for free.,furniture,chairs,used_fair,3500,false,false,10022,sold,18,1,0,,2025-12-14T00:24:27+00:00,2025-12-22T23:42:36+00:00
711f791a-4309-4262-8fc1-a05bda394de3,484b4933-21fa-4a46-904b-33017ff3857f,internal,"Trek FX 2, L frame, recently serviced",,bikes_transport,,used_good,11000,false,true,10031,reserved,58,1,0,,2025-12-14T04:45:56+00:00,
7b6e50b8-46f4-40ee-b27b-40a0fb7a574f,484b4933-21fa-4a46-904b-33017ff3857f,internal,"IKEA MALM bed frame, queen","Used for two semesters and it has held up well. Nothing broken, a bit of normal wear. Heading back home after this semester and cannot take it with me. Pickup only, 3rd floor with an elevator — I can help carry it down to the street. I will throw in the matching lamp for free.",furniture,beds_mattresses,used_good,6000,false,false,10031,active,18,1,0,,2025-12-14T23:41:15+00:00,
1f89ae54-f82d-408c-8cb0-e48b1709cd12,a14d5a0d-9ddc-4170-a239-6044cb65462e,internal,"Desk chair, grey, adjustable","Barely touched — I moved into a furnished place two weeks later. Heading back home after this semester and cannot take it with me. Easy pickup near 116th & Broadway, evenings and weekends work best. Can send more photos of any detail you want to see.",furniture,chairs,like_new,10000,false,true,10027,active,70,4,2,,2025-12-15T18:14:54+00:00,
194c165d-2cca-407e-96ec-c520f23be346,32a7fe23-fa7e-4905-9afd-b6639736963d,internal,Constitutional Law 9th ed. + solutions manual,"Solid, no wobble — one small scuff on the back left that you cannot see once it is against a wall. Finished the course, so I no longer need it. Cash or Venmo. I can meet near Amsterdam Ave any afternoon.",textbooks,,used_good,5500,false,true,10027,sold,12,2,0,,2025-12-16T16:12:57+00:00,2025-12-18T18:58:59+00:00
cceb4bed-67c8-4eb5-9277-a6aafc929ab3,79f24b18-9bf0-4e1b-be57-3291ef518791,internal,"Desk chair, black, adjustable",,furniture,chairs,used_fair,2500,false,false,11354,active,40,4,0,,2025-12-17T00:08:05+00:00,
e925fe71-7673-48f4-befb-015fdb7a2bed,f49e78ea-0b5a-4e38-8d8e-fecf93a3488e,internal,Anker power strip + USB-C hub,"Solid, no wobble — one small scuff on the back left that you cannot see once it is against a wall. Bought it for a sublet that ended early. Cash or Venmo. I can meet near campus any afternoon.",electronics,,used_good,5000,false,true,10039,active,95,9,2,,2025-12-17T11:41:23+00:00,
58d371d5-6f3a-4b93-b37a-31f13e5b1429,76bd97a4-07c7-41e0-bb56-e614d523bb85,internal,"Doc Martens 1460, US 9",,clothing,,like_new,10000,false,true,10017,sold,10,0,0,,2025-12-17T15:08:49+00:00,2025-12-28T18:26:50+00:00
e1040595-ec08-4124-88c8-4ff565d32c35,78adb4b4-64d8-4a3f-b789-0aeeccaf033e,internal,Epidemiology — full course bundle,"Everything works. A couple of light marks from moving, nothing structural. Finished the course, so I no longer need it. Cash or Venmo. I can meet near 116th & Broadway any afternoon. Original box and instructions included.",textbooks,,used_good,4500,false,false,10027,active,59,10,2,,2025-12-18T07:36:22+00:00,
d421f8f3-a6bd-4bc8-9d10-bcdfbe01e800,5a9e45fe-4a1e-47ab-9fd9-93dbc98d81eb,internal,Machine Learning (Wiley) international ed.,"Used for two semesters and it has held up well. Nothing broken, a bit of normal wear. Bought it for a sublet that ended early. Pickup only, 3rd floor with an elevator — I can help carry it down to the street.",textbooks,,used_good,5000,false,false,10027,sold,11,2,0,,2025-12-18T12:59:06+00:00,2025-12-21T02:46:54+00:00
227c3153-56ea-4d59-8a3c-4f81c5268d28,484b4933-21fa-4a46-904b-33017ff3857f,internal,"Winter boots, size L, waterproof","Fair condition, priced to reflect it. Works fine, looks lived in. Heading back home after this semester and cannot take it with me. Pickup only, 3rd floor with an elevator — I can help carry it down to the street. I will throw in the matching lamp for free.",clothing,,used_fair,3500,false,false,10031,sold,6,0,0,,2025-12-18T15:42:33+00:00,2025-12-31T19:28:09+00:00
814d8877-644d-4ae5-8171-7d1ccc64db5a,63e9a505-7c6b-4204-93f7-db5e9998f23c,internal,"ReMarkable 2, wifi","Genuinely like new. No marks, everything works exactly as it should. Heading back home after this semester and cannot take it with me. Cash or Venmo. I can meet near the Columbia gates any afternoon. Original box and instructions included.",electronics,,like_new,8000,false,true,10027,sold,14,0,0,,2025-12-19T03:18:05+00:00,2025-12-22T03:50:46+00:00
a02d62fe-e02b-4117-8431-7a8336ca4000,419a8edd-8c3e-484b-9354-7867568dd931,internal,"2-seat sofa, grey","Fair condition, priced to reflect it. Works fine, looks lived in. Moving to a smaller place at the end of the month, so it needs a new home. Easy pickup near the Columbia gates, evenings and weekends work best. Original box and instructions included.",furniture,sofas_tables,used_fair,18000,false,true,10025,sold,38,4,1,,2025-12-19T19:07:38+00:00,2025-12-31T16:40:01+00:00
6b648cfc-091e-4b7f-98df-c0b2de0500e0,a2a97c5b-d72e-47bb-a8b8-355fcf007b68,internal,"Surface Laptop 4, 8GB/256GB","Used it for about a month and it looks the same as the day I got it. Moving to a smaller place at the end of the month, so it needs a new home. Pickup only, 3rd floor with an elevator — I can help carry it down to the street. I will throw in the matching lamp for free.",electronics,,like_new,50000,false,false,10025,active,19,3,0,,2025-12-19T19:41:16+00:00,
789e718e-3fe3-459f-9244-b98ab7bfab62,c76f1c0b-bf00-4af7-84b8-6ec1e8252901,internal,"Winter boots, size M, waterproof","Solid, no wobble — one small scuff on the back left that you cannot see once it is against a wall. Bought it for a sublet that ended early. Pickup only, 3rd floor with an elevator — I can help carry it down to the street.",clothing,,used_good,0,true,false,10025,active,133,11,2,,2025-12-21T01:27:03+00:00,
6ac7f70a-c293-46bd-84cf-ed96b2d6150e,ab56d43e-6b4a-43a3-9b6c-f3bae36c4bb6,internal,"Patagonia fleece, size S","Genuinely like new. No marks, everything works exactly as it should. I am graduating in May and everything has to go before I move out. Pickup only, 3rd floor with an elevator — I can help carry it down to the street.",clothing,,like_new,25000,false,false,10037,sold,15,1,2,,2025-12-21T07:52:06+00:00,2026-01-01T23:40:48+00:00
5de49069-4f26-4e1a-8dbd-73a31715471b,345afc84-e133-4249-9c52-f900042bc4f9,internal,"North Face puffer, size S","Used it for about a month and it looks the same as the day I got it. Finished the course, so I no longer need it. Happy to hold it for a day if you need to arrange a car.",clothing,,like_new,18000,false,true,11101,active,112,14,1,,2025-12-21T20:56:33+00:00,
ce288f38-c75a-4db0-91e8-04a62884540f,61bc54ff-d92a-459a-b783-749eeba4b206,internal,"Kindle Paperwhite, wifi","Used for two semesters and it has held up well. Nothing broken, a bit of normal wear. Heading back home after this semester and cannot take it with me. Happy to hold it for a day if you need to arrange a car.",electronics,,used_good,6000,false,true,10022,sold,12,0,0,,2025-12-21T23:34:33+00:00,2025-12-27T06:39:18+00:00
7fadb815-b56f-40e6-b271-7b19a76077e1,427e62af-c795-4132-8cf3-9c85f803508a,internal,"Machine Learning (McGraw-Hill), international edition","Used for two semesters and it has held up well. Nothing broken, a bit of normal wear. I am graduating in May and everything has to go before I move out. Easy pickup near campus, evenings and weekends work best.",textbooks,,used_good,3500,false,false,10027,active,157,14,1,,2025-12-23T14:13:07+00:00,
8bde58c3-aa1c-4cbe-9dbf-05b3ab321591,1df596d4-a79f-4572-9306-495047dbf75e,internal,Folding dining table + 2 chairs,"Fair condition, priced to reflect it. Works fine, looks lived in. Heading back home after this semester and cannot take it with me. Easy pickup near Amsterdam Ave, evenings and weekends work best.",furniture,sofas_tables,used_fair,5500,false,true,10027,active,56,4,0,,2025-12-24T12:28:12+00:00,
8e1a6729-b143-43ec-a3e9-ee3f812e2d49,f5406e32-0613-43ee-b020-bf1ba6990c2b,internal,"IKEA BEKANT desk 160×80, walnut","Genuinely like new. No marks, everything works exactly as it should. I am graduating in May and everything has to go before I move out. Easy pickup near 116th & Broadway, evenings and weekends work best.",furniture,desks,like_new,7500,false,false,10025,active,27,1,0,,2025-12-25T00:17:02+00:00,
aef51068-d806-4220-8d93-672fb262504d,553046bf-b8f3-4054-8eea-bd6715749b6e,internal,"Winter boots, size XS, waterproof","Fair condition, priced to reflect it. Works fine, looks lived in. Finished the course, so I no longer need it. Cash or Venmo. I can meet near Amsterdam Ave any afternoon.",clothing,,used_fair,2000,false,false,10027,sold,11,1,0,,2025-12-26T00:21:01+00:00,2025-12-30T21:24:35+00:00
4b9fba57-37ec-4b7e-a1ac-37ecd4afc579,484b4933-21fa-4a46-904b-33017ff3857f,internal,"Pair of dining chairs, birch","Used for two semesters and it has held up well. Nothing broken, a bit of normal wear. Moving to a smaller place at the end of the month, so it needs a new home. Happy to hold it for a day if you need to arrange a car.",furniture,chairs,used_good,10000,false,true,10031,sold,15,2,0,,2025-12-27T17:41:01+00:00,2026-01-03T17:10:11+00:00
d9ab9d94-226a-4ef6-8db9-3df670a11242,a1e2e693-3bde-4f70-9281-01259889ee69,internal,Constitutional Law — full course bundle,"Barely touched — I moved into a furnished place two weeks later. Upgraded to a bigger one and have no room for both. Easy pickup near Morningside Heights, evenings and weekends work best. Original box and instructions included.",textbooks,,like_new,9000,false,false,10027,sold,26,4,0,,2025-12-27T19:21:18+00:00,2026-01-03T06:45:12+00:00
33205725-a5ab-4fd5-8ad0-1478d982995a,d30b8eb3-05ed-4a73-b6e5-042436e46b37,internal,"Full-length mirror, collect this week","Solid, no wobble — one small scuff on the back left that you cannot see once it is against a wall. Moving to a smaller place at the end of the month, so it needs a new home. Collect from 116th & Broadway; message me and we will find a time. Original box and instructions included.",free_stuff,,used_good,0,true,false,10027,active,33,1,1,,2025-12-27T21:16:22+00:00,
f76eee1a-be04-40a9-89c3-a10f54c57f99,1ce85b38-45d8-4fc2-a23d-d01ad37ee8fb,internal,"IKEA MARKUS, size A","Solid, no wobble — one small scuff on the back left that you cannot see once it is against a wall. Bought it for a sublet that ended early. Collect from Amsterdam Ave; message me and we will find a time.",furniture,chairs,used_good,17000,false,false,10027,active,124,7,1,,2025-12-28T06:38:51+00:00,
ddba3757-3ef7-453d-86d7-a8ec32ecba8e,2e33ff49-a484-4f82-95d2-dc4216703bb3,internal,Logitech mouse + desk mat,"Used it for about a month and it looks the same as the day I got it. Moving to a smaller place at the end of the month, so it needs a new home. Easy pickup near Amsterdam Ave, evenings and weekends work best.",electronics,,like_new,8500,false,false,10027,sold,10,0,1,,2025-12-29T20:35:49+00:00,2025-12-31T21:22:24+00:00
7d0ed494-abee-4a37-85f8-1b9219ee847d,d413b920-fd1b-4aab-b816-7b0b8dd7ec37,internal,"Managerial Economics reader, spiral bound","Genuinely like new. No marks, everything works exactly as it should. Upgraded to a bigger one and have no room for both. Pickup only, 3rd floor with an elevator — I can help carry it down to the street. Original box and instructions included.",textbooks,,like_new,1800,false,true,10027,sold,27,4,0,,2025-12-30T22:22:28+00:00,2026-01-17T06:19:57+00:00
ec59fa50-bbf4-4dfc-b3e0-a1028e4d7243,61bc54ff-d92a-459a-b783-749eeba4b206,internal,"IKEA SLATTUM bed frame, twin XL","Good condition overall — some honest wear, but nothing that affects using it. Moving to a smaller place at the end of the month, so it needs a new home. Pickup only, 3rd floor with an elevator — I can help carry it down to the street.",furniture,beds_mattresses,used_good,6500,false,true,10022,active,92,3,1,,2025-12-31T04:30:00+00:00,
786c94bc-9540-4933-b189-cd91b13772b9,4880e488-a1c2-4958-ba10-b7c3297adba8,internal,"Standing desk, electric, 100×50",,furniture,desks,used_fair,7500,false,true,10027,sold,7,1,0,,2025-12-31T04:32:22+00:00,2025-12-31T23:35:03+00:00
524432d2-b989-4b10-8933-98793b391f03,b2ebd1c7-416b-4645-a522-88f29c4fd3fa,internal,"Mechanical keyboard, walnut","Good condition overall — some honest wear, but nothing that affects using it. Bought it for a sublet that ended early. Cash or Venmo. I can meet near the Columbia gates any afternoon.",electronics,,used_good,4000,false,false,10025,active,15,2,0,,2025-12-31T08:31:34+00:00,
0ce62ba9-395e-49ef-b243-44c5e8236dc2,3b534511-491d-43ca-8db3-2f08eee9be65,internal,"Suit, size XS, tailored once","Solid, no wobble — one small scuff on the back left that you cannot see once it is against a wall. Finished the course, so I no longer need it. Cash or Venmo. I can meet near campus any afternoon.",clothing,,used_good,6500,false,false,10026,active,50,4,2,,2025-12-31T22:01:06+00:00,
e6da67a5-bf33-4729-8dd0-00cef69982a8,6236d33d-7b57-486d-81e8-a247d50fa2a4,internal,"Dyson V8 cordless vacuum, all heads","Used for two semesters and it has held up well. Nothing broken, a bit of normal wear. Upgraded to a bigger one and have no room for both. Collect from campus; message me and we will find a time.",electronics,,used_good,22000,false,false,11238,reserved,37,1,1,,2026-01-03T22:19:04+00:00,
ce6c3c47-0cb9-48c6-9a89-cb45c7e64db0,0183dc00-5b81-4d6d-aa94-59a230ee274c,internal,Folding shopping cart,"Good condition overall — some honest wear, but nothing that affects using it. Heading back home after this semester and cannot take it with me. Easy pickup near Morningside Heights, evenings and weekends work best.",bikes_transport,,used_good,0,true,false,10025,active,35,2,0,,2026-01-04T10:36:04+00:00,
cb6497ca-75f8-4863-ac80-c929f6c2aef3,d413b920-fd1b-4aab-b816-7b0b8dd7ec37,internal,Wool scarf and glove set,"Good condition overall — some honest wear, but nothing that affects using it. Upgraded to a bigger one and have no room for both. Easy pickup near 116th & Broadway, evenings and weekends work best.",clothing,,used_good,2000,false,false,10027,sold,6,2,0,,2026-01-05T13:41:08+00:00,2026-01-11T05:24:36+00:00
a8e0cc93-7892-445e-8e63-96e7aeaba437,484b4933-21fa-4a46-904b-33017ff3857f,internal,Beats Studio3 headphones,Barely touched — I moved into a furnished place two weeks later. I am graduating in May and everything has to go before I move out. Collect from 116th & Broadway; message me and we will find a time. Can send more photos of any detail you want to see.,electronics,,like_new,9000,false,true,10031,active,199,21,1,,2026-01-06T07:32:28+00:00,
419752a1-4133-40eb-8d4f-980ad86ea50b,6dfbbf9b-099b-425f-a0b4-4d13ee683924,internal,"Small writing desk, walnut","Everything works. A couple of light marks from moving, nothing structural. Finished the course, so I no longer need it. Happy to hold it for a day if you need to arrange a car. I will throw in the matching lamp for free.",furniture,desks,used_good,8500,false,true,10027,active,29,2,0,,2026-01-06T19:12:22+00:00,
77f1488e-50aa-4a87-b3bc-a3d2c5ccedae,ded797b6-afed-4f9c-8ae0-35b3c61aa0e4,internal,"Autonomous ErgoChair, size A","Barely touched — I moved into a furnished place two weeks later. I am graduating in May and everything has to go before I move out. Easy pickup near the Columbia gates, evenings and weekends work best.",furniture,chairs,like_new,38000,false,false,10451,active,53,2,0,,2026-01-07T19:49:16+00:00,
1e09aa54-a764-4f49-8093-3e5d73753df9,484b4933-21fa-4a46-904b-33017ff3857f,internal,"Mechanical keyboard, white","Fair condition, priced to reflect it. Works fine, looks lived in. Bought it for a sublet that ended early. Cash or Venmo. I can meet near Amsterdam Ave any afternoon. Can send more photos of any detail you want to see.",electronics,,used_fair,3000,false,false,10031,active,74,5,0,,2026-01-08T19:17:18+00:00,
f51465f0-4017-4f67-8d91-ed6efdbbaf93,2e33ff49-a484-4f82-95d2-dc4216703bb3,internal,Marketing Strategy (Norton) 8th ed.,"Solid, no wobble — one small scuff on the back left that you cannot see once it is against a wall. I am graduating in May and everything has to go before I move out. Pickup only, 3rd floor with an elevator — I can help carry it down to the street.",textbooks,,used_good,3000,false,true,10027,active,71,13,3,,2026-01-10T02:11:32+00:00,
47d04850-3375-450d-828b-42e8de25528c,e6e0d4f1-b435-4b5d-b74f-b4c6c427868c,internal,"Mechanical keyboard, black",Barely touched — I moved into a furnished place two weeks later. Bought it for a sublet that ended early. Cash or Venmo. I can meet near the Columbia gates any afternoon.,electronics,,like_new,7500,false,false,10027,sold,11,1,0,,2026-01-10T02:37:10+00:00,2026-01-16T02:44:16+00:00
1c9caa11-79ff-4b33-af29-fc74dff46389,76bd97a4-07c7-41e0-bb56-e614d523bb85,internal,"IKEA IVAR shelf unit, black-brown","Used for two semesters and it has held up well. Nothing broken, a bit of normal wear. I am graduating in May and everything has to go before I move out. Easy pickup near the Columbia gates, evenings and weekends work best.",furniture,storage_shelving,used_good,4000,false,false,10017,sold,3,0,0,,2026-01-10T23:02:53+00:00,2026-01-11T09:51:39+00:00
cddd5b20-2aec-4269-8f41-5fd1c2c049af,7275315b-de5e-4c67-9b01-11b25728750a,internal,"MacBook Pro 13"", 8GB/256GB","Everything works. A couple of light marks from moving, nothing structural. Finished the course, so I no longer need it. Collect from Morningside Heights; message me and we will find a time.",electronics,,used_good,0,true,false,11238,active,78,3,1,,2026-01-11T00:25:03+00:00,
38500a84-3234-4736-8683-500455fd8d58,3b30a6e4-3c57-4bbd-9b03-022e7facb880,internal,Organic Chemistry — full course bundle,"Brand new, still sealed — I ordered the wrong size and the return window closed. Moving to a smaller place at the end of the month, so it needs a new home. Easy pickup near campus, evenings and weekends work best. Open to a small discount if you take it today.",textbooks,,new,9000,false,true,10027,active,14,0,0,,2026-01-11T21:45:58+00:00,
8a34d25e-09de-4950-99c3-da9a52c3aa85,9c6405d0-d0bc-4e75-8900-4a343d7eec34,internal,"Desk chair, walnut, adjustable","Used for two semesters and it has held up well. Nothing broken, a bit of normal wear. Bought it for a sublet that ended early. Easy pickup near Morningside Heights, evenings and weekends work best. Open to a small discount if you take it today.",furniture,chairs,used_good,4000,false,false,10027,sold,29,1,0,,2026-01-12T04:37:07+00:00,2026-01-17T21:12:37+00:00
310b99e0-475a-4914-a30b-287628ce173a,42ddf256-149e-4757-b88b-4e24c8e6cb76,internal,Set of 4 mugs and 4 glasses,"Some visible wear and a small chip on one corner. Happy to send more photos. Heading back home after this semester and cannot take it with me. Easy pickup near campus, evenings and weekends work best.",kitchen_home,,used_fair,1300,false,false,10025,active,73,4,2,,2026-01-12T08:58:13+00:00,
9f6d4404-38e2-4430-b213-a1446b736fcd,ff6e8123-7427-47ad-b4a2-b32525006de0,internal,Linear Algebra — full course bundle,Barely touched — I moved into a furnished place two weeks later. Upgraded to a bigger one and have no room for both. Cash or Venmo. I can meet near Amsterdam Ave any afternoon. I will throw in the matching lamp for free.,textbooks,,like_new,9000,false,true,10025,sold,17,3,0,,2026-01-12T16:56:39+00:00,2026-01-18T18:38:48+00:00
9e6b7535-3240-49db-8093-f034c01e9711,e65dbaf8-02e5-4e0e-a975-b67690763c60,internal,Moving boxes — free to a good home,"Fair condition, priced to reflect it. Works fine, looks lived in. Heading back home after this semester and cannot take it with me. Pickup only, 3rd floor with an elevator — I can help carry it down to the street. Original box and instructions included.",free_stuff,,used_fair,0,true,false,10031,sold,35,5,1,,2026-01-15T07:47:15+00:00,2026-01-22T12:03:02+00:00
98b82399-bfad-435a-958c-f839c2848f71,780c8367-fbe3-4f3e-bb65-e449f49742c2,internal,"Patagonia fleece, size L",Used it for about a month and it looks the same as the day I got it. Bought it for a sublet that ended early. Happy to hold it for a day if you need to arrange a car.,clothing,,like_new,25000,false,false,10022,sold,11,0,0,,2026-01-16T08:44:27+00:00,2026-01-18T03:09:00+00:00
ab795124-5a2b-439c-8c0d-571dabe115db,fd24cb3c-d535-4d3e-8f20-04616346c1f3,internal,"Space heater, works fine",,kitchen_home,,like_new,4000,false,false,10013,active,96,10,0,,2026-01-16T19:04:24+00:00,
d4589fcb-2d46-4e16-990b-86d41a6d0990,e19797db-e29f-48c3-a7bc-6f3ee4494c8c,internal,"Managerial Economics (Cengage), international edition","Used for two semesters and it has held up well. Nothing broken, a bit of normal wear. Upgraded to a bigger one and have no room for both. Pickup only, 3rd floor with an elevator — I can help carry it down to the street.",textbooks,,used_good,2000,false,false,10027,active,57,6,1,,2026-01-16T22:38:03+00:00,
72d9e780-5f81-4bf3-a1aa-e31b6c1e9a4a,44dae102-8716-4274-95ac-bf413382999a,internal,"Corporate Finance (Pearson), international edition","Never used. Bought it in September and it has sat in the box since. Moving to a smaller place at the end of the month, so it needs a new home. Collect from campus; message me and we will find a time. Open to a small discount if you take it today.",textbooks,,new,6500,false,false,10026,active,94,6,1,,2026-01-17T03:00:06+00:00,
a299282d-5564-4f20-a3b6-2030bc09ba1c,6423836f-839b-4455-9791-d85c98ea5f5f,internal,"Brompton folding, M frame, recently serviced","Solid, no wobble — one small scuff on the back left that you cannot see once it is against a wall. Bought it for a sublet that ended early. Easy pickup near the Columbia gates, evenings and weekends work best. Can send more photos of any detail you want to see.",bikes_transport,,used_good,30000,false,true,10031,active,208,22,0,,2026-01-17T03:36:22+00:00,
6cc02e1c-7723-4a29-a1bd-9c888922e10b,3b30a6e4-3c57-4bbd-9b03-022e7facb880,internal,Sony WH-1000XM4 headphones,"Genuinely like new. No marks, everything works exactly as it should. Bought it for a sublet that ended early. Easy pickup near 116th & Broadway, evenings and weekends work best.",electronics,,like_new,23000,false,true,10027,active,37,6,0,,2026-01-17T18:37:09+00:00,
1194b72d-c07b-414c-a8e6-8f09f9a9f941,53cbc155-02f5-409e-90b8-e1d1b8a42be9,internal,"Doc Martens 1460, US 9","Good condition overall — some honest wear, but nothing that affects using it. Upgraded to a bigger one and have no room for both. Cash or Venmo. I can meet near Amsterdam Ave any afternoon.",clothing,,used_good,5500,false,false,10009,active,63,10,1,,2026-01-19T09:41:02+00:00,
12c6fce3-becb-4891-85e4-d00b35bc6d67,a2a97c5b-d72e-47bb-a8b8-355fcf007b68,internal,"Coffee table, white",,furniture,sofas_tables,used_fair,3000,false,false,10025,reserved,43,4,1,,2026-01-20T05:25:39+00:00,
07833fa1-a3be-4c6f-af31-16e80675a938,57d2ea34-ccda-48c1-82da-d0d973b20d87,internal,Rolling clothes rack + hangers,"Good condition overall — some honest wear, but nothing that affects using it. Moving to a smaller place at the end of the month, so it needs a new home. Happy to hold it for a day if you need to arrange a car.",furniture,storage_shelving,used_good,4000,false,true,10025,sold,14,0,0,,2026-01-21T04:18:52+00:00,2026-01-30T14:07:31+00:00
28d3ae29-0018-495d-9a00-69756a10f71d,85a05a4b-ce52-43cf-8433-02a2cad529e1,internal,"IKEA MARKUS, size A","Unopened, tags still on. Bought two by mistake. Bought it for a sublet that ended early. Happy to hold it for a day if you need to arrange a car.",furniture,chairs,new,40000,false,false,10027,active,66,7,0,,2026-01-21T05:12:54+00:00,
3a9b5ff5-74c2-4fc7-8cd2-4e170e6fa669,780c8367-fbe3-4f3e-bb65-e449f49742c2,internal,"Desk chair, beige, adjustable","Used for two semesters and it has held up well. Nothing broken, a bit of normal wear. I am graduating in May and everything has to go before I move out. Collect from Amsterdam Ave; message me and we will find a time.",furniture,chairs,used_good,5000,false,false,10022,sold,8,1,0,,2026-01-21T17:03:31+00:00,2026-01-26T04:56:34+00:00
1b513c92-a928-402b-91a7-60c4ade3bd17,2709bb2d-e639-44c0-920f-80a9f4c4955e,internal,"Mechanical keyboard, white","Good condition overall — some honest wear, but nothing that affects using it. Bought it for a sublet that ended early. Easy pickup near campus, evenings and weekends work best.",electronics,,used_good,4500,false,true,10027,sold,9,2,0,,2026-01-21T20:56:46+00:00,2026-01-27T07:52:01+00:00
76837a8c-4985-4fdf-baa4-aca03cab425a,67720afd-c98f-4042-88f8-4ee42ce6223e,internal,"Organic Chemistry reader, spiral bound","Everything works. A couple of light marks from moving, nothing structural. Finished the course, so I no longer need it. Easy pickup near Amsterdam Ave, evenings and weekends work best.",textbooks,,used_good,1600,false,false,10027,active,47,5,0,,2026-01-24T13:40:55+00:00,
292e5daa-d8f7-4aee-8085-084056722b12,8a4f20be-5402-4f7f-97d5-042270c4a232,internal,"Suit, size XL, tailored once","Used for two semesters and it has held up well. Nothing broken, a bit of normal wear. Heading back home after this semester and cannot take it with me. Collect from Morningside Heights; message me and we will find a time. I will throw in the matching lamp for free.",clothing,,used_good,19000,false,true,10027,active,95,10,1,,2026-01-25T19:20:08+00:00,
c6db36ab-cb69-4d70-91fe-0a05b8a4048c,a4870570-7c5f-4b20-8e76-eb3e4f83bf13,internal,Managerial Economics international ed. + solutions manual,"Used for two semesters and it has held up well. Nothing broken, a bit of normal wear. Bought it for a sublet that ended early. Happy to hold it for a day if you need to arrange a car.",textbooks,,used_good,8000,false,false,10027,active,99,9,2,,2026-01-26T16:09:40+00:00,
0b1860f7-ee27-4ba0-8cee-df6ed9f794f9,17bc3a75-830c-41bc-b847-8447593a7d03,internal,Hamilton Beach blender,"Well used and it shows — a few dents and one sticky drawer, but it does its job. I am graduating in May and everything has to go before I move out. Pickup only, 3rd floor with an elevator — I can help carry it down to the street. Open to a small discount if you take it today.",kitchen_home,,used_fair,1400,false,true,10025,active,48,7,0,,2026-01-26T22:36:58+00:00,
92d0d2fc-5512-44fe-b924-4936157def77,dc64b030-9ad0-4b7f-aa39-1ea19decb440,internal,"IPad Pro 11"", wifi","Solid, no wobble — one small scuff on the back left that you cannot see once it is against a wall. Heading back home after this semester and cannot take it with me. Easy pickup near 116th & Broadway, evenings and weekends work best.",electronics,,used_good,21000,false,false,10024,sold,17,1,0,,2026-01-27T03:43:47+00:00,2026-01-28T07:59:37+00:00
88bcaabb-bfb6-4ca7-80d4-d02125341f6e,8a4f20be-5402-4f7f-97d5-042270c4a232,internal,"Surface Laptop 4, 8GB/256GB","Used for two semesters and it has held up well. Nothing broken, a bit of normal wear. Moving to a smaller place at the end of the month, so it needs a new home. Collect from campus; message me and we will find a time.",electronics,,used_good,18000,false,false,10027,sold,15,3,0,,2026-01-28T08:41:38+00:00,2026-02-13T04:28:00+00:00
954944ca-3aba-4e7b-adcb-9c2758bddf3a,bfd8403b-80c0-4664-aaab-0599f13df1e7,internal,Shoe rack — free to a good home,,free_stuff,,used_good,0,true,false,10026,sold,11,1,0,,2026-01-28T17:34:53+00:00,2026-02-07T05:49:46+00:00
77b86756-0fc1-4776-a385-c1cc7aded0ec,60e7746d-a14d-4134-a659-8644ea757f35,internal,Set of 4 mugs and 4 glasses,"Barely touched — I moved into a furnished place two weeks later. Finished the course, so I no longer need it. Collect from Morningside Heights; message me and we will find a time. Original box and instructions included.",kitchen_home,,like_new,3000,false,false,11201,active,25,2,0,,2026-01-29T00:02:08+00:00,
0d90dfee-388b-42d5-b612-38de6dfcd54f,dd6a0ad5-cbc7-4d17-8a8a-229cea78e52b,internal,Organic Chemistry — full course bundle,"Genuinely like new. No marks, everything works exactly as it should. Finished the course, so I no longer need it. Easy pickup near 116th & Broadway, evenings and weekends work best. I will throw in the matching lamp for free.",textbooks,,like_new,9000,false,false,10031,sold,14,2,0,,2026-01-30T23:32:32+00:00,2026-03-11T22:50:44+00:00
4812e989-502a-426b-9de9-582ba08b4c3b,34441c15-0467-4b92-b3ab-8deb1054c830,internal,Wool scarf and glove set,"Well used and it shows — a few dents and one sticky drawer, but it does its job. Moving to a smaller place at the end of the month, so it needs a new home. Cash or Venmo. I can meet near campus any afternoon.",clothing,,used_fair,0,true,false,10031,active,61,11,1,,2026-01-31T03:50:52+00:00,
1ff426a2-12ae-4730-8ce4-f2971074f75c,8ac6c4d2-d139-40ec-9a3e-7bd2347f979a,internal,"Winter boots, size M, waterproof",,clothing,,used_good,4000,false,false,11101,active,96,5,1,,2026-01-31T07:04:45+00:00,
c984e6c2-703b-49e3-b364-43111b6808cb,3b30a6e4-3c57-4bbd-9b03-022e7facb880,internal,"Standing desk, electric, 120×60","Solid, no wobble — one small scuff on the back left that you cannot see once it is against a wall. I am graduating in May and everything has to go before I move out. Easy pickup near Amsterdam Ave, evenings and weekends work best. I will throw in the matching lamp for free.",furniture,desks,used_good,14000,false,false,10027,active,39,6,0,,2026-02-01T06:26:02+00:00,
b0610839-2c14-4455-8fb7-867f90228a5b,a83115e6-95d7-4710-8785-ad490862eb1d,internal,Set of 4 mugs and 4 glasses,"Good condition overall — some honest wear, but nothing that affects using it. I am graduating in May and everything has to go before I move out. Collect from Amsterdam Ave; message me and we will find a time. I will throw in the matching lamp for free.",kitchen_home,,used_good,1400,false,false,11217,sold,16,1,0,,2026-02-01T07:24:52+00:00,2026-02-08T01:32:23+00:00
1b68116c-a3bd-4595-b198-cc30396b09f1,17b21723-fa8f-407d-8126-f99b09b1578a,internal,"Nike Air Force 1, US 9",,clothing,,used_good,3500,false,true,10027,reserved,75,5,1,,2026-02-03T18:00:27+00:00,
a99a6b1f-1c31-42f2-a662-f05ff04b177c,780c8367-fbe3-4f3e-bb65-e449f49742c2,internal,Microeconomics 12th ed. + solutions manual,"Unopened, tags still on. Bought two by mistake. Moving to a smaller place at the end of the month, so it needs a new home. Easy pickup near the Columbia gates, evenings and weekends work best.",textbooks,,new,9000,false,true,10022,active,75,4,2,,2026-02-04T16:13:38+00:00,
d94d7046-e27b-4653-bf1a-e1807b0924d3,cb3f27ba-7b73-4263-a8df-7fc52f4ac105,internal,"Winter boots, size L, waterproof","Used for two semesters and it has held up well. Nothing broken, a bit of normal wear. I am graduating in May and everything has to go before I move out. Happy to hold it for a day if you need to arrange a car.",clothing,,used_good,3000,false,true,10025,sold,8,0,0,,2026-02-05T03:13:29+00:00,2026-02-08T08:15:18+00:00
867135d4-138a-4c9d-9043-234925b66aef,633e35cc-49f2-45eb-961a-e210bcd9d073,internal,"Standing fan, works fine","Everything works. A couple of light marks from moving, nothing structural. Bought it for a sublet that ended early. Happy to hold it for a day if you need to arrange a car.",kitchen_home,,used_good,3000,false,true,10025,sold,7,1,0,,2026-02-05T20:37:30+00:00,2026-02-08T10:38:54+00:00
d5bbf375-41a8-4916-81af-c6ee9bafcec9,78adb4b4-64d8-4a3f-b789-0aeeccaf033e,internal,"Doc Martens 1460, US 9","Everything works. A couple of light marks from moving, nothing structural. Upgraded to a bigger one and have no room for both. Pickup only, 3rd floor with an elevator — I can help carry it down to the street.",clothing,,used_good,12000,false,false,10027,sold,7,3,0,,2026-02-06T09:21:52+00:00,2026-03-03T00:04:24+00:00
318f4f7b-d233-4778-b465-2e53afc1efd9,be814268-912b-47b4-8181-c0ede2b04826,internal,Statistical Inference 7th ed. + solutions manual,"Unopened, tags still on. Bought two by mistake. Bought it for a sublet that ended early. Happy to hold it for a day if you need to arrange a car.",textbooks,,new,5500,false,false,10023,sold,5,0,0,,2026-02-06T17:35:36+00:00,2026-02-10T03:34:31+00:00
4ff13241-c73a-4205-80f0-c7b51c3cefd0,b87fa7ae-7016-46ff-bf10-b0be3cd2d358,internal,Water filter pitcher + 2 filters,"Genuinely like new. No marks, everything works exactly as it should. Moving to a smaller place at the end of the month, so it needs a new home. Pickup only, 3rd floor with an elevator — I can help carry it down to the street.",kitchen_home,,like_new,3500,false,false,10032,sold,11,1,0,,2026-02-06T22:03:33+00:00,2026-02-10T00:10:00+00:00
0bd58e68-45ba-48ef-971c-2e847ba80dde,52d44442-4dbc-40af-bbe3-a97d1e165b33,internal,Bike rack and floor pump,"Solid, no wobble — one small scuff on the back left that you cannot see once it is against a wall. Heading back home after this semester and cannot take it with me. Happy to hold it for a day if you need to arrange a car.",bikes_transport,,used_good,3000,false,false,11215,sold,28,3,0,,2026-02-07T00:50:15+00:00,2026-02-09T20:23:29+00:00
17e989ce-d290-498a-83c9-8b71f03fa800,6f258066-979f-4da2-bba0-720da942d710,internal,"Small writing desk, walnut",,furniture,desks,like_new,10000,false,true,10025,sold,27,1,0,,2026-02-07T08:28:49+00:00,2026-03-06T02:09:20+00:00
5de458d4-fa85-4f8f-ac31-fe3c0c649a42,53cbc155-02f5-409e-90b8-e1d1b8a42be9,internal,"Patagonia fleece, size XL","Well used and it shows — a few dents and one sticky drawer, but it does its job. Bought it for a sublet that ended early. Pickup only, 3rd floor with an elevator — I can help carry it down to the street. Can send more photos of any detail you want to see.",clothing,,used_fair,5500,false,true,10009,sold,13,2,0,,2026-02-07T12:15:10+00:00,2026-02-11T07:46:56+00:00
e35da1a0-240e-40d8-8c36-dd51c2d31334,d34b2b4a-bc0b-4ffd-83db-00f5cc6c937f,internal,Rolling clothes rack + hangers,,furniture,storage_shelving,like_new,3500,false,true,10027,active,82,7,1,,2026-02-08T03:35:14+00:00,
853f758e-53a6-411f-987a-3cb43f298780,61bc54ff-d92a-459a-b783-749eeba4b206,internal,Linear Algebra — full course bundle,"Barely touched — I moved into a furnished place two weeks later. Bought it for a sublet that ended early. Easy pickup near Morningside Heights, evenings and weekends work best.",textbooks,,like_new,6500,false,true,10022,sold,12,1,0,,2026-02-08T11:35:35+00:00,2026-02-16T09:44:52+00:00
0b1d3bd7-3956-4a92-8ae9-20624dfcb141,b0498d7c-841b-4a0f-8ec8-dbfc1353b9c1,internal,"IKEA BILLY shelf unit, walnut",Some visible wear and a small chip on one corner. Happy to send more photos. I am graduating in May and everything has to go before I move out. Happy to hold it for a day if you need to arrange a car.,furniture,storage_shelving,used_fair,3500,false,false,10035,active,198,16,3,,2026-02-08T13:17:30+00:00,
3ee98c7c-6680-4959-9db3-bc51a8f98772,2e23fd62-664f-4904-93b9-98484374da38,internal,Folding shopping cart,,bikes_transport,,used_good,3500,false,true,10038,active,191,18,3,,2026-02-08T18:41:10+00:00,
b9827a2d-d68a-4c7b-bbd4-72d9312b41e4,9b0f4215-bb92-4800-a8ee-8b3a7bbf2ee1,internal,"MacBook Pro 13"", 8GB/256GB","Fair condition, priced to reflect it. Works fine, looks lived in. I am graduating in May and everything has to go before I move out. Easy pickup near the Columbia gates, evenings and weekends work best.",electronics,,used_fair,16000,false,false,10030,sold,9,0,0,,2026-02-10T09:33:26+00:00,2026-02-14T16:52:47+00:00
5d9f8971-0615-464f-98b2-f4a50dacf14a,f31588a9-6fbc-4f16-a1f0-65bb1970a62f,internal,"Autonomous ErgoChair, size B","Good condition overall — some honest wear, but nothing that affects using it. Upgraded to a bigger one and have no room for both. Pickup only, 3rd floor with an elevator — I can help carry it down to the street.",furniture,chairs,used_good,11000,false,true,10031,sold,10,0,0,,2026-02-11T08:35:08+00:00,2026-02-13T07:40:04+00:00
49eee5d6-1e69-4995-8654-08c57e585ad9,67720afd-c98f-4042-88f8-4ee42ce6223e,internal,"Standing desk, electric, 160×80","Used for two semesters and it has held up well. Nothing broken, a bit of normal wear. Bought it for a sublet that ended early. Easy pickup near the Columbia gates, evenings and weekends work best. I will throw in the matching lamp for free.",furniture,desks,used_good,15000,false,true,10027,active,20,1,1,,2026-02-11T22:22:38+00:00,
ed95437b-2d55-4380-8e75-5753e3b94af6,ded797b6-afed-4f9c-8ae0-35b3c61aa0e4,internal,"Statistical Inference reader, spiral bound",Barely touched — I moved into a furnished place two weeks later. Upgraded to a bigger one and have no room for both. Happy to hold it for a day if you need to arrange a car.,textbooks,,like_new,4000,false,true,10451,active,114,11,1,,2026-02-12T00:25:49+00:00,
511e49b5-987f-4ad0-bac0-66235047d333,1fba3799-d4cc-4a1c-84d6-51146012067e,internal,"Constitutional Law (Berk), international edition",,textbooks,,like_new,5500,false,true,10025,sold,25,3,0,,2026-02-12T19:38:16+00:00,2026-03-05T18:17:46+00:00
633f396a-5230-48fc-b714-ff4dae685140,38736e97-8380-4bc8-9d40-b95a6d5761ef,internal,"Data Structures reader, spiral bound","Barely touched — I moved into a furnished place two weeks later. Bought it for a sublet that ended early. Pickup only, 3rd floor with an elevator — I can help carry it down to the street.",textbooks,,like_new,5000,false,true,10027,active,46,2,0,,2026-02-13T16:09:40+00:00,
09937b36-2788-447c-9fa5-e0e999308822,d4be3d17-49dc-4e35-953b-ddb3c7c6c4a2,internal,"Small writing desk, walnut","Good condition overall — some honest wear, but nothing that affects using it. Upgraded to a bigger one and have no room for both. Collect from Morningside Heights; message me and we will find a time.",furniture,desks,used_good,7500,false,false,10027,sold,60,7,1,,2026-02-13T21:09:21+00:00,2026-03-05T17:03:41+00:00
921576ef-5434-4aca-be56-e43aa29fc8e4,2dac0197-e076-459a-8d9a-034a44933296,internal,"Dyson V8 cordless vacuum, all heads",Barely touched — I moved into a furnished place two weeks later. I am graduating in May and everything has to go before I move out. Collect from Morningside Heights; message me and we will find a time. Open to a small discount if you take it today.,electronics,,like_new,23000,false,false,10031,active,39,3,0,,2026-02-14T19:07:37+00:00,
aa573aef-533c-4b28-a21d-9f419595deed,514cc026-35f8-49f0-9e68-dff0aa3aab07,internal,"Managerial Economics reader, spiral bound","Barely touched — I moved into a furnished place two weeks later. Bought it for a sublet that ended early. Pickup only, 3rd floor with an elevator — I can help carry it down to the street. Open to a small discount if you take it today.",textbooks,,like_new,4500,false,true,10027,active,51,3,0,,2026-02-14T22:13:27+00:00,
b354efd1-5ac6-43ea-86bb-18e57b0e662d,e984c74d-dd4a-466b-b93f-7f517e76b6c7,internal,Statistical Inference (McGraw-Hill) 7th ed.,"Fair condition, priced to reflect it. Works fine, looks lived in. Bought it for a sublet that ended early. Easy pickup near campus, evenings and weekends work best.",textbooks,,used_fair,2500,false,false,10027,reserved,20,4,0,,2026-02-16T05:41:07+00:00,
bbe9b8d6-c660-4cee-bec1-6385427dd2a5,a14d5a0d-9ddc-4170-a239-6044cb65462e,internal,Zojirushi kettle,,kitchen_home,,used_good,0,true,false,10027,active,85,6,1,,2026-02-16T18:00:18+00:00,
d6407bd5-5421-4b05-99a5-5ba4bddb384d,67720afd-c98f-4042-88f8-4ee42ce6223e,internal,Wilson tennis racket,"Used for two semesters and it has held up well. Nothing broken, a bit of normal wear. Bought it for a sublet that ended early. Cash or Venmo. I can meet near 116th & Broadway any afternoon.",sports,,used_good,7000,false,true,10027,active,40,1,1,,2026-02-16T21:20:04+00:00,
c0f735ab-5c84-43d0-96ca-b79eb1b6cc32,8d5b08cd-a9b3-424d-b178-65d65f5998af,internal,"Standing fan, works fine","Everything works. A couple of light marks from moving, nothing structural. Heading back home after this semester and cannot take it with me. Cash or Venmo. I can meet near 116th & Broadway any afternoon.",kitchen_home,,used_good,11000,false,false,10031,reserved,191,18,3,,2026-02-17T06:21:43+00:00,
6f131e9e-c88e-4e48-aeaf-27566a5e79c5,ae8523f3-49f1-45d4-ab29-0313676f12d0,internal,"MacBook Pro 13"", 8GB/256GB","Brand new, still sealed — I ordered the wrong size and the return window closed. Heading back home after this semester and cannot take it with me. Easy pickup near the Columbia gates, evenings and weekends work best. Open to a small discount if you take it today.",electronics,,new,39000,false,false,10018,draft,0,0,0,,2026-02-19T14:04:19+00:00,
aee5bcfa-4624-4b60-9453-d7d56d1174df,d04a9725-4a5b-49d3-971a-6c7bbb1d7355,internal,Wool scarf and glove set,"Used it for about a month and it looks the same as the day I got it. Finished the course, so I no longer need it. Pickup only, 3rd floor with an elevator — I can help carry it down to the street. Can send more photos of any detail you want to see.",clothing,,like_new,5000,false,false,10027,active,49,3,0,,2026-02-19T23:31:10+00:00,
4a7918ac-2a87-4677-a4e5-b11388456d13,09df0479-c184-43eb-84fc-57806ea9743a,internal,"Surface Laptop 4, 8GB/256GB",Barely touched — I moved into a furnished place two weeks later. I am graduating in May and everything has to go before I move out. Collect from the Columbia gates; message me and we will find a time. I will throw in the matching lamp for free.,electronics,,like_new,44000,false,false,10025,sold,9,1,0,,2026-02-20T10:30:19+00:00,2026-02-21T17:22:28+00:00
1b3cdd39-d81a-4b64-964d-6af54d639dfb,e3d856ad-6787-404e-8e93-f255933c3680,internal,Water filter pitcher + 2 filters,"Used for two semesters and it has held up well. Nothing broken, a bit of normal wear. I am graduating in May and everything has to go before I move out. Easy pickup near Amsterdam Ave, evenings and weekends work best.",kitchen_home,,used_good,1000,false,false,10017,sold,25,2,0,,2026-02-20T16:02:42+00:00,2026-03-07T17:12:22+00:00
2a4c6daf-00ba-47e3-8de1-8ae14e13a0c7,cb3f27ba-7b73-4263-a8df-7fc52f4ac105,internal,"Schwinn hybrid, M frame","Good condition overall — some honest wear, but nothing that affects using it. Moving to a smaller place at the end of the month, so it needs a new home. Happy to hold it for a day if you need to arrange a car. Open to a small discount if you take it today.",bikes_transport,,used_good,32000,false,false,10025,sold,8,2,0,,2026-02-20T18:34:38+00:00,2026-03-06T10:13:47+00:00
ef47a308-9b55-4a85-a627-bfdbe39fc043,3b534511-491d-43ca-8db3-2f08eee9be65,internal,Anker power strip + USB-C hub,"Fair condition, priced to reflect it. Works fine, looks lived in. Bought it for a sublet that ended early. Easy pickup near Amsterdam Ave, evenings and weekends work best. I will throw in the matching lamp for free.",electronics,,used_fair,3000,false,true,10026,active,62,10,1,,2026-02-20T20:13:01+00:00,
1172ce9a-f237-4cd2-a9b3-50c1f8dda291,01a63c21-47ae-4034-92d8-95c929748522,internal,Water filter pitcher + 2 filters,"Solid, no wobble — one small scuff on the back left that you cannot see once it is against a wall. Bought it for a sublet that ended early. Easy pickup near 116th & Broadway, evenings and weekends work best.",kitchen_home,,used_good,2500,false,false,10025,active,19,2,0,,2026-02-21T05:30:03+00:00,
4bd13cb0-7e5a-4ea7-9a32-ca0e3b630b90,810094ee-d2d1-4263-b5b9-7363f515bf05,internal,Marketing Strategy — full course bundle,"Used for two semesters and it has held up well. Nothing broken, a bit of normal wear. Bought it for a sublet that ended early. Happy to hold it for a day if you need to arrange a car.",textbooks,,used_good,5500,false,true,10031,active,284,27,1,,2026-02-21T09:05:30+00:00,
7c15d80e-e9e3-45a6-a981-a493bbedf10b,ddd1c048-ef55-4690-955b-c869f4c05bc7,internal,"Desk chair, birch, adjustable","Fair condition, priced to reflect it. Works fine, looks lived in. Heading back home after this semester and cannot take it with me. Cash or Venmo. I can meet near Amsterdam Ave any afternoon.",furniture,chairs,used_fair,3500,false,false,10027,active,31,2,0,,2026-02-21T12:57:24+00:00,
31a77b7d-9665-4260-acb7-eceeff22cd4d,f8ec5735-1c8f-4776-b569-2f0195771513,internal,Wool scarf and glove set,"Some visible wear and a small chip on one corner. Happy to send more photos. I am graduating in May and everything has to go before I move out. Easy pickup near the Columbia gates, evenings and weekends work best.",clothing,,used_fair,1100,false,true,10013,sold,9,1,1,,2026-02-22T15:52:00+00:00,2026-02-26T22:28:45+00:00
cd403da8-3b4e-499c-bf83-1a1ee6ed11ee,78adb4b4-64d8-4a3f-b789-0aeeccaf033e,internal,Folding shopping cart,"Fair condition, priced to reflect it. Works fine, looks lived in. Bought it for a sublet that ended early. Pickup only, 3rd floor with an elevator — I can help carry it down to the street.",bikes_transport,,used_fair,2000,false,false,10027,active,45,4,0,,2026-02-23T13:20:49+00:00,
a88122dc-3c84-40d9-bc07-e4dd9bd72e74,05c1b613-6547-49f7-a31f-dfedc7876aca,internal,"Humidifier, works fine","Fair condition, priced to reflect it. Works fine, looks lived in. Heading back home after this semester and cannot take it with me. Pickup only, 3rd floor with an elevator — I can help carry it down to the street.",kitchen_home,,used_fair,0,true,false,10003,active,74,7,0,,2026-02-23T13:30:31+00:00,
6d6e986f-3cbc-41d1-ba03-0ce510ee357f,8ca12932-1c6f-4ce8-b5ac-da66575fd911,internal,"Corporate Finance (McGraw-Hill), international edition","Used it for about a month and it looks the same as the day I got it. Finished the course, so I no longer need it. Easy pickup near campus, evenings and weekends work best.",textbooks,,like_new,3500,false,true,10027,sold,11,3,0,,2026-02-24T21:54:58+00:00,2026-03-12T10:49:57+00:00
62ae4557-1409-4ad9-8a8d-b2692483ae77,427e62af-c795-4132-8cf3-9c85f803508a,internal,"Suit, size L, tailored once","Used for two semesters and it has held up well. Nothing broken, a bit of normal wear. I am graduating in May and everything has to go before I move out. Collect from the Columbia gates; message me and we will find a time.",clothing,,used_good,19000,false,false,10027,sold,14,0,0,,2026-02-25T15:04:50+00:00,2026-03-19T08:09:29+00:00
2a8e7028-a987-4958-94c0-3962598f6db8,b0d125ec-566b-4830-9728-284dfbbab547,internal,"Winter boots, size M, waterproof","Brand new, still sealed — I ordered the wrong size and the return window closed. Upgraded to a bigger one and have no room for both. Cash or Venmo. I can meet near campus any afternoon.",clothing,,new,13000,false,false,10027,active,45,8,0,,2026-02-26T02:20:50+00:00,
57964d2d-298b-4857-95d2-5ff8e83173fa,61bc54ff-d92a-459a-b783-749eeba4b206,internal,"Coffee table, walnut",,furniture,sofas_tables,like_new,13000,false,true,10022,active,140,16,1,,2026-02-26T04:09:24+00:00,
0bcd978f-8c66-4c77-a4a3-0c38747c72ab,dc64b030-9ad0-4b7f-aa39-1ea19decb440,internal,"Nike Air Force 1, US 9","Unopened, tags still on. Bought two by mistake. Heading back home after this semester and cannot take it with me. Pickup only, 3rd floor with an elevator — I can help carry it down to the street. I will throw in the matching lamp for free.",clothing,,new,16000,false,true,10024,active,33,4,0,,2026-02-26T13:08:42+00:00,
200ade74-5cea-4ec5-9a52-c0f11d6d0bba,b79ed613-8b3e-476e-8337-9d3542f26656,internal,Cuckoo 6-cup rice cooker,Used it for about a month and it looks the same as the day I got it. Heading back home after this semester and cannot take it with me. Happy to hold it for a day if you need to arrange a car.,kitchen_home,,like_new,7000,false,true,10027,active,45,2,0,,2026-03-01T13:47:56+00:00,
ea865a8e-00b9-43f0-9721-cd915c3d4182,61bc54ff-d92a-459a-b783-749eeba4b206,internal,Wool scarf and glove set,"Everything works. A couple of light marks from moving, nothing structural. I am graduating in May and everything has to go before I move out. Collect from 116th & Broadway; message me and we will find a time. Original box and instructions included.",clothing,,used_good,2000,false,true,10022,sold,13,3,0,,2026-03-01T22:32:12+00:00,2026-03-12T12:33:32+00:00
eca37b12-e5fe-45bd-a722-1af52a9dd7d5,5c16ef18-8047-4cc4-806c-4ef9df6de907,internal,Zojirushi kettle,,kitchen_home,,used_good,2500,false,false,10027,active,172,22,1,,2026-03-02T18:24:23+00:00,
8766624d-9b70-4fe6-8284-8d158b49f221,6f258066-979f-4da2-bba0-720da942d710,internal,"Patagonia fleece, size M",,clothing,,used_good,10000,false,false,10025,sold,12,0,0,,2026-03-02T20:01:10+00:00,2026-03-09T16:54:26+00:00
ef33fd3b-54f1-41a4-8a81-e363545c9ca7,e8bd6718-0ee1-4de3-9813-716c81bea5a5,internal,Anker power strip + USB-C hub,"Barely touched — I moved into a furnished place two weeks later. Finished the course, so I no longer need it. Happy to hold it for a day if you need to arrange a car. Can send more photos of any detail you want to see.",electronics,,like_new,7000,false,false,10035,active,37,1,0,,2026-03-02T23:40:06+00:00,
c30f7510-b78f-495c-8472-386a997175a7,eb37e445-ad15-450f-aac9-165635b7ef7b,internal,"Ski jacket and poles, size S","Good condition overall — some honest wear, but nothing that affects using it. I am graduating in May and everything has to go before I move out. Cash or Venmo. I can meet near Morningside Heights any afternoon.",sports,,used_good,5000,false,true,10039,reserved,94,10,1,,2026-03-03T12:42:31+00:00,
1cb46ef5-25ec-4770-b16b-fb8012fe8d70,8d1ad378-722c-4717-abf4-9283311d7566,internal,"Marketing Strategy reader, spiral bound","Used for two semesters and it has held up well. Nothing broken, a bit of normal wear. I am graduating in May and everything has to go before I move out. Collect from the Columbia gates; message me and we will find a time. Can send more photos of any detail you want to see.",textbooks,,used_good,1400,false,false,10027,sold,45,4,0,,2026-03-03T19:31:53+00:00,2026-03-16T11:38:25+00:00
dcd826db-07d8-4f4c-8ea1-7a232775cc23,1fba3799-d4cc-4a1c-84d6-51146012067e,internal,"3-seat sofa, black","Used it for about a month and it looks the same as the day I got it. Moving to a smaller place at the end of the month, so it needs a new home. Pickup only, 3rd floor with an elevator — I can help carry it down to the street.",furniture,sofas_tables,like_new,19000,false,true,10025,active,35,6,0,,2026-03-04T12:21:52+00:00,
9fa4a6f8-4bce-4c49-a813-e7c1ce344e31,92b26b2d-f521-4368-bfd5-7368f4d4b7d2,internal,Bose QC35 headphones,"Some visible wear and a small chip on one corner. Happy to send more photos. Finished the course, so I no longer need it. Pickup only, 3rd floor with an elevator — I can help carry it down to the street. I will throw in the matching lamp for free.",electronics,,used_fair,11000,false,true,10002,sold,17,1,1,,2026-03-06T03:43:56+00:00,2026-03-08T12:54:36+00:00
dce87cbe-f86a-40a8-b9f7-e5a29d024448,56423c84-9e94-44e6-a034-0a21e231fbea,internal,Anker power strip + USB-C hub,"Well used and it shows — a few dents and one sticky drawer, but it does its job. Bought it for a sublet that ended early. Collect from the Columbia gates; message me and we will find a time.",electronics,,used_fair,3000,false,false,10027,draft,0,0,0,,2026-03-07T17:21:26+00:00,
9c94bfb4-8d26-41f7-ae5c-973edcf821d7,3e1135b6-a11d-4440-9839-7607ab0df809,internal,Linear Algebra — full course bundle,,textbooks,,used_fair,4000,false,true,10013,sold,18,4,0,,2026-03-08T06:40:02+00:00,2026-03-18T14:30:57+00:00
2e94cfb7-986f-47a2-b142-d96f3029cc9f,b37478b5-88dc-4b30-a68b-459b94eeb755,internal,Data Structures — full course bundle,"Genuinely like new. No marks, everything works exactly as it should. Bought it for a sublet that ended early. Easy pickup near the Columbia gates, evenings and weekends work best.",textbooks,,like_new,6000,false,true,10027,reserved,82,10,1,,2026-03-08T09:15:16+00:00,
6cafed7e-630e-4d29-aad5-7c6365b2d723,67720afd-c98f-4042-88f8-4ee42ce6223e,internal,Organic Chemistry 9th ed. + solutions manual,"Solid, no wobble — one small scuff on the back left that you cannot see once it is against a wall. Heading back home after this semester and cannot take it with me. Happy to hold it for a day if you need to arrange a car.",textbooks,,used_good,2500,false,true,10027,active,65,8,1,,2026-03-08T16:16:20+00:00,
285ce0f1-30b9-4c09-b55d-f4ec871cd10e,a83115e6-95d7-4710-8785-ad490862eb1d,internal,Folding dining table + 2 chairs,"Used for two semesters and it has held up well. Nothing broken, a bit of normal wear. I am graduating in May and everything has to go before I move out. Pickup only, 3rd floor with an elevator — I can help carry it down to the street.",furniture,sofas_tables,used_good,11000,false,false,11217,active,90,8,0,,2026-03-08T17:19:31+00:00,
1a3084ec-0e17-4aaa-b946-385e6963e03e,99d52a61-bee5-4684-9df6-159e47cc27be,internal,"ReMarkable 2, wifi","Good condition overall — some honest wear, but nothing that affects using it. I am graduating in May and everything has to go before I move out. Easy pickup near the Columbia gates, evenings and weekends work best.",electronics,,used_good,10000,false,true,10027,sold,45,3,1,,2026-03-09T03:13:38+00:00,2026-03-29T15:14:01+00:00
c5c54ac8-0612-42cc-8e3d-3d56b1273046,f74c5434-3a39-4dc9-8fd0-1b4de52cff6b,internal,Rolling clothes rack + hangers,"Good condition overall — some honest wear, but nothing that affects using it. I am graduating in May and everything has to go before I move out. Easy pickup near campus, evenings and weekends work best.",furniture,storage_shelving,used_good,2500,false,false,10029,active,25,0,0,,2026-03-10T00:06:00+00:00,
3de9733c-1fbe-433f-82d8-74942f63c9e0,4fb579ea-1574-44fa-af02-83f6cb410836,internal,"Blundstone 550, US 9","Brand new, still sealed — I ordered the wrong size and the return window closed. Bought it for a sublet that ended early. Happy to hold it for a day if you need to arrange a car.",clothing,,new,11000,false,false,10027,active,62,9,1,,2026-03-12T02:56:30+00:00,
2da1da57-6194-4820-8065-9909c0c5b2e5,427e62af-c795-4132-8cf3-9c85f803508a,internal,"Small writing desk, walnut",,furniture,desks,used_good,4500,false,false,10027,active,148,17,3,,2026-03-12T11:33:31+00:00,
49efb4da-a41a-40d5-aab0-7b39b3926cee,aebbbd34-c750-4cee-b298-18c1698b9b92,internal,"Microeconomics reader, spiral bound","Genuinely like new. No marks, everything works exactly as it should. Moving to a smaller place at the end of the month, so it needs a new home. Happy to hold it for a day if you need to arrange a car. Can send more photos of any detail you want to see.",textbooks,,like_new,4000,false,true,10027,active,16,1,0,,2026-03-12T23:46:12+00:00,
4b0db089-b073-4912-ab4e-e247d93d0a66,73ba0cc9-b965-4bee-abba-983dac988737,internal,"Dell XPS 13, 8GB/256GB",Used it for about a month and it looks the same as the day I got it. Heading back home after this semester and cannot take it with me. Happy to hold it for a day if you need to arrange a car.,electronics,,like_new,30000,false,false,10033,active,30,4,0,,2026-03-13T02:02:04+00:00,
d48fb548-24b3-4b05-9c05-89bee555fb06,b2fa8b95-5aab-4854-a682-06ac4d3c3500,internal,"Textbook bundle, collect this week",,free_stuff,,used_good,0,true,false,10027,active,64,3,2,,2026-03-13T03:02:14+00:00,
9d54bb7d-e0a2-4c12-b3c7-8227ae655e72,73017fc1-97d8-40e8-b55e-c4e1738bfcbc,internal,"Space heater, works fine",Used it for about a month and it looks the same as the day I got it. Upgraded to a bigger one and have no room for both. Cash or Venmo. I can meet near 116th & Broadway any afternoon.,kitchen_home,,like_new,8000,false,true,10025,active,53,3,0,,2026-03-13T14:21:34+00:00,
d7440ea4-6677-4e65-ada8-0e28ec8497b0,514cc026-35f8-49f0-9e68-dff0aa3aab07,internal,"Suit, size XS, tailored once",,clothing,,used_good,7500,false,false,10027,sold,8,1,0,,2026-03-13T20:12:11+00:00,2026-03-16T18:53:51+00:00
3a1e50a5-5eef-4db2-a223-4f4ea2432418,87981edc-4a5a-415d-b51d-f9217163949a,internal,"Pair of dining chairs, walnut","Good condition overall — some honest wear, but nothing that affects using it. Heading back home after this semester and cannot take it with me. Cash or Venmo. I can meet near Morningside Heights any afternoon.",furniture,chairs,used_good,4000,false,true,10025,active,31,3,0,,2026-03-15T15:21:35+00:00,
b3747604-1e92-4d4f-8d7f-65e286756c05,10e5f889-8510-460a-b274-ff42a4b2a3e9,internal,Beats Studio3 headphones,"Genuinely like new. No marks, everything works exactly as it should. Heading back home after this semester and cannot take it with me. Pickup only, 3rd floor with an elevator — I can help carry it down to the street.",electronics,,like_new,24000,false,false,10027,sold,13,2,0,,2026-03-16T01:39:49+00:00,2026-03-19T06:52:18+00:00
f25a6144-d751-406b-9ca3-583f2b179955,8b2968bf-8ea1-47c7-9c02-7ef1cd908f61,internal,"Dyson V8 cordless vacuum, all heads","Good condition overall — some honest wear, but nothing that affects using it. Bought it for a sublet that ended early. Collect from Morningside Heights; message me and we will find a time.",electronics,,used_good,14000,false,false,11201,sold,9,1,0,,2026-03-16T09:43:18+00:00,2026-03-21T05:24:33+00:00
ff204ee2-55bf-4b21-a363-f017713c2a70,73017fc1-97d8-40e8-b55e-c4e1738bfcbc,internal,Anker power strip + USB-C hub,"Used it for about a month and it looks the same as the day I got it. Finished the course, so I no longer need it. Pickup only, 3rd floor with an elevator — I can help carry it down to the street.",electronics,,like_new,7000,false,true,10025,sold,12,1,0,,2026-03-17T16:46:39+00:00,2026-03-20T14:36:29+00:00
4249a2c8-63c7-443b-b1f5-8e341014ccec,054fe171-2aa2-4064-be59-369e103477d7,internal,"Memory foam mattress topper, twin XL",,furniture,beds_mattresses,like_new,8500,false,false,10031,active,17,0,0,,2026-03-18T05:23:30+00:00,
acd88d52-37d0-4fc5-8146-4455f2f58a46,2e23fd62-664f-4904-93b9-98484374da38,internal,"IKEA LINNMON desk 140×65, white","Fair condition, priced to reflect it. Works fine, looks lived in. I am graduating in May and everything has to go before I move out. Easy pickup near Amsterdam Ave, evenings and weekends work best.",furniture,desks,used_fair,5500,false,true,10038,draft,0,0,0,,2026-03-18T12:05:40+00:00,
d11161f0-6e96-45f0-90dd-abef6e58ef3d,a1e2e693-3bde-4f70-9281-01259889ee69,internal,Water filter pitcher + 2 filters,"Used for two semesters and it has held up well. Nothing broken, a bit of normal wear. Moving to a smaller place at the end of the month, so it needs a new home. Cash or Venmo. I can meet near 116th & Broadway any afternoon.",kitchen_home,,used_good,1900,false,true,10027,active,81,5,2,,2026-03-19T09:33:24+00:00,
f9b75355-ea39-4299-bd35-2a030a89ca20,f87b345a-0777-46fc-865a-b76dacc1e90a,internal,"Dell 24"" monitor + stand","Everything works. A couple of light marks from moving, nothing structural. Finished the course, so I no longer need it. Collect from Amsterdam Ave; message me and we will find a time.",electronics,,used_good,9000,false,false,10031,active,44,3,0,,2026-03-21T07:22:34+00:00,
2305a6cc-3d6b-4b34-a4f2-891d547a182f,0c75c528-0777-4d48-b0e4-87ab07dcd5a2,internal,"Corporate Finance reader, spiral bound","Good condition overall — some honest wear, but nothing that affects using it. Bought it for a sublet that ended early. Easy pickup near Amsterdam Ave, evenings and weekends work best.",textbooks,,used_good,3500,false,false,10032,active,121,13,2,,2026-03-21T11:31:15+00:00,
0efadc07-a8d9-4e98-afc0-d09a8b4f883b,e33923d4-ae33-4f20-93b4-4927825fa9f9,internal,"IKEA MALM desk 140×65, white","Everything works. A couple of light marks from moving, nothing structural. Moving to a smaller place at the end of the month, so it needs a new home. Cash or Venmo. I can meet near Amsterdam Ave any afternoon. I will throw in the matching lamp for free.",furniture,desks,used_good,8000,false,false,10025,active,231,15,3,,2026-03-22T13:04:39+00:00,
22fc2322-ae11-417c-b910-1303e8fd7ed9,32a7fe23-fa7e-4905-9afd-b6639736963d,internal,Statistical Inference — full course bundle,"Unopened, tags still on. Bought two by mistake. Upgraded to a bigger one and have no room for both. Happy to hold it for a day if you need to arrange a car. I will throw in the matching lamp for free.",textbooks,,new,9000,false,false,10027,active,32,3,0,,2026-03-23T22:06:45+00:00,
4f223670-4ff5-47cd-b293-310b24e4cd11,580cef17-440c-4dfe-9629-5e7dcbd52995,internal,"Desk chair, birch, adjustable","Good condition overall — some honest wear, but nothing that affects using it. Upgraded to a bigger one and have no room for both. Pickup only, 3rd floor with an elevator — I can help carry it down to the street.",furniture,chairs,used_good,4500,false,true,10027,sold,7,0,1,,2026-03-24T16:37:39+00:00,2026-05-19T11:06:20+00:00
2507dcf8-f0f0-4748-9c3b-39c98c174cec,5e792d2c-8426-4884-9092-5acfa7c688ed,internal,"Weight bench, folding","Barely touched — I moved into a furnished place two weeks later. Moving to a smaller place at the end of the month, so it needs a new home. Easy pickup near the Columbia gates, evenings and weekends work best.",sports,,like_new,14000,false,true,10027,active,249,20,0,,2026-03-28T18:15:36+00:00,
7308e92e-55b4-40e0-bef4-6419dc7eed0b,7d339706-bfcc-4887-91f1-ec63d2d23823,internal,"Microwave, works fine","Brand new, still sealed — I ordered the wrong size and the return window closed. Heading back home after this semester and cannot take it with me. Collect from campus; message me and we will find a time. Original box and instructions included.",kitchen_home,,new,12000,false,false,10031,active,23,3,1,,2026-03-29T02:24:32+00:00,
de820541-16f3-416c-bec0-340ef64ac306,054fe171-2aa2-4064-be59-369e103477d7,internal,Anker power strip + USB-C hub,"Used for two semesters and it has held up well. Nothing broken, a bit of normal wear. Finished the course, so I no longer need it. Collect from 116th & Broadway; message me and we will find a time. I will throw in the matching lamp for free.",electronics,,used_good,0,true,false,10031,active,90,8,2,,2026-03-30T01:52:50+00:00,
314fb214-c7ae-4835-b0f7-123b71502bd8,23061881-ec83-4935-ba31-110dc9dd0f5e,internal,"Memory foam mattress topper, queen","Everything works. A couple of light marks from moving, nothing structural. I am graduating in May and everything has to go before I move out. Easy pickup near Morningside Heights, evenings and weekends work best.",furniture,beds_mattresses,used_good,3000,false,false,10025,active,47,2,0,,2026-03-30T08:11:12+00:00,
d9c0d3ea-6073-4d89-aa5c-e440e14afff9,d97c38cc-0971-42dd-869d-988ad7864fdb,internal,"Trek FX 2, L frame, recently serviced","Used for two semesters and it has held up well. Nothing broken, a bit of normal wear. Finished the course, so I no longer need it. Pickup only, 3rd floor with an elevator — I can help carry it down to the street. Can send more photos of any detail you want to see.",bikes_transport,,used_good,19000,false,false,10025,sold,6,0,1,,2026-03-30T13:42:29+00:00,2026-04-04T13:54:29+00:00
cf50c5a3-c4c3-4156-97de-1ad23865152c,eff13da1-a531-4767-95ce-387f2866993e,internal,Folding dining table + 2 chairs,"Everything works. A couple of light marks from moving, nothing structural. Heading back home after this semester and cannot take it with me. Pickup only, 3rd floor with an elevator — I can help carry it down to the street. Open to a small discount if you take it today.",furniture,sofas_tables,used_good,5000,false,false,10027,reserved,24,1,0,,2026-03-31T01:38:35+00:00,
7e728688-5823-416f-b8eb-2fa0a142afd4,156ce20e-a7d6-4a4e-88c0-5e21929a443d,internal,Epidemiology (Norton) 6th ed.,Barely touched — I moved into a furnished place two weeks later. I am graduating in May and everything has to go before I move out. Cash or Venmo. I can meet near 116th & Broadway any afternoon.,textbooks,,like_new,8500,false,false,10025,active,81,7,1,,2026-03-31T07:56:59+00:00,
99f031cb-c4de-46b9-bac2-cc5607aaac60,484b4933-21fa-4a46-904b-33017ff3857f,internal,Set of 4 mugs and 4 glasses,"Solid, no wobble — one small scuff on the back left that you cannot see once it is against a wall. Finished the course, so I no longer need it. Cash or Venmo. I can meet near Morningside Heights any afternoon.",kitchen_home,,used_good,1200,false,true,10031,sold,21,0,0,,2026-04-01T21:40:31+00:00,2026-04-12T06:06:20+00:00
0860c965-4955-4662-ba12-1fb496a79820,420bbc59-57c5-4a99-a707-cc797e6b593d,internal,"New Balance 990, US 9","Used it for about a month and it looks the same as the day I got it. Finished the course, so I no longer need it. Cash or Venmo. I can meet near the Columbia gates any afternoon.",clothing,,like_new,5500,false,true,10038,sold,14,0,0,,2026-04-03T00:33:35+00:00,2026-04-12T06:31:24+00:00
92575fd8-6344-478b-af64-e5a09e3bab1f,fda29f93-a3e8-4fb9-84ba-b9b7b56ec5c2,internal,"Small writing desk, oak",,furniture,desks,used_good,6000,false,false,10027,active,29,2,2,,2026-04-03T17:06:42+00:00,
065857e8-9a99-4644-b3ba-e395c898fdb2,f31ed9a5-371d-40f1-abad-f2898658760d,internal,"Nike Air Force 1, US 9",Barely touched — I moved into a furnished place two weeks later. Upgraded to a bigger one and have no room for both. Cash or Venmo. I can meet near Morningside Heights any afternoon.,clothing,,like_new,6500,false,false,10027,sold,17,0,0,,2026-04-04T01:47:15+00:00,2026-04-10T20:00:54+00:00
0e3bf1f7-18f5-4e2e-bb5d-feafcead7007,594a9fe8-338e-48b9-bf94-45ec42062580,internal,Logitech mouse + desk mat,"Good condition overall — some honest wear, but nothing that affects using it. Bought it for a sublet that ended early. Cash or Venmo. I can meet near the Columbia gates any afternoon. Original box and instructions included.",electronics,,used_good,4500,false,true,10031,sold,4,1,0,,2026-04-04T01:49:20+00:00,2026-04-15T07:56:36+00:00
480b000c-3a74-4014-b033-8a20d75082b0,61bc54ff-d92a-459a-b783-749eeba4b206,internal,Instant Pot Duo 6qt,"Unopened, tags still on. Bought two by mistake. Heading back home after this semester and cannot take it with me. Pickup only, 3rd floor with an elevator — I can help carry it down to the street. I will throw in the matching lamp for free.",kitchen_home,,new,11000,false,true,10022,sold,5,0,0,,2026-04-04T07:27:08+00:00,2026-04-06T06:57:56+00:00
3cdae515-4165-4b5d-b499-f042cee7b757,67720afd-c98f-4042-88f8-4ee42ce6223e,internal,"Air purifier, works fine","Solid, no wobble — one small scuff on the back left that you cannot see once it is against a wall. Moving to a smaller place at the end of the month, so it needs a new home. Easy pickup near 116th & Broadway, evenings and weekends work best.",kitchen_home,,used_good,4500,false,false,10027,active,6,1,0,,2026-04-04T11:29:27+00:00,
0a34a3f3-e39e-4ada-bbe6-0afa4717093d,7275315b-de5e-4c67-9b01-11b25728750a,internal,"Organic Chemistry (McGraw-Hill), international edition","Brand new, still sealed — I ordered the wrong size and the return window closed. Moving to a smaller place at the end of the month, so it needs a new home. Cash or Venmo. I can meet near Morningside Heights any afternoon.",textbooks,,new,3500,false,false,11238,active,78,7,0,,2026-04-05T06:23:12+00:00,
8ab0a274-0bfa-4eb7-89c9-15079d34061b,468552db-87c2-40a1-b501-f637c4f5d75a,internal,"Coffee table, white","Good condition overall — some honest wear, but nothing that affects using it. Finished the course, so I no longer need it. Collect from Amsterdam Ave; message me and we will find a time.",furniture,sofas_tables,used_good,8500,false,true,10027,reserved,44,2,1,,2026-04-06T13:37:13+00:00,
f0f0832e-de46-41f9-9dc7-173bb7d1cd19,b233f9f6-2a38-41be-92c9-8555aefc62a9,internal,Organic Chemistry — full course bundle,Used it for about a month and it looks the same as the day I got it. Upgraded to a bigger one and have no room for both. Happy to hold it for a day if you need to arrange a car.,textbooks,,like_new,9000,false,true,10031,active,67,3,0,,2026-04-06T14:13:28+00:00,
005f6a80-9b64-4757-a305-2b431915680d,2e33ff49-a484-4f82-95d2-dc4216703bb3,internal,"Dell XPS 13, 8GB/256GB","Good condition overall — some honest wear, but nothing that affects using it. Finished the course, so I no longer need it. Cash or Venmo. I can meet near Morningside Heights any afternoon.",electronics,,used_good,35000,false,true,10027,active,61,6,0,,2026-04-07T23:03:51+00:00,
5fa677e9-605f-4e8b-8700-ec6f62d5d672,0009dfc3-c591-422e-9a5a-47a3c5627f02,internal,"IKEA KALLAX shelf unit, black-brown","Solid, no wobble — one small scuff on the back left that you cannot see once it is against a wall. Bought it for a sublet that ended early. Pickup only, 3rd floor with an elevator — I can help carry it down to the street.",furniture,storage_shelving,used_good,10000,false,true,10027,active,47,5,2,,2026-04-08T10:56:09+00:00,
e4d35472-fb47-478a-ae69-3e5983b0f905,2e23fd62-664f-4904-93b9-98484374da38,internal,"Coffee table, birch","Fair condition, priced to reflect it. Works fine, looks lived in. Upgraded to a bigger one and have no room for both. Happy to hold it for a day if you need to arrange a car.",furniture,sofas_tables,used_fair,2500,false,true,10038,active,27,1,0,,2026-04-09T06:27:41+00:00,
335acf55-3d4e-4b0b-a061-2cd53fc7d383,b35bb1cd-607f-4ff2-9161-bce4975c7369,internal,"Managerial Economics (Pearson), international edition","Used for two semesters and it has held up well. Nothing broken, a bit of normal wear. Finished the course, so I no longer need it. Pickup only, 3rd floor with an elevator — I can help carry it down to the street.",textbooks,,used_good,3500,false,false,10030,active,91,2,3,,2026-04-09T06:39:35+00:00,
0a1cacaf-75ca-40f4-9f58-1c0279a1778e,fd24cb3c-d535-4d3e-8f20-04616346c1f3,internal,"Dyson V8 cordless vacuum, all heads","Genuinely like new. No marks, everything works exactly as it should. Upgraded to a bigger one and have no room for both. Cash or Venmo. I can meet near Amsterdam Ave any afternoon. Can send more photos of any detail you want to see.",electronics,,like_new,16000,false,true,10013,active,31,1,1,,2026-04-09T11:13:01+00:00,
2fb8a3f0-3dd6-4f7c-8496-6a902f4f04f9,bf2702a9-36af-4152-9711-7fbe97eb016b,internal,"LG 27"" 4K monitor + stand","Used it for about a month and it looks the same as the day I got it. Upgraded to a bigger one and have no room for both. Pickup only, 3rd floor with an elevator — I can help carry it down to the street.",electronics,,like_new,13000,false,true,10031,sold,24,1,0,,2026-04-09T12:28:37+00:00,2026-04-26T02:05:02+00:00
daeea242-090d-4fcf-b385-b08ae905c195,ab56d43e-6b4a-43a3-9b6c-f3bae36c4bb6,internal,Nespresso Essenza,"Genuinely like new. No marks, everything works exactly as it should. Moving to a smaller place at the end of the month, so it needs a new home. Happy to hold it for a day if you need to arrange a car.",kitchen_home,,like_new,11000,false,false,10037,active,24,2,0,,2026-04-09T15:03:27+00:00,
1e1adf2d-1c44-4447-b29b-8e927533acb6,ce36aea6-fdbd-41f0-af71-96972ce4d5d1,internal,Rolling clothes rack + hangers,"Used it for about a month and it looks the same as the day I got it. Moving to a smaller place at the end of the month, so it needs a new home. Cash or Venmo. I can meet near Morningside Heights any afternoon.",furniture,storage_shelving,like_new,4500,false,false,10027,active,65,4,0,,2026-04-09T16:51:56+00:00,
75d3b578-759d-43ea-ad65-ce5f238e9777,6d1577ed-1dc7-4670-a35e-7ee03d6217a2,internal,"Standing desk, electric, 120×60","Solid, no wobble — one small scuff on the back left that you cannot see once it is against a wall. Heading back home after this semester and cannot take it with me. Cash or Venmo. I can meet near Morningside Heights any afternoon.",furniture,desks,used_good,10000,false,false,10027,active,40,2,0,,2026-04-10T20:09:10+00:00,
ad81ca16-67fb-4b64-a9af-467c38c3a8e8,919c1afb-25b2-4b3a-bfab-39ebe9e77e2c,internal,Instant Pot Duo 6qt,Some visible wear and a small chip on one corner. Happy to send more photos. Upgraded to a bigger one and have no room for both. Collect from 116th & Broadway; message me and we will find a time. Original box and instructions included.,kitchen_home,,used_fair,3500,false,false,10031,active,44,3,1,,2026-04-10T20:58:30+00:00,
c0e93cf7-6305-415f-88cf-e6a8c25ae351,a0e2974c-e309-4d0a-be48-f7744ff2a50d,internal,"Dyson V8 cordless vacuum, all heads",Barely touched — I moved into a furnished place two weeks later. Heading back home after this semester and cannot take it with me. Cash or Venmo. I can meet near the Columbia gates any afternoon.,electronics,,like_new,33000,false,true,10027,reserved,26,4,0,,2026-04-11T00:57:28+00:00,
532ba48c-e0eb-4b2f-8e92-0b6898354b44,a699aa40-0fdf-4212-a0ef-24d84d61c465,internal,"Desk chair, grey, adjustable","Brand new, still sealed — I ordered the wrong size and the return window closed. Bought it for a sublet that ended early. Collect from 116th & Broadway; message me and we will find a time.",furniture,chairs,new,11000,false,false,10027,sold,54,2,1,,2026-04-11T03:24:02+00:00,2026-04-14T11:18:35+00:00
4c266862-f246-446a-9f99-7a255451d48e,2546be0b-81f5-441c-bbbe-d4925b10d00d,internal,Set of 4 mugs and 4 glasses,"Barely touched — I moved into a furnished place two weeks later. Moving to a smaller place at the end of the month, so it needs a new home. Pickup only, 3rd floor with an elevator — I can help carry it down to the street. I will throw in the matching lamp for free.",kitchen_home,,like_new,2500,false,false,10019,active,56,3,1,,2026-04-11T07:14:16+00:00,
e5028709-1f1f-4835-aaad-78637ea84c13,e6ac3080-e405-47c5-b78b-6c37ea355a02,internal,Folding dining table + 2 chairs,"Good condition overall — some honest wear, but nothing that affects using it. Finished the course, so I no longer need it. Cash or Venmo. I can meet near the Columbia gates any afternoon. I will throw in the matching lamp for free.",furniture,sofas_tables,used_good,5500,false,false,10031,sold,14,1,0,,2026-04-11T08:15:53+00:00,2026-04-18T15:10:25+00:00
348621b0-3742-4514-963f-1a2e94c5e805,6236d33d-7b57-486d-81e8-a247d50fa2a4,internal,"Data Structures reader, spiral bound",,textbooks,,new,3500,false,false,11238,active,80,10,0,,2026-04-11T11:46:30+00:00,
40b17353-602d-4b49-90fb-bb8e4f2227e1,64d51d94-4f34-4e31-980e-5bf1b969932e,internal,Folding dining table + 2 chairs,"Solid, no wobble — one small scuff on the back left that you cannot see once it is against a wall. Finished the course, so I no longer need it. Cash or Venmo. I can meet near the Columbia gates any afternoon. I will throw in the matching lamp for free.",furniture,sofas_tables,used_good,7000,false,true,10030,reserved,35,0,1,,2026-04-11T19:10:16+00:00,
55a2bc4a-4f65-4888-b2ba-a1dcee3e58b4,223b052c-55c7-4152-903d-0f666656212e,internal,"Ski jacket and poles, size L","Solid, no wobble — one small scuff on the back left that you cannot see once it is against a wall. Moving to a smaller place at the end of the month, so it needs a new home. Easy pickup near 116th & Broadway, evenings and weekends work best.",sports,,used_good,11000,false,false,10031,active,57,1,0,,2026-04-12T03:23:31+00:00,
98a11485-5e29-4d7c-8ec7-704f738cedda,32a7fe23-fa7e-4905-9afd-b6639736963d,internal,"Space heater, works fine","Good condition overall — some honest wear, but nothing that affects using it. Heading back home after this semester and cannot take it with me. Collect from 116th & Broadway; message me and we will find a time.",kitchen_home,,used_good,6000,false,true,10027,reserved,99,4,1,,2026-04-12T12:48:04+00:00,
10504487-6c9a-4bd6-90e8-5e49b16b9f98,f5dc0e8d-4cfb-42ba-851d-c4ab150a805f,internal,"HON Ignition, size A","Used for two semesters and it has held up well. Nothing broken, a bit of normal wear. Heading back home after this semester and cannot take it with me. Easy pickup near campus, evenings and weekends work best. Original box and instructions included.",furniture,chairs,used_good,13000,false,true,10031,active,29,2,0,,2026-04-12T23:19:20+00:00,
2c770641-9f02-442e-bf5c-7baae7e55a2f,cb3f27ba-7b73-4263-a8df-7fc52f4ac105,internal,Marketing Strategy international ed. + solutions manual,"Fair condition, priced to reflect it. Works fine, looks lived in. Finished the course, so I no longer need it. Happy to hold it for a day if you need to arrange a car.",textbooks,,used_fair,1900,false,false,10025,active,35,4,0,,2026-04-13T02:51:54+00:00,
13dc928d-d734-4314-9d1e-421b821f5005,b351150e-5cf0-43bc-b851-996d3a1796be,internal,"Statistical Inference (Berk), international edition","Good condition overall — some honest wear, but nothing that affects using it. Moving to a smaller place at the end of the month, so it needs a new home. Collect from the Columbia gates; message me and we will find a time. Can send more photos of any detail you want to see.",textbooks,,used_good,5000,false,false,10027,sold,3,1,0,,2026-04-14T20:49:14+00:00,2026-04-16T08:41:24+00:00
2ff6c5b0-cece-4b7f-ad76-afc805913ac3,ae8523f3-49f1-45d4-ab29-0313676f12d0,internal,Water filter pitcher + 2 filters,"Good condition overall — some honest wear, but nothing that affects using it. Upgraded to a bigger one and have no room for both. Cash or Venmo. I can meet near campus any afternoon.",kitchen_home,,used_good,0,true,false,10018,active,67,6,1,,2026-04-16T01:41:07+00:00,
f1ea282c-50c5-42c0-915c-f83bdc4d0706,294f420a-5757-4fda-ae5b-a8b66126e192,internal,Organic Chemistry — full course bundle,"Solid, no wobble — one small scuff on the back left that you cannot see once it is against a wall. Heading back home after this semester and cannot take it with me. Collect from 116th & Broadway; message me and we will find a time.",textbooks,,used_good,5000,false,true,10027,active,26,1,2,,2026-04-16T06:58:20+00:00,
b86569b4-bd59-4a90-b7bf-577cb1d2c350,1ce85b38-45d8-4fc2-a23d-d01ad37ee8fb,internal,"Suit, size XL, tailored once",,clothing,,new,14000,false,false,10027,sold,14,0,1,,2026-04-18T01:06:15+00:00,2026-04-21T22:48:46+00:00
e0c8a7e0-d3d4-4368-a710-3407de0d38ad,b0f283a0-c828-4aff-80c1-0fa9a4940b92,internal,Microeconomics 9th ed. + solutions manual,"Brand new, still sealed — I ordered the wrong size and the return window closed. Bought it for a sublet that ended early. Collect from the Columbia gates; message me and we will find a time. Open to a small discount if you take it today.",textbooks,,new,9000,false,false,10013,active,18,0,1,,2026-04-18T09:27:41+00:00,
5314dd4e-e57a-4944-adb7-95425bbe17f8,5ea6cfc5-5580-466a-8582-a6031555d76d,internal,Water filter pitcher + 2 filters,"Good condition overall — some honest wear, but nothing that affects using it. Bought it for a sublet that ended early. Cash or Venmo. I can meet near Morningside Heights any afternoon.",kitchen_home,,used_good,1500,false,true,10023,sold,3,0,0,,2026-04-18T17:07:08+00:00,2026-04-20T20:22:43+00:00
1ae46d34-1254-47e6-8985-065ce56f5dcb,78adb4b4-64d8-4a3f-b789-0aeeccaf033e,internal,"3-drawer dresser, white","Used it for about a month and it looks the same as the day I got it. Finished the course, so I no longer need it. Happy to hold it for a day if you need to arrange a car.",furniture,storage_shelving,like_new,15000,false,false,10027,active,24,2,1,,2026-04-18T18:44:20+00:00,
7b415b8f-0ba3-4984-80ad-b10f7d4ee3e2,514cc026-35f8-49f0-9e68-dff0aa3aab07,internal,"Microwave, works fine","Solid, no wobble — one small scuff on the back left that you cannot see once it is against a wall. Finished the course, so I no longer need it. Collect from campus; message me and we will find a time.",kitchen_home,,used_good,5000,false,true,10027,active,103,8,0,,2026-04-18T21:38:45+00:00,
6c533f00-53e6-4a55-b8f7-14e735dcd31c,1a6d9651-427f-4f8b-8364-dedd886b767d,internal,"Doc Martens 1460, US 9","Genuinely like new. No marks, everything works exactly as it should. Upgraded to a bigger one and have no room for both. Pickup only, 3rd floor with an elevator — I can help carry it down to the street.",clothing,,like_new,12000,false,true,10027,sold,16,1,0,,2026-04-19T04:06:14+00:00,2026-04-24T08:40:43+00:00
8fddf1eb-98d9-4806-acfc-2d4f303aa5fa,ffae7a2d-9aea-4536-8cf4-dd5a807a4405,internal,Financial Accounting — full course bundle,"Used for two semesters and it has held up well. Nothing broken, a bit of normal wear. I am graduating in May and everything has to go before I move out. Easy pickup near campus, evenings and weekends work best.",textbooks,,used_good,6500,false,true,10026,active,43,3,1,,2026-04-19T06:17:21+00:00,
45c6b5a3-787f-466c-a50a-54753743f985,bf74e9cf-5b79-495b-8c29-2dec4918a0c9,internal,Epidemiology — full course bundle,"Good condition overall — some honest wear, but nothing that affects using it. Upgraded to a bigger one and have no room for both. Pickup only, 3rd floor with an elevator — I can help carry it down to the street.",textbooks,,used_good,3500,false,false,10030,active,25,0,0,,2026-04-19T06:19:29+00:00,
0d3cc9cb-6d01-4e5c-886d-5f44a5c592e1,398c4a87-ea96-40b1-9d0b-21f40b43e5db,internal,Anker power strip + USB-C hub,"Used for two semesters and it has held up well. Nothing broken, a bit of normal wear. Heading back home after this semester and cannot take it with me. Easy pickup near the Columbia gates, evenings and weekends work best. Open to a small discount if you take it today.",electronics,,used_good,4500,false,true,10025,sold,4,0,0,,2026-04-19T19:35:43+00:00,2026-04-25T09:21:11+00:00
37082b84-f8d5-47b2-bb49-4bf4b4567855,fc878d0f-02d2-4c14-8e52-f1fa4b571b99,internal,Microeconomics 5th ed. + solutions manual,"Good condition overall — some honest wear, but nothing that affects using it. Heading back home after this semester and cannot take it with me. Cash or Venmo. I can meet near 116th & Broadway any afternoon. I will throw in the matching lamp for free.",textbooks,,used_good,6500,false,false,10027,active,31,4,0,,2026-04-20T05:07:34+00:00,
a912da75-6adc-46dd-a293-f9decbea76a4,0659bb5c-a162-488f-bda6-3659a00193c1,internal,Financial Accounting 12th ed. + solutions manual,,textbooks,,new,6000,false,false,10026,active,61,6,0,,2026-04-20T16:33:01+00:00,
ec1f94c6-c90e-49b7-b92f-df97beb21fe2,4c8ec64f-c0d0-4cfb-b064-d47de0ec57ba,internal,Razor kick scooter,,bikes_transport,,used_good,16000,false,true,10031,active,64,4,1,,2026-04-21T03:47:05+00:00,
6c7dabb8-ea1a-4bc6-a076-33e641b26aec,553046bf-b8f3-4054-8eea-bd6715749b6e,internal,Sony WH-1000XM4 headphones,"Used for two semesters and it has held up well. Nothing broken, a bit of normal wear. Bought it for a sublet that ended early. Cash or Venmo. I can meet near Morningside Heights any afternoon. Can send more photos of any detail you want to see.",electronics,,used_good,6500,false,false,10027,reserved,44,4,0,,2026-04-21T05:30:37+00:00,
ac26d4c2-818b-4d0b-b398-8db8a8a06846,ff34dee7-a247-40d7-b920-a3d2e7a536c2,internal,Financial Accounting (Cengage) 12th ed.,"Everything works. A couple of light marks from moving, nothing structural. Moving to a smaller place at the end of the month, so it needs a new home. Easy pickup near campus, evenings and weekends work best.",textbooks,,used_good,3500,false,true,10037,active,14,0,0,,2026-04-21T07:47:30+00:00,
cbd488c1-d3b3-4607-9f2e-46ad779d525b,4fb579ea-1574-44fa-af02-83f6cb410836,internal,"Pair of dining chairs, walnut","Some visible wear and a small chip on one corner. Happy to send more photos. Moving to a smaller place at the end of the month, so it needs a new home. Cash or Venmo. I can meet near campus any afternoon.",furniture,chairs,used_fair,6000,false,false,10027,active,10,0,0,,2026-04-21T15:51:46+00:00,
1c127e63-4879-4c09-ac20-7304bc326886,7cc7754f-888a-452e-9779-934c1a10e526,internal,"Standing desk, electric, 160×80","Unopened, tags still on. Bought two by mistake. Finished the course, so I no longer need it. Pickup only, 3rd floor with an elevator — I can help carry it down to the street.",furniture,desks,new,31000,false,true,10027,reserved,99,9,0,,2026-04-22T10:38:05+00:00,
b3b3f697-6838-4cad-8fc5-e59fa3584073,666bc6ff-a4ef-4446-b1f3-452d89ab9300,internal,"Suit, size XS, tailored once","Genuinely like new. No marks, everything works exactly as it should. Bought it for a sublet that ended early. Collect from the Columbia gates; message me and we will find a time. Can send more photos of any detail you want to see.",clothing,,like_new,25000,false,false,10027,active,50,5,0,,2026-04-23T11:27:33+00:00,
b98097a0-35a6-4506-ae87-fdcebbc4d7d9,373c37e3-0e01-4319-81cb-158d1344da99,internal,"IKEA LINNMON desk 180×80, black-brown",Barely touched — I moved into a furnished place two weeks later. Bought it for a sublet that ended early. Happy to hold it for a day if you need to arrange a car. Open to a small discount if you take it today.,furniture,desks,like_new,5000,false,true,11201,active,50,6,1,,2026-04-23T12:29:45+00:00,
5025115d-5c93-497b-bda4-665ac0378e06,e6ac3080-e405-47c5-b78b-6c37ea355a02,internal,Wilson tennis racket,,sports,,used_good,5500,false,true,10031,sold,22,1,0,,2026-04-23T15:43:17+00:00,2026-04-26T12:25:45+00:00
a257f378-6d94-4c13-b237-5a40798d21ee,3b534511-491d-43ca-8db3-2f08eee9be65,internal,"Weight bench, folding","Good condition overall — some honest wear, but nothing that affects using it. Heading back home after this semester and cannot take it with me. Pickup only, 3rd floor with an elevator — I can help carry it down to the street.",sports,,used_good,5000,false,false,10026,active,139,11,4,,2026-04-23T22:57:59+00:00,
721a9588-c4f4-457e-a19b-bf1ff17621ac,35d6cd54-7bcd-4288-8c6d-682b12ba3543,internal,"Corporate Finance reader, spiral bound","Solid, no wobble — one small scuff on the back left that you cannot see once it is against a wall. I am graduating in May and everything has to go before I move out. Cash or Venmo. I can meet near the Columbia gates any afternoon. Open to a small discount if you take it today.",textbooks,,used_good,2000,false,false,10027,active,60,7,2,,2026-04-24T00:41:19+00:00,
deedcada-3b1a-4ba6-8c17-a57bbb8b51c7,f74c5434-3a39-4dc9-8fd0-1b4de52cff6b,internal,"Coffee table, white",,furniture,sofas_tables,used_fair,5000,false,false,10029,sold,86,13,0,,2026-04-24T06:31:12+00:00,2026-05-22T18:42:17+00:00
1ab1131c-ebba-450e-b4db-bef9292943b2,294f420a-5757-4fda-ae5b-a8b66126e192,internal,Sony WH-1000XM4 headphones,"Solid, no wobble — one small scuff on the back left that you cannot see once it is against a wall. Heading back home after this semester and cannot take it with me. Cash or Venmo. I can meet near campus any afternoon.",electronics,,used_good,19000,false,true,10027,sold,5,1,0,,2026-04-24T18:44:46+00:00,2026-04-30T17:52:14+00:00
dd63d6d3-b249-4948-ab35-320099e81e39,4af0e4a0-0e37-444e-bfc7-a30dee993e1f,internal,Set of 4 mugs and 4 glasses,Never used. Bought it in September and it has sat in the box since. I am graduating in May and everything has to go before I move out. Cash or Venmo. I can meet near the Columbia gates any afternoon. Can send more photos of any detail you want to see.,kitchen_home,,new,3500,false,true,10027,active,59,3,0,,2026-04-25T03:41:56+00:00,
eef8cc59-7d0a-4c44-a77b-2329cb744039,f4b0199b-48eb-4354-a8fe-03676e9169f9,internal,"Coffee table, walnut","Barely touched — I moved into a furnished place two weeks later. Finished the course, so I no longer need it. Easy pickup near the Columbia gates, evenings and weekends work best.",furniture,sofas_tables,like_new,9000,false,true,10033,draft,0,0,0,,2026-04-25T06:48:30+00:00,
5c78a807-8781-43ec-9c4f-5f888cb40ca2,52f70005-a5bf-40e4-b8a6-5507f64e2acf,internal,"Winter boots, size XL, waterproof","Solid, no wobble — one small scuff on the back left that you cannot see once it is against a wall. I am graduating in May and everything has to go before I move out. Happy to hold it for a day if you need to arrange a car.",clothing,,used_good,7000,false,false,10030,active,115,11,0,,2026-04-25T09:43:24+00:00,
e5028ee1-b2f7-425b-a453-7e9a7e5938c2,577c7c58-b348-4b59-a994-19cbf0bd8b7f,internal,Constitutional Law 9th ed. + solutions manual,"Used for two semesters and it has held up well. Nothing broken, a bit of normal wear. I am graduating in May and everything has to go before I move out. Collect from Morningside Heights; message me and we will find a time. Open to a small discount if you take it today.",textbooks,,used_good,6000,false,false,10025,draft,0,0,0,,2026-04-25T19:48:30+00:00,
e681d0aa-169b-43ea-a2a0-40a2785ea4b3,6423836f-839b-4455-9791-d85c98ea5f5f,internal,"3-drawer dresser, black","Solid, no wobble — one small scuff on the back left that you cannot see once it is against a wall. Bought it for a sublet that ended early. Collect from 116th & Broadway; message me and we will find a time.",furniture,storage_shelving,used_good,11000,false,false,10031,active,18,0,0,,2026-04-25T22:33:18+00:00,
bd962735-a08f-497b-9cf8-e2c35f109fd2,e6e0d4f1-b435-4b5d-b74f-b4c6c427868c,internal,"Doc Martens 1460, US 9","Used for two semesters and it has held up well. Nothing broken, a bit of normal wear. Bought it for a sublet that ended early. Happy to hold it for a day if you need to arrange a car.",clothing,,used_good,10000,false,false,10027,sold,17,1,0,,2026-04-26T00:24:50+00:00,2026-05-01T20:42:36+00:00
1071ecf7-68b8-406c-ac60-947b1f00d71b,fc878d0f-02d2-4c14-8e52-f1fa4b571b99,internal,"Pair of dining chairs, oak","Used for two semesters and it has held up well. Nothing broken, a bit of normal wear. Upgraded to a bigger one and have no room for both. Pickup only, 3rd floor with an elevator — I can help carry it down to the street.",furniture,chairs,used_good,5500,false,true,10027,reserved,16,1,0,,2026-04-26T09:34:39+00:00,
fa451ebd-2fce-4520-a33b-1c860daee9d9,3c4a47de-e63f-470d-a750-5453edea905e,internal,Anker power strip + USB-C hub,"Fair condition, priced to reflect it. Works fine, looks lived in. I am graduating in May and everything has to go before I move out. Collect from campus; message me and we will find a time. I will throw in the matching lamp for free.",electronics,,used_fair,3000,false,false,10027,reserved,31,2,0,,2026-04-26T09:42:35+00:00,
6446e713-a894-442b-a0c9-86c780efe647,ea8951c3-9063-4555-961a-8fcb0cc9fd92,internal,"Suit, size S, tailored once","Solid, no wobble — one small scuff on the back left that you cannot see once it is against a wall. Finished the course, so I no longer need it. Collect from Morningside Heights; message me and we will find a time.",clothing,,used_good,17000,false,false,10025,sold,11,0,0,,2026-04-26T09:56:46+00:00,2026-05-21T21:20:38+00:00
509a5203-7502-45ee-8d65-16057c9a5bc1,45f130cc-34a3-4ca4-9ab0-3af07f0467c9,internal,Anker power strip + USB-C hub,,electronics,,used_good,5000,false,false,10027,sold,15,2,0,,2026-04-26T13:08:08+00:00,2026-05-01T01:51:24+00:00
398c17c9-c1ff-41d0-89ab-558c82d5c0bc,c83332b4-6631-4d8a-bf55-d7b4da6ef7d5,internal,Water filter pitcher + 2 filters,"Everything works. A couple of light marks from moving, nothing structural. Bought it for a sublet that ended early. Collect from the Columbia gates; message me and we will find a time.",kitchen_home,,used_good,1100,false,false,10003,sold,16,0,0,,2026-04-26T16:03:10+00:00,2026-04-28T17:40:00+00:00
bfd01558-9b93-4896-bf94-354deac319d9,b126e808-1a11-4d61-af32-05384751f291,internal,"MacBook Pro 13"", 8GB/256GB","Barely touched — I moved into a furnished place two weeks later. Bought it for a sublet that ended early. Easy pickup near Morningside Heights, evenings and weekends work best.",electronics,,like_new,39000,false,true,10027,sold,21,2,0,,2026-04-26T21:06:23+00:00,2026-05-25T17:47:02+00:00
5c9e5cbd-810d-4319-b012-3ed1e2be2c21,d3daa26a-587b-4816-9110-916f35fa7c74,internal,"Linear Algebra (Wiley), international edition","Brand new, still sealed — I ordered the wrong size and the return window closed. I am graduating in May and everything has to go before I move out. Easy pickup near Morningside Heights, evenings and weekends work best.",textbooks,,new,6500,false,false,10027,sold,4,1,0,,2026-04-27T12:22:42+00:00,2026-04-29T04:56:27+00:00
d2e804f9-9c71-40be-a369-88977d432239,01a63c21-47ae-4034-92d8-95c929748522,internal,"Constitutional Law (Pearson), international edition","Used it for about a month and it looks the same as the day I got it. Heading back home after this semester and cannot take it with me. Easy pickup near Amsterdam Ave, evenings and weekends work best.",textbooks,,like_new,3000,false,false,10025,sold,24,2,0,,2026-04-27T17:01:08+00:00,2026-05-16T12:22:07+00:00
bfdbec2e-d72d-4134-ae5f-e486ee821766,6a68ec56-67f5-493e-810d-eb44598b0e94,internal,"IKEA BESTÅ shelf unit, birch","Everything works. A couple of light marks from moving, nothing structural. Moving to a smaller place at the end of the month, so it needs a new home. Easy pickup near campus, evenings and weekends work best. Can send more photos of any detail you want to see.",furniture,storage_shelving,used_good,7500,false,false,10031,sold,3,0,0,,2026-04-28T00:05:02+00:00,2026-04-29T13:55:32+00:00
53481ecd-a23a-4dd1-9bde-eb7464838aba,51dac652-9517-4e31-b9c9-905c3968e085,internal,"Standing fan, works fine","Used for two semesters and it has held up well. Nothing broken, a bit of normal wear. Upgraded to a bigger one and have no room for both. Cash or Venmo. I can meet near Amsterdam Ave any afternoon. Open to a small discount if you take it today.",kitchen_home,,used_good,7500,false,true,10023,sold,9,0,0,,2026-04-28T08:30:23+00:00,2026-04-30T14:05:07+00:00
ffb774b7-7f6f-4e40-9ad9-65b36b7b8daf,b351150e-5cf0-43bc-b851-996d3a1796be,internal,"Memory foam mattress topper, queen","Genuinely like new. No marks, everything works exactly as it should. Finished the course, so I no longer need it. Cash or Venmo. I can meet near Amsterdam Ave any afternoon. Original box and instructions included.",furniture,beds_mattresses,like_new,4500,false,true,10027,active,27,3,1,,2026-04-28T17:47:03+00:00,
1758e482-c181-44d5-9f4d-0ebfb45b3ba2,323eb581-df66-495e-b4c3-b8d51316dccb,internal,"3-drawer dresser, white","Genuinely like new. No marks, everything works exactly as it should. I am graduating in May and everything has to go before I move out. Pickup only, 3rd floor with an elevator — I can help carry it down to the street.",furniture,storage_shelving,like_new,11000,false,false,10027,active,12,0,0,,2026-04-28T20:59:23+00:00,
671447fd-c3f4-4f93-b409-7d27ac47bc4c,61bc54ff-d92a-459a-b783-749eeba4b206,internal,Desk lamp — free to a good home,"Genuinely like new. No marks, everything works exactly as it should. I am graduating in May and everything has to go before I move out. Collect from 116th & Broadway; message me and we will find a time.",free_stuff,,like_new,0,true,false,10022,sold,18,3,1,,2026-04-29T00:37:21+00:00,2026-05-02T08:47:08+00:00
5cd58cb4-0f03-415e-8039-d5e53451ffb0,51910d94-7df2-4595-be53-5b43cb379762,internal,Microeconomics (Pearson) 12th ed.,"Used it for about a month and it looks the same as the day I got it. Finished the course, so I no longer need it. Easy pickup near the Columbia gates, evenings and weekends work best. Original box and instructions included.",textbooks,,like_new,4500,false,false,10027,sold,14,0,0,,2026-04-29T03:35:28+00:00,2026-05-02T19:43:37+00:00
412e26f7-d374-477b-bec8-a5ac5aeee079,7d2e833a-8242-43a6-93ca-e79df0b2cd59,internal,"IKEA MALM bed frame, queen","Brand new, still sealed — I ordered the wrong size and the return window closed. Upgraded to a bigger one and have no room for both. Pickup only, 3rd floor with an elevator — I can help carry it down to the street.",furniture,beds_mattresses,new,15000,false,true,10025,sold,7,0,0,,2026-04-29T14:14:04+00:00,2026-05-03T17:27:19+00:00
b32179a5-4fbc-453f-b126-ae524ef3cadd,19d0052f-3a95-45b1-a564-0bcf21862cd4,internal,"Pair of dining chairs, oak","Good condition overall — some honest wear, but nothing that affects using it. Finished the course, so I no longer need it. Pickup only, 3rd floor with an elevator — I can help carry it down to the street.",furniture,chairs,used_good,6500,false,false,10463,active,33,3,0,,2026-04-30T06:50:21+00:00,
202ece85-dec2-42e2-9844-3517b2f5c6b1,e81d0345-b7a4-4bc0-82b3-de121ed5ff87,internal,Managerial Economics (Berk) 7th ed.,"Everything works. A couple of light marks from moving, nothing structural. Heading back home after this semester and cannot take it with me. Cash or Venmo. I can meet near Morningside Heights any afternoon. Original box and instructions included.",textbooks,,used_good,2500,false,false,10027,sold,28,2,1,,2026-04-30T07:11:16+00:00,2026-05-19T05:19:21+00:00
7b08920b-5f57-4da7-8658-de9af9d51340,c23dbe1f-e0ec-4c11-aa9d-12a5f551ed35,internal,"Cannondale Quick 4, M frame","Well used and it shows — a few dents and one sticky drawer, but it does its job. Bought it for a sublet that ended early. Pickup only, 3rd floor with an elevator — I can help carry it down to the street. I will throw in the matching lamp for free.",bikes_transport,,used_fair,7500,false,true,10027,active,26,2,0,,2026-04-30T19:13:38+00:00,
0a63fb2e-0c3d-42d5-938c-1bf98ba36a89,d34b2b4a-bc0b-4ffd-83db-00f5cc6c937f,internal,Adjustable dumbbell pair,,sports,,used_fair,2500,false,false,10027,sold,5,0,0,,2026-05-01T04:39:27+00:00,2026-05-02T23:29:47+00:00
3d5358e1-f214-45d3-a70b-08550231dc23,8c8fe70d-f210-4c11-976f-5eead540b18e,internal,Marketing Strategy 6th ed. + solutions manual,"Good condition overall — some honest wear, but nothing that affects using it. I am graduating in May and everything has to go before I move out. Collect from Amsterdam Ave; message me and we will find a time. Original box and instructions included.",textbooks,,used_good,3500,false,true,10027,sold,18,3,1,,2026-05-01T06:25:41+00:00,2026-05-09T14:54:52+00:00
d8286a49-3e94-4182-8696-bb6739620663,d4753420-55e3-4598-a047-da09e69fedd7,internal,"Space heater, works fine","Used it for about a month and it looks the same as the day I got it. Finished the course, so I no longer need it. Collect from 116th & Broadway; message me and we will find a time. I will throw in the matching lamp for free.",kitchen_home,,like_new,12000,false,false,11205,sold,21,2,1,,2026-05-01T13:07:54+00:00,2026-05-20T02:21:23+00:00
3403284c-669b-46f2-84d4-bde68a1af16d,6423836f-839b-4455-9791-d85c98ea5f5f,internal,Corporate Finance international ed. + solutions manual,"Never used. Bought it in September and it has sat in the box since. Moving to a smaller place at the end of the month, so it needs a new home. Cash or Venmo. I can meet near Morningside Heights any afternoon.",textbooks,,new,7500,false,false,10031,sold,21,4,0,,2026-05-01T22:13:08+00:00,2026-05-04T11:21:34+00:00
ed207267-b28f-4979-8914-4970356be41a,2dac0197-e076-459a-8d9a-034a44933296,internal,"Pair of dining chairs, oak","Good condition overall — some honest wear, but nothing that affects using it. Finished the course, so I no longer need it. Easy pickup near the Columbia gates, evenings and weekends work best.",furniture,chairs,used_good,7500,false,false,10031,sold,5,1,0,,2026-05-02T05:52:54+00:00,2026-05-06T09:27:02+00:00
6933569c-06d6-441c-a4f7-ebd0adf9349e,7ad9fea0-4641-41fb-9744-34c15951b68f,internal,"IKEA BEKANT desk 140×65, black-brown","Well used and it shows — a few dents and one sticky drawer, but it does its job. Bought it for a sublet that ended early. Collect from Morningside Heights; message me and we will find a time.",furniture,desks,used_fair,5000,false,true,10027,active,28,2,0,,2026-05-02T07:09:12+00:00,
12106f6e-94e2-4800-b284-d20b01475de7,8fa42630-14d9-4824-8c8d-b2642218ce75,internal,Microeconomics — full course bundle,"Brand new, still sealed — I ordered the wrong size and the return window closed. Heading back home after this semester and cannot take it with me. Pickup only, 3rd floor with an elevator — I can help carry it down to the street.",textbooks,,new,9000,false,false,10027,reserved,43,6,0,,2026-05-02T09:28:13+00:00,
c93244b8-355b-4979-8cb3-f29877e45377,eebbf0ad-7bc9-40f9-a39b-9952f8048f24,internal,"Financial Accounting reader, spiral bound",Barely touched — I moved into a furnished place two weeks later. I am graduating in May and everything has to go before I move out. Collect from campus; message me and we will find a time. Original box and instructions included.,textbooks,,like_new,4000,false,false,10027,active,226,23,3,,2026-05-02T12:07:45+00:00,
3cb27f44-81b8-44c3-bc73-90d67319f18e,ddff96e0-22a2-4dc0-8484-2c55ebac5db3,internal,"Coffee table, black-brown","Used it for about a month and it looks the same as the day I got it. Moving to a smaller place at the end of the month, so it needs a new home. Collect from Amsterdam Ave; message me and we will find a time. Can send more photos of any detail you want to see.",furniture,sofas_tables,like_new,5000,false,true,10025,active,14,1,0,,2026-05-02T12:33:10+00:00,
6bda0685-b05d-4ef9-8eff-43c1a019e608,04ef5bae-6f20-43c1-84c2-80053a99d1b1,internal,"Mechanical keyboard, white","Fair condition, priced to reflect it. Works fine, looks lived in. Bought it for a sublet that ended early. Cash or Venmo. I can meet near 116th & Broadway any afternoon.",electronics,,used_fair,3000,false,false,10025,active,132,8,4,,2026-05-02T18:56:03+00:00,
3fb2c95c-6fc4-4933-8878-0da35348a95a,6aacb066-212b-444d-b253-5871c426b9d0,internal,"Coffee table, black-brown","Some visible wear and a small chip on one corner. Happy to send more photos. Finished the course, so I no longer need it. Cash or Venmo. I can meet near Morningside Heights any afternoon.",furniture,sofas_tables,used_fair,3000,false,false,10026,active,11,1,0,,2026-05-02T23:53:25+00:00,
56def742-17f1-408f-b2bb-8780a18ab192,630fe4a8-7f3f-4f97-93c1-03feb895bbd5,internal,"Dyson V8 cordless vacuum, all heads","Everything works. A couple of light marks from moving, nothing structural. Finished the course, so I no longer need it. Cash or Venmo. I can meet near Amsterdam Ave any afternoon.",electronics,,used_good,13000,false,false,10040,active,14,0,0,,2026-05-03T01:34:43+00:00,
3dacb498-3be6-4091-b125-4c35f45ce264,85a05a4b-ce52-43cf-8433-02a2cad529e1,internal,"Data Structures reader, spiral bound","Genuinely like new. No marks, everything works exactly as it should. Bought it for a sublet that ended early. Pickup only, 3rd floor with an elevator — I can help carry it down to the street. I will throw in the matching lamp for free.",textbooks,,like_new,2000,false,false,10027,active,78,7,1,,2026-05-03T02:16:38+00:00,
1615dca3-417f-416b-8d61-e1244a4a2fb4,b2934820-ad75-476f-ade6-054a7c89f295,internal,"2-seat sofa, oak","Solid, no wobble — one small scuff on the back left that you cannot see once it is against a wall. Upgraded to a bigger one and have no room for both. Collect from the Columbia gates; message me and we will find a time.",furniture,sofas_tables,used_good,0,true,false,10027,active,94,12,0,,2026-05-03T03:52:38+00:00,
797ebae6-ff33-41a3-a6da-0131c0e897e8,e6e0d4f1-b435-4b5d-b74f-b4c6c427868c,internal,Microeconomics (Berk) 7th ed.,,textbooks,,like_new,8000,false,true,10027,active,20,1,0,,2026-05-03T04:06:58+00:00,
353015bd-b02c-4f8d-bf25-9f030326bae1,88cd8efd-6959-47db-8377-f4735e76c1f2,internal,"Memory foam mattress topper, queen","Used for two semesters and it has held up well. Nothing broken, a bit of normal wear. Bought it for a sublet that ended early. Collect from campus; message me and we will find a time. Can send more photos of any detail you want to see.",furniture,beds_mattresses,used_good,3500,false,false,10003,active,38,2,1,,2026-05-03T05:26:26+00:00,
c18da2ee-f69a-498b-bbeb-49cdaa94741a,54a2a625-bd21-4b18-9846-ae29de006ea2,internal,"IKEA BEKANT desk 100×50, oak","Solid, no wobble — one small scuff on the back left that you cannot see once it is against a wall. I am graduating in May and everything has to go before I move out. Happy to hold it for a day if you need to arrange a car. Open to a small discount if you take it today.",furniture,desks,used_good,8000,false,true,11101,sold,27,0,0,,2026-05-03T06:17:35+00:00,2026-05-04T16:39:20+00:00
a95684f5-ee30-4bc7-bbc6-ec0fde72b364,4dedd047-d3e8-4791-873c-6053577084d1,internal,"3-drawer dresser, beige","Never used. Bought it in September and it has sat in the box since. Moving to a smaller place at the end of the month, so it needs a new home. Cash or Venmo. I can meet near 116th & Broadway any afternoon.",furniture,storage_shelving,new,13000,false,true,10025,sold,9,1,0,,2026-05-03T11:08:40+00:00,2026-05-09T00:10:35+00:00
44cdb7a0-0954-43f1-92fe-13d05c4ec4d1,f5406e32-0613-43ee-b020-bf1ba6990c2b,internal,Curtain rod set — free to a good home,"Good condition overall — some honest wear, but nothing that affects using it. I am graduating in May and everything has to go before I move out. Collect from the Columbia gates; message me and we will find a time. I will throw in the matching lamp for free.",free_stuff,,used_good,0,true,false,10025,reserved,236,17,1,,2026-05-03T14:21:06+00:00,
5cca7be1-94fd-423b-af4d-7fab07bb25c3,780c8367-fbe3-4f3e-bb65-e449f49742c2,internal,"Dyson V8 cordless vacuum, all heads",Used it for about a month and it looks the same as the day I got it. Upgraded to a bigger one and have no room for both. Happy to hold it for a day if you need to arrange a car.,electronics,,like_new,21000,false,false,10022,sold,11,0,0,,2026-05-03T23:16:32+00:00,2026-05-10T11:25:13+00:00
c8291701-f9b1-4381-8f09-de8e3adc677d,c3e6de0b-ae0e-464a-aeef-51bebdd50073,internal,Folding dining table + 2 chairs,Barely touched — I moved into a furnished place two weeks later. I am graduating in May and everything has to go before I move out. Collect from the Columbia gates; message me and we will find a time. Open to a small discount if you take it today.,furniture,sofas_tables,like_new,17000,false,false,10027,active,190,18,2,,2026-05-04T06:44:36+00:00,
0a595606-a183-4209-97de-691e481f3447,63e9a505-7c6b-4204-93f7-db5e9998f23c,internal,"Kobo Clara, wifi","Everything works. A couple of light marks from moving, nothing structural. Upgraded to a bigger one and have no room for both. Happy to hold it for a day if you need to arrange a car.",electronics,,used_good,8000,false,false,10027,sold,3,0,0,,2026-05-04T11:37:11+00:00,2026-05-11T04:43:57+00:00
8cd0019c-c4bc-4899-823c-66db6e3be0f9,4d2af566-e452-4cb8-9f1c-2963153454ef,internal,Marketing Strategy 8th ed. + solutions manual,"Solid, no wobble — one small scuff on the back left that you cannot see once it is against a wall. Heading back home after this semester and cannot take it with me. Collect from Amsterdam Ave; message me and we will find a time. Original box and instructions included.",textbooks,,used_good,3000,false,true,10031,active,158,13,3,,2026-05-04T12:28:06+00:00,
9e405bb3-945a-4306-9b67-64b5f2e7008f,e6ac3080-e405-47c5-b78b-6c37ea355a02,internal,"Suit, size M, tailored once","Fair condition, priced to reflect it. Works fine, looks lived in. Moving to a smaller place at the end of the month, so it needs a new home. Collect from Amsterdam Ave; message me and we will find a time.",clothing,,used_fair,6000,false,false,10031,active,53,5,1,,2026-05-04T12:32:47+00:00,
81df2597-9d7f-4b94-8364-549d2c73e031,0675ff4e-03a1-4a1b-91f2-4e5095585649,internal,"Pair of dining chairs, birch","Genuinely like new. No marks, everything works exactly as it should. Bought it for a sublet that ended early. Pickup only, 3rd floor with an elevator — I can help carry it down to the street.",furniture,chairs,like_new,5500,false,false,10025,active,36,2,0,,2026-05-04T14:04:38+00:00,
7ee64190-576d-458d-97c6-fe1164bffd67,8d9a7d65-67f7-4c3e-b3ec-57b9652f01a1,internal,Cuckoo 6-cup rice cooker,"Never used. Bought it in September and it has sat in the box since. Moving to a smaller place at the end of the month, so it needs a new home. Collect from the Columbia gates; message me and we will find a time.",kitchen_home,,new,7500,false,false,10025,active,33,2,0,,2026-05-04T17:53:36+00:00,
6efbca53-c960-4bb8-b015-44ad24611c8c,6cad3973-c23d-4cec-bb0c-6ecf78003373,internal,Bike rack and floor pump,Some visible wear and a small chip on one corner. Happy to send more photos. I am graduating in May and everything has to go before I move out. Happy to hold it for a day if you need to arrange a car.,bikes_transport,,used_fair,2000,false,false,10031,sold,6,0,0,,2026-05-04T19:12:39+00:00,2026-05-09T07:34:11+00:00
cdb76b34-b14c-40fa-a929-721088e2a8eb,04ef5bae-6f20-43c1-84c2-80053a99d1b1,internal,Data Structures (Norton) 8th ed.,"Solid, no wobble — one small scuff on the back left that you cannot see once it is against a wall. I am graduating in May and everything has to go before I move out. Easy pickup near 116th & Broadway, evenings and weekends work best. Can send more photos of any detail you want to see.",textbooks,,used_good,2000,false,false,10025,active,9,0,0,,2026-05-05T01:00:40+00:00,
82a72c21-0d65-431b-8cb0-8ee40ce733fa,caf7efc4-3973-492b-abf8-2af2f0caa4ef,internal,Set of 4 mugs and 4 glasses,"Everything works. A couple of light marks from moving, nothing structural. Finished the course, so I no longer need it. Cash or Venmo. I can meet near Morningside Heights any afternoon. Can send more photos of any detail you want to see.",kitchen_home,,used_good,3000,false,false,10026,active,53,8,1,,2026-05-05T03:04:37+00:00,
38793f21-92b8-4912-a79f-2a53418c4ab8,e7f25965-2024-4c9f-a575-caa1e7bc13df,internal,"Pair of dining chairs, birch","Used for two semesters and it has held up well. Nothing broken, a bit of normal wear. Moving to a smaller place at the end of the month, so it needs a new home. Easy pickup near Amsterdam Ave, evenings and weekends work best.",furniture,chairs,used_good,8500,false,false,10025,active,27,5,0,,2026-05-05T05:41:39+00:00,
e3903ee0-a0fc-4367-8512-b4ed4ad99393,fda29f93-a3e8-4fb9-84ba-b9b7b56ec5c2,internal,"Small writing desk, oak","Solid, no wobble — one small scuff on the back left that you cannot see once it is against a wall. Upgraded to a bigger one and have no room for both. Happy to hold it for a day if you need to arrange a car.",furniture,desks,used_good,4500,false,true,10027,sold,9,0,0,,2026-05-05T08:15:45+00:00,2026-05-10T08:58:59+00:00
e806c621-bf5a-4fc1-8e85-59cc4d457fdc,2dac0197-e076-459a-8d9a-034a44933296,internal,Organic Chemistry (Norton) 7th ed.,,textbooks,,used_fair,4000,false,false,10031,sold,18,0,0,,2026-05-05T09:20:12+00:00,2026-05-11T09:28:18+00:00
418b89e7-ebbc-49da-9331-1583ed72ba8d,4880e488-a1c2-4958-ba10-b7c3297adba8,internal,Microeconomics 5th ed. + solutions manual,"Solid, no wobble — one small scuff on the back left that you cannot see once it is against a wall. I am graduating in May and everything has to go before I move out. Happy to hold it for a day if you need to arrange a car. Original box and instructions included.",textbooks,,used_good,6500,false,false,10027,active,30,3,0,,2026-05-05T19:44:45+00:00,
8f1024cb-d5f8-4bbe-a4d5-9fcd3c0888e8,a4870570-7c5f-4b20-8e76-eb3e4f83bf13,internal,"IPad 9th gen, wifi","Solid, no wobble — one small scuff on the back left that you cannot see once it is against a wall. Bought it for a sublet that ended early. Cash or Venmo. I can meet near campus any afternoon.",electronics,,used_good,17000,false,true,10027,active,45,4,1,,2026-05-06T09:09:32+00:00,
9f12037d-c412-4675-8a06-655a578a9531,459c517f-ee6e-4dd8-8e73-1f546778d794,internal,"IKEA HEMNES bed frame, twin XL","Good condition overall — some honest wear, but nothing that affects using it. Heading back home after this semester and cannot take it with me. Collect from campus; message me and we will find a time.",furniture,beds_mattresses,used_good,6000,false,true,10025,active,32,7,0,,2026-05-06T21:57:43+00:00,
7d4d6724-12f4-46c0-a603-dbf5cc492808,323eb581-df66-495e-b4c3-b8d51316dccb,internal,Hamilton Beach blender,"Good condition overall — some honest wear, but nothing that affects using it. Moving to a smaller place at the end of the month, so it needs a new home. Happy to hold it for a day if you need to arrange a car.",kitchen_home,,used_good,4000,false,false,10027,sold,9,0,0,,2026-05-06T23:06:49+00:00,2026-05-11T04:52:37+00:00
f0cfbad6-b0ca-4bce-b133-23f44b616279,b3a19bd7-50cb-456c-b659-629d5699c870,internal,"Autonomous ErgoChair, size A",,furniture,chairs,used_fair,7500,false,false,10035,sold,10,0,0,,2026-05-07T08:34:04+00:00,2026-05-16T02:25:10+00:00
16a66042-10cf-45cf-96c5-d825d231361c,fc878d0f-02d2-4c14-8e52-f1fa4b571b99,internal,"HON Ignition, size C",,furniture,chairs,used_good,15000,false,false,10027,active,182,20,3,,2026-05-07T08:34:27+00:00,
2e9bdbd1-1609-420f-ab26-32ed2e5d9761,78adb4b4-64d8-4a3f-b789-0aeeccaf033e,internal,"Trek FX 2, L frame, recently serviced","Used for two semesters and it has held up well. Nothing broken, a bit of normal wear. Moving to a smaller place at the end of the month, so it needs a new home. Easy pickup near 116th & Broadway, evenings and weekends work best.",bikes_transport,,used_good,16000,false,true,10027,active,9,1,0,,2026-05-07T11:32:20+00:00,
d5eba781-7682-47d7-b3d0-c8f9d704cfe7,fdf80e2a-8b01-4d79-a8c3-3ea29134c88c,internal,"Cannondale Quick 4, S frame, recently serviced","Used for two semesters and it has held up well. Nothing broken, a bit of normal wear. I am graduating in May and everything has to go before I move out. Happy to hold it for a day if you need to arrange a car.",bikes_transport,,used_good,22000,false,true,10027,sold,26,4,0,,2026-05-07T14:43:39+00:00,2026-05-17T19:34:20+00:00
fcbe081f-3657-484c-b7ad-b4409ec124de,b22f58da-fef5-4d8b-9629-3058c5211605,internal,"Blundstone 550, US 9","Solid, no wobble — one small scuff on the back left that you cannot see once it is against a wall. Heading back home after this semester and cannot take it with me. Cash or Venmo. I can meet near the Columbia gates any afternoon. I will throw in the matching lamp for free.",clothing,,used_good,8500,false,false,11106,sold,9,0,0,,2026-05-08T06:48:16+00:00,2026-05-14T08:09:57+00:00
16977cbb-378c-4a3c-87d2-4730099d27ca,a0bc3b16-7612-417e-acb2-ce0de205d14a,internal,"Weight bench, folding","Solid, no wobble — one small scuff on the back left that you cannot see once it is against a wall. Finished the course, so I no longer need it. Collect from the Columbia gates; message me and we will find a time. Open to a small discount if you take it today.",sports,,used_good,4500,false,true,10023,sold,39,2,1,,2026-05-08T11:24:54+00:00,2026-05-12T14:35:44+00:00
b96f1e84-489e-4162-99c0-ccdc52e6e012,484b4933-21fa-4a46-904b-33017ff3857f,internal,Water filter pitcher + 2 filters,"Solid, no wobble — one small scuff on the back left that you cannot see once it is against a wall. Upgraded to a bigger one and have no room for both. Happy to hold it for a day if you need to arrange a car.",kitchen_home,,used_good,2500,false,true,10031,active,63,10,1,,2026-05-08T12:17:47+00:00,
3a73b649-bfa4-4f48-af4b-839e3b69f907,32a7fe23-fa7e-4905-9afd-b6639736963d,internal,Data Structures (Cengage) 8th ed.,Barely touched — I moved into a furnished place two weeks later. Heading back home after this semester and cannot take it with me. Cash or Venmo. I can meet near campus any afternoon. Open to a small discount if you take it today.,textbooks,,like_new,5000,false,false,10027,sold,7,0,0,,2026-05-08T16:17:24+00:00,2026-05-28T07:20:39+00:00
852c1199-28e1-45ad-92a4-f7712502c677,75c13d9c-916c-4e76-9219-1fb1448b7789,internal,Queen mattress + metal frame,"Used for two semesters and it has held up well. Nothing broken, a bit of normal wear. Finished the course, so I no longer need it. Cash or Venmo. I can meet near campus any afternoon.",furniture,beds_mattresses,used_good,17000,false,false,10037,active,23,1,1,,2026-05-09T02:56:47+00:00,
85414ba5-964d-42ee-9b0b-87407f29dbde,ff6e8123-7427-47ad-b4a2-b32525006de0,internal,"Desk chair, walnut, adjustable",,furniture,chairs,like_new,0,true,false,10025,active,247,30,2,,2026-05-09T06:33:41+00:00,
d92c0c90-e701-4b62-9b05-7f8143d3407a,09df0479-c184-43eb-84fc-57806ea9743a,internal,"Data Structures (Pearson), international edition","Used for two semesters and it has held up well. Nothing broken, a bit of normal wear. Heading back home after this semester and cannot take it with me. Collect from Morningside Heights; message me and we will find a time.",textbooks,,used_good,1900,false,true,10025,active,34,2,0,,2026-05-09T08:36:19+00:00,
389ae361-5fd8-46b1-a629-43e0f92973d9,61bc54ff-d92a-459a-b783-749eeba4b206,internal,"Suit, size XL, tailored once",,clothing,,used_good,16000,false,false,10022,draft,0,0,0,,2026-05-09T14:40:32+00:00,
abf020b0-7489-438e-a281-640ca961e37a,299a8f80-c512-4987-80d2-c15927f4e916,internal,Xiaomi M365 scooter,"Well used and it shows — a few dents and one sticky drawer, but it does its job. Bought it for a sublet that ended early. Collect from 116th & Broadway; message me and we will find a time.",bikes_transport,,used_fair,6500,false,true,10036,active,264,24,1,,2026-05-09T18:16:39+00:00,
c8af66eb-0e89-4f65-8b64-99ea26ac62e7,210c2b91-059f-411a-9302-7b1e3c1091de,internal,Water filter pitcher + 2 filters,"Solid, no wobble — one small scuff on the back left that you cannot see once it is against a wall. Bought it for a sublet that ended early. Happy to hold it for a day if you need to arrange a car. Original box and instructions included.",kitchen_home,,used_good,1400,false,false,10025,sold,4,0,0,,2026-05-10T02:00:36+00:00,2026-05-11T07:57:42+00:00
cd7cd199-d25a-4ed0-aa11-9e6409ab3859,e7f25965-2024-4c9f-a575-caa1e7bc13df,internal,Water filter pitcher + 2 filters,"Well used and it shows — a few dents and one sticky drawer, but it does its job. Heading back home after this semester and cannot take it with me. Easy pickup near Morningside Heights, evenings and weekends work best. Open to a small discount if you take it today.",kitchen_home,,used_fair,1000,false,false,10025,active,68,8,0,,2026-05-10T08:12:15+00:00,
42f51fa0-a170-4df1-8f2a-fad9205ef216,7d2e833a-8242-43a6-93ca-e79df0b2cd59,internal,"Linear Algebra reader, spiral bound","Good condition overall — some honest wear, but nothing that affects using it. Finished the course, so I no longer need it. Collect from the Columbia gates; message me and we will find a time. I will throw in the matching lamp for free.",textbooks,,used_good,0,true,false,10025,sold,42,4,0,,2026-05-10T14:11:26+00:00,2026-05-27T16:07:19+00:00
fc9d332f-2453-48d9-a6c5-6d822d07ccb4,bef562aa-7b99-4438-b976-0c3e350379ee,internal,Managerial Economics 9th ed. + solutions manual,,textbooks,,like_new,8000,false,false,10031,active,20,2,0,,2026-05-10T20:25:31+00:00,
99fa449f-95ba-463d-8332-82604396154c,a1d67684-0efd-46c3-a44d-06a1f1b59626,internal,Instant Pot Duo 6qt,Some visible wear and a small chip on one corner. Happy to send more photos. Upgraded to a bigger one and have no room for both. Cash or Venmo. I can meet near campus any afternoon.,kitchen_home,,used_fair,0,true,false,10032,sold,13,0,0,,2026-05-10T21:01:47+00:00,2026-05-13T04:31:23+00:00
1a557d00-cd81-48fe-b6ee-76a0aba03c57,e294d7c5-9f72-4226-9091-d2cf6c147a17,internal,"Linear Algebra (Norton), international edition","Good condition overall — some honest wear, but nothing that affects using it. Bought it for a sublet that ended early. Collect from the Columbia gates; message me and we will find a time.",textbooks,,used_good,1800,false,false,10031,active,82,11,0,,2026-05-11T05:25:18+00:00,
f95cc037-1119-4322-87c3-cc6b6d8ba8ee,61bc54ff-d92a-459a-b783-749eeba4b206,internal,Wool scarf and glove set,Used it for about a month and it looks the same as the day I got it. Upgraded to a bigger one and have no room for both. Collect from Amsterdam Ave; message me and we will find a time. Open to a small discount if you take it today.,clothing,,like_new,4500,false,false,10022,active,25,3,0,,2026-05-11T06:55:13+00:00,
ebd589a9-e1ef-4016-9234-b71c4bcaf088,ba4e0520-1425-44b4-ba42-764ccd9799f7,internal,"IKEA BESTÅ shelf unit, birch","Good condition overall — some honest wear, but nothing that affects using it. Bought it for a sublet that ended early. Easy pickup near Morningside Heights, evenings and weekends work best.",furniture,storage_shelving,used_good,7000,false,false,10027,active,15,1,1,,2026-05-12T00:04:41+00:00,
91a62f60-e41f-4c72-b46b-bd6675eab33d,af42af94-15a3-4883-9130-24839fed9a09,internal,"Standing fan, works fine","Used it for about a month and it looks the same as the day I got it. Bought it for a sublet that ended early. Easy pickup near Amsterdam Ave, evenings and weekends work best.",kitchen_home,,like_new,9000,false,true,10027,sold,14,1,0,,2026-05-12T05:31:06+00:00,2026-05-24T15:06:02+00:00
0af9596b-30bf-4561-92cd-ddcd87b27de2,a9ed43c7-b716-4055-97db-efe07e46285d,internal,"Textbook bundle, collect this week","Good condition overall — some honest wear, but nothing that affects using it. Upgraded to a bigger one and have no room for both. Happy to hold it for a day if you need to arrange a car.",free_stuff,,used_good,0,true,false,10025,active,131,17,1,,2026-05-12T12:25:15+00:00,
672cb9a8-23b2-417f-8f10-6417df21a9e9,828a88f5-8cb3-48a8-9e07-3db32ed9a35d,internal,"IKEA LAGKAPTEN desk 100×50, birch","Solid, no wobble — one small scuff on the back left that you cannot see once it is against a wall. Moving to a smaller place at the end of the month, so it needs a new home. Pickup only, 3rd floor with an elevator — I can help carry it down to the street. Original box and instructions included.",furniture,desks,used_good,5500,false,true,10027,active,67,7,1,,2026-05-12T14:31:01+00:00,
cebe3427-98f1-43dc-9dd8-0a9f3529fac1,f2e15dfd-44c6-41bb-8e26-a90818c01dd9,internal,Set of 4 mugs and 4 glasses,"Solid, no wobble — one small scuff on the back left that you cannot see once it is against a wall. Finished the course, so I no longer need it. Easy pickup near campus, evenings and weekends work best.",kitchen_home,,used_good,1100,false,true,10026,active,57,5,1,,2026-05-12T19:05:22+00:00,
432647e3-8836-44c6-9642-e7f976c0e7a2,5da9c176-ec13-4102-b6cf-121f4b145d5a,internal,"Small writing desk, birch",Some visible wear and a small chip on one corner. Happy to send more photos. I am graduating in May and everything has to go before I move out. Collect from 116th & Broadway; message me and we will find a time. I will throw in the matching lamp for free.,furniture,desks,used_fair,5500,false,true,10027,active,32,1,0,,2026-05-13T06:53:24+00:00,
8c7337bf-8247-401b-b0ec-52b53ed46540,40b381d1-9fae-4307-9737-cc332f541b94,internal,"LG 27"" 4K monitor + stand",,electronics,,like_new,13000,false,false,10027,sold,12,3,0,,2026-05-13T15:00:52+00:00,2026-05-26T04:40:51+00:00
aa781323-b4fb-4695-95b1-bea722e90303,e294d7c5-9f72-4226-9091-d2cf6c147a17,internal,Microeconomics international ed. + solutions manual,"Never used. Bought it in September and it has sat in the box since. Finished the course, so I no longer need it. Happy to hold it for a day if you need to arrange a car. Original box and instructions included.",textbooks,,new,5500,false,false,10031,sold,8,1,0,,2026-05-13T19:45:49+00:00,2026-05-31T17:21:57+00:00
8cdffc3e-c9a3-4f78-a471-b61cc707157e,3ae23a73-75a2-49e9-b24e-8c3459016993,internal,Folding dining table + 2 chairs,"Fair condition, priced to reflect it. Works fine, looks lived in. Heading back home after this semester and cannot take it with me. Cash or Venmo. I can meet near Morningside Heights any afternoon. Open to a small discount if you take it today.",furniture,sofas_tables,used_fair,3500,false,false,10037,active,16,0,0,,2026-05-13T21:29:31+00:00,
dffd7de9-d4ff-497d-8052-b5c96435d7b3,4191e4fb-4f72-4e71-ad79-a05abd92be9f,internal,Non-stick wok,"Barely touched — I moved into a furnished place two weeks later. Finished the course, so I no longer need it. Happy to hold it for a day if you need to arrange a car.",kitchen_home,,like_new,7000,false,false,11354,active,61,5,0,,2026-05-14T02:16:12+00:00,
f4d0c066-12fd-4aaf-b467-b0e6c6478e52,40b381d1-9fae-4307-9737-cc332f541b94,internal,Microeconomics (Berk) 12th ed.,"Genuinely like new. No marks, everything works exactly as it should. I am graduating in May and everything has to go before I move out. Pickup only, 3rd floor with an elevator — I can help carry it down to the street.",textbooks,,like_new,5000,false,true,10027,sold,11,1,0,,2026-05-14T03:12:26+00:00,2026-05-21T14:52:01+00:00
32de6d14-a087-4288-9d94-241f213e0b30,2e23fd62-664f-4904-93b9-98484374da38,internal,"Dell XPS 13, 8GB/256GB","Solid, no wobble — one small scuff on the back left that you cannot see once it is against a wall. Upgraded to a bigger one and have no room for both. Easy pickup near campus, evenings and weekends work best.",electronics,,used_good,48000,false,true,10038,active,80,8,0,,2026-05-14T09:59:56+00:00,
986d9021-cdf8-40a7-80a1-3abdd83641bd,ffe376b0-b660-443d-9d11-cd993fa8abe4,internal,"Machine Learning reader, spiral bound","Solid, no wobble — one small scuff on the back left that you cannot see once it is against a wall. Bought it for a sublet that ended early. Pickup only, 3rd floor with an elevator — I can help carry it down to the street.",textbooks,,used_good,1400,false,true,10027,active,13,3,0,,2026-05-14T18:19:03+00:00,
d0514f5c-fb8a-49dc-b9e8-862c4e74dff6,5c16ef18-8047-4cc4-806c-4ef9df6de907,internal,"Patagonia fleece, size XL","Used for two semesters and it has held up well. Nothing broken, a bit of normal wear. Finished the course, so I no longer need it. Happy to hold it for a day if you need to arrange a car.",clothing,,used_good,16000,false,false,10027,sold,5,1,1,,2026-05-14T20:36:53+00:00,2026-05-18T22:51:37+00:00
0da087fd-436d-410d-9a4e-7afcd565e262,580cef17-440c-4dfe-9629-5e7dcbd52995,internal,"Winter boots, size S, waterproof","Genuinely like new. No marks, everything works exactly as it should. I am graduating in May and everything has to go before I move out. Easy pickup near 116th & Broadway, evenings and weekends work best.",clothing,,like_new,7000,false,true,10027,sold,18,5,1,,2026-05-15T02:16:55+00:00,2026-05-18T10:10:12+00:00
41c2a0b9-a6f6-4a77-81d7-6f0f4456d266,5c16ef18-8047-4cc4-806c-4ef9df6de907,internal,"Organic Chemistry reader, spiral bound","Genuinely like new. No marks, everything works exactly as it should. I am graduating in May and everything has to go before I move out. Happy to hold it for a day if you need to arrange a car.",textbooks,,like_new,4000,false,false,10027,active,27,1,0,,2026-05-15T06:15:04+00:00,
2d0533ff-7d28-4c59-ae69-9c151773685e,323fd007-baf9-422e-b5f8-b93742be059f,internal,"Linear Algebra (Norton), international edition","Barely touched — I moved into a furnished place two weeks later. Finished the course, so I no longer need it. Easy pickup near campus, evenings and weekends work best. Open to a small discount if you take it today.",textbooks,,like_new,6000,false,false,10026,sold,73,3,2,,2026-05-15T08:23:43+00:00,2026-05-17T04:45:05+00:00
e0775cf5-8fb9-4822-b2d5-423e546637cd,f8d855a5-21a5-477b-bd26-6a8ff32c9563,internal,"Managerial Economics reader, spiral bound","Genuinely like new. No marks, everything works exactly as it should. I am graduating in May and everything has to go before I move out. Collect from campus; message me and we will find a time.",textbooks,,like_new,2500,false,true,10031,active,17,2,0,,2026-05-15T15:51:38+00:00,
b084e948-4c7e-4b3c-b686-2edc4a6e4e90,147ed698-2b4c-4e8b-aa70-aa17d045b912,internal,"Cannondale Quick 4, M frame","Used for two semesters and it has held up well. Nothing broken, a bit of normal wear. I am graduating in May and everything has to go before I move out. Pickup only, 3rd floor with an elevator — I can help carry it down to the street.",bikes_transport,,used_good,11000,false,false,10027,sold,8,0,1,,2026-05-15T17:11:23+00:00,2026-05-24T06:09:07+00:00
ca2f969c-8637-4393-a30d-0a4a864db853,5a9e45fe-4a1e-47ab-9fd9-93dbc98d81eb,internal,"IKEA MALM bed frame, full","Genuinely like new. No marks, everything works exactly as it should. Upgraded to a bigger one and have no room for both. Cash or Venmo. I can meet near campus any afternoon. Can send more photos of any detail you want to see.",furniture,beds_mattresses,like_new,9000,false,false,10027,sold,13,3,0,,2026-05-16T04:07:28+00:00,2026-05-18T01:16:24+00:00
36374763-042b-4005-8a6a-ca3929387005,58257853-1e57-4d62-9ffa-e3bb46ea2cbd,internal,"Winter boots, size XL, waterproof","Used for two semesters and it has held up well. Nothing broken, a bit of normal wear. Upgraded to a bigger one and have no room for both. Pickup only, 3rd floor with an elevator — I can help carry it down to the street. Original box and instructions included.",clothing,,used_good,7500,false,false,10463,sold,35,0,1,,2026-05-16T04:16:50+00:00,2026-05-18T08:27:19+00:00
a46e57e6-d5fb-4b2d-a8ce-8c95a167f8cd,30af9bdd-a273-4b60-bac7-ca71cf3d5ef9,internal,Drying rack — free to a good home,"Good condition overall — some honest wear, but nothing that affects using it. I am graduating in May and everything has to go before I move out. Easy pickup near campus, evenings and weekends work best.",free_stuff,,used_good,0,true,false,10027,sold,12,1,0,,2026-05-16T05:24:06+00:00,2026-05-27T21:52:22+00:00
beb1905f-7c6e-46ed-bbc1-f0bc0bfa38c3,ba4e0520-1425-44b4-ba42-764ccd9799f7,internal,"Loveseat sofa, walnut","Everything works. A couple of light marks from moving, nothing structural. Moving to a smaller place at the end of the month, so it needs a new home. Easy pickup near 116th & Broadway, evenings and weekends work best. Original box and instructions included.",furniture,sofas_tables,used_good,8000,false,false,10027,active,15,2,0,,2026-05-16T05:52:42+00:00,
8f45a781-b386-4016-823e-469c0e9dce96,6eaf2004-a475-4bbd-b327-ceb492d267a7,internal,Assorted kitchen utensils — free to a good home,"Used for two semesters and it has held up well. Nothing broken, a bit of normal wear. Moving to a smaller place at the end of the month, so it needs a new home. Happy to hold it for a day if you need to arrange a car. Original box and instructions included.",free_stuff,,used_good,0,true,false,10016,active,26,1,0,,2026-05-16T08:58:27+00:00,
915916e0-4ff9-4566-aab0-739da4fa48a3,1738f94b-1c67-4612-9cd8-819ca50c35e3,internal,"Organic Chemistry reader, spiral bound",,textbooks,,new,3000,false,true,10026,active,35,5,0,,2026-05-16T15:31:25+00:00,
88d00987-2374-49cb-91c6-3254fad3ae4e,ded797b6-afed-4f9c-8ae0-35b3c61aa0e4,internal,"Brompton folding, L frame","Good condition overall — some honest wear, but nothing that affects using it. Bought it for a sublet that ended early. Collect from Morningside Heights; message me and we will find a time.",bikes_transport,,used_good,26000,false,false,10451,active,111,6,3,,2026-05-16T15:38:19+00:00,
c6ea7d97-6cb2-4ac6-93cb-5f2f238da519,b387c825-7116-4b83-bd18-56e81111a5c9,internal,"Kindle Paperwhite, wifi","Brand new, still sealed — I ordered the wrong size and the return window closed. Moving to a smaller place at the end of the month, so it needs a new home. Happy to hold it for a day if you need to arrange a car. Can send more photos of any detail you want to see.",electronics,,new,16000,false,true,10027,sold,177,14,2,,2026-05-16T17:18:15+00:00,2026-07-31T21:25:37+00:00
e5265401-faf7-4d25-a773-de00dd1e2eff,e6e0d4f1-b435-4b5d-b74f-b4c6c427868c,internal,"Dell 24"" monitor + stand",,electronics,,used_good,8000,false,false,10027,active,79,3,0,,2026-05-16T17:53:55+00:00,
b4d4a7fe-3d65-4aa6-8e1f-39b5a7ba3949,23a55d2c-5ac7-43a9-a6a4-20734b79d7ae,internal,Microeconomics (Pearson) 9th ed.,"Used for two semesters and it has held up well. Nothing broken, a bit of normal wear. Upgraded to a bigger one and have no room for both. Cash or Venmo. I can meet near campus any afternoon.",textbooks,,used_good,3000,false,true,10031,active,38,4,0,,2026-05-17T00:49:14+00:00,
7cb8f336-170d-437f-a097-b970c5d80b67,2e23fd62-664f-4904-93b9-98484374da38,internal,Statistical Inference (Norton) 8th ed.,"Brand new, still sealed — I ordered the wrong size and the return window closed. Heading back home after this semester and cannot take it with me. Happy to hold it for a day if you need to arrange a car. Original box and instructions included.",textbooks,,new,8500,false,false,10038,reserved,14,0,1,,2026-05-17T02:19:44+00:00,
8e5d2aee-6184-490e-9301-893038fa596b,200f9843-09b8-49fb-9a99-30710133815e,internal,"Standing desk, electric, 100×50","Used it for about a month and it looks the same as the day I got it. Moving to a smaller place at the end of the month, so it needs a new home. Collect from Amsterdam Ave; message me and we will find a time. Open to a small discount if you take it today.",furniture,desks,like_new,17000,false,false,10027,active,32,4,0,,2026-05-17T10:34:58+00:00,
1d0d33d2-3e2f-4cde-af64-e76923e7edc1,e65dbaf8-02e5-4e0e-a975-b67690763c60,internal,"3-seat sofa, navy","Everything works. A couple of light marks from moving, nothing structural. Moving to a smaller place at the end of the month, so it needs a new home. Happy to hold it for a day if you need to arrange a car. Original box and instructions included.",furniture,sofas_tables,used_good,7500,false,true,10031,active,24,2,0,,2026-05-17T16:09:39+00:00,
1805035c-8928-47a8-98fc-a901e712fc99,ba4e0520-1425-44b4-ba42-764ccd9799f7,internal,Epidemiology — full course bundle,"Brand new, still sealed — I ordered the wrong size and the return window closed. Moving to a smaller place at the end of the month, so it needs a new home. Easy pickup near the Columbia gates, evenings and weekends work best. Original box and instructions included.",textbooks,,new,9000,false,false,10027,sold,8,0,0,,2026-05-17T21:16:54+00:00,2026-05-23T19:20:43+00:00
eae1eca8-86cf-4e46-828d-19a01b986205,b000127a-7ff3-4aba-9f9f-56872787d1ed,internal,Non-stick wok,"Solid, no wobble — one small scuff on the back left that you cannot see once it is against a wall. Upgraded to a bigger one and have no room for both. Collect from the Columbia gates; message me and we will find a time.",kitchen_home,,used_good,7500,false,false,10128,active,10,2,0,,2026-05-18T03:41:06+00:00,
8e197614-997e-4e34-bd30-fa830b0a8006,21dd7dab-b91b-4dbb-ba29-ae9efd5f3f45,internal,"IKEA BEKANT desk 180×80, birch","Everything works. A couple of light marks from moving, nothing structural. Finished the course, so I no longer need it. Happy to hold it for a day if you need to arrange a car.",furniture,desks,used_good,7500,false,false,10025,active,18,0,0,,2026-05-18T07:02:43+00:00,
a2ed0f5d-3df2-46cd-99be-e5535ce5ffdf,67720afd-c98f-4042-88f8-4ee42ce6223e,internal,"3-drawer dresser, white","Used for two semesters and it has held up well. Nothing broken, a bit of normal wear. Heading back home after this semester and cannot take it with me. Cash or Venmo. I can meet near campus any afternoon. Original box and instructions included.",furniture,storage_shelving,used_good,0,true,false,10027,sold,30,1,1,,2026-05-18T08:22:19+00:00,2026-05-22T21:28:17+00:00
4a406020-360e-4e15-9c4c-779b23b249b3,b37478b5-88dc-4b30-a68b-459b94eeb755,internal,"IKEA SLATTUM bed frame, twin XL",,furniture,beds_mattresses,like_new,16000,false,false,10027,active,53,4,0,,2026-05-18T10:14:15+00:00,
f86bb245-193f-41af-9cf1-c3840ce2e095,3be6bf3f-c8f5-451d-9829-86d0e1a995cc,internal,Cuckoo 6-cup rice cooker,"Unopened, tags still on. Bought two by mistake. Heading back home after this semester and cannot take it with me. Happy to hold it for a day if you need to arrange a car.",kitchen_home,,new,11000,false,true,10027,active,49,5,0,,2026-05-18T14:24:45+00:00,
6b651abb-8e9a-48ca-bc26-ba8d70a6eff8,88cd8efd-6959-47db-8377-f4735e76c1f2,internal,Set of 4 mugs and 4 glasses,Never used. Bought it in September and it has sat in the box since. Heading back home after this semester and cannot take it with me. Happy to hold it for a day if you need to arrange a car.,kitchen_home,,new,3000,false,false,10003,active,39,3,2,,2026-05-18T16:20:56+00:00,
c384547d-d450-4248-8661-0cd3b1e0d9f7,5da9c176-ec13-4102-b6cf-121f4b145d5a,internal,"Weight bench, folding","Everything works. A couple of light marks from moving, nothing structural. Bought it for a sublet that ended early. Collect from the Columbia gates; message me and we will find a time.",sports,,used_good,5000,false,true,10027,active,73,6,0,,2026-05-18T16:59:40+00:00,
507459d7-70d3-490a-9574-bfdbfad55025,f79de4b1-f0cc-45e9-85c3-b3112725fde1,internal,"Nike Air Force 1, US 9","Fair condition, priced to reflect it. Works fine, looks lived in. Finished the course, so I no longer need it. Easy pickup near Amsterdam Ave, evenings and weekends work best.",clothing,,used_fair,0,true,false,10027,active,54,8,0,,2026-05-18T18:49:43+00:00,
582a693a-72c4-450d-b2a7-558b4be0005c,f7fc3247-4e08-45c5-bf07-1580aa80b186,internal,Corporate Finance (Wiley) 9th ed.,"Solid, no wobble — one small scuff on the back left that you cannot see once it is against a wall. Upgraded to a bigger one and have no room for both. Collect from the Columbia gates; message me and we will find a time.",textbooks,,used_good,2500,false,true,10027,active,84,13,0,,2026-05-18T20:13:16+00:00,
b62aa789-6c4c-4622-b974-7dcf9b5aaf9c,ccada20f-a411-4dcd-be61-e8b73abf9a23,internal,Shoe rack — free to a good home,"Some visible wear and a small chip on one corner. Happy to send more photos. Moving to a smaller place at the end of the month, so it needs a new home. Happy to hold it for a day if you need to arrange a car.",free_stuff,,used_fair,0,true,false,10028,sold,33,7,1,,2026-05-19T08:20:12+00:00,2026-05-23T05:23:54+00:00
b054b055-ee21-4127-a034-aec5172a9e07,7a418f6e-c8b9-4225-914b-120e93fc68f9,internal,Bike rack and floor pump,"Good condition overall — some honest wear, but nothing that affects using it. Bought it for a sublet that ended early. Cash or Venmo. I can meet near the Columbia gates any afternoon. I will throw in the matching lamp for free.",bikes_transport,,used_good,4000,false,false,10027,sold,14,0,0,,2026-05-19T08:45:07+00:00,2026-05-23T00:56:06+00:00
bc4110ae-854b-4758-a3a4-e7a759e46796,4f1cb3c6-4a88-475a-b5e5-f34f7bdaa2fc,internal,"Coffee table, black-brown","Used for two semesters and it has held up well. Nothing broken, a bit of normal wear. I am graduating in May and everything has to go before I move out. Collect from 116th & Broadway; message me and we will find a time. Open to a small discount if you take it today.",furniture,sofas_tables,used_good,3500,false,true,10025,sold,36,8,1,,2026-05-19T18:05:25+00:00,2026-06-07T09:00:39+00:00
99a340ef-4682-4165-9df1-233924b63540,b2e205f3-a921-447a-b55e-53d5b2d86de3,internal,Cuisinart toaster oven,"Genuinely like new. No marks, everything works exactly as it should. Heading back home after this semester and cannot take it with me. Pickup only, 3rd floor with an elevator — I can help carry it down to the street.",kitchen_home,,like_new,11000,false,false,10027,sold,5,1,0,,2026-05-19T18:06:56+00:00,2026-05-28T08:51:01+00:00
b94f60b0-de02-4cba-9694-c1415076555e,ef6f0845-2282-4ad4-870c-058ceee8da3c,internal,Corporate Finance 8th ed. + solutions manual,Never used. Bought it in September and it has sat in the box since. Heading back home after this semester and cannot take it with me. Cash or Venmo. I can meet near the Columbia gates any afternoon. Open to a small discount if you take it today.,textbooks,,new,9000,false,true,10026,sold,16,0,1,,2026-05-19T18:18:13+00:00,2026-05-24T10:11:06+00:00
527239a9-b3f9-4a7a-91a3-da407f7591b6,1162a399-ae84-499c-86eb-5c0b8d4bd19d,internal,Machine Learning 7th ed. + solutions manual,,textbooks,,like_new,9000,false,false,10128,sold,8,2,0,,2026-05-20T02:14:11+00:00,2026-06-07T22:08:03+00:00
98423447-452b-42aa-9b9a-3aca94a1d8a5,fda29f93-a3e8-4fb9-84ba-b9b7b56ec5c2,internal,Organic Chemistry (Cengage) 9th ed.,,textbooks,,used_fair,4500,false,false,10027,active,33,4,1,,2026-05-20T03:37:53+00:00,
4158aa16-6c4e-4af4-b1a1-63dc87bb63af,6a1f02ee-4734-484a-9340-301d6b261f57,internal,"Pair of dining chairs, white","Used for two semesters and it has held up well. Nothing broken, a bit of normal wear. Moving to a smaller place at the end of the month, so it needs a new home. Pickup only, 3rd floor with an elevator — I can help carry it down to the street. Original box and instructions included.",furniture,chairs,used_good,6500,false,false,10451,reserved,14,1,0,,2026-05-20T04:13:15+00:00,
a87745e0-6064-442c-b1cb-bf1698e33c19,484b4933-21fa-4a46-904b-33017ff3857f,internal,Set of 4 mugs and 4 glasses,"Genuinely like new. No marks, everything works exactly as it should. Moving to a smaller place at the end of the month, so it needs a new home. Happy to hold it for a day if you need to arrange a car. Can send more photos of any detail you want to see.",kitchen_home,,like_new,2500,false,true,10031,sold,17,3,0,,2026-05-20T04:40:14+00:00,2026-05-26T11:43:16+00:00
2238ae46-127b-4f25-8ec4-4a774edd7ff9,67720afd-c98f-4042-88f8-4ee42ce6223e,internal,"Coffee table, oak","Used it for about a month and it looks the same as the day I got it. Finished the course, so I no longer need it. Pickup only, 3rd floor with an elevator — I can help carry it down to the street.",furniture,sofas_tables,like_new,8500,false,true,10027,active,34,2,0,,2026-05-20T09:48:03+00:00,
2a860067-86a2-4760-8eb0-491c537a3023,666bc6ff-a4ef-4446-b1f3-452d89ab9300,internal,"IPad 9th gen, wifi","Used for two semesters and it has held up well. Nothing broken, a bit of normal wear. Bought it for a sublet that ended early. Happy to hold it for a day if you need to arrange a car. Original box and instructions included.",electronics,,used_good,20000,false,true,10027,active,167,15,7,,2026-05-20T15:35:20+00:00,
295ec4d3-ebdc-4972-bd4d-8dcbac743787,d789fe7f-6977-4b4a-91ee-76ecc7a7dae8,internal,"Pair of dining chairs, white",,furniture,chairs,like_new,0,true,false,10027,active,93,6,1,,2026-05-20T16:21:13+00:00,
e9f51def-4389-457e-9db0-64a86afbfca1,19d0052f-3a95-45b1-a564-0bcf21862cd4,internal,Logitech mouse + desk mat,"Barely touched — I moved into a furnished place two weeks later. Bought it for a sublet that ended early. Easy pickup near 116th & Broadway, evenings and weekends work best.",electronics,,like_new,7500,false,false,10463,sold,34,4,0,,2026-05-20T19:51:11+00:00,2026-06-01T05:45:59+00:00
497bbe03-697b-4290-aa4e-156939e5e016,a19bafd9-3016-4b80-a1e3-e000719c6291,internal,"Managerial Economics reader, spiral bound","Everything works. A couple of light marks from moving, nothing structural. I am graduating in May and everything has to go before I move out. Easy pickup near Morningside Heights, evenings and weekends work best.",textbooks,,used_good,1200,false,true,10027,active,31,4,1,,2026-05-20T23:14:03+00:00,
f36e3329-315f-4fa2-a8f2-c563910e25f8,183fdc19-a9c5-4db8-a9f3-e0f20feea8e8,internal,"Managerial Economics (Norton), international edition","Genuinely like new. No marks, everything works exactly as it should. Moving to a smaller place at the end of the month, so it needs a new home. Cash or Venmo. I can meet near Morningside Heights any afternoon.",textbooks,,like_new,2500,false,false,10027,reserved,15,0,0,,2026-05-21T01:00:23+00:00,
6b918454-25fe-41b6-82ac-ea1696e736ad,52c5c6a9-39b5-4951-9af7-b20a0970bd62,internal,"Winter boots, size S, waterproof","Solid, no wobble — one small scuff on the back left that you cannot see once it is against a wall. Upgraded to a bigger one and have no room for both. Pickup only, 3rd floor with an elevator — I can help carry it down to the street.",clothing,,used_good,6500,false,true,11205,active,120,8,0,,2026-05-21T06:02:18+00:00,
853137cc-9c38-4b53-ad80-40b7a854ae80,9b0f4215-bb92-4800-a8ee-8b3a7bbf2ee1,internal,Corporate Finance (Wiley) 6th ed.,"Good condition overall — some honest wear, but nothing that affects using it. Heading back home after this semester and cannot take it with me. Cash or Venmo. I can meet near the Columbia gates any afternoon. Open to a small discount if you take it today.",textbooks,,used_good,3000,false,true,10030,sold,8,0,0,,2026-05-21T15:45:37+00:00,2026-05-25T14:13:50+00:00
d0e6bbf7-4b2d-424d-ab91-734d83735132,61bc54ff-d92a-459a-b783-749eeba4b206,internal,"Doc Martens 1460, US 9","Everything works. A couple of light marks from moving, nothing structural. Bought it for a sublet that ended early. Pickup only, 3rd floor with an elevator — I can help carry it down to the street. Can send more photos of any detail you want to see.",clothing,,used_good,5500,false,false,10022,reserved,60,4,0,,2026-05-21T23:28:55+00:00,
6d94b59d-2c1f-4b12-8c4d-151c433a5164,d7b30ac7-a843-4c2c-b7d0-5dbca0c169c3,internal,Anker power strip + USB-C hub,"Good condition overall — some honest wear, but nothing that affects using it. Heading back home after this semester and cannot take it with me. Happy to hold it for a day if you need to arrange a car. Original box and instructions included.",electronics,,used_good,4000,false,false,10025,active,32,2,0,,2026-05-22T02:29:47+00:00,
1a0999fc-accd-41b2-9f76-6eeef367dce4,495a3aa3-44af-4038-8197-d87257807cf3,internal,"Desk chair, birch, adjustable","Good condition overall — some honest wear, but nothing that affects using it. Upgraded to a bigger one and have no room for both. Pickup only, 3rd floor with an elevator — I can help carry it down to the street. Original box and instructions included.",furniture,chairs,used_good,7500,false,false,10027,sold,8,1,0,,2026-05-22T06:18:56+00:00,2026-05-25T00:14:44+00:00
af1b6c64-507f-428d-bade-62ac4880a043,c6fd42f0-6060-47cf-a8e8-e24dcaee7d26,internal,Financial Accounting — full course bundle,"Solid, no wobble — one small scuff on the back left that you cannot see once it is against a wall. Finished the course, so I no longer need it. Easy pickup near Morningside Heights, evenings and weekends work best. Can send more photos of any detail you want to see.",textbooks,,used_good,5000,false,false,10037,active,10,0,0,,2026-05-22T07:33:16+00:00,
93e441a3-9406-4921-821b-c9f5c7986ca6,5ce43817-8afb-43c8-aa72-569b92aeb223,internal,Folding shopping cart,"Used it for about a month and it looks the same as the day I got it. Bought it for a sublet that ended early. Easy pickup near the Columbia gates, evenings and weekends work best.",bikes_transport,,like_new,3000,false,true,10027,sold,36,7,0,,2026-05-22T07:58:49+00:00,2026-06-05T05:36:31+00:00
d9a00c68-ee63-4d83-ab1a-a7d7b5b26318,ba1fa7b7-1ba1-4dcc-8cde-7e8038432e3d,internal,"Dell XPS 13, 8GB/256GB","Used it for about a month and it looks the same as the day I got it. Heading back home after this semester and cannot take it with me. Pickup only, 3rd floor with an elevator — I can help carry it down to the street. I will throw in the matching lamp for free.",electronics,,like_new,42000,false,false,10033,sold,14,0,0,,2026-05-22T13:54:23+00:00,2026-05-31T04:24:31+00:00
469637ce-de24-460e-9964-7f72fb85fb8d,e577a84d-38e8-4685-91ae-611ca1c68aca,internal,Folding dining table + 2 chairs,Some visible wear and a small chip on one corner. Happy to send more photos. Heading back home after this semester and cannot take it with me. Collect from Morningside Heights; message me and we will find a time.,furniture,sofas_tables,used_fair,4500,false,true,10027,sold,9,2,0,,2026-05-22T15:27:57+00:00,2026-05-28T20:19:01+00:00
65c95fc3-d4af-423d-bb5e-f1bb044c68ce,02e43602-1002-4bed-9fe6-fe21002d4a3c,internal,"3-drawer dresser, walnut",Some visible wear and a small chip on one corner. Happy to send more photos. I am graduating in May and everything has to go before I move out. Happy to hold it for a day if you need to arrange a car.,furniture,storage_shelving,used_fair,8000,false,true,10027,sold,15,0,0,,2026-05-22T21:07:32+00:00,2026-06-11T03:45:54+00:00
eb6c8244-e4a3-492c-89c2-75851ae9b4ee,6cad3973-c23d-4cec-bb0c-6ecf78003373,internal,Full mattress + metal frame,,furniture,beds_mattresses,used_fair,5500,false,false,10031,reserved,24,0,0,,2026-05-23T08:25:54+00:00,
fba5683f-a079-4229-aabb-90d95d2c6143,f1999cc6-bd96-4a94-b030-3072877f65df,internal,"ReMarkable 2, wifi","Used it for about a month and it looks the same as the day I got it. I am graduating in May and everything has to go before I move out. Pickup only, 3rd floor with an elevator — I can help carry it down to the street.",electronics,,like_new,10000,false,false,10021,active,44,11,1,,2026-05-23T09:27:25+00:00,
1a0dc03e-c8ca-471f-bd49-b0fa4bc7800f,f46fae0a-66ed-4c74-baa7-7380e11570dd,internal,"Air purifier, works fine","Genuinely like new. No marks, everything works exactly as it should. Upgraded to a bigger one and have no room for both. Collect from Morningside Heights; message me and we will find a time. Original box and instructions included.",kitchen_home,,like_new,9000,false,false,10027,reserved,61,7,0,,2026-05-23T09:27:39+00:00,
7135faf5-2661-4baa-8904-fee05abfac22,d1837fdf-ba50-4cdd-aa78-612b77b13cac,internal,Beats Studio3 headphones,"Everything works. A couple of light marks from moving, nothing structural. Moving to a smaller place at the end of the month, so it needs a new home. Happy to hold it for a day if you need to arrange a car.",electronics,,used_good,7000,false,false,10027,sold,29,3,0,,2026-05-23T11:55:06+00:00,2026-05-28T15:15:56+00:00
4c925f24-cdf0-475b-8e7d-417e3b26c519,cbcba9e3-129e-437d-adc8-13aae5e788ac,internal,"Small writing desk, oak","Never used. Bought it in September and it has sat in the box since. Finished the course, so I no longer need it. Cash or Venmo. I can meet near 116th & Broadway any afternoon. I will throw in the matching lamp for free.",furniture,desks,new,8000,false,true,10025,sold,35,2,0,,2026-05-23T12:45:29+00:00,2026-06-02T03:03:44+00:00
bd6dd96a-28a4-42f2-8d6a-71c6732a659f,7844c024-2ced-4ed0-9417-6303bff60ab5,internal,"IKEA KALLAX shelf unit, walnut","Used for two semesters and it has held up well. Nothing broken, a bit of normal wear. Heading back home after this semester and cannot take it with me. Easy pickup near campus, evenings and weekends work best.",furniture,storage_shelving,used_good,9500,false,true,10017,sold,9,1,0,,2026-05-23T18:22:29+00:00,2026-06-10T10:13:33+00:00
e98d1311-9274-4c7b-a9ee-19d2b9751d45,d34b2b4a-bc0b-4ffd-83db-00f5cc6c937f,internal,"Desk chair, birch, adjustable",Used it for about a month and it looks the same as the day I got it. I am graduating in May and everything has to go before I move out. Collect from Morningside Heights; message me and we will find a time. Can send more photos of any detail you want to see.,furniture,chairs,like_new,5500,false,true,10027,reserved,137,9,1,,2026-05-23T20:53:14+00:00,
d398b5f2-15cc-4a65-b06a-d885258dc911,5d00b0e3-2e7d-4703-ac82-a0935fb970f1,internal,"IKEA KALLAX shelf unit, walnut",,furniture,storage_shelving,like_new,13000,false,true,10039,sold,10,1,0,,2026-05-23T23:30:46+00:00,2026-05-30T10:49:00+00:00
e955eb90-b084-4660-ae06-168c51b01d40,c3e6de0b-ae0e-464a-aeef-51bebdd50073,internal,"Wool overcoat, size M","Fair condition, priced to reflect it. Works fine, looks lived in. Bought it for a sublet that ended early. Happy to hold it for a day if you need to arrange a car.",clothing,,used_fair,5500,false,false,10027,active,65,5,1,,2026-05-24T00:00:05+00:00,
f682761c-bb7e-465d-b880-95eaaac91d36,67720afd-c98f-4042-88f8-4ee42ce6223e,internal,Wool scarf and glove set,"Never used. Bought it in September and it has sat in the box since. Bought it for a sublet that ended early. Easy pickup near Amsterdam Ave, evenings and weekends work best.",clothing,,new,5000,false,true,10027,active,20,2,0,,2026-05-24T00:43:39+00:00,
bfb932c4-a30b-4fa8-87f0-557d11ecb143,eb2b14f9-1a3e-4de7-a5b9-77d125f7966d,internal,"Suit, size M, tailored once","Solid, no wobble — one small scuff on the back left that you cannot see once it is against a wall. Bought it for a sublet that ended early. Pickup only, 3rd floor with an elevator — I can help carry it down to the street.",clothing,,used_good,0,true,false,10027,active,61,4,0,,2026-05-24T01:42:35+00:00,
fa98bd50-2087-4a46-ae33-c27e74630d14,ba1fa7b7-1ba1-4dcc-8cde-7e8038432e3d,internal,Curtain rod set — free to a good home,"Some visible wear and a small chip on one corner. Happy to send more photos. Moving to a smaller place at the end of the month, so it needs a new home. Pickup only, 3rd floor with an elevator — I can help carry it down to the street. I will throw in the matching lamp for free.",free_stuff,,used_fair,0,true,false,10033,sold,49,4,1,,2026-05-24T04:28:00+00:00,2026-06-02T09:36:54+00:00
fa03dc5b-9527-4f53-be9b-2f4744d4d421,b2ebd1c7-416b-4645-a522-88f29c4fd3fa,internal,"Corporate Finance (Pearson), international edition",Barely touched — I moved into a furnished place two weeks later. Bought it for a sublet that ended early. Happy to hold it for a day if you need to arrange a car.,textbooks,,like_new,6500,false,false,10025,active,71,4,1,,2026-05-24T04:28:17+00:00,
83869781-b5fb-4185-904b-85946fd7502f,419a8edd-8c3e-484b-9354-7867568dd931,internal,Twin XL mattress + metal frame,,furniture,beds_mattresses,used_fair,10000,false,true,10025,active,64,6,0,,2026-05-24T07:25:31+00:00,
68b6f927-a866-4e44-8c69-f520d5dc48d0,aebbbd34-c750-4cee-b298-18c1698b9b92,internal,"Brompton folding, L frame, recently serviced","Barely touched — I moved into a furnished place two weeks later. Upgraded to a bigger one and have no room for both. Pickup only, 3rd floor with an elevator — I can help carry it down to the street.",bikes_transport,,like_new,28000,false,false,10027,active,56,5,0,,2026-05-24T09:22:46+00:00,
d9cdc362-001c-4546-9418-9b9c386b0b9a,4f1cb3c6-4a88-475a-b5e5-f34f7bdaa2fc,internal,Bike rack and floor pump,"Genuinely like new. No marks, everything works exactly as it should. Finished the course, so I no longer need it. Easy pickup near Amsterdam Ave, evenings and weekends work best.",bikes_transport,,like_new,3500,false,false,10025,active,18,3,0,,2026-05-24T09:49:08+00:00,
dfc4ca35-735b-420f-8eca-6822561a6f7c,5da9c176-ec13-4102-b6cf-121f4b145d5a,internal,Logitech mouse + desk mat,"Solid, no wobble — one small scuff on the back left that you cannot see once it is against a wall. Finished the course, so I no longer need it. Cash or Venmo. I can meet near the Columbia gates any afternoon.",electronics,,used_good,0,true,false,10027,active,281,29,5,,2026-05-24T15:43:53+00:00,
b06de04d-f3ce-4050-a15b-1495ebb93634,c2a52db8-7b0f-4f9c-9be8-3d81fad7ca27,internal,"New Balance 990, US 9","Never used. Bought it in September and it has sat in the box since. Finished the course, so I no longer need it. Happy to hold it for a day if you need to arrange a car.",clothing,,new,16000,false,false,10035,active,37,3,0,,2026-05-25T00:19:03+00:00,
7d51b699-7a01-4906-8491-a910e6ae323f,5f6d993c-4bf7-46a7-97c5-66326662827a,internal,"Bike lock, lights and helmet bundle","Well used and it shows — a few dents and one sticky drawer, but it does its job. Upgraded to a bigger one and have no room for both. Easy pickup near the Columbia gates, evenings and weekends work best.",bikes_transport,,used_fair,2000,false,false,10027,active,22,2,0,,2026-05-25T02:16:20+00:00,
bcb18653-bd67-424d-9946-725ec75b1293,16ec2a95-5cdd-472d-bb70-f569bc0cea3c,internal,"Microeconomics (Norton), international edition","Everything works. A couple of light marks from moving, nothing structural. Moving to a smaller place at the end of the month, so it needs a new home. Happy to hold it for a day if you need to arrange a car.",textbooks,,used_good,1600,false,true,10027,sold,7,1,0,,2026-05-25T08:48:51+00:00,2026-06-03T13:12:30+00:00
792166b4-0127-47c4-b01e-7e6be81c92fd,1dcda15d-0c1e-4892-80a8-bfb7f3596889,internal,"Standing desk, electric, 140×65",Used it for about a month and it looks the same as the day I got it. Heading back home after this semester and cannot take it with me. Happy to hold it for a day if you need to arrange a car. Open to a small discount if you take it today.,furniture,desks,like_new,14000,false,false,10027,active,62,8,1,,2026-05-25T18:17:19+00:00,
b90dd3ad-6034-48e2-9f35-74d570824817,bef562aa-7b99-4438-b976-0c3e350379ee,internal,"IPad Pro 11"", wifi","Well used and it shows — a few dents and one sticky drawer, but it does its job. Upgraded to a bigger one and have no room for both. Pickup only, 3rd floor with an elevator — I can help carry it down to the street. Open to a small discount if you take it today.",electronics,,used_fair,13000,false,true,10031,reserved,13,0,0,,2026-05-25T19:38:26+00:00,
92f054d3-6694-43ec-ae4a-3b896c07b5e0,2e33ff49-a484-4f82-95d2-dc4216703bb3,internal,Folding shopping cart,"Good condition overall — some honest wear, but nothing that affects using it. Moving to a smaller place at the end of the month, so it needs a new home. Pickup only, 3rd floor with an elevator — I can help carry it down to the street. I will throw in the matching lamp for free.",bikes_transport,,used_good,3000,false,true,10027,sold,23,1,0,,2026-05-26T01:05:25+00:00,2026-05-30T23:07:37+00:00
81fbef29-4473-48c7-89f9-ec37617c2d6c,0659bb5c-a162-488f-bda6-3659a00193c1,internal,"Machine Learning (Norton), international edition","Some visible wear and a small chip on one corner. Happy to send more photos. Heading back home after this semester and cannot take it with me. Easy pickup near 116th & Broadway, evenings and weekends work best. Can send more photos of any detail you want to see.",textbooks,,used_fair,1000,false,false,10026,sold,6,0,0,,2026-05-26T07:14:11+00:00,2026-05-26T22:54:04+00:00
81da6073-3278-480b-b86f-50eee25b9b7b,468552db-87c2-40a1-b501-f637c4f5d75a,internal,Instant Pot Duo 6qt,"Used it for about a month and it looks the same as the day I got it. Upgraded to a bigger one and have no room for both. Pickup only, 3rd floor with an elevator — I can help carry it down to the street.",kitchen_home,,like_new,6500,false,true,10027,active,51,5,0,,2026-05-26T08:17:46+00:00,
5877ade2-7517-4ac6-9ba2-53f82e6a5135,2b77ffd4-2ea9-47fb-b996-21cee3b20d07,internal,Non-stick wok,"Used it for about a month and it looks the same as the day I got it. Upgraded to a bigger one and have no room for both. Pickup only, 3rd floor with an elevator — I can help carry it down to the street.",kitchen_home,,like_new,9500,false,true,10022,sold,6,0,0,,2026-05-27T01:05:04+00:00,2026-06-07T08:32:02+00:00
7a955753-58f4-43a3-bf76-2d736fc55a2c,4333f52d-82f4-4fb4-b6c0-44d327f5b25a,internal,"IKEA KALLAX shelf unit, walnut","Some visible wear and a small chip on one corner. Happy to send more photos. Moving to a smaller place at the end of the month, so it needs a new home. Cash or Venmo. I can meet near 116th & Broadway any afternoon.",furniture,storage_shelving,used_fair,5500,false,false,10027,active,41,3,1,,2026-05-27T04:57:56+00:00,
24d466e2-7484-41d2-a887-90b5cffacd4f,f31588a9-6fbc-4f16-a1f0-65bb1970a62f,internal,"Mechanical keyboard, walnut","Solid, no wobble — one small scuff on the back left that you cannot see once it is against a wall. Bought it for a sublet that ended early. Cash or Venmo. I can meet near 116th & Broadway any afternoon.",electronics,,used_good,9000,false,true,10031,active,26,2,0,,2026-05-27T05:47:04+00:00,
ad80e605-d3cb-4ab6-abd6-c84dae17a883,2838c32c-7382-41b5-852b-5d048285eed7,internal,Set of 4 mugs and 4 glasses,"Barely touched — I moved into a furnished place two weeks later. Finished the course, so I no longer need it. Cash or Venmo. I can meet near Amsterdam Ave any afternoon.",kitchen_home,,like_new,2500,false,false,10027,active,40,6,0,,2026-05-27T07:28:43+00:00,
b72704e5-2425-49ec-a198-532730041117,1cd103c5-ca45-4990-b0e8-9aeda141fced,internal,"3-drawer dresser, black","Solid, no wobble — one small scuff on the back left that you cannot see once it is against a wall. Finished the course, so I no longer need it. Easy pickup near Morningside Heights, evenings and weekends work best. I will throw in the matching lamp for free.",furniture,storage_shelving,used_good,7000,false,true,11106,sold,11,0,0,,2026-05-27T08:08:31+00:00,2026-05-28T22:44:20+00:00
c243cadb-15f6-446b-b98c-cc3f604011a5,6a68ec56-67f5-493e-810d-eb44598b0e94,internal,Full mattress + metal frame,"Good condition overall — some honest wear, but nothing that affects using it. Heading back home after this semester and cannot take it with me. Collect from 116th & Broadway; message me and we will find a time. Open to a small discount if you take it today.",furniture,beds_mattresses,used_good,12000,false,false,10031,active,45,4,0,,2026-05-27T17:53:52+00:00,
964f4fa2-2d49-4438-aedf-66daa3e69421,8a838e5c-8a35-419f-8644-90ed955ef714,internal,"Dell XPS 13, 8GB/256GB","Barely touched — I moved into a furnished place two weeks later. Finished the course, so I no longer need it. Happy to hold it for a day if you need to arrange a car. I will throw in the matching lamp for free.",electronics,,like_new,29000,false,false,10025,draft,0,0,0,,2026-05-28T01:17:23+00:00,
ef8f48f8-c29e-46cb-a177-6f19f44a7c73,8ca12932-1c6f-4ce8-b5ac-da66575fd911,internal,"Ski jacket and poles, size S","Everything works. A couple of light marks from moving, nothing structural. Bought it for a sublet that ended early. Happy to hold it for a day if you need to arrange a car.",sports,,used_good,10000,false,false,10027,active,151,9,0,,2026-05-28T09:34:59+00:00,
1c738a98-6e2e-4850-80ec-f43e4d05808f,78adb4b4-64d8-4a3f-b789-0aeeccaf033e,internal,"Loveseat sofa, oak","Everything works. A couple of light marks from moving, nothing structural. Upgraded to a bigger one and have no room for both. Pickup only, 3rd floor with an elevator — I can help carry it down to the street. Can send more photos of any detail you want to see.",furniture,sofas_tables,used_good,16000,false,false,10027,sold,9,0,0,,2026-05-28T15:01:28+00:00,2026-06-21T18:01:13+00:00
e0205bcd-759b-4487-92a5-bd89f02e3647,60e4a087-d37a-496f-8841-564316fa7ec6,internal,Financial Accounting (Wiley) international ed.,"Unopened, tags still on. Bought two by mistake. Finished the course, so I no longer need it. Happy to hold it for a day if you need to arrange a car.",textbooks,,new,8500,false,false,10027,active,102,8,1,,2026-05-28T16:00:45+00:00,
3342788c-9c9e-443a-b042-f27142fad957,f6e71fce-dd96-47bf-af78-97f8cfc698e0,internal,Set of 4 mugs and 4 glasses,"Well used and it shows — a few dents and one sticky drawer, but it does its job. Bought it for a sublet that ended early. Collect from campus; message me and we will find a time.",kitchen_home,,used_fair,1000,false,true,10001,active,48,5,0,,2026-05-28T16:49:18+00:00,
c6112e59-e187-4404-8295-c237fe5e5b16,56011ba4-155c-4db4-a8fb-31ebb8dd1d28,internal,"Marketing Strategy reader, spiral bound",Used it for about a month and it looks the same as the day I got it. I am graduating in May and everything has to go before I move out. Happy to hold it for a day if you need to arrange a car.,textbooks,,like_new,3500,false,true,10027,active,12,0,0,,2026-05-28T18:40:00+00:00,
914d2b74-6c53-4214-8399-8740de0be38d,39da3268-4fe9-44d6-b716-29c848231132,internal,Constitutional Law (Cengage) 7th ed.,Barely touched — I moved into a furnished place two weeks later. Upgraded to a bigger one and have no room for both. Cash or Venmo. I can meet near Amsterdam Ave any afternoon.,textbooks,,like_new,8000,false,false,10027,active,80,6,0,,2026-05-28T23:09:11+00:00,
ed190c01-557f-44e7-a6cc-903e0469e9d6,bb3f9ce6-0a1f-4b57-afad-55266a6686f8,internal,Constitutional Law — full course bundle,"Good condition overall — some honest wear, but nothing that affects using it. I am graduating in May and everything has to go before I move out. Collect from 116th & Broadway; message me and we will find a time.",textbooks,,used_good,8000,false,false,10027,sold,15,2,0,,2026-05-28T23:22:31+00:00,2026-06-02T21:50:40+00:00
1652aada-1d5f-491e-85d2-e733532a43a5,7275315b-de5e-4c67-9b01-11b25728750a,internal,"IKEA MALM desk 180×80, oak","Solid, no wobble — one small scuff on the back left that you cannot see once it is against a wall. I am graduating in May and everything has to go before I move out. Pickup only, 3rd floor with an elevator — I can help carry it down to the street.",furniture,desks,used_good,9000,false,false,11238,active,114,16,2,,2026-05-28T23:50:32+00:00,
2c4b8170-5975-40f6-a2f3-a338c635b257,3a748a52-31e6-4e13-b168-3406e4520722,internal,"IKEA IVAR shelf unit, black-brown","Good condition overall — some honest wear, but nothing that affects using it. Moving to a smaller place at the end of the month, so it needs a new home. Collect from Amsterdam Ave; message me and we will find a time.",furniture,storage_shelving,used_good,7000,false,false,10036,sold,9,0,0,,2026-05-29T11:34:35+00:00,2026-06-02T01:03:52+00:00
49688c24-8fd8-4bea-bd2b-8b261876f61f,75f5c0c5-ff4b-4a5e-9cdb-236c8398b4e4,internal,Data Structures 7th ed. + solutions manual,,textbooks,,new,7000,false,false,10025,active,31,5,0,,2026-05-29T13:18:49+00:00,
4c8973e1-4e02-4553-a435-853947142403,94d89ccb-983f-49df-97a7-1886973331bd,internal,"Ski jacket and poles, size M","Good condition overall — some honest wear, but nothing that affects using it. Upgraded to a bigger one and have no room for both. Collect from Morningside Heights; message me and we will find a time.",sports,,used_good,9000,false,true,10025,active,50,8,0,,2026-05-29T16:46:13+00:00,
b9c185fd-f5b3-4665-a512-76e5aa641dff,2309ca71-b2a1-41d4-93da-72d42bb24e63,internal,"Suit, size L, tailored once","Used for two semesters and it has held up well. Nothing broken, a bit of normal wear. Heading back home after this semester and cannot take it with me. Cash or Venmo. I can meet near the Columbia gates any afternoon.",clothing,,used_good,19000,false,false,10024,active,59,7,0,,2026-05-30T00:10:15+00:00,
005b16d9-cae9-4639-8f7e-a52e5194e9e3,bf2e373c-d8de-4aa0-acb8-d8df0b844ebd,internal,"Desk chair, birch, adjustable","Good condition overall — some honest wear, but nothing that affects using it. Moving to a smaller place at the end of the month, so it needs a new home. Pickup only, 3rd floor with an elevator — I can help carry it down to the street.",furniture,chairs,used_good,7500,false,false,10026,sold,32,5,0,,2026-05-30T01:54:20+00:00,2026-06-16T22:10:47+00:00
672a5947-ee8d-4ec9-81d8-9187446d687e,dfb6fc17-bcca-45fa-ab0c-9e38e7ddcca9,internal,"Mechanical keyboard, navy","Everything works. A couple of light marks from moving, nothing structural. Moving to a smaller place at the end of the month, so it needs a new home. Collect from Morningside Heights; message me and we will find a time.",electronics,,used_good,9500,false,true,10032,sold,6,2,0,,2026-05-30T06:17:49+00:00,2026-06-02T19:48:36+00:00
1fdc0a4c-2bc5-42a1-bb62-bdb65e6b03bd,3d9b6dd2-deb5-4f7f-9ae8-89c12f579e9c,internal,Marketing Strategy (Cengage) 9th ed.,"Everything works. A couple of light marks from moving, nothing structural. Moving to a smaller place at the end of the month, so it needs a new home. Happy to hold it for a day if you need to arrange a car.",textbooks,,used_good,2500,false,true,11211,active,47,3,2,,2026-05-30T06:23:44+00:00,
6debe3c1-ff5b-441f-b896-ece52ebbac30,87981edc-4a5a-415d-b51d-f9217163949a,internal,"Mechanical keyboard, walnut","Solid, no wobble — one small scuff on the back left that you cannot see once it is against a wall. Heading back home after this semester and cannot take it with me. Easy pickup near Morningside Heights, evenings and weekends work best. Original box and instructions included.",electronics,,used_good,4000,false,false,10025,reserved,67,7,0,,2026-05-30T11:09:14+00:00,
41f8b160-15eb-41fe-a16f-01d936094246,58257853-1e57-4d62-9ffa-e3bb46ea2cbd,internal,"IKEA BILLY shelf unit, white","Genuinely like new. No marks, everything works exactly as it should. Bought it for a sublet that ended early. Pickup only, 3rd floor with an elevator — I can help carry it down to the street. Open to a small discount if you take it today.",furniture,storage_shelving,like_new,4500,false,false,10463,active,49,2,2,,2026-05-30T18:49:30+00:00,
aada697e-c551-4b13-b76b-07779d287447,7275315b-de5e-4c67-9b01-11b25728750a,internal,"Standing desk, electric, 120×60","Fair condition, priced to reflect it. Works fine, looks lived in. Upgraded to a bigger one and have no room for both. Easy pickup near Amsterdam Ave, evenings and weekends work best.",furniture,desks,used_fair,0,true,false,11238,active,47,6,0,,2026-05-30T23:56:05+00:00,
de96d82b-9948-4830-97fb-db3f69995ccd,2025475c-1545-4632-8937-5fe6f57953a0,internal,"IPad Pro 11"", wifi","Used for two semesters and it has held up well. Nothing broken, a bit of normal wear. Upgraded to a bigger one and have no room for both. Cash or Venmo. I can meet near Morningside Heights any afternoon.",electronics,,used_good,18000,false,true,10038,sold,5,0,0,,2026-05-31T00:16:01+00:00,2026-06-06T08:03:30+00:00
4a3a1d58-9ed8-4bf2-a547-b87751c7db16,fdd43fca-ada6-4d98-94a5-dbc1afd11d57,internal,"Desk chair, beige, adjustable",,furniture,chairs,used_fair,2500,false,false,10010,sold,17,2,0,,2026-05-31T02:36:18+00:00,2026-06-05T13:09:15+00:00
c53b128c-088d-45c2-811b-935ff2b10c0e,b2ebd1c7-416b-4645-a522-88f29c4fd3fa,internal,"Statistical Inference (Wiley), international edition","Well used and it shows — a few dents and one sticky drawer, but it does its job. Heading back home after this semester and cannot take it with me. Happy to hold it for a day if you need to arrange a car.",textbooks,,used_fair,1300,false,false,10025,active,16,2,0,,2026-05-31T13:51:48+00:00,
4fe9e293-cd5e-48fa-9797-8456a3836a2a,ae8523f3-49f1-45d4-ab29-0313676f12d0,internal,Bike rack and floor pump,"Some visible wear and a small chip on one corner. Happy to send more photos. Moving to a smaller place at the end of the month, so it needs a new home. Happy to hold it for a day if you need to arrange a car. I will throw in the matching lamp for free.",bikes_transport,,used_fair,2000,false,false,10018,active,17,1,0,,2026-05-31T19:19:40+00:00,
b8f5d723-ba9f-4be9-9ccd-6055524b493c,2e33ff49-a484-4f82-95d2-dc4216703bb3,internal,"Data Structures reader, spiral bound","Everything works. A couple of light marks from moving, nothing structural. Moving to a smaller place at the end of the month, so it needs a new home. Happy to hold it for a day if you need to arrange a car.",textbooks,,used_good,2000,false,true,10027,sold,15,0,0,,2026-05-31T21:16:41+00:00,2026-06-09T20:36:06+00:00
01f91ba7-043f-41d8-b076-ef72e4bf1283,e818f248-82e9-43bc-9ab7-27d5be02776b,internal,"Memory foam mattress topper, full","Used for two semesters and it has held up well. Nothing broken, a bit of normal wear. Moving to a smaller place at the end of the month, so it needs a new home. Easy pickup near campus, evenings and weekends work best.",furniture,beds_mattresses,used_good,3000,false,true,10025,active,67,4,1,,2026-06-01T08:07:16+00:00,
8e1ec806-b630-4746-b1b8-df19896740ea,fda2746f-f24e-4da4-9ab4-b1a01d07a375,internal,Managerial Economics (Pearson) international ed.,"Good condition overall — some honest wear, but nothing that affects using it. Heading back home after this semester and cannot take it with me. Happy to hold it for a day if you need to arrange a car.",textbooks,,used_good,2500,false,true,10031,sold,10,0,0,,2026-06-01T10:03:45+00:00,2026-06-21T17:27:31+00:00
8229162d-ef6a-4cc4-8e33-eb8a8aa02977,2e0927d6-79bf-4b1c-b9d9-5d2847205f9d,internal,Epidemiology 12th ed. + solutions manual,"Used for two semesters and it has held up well. Nothing broken, a bit of normal wear. I am graduating in May and everything has to go before I move out. Cash or Venmo. I can meet near the Columbia gates any afternoon.",textbooks,,used_good,3000,false,false,10032,active,24,1,0,,2026-06-01T14:52:23+00:00,
4bb61f41-e779-42d6-b09f-1e959eff4bb2,61bc54ff-d92a-459a-b783-749eeba4b206,internal,Managerial Economics 7th ed. + solutions manual,"Everything works. A couple of light marks from moving, nothing structural. Moving to a smaller place at the end of the month, so it needs a new home. Happy to hold it for a day if you need to arrange a car.",textbooks,,used_good,6500,false,true,10022,active,42,2,1,,2026-06-02T10:10:56+00:00,
66175e19-b94f-4b41-b81b-fec1c906a688,19d0052f-3a95-45b1-a564-0bcf21862cd4,internal,Financial Accounting 8th ed. + solutions manual,"Everything works. A couple of light marks from moving, nothing structural. Heading back home after this semester and cannot take it with me. Pickup only, 3rd floor with an elevator — I can help carry it down to the street. Can send more photos of any detail you want to see.",textbooks,,used_good,4500,false,true,10463,active,65,5,0,,2026-06-02T14:39:49+00:00,
7c5af202-4d33-4515-b46a-73fd1680b7e9,7d339706-bfcc-4887-91f1-ec63d2d23823,internal,"ReMarkable 2, wifi",,electronics,,used_good,13000,false,true,10031,active,11,2,0,,2026-06-02T17:10:53+00:00,
50dc270d-e172-48b4-bf64-930199740fdc,558257fc-53a1-45c0-9ece-75440adedee7,internal,"IKEA MICKE desk 120×60, birch","Genuinely like new. No marks, everything works exactly as it should. Heading back home after this semester and cannot take it with me. Collect from 116th & Broadway; message me and we will find a time.",furniture,desks,like_new,13000,false,false,11106,sold,4,0,0,,2026-06-03T03:10:48+00:00,2026-06-08T02:38:46+00:00
9b98a8ff-2923-49dd-886d-5847aa634288,73017fc1-97d8-40e8-b55e-c4e1738bfcbc,internal,"3-drawer dresser, birch",,furniture,storage_shelving,used_good,6500,false,false,10025,active,47,2,0,,2026-06-03T12:07:25+00:00,
acb54e71-2193-44c7-b65d-df5af0aff1d3,200f9843-09b8-49fb-9a99-30710133815e,internal,"Epidemiology reader, spiral bound","Everything works. A couple of light marks from moving, nothing structural. Bought it for a sublet that ended early. Easy pickup near campus, evenings and weekends work best. Can send more photos of any detail you want to see.",textbooks,,used_good,1400,false,true,10027,active,25,1,0,,2026-06-04T02:43:54+00:00,
928ad995-a6d5-461c-9305-ba6d0ed54768,19d0052f-3a95-45b1-a564-0bcf21862cd4,internal,"Mechanical keyboard, beige","Fair condition, priced to reflect it. Works fine, looks lived in. Upgraded to a bigger one and have no room for both. Pickup only, 3rd floor with an elevator — I can help carry it down to the street.",electronics,,used_fair,6500,false,true,10463,sold,4,0,0,,2026-06-04T17:16:31+00:00,2026-06-12T01:45:40+00:00
ac5a1535-aeab-4c71-bdc0-33bfddbc0b2b,398c4a87-ea96-40b1-9d0b-21f40b43e5db,internal,Cast iron skillet,"Good condition overall — some honest wear, but nothing that affects using it. Upgraded to a bigger one and have no room for both. Easy pickup near campus, evenings and weekends work best.",kitchen_home,,used_good,5000,false,false,10025,sold,31,3,1,,2026-06-04T22:24:08+00:00,2026-06-11T06:14:53+00:00
cc2d6e21-c2b5-4eb4-b123-0898f2bee57d,fe409d6f-e259-485b-96bc-c2a89d7996e6,internal,"IKEA MALM bed frame, twin XL","Used for two semesters and it has held up well. Nothing broken, a bit of normal wear. Moving to a smaller place at the end of the month, so it needs a new home. Pickup only, 3rd floor with an elevator — I can help carry it down to the street.",furniture,beds_mattresses,used_good,12000,false,true,10027,draft,0,0,0,,2026-06-04T23:22:26+00:00,
25fddfc2-8562-45dc-8ce8-c391de28c009,073d319d-25c3-4082-88f9-0cbb7e686a6c,internal,"New Balance 990, US 9","Solid, no wobble — one small scuff on the back left that you cannot see once it is against a wall. Upgraded to a bigger one and have no room for both. Happy to hold it for a day if you need to arrange a car. Open to a small discount if you take it today.",clothing,,used_good,4500,false,false,10027,active,25,3,0,,2026-06-05T00:32:22+00:00,
5fd08906-84f1-4155-96a8-145a278b974f,5e792d2c-8426-4884-9092-5acfa7c688ed,internal,Rolling clothes rack + hangers,"Used it for about a month and it looks the same as the day I got it. Bought it for a sublet that ended early. Pickup only, 3rd floor with an elevator — I can help carry it down to the street. Can send more photos of any detail you want to see.",furniture,storage_shelving,like_new,7000,false,true,10027,active,78,9,0,,2026-06-05T01:16:10+00:00,
146fd751-4ee2-4662-a289-db7483e9826d,aa179f68-3aae-4474-991e-448842620800,internal,"Canada Goose parka, size L","Fair condition, priced to reflect it. Works fine, looks lived in. I am graduating in May and everything has to go before I move out. Cash or Venmo. I can meet near the Columbia gates any afternoon. Original box and instructions included.",clothing,,used_fair,4500,false,false,10031,sold,35,5,1,,2026-06-05T08:28:52+00:00,2026-07-06T13:41:04+00:00
759e2f9d-7141-4dba-9255-9d70a8b7e822,2b77ffd4-2ea9-47fb-b996-21cee3b20d07,internal,Folding dining table + 2 chairs,"Everything works. A couple of light marks from moving, nothing structural. Finished the course, so I no longer need it. Happy to hold it for a day if you need to arrange a car. Original box and instructions included.",furniture,sofas_tables,used_good,5000,false,true,10022,sold,4,1,0,,2026-06-05T09:37:34+00:00,2026-06-07T13:44:57+00:00
a6fcfe79-0218-4c4c-b276-31f6cbcf141f,7ad9fea0-4641-41fb-9744-34c15951b68f,internal,"Coffee table, walnut","Everything works. A couple of light marks from moving, nothing structural. Moving to a smaller place at the end of the month, so it needs a new home. Collect from the Columbia gates; message me and we will find a time. Can send more photos of any detail you want to see.",furniture,sofas_tables,used_good,11000,false,true,10027,reserved,35,5,0,,2026-06-06T00:46:42+00:00,
d235ecd0-8b78-4359-a79d-b7a1e747bcf0,3508da09-a51b-4ff3-8e0e-ee486e956b89,internal,Statistical Inference (Norton) 7th ed.,Barely touched — I moved into a furnished place two weeks later. Bought it for a sublet that ended early. Cash or Venmo. I can meet near campus any afternoon. I will throw in the matching lamp for free.,textbooks,,like_new,8500,false,false,10036,sold,14,2,1,,2026-06-06T00:57:31+00:00,2026-06-08T03:18:51+00:00
5115316b-0629-4eef-8060-613d8e68c6a4,bc9cbd74-f51e-47e9-ba77-1f2c017e9cca,internal,Microeconomics (Wiley) 9th ed.,"Solid, no wobble — one small scuff on the back left that you cannot see once it is against a wall. Moving to a smaller place at the end of the month, so it needs a new home. Pickup only, 3rd floor with an elevator — I can help carry it down to the street.",textbooks,,used_good,1900,false,false,10463,sold,2,0,0,,2026-06-06T02:12:41+00:00,2026-06-08T10:11:32+00:00
de57a0ef-b0f8-4c81-bf35-885e172d3a42,a14d5a0d-9ddc-4170-a239-6044cb65462e,internal,Segway Ninebot scooter,"Solid, no wobble — one small scuff on the back left that you cannot see once it is against a wall. Upgraded to a bigger one and have no room for both. Collect from Amsterdam Ave; message me and we will find a time.",bikes_transport,,used_good,29000,false,true,10027,active,24,2,0,,2026-06-06T13:29:04+00:00,
425f1a06-fce2-4267-9199-7bdcdec0586a,bf6c0e33-5fc6-4e92-8a2d-83065bf149c4,internal,"Standing desk, electric, 120×60","Solid, no wobble — one small scuff on the back left that you cannot see once it is against a wall. Bought it for a sublet that ended early. Easy pickup near Morningside Heights, evenings and weekends work best.",furniture,desks,used_good,14000,false,false,10027,active,39,4,0,,2026-06-06T14:07:08+00:00,
2b1746e1-4305-4c1d-b902-bb71b2c41523,bc0e5868-3a1d-4493-ad13-df81dcf8102c,internal,"Winter boots, size S, waterproof",Barely touched — I moved into a furnished place two weeks later. Bought it for a sublet that ended early. Cash or Venmo. I can meet near campus any afternoon.,clothing,,like_new,11000,false,false,10031,active,31,4,0,,2026-06-06T14:25:37+00:00,
9928e887-9145-4bea-b743-a8fe47177245,558257fc-53a1-45c0-9ece-75440adedee7,internal,"Corporate Finance (Wiley), international edition","Unopened, tags still on. Bought two by mistake. Bought it for a sublet that ended early. Pickup only, 3rd floor with an elevator — I can help carry it down to the street.",textbooks,,new,3500,false,false,11106,active,88,11,0,,2026-06-07T06:02:56+00:00,
10b5a648-57d1-4094-b16b-4fb802d299c8,ef6f0845-2282-4ad4-870c-058ceee8da3c,internal,"Nike Air Force 1, US 9","Genuinely like new. No marks, everything works exactly as it should. I am graduating in May and everything has to go before I move out. Collect from Morningside Heights; message me and we will find a time.",clothing,,like_new,11000,false,true,10026,sold,11,0,0,,2026-06-07T06:16:11+00:00,2026-06-12T20:30:01+00:00
c9044d71-e507-480f-9558-c430d1e553fc,73017fc1-97d8-40e8-b55e-c4e1738bfcbc,internal,Machine Learning 8th ed. + solutions manual,"Used for two semesters and it has held up well. Nothing broken, a bit of normal wear. Upgraded to a bigger one and have no room for both. Pickup only, 3rd floor with an elevator — I can help carry it down to the street.",textbooks,,used_good,3500,false,false,10025,sold,9,1,1,,2026-06-07T06:30:12+00:00,2026-06-11T00:01:38+00:00
b5c9edb3-8b4e-4977-ba48-7726c1c53ef4,acecd3bf-b042-4b84-be29-27585dc68137,internal,Resistance band set,"Genuinely like new. No marks, everything works exactly as it should. Moving to a smaller place at the end of the month, so it needs a new home. Collect from the Columbia gates; message me and we will find a time.",sports,,like_new,5000,false,true,10027,active,83,4,0,,2026-06-07T22:53:24+00:00,
94376f6b-1644-4f7f-b171-4e34e98d092c,0735b0aa-84bc-49aa-a78b-0ec4f2e216e6,internal,"Standing desk, electric, 160×80",Used it for about a month and it looks the same as the day I got it. I am graduating in May and everything has to go before I move out. Cash or Venmo. I can meet near Morningside Heights any afternoon.,furniture,desks,like_new,20000,false,false,10028,active,47,5,0,,2026-06-08T08:54:22+00:00,
242f1f4c-c850-4159-bd2a-d2746fd2c8ec,98975cfd-3638-4842-83fd-fb6f839b37d9,internal,"Ski jacket and poles, size M","Barely touched — I moved into a furnished place two weeks later. Finished the course, so I no longer need it. Collect from the Columbia gates; message me and we will find a time. Can send more photos of any detail you want to see.",sports,,like_new,19000,false,true,11238,sold,28,2,0,,2026-06-08T09:42:12+00:00,2026-06-23T18:21:27+00:00
6eab0d7d-8451-442c-8d35-c27f569f30d2,0b20e057-ab25-4963-a1eb-383458386c85,internal,Wool scarf and glove set,"Genuinely like new. No marks, everything works exactly as it should. Upgraded to a bigger one and have no room for both. Happy to hold it for a day if you need to arrange a car.",clothing,,like_new,5000,false,false,10027,active,71,12,0,,2026-06-08T20:59:05+00:00,
43b1439a-4406-44ef-8e12-de191b81683e,34441c15-0467-4b92-b3ab-8deb1054c830,internal,"Nike Air Force 1, US 9","Genuinely like new. No marks, everything works exactly as it should. I am graduating in May and everything has to go before I move out. Collect from 116th & Broadway; message me and we will find a time.",clothing,,like_new,14000,false,false,10031,active,20,2,0,,2026-06-09T06:04:52+00:00,
9939fd35-82e9-4723-91f1-e83b5d6860b4,53a84c41-db22-49bf-98bd-d408fffdabc3,internal,"Suit, size L, tailored once","Solid, no wobble — one small scuff on the back left that you cannot see once it is against a wall. Finished the course, so I no longer need it. Cash or Venmo. I can meet near Amsterdam Ave any afternoon.",clothing,,used_good,18000,false,false,10036,active,60,5,0,,2026-06-09T08:44:34+00:00,
4134ba8f-4c41-4bf7-9aa9-9fb73ff62df6,1c53189a-7903-4dcb-97d6-29489110198e,internal,"Weight bench, folding","Used for two semesters and it has held up well. Nothing broken, a bit of normal wear. Finished the course, so I no longer need it. Pickup only, 3rd floor with an elevator — I can help carry it down to the street.",sports,,used_good,9000,false,true,10451,active,47,7,1,,2026-06-09T11:50:42+00:00,
f4d9c0d0-dfd8-4c48-93ae-3c92b6111706,294f420a-5757-4fda-ae5b-a8b66126e192,internal,"Organic Chemistry reader, spiral bound",,textbooks,,used_good,1600,false,true,10027,active,18,0,0,,2026-06-09T12:37:41+00:00,
8dab1ec4-0568-43bb-b0ee-72ca016c63cc,073d319d-25c3-4082-88f9-0cbb7e686a6c,internal,"Dell 24"" monitor + stand",Some visible wear and a small chip on one corner. Happy to send more photos. I am graduating in May and everything has to go before I move out. Collect from 116th & Broadway; message me and we will find a time.,electronics,,used_fair,7000,false,false,10027,draft,0,0,0,,2026-06-10T08:30:46+00:00,
f2813ba5-c073-40e3-aae1-9fab864f4b9f,7926d7b2-835c-4a6f-bf2f-3e38d4db3419,internal,Full-length mirror — free to a good home,"Solid, no wobble — one small scuff on the back left that you cannot see once it is against a wall. Heading back home after this semester and cannot take it with me. Cash or Venmo. I can meet near 116th & Broadway any afternoon.",free_stuff,,used_good,0,true,false,10022,active,45,6,1,,2026-06-10T13:00:59+00:00,
8c400407-3e6a-416b-8e9c-3b7065358894,5ce43817-8afb-43c8-aa72-569b92aeb223,internal,"Herman Miller Aeron, size A","Used it for about a month and it looks the same as the day I got it. Finished the course, so I no longer need it. Easy pickup near the Columbia gates, evenings and weekends work best.",furniture,chairs,like_new,34000,false,true,10027,sold,20,0,1,,2026-06-10T14:12:14+00:00,2026-06-16T17:18:24+00:00
32e7b2dd-1139-4132-9d86-e92772387e49,56423c84-9e94-44e6-a034-0a21e231fbea,internal,"3-seat sofa, grey","Barely touched — I moved into a furnished place two weeks later. Bought it for a sublet that ended early. Pickup only, 3rd floor with an elevator — I can help carry it down to the street.",furniture,sofas_tables,like_new,27000,false,false,10027,sold,14,0,0,,2026-06-10T16:01:15+00:00,2026-06-16T19:51:42+00:00
2a1caa72-dbdf-4f23-b91a-42a660ffd24a,bf74e9cf-5b79-495b-8c29-2dec4918a0c9,internal,Microeconomics — full course bundle,"Never used. Bought it in September and it has sat in the box since. Upgraded to a bigger one and have no room for both. Pickup only, 3rd floor with an elevator — I can help carry it down to the street.",textbooks,,new,9000,false,false,10030,active,74,6,2,,2026-06-10T16:10:31+00:00,
4fa6fd0d-4483-4969-bef9-2c4cd5918dd5,917bdd4a-0545-41ea-8bbb-c3ec512a6c48,internal,"Marketing Strategy reader, spiral bound","Never used. Bought it in September and it has sat in the box since. Finished the course, so I no longer need it. Happy to hold it for a day if you need to arrange a car.",textbooks,,new,5000,false,true,10018,sold,8,0,0,,2026-06-10T23:43:39+00:00,2026-06-15T23:18:52+00:00
6b9c6380-cf37-4c46-ac2c-93c579ad5dff,ddff96e0-22a2-4dc0-8484-2c55ebac5db3,internal,"Mini fridge, works fine","Never used. Bought it in September and it has sat in the box since. Heading back home after this semester and cannot take it with me. Easy pickup near Morningside Heights, evenings and weekends work best.",kitchen_home,,new,9500,false,false,10025,reserved,3,0,0,,2026-06-11T04:53:38+00:00,
ca8a635c-f20f-453e-9487-9a0915923f85,1dc0db8d-05e4-4ebb-97cd-9fe0c828ad56,internal,Folding dining table + 2 chairs,"Everything works. A couple of light marks from moving, nothing structural. Moving to a smaller place at the end of the month, so it needs a new home. Easy pickup near the Columbia gates, evenings and weekends work best.",furniture,sofas_tables,used_good,12000,false,true,10025,sold,15,1,0,,2026-06-11T08:16:27+00:00,2026-06-28T12:18:27+00:00
c0ea6709-3fa2-4523-97f5-57b74a8f671a,aa179f68-3aae-4474-991e-448842620800,internal,"ReMarkable 2, wifi","Barely touched — I moved into a furnished place two weeks later. Upgraded to a bigger one and have no room for both. Pickup only, 3rd floor with an elevator — I can help carry it down to the street.",electronics,,like_new,9500,false,true,10031,active,27,1,0,,2026-06-11T10:50:54+00:00,
c5314b3d-fe49-44b7-b586-c95b9a02df1c,5579985d-8b97-4fbf-89a3-3636d4a31837,internal,Wool scarf and glove set,"Everything works. A couple of light marks from moving, nothing structural. Upgraded to a bigger one and have no room for both. Easy pickup near 116th & Broadway, evenings and weekends work best.",clothing,,used_good,1900,false,false,10027,active,81,10,3,,2026-06-11T20:56:30+00:00,
6f38dd49-4cfb-4f23-9ed6-44a7a5631d35,ab56d43e-6b4a-43a3-9b6c-f3bae36c4bb6,internal,Corporate Finance international ed. + solutions manual,"Genuinely like new. No marks, everything works exactly as it should. Bought it for a sublet that ended early. Cash or Venmo. I can meet near 116th & Broadway any afternoon.",textbooks,,like_new,6500,false,false,10037,sold,18,4,0,,2026-06-12T02:51:16+00:00,2026-06-19T21:45:41+00:00
c5faac39-9be3-4a88-810e-83d00a3a1cd3,ba4e0520-1425-44b4-ba42-764ccd9799f7,internal,Microeconomics (Cengage) 12th ed.,"Good condition overall — some honest wear, but nothing that affects using it. Heading back home after this semester and cannot take it with me. Pickup only, 3rd floor with an elevator — I can help carry it down to the street.",textbooks,,used_good,3000,false,false,10027,reserved,7,0,0,,2026-06-12T12:35:21+00:00,
8141163b-595f-46cf-bae6-b4c0af0b2e60,8fe4e224-dcb0-4a9b-9949-0b5731f46fb2,internal,Rolling clothes rack + hangers,"Solid, no wobble — one small scuff on the back left that you cannot see once it is against a wall. I am graduating in May and everything has to go before I move out. Easy pickup near campus, evenings and weekends work best. Can send more photos of any detail you want to see.",furniture,storage_shelving,used_good,3000,false,false,10027,active,30,2,1,,2026-06-12T15:25:05+00:00,
9e5bf8e2-95e2-4463-94fb-71f80051621e,bc0e5868-3a1d-4493-ad13-df81dcf8102c,internal,Rolling clothes rack + hangers,,furniture,storage_shelving,used_good,4500,false,false,10031,active,32,3,0,,2026-06-12T21:27:06+00:00,
11776e2e-233d-410c-b46e-443cfb75559e,78adb4b4-64d8-4a3f-b789-0aeeccaf033e,internal,"Small writing desk, white","Solid, no wobble — one small scuff on the back left that you cannot see once it is against a wall. Finished the course, so I no longer need it. Collect from 116th & Broadway; message me and we will find a time. Can send more photos of any detail you want to see.",furniture,desks,used_good,5000,false,false,10027,draft,0,0,0,,2026-06-13T07:06:31+00:00,
5d058e60-a9df-4a8d-a918-f8332bc738c2,4c8ec64f-c0d0-4cfb-b064-d47de0ec57ba,internal,Financial Accounting 6th ed. + solutions manual,"Fair condition, priced to reflect it. Works fine, looks lived in. Upgraded to a bigger one and have no room for both. Cash or Venmo. I can meet near Morningside Heights any afternoon.",textbooks,,used_fair,3500,false,false,10031,active,16,2,0,,2026-06-13T13:14:57+00:00,
9147e935-0874-42a1-89b9-918d4bcf1fce,04ceced2-1e5d-42b0-9a6a-158e9a108c1d,internal,"Marketing Strategy (Norton), international edition","Unopened, tags still on. Bought two by mistake. Moving to a smaller place at the end of the month, so it needs a new home. Collect from Amsterdam Ave; message me and we will find a time.",textbooks,,new,6500,false,false,10027,sold,7,0,0,,2026-06-13T14:02:26+00:00,2026-07-16T18:17:13+00:00
62f33f0c-8239-4685-9a93-ad81d10a4100,089faa8b-1b06-449b-905d-977d8b88b69b,internal,Folding dining table + 2 chairs,"Good condition overall — some honest wear, but nothing that affects using it. Bought it for a sublet that ended early. Easy pickup near the Columbia gates, evenings and weekends work best.",furniture,sofas_tables,used_good,5500,false,true,10027,active,19,3,0,,2026-06-13T16:07:52+00:00,
5829115e-9544-4237-9315-4fc73770332c,a9cdac52-fb98-4fca-a99d-9127b6f2d083,internal,"Winter boots, size M, waterproof","Good condition overall — some honest wear, but nothing that affects using it. Heading back home after this semester and cannot take it with me. Cash or Venmo. I can meet near campus any afternoon.",clothing,,used_good,4500,false,false,10027,active,3,0,0,,2026-06-13T21:35:13+00:00,
d1a94b84-82ec-40ff-85aa-e4ee81897154,7275315b-de5e-4c67-9b01-11b25728750a,internal,"Ski jacket and poles, size M",,sports,,used_fair,13000,false,false,11238,sold,26,3,1,,2026-06-13T22:40:51+00:00,2026-06-22T02:04:17+00:00
bec0a474-e303-4119-9641-4be673fd0d72,ca9eb7cc-b0b4-4109-8c12-f728c1c22bd2,internal,"MacBook Air M1, 8GB/256GB",,electronics,,used_good,20000,false,false,10025,sold,11,0,0,,2026-06-14T01:00:39+00:00,2026-07-12T21:38:21+00:00
af9feee7-7005-4d98-8a66-17bb33aaf4fc,56423c84-9e94-44e6-a034-0a21e231fbea,internal,Bike rack and floor pump,"Used it for about a month and it looks the same as the day I got it. I am graduating in May and everything has to go before I move out. Easy pickup near Morningside Heights, evenings and weekends work best.",bikes_transport,,like_new,3500,false,true,10027,active,35,3,1,,2026-06-14T03:15:02+00:00,
72915f82-2042-4bb0-85f4-bcf1e32e972d,b0f283a0-c828-4aff-80c1-0fa9a4940b92,internal,"Wool overcoat, size M","Good condition overall — some honest wear, but nothing that affects using it. I am graduating in May and everything has to go before I move out. Pickup only, 3rd floor with an elevator — I can help carry it down to the street.",clothing,,used_good,13000,false,false,10013,sold,7,1,0,,2026-06-14T06:13:45+00:00,2026-06-19T14:58:15+00:00
b1a4dc00-3fdc-422f-993f-fc27c30b1681,5c16ef18-8047-4cc4-806c-4ef9df6de907,internal,Moving boxes — free to a good home,Some visible wear and a small chip on one corner. Happy to send more photos. Bought it for a sublet that ended early. Happy to hold it for a day if you need to arrange a car.,free_stuff,,used_fair,0,true,false,10027,active,134,9,4,,2026-06-14T10:54:36+00:00,
5971e94c-970d-4408-8b43-ffe3e2ae09b1,468552db-87c2-40a1-b501-f637c4f5d75a,internal,"IKEA MICKE desk 120×60, black-brown","Well used and it shows — a few dents and one sticky drawer, but it does its job. Heading back home after this semester and cannot take it with me. Cash or Venmo. I can meet near Morningside Heights any afternoon.",furniture,desks,used_fair,3500,false,true,10027,active,20,1,0,,2026-06-14T11:38:31+00:00,
d1907bde-0538-454f-a9d8-1bf379cecdab,61bc54ff-d92a-459a-b783-749eeba4b206,internal,"3-drawer dresser, grey","Well used and it shows — a few dents and one sticky drawer, but it does its job. Moving to a smaller place at the end of the month, so it needs a new home. Collect from 116th & Broadway; message me and we will find a time. Open to a small discount if you take it today.",furniture,storage_shelving,used_fair,4500,false,false,10022,active,16,0,0,,2026-06-14T18:25:38+00:00,
aca42fbf-b230-4d64-80b2-72b81bc30686,725e8519-9d26-48e9-a0d7-b1d766f3587d,internal,"IPad Pro 11"", wifi","Genuinely like new. No marks, everything works exactly as it should. Moving to a smaller place at the end of the month, so it needs a new home. Cash or Venmo. I can meet near Morningside Heights any afternoon. Original box and instructions included.",electronics,,like_new,37000,false,false,10034,active,75,6,0,,2026-06-15T03:34:07+00:00,
53d75e79-1ee8-41e7-b3fa-e2c8b503e2e1,19d0052f-3a95-45b1-a564-0bcf21862cd4,internal,Moving boxes — free to a good home,"Fair condition, priced to reflect it. Works fine, looks lived in. Moving to a smaller place at the end of the month, so it needs a new home. Easy pickup near Amsterdam Ave, evenings and weekends work best. I will throw in the matching lamp for free.",free_stuff,,used_fair,0,true,false,10463,sold,17,4,0,,2026-06-15T21:18:58+00:00,2026-06-21T08:48:00+00:00
ab9a34e9-65a5-4b0d-861d-feadd5db4f99,ba1fa7b7-1ba1-4dcc-8cde-7e8038432e3d,internal,Logitech mouse + desk mat,"Barely touched — I moved into a furnished place two weeks later. Heading back home after this semester and cannot take it with me. Easy pickup near the Columbia gates, evenings and weekends work best.",electronics,,like_new,7000,false,false,10033,sold,27,1,0,,2026-06-16T00:18:32+00:00,2026-06-24T00:52:01+00:00
8b1e95c9-6abe-443f-bce4-5bcbdc748b6e,6225ff1d-dff6-4eec-8a09-0b85b8e80e91,internal,Anker power strip + USB-C hub,"Everything works. A couple of light marks from moving, nothing structural. Finished the course, so I no longer need it. Happy to hold it for a day if you need to arrange a car.",electronics,,used_good,4500,false,false,10023,active,56,3,0,,2026-06-16T03:40:01+00:00,
3e5e285c-74d1-4f53-ac2d-395abf520dd4,fb8098ee-02d6-4b07-858e-99f58dd1d0ee,internal,"Steelcase Leap, size C","Well used and it shows — a few dents and one sticky drawer, but it does its job. Moving to a smaller place at the end of the month, so it needs a new home. Collect from 116th & Broadway; message me and we will find a time.",furniture,chairs,used_fair,23000,false,false,10027,reserved,58,5,0,,2026-06-17T03:32:37+00:00,
21766507-71f6-4f44-8d95-f0b7ed79590b,51910d94-7df2-4595-be53-5b43cb379762,internal,"Memory foam mattress topper, twin XL","Solid, no wobble — one small scuff on the back left that you cannot see once it is against a wall. Upgraded to a bigger one and have no room for both. Collect from 116th & Broadway; message me and we will find a time.",furniture,beds_mattresses,used_good,2500,false,true,10027,active,32,3,0,,2026-06-17T07:36:47+00:00,
31f72841-8af2-4875-94db-2fac941b1ca3,a5387ad1-06a2-4c7d-9ab9-85dab1cab9e8,internal,"ThinkPad X1, 8GB/256GB",,electronics,,used_good,30000,false,true,10031,active,46,7,1,,2026-06-17T09:00:09+00:00,
90519588-d287-4473-9e40-4087240e32c6,8c0f035c-ed24-4e92-9e38-7d7562011845,internal,Twin XL mattress + metal frame,Used it for about a month and it looks the same as the day I got it. I am graduating in May and everything has to go before I move out. Collect from 116th & Broadway; message me and we will find a time. I will throw in the matching lamp for free.,furniture,beds_mattresses,like_new,23000,false,false,10027,sold,17,0,0,,2026-06-17T23:33:56+00:00,2026-07-04T13:40:18+00:00
4f93244e-7eda-4c27-9c11-7f8e2d4b8d09,73017fc1-97d8-40e8-b55e-c4e1738bfcbc,internal,Zojirushi kettle,"Used for two semesters and it has held up well. Nothing broken, a bit of normal wear. Bought it for a sublet that ended early. Cash or Venmo. I can meet near campus any afternoon.",kitchen_home,,used_good,4000,false,false,10025,sold,15,0,0,,2026-06-18T22:32:30+00:00,2026-06-25T05:39:13+00:00
5e6afdfd-1248-4fc4-b4c3-e21ac98231cd,64be8bfb-802e-4c82-a1a5-933556b2ba96,internal,Microeconomics 8th ed. + solutions manual,,textbooks,,like_new,9000,false,true,10027,sold,7,0,0,,2026-06-19T19:42:30+00:00,2026-06-25T12:29:02+00:00
71c28a48-1738-4bb7-9b2f-d41f5c004aed,8d03f92a-b2fe-4c08-869d-2b9e1a04c1d7,internal,"Memory foam mattress topper, full","Solid, no wobble — one small scuff on the back left that you cannot see once it is against a wall. I am graduating in May and everything has to go before I move out. Easy pickup near campus, evenings and weekends work best. Original box and instructions included.",furniture,beds_mattresses,used_good,4500,false,true,10001,active,25,1,0,,2026-06-19T23:42:55+00:00,
4e64f8d3-33cc-473d-9a6c-10bc6a5bb1a7,459c517f-ee6e-4dd8-8e73-1f546778d794,internal,"Desk chair, black, adjustable",Used it for about a month and it looks the same as the day I got it. Bought it for a sublet that ended early. Collect from Amsterdam Ave; message me and we will find a time. I will throw in the matching lamp for free.,furniture,chairs,like_new,9500,false,false,10025,sold,10,1,0,,2026-06-20T00:13:36+00:00,2026-07-18T13:16:16+00:00
c5a18142-84ec-474c-95ed-b8d780c978cc,7275315b-de5e-4c67-9b01-11b25728750a,internal,Wilson tennis racket,"Solid, no wobble — one small scuff on the back left that you cannot see once it is against a wall. Bought it for a sublet that ended early. Pickup only, 3rd floor with an elevator — I can help carry it down to the street. I will throw in the matching lamp for free.",sports,,used_good,3500,false,true,11238,active,15,1,0,,2026-06-20T10:35:49+00:00,
d9d989f2-344d-44c2-be22-b458df17d9b8,56423c84-9e94-44e6-a034-0a21e231fbea,internal,"2-seat sofa, beige","Good condition overall — some honest wear, but nothing that affects using it. Heading back home after this semester and cannot take it with me. Easy pickup near the Columbia gates, evenings and weekends work best. Open to a small discount if you take it today.",furniture,sofas_tables,used_good,7500,false,true,10027,active,75,10,1,,2026-06-21T16:14:44+00:00,
6e3e9727-f6c9-4237-9f8c-ad4764579c2d,e984c74d-dd4a-466b-b93f-7f517e76b6c7,internal,"Herman Miller Aeron, size A","Genuinely like new. No marks, everything works exactly as it should. Upgraded to a bigger one and have no room for both. Collect from the Columbia gates; message me and we will find a time.",furniture,chairs,like_new,40000,false,true,10027,active,15,1,0,,2026-06-21T21:19:02+00:00,
56d7332d-0ca4-4775-9ff9-3a4041d06075,419a8edd-8c3e-484b-9354-7867568dd931,internal,Curtain rod set — free to a good home,,free_stuff,,like_new,0,true,false,10025,active,133,6,4,,2026-06-22T01:56:28+00:00,
99880db4-6aea-40d0-9970-ea0593a0f357,bf2e373c-d8de-4aa0-acb8-d8df0b844ebd,internal,Folding dining table + 2 chairs,"Used for two semesters and it has held up well. Nothing broken, a bit of normal wear. Heading back home after this semester and cannot take it with me. Happy to hold it for a day if you need to arrange a car. I will throw in the matching lamp for free.",furniture,sofas_tables,used_good,5000,false,false,10026,active,39,4,0,,2026-06-22T06:10:49+00:00,
ae47f220-a2d2-4c28-8e98-255f2b46b054,9e8e0225-d22d-409e-a1ce-2e9061fc7344,internal,"MacBook Air M1, 8GB/256GB",,electronics,,used_good,24000,false,false,10029,sold,8,1,0,,2026-06-22T06:50:28+00:00,2026-06-28T07:54:43+00:00
ee4cc23e-0d57-44d1-a7f3-6b650da6921c,427e62af-c795-4132-8cf3-9c85f803508a,internal,"Suit, size XL, tailored once","Barely touched — I moved into a furnished place two weeks later. Finished the course, so I no longer need it. Collect from campus; message me and we will find a time.",clothing,,like_new,23000,false,false,10027,active,15,0,0,,2026-06-22T07:42:38+00:00,
24af5c56-a093-4396-96cc-d86918c44760,d413b920-fd1b-4aab-b816-7b0b8dd7ec37,internal,10-piece pot and pan set,"Barely touched — I moved into a furnished place two weeks later. Upgraded to a bigger one and have no room for both. Easy pickup near campus, evenings and weekends work best.",kitchen_home,,like_new,4500,false,false,10027,active,32,3,1,,2026-06-22T13:01:43+00:00,
4d8aac29-e776-4305-8815-c408b8ddf961,71938832-5c59-49e3-be85-9acbd7ca55ba,internal,"Dyson V8 cordless vacuum, all heads",,electronics,,like_new,31000,false,true,10003,active,14,1,0,,2026-06-22T19:08:18+00:00,
2d3ae7ed-8571-41c6-99b9-7c7877b19c37,52f70005-a5bf-40e4-b8a6-5507f64e2acf,internal,"IPad Pro 11"", wifi","Good condition overall — some honest wear, but nothing that affects using it. Finished the course, so I no longer need it. Easy pickup near campus, evenings and weekends work best.",electronics,,used_good,20000,false,true,10030,active,78,12,2,,2026-06-23T11:22:27+00:00,
513a4465-f277-41a3-b02e-26f49ca5cc08,f74c5434-3a39-4dc9-8fd0-1b4de52cff6b,internal,Microeconomics — full course bundle,"Good condition overall — some honest wear, but nothing that affects using it. I am graduating in May and everything has to go before I move out. Easy pickup near the Columbia gates, evenings and weekends work best. Open to a small discount if you take it today.",textbooks,,used_good,3500,false,false,10029,active,49,3,0,,2026-06-23T13:19:31+00:00,
df5d1862-75e3-44e9-bd7d-65b66190c700,0675ff4e-03a1-4a1b-91f2-4e5095585649,internal,"Coffee table, oak",,furniture,sofas_tables,used_fair,5000,false,true,10025,active,39,3,0,,2026-06-24T05:08:22+00:00,
6cf615b7-c298-40d9-ba23-f7882e581072,1162a399-ae84-499c-86eb-5c0b8d4bd19d,internal,"Ski jacket and poles, size S","Everything works. A couple of light marks from moving, nothing structural. Heading back home after this semester and cannot take it with me. Collect from Amsterdam Ave; message me and we will find a time. Open to a small discount if you take it today.",sports,,used_good,8500,false,false,10128,reserved,111,9,2,,2026-06-24T06:35:55+00:00,
99856c0f-f25f-46d5-8a63-695a5d94ed40,a2a97c5b-d72e-47bb-a8b8-355fcf007b68,internal,Twin XL mattress + metal frame,"Never used. Bought it in September and it has sat in the box since. Finished the course, so I no longer need it. Collect from the Columbia gates; message me and we will find a time. Can send more photos of any detail you want to see.",furniture,beds_mattresses,new,23000,false,false,10025,active,166,20,3,,2026-06-24T11:10:55+00:00,
d0449d8a-cdb9-4e70-9ed4-e8ec7c4da581,780c8367-fbe3-4f3e-bb65-e449f49742c2,internal,"IKEA BILLY shelf unit, black-brown","Used for two semesters and it has held up well. Nothing broken, a bit of normal wear. Moving to a smaller place at the end of the month, so it needs a new home. Collect from Morningside Heights; message me and we will find a time. Can send more photos of any detail you want to see.",furniture,storage_shelving,used_good,4000,false,true,10022,sold,9,0,0,,2026-06-24T15:42:52+00:00,2026-06-28T08:55:49+00:00
7ed9038d-0f46-41bd-8bdc-0fba728dd73f,f3189547-b5c9-4076-aab8-d864b3815677,internal,Bike rack and floor pump,"Solid, no wobble — one small scuff on the back left that you cannot see once it is against a wall. I am graduating in May and everything has to go before I move out. Easy pickup near campus, evenings and weekends work best.",bikes_transport,,used_good,2000,false,false,10027,sold,38,7,0,,2026-06-24T21:48:16+00:00,2026-07-27T17:24:44+00:00
75e24e61-52ae-4bd5-985d-557d690c4873,bf6c0e33-5fc6-4e92-8a2d-83065bf149c4,internal,Set of 4 mugs and 4 glasses,,kitchen_home,,used_fair,1300,false,true,10027,active,35,3,0,,2026-06-25T16:34:10+00:00,
bb3fc778-b961-48d7-b391-a128f442f2c7,373c37e3-0e01-4319-81cb-158d1344da99,internal,"Weight bench, folding",,sports,,new,14000,false,false,11201,sold,35,4,1,,2026-06-26T11:21:01+00:00,2026-06-28T05:33:23+00:00
9ce4002f-5642-44cf-aa66-31884d000610,810094ee-d2d1-4263-b5b9-7363f515bf05,internal,Bike rack and floor pump,"Solid, no wobble — one small scuff on the back left that you cannot see once it is against a wall. Upgraded to a bigger one and have no room for both. Cash or Venmo. I can meet near Morningside Heights any afternoon. Open to a small discount if you take it today.",bikes_transport,,used_good,3000,false,true,10031,sold,3,0,0,,2026-06-26T12:22:04+00:00,2026-06-27T11:13:37+00:00
fffd9778-c285-41a1-ba9a-462a3a2ac703,8d2b7914-36a2-4975-9e44-eacb4adeaa0b,internal,"Winter boots, size L, waterproof",,clothing,,used_good,9500,false,false,10027,sold,25,4,0,,2026-06-26T14:12:19+00:00,2026-07-09T18:54:14+00:00
71e52e5e-70d5-4996-826b-40966fea4e79,f5406e32-0613-43ee-b020-bf1ba6990c2b,internal,"Pair of dining chairs, birch",Barely touched — I moved into a furnished place two weeks later. Heading back home after this semester and cannot take it with me. Cash or Venmo. I can meet near Morningside Heights any afternoon.,furniture,chairs,like_new,7500,false,true,10025,sold,9,0,1,,2026-06-26T22:09:39+00:00,2026-07-02T11:14:16+00:00
568b331b-a1a7-4aa5-822e-1011e3357e48,5b98a245-2472-4236-8b6a-d34d8a01ce2d,internal,"Winter boots, size L, waterproof",,clothing,,used_good,4000,false,false,10025,active,48,4,0,,2026-06-27T08:56:03+00:00,
9bea7440-7b66-4be3-97a4-c59d73be1c0b,2ad9462f-49f8-4d9a-8f1f-6f573c1e266f,internal,"Dyson V8 cordless vacuum, all heads","Good condition overall — some honest wear, but nothing that affects using it. Bought it for a sublet that ended early. Happy to hold it for a day if you need to arrange a car.",electronics,,used_good,15000,false,true,10025,active,47,0,1,,2026-06-27T11:48:40+00:00,
2ab1c21e-64c3-42cf-902a-0aef3a0862df,75f5c0c5-ff4b-4a5e-9cdb-236c8398b4e4,internal,"Memory foam mattress topper, twin XL","Used it for about a month and it looks the same as the day I got it. I am graduating in May and everything has to go before I move out. Pickup only, 3rd floor with an elevator — I can help carry it down to the street.",furniture,beds_mattresses,like_new,3500,false,false,10025,sold,16,1,0,,2026-06-27T16:30:54+00:00,2026-07-07T02:52:22+00:00
a4b77d17-9644-4861-b33c-1857256e44df,d22d4315-95d0-4e9b-8b3a-ee71f98284ba,internal,Moving boxes — free to a good home,"Used it for about a month and it looks the same as the day I got it. Finished the course, so I no longer need it. Collect from campus; message me and we will find a time.",free_stuff,,like_new,0,true,false,10027,active,24,4,0,,2026-06-27T20:57:42+00:00,
a3d0a0d6-dce6-4dd8-b2b4-566e8ef88981,c075f716-f675-4694-b3ea-4a26b1bb740a,internal,"Mini fridge, works fine","Everything works. A couple of light marks from moving, nothing structural. Upgraded to a bigger one and have no room for both. Cash or Venmo. I can meet near 116th & Broadway any afternoon.",kitchen_home,,used_good,7000,false,false,10027,sold,13,0,0,,2026-06-27T21:20:53+00:00,2026-07-03T22:50:11+00:00
746aa10a-7dbc-4d71-831e-92609c5f2733,4f7d3f82-809f-4176-b3bb-245e659f22ab,internal,"Organic Chemistry reader, spiral bound","Everything works. A couple of light marks from moving, nothing structural. I am graduating in May and everything has to go before I move out. Collect from Amsterdam Ave; message me and we will find a time. Original box and instructions included.",textbooks,,used_good,1400,false,false,10024,sold,19,1,0,,2026-06-27T23:04:08+00:00,2026-06-30T13:41:53+00:00
60ce5fc6-b081-4e7e-9d85-ca5466e67b8d,b2ebd1c7-416b-4645-a522-88f29c4fd3fa,internal,"Small writing desk, black-brown","Used for two semesters and it has held up well. Nothing broken, a bit of normal wear. Bought it for a sublet that ended early. Collect from Morningside Heights; message me and we will find a time.",furniture,desks,used_good,7000,false,true,10025,active,12,1,0,,2026-06-28T07:00:56+00:00,
123d9b0b-28ab-4140-8be5-76e5fc46bf50,8bf8ea9f-72d9-48eb-928d-e17012efd91b,internal,Folding shopping cart,,bikes_transport,,like_new,3500,false,true,10022,sold,5,2,0,,2026-06-28T10:05:35+00:00,2026-07-01T15:50:28+00:00
a398d554-be72-47c7-aaf6-18caf0a0d108,7275315b-de5e-4c67-9b01-11b25728750a,internal,"IPad Air, wifi","Used it for about a month and it looks the same as the day I got it. Moving to a smaller place at the end of the month, so it needs a new home. Collect from Amsterdam Ave; message me and we will find a time.",electronics,,like_new,38000,false,true,11238,active,32,3,0,,2026-06-28T17:20:05+00:00,
e9b1f15f-5e44-4757-88bd-99c1186cff9b,19d0052f-3a95-45b1-a564-0bcf21862cd4,internal,Twin XL mattress + metal frame,,furniture,beds_mattresses,new,20000,false,false,10463,active,57,4,0,,2026-06-29T03:52:51+00:00,
e9889323-d36c-4341-a46f-e9ae7d89e19f,fe1dae52-39dc-4990-be70-ac03aa8ee90a,internal,"Dyson V8 cordless vacuum, all heads","Solid, no wobble — one small scuff on the back left that you cannot see once it is against a wall. Finished the course, so I no longer need it. Pickup only, 3rd floor with an elevator — I can help carry it down to the street.",electronics,,used_good,22000,false,true,10027,active,23,2,0,,2026-06-29T20:38:26+00:00,
f1213fd3-2bb8-44f5-9c18-c6ffbd0b3469,ffae7a2d-9aea-4536-8cf4-dd5a807a4405,internal,Logitech mouse + desk mat,"Solid, no wobble — one small scuff on the back left that you cannot see once it is against a wall. Finished the course, so I no longer need it. Happy to hold it for a day if you need to arrange a car.",electronics,,used_good,4000,false,false,10026,sold,5,0,0,,2026-06-29T22:35:11+00:00,2026-07-05T06:31:34+00:00
eafa555a-ec4e-4b50-986d-114df610d863,a699aa40-0fdf-4212-a0ef-24d84d61c465,internal,"IKEA LINNMON desk 140×65, oak","Well used and it shows — a few dents and one sticky drawer, but it does its job. I am graduating in May and everything has to go before I move out. Collect from the Columbia gates; message me and we will find a time.",furniture,desks,used_fair,2500,false,false,10027,active,14,2,0,,2026-06-30T01:49:27+00:00,
ccd0e813-5ace-4644-a53f-1df14e9458d2,2e33ff49-a484-4f82-95d2-dc4216703bb3,internal,Cuckoo 6-cup rice cooker,"Solid, no wobble — one small scuff on the back left that you cannot see once it is against a wall. Finished the course, so I no longer need it. Cash or Venmo. I can meet near Morningside Heights any afternoon.",kitchen_home,,used_good,8500,false,false,10027,sold,19,0,0,,2026-06-30T05:37:46+00:00,2026-07-02T14:40:17+00:00
0d84bc2b-53d6-440b-a67a-30cf60eb3768,54a2a625-bd21-4b18-9846-ae29de006ea2,internal,"IKEA MALM desk 180×80, walnut",,furniture,desks,used_good,5500,false,true,11101,sold,18,0,0,,2026-07-01T01:07:28+00:00,2026-07-03T15:18:24+00:00
22f9dbd2-424e-49ba-9f5e-475d9ac07036,001acc59-baa7-4324-aeeb-b8d19223f06a,internal,"IKEA LAGKAPTEN desk 140×65, black-brown","Everything works. A couple of light marks from moving, nothing structural. Bought it for a sublet that ended early. Cash or Venmo. I can meet near Morningside Heights any afternoon.",furniture,desks,used_good,8000,false,false,10027,active,13,1,0,,2026-07-01T15:21:02+00:00,
1a789962-8a3e-4891-8165-bedb2053f222,0c75c528-0777-4d48-b0e4-87ab07dcd5a2,internal,"Doc Martens 1460, US 9","Used it for about a month and it looks the same as the day I got it. Bought it for a sublet that ended early. Easy pickup near campus, evenings and weekends work best. Open to a small discount if you take it today.",clothing,,like_new,5000,false,false,10032,active,16,1,0,,2026-07-01T21:22:02+00:00,
bc2e9453-afbf-4fbe-9ac0-369ee8e99f58,79c00b7e-dbe5-41bb-8a92-189f533b8e9f,internal,"Linear Algebra (Pearson), international edition","Used for two semesters and it has held up well. Nothing broken, a bit of normal wear. Heading back home after this semester and cannot take it with me. Easy pickup near the Columbia gates, evenings and weekends work best.",textbooks,,used_good,4500,false,true,10025,sold,24,4,0,,2026-07-01T21:29:59+00:00,2026-07-06T16:21:22+00:00
323a1973-f50a-4654-85e2-31dac322cda9,2dac0197-e076-459a-8d9a-034a44933296,internal,Water filter pitcher + 2 filters,"Used it for about a month and it looks the same as the day I got it. Finished the course, so I no longer need it. Pickup only, 3rd floor with an elevator — I can help carry it down to the street. Can send more photos of any detail you want to see.",kitchen_home,,like_new,2000,false,false,10031,active,36,0,1,,2026-07-02T13:26:08+00:00,
7a952076-b8c6-489e-918b-27208f7c3be8,5ea6cfc5-5580-466a-8582-a6031555d76d,internal,"MacBook Air M1, 8GB/256GB","Good condition overall — some honest wear, but nothing that affects using it. I am graduating in May and everything has to go before I move out. Pickup only, 3rd floor with an elevator — I can help carry it down to the street.",electronics,,used_good,21000,false,true,10023,sold,5,1,0,,2026-07-02T17:27:10+00:00,2026-07-18T15:52:28+00:00
666c46d8-0d81-4383-9c6b-70c8495e2af7,57d2ea34-ccda-48c1-82da-d0d973b20d87,internal,Data Structures — full course bundle,"Good condition overall — some honest wear, but nothing that affects using it. Heading back home after this semester and cannot take it with me. Pickup only, 3rd floor with an elevator — I can help carry it down to the street.",textbooks,,used_good,3500,false,false,10025,active,24,1,0,,2026-07-02T17:57:32+00:00,
5c7e55c4-3c28-4f61-912c-e3e05ea43d32,558257fc-53a1-45c0-9ece-75440adedee7,internal,Logitech mouse + desk mat,"Used it for about a month and it looks the same as the day I got it. Moving to a smaller place at the end of the month, so it needs a new home. Happy to hold it for a day if you need to arrange a car. I will throw in the matching lamp for free.",electronics,,like_new,7500,false,false,11106,active,16,0,1,,2026-07-02T20:45:13+00:00,
df52f259-d898-4430-b14a-1114cea7c45b,f8d855a5-21a5-477b-bd26-6a8ff32c9563,internal,Nespresso Essenza,,kitchen_home,,used_good,2500,false,true,10031,draft,0,0,0,,2026-07-02T20:48:17+00:00,
b5e8ecfc-df3f-4a97-80c4-d4ba70b9d34b,b35bb1cd-607f-4ff2-9161-bce4975c7369,internal,Linear Algebra (Cengage) 9th ed.,"Never used. Bought it in September and it has sat in the box since. Moving to a smaller place at the end of the month, so it needs a new home. Happy to hold it for a day if you need to arrange a car.",textbooks,,new,5000,false,true,10030,active,15,2,0,,2026-07-03T02:12:31+00:00,
b0f498a9-866b-4f9b-a9d3-d277780bdb20,514cc026-35f8-49f0-9e68-dff0aa3aab07,internal,Financial Accounting — full course bundle,"Everything works. A couple of light marks from moving, nothing structural. Heading back home after this semester and cannot take it with me. Pickup only, 3rd floor with an elevator — I can help carry it down to the street.",textbooks,,used_good,3500,false,false,10027,active,49,7,0,,2026-07-03T08:45:16+00:00,
cfd5af0d-3b3d-48c2-be47-01efdab6a426,,facebook,"Schwinn hybrid, S frame",,bikes_transport,,used_fair,21000,false,false,10128,active,101,8,0,https://www.facebook.com/marketplace/item/919658233572,2026-07-03T18:41:54+00:00,
4ff25c46-b257-452c-b2ec-28c499ea77a2,8a4f20be-5402-4f7f-97d5-042270c4a232,internal,"Small writing desk, birch",,furniture,desks,used_fair,6000,false,true,10027,active,29,4,0,,2026-07-03T19:18:12+00:00,
19ee419e-d994-4780-9462-fbf606776bd8,76bd97a4-07c7-41e0-bb56-e614d523bb85,internal,"Memory foam mattress topper, queen",,furniture,beds_mattresses,like_new,6500,false,false,10017,sold,9,0,0,,2026-07-03T21:57:37+00:00,2026-07-11T03:06:19+00:00
1392126e-b59b-447a-a8b5-c2f9cff2fa59,9c406b9d-cd77-4899-a023-48de9fc080a7,internal,"Trek FX 2, S frame","Used for two semesters and it has held up well. Nothing broken, a bit of normal wear. Moving to a smaller place at the end of the month, so it needs a new home. Happy to hold it for a day if you need to arrange a car.",bikes_transport,,used_good,0,true,false,10027,active,85,5,0,,2026-07-04T02:43:31+00:00,
06e0095c-76e9-48b9-b84a-60004df556bf,8d5b08cd-a9b3-424d-b178-65d65f5998af,internal,Data Structures 9th ed. + solutions manual,"Good condition overall — some honest wear, but nothing that affects using it. Bought it for a sublet that ended early. Easy pickup near Morningside Heights, evenings and weekends work best. I will throw in the matching lamp for free.",textbooks,,used_good,7000,false,false,10031,sold,12,1,0,,2026-07-05T03:57:24+00:00,2026-07-10T06:21:12+00:00
8b9fa5bc-1851-461d-a04d-d93053259d8a,580cef17-440c-4dfe-9629-5e7dcbd52995,internal,"Nike Air Force 1, US 9",,clothing,,new,16000,false,false,10027,active,45,1,1,,2026-07-05T05:55:50+00:00,
67344c1b-5fff-4051-902c-2efb38cfe1a6,1cb0a5a8-ec45-4495-baee-7a23a8d035aa,internal,"3-seat sofa, grey",Some visible wear and a small chip on one corner. Happy to send more photos. Upgraded to a bigger one and have no room for both. Happy to hold it for a day if you need to arrange a car.,furniture,sofas_tables,used_fair,20000,false,true,10027,sold,56,4,0,,2026-07-05T14:22:06+00:00,2026-07-15T10:00:40+00:00
1ec62f3a-496f-4589-b9e7-849fb4a89e06,6236d33d-7b57-486d-81e8-a247d50fa2a4,internal,"Mechanical keyboard, grey","Solid, no wobble — one small scuff on the back left that you cannot see once it is against a wall. Bought it for a sublet that ended early. Collect from the Columbia gates; message me and we will find a time. I will throw in the matching lamp for free.",electronics,,used_good,6500,false,false,11238,active,38,0,0,,2026-07-06T00:57:21+00:00,
6992c696-9e50-4013-b537-fdf12d8a8d50,7926d7b2-835c-4a6f-bf2f-3e38d4db3419,internal,"Samsung 32"" curved monitor + stand","Good condition overall — some honest wear, but nothing that affects using it. Heading back home after this semester and cannot take it with me. Happy to hold it for a day if you need to arrange a car.",electronics,,used_good,22000,false,true,10022,sold,38,3,0,,2026-07-06T06:33:30+00:00,2026-07-09T14:52:10+00:00
fc497886-92c4-4a5f-917f-1363ad8c7936,3b534511-491d-43ca-8db3-2f08eee9be65,internal,Microeconomics — full course bundle,"Brand new, still sealed — I ordered the wrong size and the return window closed. Upgraded to a bigger one and have no room for both. Pickup only, 3rd floor with an elevator — I can help carry it down to the street.",textbooks,,new,7000,false,true,10026,active,24,1,0,,2026-07-08T20:39:11+00:00,
07964d82-44ab-4b83-97ab-e0c47e73bc9e,0ade7a97-38bc-456b-952d-77f14e7154e6,internal,Folding dining table + 2 chairs,"Barely touched — I moved into a furnished place two weeks later. Finished the course, so I no longer need it. Easy pickup near 116th & Broadway, evenings and weekends work best.",furniture,sofas_tables,like_new,16000,false,false,10001,active,76,6,1,,2026-07-08T22:10:17+00:00,
a4be9dad-0983-4f26-ab8e-ddfeccdef484,76bd97a4-07c7-41e0-bb56-e614d523bb85,internal,"MacBook Air M1, 8GB/256GB",,electronics,,like_new,35000,false,false,10017,active,27,7,0,,2026-07-09T09:35:32+00:00,
80ee69be-b240-45eb-87e6-dba6713662c4,63e9a505-7c6b-4204-93f7-db5e9998f23c,internal,"Pair of dining chairs, oak","Genuinely like new. No marks, everything works exactly as it should. Upgraded to a bigger one and have no room for both. Happy to hold it for a day if you need to arrange a car.",furniture,chairs,like_new,0,true,false,10027,reserved,51,2,1,,2026-07-09T12:01:51+00:00,
1e033ba7-4507-41be-9300-3a3a30da4335,6a1f02ee-4734-484a-9340-301d6b261f57,internal,"Citi-style commuter, L frame","Everything works. A couple of light marks from moving, nothing structural. Upgraded to a bigger one and have no room for both. Happy to hold it for a day if you need to arrange a car. Open to a small discount if you take it today.",bikes_transport,,used_good,28000,false,true,10451,active,21,1,0,,2026-07-09T14:39:18+00:00,
7e2696e1-e0d6-4cfe-9910-350adf97c33c,b79ed613-8b3e-476e-8337-9d3542f26656,internal,"IKEA MICKE desk 160×80, oak","Solid, no wobble — one small scuff on the back left that you cannot see once it is against a wall. Upgraded to a bigger one and have no room for both. Pickup only, 3rd floor with an elevator — I can help carry it down to the street. I will throw in the matching lamp for free.",furniture,desks,used_good,0,true,false,10027,sold,19,0,0,,2026-07-10T03:26:19+00:00,2026-07-11T14:17:42+00:00
089e70a0-1901-4b8c-84a1-35b8f11df227,8c8fe70d-f210-4c11-976f-5eead540b18e,internal,"Patagonia fleece, size S","Unopened, tags still on. Bought two by mistake. Bought it for a sublet that ended early. Cash or Venmo. I can meet near Morningside Heights any afternoon.",clothing,,new,18000,false,true,10027,active,47,4,0,,2026-07-10T22:51:05+00:00,
8ae3d1f9-e9de-4c8e-8e9a-93ce22876a99,1cb0a5a8-ec45-4495-baee-7a23a8d035aa,internal,"Cannondale Quick 4, M frame, recently serviced",,bikes_transport,,used_good,23000,false,false,10027,active,20,3,1,,2026-07-11T10:03:53+00:00,
38c33e86-fa25-4694-9d7d-e3b26f1ff75e,210c2b91-059f-411a-9302-7b1e3c1091de,internal,"Standing desk, electric, 100×50",,furniture,desks,used_good,16000,false,false,10025,active,89,8,0,,2026-07-11T13:00:41+00:00,
a2e1669a-425c-4fa1-907f-596e010d958d,6423836f-839b-4455-9791-d85c98ea5f5f,internal,"Drying rack, collect this week","Well used and it shows — a few dents and one sticky drawer, but it does its job. Bought it for a sublet that ended early. Cash or Venmo. I can meet near the Columbia gates any afternoon.",free_stuff,,used_fair,0,true,false,10031,active,99,8,0,,2026-07-11T19:26:23+00:00,
1ab87652-43cf-4ee6-9412-081caf583de0,4f7d3f82-809f-4176-b3bb-245e659f22ab,internal,"MacBook Air M1, 8GB/256GB","Good condition overall — some honest wear, but nothing that affects using it. I am graduating in May and everything has to go before I move out. Happy to hold it for a day if you need to arrange a car.",electronics,,used_good,21000,false,true,10024,sold,11,1,0,,2026-07-11T19:39:05+00:00,2026-07-19T17:07:56+00:00
dc2edff6-e38b-4aef-8090-665fc193006a,74375a59-e8c7-406f-8580-d46c74187dc9,internal,"Desk chair, oak, adjustable","Good condition overall — some honest wear, but nothing that affects using it. I am graduating in May and everything has to go before I move out. Cash or Venmo. I can meet near campus any afternoon.",furniture,chairs,used_good,0,true,false,10013,sold,36,7,1,,2026-07-14T08:15:04+00:00,2026-07-20T22:18:15+00:00
83679ac8-c486-4274-805c-ce0ac1ac9970,e6e0d4f1-b435-4b5d-b74f-b4c6c427868c,internal,"Small writing desk, black-brown","Good condition overall — some honest wear, but nothing that affects using it. Moving to a smaller place at the end of the month, so it needs a new home. Cash or Venmo. I can meet near 116th & Broadway any afternoon.",furniture,desks,used_good,3000,false,true,10027,active,68,5,0,,2026-07-14T17:52:11+00:00,
56363f5a-36b6-407a-98c6-afbc886dfd29,cbcba9e3-129e-437d-adc8-13aae5e788ac,internal,"Data Structures (Wiley), international edition","Everything works. A couple of light marks from moving, nothing structural. Moving to a smaller place at the end of the month, so it needs a new home. Cash or Venmo. I can meet near Amsterdam Ave any afternoon.",textbooks,,used_good,4000,false,false,10025,active,42,2,2,,2026-07-15T04:04:30+00:00,
b5795905-3dfa-45d3-8ece-c082941b8465,b2ebd1c7-416b-4645-a522-88f29c4fd3fa,internal,Anker power strip + USB-C hub,"Genuinely like new. No marks, everything works exactly as it should. Bought it for a sublet that ended early. Cash or Venmo. I can meet near 116th & Broadway any afternoon.",electronics,,like_new,7000,false,false,10025,active,47,3,0,,2026-07-15T05:09:03+00:00,
00402a87-b761-4dfa-be38-ea6355697cc6,39387e77-2cf5-4e83-a449-610606391894,internal,"Citi-style commuter, M frame","Some visible wear and a small chip on one corner. Happy to send more photos. Finished the course, so I no longer need it. Collect from the Columbia gates; message me and we will find a time. Open to a small discount if you take it today.",bikes_transport,,used_fair,7000,false,false,10031,sold,13,0,0,,2026-07-15T22:28:34+00:00,2026-07-20T13:00:16+00:00
b41d8d06-5e4a-41a3-81b5-dfc6afa19c46,2e33ff49-a484-4f82-95d2-dc4216703bb3,internal,Organic Chemistry 12th ed. + solutions manual,"Good condition overall — some honest wear, but nothing that affects using it. Upgraded to a bigger one and have no room for both. Collect from campus; message me and we will find a time. I will throw in the matching lamp for free.",textbooks,,used_good,8000,false,false,10027,sold,15,1,0,,2026-07-16T05:45:18+00:00,2026-07-17T17:15:27+00:00
dd6fa1e7-0a6e-4f40-9193-28927230b663,b2ebd1c7-416b-4645-a522-88f29c4fd3fa,internal,Financial Accounting — full course bundle,,textbooks,,used_good,4500,false,true,10025,active,57,3,0,,2026-07-17T08:15:11+00:00,
e0458c9f-188b-4a05-ac03-7fa561e5b00d,4fb579ea-1574-44fa-af02-83f6cb410836,internal,"Statistical Inference (Norton), international edition","Solid, no wobble — one small scuff on the back left that you cannot see once it is against a wall. Upgraded to a bigger one and have no room for both. Pickup only, 3rd floor with an elevator — I can help carry it down to the street.",textbooks,,used_good,4000,false,true,10027,sold,20,3,0,,2026-07-17T08:22:11+00:00,2026-07-26T07:22:09+00:00
4bdeaa8c-31f9-4fdf-b73e-9a2837249f87,a80b24ca-19f4-4796-9a5e-683f4e8f7b14,internal,"Dell 24"" monitor + stand","Barely touched — I moved into a furnished place two weeks later. Upgraded to a bigger one and have no room for both. Pickup only, 3rd floor with an elevator — I can help carry it down to the street.",electronics,,like_new,26000,false,true,10031,active,16,3,0,,2026-07-17T18:59:31+00:00,
35cd5bde-bd23-4daa-84a5-94bf8efef8e9,,facebook,"Marketing Strategy reader, spiral bound","Used for two semesters and it has held up well. Nothing broken, a bit of normal wear. Moving to a smaller place at the end of the month, so it needs a new home. Happy to hold it for a day if you need to arrange a car. Open to a small discount if you take it today.",textbooks,,used_good,1900,false,false,11201,active,18,2,0,https://www.facebook.com/marketplace/item/704184751685,2026-07-18T01:03:52+00:00,
3c3763ff-d79a-4844-973f-1f165d7965d2,94d89ccb-983f-49df-97a7-1886973331bd,internal,"Suit, size L, tailored once",,clothing,,like_new,11000,false,true,10025,sold,52,5,0,,2026-07-18T12:32:00+00:00,2026-08-16T10:23:34+00:00
d7598148-747e-463c-a211-26ed00f35a21,658d561c-1651-4aa7-9c5f-4cc6fe4afb70,internal,"Doc Martens 1460, US 9","Well used and it shows — a few dents and one sticky drawer, but it does its job. Heading back home after this semester and cannot take it with me. Cash or Venmo. I can meet near Morningside Heights any afternoon.",clothing,,used_fair,7000,false,false,10025,active,7,2,0,,2026-07-19T14:42:04+00:00,
eb0e26de-54a8-4098-b68d-82feeba1d15b,56423c84-9e94-44e6-a034-0a21e231fbea,internal,"Space heater, works fine","Genuinely like new. No marks, everything works exactly as it should. Heading back home after this semester and cannot take it with me. Cash or Venmo. I can meet near Morningside Heights any afternoon.",kitchen_home,,like_new,5000,false,false,10027,active,51,7,0,,2026-07-19T22:34:55+00:00,
deb8c97e-2718-4f90-bfd2-fcd624b9646d,2e23fd62-664f-4904-93b9-98484374da38,internal,Marketing Strategy (Wiley) international ed.,"Solid, no wobble — one small scuff on the back left that you cannot see once it is against a wall. Finished the course, so I no longer need it. Pickup only, 3rd floor with an elevator — I can help carry it down to the street.",textbooks,,used_good,4000,false,false,10038,active,8,2,0,,2026-07-20T01:53:40+00:00,
b32bdacf-955e-48bd-81c9-88b3d9540ff0,2dac0197-e076-459a-8d9a-034a44933296,internal,Water filter pitcher + 2 filters,"Used for two semesters and it has held up well. Nothing broken, a bit of normal wear. Finished the course, so I no longer need it. Easy pickup near campus, evenings and weekends work best.",kitchen_home,,used_good,2000,false,true,10031,active,13,1,0,,2026-07-21T11:31:20+00:00,
cd45006e-21ee-4e88-b803-90071ba9bdc6,73017fc1-97d8-40e8-b55e-c4e1738bfcbc,internal,Queen mattress + metal frame,,furniture,beds_mattresses,used_good,10000,false,true,10025,active,22,2,0,,2026-07-21T22:54:01+00:00,
9304e0c6-d43d-4e35-a51e-e22d3dde8708,6236d33d-7b57-486d-81e8-a247d50fa2a4,internal,"Winter boots, size XS, waterproof","Genuinely like new. No marks, everything works exactly as it should. Finished the course, so I no longer need it. Easy pickup near Morningside Heights, evenings and weekends work best.",clothing,,like_new,5000,false,true,11238,active,82,5,1,,2026-07-21T22:55:08+00:00,
3aa16875-dae6-450a-9ffe-be5004b51626,006cf2a0-aba4-468e-933a-b50f8c76a23f,internal,Financial Accounting — full course bundle,"Barely touched — I moved into a furnished place two weeks later. Upgraded to a bigger one and have no room for both. Easy pickup near Amsterdam Ave, evenings and weekends work best. Original box and instructions included.",textbooks,,like_new,9000,false,false,10027,active,55,2,1,,2026-07-22T15:46:47+00:00,
c31604d5-8907-463f-b44d-5495b96f0364,72e6350e-b4bc-4a80-ac0b-013f84ebeab1,internal,Managerial Economics — full course bundle,"Good condition overall — some honest wear, but nothing that affects using it. I am graduating in May and everything has to go before I move out. Easy pickup near campus, evenings and weekends work best.",textbooks,,used_good,5500,false,false,10037,draft,0,0,0,,2026-07-22T17:14:58+00:00,
9529402c-2ffe-4458-b05b-0d1e297a767c,5da9c176-ec13-4102-b6cf-121f4b145d5a,internal,"Winter boots, size S, waterproof","Everything works. A couple of light marks from moving, nothing structural. Bought it for a sublet that ended early. Easy pickup near Amsterdam Ave, evenings and weekends work best. Open to a small discount if you take it today.",clothing,,used_good,4000,false,false,10027,sold,17,1,0,,2026-07-22T21:00:31+00:00,2026-07-26T01:21:28+00:00
716a6890-01c2-464b-af77-b50d023d9e4b,73017fc1-97d8-40e8-b55e-c4e1738bfcbc,internal,"Winter boots, size S, waterproof","Genuinely like new. No marks, everything works exactly as it should. I am graduating in May and everything has to go before I move out. Happy to hold it for a day if you need to arrange a car. Can send more photos of any detail you want to see.",clothing,,like_new,12000,false,false,10025,active,28,5,0,,2026-07-22T23:26:46+00:00,
dc3aec39-3333-4498-b6dd-50d3aa7ca969,e7f25965-2024-4c9f-a575-caa1e7bc13df,internal,"Desk chair, oak, adjustable",Barely touched — I moved into a furnished place two weeks later. Heading back home after this semester and cannot take it with me. Collect from Morningside Heights; message me and we will find a time.,furniture,chairs,like_new,6000,false,false,10025,active,31,4,0,,2026-07-23T04:27:15+00:00,
535c08c7-7d33-4af0-a722-c8878ff7f388,ba4e0520-1425-44b4-ba42-764ccd9799f7,internal,"Winter boots, size S, waterproof","Everything works. A couple of light marks from moving, nothing structural. Bought it for a sublet that ended early. Happy to hold it for a day if you need to arrange a car. I will throw in the matching lamp for free.",clothing,,used_good,4500,false,true,10027,reserved,15,0,0,,2026-07-23T21:53:29+00:00,
0849f0c4-6493-49a9-8357-879471b8b560,d4e30b6e-aa93-40ee-8750-e1f001abcea7,internal,Data Structures (Norton) 12th ed.,"Brand new, still sealed — I ordered the wrong size and the return window closed. Heading back home after this semester and cannot take it with me. Cash or Venmo. I can meet near Morningside Heights any afternoon.",textbooks,,new,8500,false,false,10025,active,53,7,0,,2026-07-23T23:17:19+00:00,
164f73cf-f3f9-4f37-8b2f-a8672d0aaec8,a1e2e693-3bde-4f70-9281-01259889ee69,internal,"Constitutional Law (McGraw-Hill), international edition",,textbooks,,used_good,2500,false,true,10027,active,30,1,1,,2026-07-24T04:37:01+00:00,
584475ba-6206-44dd-85ae-ddb025e81bff,78adb4b4-64d8-4a3f-b789-0aeeccaf033e,internal,Folding dining table + 2 chairs,"Well used and it shows — a few dents and one sticky drawer, but it does its job. Moving to a smaller place at the end of the month, so it needs a new home. Cash or Venmo. I can meet near the Columbia gates any afternoon.",furniture,sofas_tables,used_fair,5000,false,false,10027,active,52,7,1,,2026-07-24T04:57:37+00:00,
708b3d7e-c85e-4b41-8dc5-cad52ef764ba,c08ba214-af45-4563-93bb-a8e532a24418,internal,"Small writing desk, black-brown","Well used and it shows — a few dents and one sticky drawer, but it does its job. Heading back home after this semester and cannot take it with me. Cash or Venmo. I can meet near Amsterdam Ave any afternoon.",furniture,desks,used_fair,0,true,false,10031,sold,6,0,0,,2026-07-24T14:59:10+00:00,2026-08-07T17:08:28+00:00
155923c0-3a65-4fa0-934c-1667c224837d,26d61dc5-0b03-4c16-8a64-7afeba92fecb,internal,"Kindle Paperwhite, wifi",Some visible wear and a small chip on one corner. Happy to send more photos. Heading back home after this semester and cannot take it with me. Cash or Venmo. I can meet near 116th & Broadway any afternoon.,electronics,,used_fair,6500,false,true,10031,active,95,9,0,,2026-07-24T15:21:13+00:00,
e7538c0b-ff12-4dca-a923-f1592686c962,3dc6ba51-e546-4e5c-8e8a-6d0bb4c42691,internal,Anker power strip + USB-C hub,"Used for two semesters and it has held up well. Nothing broken, a bit of normal wear. Heading back home after this semester and cannot take it with me. Pickup only, 3rd floor with an elevator — I can help carry it down to the street.",electronics,,used_good,5000,false,false,10025,active,19,1,0,,2026-07-24T16:08:54+00:00,
999158ab-82ed-4704-a251-c3e4aa5eaf5f,6760b35f-d3be-4df1-b9bb-dcc8d7227291,internal,Wool scarf and glove set,"Barely touched — I moved into a furnished place two weeks later. Upgraded to a bigger one and have no room for both. Easy pickup near 116th & Broadway, evenings and weekends work best.",clothing,,like_new,2500,false,true,10014,active,21,1,0,,2026-07-24T23:49:40+00:00,
f056bcb1-4a1a-4295-b462-8cd00f0adf4f,4bcfb395-99a4-40b8-a38e-0576e4ded0dd,internal,"Air purifier, works fine","Solid, no wobble — one small scuff on the back left that you cannot see once it is against a wall. Upgraded to a bigger one and have no room for both. Easy pickup near the Columbia gates, evenings and weekends work best.",kitchen_home,,used_good,4000,false,true,10027,active,58,3,0,,2026-07-25T07:13:49+00:00,
edb3b5ea-5321-4978-a234-fb46141cb4d3,594a9fe8-338e-48b9-bf94-45ec42062580,internal,"Standing desk, electric, 100×50",Some visible wear and a small chip on one corner. Happy to send more photos. Bought it for a sublet that ended early. Collect from 116th & Broadway; message me and we will find a time.,furniture,desks,used_fair,18000,false,false,10031,sold,7,1,0,,2026-07-25T20:24:34+00:00,2026-08-09T08:23:32+00:00
aa28bac8-934f-43e5-b2f1-678056821aa0,73017fc1-97d8-40e8-b55e-c4e1738bfcbc,internal,Bike rack and floor pump,"Well used and it shows — a few dents and one sticky drawer, but it does its job. Finished the course, so I no longer need it. Easy pickup near Morningside Heights, evenings and weekends work best.",bikes_transport,,used_fair,2000,false,true,10025,sold,4,2,0,,2026-07-26T11:37:51+00:00,2026-08-10T22:50:21+00:00
fb5a979b-a1ca-4922-aac3-593e7c4996d1,1162a399-ae84-499c-86eb-5c0b8d4bd19d,internal,Water filter pitcher + 2 filters,"Fair condition, priced to reflect it. Works fine, looks lived in. Moving to a smaller place at the end of the month, so it needs a new home. Pickup only, 3rd floor with an elevator — I can help carry it down to the street. Original box and instructions included.",kitchen_home,,used_fair,1900,false,true,10128,reserved,9,0,0,,2026-07-26T17:53:28+00:00,
9e11ad2f-955e-4c6e-81c5-1751aadba315,f179f796-27a1-4c7b-8711-7b339b16ef77,internal,"Desk chair, oak, adjustable","Genuinely like new. No marks, everything works exactly as it should. Finished the course, so I no longer need it. Pickup only, 3rd floor with an elevator — I can help carry it down to the street.",furniture,chairs,like_new,11000,false,true,10027,active,53,2,0,,2026-07-27T08:51:22+00:00,
1e80c500-64d1-4ab2-90ca-87084c1f1a23,,facebook,AirPods Pro headphones,"Everything works. A couple of light marks from moving, nothing structural. Upgraded to a bigger one and have no room for both. Cash or Venmo. I can meet near the Columbia gates any afternoon.",electronics,,used_good,18000,false,false,10028,active,27,4,0,https://www.facebook.com/marketplace/item/431672916521,2026-07-27T19:01:20+00:00,
76523ad9-620b-4649-8d3b-963e3256d884,ffe376b0-b660-443d-9d11-cd993fa8abe4,internal,"MacBook Air M1, 8GB/256GB","Barely touched — I moved into a furnished place two weeks later. Heading back home after this semester and cannot take it with me. Pickup only, 3rd floor with an elevator — I can help carry it down to the street. Can send more photos of any detail you want to see.",electronics,,like_new,0,true,false,10027,active,50,4,2,,2026-07-28T06:44:45+00:00,
870a3189-e99b-4d74-a1b9-bacf5658697f,e4ea0bbe-fdc0-4311-bef4-bcb809a9a630,internal,Water filter pitcher + 2 filters,"Fair condition, priced to reflect it. Works fine, looks lived in. Upgraded to a bigger one and have no room for both. Collect from the Columbia gates; message me and we will find a time. Open to a small discount if you take it today.",kitchen_home,,used_fair,1700,false,true,10032,reserved,241,17,1,,2026-07-28T10:50:59+00:00,
43207b2c-23f3-4f54-897f-559bb70f6032,efa792df-2f07-4094-99f4-a23935cca18b,internal,"Small writing desk, oak","Some visible wear and a small chip on one corner. Happy to send more photos. I am graduating in May and everything has to go before I move out. Easy pickup near Amsterdam Ave, evenings and weekends work best. I will throw in the matching lamp for free.",furniture,desks,used_fair,3500,false,true,10027,sold,3,0,0,,2026-07-28T13:38:50+00:00,2026-07-30T18:46:17+00:00
1454ef46-0aa3-4a2b-9592-fa28b44450e0,919c1afb-25b2-4b3a-bfab-39ebe9e77e2c,internal,"Coffee table, white","Well used and it shows — a few dents and one sticky drawer, but it does its job. Moving to a smaller place at the end of the month, so it needs a new home. Happy to hold it for a day if you need to arrange a car.",furniture,sofas_tables,used_fair,6500,false,false,10031,active,30,3,0,,2026-07-28T18:31:32+00:00,
c18335ef-a1ca-4712-ba7d-96eb0651582c,67720afd-c98f-4042-88f8-4ee42ce6223e,internal,Razor kick scooter,,bikes_transport,,used_good,9500,false,false,10027,active,32,2,1,,2026-07-29T00:57:02+00:00,
bcad60d1-05a9-4cbe-90d1-0763d0697f0c,37b056fd-db76-44e8-887c-28d49a739c21,internal,"IKEA HEMNES bed frame, full","Brand new, still sealed — I ordered the wrong size and the return window closed. I am graduating in May and everything has to go before I move out. Cash or Venmo. I can meet near the Columbia gates any afternoon. Open to a small discount if you take it today.",furniture,beds_mattresses,new,9500,false,false,10027,active,23,2,0,,2026-07-29T07:04:23+00:00,
7e26b2e2-de8a-40f4-9242-839f956517c2,,ebay,"Suit, size XS, tailored once",,clothing,,used_good,13000,false,false,10128,active,9,1,0,https://www.ebay.com/itm/653252589267,2026-07-29T13:26:13+00:00,
9181deab-6f6c-4cf3-b620-f31fa79c85b7,f1a0ec25-92c1-456d-bc62-93f211e3df90,internal,"Epidemiology (Cengage), international edition","Genuinely like new. No marks, everything works exactly as it should. Finished the course, so I no longer need it. Collect from Morningside Heights; message me and we will find a time.",textbooks,,like_new,3500,false,true,10027,active,95,10,0,,2026-07-29T15:26:18+00:00,
d52d5208-b08f-496a-b2f4-d9521d44d10d,,ebay,"Ski jacket and poles, size S","Good condition overall — some honest wear, but nothing that affects using it. Upgraded to a bigger one and have no room for both. Cash or Venmo. I can meet near Amsterdam Ave any afternoon. Can send more photos of any detail you want to see.",sports,,used_good,12000,false,false,10021,active,42,5,0,https://www.ebay.com/itm/270086465816,2026-07-30T00:13:07+00:00,
7221c3c0-fd7f-4e85-aac2-7c3934013672,,facebook,Curtain rod set — free to a good home,"Everything works. A couple of light marks from moving, nothing structural. Upgraded to a bigger one and have no room for both. Happy to hold it for a day if you need to arrange a car.",free_stuff,,used_good,0,true,false,10011,active,11,0,0,https://www.facebook.com/marketplace/item/701082453223,2026-07-30T04:24:32+00:00,
a8793982-3890-4c42-8839-25b22851e4a2,c08ba214-af45-4563-93bb-a8e532a24418,internal,Full-length mirror — free to a good home,"Everything works. A couple of light marks from moving, nothing structural. Finished the course, so I no longer need it. Happy to hold it for a day if you need to arrange a car.",free_stuff,,used_good,0,true,false,10031,active,52,5,0,,2026-07-30T07:29:39+00:00,
988e13a3-20df-4510-a00e-ba8f9ce6a799,,ebay,"Coffee table, oak","Used it for about a month and it looks the same as the day I got it. Finished the course, so I no longer need it. Pickup only, 3rd floor with an elevator — I can help carry it down to the street.",furniture,sofas_tables,like_new,7500,false,false,10040,active,3,0,0,https://www.ebay.com/itm/693174994255,2026-07-30T12:36:51+00:00,
c2afbce9-4c26-4fc0-b205-2ade82821ba7,,facebook,Statistical Inference — full course bundle,,textbooks,,like_new,4500,false,false,10128,active,6,0,0,https://www.facebook.com/marketplace/item/617710971409,2026-07-30T20:02:16+00:00,
79f7e0dc-9246-4509-bd80-a952775fb1af,ca9eb7cc-b0b4-4109-8c12-f728c1c22bd2,internal,Wool scarf and glove set,"Solid, no wobble — one small scuff on the back left that you cannot see once it is against a wall. I am graduating in May and everything has to go before I move out. Cash or Venmo. I can meet near the Columbia gates any afternoon.",clothing,,used_good,1300,false,false,10025,active,10,0,0,,2026-07-30T21:40:20+00:00,
b2f69dc6-923f-4a65-bd90-253c15f90ca7,3d8d407b-3444-4e37-ab6b-268253b5c015,internal,Anker power strip + USB-C hub,,electronics,,used_good,5500,false,true,10025,active,28,4,0,,2026-07-30T22:11:47+00:00,
77c79d4b-8a4c-4441-9ca9-aca3d3b3cdd4,514cc026-35f8-49f0-9e68-dff0aa3aab07,internal,"IKEA BEKANT desk 120×60, white",,furniture,desks,used_good,9000,false,false,10027,sold,9,1,0,,2026-07-31T01:07:04+00:00,2026-08-02T08:10:21+00:00
283e8366-b32f-44c5-8289-22aeabadfb70,67720afd-c98f-4042-88f8-4ee42ce6223e,internal,Water filter pitcher + 2 filters,"Solid, no wobble — one small scuff on the back left that you cannot see once it is against a wall. Bought it for a sublet that ended early. Pickup only, 3rd floor with an elevator — I can help carry it down to the street.",kitchen_home,,used_good,2500,false,true,10027,active,9,1,0,,2026-07-31T06:18:29+00:00,
7ee2e1c2-f4e8-4c58-b244-3c2015b3c784,a1e2e693-3bde-4f70-9281-01259889ee69,internal,Rolling clothes rack + hangers,,furniture,storage_shelving,like_new,6500,false,true,10027,sold,3,0,0,,2026-07-31T12:34:13+00:00,2026-08-02T15:20:02+00:00
04856cc6-de92-4453-9cfd-183ef66cb0db,2b5aabb3-5cdf-46b4-8f6a-8a44166635e6,internal,Financial Accounting 8th ed. + solutions manual,"Some visible wear and a small chip on one corner. Happy to send more photos. Heading back home after this semester and cannot take it with me. Pickup only, 3rd floor with an elevator — I can help carry it down to the street.",textbooks,,used_fair,2500,false,false,10030,sold,8,0,0,,2026-07-31T13:54:21+00:00,2026-08-06T01:14:05+00:00
6397fbc1-3a28-445a-9624-c814a387d548,6dfecb7f-63bb-498d-909f-4cbd7fd015e7,internal,"Corporate Finance (Wiley), international edition",,textbooks,,like_new,6500,false,false,10029,sold,70,4,2,,2026-07-31T20:00:51+00:00,2026-08-08T08:12:09+00:00
f315d986-c3b1-4f85-8e87-b0bbffc0a14e,9e8e0225-d22d-409e-a1ce-2e9061fc7344,internal,"3-drawer dresser, beige","Solid, no wobble — one small scuff on the back left that you cannot see once it is against a wall. I am graduating in May and everything has to go before I move out. Cash or Venmo. I can meet near Amsterdam Ave any afternoon.",furniture,storage_shelving,used_good,13000,false,false,10029,active,29,5,1,,2026-08-01T02:23:29+00:00,
7e0c97ce-06b6-4953-a6b7-9cb3e0472de7,73017fc1-97d8-40e8-b55e-c4e1738bfcbc,internal,Cast iron skillet,"Everything works. A couple of light marks from moving, nothing structural. Upgraded to a bigger one and have no room for both. Cash or Venmo. I can meet near campus any afternoon.",kitchen_home,,used_good,3000,false,true,10025,sold,5,0,0,,2026-08-01T05:07:29+00:00,2026-08-04T14:05:50+00:00
ce773135-8084-4455-9d83-31e921b6bdda,1e604945-92d3-44f7-a246-8e1d1ff23f0f,internal,Logitech mouse + desk mat,"Genuinely like new. No marks, everything works exactly as it should. I am graduating in May and everything has to go before I move out. Pickup only, 3rd floor with an elevator — I can help carry it down to the street.",electronics,,like_new,8500,false,true,10027,sold,4,0,1,,2026-08-01T12:34:26+00:00,2026-08-10T17:58:23+00:00
314f5017-7e57-4116-9b70-26d58d16b165,630fe4a8-7f3f-4f97-93c1-03feb895bbd5,internal,"Drying rack, collect this week","Solid, no wobble — one small scuff on the back left that you cannot see once it is against a wall. Finished the course, so I no longer need it. Cash or Venmo. I can meet near campus any afternoon.",free_stuff,,used_good,0,true,false,10040,active,58,8,0,,2026-08-01T14:05:46+00:00,
6f1ea6cc-7f11-41a3-953a-5b8d0608bf7c,2838c32c-7382-41b5-852b-5d048285eed7,internal,Spalding basketball,Used it for about a month and it looks the same as the day I got it. Heading back home after this semester and cannot take it with me. Happy to hold it for a day if you need to arrange a car.,sports,,like_new,13000,false,false,10027,sold,46,3,2,,2026-08-01T14:35:08+00:00,2026-08-15T04:42:25+00:00
1471cd95-da7b-44c1-ac31-e9c4443ee436,6423836f-839b-4455-9791-d85c98ea5f5f,internal,Managerial Economics — full course bundle,,textbooks,,like_new,6500,false,true,10031,sold,6,0,0,,2026-08-01T17:51:29+00:00,2026-08-25T17:56:05+00:00
411d6988-3c05-4965-a81e-2d2486183739,2838c32c-7382-41b5-852b-5d048285eed7,internal,"3-drawer dresser, white","Solid, no wobble — one small scuff on the back left that you cannot see once it is against a wall. Heading back home after this semester and cannot take it with me. Pickup only, 3rd floor with an elevator — I can help carry it down to the street.",furniture,storage_shelving,used_good,4500,false,false,10027,sold,6,1,0,,2026-08-02T02:50:39+00:00,2026-08-09T19:48:48+00:00
737facf0-4a40-4e23-89f2-86d4b919a5f6,2dac0197-e076-459a-8d9a-034a44933296,internal,"IKEA HYLLIS shelf unit, black-brown","Genuinely like new. No marks, everything works exactly as it should. Bought it for a sublet that ended early. Collect from the Columbia gates; message me and we will find a time.",furniture,storage_shelving,like_new,12000,false,false,10031,active,37,1,0,,2026-08-02T18:01:07+00:00,
a98740cd-cf62-44d7-a2bf-703c09187e1b,e6e0d4f1-b435-4b5d-b74f-b4c6c427868c,internal,"IPad 9th gen, wifi","Good condition overall — some honest wear, but nothing that affects using it. Bought it for a sublet that ended early. Collect from Morningside Heights; message me and we will find a time. Original box and instructions included.",electronics,,used_good,24000,false,true,10027,active,9,1,0,,2026-08-02T18:07:59+00:00,
28543277-f8df-4c76-b041-e8c3e4f3dd6c,2546be0b-81f5-441c-bbbe-d4925b10d00d,internal,Rolling clothes rack + hangers,"Everything works. A couple of light marks from moving, nothing structural. I am graduating in May and everything has to go before I move out. Pickup only, 3rd floor with an elevator — I can help carry it down to the street. I will throw in the matching lamp for free.",furniture,storage_shelving,used_good,3000,false,false,10019,sold,5,0,0,,2026-08-03T01:19:19+00:00,2026-08-06T22:13:25+00:00
c42d0ae6-e163-4efd-8c12-619c1070c8cc,3b91383c-8499-476e-b401-af488cd4b13f,internal,Full mattress + metal frame,,furniture,beds_mattresses,used_good,14000,false,false,10025,active,5,0,0,,2026-08-03T04:53:25+00:00,
7d2d42ed-0c06-46b8-85b6-d5ea9cc13e00,dd6a0ad5-cbc7-4d17-8a8a-229cea78e52b,internal,Segway Ninebot scooter,"Solid, no wobble — one small scuff on the back left that you cannot see once it is against a wall. I am graduating in May and everything has to go before I move out. Easy pickup near Morningside Heights, evenings and weekends work best. Can send more photos of any detail you want to see.",bikes_transport,,used_good,19000,false,true,10031,active,10,0,0,,2026-08-03T05:47:11+00:00,
98351c51-e5d2-4baa-886b-9027a18666f2,d4e30b6e-aa93-40ee-8750-e1f001abcea7,internal,Wool scarf and glove set,Never used. Bought it in September and it has sat in the box since. Heading back home after this semester and cannot take it with me. Happy to hold it for a day if you need to arrange a car. Original box and instructions included.,clothing,,new,5000,false,false,10025,sold,4,0,0,,2026-08-03T08:00:29+00:00,2026-08-05T07:05:32+00:00
172fab4a-7278-4eb3-9f13-e393f97f51bc,aea754b5-366e-4133-98b4-d7a02489d027,internal,Water filter pitcher + 2 filters,,kitchen_home,,like_new,3500,false,false,10027,active,20,2,1,,2026-08-03T21:29:14+00:00,
6664a4ad-1aee-4b26-a272-c954e05c5ae7,425cdeec-e94b-4205-b7b6-416a4c54d0c0,internal,10-piece pot and pan set,"Well used and it shows — a few dents and one sticky drawer, but it does its job. Bought it for a sublet that ended early. Pickup only, 3rd floor with an elevator — I can help carry it down to the street. Can send more photos of any detail you want to see.",kitchen_home,,used_fair,1500,false,false,10027,active,11,1,0,,2026-08-04T01:31:24+00:00,
32f14a61-aaf8-4f5b-8f31-e273962b6db6,44dae102-8716-4274-95ac-bf413382999a,internal,"Ski jacket and poles, size L",,sports,,used_good,5500,false,true,10026,active,21,0,1,,2026-08-04T06:42:13+00:00,
8df53bd3-45b8-42cf-a904-dc60ae8cca50,8ed5d79d-9904-4ac0-b3d6-d43abaf34918,internal,"Small writing desk, black-brown",Barely touched — I moved into a furnished place two weeks later. Bought it for a sublet that ended early. Collect from 116th & Broadway; message me and we will find a time. Can send more photos of any detail you want to see.,furniture,desks,like_new,9500,false,true,10280,sold,16,0,0,,2026-08-04T08:58:37+00:00,2026-08-06T03:26:14+00:00
d2c4f4df-ec4d-471a-bb9c-6f71c700a202,7352bdf0-d7cd-4554-b7da-0f69eabb5ce6,internal,"Coffee table, walnut","Used it for about a month and it looks the same as the day I got it. Moving to a smaller place at the end of the month, so it needs a new home. Happy to hold it for a day if you need to arrange a car.",furniture,sofas_tables,like_new,7000,false,false,10027,sold,42,2,0,,2026-08-04T10:14:36+00:00,2026-08-08T10:42:21+00:00
440649de-5275-4868-9f0b-b04590e5b350,d7b30ac7-a843-4c2c-b7d0-5dbca0c169c3,internal,Wool scarf and glove set,"Good condition overall — some honest wear, but nothing that affects using it. Upgraded to a bigger one and have no room for both. Pickup only, 3rd floor with an elevator — I can help carry it down to the street. Original box and instructions included.",clothing,,used_good,2000,false,false,10025,active,3,0,0,,2026-08-04T12:15:46+00:00,
216cb7b1-5ab6-47b0-ad09-c8e439d8680c,f31588a9-6fbc-4f16-a1f0-65bb1970a62f,internal,Cast iron skillet,"Used for two semesters and it has held up well. Nothing broken, a bit of normal wear. Upgraded to a bigger one and have no room for both. Happy to hold it for a day if you need to arrange a car. I will throw in the matching lamp for free.",kitchen_home,,used_good,4000,false,false,10031,active,16,1,0,,2026-08-04T18:00:06+00:00,
66bcac4b-c924-4fb2-9481-2fdc33236121,c99359a6-ecf8-4d27-a849-8d366cb10a8d,internal,"3-drawer dresser, walnut","Never used. Bought it in September and it has sat in the box since. Heading back home after this semester and cannot take it with me. Pickup only, 3rd floor with an elevator — I can help carry it down to the street. I will throw in the matching lamp for free.",furniture,storage_shelving,new,16000,false,false,10027,sold,20,1,0,,2026-08-04T23:21:39+00:00,2026-08-07T08:06:02+00:00
be2857bb-8f25-41c2-8b6a-e0a662401230,896b4f1b-82da-4b41-868f-822326a66804,internal,Set of 4 mugs and 4 glasses,"Good condition overall — some honest wear, but nothing that affects using it. Upgraded to a bigger one and have no room for both. Pickup only, 3rd floor with an elevator — I can help carry it down to the street.",kitchen_home,,used_good,1700,false,true,10013,active,90,13,0,,2026-08-05T00:58:47+00:00,
b0c48a01-cf72-40e9-93b7-871fea49c92c,514cc026-35f8-49f0-9e68-dff0aa3aab07,internal,"Kindle Paperwhite, wifi","Solid, no wobble — one small scuff on the back left that you cannot see once it is against a wall. Moving to a smaller place at the end of the month, so it needs a new home. Cash or Venmo. I can meet near 116th & Broadway any afternoon.",electronics,,used_good,6000,false,false,10027,active,5,1,0,,2026-08-05T02:04:52+00:00,
c8f837d8-1ae3-482c-b2a6-4ca0393af822,85a05a4b-ce52-43cf-8433-02a2cad529e1,internal,"Surface Laptop 4, 8GB/256GB","Genuinely like new. No marks, everything works exactly as it should. Upgraded to a bigger one and have no room for both. Easy pickup near campus, evenings and weekends work best.",electronics,,like_new,42000,false,false,10027,active,9,1,0,,2026-08-05T06:56:15+00:00,
06a8d2a2-40f5-4566-9b13-9fd879089181,85a05a4b-ce52-43cf-8433-02a2cad529e1,internal,"Standing desk, electric, 120×60",,furniture,desks,used_fair,8000,false,false,10027,active,13,1,0,,2026-08-05T07:09:48+00:00,
c521b922-cb71-4778-99f4-3e9b68d8acef,60894dd1-d449-4366-a1f2-506c99644e4d,internal,"Surface Laptop 4, 8GB/256GB","Used for two semesters and it has held up well. Nothing broken, a bit of normal wear. Upgraded to a bigger one and have no room for both. Pickup only, 3rd floor with an elevator — I can help carry it down to the street.",electronics,,used_good,28000,false,false,10027,active,34,2,1,,2026-08-05T09:30:42+00:00,
6f9011a6-36ee-41a4-89d0-60716aa1ffd9,3c93bac9-6c00-45ff-868a-2fca9fd92411,internal,"Bike lock, lights and helmet bundle",,bikes_transport,,used_good,4000,false,true,10022,active,33,2,1,,2026-08-05T10:27:57+00:00,
b4b19d64-8221-4401-a744-094f4af892e4,c08ba214-af45-4563-93bb-a8e532a24418,internal,Curtain rod set — free to a good home,"Genuinely like new. No marks, everything works exactly as it should. Moving to a smaller place at the end of the month, so it needs a new home. Happy to hold it for a day if you need to arrange a car. Original box and instructions included.",free_stuff,,like_new,0,true,false,10031,active,33,3,1,,2026-08-05T11:53:18+00:00,
beb59c55-8075-4528-aa23-7ec340434185,9f74975f-3000-4ef2-b2a2-1cdac8513b60,internal,"Pair of dining chairs, black-brown","Genuinely like new. No marks, everything works exactly as it should. Heading back home after this semester and cannot take it with me. Pickup only, 3rd floor with an elevator — I can help carry it down to the street.",furniture,chairs,like_new,12000,false,true,10024,active,9,1,0,,2026-08-05T11:56:21+00:00,
f0f115bc-854c-48b4-bb4d-42a80bd0eb2b,9e2d608b-d89b-47b6-a9be-d7becb140d83,internal,"Data Structures reader, spiral bound","Genuinely like new. No marks, everything works exactly as it should. Upgraded to a bigger one and have no room for both. Cash or Venmo. I can meet near Morningside Heights any afternoon.",textbooks,,like_new,3000,false,true,10027,sold,3,0,0,,2026-08-05T13:06:56+00:00,2026-08-08T19:42:37+00:00
751cb8a1-c85c-4e6b-b02c-317f5e7b3a6f,8fa42630-14d9-4824-8c8d-b2642218ce75,internal,Financial Accounting (Wiley) 7th ed.,"Brand new, still sealed — I ordered the wrong size and the return window closed. Bought it for a sublet that ended early. Happy to hold it for a day if you need to arrange a car.",textbooks,,new,8500,false,false,10027,active,43,3,1,,2026-08-05T14:50:12+00:00,
d12e7bcd-6ad1-415b-a896-268dd10dc0eb,fc878d0f-02d2-4c14-8e52-f1fa4b571b99,internal,Yoga mat + blocks,,sports,,like_new,10000,false,true,10027,active,26,5,0,,2026-08-05T20:03:58+00:00,
b92a3d7a-5b4c-496d-a712-d4ab54dbf884,,facebook,"Samsung 32"" curved monitor + stand","Everything works. A couple of light marks from moving, nothing structural. Finished the course, so I no longer need it. Pickup only, 3rd floor with an elevator — I can help carry it down to the street.",electronics,,used_good,8500,false,false,10025,active,13,1,0,https://www.facebook.com/marketplace/item/581743255632,2026-08-05T23:00:12+00:00,
6eb74437-bc63-4542-9dbc-60f77142f5ed,558257fc-53a1-45c0-9ece-75440adedee7,internal,"3-drawer dresser, black","Solid, no wobble — one small scuff on the back left that you cannot see once it is against a wall. Heading back home after this semester and cannot take it with me. Happy to hold it for a day if you need to arrange a car.",furniture,storage_shelving,used_good,4500,false,true,11106,active,27,0,0,,2026-08-05T23:23:11+00:00,
dbd5d27f-0383-447f-9580-df5e14eb7762,,facebook,Set of 4 mugs and 4 glasses,"Well used and it shows — a few dents and one sticky drawer, but it does its job. Moving to a smaller place at the end of the month, so it needs a new home. Collect from Morningside Heights; message me and we will find a time. Original box and instructions included.",kitchen_home,,used_fair,1000,false,false,10031,active,26,5,0,https://www.facebook.com/marketplace/item/686969590404,2026-08-06T04:06:57+00:00,
7668dfbc-caf9-48f5-aefc-f145df55bc48,e3d856ad-6787-404e-8e93-f255933c3680,internal,Folding dining table + 2 chairs,,furniture,sofas_tables,used_good,4500,false,false,10017,active,23,1,1,,2026-08-06T09:29:39+00:00,
2b139452-5de0-4b12-81fd-23e6cb38c478,2e33ff49-a484-4f82-95d2-dc4216703bb3,internal,Bose QC35 headphones,,electronics,,like_new,24000,false,true,10027,active,31,2,0,,2026-08-06T10:09:55+00:00,
cd84402b-513f-4089-8ba9-a919cfde3357,f74c5434-3a39-4dc9-8fd0-1b4de52cff6b,internal,"Machine Learning reader, spiral bound","Good condition overall — some honest wear, but nothing that affects using it. Bought it for a sublet that ended early. Pickup only, 3rd floor with an elevator — I can help carry it down to the street.",textbooks,,used_good,1600,false,false,10029,active,11,2,0,,2026-08-06T12:51:24+00:00,
95269658-6c06-4699-9771-0ed4e443a282,073d319d-25c3-4082-88f9-0cbb7e686a6c,internal,"Kindle Paperwhite, wifi","Used for two semesters and it has held up well. Nothing broken, a bit of normal wear. Finished the course, so I no longer need it. Pickup only, 3rd floor with an elevator — I can help carry it down to the street. Original box and instructions included.",electronics,,used_good,14000,false,false,10027,active,25,1,1,,2026-08-06T15:43:55+00:00,
d069d780-c65b-410d-9d5a-2eea52c6ba40,742f60c2-2f3a-4c03-86e2-e6b289299c40,internal,Corporate Finance 6th ed. + solutions manual,"Well used and it shows — a few dents and one sticky drawer, but it does its job. Heading back home after this semester and cannot take it with me. Easy pickup near campus, evenings and weekends work best.",textbooks,,used_fair,4500,false,true,10032,active,52,7,0,,2026-08-06T16:24:32+00:00,
439564a5-457c-4029-b3bd-7b1b4af0f4a1,73017fc1-97d8-40e8-b55e-c4e1738bfcbc,internal,"Canada Goose parka, size S",Used it for about a month and it looks the same as the day I got it. Upgraded to a bigger one and have no room for both. Cash or Venmo. I can meet near Amsterdam Ave any afternoon.,clothing,,like_new,10000,false,true,10025,active,39,3,0,,2026-08-06T16:39:56+00:00,
6a1833b0-7f62-4e76-8e50-58b9712e99bc,b2e205f3-a921-447a-b55e-53d5b2d86de3,internal,"Citi-style commuter, S frame","Barely touched — I moved into a furnished place two weeks later. Finished the course, so I no longer need it. Pickup only, 3rd floor with an elevator — I can help carry it down to the street. I will throw in the matching lamp for free.",bikes_transport,,like_new,19000,false,true,10027,sold,93,10,1,,2026-08-06T19:58:53+00:00,2026-08-28T22:39:24+00:00
75ab175e-bac7-4c1b-9ee5-3bf66bc76c71,c3e6de0b-ae0e-464a-aeef-51bebdd50073,internal,Corporate Finance (Wiley) 7th ed.,"Everything works. A couple of light marks from moving, nothing structural. Heading back home after this semester and cannot take it with me. Pickup only, 3rd floor with an elevator — I can help carry it down to the street.",textbooks,,used_good,4000,false,false,10027,active,102,17,1,,2026-08-06T21:29:07+00:00,
759dd503-70c7-4494-a70a-fc9feee0ee2c,ac4cd2de-69ac-436e-b67e-c476f7f37a57,internal,Folding shopping cart,"Everything works. A couple of light marks from moving, nothing structural. Upgraded to a bigger one and have no room for both. Easy pickup near the Columbia gates, evenings and weekends work best.",bikes_transport,,used_good,3500,false,false,10027,active,17,1,0,,2026-08-06T23:01:41+00:00,
d4f2bd82-a61b-4a46-8dfa-4f1fc58da4bc,4cf59a7d-3daf-44fe-8e86-aa4389b82fc0,internal,Nespresso Essenza,"Fair condition, priced to reflect it. Works fine, looks lived in. Heading back home after this semester and cannot take it with me. Collect from the Columbia gates; message me and we will find a time. Open to a small discount if you take it today.",kitchen_home,,used_fair,5500,false,true,10280,active,13,1,0,,2026-08-07T00:31:07+00:00,
5f19b7c7-418a-49a3-bcd8-015d6e22af02,23a55d2c-5ac7-43a9-a6a4-20734b79d7ae,internal,"Desk chair, white, adjustable","Unopened, tags still on. Bought two by mistake. I am graduating in May and everything has to go before I move out. Pickup only, 3rd floor with an elevator — I can help carry it down to the street. Can send more photos of any detail you want to see.",furniture,chairs,new,8000,false,false,10031,sold,8,0,0,,2026-08-07T05:48:37+00:00,2026-08-14T15:47:53+00:00
7211be3b-57c7-4b57-a53d-86d2dcddcc22,7a537b60-7891-4d8a-9a2d-3dc4f49961e2,internal,Rolling clothes rack + hangers,Used it for about a month and it looks the same as the day I got it. Heading back home after this semester and cannot take it with me. Cash or Venmo. I can meet near the Columbia gates any afternoon.,furniture,storage_shelving,like_new,6000,false,true,10027,active,23,1,0,,2026-08-07T07:15:04+00:00,
e55321cb-3449-4ccf-a874-96c600368221,254f7afb-a845-4daf-b94b-a34157af1df2,internal,"2-seat sofa, oak","Everything works. A couple of light marks from moving, nothing structural. Upgraded to a bigger one and have no room for both. Easy pickup near Morningside Heights, evenings and weekends work best.",furniture,sofas_tables,used_good,9500,false,true,10027,active,86,3,0,,2026-08-07T20:20:21+00:00,
dcc93dff-ea78-4675-be94-c97c2cf8a7d4,b2ebd1c7-416b-4645-a522-88f29c4fd3fa,internal,Twin XL mattress + metal frame,"Solid, no wobble — one small scuff on the back left that you cannot see once it is against a wall. Moving to a smaller place at the end of the month, so it needs a new home. Pickup only, 3rd floor with an elevator — I can help carry it down to the street. Open to a small discount if you take it today.",furniture,beds_mattresses,used_good,12000,false,false,10025,active,35,2,0,,2026-08-07T21:20:03+00:00,
a6653dfb-f831-4a4e-9175-5054ec4af1c3,2e33ff49-a484-4f82-95d2-dc4216703bb3,internal,"Epidemiology (Norton), international edition","Barely touched — I moved into a furnished place two weeks later. Bought it for a sublet that ended early. Pickup only, 3rd floor with an elevator — I can help carry it down to the street. Open to a small discount if you take it today.",textbooks,,like_new,4000,false,false,10027,active,16,2,1,,2026-08-07T21:41:05+00:00,
d298afe6-3326-4f35-9593-523546fb6214,0675ff4e-03a1-4a1b-91f2-4e5095585649,internal,"Linear Algebra reader, spiral bound","Fair condition, priced to reflect it. Works fine, looks lived in. Moving to a smaller place at the end of the month, so it needs a new home. Cash or Venmo. I can meet near Amsterdam Ave any afternoon.",textbooks,,used_fair,2000,false,false,10025,active,12,0,0,,2026-08-08T02:10:06+00:00,
644d9189-0096-4c8c-8008-6eae6d15f8d8,2e23fd62-664f-4904-93b9-98484374da38,internal,Anker power strip + USB-C hub,,electronics,,used_fair,3500,false,false,10038,active,7,2,0,,2026-08-08T10:19:53+00:00,
91b09c65-869a-4ac5-a129-6efe10a5b6bd,659f0acc-033d-4e42-acb5-b569fa69a743,internal,Folding shopping cart,,bikes_transport,,like_new,5500,false,true,10027,sold,10,0,0,,2026-08-08T13:14:14+00:00,2026-08-11T04:46:24+00:00
a387b51e-6ab4-4fe0-ae0b-a8b3063a4704,,karrot,"Ski jacket and poles, size L","Genuinely like new. No marks, everything works exactly as it should. I am graduating in May and everything has to go before I move out. Collect from the Columbia gates; message me and we will find a time.",sports,,like_new,12000,false,false,10128,active,11,2,0,https://us.karrotmarket.com/articles/133206757970,2026-08-08T16:36:30+00:00,
56b608b1-eb09-4462-8408-b55df600556e,,karrot,Queen mattress + metal frame,"Well used and it shows — a few dents and one sticky drawer, but it does its job. Moving to a smaller place at the end of the month, so it needs a new home. Pickup only, 3rd floor with an elevator — I can help carry it down to the street.",furniture,beds_mattresses,used_fair,13000,false,false,10011,active,13,1,0,https://us.karrotmarket.com/articles/721842339391,2026-08-08T16:54:39+00:00,
f0058471-caee-4d41-b205-f692b51311e2,21f12625-f34e-45b3-aa99-2c07287fc8b7,internal,"Dyson V8 cordless vacuum, all heads","Used it for about a month and it looks the same as the day I got it. Moving to a smaller place at the end of the month, so it needs a new home. Pickup only, 3rd floor with an elevator — I can help carry it down to the street.",electronics,,like_new,36000,false,true,10027,sold,5,0,0,,2026-08-08T18:38:38+00:00,2026-08-14T09:17:15+00:00
fc28f43f-269c-4adf-a32d-7f7f7606e779,61bc54ff-d92a-459a-b783-749eeba4b206,internal,Organic Chemistry — full course bundle,"Used for two semesters and it has held up well. Nothing broken, a bit of normal wear. Bought it for a sublet that ended early. Cash or Venmo. I can meet near Amsterdam Ave any afternoon.",textbooks,,used_good,3000,false,false,10022,sold,8,0,0,,2026-08-08T18:54:19+00:00,2026-08-13T12:22:28+00:00
b5956df7-862e-45fb-8fac-9361339cd87f,bf6c0e33-5fc6-4e92-8a2d-83065bf149c4,internal,"Pair of dining chairs, walnut",Some visible wear and a small chip on one corner. Happy to send more photos. Upgraded to a bigger one and have no room for both. Collect from 116th & Broadway; message me and we will find a time. Original box and instructions included.,furniture,chairs,used_fair,3000,false,false,10027,sold,19,1,0,,2026-08-08T22:58:48+00:00,2026-08-19T01:33:26+00:00
dd561392-0653-427a-8d6b-740e9381ab11,2ba2f93e-b90a-4582-9c0b-561477ec2dd4,internal,"Canada Goose parka, size M","Good condition overall — some honest wear, but nothing that affects using it. Bought it for a sublet that ended early. Pickup only, 3rd floor with an elevator — I can help carry it down to the street.",clothing,,used_good,14000,false,true,10026,sold,3,0,0,,2026-08-09T12:59:55+00:00,2026-08-12T04:22:02+00:00
d35e4f94-fa62-4645-8400-acfda24ea5c7,0659bb5c-a162-488f-bda6-3659a00193c1,internal,"New Balance 990, US 9",Some visible wear and a small chip on one corner. Happy to send more photos. I am graduating in May and everything has to go before I move out. Happy to hold it for a day if you need to arrange a car. Can send more photos of any detail you want to see.,clothing,,used_fair,7000,false,true,10026,sold,16,1,0,,2026-08-09T14:45:56+00:00,2026-08-15T12:09:05+00:00
0dea2c71-3410-43c2-9d8d-bf47fa1c9e02,681a768e-2c15-4f60-b8bb-6613e5d882f5,internal,"Bike lock, lights and helmet bundle","Everything works. A couple of light marks from moving, nothing structural. Bought it for a sublet that ended early. Happy to hold it for a day if you need to arrange a car.",bikes_transport,,used_good,6500,false,false,10029,sold,41,4,1,,2026-08-09T15:21:47+00:00,2026-08-25T10:03:36+00:00
32fb37f9-00d5-4e75-8da1-15c37669f3cd,,ebay,Rolling clothes rack + hangers,"Well used and it shows — a few dents and one sticky drawer, but it does its job. Upgraded to a bigger one and have no room for both. Easy pickup near Morningside Heights, evenings and weekends work best.",furniture,storage_shelving,used_fair,4000,false,false,10037,active,11,0,0,https://www.ebay.com/itm/633199856881,2026-08-09T17:36:29+00:00,
7935503b-98c0-449f-969a-7d5aa02b2b3b,eb37e445-ad15-450f-aac9-165635b7ef7b,internal,"Desk chair, black, adjustable","Solid, no wobble — one small scuff on the back left that you cannot see once it is against a wall. Upgraded to a bigger one and have no room for both. Happy to hold it for a day if you need to arrange a car.",furniture,chairs,used_good,7500,false,false,10039,active,8,1,0,,2026-08-09T17:52:06+00:00,
687618a3-714c-4f4f-bd20-7b1c376d7a90,,facebook,Queen mattress + metal frame,"Solid, no wobble — one small scuff on the back left that you cannot see once it is against a wall. Heading back home after this semester and cannot take it with me. Pickup only, 3rd floor with an elevator — I can help carry it down to the street.",furniture,beds_mattresses,used_good,19000,false,false,10027,active,20,0,0,https://www.facebook.com/marketplace/item/917676852970,2026-08-09T18:00:08+00:00,
72340a25-716c-4075-8656-129ec31d5d8e,681a768e-2c15-4f60-b8bb-6613e5d882f5,internal,"Standing desk, electric, 180×80",,furniture,desks,used_good,24000,false,false,10029,active,10,1,0,,2026-08-09T20:14:44+00:00,
90fbc26b-cdf4-4c08-97ee-f3e04fbc37fd,743aae1e-e024-4953-a3ae-1413333f514f,internal,"IKEA NEIDEN bed frame, queen","Solid, no wobble — one small scuff on the back left that you cannot see once it is against a wall. Heading back home after this semester and cannot take it with me. Cash or Venmo. I can meet near campus any afternoon.",furniture,beds_mattresses,used_good,5500,false,false,10027,active,35,4,0,,2026-08-09T20:36:20+00:00,
acacc77d-16d8-4ba2-b6ae-3331b1fd3424,94d89ccb-983f-49df-97a7-1886973331bd,internal,"Memory foam mattress topper, full","Used for two semesters and it has held up well. Nothing broken, a bit of normal wear. Bought it for a sublet that ended early. Collect from campus; message me and we will find a time.",furniture,beds_mattresses,used_good,2500,false,true,10025,active,137,12,1,,2026-08-09T21:27:11+00:00,
d2084cf5-d711-430b-8524-dac7f0a26777,b7a745a5-3025-4c9b-be31-be2069c14582,internal,"Mechanical keyboard, beige",,electronics,,used_good,5000,false,false,10025,active,10,0,0,,2026-08-10T02:12:19+00:00,
4dc8ef2d-d943-42ad-b424-6b5b13366b7d,51dac652-9517-4e31-b9c9-905c3968e085,internal,Instant Pot Duo 6qt,"Used for two semesters and it has held up well. Nothing broken, a bit of normal wear. Upgraded to a bigger one and have no room for both. Easy pickup near Morningside Heights, evenings and weekends work best.",kitchen_home,,used_good,7500,false,true,10023,sold,3,1,0,,2026-08-10T06:28:01+00:00,2026-08-11T15:17:29+00:00
8cb82d54-2fc2-4b1a-bb3b-72039dbf9aef,7ad9fea0-4641-41fb-9744-34c15951b68f,internal,"Winter boots, size L, waterproof",Used it for about a month and it looks the same as the day I got it. Bought it for a sublet that ended early. Happy to hold it for a day if you need to arrange a car.,clothing,,like_new,13000,false,true,10027,sold,7,0,0,,2026-08-10T11:38:46+00:00,2026-08-14T08:11:20+00:00
e6a419d7-ce1b-4cb7-9bfc-840bfd1aa252,d4753420-55e3-4598-a047-da09e69fedd7,internal,"Air purifier, works fine",,kitchen_home,,new,6000,false,true,11205,sold,18,3,0,,2026-08-10T17:17:31+00:00,2026-08-15T04:53:30+00:00
37b83a76-75f5-44fa-ba77-a052ea60d53b,1a3b8eb4-9217-4dfe-a345-ac6a2076c9d5,internal,"Moving boxes, collect this week","Well used and it shows — a few dents and one sticky drawer, but it does its job. Moving to a smaller place at the end of the month, so it needs a new home. Collect from Amsterdam Ave; message me and we will find a time. Original box and instructions included.",free_stuff,,used_fair,0,true,false,10027,active,21,1,0,,2026-08-10T18:52:15+00:00,
628f299f-7fa7-4f2d-97f3-e8adc3bec4e9,ba4e0520-1425-44b4-ba42-764ccd9799f7,internal,Epidemiology 9th ed. + solutions manual,"Good condition overall — some honest wear, but nothing that affects using it. Heading back home after this semester and cannot take it with me. Easy pickup near Morningside Heights, evenings and weekends work best.",textbooks,,used_good,4000,false,false,10027,draft,0,0,0,,2026-08-10T20:25:16+00:00,
c63e5b96-d086-406b-8e76-7419865e0824,79f24b18-9bf0-4e1b-be57-3291ef518791,internal,"Curtain rod set, collect this week",,free_stuff,,used_fair,0,true,false,11354,active,63,4,1,,2026-08-11T00:35:43+00:00,
46ba6d83-5f90-4673-a611-b0288d60bdaa,,facebook,Linear Algebra 6th ed. + solutions manual,"Fair condition, priced to reflect it. Works fine, looks lived in. Upgraded to a bigger one and have no room for both. Collect from campus; message me and we will find a time.",textbooks,,used_fair,2500,false,false,10035,active,27,5,0,https://www.facebook.com/marketplace/item/248291078904,2026-08-11T01:07:54+00:00,
08313407-d792-47f4-9be6-eab5dd2fe9d6,3cea8b9d-4dca-4cfe-99da-d19925b8fd32,internal,"Marketing Strategy (Berk), international edition","Barely touched — I moved into a furnished place two weeks later. Heading back home after this semester and cannot take it with me. Pickup only, 3rd floor with an elevator — I can help carry it down to the street.",textbooks,,like_new,2500,false,true,10031,sold,42,3,1,,2026-08-11T01:41:22+00:00,2026-08-21T14:23:31+00:00
20343220-2808-4305-8d46-86f350e2f9b9,,ebay,Corporate Finance — full course bundle,,textbooks,,like_new,9000,false,false,10451,active,31,3,0,https://www.ebay.com/itm/170823853426,2026-08-11T07:36:51+00:00,
d0e48e32-82c6-4e63-8069-b2a30bc3e14b,6c1ecb78-38c9-4d52-b536-8463029f3a65,internal,Rolling clothes rack + hangers,"Genuinely like new. No marks, everything works exactly as it should. Upgraded to a bigger one and have no room for both. Cash or Venmo. I can meet near Amsterdam Ave any afternoon. Original box and instructions included.",furniture,storage_shelving,like_new,5000,false,true,10027,active,17,2,0,,2026-08-11T07:45:02+00:00,
af975237-a5b3-4f8b-9517-54920f91c908,443b392f-72a1-4279-ae51-a849f1fedfff,internal,"Weight bench, folding","Everything works. A couple of light marks from moving, nothing structural. Heading back home after this semester and cannot take it with me. Pickup only, 3rd floor with an elevator — I can help carry it down to the street.",sports,,used_good,9500,false,true,10025,active,52,5,2,,2026-08-11T08:09:35+00:00,
4c91863b-04f7-4c7f-b46d-5e63c79057a8,0581305f-6e14-482c-94be-e2a7bab71968,internal,"Suit, size L, tailored once","Barely touched — I moved into a furnished place two weeks later. Finished the course, so I no longer need it. Happy to hold it for a day if you need to arrange a car.",clothing,,like_new,25000,false,false,10463,active,126,12,3,,2026-08-11T09:39:14+00:00,
fa475e8b-3734-4bd4-b328-c0a085b9515d,8a4f20be-5402-4f7f-97d5-042270c4a232,internal,"Statistical Inference (Pearson), international edition","Everything works. A couple of light marks from moving, nothing structural. Bought it for a sublet that ended early. Easy pickup near the Columbia gates, evenings and weekends work best.",textbooks,,used_good,2500,false,true,10027,sold,11,0,0,,2026-08-11T10:12:04+00:00,2026-08-21T11:01:11+00:00
1cf6e061-e9d1-48e5-b875-a3e13fbc8422,9a74e82b-9309-4739-ab1b-2657a686ca16,internal,"IKEA HEMNES bed frame, twin XL","Barely touched — I moved into a furnished place two weeks later. Moving to a smaller place at the end of the month, so it needs a new home. Easy pickup near Morningside Heights, evenings and weekends work best.",furniture,beds_mattresses,like_new,18000,false,false,10039,active,15,2,0,,2026-08-11T10:15:52+00:00,
2873592b-3c9a-4a85-8f36-41e13620cb60,56423c84-9e94-44e6-a034-0a21e231fbea,internal,Set of 4 mugs and 4 glasses,,kitchen_home,,used_fair,1300,false,true,10027,active,22,3,0,,2026-08-11T15:02:21+00:00,
75a64c29-838f-465b-abba-8a1f548fefa6,,facebook,"Dyson V8 cordless vacuum, all heads","Solid, no wobble — one small scuff on the back left that you cannot see once it is against a wall. Finished the course, so I no longer need it. Happy to hold it for a day if you need to arrange a car.",electronics,,used_good,15000,false,false,10025,active,7,0,0,https://www.facebook.com/marketplace/item/481168492709,2026-08-11T15:17:26+00:00,
ee5c0ddf-af89-480a-b6e1-fc3b06abd8dd,ff6e8123-7427-47ad-b4a2-b32525006de0,internal,"Corporate Finance (Norton), international edition","Good condition overall — some honest wear, but nothing that affects using it. I am graduating in May and everything has to go before I move out. Pickup only, 3rd floor with an elevator — I can help carry it down to the street. Original box and instructions included.",textbooks,,used_good,3500,false,true,10025,active,20,3,0,,2026-08-11T15:53:33+00:00,
ecf92556-0a27-4135-9fbd-1c8b6219cd5e,b7a58a43-0e8a-4989-9cc2-a17e019034c8,internal,"Small writing desk, black-brown","Used for two semesters and it has held up well. Nothing broken, a bit of normal wear. Heading back home after this semester and cannot take it with me. Collect from 116th & Broadway; message me and we will find a time.",furniture,desks,used_good,4000,false,true,10031,active,44,4,0,,2026-08-11T19:55:41+00:00,
3e614954-eb31-42da-b934-d6823ff4a573,3e1135b6-a11d-4440-9839-7607ab0df809,internal,Anker power strip + USB-C hub,"Good condition overall — some honest wear, but nothing that affects using it. I am graduating in May and everything has to go before I move out. Pickup only, 3rd floor with an elevator — I can help carry it down to the street. Can send more photos of any detail you want to see.",electronics,,used_good,5500,false,false,10013,active,23,2,0,,2026-08-12T09:25:52+00:00,
3b20ffa0-96d7-45a1-ba00-8dd02d1f1503,7275315b-de5e-4c67-9b01-11b25728750a,internal,"Cannondale Quick 4, M frame, recently serviced",Some visible wear and a small chip on one corner. Happy to send more photos. Upgraded to a bigger one and have no room for both. Collect from campus; message me and we will find a time.,bikes_transport,,used_fair,17000,false,true,11238,active,50,4,1,,2026-08-12T12:22:54+00:00,
f2ca22d8-4029-4fbd-b257-3d3f455a6f56,e735ab9c-d62e-4e4c-a719-99a447547e16,internal,Linear Algebra 8th ed. + solutions manual,,textbooks,,used_good,8500,false,false,10037,active,12,1,2,,2026-08-12T16:46:34+00:00,
28ba0edc-b596-45ba-bc50-6d415cda7f64,87981edc-4a5a-415d-b51d-f9217163949a,internal,Anker power strip + USB-C hub,"Genuinely like new. No marks, everything works exactly as it should. I am graduating in May and everything has to go before I move out. Happy to hold it for a day if you need to arrange a car.",electronics,,like_new,4500,false,true,10025,active,25,1,0,,2026-08-12T18:08:32+00:00,
74315a06-db55-40fa-83a5-11a291e54b50,594a9fe8-338e-48b9-bf94-45ec42062580,internal,"Memory foam mattress topper, twin XL","Fair condition, priced to reflect it. Works fine, looks lived in. Finished the course, so I no longer need it. Easy pickup near campus, evenings and weekends work best.",furniture,beds_mattresses,used_fair,4000,false,false,10031,active,28,5,0,,2026-08-12T19:16:36+00:00,
3074a8cb-3756-4884-91d6-ea38da2d541f,5ab1b529-4f5e-42a1-8f82-f88bad579d46,internal,"Canada Goose parka, size M",Never used. Bought it in September and it has sat in the box since. Heading back home after this semester and cannot take it with me. Cash or Venmo. I can meet near Amsterdam Ave any afternoon. Original box and instructions included.,clothing,,new,15000,false,true,10024,active,21,1,0,,2026-08-12T19:41:44+00:00,
61a199c9-084b-4b4e-a01f-d8663add48c8,99d52a61-bee5-4684-9df6-159e47cc27be,internal,Twin XL mattress + metal frame,"Good condition overall — some honest wear, but nothing that affects using it. I am graduating in May and everything has to go before I move out. Easy pickup near Morningside Heights, evenings and weekends work best.",furniture,beds_mattresses,used_good,8000,false,false,10027,active,10,0,0,,2026-08-12T21:05:56+00:00,
3f3fd737-d9c2-40a1-bf59-d3296f79a021,,facebook,Water filter pitcher + 2 filters,"Everything works. A couple of light marks from moving, nothing structural. Bought it for a sublet that ended early. Collect from campus; message me and we will find a time. Open to a small discount if you take it today.",kitchen_home,,used_good,1600,false,false,10037,active,14,0,0,https://www.facebook.com/marketplace/item/125658948230,2026-08-12T22:23:21+00:00,
0e73362e-89a2-40ae-a02a-262d5983a986,56423c84-9e94-44e6-a034-0a21e231fbea,internal,Rolling clothes rack + hangers,"Everything works. A couple of light marks from moving, nothing structural. Finished the course, so I no longer need it. Cash or Venmo. I can meet near 116th & Broadway any afternoon. Original box and instructions included.",furniture,storage_shelving,used_good,4500,false,false,10027,active,11,1,0,,2026-08-12T22:35:41+00:00,
bd381102-8e0c-40a8-b6b3-55bdc42f48b8,147ed698-2b4c-4e8b-aa70-aa17d045b912,internal,"Managerial Economics (Wiley), international edition",,textbooks,,new,0,true,false,10027,active,44,5,0,,2026-08-13T00:09:36+00:00,
630f1b47-f06a-4801-8766-d7f62b0bcd83,,ebay,Rolling clothes rack + hangers,"Barely touched — I moved into a furnished place two weeks later. I am graduating in May and everything has to go before I move out. Easy pickup near Morningside Heights, evenings and weekends work best.",furniture,storage_shelving,like_new,3500,false,false,10037,active,12,1,0,https://www.ebay.com/itm/484565324102,2026-08-13T05:15:22+00:00,
867e97e6-ff8b-47ec-aed3-d2478ea32c68,ea8951c3-9063-4555-961a-8fcb0cc9fd92,internal,Full mattress + metal frame,"Used for two semesters and it has held up well. Nothing broken, a bit of normal wear. Upgraded to a bigger one and have no room for both. Easy pickup near Morningside Heights, evenings and weekends work best.",furniture,beds_mattresses,used_good,7000,false,false,10025,sold,26,0,0,,2026-08-13T07:24:17+00:00,2026-08-24T03:14:25+00:00
fcf21855-8861-4971-880d-71732d4c92eb,32a7fe23-fa7e-4905-9afd-b6639736963d,internal,Set of 4 mugs and 4 glasses,"Brand new, still sealed — I ordered the wrong size and the return window closed. Bought it for a sublet that ended early. Cash or Venmo. I can meet near the Columbia gates any afternoon. Can send more photos of any detail you want to see.",kitchen_home,,new,3500,false,true,10027,active,10,0,0,,2026-08-13T13:05:21+00:00,
89af548f-7c77-4f21-8a22-790fc02ecf83,4bcfb395-99a4-40b8-a38e-0576e4ded0dd,internal,Queen mattress + metal frame,Barely touched — I moved into a furnished place two weeks later. I am graduating in May and everything has to go before I move out. Collect from Amsterdam Ave; message me and we will find a time. Can send more photos of any detail you want to see.,furniture,beds_mattresses,like_new,10000,false,false,10027,active,53,5,0,,2026-08-13T14:09:00+00:00,
465a3904-7317-4843-a664-d19875eed73f,767703ae-4d74-4728-ae3f-a80c8b6ead76,internal,Water filter pitcher + 2 filters,"Unopened, tags still on. Bought two by mistake. Finished the course, so I no longer need it. Happy to hold it for a day if you need to arrange a car.",kitchen_home,,new,2500,false,false,10031,active,20,2,0,,2026-08-13T16:27:56+00:00,
f72f8a4f-c40f-415c-b2ba-fd0265cec3fc,,ebay,"North Face puffer, size M","Genuinely like new. No marks, everything works exactly as it should. Moving to a smaller place at the end of the month, so it needs a new home. Pickup only, 3rd floor with an elevator — I can help carry it down to the street.",clothing,,like_new,21000,false,false,10021,active,8,0,0,https://www.ebay.com/itm/439777210882,2026-08-13T17:46:03+00:00,
702e7fc7-4b00-4dc7-8011-ea29f72be23c,1dcda15d-0c1e-4892-80a8-bfb7f3596889,internal,Cuisinart toaster oven,"Good condition overall — some honest wear, but nothing that affects using it. Upgraded to a bigger one and have no room for both. Collect from Amsterdam Ave; message me and we will find a time. I will throw in the matching lamp for free.",kitchen_home,,used_good,5500,false,false,10027,active,12,2,0,,2026-08-13T21:27:31+00:00,
b57ad5bb-d023-430d-bc0c-c37488d823e3,23061881-ec83-4935-ba31-110dc9dd0f5e,internal,Machine Learning — full course bundle,,textbooks,,like_new,6000,false,false,10025,active,14,0,1,,2026-08-13T21:31:34+00:00,
784a69b0-5795-40ce-9549-6b87e25e7428,c3e6de0b-ae0e-464a-aeef-51bebdd50073,internal,"3-drawer dresser, birch","Solid, no wobble — one small scuff on the back left that you cannot see once it is against a wall. Upgraded to a bigger one and have no room for both. Collect from campus; message me and we will find a time.",furniture,storage_shelving,used_good,11000,false,true,10027,active,11,1,0,,2026-08-13T22:33:01+00:00,
05f6bdae-23c5-4dfc-a263-b4b08b304946,56423c84-9e94-44e6-a034-0a21e231fbea,internal,Rolling clothes rack + hangers,"Everything works. A couple of light marks from moving, nothing structural. I am graduating in May and everything has to go before I move out. Cash or Venmo. I can meet near Morningside Heights any afternoon.",furniture,storage_shelving,used_good,2500,false,true,10027,active,53,7,0,,2026-08-14T04:29:11+00:00,
b6debece-8c1e-4099-80c2-f5bfa2207d5f,,ebay,"Kindle Paperwhite, wifi","Genuinely like new. No marks, everything works exactly as it should. Bought it for a sublet that ended early. Collect from Amsterdam Ave; message me and we will find a time.",electronics,,like_new,8000,false,false,10003,active,15,1,0,https://www.ebay.com/itm/896676516624,2026-08-14T05:06:08+00:00,
9ed0b669-6254-4c63-b17b-73bee1aa4cb1,56423c84-9e94-44e6-a034-0a21e231fbea,internal,Folding dining table + 2 chairs,"Brand new, still sealed — I ordered the wrong size and the return window closed. Bought it for a sublet that ended early. Cash or Venmo. I can meet near Morningside Heights any afternoon.",furniture,sofas_tables,new,17000,false,true,10027,sold,5,1,0,,2026-08-14T07:54:22+00:00,2026-08-24T03:29:03+00:00
3a9c9cb0-9131-4aee-a264-7eb2b019df8b,,ebay,Statistical Inference 5th ed. + solutions manual,"Barely touched — I moved into a furnished place two weeks later. Finished the course, so I no longer need it. Collect from the Columbia gates; message me and we will find a time. I will throw in the matching lamp for free.",textbooks,,like_new,9000,false,false,10032,active,36,6,0,https://www.ebay.com/itm/759331373111,2026-08-14T08:29:26+00:00,
1044ae4c-b231-415f-891e-b82500b854f7,0df66891-b25c-4d7b-98bc-826d9e286a20,internal,"Canada Goose parka, size XS","Used it for about a month and it looks the same as the day I got it. Moving to a smaller place at the end of the month, so it needs a new home. Pickup only, 3rd floor with an elevator — I can help carry it down to the street. Can send more photos of any detail you want to see.",clothing,,like_new,14000,false,true,10027,active,13,3,1,,2026-08-14T08:57:11+00:00,
e0943f8c-3612-4b5f-871e-b6086d1e57cc,,facebook,"Weight bench, folding",,sports,,used_good,8000,false,false,10021,active,31,2,0,https://www.facebook.com/marketplace/item/757341102424,2026-08-14T15:50:54+00:00,
90dbced2-ed0a-4c56-848e-817caf4ec4bc,,facebook,Water filter pitcher + 2 filters,Never used. Bought it in September and it has sat in the box since. I am graduating in May and everything has to go before I move out. Happy to hold it for a day if you need to arrange a car.,kitchen_home,,new,2000,false,false,10128,active,9,1,0,https://www.facebook.com/marketplace/item/374414828652,2026-08-14T17:12:19+00:00,
062aad36-b7a9-49a0-ba5d-25f9b70f7662,dc64b030-9ad0-4b7f-aa39-1ea19decb440,internal,"Ski jacket and poles, size XS","Barely touched — I moved into a furnished place two weeks later. Heading back home after this semester and cannot take it with me. Pickup only, 3rd floor with an elevator — I can help carry it down to the street.",sports,,like_new,13000,false,false,10024,active,20,1,0,,2026-08-14T20:08:02+00:00,
1871e5a7-db78-4adf-9c78-6d44ed3c8210,c90cc779-75f4-4f0d-8f0e-bf02ad0ba33c,internal,"New Balance 990, US 9","Solid, no wobble — one small scuff on the back left that you cannot see once it is against a wall. Upgraded to a bigger one and have no room for both. Easy pickup near Morningside Heights, evenings and weekends work best.",clothing,,used_good,11000,false,true,10024,active,19,2,0,,2026-08-15T09:02:32+00:00,
916068eb-2650-4cac-926d-881aef5094d0,cb3f27ba-7b73-4263-a8df-7fc52f4ac105,internal,Rolling clothes rack + hangers,"Solid, no wobble — one small scuff on the back left that you cannot see once it is against a wall. Upgraded to a bigger one and have no room for both. Easy pickup near Amsterdam Ave, evenings and weekends work best.",furniture,storage_shelving,used_good,5000,false,true,10025,active,4,1,0,,2026-08-15T10:22:34+00:00,
a82329c6-b2f3-4952-8207-1ce113fa7652,594a9fe8-338e-48b9-bf94-45ec42062580,internal,Segway Ninebot scooter,"Barely touched — I moved into a furnished place two weeks later. Bought it for a sublet that ended early. Pickup only, 3rd floor with an elevator — I can help carry it down to the street.",bikes_transport,,like_new,25000,false,true,10031,active,21,3,1,,2026-08-15T19:53:43+00:00,
9c7fd283-535b-4b7a-aafa-37a32122483c,f965e2e1-14e1-441b-bd2e-db6def83457a,internal,"Constitutional Law reader, spiral bound","Solid, no wobble — one small scuff on the back left that you cannot see once it is against a wall. Finished the course, so I no longer need it. Cash or Venmo. I can meet near campus any afternoon.",textbooks,,used_good,1300,false,false,10014,active,7,1,0,,2026-08-15T21:25:04+00:00,
0b27dfbd-226b-42ae-89e1-4f01a77fd248,40b381d1-9fae-4307-9737-cc332f541b94,internal,Wool scarf and glove set,"Used it for about a month and it looks the same as the day I got it. Bought it for a sublet that ended early. Easy pickup near 116th & Broadway, evenings and weekends work best.",clothing,,like_new,1900,false,false,10027,active,6,0,0,,2026-08-15T22:51:23+00:00,
eae3f8a1-206e-4ccf-9a55-cd0f06760308,,ebay,Moving boxes — free to a good home,,free_stuff,,used_good,0,true,false,10022,active,32,2,0,https://www.ebay.com/itm/609390265541,2026-08-16T05:08:05+00:00,
3f6c5155-6672-4120-a420-657ef14d3db4,f87b345a-0777-46fc-865a-b76dacc1e90a,internal,"IPad Air, wifi",,electronics,,used_fair,15000,false,true,10031,draft,0,0,0,,2026-08-16T06:17:44+00:00,
878ec06d-98f3-4e5d-82ee-40ce2830d844,,karrot,"IKEA MALM bed frame, full","Good condition overall — some honest wear, but nothing that affects using it. Bought it for a sublet that ended early. Pickup only, 3rd floor with an elevator — I can help carry it down to the street. Can send more photos of any detail you want to see.",furniture,beds_mattresses,used_good,9000,false,false,11354,active,13,1,0,https://us.karrotmarket.com/articles/375800878327,2026-08-16T06:51:54+00:00,
923ad033-a22c-4a9f-89d4-ef3e437a0764,,facebook,"Weight bench, folding","Solid, no wobble — one small scuff on the back left that you cannot see once it is against a wall. Heading back home after this semester and cannot take it with me. Happy to hold it for a day if you need to arrange a car.",sports,,used_good,4000,false,false,11106,active,12,1,0,https://www.facebook.com/marketplace/item/584222368753,2026-08-16T07:20:58+00:00,
4481facc-437b-41cb-babe-c9fbe5d7ec58,,ebay,"Winter boots, size M, waterproof",,clothing,,used_good,7500,false,false,10036,active,26,0,0,https://www.ebay.com/itm/845702251686,2026-08-16T08:36:13+00:00,
8ac4bf24-7754-483a-9dfa-5b257b03de6f,6e390a5d-a88b-459f-8658-6a51166be2f7,internal,"3-seat sofa, birch","Barely touched — I moved into a furnished place two weeks later. Heading back home after this semester and cannot take it with me. Pickup only, 3rd floor with an elevator — I can help carry it down to the street.",furniture,sofas_tables,like_new,27000,false,false,10031,sold,8,0,1,,2026-08-16T13:35:27+00:00,2026-08-21T05:07:23+00:00
eb1af9eb-04e1-4336-9867-95e08a3e3f5a,,ebay,"IKEA SLATTUM bed frame, queen","Used for two semesters and it has held up well. Nothing broken, a bit of normal wear. Moving to a smaller place at the end of the month, so it needs a new home. Cash or Venmo. I can meet near Morningside Heights any afternoon.",furniture,beds_mattresses,used_good,9000,false,false,10035,active,34,4,0,https://www.ebay.com/itm/960950402203,2026-08-16T17:09:24+00:00,
55df7fd8-2a62-40e6-9c90-efb4cbd8f77d,67720afd-c98f-4042-88f8-4ee42ce6223e,internal,Linear Algebra (Cengage) 8th ed.,"Barely touched — I moved into a furnished place two weeks later. Finished the course, so I no longer need it. Cash or Venmo. I can meet near 116th & Broadway any afternoon. Open to a small discount if you take it today.",textbooks,,like_new,8000,false,true,10027,active,53,3,2,,2026-08-16T17:31:59+00:00,
47181725-dd56-4c5b-9617-07d06f4fa294,c08ba214-af45-4563-93bb-a8e532a24418,internal,10-piece pot and pan set,"Brand new, still sealed — I ordered the wrong size and the return window closed. Finished the course, so I no longer need it. Collect from Morningside Heights; message me and we will find a time.",kitchen_home,,new,0,true,false,10031,sold,21,1,1,,2026-08-16T21:16:53+00:00,2026-08-22T20:12:17+00:00
e9795ea9-c8a5-4ec0-8fb2-a97e05eccd2a,f5dc0e8d-4cfb-42ba-851d-c4ab150a805f,internal,Wilson tennis racket,"Used for two semesters and it has held up well. Nothing broken, a bit of normal wear. Heading back home after this semester and cannot take it with me. Pickup only, 3rd floor with an elevator — I can help carry it down to the street. I will throw in the matching lamp for free.",sports,,used_good,2000,false,true,10031,active,13,0,0,,2026-08-16T21:56:22+00:00,
0b9ebb5a-eee0-40b3-a654-9186ff78acef,,ebay,"Standing desk, electric, 100×50","Used for two semesters and it has held up well. Nothing broken, a bit of normal wear. Moving to a smaller place at the end of the month, so it needs a new home. Happy to hold it for a day if you need to arrange a car.",furniture,desks,used_good,17000,false,false,10040,active,8,1,0,https://www.ebay.com/itm/244688163705,2026-08-17T01:05:57+00:00,
623ad60b-ae83-4490-a6ec-0d4706735df2,56423c84-9e94-44e6-a034-0a21e231fbea,internal,"Pair of dining chairs, walnut",Used it for about a month and it looks the same as the day I got it. Upgraded to a bigger one and have no room for both. Cash or Venmo. I can meet near Morningside Heights any afternoon.,furniture,chairs,like_new,8000,false,false,10027,active,48,3,0,,2026-08-17T08:24:57+00:00,
c4721b75-c90e-4427-b0a3-d825a848033f,4f7d3f82-809f-4176-b3bb-245e659f22ab,internal,Corporate Finance international ed. + solutions manual,"Used for two semesters and it has held up well. Nothing broken, a bit of normal wear. I am graduating in May and everything has to go before I move out. Pickup only, 3rd floor with an elevator — I can help carry it down to the street. Can send more photos of any detail you want to see.",textbooks,,used_good,3000,false,false,10024,sold,32,2,0,,2026-08-17T08:51:26+00:00,2026-08-25T04:56:18+00:00
18a7cdda-09cc-4384-9d32-c6ac17c4973e,,ebay,Data Structures (Cengage) 6th ed.,"Unopened, tags still on. Bought two by mistake. Finished the course, so I no longer need it. Happy to hold it for a day if you need to arrange a car. Can send more photos of any detail you want to see.",textbooks,,new,8500,false,false,10012,active,37,3,0,https://www.ebay.com/itm/389286603643,2026-08-17T10:59:21+00:00,
b0427c2d-a59d-469e-8512-e19ab973c1c0,,facebook,Anker power strip + USB-C hub,,electronics,,used_good,4500,false,false,10024,active,42,5,0,https://www.facebook.com/marketplace/item/528679018441,2026-08-17T17:44:48+00:00,
a9384245-8fb0-4007-89f7-9c811d48f0ea,,facebook,"MacBook Air M1, 8GB/256GB","Everything works. A couple of light marks from moving, nothing structural. Moving to a smaller place at the end of the month, so it needs a new home. Pickup only, 3rd floor with an elevator — I can help carry it down to the street.",electronics,,used_good,39000,false,false,10010,active,29,2,0,https://www.facebook.com/marketplace/item/624211727377,2026-08-17T20:54:55+00:00,
fd899e7b-af8d-4b38-970e-ad82fa363f50,c0856bc5-aa1f-4d9b-908d-b8dac1c3d5ee,internal,"Futon sofa, navy","Genuinely like new. No marks, everything works exactly as it should. Moving to a smaller place at the end of the month, so it needs a new home. Collect from 116th & Broadway; message me and we will find a time.",furniture,sofas_tables,like_new,13000,false,false,10027,active,4,0,0,,2026-08-17T21:46:11+00:00,
d38e7aa8-83ad-4ba8-9bff-9afcf83af5e2,3b30a6e4-3c57-4bbd-9b03-022e7facb880,internal,"Mechanical keyboard, walnut","Everything works. A couple of light marks from moving, nothing structural. Heading back home after this semester and cannot take it with me. Collect from Amsterdam Ave; message me and we will find a time. Original box and instructions included.",electronics,,used_good,8000,false,false,10027,active,5,0,0,,2026-08-18T04:14:30+00:00,
c951e4de-82d1-422f-822d-6013dc99e07b,fa25c85c-0248-4e34-b506-fd8f06ae788f,internal,Queen mattress + metal frame,,furniture,beds_mattresses,like_new,12000,false,true,11201,active,6,0,0,,2026-08-18T07:08:35+00:00,
9ba76334-da49-43bf-81be-65c2ccf77495,,ebay,Cast iron skillet,Used it for about a month and it looks the same as the day I got it. Upgraded to a bigger one and have no room for both. Collect from the Columbia gates; message me and we will find a time.,kitchen_home,,like_new,7500,false,false,11201,active,56,2,0,https://www.ebay.com/itm/353282296719,2026-08-18T11:39:09+00:00,
fff77bdb-34f8-4647-b5b2-3f076c0c518a,f5406e32-0613-43ee-b020-bf1ba6990c2b,internal,Non-stick wok,Some visible wear and a small chip on one corner. Happy to send more photos. I am graduating in May and everything has to go before I move out. Happy to hold it for a day if you need to arrange a car. Can send more photos of any detail you want to see.,kitchen_home,,used_fair,3500,false,false,10025,active,30,2,0,,2026-08-18T14:13:10+00:00,
d3d8f9e0-7566-4a3d-b70e-e9bba5001b22,3c93bac9-6c00-45ff-868a-2fca9fd92411,internal,Yoga mat + blocks,"Genuinely like new. No marks, everything works exactly as it should. Heading back home after this semester and cannot take it with me. Pickup only, 3rd floor with an elevator — I can help carry it down to the street.",sports,,like_new,3000,false,true,10022,active,4,0,0,,2026-08-18T19:19:07+00:00,
385c71e5-d031-4441-bac8-db2c110a5518,,facebook,"Microeconomics (McGraw-Hill), international edition","Used it for about a month and it looks the same as the day I got it. Heading back home after this semester and cannot take it with me. Easy pickup near Amsterdam Ave, evenings and weekends work best.",textbooks,,like_new,3000,false,false,10128,active,70,8,0,https://www.facebook.com/marketplace/item/633936283261,2026-08-18T22:00:38+00:00,
4de8e39a-166e-4edc-b1f2-042f38212164,ba4e0520-1425-44b4-ba42-764ccd9799f7,internal,"Coffee table, walnut","Well used and it shows — a few dents and one sticky drawer, but it does its job. Heading back home after this semester and cannot take it with me. Cash or Venmo. I can meet near the Columbia gates any afternoon.",furniture,sofas_tables,used_fair,3500,false,false,10027,active,4,1,0,,2026-08-18T23:50:25+00:00,
36643889-ec36-42be-9bb2-162c315691eb,,ebay,"Statistical Inference (Berk), international edition","Everything works. A couple of light marks from moving, nothing structural. I am graduating in May and everything has to go before I move out. Collect from Morningside Heights; message me and we will find a time.",textbooks,,used_good,3000,false,false,10029,active,8,0,0,https://www.ebay.com/itm/612263034514,2026-08-19T02:06:45+00:00,
927d7650-1a98-46d0-a8dc-09b076ff3bec,a1d67684-0efd-46c3-a44d-06a1f1b59626,internal,"Drying rack, collect this week",,free_stuff,,used_fair,0,true,false,10032,sold,7,1,0,,2026-08-19T02:08:54+00:00,2026-08-22T12:22:45+00:00
5d7b1de9-7043-4bf8-bbfc-a4aa0df6421d,,facebook,Wool scarf and glove set,"Used for two semesters and it has held up well. Nothing broken, a bit of normal wear. Moving to a smaller place at the end of the month, so it needs a new home. Happy to hold it for a day if you need to arrange a car.",clothing,,used_good,1600,false,false,10019,active,9,2,0,https://www.facebook.com/marketplace/item/675511668991,2026-08-19T05:19:01+00:00,
23e3e54b-318e-423c-a61f-582ad21a32b6,d30b8eb3-05ed-4a73-b6e5-042436e46b37,internal,Set of 4 mugs and 4 glasses,"Everything works. A couple of light marks from moving, nothing structural. Finished the course, so I no longer need it. Cash or Venmo. I can meet near Amsterdam Ave any afternoon.",kitchen_home,,used_good,2500,false,true,10027,sold,15,2,0,,2026-08-19T06:18:45+00:00,2026-08-22T06:11:36+00:00
a85a5daf-96ef-4a0b-be0a-27085e5a3b83,b000127a-7ff3-4aba-9f9f-56872787d1ed,internal,"Weight bench, folding","Solid, no wobble — one small scuff on the back left that you cannot see once it is against a wall. Heading back home after this semester and cannot take it with me. Pickup only, 3rd floor with an elevator — I can help carry it down to the street. Open to a small discount if you take it today.",sports,,used_good,16000,false,true,10128,active,32,2,0,,2026-08-19T07:17:43+00:00,
f8f0e7f5-fe84-4250-aef8-0fe295db79c9,,ebay,"Suit, size M, tailored once",,clothing,,used_good,22000,false,false,10018,active,23,1,0,https://www.ebay.com/itm/105980701616,2026-08-19T09:16:38+00:00,
6b515159-796f-43ce-8011-edc1da56d2b9,0c75c528-0777-4d48-b0e4-87ab07dcd5a2,internal,Wool scarf and glove set,,clothing,,used_good,3500,false,false,10032,sold,52,4,0,,2026-08-19T09:22:17+00:00,2026-08-24T05:09:27+00:00
83a835bc-4bfc-4aa3-9939-852a8a667f71,7275315b-de5e-4c67-9b01-11b25728750a,internal,"Marketing Strategy (Pearson), international edition",,textbooks,,used_good,2500,false,false,11238,sold,3,0,0,,2026-08-19T15:24:39+00:00,2026-08-20T09:24:05+00:00
db1cc160-278c-45b0-b62a-a4df020960c8,1fba3799-d4cc-4a1c-84d6-51146012067e,internal,Folding dining table + 2 chairs,"Genuinely like new. No marks, everything works exactly as it should. Bought it for a sublet that ended early. Pickup only, 3rd floor with an elevator — I can help carry it down to the street.",furniture,sofas_tables,like_new,7000,false,true,10025,sold,20,2,0,,2026-08-19T17:40:15+00:00,2026-08-25T22:49:30+00:00
a09b1a16-0d10-4f20-875c-9a0db0fcb551,7ad9fea0-4641-41fb-9744-34c15951b68f,internal,Folding dining table + 2 chairs,"Everything works. A couple of light marks from moving, nothing structural. I am graduating in May and everything has to go before I move out. Pickup only, 3rd floor with an elevator — I can help carry it down to the street.",furniture,sofas_tables,used_good,6500,false,false,10027,active,23,1,1,,2026-08-19T18:44:01+00:00,
06f3085b-00d6-41c7-a4b8-4990e413a279,0c75c528-0777-4d48-b0e4-87ab07dcd5a2,internal,Financial Accounting — full course bundle,"Good condition overall — some honest wear, but nothing that affects using it. Heading back home after this semester and cannot take it with me. Cash or Venmo. I can meet near campus any afternoon.",textbooks,,used_good,4000,false,false,10032,active,8,0,0,,2026-08-19T21:10:30+00:00,
b751b5d4-8a35-459c-808c-465ef2262cb1,d4753420-55e3-4598-a047-da09e69fedd7,internal,"Ski jacket and poles, size M",,sports,,like_new,17000,false,true,11205,active,14,1,0,,2026-08-20T01:46:40+00:00,
8a1181cf-1f44-4be6-91bd-3494aa8c9985,009d0e9b-5151-494d-928f-546ec09aa2f3,internal,"Standing desk, electric, 160×80","Good condition overall — some honest wear, but nothing that affects using it. I am graduating in May and everything has to go before I move out. Cash or Venmo. I can meet near Amsterdam Ave any afternoon.",furniture,desks,used_good,21000,false,false,10026,active,18,1,0,,2026-08-20T04:33:01+00:00,
c8e38b63-b81c-401f-b25c-366a008f9900,536e9f2a-3aad-4928-9766-ddb2f2ce04bb,internal,"Space heater, works fine",Barely touched — I moved into a furnished place two weeks later. I am graduating in May and everything has to go before I move out. Collect from Amsterdam Ave; message me and we will find a time. I will throw in the matching lamp for free.,kitchen_home,,like_new,12000,false,true,10025,sold,5,1,0,,2026-08-20T05:35:54+00:00,2026-08-21T14:47:45+00:00
67e280ee-025b-452f-9c39-0b32adc73634,,ebay,Segway Ninebot scooter,Some visible wear and a small chip on one corner. Happy to send more photos. Upgraded to a bigger one and have no room for both. Cash or Venmo. I can meet near 116th & Broadway any afternoon.,bikes_transport,,used_fair,14000,false,false,10026,active,11,2,0,https://www.ebay.com/itm/674230283628,2026-08-20T07:47:56+00:00,
20af1063-fd50-4255-bd49-0cee40fa21a7,ca9eb7cc-b0b4-4109-8c12-f728c1c22bd2,internal,"3-drawer dresser, white","Barely touched — I moved into a furnished place two weeks later. Finished the course, so I no longer need it. Easy pickup near 116th & Broadway, evenings and weekends work best. Open to a small discount if you take it today.",furniture,storage_shelving,like_new,9000,false,false,10025,active,8,1,1,,2026-08-20T09:53:21+00:00,
3f7f26d3-a27f-46bb-b8f1-410a45ebfff4,c60fc12d-ef3b-47a2-b08d-d35daaa0261f,internal,"Managerial Economics (Pearson), international edition","Used for two semesters and it has held up well. Nothing broken, a bit of normal wear. Finished the course, so I no longer need it. Cash or Venmo. I can meet near campus any afternoon. I will throw in the matching lamp for free.",textbooks,,used_good,5000,false,true,10027,reserved,91,15,2,,2026-08-20T11:26:51+00:00,
54adf167-9df8-445f-b82e-9eb14cd0c289,e5d66484-0921-411a-aecc-60e791695a29,internal,"Statistical Inference (Norton), international edition",,textbooks,,new,4000,false,true,10027,sold,9,0,0,,2026-08-20T14:34:55+00:00,2026-08-21T06:54:30+00:00
935de41a-dabc-4e7a-9660-85446f5c645b,33cd8209-3c57-4c7c-9796-06275679bd1a,internal,Logitech mouse + desk mat,"Brand new, still sealed — I ordered the wrong size and the return window closed. Upgraded to a bigger one and have no room for both. Collect from the Columbia gates; message me and we will find a time.",electronics,,new,7500,false,true,10451,sold,5,0,1,,2026-08-20T21:22:31+00:00,2026-08-30T13:15:38+00:00
6e9187f1-e41f-42e8-8a54-f47648585292,,ebay,Marketing Strategy — full course bundle,"Brand new, still sealed — I ordered the wrong size and the return window closed. Moving to a smaller place at the end of the month, so it needs a new home. Cash or Venmo. I can meet near campus any afternoon. Original box and instructions included.",textbooks,,new,9000,false,false,10030,active,9,1,0,https://www.ebay.com/itm/317046628544,2026-08-20T22:58:22+00:00,
ceb4ca8b-101b-48d3-b5a3-c3b62a4c3f3a,74375a59-e8c7-406f-8580-d46c74187dc9,internal,"IKEA SLATTUM bed frame, queen",Barely touched — I moved into a furnished place two weeks later. Heading back home after this semester and cannot take it with me. Cash or Venmo. I can meet near Amsterdam Ave any afternoon. Open to a small discount if you take it today.,furniture,beds_mattresses,like_new,8000,false,false,10013,sold,3,0,0,,2026-08-21T02:23:45+00:00,2026-08-26T23:41:50+00:00
bc6fd6dc-8670-41eb-a3d8-8222f504d440,780c8367-fbe3-4f3e-bb65-e449f49742c2,internal,"Dyson V8 cordless vacuum, all heads","Barely touched — I moved into a furnished place two weeks later. Finished the course, so I no longer need it. Easy pickup near the Columbia gates, evenings and weekends work best. Open to a small discount if you take it today.",electronics,,like_new,33000,false,false,10022,active,39,3,1,,2026-08-21T02:45:09+00:00,
f513281a-1d9b-42cb-b6bc-f90901a131ff,,facebook,"Steelcase Leap, size A","Some visible wear and a small chip on one corner. Happy to send more photos. Moving to a smaller place at the end of the month, so it needs a new home. Cash or Venmo. I can meet near Morningside Heights any afternoon. I will throw in the matching lamp for free.",furniture,chairs,used_fair,12000,false,false,10027,active,6,0,0,https://www.facebook.com/marketplace/item/874389947794,2026-08-21T08:53:32+00:00,
877b7c94-7184-44e7-8e4f-f2417c8a6a97,75c13d9c-916c-4e76-9219-1fb1448b7789,internal,Corporate Finance — full course bundle,"Used it for about a month and it looks the same as the day I got it. Finished the course, so I no longer need it. Easy pickup near Morningside Heights, evenings and weekends work best.",textbooks,,like_new,9000,false,false,10037,active,18,1,0,,2026-08-21T10:02:44+00:00,
3e05949a-da0c-4a21-aa18-083e6d855707,85a05a4b-ce52-43cf-8433-02a2cad529e1,internal,12-piece dinnerware set,"Genuinely like new. No marks, everything works exactly as it should. Heading back home after this semester and cannot take it with me. Pickup only, 3rd floor with an elevator — I can help carry it down to the street.",kitchen_home,,like_new,9000,false,false,10027,active,12,3,0,,2026-08-21T11:12:26+00:00,
d0d46aaf-f9c0-49f1-a6f9-153fb6b9eb6e,09df0479-c184-43eb-84fc-57806ea9743a,internal,Bike rack and floor pump,"Unopened, tags still on. Bought two by mistake. Moving to a smaller place at the end of the month, so it needs a new home. Pickup only, 3rd floor with an elevator — I can help carry it down to the street. Original box and instructions included.",bikes_transport,,new,5000,false,false,10025,active,62,6,0,,2026-08-21T14:37:30+00:00,
5dc2196d-3880-4a5d-8e15-57a8e2154396,a65291d3-0e33-4ea9-afd9-e6056f5fec42,internal,"Weight bench, folding","Everything works. A couple of light marks from moving, nothing structural. I am graduating in May and everything has to go before I move out. Cash or Venmo. I can meet near Morningside Heights any afternoon. I will throw in the matching lamp for free.",sports,,used_good,16000,false,true,10027,active,40,8,0,,2026-08-21T16:13:03+00:00,
0e4bbbb5-7a13-4267-9f46-8323dbfcf4f4,2dac0197-e076-459a-8d9a-034a44933296,internal,Marketing Strategy (Berk) 8th ed.,,textbooks,,like_new,4000,false,false,10031,sold,13,2,0,,2026-08-21T17:48:00+00:00,2026-08-23T13:53:27+00:00
3b82dbb3-648d-4621-877c-950c59280d09,6dfbbf9b-099b-425f-a0b4-4d13ee683924,internal,"Marketing Strategy reader, spiral bound",,textbooks,,used_good,3000,false,false,10027,active,7,0,0,,2026-08-21T18:32:16+00:00,
eddefc04-c8e3-4b53-b519-4baee03783fb,d70b90fa-8a9d-408e-b442-7d148a6095e5,internal,"IPad Pro 11"", wifi","Solid, no wobble — one small scuff on the back left that you cannot see once it is against a wall. Heading back home after this semester and cannot take it with me. Cash or Venmo. I can meet near the Columbia gates any afternoon.",electronics,,used_good,21000,false,true,10031,active,14,1,0,,2026-08-22T00:58:30+00:00,
14851931-67d6-485d-bb8a-e1d810c79f6d,b79ed613-8b3e-476e-8337-9d3542f26656,internal,"Dyson V8 cordless vacuum, all heads","Good condition overall — some honest wear, but nothing that affects using it. Moving to a smaller place at the end of the month, so it needs a new home. Pickup only, 3rd floor with an elevator — I can help carry it down to the street. I will throw in the matching lamp for free.",electronics,,used_good,12000,false,true,10027,active,13,2,0,,2026-08-22T06:06:02+00:00,
20fbf3de-c590-496c-99f2-9b2ea467a8db,009d0e9b-5151-494d-928f-546ec09aa2f3,internal,"Desk chair, white, adjustable","Solid, no wobble — one small scuff on the back left that you cannot see once it is against a wall. Upgraded to a bigger one and have no room for both. Pickup only, 3rd floor with an elevator — I can help carry it down to the street. I will throw in the matching lamp for free.",furniture,chairs,used_good,4500,false,true,10026,active,15,0,0,,2026-08-22T07:25:39+00:00,
d8bfe84e-b28e-423e-a581-bd87881f76bf,b35bb1cd-607f-4ff2-9161-bce4975c7369,internal,"IKEA MICKE desk 140×65, white","Solid, no wobble — one small scuff on the back left that you cannot see once it is against a wall. Heading back home after this semester and cannot take it with me. Pickup only, 3rd floor with an elevator — I can help carry it down to the street.",furniture,desks,used_good,9500,false,false,10030,sold,8,1,1,,2026-08-22T08:16:57+00:00,2026-08-28T04:55:13+00:00
71ef3568-5076-40a6-a6a7-081cc89158bc,6423836f-839b-4455-9791-d85c98ea5f5f,internal,"Samsung 32"" curved monitor + stand","Genuinely like new. No marks, everything works exactly as it should. Heading back home after this semester and cannot take it with me. Happy to hold it for a day if you need to arrange a car.",electronics,,like_new,9000,false,false,10031,sold,20,0,1,,2026-08-22T15:04:09+00:00,2026-08-28T21:04:37+00:00
1fc4dc96-dd29-49b6-b4b6-c7867fc00c42,e86b6f1b-0a3d-47bb-b10e-f87bc5c17b57,internal,"Cannondale Quick 4, S frame","Fair condition, priced to reflect it. Works fine, looks lived in. Heading back home after this semester and cannot take it with me. Pickup only, 3rd floor with an elevator — I can help carry it down to the street.",bikes_transport,,used_fair,9500,false,false,10031,active,8,0,0,,2026-08-22T16:08:33+00:00,
60b11008-7397-4502-80ba-05079950ba42,299a8f80-c512-4987-80d2-c15927f4e916,internal,"IKEA LAGKAPTEN desk 160×80, birch","Fair condition, priced to reflect it. Works fine, looks lived in. I am graduating in May and everything has to go before I move out. Happy to hold it for a day if you need to arrange a car. Original box and instructions included.",furniture,desks,used_fair,5000,false,false,10036,active,18,2,1,,2026-08-22T16:10:14+00:00,
ca56c5e9-fa83-4756-a5a9-d2c0fa59fee5,eb37e445-ad15-450f-aac9-165635b7ef7b,internal,Organic Chemistry 12th ed. + solutions manual,"Used for two semesters and it has held up well. Nothing broken, a bit of normal wear. I am graduating in May and everything has to go before I move out. Easy pickup near Morningside Heights, evenings and weekends work best. Original box and instructions included.",textbooks,,used_good,8000,false,false,10039,active,26,1,0,,2026-08-22T16:24:31+00:00,
4591aeeb-27a6-45fa-a281-5a7d696d266a,,ebay,Zojirushi kettle,"Used for two semesters and it has held up well. Nothing broken, a bit of normal wear. Finished the course, so I no longer need it. Collect from campus; message me and we will find a time. I will throw in the matching lamp for free.",kitchen_home,,used_good,8500,false,false,11201,active,9,1,0,https://www.ebay.com/itm/818026322480,2026-08-22T16:53:44+00:00,
acd8ca1f-ad79-4b6b-a6fc-ab3c12952b6e,d789fe7f-6977-4b4a-91ee-76ecc7a7dae8,internal,Marketing Strategy — full course bundle,"Genuinely like new. No marks, everything works exactly as it should. Heading back home after this semester and cannot take it with me. Collect from 116th & Broadway; message me and we will find a time.",textbooks,,like_new,8500,false,false,10027,active,7,0,0,,2026-08-22T17:17:23+00:00,
11ae416f-6f82-4bab-8ef7-92b79aca326a,17b21723-fa8f-407d-8126-f99b09b1578a,internal,"Pair of dining chairs, oak",,furniture,chairs,used_good,7000,false,false,10027,sold,6,0,0,,2026-08-22T18:38:42+00:00,2026-08-24T02:49:08+00:00
bb411b7e-1189-4f2b-ba05-547561a93fca,2ac3a3a5-640a-4b9b-a55a-419ce256fa53,internal,Hamilton Beach blender,"Good condition overall — some honest wear, but nothing that affects using it. I am graduating in May and everything has to go before I move out. Happy to hold it for a day if you need to arrange a car.",kitchen_home,,used_good,2500,false,false,10027,active,28,1,0,,2026-08-22T18:51:29+00:00,
4060b174-88a7-4293-bc55-6c31f3aacbf9,2dac0197-e076-459a-8d9a-034a44933296,internal,"Herman Miller Aeron, size B","Solid, no wobble — one small scuff on the back left that you cannot see once it is against a wall. Heading back home after this semester and cannot take it with me. Pickup only, 3rd floor with an elevator — I can help carry it down to the street.",furniture,chairs,used_good,0,true,false,10031,active,78,4,2,,2026-08-22T19:32:37+00:00,
60e2dc63-a7eb-4754-b4b0-e55231e92549,,ebay,"3-seat sofa, birch","Used it for about a month and it looks the same as the day I got it. I am graduating in May and everything has to go before I move out. Pickup only, 3rd floor with an elevator — I can help carry it down to the street.",furniture,sofas_tables,like_new,11000,false,false,11215,active,10,2,0,https://www.ebay.com/itm/892424550036,2026-08-23T00:06:19+00:00,
2f86cb69-10bd-4d09-ae57-3ad3552e8d9f,725e8519-9d26-48e9-a0d7-b1d766f3587d,internal,Folding shopping cart,,bikes_transport,,used_fair,2000,false,true,10034,active,9,1,1,,2026-08-23T01:43:12+00:00,
2a6ae7a2-99b3-4415-8f3e-116741187529,d4753420-55e3-4598-a047-da09e69fedd7,internal,Microeconomics (Cengage) 5th ed.,Used it for about a month and it looks the same as the day I got it. Upgraded to a bigger one and have no room for both. Cash or Venmo. I can meet near 116th & Broadway any afternoon.,textbooks,,like_new,8000,false,true,11205,active,5,0,1,,2026-08-23T03:24:57+00:00,
1f3adbd2-424b-4fdb-afdf-c8ffc81af922,,ebay,"Epidemiology (Pearson), international edition",Used it for about a month and it looks the same as the day I got it. Upgraded to a bigger one and have no room for both. Collect from the Columbia gates; message me and we will find a time.,textbooks,,like_new,4500,false,false,10012,active,12,3,0,https://www.ebay.com/itm/896063759900,2026-08-23T04:14:41+00:00,
d54da4c0-ac9c-4f6c-9b5c-169c45b56842,,ebay,Machine Learning (Wiley) 8th ed.,"Well used and it shows — a few dents and one sticky drawer, but it does its job. Heading back home after this semester and cannot take it with me. Collect from the Columbia gates; message me and we will find a time.",textbooks,,used_fair,1400,false,false,10032,active,10,0,0,https://www.ebay.com/itm/577635329336,2026-08-23T07:18:49+00:00,
d1e58459-d585-4c10-a7b5-dfc3520872d0,,karrot,"3-seat sofa, oak","Solid, no wobble — one small scuff on the back left that you cannot see once it is against a wall. Finished the course, so I no longer need it. Easy pickup near Amsterdam Ave, evenings and weekends work best. Can send more photos of any detail you want to see.",furniture,sofas_tables,used_good,27000,false,false,10026,active,12,2,0,https://us.karrotmarket.com/articles/981967949472,2026-08-23T08:48:09+00:00,
f1cb9745-5421-46c9-b938-5fea30242bd0,fda29f93-a3e8-4fb9-84ba-b9b7b56ec5c2,internal,"Dyson V8 cordless vacuum, all heads","Used for two semesters and it has held up well. Nothing broken, a bit of normal wear. I am graduating in May and everything has to go before I move out. Easy pickup near campus, evenings and weekends work best. Original box and instructions included.",electronics,,used_good,14000,false,false,10027,sold,23,1,0,,2026-08-23T10:30:43+00:00,2026-08-28T09:13:03+00:00
9c53b7ee-2d2c-4bfb-8a4f-fb0373361a69,,ebay,"Managerial Economics (Norton), international edition","Used it for about a month and it looks the same as the day I got it. Moving to a smaller place at the end of the month, so it needs a new home. Collect from Amsterdam Ave; message me and we will find a time.",textbooks,,like_new,6500,false,false,10039,active,64,4,0,https://www.ebay.com/itm/808123679060,2026-08-23T11:03:12+00:00,
4efeca58-eac8-463c-bea5-b52971d3c0a3,,facebook,Folding dining table + 2 chairs,,furniture,sofas_tables,used_good,8000,false,false,10018,active,12,0,0,https://www.facebook.com/marketplace/item/727464072615,2026-08-23T14:28:40+00:00,
fdde2bbb-fb20-48fe-8c81-ac8ca5b512db,,facebook,"Small writing desk, oak",,furniture,desks,used_good,8000,false,false,10128,active,8,1,0,https://www.facebook.com/marketplace/item/791469504632,2026-08-23T14:55:27+00:00,
56823149-785e-4c56-b185-5fe010ce4015,,facebook,Corporate Finance 12th ed. + solutions manual,"Genuinely like new. No marks, everything works exactly as it should. Finished the course, so I no longer need it. Cash or Venmo. I can meet near Morningside Heights any afternoon.",textbooks,,like_new,4000,false,false,10023,active,3,0,0,https://www.facebook.com/marketplace/item/395275699458,2026-08-23T15:19:46+00:00,
a0459ed0-b7af-48f0-911f-880c53fa33a6,c76f1c0b-bf00-4af7-84b8-6ec1e8252901,internal,"Drying rack, collect this week","Fair condition, priced to reflect it. Works fine, looks lived in. Bought it for a sublet that ended early. Collect from 116th & Broadway; message me and we will find a time.",free_stuff,,used_fair,0,true,false,10025,active,19,1,1,,2026-08-23T15:53:04+00:00,
a6a7af9f-03ac-4e34-9d41-1e4c7c9fc33b,fb8098ee-02d6-4b07-858e-99f58dd1d0ee,internal,Constitutional Law — full course bundle,"Brand new, still sealed — I ordered the wrong size and the return window closed. Moving to a smaller place at the end of the month, so it needs a new home. Collect from campus; message me and we will find a time.",textbooks,,new,9000,false,true,10027,active,70,8,2,,2026-08-23T19:23:20+00:00,
ed1c5872-cefc-4c7e-94d1-7337ca6f8aa8,73017fc1-97d8-40e8-b55e-c4e1738bfcbc,internal,"Pair of dining chairs, black-brown","Fair condition, priced to reflect it. Works fine, looks lived in. I am graduating in May and everything has to go before I move out. Pickup only, 3rd floor with an elevator — I can help carry it down to the street.",furniture,chairs,used_fair,5000,false,false,10025,active,33,2,0,,2026-08-23T19:46:57+00:00,
f52fe7aa-d3ee-43b1-9c30-d0705cb21838,,facebook,Folding dining table + 2 chairs,Some visible wear and a small chip on one corner. Happy to send more photos. Heading back home after this semester and cannot take it with me. Cash or Venmo. I can meet near campus any afternoon.,furniture,sofas_tables,used_fair,6500,false,false,10011,active,22,3,0,https://www.facebook.com/marketplace/item/135758846821,2026-08-23T21:39:41+00:00,
c33e7a79-f47e-483f-9cbb-dbc2f90b2994,,facebook,"Coffee table, walnut","Fair condition, priced to reflect it. Works fine, looks lived in. Moving to a smaller place at the end of the month, so it needs a new home. Cash or Venmo. I can meet near Morningside Heights any afternoon.",furniture,sofas_tables,used_fair,7500,false,false,10128,active,11,1,0,https://www.facebook.com/marketplace/item/127188102696,2026-08-23T22:25:49+00:00,
7383f2da-016b-4800-b89d-e9f9acbaf4bc,,karrot,Zojirushi kettle,Used it for about a month and it looks the same as the day I got it. Heading back home after this semester and cannot take it with me. Collect from Amsterdam Ave; message me and we will find a time.,kitchen_home,,like_new,8500,false,false,11375,active,6,0,0,https://us.karrotmarket.com/articles/246202285816,2026-08-24T01:06:20+00:00,
447b0dde-8445-4b54-a490-088c4423c962,,ebay,Wool scarf and glove set,"Solid, no wobble — one small scuff on the back left that you cannot see once it is against a wall. Moving to a smaller place at the end of the month, so it needs a new home. Cash or Venmo. I can meet near 116th & Broadway any afternoon.",clothing,,used_good,3500,false,false,10024,active,10,0,0,https://www.ebay.com/itm/213047361659,2026-08-24T02:14:27+00:00,
ac8e24cb-26fe-4fdf-811b-bc64bd6a2c71,79f24b18-9bf0-4e1b-be57-3291ef518791,internal,"IKEA BILLY shelf unit, oak","Used for two semesters and it has held up well. Nothing broken, a bit of normal wear. Finished the course, so I no longer need it. Collect from Amsterdam Ave; message me and we will find a time.",furniture,storage_shelving,used_good,3500,false,false,11354,active,14,0,0,,2026-08-24T02:46:58+00:00,
c54aac93-2be5-42fa-85db-c4ca6224cff3,73017fc1-97d8-40e8-b55e-c4e1738bfcbc,internal,Rolling clothes rack + hangers,"Well used and it shows — a few dents and one sticky drawer, but it does its job. Bought it for a sublet that ended early. Cash or Venmo. I can meet near Amsterdam Ave any afternoon. Can send more photos of any detail you want to see.",furniture,storage_shelving,used_fair,2000,false,false,10025,sold,8,1,0,,2026-08-24T04:44:27+00:00,2026-08-25T06:43:52+00:00
ba31c8de-0309-4ebf-899c-1e78f4ee4729,,karrot,Folding dining table + 2 chairs,"Genuinely like new. No marks, everything works exactly as it should. I am graduating in May and everything has to go before I move out. Happy to hold it for a day if you need to arrange a car.",furniture,sofas_tables,like_new,16000,false,false,10037,active,5,1,0,https://us.karrotmarket.com/articles/483003679773,2026-08-24T05:01:00+00:00,
4b7cd637-da03-468a-9395-2ef7a4c8c605,,facebook,Hamilton Beach blender,"Used for two semesters and it has held up well. Nothing broken, a bit of normal wear. Moving to a smaller place at the end of the month, so it needs a new home. Cash or Venmo. I can meet near Amsterdam Ave any afternoon.",kitchen_home,,used_good,2500,false,false,10024,active,15,1,0,https://www.facebook.com/marketplace/item/284360015282,2026-08-24T05:35:11+00:00,
12fc709c-1989-43b2-8f2d-64bea36a6ca6,,ebay,"Coffee table, black-brown","Used for two semesters and it has held up well. Nothing broken, a bit of normal wear. Upgraded to a bigger one and have no room for both. Easy pickup near the Columbia gates, evenings and weekends work best.",furniture,sofas_tables,used_good,8000,false,false,10036,active,6,1,0,https://www.ebay.com/itm/196251132757,2026-08-24T06:20:52+00:00,
d737ca66-1c5d-44b5-9dd5-f19b8718e78e,876215b5-4c2d-4c0d-86a1-ccfafdee1101,internal,Water filter pitcher + 2 filters,"Well used and it shows — a few dents and one sticky drawer, but it does its job. I am graduating in May and everything has to go before I move out. Collect from campus; message me and we will find a time. I will throw in the matching lamp for free.",kitchen_home,,used_fair,1000,false,true,10002,sold,19,0,0,,2026-08-24T07:18:51+00:00,2026-08-27T17:46:43+00:00
2c60db8f-5def-4b3f-b620-5a5779af1d2d,,facebook,Water filter pitcher + 2 filters,"Brand new, still sealed — I ordered the wrong size and the return window closed. Finished the course, so I no longer need it. Collect from campus; message me and we will find a time. Original box and instructions included.",kitchen_home,,new,2500,false,false,10024,active,15,1,0,https://www.facebook.com/marketplace/item/775907867799,2026-08-24T07:29:40+00:00,
f4f3701b-1948-4a8a-bd85-0e20d03b6948,,facebook,Marketing Strategy — full course bundle,Used it for about a month and it looks the same as the day I got it. Heading back home after this semester and cannot take it with me. Happy to hold it for a day if you need to arrange a car.,textbooks,,like_new,4500,false,false,10035,active,15,0,0,https://www.facebook.com/marketplace/item/130934609512,2026-08-24T07:45:07+00:00,
e717d0ff-4409-4c21-9d25-d29776b4801d,,facebook,"Standing desk, electric, 140×65","Fair condition, priced to reflect it. Works fine, looks lived in. Heading back home after this semester and cannot take it with me. Cash or Venmo. I can meet near Morningside Heights any afternoon.",furniture,desks,used_fair,14000,false,false,10024,active,5,0,0,https://www.facebook.com/marketplace/item/117087361782,2026-08-24T09:47:06+00:00,
4b1ca824-ef6f-4a83-aaff-ad7dc0dc158d,88f97422-e385-4200-84c1-cf21ce0c6cda,internal,"Full-length mirror, collect this week","Barely touched — I moved into a furnished place two weeks later. Finished the course, so I no longer need it. Easy pickup near Morningside Heights, evenings and weekends work best.",free_stuff,,like_new,0,true,false,11101,sold,29,3,0,,2026-08-24T10:55:55+00:00,2026-08-29T03:39:08+00:00
b406389d-f2ba-4db4-81fb-a5c07ed89d25,,karrot,"Mini fridge, works fine","Brand new, still sealed — I ordered the wrong size and the return window closed. Upgraded to a bigger one and have no room for both. Happy to hold it for a day if you need to arrange a car. Can send more photos of any detail you want to see.",kitchen_home,,new,12000,false,false,10012,active,38,5,0,https://us.karrotmarket.com/articles/432088901586,2026-08-24T10:58:39+00:00,
a2dec8d1-2e8d-4545-9888-591bc685c27b,373a53bb-6b51-442f-ac4b-1d028d9af863,internal,"Schwinn hybrid, M frame","Everything works. A couple of light marks from moving, nothing structural. Heading back home after this semester and cannot take it with me. Happy to hold it for a day if you need to arrange a car. Can send more photos of any detail you want to see.",bikes_transport,,used_good,14000,false,true,10016,active,15,1,0,,2026-08-24T14:42:08+00:00,
e4251e86-fd3b-4854-bb7d-bc38c9059115,,karrot,"Assorted kitchen utensils, collect this week","Fair condition, priced to reflect it. Works fine, looks lived in. I am graduating in May and everything has to go before I move out. Cash or Venmo. I can meet near campus any afternoon.",free_stuff,,used_fair,0,true,false,10026,active,31,3,0,https://us.karrotmarket.com/articles/204994547002,2026-08-24T18:10:17+00:00,
f6c9697e-01ed-4b28-a564-ed376c2a0030,e2bc1752-1983-472e-bbd9-c6fae7cac58a,internal,Anker power strip + USB-C hub,"Used it for about a month and it looks the same as the day I got it. Finished the course, so I no longer need it. Collect from 116th & Broadway; message me and we will find a time.",electronics,,like_new,7000,false,false,10031,active,12,1,1,,2026-08-24T20:36:31+00:00,
f71eb801-135f-41ac-b466-1ab057ace8fe,073d319d-25c3-4082-88f9-0cbb7e686a6c,internal,"Standing desk, electric, 120×60","Everything works. A couple of light marks from moving, nothing structural. Moving to a smaller place at the end of the month, so it needs a new home. Happy to hold it for a day if you need to arrange a car.",furniture,desks,used_good,11000,false,false,10027,active,10,1,0,,2026-08-24T21:47:04+00:00,
ea951014-1cb5-4221-9c3d-331beb344f22,a1e2e693-3bde-4f70-9281-01259889ee69,internal,"IKEA IVAR shelf unit, walnut","Solid, no wobble — one small scuff on the back left that you cannot see once it is against a wall. Bought it for a sublet that ended early. Easy pickup near Morningside Heights, evenings and weekends work best.",furniture,storage_shelving,used_good,3500,false,false,10027,active,17,1,1,,2026-08-24T22:30:10+00:00,
4fa303eb-428a-4e3a-9d68-fe1aa88480ed,,facebook,"ThinkPad X1, 8GB/256GB","Genuinely like new. No marks, everything works exactly as it should. Upgraded to a bigger one and have no room for both. Cash or Venmo. I can meet near Amsterdam Ave any afternoon.",electronics,,like_new,44000,false,false,10030,active,18,0,0,https://www.facebook.com/marketplace/item/590427801013,2026-08-24T22:30:51+00:00,
54b5569c-25c1-4fdf-ba09-6dc3fa8baf43,cbcba9e3-129e-437d-adc8-13aae5e788ac,internal,Set of 4 mugs and 4 glasses,"Solid, no wobble — one small scuff on the back left that you cannot see once it is against a wall. Upgraded to a bigger one and have no room for both. Collect from the Columbia gates; message me and we will find a time. I will throw in the matching lamp for free.",kitchen_home,,used_good,2500,false,false,10025,sold,10,1,0,,2026-08-24T22:46:35+00:00,2026-08-27T08:37:30+00:00
4a30f0fb-2c37-4680-96db-24f5c2c49d32,aedee5fd-dd23-420b-9df6-813aa5259225,internal,"Suit, size M, tailored once",,clothing,,like_new,17000,false,true,10027,active,15,0,0,,2026-08-25T03:33:12+00:00,
51a0dc9b-5f52-4f4f-b197-b6f81c97dd2c,,ebay,"Microeconomics (Wiley), international edition","Some visible wear and a small chip on one corner. Happy to send more photos. Upgraded to a bigger one and have no room for both. Pickup only, 3rd floor with an elevator — I can help carry it down to the street.",textbooks,,used_fair,2500,false,false,11101,active,6,0,0,https://www.ebay.com/itm/237223704806,2026-08-25T04:20:04+00:00,
a4395fa6-99b8-45dd-aa48-2bb8e331120e,,ebay,"Data Structures reader, spiral bound","Genuinely like new. No marks, everything works exactly as it should. I am graduating in May and everything has to go before I move out. Collect from the Columbia gates; message me and we will find a time.",textbooks,,like_new,3500,false,false,10027,active,46,3,0,https://www.ebay.com/itm/173786112665,2026-08-25T10:10:36+00:00,
52ed7fd8-3c08-423a-b502-080b7e1cfff8,67720afd-c98f-4042-88f8-4ee42ce6223e,internal,Financial Accounting (McGraw-Hill) 5th ed.,"Solid, no wobble — one small scuff on the back left that you cannot see once it is against a wall. Bought it for a sublet that ended early. Cash or Venmo. I can meet near 116th & Broadway any afternoon.",textbooks,,used_good,3000,false,false,10027,active,11,0,0,,2026-08-25T11:48:17+00:00,
ac9d4c31-b515-4b22-bc00-c2162839b43b,558257fc-53a1-45c0-9ece-75440adedee7,internal,"Space heater, works fine","Barely touched — I moved into a furnished place two weeks later. Bought it for a sublet that ended early. Easy pickup near Amsterdam Ave, evenings and weekends work best. Can send more photos of any detail you want to see.",kitchen_home,,like_new,12000,false,false,11106,active,7,1,0,,2026-08-25T17:22:17+00:00,
46ea777a-c2ce-4f54-bb5a-21bab386d3db,,ebay,Queen mattress + metal frame,,furniture,beds_mattresses,like_new,12000,false,false,10031,active,39,2,0,https://www.ebay.com/itm/391321887293,2026-08-25T22:47:02+00:00,
0429fd20-ff50-4282-8d3e-aaf024a8f713,2fdab17b-b531-49bd-b7bf-e2eccda6e5eb,internal,Instant Pot Duo 6qt,,kitchen_home,,used_good,7500,false,false,10038,active,7,0,0,,2026-08-25T23:08:44+00:00,
10b17762-faed-405c-a809-4bad287e6515,1a6871ca-4c9c-41a0-a153-98abff494d21,internal,"IKEA BESTÅ shelf unit, walnut","Brand new, still sealed — I ordered the wrong size and the return window closed. Moving to a smaller place at the end of the month, so it needs a new home. Easy pickup near the Columbia gates, evenings and weekends work best.",furniture,storage_shelving,new,12000,false,false,10027,active,6,1,1,,2026-08-25T23:34:00+00:00,
6ccf1395-15e5-4751-8de8-4dbc08ac1512,2b77ffd4-2ea9-47fb-b996-21cee3b20d07,internal,Set of 4 mugs and 4 glasses,"Solid, no wobble — one small scuff on the back left that you cannot see once it is against a wall. Finished the course, so I no longer need it. Cash or Venmo. I can meet near Amsterdam Ave any afternoon. Can send more photos of any detail you want to see.",kitchen_home,,used_good,1000,false,true,10022,sold,15,1,0,,2026-08-25T23:53:14+00:00,2026-08-30T05:27:45+00:00
98c6c6eb-9bb3-4e12-a383-a7de68f859ce,2dac0197-e076-459a-8d9a-034a44933296,internal,"3-drawer dresser, white","Some visible wear and a small chip on one corner. Happy to send more photos. Heading back home after this semester and cannot take it with me. Pickup only, 3rd floor with an elevator — I can help carry it down to the street.",furniture,storage_shelving,used_fair,3000,false,false,10031,active,10,3,0,,2026-08-26T00:14:13+00:00,
f84e5b68-b7bd-458c-88c6-47044661a648,,facebook,Financial Accounting — full course bundle,"Unopened, tags still on. Bought two by mistake. Finished the course, so I no longer need it. Happy to hold it for a day if you need to arrange a car.",textbooks,,new,8000,false,false,10017,active,12,1,0,https://www.facebook.com/marketplace/item/114249698888,2026-08-26T00:30:32+00:00,
accb7234-c955-49ca-a5d7-1be09b1d2230,b9a3d8a8-1d58-4cf2-971d-224a10dd8600,internal,Queen mattress + metal frame,"Good condition overall — some honest wear, but nothing that affects using it. Moving to a smaller place at the end of the month, so it needs a new home. Pickup only, 3rd floor with an elevator — I can help carry it down to the street.",furniture,beds_mattresses,used_good,15000,false,true,10027,active,7,1,0,,2026-08-26T00:48:43+00:00,
9670dba1-e483-43c9-add7-5755acb1b052,,ebay,"Managerial Economics (McGraw-Hill), international edition","Good condition overall — some honest wear, but nothing that affects using it. I am graduating in May and everything has to go before I move out. Collect from campus; message me and we will find a time. I will throw in the matching lamp for free.",textbooks,,used_good,2000,false,false,10451,active,10,0,0,https://www.ebay.com/itm/385161435376,2026-08-26T01:21:41+00:00,
95dd66bd-9ae4-4eb4-bff1-8f5210df932d,,ebay,Spalding basketball,"Good condition overall — some honest wear, but nothing that affects using it. Heading back home after this semester and cannot take it with me. Pickup only, 3rd floor with an elevator — I can help carry it down to the street.",sports,,used_good,5000,false,false,10027,active,5,0,0,https://www.ebay.com/itm/744508188656,2026-08-26T01:43:01+00:00,
7a6be940-c8d4-4e7b-bb22-2441bfe1ac04,,ebay,Zojirushi kettle,"Solid, no wobble — one small scuff on the back left that you cannot see once it is against a wall. I am graduating in May and everything has to go before I move out. Happy to hold it for a day if you need to arrange a car.",kitchen_home,,used_good,7500,false,false,11101,active,31,3,0,https://www.ebay.com/itm/822202214558,2026-08-26T03:10:05+00:00,
70d569d9-5d20-47fe-8a2a-335065ac3154,9c406b9d-cd77-4899-a023-48de9fc080a7,internal,"MacBook Pro 13"", 8GB/256GB",,electronics,,used_fair,26000,false,false,10027,active,23,1,1,,2026-08-26T05:07:26+00:00,
70d57186-8a6a-4900-a72a-22d67223373d,f7fc3247-4e08-45c5-bf07-1580aa80b186,internal,"Memory foam mattress topper, twin XL","Some visible wear and a small chip on one corner. Happy to send more photos. Moving to a smaller place at the end of the month, so it needs a new home. Happy to hold it for a day if you need to arrange a car.",furniture,beds_mattresses,used_fair,2500,false,false,10027,active,9,1,0,,2026-08-26T07:45:17+00:00,
2003a121-bc80-4d06-acdc-aff06fa65967,,karrot,"3-drawer dresser, beige","Solid, no wobble — one small scuff on the back left that you cannot see once it is against a wall. Upgraded to a bigger one and have no room for both. Happy to hold it for a day if you need to arrange a car.",furniture,storage_shelving,used_good,12000,false,false,10451,active,11,1,0,https://us.karrotmarket.com/articles/302448258334,2026-08-26T08:30:27+00:00,
4d6d2a3a-c9c5-4c7e-a104-c3c18155c0a8,,facebook,Constitutional Law — full course bundle,"Genuinely like new. No marks, everything works exactly as it should. Moving to a smaller place at the end of the month, so it needs a new home. Easy pickup near Amsterdam Ave, evenings and weekends work best.",textbooks,,like_new,7000,false,false,11101,active,39,3,0,https://www.facebook.com/marketplace/item/980973992533,2026-08-26T16:41:50+00:00,
d6560226-0936-45f2-ae7f-8d35634d064c,,ebay,"Winter boots, size S, waterproof","Unopened, tags still on. Bought two by mistake. Finished the course, so I no longer need it. Easy pickup near Morningside Heights, evenings and weekends work best. Can send more photos of any detail you want to see.",clothing,,new,6000,false,false,10029,active,10,2,0,https://www.ebay.com/itm/269025795581,2026-08-26T20:31:52+00:00,
e87b0fa9-4ed9-44fc-bbbf-06b4ed9786d0,,facebook,"Textbook bundle, collect this week",Some visible wear and a small chip on one corner. Happy to send more photos. Heading back home after this semester and cannot take it with me. Cash or Venmo. I can meet near Amsterdam Ave any afternoon.,free_stuff,,used_fair,0,true,false,10029,active,36,4,0,https://www.facebook.com/marketplace/item/376462847214,2026-08-26T22:11:30+00:00,
26d71ae5-55f9-489f-a7d9-e725a55ff39d,,facebook,Folding shopping cart,"Solid, no wobble — one small scuff on the back left that you cannot see once it is against a wall. Upgraded to a bigger one and have no room for both. Easy pickup near Morningside Heights, evenings and weekends work best.",bikes_transport,,used_good,2500,false,false,10011,active,6,3,0,https://www.facebook.com/marketplace/item/945271927846,2026-08-26T22:49:06+00:00,
1b9647bc-9144-40fe-a9dc-57775d37b277,,ebay,Epidemiology (McGraw-Hill) 5th ed.,"Barely touched — I moved into a furnished place two weeks later. Finished the course, so I no longer need it. Happy to hold it for a day if you need to arrange a car.",textbooks,,like_new,4000,false,false,10012,active,10,0,0,https://www.ebay.com/itm/325558249889,2026-08-26T23:43:55+00:00,
39640189-066a-4b9c-9800-e690bbb178e2,94b88316-7ce0-493b-8421-126aaef1e308,internal,"Doc Martens 1460, US 9","Genuinely like new. No marks, everything works exactly as it should. Upgraded to a bigger one and have no room for both. Cash or Venmo. I can meet near the Columbia gates any afternoon.",clothing,,like_new,7000,false,false,10025,active,12,1,0,,2026-08-27T01:07:04+00:00,
41b80e63-7e14-41d3-9f11-9cf86705ff76,,ebay,Rolling clothes rack + hangers,"Genuinely like new. No marks, everything works exactly as it should. Heading back home after this semester and cannot take it with me. Easy pickup near Morningside Heights, evenings and weekends work best.",furniture,storage_shelving,like_new,4000,false,false,10032,active,40,3,0,https://www.ebay.com/itm/371279361668,2026-08-27T01:14:58+00:00,
a1e121c3-8862-4d37-945c-5b1adcd046f7,85a05a4b-ce52-43cf-8433-02a2cad529e1,internal,"Steelcase Leap, size C",,furniture,chairs,like_new,9500,false,false,10027,active,24,2,0,,2026-08-27T03:38:58+00:00,
060c5bbd-a96d-48e3-bcf6-0fe9e51a1918,,ebay,"Weight bench, folding",Used it for about a month and it looks the same as the day I got it. Bought it for a sublet that ended early. Collect from campus; message me and we will find a time. Open to a small discount if you take it today.,sports,,like_new,19000,false,false,10039,active,8,1,0,https://www.ebay.com/itm/150299061375,2026-08-27T07:50:00+00:00,
6bd4c671-8a69-4030-93b0-7aa859f1e90f,e294d7c5-9f72-4226-9091-d2cf6c147a17,internal,Financial Accounting 8th ed. + solutions manual,"Used it for about a month and it looks the same as the day I got it. Upgraded to a bigger one and have no room for both. Easy pickup near Amsterdam Ave, evenings and weekends work best.",textbooks,,like_new,6000,false,true,10031,active,12,0,0,,2026-08-27T08:41:36+00:00,
39f94350-ab27-4aa0-b965-c45f15d27653,2e23fd62-664f-4904-93b9-98484374da38,internal,Organic Chemistry (Cengage) 9th ed.,"Good condition overall — some honest wear, but nothing that affects using it. Moving to a smaller place at the end of the month, so it needs a new home. Easy pickup near 116th & Broadway, evenings and weekends work best.",textbooks,,used_good,3000,false,false,10038,draft,0,0,0,,2026-08-27T11:17:17+00:00,
86827b72-569a-44fe-ae48-d5a5fac45523,,ebay,Folding dining table + 2 chairs,"Used for two semesters and it has held up well. Nothing broken, a bit of normal wear. Heading back home after this semester and cannot take it with me. Easy pickup near Amsterdam Ave, evenings and weekends work best.",furniture,sofas_tables,used_good,8500,false,false,10023,active,4,0,0,https://www.ebay.com/itm/664549817987,2026-08-27T11:25:20+00:00,
7d466433-d628-41f1-977e-a89edc52fb74,,ebay,"Memory foam mattress topper, full","Used for two semesters and it has held up well. Nothing broken, a bit of normal wear. Upgraded to a bigger one and have no room for both. Pickup only, 3rd floor with an elevator — I can help carry it down to the street. Can send more photos of any detail you want to see.",furniture,beds_mattresses,used_good,7000,false,false,10013,active,12,1,0,https://www.ebay.com/itm/658985158190,2026-08-27T11:39:16+00:00,
3c90bfa2-2e44-4bfa-9379-96da14976838,c075f716-f675-4694-b3ea-4a26b1bb740a,internal,"Kobo Clara, wifi",,electronics,,used_good,9000,false,false,10027,sold,18,1,0,,2026-08-27T15:42:05+00:00,2026-08-29T11:50:49+00:00
7f95110f-d99a-4280-b68d-9ac52ea05b0c,,facebook,"IKEA MALM bed frame, twin XL","Well used and it shows — a few dents and one sticky drawer, but it does its job. I am graduating in May and everything has to go before I move out. Happy to hold it for a day if you need to arrange a car.",furniture,beds_mattresses,used_fair,7000,false,false,10027,active,25,2,0,https://www.facebook.com/marketplace/item/561676594871,2026-08-27T16:31:41+00:00,
a16cbad7-2d7b-416a-9fd0-98b8c0a491e9,,facebook,Set of 4 mugs and 4 glasses,Some visible wear and a small chip on one corner. Happy to send more photos. Bought it for a sublet that ended early. Collect from Amsterdam Ave; message me and we will find a time.,kitchen_home,,used_fair,1000,false,false,11238,active,6,0,0,https://www.facebook.com/marketplace/item/939094762310,2026-08-27T20:41:49+00:00,
0aac7aa5-0da1-4271-92c0-92b31cb468c7,,ebay,Queen mattress + metal frame,"Barely touched — I moved into a furnished place two weeks later. Finished the course, so I no longer need it. Easy pickup near Amsterdam Ave, evenings and weekends work best.",furniture,beds_mattresses,like_new,23000,false,false,10027,active,10,0,0,https://www.ebay.com/itm/135447451390,2026-08-27T22:05:49+00:00,
e1fb36bd-38dd-4bc6-ac6a-f3e946e3cf50,,facebook,Folding dining table + 2 chairs,,furniture,sofas_tables,like_new,13000,false,false,11354,active,5,0,0,https://www.facebook.com/marketplace/item/271504986925,2026-08-27T22:24:52+00:00,
40110dcb-2fb3-4d6a-8805-b9e529d0932e,14de7a21-0292-46d5-91cf-5ab7a5ec694f,internal,Hamilton Beach blender,"Solid, no wobble — one small scuff on the back left that you cannot see once it is against a wall. I am graduating in May and everything has to go before I move out. Cash or Venmo. I can meet near campus any afternoon. Original box and instructions included.",kitchen_home,,used_good,3500,false,true,10029,active,22,1,0,,2026-08-28T01:08:39+00:00,
1aa639da-80da-44a3-abc8-154ea268413e,0d96e00f-74b3-437c-8105-b3ac48dba63d,internal,"MacBook Pro 13"", 8GB/256GB",,electronics,,like_new,45000,false,false,10027,active,5,0,0,,2026-08-28T05:48:35+00:00,
89df24b8-71c0-48b5-b41f-d005f06db668,,facebook,12-piece dinnerware set,"Used for two semesters and it has held up well. Nothing broken, a bit of normal wear. Upgraded to a bigger one and have no room for both. Easy pickup near Amsterdam Ave, evenings and weekends work best.",kitchen_home,,used_good,4500,false,false,10016,active,14,2,0,https://www.facebook.com/marketplace/item/401817116500,2026-08-28T07:20:52+00:00,
fb1c95e3-772d-445b-9f6e-898672683abc,,ebay,Managerial Economics international ed. + solutions manual,"Well used and it shows — a few dents and one sticky drawer, but it does its job. Finished the course, so I no longer need it. Collect from the Columbia gates; message me and we will find a time.",textbooks,,used_fair,4000,false,false,10029,active,6,0,0,https://www.ebay.com/itm/373058494956,2026-08-28T08:07:39+00:00,
b32a2fdc-2bf3-43bd-93df-062756d6807d,,facebook,Epidemiology 8th ed. + solutions manual,"Solid, no wobble — one small scuff on the back left that you cannot see once it is against a wall. Upgraded to a bigger one and have no room for both. Collect from Morningside Heights; message me and we will find a time.",textbooks,,used_good,4000,false,false,11238,active,10,1,0,https://www.facebook.com/marketplace/item/543702267349,2026-08-28T11:55:12+00:00,
6e067676-37e4-43da-88f9-3de11b9c4217,7524322e-1510-48cc-868b-8d59b328109b,internal,"ThinkPad X1, 8GB/256GB",Never used. Bought it in September and it has sat in the box since. Upgraded to a bigger one and have no room for both. Collect from campus; message me and we will find a time.,electronics,,new,50000,false,false,10027,active,17,2,0,,2026-08-28T13:15:53+00:00,
44851e22-4b87-4c6d-b4c6-fadbda3dec3f,ea8951c3-9063-4555-961a-8fcb0cc9fd92,internal,Anker power strip + USB-C hub,"Some visible wear and a small chip on one corner. Happy to send more photos. Moving to a smaller place at the end of the month, so it needs a new home. Pickup only, 3rd floor with an elevator — I can help carry it down to the street.",electronics,,used_fair,3000,false,false,10025,sold,24,0,1,,2026-08-28T13:29:54+00:00,2026-09-01T22:12:25+00:00
14c10fe7-c88a-461a-8592-cb38ad6e65e5,,facebook,"Marketing Strategy reader, spiral bound","Brand new, still sealed — I ordered the wrong size and the return window closed. Finished the course, so I no longer need it. Cash or Venmo. I can meet near 116th & Broadway any afternoon. Can send more photos of any detail you want to see.",textbooks,,new,3500,false,false,10030,active,3,0,0,https://www.facebook.com/marketplace/item/397810197978,2026-08-28T14:24:40+00:00,
b9ca30f8-f9d5-4036-b291-3b95d85fb1b8,cb3f27ba-7b73-4263-a8df-7fc52f4ac105,internal,Wool scarf and glove set,"Used it for about a month and it looks the same as the day I got it. Moving to a smaller place at the end of the month, so it needs a new home. Collect from Amsterdam Ave; message me and we will find a time. Original box and instructions included.",clothing,,like_new,4000,false,true,10025,active,3,0,0,,2026-08-28T15:03:02+00:00,
b275116f-19b0-4bfe-ada1-1c3066e4fa2e,cf7bc542-a4a8-4473-9640-41c0acb7aea5,internal,"Nike Air Force 1, US 9","Good condition overall — some honest wear, but nothing that affects using it. Upgraded to a bigger one and have no room for both. Easy pickup near the Columbia gates, evenings and weekends work best.",clothing,,used_good,4500,false,false,10027,active,14,1,0,,2026-08-28T20:57:01+00:00,
cb050302-5e40-4b9f-af07-18e8858a48ba,,karrot,Logitech mouse + desk mat,"Solid, no wobble — one small scuff on the back left that you cannot see once it is against a wall. Bought it for a sublet that ended early. Easy pickup near campus, evenings and weekends work best.",electronics,,used_good,5000,false,false,10027,active,7,0,0,https://us.karrotmarket.com/articles/108794368133,2026-08-28T20:59:42+00:00,
91e5c419-3b7b-476f-8c93-1575cf36d015,,ebay,Bike rack and floor pump,"Some visible wear and a small chip on one corner. Happy to send more photos. Finished the course, so I no longer need it. Happy to hold it for a day if you need to arrange a car. Original box and instructions included.",bikes_transport,,used_fair,3500,false,false,10036,active,11,0,0,https://www.ebay.com/itm/465803007410,2026-08-29T01:19:51+00:00,
744301dd-54b1-4221-8032-62bf8d4f6423,10c9cdcb-4a1c-4f44-9e34-61195bfc8e59,internal,"Coffee table, black-brown","Genuinely like new. No marks, everything works exactly as it should. Moving to a smaller place at the end of the month, so it needs a new home. Pickup only, 3rd floor with an elevator — I can help carry it down to the street.",furniture,sofas_tables,like_new,12000,false,true,11101,active,8,0,0,,2026-08-29T02:04:19+00:00,
36dabac1-a34a-45ae-94dc-ec62e41a9039,,ebay,Wool scarf and glove set,Barely touched — I moved into a furnished place two weeks later. Bought it for a sublet that ended early. Happy to hold it for a day if you need to arrange a car. I will throw in the matching lamp for free.,clothing,,like_new,4500,false,false,10031,active,3,1,0,https://www.ebay.com/itm/709678490009,2026-08-29T03:20:54+00:00,
da4f2c58-2762-4333-b927-cbe25c9d391a,a1f3b9bd-77ee-4e74-b526-4ee00f40666f,internal,"Winter boots, size L, waterproof",,clothing,,like_new,0,true,false,10021,sold,13,1,1,,2026-08-29T05:57:42+00:00,2026-08-29T20:09:45+00:00
2fe15b68-e907-405f-8b32-3b4bd0a10b4f,373a53bb-6b51-442f-ac4b-1d028d9af863,internal,"Nike Air Force 1, US 9","Everything works. A couple of light marks from moving, nothing structural. I am graduating in May and everything has to go before I move out. Cash or Venmo. I can meet near Amsterdam Ave any afternoon. Open to a small discount if you take it today.",clothing,,used_good,4000,false,true,10016,reserved,21,1,1,,2026-08-29T06:21:48+00:00,
0970e2c4-3e2e-4368-9603-7c5870b9d078,,karrot,Wool scarf and glove set,"Solid, no wobble — one small scuff on the back left that you cannot see once it is against a wall. Moving to a smaller place at the end of the month, so it needs a new home. Cash or Venmo. I can meet near campus any afternoon.",clothing,,used_good,1700,false,false,11375,active,35,1,0,https://us.karrotmarket.com/articles/251685731072,2026-08-29T08:26:58+00:00,
ff0f99fd-0ffc-4e2b-862f-084af9b913b6,bc0e5868-3a1d-4493-ad13-df81dcf8102c,internal,"IKEA MALM desk 120×60, black-brown","Good condition overall — some honest wear, but nothing that affects using it. Finished the course, so I no longer need it. Pickup only, 3rd floor with an elevator — I can help carry it down to the street.",furniture,desks,used_good,5000,false,true,10031,active,30,2,1,,2026-08-29T09:18:18+00:00,
7e624dfe-4adb-460a-b620-6bc550b74622,,ebay,"IPad 9th gen, wifi","Unopened, tags still on. Bought two by mistake. I am graduating in May and everything has to go before I move out. Pickup only, 3rd floor with an elevator — I can help carry it down to the street.",electronics,,new,38000,false,false,10037,active,12,1,0,https://www.ebay.com/itm/457394839349,2026-08-29T09:38:47+00:00,
b994db64-28e8-4ccd-a82d-b82934d0341f,,ebay,Twin XL mattress + metal frame,"Solid, no wobble — one small scuff on the back left that you cannot see once it is against a wall. Bought it for a sublet that ended early. Happy to hold it for a day if you need to arrange a car. I will throw in the matching lamp for free.",furniture,beds_mattresses,used_good,15000,false,false,11238,active,12,0,0,https://www.ebay.com/itm/514756792824,2026-08-29T09:45:55+00:00,
5bf9ea72-1561-4a7d-80d9-8914904a0a7c,,ebay,Financial Accounting (Berk) 5th ed.,,textbooks,,used_good,3500,false,false,11101,active,29,3,0,https://www.ebay.com/itm/982493616392,2026-08-29T10:45:31+00:00,
31074fdf-9ac6-4259-b2cb-9f3b9c9ecd57,f8ec5735-1c8f-4776-b569-2f0195771513,internal,Water filter pitcher + 2 filters,"Fair condition, priced to reflect it. Works fine, looks lived in. Finished the course, so I no longer need it. Easy pickup near 116th & Broadway, evenings and weekends work best.",kitchen_home,,used_fair,0,true,false,10013,active,6,0,0,,2026-08-29T10:53:45+00:00,
787b0167-9fe4-48c5-a283-e6b8069e9308,ce6b81a6-725e-4425-8a3f-ff7c7aaf1d32,internal,"Winter boots, size L, waterproof","Genuinely like new. No marks, everything works exactly as it should. Finished the course, so I no longer need it. Cash or Venmo. I can meet near the Columbia gates any afternoon.",clothing,,like_new,8000,false,true,10025,active,16,2,1,,2026-08-29T13:10:02+00:00,
dbab0906-fabd-4d99-be4a-a0ada97130ab,,facebook,"Ski jacket and poles, size L",,sports,,used_good,13000,false,false,10009,active,18,4,0,https://www.facebook.com/marketplace/item/187813842488,2026-08-29T13:28:11+00:00,
70053080-b076-45f9-8f35-efb51c326f78,,facebook,Anker power strip + USB-C hub,"Some visible wear and a small chip on one corner. Happy to send more photos. Finished the course, so I no longer need it. Happy to hold it for a day if you need to arrange a car.",electronics,,used_fair,3000,false,false,10026,active,7,1,0,https://www.facebook.com/marketplace/item/207733232993,2026-08-29T14:43:48+00:00,
2f99a0fc-4af5-45a6-836e-eed553e5eaec,bb3f9ce6-0a1f-4b57-afad-55266a6686f8,internal,"Desk chair, birch, adjustable","Genuinely like new. No marks, everything works exactly as it should. Bought it for a sublet that ended early. Collect from the Columbia gates; message me and we will find a time. Original box and instructions included.",furniture,chairs,like_new,6000,false,false,10027,active,20,1,0,,2026-08-29T16:38:48+00:00,
a51ac7b1-eeb5-4130-8511-7d3278a59b87,,ebay,"Winter boots, size S, waterproof","Everything works. A couple of light marks from moving, nothing structural. Heading back home after this semester and cannot take it with me. Happy to hold it for a day if you need to arrange a car.",clothing,,used_good,8000,false,false,10029,active,5,2,0,https://www.ebay.com/itm/128309106715,2026-08-29T16:59:12+00:00,
7a879bac-9c73-4aa6-8d40-541dd330fadd,,ebay,"3-drawer dresser, grey","Some visible wear and a small chip on one corner. Happy to send more photos. Moving to a smaller place at the end of the month, so it needs a new home. Easy pickup near Amsterdam Ave, evenings and weekends work best. Can send more photos of any detail you want to see.",furniture,storage_shelving,used_fair,6000,false,false,10003,active,3,0,0,https://www.ebay.com/itm/899810198223,2026-08-29T19:25:55+00:00,
b0fe3a93-8efb-4d48-b6b3-9fdcd2e3a62b,ba4e0520-1425-44b4-ba42-764ccd9799f7,internal,Epidemiology (McGraw-Hill) 6th ed.,"Solid, no wobble — one small scuff on the back left that you cannot see once it is against a wall. Bought it for a sublet that ended early. Cash or Venmo. I can meet near 116th & Broadway any afternoon.",textbooks,,used_good,2000,false,true,10027,active,3,0,0,,2026-08-29T20:38:51+00:00,
0ad8e05f-64e6-4536-acd9-e6bc5814a0a2,,facebook,Xiaomi M365 scooter,,bikes_transport,,used_good,11000,false,false,10019,active,17,1,0,https://www.facebook.com/marketplace/item/810851376255,2026-08-29T21:09:10+00:00,
aed382ee-6829-4ce8-86ca-7257b5346258,73017fc1-97d8-40e8-b55e-c4e1738bfcbc,internal,"Corporate Finance (Wiley), international edition","Used it for about a month and it looks the same as the day I got it. Moving to a smaller place at the end of the month, so it needs a new home. Collect from the Columbia gates; message me and we will find a time.",textbooks,,like_new,5000,false,true,10025,active,45,2,1,,2026-08-29T21:49:04+00:00,
1149a18e-19be-4e8f-a77f-e0bd2a9553ab,001acc59-baa7-4324-aeeb-b8d19223f06a,internal,"Assorted kitchen utensils, collect this week","Barely touched — I moved into a furnished place two weeks later. Moving to a smaller place at the end of the month, so it needs a new home. Pickup only, 3rd floor with an elevator — I can help carry it down to the street.",free_stuff,,like_new,0,true,false,10027,active,24,2,0,,2026-08-29T23:35:47+00:00,
3b5fb111-6234-471f-9520-fc7b42c6d425,,facebook,"Humidifier, works fine","Well used and it shows — a few dents and one sticky drawer, but it does its job. Moving to a smaller place at the end of the month, so it needs a new home. Happy to hold it for a day if you need to arrange a car. Original box and instructions included.",kitchen_home,,used_fair,3500,false,false,10029,active,17,1,0,https://www.facebook.com/marketplace/item/745179295247,2026-08-30T01:26:22+00:00,
7c7c131f-8b3c-47b8-9298-73a8c36a5d4d,,ebay,"Desk chair, white, adjustable","Genuinely like new. No marks, everything works exactly as it should. Bought it for a sublet that ended early. Collect from Morningside Heights; message me and we will find a time.",furniture,chairs,like_new,11000,false,false,10031,active,6,1,0,https://www.ebay.com/itm/407987004402,2026-08-30T01:52:55+00:00,
0b8b0155-d471-4ac4-a522-abd0ddd31cc7,,ebay,Water filter pitcher + 2 filters,"Genuinely like new. No marks, everything works exactly as it should. Bought it for a sublet that ended early. Cash or Venmo. I can meet near Amsterdam Ave any afternoon.",kitchen_home,,like_new,1800,false,false,10038,active,12,0,0,https://www.ebay.com/itm/678130734827,2026-08-30T01:55:06+00:00,
8baeca70-ba40-4710-8895-34b82b846602,,facebook,Corporate Finance 8th ed. + solutions manual,"Used it for about a month and it looks the same as the day I got it. Moving to a smaller place at the end of the month, so it needs a new home. Easy pickup near Amsterdam Ave, evenings and weekends work best.",textbooks,,like_new,9000,false,false,10026,active,13,0,0,https://www.facebook.com/marketplace/item/799512251555,2026-08-30T02:00:51+00:00,
d29d4b5b-5a62-4c49-a349-86f6e4ba9bc4,,facebook,Rolling clothes rack + hangers,,furniture,storage_shelving,used_fair,3500,false,false,10010,active,42,2,0,https://www.facebook.com/marketplace/item/629737901787,2026-08-30T02:18:13+00:00,
4aaeae50-da36-4674-a548-22f39a05d0c1,61bc54ff-d92a-459a-b783-749eeba4b206,internal,Rolling clothes rack + hangers,"Genuinely like new. No marks, everything works exactly as it should. Finished the course, so I no longer need it. Collect from Amsterdam Ave; message me and we will find a time.",furniture,storage_shelving,like_new,6000,false,false,10022,reserved,8,0,1,,2026-08-30T04:51:21+00:00,
193ef822-4ef6-43ba-a0e5-9156b97db0d7,,facebook,"Blundstone 550, US 9","Solid, no wobble — one small scuff on the back left that you cannot see once it is against a wall. Bought it for a sublet that ended early. Pickup only, 3rd floor with an elevator — I can help carry it down to the street.",clothing,,used_good,6000,false,false,10023,active,7,1,0,https://www.facebook.com/marketplace/item/868523561698,2026-08-30T05:06:27+00:00,
948c6c62-92e3-484f-ae98-884e7e18cf88,38736e97-8380-4bc8-9d40-b95a6d5761ef,internal,"IKEA KALLAX shelf unit, walnut",Barely touched — I moved into a furnished place two weeks later. Heading back home after this semester and cannot take it with me. Collect from Amsterdam Ave; message me and we will find a time. Original box and instructions included.,furniture,storage_shelving,like_new,12000,false,false,10027,active,10,1,0,,2026-08-30T07:27:09+00:00,
0626e1cd-5607-417f-890c-9e2e96720e78,d4e30b6e-aa93-40ee-8750-e1f001abcea7,internal,"Ski jacket and poles, size M","Unopened, tags still on. Bought two by mistake. I am graduating in May and everything has to go before I move out. Easy pickup near campus, evenings and weekends work best.",sports,,new,14000,false,true,10025,active,64,4,1,,2026-08-30T08:04:20+00:00,
923999ad-44e7-4e8f-83bc-722f996a4928,,karrot,"Canada Goose parka, size XL",,clothing,,used_good,9500,false,false,10018,active,7,1,0,https://us.karrotmarket.com/articles/815652646333,2026-08-30T09:23:22+00:00,
801519f1-a746-47ed-b65e-70874d1a33a4,,karrot,Anker power strip + USB-C hub,"Solid, no wobble — one small scuff on the back left that you cannot see once it is against a wall. Finished the course, so I no longer need it. Pickup only, 3rd floor with an elevator — I can help carry it down to the street.",electronics,,used_good,3500,false,false,10280,active,7,2,0,https://us.karrotmarket.com/articles/446612172376,2026-08-30T10:42:57+00:00,
b6013930-e5b8-4d1f-b5d0-49b6900ab956,,facebook,"Pair of dining chairs, birch","Good condition overall — some honest wear, but nothing that affects using it. Bought it for a sublet that ended early. Collect from 116th & Broadway; message me and we will find a time. Original box and instructions included.",furniture,chairs,used_good,3500,false,false,10013,active,25,2,0,https://www.facebook.com/marketplace/item/977062554783,2026-08-30T11:03:53+00:00,
9dadb395-34df-46de-a0cd-65cd058ac1f2,,karrot,Corporate Finance — full course bundle,"Good condition overall — some honest wear, but nothing that affects using it. Moving to a smaller place at the end of the month, so it needs a new home. Cash or Venmo. I can meet near Morningside Heights any afternoon. Can send more photos of any detail you want to see.",textbooks,,used_good,6000,false,false,11375,active,32,4,0,https://us.karrotmarket.com/articles/878231901023,2026-08-30T13:14:18+00:00,
5cb4c3ac-321a-420a-b561-c2d26e880bb1,,facebook,"Dyson V8 cordless vacuum, all heads","Solid, no wobble — one small scuff on the back left that you cannot see once it is against a wall. Moving to a smaller place at the end of the month, so it needs a new home. Collect from Morningside Heights; message me and we will find a time.",electronics,,used_good,17000,false,false,10002,active,12,2,0,https://www.facebook.com/marketplace/item/871923664176,2026-08-30T14:31:16+00:00,
a55f53a2-36cd-4323-a590-816ed7fd65db,,ebay,Anker power strip + USB-C hub,Barely touched — I moved into a furnished place two weeks later. Bought it for a sublet that ended early. Cash or Venmo. I can meet near campus any afternoon. Original box and instructions included.,electronics,,like_new,7000,false,false,10026,active,5,0,0,https://www.ebay.com/itm/632826503654,2026-08-30T14:42:33+00:00,
9279c9c7-c408-4262-9511-f88e580fa880,,ebay,"Kindle Paperwhite, wifi","Fair condition, priced to reflect it. Works fine, looks lived in. Bought it for a sublet that ended early. Cash or Venmo. I can meet near Amsterdam Ave any afternoon.",electronics,,used_fair,4500,false,false,11101,active,7,0,0,https://www.ebay.com/itm/563432455691,2026-08-30T14:43:05+00:00,
8f9f179d-51d5-43d2-90ad-474cb968af8c,501e8ce4-ec88-49ee-8091-df9797903b55,internal,Water filter pitcher + 2 filters,"Used for two semesters and it has held up well. Nothing broken, a bit of normal wear. Moving to a smaller place at the end of the month, so it needs a new home. Pickup only, 3rd floor with an elevator — I can help carry it down to the street.",kitchen_home,,used_good,1800,false,false,10027,active,12,2,1,,2026-08-30T15:44:34+00:00,
be8b2786-7518-49da-82c4-4d629fe7da97,,ebay,"IKEA MARKUS, size A","Well used and it shows — a few dents and one sticky drawer, but it does its job. I am graduating in May and everything has to go before I move out. Cash or Venmo. I can meet near campus any afternoon. I will throw in the matching lamp for free.",furniture,chairs,used_fair,14000,false,false,10023,active,17,2,0,https://www.ebay.com/itm/994124998484,2026-08-30T16:23:16+00:00,
71a0699f-669a-434e-ac77-c3b9da9705ca,,ebay,"Space heater, works fine","Good condition overall — some honest wear, but nothing that affects using it. Moving to a smaller place at the end of the month, so it needs a new home. Happy to hold it for a day if you need to arrange a car.",kitchen_home,,used_good,6000,false,false,10040,active,5,1,0,https://www.ebay.com/itm/176083412885,2026-08-30T17:33:06+00:00,
592c3520-c4fd-4929-9e25-0e36f2595843,,karrot,"Blundstone 550, US 9","Good condition overall — some honest wear, but nothing that affects using it. I am graduating in May and everything has to go before I move out. Happy to hold it for a day if you need to arrange a car.",clothing,,used_good,7500,false,false,11101,active,6,0,0,https://us.karrotmarket.com/articles/294267356154,2026-08-30T18:49:28+00:00,
0c37f7bf-0715-4d30-b700-5b605240e332,,ebay,Full mattress + metal frame,"Genuinely like new. No marks, everything works exactly as it should. Heading back home after this semester and cannot take it with me. Pickup only, 3rd floor with an elevator — I can help carry it down to the street.",furniture,beds_mattresses,like_new,14000,false,false,10280,active,18,0,0,https://www.ebay.com/itm/508117545850,2026-08-30T19:38:22+00:00,
cb962328-8814-41ea-8169-0053040409aa,b4873cd1-b543-4232-ba4e-8dd873f8eef3,internal,Beats Studio3 headphones,"Everything works. A couple of light marks from moving, nothing structural. Heading back home after this semester and cannot take it with me. Cash or Venmo. I can meet near the Columbia gates any afternoon.",electronics,,used_good,20000,false,false,10027,reserved,13,0,0,,2026-08-30T19:46:48+00:00,
73e498f7-a743-4e74-b00d-59329f2c5b25,73017fc1-97d8-40e8-b55e-c4e1738bfcbc,internal,Data Structures — full course bundle,"Genuinely like new. No marks, everything works exactly as it should. Heading back home after this semester and cannot take it with me. Easy pickup near Morningside Heights, evenings and weekends work best. Can send more photos of any detail you want to see.",textbooks,,like_new,9000,false,false,10025,active,30,2,0,,2026-08-30T22:24:07+00:00,
34b4dc0c-80a6-401a-ac23-110ecc3b3fe7,,facebook,"Small writing desk, birch","Used for two semesters and it has held up well. Nothing broken, a bit of normal wear. Finished the course, so I no longer need it. Easy pickup near Amsterdam Ave, evenings and weekends work best. Open to a small discount if you take it today.",furniture,desks,used_good,8500,false,false,10026,active,19,2,0,https://www.facebook.com/marketplace/item/434976484353,2026-08-31T01:44:51+00:00,
f77ea610-bda1-4597-9bee-1b2df21197b5,,ebay,"Standing desk, electric, 160×80","Everything works. A couple of light marks from moving, nothing structural. Heading back home after this semester and cannot take it with me. Happy to hold it for a day if you need to arrange a car.",furniture,desks,used_good,22000,false,false,10032,active,6,0,0,https://www.ebay.com/itm/975550118058,2026-08-31T03:12:02+00:00,
9dde89b0-f145-435d-ad58-1ae1c18c24e7,60e4a087-d37a-496f-8841-564316fa7ec6,internal,Water filter pitcher + 2 filters,"Everything works. A couple of light marks from moving, nothing structural. Finished the course, so I no longer need it. Happy to hold it for a day if you need to arrange a car.",kitchen_home,,used_good,2500,false,true,10027,active,3,1,0,,2026-08-31T03:43:52+00:00,
4d2848b3-b549-4317-b3f1-9226f1405dfe,,ebay,Wool scarf and glove set,"Everything works. A couple of light marks from moving, nothing structural. Bought it for a sublet that ended early. Collect from campus; message me and we will find a time. Can send more photos of any detail you want to see.",clothing,,used_good,2500,false,false,10040,active,4,1,0,https://www.ebay.com/itm/289782030640,2026-08-31T04:26:57+00:00,
ca1b64ca-62eb-423c-afa1-c04ec8f450bc,,ebay,"IKEA MALM bed frame, queen","Good condition overall — some honest wear, but nothing that affects using it. Moving to a smaller place at the end of the month, so it needs a new home. Cash or Venmo. I can meet near Morningside Heights any afternoon.",furniture,beds_mattresses,used_good,12000,false,false,10009,active,6,0,0,https://www.ebay.com/itm/412044313556,2026-08-31T05:58:22+00:00,
1d998bd7-d659-432e-98ce-4eaa56e310be,88cd8efd-6959-47db-8377-f4735e76c1f2,internal,"Doc Martens 1460, US 9","Good condition overall — some honest wear, but nothing that affects using it. Finished the course, so I no longer need it. Easy pickup near Morningside Heights, evenings and weekends work best.",clothing,,used_good,12000,false,false,10003,active,42,0,0,,2026-08-31T06:46:09+00:00,
f1bd29ff-047e-4539-aac4-6ff1ecf01a11,,ebay,Bike rack and floor pump,"Good condition overall — some honest wear, but nothing that affects using it. Finished the course, so I no longer need it. Easy pickup near Morningside Heights, evenings and weekends work best.",bikes_transport,,used_good,2500,false,false,10019,active,11,2,0,https://www.ebay.com/itm/374559687281,2026-08-31T11:52:51+00:00,
4e17481a-8b58-4b0d-b452-7237c2cb707d,,karrot,Statistical Inference (Cengage) 12th ed.,Used it for about a month and it looks the same as the day I got it. Heading back home after this semester and cannot take it with me. Happy to hold it for a day if you need to arrange a car. Original box and instructions included.,textbooks,,like_new,5000,false,false,10031,active,10,0,0,https://us.karrotmarket.com/articles/743928367292,2026-08-31T11:55:36+00:00,
115344d6-193b-465d-9c5e-36ae184c278f,,facebook,"Space heater, works fine","Brand new, still sealed — I ordered the wrong size and the return window closed. Heading back home after this semester and cannot take it with me. Easy pickup near the Columbia gates, evenings and weekends work best.",kitchen_home,,new,9500,false,false,10029,active,16,2,0,https://www.facebook.com/marketplace/item/294277002614,2026-08-31T12:31:40+00:00,
1d4242b8-fd28-4ade-969a-3759dcd6d78b,,facebook,"Dyson V8 cordless vacuum, all heads","Unopened, tags still on. Bought two by mistake. Moving to a smaller place at the end of the month, so it needs a new home. Pickup only, 3rd floor with an elevator — I can help carry it down to the street.",electronics,,new,36000,false,false,10016,active,11,0,0,https://www.facebook.com/marketplace/item/212705015867,2026-08-31T13:48:31+00:00,
6b5fa422-e047-40f6-be85-db369abf59d7,,facebook,"Moving boxes, collect this week",Used it for about a month and it looks the same as the day I got it. I am graduating in May and everything has to go before I move out. Happy to hold it for a day if you need to arrange a car.,free_stuff,,like_new,0,true,false,10024,active,8,0,0,https://www.facebook.com/marketplace/item/802642360435,2026-08-31T14:28:29+00:00,
34ecda05-c775-4ea9-aebf-e5ea4ad9cc81,,facebook,Data Structures 8th ed. + solutions manual,"Used for two semesters and it has held up well. Nothing broken, a bit of normal wear. Finished the course, so I no longer need it. Happy to hold it for a day if you need to arrange a car. Open to a small discount if you take it today.",textbooks,,used_good,2500,false,false,10031,active,9,0,0,https://www.facebook.com/marketplace/item/250520724076,2026-08-31T14:31:54+00:00,
3bab00fa-8598-40d1-9b93-13382c7d1b19,,facebook,"Marketing Strategy (Wiley), international edition","Well used and it shows — a few dents and one sticky drawer, but it does its job. Bought it for a sublet that ended early. Happy to hold it for a day if you need to arrange a car.",textbooks,,used_fair,3500,false,false,10027,active,8,0,0,https://www.facebook.com/marketplace/item/367787019550,2026-08-31T15:39:47+00:00,
45823176-c0fd-41e9-bb7f-e496c725ab81,,ebay,Bike rack and floor pump,"Everything works. A couple of light marks from moving, nothing structural. Heading back home after this semester and cannot take it with me. Cash or Venmo. I can meet near 116th & Broadway any afternoon.",bikes_transport,,used_good,2500,false,false,10027,active,13,0,0,https://www.ebay.com/itm/826130274476,2026-08-31T15:45:12+00:00,
76296d97-7dc3-45dd-8ed0-dbb5679e7d40,dd97c4bf-c562-41cd-943b-218a8b5baac4,internal,"Pair of dining chairs, birch","Some visible wear and a small chip on one corner. Happy to send more photos. Heading back home after this semester and cannot take it with me. Pickup only, 3rd floor with an elevator — I can help carry it down to the street.",furniture,chairs,used_fair,3000,false,true,10027,active,4,0,0,,2026-08-31T16:30:37+00:00,
64458165-74f3-41c5-b97c-a2bf17e19a46,,ebay,"Desk chair, navy, adjustable","Used for two semesters and it has held up well. Nothing broken, a bit of normal wear. I am graduating in May and everything has to go before I move out. Cash or Venmo. I can meet near the Columbia gates any afternoon.",furniture,chairs,used_good,6500,false,false,10025,active,7,1,0,https://www.ebay.com/itm/895981398464,2026-08-31T17:30:39+00:00,
8723cd3f-3951-4b6c-a86e-4155769a2f17,38736e97-8380-4bc8-9d40-b95a6d5761ef,internal,Corporate Finance — full course bundle,"Used for two semesters and it has held up well. Nothing broken, a bit of normal wear. Upgraded to a bigger one and have no room for both. Easy pickup near campus, evenings and weekends work best.",textbooks,,used_good,5000,false,false,10027,active,8,0,0,,2026-08-31T18:30:58+00:00,
4392cb16-ebb4-4589-83a0-e4a72550f9e2,60e4a087-d37a-496f-8841-564316fa7ec6,internal,"Trek FX 2, M frame","Unopened, tags still on. Bought two by mistake. Bought it for a sublet that ended early. Cash or Venmo. I can meet near Amsterdam Ave any afternoon. Can send more photos of any detail you want to see.",bikes_transport,,new,38000,false,false,10027,active,7,1,0,,2026-08-31T19:45:55+00:00,
5cad2a18-525a-4d22-b132-b56b02929b05,,ebay,"Mechanical keyboard, grey","Some visible wear and a small chip on one corner. Happy to send more photos. Upgraded to a bigger one and have no room for both. Pickup only, 3rd floor with an elevator — I can help carry it down to the street.",electronics,,used_fair,5000,false,false,10026,active,10,0,0,https://www.ebay.com/itm/732245091147,2026-08-31T19:59:02+00:00,
fa0298d1-4f5e-47ff-9a76-5a0133ce1b6f,780c8367-fbe3-4f3e-bb65-e449f49742c2,internal,Data Structures — full course bundle,"Unopened, tags still on. Bought two by mistake. Finished the course, so I no longer need it. Collect from the Columbia gates; message me and we will find a time.",textbooks,,new,8000,false,true,10022,active,2,1,0,,2026-08-31T21:27:13+00:00,
e1b27c7e-06eb-4062-b60b-203bd8931b35,,facebook,"Small writing desk, oak",Some visible wear and a small chip on one corner. Happy to send more photos. Upgraded to a bigger one and have no room for both. Collect from campus; message me and we will find a time.,furniture,desks,used_fair,3000,false,false,10001,active,4,0,0,https://www.facebook.com/marketplace/item/200395801947,2026-08-31T23:23:44+00:00,
266d5810-6e04-4fd5-b578-a191f12afd41,34441c15-0467-4b92-b3ab-8deb1054c830,internal,"Coffee table, white",,furniture,sofas_tables,used_good,4000,false,false,10031,active,26,1,0,,2026-09-01T00:23:10+00:00,
57cc5763-a833-4346-a9cc-da79f325407d,,ebay,"IKEA MALM desk 100×50, white","Genuinely like new. No marks, everything works exactly as it should. Upgraded to a bigger one and have no room for both. Pickup only, 3rd floor with an elevator — I can help carry it down to the street. Can send more photos of any detail you want to see.",furniture,desks,like_new,5500,false,false,10028,active,2,0,0,https://www.ebay.com/itm/428224314698,2026-09-01T00:59:45+00:00,
0808c89f-a690-40f3-9811-268c91c1ccce,,karrot,Epidemiology 7th ed. + solutions manual,"Good condition overall — some honest wear, but nothing that affects using it. Upgraded to a bigger one and have no room for both. Pickup only, 3rd floor with an elevator — I can help carry it down to the street. Open to a small discount if you take it today.",textbooks,,used_good,3500,false,false,10028,active,12,0,0,https://us.karrotmarket.com/articles/439035527132,2026-09-01T01:37:58+00:00,
53feaa5d-ed2c-4952-a47d-0be673439e1e,,ebay,"Patagonia fleece, size XS","Solid, no wobble — one small scuff on the back left that you cannot see once it is against a wall. I am graduating in May and everything has to go before I move out. Easy pickup near 116th & Broadway, evenings and weekends work best. Can send more photos of any detail you want to see.",clothing,,used_good,22000,false,false,10023,active,9,0,0,https://www.ebay.com/itm/711719169108,2026-09-01T03:31:27+00:00,
561bd14f-6c20-4b05-bd5a-fd5e9632687b,,ebay,"Memory foam mattress topper, full","Fair condition, priced to reflect it. Works fine, looks lived in. Heading back home after this semester and cannot take it with me. Pickup only, 3rd floor with an elevator — I can help carry it down to the street.",furniture,beds_mattresses,used_fair,2000,false,false,10027,active,7,0,0,https://www.ebay.com/itm/853977629445,2026-09-01T06:05:21+00:00,
2dc3719f-3065-4cec-a6ca-1b5d84e5378b,,facebook,Cuisinart toaster oven,,kitchen_home,,like_new,5500,false,false,10023,active,15,2,0,https://www.facebook.com/marketplace/item/765992555273,2026-09-01T07:19:01+00:00,
cf5c62d7-06a9-4f3f-902f-7672fb0eaf0d,,ebay,"IKEA NEIDEN bed frame, full","Used for two semesters and it has held up well. Nothing broken, a bit of normal wear. Bought it for a sublet that ended early. Collect from campus; message me and we will find a time.",furniture,beds_mattresses,used_good,11000,false,false,11201,active,4,0,0,https://www.ebay.com/itm/378425190721,2026-09-01T08:05:43+00:00,
4c52fbfa-3743-4f2f-a85c-58754e42912a,,facebook,"IKEA HEMNES bed frame, twin XL","Good condition overall — some honest wear, but nothing that affects using it. Moving to a smaller place at the end of the month, so it needs a new home. Pickup only, 3rd floor with an elevator — I can help carry it down to the street.",furniture,beds_mattresses,used_good,6000,false,false,10009,active,14,2,0,https://www.facebook.com/marketplace/item/479485994480,2026-09-01T11:59:43+00:00,
2136d380-f651-4425-b55c-8776de683f96,,ebay,"Pair of dining chairs, oak",Barely touched — I moved into a furnished place two weeks later. Bought it for a sublet that ended early. Happy to hold it for a day if you need to arrange a car.,furniture,chairs,like_new,5000,false,false,11354,active,9,1,0,https://www.ebay.com/itm/592536676894,2026-09-01T12:17:21+00:00,
ecbbfd67-5746-45e2-945d-cd21651feb70,658d561c-1651-4aa7-9c5f-4cc6fe4afb70,internal,"ThinkPad X1, 8GB/256GB",Used it for about a month and it looks the same as the day I got it. I am graduating in May and everything has to go before I move out. Happy to hold it for a day if you need to arrange a car.,electronics,,like_new,50000,false,false,10025,active,4,0,0,,2026-09-01T16:23:05+00:00,
d39ccb6d-2e10-4d94-b5f6-23d5d8e5f222,,ebay,"Microeconomics reader, spiral bound","Used for two semesters and it has held up well. Nothing broken, a bit of normal wear. Upgraded to a bigger one and have no room for both. Collect from Amsterdam Ave; message me and we will find a time.",textbooks,,used_good,3000,false,false,10036,active,16,1,0,https://www.ebay.com/itm/883065870192,2026-09-01T17:30:17+00:00,
1e7ce03f-c321-4f85-b704-4715e194b228,,facebook,"Statistical Inference reader, spiral bound","Barely touched — I moved into a furnished place two weeks later. Bought it for a sublet that ended early. Easy pickup near the Columbia gates, evenings and weekends work best.",textbooks,,like_new,2000,false,false,10029,active,1,0,0,https://www.facebook.com/marketplace/item/753313386574,2026-09-01T21:28:53+00:00,
e175d3a4-8895-4ba8-bc37-21b42af5aeb0,,facebook,Anker power strip + USB-C hub,Used it for about a month and it looks the same as the day I got it. Upgraded to a bigger one and have no room for both. Cash or Venmo. I can meet near 116th & Broadway any afternoon. Can send more photos of any detail you want to see.,electronics,,like_new,6500,false,false,10463,active,10,4,0,https://www.facebook.com/marketplace/item/686794435295,2026-09-01T22:10:03+00:00,
50a8c213-2309-4453-96e2-ca28e0fbaaf2,,ebay,"ReMarkable 2, wifi",Never used. Bought it in September and it has sat in the box since. Heading back home after this semester and cannot take it with me. Happy to hold it for a day if you need to arrange a car. I will throw in the matching lamp for free.,electronics,,new,18000,false,false,10022,active,3,0,0,https://www.ebay.com/itm/967789562624,2026-09-01T23:14:48+00:00,
29bf8ddd-b8f9-4057-8d94-d7c5f4ee75a6,514cc026-35f8-49f0-9e68-dff0aa3aab07,internal,Desk lamp — free to a good home,"Solid, no wobble — one small scuff on the back left that you cannot see once it is against a wall. Bought it for a sublet that ended early. Happy to hold it for a day if you need to arrange a car.",free_stuff,,used_good,0,true,false,10027,active,9,0,0,,2026-09-01T23:34:45+00:00,
8b05b175-9399-4873-aebc-2fdadf550ef6,,facebook,"Dyson V8 cordless vacuum, all heads","Good condition overall — some honest wear, but nothing that affects using it. Finished the course, so I no longer need it. Happy to hold it for a day if you need to arrange a car. I will throw in the matching lamp for free.",electronics,,used_good,17000,false,false,10017,active,4,0,0,https://www.facebook.com/marketplace/item/891716332555,2026-09-01T23:59:11+00:00,
835932d2-29cf-4d00-9f28-1fd3e910b483,,ebay,Marketing Strategy — full course bundle,"Brand new, still sealed — I ordered the wrong size and the return window closed. Finished the course, so I no longer need it. Collect from campus; message me and we will find a time.",textbooks,,new,8500,false,false,11215,active,16,1,0,https://www.ebay.com/itm/437878436435,2026-09-02T00:12:42+00:00,
02d000a2-a5dd-4fc7-9f7e-9a17e1147272,d103d768-2880-46ed-b2c3-6b7b04ebc1d8,internal,"Small writing desk, black-brown",,furniture,desks,used_good,3500,false,false,10027,active,3,0,0,,2026-09-02T00:55:30+00:00,
7e1f4e97-3c6c-4e2b-b5cb-2d39545cabd3,,facebook,Logitech mouse + desk mat,"Used it for about a month and it looks the same as the day I got it. Moving to a smaller place at the end of the month, so it needs a new home. Happy to hold it for a day if you need to arrange a car.",electronics,,like_new,5000,false,false,10035,active,19,2,0,https://www.facebook.com/marketplace/item/275505860287,2026-09-02T03:11:19+00:00,
aed83032-9435-4713-8b3e-923a2a1314b8,,facebook,"Loveseat sofa, white","Everything works. A couple of light marks from moving, nothing structural. Heading back home after this semester and cannot take it with me. Easy pickup near Morningside Heights, evenings and weekends work best.",furniture,sofas_tables,used_good,12000,false,false,10025,active,4,0,0,https://www.facebook.com/marketplace/item/352083878161,2026-09-02T03:23:03+00:00,
c492f3a3-b6d0-445a-adbb-950bd6488f8b,,facebook,"Statistical Inference (Pearson), international edition",,textbooks,,like_new,2500,false,false,10013,active,2,0,0,https://www.facebook.com/marketplace/item/932590453190,2026-09-02T04:30:16+00:00,
5830eb49-6bda-4ee7-91e3-7171150e174c,,ebay,"Weight bench, folding","Good condition overall — some honest wear, but nothing that affects using it. Finished the course, so I no longer need it. Cash or Venmo. I can meet near the Columbia gates any afternoon. I will throw in the matching lamp for free.",sports,,used_good,13000,false,false,10014,active,2,0,0,https://www.ebay.com/itm/655704850576,2026-09-02T06:30:34+00:00,
057d1ec6-86ec-45f8-a4be-44d8ad13a65a,7275315b-de5e-4c67-9b01-11b25728750a,internal,"Canada Goose parka, size XS","Used for two semesters and it has held up well. Nothing broken, a bit of normal wear. Moving to a smaller place at the end of the month, so it needs a new home. Easy pickup near campus, evenings and weekends work best. Original box and instructions included.",clothing,,used_good,6500,false,false,11238,active,2,0,0,,2026-09-02T10:42:14+00:00,
73a8184f-b864-4db9-a3cf-97b2bf16af8b,b7fef60e-e709-4148-b2be-091d4a9dc1a5,internal,"ASUS 24"" 144Hz monitor + stand",,electronics,,used_good,14000,false,false,10031,active,7,2,0,,2026-09-02T11:05:25+00:00,
