query,file,photographer,source_url,licence
air purifier,data/photo_pool/air-purifier/00.jpg,kadus64,https://www.flickr.com/photos/35052140@N05/6803828120,by-sa 2.0
air purifier,data/photo_pool/air-purifier/01.jpg,bfishadow,https://www.flickr.com/photos/61368956@N00/6471707209,by 2.0
air purifier,data/photo_pool/air-purifier/02.jpg,kennejima,https://www.flickr.com/photos/17152247@N00/6339398458,by 2.0
air purifier,data/photo_pool/air-purifier/03.jpg,Morn,https://commons.wikimedia.org/w/index.php?curid=108202463,cc0 1.0
air purifier,data/photo_pool/air-purifier/04.jpg,ericheath,https://www.flickr.com/photos/59162210@N00/2555589154,by 2.0
air purifier,data/photo_pool/air-purifier/05.jpg,Home Air Quality Guides,https://commons.wikimedia.org/w/index.php?curid=128817932,by-sa 2.0
basketball,data/photo_pool/basketball/00.jpg,Phil Roeder,https://www.flickr.com/photos/88876166@N00/16811802575,by 2.0
basketball,data/photo_pool/basketball/01.jpg,"DeusXFlorida (11,059,330 views) - thanks guys!",https://www.flickr.com/photos/8363028@N08/3283446933,by 2.0
basketball,data/photo_pool/basketball/02.jpg,frankdouwes,https://www.flickr.com/photos/26209626@N05/3549107451,by 2.0
basketball,data/photo_pool/basketball/03.jpg,"DeusXFlorida (11,059,330 views) - thanks guys!",https://www.flickr.com/photos/8363028@N08/3284270018,by 2.0
basketball,data/photo_pool/basketball/04.jpg,j9sk9s,https://www.flickr.com/photos/20943407@N08/4128778346,by 2.0
basketball,data/photo_pool/basketball/05.jpg,Seattle Municipal Archives,https://www.flickr.com/photos/24256351@N04/2650237862,by 2.0
beige desk chair,data/photo_pool/beige-desk-chair/00.jpg,,https://www.brooklynmuseum.org/opencollection/objects/50979,by 3.0
beige desk chair,data/photo_pool/beige-desk-chair/01.jpg,,https://www.brooklynmuseum.org/opencollection/objects/50979,by 3.0
beige desk chair,data/photo_pool/beige-desk-chair/02.jpg,,https://www.brooklynmuseum.org/opencollection/objects/50979,by 3.0
beige desk chair,data/photo_pool/beige-desk-chair/03.jpg,,https://www.brooklynmuseum.org/opencollection/objects/50979,by 3.0
beige desk chair,data/photo_pool/beige-desk-chair/04.jpg,,https://www.brooklynmuseum.org/opencollection/objects/50979,by 3.0
beige desk chair,data/photo_pool/beige-desk-chair/05.jpg,,https://www.brooklynmuseum.org/opencollection/objects/50979,by 3.0
beige sofa couch,data/photo_pool/beige-sofa-couch/00.jpg,Plage Vinilos y Decoración,https://www.flickr.com/photos/59209848@N08/5549366003,by 2.0
beige sofa couch,data/photo_pool/beige-sofa-couch/01.jpg,Plage Vinilos y Decoración,https://www.flickr.com/photos/59209848@N08/5429094366,by 2.0
beige sofa couch,data/photo_pool/beige-sofa-couch/02.jpg,Miia Sample,https://www.flickr.com/photos/78835633@N00/3678071352,by-sa 2.0
beige sofa couch,data/photo_pool/beige-sofa-couch/03.jpg,Miia Sample,https://www.flickr.com/photos/78835633@N00/3678073618,by-sa 2.0
beige sofa couch,data/photo_pool/beige-sofa-couch/04.jpg,Nadya Peek,https://www.flickr.com/photos/79234916@N00/16505315,by 2.0
beige sofa couch,data/photo_pool/beige-sofa-couch/05.jpg,PattayaPatrol,https://www.flickr.com/photos/194424926@N05/54298165566,by-sa 2.0
bicycle pump,data/photo_pool/bicycle-pump/00.jpg,User:GodOfKittens,https://commons.wikimedia.org/w/index.php?curid=25118376,by-sa 3.0
bicycle pump,data/photo_pool/bicycle-pump/01.jpg,londoncyclist,https://www.flickr.com/photos/10978010@N07/9143630753,by 2.0
bicycle pump,data/photo_pool/bicycle-pump/02.jpg,Bicycle Bob,https://www.flickr.com/photos/81012549@N00/5377555712,by-sa 2.0
bicycle pump,data/photo_pool/bicycle-pump/03.jpg,samsaundersbristol,https://www.flickr.com/photos/59993138@N00/13447129213,by-sa 2.0
bicycle pump,data/photo_pool/bicycle-pump/04.jpg,matsuyuki,https://www.flickr.com/photos/12173213@N00/173176440,by-sa 2.0
bike helmet lock,data/photo_pool/bike-helmet-lock/00.jpg,MSVG,https://www.flickr.com/photos/13907834@N00/5747906229,by 2.0
bike helmet lock,data/photo_pool/bike-helmet-lock/01.jpg,dbking,https://www.flickr.com/photos/65193799@N00/2750714149,by 2.0
bike helmet lock,data/photo_pool/bike-helmet-lock/02.jpg,austinevan,https://www.flickr.com/photos/19762676@N00/887339707,by 2.0
bike helmet lock,data/photo_pool/bike-helmet-lock/03.jpg,archer10 (Dennis),https://www.flickr.com/photos/22490717@N02/51446871930,by-sa 2.0
bike helmet lock,data/photo_pool/bike-helmet-lock/04.jpg,DVIDSHUB,https://www.flickr.com/photos/28650594@N03/5546513703,by 2.0
bike helmet lock,data/photo_pool/bike-helmet-lock/05.jpg,Phil and Pam,https://www.flickr.com/photos/33987777@N00/2249558844,by 2.0
birch desk chair,data/photo_pool/birch-desk-chair/00.jpg,tequilamike,https://www.flickr.com/photos/20169331@N00/8263457216,by 2.0
birch desk chair,data/photo_pool/birch-desk-chair/01.jpg,museado,https://www.flickr.com/photos/200781279@N05/53903296021,cc0 1.0
birch desk chair,data/photo_pool/birch-desk-chair/02.jpg,museado,https://www.flickr.com/photos/200781279@N05/53903159875,cc0 1.0
birch desk chair,data/photo_pool/birch-desk-chair/03.jpg,museado,https://www.flickr.com/photos/200781279@N05/53902717981,cc0 1.0
birch desk chair,data/photo_pool/birch-desk-chair/04.jpg,museado,https://www.flickr.com/photos/200781279@N05/53903566324,cc0 1.0
birch desk chair,data/photo_pool/birch-desk-chair/05.jpg,museado,https://www.flickr.com/photos/200781279@N05/53902430074,cc0 1.0
birch sofa couch,data/photo_pool/birch-sofa-couch/00.jpg,museado,https://www.flickr.com/photos/200781279@N05/53903353801,cc0 1.0
birch sofa couch,data/photo_pool/birch-sofa-couch/01.jpg,museado,https://www.flickr.com/photos/200781279@N05/53902153878,cc0 1.0
birch sofa couch,data/photo_pool/birch-sofa-couch/02.jpg,museado,https://www.flickr.com/photos/200781279@N05/53902895514,cc0 1.0
birch sofa couch,data/photo_pool/birch-sofa-couch/03.jpg,museado,https://www.flickr.com/photos/200781279@N05/53902531543,cc0 1.0
birch sofa couch,data/photo_pool/birch-sofa-couch/04.jpg,museado,https://www.flickr.com/photos/200781279@N05/53900969927,cc0 1.0
birch sofa couch,data/photo_pool/birch-sofa-couch/05.jpg,museado,https://www.flickr.com/photos/200781279@N05/53901796817,cc0 1.0
birch wooden desk,data/photo_pool/birch-wooden-desk/00.jpg,Associated Fabrication,https://www.flickr.com/photos/31167421@N07/2959515600,by 2.0
birch wooden desk,data/photo_pool/birch-wooden-desk/01.jpg,Associated Fabrication,https://www.flickr.com/photos/31167421@N07/2958673169,by 2.0
birch wooden desk,data/photo_pool/birch-wooden-desk/02.jpg,Associated Fabrication,https://www.flickr.com/photos/31167421@N07/2959518062,by 2.0
birch wooden desk,data/photo_pool/birch-wooden-desk/03.jpg,jonas.lowgren,https://www.flickr.com/photos/22687263@N03/14265628546,by 2.0
black desk chair,data/photo_pool/black-desk-chair/00.jpg,grantlairdjr,https://www.flickr.com/photos/48889108472@N01/147348118,by 2.0
black desk chair,data/photo_pool/black-desk-chair/01.jpg,JJLosier,https://www.flickr.com/photos/64917690@N06/6654080347,by 2.0
black desk chair,data/photo_pool/black-desk-chair/02.jpg,Andrew Mason,https://www.flickr.com/photos/34754790@N00/4968184,by 2.0
black desk chair,data/photo_pool/black-desk-chair/03.jpg,ell brown,https://www.flickr.com/photos/39415781@N06/6061839213,by 2.0
black desk chair,data/photo_pool/black-desk-chair/04.jpg,AdamSelwood,https://www.flickr.com/photos/50148267@N00/3686841540,by 2.0
black desk chair,data/photo_pool/black-desk-chair/05.jpg,CosmoPolitician,https://www.flickr.com/photos/92705627@N00/3548960771,by 2.0
black mesh office chair,data/photo_pool/black-mesh-office-chair/00.jpg,Alberto Meda,https://www.brooklynmuseum.org/opencollection/objects/166720,by 3.0
black sofa couch,data/photo_pool/black-sofa-couch/00.jpg,naama,https://www.flickr.com/photos/83676844@N00/21637695,by-sa 2.0
black sofa couch,data/photo_pool/black-sofa-couch/01.jpg,koadmunkee,https://www.flickr.com/photos/29946035@N08/5269257102,by 2.0
black sofa couch,data/photo_pool/black-sofa-couch/02.jpg,mynameisharsha,https://www.flickr.com/photos/27526538@N07/14378763798,by-sa 2.0
black sofa couch,data/photo_pool/black-sofa-couch/03.jpg,simpleinsomnia,https://www.flickr.com/photos/95329455@N02/18262765908,by 2.0
black sofa couch,data/photo_pool/black-sofa-couch/04.jpg,Luke Wisley,https://www.flickr.com/photos/66695118@N00/484601101,by 2.0
black sofa couch,data/photo_pool/black-sofa-couch/05.jpg,simpleinsomnia,https://www.flickr.com/photos/95329455@N02/14211385649,by 2.0
black-brown wooden desk,data/photo_pool/black-brown-wooden-desk/00.jpg,dejankrsmanovic,https://www.flickr.com/photos/155403590@N07/48456840831,by 2.0
black-brown wooden desk,data/photo_pool/black-brown-wooden-desk/01.jpg,Mike_fleming,https://www.flickr.com/photos/33174580@N00/5020190170,by-sa 2.0
black-brown wooden desk,data/photo_pool/black-brown-wooden-desk/02.jpg,Decorative Concrete Kingdom,https://www.flickr.com/photos/38041294@N05/16681812334,by 2.0
black-brown wooden desk,data/photo_pool/black-brown-wooden-desk/03.jpg,John Beans,https://www.flickr.com/photos/147592390@N06/40620745273,by 2.0
black-brown wooden desk,data/photo_pool/black-brown-wooden-desk/04.jpg,John Beans,https://www.flickr.com/photos/147592390@N06/32681768187,by 2.0
black-brown wooden desk,data/photo_pool/black-brown-wooden-desk/05.jpg,not researched,https://commons.wikimedia.org/w/index.php?curid=64374864,by 4.0
bookshelf shelving unit,data/photo_pool/bookshelf-shelving-unit/00.jpg,emmajanehw,https://www.flickr.com/photos/17416832@N00/394693626,by 2.0
bookshelf shelving unit,data/photo_pool/bookshelf-shelving-unit/01.jpg,emmajanehw,https://www.flickr.com/photos/17416832@N00/394693628,by 2.0
bookshelf shelving unit,data/photo_pool/bookshelf-shelving-unit/02.jpg,classroomcamera,https://www.flickr.com/photos/155535822@N07/38651180870,by 2.0
cardboard moving boxes,data/photo_pool/cardboard-moving-boxes/00.jpg,hireahelper,https://www.flickr.com/photos/158517012@N07/47303024801,by 2.0
cardboard moving boxes,data/photo_pool/cardboard-moving-boxes/01.jpg,hireahelper,https://www.flickr.com/photos/158517012@N07/46499165944,by 2.0
cardboard moving boxes,data/photo_pool/cardboard-moving-boxes/02.jpg,hireahelper,https://www.flickr.com/photos/158517012@N07/47008641671,by 2.0
cardboard moving boxes,data/photo_pool/cardboard-moving-boxes/03.jpg,hireahelper,https://www.flickr.com/photos/158517012@N07/46499168694,by 2.0
cardboard moving boxes,data/photo_pool/cardboard-moving-boxes/04.jpg,hireahelper,https://www.flickr.com/photos/158517012@N07/32067345357,by 2.0
cardboard moving boxes,data/photo_pool/cardboard-moving-boxes/05.jpg,hireahelper,https://www.flickr.com/photos/158517012@N07/47303025311,by 2.0
cast iron skillet,data/photo_pool/cast-iron-skillet/00.jpg,Stockton350,https://www.flickr.com/photos/45932317@N04/5680133188,by 2.0
cast iron skillet,data/photo_pool/cast-iron-skillet/01.jpg,Stockton350,https://www.flickr.com/photos/45932317@N04/5679572023,by 2.0
cast iron skillet,data/photo_pool/cast-iron-skillet/02.jpg,Stockton350,https://www.flickr.com/photos/45932317@N04/5679571063,by 2.0
cast iron skillet,data/photo_pool/cast-iron-skillet/03.jpg,Rachel Tayse,https://www.flickr.com/photos/11921146@N03/4404812413,by 2.0
cast iron skillet,data/photo_pool/cast-iron-skillet/04.jpg,Stockton350,https://www.flickr.com/photos/45932317@N04/5680132920,by 2.0
cast iron skillet,data/photo_pool/cast-iron-skillet/05.jpg,SaucyGlo,https://www.flickr.com/photos/67238971@N04/6703101947,by 2.0
chest of drawers dresser,data/photo_pool/chest-of-drawers-dresser/00.jpg,Nathan & Jenny,https://www.flickr.com/photos/41928829@N00/4099954432,by 2.0
chest of drawers dresser,data/photo_pool/chest-of-drawers-dresser/01.jpg,Image Catalog,https://www.flickr.com/photos/132795455@N08/18473912120,cc0 1.0
chest of drawers dresser,data/photo_pool/chest-of-drawers-dresser/02.jpg,apple_pathways,https://www.flickr.com/photos/57044549@N06/5778603471,by 2.0
chest of drawers dresser,data/photo_pool/chest-of-drawers-dresser/03.jpg,TheLivingRoominKenmore,https://www.flickr.com/photos/36910487@N07/4799849861,by 2.0
chest of drawers dresser,data/photo_pool/chest-of-drawers-dresser/04.jpg,jthetzel,https://www.flickr.com/photos/97132917@N00/7807920818,by 2.0
chest of drawers dresser,data/photo_pool/chest-of-drawers-dresser/05.jpg,REVIVALthedigest,https://www.flickr.com/photos/48321464@N05/4747368065,by-sa 2.0
clothes drying rack,data/photo_pool/clothes-drying-rack/00.jpg,EmNicholas,https://www.flickr.com/photos/33773870@N03/8116317200,by 2.0
clothes drying rack,data/photo_pool/clothes-drying-rack/01.jpg,Prosperity Horizons,https://commons.wikimedia.org/w/index.php?curid=80330839,by-sa 4.0
clothes drying rack,data/photo_pool/clothes-drying-rack/02.jpg,U.S. National Archives,https://www.rawpixel.com/image/8799418/photo-image-public-domain-new-york-pillar,cc0 1.0
clothes drying rack,data/photo_pool/clothes-drying-rack/03.jpg,U.S. National Archives,https://www.rawpixel.com/image/8799387/photo-image-public-domain-bird-animal,cc0 1.0
clothes drying rack,data/photo_pool/clothes-drying-rack/04.jpg,Dan4th,https://www.flickr.com/photos/43264265@N00/5411785237,by 2.0
clothes drying rack,data/photo_pool/clothes-drying-rack/05.jpg,nevil zaveri (thank you for 20+M views:),https://www.flickr.com/photos/43109416@N00/5813710333,by 2.0
clothes rack hangers,data/photo_pool/clothes-rack-hangers/00.jpg,emily @ go haus go,https://www.flickr.com/photos/60849758@N05/13728817133,by 2.0
clothes rack hangers,data/photo_pool/clothes-rack-hangers/01.jpg,Sofy Marquez,https://www.flickr.com/photos/69593795@N06/6334619144,by 2.0
clothes rack hangers,data/photo_pool/clothes-rack-hangers/02.jpg,almyki,https://www.flickr.com/photos/86994034@N07/12648865033,by 2.0
clothes rack hangers,data/photo_pool/clothes-rack-hangers/03.jpg,Rubbermaid Products,https://www.flickr.com/photos/28040596@N08/5093616018,by 2.0
clothes rack hangers,data/photo_pool/clothes-rack-hangers/04.jpg,Sonia Belviso,https://www.flickr.com/photos/62604802@N08/8027553382,by 2.0
clothes rack hangers,data/photo_pool/clothes-rack-hangers/05.jpg,Rubbermaid Products,https://www.flickr.com/photos/28040596@N08/5093615082,by 2.0
coffee mugs glasses,data/photo_pool/coffee-mugs-glasses/00.jpg,JanetR3,https://www.flickr.com/photos/54060879@N02/5616981007,by 2.0
coffee mugs glasses,data/photo_pool/coffee-mugs-glasses/01.jpg,ddb and kdw,https://www.flickr.com/photos/51035742163@N01/56593265,by 2.0
coffee mugs glasses,data/photo_pool/coffee-mugs-glasses/02.jpg,rubixcuben,https://www.flickr.com/photos/43153309@N00/3392744452,by 2.0
coffee mugs glasses,data/photo_pool/coffee-mugs-glasses/03.jpg,naama,https://www.flickr.com/photos/83676844@N00/24497360,by-sa 2.0
coffee mugs glasses,data/photo_pool/coffee-mugs-glasses/04.jpg,Lachlan Hardy,https://www.flickr.com/photos/98983159@N00/146178586,by 2.0
coffee mugs glasses,data/photo_pool/coffee-mugs-glasses/05.jpg,flossyflotsam,https://www.flickr.com/photos/8260474@N07/5564168683,by 2.0
coffee table living room,data/photo_pool/coffee-table-living-room/00.jpg,West-of-Main-Interior-Design,https://www.flickr.com/photos/193796978@N04/51404658129,by 2.0
coffee table living room,data/photo_pool/coffee-table-living-room/01.jpg,smoMashup1,https://www.flickr.com/photos/21015483@N02/3312117967,by 2.0
coffee table living room,data/photo_pool/coffee-table-living-room/02.jpg,army.arch,https://www.flickr.com/photos/45923298@N00/3163318058,by 2.0
coffee table living room,data/photo_pool/coffee-table-living-room/03.jpg,MaryTClark,https://www.flickr.com/photos/7122929@N07/2749468510,by 2.0
coffee table living room,data/photo_pool/coffee-table-living-room/04.jpg,tachyondecay,https://www.flickr.com/photos/60206297@N00/4336780468,by 2.0
coffee table living room,data/photo_pool/coffee-table-living-room/05.jpg,Wonderlane,https://www.flickr.com/photos/71401718@N00/3610988849,by 2.0
college textbook,data/photo_pool/college-textbook/00.jpg,m01229,https://www.flickr.com/photos/39908901@N06/8279563428,by 2.0
college textbook,data/photo_pool/college-textbook/01.jpg,bradleygee,https://www.flickr.com/photos/13951072@N00/10430749934,by 2.0
college textbook,data/photo_pool/college-textbook/02.jpg,caswell_tom,https://www.flickr.com/photos/33665358@N00/6220722791,by 2.0
college textbook,data/photo_pool/college-textbook/03.jpg,fancyjesus,https://www.flickr.com/photos/24500479@N05/6040391047,by 2.0
college textbook,data/photo_pool/college-textbook/04.jpg,Steam Pipe Trunk Distribution Venue,https://www.flickr.com/photos/65067366@N00/42695615985,by 2.0
college textbook,data/photo_pool/college-textbook/05.jpg,Inayaysad,https://commons.wikimedia.org/w/index.php?curid=76107919,by-sa 4.0
computer monitor desk,data/photo_pool/computer-monitor-desk/00.jpg,Tran Mau Tri Tam tranmautritam,https://commons.wikimedia.org/w/index.php?curid=61802242,cc0 1.0
computer monitor desk,data/photo_pool/computer-monitor-desk/01.jpg,doviende,https://www.flickr.com/photos/93452626@N00/22175505,by-sa 2.0
computer monitor desk,data/photo_pool/computer-monitor-desk/02.jpg,brosner,https://www.flickr.com/photos/99462541@N00/922887,by 2.0
computer monitor desk,data/photo_pool/computer-monitor-desk/03.jpg,drewgstephens,https://www.flickr.com/photos/22809317@N04/4369116360,by-sa 2.0
computer monitor desk,data/photo_pool/computer-monitor-desk/04.jpg,hodgers,https://www.flickr.com/photos/35468147887@N01/3126952638,by-sa 2.0
computer monitor desk,data/photo_pool/computer-monitor-desk/05.jpg,dennis,https://www.flickr.com/photos/41894190608@N01/5437157766,by 2.0
computer mouse desk,data/photo_pool/computer-mouse-desk/00.jpg,doviende,https://www.flickr.com/photos/93452626@N00/22175505,by-sa 2.0
computer mouse desk,data/photo_pool/computer-mouse-desk/01.jpg,Elsie esq.,https://www.flickr.com/photos/61132483@N00/105716382,by 2.0
computer mouse desk,data/photo_pool/computer-mouse-desk/02.jpg,liewcf,https://www.flickr.com/photos/34353636@N00/268421763,by-sa 2.0
computer mouse desk,data/photo_pool/computer-mouse-desk/03.jpg,William Hook,https://www.flickr.com/photos/83542829@N00/2120136951,by-sa 2.0
computer mouse desk,data/photo_pool/computer-mouse-desk/04.jpg,brianc,https://www.flickr.com/photos/51035606497@N01/13437190745,by 2.0
computer mouse desk,data/photo_pool/computer-mouse-desk/05.jpg,William Hook,https://www.flickr.com/photos/83542829@N00/1982667653,by-sa 2.0
curtains window,data/photo_pool/curtains-window/00.jpg,Fæ,https://www.flickr.com/photos/50398299@N08/16039990713,by 2.0
curtains window,data/photo_pool/curtains-window/01.jpg,Wonderlane,https://www.flickr.com/photos/71401718@N00/11148238105,cc0 1.0
curtains window,data/photo_pool/curtains-window/02.jpg,jchristin,https://www.flickr.com/photos/43205168@N06/11989466403,by 2.0
curtains window,data/photo_pool/curtains-window/03.jpg,Catt Liu,https://stocksnap.io/photo/curtains-window-B904140969,cc0 1.0
curtains window,data/photo_pool/curtains-window/04.jpg,Mathieu Croisetière,https://www.flickr.com/photos/133996211@N04/20986489895,by-sa 2.0
curtains window,data/photo_pool/curtains-window/05.jpg,Wonderlane,https://www.flickr.com/photos/71401718@N00/31125079091,cc0 1.0
desk lamp,data/photo_pool/desk-lamp/00.jpg,imglighting,https://www.flickr.com/photos/63001164@N02/5756031128,by 2.0
desk lamp,data/photo_pool/desk-lamp/01.jpg,David Trowbridge,https://www.flickr.com/photos/56529747@N00/528643604,by-sa 2.0
desk lamp,data/photo_pool/desk-lamp/02.jpg,Ivan Radic,https://www.flickr.com/photos/26344495@N05/47250093172,by 2.0
desk lamp,data/photo_pool/desk-lamp/03.jpg,TammiRockStar,https://www.flickr.com/photos/71598304@N04/6470604937,by 2.0
desk lamp,data/photo_pool/desk-lamp/04.jpg,freestocks.org,https://www.flickr.com/photos/135396164@N05/42381074432,cc0 1.0
desk lamp,data/photo_pool/desk-lamp/05.jpg,simon_music,https://www.flickr.com/photos/28878339@N00/11387848986,by-sa 2.0
dinner plates dishes,data/photo_pool/dinner-plates-dishes/00.jpg,peasap,https://www.flickr.com/photos/21314760@N00/3016306391,by 2.0
dinner plates dishes,data/photo_pool/dinner-plates-dishes/01.jpg,Ian Sane,https://www.flickr.com/photos/31246066@N04/4165398304,by 2.0
dinner plates dishes,data/photo_pool/dinner-plates-dishes/02.jpg,Rockspindeln,https://www.flickr.com/photos/53030568@N07/12405128244,by 2.0
dinner plates dishes,data/photo_pool/dinner-plates-dishes/03.jpg,rovingI,https://www.flickr.com/photos/70522326@N00/1241158533,by 2.0
dinner plates dishes,data/photo_pool/dinner-plates-dishes/04.jpg,jules:stonesoup,https://www.flickr.com/photos/58367355@N00/4261353003,by 2.0
dinner plates dishes,data/photo_pool/dinner-plates-dishes/05.jpg,snowpea&bokchoi,https://www.flickr.com/photos/28531775@N06/4266090723,by 2.0
dumbbells weights,data/photo_pool/dumbbells-weights/00.jpg,qubodup,https://www.flickr.com/photos/21051491@N02/3211599076,by 2.0
dumbbells weights,data/photo_pool/dumbbells-weights/01.jpg,RickyBennison,https://commons.wikimedia.org/w/index.php?curid=107427304,by-sa 4.0
dumbbells weights,data/photo_pool/dumbbells-weights/02.jpg,RickyBennison,https://commons.wikimedia.org/w/index.php?curid=107427302,by-sa 4.0
dumbbells weights,data/photo_pool/dumbbells-weights/03.jpg,RickyBennison,https://commons.wikimedia.org/w/index.php?curid=107427301,by-sa 4.0
dumbbells weights,data/photo_pool/dumbbells-weights/04.jpg,Nenad Stojkovic,https://commons.wikimedia.org/w/index.php?curid=116285540,by 2.0
e-reader ebook,data/photo_pool/e-reader-ebook/00.jpg,ceslava.com,https://www.flickr.com/photos/53152904@N00/4278734712,by-sa 2.0
e-reader ebook,data/photo_pool/e-reader-ebook/01.jpg,ceslava.com,https://www.flickr.com/photos/53152904@N00/4277989227,by-sa 2.0
e-reader ebook,data/photo_pool/e-reader-ebook/02.jpg,ceslava.com,https://www.flickr.com/photos/53152904@N00/4278732372,by-sa 2.0
e-reader ebook,data/photo_pool/e-reader-ebook/03.jpg,ceslava.com,https://www.flickr.com/photos/53152904@N00/4277986727,by-sa 2.0
e-reader ebook,data/photo_pool/e-reader-ebook/04.jpg,ceslava.com,https://www.flickr.com/photos/53152904@N00/4277985029,by-sa 2.0
e-reader ebook,data/photo_pool/e-reader-ebook/05.jpg,ceslava.com,https://www.flickr.com/photos/53152904@N00/4253077751,by-sa 2.0
electric kettle,data/photo_pool/electric-kettle/01.jpg,zeevveez,https://www.flickr.com/photos/29001414@N00/7853607814,by 2.0
electric kettle,data/photo_pool/electric-kettle/02.jpg,Reptonix free Creative Commons licensed photos,https://commons.wikimedia.org/w/index.php?curid=18402119,by 3.0
electric kettle,data/photo_pool/electric-kettle/04.jpg,~jar{},https://www.flickr.com/photos/34615979@N00/5349648055,by 2.0
electric kettle,data/photo_pool/electric-kettle/05.jpg,Miss Dilettante,https://www.flickr.com/photos/55436205@N00/5200550451,by-sa 2.0
electric scooter,data/photo_pool/electric-scooter/00.jpg,MSVG,https://www.flickr.com/photos/13907834@N00/5738084783,by 2.0
electric scooter,data/photo_pool/electric-scooter/01.jpg,Phillip Pessar,https://www.flickr.com/photos/25955895@N03/52429980325,by 2.0
electric scooter,data/photo_pool/electric-scooter/02.jpg,Phillip Pessar,https://www.flickr.com/photos/25955895@N03/52429980565,by 2.0
electric scooter,data/photo_pool/electric-scooter/03.jpg,Serendigity,https://www.flickr.com/photos/68686051@N00/2493082181,by-sa 2.0
electric scooter,data/photo_pool/electric-scooter/04.jpg,uclatransportation,https://www.flickr.com/photos/46573365@N07/6186045902,by 2.0
electric scooter,data/photo_pool/electric-scooter/05.jpg,Tim Patterson,https://www.flickr.com/photos/72248790@N00/2416612061,by-sa 2.0
espresso coffee machine,data/photo_pool/espresso-coffee-machine/00.jpg,avlxyz,https://www.flickr.com/photos/10559879@N00/3224681540,by-sa 2.0
espresso coffee machine,data/photo_pool/espresso-coffee-machine/01.jpg,GoToVan,https://www.flickr.com/photos/47022937@N03/37996231976,by 2.0
espresso coffee machine,data/photo_pool/espresso-coffee-machine/02.jpg,h2theE,https://www.flickr.com/photos/10770722@N08/6976154640,by 2.0
espresso coffee machine,data/photo_pool/espresso-coffee-machine/03.jpg,Monmar Comunicació,https://www.flickr.com/photos/32456461@N05/10403803475,by-sa 2.0
espresso coffee machine,data/photo_pool/espresso-coffee-machine/04.jpg,Monmar Comunicació,https://www.flickr.com/photos/32456461@N05/10403528434,by-sa 2.0
espresso coffee machine,data/photo_pool/espresso-coffee-machine/05.jpg,GoToVan,https://www.flickr.com/photos/47022937@N03/26273413589,by 2.0
full length mirror,data/photo_pool/full-length-mirror/00.jpg,oddharmonic,https://www.flickr.com/photos/42528087@N00/2401917223,by-sa 2.0
full length mirror,data/photo_pool/full-length-mirror/01.jpg,Wonderlane,https://www.flickr.com/photos/71401718@N00/6693558443,by 2.0
full length mirror,data/photo_pool/full-length-mirror/02.jpg,ohmeaghan,https://www.flickr.com/photos/38482926@N00/8435159703,by 2.0
full length mirror,data/photo_pool/full-length-mirror/03.jpg,pheezy,https://www.flickr.com/photos/51035644690@N01/3824333846,by 2.0
full length mirror,data/photo_pool/full-length-mirror/04.jpg,mredpopo,https://www.flickr.com/photos/35985809@N07/4291392935,by-sa 2.0
full length mirror,data/photo_pool/full-length-mirror/05.jpg,Amy Windsor,https://www.flickr.com/photos/49362581@N00/6723780519,by 2.0
grey desk chair,data/photo_pool/grey-desk-chair/00.jpg,donnierayjones,https://www.flickr.com/photos/11946169@N00/4633939268,by 2.0
grey desk chair,data/photo_pool/grey-desk-chair/01.jpg,CosmoPolitician,https://www.flickr.com/photos/92705627@N00/3916894153,by 2.0
grey desk chair,data/photo_pool/grey-desk-chair/02.jpg,cajsa.lilliehook,https://www.flickr.com/photos/14514578@N08/16858010765,by-sa 2.0
grey desk chair,data/photo_pool/grey-desk-chair/03.jpg,cajsa.lilliehook,https://www.flickr.com/photos/14514578@N08/16670631300,by-sa 2.0
grey desk chair,data/photo_pool/grey-desk-chair/04.jpg,cajsa.lilliehook,https://www.flickr.com/photos/14514578@N08/16856986691,by-sa 2.0
grey desk chair,data/photo_pool/grey-desk-chair/05.jpg,cajsa.lilliehook,https://www.flickr.com/photos/14514578@N08/16238048873,by-sa 2.0
grey sofa couch,data/photo_pool/grey-sofa-couch/00.jpg,wbaiv,https://www.flickr.com/photos/9998127@N06/9158499372,by-sa 2.0
grey sofa couch,data/photo_pool/grey-sofa-couch/01.jpg,DDFic,https://www.flickr.com/photos/13684545@N00/2729030131,by 2.0
grey sofa couch,data/photo_pool/grey-sofa-couch/02.jpg,essentielley,https://www.flickr.com/photos/99059891@N00/327975493,by 2.0
grey sofa couch,data/photo_pool/grey-sofa-couch/03.jpg,MoreLife81,https://www.flickr.com/photos/49142686@N00/7322099160,by 2.0
grey sofa couch,data/photo_pool/grey-sofa-couch/04.jpg,bbaunach,https://www.flickr.com/photos/93734858@N00/495121813,by 2.0
grey sofa couch,data/photo_pool/grey-sofa-couch/05.jpg,mikecogh,https://www.flickr.com/photos/89165847@N00/40900235105,by-sa 2.0
hybrid commuter bicycle,data/photo_pool/hybrid-commuter-bicycle/00.jpg,jpctalbot,https://www.flickr.com/photos/20683202@N00/502593231,by 2.0
hybrid commuter bicycle,data/photo_pool/hybrid-commuter-bicycle/01.jpg,Richard Masoner / Cyclelicious,https://www.flickr.com/photos/99247795@N00/3236248438,by-sa 2.0
hybrid commuter bicycle,data/photo_pool/hybrid-commuter-bicycle/02.jpg,Gavin Anderson,https://www.flickr.com/photos/48292998@N00/5106535749,by-sa 2.0
hybrid commuter bicycle,data/photo_pool/hybrid-commuter-bicycle/03.jpg,Gavin Anderson,https://www.flickr.com/photos/48292998@N00/5107117200,by-sa 2.0
hybrid commuter bicycle,data/photo_pool/hybrid-commuter-bicycle/04.jpg,Gavin Anderson,https://www.flickr.com/photos/48292998@N00/5107156328,by-sa 2.0
hybrid commuter bicycle,data/photo_pool/hybrid-commuter-bicycle/05.jpg,Gavin Anderson,https://www.flickr.com/photos/48292998@N00/5107110348,by-sa 2.0
kick scooter,data/photo_pool/kick-scooter/00.jpg,amira_a,https://www.flickr.com/photos/46646401@N06/10597007134,by 2.0
kick scooter,data/photo_pool/kick-scooter/01.jpg,felixp7,https://www.flickr.com/photos/65673103@N00/15071294336,by-sa 2.0
kick scooter,data/photo_pool/kick-scooter/02.jpg,uclatransportation,https://www.flickr.com/photos/46573365@N07/6186039462,by 2.0
kick scooter,data/photo_pool/kick-scooter/03.jpg,MIKI Yoshihito. (#mikiyoshihito),https://www.flickr.com/photos/7940758@N07/50388897857,by 2.0
kick scooter,data/photo_pool/kick-scooter/04.jpg,MIKI Yoshihito. (#mikiyoshihito),https://www.flickr.com/photos/7940758@N07/50388897987,by 2.0
kitchen blender,data/photo_pool/kitchen-blender/00.jpg,YourCastlesDecor,https://www.flickr.com/photos/101592688@N07/12317651403,by 2.0
kitchen utensils,data/photo_pool/kitchen-utensils/00.jpg,Kathleen Tyler Conklin,https://www.flickr.com/photos/79865753@N00/2060412712,by 2.0
kitchen utensils,data/photo_pool/kitchen-utensils/01.jpg,Image Catalog,https://www.flickr.com/photos/132795455@N08/18392177145,cc0 1.0
kitchen utensils,data/photo_pool/kitchen-utensils/03.jpg,vauvau,https://www.flickr.com/photos/98193606@N00/13399992963,by 2.0
kitchen utensils,data/photo_pool/kitchen-utensils/04.jpg,Jose and Roxanne,https://www.flickr.com/photos/53196116@N00/3349920867,by 2.0
kitchen utensils,data/photo_pool/kitchen-utensils/05.jpg,EraPhernalia Vintage . . . [''playin' hook-y''] ;o,https://www.flickr.com/photos/28510393@N07/2705154475,by-sa 2.0
laptop computer,data/photo_pool/laptop-computer/00.jpg,Image Catalog,https://www.flickr.com/photos/132795455@N08/17652700524,cc0 1.0
laptop computer,data/photo_pool/laptop-computer/01.jpg,Image Catalog,https://www.flickr.com/photos/132795455@N08/17783465600,cc0 1.0
laptop computer,data/photo_pool/laptop-computer/02.jpg,r.nial.bradshaw,https://www.flickr.com/photos/33227787@N05/14229163349,by 2.0
laptop computer,data/photo_pool/laptop-computer/03.jpg,ProFlowers.com,https://www.flickr.com/photos/127365614@N08/16617338118,by 2.0
laptop computer,data/photo_pool/laptop-computer/04.jpg,Wonderlane,https://www.flickr.com/photos/71401718@N00/5866038566,by 2.0
laptop computer,data/photo_pool/laptop-computer/05.jpg,Wonderlane,https://www.flickr.com/photos/71401718@N00/3410024503,by 2.0
mattress bed frame,data/photo_pool/mattress-bed-frame/00.jpg,wizardofozgurl,https://www.flickr.com/photos/18663463@N03/11873117245,by-sa 2.0
mattress bed frame,data/photo_pool/mattress-bed-frame/01.jpg,Bonsoni.com,https://www.flickr.com/photos/56705951@N04/12172494094,by 2.0
mattress bed frame,data/photo_pool/mattress-bed-frame/02.jpg,Alan Stanton,https://www.flickr.com/photos/53921762@N00/2869843337,by-sa 2.0
mattress bed frame,data/photo_pool/mattress-bed-frame/03.jpg,Editor B,https://www.flickr.com/photos/11018968@N00/8000806187,by 2.0
mattress bed frame,data/photo_pool/mattress-bed-frame/04.jpg,qmnonic,https://www.flickr.com/photos/58575431@N00/4135243762,by 2.0
mattress bed frame,data/photo_pool/mattress-bed-frame/05.jpg,Brett L.,https://www.flickr.com/photos/51035767928@N01/2190923920,by-sa 2.0
mattress bedroom,data/photo_pool/mattress-bedroom/00.jpg,shalommama,https://www.flickr.com/photos/77516069@N05/9267770752,by 2.0
mattress bedroom,data/photo_pool/mattress-bedroom/01.jpg,bedzine,https://www.flickr.com/photos/11767340@N00/472933567,by-sa 2.0
mattress bedroom,data/photo_pool/mattress-bedroom/02.jpg,PhotoCo.,https://www.flickr.com/photos/28913916@N02/4748357966,by 2.0
mattress bedroom,data/photo_pool/mattress-bedroom/03.jpg,Muffet,https://www.flickr.com/photos/53133240@N00/282246695,by 2.0
mattress bedroom,data/photo_pool/mattress-bedroom/04.jpg,heatheronhertravels,https://www.flickr.com/photos/22446827@N02/4942419586,by 2.0
mattress bedroom,data/photo_pool/mattress-bedroom/05.jpg,crazytales562,https://www.flickr.com/photos/73798453@N00/2435632355,by 2.0
mechanical keyboard,data/photo_pool/mechanical-keyboard/00.jpg,Nebulant,https://www.flickr.com/photos/47581723@N00/32074239348,by 2.0
mechanical keyboard,data/photo_pool/mechanical-keyboard/01.jpg,Nebulant,https://www.flickr.com/photos/47581723@N00/31006251357,by 2.0
mechanical keyboard,data/photo_pool/mechanical-keyboard/02.jpg,Nebulant,https://www.flickr.com/photos/47581723@N00/45945281791,by 2.0
mechanical keyboard,data/photo_pool/mechanical-keyboard/03.jpg,Nebulant,https://www.flickr.com/photos/47581723@N00/45945247041,by 2.0
mechanical keyboard,data/photo_pool/mechanical-keyboard/04.jpg,Nebulant,https://www.flickr.com/photos/47581723@N00/45033060835,by 2.0
mechanical keyboard,data/photo_pool/mechanical-keyboard/05.jpg,Nebulant,https://www.flickr.com/photos/47581723@N00/44128795190,by 2.0
mens suit,data/photo_pool/mens-suit/00.jpg,Menswear Market,https://www.flickr.com/photos/85546319@N04/9605871772,by 2.0
mens suit,data/photo_pool/mens-suit/01.jpg,Rowan Peter,https://www.flickr.com/photos/58876504@N02/6276326245,by-sa 2.0
mens suit,data/photo_pool/mens-suit/02.jpg,Rowan Peter,https://www.flickr.com/photos/58876504@N02/6276808964,by-sa 2.0
mens suit,data/photo_pool/mens-suit/03.jpg,spratmackrel,https://www.flickr.com/photos/30591976@N05/3976341227,by-sa 2.0
mens suit,data/photo_pool/mens-suit/04.jpg,quinet,https://www.flickr.com/photos/91994044@N00/6221831783,by 2.0
mens suit,data/photo_pool/mens-suit/05.jpg,moorina,https://www.flickr.com/photos/26607014@N06/3103607644,by 2.0
microwave oven,data/photo_pool/microwave-oven/00.jpg,Beige Alert,https://www.flickr.com/photos/53332339@N00/2956659,by-sa 2.0
microwave oven,data/photo_pool/microwave-oven/01.jpg,morebyless,https://www.flickr.com/photos/27121172@N00/3626194621,by 2.0
microwave oven,data/photo_pool/microwave-oven/02.jpg,lordsutch,https://www.flickr.com/photos/87345328@N00/22180730,by-sa 2.0
microwave oven,data/photo_pool/microwave-oven/04.jpg,Oregon State University,https://www.flickr.com/photos/33247428@N08/7841150094,by-sa 2.0
mini fridge,data/photo_pool/mini-fridge/00.jpg,Vox Efx,https://www.flickr.com/photos/39096030@N00/3288191077,by 2.0
mini fridge,data/photo_pool/mini-fridge/01.jpg,thelittleone417,https://www.flickr.com/photos/52394603@N02/16229712683,by-sa 2.0
mini fridge,data/photo_pool/mini-fridge/02.jpg,ressedue,https://www.flickr.com/photos/98471425@N00/3592787152,by 2.0
mini fridge,data/photo_pool/mini-fridge/03.jpg,Wonderlane,https://www.flickr.com/photos/71401718@N00/20537582572,by 2.0
mini fridge,data/photo_pool/mini-fridge/04.jpg,NLT CONSTRUCTION,https://www.flickr.com/photos/130832661@N04/16382795472,by-sa 2.0
mini fridge,data/photo_pool/mini-fridge/05.jpg,Elizabeth/Table4Five,https://www.flickr.com/photos/92382806@N00/2434150442,by 2.0
navy desk chair,data/photo_pool/navy-desk-chair/00.jpg,US Army Africa,https://www.flickr.com/photos/36281822@N08/5394968057,by 2.0
navy desk chair,data/photo_pool/navy-desk-chair/01.jpg,US Army Africa,https://www.flickr.com/photos/36281822@N08/5282703882,by 2.0
navy desk chair,data/photo_pool/navy-desk-chair/02.jpg,US Army Africa,https://www.flickr.com/photos/36281822@N08/5282706122,by 2.0
navy desk chair,data/photo_pool/navy-desk-chair/03.jpg,US Army Africa,https://www.flickr.com/photos/36281822@N08/5395566520,by 2.0
navy desk chair,data/photo_pool/navy-desk-chair/04.jpg,US Army Africa,https://www.flickr.com/photos/36281822@N08/5282705240,by 2.0
navy desk chair,data/photo_pool/navy-desk-chair/05.jpg,hectorir,https://www.flickr.com/photos/30806435@N04/4112600473,by 2.0
navy sofa couch,data/photo_pool/navy-sofa-couch/00.jpg,Alan Stanton,https://www.flickr.com/photos/53921762@N00/5259448190,by-sa 2.0
navy sofa couch,data/photo_pool/navy-sofa-couch/01.jpg,Alan Stanton,https://www.flickr.com/photos/53921762@N00/5382867148,by-sa 2.0
navy sofa couch,data/photo_pool/navy-sofa-couch/02.jpg,Alan Stanton,https://www.flickr.com/photos/53921762@N00/5412090128,by-sa 2.0
navy sofa couch,data/photo_pool/navy-sofa-couch/03.jpg,Alan Stanton,https://www.flickr.com/photos/53921762@N00/5434064662,by-sa 2.0
navy sofa couch,data/photo_pool/navy-sofa-couch/04.jpg,Alan Stanton,https://www.flickr.com/photos/53921762@N00/5152996362,by-sa 2.0
oak desk chair,data/photo_pool/oak-desk-chair/00.jpg,juhansonin,https://www.flickr.com/photos/38869431@N00/3293127156,by 2.0
oak desk chair,data/photo_pool/oak-desk-chair/01.jpg,TheLivingRoominKenmore,https://www.flickr.com/photos/36910487@N07/4189762432,by 2.0
oak desk chair,data/photo_pool/oak-desk-chair/02.jpg,Mirage floors,https://www.flickr.com/photos/74783045@N00/5621505649,by 2.0
oak desk chair,data/photo_pool/oak-desk-chair/03.jpg,nicolas.boullosa,https://www.flickr.com/photos/90802476@N00/6616368371,by 2.0
oak desk chair,data/photo_pool/oak-desk-chair/04.jpg,TheLivingRoominKenmore,https://www.flickr.com/photos/36910487@N07/4054230749,by 2.0
oak desk chair,data/photo_pool/oak-desk-chair/05.jpg,TheLivingRoominKenmore,https://www.flickr.com/photos/36910487@N07/4054977538,by 2.0
oak sofa couch,data/photo_pool/oak-sofa-couch/00.jpg,urbaneapts,https://www.flickr.com/photos/34170343@N02/3184148978,by-sa 2.0
oak sofa couch,data/photo_pool/oak-sofa-couch/01.jpg,urbaneapts,https://www.flickr.com/photos/34170343@N02/3184145172,by-sa 2.0
oak sofa couch,data/photo_pool/oak-sofa-couch/02.jpg,urbaneapts,https://www.flickr.com/photos/34170343@N02/3256783205,by-sa 2.0
oak sofa couch,data/photo_pool/oak-sofa-couch/03.jpg,urbaneapts,https://www.flickr.com/photos/34170343@N02/3183315173,by-sa 2.0
oak sofa couch,data/photo_pool/oak-sofa-couch/04.jpg,urbaneapts,https://www.flickr.com/photos/34170343@N02/3254413157,by-sa 2.0
oak sofa couch,data/photo_pool/oak-sofa-couch/05.jpg,urbaneapts,https://www.flickr.com/photos/34170343@N02/3256823859,by-sa 2.0
oak wooden desk,data/photo_pool/oak-wooden-desk/00.jpg,bittbox,https://www.flickr.com/photos/31124107@N00/3508894316,by 2.0
oak wooden desk,data/photo_pool/oak-wooden-desk/01.jpg,Sharandra,https://www.flickr.com/photos/84564583@N08/7738132588,by 2.0
oak wooden desk,data/photo_pool/oak-wooden-desk/02.jpg,calebkimbrough,https://www.flickr.com/photos/7963424@N08/4703905864,by 2.0
oak wooden desk,data/photo_pool/oak-wooden-desk/03.jpg,Lamerie,https://www.flickr.com/photos/44328604@N00/246690107,by 2.0
oak wooden desk,data/photo_pool/oak-wooden-desk/04.jpg,Filter Forge,https://www.flickr.com/photos/93421824@N06/8508832969,by 2.0
oak wooden desk,data/photo_pool/oak-wooden-desk/05.jpg,Filter Forge,https://www.flickr.com/photos/93421824@N06/8888305854,by 2.0
open textbook desk,data/photo_pool/open-textbook-desk/00.jpg,Skakerman (Archive),https://www.flickr.com/photos/27482959@N08/5437399335,by 2.0
open textbook desk,data/photo_pool/open-textbook-desk/01.jpg,byTranKhoa,https://www.flickr.com/photos/56672136@N03/34917730155,by 2.0
open textbook desk,data/photo_pool/open-textbook-desk/02.jpg,cogdogblog,https://www.flickr.com/photos/37996646802@N01/17715674265,by 2.0
open textbook desk,data/photo_pool/open-textbook-desk/03.jpg,dullhunk,https://www.flickr.com/photos/14829735@N00/3707350326,by 2.0
over ear headphones,data/photo_pool/over-ear-headphones/00.jpg,bradjavernick,https://www.flickr.com/photos/156466858@N02/50304927228,by 2.0
over ear headphones,data/photo_pool/over-ear-headphones/01.jpg,shop8447,https://www.flickr.com/photos/185514373@N06/49062403237,cc0 1.0
over ear headphones,data/photo_pool/over-ear-headphones/02.jpg,Nilo Velez,https://wordpress.org/photos/photo/18766603c1/,cc0 1.0
over ear headphones,data/photo_pool/over-ear-headphones/05.jpg,Yutaka Tsutano,https://www.flickr.com/photos/23208360@N07/4737693376,by 2.0
pile of books study,data/photo_pool/pile-of-books-study/00.jpg,CollegeDegrees360,https://www.flickr.com/photos/83633410@N07/7658051014,by-sa 2.0
pile of books study,data/photo_pool/pile-of-books-study/01.jpg,Thomas Leuthard,https://www.flickr.com/photos/41346951@N05/8597609828,by 2.0
pile of books study,data/photo_pool/pile-of-books-study/02.jpg,jm3,https://www.flickr.com/photos/37996588780@N01/4683685,by-sa 2.0
pile of books study,data/photo_pool/pile-of-books-study/03.jpg,ginnerobot,https://www.flickr.com/photos/78011127@N00/5423565794,by-sa 2.0
pile of books study,data/photo_pool/pile-of-books-study/04.jpg,Horia Varlan,https://www.flickr.com/photos/10361931@N06/4263328317,by 2.0
pile of books study,data/photo_pool/pile-of-books-study/05.jpg,Abee5,https://www.flickr.com/photos/45256566@N04/8314929977,by 2.0
pothos houseplant,data/photo_pool/pothos-houseplant/00.jpg,amandicacom,https://www.flickr.com/photos/23548303@N00/3523063985,by 2.0
pothos houseplant,data/photo_pool/pothos-houseplant/01.jpg,Dinesh Valke,https://www.flickr.com/photos/91314344@N00/405626861,by-sa 2.0
pothos houseplant,data/photo_pool/pothos-houseplant/02.jpg,wallygrom,https://www.flickr.com/photos/33037982@N04/5434085249,by-sa 2.0
pothos houseplant,data/photo_pool/pothos-houseplant/03.jpg,Dinesh Valke,https://www.flickr.com/photos/91314344@N00/312634307,by-sa 2.0
pothos houseplant,data/photo_pool/pothos-houseplant/04.jpg,quinn.anya,https://www.flickr.com/photos/53326337@N00/3226775652,by-sa 2.0
pothos houseplant,data/photo_pool/pothos-houseplant/05.jpg,pmsyyz,https://www.flickr.com/photos/96671942@N00/5696822234,by-sa 2.0
pots and pans cookware,data/photo_pool/pots-and-pans-cookware/00.jpg,Tobyotter,https://www.flickr.com/photos/78428166@N00/5770153468,by 2.0
pots and pans cookware,data/photo_pool/pots-and-pans-cookware/01.jpg,rama-gu,https://www.flickr.com/photos/93175130@N06/8655208201,by 2.0
pots and pans cookware,data/photo_pool/pots-and-pans-cookware/02.jpg,cybrgrl,https://www.flickr.com/photos/84387590@N00/2272836837,by 2.0
pots and pans cookware,data/photo_pool/pots-and-pans-cookware/03.jpg,theilr,https://www.flickr.com/photos/90863480@N00/307278700,by-sa 2.0
pots and pans cookware,data/photo_pool/pots-and-pans-cookware/04.jpg,Sean MacEntee,https://www.flickr.com/photos/18090920@N07/5683156393,by 2.0
pots and pans cookware,data/photo_pool/pots-and-pans-cookware/05.jpg,oskay,https://www.flickr.com/photos/17425845@N00/412424590,by 2.0
pressure cooker instant pot,data/photo_pool/pressure-cooker-instant-pot/00.jpg,goblinbox_(queen_of_ad_hoc_bento),https://www.flickr.com/photos/25977089@N00/27843714783,by 2.0
pressure cooker instant pot,data/photo_pool/pressure-cooker-instant-pot/01.jpg,goblinbox_(queen_of_ad_hoc_bento),https://www.flickr.com/photos/25977089@N00/29581646736,by 2.0
pressure cooker instant pot,data/photo_pool/pressure-cooker-instant-pot/02.jpg,Your Best Digs,https://commons.wikimedia.org/w/index.php?curid=79003608,by 2.0
pressure cooker instant pot,data/photo_pool/pressure-cooker-instant-pot/03.jpg,ajay_suresh,https://www.flickr.com/photos/83136374@N05/49907000991,by 2.0
rain jacket,data/photo_pool/rain-jacket/00.jpg,vanes_hud,https://www.flickr.com/photos/24844796@N02/6989376337,by 2.0
rain jacket,data/photo_pool/rain-jacket/01.jpg,DeltaNewsHub,https://www.flickr.com/photos/142938205@N05/42303197521,by 2.0
rain jacket,data/photo_pool/rain-jacket/02.jpg,Wonderlane,https://www.flickr.com/photos/71401718@N00/15448770059,by 2.0
rain jacket,data/photo_pool/rain-jacket/03.jpg,DeltaNewsHub,https://www.flickr.com/photos/142938205@N05/42215871192,by 2.0
rain jacket,data/photo_pool/rain-jacket/04.jpg,Cowgirlonline,https://www.flickr.com/photos/60161903@N08/5641973673,by 2.0
rain jacket,data/photo_pool/rain-jacket/05.jpg,Cowgirlonline,https://www.flickr.com/photos/60161903@N08/5641990627,by 2.0
resistance bands,data/photo_pool/resistance-bands/00.jpg,eekim,https://www.flickr.com/photos/63669472@N00/11452114374,by 2.0
resistance bands,data/photo_pool/resistance-bands/01.jpg,oddharmonic,https://www.flickr.com/photos/42528087@N00/5435491874,by-sa 2.0
resistance bands,data/photo_pool/resistance-bands/02.jpg,SelmaBearsSoccer,https://www.flickr.com/photos/91140791@N04/10430478846,by 2.0
resistance bands,data/photo_pool/resistance-bands/05.jpg,personaltrainertoronto,https://www.flickr.com/photos/121183998@N08/29951139328,by 2.0
rice cooker,data/photo_pool/rice-cooker/00.jpg,EBKauai,https://www.flickr.com/photos/13470115@N08/5002868307,by 2.0
rice cooker,data/photo_pool/rice-cooker/01.jpg,kalleboo,https://www.flickr.com/photos/82365211@N00/5997801594,by 2.0
rice cooker,data/photo_pool/rice-cooker/02.jpg,alex.shultz,https://www.flickr.com/photos/98288842@N00/40716143,by 2.0
rice cooker,data/photo_pool/rice-cooker/03.jpg,oezguerc,https://www.flickr.com/photos/134691288@N02/20805844085,by 2.0
rice cooker,data/photo_pool/rice-cooker/04.jpg,MIKI Yoshihito. (#mikiyoshihito),https://www.flickr.com/photos/7940758@N07/6998918070,by 2.0
rice cooker,data/photo_pool/rice-cooker/05.jpg,Birdies100,https://www.flickr.com/photos/50113019@N00/4414750483,by-sa 2.0
road bicycle,data/photo_pool/road-bicycle/02.jpg,roland,https://www.flickr.com/photos/35034347371@N01/22694536780,cc0 1.0
rollerblades skates,data/photo_pool/rollerblades-skates/00.jpg,akk_rus,https://www.flickr.com/photos/8414198@N04/15892159042,by 2.0
rollerblades skates,data/photo_pool/rollerblades-skates/01.jpg,Gareth1953 All Right Now,https://www.flickr.com/photos/40837632@N05/36227849124,by 2.0
rollerblades skates,data/photo_pool/rollerblades-skates/02.jpg,gt8073a,https://www.flickr.com/photos/47303198@N08/4675229710,by 2.0
rollerblades skates,data/photo_pool/rollerblades-skates/03.jpg,Prayitno / Thank you for (12 millions +) view,https://www.flickr.com/photos/34128007@N04/7962407548,by 2.0
rollerblades skates,data/photo_pool/rollerblades-skates/04.jpg,barnigomez,https://www.flickr.com/photos/11956470@N02/14524081046,by 2.0
rollerblades skates,data/photo_pool/rollerblades-skates/05.jpg,barnigomez,https://www.flickr.com/photos/11956470@N02/14543811951,by 2.0
shoe rack,data/photo_pool/shoe-rack/00.jpg,Maura McDonnell,https://www.flickr.com/photos/72039316@N00/74405039,by 2.0
shoe rack,data/photo_pool/shoe-rack/01.jpg,Mark.Pilgrim,https://www.flickr.com/photos/41169327@N00/110696323,by-sa 2.0
shoe rack,data/photo_pool/shoe-rack/02.jpg,osde8info,https://www.flickr.com/photos/8764442@N07/8983501801,by-sa 2.0
shoe rack,data/photo_pool/shoe-rack/03.jpg,dollen,https://www.flickr.com/photos/39804614253@N01/16185210446,by 2.0
shoe rack,data/photo_pool/shoe-rack/04.jpg,Mark.Pilgrim,https://www.flickr.com/photos/41169327@N00/110696302,by-sa 2.0
shoe rack,data/photo_pool/shoe-rack/05.jpg,Boston Public Library,https://www.flickr.com/photos/24029425@N06/6985452563,by 2.0
shopping trolley cart,data/photo_pool/shopping-trolley-cart/00.jpg,Matthew Paul Argall,https://www.flickr.com/photos/79157069@N03/18544333164,by 2.0
shopping trolley cart,data/photo_pool/shopping-trolley-cart/01.jpg,2Tales,https://www.flickr.com/photos/30013969@N03/4758878290,by-sa 2.0
shopping trolley cart,data/photo_pool/shopping-trolley-cart/02.jpg,s2art,https://www.flickr.com/photos/97867688@N00/55028682,by-sa 2.0
shopping trolley cart,data/photo_pool/shopping-trolley-cart/03.jpg,Polycart,https://www.flickr.com/photos/42806032@N07/5783407804,by 2.0
shopping trolley cart,data/photo_pool/shopping-trolley-cart/04.jpg,Unhindered by Talent,https://www.flickr.com/photos/26406919@N00/2485100596,by-sa 2.0
shopping trolley cart,data/photo_pool/shopping-trolley-cart/05.jpg,Håkan Dahlström,https://www.flickr.com/photos/93755244@N00/3774973833,by 2.0
ski jacket poles,data/photo_pool/ski-jacket-poles/00.jpg,Ed.ward,https://www.flickr.com/photos/44423341@N00/4008559007,by-sa 2.0
small dining table,data/photo_pool/small-dining-table/01.jpg,HALDANE MARTIN,https://www.flickr.com/photos/52634191@N08/8631197122,by 2.0
small dining table,data/photo_pool/small-dining-table/02.jpg,Erik Anestad,https://www.flickr.com/photos/58541536@N00/8306778397,by 2.0
small dining table,data/photo_pool/small-dining-table/03.jpg,LancerE,https://www.flickr.com/photos/34132829@N07/3758668533,by 2.0
small dining table,data/photo_pool/small-dining-table/04.jpg,Phil Manker,https://www.flickr.com/photos/33820070@N04/3165939568,by 2.0
small dining table,data/photo_pool/small-dining-table/05.jpg,roger4336,https://www.flickr.com/photos/24736216@N07/8122753891,by-sa 2.0
small writing desk,data/photo_pool/small-writing-desk/02.jpg,,https://www.rawpixel.com/image/7464138/photo-image-heart-pattern-furniture,cc0 1.0
small writing desk,data/photo_pool/small-writing-desk/03.jpg,Martin Carlin,https://www.metmuseum.org/art/collection/search/231856,cc0 1.0
small writing desk,data/photo_pool/small-writing-desk/04.jpg,Martin Carlin,https://www.metmuseum.org/art/collection/search/231856,cc0 1.0
small writing desk,data/photo_pool/small-writing-desk/05.jpg,Martin Carlin,https://www.metmuseum.org/art/collection/search/231856,cc0 1.0
sneakers shoes,data/photo_pool/sneakers-shoes/00.jpg,chuckfeder585,https://www.flickr.com/photos/125864073@N04/14370161908,by 2.0
sneakers shoes,data/photo_pool/sneakers-shoes/01.jpg,FreePhoto.cc,https://www.flickr.com/photos/137455566@N08/26273684322,cc0 1.0
sneakers shoes,data/photo_pool/sneakers-shoes/02.jpg,nuevajam,https://www.flickr.com/photos/45775741@N04/10617264756,by 2.0
sneakers shoes,data/photo_pool/sneakers-shoes/03.jpg,▓▒░ TORLEY ░▒▓,https://www.flickr.com/photos/70285332@N00/27254488060,by-sa 2.0
sneakers shoes,data/photo_pool/sneakers-shoes/04.jpg,FreePhoto.cc,https://www.flickr.com/photos/137455566@N08/25984494720,cc0 1.0
sneakers shoes,data/photo_pool/sneakers-shoes/05.jpg,Olu Eletu,https://stocksnap.io/photo/sneakers-shoes-0XLU8VP4UC,cc0 1.0
spiral notebook binder,data/photo_pool/spiral-notebook-binder/00.jpg,Sean MacEntee,https://www.flickr.com/photos/18090920@N07/7118776943,by 2.0
spiral notebook binder,data/photo_pool/spiral-notebook-binder/01.jpg,Silenceofnight,https://www.flickr.com/photos/52508177@N00/1680817782,by 2.0
spiral notebook binder,data/photo_pool/spiral-notebook-binder/02.jpg,Sarah.Marshall,https://www.flickr.com/photos/76295441@N00/8408367443,by 2.0
spiral notebook binder,data/photo_pool/spiral-notebook-binder/03.jpg,Spree2010,https://www.flickr.com/photos/30098694@N02/4960430323,by 2.0
spiral notebook binder,data/photo_pool/spiral-notebook-binder/04.jpg,Spree2010,https://www.flickr.com/photos/30098694@N02/4961028342,by 2.0
spiral notebook binder,data/photo_pool/spiral-notebook-binder/05.jpg,Spree2010,https://www.flickr.com/photos/30098694@N02/4960433593,by 2.0
stack of textbooks,data/photo_pool/stack-of-textbooks/00.jpg,katerha,https://www.flickr.com/photos/8489692@N03/5020407401,by 2.0
stack of textbooks,data/photo_pool/stack-of-textbooks/01.jpg,Horia Varlan,https://www.flickr.com/photos/10361931@N06/4290551550,by 2.0
stack of textbooks,data/photo_pool/stack-of-textbooks/02.jpg,Horia Varlan,https://www.flickr.com/photos/10361931@N06/4268896936,by 2.0
stack of textbooks,data/photo_pool/stack-of-textbooks/03.jpg,Abdulla Al Muhairi,https://www.flickr.com/photos/57866029@N00/2530813524,by 2.0
stack of textbooks,data/photo_pool/stack-of-textbooks/04.jpg,Horia Varlan,https://www.flickr.com/photos/10361931@N06/4263328317,by 2.0
stack of textbooks,data/photo_pool/stack-of-textbooks/05.jpg,shutterhacks,https://www.flickr.com/photos/36768983@N06/4474421855,by 2.0
standing desk office,data/photo_pool/standing-desk-office/00.jpg,juhansonin,https://www.flickr.com/photos/38869431@N00/8682730703,by 2.0
standing desk office,data/photo_pool/standing-desk-office/01.jpg,jepoirrier,https://www.flickr.com/photos/57519914@N00/8206441823,by-sa 2.0
standing desk office,data/photo_pool/standing-desk-office/02.jpg,juhansonin,https://www.flickr.com/photos/38869431@N00/15303974934,by 2.0
standing desk office,data/photo_pool/standing-desk-office/03.jpg,Dave Dugdale,https://www.flickr.com/photos/37387065@N05/4954403678,by-sa 2.0
standing desk office,data/photo_pool/standing-desk-office/04.jpg,Srta.Palabrerío,https://www.flickr.com/photos/20626654@N00/5375703436,by 2.0
standing desk office,data/photo_pool/standing-desk-office/05.jpg,ell brown,https://www.flickr.com/photos/39415781@N06/6061839213,by 2.0
standing floor fan,data/photo_pool/standing-floor-fan/00.jpg,Dave Catchpole,https://www.flickr.com/photos/52957117@N04/7309756768,by 2.0
standing floor fan,data/photo_pool/standing-floor-fan/01.jpg,Dave Catchpole,https://www.flickr.com/photos/52957117@N04/7306701880,by 2.0
standing floor fan,data/photo_pool/standing-floor-fan/02.jpg,Dave Catchpole,https://www.flickr.com/photos/52957117@N04/7309317406,by 2.0
standing floor fan,data/photo_pool/standing-floor-fan/03.jpg,Dave Catchpole,https://www.flickr.com/photos/52957117@N04/7305085510,by 2.0
standing floor fan,data/photo_pool/standing-floor-fan/04.jpg,Dave Catchpole,https://www.flickr.com/photos/52957117@N04/7325945552,by 2.0
standing floor fan,data/photo_pool/standing-floor-fan/05.jpg,Dave Catchpole,https://www.flickr.com/photos/52957117@N04/7309759110,by 2.0
tablet device,data/photo_pool/tablet-device/00.jpg,Qole Tech,https://www.flickr.com/photos/22764998@N08/5756358063,by 2.0
tablet device,data/photo_pool/tablet-device/01.jpg,servantofchaos,https://www.flickr.com/photos/92996181@N00/8292005093,by-sa 2.0
tablet device,data/photo_pool/tablet-device/02.jpg,Michael Greto,https://www.thingiverse.com/thing:2977946,cc0 1.0
tablet device,data/photo_pool/tablet-device/03.jpg,Michael Greto,https://www.thingiverse.com/thing:2977946,cc0 1.0
tablet device,data/photo_pool/tablet-device/04.jpg,Michael Greto,https://www.thingiverse.com/thing:2977946,cc0 1.0
tablet device,data/photo_pool/tablet-device/05.jpg,Michael Greto,https://www.thingiverse.com/thing:2977946,cc0 1.0
tennis racket,data/photo_pool/tennis-racket/00.jpg,CORE-Materials,https://www.flickr.com/photos/41639353@N08/4370537412,by 2.0
tennis racket,data/photo_pool/tennis-racket/01.jpg,CORE-Materials,https://www.flickr.com/photos/41639353@N08/4369788825,by 2.0
tennis racket,data/photo_pool/tennis-racket/02.jpg,CORE-Materials,https://www.flickr.com/photos/41639353@N08/4370537480,by 2.0
tennis racket,data/photo_pool/tennis-racket/04.jpg,simpleinsomnia,https://www.flickr.com/photos/95329455@N02/11804324186,by 2.0
tennis racket,data/photo_pool/tennis-racket/05.jpg,hannahblu59,https://www.flickr.com/photos/30948681@N08/2915713514,by 2.0
toaster oven,data/photo_pool/toaster-oven/00.jpg,Wallslide,https://www.flickr.com/photos/76625882@N00/3132856726,by 2.0
toaster oven,data/photo_pool/toaster-oven/01.jpg,Sunset Sailor,https://www.flickr.com/photos/80039677@N00/2201488845,by 2.0
toaster oven,data/photo_pool/toaster-oven/02.jpg,tubedogg,https://www.flickr.com/photos/49143119@N00/9175118163,by-sa 2.0
toaster oven,data/photo_pool/toaster-oven/04.jpg,trekkyandy,https://www.flickr.com/photos/87054972@N00/3316859184,by-sa 2.0
toaster oven,data/photo_pool/toaster-oven/05.jpg,semarr,https://www.flickr.com/photos/18722670@N00/2048382859,by 2.0
usb cables charger,data/photo_pool/usb-cables-charger/00.jpg,wwarby,https://www.flickr.com/photos/26782864@N00/11729396666,by 2.0
usb cables charger,data/photo_pool/usb-cables-charger/01.jpg,wwarby,https://www.flickr.com/photos/26782864@N00/11728892063,by 2.0
usb cables charger,data/photo_pool/usb-cables-charger/02.jpg,juhansonin,https://www.flickr.com/photos/38869431@N00/3141561416,by 2.0
usb cables charger,data/photo_pool/usb-cables-charger/03.jpg,osde8info,https://www.flickr.com/photos/8764442@N07/4694933821,by-sa 2.0
usb cables charger,data/photo_pool/usb-cables-charger/04.jpg,liewcf,https://www.flickr.com/photos/34353636@N00/1342988344,by-sa 2.0
usb cables charger,data/photo_pool/usb-cables-charger/05.jpg,MSVG,https://www.flickr.com/photos/13907834@N00/5149090925,by 2.0
vacuum cleaner,data/photo_pool/vacuum-cleaner/00.jpg,Glen Bledsoe,https://www.flickr.com/photos/22501424@N00/5449273873,by 2.0
vacuum cleaner,data/photo_pool/vacuum-cleaner/01.jpg,Rubber Dragon,https://www.flickr.com/photos/65219016@N04/6762703283,by-sa 2.0
vacuum cleaner,data/photo_pool/vacuum-cleaner/02.jpg,starmanseries,https://www.flickr.com/photos/69125796@N00/7598816442,by 2.0
vacuum cleaner,data/photo_pool/vacuum-cleaner/03.jpg,www.trek.today,https://www.flickr.com/photos/34107995@N00/1496544344,by 2.0
vacuum cleaner,data/photo_pool/vacuum-cleaner/04.jpg,SenseiAlan,https://www.flickr.com/photos/91591049@N00/14497062658,by 2.0
vacuum cleaner,data/photo_pool/vacuum-cleaner/05.jpg,David Blaikie,https://www.flickr.com/photos/12568962@N00/715473620,by 2.0
walnut desk chair,data/photo_pool/walnut-desk-chair/00.jpg,Wonderlane,https://www.flickr.com/photos/71401718@N00/13117113955,by 2.0
walnut desk chair,data/photo_pool/walnut-desk-chair/01.jpg,Associated Fabrication,https://www.flickr.com/photos/31167421@N07/5140272572,by 2.0
walnut desk chair,data/photo_pool/walnut-desk-chair/02.jpg,Walnut Studiolo,https://www.flickr.com/photos/47514124@N02/9365562155,by 2.0
walnut desk chair,data/photo_pool/walnut-desk-chair/03.jpg,Walnut Studiolo,https://www.flickr.com/photos/47514124@N02/9365560615,by 2.0
walnut desk chair,data/photo_pool/walnut-desk-chair/04.jpg,archieflickers,https://www.flickr.com/photos/13898829@N04/8546393485,by 2.0
walnut desk chair,data/photo_pool/walnut-desk-chair/05.jpg,Paris on Ponce & Le Maison Rouge,https://www.flickr.com/photos/93887713@N00/8229650527,by 2.0
walnut sofa couch,data/photo_pool/walnut-sofa-couch/00.jpg,museado,https://www.flickr.com/photos/200781279@N05/53901871162,cc0 1.0
walnut sofa couch,data/photo_pool/walnut-sofa-couch/01.jpg,museado,https://www.flickr.com/photos/200781279@N05/53903178688,cc0 1.0
walnut sofa couch,data/photo_pool/walnut-sofa-couch/02.jpg,museado,https://www.flickr.com/photos/200781279@N05/53903363739,cc0 1.0
walnut sofa couch,data/photo_pool/walnut-sofa-couch/03.jpg,,https://digitaltmuseum.se/021026706008,by 4.0
walnut wooden desk,data/photo_pool/walnut-wooden-desk/00.jpg,Brian Tyirin Woodworking,https://www.flickr.com/photos/74371239@N06/6844249147,by 2.0
walnut wooden desk,data/photo_pool/walnut-wooden-desk/01.jpg,Fæ,https://www.flickr.com/photos/50398299@N08/16403343281,by 2.0
walnut wooden desk,data/photo_pool/walnut-wooden-desk/02.jpg,jared,https://www.flickr.com/photos/35468148654@N01/6945137187,by 2.0
walnut wooden desk,data/photo_pool/walnut-wooden-desk/03.jpg,Paris on Ponce & Le Maison Rouge,https://www.flickr.com/photos/93887713@N00/8229650527,by 2.0
walnut wooden desk,data/photo_pool/walnut-wooden-desk/04.jpg,Avia Venefica,https://www.flickr.com/photos/22565639@N03/3619680814,by 2.0
walnut wooden desk,data/photo_pool/walnut-wooden-desk/05.jpg,"Erwin, William P. and Dugdale, Thomas A.",https://n2t.net/ark:/65665/ng49ca746a4-fa0b-704b-e053-15f76fa0b4fa,cc0 1.0
water filter pitcher,data/photo_pool/water-filter-pitcher/00.jpg,,https://commons.wikimedia.org/wiki/File:Brita_water_filter_in_use.JPG,see Commons file page
weight bench gym,data/photo_pool/weight-bench-gym/00.jpg,alantankenghoe,https://www.flickr.com/photos/57785759@N06/5767535604,by 2.0
weight bench gym,data/photo_pool/weight-bench-gym/01.jpg,Neda Andel ~SLooK4U Blog ~ slowly coming back,https://www.flickr.com/photos/31730451@N03/26075449421,by-sa 2.0
weight bench gym,data/photo_pool/weight-bench-gym/02.jpg,SurfaceWarriors,https://www.flickr.com/photos/55244200@N05/18437072141,by-sa 2.0
weight bench gym,data/photo_pool/weight-bench-gym/03.jpg,snowpeak,https://www.flickr.com/photos/53986933@N00/50068817213,by 2.0
weight bench gym,data/photo_pool/weight-bench-gym/04.jpg,sffoghorn,https://www.flickr.com/photos/30386789@N05/2988550772,by 2.0
weight bench gym,data/photo_pool/weight-bench-gym/05.jpg,SurfaceWarriors,https://www.flickr.com/photos/55244200@N05/18021492274,by-sa 2.0
white desk chair,data/photo_pool/white-desk-chair/01.jpg,Mike_fleming,https://www.flickr.com/photos/33174580@N00/2787215297,by 2.0
white desk chair,data/photo_pool/white-desk-chair/02.jpg,Andrew Mason,https://www.flickr.com/photos/34754790@N00/4968184,by 2.0
white desk chair,data/photo_pool/white-desk-chair/03.jpg,Bench Accounting,https://stocksnap.io/photo/office-desk-N7FUTW0RY5,cc0 1.0
white desk chair,data/photo_pool/white-desk-chair/04.jpg,AdamSelwood,https://www.flickr.com/photos/50148267@N00/3686841540,by 2.0
white desk chair,data/photo_pool/white-desk-chair/05.jpg,cogdogblog,https://www.flickr.com/photos/37996646802@N01/2093926600,cc0 1.0
white sofa couch,data/photo_pool/white-sofa-couch/00.jpg,TriggerHappyDave,https://www.flickr.com/photos/41018892@N00/4956127351,by 2.0
white sofa couch,data/photo_pool/white-sofa-couch/01.jpg,Alan Stanton,https://www.flickr.com/photos/53921762@N00/5259448190,by-sa 2.0
white sofa couch,data/photo_pool/white-sofa-couch/02.jpg,LyndaSanchez,https://www.flickr.com/photos/93963757@N05/8551939166,by-sa 2.0
white sofa couch,data/photo_pool/white-sofa-couch/03.jpg,Plage Vinilos y Decoración,https://www.flickr.com/photos/59209848@N08/5429084250,by 2.0
white sofa couch,data/photo_pool/white-sofa-couch/04.jpg,frischmilch,https://www.flickr.com/photos/76769963@N00/264786862,by 2.0
white sofa couch,data/photo_pool/white-sofa-couch/05.jpg,frischmilch,https://www.flickr.com/photos/76769963@N00/264787010,by 2.0
white wooden desk,data/photo_pool/white-wooden-desk/00.jpg,John Beans,https://www.flickr.com/photos/147592390@N06/33766649748,by 2.0
white wooden desk,data/photo_pool/white-wooden-desk/01.jpg,homegets.com,https://www.flickr.com/photos/141436406@N04/49605489078,by 2.0
white wooden desk,data/photo_pool/white-wooden-desk/02.jpg,John Beans,https://www.flickr.com/photos/147592390@N06/40713533003,by 2.0
white wooden desk,data/photo_pool/white-wooden-desk/04.jpg,Nooks,https://www.flickr.com/photos/67764040@N00/6962173238,by-sa 2.0
white wooden desk,data/photo_pool/white-wooden-desk/05.jpg,cajsa.lilliehook,https://www.flickr.com/photos/14514578@N08/14324834505,by-sa 2.0
winter boots,data/photo_pool/winter-boots/00.jpg,Clean Wal-Mart,https://www.flickr.com/photos/33677599@N00/404213744,by 2.0
winter boots,data/photo_pool/winter-boots/03.jpg,Helena Jacoba,https://www.flickr.com/photos/69302634@N02/12892002713,by 2.0
winter boots,data/photo_pool/winter-boots/04.jpg,Helena Jacoba,https://www.flickr.com/photos/69302634@N02/12891994933,by 2.0
winter boots,data/photo_pool/winter-boots/05.jpg,TKnoxB,https://www.flickr.com/photos/59824614@N00/41215448,by 2.0
winter parka coat,data/photo_pool/winter-parka-coat/00.jpg,^Joe,https://www.flickr.com/photos/66239816@N08/16130472948,by 2.0
winter parka coat,data/photo_pool/winter-parka-coat/01.jpg,ernie_c,https://www.flickr.com/photos/32533740@N00/2039193796,by 2.0
winter parka coat,data/photo_pool/winter-parka-coat/02.jpg,trialsanderrors,https://www.flickr.com/photos/76204898@N00/3387812937,by 2.0
winter parka coat,data/photo_pool/winter-parka-coat/03.jpg,vanes_hud,https://www.flickr.com/photos/24844796@N02/24617278565,by-sa 2.0
winter parka coat,data/photo_pool/winter-parka-coat/04.jpg,Dave Bezaire,https://www.flickr.com/photos/75988799@N00/6290272594,by-sa 2.0
winter parka coat,data/photo_pool/winter-parka-coat/05.jpg,Fort Simpson Chamber of Commerce,https://www.flickr.com/photos/71467630@N08/6455055455,by 2.0
wooden bed frame,data/photo_pool/wooden-bed-frame/00.jpg,::coco Rina::,https://www.flickr.com/photos/64019131@N00/3464391170,by 2.0
wooden bed frame,data/photo_pool/wooden-bed-frame/01.jpg,cajsa.lilliehook,https://www.flickr.com/photos/14514578@N08/14324834505,by-sa 2.0
wooden bed frame,data/photo_pool/wooden-bed-frame/02.jpg,cajsa.lilliehook,https://www.flickr.com/photos/14514578@N08/14138220040,by-sa 2.0
wooden bed frame,data/photo_pool/wooden-bed-frame/03.jpg,Red Moon Sanctuary,https://www.flickr.com/photos/71646105@N03/15327725769,by 2.0
wooden bed frame,data/photo_pool/wooden-bed-frame/04.jpg,cajsa.lilliehook,https://www.flickr.com/photos/14514578@N08/14324839155,by-sa 2.0
wooden bed frame,data/photo_pool/wooden-bed-frame/05.jpg,cajsa.lilliehook,https://www.flickr.com/photos/14514578@N08/14301696466,by-sa 2.0
wooden dining chairs,data/photo_pool/wooden-dining-chairs/01.jpg,Wonderlane,https://www.flickr.com/photos/71401718@N00/4847893891,by 2.0
wooden dining chairs,data/photo_pool/wooden-dining-chairs/02.jpg,HALDANE MARTIN,https://www.flickr.com/photos/52634191@N08/4846669719,by 2.0
wooden dining chairs,data/photo_pool/wooden-dining-chairs/03.jpg,Crinklecrankle.com,https://www.flickr.com/photos/35589815@N02/3294841707,by 2.0
wooden dining chairs,data/photo_pool/wooden-dining-chairs/04.jpg,jenny downing,https://www.flickr.com/photos/7941044@N06/3948548508,by 2.0
wooden dining chairs,data/photo_pool/wooden-dining-chairs/05.jpg,Bonsoni.com,https://www.flickr.com/photos/56705951@N04/14197390872,by 2.0
wool overcoat,data/photo_pool/wool-overcoat/00.jpg,jack_spellingbacon,https://www.flickr.com/photos/13422316@N00/471464550,by 2.0
wool overcoat,data/photo_pool/wool-overcoat/01.jpg,No Boring Stories,https://www.flickr.com/photos/103737643@N07/10059998463,by-sa 2.0
wool overcoat,data/photo_pool/wool-overcoat/02.jpg,anokarina,https://www.flickr.com/photos/30760976@N04/3250024263,by-sa 2.0
wool overcoat,data/photo_pool/wool-overcoat/03.jpg,Strandell,https://www.flickr.com/photos/64826289@N00/3315609215,by 2.0
wool overcoat,data/photo_pool/wool-overcoat/04.jpg,Strandell,https://www.flickr.com/photos/64826289@N00/3316432940,by 2.0
wool overcoat,data/photo_pool/wool-overcoat/05.jpg,Strandell,https://www.flickr.com/photos/64826289@N00/3316436780,by 2.0
wool scarf gloves,data/photo_pool/wool-scarf-gloves/00.jpg,CREEPETZ,https://www.flickr.com/photos/21983794@N06/3717949968,by 2.0
wool scarf gloves,data/photo_pool/wool-scarf-gloves/01.jpg,Orin Zebest,https://www.flickr.com/photos/33917831@N00/302342291,by 2.0
wool scarf gloves,data/photo_pool/wool-scarf-gloves/02.jpg,smittenkittenorig,https://www.flickr.com/photos/83202873@N00/3821016646,by 2.0
wool scarf gloves,data/photo_pool/wool-scarf-gloves/03.jpg,I Love Egg,https://www.flickr.com/photos/29664345@N08/3119490360,by 2.0
wool scarf gloves,data/photo_pool/wool-scarf-gloves/04.jpg,Thirteen Of Clubs,https://www.flickr.com/photos/74163253@N00/3111482011,by-sa 2.0
wool scarf gloves,data/photo_pool/wool-scarf-gloves/05.jpg,smittenkittenorig,https://www.flickr.com/photos/83202873@N00/2208735031,by 2.0
yoga mat,data/photo_pool/yoga-mat/00.jpg,Bekathwia,https://www.flickr.com/photos/23243094@N00/3285470147,by-sa 2.0
yoga mat,data/photo_pool/yoga-mat/01.jpg,Bekathwia,https://www.flickr.com/photos/23243094@N00/3286289446,by-sa 2.0
yoga mat,data/photo_pool/yoga-mat/02.jpg,Trinity,https://www.flickr.com/photos/34427465504@N01/213626024,by-sa 2.0
yoga mat,data/photo_pool/yoga-mat/03.jpg,dustynrobots,https://www.flickr.com/photos/50516268@N03/4775986256,by-sa 2.0
yoga mat,data/photo_pool/yoga-mat/04.jpg,dustynrobots,https://www.flickr.com/photos/50516268@N03/4775339063,by-sa 2.0
yoga mat,data/photo_pool/yoga-mat/05.jpg,cowbite,https://www.flickr.com/photos/24886284@N00/393409257,by-sa 2.0
air purifier,data/photo_pool/air-purifier/06.jpg,bluesmoon,https://www.flickr.com/photos/57155801@N00/3081397039,by-sa 2.0
air purifier,data/photo_pool/air-purifier/07.jpg,spe.automotive,https://www.flickr.com/photos/32775400@N06/51592080313,by 2.0
air purifier,data/photo_pool/air-purifier/08.jpg,drooooo,https://www.flickr.com/photos/75106436@N00/3788604403,by 2.0
air purifier,data/photo_pool/air-purifier/09.jpg,Kai Hendry,https://www.flickr.com/photos/16105436@N00/8477601231,by 2.0
air purifier,data/photo_pool/air-purifier/10.jpg,Dennis S. Hurd,https://www.flickr.com/photos/43296902@N00/51331948430,by 2.0
air purifier,data/photo_pool/air-purifier/11.jpg,pockethifi,https://www.flickr.com/photos/31667440@N04/33735571042,by 2.0
basketball,data/photo_pool/basketball/06.jpg,rady one ツ,https://www.flickr.com/photos/7566272@N02/5260737779,by 2.0
basketball,data/photo_pool/basketball/07.jpg,CodPod.com,https://www.flickr.com/photos/14075091@N04/5498180486,by-sa 2.0
basketball,data/photo_pool/basketball/08.jpg,CodPod.com,https://www.flickr.com/photos/14075091@N04/5498180714,by-sa 2.0
basketball,data/photo_pool/basketball/09.jpg,CodPod.com,https://www.flickr.com/photos/14075091@N04/5498180254,by-sa 2.0
basketball,data/photo_pool/basketball/10.jpg,CodPod.com,https://www.flickr.com/photos/14075091@N04/5498182688,by-sa 2.0
basketball,data/photo_pool/basketball/11.jpg,CodPod.com,https://www.flickr.com/photos/14075091@N04/5497586439,by-sa 2.0
beige desk chair,data/photo_pool/beige-desk-chair/06.jpg,,https://www.brooklynmuseum.org/opencollection/objects/50979,by 3.0
beige desk chair,data/photo_pool/beige-desk-chair/07.jpg,,https://www.brooklynmuseum.org/opencollection/objects/50979,by 3.0
beige desk chair,data/photo_pool/beige-desk-chair/08.jpg,,https://www.brooklynmuseum.org/opencollection/objects/50979,by 3.0
beige desk chair,data/photo_pool/beige-desk-chair/09.jpg,,https://www.brooklynmuseum.org/opencollection/objects/50979,by 3.0
beige desk chair,data/photo_pool/beige-desk-chair/10.jpg,,https://www.brooklynmuseum.org/opencollection/objects/50979,by 3.0
beige desk chair,data/photo_pool/beige-desk-chair/11.jpg,,https://www.brooklynmuseum.org/opencollection/objects/50979,by 3.0
beige sofa couch,data/photo_pool/beige-sofa-couch/06.jpg,ccnull.de Bilddatenbank,https://www.flickr.com/photos/115225894@N07/54357204911,by 2.0
beige sofa couch,data/photo_pool/beige-sofa-couch/07.jpg,ccnull.de Bilddatenbank,https://www.flickr.com/photos/115225894@N07/54357203751,by 2.0
beige sofa couch,data/photo_pool/beige-sofa-couch/08.jpg,,https://www.rawpixel.com/image/6870621/png-sticker-public-domain,cc0 1.0
beige sofa couch,data/photo_pool/beige-sofa-couch/09.jpg,,https://www.rawpixel.com/image/6864372/vector-sticker-public-domain-illustrations,cc0 1.0
beige sofa couch,data/photo_pool/beige-sofa-couch/10.jpg,Tawhid Sadman,https://wordpress.org/photos/photo/62694e1660/,cc0 1.0
beige sofa couch,data/photo_pool/beige-sofa-couch/11.jpg,mujuonly,https://wordpress.org/photos/photo/2316835921/,cc0 1.0
bicycle pump,data/photo_pool/bicycle-pump/05.jpg,Donald Trung Quoc Don (Chữ Hán: 徵國單) - Wikimedia Commons.(Want to use this image?),https://commons.wikimedia.org/w/index.php?curid=73891485,by-sa 4.0
bicycle pump,data/photo_pool/bicycle-pump/06.jpg,Aguilus,https://commons.wikimedia.org/w/index.php?curid=85013492,by-sa 4.0
bicycle pump,data/photo_pool/bicycle-pump/07.jpg,Michela Simoncini,https://www.flickr.com/photos/59422190@N00/7592800830,by 2.0
bicycle pump,data/photo_pool/bicycle-pump/08.jpg,Marufish,https://www.flickr.com/photos/8819274@N04/15531341358,by-sa 2.0
bicycle pump,data/photo_pool/bicycle-pump/09.jpg,Marufish,https://www.flickr.com/photos/8819274@N04/15718315402,by-sa 2.0
bicycle pump,data/photo_pool/bicycle-pump/10.jpg,namita_kumar,https://www.flickr.com/photos/84499033@N08/7879122332,by 2.0
bicycle pump,data/photo_pool/bicycle-pump/11.jpg,janelleorsi,https://www.flickr.com/photos/8321352@N06/13183938653,by 2.0
bike helmet lock,data/photo_pool/bike-helmet-lock/06.jpg,Payton Chung,https://www.flickr.com/photos/41813589@N00/3266714255,by 2.0
bike helmet lock,data/photo_pool/bike-helmet-lock/07.jpg,uclatransportation,https://www.flickr.com/photos/46573365@N07/6186041090,by 2.0
bike helmet lock,data/photo_pool/bike-helmet-lock/08.jpg,Gamma Man,https://www.flickr.com/photos/51625243@N06/39573762385,by 2.0
bike helmet lock,data/photo_pool/bike-helmet-lock/09.jpg,zieak,https://www.flickr.com/photos/78552401@N00/2571872631,by 2.0
bike helmet lock,data/photo_pool/bike-helmet-lock/10.jpg,Beige Alert,https://www.flickr.com/photos/53332339@N00/152306954,by-sa 2.0
bike helmet lock,data/photo_pool/bike-helmet-lock/11.jpg,Race Across America,https://www.flickr.com/photos/98661398@N02/18991574710,by 2.0
birch desk chair,data/photo_pool/birch-desk-chair/06.jpg,museado,https://www.flickr.com/photos/200781279@N05/53902676816,cc0 1.0
birch desk chair,data/photo_pool/birch-desk-chair/07.jpg,museado,https://www.flickr.com/photos/200781279@N05/53903367474,cc0 1.0
birch desk chair,data/photo_pool/birch-desk-chair/08.jpg,museado,https://www.flickr.com/photos/200781279@N05/53902554251,cc0 1.0
birch desk chair,data/photo_pool/birch-desk-chair/09.jpg,,https://commons.wikimedia.org/wiki/File:Building_with_assurance_(1921)_(14740809366).jpg,see Commons file page
birch desk chair,data/photo_pool/birch-desk-chair/10.jpg,,"https://commons.wikimedia.org/wiki/File:Print,_trade-card_(BM_Heal,28.19).jpg",see Commons file page
birch desk chair,data/photo_pool/birch-desk-chair/11.jpg,,"https://commons.wikimedia.org/wiki/File:The_School_of_Reform_(BM_1868,0808.9346).jpg",see Commons file page
birch sofa couch,data/photo_pool/birch-sofa-couch/06.jpg,museado,https://www.flickr.com/photos/200781279@N05/53903254533,cc0 1.0
birch sofa couch,data/photo_pool/birch-sofa-couch/07.jpg,museado,https://www.flickr.com/photos/200781279@N05/53902296396,cc0 1.0
birch sofa couch,data/photo_pool/birch-sofa-couch/08.jpg,,https://digitaltmuseum.se/021026706008,by 4.0
birch sofa couch,data/photo_pool/birch-sofa-couch/09.jpg,,https://commons.wikimedia.org/wiki/File:American_homes_and_gardens_(1911)_(17966248958).jpg,see Commons file page
birch sofa couch,data/photo_pool/birch-sofa-couch/10.jpg,,"https://commons.wikimedia.org/wiki/File:Kast,_BK-2000-7.jpg",see Commons file page
black desk chair,data/photo_pool/black-desk-chair/06.jpg,Jeremy Levine Design,https://www.flickr.com/photos/25186605@N04/2815662826,by 2.0
black desk chair,data/photo_pool/black-desk-chair/07.jpg,ell brown,https://www.flickr.com/photos/39415781@N06/6061864687,by 2.0
black desk chair,data/photo_pool/black-desk-chair/08.jpg,globochem3x1minus1,https://www.flickr.com/photos/69756126@N00/3166821483,by 2.0
black desk chair,data/photo_pool/black-desk-chair/09.jpg,Wonderlane,https://www.flickr.com/photos/71401718@N00/13117113955,by 2.0
black desk chair,data/photo_pool/black-desk-chair/10.jpg,craigfinlay,https://www.flickr.com/photos/71284091@N00/3180674752,by 2.0
black desk chair,data/photo_pool/black-desk-chair/11.jpg,ell brown,https://www.flickr.com/photos/39415781@N06/6061863549,by 2.0
black mesh office chair,data/photo_pool/black-mesh-office-chair/01.jpg,,https://commons.wikimedia.org/wiki/File:MartinBehrmanAJHarmeyer.jpg,see Commons file page
black mesh office chair,data/photo_pool/black-mesh-office-chair/02.jpg,,https://commons.wikimedia.org/wiki/File:%E3%82%AA%E3%82%AA%E3%82%B5%E3%82%AB%E3%83%B3%E3%82%B9%E3%83%9A%E3%83%BC%E3%82%B9%E3%81%AE%E9%9B%86%E4%B8%AD%E3%82%A8%E3%83%AA%E3%82%A2_(6837921264).jpg,see Commons file page
black sofa couch,data/photo_pool/black-sofa-couch/06.jpg,mynameisharsha,https://www.flickr.com/photos/27526538@N07/14585484613,by-sa 2.0
black sofa couch,data/photo_pool/black-sofa-couch/07.jpg,Brooke Hoyer,https://www.flickr.com/photos/126191192@N03/14816381120,by 2.0
black sofa couch,data/photo_pool/black-sofa-couch/08.jpg,blah blah photos...blah blah blah,https://www.flickr.com/photos/36508795@N00/2996271814,by 2.0
black sofa couch,data/photo_pool/black-sofa-couch/09.jpg,simpleinsomnia,https://www.flickr.com/photos/95329455@N02/18047539314,by 2.0
black sofa couch,data/photo_pool/black-sofa-couch/10.jpg,Ⅿeagan,https://www.flickr.com/photos/7796992@N08/4238490660,by 2.0
black sofa couch,data/photo_pool/black-sofa-couch/11.jpg,simpleinsomnia,https://www.flickr.com/photos/95329455@N02/25901310226,by 2.0
cardboard moving boxes,data/photo_pool/cardboard-moving-boxes/06.jpg,hireahelper,https://www.flickr.com/photos/158517012@N07/47008644221,by 2.0
cardboard moving boxes,data/photo_pool/cardboard-moving-boxes/07.jpg,hireahelper,https://www.flickr.com/photos/158517012@N07/46499158944,by 2.0
cardboard moving boxes,data/photo_pool/cardboard-moving-boxes/08.jpg,hireahelper,https://www.flickr.com/photos/158517012@N07/32067347137,by 2.0
cardboard moving boxes,data/photo_pool/cardboard-moving-boxes/09.jpg,hireahelper,https://www.flickr.com/photos/158517012@N07/47303023991,by 2.0
cardboard moving boxes,data/photo_pool/cardboard-moving-boxes/10.jpg,hireahelper,https://www.flickr.com/photos/158517012@N07/47303024341,by 2.0
cardboard moving boxes,data/photo_pool/cardboard-moving-boxes/11.jpg,hireahelper,https://www.flickr.com/photos/158517012@N07/47303026351,by 2.0
cast iron skillet,data/photo_pool/cast-iron-skillet/06.jpg,wlayton,https://www.flickr.com/photos/34917178@N08/4683929874,by-sa 2.0
cast iron skillet,data/photo_pool/cast-iron-skillet/07.jpg,banditob,https://www.flickr.com/photos/31416379@N00/15273012433,by-sa 2.0
cast iron skillet,data/photo_pool/cast-iron-skillet/08.jpg,DanaK~WaterPenny,https://www.flickr.com/photos/12176921@N05/5184618423,by 2.0
cast iron skillet,data/photo_pool/cast-iron-skillet/09.jpg,Paul Lowry,https://www.flickr.com/photos/10039026@N03/28476329638,by 2.0
cast iron skillet,data/photo_pool/cast-iron-skillet/11.jpg,Ryan Harvey,https://www.flickr.com/photos/87933807@N00/8285592875,by-sa 2.0
chest of drawers dresser,data/photo_pool/chest-of-drawers-dresser/06.jpg,REVIVALthedigest,https://www.flickr.com/photos/48321464@N05/4747368853,by-sa 2.0
chest of drawers dresser,data/photo_pool/chest-of-drawers-dresser/07.jpg,REVIVALthedigest,https://www.flickr.com/photos/48321464@N05/4747368477,by-sa 2.0
chest of drawers dresser,data/photo_pool/chest-of-drawers-dresser/08.jpg,REVIVALthedigest,https://www.flickr.com/photos/48321464@N05/4747368175,by-sa 2.0
chest of drawers dresser,data/photo_pool/chest-of-drawers-dresser/09.jpg,REVIVALthedigest,https://www.flickr.com/photos/48321464@N05/4747369027,by-sa 2.0
chest of drawers dresser,data/photo_pool/chest-of-drawers-dresser/10.jpg,REVIVALthedigest,https://www.flickr.com/photos/48321464@N05/4748012184,by-sa 2.0
chest of drawers dresser,data/photo_pool/chest-of-drawers-dresser/11.jpg,REVIVALthedigest,https://www.flickr.com/photos/48321464@N05/4748012404,by-sa 2.0
clothes drying rack,data/photo_pool/clothes-drying-rack/06.jpg,John Loo,https://www.flickr.com/photos/8510225@N07/4130802267,by 2.0
clothes drying rack,data/photo_pool/clothes-drying-rack/07.jpg,almyki,https://www.flickr.com/photos/86994034@N07/12648865033,by 2.0
clothes drying rack,data/photo_pool/clothes-drying-rack/08.jpg,nevil zaveri (thank you for 20+M views:),https://www.flickr.com/photos/43109416@N00/339988077,by 2.0
clothes drying rack,data/photo_pool/clothes-drying-rack/09.jpg,nevil zaveri (thank you for 20+M views:),https://www.flickr.com/photos/43109416@N00/339988080,by 2.0
clothes drying rack,data/photo_pool/clothes-drying-rack/10.jpg,See-ming Lee (SML),https://www.flickr.com/photos/48973657@N00/8473771986,by 2.0
clothes drying rack,data/photo_pool/clothes-drying-rack/11.jpg,nevil zaveri (thank you for 20+M views:),https://www.flickr.com/photos/43109416@N00/14569956989,by 2.0
clothes rack hangers,data/photo_pool/clothes-rack-hangers/06.jpg,Diego3336,https://www.flickr.com/photos/31018257@N00/58987235,by 2.0
clothes rack hangers,data/photo_pool/clothes-rack-hangers/07.jpg,mikefats,https://www.flickr.com/photos/51035747113@N01/2266575528,by 2.0
clothes rack hangers,data/photo_pool/clothes-rack-hangers/08.jpg,FeatheredTar,https://www.flickr.com/photos/55915190@N00/2298993649,by 2.0
clothes rack hangers,data/photo_pool/clothes-rack-hangers/09.jpg,emily @ go haus go,https://www.flickr.com/photos/60849758@N05/13728799395,by 2.0
clothes rack hangers,data/photo_pool/clothes-rack-hangers/10.jpg,jencu,https://www.flickr.com/photos/10581108@N00/2275847871,by 2.0
clothes rack hangers,data/photo_pool/clothes-rack-hangers/11.jpg,Clean Wal-Mart,https://www.flickr.com/photos/33677599@N00/419572648,by 2.0
coffee mugs glasses,data/photo_pool/coffee-mugs-glasses/06.jpg,austinevan,https://www.flickr.com/photos/19762676@N00/3167902393,by 2.0
coffee mugs glasses,data/photo_pool/coffee-mugs-glasses/07.jpg,Gunjan Karun,https://www.flickr.com/photos/25403423@N00/2641352297,by 2.0
coffee mugs glasses,data/photo_pool/coffee-mugs-glasses/08.jpg,ProFlowers.com,https://www.flickr.com/photos/127365614@N08/16618783999,by 2.0
coffee mugs glasses,data/photo_pool/coffee-mugs-glasses/09.jpg,the opoponax,https://www.flickr.com/photos/33899330@N00/6813477570,by 2.0
coffee mugs glasses,data/photo_pool/coffee-mugs-glasses/10.jpg,joyosity,https://www.flickr.com/photos/33993074@N00/8078209828,by 2.0
coffee mugs glasses,data/photo_pool/coffee-mugs-glasses/11.jpg,jdtornow,https://www.flickr.com/photos/33602281@N00/7125704591,by 2.0
coffee table living room,data/photo_pool/coffee-table-living-room/06.jpg,DesignFolly.com,https://www.flickr.com/photos/9243453@N02/3147615601,by-sa 2.0
coffee table living room,data/photo_pool/coffee-table-living-room/07.jpg,reiner.kraft,https://www.flickr.com/photos/51876732@N00/331728294,by 2.0
coffee table living room,data/photo_pool/coffee-table-living-room/08.jpg,BFS Man,https://www.flickr.com/photos/40586164@N07/6793049577,by 2.0
coffee table living room,data/photo_pool/coffee-table-living-room/09.jpg,vsmoothe,https://www.flickr.com/photos/77586727@N00/390521391,by 2.0
coffee table living room,data/photo_pool/coffee-table-living-room/10.jpg,Our Home At,https://www.flickr.com/photos/43814362@N02/4033195015,by 2.0
coffee table living room,data/photo_pool/coffee-table-living-room/11.jpg,Adele 2010,https://www.flickr.com/photos/48216552@N07/4421002224,by 2.0
college textbook,data/photo_pool/college-textbook/06.jpg,Abdulla Al Muhairi,https://www.flickr.com/photos/57866029@N00/2530813524,by 2.0
college textbook,data/photo_pool/college-textbook/07.jpg,shutterhacks,https://www.flickr.com/photos/36768983@N06/4474421855,by 2.0
college textbook,data/photo_pool/college-textbook/08.jpg,Abee5,https://www.flickr.com/photos/45256566@N04/8314929977,by 2.0
college textbook,data/photo_pool/college-textbook/09.jpg,Horia Varlan,https://www.flickr.com/photos/10361931@N06/4268897748,by 2.0
college textbook,data/photo_pool/college-textbook/10.jpg,katerha,https://www.flickr.com/photos/8489692@N03/5020407401,by 2.0
college textbook,data/photo_pool/college-textbook/11.jpg,Horia Varlan,https://www.flickr.com/photos/10361931@N06/4263328317,by 2.0
computer monitor desk,data/photo_pool/computer-monitor-desk/06.jpg,willybepop,https://www.flickr.com/photos/16930943@N04/16978681515,by 2.0
computer monitor desk,data/photo_pool/computer-monitor-desk/07.jpg,djsmiley2k,https://www.flickr.com/photos/21170187@N04/5146435833,by-sa 2.0
computer monitor desk,data/photo_pool/computer-monitor-desk/08.jpg,liewcf,https://www.flickr.com/photos/34353636@N00/2937916633,by-sa 2.0
computer monitor desk,data/photo_pool/computer-monitor-desk/09.jpg,johndecember,https://www.flickr.com/photos/39043411@N00/2264127312,by 2.0
computer monitor desk,data/photo_pool/computer-monitor-desk/10.jpg,MattsMacintosh,https://www.flickr.com/photos/48126477@N05/6036720300,by 2.0
computer monitor desk,data/photo_pool/computer-monitor-desk/11.jpg,Bekathwia,https://www.flickr.com/photos/23243094@N00/2184834274,by-sa 2.0
computer mouse desk,data/photo_pool/computer-mouse-desk/06.jpg,William Hook,https://www.flickr.com/photos/83542829@N00/2633816464,by-sa 2.0
computer mouse desk,data/photo_pool/computer-mouse-desk/07.jpg,William Hook,https://www.flickr.com/photos/83542829@N00/3879619430,by-sa 2.0
computer mouse desk,data/photo_pool/computer-mouse-desk/08.jpg,William Hook,https://www.flickr.com/photos/83542829@N00/2673021162,by-sa 2.0
computer mouse desk,data/photo_pool/computer-mouse-desk/09.jpg,Trevor Butcher - Artist,https://www.flickr.com/photos/27888428@N00/9454106748,by 2.0
computer mouse desk,data/photo_pool/computer-mouse-desk/10.jpg,Johan Brook,https://www.flickr.com/photos/41584053@N04/4481758659,by-sa 2.0
computer mouse desk,data/photo_pool/computer-mouse-desk/11.jpg,halseike,https://www.flickr.com/photos/99624358@N00/4563540352,by 2.0
curtains window,data/photo_pool/curtains-window/06.jpg,dbister,https://www.flickr.com/photos/97348761@N00/9559875724,by-sa 2.0
curtains window,data/photo_pool/curtains-window/07.jpg,leostrakosch,https://www.flickr.com/photos/128714622@N05/15375672749,by-sa 2.0
curtains window,data/photo_pool/curtains-window/08.jpg,,https://www.rawpixel.com/image/6076318/windowwindow,cc0 1.0
desk lamp,data/photo_pool/desk-lamp/06.jpg,FHKE,https://www.flickr.com/photos/16226024@N00/220593718,by-sa 2.0
desk lamp,data/photo_pool/desk-lamp/07.jpg,micronova,https://www.flickr.com/photos/7880512@N06/6201407232,by 2.0
desk lamp,data/photo_pool/desk-lamp/08.jpg,TammiRockStar,https://www.flickr.com/photos/71598304@N04/6470606187,by 2.0
desk lamp,data/photo_pool/desk-lamp/09.jpg,brendan-c,https://www.flickr.com/photos/56145589@N00/6333080789,by 2.0
desk lamp,data/photo_pool/desk-lamp/11.jpg,adamdachis,https://www.flickr.com/photos/7953937@N04/7730072022,by 2.0
dinner plates dishes,data/photo_pool/dinner-plates-dishes/06.jpg,Stacy Spensley,https://www.flickr.com/photos/21001756@N06/9121925373,by 2.0
dinner plates dishes,data/photo_pool/dinner-plates-dishes/07.jpg,Librarian Avenger,https://www.flickr.com/photos/32112542@N00/500570946,by 2.0
dinner plates dishes,data/photo_pool/dinner-plates-dishes/08.jpg,LollyKnit,https://www.flickr.com/photos/96466040@N00/507679721,by 2.0
dinner plates dishes,data/photo_pool/dinner-plates-dishes/09.jpg,vladislav.bezrukov,https://www.flickr.com/photos/61747385@N00/4319296714,by 2.0
dinner plates dishes,data/photo_pool/dinner-plates-dishes/10.jpg,jeffreyw,https://www.flickr.com/photos/7927684@N03/7672333050,by 2.0
dinner plates dishes,data/photo_pool/dinner-plates-dishes/11.jpg,andrewarchy,https://www.flickr.com/photos/22292214@N00/5611724473,by 2.0
dumbbells weights,data/photo_pool/dumbbells-weights/07.jpg,jerryonlife,https://www.flickr.com/photos/34909987@N07/3265269814,by 2.0
dumbbells weights,data/photo_pool/dumbbells-weights/08.jpg,Tobias Häring,https://www.flickr.com/photos/43673788@N07/4732639741,by 2.0
dumbbells weights,data/photo_pool/dumbbells-weights/09.jpg,slgckgc,https://www.flickr.com/photos/14771153@N04/5442846299,by 2.0
dumbbells weights,data/photo_pool/dumbbells-weights/10.jpg,Atiboy,https://www.flickr.com/photos/75112498@N00/4444226272,by 2.0
dumbbells weights,data/photo_pool/dumbbells-weights/11.jpg,StockyPics,https://www.flickr.com/photos/135371437@N04/23673556034,cc0 1.0
e-reader ebook,data/photo_pool/e-reader-ebook/06.jpg,AZAdam,https://www.flickr.com/photos/38074672@N00/83278095,by-sa 2.0
e-reader ebook,data/photo_pool/e-reader-ebook/07.jpg,AZAdam,https://www.flickr.com/photos/38074672@N00/83277787,by-sa 2.0
e-reader ebook,data/photo_pool/e-reader-ebook/08.jpg,xmacex,https://www.flickr.com/photos/77136818@N00/5146281054,by-sa 2.0
e-reader ebook,data/photo_pool/e-reader-ebook/09.jpg,skuds,https://www.flickr.com/photos/89273442@N00/6597474623,by-sa 2.0
e-reader ebook,data/photo_pool/e-reader-ebook/10.jpg,ceslava.com,https://www.flickr.com/photos/53152904@N00/4253093081,by-sa 2.0
e-reader ebook,data/photo_pool/e-reader-ebook/11.jpg,ceslava.com,https://www.flickr.com/photos/53152904@N00/4253955406,by-sa 2.0
electric kettle,data/photo_pool/electric-kettle/08.jpg,celesteh,https://www.flickr.com/photos/27283274@N00/27648573220,by 2.0
electric kettle,data/photo_pool/electric-kettle/09.jpg,dcmaster,https://www.flickr.com/photos/76224602@N00/36251108422,by-sa 2.0
electric kettle,data/photo_pool/electric-kettle/10.jpg,dcmaster,https://www.flickr.com/photos/76224602@N00/35611650553,by-sa 2.0
electric scooter,data/photo_pool/electric-scooter/06.jpg,Serendigity,https://www.flickr.com/photos/68686051@N00/2493906422,by-sa 2.0
electric scooter,data/photo_pool/electric-scooter/07.jpg,PaulWay,https://www.flickr.com/photos/58137560@N08/6919685700,by-sa 2.0
electric scooter,data/photo_pool/electric-scooter/09.jpg,uclatransportation,https://www.flickr.com/photos/46573365@N07/6186041352,by 2.0
electric scooter,data/photo_pool/electric-scooter/10.jpg,PaulWay,https://www.flickr.com/photos/58137560@N08/7065761555,by-sa 2.0
electric scooter,data/photo_pool/electric-scooter/11.jpg,uclatransportation,https://www.flickr.com/photos/46573365@N07/6186042002,by 2.0
espresso coffee machine,data/photo_pool/espresso-coffee-machine/06.jpg,GoToVan,https://www.flickr.com/photos/47022937@N03/24197336848,by 2.0
espresso coffee machine,data/photo_pool/espresso-coffee-machine/07.jpg,GoToVan,https://www.flickr.com/photos/47022937@N03/38049720271,by 2.0
espresso coffee machine,data/photo_pool/espresso-coffee-machine/08.jpg,GoToVan,https://www.flickr.com/photos/47022937@N03/24197353038,by 2.0
espresso coffee machine,data/photo_pool/espresso-coffee-machine/09.jpg,GoToVan,https://www.flickr.com/photos/47022937@N03/37996135706,by 2.0
espresso coffee machine,data/photo_pool/espresso-coffee-machine/10.jpg,GoToVan,https://www.flickr.com/photos/47022937@N03/38049754511,by 2.0
espresso coffee machine,data/photo_pool/espresso-coffee-machine/11.jpg,GoToVan,https://www.flickr.com/photos/47022937@N03/37340422174,by 2.0
full length mirror,data/photo_pool/full-length-mirror/07.jpg,Jo Munday,https://www.flickr.com/photos/17912076@N00/2419887061,by 2.0
full length mirror,data/photo_pool/full-length-mirror/08.jpg,Melissa Hillier,https://www.flickr.com/photos/77423179@N02/8569754125,by 2.0
full length mirror,data/photo_pool/full-length-mirror/09.jpg,TheTechDave,https://www.flickr.com/photos/63845798@N04/18490570718,by 2.0
full length mirror,data/photo_pool/full-length-mirror/10.jpg,zaneology,https://www.flickr.com/photos/11271224@N00/36930074624,by 2.0
grey desk chair,data/photo_pool/grey-desk-chair/06.jpg,cajsa.lilliehook,https://www.flickr.com/photos/14514578@N08/16856862552,by-sa 2.0
grey desk chair,data/photo_pool/grey-desk-chair/07.jpg,cajsa.lilliehook,https://www.flickr.com/photos/14514578@N08/16671889689,by-sa 2.0
grey desk chair,data/photo_pool/grey-desk-chair/08.jpg,cajsa.lilliehook,https://www.flickr.com/photos/14514578@N08/16832152556,by-sa 2.0
grey desk chair,data/photo_pool/grey-desk-chair/09.jpg,cajsa.lilliehook,https://www.flickr.com/photos/14514578@N08/13069264945,by-sa 2.0
grey desk chair,data/photo_pool/grey-desk-chair/10.jpg,cajsa.lilliehook,https://www.flickr.com/photos/14514578@N08/16671887799,by-sa 2.0
grey desk chair,data/photo_pool/grey-desk-chair/11.jpg,cajsa.lilliehook,https://www.flickr.com/photos/14514578@N08/13069392213,by-sa 2.0
grey sofa couch,data/photo_pool/grey-sofa-couch/06.jpg,mikecogh,https://www.flickr.com/photos/89165847@N00/27329615808,by-sa 2.0
grey sofa couch,data/photo_pool/grey-sofa-couch/07.jpg,tiffanyartistmodel,https://www.flickr.com/photos/194724223@N02/55232891671,cc0 1.0
grey sofa couch,data/photo_pool/grey-sofa-couch/08.jpg,tiffanyartistmodel,https://www.flickr.com/photos/194724223@N02/55231979282,cc0 1.0
grey sofa couch,data/photo_pool/grey-sofa-couch/10.jpg,tiffanyartistmodel,https://www.flickr.com/photos/194724223@N02/55232891681,cc0 1.0
grey sofa couch,data/photo_pool/grey-sofa-couch/11.jpg,mikecogh,https://www.flickr.com/photos/89165847@N00/44084064931,by-sa 2.0
hybrid commuter bicycle,data/photo_pool/hybrid-commuter-bicycle/06.jpg,sashafatcat,https://www.flickr.com/photos/91255327@N00/2606977784,by 2.0
hybrid commuter bicycle,data/photo_pool/hybrid-commuter-bicycle/07.jpg,Gavin Anderson,https://www.flickr.com/photos/48292998@N00/5107114312,by-sa 2.0
hybrid commuter bicycle,data/photo_pool/hybrid-commuter-bicycle/08.jpg,Gavin Anderson,https://www.flickr.com/photos/48292998@N00/5106548847,by-sa 2.0
hybrid commuter bicycle,data/photo_pool/hybrid-commuter-bicycle/09.jpg,Gavin Anderson,https://www.flickr.com/photos/48292998@N00/5106561665,by-sa 2.0
hybrid commuter bicycle,data/photo_pool/hybrid-commuter-bicycle/10.jpg,Gavin Anderson,https://www.flickr.com/photos/48292998@N00/5106532393,by-sa 2.0
hybrid commuter bicycle,data/photo_pool/hybrid-commuter-bicycle/11.jpg,Gavin Anderson,https://www.flickr.com/photos/48292998@N00/5107126598,by-sa 2.0
kick scooter,data/photo_pool/kick-scooter/08.jpg,ericheath,https://www.flickr.com/photos/59162210@N00/2578154308,by 2.0
kick scooter,data/photo_pool/kick-scooter/10.jpg,MIKI Yoshihito. (#mikiyoshihito),https://www.flickr.com/photos/7940758@N07/48636357532,by 2.0
kick scooter,data/photo_pool/kick-scooter/11.jpg,pelican,https://www.flickr.com/photos/85936780@N00/40751565533,by-sa 2.0
kitchen utensils,data/photo_pool/kitchen-utensils/06.jpg,Eyad Elbayoumi,https://www.flickr.com/photos/12769809@N00/14616219324,by-sa 2.0
kitchen utensils,data/photo_pool/kitchen-utensils/07.jpg,1lenore,https://www.flickr.com/photos/80522246@N00/2235967605,by 2.0
kitchen utensils,data/photo_pool/kitchen-utensils/08.jpg,EraPhernalia Vintage . . . [''playin' hook-y''] ;o,https://www.flickr.com/photos/28510393@N07/3320547336,by-sa 2.0
kitchen utensils,data/photo_pool/kitchen-utensils/09.jpg,ProFlowers.com,https://www.flickr.com/photos/127365614@N08/16804474915,by 2.0
kitchen utensils,data/photo_pool/kitchen-utensils/10.jpg,ProFlowers.com,https://www.flickr.com/photos/127365614@N08/16616914648,by 2.0
kitchen utensils,data/photo_pool/kitchen-utensils/11.jpg,Eyad Elbayoumi,https://www.flickr.com/photos/12769809@N00/14638239563,by-sa 2.0
laptop computer,data/photo_pool/laptop-computer/06.jpg,Wonderlane,https://www.flickr.com/photos/71401718@N00/5865501527,by 2.0
laptop computer,data/photo_pool/laptop-computer/07.jpg,Image Catalog,https://www.flickr.com/photos/132795455@N08/17652642364,cc0 1.0
laptop computer,data/photo_pool/laptop-computer/08.jpg,npslibrarian,https://www.flickr.com/photos/12438331@N02/2104253867,by-sa 2.0
laptop computer,data/photo_pool/laptop-computer/09.jpg,ProFlowers.com,https://www.flickr.com/photos/127365614@N08/16597629177,by 2.0
laptop computer,data/photo_pool/laptop-computer/10.jpg,Lyn Lomasi,https://www.flickr.com/photos/61350948@N03/7782743756,by 2.0
laptop computer,data/photo_pool/laptop-computer/11.jpg,perspec_photo88,https://www.flickr.com/photos/111692634@N04/11407095883,by-sa 2.0
mattress bed frame,data/photo_pool/mattress-bed-frame/06.jpg,flattop341,https://www.flickr.com/photos/46861107@N00/505422347,by 2.0
mattress bed frame,data/photo_pool/mattress-bed-frame/07.jpg,Alex Bellink,https://www.flickr.com/photos/15309512@N04/5014203532,by 2.0
mattress bed frame,data/photo_pool/mattress-bed-frame/08.jpg,johnnycochran,https://www.flickr.com/photos/55076283@N00/3924169925,by 2.0
mattress bed frame,data/photo_pool/mattress-bed-frame/09.jpg,ResoluteSupportMedia,https://www.flickr.com/photos/29456680@N06/5602839338,by 2.0
mattress bed frame,data/photo_pool/mattress-bed-frame/10.jpg,ResoluteSupportMedia,https://www.flickr.com/photos/29456680@N06/5602840208,by 2.0
mattress bed frame,data/photo_pool/mattress-bed-frame/11.jpg,sparr0,https://www.flickr.com/photos/22611472@N02/6015743351,by-sa 2.0
mattress bedroom,data/photo_pool/mattress-bedroom/06.jpg,bedzine,https://www.flickr.com/photos/11767340@N00/472918606,by-sa 2.0
mattress bedroom,data/photo_pool/mattress-bedroom/07.jpg,Plage Vinilos y Decoración,https://www.flickr.com/photos/59209848@N08/5428444417,by 2.0
mattress bedroom,data/photo_pool/mattress-bedroom/08.jpg,Editor B,https://www.flickr.com/photos/11018968@N00/8000806187,by 2.0
mattress bedroom,data/photo_pool/mattress-bedroom/09.jpg,Bonsoni.com,https://www.flickr.com/photos/56705951@N04/12172498054,by 2.0
mattress bedroom,data/photo_pool/mattress-bedroom/10.jpg,Arcane_Magazine,https://www.flickr.com/photos/58109006@N05/5455319479,by 2.0
mattress bedroom,data/photo_pool/mattress-bedroom/11.jpg,www.trek.today,https://www.flickr.com/photos/34107995@N00/3455670273,by 2.0
mechanical keyboard,data/photo_pool/mechanical-keyboard/06.jpg,Nebulant,https://www.flickr.com/photos/47581723@N00/45221281314,by 2.0
mechanical keyboard,data/photo_pool/mechanical-keyboard/07.jpg,Nebulant,https://www.flickr.com/photos/47581723@N00/45033117625,by 2.0
mechanical keyboard,data/photo_pool/mechanical-keyboard/08.jpg,Nebulant,https://www.flickr.com/photos/47581723@N00/45033156615,by 2.0
mechanical keyboard,data/photo_pool/mechanical-keyboard/09.jpg,Nebulant,https://www.flickr.com/photos/47581723@N00/31006427357,by 2.0
mechanical keyboard,data/photo_pool/mechanical-keyboard/10.jpg,Nebulant,https://www.flickr.com/photos/47581723@N00/45896083132,by 2.0
mechanical keyboard,data/photo_pool/mechanical-keyboard/11.jpg,Nebulant,https://www.flickr.com/photos/47581723@N00/32074361508,by 2.0
mens suit,data/photo_pool/mens-suit/06.jpg,Oracle PR,https://www.flickr.com/photos/49034885@N05/5006428919,by 2.0
mens suit,data/photo_pool/mens-suit/07.jpg,Yuval Y,https://www.flickr.com/photos/91523215@N00/3344899797,by-sa 2.0
mens suit,data/photo_pool/mens-suit/09.jpg,▓▒░ TORLEY ░▒▓,https://www.flickr.com/photos/70285332@N00/8536488041,by-sa 2.0
mens suit,data/photo_pool/mens-suit/10.jpg,danxoneil,https://www.flickr.com/photos/36521980095@N01/6598402759,by 2.0
mens suit,data/photo_pool/mens-suit/11.jpg,moorina,https://www.flickr.com/photos/26607014@N06/3103605176,by 2.0
microwave oven,data/photo_pool/microwave-oven/06.jpg,Mr Thinktank,https://www.flickr.com/photos/34621580@N00/4047915319,by 2.0
microwave oven,data/photo_pool/microwave-oven/07.jpg,wstryder,https://www.flickr.com/photos/36514345@N00/3331140094,by 2.0
microwave oven,data/photo_pool/microwave-oven/08.jpg,david55king,https://www.flickr.com/photos/59787340@N00/2168540912,by 2.0
microwave oven,data/photo_pool/microwave-oven/09.jpg,david55king,https://www.flickr.com/photos/59787340@N00/2168539444,by 2.0
microwave oven,data/photo_pool/microwave-oven/10.jpg,Matthew Paul Argall,https://www.flickr.com/photos/79157069@N03/42357228552,by 2.0
mini fridge,data/photo_pool/mini-fridge/06.jpg,samsaundersbristol,https://www.flickr.com/photos/59993138@N00/5595451343,by-sa 2.0
mini fridge,data/photo_pool/mini-fridge/07.jpg,Jametiks,https://www.flickr.com/photos/14247646@N00/18906212110,by 2.0
mini fridge,data/photo_pool/mini-fridge/08.jpg,quinet,https://www.flickr.com/photos/91994044@N00/26935461972,by 2.0
mini fridge,data/photo_pool/mini-fridge/09.jpg,AngryJulieMonday,https://www.flickr.com/photos/33731571@N07/5832787377,by 2.0
mini fridge,data/photo_pool/mini-fridge/10.jpg,MarkDoliner,https://www.flickr.com/photos/19714819@N00/3645486192,by-sa 2.0
mini fridge,data/photo_pool/mini-fridge/11.jpg,richkidsunite,https://www.flickr.com/photos/89186997@N00/3401982131,by 2.0
navy desk chair,data/photo_pool/navy-desk-chair/06.jpg,U.S. Navy Seabee Museum,https://www.flickr.com/photos/60248384@N05/6847284855,by 2.0
navy desk chair,data/photo_pool/navy-desk-chair/07.jpg,army.arch,https://www.flickr.com/photos/45923298@N00/3362249929,by 2.0
navy desk chair,data/photo_pool/navy-desk-chair/08.jpg,Office of Naval Research,https://www.flickr.com/photos/90628118@N06/11104310313,by 2.0
navy desk chair,data/photo_pool/navy-desk-chair/09.jpg,expertinfantry,https://www.flickr.com/photos/58297778@N04/5467581530,by 2.0
navy desk chair,data/photo_pool/navy-desk-chair/10.jpg,USDAgov,https://www.flickr.com/photos/41284017@N08/8652989538,by 2.0
navy desk chair,data/photo_pool/navy-desk-chair/11.jpg,U.S. Naval War College,https://www.flickr.com/photos/50780602@N04/14011387589,by 2.0
navy sofa couch,data/photo_pool/navy-sofa-couch/06.jpg,,https://commons.wikimedia.org/wiki/File:Couch_End%3F_-_12_December_2010.jpg,see Commons file page
navy sofa couch,data/photo_pool/navy-sofa-couch/07.jpg,,https://commons.wikimedia.org/wiki/File:Homing_Sofa%3F.jpg,see Commons file page
navy sofa couch,data/photo_pool/navy-sofa-couch/08.jpg,,https://commons.wikimedia.org/wiki/File:Navy_Sofa.jpg,see Commons file page
navy sofa couch,data/photo_pool/navy-sofa-couch/09.jpg,,https://commons.wikimedia.org/wiki/File:Sofa_by_night.jpg,see Commons file page
navy sofa couch,data/photo_pool/navy-sofa-couch/10.jpg,,"https://commons.wikimedia.org/wiki/File:Ten_years_in_Washington_-_Life_and_scenes_in_the_national_capital,_as_a_woman_sees_them_(1876)_(14594106959).jpg",see Commons file page
oak desk chair,data/photo_pool/oak-desk-chair/06.jpg,nicolas.boullosa,https://www.flickr.com/photos/90802476@N00/6617043565,by 2.0
oak desk chair,data/photo_pool/oak-desk-chair/07.jpg,nicolas.boullosa,https://www.flickr.com/photos/90802476@N00/6616366993,by 2.0
oak desk chair,data/photo_pool/oak-desk-chair/08.jpg,dmitrybarsky,https://www.flickr.com/photos/84816487@N00/2098764975,by 2.0
oak desk chair,data/photo_pool/oak-desk-chair/09.jpg,nicolas.boullosa,https://www.flickr.com/photos/90802476@N00/6617047185,by 2.0
oak desk chair,data/photo_pool/oak-desk-chair/10.jpg,Jeremy Levine Design,https://www.flickr.com/photos/25186605@N04/27325068306,by 2.0
oak desk chair,data/photo_pool/oak-desk-chair/11.jpg,DiscoverDuPage,https://www.flickr.com/photos/25787577@N03/2760297127,by 2.0
oak sofa couch,data/photo_pool/oak-sofa-couch/06.jpg,urbaneapts,https://www.flickr.com/photos/34170343@N02/3185882065,by-sa 2.0
oak sofa couch,data/photo_pool/oak-sofa-couch/07.jpg,urbaneapts,https://www.flickr.com/photos/34170343@N02/3183447589,by-sa 2.0
oak sofa couch,data/photo_pool/oak-sofa-couch/08.jpg,urbaneapts,https://www.flickr.com/photos/34170343@N02/3256832687,by-sa 2.0
oak sofa couch,data/photo_pool/oak-sofa-couch/09.jpg,urbaneapts,https://www.flickr.com/photos/34170343@N02/3184147708,by-sa 2.0
oak sofa couch,data/photo_pool/oak-sofa-couch/10.jpg,urbaneapts,https://www.flickr.com/photos/34170343@N02/3254417051,by-sa 2.0
oak sofa couch,data/photo_pool/oak-sofa-couch/11.jpg,urbaneapts,https://www.flickr.com/photos/34170343@N02/3184171566,by-sa 2.0
oak wooden desk,data/photo_pool/oak-wooden-desk/06.jpg,Decorative Concrete Kingdom,https://www.flickr.com/photos/38041294@N05/16514422343,by 2.0
oak wooden desk,data/photo_pool/oak-wooden-desk/07.jpg,decar66,https://www.flickr.com/photos/74776159@N00/5480485084,by 2.0
oak wooden desk,data/photo_pool/oak-wooden-desk/08.jpg,ChuckThePhotographer,https://www.flickr.com/photos/93406569@N00/2238522350,by 2.0
oak wooden desk,data/photo_pool/oak-wooden-desk/09.jpg,Christian Lau,https://www.flickr.com/photos/98075809@N00/8047998391,by 2.0
oak wooden desk,data/photo_pool/oak-wooden-desk/10.jpg,Christian Lau,https://www.flickr.com/photos/98075809@N00/8528928416,by 2.0
oak wooden desk,data/photo_pool/oak-wooden-desk/11.jpg,bittbox,https://www.flickr.com/photos/31124107@N00/5661249793,by 2.0
open textbook desk,data/photo_pool/open-textbook-desk/06.jpg,,https://commons.wikimedia.org/wiki/File:Educational_Museum_Lantern_Slides-_City_Hospital_School_Grade_VI-_Transients._-_DPLA_-_4dd4698514289badf547c1f59e76a0d9.jpg,see Commons file page
open textbook desk,data/photo_pool/open-textbook-desk/07.jpg,,"https://commons.wikimedia.org/wiki/File:Girls_education,_Pyongyang_-_UNESCO_-_PHOTO0000000687_0000.tiff",see Commons file page
open textbook desk,data/photo_pool/open-textbook-desk/08.jpg,,"https://commons.wikimedia.org/wiki/File:Girls_education,_Pyongyang_-_UNESCO_-_PHOTO0000000687_0001.tiff",see Commons file page
open textbook desk,data/photo_pool/open-textbook-desk/10.jpg,,https://commons.wikimedia.org/wiki/File:Vector_calculus_in_Haiti.jpg,see Commons file page
open textbook desk,data/photo_pool/open-textbook-desk/11.jpg,,https://commons.wikimedia.org/wiki/File:%E3%81%86%E3%82%93%E3%81%93%E6%BC%A2%E5%AD%97%E3%83%89%E3%83%AA%E3%83%AB_(35068776162).jpg,see Commons file page
over ear headphones,data/photo_pool/over-ear-headphones/06.jpg,colinlogan,https://www.flickr.com/photos/24918835@N03/5465965657,by-sa 2.0
over ear headphones,data/photo_pool/over-ear-headphones/07.jpg,joebeone,https://www.flickr.com/photos/71753172@N00/2457913258,by 2.0
over ear headphones,data/photo_pool/over-ear-headphones/08.jpg,jtjdt,https://www.flickr.com/photos/24802751@N06/4817193738,by 2.0
over ear headphones,data/photo_pool/over-ear-headphones/09.jpg,SurFeRGiRL30,https://www.flickr.com/photos/33143245@N02/44562242551,by 2.0
over ear headphones,data/photo_pool/over-ear-headphones/10.jpg,tsuacctnt,https://www.flickr.com/photos/8842985@N03/2193575363,by 2.0
over ear headphones,data/photo_pool/over-ear-headphones/11.jpg,WordRidden,https://www.flickr.com/photos/97844767@N00/5835726864,by 2.0
pile of books study,data/photo_pool/pile-of-books-study/06.jpg,RLHyde,https://www.flickr.com/photos/36655009@N05/4692258762,by-sa 2.0
pile of books study,data/photo_pool/pile-of-books-study/07.jpg,JogiBaer2,https://www.flickr.com/photos/50443537@N02/5459043426,by 2.0
pile of books study,data/photo_pool/pile-of-books-study/08.jpg,ButterflySha,https://www.flickr.com/photos/56013895@N00/135659489,by 2.0
pile of books study,data/photo_pool/pile-of-books-study/09.jpg,Horia Varlan,https://www.flickr.com/photos/10361931@N06/4268897748,by 2.0
pile of books study,data/photo_pool/pile-of-books-study/10.jpg,~Brenda-Starr~,https://www.flickr.com/photos/37753256@N08/4421990486,by 2.0
pile of books study,data/photo_pool/pile-of-books-study/11.jpg,Horia Varlan,https://www.flickr.com/photos/10361931@N06/4268896936,by 2.0
pothos houseplant,data/photo_pool/pothos-houseplant/06.jpg,junksignal,https://www.flickr.com/photos/84583822@N00/3368365153,by-sa 2.0
pothos houseplant,data/photo_pool/pothos-houseplant/07.jpg,eggrole,https://www.flickr.com/photos/35387910@N04/6351521937,by 2.0
pothos houseplant,data/photo_pool/pothos-houseplant/08.jpg,ohmeaghan,https://www.flickr.com/photos/38482926@N00/3932055792,by 2.0
pothos houseplant,data/photo_pool/pothos-houseplant/09.jpg,blumenbiene,https://www.flickr.com/photos/47439717@N05/8020914715,by 2.0
pothos houseplant,data/photo_pool/pothos-houseplant/10.jpg,blumenbiene,https://www.flickr.com/photos/47439717@N05/6630013229,by 2.0
pothos houseplant,data/photo_pool/pothos-houseplant/11.jpg,spurekar,https://www.flickr.com/photos/63324741@N04/45888718075,by 2.0
pots and pans cookware,data/photo_pool/pots-and-pans-cookware/06.jpg,US Army Africa,https://www.flickr.com/photos/36281822@N08/4006447382,by 2.0
pots and pans cookware,data/photo_pool/pots-and-pans-cookware/07.jpg,Jason Riedy,https://www.flickr.com/photos/66142667@N00/4242316353,by 2.0
pots and pans cookware,data/photo_pool/pots-and-pans-cookware/08.jpg,Rockspindeln,https://www.flickr.com/photos/53030568@N07/13110631695,by 2.0
pots and pans cookware,data/photo_pool/pots-and-pans-cookware/09.jpg,Wonderlane,https://www.flickr.com/photos/71401718@N00/6231888661,cc0 1.0
pots and pans cookware,data/photo_pool/pots-and-pans-cookware/10.jpg,George M. Groutas,https://www.flickr.com/photos/22083482@N03/5674683757,by 2.0
pots and pans cookware,data/photo_pool/pots-and-pans-cookware/11.jpg,acnatta,https://www.flickr.com/photos/29218907@N00/4178766801,by 2.0
pressure cooker instant pot,data/photo_pool/pressure-cooker-instant-pot/05.jpg,,https://commons.wikimedia.org/wiki/File:Instant_Pot_DUO60_pressure_cooker.jpg,see Commons file page
pressure cooker instant pot,data/photo_pool/pressure-cooker-instant-pot/06.jpg,,https://commons.wikimedia.org/wiki/File:Instant_Pot_Pressure_Cooker_Vegetables_and_Quinoa_(44383321600).jpg,see Commons file page
rain jacket,data/photo_pool/rain-jacket/06.jpg,mskogly,https://www.flickr.com/photos/75761601@N00/2622358946,by 2.0
rain jacket,data/photo_pool/rain-jacket/07.jpg,Wonderlane,https://www.flickr.com/photos/71401718@N00/40570438324,by 2.0
rain jacket,data/photo_pool/rain-jacket/08.jpg,MrGuilt,https://www.flickr.com/photos/26786784@N08/5528724807,by 2.0
rain jacket,data/photo_pool/rain-jacket/09.jpg,Albert929,https://www.flickr.com/photos/8166505@N06/4550754648,by-sa 2.0
rain jacket,data/photo_pool/rain-jacket/10.jpg,roland,https://www.flickr.com/photos/35034347371@N01/30779945243,cc0 1.0
rain jacket,data/photo_pool/rain-jacket/11.jpg,Shannon Dosemagen,https://www.flickr.com/photos/29945651@N03/10124572234,by-sa 2.0
resistance bands,data/photo_pool/resistance-bands/06.jpg,Cllr Jake Morrison,https://www.flickr.com/photos/60131843@N02/7227248744,by 2.0
resistance bands,data/photo_pool/resistance-bands/07.jpg,jfeuchter,https://www.flickr.com/photos/76614238@N00/8377097172,by 2.0
resistance bands,data/photo_pool/resistance-bands/08.jpg,Alabama Extension,https://www.flickr.com/photos/184594136@N08/50166960078,cc0 1.0
resistance bands,data/photo_pool/resistance-bands/11.jpg,Alabama Extension,https://www.flickr.com/photos/184594136@N08/50166959743,cc0 1.0
rice cooker,data/photo_pool/rice-cooker/06.jpg,mdid,https://www.flickr.com/photos/58246614@N00/4509883804,by 2.0
rice cooker,data/photo_pool/rice-cooker/07.jpg,aMichiganMom,https://www.flickr.com/photos/11172002@N05/4643347985,by 2.0
rice cooker,data/photo_pool/rice-cooker/08.jpg,^riza^,https://www.flickr.com/photos/44115070@N00/8602755042,by 2.0
rice cooker,data/photo_pool/rice-cooker/09.jpg,abex,https://www.flickr.com/photos/79028814@N00/76573814,by-sa 2.0
rice cooker,data/photo_pool/rice-cooker/10.jpg,matsuyuki,https://www.flickr.com/photos/12173213@N00/3952468631,by-sa 2.0
rice cooker,data/photo_pool/rice-cooker/11.jpg,cheeseslave,https://www.flickr.com/photos/19359283@N00/8230145587,by 2.0
road bicycle,data/photo_pool/road-bicycle/06.jpg,Glory Cycles,https://www.flickr.com/photos/29558127@N06/47383964822,by 2.0
road bicycle,data/photo_pool/road-bicycle/07.jpg,roland,https://www.flickr.com/photos/35034347371@N01/38739038461,cc0 1.0
road bicycle,data/photo_pool/road-bicycle/08.jpg,Adam Leadbetter,https://www.flickr.com/photos/37370054@N02/15154711913,by 2.0
road bicycle,data/photo_pool/road-bicycle/09.jpg,Chuwa (Francis),https://www.flickr.com/photos/92888644@N00/4682390146,by-sa 2.0
rollerblades skates,data/photo_pool/rollerblades-skates/06.jpg,DavidDennisPhotos.com,https://www.flickr.com/photos/50852241@N00/244741330,by-sa 2.0
rollerblades skates,data/photo_pool/rollerblades-skates/07.jpg,barnigomez,https://www.flickr.com/photos/11956470@N02/14360553129,by 2.0
rollerblades skates,data/photo_pool/rollerblades-skates/08.jpg,barnigomez,https://www.flickr.com/photos/11956470@N02/14524129656,by 2.0
rollerblades skates,data/photo_pool/rollerblades-skates/09.jpg,barnigomez,https://www.flickr.com/photos/11956470@N02/14567301603,by 2.0
rollerblades skates,data/photo_pool/rollerblades-skates/10.jpg,Sweet Carolina Photography,https://www.flickr.com/photos/20255774@N05/3220890118,by 2.0
rollerblades skates,data/photo_pool/rollerblades-skates/11.jpg,barnigomez,https://www.flickr.com/photos/11956470@N02/15067069722,by 2.0
shoe rack,data/photo_pool/shoe-rack/06.jpg,nist6ss,https://www.flickr.com/photos/53771866@N05/6123641280,by-sa 2.0
shoe rack,data/photo_pool/shoe-rack/07.jpg,Kirt Edblom,https://www.flickr.com/photos/27190564@N02/51953914052,by-sa 2.0
shoe rack,data/photo_pool/shoe-rack/08.jpg,Ivy Dawned,https://www.flickr.com/photos/30264437@N02/2915236759,by-sa 2.0
shoe rack,data/photo_pool/shoe-rack/09.jpg,m.ikezu,https://www.flickr.com/photos/92664508@N07/10717808925,by 2.0
shoe rack,data/photo_pool/shoe-rack/10.jpg,Dushan and Miae,https://www.flickr.com/photos/97304820@N00/5153922101,by-sa 2.0
shoe rack,data/photo_pool/shoe-rack/11.jpg,jonolist,https://www.flickr.com/photos/46635911@N00/488271814,by-sa 2.0
shopping trolley cart,data/photo_pool/shopping-trolley-cart/06.jpg,jasleen_kaur,https://www.flickr.com/photos/25384802@N08/4254254987,by-sa 2.0
shopping trolley cart,data/photo_pool/shopping-trolley-cart/07.jpg,s2art,https://www.flickr.com/photos/97867688@N00/76402788,by-sa 2.0
shopping trolley cart,data/photo_pool/shopping-trolley-cart/08.jpg,wonderferret,https://www.flickr.com/photos/65555826@N00/1290760531,by 2.0
shopping trolley cart,data/photo_pool/shopping-trolley-cart/09.jpg,Polycart,https://www.flickr.com/photos/42806032@N07/8739679760,by 2.0
shopping trolley cart,data/photo_pool/shopping-trolley-cart/10.jpg,Polycart,https://www.flickr.com/photos/42806032@N07/5787030120,by 2.0
shopping trolley cart,data/photo_pool/shopping-trolley-cart/11.jpg,emily_sheldon,https://www.flickr.com/photos/26013167@N03/25134796524,by 2.0
ski jacket poles,data/photo_pool/ski-jacket-poles/03.jpg,,https://commons.wikimedia.org/wiki/File:Coast_watch_(1979)_(20473568879).jpg,see Commons file page
ski jacket poles,data/photo_pool/ski-jacket-poles/04.jpg,,https://commons.wikimedia.org/wiki/File:Items_from_Nazi_occupation_of_Norway_during_WW2_German_uniform_Winter_camouflage_suit_Ski_cap_Shovel_Painting_Equipment_Mannequin_Parachute_for_aircraft_supply_aircraft_drop_etc_Troms_Forsvarsmuseum_IMG_8118.jpg,see Commons file page
ski jacket poles,data/photo_pool/ski-jacket-poles/05.jpg,,https://commons.wikimedia.org/wiki/File:Items_from_Nazi_occupation_of_Norway_during_WW2_German_uniform_Winter_camouflage_suit_Ski_cap_Shovel_Painting_Rauchen_verboten_Equipment_Mannequin_Parachute_for_aircraft_supply_aircraft_drop_etc_Troms_Forsvarsmuseum_IMG_8114.jpg,see Commons file page
small dining table,data/photo_pool/small-dining-table/06.jpg,Tim Evanson,https://www.flickr.com/photos/23165290@N00/8515388599,by-sa 2.0
small dining table,data/photo_pool/small-dining-table/07.jpg,Tim Evanson,https://www.flickr.com/photos/23165290@N00/8515388391,by-sa 2.0
small dining table,data/photo_pool/small-dining-table/08.jpg,mrpolyonymous,https://www.flickr.com/photos/8961540@N07/5730841609,by 2.0
small dining table,data/photo_pool/small-dining-table/09.jpg,Loco Steve,https://www.flickr.com/photos/36989019@N08/9591081272,by-sa 2.0
small dining table,data/photo_pool/small-dining-table/10.jpg,Peer.Gynt,https://www.flickr.com/photos/25554263@N04/12206678483,by-sa 2.0
small dining table,data/photo_pool/small-dining-table/11.jpg,cajsa.lilliehook,https://www.flickr.com/photos/14514578@N08/22086233825,by-sa 2.0
small writing desk,data/photo_pool/small-writing-desk/06.jpg,themet,https://www.rawpixel.com/image/8132954/small-writing-desk-bonheur-du-jour,cc0 1.0
small writing desk,data/photo_pool/small-writing-desk/08.jpg,cogdogblog,https://www.flickr.com/photos/37996646802@N01/265279980,cc0 1.0
small writing desk,data/photo_pool/small-writing-desk/09.jpg,KkleinRN,https://www.flickr.com/photos/35653698@N06/17117123458,by 2.0
small writing desk,data/photo_pool/small-writing-desk/10.jpg,Fæ,https://www.flickr.com/photos/50398299@N08/16401882209,by 2.0
small writing desk,data/photo_pool/small-writing-desk/11.jpg,bazzadarambler,https://www.flickr.com/photos/10390868@N07/977795419,by-sa 2.0
sneakers shoes,data/photo_pool/sneakers-shoes/06.jpg,dbking,https://www.flickr.com/photos/65193799@N00/22262181,by 2.0
sneakers shoes,data/photo_pool/sneakers-shoes/07.jpg,Indian Digitizer,https://www.flickr.com/photos/92738299@N08/29915024012,by 2.0
sneakers shoes,data/photo_pool/sneakers-shoes/08.jpg,Kaique Rocha,https://stocksnap.io/photo/sneakers-shoes-LQDXHY52PS,cc0 1.0
sneakers shoes,data/photo_pool/sneakers-shoes/09.jpg,Kristin Hardwick,https://stocksnap.io/photo/sneakers-shoes-U20YIXFQBC,cc0 1.0
sneakers shoes,data/photo_pool/sneakers-shoes/10.jpg,J Wynia,https://www.flickr.com/photos/73451168@N00/46707794914,by 2.0
sneakers shoes,data/photo_pool/sneakers-shoes/11.jpg,Matt Moloney,https://stocksnap.io/photo/sneakers-shoes-OWOYF1RPMU,cc0 1.0
spiral notebook binder,data/photo_pool/spiral-notebook-binder/06.jpg,redspotted,https://www.flickr.com/photos/44124393840@N01/5026682046,by 2.0
spiral notebook binder,data/photo_pool/spiral-notebook-binder/07.jpg,tolworthy,https://www.flickr.com/photos/66351465@N00/6266464456,by 2.0
spiral notebook binder,data/photo_pool/spiral-notebook-binder/08.jpg,katerha,https://www.flickr.com/photos/8489692@N03/5265632247,by 2.0
spiral notebook binder,data/photo_pool/spiral-notebook-binder/09.jpg,SCHW4G3R,https://www.flickr.com/photos/7143878@N07/5300647684,by 2.0
spiral notebook binder,data/photo_pool/spiral-notebook-binder/10.jpg,"Mike Licht, NotionsCapital.com",https://www.flickr.com/photos/9106303@N05/4311008148,by 2.0
spiral notebook binder,data/photo_pool/spiral-notebook-binder/11.jpg,CesarCardoso,https://www.flickr.com/photos/49597687@N00/12566268575,by 2.0
stack of textbooks,data/photo_pool/stack-of-textbooks/06.jpg,wohnai,https://www.flickr.com/photos/13511355@N06/1375685165,by 2.0
stack of textbooks,data/photo_pool/stack-of-textbooks/07.jpg,Wonderlane,https://www.flickr.com/photos/71401718@N00/3909074244,by 2.0
stack of textbooks,data/photo_pool/stack-of-textbooks/08.jpg,CCAC North Library,https://www.flickr.com/photos/29817792@N08/4131076263,by 2.0
stack of textbooks,data/photo_pool/stack-of-textbooks/09.jpg,Abee5,https://www.flickr.com/photos/45256566@N04/8314929977,by 2.0
stack of textbooks,data/photo_pool/stack-of-textbooks/10.jpg,albertogp123,https://www.flickr.com/photos/57280691@N02/5843032561,by 2.0
stack of textbooks,data/photo_pool/stack-of-textbooks/11.jpg,CCAC North Library,https://www.flickr.com/photos/29817792@N08/4131837946,by 2.0
standing desk office,data/photo_pool/standing-desk-office/06.jpg,Plutor,https://www.flickr.com/photos/11831132@N00/2314145419,by 2.0
standing desk office,data/photo_pool/standing-desk-office/07.jpg,kelly cree,https://www.flickr.com/photos/90106553@N00/3675670871,by 2.0
standing desk office,data/photo_pool/standing-desk-office/08.jpg,PennPal,https://www.flickr.com/photos/65225930@N00/8706643305,by 2.0
standing desk office,data/photo_pool/standing-desk-office/09.jpg,©aius,https://www.flickr.com/photos/71295840@N00/2368546378,by 2.0
standing desk office,data/photo_pool/standing-desk-office/10.jpg,blakespot,https://www.flickr.com/photos/35448539@N00/8077894668,by 2.0
standing desk office,data/photo_pool/standing-desk-office/11.jpg,Jose C Silva,https://www.flickr.com/photos/61676142@N00/6292800450,by 2.0
standing floor fan,data/photo_pool/standing-floor-fan/06.jpg,Dave Catchpole,https://www.flickr.com/photos/52957117@N04/7325945366,by 2.0
standing floor fan,data/photo_pool/standing-floor-fan/07.jpg,Dave Catchpole,https://www.flickr.com/photos/52957117@N04/7325975142,by 2.0
standing floor fan,data/photo_pool/standing-floor-fan/08.jpg,Dave Catchpole,https://www.flickr.com/photos/52957117@N04/7309324300,by 2.0
standing floor fan,data/photo_pool/standing-floor-fan/09.jpg,Dave Catchpole,https://www.flickr.com/photos/52957117@N04/7306706064,by 2.0
standing floor fan,data/photo_pool/standing-floor-fan/10.jpg,Dave Catchpole,https://www.flickr.com/photos/52957117@N04/7325956526,by 2.0
standing floor fan,data/photo_pool/standing-floor-fan/11.jpg,Dave Catchpole,https://www.flickr.com/photos/52957117@N04/7306680854,by 2.0
tablet device,data/photo_pool/tablet-device/11.jpg,mikecogh,https://www.flickr.com/photos/89165847@N00/7348035690,by-sa 2.0
tennis racket,data/photo_pool/tennis-racket/03.jpg,Vladsinger at English Wikipedia,https://commons.wikimedia.org/w/index.php?curid=2262555,by-sa 3.0
tennis racket,data/photo_pool/tennis-racket/06.jpg,,https://commons.wikimedia.org/w/index.php?curid=319294,by-sa 3.0
tennis racket,data/photo_pool/tennis-racket/08.jpg,BiblioArchives / LibraryArchives,https://www.flickr.com/photos/28853433@N02/16096684633,by 2.0
tennis racket,data/photo_pool/tennis-racket/09.jpg,JCTennis.com,https://www.flickr.com/photos/40136875@N00/40268100,by-sa 2.0
tennis racket,data/photo_pool/tennis-racket/11.jpg,Valerie Everett,https://www.flickr.com/photos/66742614@N00/3473492107,by-sa 2.0
toaster oven,data/photo_pool/toaster-oven/06.jpg,sharonrosen,https://www.flickr.com/photos/66042364@N00/4216871553,by-sa 2.0
toaster oven,data/photo_pool/toaster-oven/07.jpg,Digiart2001 | jason.kuffer,https://www.flickr.com/photos/44072707@N00/16629825633,by-sa 2.0
toaster oven,data/photo_pool/toaster-oven/08.jpg,OakleyOriginals,https://www.flickr.com/photos/47264866@N00/22808917353,by 2.0
toaster oven,data/photo_pool/toaster-oven/09.jpg,vanhookc,https://www.flickr.com/photos/97651299@N00/51858282998,by-sa 2.0
toaster oven,data/photo_pool/toaster-oven/10.jpg,quinn.anya,https://www.flickr.com/photos/53326337@N00/5690363978,by-sa 2.0
toaster oven,data/photo_pool/toaster-oven/11.jpg,1DayReview,https://www.flickr.com/photos/159770474@N08/44595451041,by 2.0
usb cables charger,data/photo_pool/usb-cables-charger/06.jpg,insidious_plots,https://www.flickr.com/photos/70928775@N00/5411318966,by 2.0
usb cables charger,data/photo_pool/usb-cables-charger/07.jpg,Rab .,https://www.flickr.com/photos/58739232@N07/37036994620,by 2.0
usb cables charger,data/photo_pool/usb-cables-charger/08.jpg,Asim Bijarani,https://www.flickr.com/photos/8624431@N08/2099905711,by 2.0
usb cables charger,data/photo_pool/usb-cables-charger/09.jpg,ezola,https://www.flickr.com/photos/21124414@N00/4327745422,by-sa 2.0
usb cables charger,data/photo_pool/usb-cables-charger/10.jpg,adventuresunlimited2018,https://www.flickr.com/photos/140737585@N02/43216379945,by 2.0
usb cables charger,data/photo_pool/usb-cables-charger/11.jpg,mroach,https://www.flickr.com/photos/73569497@N00/4649867699,by-sa 2.0
vacuum cleaner,data/photo_pool/vacuum-cleaner/06.jpg,twicepix,https://www.flickr.com/photos/30713600@N00/7080045851,by-sa 2.0
vacuum cleaner,data/photo_pool/vacuum-cleaner/07.jpg,twicepix,https://www.flickr.com/photos/30713600@N00/2186872393,by-sa 2.0
vacuum cleaner,data/photo_pool/vacuum-cleaner/08.jpg,twicepix,https://www.flickr.com/photos/30713600@N00/7080044369,by-sa 2.0
vacuum cleaner,data/photo_pool/vacuum-cleaner/09.jpg,SenseiAlan,https://www.flickr.com/photos/91591049@N00/15742889628,by 2.0
vacuum cleaner,data/photo_pool/vacuum-cleaner/10.jpg,Geoff Peters 604,https://www.flickr.com/photos/54359128@N00/4412822911,by 2.0
vacuum cleaner,data/photo_pool/vacuum-cleaner/11.jpg,SenseiAlan,https://www.flickr.com/photos/91591049@N00/16762884791,by 2.0
walnut desk chair,data/photo_pool/walnut-desk-chair/06.jpg,IMLS DCC,https://www.flickr.com/photos/42381338@N04/5577187910,by 2.0
walnut desk chair,data/photo_pool/walnut-desk-chair/07.jpg,emily @ go haus go,https://www.flickr.com/photos/60849758@N05/9178918664,by 2.0
walnut desk chair,data/photo_pool/walnut-desk-chair/08.jpg,emily @ go haus go,https://www.flickr.com/photos/60849758@N05/9176697349,by 2.0
walnut desk chair,data/photo_pool/walnut-desk-chair/09.jpg,emily @ go haus go,https://www.flickr.com/photos/60849758@N05/9178921460,by 2.0
walnut desk chair,data/photo_pool/walnut-desk-chair/10.jpg,inbounduk,https://www.flickr.com/photos/134177047@N03/21278807031,by 2.0
walnut desk chair,data/photo_pool/walnut-desk-chair/11.jpg,museado,https://www.flickr.com/photos/200781279@N05/53903719780,cc0 1.0
walnut sofa couch,data/photo_pool/walnut-sofa-couch/04.jpg,,https://commons.wikimedia.org/wiki/File:Brustolon_Sofa.jpg,see Commons file page
walnut sofa couch,data/photo_pool/walnut-sofa-couch/06.jpg,,"https://commons.wikimedia.org/wiki/File:Ten_years_in_Washington_-_Life_and_scenes_in_the_national_capital,_as_a_woman_sees_them_(1876)_(14594106959).jpg",see Commons file page
walnut sofa couch,data/photo_pool/walnut-sofa-couch/07.jpg,,https://commons.wikimedia.org/wiki/File:Un_canap%C3%A9_et_quatre_fauteuils_%22%C3%A0_la_reine%22_(OA_1280).jpg,see Commons file page
walnut wooden desk,data/photo_pool/walnut-wooden-desk/06.jpg,"Erwin, William P. and Dugdale, Thomas A.",https://n2t.net/ark:/65665/ng49ca746a4-fa0b-704b-e053-15f76fa0b4fa,cc0 1.0
walnut wooden desk,data/photo_pool/walnut-wooden-desk/07.jpg,"Erwin, William P. and Dugdale, Thomas A.",https://n2t.net/ark:/65665/ng49ca746ac-2731-704b-e053-15f76fa0b4fa,cc0 1.0
walnut wooden desk,data/photo_pool/walnut-wooden-desk/08.jpg,"Erwin, William P. and Dugdale, Thomas A.",https://n2t.net/ark:/65665/ng49ca746ac-2731-704b-e053-15f76fa0b4fa,cc0 1.0
walnut wooden desk,data/photo_pool/walnut-wooden-desk/09.jpg,"Erwin, William P. and Dugdale, Thomas A.",https://n2t.net/ark:/65665/ng49ca746ac-2731-704b-e053-15f76fa0b4fa,cc0 1.0
walnut wooden desk,data/photo_pool/walnut-wooden-desk/10.jpg,"Erwin, William P. and Dugdale, Thomas A.",https://n2t.net/ark:/65665/ng49ca746a4-fa0b-704b-e053-15f76fa0b4fa,cc0 1.0
walnut wooden desk,data/photo_pool/walnut-wooden-desk/11.jpg,"Erwin, William P. and Dugdale, Thomas A.",https://n2t.net/ark:/65665/ng49ca746ac-2731-704b-e053-15f76fa0b4fa,cc0 1.0
water filter pitcher,data/photo_pool/water-filter-pitcher/01.jpg,Razor512,https://www.flickr.com/photos/13144581@N00/3998894459,by 2.0
water filter pitcher,data/photo_pool/water-filter-pitcher/03.jpg,aaronx,https://www.flickr.com/photos/87262707@N00/3538866521,by 2.0
water filter pitcher,data/photo_pool/water-filter-pitcher/04.jpg,shop8447,https://www.flickr.com/photos/185514373@N06/49061081987,cc0 1.0
water filter pitcher,data/photo_pool/water-filter-pitcher/05.jpg,,https://commons.wikimedia.org/wiki/File:Brita_water_filter_in_use.JPG,see Commons file page
weight bench gym,data/photo_pool/weight-bench-gym/07.jpg,BhaduriAbhijit,https://www.flickr.com/photos/53272102@N06/14456853260,by 2.0
weight bench gym,data/photo_pool/weight-bench-gym/08.jpg,our30,https://www.flickr.com/photos/195165849@N04/51925624586,by 2.0
weight bench gym,data/photo_pool/weight-bench-gym/10.jpg,our30,https://www.flickr.com/photos/195165849@N04/51924651227,by 2.0
weight bench gym,data/photo_pool/weight-bench-gym/11.jpg,Jose C Silva,https://www.flickr.com/photos/61676142@N00/35283723521,by 2.0
white desk chair,data/photo_pool/white-desk-chair/06.jpg,craigfinlay,https://www.flickr.com/photos/71284091@N00/3180674752,by 2.0
white desk chair,data/photo_pool/white-desk-chair/07.jpg,llimllib,https://www.flickr.com/photos/64114626@N00/3679964891,by-sa 2.0
white desk chair,data/photo_pool/white-desk-chair/08.jpg,urbatronic,https://www.flickr.com/photos/31544102@N04/6916063044,by 2.0
white desk chair,data/photo_pool/white-desk-chair/09.jpg,globochem3x1minus1,https://www.flickr.com/photos/69756126@N00/3166821483,by 2.0
white desk chair,data/photo_pool/white-desk-chair/10.jpg,flyzor,https://www.flickr.com/photos/30285260@N02/3486321462,by 2.0
white desk chair,data/photo_pool/white-desk-chair/11.jpg,flyzor,https://www.flickr.com/photos/30285260@N02/3486663978,by 2.0
white sofa couch,data/photo_pool/white-sofa-couch/06.jpg,Plage Vinilos y Decoración,https://www.flickr.com/photos/59209848@N08/5549366003,by 2.0
white sofa couch,data/photo_pool/white-sofa-couch/07.jpg,koadmunkee,https://www.flickr.com/photos/29946035@N08/5269257102,by 2.0
white sofa couch,data/photo_pool/white-sofa-couch/08.jpg,frischmilch,https://www.flickr.com/photos/76769963@N00/264786889,by 2.0
white sofa couch,data/photo_pool/white-sofa-couch/09.jpg,Plage Vinilos y Decoración,https://www.flickr.com/photos/59209848@N08/5428481197,by 2.0
white sofa couch,data/photo_pool/white-sofa-couch/10.jpg,simpleinsomnia,https://www.flickr.com/photos/95329455@N02/18262765908,by 2.0
white sofa couch,data/photo_pool/white-sofa-couch/11.jpg,Plage Vinilos y Decoración,https://www.flickr.com/photos/59209848@N08/5428482341,by 2.0
white wooden desk,data/photo_pool/white-wooden-desk/06.jpg,cajsa.lilliehook,https://www.flickr.com/photos/14514578@N08/14138220040,by-sa 2.0
white wooden desk,data/photo_pool/white-wooden-desk/07.jpg,pavlinajane,https://www.flickr.com/photos/60291025@N05/10843366123,by-sa 2.0
white wooden desk,data/photo_pool/white-wooden-desk/08.jpg,dejankrsmanovic,https://www.flickr.com/photos/155403590@N07/43990775675,by 2.0
white wooden desk,data/photo_pool/white-wooden-desk/09.jpg,cajsa.lilliehook,https://www.flickr.com/photos/14514578@N08/14324839155,by-sa 2.0
white wooden desk,data/photo_pool/white-wooden-desk/10.jpg,cajsa.lilliehook,https://www.flickr.com/photos/14514578@N08/14301696466,by-sa 2.0
white wooden desk,data/photo_pool/white-wooden-desk/11.jpg,cajsa.lilliehook,https://www.flickr.com/photos/14514578@N08/14324841015,by-sa 2.0
winter boots,data/photo_pool/winter-boots/06.jpg,spDuchamp,https://www.flickr.com/photos/10031363@N00/83861048,by 2.0
winter boots,data/photo_pool/winter-boots/07.jpg,Pucho Marketplace,https://www.flickr.com/photos/46440678@N08/4257677987,by-sa 2.0
winter boots,data/photo_pool/winter-boots/08.jpg,kevint3141,https://www.flickr.com/photos/69144131@N00/6444261031,by 2.0
winter boots,data/photo_pool/winter-boots/09.jpg,awaqas1,https://www.flickr.com/photos/8684894@N06/11891528084,by 2.0
winter boots,data/photo_pool/winter-boots/10.jpg,bpende,https://www.flickr.com/photos/13077143@N00/1635393302,by 2.0
winter boots,data/photo_pool/winter-boots/11.jpg,Janitors,https://www.flickr.com/photos/65265630@N03/30808674505,by 2.0
winter parka coat,data/photo_pool/winter-parka-coat/07.jpg,,https://www.rawpixel.com/image/3337257/free-photo-image-apparel-binocular-blizzard,cc0 1.0
winter parka coat,data/photo_pool/winter-parka-coat/08.jpg,,https://www.rawpixel.com/image/3305425/free-photo-image-apparel-back-cc0,cc0 1.0
winter parka coat,data/photo_pool/winter-parka-coat/09.jpg,,https://www.rawpixel.com/image/3300337/free-photo-image-abies-apparel-blizzard,cc0 1.0
wooden bed frame,data/photo_pool/wooden-bed-frame/06.jpg,Grand Canyon NPS,https://www.flickr.com/photos/50693818@N08/7420759330,by 2.0
wooden bed frame,data/photo_pool/wooden-bed-frame/07.jpg,cajsa.lilliehook,https://www.flickr.com/photos/14514578@N08/14324841015,by-sa 2.0
wooden bed frame,data/photo_pool/wooden-bed-frame/08.jpg,freestocks.org,https://www.flickr.com/photos/135396164@N05/33811425215,cc0 1.0
wooden bed frame,data/photo_pool/wooden-bed-frame/09.jpg,pfly,https://www.flickr.com/photos/24934185@N00/2605446554,by-sa 2.0
wooden bed frame,data/photo_pool/wooden-bed-frame/10.jpg,sybarite48,https://www.flickr.com/photos/26082117@N07/7431031370,by 2.0
wooden bed frame,data/photo_pool/wooden-bed-frame/11.jpg,twiga_swala,https://www.flickr.com/photos/21013862@N08/2286475323,by-sa 2.0
wooden dining chairs,data/photo_pool/wooden-dining-chairs/06.jpg,Bonsoni.com,https://www.flickr.com/photos/56705951@N04/14197389002,by 2.0
wooden dining chairs,data/photo_pool/wooden-dining-chairs/07.jpg,Bonsoni.com,https://www.flickr.com/photos/56705951@N04/14199901845,by 2.0
wooden dining chairs,data/photo_pool/wooden-dining-chairs/08.jpg,Bonsoni.com,https://www.flickr.com/photos/56705951@N04/14197394762,by 2.0
wooden dining chairs,data/photo_pool/wooden-dining-chairs/09.jpg,Bonsoni.com,https://www.flickr.com/photos/56705951@N04/14013255398,by 2.0
wooden dining chairs,data/photo_pool/wooden-dining-chairs/10.jpg,Bonsoni.com,https://www.flickr.com/photos/56705951@N04/14197396202,by 2.0
wooden dining chairs,data/photo_pool/wooden-dining-chairs/11.jpg,Bonsoni.com,https://www.flickr.com/photos/56705951@N04/14196624051,by 2.0
wool overcoat,data/photo_pool/wool-overcoat/07.jpg,the opoponax,https://www.flickr.com/photos/33899330@N00/2314666971,by 2.0
wool overcoat,data/photo_pool/wool-overcoat/08.jpg,Tim Evanson,https://www.flickr.com/photos/23165290@N00/30164621622,by-sa 2.0
wool overcoat,data/photo_pool/wool-overcoat/10.jpg,davidflanders,https://www.flickr.com/photos/34233468@N00/3184664996,by-sa 2.0
wool overcoat,data/photo_pool/wool-overcoat/11.jpg,museado,https://www.flickr.com/photos/200781279@N05/53879595366,cc0 1.0
wool scarf gloves,data/photo_pool/wool-scarf-gloves/06.jpg,Andi Licious,https://www.flickr.com/photos/32722794@N07/5234587143,by 2.0
wool scarf gloves,data/photo_pool/wool-scarf-gloves/07.jpg,3BL Media,https://www.flickr.com/photos/37743612@N05/4704624968,by 2.0
wool scarf gloves,data/photo_pool/wool-scarf-gloves/08.jpg,smittenkittenorig,https://www.flickr.com/photos/83202873@N00/3325003951,by 2.0
wool scarf gloves,data/photo_pool/wool-scarf-gloves/09.jpg,smittenkittenorig,https://www.flickr.com/photos/83202873@N00/3190747295,by 2.0
wool scarf gloves,data/photo_pool/wool-scarf-gloves/10.jpg,smittenkittenorig,https://www.flickr.com/photos/83202873@N00/3906778223,by 2.0
wool scarf gloves,data/photo_pool/wool-scarf-gloves/11.jpg,smittenkittenorig,https://www.flickr.com/photos/83202873@N00/2874755307,by 2.0
yoga mat,data/photo_pool/yoga-mat/06.jpg,Wonderlane,https://www.flickr.com/photos/71401718@N00/6335270998,by 2.0
yoga mat,data/photo_pool/yoga-mat/07.jpg,Sean MacEntee,https://www.flickr.com/photos/18090920@N07/15437332182,by 2.0
yoga mat,data/photo_pool/yoga-mat/08.jpg,davidcstone,https://www.flickr.com/photos/51551105@N03/4780665024,by-sa 2.0
yoga mat,data/photo_pool/yoga-mat/09.jpg,Ivan Radic,https://www.flickr.com/photos/26344495@N05/51287191909,by 2.0
yoga mat,data/photo_pool/yoga-mat/10.jpg,dustynrobots,https://www.flickr.com/photos/50516268@N03/4775978408,by-sa 2.0
yoga mat,data/photo_pool/yoga-mat/11.jpg,dustynrobots,https://www.flickr.com/photos/50516268@N03/4775985080,by-sa 2.0
