id,listing_id,user_id,created_at
77535cf7-1dbd-4e0c-8d49-93ac3df0e23c,a952b715-e955-4b90-b084-76606e06168c,3ae23a73-75a2-49e9-b24e-8c3459016993,2024-08-29T16:36:13+00:00
66a5afa6-49dd-4bad-8341-1372433f0857,a952b715-e955-4b90-b084-76606e06168c,e67d37fe-aa3a-4812-8a3a-0cad3700d22f,2024-08-26T16:22:04+00:00
c5565d6a-14de-4faf-a6c7-be11261b9ff1,a952b715-e955-4b90-b084-76606e06168c,27de1447-4949-4ba1-94da-511dcf33e97a,2024-08-22T15:44:21+00:00
5677c172-49bd-4918-b660-7118dd3f263b,c8dbd23c-3889-4464-8a6e-07e37ce82210,0581305f-6e14-482c-94be-e2a7bab71968,2025-05-21T20:17:53+00:00
50d0c1af-e717-40ff-8409-1c215d25d297,c8dbd23c-3889-4464-8a6e-07e37ce82210,4191e4fb-4f72-4e71-ad79-a05abd92be9f,2024-09-23T07:54:38+00:00
9ec39c12-5389-4b87-9628-68a7796ed509,c8dbd23c-3889-4464-8a6e-07e37ce82210,3ae23a73-75a2-49e9-b24e-8c3459016993,2024-10-22T12:46:01+00:00
ab66dc28-c289-4b1f-ac47-d3e47111c5c2,c8dbd23c-3889-4464-8a6e-07e37ce82210,ded797b6-afed-4f9c-8ae0-35b3c61aa0e4,2024-09-23T10:49:50+00:00
cf48b240-dc7e-4b11-b8e7-a9724a4ccb7a,c8dbd23c-3889-4464-8a6e-07e37ce82210,fe409d6f-e259-485b-96bc-c2a89d7996e6,2026-01-26T17:49:26+00:00
8d33492b-60ee-474d-b4ca-f962b447ab8a,2274e184-e761-4463-ac5d-cf47da33c277,3c4a47de-e63f-470d-a750-5453edea905e,2026-03-20T01:29:55+00:00
1ad418d6-20d1-4283-b7f6-2d5a8668d161,2274e184-e761-4463-ac5d-cf47da33c277,fe409d6f-e259-485b-96bc-c2a89d7996e6,2025-12-02T09:57:03+00:00
369d6b99-dcdb-45ef-a5c2-3695242a5bda,2274e184-e761-4463-ac5d-cf47da33c277,b2934820-ad75-476f-ade6-054a7c89f295,2025-02-05T12:37:54+00:00
c8c36243-f6ec-45b5-adab-52cf81c8efe2,2274e184-e761-4463-ac5d-cf47da33c277,a80b24ca-19f4-4796-9a5e-683f4e8f7b14,2024-09-25T11:30:07+00:00
689672b1-83f8-484b-9c1d-51618994bc50,2274e184-e761-4463-ac5d-cf47da33c277,fdf80e2a-8b01-4d79-a8c3-3ea29134c88c,2025-12-29T14:00:46+00:00
1b846f25-90ff-41a8-8773-8c398a3a28ba,2274e184-e761-4463-ac5d-cf47da33c277,e67d37fe-aa3a-4812-8a3a-0cad3700d22f,2024-08-26T00:00:57+00:00
7b0cb682-fbad-46d5-9482-863051087ba2,2274e184-e761-4463-ac5d-cf47da33c277,e5f76da6-068a-4b15-bb2c-649e314a26ed,2024-10-20T19:59:01+00:00
e0ff9cd4-b986-485a-bc98-65c9f578b2d2,2274e184-e761-4463-ac5d-cf47da33c277,42ddf256-149e-4757-b88b-4e24c8e6cb76,2025-02-15T19:59:31+00:00
27ecaf97-d398-4647-9dbd-f989c0cb9e1f,2274e184-e761-4463-ac5d-cf47da33c277,3ae23a73-75a2-49e9-b24e-8c3459016993,2024-08-30T15:53:40+00:00
7cbe9d41-f325-48f3-ae0c-0637578e3a86,2274e184-e761-4463-ac5d-cf47da33c277,27de1447-4949-4ba1-94da-511dcf33e97a,2024-08-25T01:52:08+00:00
666105d3-028c-4b62-87d3-393140d6c3fd,2274e184-e761-4463-ac5d-cf47da33c277,3508da09-a51b-4ff3-8e0e-ee486e956b89,2024-09-06T09:04:50+00:00
bb18d415-e311-42f0-ae70-4209afea2709,2274e184-e761-4463-ac5d-cf47da33c277,b60473a7-fc1d-48a6-b979-2e6c324f1b4c,2025-05-16T01:03:33+00:00
af6cd66b-bc33-4c9d-a3e9-1e72978b6aad,2274e184-e761-4463-ac5d-cf47da33c277,ec6a23be-ddf8-411b-a001-feea58a50c51,2024-11-17T03:55:45+00:00
d8d2d042-85e7-4cb6-9bf4-5440407c82b7,2274e184-e761-4463-ac5d-cf47da33c277,f7318ac8-5529-4cd7-98ea-c6b5c629b8b2,2025-01-06T01:48:58+00:00
d5060c4f-ca98-4b98-ae56-b01982cec4d1,2274e184-e761-4463-ac5d-cf47da33c277,75a9c08b-c3f9-48ea-bba3-d6136d51a785,2026-01-31T16:23:41+00:00
f1a894ac-4156-4ea4-b87d-767904ae5618,2274e184-e761-4463-ac5d-cf47da33c277,b9468cb9-ed1b-40fe-a021-2f6da1f2925d,2024-12-24T14:56:28+00:00
4ec43724-485a-4820-95f6-1d4dcfffd8b0,2274e184-e761-4463-ac5d-cf47da33c277,4cf59a7d-3daf-44fe-8e86-aa4389b82fc0,2024-08-24T21:02:48+00:00
bc93751c-26f6-45e5-b0a0-3ce54c2e7a67,2274e184-e761-4463-ac5d-cf47da33c277,f31588a9-6fbc-4f16-a1f0-65bb1970a62f,2025-10-07T23:00:20+00:00
ded0e42c-8c03-420a-a4ac-b469ce9409fa,2274e184-e761-4463-ac5d-cf47da33c277,fd24cb3c-d535-4d3e-8f20-04616346c1f3,2024-09-13T08:32:43+00:00
edf98766-5ff9-428a-843a-7b0eaf9df065,2274e184-e761-4463-ac5d-cf47da33c277,501e8ce4-ec88-49ee-8091-df9797903b55,2025-02-10T05:07:36+00:00
e7f26f63-086f-4aab-aa53-942cc3e336f6,2274e184-e761-4463-ac5d-cf47da33c277,74375a59-e8c7-406f-8580-d46c74187dc9,2024-09-09T00:33:26+00:00
3fd4a81e-c025-49ec-bd15-f252c4c6d1b9,2274e184-e761-4463-ac5d-cf47da33c277,5c16ef18-8047-4cc4-806c-4ef9df6de907,2025-05-04T18:07:08+00:00
0d9058cd-5a9b-4c3c-94a6-4e7cfc6b4a1d,2274e184-e761-4463-ac5d-cf47da33c277,3937cfde-2cdf-4e1e-be4c-82855fca8848,2026-04-08T13:49:42+00:00
9cd8f630-092b-4236-aca2-6462c1cc523f,2274e184-e761-4463-ac5d-cf47da33c277,3d9b6dd2-deb5-4f7f-9ae8-89c12f579e9c,2026-06-11T23:31:46+00:00
496b419b-a23a-4191-9e83-44302ec04900,2274e184-e761-4463-ac5d-cf47da33c277,6eaf2004-a475-4bbd-b327-ceb492d267a7,2025-08-15T23:32:55+00:00
8e139712-de96-431b-9de2-074c51d180a6,dc143252-7226-4016-ba24-b1dde2fca9f9,128acef2-f235-4b4f-9ba9-12cf0271ac50,2024-08-26T14:40:33+00:00
b8f7cb15-f02b-4f0b-9d65-af91d5e5a61a,dc143252-7226-4016-ba24-b1dde2fca9f9,dce19236-e6ac-4b25-8861-f9bf621963fd,2025-11-18T07:02:02+00:00
718920bc-e181-47f2-96f7-2c456f90877f,dc143252-7226-4016-ba24-b1dde2fca9f9,d34b2b4a-bc0b-4ffd-83db-00f5cc6c937f,2025-04-16T00:41:59+00:00
9fd7e9ed-b245-4818-b444-41cb84c55d71,dc143252-7226-4016-ba24-b1dde2fca9f9,4cf59a7d-3daf-44fe-8e86-aa4389b82fc0,2024-11-16T00:51:27+00:00
666af76c-22e2-4241-b461-f669eca5908e,dc143252-7226-4016-ba24-b1dde2fca9f9,f5406e32-0613-43ee-b020-bf1ba6990c2b,2025-10-10T15:24:41+00:00
c2bdc43c-7069-473b-9ac9-c6f67e7cd1ce,dc143252-7226-4016-ba24-b1dde2fca9f9,f8ec5735-1c8f-4776-b569-2f0195771513,2025-11-10T20:40:36+00:00
45c6d5fc-deba-4f62-b590-f531a8381f75,dc143252-7226-4016-ba24-b1dde2fca9f9,743aae1e-e024-4953-a3ae-1413333f514f,2024-12-30T16:45:10+00:00
d252326b-7ac9-4b98-93a4-f7c917e36c62,dc143252-7226-4016-ba24-b1dde2fca9f9,29b08317-6763-47c6-93e5-e9d211886a27,2024-09-08T08:40:52+00:00
613f9c17-8417-4684-a771-3ede8b5477e0,dc143252-7226-4016-ba24-b1dde2fca9f9,d0c1bf19-bea4-424f-910b-25f9f5d2cc23,2026-07-13T15:29:49+00:00
f866684e-9c45-4a88-9a9a-d06cff1c4880,dc143252-7226-4016-ba24-b1dde2fca9f9,ded797b6-afed-4f9c-8ae0-35b3c61aa0e4,2024-09-14T07:18:09+00:00
9dea300d-d73d-4d60-bb00-197c14a41e80,dc143252-7226-4016-ba24-b1dde2fca9f9,6236d33d-7b57-486d-81e8-a247d50fa2a4,2024-09-12T11:47:36+00:00
49efdb03-fb97-421d-a961-7c3d73f8667b,dc143252-7226-4016-ba24-b1dde2fca9f9,42688444-55cc-483b-a92c-df6777013516,2025-01-06T21:58:20+00:00
a70cc821-3d1e-423a-b2d9-c9374adc5756,dc143252-7226-4016-ba24-b1dde2fca9f9,e5f76da6-068a-4b15-bb2c-649e314a26ed,2024-11-06T19:47:03+00:00
7efb606e-b5d5-439f-929b-6a2e4567cb8c,dc143252-7226-4016-ba24-b1dde2fca9f9,d4753420-55e3-4598-a047-da09e69fedd7,2026-06-30T14:04:08+00:00
142984a1-7ae6-46f7-b6a2-61797fe18560,dc143252-7226-4016-ba24-b1dde2fca9f9,fd24cb3c-d535-4d3e-8f20-04616346c1f3,2026-08-26T16:42:44+00:00
8115a8ed-57c4-44b7-a335-0db3188a94a8,dc143252-7226-4016-ba24-b1dde2fca9f9,4e2906a0-e445-4567-9bc3-c549a3448137,2024-10-23T20:04:42+00:00
9a2b9d6a-1d36-4561-8e0b-561a658b6862,dc143252-7226-4016-ba24-b1dde2fca9f9,51910d94-7df2-4595-be53-5b43cb379762,2024-11-11T22:59:40+00:00
4be645e4-2fd8-4b23-bf9e-ed82dc1a9afd,f56a704c-5705-4e1e-92e5-20be0e61d82b,3e1135b6-a11d-4440-9839-7607ab0df809,2025-02-23T09:50:52+00:00
64061007-6237-489f-80d9-817fe18e7893,f56a704c-5705-4e1e-92e5-20be0e61d82b,b000127a-7ff3-4aba-9f9f-56872787d1ed,2024-10-25T05:42:09+00:00
a618d7cf-32a4-4e78-9acf-f298f3334dfa,e2248c6b-72a7-44a6-a18d-d28e0543debe,7357e086-3d97-4c00-bd2a-662d18d0abec,2025-03-24T10:20:15+00:00
3dfad0a1-9fef-425e-b79c-3c186cfbb0be,e2248c6b-72a7-44a6-a18d-d28e0543debe,e67d37fe-aa3a-4812-8a3a-0cad3700d22f,2024-09-05T08:12:29+00:00
dba9372d-c0fb-4222-b807-110c6c5b77e7,e2248c6b-72a7-44a6-a18d-d28e0543debe,43dbd776-bd4c-4ef1-933a-59af47a589b5,2024-10-03T18:35:30+00:00
b790448b-42f4-42ae-b0ef-22cd13dcbadd,e2248c6b-72a7-44a6-a18d-d28e0543debe,f588c9b7-219c-42f4-8026-81909c76658e,2026-01-09T04:49:00+00:00
566a7c1a-1fcd-4543-8955-3b0b60a2b85e,e2248c6b-72a7-44a6-a18d-d28e0543debe,7926d7b2-835c-4a6f-bf2f-3e38d4db3419,2025-02-11T03:22:19+00:00
c84de1be-a625-4a0e-a547-ac63a0c336d7,e2248c6b-72a7-44a6-a18d-d28e0543debe,5da9c176-ec13-4102-b6cf-121f4b145d5a,2025-02-22T00:08:32+00:00
8f2f2066-792e-4df5-8737-0d43f1b4fcc2,616b516d-4075-42f6-82eb-2cbbe49566cf,30af9bdd-a273-4b60-bac7-ca71cf3d5ef9,2026-08-24T15:02:28+00:00
57e98752-56a5-4f8b-8bba-06df89aeef34,616b516d-4075-42f6-82eb-2cbbe49566cf,e9b275eb-493c-4660-be51-71559bea8537,2026-06-05T15:11:33+00:00
3aef88b7-bfdf-4fbf-b496-65281c45232a,9396657e-443a-4190-a8ad-4c2449ed5cf7,b3756f66-bc0a-4be7-b18e-d5a43ae2cb20,2024-09-23T22:50:36+00:00
a9ef2093-d628-4ace-b934-83d73c4aa6fb,9396657e-443a-4190-a8ad-4c2449ed5cf7,887b7fc5-3512-427f-b5f1-d0629d72dcf0,2024-09-01T09:37:56+00:00
67a5aed0-5447-4f1d-9323-9c5fcaa619f9,f0951fa0-04fb-4abb-8aa2-42248467ee46,ff34dee7-a247-40d7-b920-a3d2e7a536c2,2025-03-11T14:44:03+00:00
021525b6-f9a7-4422-b9ca-40e50c2424d9,f0951fa0-04fb-4abb-8aa2-42248467ee46,8c0f035c-ed24-4e92-9e38-7d7562011845,2025-07-31T21:13:10+00:00
de979c7c-a2a0-466c-9168-53c547ab9c65,f0951fa0-04fb-4abb-8aa2-42248467ee46,ac90d181-ee36-49c7-a813-3467b90807dc,2026-05-31T22:27:14+00:00
d793ed9e-ed77-4eca-9c1b-d56c4bc6bb73,f0951fa0-04fb-4abb-8aa2-42248467ee46,3b30a6e4-3c57-4bbd-9b03-022e7facb880,2025-06-13T16:04:50+00:00
219e223f-67db-495a-bd83-904b412d337b,f0951fa0-04fb-4abb-8aa2-42248467ee46,819e531a-e9e2-4d6e-92fc-0f0bf2f0f251,2025-12-13T14:49:09+00:00
e4848276-7bdb-4ce4-9be8-a3fc876cfb2f,f0951fa0-04fb-4abb-8aa2-42248467ee46,71938832-5c59-49e3-be85-9acbd7ca55ba,2024-09-01T14:55:39+00:00
bb42843d-fd8a-4ae2-b58f-13f1ea81bf31,f0951fa0-04fb-4abb-8aa2-42248467ee46,6695a266-c3cd-43a7-a7fb-fcac77328615,2024-10-13T16:40:07+00:00
dc215d76-88d6-4a6e-92f2-1f794bc03461,f0951fa0-04fb-4abb-8aa2-42248467ee46,0183dc00-5b81-4d6d-aa94-59a230ee274c,2025-12-26T11:34:54+00:00
c226ed31-fd13-4feb-b1f7-b30d3d075957,f0951fa0-04fb-4abb-8aa2-42248467ee46,58257853-1e57-4d62-9ffa-e3bb46ea2cbd,2026-05-19T16:23:44+00:00
d57b63fd-b4a0-47b6-a619-b8baae7acef6,f0951fa0-04fb-4abb-8aa2-42248467ee46,37390ee9-6f2d-4d2e-b299-70e58443cd04,2026-07-18T23:12:42+00:00
ec6c14af-847a-4821-b0ea-27e82835bc04,f0951fa0-04fb-4abb-8aa2-42248467ee46,53cbc155-02f5-409e-90b8-e1d1b8a42be9,2025-10-01T05:28:57+00:00
93852fbd-7041-4a25-8484-8ea61d1158e8,f0951fa0-04fb-4abb-8aa2-42248467ee46,6236d33d-7b57-486d-81e8-a247d50fa2a4,2024-09-27T12:49:32+00:00
c8a11b50-febf-4e3f-85a7-616e8b893c2f,f0951fa0-04fb-4abb-8aa2-42248467ee46,8a838e5c-8a35-419f-8644-90ed955ef714,2026-02-10T08:43:52+00:00
1eba31d0-6f1f-43ec-9bf5-d18d0af9027e,f0951fa0-04fb-4abb-8aa2-42248467ee46,3eaa28c6-6c66-4841-a82f-101d62f26410,2025-11-18T17:18:27+00:00
bc80c883-61c6-4226-9b94-da329272d578,f0951fa0-04fb-4abb-8aa2-42248467ee46,6eaf2004-a475-4bbd-b327-ceb492d267a7,2025-01-14T14:53:48+00:00
79a576ab-4b89-46a4-a010-e90bb9fd1abb,f0951fa0-04fb-4abb-8aa2-42248467ee46,60e4a087-d37a-496f-8841-564316fa7ec6,2026-07-01T14:48:23+00:00
c27fad26-80f0-43fa-84cb-90643d4f61c1,f0951fa0-04fb-4abb-8aa2-42248467ee46,81580b74-dbe8-44df-8f83-7f8b59a8d123,2026-03-06T10:30:23+00:00
3435c954-9190-4fd4-86d8-977a49704fe3,f0951fa0-04fb-4abb-8aa2-42248467ee46,43dbd776-bd4c-4ef1-933a-59af47a589b5,2024-09-02T01:12:39+00:00
c78b5358-f56f-4927-a05f-fa89f5cbb98c,3965cc3b-bde9-4769-8530-9bad826507cd,39387e77-2cf5-4e83-a449-610606391894,2025-12-06T20:43:50+00:00
499266aa-779c-4314-9d86-e63058b5d120,3965cc3b-bde9-4769-8530-9bad826507cd,b233f9f6-2a38-41be-92c9-8555aefc62a9,2026-07-06T08:16:54+00:00
69f0ffa9-001f-44bf-8691-2306279b791e,3965cc3b-bde9-4769-8530-9bad826507cd,e735ab9c-d62e-4e4c-a719-99a447547e16,2026-03-20T15:15:52+00:00
f3495f80-29db-4310-bb5e-a4865c0e4fb8,3965cc3b-bde9-4769-8530-9bad826507cd,51910d94-7df2-4595-be53-5b43cb379762,2025-04-20T15:12:51+00:00
68da8b44-6e0e-4cdd-884a-5e4098c95f55,c1a1dbb4-31aa-4995-9f85-85f1c622daf7,2709bb2d-e639-44c0-920f-80a9f4c4955e,2026-08-01T23:27:44+00:00
0f70bb0a-f4c6-4ca5-b933-288a6c975475,c1a1dbb4-31aa-4995-9f85-85f1c622daf7,44dae102-8716-4274-95ac-bf413382999a,2026-01-26T15:02:43+00:00
5f3eda5c-7f9f-411a-8c37-252cd91731eb,c1a1dbb4-31aa-4995-9f85-85f1c622daf7,123da5fe-c615-4c1b-a15e-c518ab63f804,2026-05-01T03:10:41+00:00
7cd9fb4b-3aaa-4b49-ad9c-0c9b2175d062,c1a1dbb4-31aa-4995-9f85-85f1c622daf7,43dbd776-bd4c-4ef1-933a-59af47a589b5,2024-10-17T15:34:15+00:00
7733294e-9769-458a-b9cf-2dcfa7659924,c1a1dbb4-31aa-4995-9f85-85f1c622daf7,d30b8eb3-05ed-4a73-b6e5-042436e46b37,2025-12-05T09:57:23+00:00
6859d13a-9a82-44b5-987a-1c726a99c597,c1a1dbb4-31aa-4995-9f85-85f1c622daf7,632a3efa-008f-4d2e-9fa6-0a2e1c332a14,2025-06-28T07:01:48+00:00
466e1f9a-84bf-42db-97b5-ff189ede9dec,c1a1dbb4-31aa-4995-9f85-85f1c622daf7,02807cc1-6bae-4344-a5ac-526283c350fc,2026-06-19T19:13:38+00:00
438b27c4-a450-4473-86f1-f55966128cb7,c1a1dbb4-31aa-4995-9f85-85f1c622daf7,e33923d4-ae33-4f20-93b4-4927825fa9f9,2025-12-23T00:48:47+00:00
07f8d2d0-d670-4b38-8bf9-446e21679b60,c1a1dbb4-31aa-4995-9f85-85f1c622daf7,ab56d43e-6b4a-43a3-9b6c-f3bae36c4bb6,2024-11-01T12:21:17+00:00
846c25d8-0657-49fe-9662-dec044d1b4a7,c1a1dbb4-31aa-4995-9f85-85f1c622daf7,f31ed9a5-371d-40f1-abad-f2898658760d,2025-12-05T20:11:59+00:00
0031c467-6701-4a88-864f-7914b5d251c9,c1a1dbb4-31aa-4995-9f85-85f1c622daf7,558257fc-53a1-45c0-9ece-75440adedee7,2025-11-27T22:07:44+00:00
e6f874fb-a9ba-4c2d-a395-3c7cddf2da31,c1a1dbb4-31aa-4995-9f85-85f1c622daf7,ec6a23be-ddf8-411b-a001-feea58a50c51,2024-09-06T15:07:25+00:00
29409c72-79af-4731-a060-fb12961442f1,c1a1dbb4-31aa-4995-9f85-85f1c622daf7,887b7fc5-3512-427f-b5f1-d0629d72dcf0,2024-09-02T10:21:04+00:00
93fe65da-0f4b-4f53-a49f-848cf59bc6f8,c1a1dbb4-31aa-4995-9f85-85f1c622daf7,6423836f-839b-4455-9791-d85c98ea5f5f,2025-12-28T05:12:46+00:00
61b10592-97d9-4e4c-b170-777b7b504f48,c1a1dbb4-31aa-4995-9f85-85f1c622daf7,f79de4b1-f0cc-45e9-85c3-b3112725fde1,2024-10-11T00:47:48+00:00
53afef7e-225a-45c0-8548-8eaeefd9b243,c1a1dbb4-31aa-4995-9f85-85f1c622daf7,e6ac3080-e405-47c5-b78b-6c37ea355a02,2025-12-10T13:18:36+00:00
2a90bc3e-9a18-4b5d-8f6d-43c728c0ba20,c1a1dbb4-31aa-4995-9f85-85f1c622daf7,27de1447-4949-4ba1-94da-511dcf33e97a,2024-10-08T02:14:22+00:00
10552bbc-4659-47f6-b616-5954bca4f743,c1a1dbb4-31aa-4995-9f85-85f1c622daf7,1c53189a-7903-4dcb-97d6-29489110198e,2025-07-22T16:06:54+00:00
34e5b1c0-420c-4107-bb55-78e9b6b1c34b,c1a1dbb4-31aa-4995-9f85-85f1c622daf7,29b08317-6763-47c6-93e5-e9d211886a27,2024-09-29T01:21:30+00:00
b419afe3-702e-4c94-8bba-8eeed5d418f8,c1a1dbb4-31aa-4995-9f85-85f1c622daf7,9d8932ce-a55d-459a-ba8a-180a929fbfac,2026-03-13T00:02:41+00:00
cc902323-db7f-4d8e-b401-ec775befa474,b9e1cdae-13f6-4213-8894-bb79d35d23c6,99d52a61-bee5-4684-9df6-159e47cc27be,2025-07-29T09:28:49+00:00
05bdab2d-d86e-4766-a2b6-e16b4caf059e,b9e1cdae-13f6-4213-8894-bb79d35d23c6,666bc6ff-a4ef-4446-b1f3-452d89ab9300,2025-06-09T09:03:38+00:00
ecdb3906-8962-42e8-b612-6ba60028ec96,b9e1cdae-13f6-4213-8894-bb79d35d23c6,34441c15-0467-4b92-b3ab-8deb1054c830,2025-03-29T11:46:57+00:00
d73ecf15-c19f-413d-90eb-195641aaca27,b9e1cdae-13f6-4213-8894-bb79d35d23c6,3e7caac0-1ca6-4783-9a3e-0aec999045f7,2025-08-06T22:29:06+00:00
78625887-19d5-4302-8fc7-86d25b7f53c3,b9e1cdae-13f6-4213-8894-bb79d35d23c6,5d717b99-735c-4981-87a3-225adde8acea,2025-05-22T23:38:51+00:00
daca0326-a453-4cd5-808f-7801aabbbf01,b9e1cdae-13f6-4213-8894-bb79d35d23c6,b9468cb9-ed1b-40fe-a021-2f6da1f2925d,2024-09-18T20:25:31+00:00
89b1aea0-500d-409e-bf62-02f6207992ae,edebdbbc-c908-4e82-8a75-531788257ae3,484b4933-21fa-4a46-904b-33017ff3857f,2025-02-26T08:31:59+00:00
90204917-3281-43e7-942a-35a7184a1da7,edebdbbc-c908-4e82-8a75-531788257ae3,b2934820-ad75-476f-ade6-054a7c89f295,2024-10-01T06:10:32+00:00
1e9d07b4-81d8-472d-9111-3bed57964824,edebdbbc-c908-4e82-8a75-531788257ae3,b000127a-7ff3-4aba-9f9f-56872787d1ed,2024-10-18T17:57:36+00:00
1faa486f-a193-4ca1-91e2-0710bbe658df,6dc97872-dc25-4114-a162-6a5236efca6d,a80b24ca-19f4-4796-9a5e-683f4e8f7b14,2024-09-28T19:39:30+00:00
27b21479-f813-4f68-a454-8be08e649303,6dc97872-dc25-4114-a162-6a5236efca6d,481984d9-8844-4ba6-aecf-3d3fd3c177fd,2026-05-02T03:43:14+00:00
2fd494d1-53df-4216-aba5-d31fd60732ea,9a5db7f4-f2e3-46e4-b8a7-20dd5bd9f1d5,b3a594ad-c0b2-4c4f-9c16-36e5268f731d,2025-10-13T10:55:32+00:00
0707ee8f-1a7b-4817-a0e4-3b2f0bc99d1f,9a5db7f4-f2e3-46e4-b8a7-20dd5bd9f1d5,0581305f-6e14-482c-94be-e2a7bab71968,2024-09-10T12:19:04+00:00
a1871e75-3f59-46ee-9244-fd75c52520e4,9a5db7f4-f2e3-46e4-b8a7-20dd5bd9f1d5,4e2906a0-e445-4567-9bc3-c549a3448137,2024-10-08T04:56:37+00:00
d6ca98da-7293-4c6b-97ef-00658634950c,9a5db7f4-f2e3-46e4-b8a7-20dd5bd9f1d5,99d52a61-bee5-4684-9df6-159e47cc27be,2025-04-08T15:53:13+00:00
42bac2e8-8b95-459b-8eb3-4009e3143e86,9a5db7f4-f2e3-46e4-b8a7-20dd5bd9f1d5,f79de4b1-f0cc-45e9-85c3-b3112725fde1,2024-09-12T20:32:27+00:00
60248e78-3795-4b04-9eea-de9f5fe9417d,9a5db7f4-f2e3-46e4-b8a7-20dd5bd9f1d5,e5d66484-0921-411a-aecc-60e791695a29,2025-12-03T04:25:03+00:00
dc6bd9da-cf61-4bb3-9c64-9f8609231a88,9a5db7f4-f2e3-46e4-b8a7-20dd5bd9f1d5,b0f283a0-c828-4aff-80c1-0fa9a4940b92,2025-01-29T02:43:35+00:00
4c1b2a8a-027f-43dc-966f-999e024ace75,9a5db7f4-f2e3-46e4-b8a7-20dd5bd9f1d5,1ce85b38-45d8-4fc2-a23d-d01ad37ee8fb,2025-12-06T18:02:15+00:00
0de5bc96-0684-4075-a1cf-34caf718c99f,3a97e965-5544-4579-b3f8-449e4f4288cb,a80b24ca-19f4-4796-9a5e-683f4e8f7b14,2024-10-05T19:21:58+00:00
6d657076-56bd-4d58-b478-e76f96026d79,3a97e965-5544-4579-b3f8-449e4f4288cb,42688444-55cc-483b-a92c-df6777013516,2025-01-17T14:08:00+00:00
202a8cfe-5b50-49d4-a67a-8fc94e2407c8,3a97e965-5544-4579-b3f8-449e4f4288cb,b3756f66-bc0a-4be7-b18e-d5a43ae2cb20,2024-10-04T06:26:24+00:00
3bc31bde-4c00-44d3-b7aa-8cd50aa72bfc,3a97e965-5544-4579-b3f8-449e4f4288cb,6236d33d-7b57-486d-81e8-a247d50fa2a4,2024-09-15T14:27:51+00:00
7ab948af-15ac-4cbf-977f-915ab0f82bf7,3a97e965-5544-4579-b3f8-449e4f4288cb,7f332889-8032-467d-a20a-a0aadb0a6c98,2025-08-28T15:39:02+00:00
409f8131-4bf1-43a4-9c15-2f5decbe90c3,3a97e965-5544-4579-b3f8-449e4f4288cb,9fa1bd7e-fe95-4d72-89e0-17853678fb5b,2025-12-29T21:40:00+00:00
4b64de7b-b30f-4df0-b621-a8643ee6a8fb,3a97e965-5544-4579-b3f8-449e4f4288cb,819e531a-e9e2-4d6e-92fc-0f0bf2f0f251,2026-04-01T04:08:00+00:00
e294c3a0-17d4-4ef7-9fb1-451ce04e4593,3a97e965-5544-4579-b3f8-449e4f4288cb,27de1447-4949-4ba1-94da-511dcf33e97a,2024-09-19T14:00:11+00:00
e8f43be5-b796-4e51-9cfc-1d6d3251e97f,3a97e965-5544-4579-b3f8-449e4f4288cb,10e5f889-8510-460a-b274-ff42a4b2a3e9,2024-11-17T13:02:16+00:00
7747942f-c66d-4a35-81c6-8985640b19f0,3a97e965-5544-4579-b3f8-449e4f4288cb,74375a59-e8c7-406f-8580-d46c74187dc9,2024-09-12T08:30:37+00:00
bc151292-160e-47b9-884e-94901763ba7d,3a97e965-5544-4579-b3f8-449e4f4288cb,5f6d993c-4bf7-46a7-97c5-66326662827a,2026-05-24T06:05:16+00:00
0898c121-ad6c-4fa3-96d5-4f985dc5643c,d26e5ca3-f960-4446-8c88-63abe572515e,c917de22-1a11-43a3-8cb6-6c865488a5b4,2025-11-30T12:04:27+00:00
9c57aed4-2ae6-4fbb-922e-a2e0b6a5ed72,d26e5ca3-f960-4446-8c88-63abe572515e,0b20e057-ab25-4963-a1eb-383458386c85,2025-08-14T19:35:35+00:00
a7204f48-baa6-49a8-8141-b0853ce23fef,080a318e-ac1f-40b3-b379-7e32332d5c38,f7318ac8-5529-4cd7-98ea-c6b5c629b8b2,2026-03-07T18:08:01+00:00
cc0d1259-cbe9-4239-8d39-3eab58bd335f,080a318e-ac1f-40b3-b379-7e32332d5c38,02126d92-72ee-409c-9e6c-a2e4d9f83a6b,2025-06-30T17:00:56+00:00
79afa112-a89c-4559-ba5b-6ba1be8bd0c4,080a318e-ac1f-40b3-b379-7e32332d5c38,e984c74d-dd4a-466b-b93f-7f517e76b6c7,2025-02-18T09:16:18+00:00
b1e03bab-a420-4766-9d11-72005ab00a1e,080a318e-ac1f-40b3-b379-7e32332d5c38,484b4933-21fa-4a46-904b-33017ff3857f,2024-09-13T19:20:30+00:00
d959e4eb-2763-402c-b69a-e85dad44ba6a,080a318e-ac1f-40b3-b379-7e32332d5c38,743aae1e-e024-4953-a3ae-1413333f514f,2024-09-14T16:12:09+00:00
7110884f-d9e4-492b-89e5-5e31460f1c0d,080a318e-ac1f-40b3-b379-7e32332d5c38,4cf59a7d-3daf-44fe-8e86-aa4389b82fc0,2026-02-12T06:51:05+00:00
617f3635-9c58-4ee9-a712-ec81395d354d,080a318e-ac1f-40b3-b379-7e32332d5c38,57d2ea34-ccda-48c1-82da-d0d973b20d87,2024-09-16T01:30:33+00:00
7d6a43ca-fb76-41cd-9729-a36e282b1771,080a318e-ac1f-40b3-b379-7e32332d5c38,cdb4ace0-6ea2-498d-90e8-2009a10848ce,2026-01-31T14:13:06+00:00
1c1b6191-a8c3-4220-8088-d090b6b5afb3,080a318e-ac1f-40b3-b379-7e32332d5c38,0a9a118f-fbfc-414d-a857-63246dad3ee3,2026-05-05T07:09:08+00:00
f48535b3-7f7c-42fc-8be2-dbea618ec37c,080a318e-ac1f-40b3-b379-7e32332d5c38,fba653f1-56a1-4e32-b3a6-1205a8a2e461,2025-01-23T17:42:18+00:00
61fc73bf-9b06-428f-935d-49914db81598,080a318e-ac1f-40b3-b379-7e32332d5c38,bf6c0e33-5fc6-4e92-8a2d-83065bf149c4,2025-04-19T17:16:25+00:00
8fdeb6ad-e79e-4632-89f0-f082ff8f79c1,080a318e-ac1f-40b3-b379-7e32332d5c38,6eaf2004-a475-4bbd-b327-ceb492d267a7,2025-11-20T14:17:46+00:00
d91b097a-219c-4c5d-8d90-59e9c31d9c1d,e23e1b1e-4b0a-4e2a-8f21-8429aa3ed420,2ba2f93e-b90a-4582-9c0b-561477ec2dd4,2024-09-19T20:37:39+00:00
961881f2-7146-478c-98ce-bb02af4da9de,e23e1b1e-4b0a-4e2a-8f21-8429aa3ed420,3508da09-a51b-4ff3-8e0e-ee486e956b89,2024-09-14T14:09:39+00:00
537536ac-d948-4160-a788-ca6bad7e443d,e23e1b1e-4b0a-4e2a-8f21-8429aa3ed420,b79ed613-8b3e-476e-8337-9d3542f26656,2026-01-17T21:03:36+00:00
cf247ffa-18ea-4cee-bb52-bb09f43eec76,e23e1b1e-4b0a-4e2a-8f21-8429aa3ed420,74375a59-e8c7-406f-8580-d46c74187dc9,2025-06-26T21:22:47+00:00
e894230c-79e2-4716-b3ba-e01d6a9eabe9,e23e1b1e-4b0a-4e2a-8f21-8429aa3ed420,632a3efa-008f-4d2e-9fa6-0a2e1c332a14,2025-08-09T13:49:51+00:00
f758b300-8f9b-4541-b6a2-85d70003407c,e23e1b1e-4b0a-4e2a-8f21-8429aa3ed420,c2566d73-7996-4de6-8297-ed01fb83a333,2025-11-26T14:25:34+00:00
db29bb24-967b-476a-a29d-94fb49ddec60,e23e1b1e-4b0a-4e2a-8f21-8429aa3ed420,4191e4fb-4f72-4e71-ad79-a05abd92be9f,2024-10-07T05:00:50+00:00
e450f820-5f10-4f04-8f1c-72abf29e2552,e23e1b1e-4b0a-4e2a-8f21-8429aa3ed420,7524322e-1510-48cc-868b-8d59b328109b,2025-05-19T13:21:02+00:00
c0bdc206-aa79-4445-bbdc-9623b55e0ba7,55a4bba1-70b9-4171-95d3-5eeed79f9f9a,ec6a23be-ddf8-411b-a001-feea58a50c51,2024-09-17T17:41:15+00:00
e8c22ae5-a50a-4f13-bcae-53a1469d98a4,55a4bba1-70b9-4171-95d3-5eeed79f9f9a,42688444-55cc-483b-a92c-df6777013516,2024-12-05T07:07:25+00:00
2db1aac1-682f-483d-999b-2baee05dbd32,55a4bba1-70b9-4171-95d3-5eeed79f9f9a,c3e6de0b-ae0e-464a-aeef-51bebdd50073,2025-08-12T12:29:09+00:00
0ba48671-09ad-4ed6-9798-def45baa3c07,55a4bba1-70b9-4171-95d3-5eeed79f9f9a,a4435821-88f2-470f-8792-58ce92993496,2026-03-08T11:47:24+00:00
724a2bc7-5548-4625-b4bd-dab05e6683dc,55a4bba1-70b9-4171-95d3-5eeed79f9f9a,128acef2-f235-4b4f-9ba9-12cf0271ac50,2024-12-13T06:28:25+00:00
41437df4-d0ff-42a1-a5b8-c1cfe64b0ba6,55a4bba1-70b9-4171-95d3-5eeed79f9f9a,b9468cb9-ed1b-40fe-a021-2f6da1f2925d,2025-05-22T16:35:44+00:00
c95c72e2-7504-4ab0-9c6b-5cc8632dfb9f,55a4bba1-70b9-4171-95d3-5eeed79f9f9a,659f0acc-033d-4e42-acb5-b569fa69a743,2024-11-22T19:55:07+00:00
d3e93a73-40a6-4b50-b270-200621ee3cfc,9ff658f7-4247-427d-8874-6c2775c82e69,c568b27d-f55c-43c4-b16c-2ded8343488b,2026-02-23T18:13:28+00:00
bba5b248-d926-48ec-afe9-1c9c5edef8cf,9ff658f7-4247-427d-8874-6c2775c82e69,767703ae-4d74-4728-ae3f-a80c8b6ead76,2025-09-16T21:30:16+00:00
6248712d-a02f-4109-8d99-1befd8a6b2f3,9ff658f7-4247-427d-8874-6c2775c82e69,b000127a-7ff3-4aba-9f9f-56872787d1ed,2025-05-07T13:32:42+00:00
779e6eeb-4c6f-46d1-8fb8-e1a13149fe5c,9ff658f7-4247-427d-8874-6c2775c82e69,9c6405d0-d0bc-4e75-8900-4a343d7eec34,2025-11-05T12:49:09+00:00
f5ee8414-d71d-45cd-8e06-ad208d3f0005,9ff658f7-4247-427d-8874-6c2775c82e69,4baa25b9-1700-4782-a80b-d9e663939f70,2025-11-24T21:47:43+00:00
c6558bcf-6d24-4efb-9f6a-11b69fc80de8,9ff658f7-4247-427d-8874-6c2775c82e69,b387c825-7116-4b83-bd18-56e81111a5c9,2025-02-06T01:22:14+00:00
dd06c597-e39e-424c-a96f-dab265ed9ee1,9ff658f7-4247-427d-8874-6c2775c82e69,75fb3cc3-3a13-475e-9146-fa6c2c28ad75,2025-02-25T17:34:21+00:00
43db07ec-8f7b-4440-a9f9-c9d2959afc8f,9ff658f7-4247-427d-8874-6c2775c82e69,40b381d1-9fae-4307-9737-cc332f541b94,2026-02-18T02:58:24+00:00
44862e4f-4b58-415b-8b41-86a33cd55f8e,9ff658f7-4247-427d-8874-6c2775c82e69,86a2d273-34b8-46f0-bdc9-4868692691fa,2025-12-17T21:26:45+00:00
6a80392e-5cd9-4831-8bab-246fd83d7a08,9ff658f7-4247-427d-8874-6c2775c82e69,bb3f9ce6-0a1f-4b57-afad-55266a6686f8,2026-03-10T00:10:12+00:00
51ffda7e-76d7-45c6-9fe3-5a2ae206deab,9ff658f7-4247-427d-8874-6c2775c82e69,a83115e6-95d7-4710-8785-ad490862eb1d,2024-09-21T11:34:55+00:00
d20f50d1-3827-4c48-90f8-cf55be30c9c1,9ff658f7-4247-427d-8874-6c2775c82e69,d34b2b4a-bc0b-4ffd-83db-00f5cc6c937f,2025-01-14T12:08:01+00:00
58cdeef0-eb5c-4f03-be88-5d476f2255e9,9ff658f7-4247-427d-8874-6c2775c82e69,3b30a6e4-3c57-4bbd-9b03-022e7facb880,2024-10-18T21:18:08+00:00
8713605d-9d49-4e5a-a322-018fd7e4a4f6,9ff658f7-4247-427d-8874-6c2775c82e69,c826c699-c25f-4e45-bc9a-8ef83d1a94fb,2025-07-16T23:53:19+00:00
4cab62d7-db35-49bf-b08b-84edf63b8762,9ff658f7-4247-427d-8874-6c2775c82e69,a2a97c5b-d72e-47bb-a8b8-355fcf007b68,2026-03-09T10:00:35+00:00
e4079f10-4e76-4d70-9c10-3beb8a0103ab,9ff658f7-4247-427d-8874-6c2775c82e69,f7fc3247-4e08-45c5-bf07-1580aa80b186,2026-05-22T19:36:37+00:00
d5f22665-44d5-4bbb-91a1-8a0a27059c0c,9ff658f7-4247-427d-8874-6c2775c82e69,b3756f66-bc0a-4be7-b18e-d5a43ae2cb20,2024-09-21T01:30:44+00:00
492aa202-3c00-4333-b308-1d7bd09bc7be,9ff658f7-4247-427d-8874-6c2775c82e69,f91ff251-1181-4bdc-acdc-09ddd07c0f6b,2025-03-28T17:43:48+00:00
4a553258-2313-4268-b2d3-f1dcbeecae9e,9ff658f7-4247-427d-8874-6c2775c82e69,a80b24ca-19f4-4796-9a5e-683f4e8f7b14,2025-04-30T01:51:24+00:00
947718c5-921a-4e4d-a7d5-fcb0d65f97a4,9ff658f7-4247-427d-8874-6c2775c82e69,10052c3a-4cb2-4d00-a0bc-2b3ec6334ca5,2025-06-03T01:38:32+00:00
2eb22bfd-fb9a-4b4e-8658-f7e7858cd1e2,9ff658f7-4247-427d-8874-6c2775c82e69,82c26f80-0b16-4534-b361-35fddfa95816,2026-06-13T09:47:56+00:00
647ba64a-36f4-4f73-8e0e-18a452e800c8,9ff658f7-4247-427d-8874-6c2775c82e69,e5f76da6-068a-4b15-bb2c-649e314a26ed,2024-09-20T03:06:51+00:00
68c1f01a-effd-44a8-91bb-73aee28cc026,9ff658f7-4247-427d-8874-6c2775c82e69,7d2e833a-8242-43a6-93ca-e79df0b2cd59,2025-03-27T17:19:23+00:00
cdaf371e-9ccb-4f50-89b3-756a60e2c590,9ff658f7-4247-427d-8874-6c2775c82e69,60e7746d-a14d-4134-a659-8644ea757f35,2026-05-12T18:54:08+00:00
34c0ce19-d72e-42cc-9a98-b3ea899a65ec,9ff658f7-4247-427d-8874-6c2775c82e69,501e8ce4-ec88-49ee-8091-df9797903b55,2025-03-21T15:36:29+00:00
f0e806a6-8eae-4c12-acb4-05e1844022f1,9ff658f7-4247-427d-8874-6c2775c82e69,17b21723-fa8f-407d-8126-f99b09b1578a,2025-09-08T05:22:47+00:00
97b85810-bea9-4a25-a478-a8505a6e4a2f,9ff658f7-4247-427d-8874-6c2775c82e69,659f0acc-033d-4e42-acb5-b569fa69a743,2025-05-04T17:30:52+00:00
5cfc2da1-589b-43ac-8307-c21db6a73055,9ff658f7-4247-427d-8874-6c2775c82e69,c3e6de0b-ae0e-464a-aeef-51bebdd50073,2024-09-19T21:20:29+00:00
a4dc509e-05c3-4782-b58b-288fe9984c8e,9ff658f7-4247-427d-8874-6c2775c82e69,054fe171-2aa2-4064-be59-369e103477d7,2025-07-21T08:31:15+00:00
aae97734-f334-4d4f-8290-30eff2e53c79,9ff658f7-4247-427d-8874-6c2775c82e69,be814268-912b-47b4-8181-c0ede2b04826,2026-04-23T06:26:46+00:00
9839222b-fe9f-4a58-9ace-09d44d3d8ff7,9ff658f7-4247-427d-8874-6c2775c82e69,743aae1e-e024-4953-a3ae-1413333f514f,2025-08-31T04:09:29+00:00
965a1ce7-9c96-4a02-a052-28276268e673,9ff658f7-4247-427d-8874-6c2775c82e69,b7fef60e-e709-4148-b2be-091d4a9dc1a5,2025-03-12T04:27:54+00:00
2de219ed-ef70-4a67-8751-23a7ee059f24,9ff658f7-4247-427d-8874-6c2775c82e69,27de1447-4949-4ba1-94da-511dcf33e97a,2024-10-19T04:13:53+00:00
0336ce52-4b4a-4336-aca1-a773c916508e,9ff658f7-4247-427d-8874-6c2775c82e69,42ddf256-149e-4757-b88b-4e24c8e6cb76,2025-11-27T07:54:21+00:00
dac7d530-b1c7-4e65-925e-25c69f28f14f,9ff658f7-4247-427d-8874-6c2775c82e69,71938832-5c59-49e3-be85-9acbd7ca55ba,2025-07-24T20:18:09+00:00
81cd6f6c-ad2a-40c0-a152-a36ef5184eba,9ff658f7-4247-427d-8874-6c2775c82e69,6236d33d-7b57-486d-81e8-a247d50fa2a4,2024-09-29T00:27:11+00:00
453447cc-9cb2-41b7-ab6c-0e0022494fe3,9ff658f7-4247-427d-8874-6c2775c82e69,a65291d3-0e33-4ea9-afd9-e6056f5fec42,2026-03-24T14:36:47+00:00
b530a2b9-e15d-4030-96f8-56d5344f9021,9ff658f7-4247-427d-8874-6c2775c82e69,b0f283a0-c828-4aff-80c1-0fa9a4940b92,2025-08-29T13:27:29+00:00
c298d051-ac7c-4c04-8fe8-0ff780770ba0,9ff658f7-4247-427d-8874-6c2775c82e69,e1ed7e6e-8e69-4089-a848-80cc71f34ee0,2026-07-14T02:40:46+00:00
846cd7a2-a2f1-4d37-9bf4-3bf8ad469a84,9ff658f7-4247-427d-8874-6c2775c82e69,484b4933-21fa-4a46-904b-33017ff3857f,2025-07-04T12:31:47+00:00
cfca2fad-eefb-4e41-9a68-8e443e0fdf8d,9ff658f7-4247-427d-8874-6c2775c82e69,7f332889-8032-467d-a20a-a0aadb0a6c98,2025-05-25T16:42:01+00:00
7cdea9ba-3298-447e-ad44-56ad2e3113a6,9ff658f7-4247-427d-8874-6c2775c82e69,e33923d4-ae33-4f20-93b4-4927825fa9f9,2024-10-28T03:08:01+00:00
1c1dba09-27d7-43f3-8b07-327990d1663b,9ff658f7-4247-427d-8874-6c2775c82e69,6695a266-c3cd-43a7-a7fb-fcac77328615,2024-10-07T21:21:28+00:00
85b2565f-0651-4d4d-8a0f-7d637fd7d766,9ff658f7-4247-427d-8874-6c2775c82e69,99d52a61-bee5-4684-9df6-159e47cc27be,2024-11-05T00:56:57+00:00
e3ff08a6-cbce-4ec5-9b12-2fcf92f1f8a6,9ff658f7-4247-427d-8874-6c2775c82e69,3ae23a73-75a2-49e9-b24e-8c3459016993,2024-10-18T11:39:51+00:00
d7a47753-e493-4055-b1d4-6a1526ebf956,9ff658f7-4247-427d-8874-6c2775c82e69,4fb579ea-1574-44fa-af02-83f6cb410836,2026-07-29T15:30:40+00:00
1727aa6e-97b2-43a0-bc00-15559f0df757,9ff658f7-4247-427d-8874-6c2775c82e69,31d9eacf-7f61-4435-b484-43965f1c29b6,2025-04-28T23:21:33+00:00
71bf1e1d-02b9-413c-99f8-fa5a6f97ccfc,9ff658f7-4247-427d-8874-6c2775c82e69,0d63423b-88a8-461b-94f4-e18357eba2f3,2025-07-17T06:21:52+00:00
9f719a07-5a8f-49c5-b5fe-33aea06b16aa,68ae6b58-3b62-40ca-8193-2d885066cf90,1162a399-ae84-499c-86eb-5c0b8d4bd19d,2026-05-13T09:28:30+00:00
b59c7145-ebf2-4674-b7ff-41bea0eec08a,68ae6b58-3b62-40ca-8193-2d885066cf90,31d9eacf-7f61-4435-b484-43965f1c29b6,2025-05-25T15:40:29+00:00
0bcd73a6-0f23-4c63-87a8-b079982f56c4,68ae6b58-3b62-40ca-8193-2d885066cf90,e67d37fe-aa3a-4812-8a3a-0cad3700d22f,2025-01-08T16:13:17+00:00
03de93f4-e45e-49f8-a4d2-657c91d6fd7c,c264cff0-4086-41ec-9d6c-a768b83b4342,e19797db-e29f-48c3-a7bc-6f3ee4494c8c,2025-03-17T16:14:54+00:00
d7cdb4f5-ba45-4f50-82fc-1dabb9ff777b,c264cff0-4086-41ec-9d6c-a768b83b4342,32a7fe23-fa7e-4905-9afd-b6639736963d,2025-04-13T02:02:02+00:00
e3eaa239-7212-440d-9bcb-7d449ab878ec,c264cff0-4086-41ec-9d6c-a768b83b4342,dfb6fc17-bcca-45fa-ab0c-9e38e7ddcca9,2026-01-20T20:35:37+00:00
d2e0fc0b-a21d-44aa-87e2-38c75b2f9807,c264cff0-4086-41ec-9d6c-a768b83b4342,e33923d4-ae33-4f20-93b4-4927825fa9f9,2025-01-05T20:24:45+00:00
9c58f953-7fc6-4d89-8231-2981688b1c75,c264cff0-4086-41ec-9d6c-a768b83b4342,04ef5bae-6f20-43c1-84c2-80053a99d1b1,2024-10-09T00:34:07+00:00
657ab216-3a1d-4ae9-8443-ba344e7d50ee,c264cff0-4086-41ec-9d6c-a768b83b4342,3b30a6e4-3c57-4bbd-9b03-022e7facb880,2024-11-25T01:40:36+00:00
bde9a700-634d-451e-84ca-6610361d1466,c264cff0-4086-41ec-9d6c-a768b83b4342,39387e77-2cf5-4e83-a449-610606391894,2025-06-04T13:50:35+00:00
8fc4d8a8-6355-411a-85c0-b718d6da17c4,c264cff0-4086-41ec-9d6c-a768b83b4342,42ddf256-149e-4757-b88b-4e24c8e6cb76,2025-03-09T13:28:07+00:00
74e55afe-c919-4f95-82c9-26511759e4e5,c264cff0-4086-41ec-9d6c-a768b83b4342,88cd8efd-6959-47db-8377-f4735e76c1f2,2026-04-30T09:23:08+00:00
abf55962-3603-4936-864b-d7aa619acfda,c264cff0-4086-41ec-9d6c-a768b83b4342,514cc026-35f8-49f0-9e68-dff0aa3aab07,2026-07-26T19:59:19+00:00
f64fa73e-271c-4f9d-8e5a-fb487149f477,c264cff0-4086-41ec-9d6c-a768b83b4342,6695a266-c3cd-43a7-a7fb-fcac77328615,2024-10-14T22:52:36+00:00
04adeef5-66da-4204-98f3-2dbee8bea382,c264cff0-4086-41ec-9d6c-a768b83b4342,fa25c85c-0248-4e34-b506-fd8f06ae788f,2026-05-28T12:51:02+00:00
4e0a9ec9-006f-4057-9a97-e5b2ecdb74d5,c264cff0-4086-41ec-9d6c-a768b83b4342,128acef2-f235-4b4f-9ba9-12cf0271ac50,2024-10-06T14:16:22+00:00
9c07875c-3831-4dc9-97b6-03bb6e048361,c264cff0-4086-41ec-9d6c-a768b83b4342,189077b3-db48-4236-959d-98880fad6d57,2024-09-26T06:59:18+00:00
f6adace2-52e1-4faf-8341-308f83767e04,c264cff0-4086-41ec-9d6c-a768b83b4342,ff6e8123-7427-47ad-b4a2-b32525006de0,2025-10-06T16:32:27+00:00
83d5be63-66e5-450c-9dff-4fa6cd685993,c264cff0-4086-41ec-9d6c-a768b83b4342,3508da09-a51b-4ff3-8e0e-ee486e956b89,2024-10-02T14:31:53+00:00
f9696667-a4c8-48af-b9ee-4e4de803febb,c264cff0-4086-41ec-9d6c-a768b83b4342,14de7a21-0292-46d5-91cf-5ab7a5ec694f,2026-08-03T19:19:27+00:00
9e7d3799-b51c-415b-b4fd-f78a1de5bdfa,c264cff0-4086-41ec-9d6c-a768b83b4342,26d61dc5-0b03-4c16-8a64-7afeba92fecb,2025-07-31T12:35:05+00:00
cf618060-7e94-4c48-8a79-41e7966b6077,c264cff0-4086-41ec-9d6c-a768b83b4342,3ae23a73-75a2-49e9-b24e-8c3459016993,2024-12-03T15:29:44+00:00
1fb89729-3316-48f7-a8fd-573be1e9e989,c264cff0-4086-41ec-9d6c-a768b83b4342,887b7fc5-3512-427f-b5f1-d0629d72dcf0,2024-09-21T21:57:32+00:00
69f9f794-0806-4b08-8e3c-a86d11403c7b,c264cff0-4086-41ec-9d6c-a768b83b4342,323eb581-df66-495e-b4c3-b8d51316dccb,2026-03-29T21:06:40+00:00
467fe77d-7238-4486-8e76-7f252b89355c,c264cff0-4086-41ec-9d6c-a768b83b4342,ec6a23be-ddf8-411b-a001-feea58a50c51,2024-11-12T15:10:06+00:00
41cc2ab6-e934-4860-b4d3-a9272b1f917d,22ff3bf7-cb25-4648-b29e-ae0403c1511d,e33923d4-ae33-4f20-93b4-4927825fa9f9,2024-12-23T11:15:00+00:00
2a811679-2fb3-4e23-ace5-d612a4afc57a,22ff3bf7-cb25-4648-b29e-ae0403c1511d,0ade7a97-38bc-456b-952d-77f14e7154e6,2026-05-17T22:36:52+00:00
eeb5ade1-75fc-47c5-8c57-9432bbad8948,22ff3bf7-cb25-4648-b29e-ae0403c1511d,ded797b6-afed-4f9c-8ae0-35b3c61aa0e4,2024-10-03T08:53:36+00:00
65b9060e-ddc1-487f-905c-149e1ec7c20c,22ff3bf7-cb25-4648-b29e-ae0403c1511d,cdcd2f90-549e-4f8a-a600-5ffc9f8c2d74,2025-03-27T13:48:21+00:00
ea6642b6-89cc-4692-a15f-8e7b450e08e7,22ff3bf7-cb25-4648-b29e-ae0403c1511d,e0ac1371-730b-4fd6-8af4-80859ee0ade7,2024-10-22T21:27:32+00:00
5a50e8d9-a09d-4d38-bbfa-ea9146a33bfb,22ff3bf7-cb25-4648-b29e-ae0403c1511d,71938832-5c59-49e3-be85-9acbd7ca55ba,2024-10-13T13:12:57+00:00
839354a9-0602-4220-8296-d7d17c342737,22ff3bf7-cb25-4648-b29e-ae0403c1511d,6236d33d-7b57-486d-81e8-a247d50fa2a4,2024-11-08T02:46:12+00:00
2e08d35e-ef23-4e82-92b3-8e85d84168e7,22ff3bf7-cb25-4648-b29e-ae0403c1511d,4e2906a0-e445-4567-9bc3-c549a3448137,2025-03-16T07:46:23+00:00
bf9aa66c-decc-419b-a54b-23d8f48ef938,22ff3bf7-cb25-4648-b29e-ae0403c1511d,29b08317-6763-47c6-93e5-e9d211886a27,2025-07-28T12:45:20+00:00
53fe2cd0-7b8e-4c82-9972-9e02cb9b51b2,22ff3bf7-cb25-4648-b29e-ae0403c1511d,128acef2-f235-4b4f-9ba9-12cf0271ac50,2024-09-21T11:22:10+00:00
a834fe89-dff7-4a4c-97b4-92eedf24969b,22ff3bf7-cb25-4648-b29e-ae0403c1511d,b9468cb9-ed1b-40fe-a021-2f6da1f2925d,2024-11-03T16:10:15+00:00
c38546ad-4c8e-4e24-840d-d18df1774040,22ff3bf7-cb25-4648-b29e-ae0403c1511d,74d3f6c0-8cd8-42de-be07-4e633a9879a2,2025-07-02T18:29:54+00:00
b46271a9-e0eb-48f0-bbe8-c94c5c2706e2,22ff3bf7-cb25-4648-b29e-ae0403c1511d,57d2ea34-ccda-48c1-82da-d0d973b20d87,2025-01-27T00:30:43+00:00
2e81f8a2-bcf8-471d-80a5-975426621872,22ff3bf7-cb25-4648-b29e-ae0403c1511d,4cf59a7d-3daf-44fe-8e86-aa4389b82fc0,2026-05-16T19:00:44+00:00
2e420603-3f3e-4878-a529-35c0e5c0943d,22ff3bf7-cb25-4648-b29e-ae0403c1511d,6cad3973-c23d-4cec-bb0c-6ecf78003373,2025-08-12T13:48:53+00:00
1acace23-2d76-451a-b2a0-a3d42140097c,22ff3bf7-cb25-4648-b29e-ae0403c1511d,ec6a23be-ddf8-411b-a001-feea58a50c51,2024-10-15T13:25:00+00:00
749604bb-1115-4316-a375-0c372287c62e,22ff3bf7-cb25-4648-b29e-ae0403c1511d,2ba2f93e-b90a-4582-9c0b-561477ec2dd4,2024-12-18T09:25:09+00:00
18b8c96d-6d37-4e56-bfc7-1e80204c4314,22ff3bf7-cb25-4648-b29e-ae0403c1511d,ff34dee7-a247-40d7-b920-a3d2e7a536c2,2026-01-14T03:05:26+00:00
10641aa3-d1f5-42ea-84d9-df69ae60dbfa,22ff3bf7-cb25-4648-b29e-ae0403c1511d,373a53bb-6b51-442f-ac4b-1d028d9af863,2026-02-12T12:29:05+00:00
490cf167-bb3f-4327-ba16-49514f7ad7d3,22ff3bf7-cb25-4648-b29e-ae0403c1511d,75fb3cc3-3a13-475e-9146-fa6c2c28ad75,2025-05-17T06:30:35+00:00
fba57a03-b880-4702-ac75-2a14ab2294d0,22ff3bf7-cb25-4648-b29e-ae0403c1511d,e1ed7e6e-8e69-4089-a848-80cc71f34ee0,2025-01-24T09:45:36+00:00
c4334ad5-e450-43e3-973f-a300a6389f91,22ff3bf7-cb25-4648-b29e-ae0403c1511d,4baa25b9-1700-4782-a80b-d9e663939f70,2024-09-30T20:50:02+00:00
23b3c9df-5c09-4610-8278-e6dca5975649,22ff3bf7-cb25-4648-b29e-ae0403c1511d,f1a0ec25-92c1-456d-bc62-93f211e3df90,2025-09-08T03:41:30+00:00
9b4f7086-3f40-454e-992d-d0cf2f38ea7b,22ff3bf7-cb25-4648-b29e-ae0403c1511d,3b30a6e4-3c57-4bbd-9b03-022e7facb880,2024-11-01T08:56:51+00:00
af99558d-5d23-419a-a107-1152500ef70a,22ff3bf7-cb25-4648-b29e-ae0403c1511d,42688444-55cc-483b-a92c-df6777013516,2024-09-21T06:29:45+00:00
a79f5f1c-4a08-4a41-bd22-69af3af715db,22ff3bf7-cb25-4648-b29e-ae0403c1511d,98975cfd-3638-4842-83fd-fb6f839b37d9,2026-04-01T20:36:29+00:00
a0964de0-0522-41b3-90e8-62ce408f6217,22ff3bf7-cb25-4648-b29e-ae0403c1511d,d97c38cc-0971-42dd-869d-988ad7864fdb,2026-09-01T02:31:52+00:00
bd035f46-ce88-4f5a-bcaf-7425da11546b,16b6dcc0-a2fd-4574-b321-1acdc6e63e1e,10e5f889-8510-460a-b274-ff42a4b2a3e9,2024-09-21T06:45:33+00:00
c795e9a0-78f6-4272-a3c1-0863d5243fe0,16b6dcc0-a2fd-4574-b321-1acdc6e63e1e,e5f76da6-068a-4b15-bb2c-649e314a26ed,2024-09-21T12:16:04+00:00
3fa8aeb2-aa52-4428-b153-37162c39d535,16b6dcc0-a2fd-4574-b321-1acdc6e63e1e,484b4933-21fa-4a46-904b-33017ff3857f,2024-09-21T23:46:23+00:00
cd67bff5-b605-40f6-8873-829a1c0a1c1b,34556ba1-6f49-402d-a87d-f41be52f98ae,10e5f889-8510-460a-b274-ff42a4b2a3e9,2024-09-27T14:38:41+00:00
a6b3b0b8-f6d1-4ee0-afb8-40531e8e1f81,34556ba1-6f49-402d-a87d-f41be52f98ae,4baa25b9-1700-4782-a80b-d9e663939f70,2024-09-21T07:55:24+00:00
3e87396c-9268-4d16-b379-d4a65478f614,34556ba1-6f49-402d-a87d-f41be52f98ae,43dbd776-bd4c-4ef1-933a-59af47a589b5,2024-09-21T08:44:32+00:00
b4e9aa3d-82aa-4829-9917-84ee22ace687,34556ba1-6f49-402d-a87d-f41be52f98ae,ba1fa7b7-1ba1-4dcc-8cde-7e8038432e3d,2024-09-26T21:39:55+00:00
2d22a8bf-1645-4897-923a-05a589a794a9,34556ba1-6f49-402d-a87d-f41be52f98ae,819e531a-e9e2-4d6e-92fc-0f0bf2f0f251,2024-09-21T12:33:02+00:00
7ddfbee0-f5df-42d5-8ba2-9da76779b619,34556ba1-6f49-402d-a87d-f41be52f98ae,fd24cb3c-d535-4d3e-8f20-04616346c1f3,2024-09-22T03:48:14+00:00
26288699-798b-4d0e-a662-24d2098a045b,34556ba1-6f49-402d-a87d-f41be52f98ae,e0ac1371-730b-4fd6-8af4-80859ee0ade7,2024-09-21T17:48:37+00:00
14ae7b4e-3b02-40c4-a36b-25b1d86a6842,34556ba1-6f49-402d-a87d-f41be52f98ae,ba4e0520-1425-44b4-ba42-764ccd9799f7,2024-09-27T09:12:31+00:00
d680485c-59f7-487f-97c3-c0de0b479fb7,c13e74fb-223c-4ff2-b698-732b92c3ea47,681a768e-2c15-4f60-b8bb-6613e5d882f5,2025-03-04T21:56:47+00:00
b31ec82e-e40d-437c-a02b-6143783b2872,ff7cb602-ba0a-4d9f-9ebb-56372c595818,4cf59a7d-3daf-44fe-8e86-aa4389b82fc0,2025-01-13T11:11:43+00:00
b4d262dd-fd62-4c97-8975-8d704bb60426,ff7cb602-ba0a-4d9f-9ebb-56372c595818,85a05a4b-ce52-43cf-8433-02a2cad529e1,2025-05-19T04:42:14+00:00
79b96112-a33c-4184-a543-99f32049e43a,ff7cb602-ba0a-4d9f-9ebb-56372c595818,39da3268-4fe9-44d6-b716-29c848231132,2026-06-08T22:38:19+00:00
675928c2-ca2f-45aa-8628-de6c1be993fa,ff7cb602-ba0a-4d9f-9ebb-56372c595818,c3e6de0b-ae0e-464a-aeef-51bebdd50073,2024-10-25T01:30:55+00:00
74324a34-2697-4397-bb3e-91ec70c44276,ff7cb602-ba0a-4d9f-9ebb-56372c595818,887b7fc5-3512-427f-b5f1-d0629d72dcf0,2024-12-27T01:16:34+00:00
18ba5269-a0a6-464a-b26c-e4982da777ed,ff7cb602-ba0a-4d9f-9ebb-56372c595818,a0e2974c-e309-4d0a-be48-f7744ff2a50d,2025-11-27T12:49:56+00:00
3c999d5a-1a88-4abd-90bb-765039593d4d,ff7cb602-ba0a-4d9f-9ebb-56372c595818,e5d66484-0921-411a-aecc-60e791695a29,2025-08-20T22:28:21+00:00
b1aa037d-9f48-4850-850a-6ea1023fece5,ff7cb602-ba0a-4d9f-9ebb-56372c595818,74375a59-e8c7-406f-8580-d46c74187dc9,2024-10-07T16:05:28+00:00
1f9635fb-fd46-4752-8fbe-51396f9ce9ec,f1f299a8-94c2-4971-8d32-eefbd70496e3,86a2d273-34b8-46f0-bdc9-4868692691fa,2026-03-28T19:07:48+00:00
18c593cc-6296-493f-8121-b4f5f46c50d6,58f1ff8d-6d9a-4932-971e-0b02dcf4b147,d7b30ac7-a843-4c2c-b7d0-5dbca0c169c3,2024-10-06T09:11:54+00:00
2ed527a8-97af-4f06-85af-d07d1be7a096,45ce048c-a2a2-43c1-8050-7a21bbb00bc8,29b08317-6763-47c6-93e5-e9d211886a27,2024-10-04T14:45:46+00:00
20d8b254-3ec1-4b5e-810d-5e254c0ea911,45ce048c-a2a2-43c1-8050-7a21bbb00bc8,57d2ea34-ccda-48c1-82da-d0d973b20d87,2024-10-04T05:36:05+00:00
c074c304-cdd5-4a92-ade5-b4d3d7fbcdc9,45ce048c-a2a2-43c1-8050-7a21bbb00bc8,d97c38cc-0971-42dd-869d-988ad7864fdb,2025-10-28T00:45:37+00:00
95bf4d59-bdcd-4ff8-9112-383fb1ee1cf5,baf97d52-7bc9-4caa-a761-0ce9c8d9d9aa,635cb86b-03c7-4fb4-884b-ced27f9691bb,2025-04-10T21:26:58+00:00
6849ec49-72cd-4639-870b-0beba1367f5f,baf97d52-7bc9-4caa-a761-0ce9c8d9d9aa,ec6a23be-ddf8-411b-a001-feea58a50c51,2024-11-22T03:15:34+00:00
8e10ff91-ae61-4021-84c6-3569112da2e3,baf97d52-7bc9-4caa-a761-0ce9c8d9d9aa,e2bc1752-1983-472e-bbd9-c6fae7cac58a,2025-10-21T19:03:02+00:00
cf8517c0-a791-4336-832c-0a510567487b,937937f9-03b3-422e-b103-ac8815fafae8,469cafcd-e935-4706-a180-dbcf0d46cd05,2026-06-09T21:01:06+00:00
9a5f6f3b-d89a-4946-b2c2-aa3c53b83cec,937937f9-03b3-422e-b103-ac8815fafae8,bf6c0e33-5fc6-4e92-8a2d-83065bf149c4,2025-04-19T15:10:13+00:00
5f37ae0f-82e0-4906-8ba0-8e30738cf3e2,937937f9-03b3-422e-b103-ac8815fafae8,2ad9462f-49f8-4d9a-8f1f-6f573c1e266f,2025-07-19T07:08:12+00:00
40459853-bfec-4778-9a21-64ffa141e88b,937937f9-03b3-422e-b103-ac8815fafae8,0581305f-6e14-482c-94be-e2a7bab71968,2025-04-14T00:06:11+00:00
eaa51648-efab-4048-b054-73064ed013e6,937937f9-03b3-422e-b103-ac8815fafae8,aa179f68-3aae-4474-991e-448842620800,2026-04-02T07:19:07+00:00
36a62135-6715-4afe-b10e-d6dbd7e70c5b,937937f9-03b3-422e-b103-ac8815fafae8,b6be37f9-e731-49e9-b97d-838d7bb58dfd,2025-01-26T08:54:24+00:00
45373602-fb92-4004-8e90-9e14e18cdd2d,937937f9-03b3-422e-b103-ac8815fafae8,17bc3a75-830c-41bc-b847-8447593a7d03,2026-07-07T19:13:05+00:00
68954887-3893-48cc-bdeb-9010d4697c5b,5038eddd-be96-409c-ab71-47f4d8d2558d,e0ac1371-730b-4fd6-8af4-80859ee0ade7,2024-10-08T21:54:14+00:00
4ec65245-b0ec-4acb-8062-062c2d33e8a1,5038eddd-be96-409c-ab71-47f4d8d2558d,ba1fa7b7-1ba1-4dcc-8cde-7e8038432e3d,2024-10-13T19:54:18+00:00
8cfce826-96a5-466c-9628-e0bf02e8984e,5038eddd-be96-409c-ab71-47f4d8d2558d,43dbd776-bd4c-4ef1-933a-59af47a589b5,2024-11-09T03:51:26+00:00
8f5ca79c-2dc7-4552-bb05-365717905f59,5038eddd-be96-409c-ab71-47f4d8d2558d,b3756f66-bc0a-4be7-b18e-d5a43ae2cb20,2025-06-09T12:19:39+00:00
eba86eec-3b50-432d-8f9a-c793c5895db5,5038eddd-be96-409c-ab71-47f4d8d2558d,2ba2f93e-b90a-4582-9c0b-561477ec2dd4,2025-02-20T14:48:23+00:00
8d482d75-b56f-411b-9a12-776ec77c5904,5038eddd-be96-409c-ab71-47f4d8d2558d,e294d7c5-9f72-4226-9091-d2cf6c147a17,2025-07-08T03:19:44+00:00
d5ceebcf-590a-4757-8e44-e18b5577e573,5038eddd-be96-409c-ab71-47f4d8d2558d,4366727f-cad9-45ec-ac07-3b7e024b94a1,2025-10-28T05:39:58+00:00
de702349-dc17-41fb-bb48-736502d2820d,5038eddd-be96-409c-ab71-47f4d8d2558d,e33923d4-ae33-4f20-93b4-4927825fa9f9,2024-11-12T17:21:17+00:00
f92940d7-f5d7-4b72-9d64-5d343a91f812,5038eddd-be96-409c-ab71-47f4d8d2558d,d24b23ee-291d-4c2f-8c3a-ce1251c2c3d8,2025-08-30T02:03:33+00:00
55f3c443-c683-4cd2-a92b-a427993eeeb4,5038eddd-be96-409c-ab71-47f4d8d2558d,7926d7b2-835c-4a6f-bf2f-3e38d4db3419,2025-02-09T16:33:35+00:00
5c310064-7523-45cf-a51d-11058025cc2e,5038eddd-be96-409c-ab71-47f4d8d2558d,42688444-55cc-483b-a92c-df6777013516,2024-10-19T05:30:25+00:00
2a095ce8-2685-4f3e-a9e2-33d64ba9e2a0,5038eddd-be96-409c-ab71-47f4d8d2558d,ea8951c3-9063-4555-961a-8fcb0cc9fd92,2025-09-07T23:52:22+00:00
d34c38ad-270c-46df-892e-87b846e3f043,5038eddd-be96-409c-ab71-47f4d8d2558d,904d370b-c057-4076-ab96-6f35351482c2,2025-04-03T06:00:22+00:00
86b18777-90e3-4c93-8fc4-a1046459820b,5038eddd-be96-409c-ab71-47f4d8d2558d,484b4933-21fa-4a46-904b-33017ff3857f,2024-12-12T11:37:15+00:00
68542be9-676c-4d5c-8df1-c8147a1281e0,5038eddd-be96-409c-ab71-47f4d8d2558d,ac4cd2de-69ac-436e-b67e-c476f7f37a57,2026-03-05T21:45:32+00:00
a3426e56-1798-4766-8078-84421db7061d,5038eddd-be96-409c-ab71-47f4d8d2558d,887b7fc5-3512-427f-b5f1-d0629d72dcf0,2025-01-07T12:33:37+00:00
18322483-bf13-4e09-a956-e9e1dffa44a6,5038eddd-be96-409c-ab71-47f4d8d2558d,7759297b-afe9-4b95-8e56-6c553c734e03,2026-03-25T16:56:46+00:00
2db87d86-dd02-41fd-96ed-b6bce434e568,f315d986-c3b1-4f85-8e87-b0bbffc0a14e,9f74975f-3000-4ef2-b2a2-1cdac8513b60,2025-07-26T23:08:31+00:00
57095bc6-d693-4650-a85a-fd3f63c47e5f,f315d986-c3b1-4f85-8e87-b0bbffc0a14e,d24b23ee-291d-4c2f-8c3a-ce1251c2c3d8,2025-02-28T16:43:20+00:00
010f9d4c-a324-4e44-a941-21ba0144c99a,f315d986-c3b1-4f85-8e87-b0bbffc0a14e,b000127a-7ff3-4aba-9f9f-56872787d1ed,2025-01-10T06:20:59+00:00
576f0279-9183-484b-b285-e2e49be034a4,f315d986-c3b1-4f85-8e87-b0bbffc0a14e,c60fc12d-ef3b-47a2-b08d-d35daaa0261f,2024-10-15T09:47:03+00:00
0f103a64-911f-410a-82f5-ab7f2377fc12,f315d986-c3b1-4f85-8e87-b0bbffc0a14e,75a9c08b-c3f9-48ea-bba3-d6136d51a785,2025-10-14T13:06:08+00:00
9133a675-e8fe-44a7-99b2-3a92fc2c0e49,f315d986-c3b1-4f85-8e87-b0bbffc0a14e,52f70005-a5bf-40e4-b8a6-5507f64e2acf,2026-03-06T03:10:21+00:00
ec2eba59-23d4-4394-bf31-df1675cc72df,f315d986-c3b1-4f85-8e87-b0bbffc0a14e,51910d94-7df2-4595-be53-5b43cb379762,2025-03-29T10:27:55+00:00
84be619c-3a27-49d9-b7b3-1604f4f05de2,f315d986-c3b1-4f85-8e87-b0bbffc0a14e,61bc54ff-d92a-459a-b783-749eeba4b206,2026-03-30T09:07:02+00:00
f9ef6eb8-6a56-4ae8-bbb4-50bcd2d4bdc2,f315d986-c3b1-4f85-8e87-b0bbffc0a14e,b371ce5e-bc61-471a-9390-abad4474dcdf,2025-09-07T19:00:55+00:00
a6ab96f0-c180-4040-acfb-884e86584223,f315d986-c3b1-4f85-8e87-b0bbffc0a14e,b2ebd1c7-416b-4645-a522-88f29c4fd3fa,2025-01-29T00:54:36+00:00
22d51143-57a6-48f4-8b93-ba2d9207e0f3,f315d986-c3b1-4f85-8e87-b0bbffc0a14e,82c26f80-0b16-4534-b361-35fddfa95816,2024-11-07T17:56:15+00:00
0b68d71e-2cd6-40a7-a78d-eebef1cc97d3,f315d986-c3b1-4f85-8e87-b0bbffc0a14e,081ff1ec-6b6e-4345-b592-685440228bd4,2025-06-08T02:22:39+00:00
7202dcfd-ded3-4869-9147-673145f972db,f315d986-c3b1-4f85-8e87-b0bbffc0a14e,819e531a-e9e2-4d6e-92fc-0f0bf2f0f251,2025-03-17T02:35:58+00:00
e21bd261-d630-4390-a8d6-2300714e78e2,f315d986-c3b1-4f85-8e87-b0bbffc0a14e,0581305f-6e14-482c-94be-e2a7bab71968,2024-12-13T11:27:32+00:00
789b61c8-c0c4-4b8b-85e7-70ed36bdde8f,f315d986-c3b1-4f85-8e87-b0bbffc0a14e,fba653f1-56a1-4e32-b3a6-1205a8a2e461,2024-12-11T03:50:04+00:00
04c9718e-be80-4b3a-9642-625d3427baed,f315d986-c3b1-4f85-8e87-b0bbffc0a14e,4191e4fb-4f72-4e71-ad79-a05abd92be9f,2024-10-29T00:47:48+00:00
9d52fb1e-b8c4-4cb3-8e59-81d0b985f32a,f315d986-c3b1-4f85-8e87-b0bbffc0a14e,bb3f9ce6-0a1f-4b57-afad-55266a6686f8,2026-01-26T06:13:35+00:00
cea883b0-a8e3-458b-8c60-40f25bdc6cdc,f315d986-c3b1-4f85-8e87-b0bbffc0a14e,183fdc19-a9c5-4db8-a9f3-e0f20feea8e8,2025-10-11T17:22:46+00:00
70650110-9cb5-48b6-8e27-ede172e52d1d,4cc2324d-c14b-452e-af2d-3cd8f9cd314d,919c1afb-25b2-4b3a-bfab-39ebe9e77e2c,2026-07-18T19:53:07+00:00
e6f2b899-ea82-41d3-bfcb-8d3bb3dd4c7f,4cc2324d-c14b-452e-af2d-3cd8f9cd314d,d24b23ee-291d-4c2f-8c3a-ce1251c2c3d8,2025-03-07T19:51:12+00:00
6aef50af-58d4-4282-838e-2202408a02a5,4cc2324d-c14b-452e-af2d-3cd8f9cd314d,5d717b99-735c-4981-87a3-225adde8acea,2024-10-16T17:10:22+00:00
3fff2e5e-247c-4f64-8b92-bcdfbfabda4b,4cc2324d-c14b-452e-af2d-3cd8f9cd314d,42688444-55cc-483b-a92c-df6777013516,2024-10-13T22:52:58+00:00
3d8daa51-0271-474a-b3e5-4d3287459169,4cc2324d-c14b-452e-af2d-3cd8f9cd314d,cbcba9e3-129e-437d-adc8-13aae5e788ac,2024-12-28T16:29:19+00:00
9f67b8af-ef7f-4a77-9c53-e8daa0d611ff,4cc2324d-c14b-452e-af2d-3cd8f9cd314d,5ca23f6e-524f-449e-b9d2-a758e70cff73,2024-12-08T20:46:56+00:00
e4f52766-cb75-4193-98a7-815f4436c8be,4cc2324d-c14b-452e-af2d-3cd8f9cd314d,e7f25965-2024-4c9f-a575-caa1e7bc13df,2024-10-13T15:09:28+00:00
8e1c3815-96b3-4db7-b6c6-1e14faa80f0f,4cc2324d-c14b-452e-af2d-3cd8f9cd314d,8655633c-8b61-41b6-8e06-e79ce464e099,2025-02-20T11:06:13+00:00
7a5e4c4f-d5a6-4243-a2ce-37a86da41444,4cc2324d-c14b-452e-af2d-3cd8f9cd314d,5da9c176-ec13-4102-b6cf-121f4b145d5a,2026-07-05T18:24:08+00:00
b5ddfb2a-3a52-4d02-bed5-20083003a4d5,4cc2324d-c14b-452e-af2d-3cd8f9cd314d,ab56d43e-6b4a-43a3-9b6c-f3bae36c4bb6,2024-10-18T13:23:56+00:00
7b6c64eb-820a-43b1-95db-cc9895ffbe9b,4cc2324d-c14b-452e-af2d-3cd8f9cd314d,6695a266-c3cd-43a7-a7fb-fcac77328615,2024-12-16T03:17:35+00:00
644237c7-afe8-4b96-8dd1-dd2fe7c73de2,4cc2324d-c14b-452e-af2d-3cd8f9cd314d,02126d92-72ee-409c-9e6c-a2e4d9f83a6b,2025-05-08T18:57:15+00:00
ee51fc8f-9fd1-47b1-9607-a10a3514a037,4cc2324d-c14b-452e-af2d-3cd8f9cd314d,f74c5434-3a39-4dc9-8fd0-1b4de52cff6b,2025-09-30T14:12:38+00:00
9c8b5ef3-d6dd-4442-8c06-647acfaabc39,4cc2324d-c14b-452e-af2d-3cd8f9cd314d,db4d2942-4cc1-45f1-87fc-07d96b772a6e,2026-04-12T12:52:00+00:00
9feb2458-8b76-442f-845a-decef8b8cd86,4cc2324d-c14b-452e-af2d-3cd8f9cd314d,9fa1bd7e-fe95-4d72-89e0-17853678fb5b,2025-01-17T20:46:57+00:00
010903d1-2992-47c2-b1af-9d8d11abf62d,4cc2324d-c14b-452e-af2d-3cd8f9cd314d,e0ac1371-730b-4fd6-8af4-80859ee0ade7,2026-06-12T11:05:06+00:00
4dd5b469-fbb5-4db9-b99c-ad90e01393c2,4cc2324d-c14b-452e-af2d-3cd8f9cd314d,a0dc85a3-3764-409c-83f4-50635837ae0f,2025-10-24T19:00:22+00:00
56a78f08-387d-4e3f-8ba2-4eb61d75c1e7,4cc2324d-c14b-452e-af2d-3cd8f9cd314d,d7b30ac7-a843-4c2c-b7d0-5dbca0c169c3,2024-10-12T20:05:27+00:00
156f9363-cc19-4384-8724-4f1b8c4c6838,4cc2324d-c14b-452e-af2d-3cd8f9cd314d,6fadda54-a15d-4010-be7a-2f23d4461cf9,2025-12-13T04:55:25+00:00
32cc579e-7d88-4452-bcbd-eaef57815997,4cc2324d-c14b-452e-af2d-3cd8f9cd314d,1ac6ee78-e266-4507-888f-5c047d74ca46,2026-07-03T19:43:28+00:00
e2bf148f-7c29-4e0d-b897-73a54278362f,4cc2324d-c14b-452e-af2d-3cd8f9cd314d,484b4933-21fa-4a46-904b-33017ff3857f,2024-12-15T01:21:33+00:00
e874558a-f536-4b3d-8805-9e4dbfe4677c,a9f5e0f7-2df2-4ea9-86fe-7a39d7fc80b6,c826c699-c25f-4e45-bc9a-8ef83d1a94fb,2025-04-04T21:19:39+00:00
eeebd417-b59a-4aee-a5e0-4b3c95c3fb3f,a9f5e0f7-2df2-4ea9-86fe-7a39d7fc80b6,d7b30ac7-a843-4c2c-b7d0-5dbca0c169c3,2024-11-13T14:18:05+00:00
1bbbd279-76dd-4a1d-9a8b-76089ff78301,a9f5e0f7-2df2-4ea9-86fe-7a39d7fc80b6,2709bb2d-e639-44c0-920f-80a9f4c4955e,2025-06-17T10:52:30+00:00
03013e3e-8c2e-4ba9-a8c7-e73968c1691b,a9f5e0f7-2df2-4ea9-86fe-7a39d7fc80b6,02126d92-72ee-409c-9e6c-a2e4d9f83a6b,2025-10-04T00:37:12+00:00
88efaa22-f127-46d3-824b-7b4af3a1f4aa,a9f5e0f7-2df2-4ea9-86fe-7a39d7fc80b6,b3756f66-bc0a-4be7-b18e-d5a43ae2cb20,2025-04-25T09:24:27+00:00
6e2c1d65-a4b4-4cb3-b09a-4c35746c2519,a9f5e0f7-2df2-4ea9-86fe-7a39d7fc80b6,78adb4b4-64d8-4a3f-b789-0aeeccaf033e,2025-10-14T08:53:21+00:00
ed8764c3-1b23-4414-b735-9604d3fa4fdc,a9f5e0f7-2df2-4ea9-86fe-7a39d7fc80b6,183fdc19-a9c5-4db8-a9f3-e0f20feea8e8,2025-08-01T23:11:28+00:00
20dbca98-d7ea-4c30-a7c8-b0d2c335e96d,a9f5e0f7-2df2-4ea9-86fe-7a39d7fc80b6,1f5c9368-f634-4128-84d2-ef868162ba53,2025-02-19T11:03:47+00:00
ee12a89b-3c14-47ca-82b4-1ff079303676,a9f5e0f7-2df2-4ea9-86fe-7a39d7fc80b6,443b392f-72a1-4279-ae51-a849f1fedfff,2025-03-11T19:09:35+00:00
6ecd8ad1-beff-4fb0-a86d-9ba35b0f9b78,a9f5e0f7-2df2-4ea9-86fe-7a39d7fc80b6,51910d94-7df2-4595-be53-5b43cb379762,2024-10-13T08:01:19+00:00
0cc1e44e-a202-477d-8cb9-65697b5faa11,a9f5e0f7-2df2-4ea9-86fe-7a39d7fc80b6,ddff96e0-22a2-4dc0-8484-2c55ebac5db3,2026-07-30T14:33:37+00:00
04c11c3f-7ebb-4fcf-870d-3ffd8af4db47,a9f5e0f7-2df2-4ea9-86fe-7a39d7fc80b6,c90cc779-75f4-4f0d-8f0e-bf02ad0ba33c,2025-09-11T02:14:51+00:00
58d926b1-4974-4480-baf9-4ba0b76ad6e6,a9f5e0f7-2df2-4ea9-86fe-7a39d7fc80b6,e67d37fe-aa3a-4812-8a3a-0cad3700d22f,2024-12-19T18:31:28+00:00
7ba3a272-88ca-4447-ad9d-8361b5ba4eae,a9f5e0f7-2df2-4ea9-86fe-7a39d7fc80b6,f7318ac8-5529-4cd7-98ea-c6b5c629b8b2,2025-06-16T05:36:34+00:00
a6b7122f-d65b-403d-b4d5-569faf2980f2,a9f5e0f7-2df2-4ea9-86fe-7a39d7fc80b6,ded797b6-afed-4f9c-8ae0-35b3c61aa0e4,2024-11-12T20:46:22+00:00
b32f9f88-29c7-47cf-9859-34c3a2213a64,a9f5e0f7-2df2-4ea9-86fe-7a39d7fc80b6,04ef5bae-6f20-43c1-84c2-80053a99d1b1,2025-08-07T06:52:15+00:00
db6b13e5-d62d-4736-ae16-0c67b979de9a,a9f5e0f7-2df2-4ea9-86fe-7a39d7fc80b6,f87b345a-0777-46fc-865a-b76dacc1e90a,2025-05-19T11:19:28+00:00
c86b59e2-58f7-4583-8ead-6153133617fa,90cd19aa-5285-423a-afed-01ee290ae9ea,99d52a61-bee5-4684-9df6-159e47cc27be,2024-11-01T04:18:37+00:00
dafd824c-d666-42d1-adcf-1ed07d595715,90cd19aa-5285-423a-afed-01ee290ae9ea,468552db-87c2-40a1-b501-f637c4f5d75a,2025-05-01T03:29:45+00:00
55bb2485-254c-4ed9-a25d-e1ba4329f7ee,4a17397e-f126-4099-a032-b406836fc205,e7f25965-2024-4c9f-a575-caa1e7bc13df,2024-11-12T16:28:58+00:00
bb70aa52-b9b3-4b7f-9d86-d25c2de2bb54,4a17397e-f126-4099-a032-b406836fc205,42ddf256-149e-4757-b88b-4e24c8e6cb76,2025-04-26T11:43:39+00:00
07c2833e-d68e-424d-8a37-d22fec3cce43,4a17397e-f126-4099-a032-b406836fc205,f91ff251-1181-4bdc-acdc-09ddd07c0f6b,2024-10-16T12:24:57+00:00
212b40a8-672c-41ec-9938-6604aa9baa92,4a17397e-f126-4099-a032-b406836fc205,054fe171-2aa2-4064-be59-369e103477d7,2025-04-26T11:44:38+00:00
b3dee443-5e91-4292-8da7-e7f94caf72b4,4a17397e-f126-4099-a032-b406836fc205,dd97c4bf-c562-41cd-943b-218a8b5baac4,2025-12-27T13:17:50+00:00
7c21a15f-383c-4f62-b1af-d53bdc4d682a,4a17397e-f126-4099-a032-b406836fc205,da2d85dd-5c3d-4667-8788-6be2e47676a4,2025-10-22T11:01:57+00:00
68ce4fea-f513-4b80-90dc-e120a68fe2c5,4a17397e-f126-4099-a032-b406836fc205,19dfffd3-69fe-4589-9939-0de48e436817,2025-06-28T18:11:22+00:00
9d8f06ae-9920-41bd-91cf-08f12e5ad162,f4a3f3e1-2935-4940-b2a6-c6388214bf59,a83115e6-95d7-4710-8785-ad490862eb1d,2025-01-01T02:23:39+00:00
eff3e788-94a6-40d2-b355-35de8ce0fb10,f4a3f3e1-2935-4940-b2a6-c6388214bf59,06a5945b-2a25-4bf1-b0d1-578601aaab81,2025-10-03T17:47:28+00:00
232b9c6a-8d5d-4be4-a68e-9bdfce12316c,f4a3f3e1-2935-4940-b2a6-c6388214bf59,87981edc-4a5a-415d-b51d-f9217163949a,2026-02-08T13:26:47+00:00
8aaf286b-e2b2-4e54-b5b8-5b23df651b3e,f4a3f3e1-2935-4940-b2a6-c6388214bf59,98975cfd-3638-4842-83fd-fb6f839b37d9,2025-02-27T20:30:23+00:00
f9bd46e7-504c-4d22-ad92-3c8be376c46a,568ff6a7-f2b6-4032-b8b8-13a6194cd1e2,c60fc12d-ef3b-47a2-b08d-d35daaa0261f,2024-10-25T15:53:48+00:00
322e5fa7-7a5d-4bca-8b48-d26dbcf5b043,4f167669-bc1e-4161-9cd7-c8f20a1812d6,b2934820-ad75-476f-ade6-054a7c89f295,2025-05-21T04:29:53+00:00
484424c2-1471-4d83-a473-bc4f691be8a0,4f167669-bc1e-4161-9cd7-c8f20a1812d6,f91ff251-1181-4bdc-acdc-09ddd07c0f6b,2024-12-01T22:21:31+00:00
830c00ce-212f-4b67-99bb-942331a47a9b,4f167669-bc1e-4161-9cd7-c8f20a1812d6,91848802-a58f-4fc5-939d-8395eb0c4868,2025-09-11T08:26:03+00:00
b98d7014-956f-4093-b488-9431de13ae7f,4f167669-bc1e-4161-9cd7-c8f20a1812d6,128acef2-f235-4b4f-9ba9-12cf0271ac50,2025-07-22T13:35:19+00:00
dda71f41-88d7-4c35-b16b-36687e8fcf5a,4f167669-bc1e-4161-9cd7-c8f20a1812d6,51910d94-7df2-4595-be53-5b43cb379762,2024-11-26T01:15:28+00:00
b326a794-fbb8-4a4e-bce2-22a5b51f6738,4f167669-bc1e-4161-9cd7-c8f20a1812d6,c60fc12d-ef3b-47a2-b08d-d35daaa0261f,2024-11-17T10:53:50+00:00
4be7ce8e-b39a-45ae-adc7-4392c4c91046,4f167669-bc1e-4161-9cd7-c8f20a1812d6,e0ac1371-730b-4fd6-8af4-80859ee0ade7,2024-10-20T08:33:26+00:00
1239b93f-f301-4f28-a9d0-a14954b018f6,4f167669-bc1e-4161-9cd7-c8f20a1812d6,d34b2b4a-bc0b-4ffd-83db-00f5cc6c937f,2024-11-29T12:51:01+00:00
f4257ed7-aaa9-44a5-beb8-ceadeb96d55f,4f167669-bc1e-4161-9cd7-c8f20a1812d6,fee6b0c5-a98d-4b4e-a30d-2cb91bee01ea,2026-05-28T09:55:10+00:00
1c1681e6-832a-4283-9568-8fed367bb448,4f167669-bc1e-4161-9cd7-c8f20a1812d6,14de7a21-0292-46d5-91cf-5ab7a5ec694f,2026-04-03T13:34:42+00:00
bd6eff4b-96b1-4486-9c67-be82ecfe02dc,4f167669-bc1e-4161-9cd7-c8f20a1812d6,a0dc85a3-3764-409c-83f4-50635837ae0f,2025-12-05T00:34:22+00:00
7648bfda-f0f8-42a8-b061-38dabd0661a0,4f167669-bc1e-4161-9cd7-c8f20a1812d6,0581305f-6e14-482c-94be-e2a7bab71968,2026-08-25T02:47:30+00:00
8821bc6e-b7c6-4653-956a-11fdbe25139a,4f167669-bc1e-4161-9cd7-c8f20a1812d6,f31ed9a5-371d-40f1-abad-f2898658760d,2026-02-04T00:33:31+00:00
04961dc0-688f-4916-98be-9d6929e776ca,4f167669-bc1e-4161-9cd7-c8f20a1812d6,5ca23f6e-524f-449e-b9d2-a758e70cff73,2025-02-04T13:04:57+00:00
254c42f4-66ea-47e1-8f76-796976e369c5,4f167669-bc1e-4161-9cd7-c8f20a1812d6,e67d37fe-aa3a-4812-8a3a-0cad3700d22f,2024-11-05T21:34:33+00:00
faab8e98-1767-40e5-b52c-71b2076931ec,4f167669-bc1e-4161-9cd7-c8f20a1812d6,904d370b-c057-4076-ab96-6f35351482c2,2025-05-21T10:56:10+00:00
cfe47ef9-636c-452b-ad8e-4a01958e7305,aad7422a-73d9-45d7-85db-19b4df31d5c0,659f0acc-033d-4e42-acb5-b569fa69a743,2024-10-21T10:40:55+00:00
13f32982-a9c7-4e24-bc79-8f96ba736755,9430e7ea-625c-449a-ba98-5efd0f14d9eb,4e2906a0-e445-4567-9bc3-c549a3448137,2024-10-23T21:44:39+00:00
25dc7166-debf-4a73-9c60-63fb2fcda41f,9430e7ea-625c-449a-ba98-5efd0f14d9eb,04ef5bae-6f20-43c1-84c2-80053a99d1b1,2024-11-07T12:28:16+00:00
d93ed2c0-8bee-4a55-85a4-32c4ceec1c56,d17a2b60-fde0-4f45-b495-3d2d64bcf097,d34b2b4a-bc0b-4ffd-83db-00f5cc6c937f,2024-11-26T04:21:38+00:00
a26af51d-e6fd-4457-9a17-304b8a03a918,d17a2b60-fde0-4f45-b495-3d2d64bcf097,743aae1e-e024-4953-a3ae-1413333f514f,2024-10-26T09:24:36+00:00
38c2e1cf-e60f-44b5-9dd2-fe1650160e51,d17a2b60-fde0-4f45-b495-3d2d64bcf097,53cbc155-02f5-409e-90b8-e1d1b8a42be9,2024-12-03T02:46:08+00:00
ab1ed3e2-35cf-495e-9117-7b75011b8587,d17a2b60-fde0-4f45-b495-3d2d64bcf097,d30b8eb3-05ed-4a73-b6e5-042436e46b37,2024-11-04T04:07:45+00:00
d742d51a-548a-407f-bef1-46f80ff9b4fe,d17a2b60-fde0-4f45-b495-3d2d64bcf097,3f7e714c-fb4a-44da-ac98-bf39d35e490e,2026-05-08T19:17:41+00:00
fef44f9e-e57b-400e-b979-1acb542ef248,d17a2b60-fde0-4f45-b495-3d2d64bcf097,f31588a9-6fbc-4f16-a1f0-65bb1970a62f,2026-08-07T22:36:08+00:00
22010d9b-7bb0-4705-a0d2-8b5ef23bebf7,d17a2b60-fde0-4f45-b495-3d2d64bcf097,6e62d7bb-6bda-4ea0-82c5-87c508932975,2025-05-10T22:38:49+00:00
3293d10c-d59a-4f13-9d98-bb754f789cfb,d17a2b60-fde0-4f45-b495-3d2d64bcf097,5c16ef18-8047-4cc4-806c-4ef9df6de907,2025-06-04T13:07:40+00:00
bd81bd05-e0cb-44ef-9b47-80bded36f285,d17a2b60-fde0-4f45-b495-3d2d64bcf097,7d339706-bfcc-4887-91f1-ec63d2d23823,2025-05-25T12:14:06+00:00
c207be6d-9cf4-4d92-9255-43817d776d5a,d17a2b60-fde0-4f45-b495-3d2d64bcf097,e5d66484-0921-411a-aecc-60e791695a29,2026-01-28T04:07:00+00:00
bb32f76f-c1bb-4611-95c6-948c397fdab7,d17a2b60-fde0-4f45-b495-3d2d64bcf097,a83115e6-95d7-4710-8785-ad490862eb1d,2026-07-29T09:47:21+00:00
d37dff63-5d39-4d50-b1e3-c50dd96ab0ed,d17a2b60-fde0-4f45-b495-3d2d64bcf097,e2bc1752-1983-472e-bbd9-c6fae7cac58a,2024-11-13T11:35:30+00:00
7ef8e5df-97de-4829-ab47-1ab1bf695de6,d17a2b60-fde0-4f45-b495-3d2d64bcf097,6cad3973-c23d-4cec-bb0c-6ecf78003373,2026-05-16T21:22:27+00:00
8eee7cf3-9e7d-4870-9c2b-56541d6c063b,d17a2b60-fde0-4f45-b495-3d2d64bcf097,ce6ae59f-fc40-4e17-bf03-66f9d20b800f,2026-05-23T21:43:21+00:00
3f665168-c044-43fa-95e8-169ff70fba2b,d17a2b60-fde0-4f45-b495-3d2d64bcf097,b9468cb9-ed1b-40fe-a021-2f6da1f2925d,2025-04-01T20:49:45+00:00
83ea8cb0-8be7-404a-859b-cbb148d6d426,d17a2b60-fde0-4f45-b495-3d2d64bcf097,86a2d273-34b8-46f0-bdc9-4868692691fa,2025-03-16T01:14:35+00:00
be4b8ffb-b6cd-44e8-a1fe-4a92e3f302a3,d17a2b60-fde0-4f45-b495-3d2d64bcf097,1fa4ca79-e386-4977-9032-f42a85558d36,2026-08-31T07:39:54+00:00
3babc0d9-33d6-496d-af51-c468a412736b,d17a2b60-fde0-4f45-b495-3d2d64bcf097,4f7d3f82-809f-4176-b3bb-245e659f22ab,2025-12-04T03:01:21+00:00
25508d1b-6a24-4e66-8e28-33ad2c73e9fb,d17a2b60-fde0-4f45-b495-3d2d64bcf097,43dbd776-bd4c-4ef1-933a-59af47a589b5,2025-09-10T23:44:49+00:00
c6374f3b-6b12-4da2-a61a-bb9e8a884d5d,d17a2b60-fde0-4f45-b495-3d2d64bcf097,c83332b4-6631-4d8a-bf55-d7b4da6ef7d5,2026-01-03T18:33:10+00:00
16db2806-3bac-4231-878d-6b75d4202b89,d17a2b60-fde0-4f45-b495-3d2d64bcf097,98975cfd-3638-4842-83fd-fb6f839b37d9,2025-04-21T05:12:07+00:00
32a599ef-037d-4e31-a77a-329ec4b92ea8,d17a2b60-fde0-4f45-b495-3d2d64bcf097,717aa351-fab1-415d-aa39-5e7d6202e3d8,2026-06-17T13:16:25+00:00
e4f20a7f-3119-40c8-a321-b939bf8e27cc,9e09d63f-084c-4a53-9e46-73cf55878e7d,0581305f-6e14-482c-94be-e2a7bab71968,2024-11-30T16:44:13+00:00
038b5185-18e6-461a-a12c-9882fd7c35e9,9e09d63f-084c-4a53-9e46-73cf55878e7d,10e5f889-8510-460a-b274-ff42a4b2a3e9,2024-12-09T18:53:03+00:00
6f63efff-4c04-40a7-b9e2-fe7a1038c6de,9e09d63f-084c-4a53-9e46-73cf55878e7d,887b7fc5-3512-427f-b5f1-d0629d72dcf0,2025-03-01T01:43:53+00:00
225b4f0a-f302-4540-956c-85b235d56320,9e09d63f-084c-4a53-9e46-73cf55878e7d,bacf1c32-002e-4d62-8c6c-221609513f2f,2024-10-26T12:55:02+00:00
eafac9af-9f89-45dd-b47f-d8bf3043211e,9e09d63f-084c-4a53-9e46-73cf55878e7d,b0f283a0-c828-4aff-80c1-0fa9a4940b92,2024-10-26T10:29:26+00:00
e2f84f8f-acf7-4a53-8813-8c06be393d88,9e09d63f-084c-4a53-9e46-73cf55878e7d,9fa1bd7e-fe95-4d72-89e0-17853678fb5b,2024-11-15T12:40:33+00:00
4f67e7a9-3206-475e-8e0c-8c57b8456cb9,60d2863e-69e2-4453-a41b-dee0a9e2deb4,a80b24ca-19f4-4796-9a5e-683f4e8f7b14,2024-11-01T17:15:24+00:00
1ceb7a45-d7b7-411d-be19-94cef02ca896,60d2863e-69e2-4453-a41b-dee0a9e2deb4,d34b2b4a-bc0b-4ffd-83db-00f5cc6c937f,2024-11-05T20:07:47+00:00
bff62ca5-4461-4309-8cbe-f56f1fa80d00,60d2863e-69e2-4453-a41b-dee0a9e2deb4,6eaf2004-a475-4bbd-b327-ceb492d267a7,2025-04-27T09:04:00+00:00
149c91e2-ee74-4b90-b0b3-fe413db163fb,60d2863e-69e2-4453-a41b-dee0a9e2deb4,bdd3bd04-7e4b-4d82-816f-dceb5fae55ea,2025-04-27T06:34:23+00:00
67d1a7c0-bca4-4469-a42c-e1594d74a4e8,60d2863e-69e2-4453-a41b-dee0a9e2deb4,b2934820-ad75-476f-ade6-054a7c89f295,2025-04-19T20:22:55+00:00
2b0d5595-cbc6-4022-ab7c-4f56e0a89080,60d2863e-69e2-4453-a41b-dee0a9e2deb4,32a7fe23-fa7e-4905-9afd-b6639736963d,2025-01-25T01:32:39+00:00
c0cf873e-7912-455a-86eb-a85c8d2b341c,60d2863e-69e2-4453-a41b-dee0a9e2deb4,819e531a-e9e2-4d6e-92fc-0f0bf2f0f251,2024-12-06T07:59:54+00:00
e541fd3b-33cd-4f76-b3f5-c380bfe1165d,60d2863e-69e2-4453-a41b-dee0a9e2deb4,ba1fa7b7-1ba1-4dcc-8cde-7e8038432e3d,2024-12-14T20:58:46+00:00
758beb40-fe67-43d5-bf85-84d7a51d0e92,60d2863e-69e2-4453-a41b-dee0a9e2deb4,a83115e6-95d7-4710-8785-ad490862eb1d,2024-10-26T14:40:17+00:00
68fdc30c-3796-4fd4-a69c-52eff30bf054,60d2863e-69e2-4453-a41b-dee0a9e2deb4,7f332889-8032-467d-a20a-a0aadb0a6c98,2025-07-03T16:10:01+00:00
0724a938-dc66-4be0-af56-0dbc39672634,60d2863e-69e2-4453-a41b-dee0a9e2deb4,484b4933-21fa-4a46-904b-33017ff3857f,2024-11-29T04:33:44+00:00
77c2ed23-9064-4b14-8081-82931f495786,60d2863e-69e2-4453-a41b-dee0a9e2deb4,b6be37f9-e731-49e9-b97d-838d7bb58dfd,2025-04-21T19:47:27+00:00
452f0b4d-8b84-4a3d-a7ae-552743ad7148,60d2863e-69e2-4453-a41b-dee0a9e2deb4,6cad3973-c23d-4cec-bb0c-6ecf78003373,2025-06-14T20:13:22+00:00
3ab12a09-b233-4eb3-8a6a-5ccdf1a4bafa,60d2863e-69e2-4453-a41b-dee0a9e2deb4,1af051a4-5fb9-478e-9d62-3279d88a6cff,2026-02-06T23:35:31+00:00
0732c771-a529-41ed-b965-72edddb37f64,60d2863e-69e2-4453-a41b-dee0a9e2deb4,bf6c0e33-5fc6-4e92-8a2d-83065bf149c4,2025-06-06T12:24:01+00:00
2d56d514-7285-4c0d-8945-f48b92eeed30,60d2863e-69e2-4453-a41b-dee0a9e2deb4,323eb581-df66-495e-b4c3-b8d51316dccb,2024-10-26T21:25:30+00:00
d219bdb3-7d1f-4f36-ac6e-465f4912010d,4fd32945-efa7-4828-ab03-fe22f8aad53e,4cf59a7d-3daf-44fe-8e86-aa4389b82fc0,2025-01-03T20:55:32+00:00
8d7c2e5d-e8ae-47b8-a6d5-3801a0c88621,4fd32945-efa7-4828-ab03-fe22f8aad53e,29b08317-6763-47c6-93e5-e9d211886a27,2024-11-06T03:57:27+00:00
5d1e96c1-9ed0-4b8b-acf3-dc3ecce79ca8,4fd32945-efa7-4828-ab03-fe22f8aad53e,e2bc1752-1983-472e-bbd9-c6fae7cac58a,2024-11-15T01:47:12+00:00
505112d3-c164-44c9-8ea1-9076a3b5156e,4fd32945-efa7-4828-ab03-fe22f8aad53e,681a768e-2c15-4f60-b8bb-6613e5d882f5,2025-05-04T15:33:14+00:00
be65e11c-107f-4f6b-b13f-9341b3bc6c5a,4fd32945-efa7-4828-ab03-fe22f8aad53e,443b392f-72a1-4279-ae51-a849f1fedfff,2026-01-29T16:11:11+00:00
11ca9ed2-a6af-40cb-b9cf-700534b067b3,4fd32945-efa7-4828-ab03-fe22f8aad53e,0474d78b-b695-4c1a-967f-6fc9587ddc43,2025-04-28T01:39:18+00:00
6e0804e3-50fb-4695-980d-b92cc680a05f,4fd32945-efa7-4828-ab03-fe22f8aad53e,6236d33d-7b57-486d-81e8-a247d50fa2a4,2024-11-04T08:04:27+00:00
19e657a8-4239-481d-b3e5-00f387179b04,4fd32945-efa7-4828-ab03-fe22f8aad53e,323eb581-df66-495e-b4c3-b8d51316dccb,2024-12-24T11:08:06+00:00
0b053570-db5f-4455-8611-934309836393,41383e52-07a0-4d7f-8d71-c07ac8439446,fba653f1-56a1-4e32-b3a6-1205a8a2e461,2024-11-23T04:38:33+00:00
8b9f612b-ecbe-4860-892d-47339b89fa27,41383e52-07a0-4d7f-8d71-c07ac8439446,9fa1bd7e-fe95-4d72-89e0-17853678fb5b,2024-11-04T22:32:36+00:00
eb2b26a7-f6d9-4878-ac53-d5717f94b8fc,41383e52-07a0-4d7f-8d71-c07ac8439446,b6be37f9-e731-49e9-b97d-838d7bb58dfd,2025-07-29T09:03:44+00:00
a8847038-7076-4f58-be77-b5e64f60a123,41383e52-07a0-4d7f-8d71-c07ac8439446,3508da09-a51b-4ff3-8e0e-ee486e956b89,2024-11-10T02:14:59+00:00
9a9cdb9f-82ad-4060-a3b6-90f319971465,41383e52-07a0-4d7f-8d71-c07ac8439446,8c0f035c-ed24-4e92-9e38-7d7562011845,2025-04-09T21:18:44+00:00
d5dfad9b-348c-42a5-a497-976e1afe0e0a,41383e52-07a0-4d7f-8d71-c07ac8439446,189077b3-db48-4236-959d-98880fad6d57,2024-11-04T05:25:43+00:00
3bb439e2-c0fc-452d-a366-ac021e6999a2,41383e52-07a0-4d7f-8d71-c07ac8439446,cdcd2f90-549e-4f8a-a600-5ffc9f8c2d74,2024-12-30T05:29:03+00:00
1ac274ce-75b6-4156-a193-6e476bf6bb6b,41383e52-07a0-4d7f-8d71-c07ac8439446,c6fd42f0-6060-47cf-a8e8-e24dcaee7d26,2025-07-13T05:51:53+00:00
85ec4bf5-73d5-4f19-9d02-fbcef2d847d4,41383e52-07a0-4d7f-8d71-c07ac8439446,a1e4b04f-3354-4716-9914-0e447f91fb26,2025-05-02T18:29:48+00:00
0d436fb6-4ad9-4896-a3ec-8fdce5013c79,41383e52-07a0-4d7f-8d71-c07ac8439446,6d1577ed-1dc7-4670-a35e-7ee03d6217a2,2026-09-01T04:59:37+00:00
26d4bf10-0656-4fa1-899e-a17bc80b50b5,41383e52-07a0-4d7f-8d71-c07ac8439446,c61cd5a4-1592-4718-9dc9-3a026d2fe8c2,2026-03-16T11:18:37+00:00
fe53f35e-2523-433a-9456-76c458b6004e,41383e52-07a0-4d7f-8d71-c07ac8439446,e0ac1371-730b-4fd6-8af4-80859ee0ade7,2025-01-13T09:13:33+00:00
385ff56a-a697-4b72-9a1d-6f100472e2cd,41383e52-07a0-4d7f-8d71-c07ac8439446,5ab1b529-4f5e-42a1-8f82-f88bad579d46,2025-02-26T17:07:21+00:00
3cbe81f6-cf64-4f7a-be8a-cccfe7ec3cb9,41383e52-07a0-4d7f-8d71-c07ac8439446,0581305f-6e14-482c-94be-e2a7bab71968,2025-01-30T07:37:17+00:00
35d7f278-e95e-4124-acd1-48ab60ba21f6,41383e52-07a0-4d7f-8d71-c07ac8439446,ded797b6-afed-4f9c-8ae0-35b3c61aa0e4,2025-01-08T01:38:20+00:00
7fa7767d-89c7-4afe-9079-c173c7d3bc91,41383e52-07a0-4d7f-8d71-c07ac8439446,71938832-5c59-49e3-be85-9acbd7ca55ba,2024-11-11T20:51:23+00:00
bca8329f-76bb-43e9-bc5d-1e89dfa499a2,41383e52-07a0-4d7f-8d71-c07ac8439446,34441c15-0467-4b92-b3ab-8deb1054c830,2024-12-23T18:17:02+00:00
e989a23b-b02f-4272-bdc1-6734b3a708ef,41383e52-07a0-4d7f-8d71-c07ac8439446,e5f76da6-068a-4b15-bb2c-649e314a26ed,2024-12-09T00:05:40+00:00
a2e83d56-a70d-4534-bdd5-40dd0042316c,41383e52-07a0-4d7f-8d71-c07ac8439446,04ef5bae-6f20-43c1-84c2-80053a99d1b1,2025-01-17T08:49:09+00:00
178df641-fb35-416f-ae24-e78db6a3ba2a,41383e52-07a0-4d7f-8d71-c07ac8439446,4001ae90-9c14-4032-81bc-8fd67f67e21c,2026-02-10T11:13:22+00:00
cb13483f-655e-43a6-a36c-5554bd971a5c,41383e52-07a0-4d7f-8d71-c07ac8439446,bc9cbd74-f51e-47e9-ba77-1f2c017e9cca,2024-12-04T03:30:32+00:00
782019f2-624a-41b7-8995-c780e4a7b8bc,41383e52-07a0-4d7f-8d71-c07ac8439446,b0f283a0-c828-4aff-80c1-0fa9a4940b92,2025-01-31T01:54:44+00:00
376625a6-5dc4-41ae-a8f1-5bef0c280572,41383e52-07a0-4d7f-8d71-c07ac8439446,f91ff251-1181-4bdc-acdc-09ddd07c0f6b,2025-01-16T19:24:56+00:00
49d61c83-d8a7-4469-a860-a0ff7af2598b,41383e52-07a0-4d7f-8d71-c07ac8439446,cbcba9e3-129e-437d-adc8-13aae5e788ac,2024-12-11T05:23:44+00:00
ea47324e-f40f-4df0-a906-8962b43812e2,41383e52-07a0-4d7f-8d71-c07ac8439446,b9468cb9-ed1b-40fe-a021-2f6da1f2925d,2024-11-19T18:37:38+00:00
a8db2da2-7385-4ccf-a600-8ee216b6533f,41383e52-07a0-4d7f-8d71-c07ac8439446,1c53189a-7903-4dcb-97d6-29489110198e,2025-01-23T13:29:28+00:00
f9adb7e6-1c9c-4a85-963c-cebb1e4c73d6,b6c80d64-e4a2-4739-9f4f-ddd7c47db6d6,8d0a4127-34d4-4cb0-ab2c-8a44732c4636,2025-04-01T01:51:22+00:00
82110c94-8f8f-4b89-9db8-bbae8d5b9c1a,b6c80d64-e4a2-4739-9f4f-ddd7c47db6d6,04ef5bae-6f20-43c1-84c2-80053a99d1b1,2025-08-03T14:36:08+00:00
86283a92-8974-4781-ad94-889d1261da97,b6c80d64-e4a2-4739-9f4f-ddd7c47db6d6,93a7f915-e31d-4603-af28-13fe5ff23ac3,2025-08-24T23:19:07+00:00
c5c3d96d-05bb-4b4d-b08e-3dd6f7ce208e,b6c80d64-e4a2-4739-9f4f-ddd7c47db6d6,2ba2f93e-b90a-4582-9c0b-561477ec2dd4,2025-08-20T23:07:55+00:00
225685a8-dbc5-4564-82f2-ffeb46c38825,b6c80d64-e4a2-4739-9f4f-ddd7c47db6d6,5ea6cfc5-5580-466a-8582-a6031555d76d,2026-03-11T19:20:21+00:00
38ddb388-745c-41c4-be5c-574fa574f0e7,b6c80d64-e4a2-4739-9f4f-ddd7c47db6d6,ded797b6-afed-4f9c-8ae0-35b3c61aa0e4,2026-03-19T06:31:33+00:00
9ae9629b-7ba5-4cdf-9b7c-21d93698c6e7,b6c80d64-e4a2-4739-9f4f-ddd7c47db6d6,c3e6de0b-ae0e-464a-aeef-51bebdd50073,2024-11-23T18:20:30+00:00
15dca0d8-57d8-4d39-be7a-7b5276099de8,b6c80d64-e4a2-4739-9f4f-ddd7c47db6d6,189077b3-db48-4236-959d-98880fad6d57,2025-11-19T08:01:23+00:00
45b0c233-8952-44ec-924c-843ad237d332,b6c80d64-e4a2-4739-9f4f-ddd7c47db6d6,ec6a23be-ddf8-411b-a001-feea58a50c51,2024-11-10T22:52:33+00:00
4b3d557a-8a88-458b-b491-8f34c3263ce4,b6c80d64-e4a2-4739-9f4f-ddd7c47db6d6,02126d92-72ee-409c-9e6c-a2e4d9f83a6b,2025-06-16T05:51:40+00:00
78b65c68-5c1d-4880-936d-b15f59b4a894,b6c80d64-e4a2-4739-9f4f-ddd7c47db6d6,819e531a-e9e2-4d6e-92fc-0f0bf2f0f251,2024-12-03T05:43:34+00:00
7eba31eb-538f-461b-927c-90346c778655,b6c80d64-e4a2-4739-9f4f-ddd7c47db6d6,74375a59-e8c7-406f-8580-d46c74187dc9,2026-07-04T07:32:51+00:00
32ab118d-c674-44e0-8002-d2b7d15cd947,b6c80d64-e4a2-4739-9f4f-ddd7c47db6d6,0474d78b-b695-4c1a-967f-6fc9587ddc43,2025-08-14T11:17:47+00:00
02f77022-50c2-43a6-aef2-1fb2d3b30a68,b6c80d64-e4a2-4739-9f4f-ddd7c47db6d6,d70b90fa-8a9d-408e-b442-7d148a6095e5,2025-02-22T10:44:24+00:00
29d38f5d-2462-4e2a-b994-8794ebdff4cb,b6c80d64-e4a2-4739-9f4f-ddd7c47db6d6,bf74e9cf-5b79-495b-8c29-2dec4918a0c9,2026-03-03T04:31:08+00:00
e4cda1e5-a94d-409f-807e-a26a9769b347,b6c80d64-e4a2-4739-9f4f-ddd7c47db6d6,6dae0af9-c881-473c-a919-489118789e0d,2026-07-28T01:51:38+00:00
38cfa546-2825-425c-bfb1-8b5139af833e,b6c80d64-e4a2-4739-9f4f-ddd7c47db6d6,e2bc1752-1983-472e-bbd9-c6fae7cac58a,2025-01-03T01:57:39+00:00
191ed615-6399-4f28-a9ce-c2ab4e334c62,b6c80d64-e4a2-4739-9f4f-ddd7c47db6d6,ce36aea6-fdbd-41f0-af71-96972ce4d5d1,2026-01-05T20:04:36+00:00
c06fb7ae-226b-4a8c-b8f7-1ba1bb050ee0,b6c80d64-e4a2-4739-9f4f-ddd7c47db6d6,b2ebd1c7-416b-4645-a522-88f29c4fd3fa,2025-09-10T16:53:59+00:00
5f8aa850-0c3d-4369-ba43-b40a4498b2e5,b6c80d64-e4a2-4739-9f4f-ddd7c47db6d6,529918b7-4817-40fc-b552-52aa5098a29e,2026-05-05T13:35:39+00:00
6bdec2da-d950-4c04-8ac9-caaac7eb7314,b6c80d64-e4a2-4739-9f4f-ddd7c47db6d6,42688444-55cc-483b-a92c-df6777013516,2024-11-08T16:27:50+00:00
f992eca5-9f98-4b3c-a24f-e85be191f5f4,c8b59a17-191d-4c66-a0b0-9cc8b21d1703,5d717b99-735c-4981-87a3-225adde8acea,2024-11-10T07:39:43+00:00
7f55f9dd-7d98-48b3-8da9-476e84b6c8ac,c8b59a17-191d-4c66-a0b0-9cc8b21d1703,e67d37fe-aa3a-4812-8a3a-0cad3700d22f,2024-11-07T21:01:43+00:00
e01f4656-9f6b-4f17-a229-8ed9ba5ea497,c8b59a17-191d-4c66-a0b0-9cc8b21d1703,5ab1b529-4f5e-42a1-8f82-f88bad579d46,2025-08-13T10:28:16+00:00
60aaad54-481a-4ed1-9c98-407ecb3a8760,c8b59a17-191d-4c66-a0b0-9cc8b21d1703,94d89ccb-983f-49df-97a7-1886973331bd,2026-03-29T15:40:57+00:00
fb6a442c-6133-4611-946e-a3db2b4e1bce,c8b59a17-191d-4c66-a0b0-9cc8b21d1703,ba4e0520-1425-44b4-ba42-764ccd9799f7,2026-05-15T05:46:40+00:00
acb28686-d755-4e8e-9dce-9dbea9b989c4,c8b59a17-191d-4c66-a0b0-9cc8b21d1703,659f0acc-033d-4e42-acb5-b569fa69a743,2024-11-13T04:55:18+00:00
76e2aa75-9394-44a9-9c83-a52bd163f521,c8b59a17-191d-4c66-a0b0-9cc8b21d1703,b2934820-ad75-476f-ade6-054a7c89f295,2024-12-15T07:04:44+00:00
52985526-a38b-4dd8-9453-c8e71825c3eb,dc464101-f7a2-4647-95c3-0292397e7d0f,536e9f2a-3aad-4928-9766-ddb2f2ce04bb,2025-05-30T08:44:02+00:00
9aadb8f5-fac7-49f9-91bc-af8f75126af1,dc464101-f7a2-4647-95c3-0292397e7d0f,904d370b-c057-4076-ab96-6f35351482c2,2026-07-20T06:22:32+00:00
ae529ed2-36e8-4410-a3b7-350a4afb5a15,dc464101-f7a2-4647-95c3-0292397e7d0f,b79ed613-8b3e-476e-8337-9d3542f26656,2026-08-09T02:18:17+00:00
1fb9e097-c2af-4587-b0fc-9dc89f36a172,dc464101-f7a2-4647-95c3-0292397e7d0f,99348a51-08e9-4760-8822-b2f8debef37f,2025-11-24T03:08:56+00:00
e03637e5-3df9-4f19-aa68-f6b097b7e89e,dc464101-f7a2-4647-95c3-0292397e7d0f,4cf59a7d-3daf-44fe-8e86-aa4389b82fc0,2025-11-13T16:11:29+00:00
6e12b619-b43b-4b40-9902-23a94269d6cf,dc464101-f7a2-4647-95c3-0292397e7d0f,57d2ea34-ccda-48c1-82da-d0d973b20d87,2024-12-07T00:52:53+00:00
e47dca28-cc1c-4b31-aae7-c6b2707475d1,dc464101-f7a2-4647-95c3-0292397e7d0f,bb3f9ce6-0a1f-4b57-afad-55266a6686f8,2025-10-07T12:08:22+00:00
ee48f3be-d646-453c-b43b-facafdbd4511,dc464101-f7a2-4647-95c3-0292397e7d0f,d34b2b4a-bc0b-4ffd-83db-00f5cc6c937f,2024-12-07T06:45:51+00:00
d5cf8bf9-e15f-44aa-a321-8ea9ea36994b,dc464101-f7a2-4647-95c3-0292397e7d0f,c60fc12d-ef3b-47a2-b08d-d35daaa0261f,2026-08-02T09:27:48+00:00
564f5b00-bca3-4935-9d48-dc8fe899c328,dc464101-f7a2-4647-95c3-0292397e7d0f,6695a266-c3cd-43a7-a7fb-fcac77328615,2024-11-10T22:39:22+00:00
6d98b887-c9e0-48e7-ab6c-bde4b03a9545,dc464101-f7a2-4647-95c3-0292397e7d0f,f7318ac8-5529-4cd7-98ea-c6b5c629b8b2,2024-11-11T05:35:46+00:00
c5693d35-ba2c-4993-993c-b56eaf6582d7,dc464101-f7a2-4647-95c3-0292397e7d0f,19dfffd3-69fe-4589-9939-0de48e436817,2025-12-29T19:48:10+00:00
384c07a0-9837-4595-bf69-0a33e596fbbc,dc464101-f7a2-4647-95c3-0292397e7d0f,ec6a23be-ddf8-411b-a001-feea58a50c51,2024-12-15T10:37:01+00:00
05bc0b2c-d90b-493b-bc69-e449ca969b08,dc464101-f7a2-4647-95c3-0292397e7d0f,e0ac1371-730b-4fd6-8af4-80859ee0ade7,2024-11-10T16:05:08+00:00
560730e6-7044-4914-bd4a-9ce415c6187b,dc464101-f7a2-4647-95c3-0292397e7d0f,d24b23ee-291d-4c2f-8c3a-ce1251c2c3d8,2025-07-10T13:10:33+00:00
6e25466a-499d-465b-8004-2f8237959251,a04779ce-e575-49c6-b1c6-eb3056cd05c5,dd31032b-6dd2-426d-bfc1-f03e9f5eefa1,2024-12-01T10:52:41+00:00
d2a38995-1773-40ad-af6c-17dd8412d5cd,73a9cb41-a61e-40b6-9f12-16f380f74177,e818f248-82e9-43bc-9ab7-27d5be02776b,2026-07-26T00:42:46+00:00
ab3c27b2-813f-4a8b-864c-5e93eb4cce5c,73a9cb41-a61e-40b6-9f12-16f380f74177,5ab1b529-4f5e-42a1-8f82-f88bad579d46,2026-07-26T16:28:58+00:00
c78e7c61-3c88-4a88-aaa7-f8e4719510ef,1fe784bc-6f30-4833-9ae6-4fcb0f296313,4baa25b9-1700-4782-a80b-d9e663939f70,2025-04-06T09:43:54+00:00
0a940fc1-ab81-47f7-ad25-284a590d98e5,1fe784bc-6f30-4833-9ae6-4fcb0f296313,cdcd2f90-549e-4f8a-a600-5ffc9f8c2d74,2025-07-27T19:24:23+00:00
b21a7ee8-b3ad-499c-82f1-f23e1ab09c71,1fe784bc-6f30-4833-9ae6-4fcb0f296313,3ae23a73-75a2-49e9-b24e-8c3459016993,2024-11-18T01:04:49+00:00
280d87ce-16f9-4bb7-a9a3-b95d325d111c,1fe784bc-6f30-4833-9ae6-4fcb0f296313,828a88f5-8cb3-48a8-9e07-3db32ed9a35d,2025-06-14T14:14:27+00:00
ec293168-204d-4054-bc51-0d29385202aa,1fe784bc-6f30-4833-9ae6-4fcb0f296313,7d2e833a-8242-43a6-93ca-e79df0b2cd59,2025-05-31T13:10:08+00:00
49d49059-4458-4c4c-87ed-b62a316d8a6c,1fe784bc-6f30-4833-9ae6-4fcb0f296313,e33923d4-ae33-4f20-93b4-4927825fa9f9,2024-12-18T03:24:34+00:00
deab57c8-579e-45fc-83cc-093bd966b18c,1fe784bc-6f30-4833-9ae6-4fcb0f296313,780c8367-fbe3-4f3e-bb65-e449f49742c2,2026-02-04T19:16:44+00:00
6c502c9d-7479-4dcc-8508-60ca9f363c08,1fe784bc-6f30-4833-9ae6-4fcb0f296313,e1ed7e6e-8e69-4089-a848-80cc71f34ee0,2025-06-02T18:50:38+00:00
ae28a2f3-381d-4f91-9e38-8db19ed78774,1fe784bc-6f30-4833-9ae6-4fcb0f296313,4cf59a7d-3daf-44fe-8e86-aa4389b82fc0,2025-02-13T03:30:17+00:00
a6a81a79-3a3b-4ed9-8b2b-a3ff065d69db,1fe784bc-6f30-4833-9ae6-4fcb0f296313,b2934820-ad75-476f-ade6-054a7c89f295,2025-09-18T14:32:35+00:00
af3159bc-c457-4759-8426-321ddc08e06d,1fe784bc-6f30-4833-9ae6-4fcb0f296313,8c0f035c-ed24-4e92-9e38-7d7562011845,2025-02-05T13:33:25+00:00
86131684-79b4-4a80-917c-cc21b075d320,1fe784bc-6f30-4833-9ae6-4fcb0f296313,ded797b6-afed-4f9c-8ae0-35b3c61aa0e4,2024-12-12T03:24:54+00:00
edd70959-0fbd-4afc-97d0-081edd487f10,1fe784bc-6f30-4833-9ae6-4fcb0f296313,b3756f66-bc0a-4be7-b18e-d5a43ae2cb20,2025-03-24T13:22:17+00:00
b54797b4-bc80-40d6-879f-4612c72c693c,1fe784bc-6f30-4833-9ae6-4fcb0f296313,1755328b-9010-4f07-b351-51bc6d8e8e7e,2026-03-16T01:59:53+00:00
b3649a38-5ac0-429c-b6c2-f1cf910be814,1fe784bc-6f30-4833-9ae6-4fcb0f296313,f91ff251-1181-4bdc-acdc-09ddd07c0f6b,2025-03-09T19:05:32+00:00
052292f0-aed2-4b3a-a5f3-9e4eda6895f2,1fe784bc-6f30-4833-9ae6-4fcb0f296313,b60473a7-fc1d-48a6-b979-2e6c324f1b4c,2025-08-14T03:11:13+00:00
45f91b97-da9b-4326-ae2d-31156534feac,1fe784bc-6f30-4833-9ae6-4fcb0f296313,9fa1bd7e-fe95-4d72-89e0-17853678fb5b,2024-11-26T05:02:02+00:00
2c6dd35d-79ef-437a-9c70-4c3557a6b263,1fe784bc-6f30-4833-9ae6-4fcb0f296313,ceb5b100-6d16-4a2c-a1ac-94145b871907,2026-01-31T12:58:14+00:00
ed2ce856-893f-4bee-a2ef-639530a1f806,1fe784bc-6f30-4833-9ae6-4fcb0f296313,fe1dae52-39dc-4990-be70-ac03aa8ee90a,2026-04-08T01:43:49+00:00
4ef25c2d-67d4-4445-b71f-df92ffcd2306,1fe784bc-6f30-4833-9ae6-4fcb0f296313,c60fc12d-ef3b-47a2-b08d-d35daaa0261f,2024-11-30T18:04:56+00:00
56947fbc-c5d3-4ffa-adb1-ff45b48dd9c0,1fe784bc-6f30-4833-9ae6-4fcb0f296313,a80b24ca-19f4-4796-9a5e-683f4e8f7b14,2026-02-02T08:53:45+00:00
c57e4c1c-ff70-4067-af2c-1f2783055340,1fe784bc-6f30-4833-9ae6-4fcb0f296313,0474d78b-b695-4c1a-967f-6fc9587ddc43,2025-10-04T21:31:12+00:00
abaafefb-7902-418c-b8d1-e1213250c787,1fe784bc-6f30-4833-9ae6-4fcb0f296313,74d3f6c0-8cd8-42de-be07-4e633a9879a2,2025-10-06T15:23:23+00:00
c3731927-d106-4028-aa8c-2d56d6c9aee6,1fe784bc-6f30-4833-9ae6-4fcb0f296313,ab56d43e-6b4a-43a3-9b6c-f3bae36c4bb6,2024-12-28T17:43:35+00:00
dfdd0dc9-0338-40e1-a22b-b74bc7ae6031,9ea3c6f7-4487-41ed-a786-3cbcc74116d2,443b392f-72a1-4279-ae51-a849f1fedfff,2025-06-07T05:59:04+00:00
ed136650-4102-456d-9dfd-4f2b248b04b0,9ea3c6f7-4487-41ed-a786-3cbcc74116d2,e984c74d-dd4a-466b-b93f-7f517e76b6c7,2025-06-25T15:56:55+00:00
4f0ca3fa-ca27-46ab-9660-80833516fb67,9ea3c6f7-4487-41ed-a786-3cbcc74116d2,c3e6de0b-ae0e-464a-aeef-51bebdd50073,2024-12-30T11:24:45+00:00
3b0f8d10-29d2-4556-8098-4ae03f1c564f,9ea3c6f7-4487-41ed-a786-3cbcc74116d2,e4ea0bbe-fdc0-4311-bef4-bcb809a9a630,2026-01-26T11:33:05+00:00
5b4b7951-90d3-4cd6-a4b3-082666058f9d,9ea3c6f7-4487-41ed-a786-3cbcc74116d2,5ca23f6e-524f-449e-b9d2-a758e70cff73,2024-12-20T13:14:47+00:00
6ad8ef37-358c-4fb1-9d41-7c54fc16c04c,df494339-a0af-4af8-b065-29d7ae47f220,819e531a-e9e2-4d6e-92fc-0f0bf2f0f251,2025-08-28T06:18:23+00:00
273164e3-fb90-493c-811e-6ed475588117,df494339-a0af-4af8-b065-29d7ae47f220,74375a59-e8c7-406f-8580-d46c74187dc9,2024-12-21T01:17:56+00:00
1a2b609c-5140-4db3-abf2-13878f41d64d,df494339-a0af-4af8-b065-29d7ae47f220,1af051a4-5fb9-478e-9d62-3279d88a6cff,2026-01-31T08:27:52+00:00
fb44a5f0-1f68-49bb-804f-f63dba5bc18c,df494339-a0af-4af8-b065-29d7ae47f220,2025475c-1545-4632-8937-5fe6f57953a0,2025-11-30T22:13:55+00:00
2a38f2d9-f166-41a3-a81e-bf2c79110ceb,df494339-a0af-4af8-b065-29d7ae47f220,904d370b-c057-4076-ab96-6f35351482c2,2026-03-24T21:48:53+00:00
a8df2759-0582-40eb-8a71-dc691488e5ba,df494339-a0af-4af8-b065-29d7ae47f220,e7f25965-2024-4c9f-a575-caa1e7bc13df,2025-05-18T22:33:42+00:00
a31ce738-2357-4a0b-84ef-0c2f8c9a2c59,df494339-a0af-4af8-b065-29d7ae47f220,42688444-55cc-483b-a92c-df6777013516,2025-01-06T03:52:58+00:00
2542bde7-8b43-4074-a3c8-023ec6b024b7,df494339-a0af-4af8-b065-29d7ae47f220,630fe4a8-7f3f-4f97-93c1-03feb895bbd5,2025-12-19T09:23:02+00:00
9f662d38-6d9e-43c2-ad96-606f8a2ae2bd,df494339-a0af-4af8-b065-29d7ae47f220,0581305f-6e14-482c-94be-e2a7bab71968,2024-11-21T15:36:35+00:00
ae7691d9-a2cc-42b4-b476-e9f1146a859e,df494339-a0af-4af8-b065-29d7ae47f220,6695a266-c3cd-43a7-a7fb-fcac77328615,2024-12-20T17:09:43+00:00
d4bbdcbd-4380-46ee-8488-4e969871cf32,df494339-a0af-4af8-b065-29d7ae47f220,eb37e445-ad15-450f-aac9-165635b7ef7b,2025-02-15T15:21:57+00:00
84edac28-cf8d-4eac-8a31-3178ceabf82c,df494339-a0af-4af8-b065-29d7ae47f220,fba653f1-56a1-4e32-b3a6-1205a8a2e461,2025-06-20T14:03:54+00:00
26531d76-76f1-442f-9d60-a4a06d516ec1,df494339-a0af-4af8-b065-29d7ae47f220,917bdd4a-0545-41ea-8bbb-c3ec512a6c48,2026-03-06T01:05:36+00:00
44384c45-e370-4287-afd3-8aced74ba587,df494339-a0af-4af8-b065-29d7ae47f220,51910d94-7df2-4595-be53-5b43cb379762,2026-01-26T02:07:07+00:00
4e5e6549-7f2b-4fc6-9ec9-bff77b2420fd,df494339-a0af-4af8-b065-29d7ae47f220,2709bb2d-e639-44c0-920f-80a9f4c4955e,2025-05-11T03:09:59+00:00
406569f7-9d97-4bcd-9e03-ce3f1d9d20ae,df494339-a0af-4af8-b065-29d7ae47f220,f87b345a-0777-46fc-865a-b76dacc1e90a,2026-04-18T18:12:34+00:00
e41cce89-47aa-4c75-8a43-cbb5374eafad,df494339-a0af-4af8-b065-29d7ae47f220,fd24cb3c-d535-4d3e-8f20-04616346c1f3,2025-05-14T17:40:29+00:00
0a0032a6-b47c-4dcf-98a5-924cfb29e571,f24de249-4a3a-48b6-a1ed-031d33049871,4cf59a7d-3daf-44fe-8e86-aa4389b82fc0,2024-12-10T23:34:49+00:00
16081710-dca1-4690-9214-515eeefac9b8,f24de249-4a3a-48b6-a1ed-031d33049871,4e2906a0-e445-4567-9bc3-c549a3448137,2024-11-28T07:13:20+00:00
56d364ad-b96e-4dc4-86c2-1d889c75c45d,f24de249-4a3a-48b6-a1ed-031d33049871,76948275-fc48-4c3e-b731-4436f90cd800,2025-10-13T01:55:57+00:00
57f17fac-ad01-4e23-8591-623950cdc2e1,f24de249-4a3a-48b6-a1ed-031d33049871,6cad3973-c23d-4cec-bb0c-6ecf78003373,2025-07-15T07:12:14+00:00
68c7c844-f88e-423b-a842-83ff3334724f,f24de249-4a3a-48b6-a1ed-031d33049871,d34b2b4a-bc0b-4ffd-83db-00f5cc6c937f,2025-07-25T21:33:21+00:00
c0fed335-b0fb-4b3b-aa2b-cdc7db943335,f24de249-4a3a-48b6-a1ed-031d33049871,323eb581-df66-495e-b4c3-b8d51316dccb,2024-12-01T09:08:17+00:00
7aa3b459-4ebc-4e7b-891a-169b6f92555b,f24de249-4a3a-48b6-a1ed-031d33049871,5d717b99-735c-4981-87a3-225adde8acea,2025-01-15T01:44:20+00:00
e03d1ce7-1409-46bf-b8bf-79dbfa1c3a5e,f24de249-4a3a-48b6-a1ed-031d33049871,32a7fe23-fa7e-4905-9afd-b6639736963d,2025-08-17T21:02:31+00:00
59c53758-5a09-4276-a86c-35b5aa360466,f24de249-4a3a-48b6-a1ed-031d33049871,fba653f1-56a1-4e32-b3a6-1205a8a2e461,2024-12-07T19:49:18+00:00
476d935e-18e3-4034-9a13-1d0a891752f1,f24de249-4a3a-48b6-a1ed-031d33049871,74375a59-e8c7-406f-8580-d46c74187dc9,2024-11-25T03:04:42+00:00
41da3dd3-b4e7-46bc-abfe-7c0d9be0297c,f24de249-4a3a-48b6-a1ed-031d33049871,b2e205f3-a921-447a-b55e-53d5b2d86de3,2026-03-18T21:14:17+00:00
8f1e8bdd-6b44-4f80-b00b-0bb6db627699,f24de249-4a3a-48b6-a1ed-031d33049871,a2a97c5b-d72e-47bb-a8b8-355fcf007b68,2025-02-14T01:55:00+00:00
c9eaa953-1aab-4199-9eb1-b8c2bbfb0f75,f24de249-4a3a-48b6-a1ed-031d33049871,34441c15-0467-4b92-b3ab-8deb1054c830,2025-02-11T22:22:32+00:00
f569b949-9238-447c-8fca-ce27cbab1738,f24de249-4a3a-48b6-a1ed-031d33049871,43dbd776-bd4c-4ef1-933a-59af47a589b5,2025-05-11T16:28:49+00:00
fcb0840a-2c68-4b40-aa25-2930feca27fb,f24de249-4a3a-48b6-a1ed-031d33049871,e5f76da6-068a-4b15-bb2c-649e314a26ed,2025-01-19T04:38:43+00:00
aee5e9f4-3953-4b58-b046-5c95600b71c1,f24de249-4a3a-48b6-a1ed-031d33049871,2b77ffd4-2ea9-47fb-b996-21cee3b20d07,2025-10-27T00:41:11+00:00
fb59f611-4bf5-40d9-8cca-23e28d9c846b,f24de249-4a3a-48b6-a1ed-031d33049871,feb4d905-0b79-4ac5-9d53-4c64f8023f17,2025-07-06T20:30:35+00:00
ca01178f-6e42-4bb4-a0a8-883bfd94b0b5,f24de249-4a3a-48b6-a1ed-031d33049871,53cbc155-02f5-409e-90b8-e1d1b8a42be9,2024-11-26T01:23:17+00:00
beeda115-783b-4bf7-9b8f-1a898ad2f6f3,f24de249-4a3a-48b6-a1ed-031d33049871,e33923d4-ae33-4f20-93b4-4927825fa9f9,2024-12-16T17:19:05+00:00
edc3abb6-124e-4a01-85a4-9a5fa35eda92,f24de249-4a3a-48b6-a1ed-031d33049871,e984c74d-dd4a-466b-b93f-7f517e76b6c7,2025-02-22T16:10:05+00:00
5d473746-49b9-4fb8-9a8a-3e3ffeafb8f6,f24de249-4a3a-48b6-a1ed-031d33049871,767703ae-4d74-4728-ae3f-a80c8b6ead76,2025-12-10T12:07:30+00:00
89716094-9a43-4a2a-87eb-7e8ecfbc6d41,f24de249-4a3a-48b6-a1ed-031d33049871,c60fc12d-ef3b-47a2-b08d-d35daaa0261f,2024-11-28T18:13:59+00:00
c5d9826f-9d1d-4e37-9f88-72c615578842,f24de249-4a3a-48b6-a1ed-031d33049871,189077b3-db48-4236-959d-98880fad6d57,2024-11-27T03:58:06+00:00
61ae53c4-8cbb-4124-8083-4cd3bb540321,f24de249-4a3a-48b6-a1ed-031d33049871,b000127a-7ff3-4aba-9f9f-56872787d1ed,2024-12-25T21:55:54+00:00
0609c74f-4d08-48a6-81a5-6bc338f485ba,f24de249-4a3a-48b6-a1ed-031d33049871,d97c38cc-0971-42dd-869d-988ad7864fdb,2025-09-05T00:20:40+00:00
4644340d-695c-4854-8156-b89be36585c8,f24de249-4a3a-48b6-a1ed-031d33049871,c3e6de0b-ae0e-464a-aeef-51bebdd50073,2025-08-13T12:36:22+00:00
9e6525ff-e411-4d55-928a-fdecdd6c161e,f24de249-4a3a-48b6-a1ed-031d33049871,a83115e6-95d7-4710-8785-ad490862eb1d,2025-03-03T10:59:11+00:00
a3f53541-f8dd-40ff-bc46-878e366e5ef5,f24de249-4a3a-48b6-a1ed-031d33049871,54a2a625-bd21-4b18-9846-ae29de006ea2,2026-07-17T06:11:20+00:00
eae35802-f1cb-4bd6-90b9-bcd9276a6277,f24de249-4a3a-48b6-a1ed-031d33049871,37390ee9-6f2d-4d2e-b299-70e58443cd04,2025-05-15T14:11:55+00:00
49e9ea4d-3275-4b4f-8730-950adca72b9f,f24de249-4a3a-48b6-a1ed-031d33049871,e5d66484-0921-411a-aecc-60e791695a29,2025-08-26T23:21:56+00:00
d58921ff-2344-4315-8d9e-edc185b139f1,f24de249-4a3a-48b6-a1ed-031d33049871,71938832-5c59-49e3-be85-9acbd7ca55ba,2025-05-01T00:08:04+00:00
b3b21109-4f59-4325-88c2-bf3453ce0d51,f24de249-4a3a-48b6-a1ed-031d33049871,10052c3a-4cb2-4d00-a0bc-2b3ec6334ca5,2025-05-13T14:28:27+00:00
20d2e981-da70-4d38-9c80-60e7bf7e94d9,f24de249-4a3a-48b6-a1ed-031d33049871,ba1fa7b7-1ba1-4dcc-8cde-7e8038432e3d,2024-12-04T11:57:02+00:00
34877f05-e0a5-4c17-842e-aab9f6a6e233,f24de249-4a3a-48b6-a1ed-031d33049871,b2ebd1c7-416b-4645-a522-88f29c4fd3fa,2025-02-07T04:13:58+00:00
108f9cc2-7685-4db9-87e6-09e3e6cab7e9,199647d8-0522-41da-b006-85769c6e660f,484b4933-21fa-4a46-904b-33017ff3857f,2024-11-27T03:31:48+00:00
05939aea-94df-45dc-a06d-c53a245dadca,199647d8-0522-41da-b006-85769c6e660f,ded797b6-afed-4f9c-8ae0-35b3c61aa0e4,2024-12-15T12:46:28+00:00
8807602f-cbfa-43f5-839f-fd0a26fee306,199647d8-0522-41da-b006-85769c6e660f,6236d33d-7b57-486d-81e8-a247d50fa2a4,2024-12-05T06:01:08+00:00
bd2084c3-1584-4b5b-8fcd-56edf257c8d7,199647d8-0522-41da-b006-85769c6e660f,71938832-5c59-49e3-be85-9acbd7ca55ba,2024-12-03T05:58:33+00:00
21b76087-be0e-4c59-9fc9-470bf0b1b013,199647d8-0522-41da-b006-85769c6e660f,a80b24ca-19f4-4796-9a5e-683f4e8f7b14,2024-12-17T10:43:44+00:00
9cebbe6d-fb63-46aa-9fc4-9d141adff7a4,199647d8-0522-41da-b006-85769c6e660f,b3756f66-bc0a-4be7-b18e-d5a43ae2cb20,2024-11-29T09:56:47+00:00
52bd19d0-e755-4b30-81a5-391754a87fdd,199647d8-0522-41da-b006-85769c6e660f,0581305f-6e14-482c-94be-e2a7bab71968,2024-12-24T06:22:55+00:00
0b127680-32d9-42cb-ad4f-e7837c661f5f,199647d8-0522-41da-b006-85769c6e660f,3508da09-a51b-4ff3-8e0e-ee486e956b89,2024-11-24T18:10:15+00:00
2de07ba9-df23-4a62-80bf-a438d7e6a1f2,199647d8-0522-41da-b006-85769c6e660f,5ca23f6e-524f-449e-b9d2-a758e70cff73,2024-11-28T00:16:33+00:00
27225091-114b-4144-b811-b6d476e1e224,ddf436c7-d717-4684-a7ea-833a81243af8,10e5f889-8510-460a-b274-ff42a4b2a3e9,2025-01-29T05:05:57+00:00
0e4b5849-1a7d-42f5-b9f6-6ec41a0dae43,ddf436c7-d717-4684-a7ea-833a81243af8,71938832-5c59-49e3-be85-9acbd7ca55ba,2024-11-26T09:05:00+00:00
8d5c63d6-5b66-4ae3-8d89-0bff8e159496,ddf436c7-d717-4684-a7ea-833a81243af8,75a9c08b-c3f9-48ea-bba3-d6136d51a785,2025-11-05T02:44:40+00:00
fa0804c2-5fba-4b17-8b84-b3bf3e7a745c,ddf436c7-d717-4684-a7ea-833a81243af8,bc9cbd74-f51e-47e9-ba77-1f2c017e9cca,2025-06-05T21:06:30+00:00
4898aecf-0d7a-48c8-b11f-fd7876d5608b,ddf436c7-d717-4684-a7ea-833a81243af8,3a748a52-31e6-4e13-b168-3406e4520722,2026-01-15T23:46:54+00:00
b2095ee3-3633-4fab-bf5b-e37edf5062ab,ddf436c7-d717-4684-a7ea-833a81243af8,e33923d4-ae33-4f20-93b4-4927825fa9f9,2025-01-05T19:27:58+00:00
7e64a3b3-b5b2-4157-ac96-10e3cb71efed,ddf436c7-d717-4684-a7ea-833a81243af8,5d717b99-735c-4981-87a3-225adde8acea,2024-11-27T14:40:09+00:00
fbb1c205-28b2-4711-870b-f2960c1ca5ec,ddf436c7-d717-4684-a7ea-833a81243af8,e67d37fe-aa3a-4812-8a3a-0cad3700d22f,2024-12-05T18:51:41+00:00
8d2129ed-451a-4caa-8504-46dd29b5d90b,ddf436c7-d717-4684-a7ea-833a81243af8,828a88f5-8cb3-48a8-9e07-3db32ed9a35d,2025-06-27T06:41:52+00:00
72c0eafe-d3b4-4ece-9795-ac4fe9328d35,ddf436c7-d717-4684-a7ea-833a81243af8,b7fef60e-e709-4148-b2be-091d4a9dc1a5,2025-02-16T08:48:46+00:00
e79ebce2-5e7f-4639-a9a1-5cd6a20562d8,ddf436c7-d717-4684-a7ea-833a81243af8,c60fc12d-ef3b-47a2-b08d-d35daaa0261f,2025-03-12T02:04:37+00:00
f5078ae0-32b5-47af-afd1-1360ce269a46,ddf436c7-d717-4684-a7ea-833a81243af8,ce36aea6-fdbd-41f0-af71-96972ce4d5d1,2025-04-10T05:21:17+00:00
9e136bf9-7be4-4e29-a549-3570cfbf7d7a,ddf436c7-d717-4684-a7ea-833a81243af8,e5f76da6-068a-4b15-bb2c-649e314a26ed,2025-03-16T19:53:27+00:00
e6a0514e-0758-45c5-b1e3-6caa58d64908,ddf436c7-d717-4684-a7ea-833a81243af8,e7f25965-2024-4c9f-a575-caa1e7bc13df,2025-04-05T00:51:17+00:00
a72b5303-e572-45de-a35b-5c31f37be9ed,e6fe2823-7d51-40c1-ad80-81d07a3ae9d6,c6fd42f0-6060-47cf-a8e8-e24dcaee7d26,2026-01-08T12:53:03+00:00
57a390ac-01f6-4cad-aeec-8de161e49a19,e6fe2823-7d51-40c1-ad80-81d07a3ae9d6,d34b2b4a-bc0b-4ffd-83db-00f5cc6c937f,2025-01-06T09:44:57+00:00
4c8926df-1b35-45f6-acc1-2899d0b15d5e,e6fe2823-7d51-40c1-ad80-81d07a3ae9d6,91848802-a58f-4fc5-939d-8395eb0c4868,2025-10-06T00:28:05+00:00
5d4ea344-e716-42f9-8b3a-5d3486c200d1,e6fe2823-7d51-40c1-ad80-81d07a3ae9d6,bacf1c32-002e-4d62-8c6c-221609513f2f,2025-01-05T15:10:08+00:00
40627e28-cbf5-491c-b9bf-514bdb7d4765,e6fe2823-7d51-40c1-ad80-81d07a3ae9d6,e19797db-e29f-48c3-a7bc-6f3ee4494c8c,2025-01-23T05:21:18+00:00
e9402ba3-b71b-40f2-9abe-94f1eea2288b,e6fe2823-7d51-40c1-ad80-81d07a3ae9d6,e7f25965-2024-4c9f-a575-caa1e7bc13df,2024-12-02T01:02:27+00:00
ffbc148e-6954-4e55-b58a-fc050f12fd75,e6fe2823-7d51-40c1-ad80-81d07a3ae9d6,cdcd2f90-549e-4f8a-a600-5ffc9f8c2d74,2025-01-14T01:29:31+00:00
4aeb0d28-d3c9-46cc-922d-ecaa8526b5a4,4a7763c6-7993-4714-a0b4-d863cc76100e,6eaf2004-a475-4bbd-b327-ceb492d267a7,2024-12-03T20:57:28+00:00
72f2d8f2-248f-4bbd-b990-d7033fe81fd6,bd450cc0-bb96-4f59-9c04-e5c48a80da5a,57d2ea34-ccda-48c1-82da-d0d973b20d87,2024-12-11T09:28:22+00:00
4d5892cb-071b-4a9c-9409-d1a490c3417d,bd450cc0-bb96-4f59-9c04-e5c48a80da5a,71938832-5c59-49e3-be85-9acbd7ca55ba,2024-12-20T15:51:07+00:00
6cb30aa8-3cd5-43d2-9a94-76487aba507d,bd450cc0-bb96-4f59-9c04-e5c48a80da5a,743aae1e-e024-4953-a3ae-1413333f514f,2025-07-16T16:11:09+00:00
9974394c-c7c3-497f-8027-da2cce94abb3,bd450cc0-bb96-4f59-9c04-e5c48a80da5a,d7b30ac7-a843-4c2c-b7d0-5dbca0c169c3,2024-12-14T09:06:44+00:00
5a5cf986-f4e2-4c87-b7a5-341760aa3964,bd450cc0-bb96-4f59-9c04-e5c48a80da5a,20be0228-dff5-4a8a-9078-9f3e013731d6,2025-09-19T16:01:05+00:00
51dcf8b1-a52c-4e72-bc8b-c9725f6e3d5e,bd450cc0-bb96-4f59-9c04-e5c48a80da5a,3c4a47de-e63f-470d-a750-5453edea905e,2026-06-08T01:25:56+00:00
a1c246bc-11fa-4aec-9a9b-12718c86998e,bd450cc0-bb96-4f59-9c04-e5c48a80da5a,c60fc12d-ef3b-47a2-b08d-d35daaa0261f,2025-10-25T00:03:37+00:00
ae47d9c8-631a-4d96-ab51-380a3135240c,bd450cc0-bb96-4f59-9c04-e5c48a80da5a,42688444-55cc-483b-a92c-df6777013516,2025-01-05T12:39:01+00:00
8f3db974-ca1c-4149-be95-2fcb22f56929,bd450cc0-bb96-4f59-9c04-e5c48a80da5a,06ca99ad-46e9-4d5e-a72e-48628968c316,2026-05-11T07:06:12+00:00
ff0c96dd-3f8f-463e-9885-170f2d94ee55,bd450cc0-bb96-4f59-9c04-e5c48a80da5a,d24b23ee-291d-4c2f-8c3a-ce1251c2c3d8,2026-01-29T08:27:27+00:00
0667da4b-09c1-4c75-88a8-311af7f93056,79cc7c97-3981-439d-be4d-7401df48343a,443b392f-72a1-4279-ae51-a849f1fedfff,2025-07-13T05:56:43+00:00
9b15ebd8-ffb1-4bca-bc80-0a8bd1c11397,79cc7c97-3981-439d-be4d-7401df48343a,fba653f1-56a1-4e32-b3a6-1205a8a2e461,2025-08-12T09:48:49+00:00
c44d113e-e378-459a-9e7b-7fe56ae4ab6a,79cc7c97-3981-439d-be4d-7401df48343a,3a748a52-31e6-4e13-b168-3406e4520722,2025-10-07T05:35:39+00:00
67e137db-3de2-4f9d-b529-2c5f8b21370c,79cc7c97-3981-439d-be4d-7401df48343a,10e5f889-8510-460a-b274-ff42a4b2a3e9,2025-04-09T21:50:26+00:00
2c1d5c91-929a-4772-8d50-04ec1d4042d3,79cc7c97-3981-439d-be4d-7401df48343a,8b2968bf-8ea1-47c7-9c02-7ef1cd908f61,2026-08-19T17:28:28+00:00
fdce7af6-b3f6-4f9c-9287-a1d88808979b,79cc7c97-3981-439d-be4d-7401df48343a,57d2ea34-ccda-48c1-82da-d0d973b20d87,2025-12-27T23:41:53+00:00
77a44c04-56dc-4a2b-8c3c-e2e8d50f1bb8,79cc7c97-3981-439d-be4d-7401df48343a,659f0acc-033d-4e42-acb5-b569fa69a743,2024-12-23T17:59:46+00:00
d87bcae4-4a0b-4701-93b4-ad3134d112bc,79cc7c97-3981-439d-be4d-7401df48343a,1c53189a-7903-4dcb-97d6-29489110198e,2025-06-09T17:29:14+00:00
150ca41c-bea7-49c9-ac2a-089eb57e49bb,79cc7c97-3981-439d-be4d-7401df48343a,93a7f915-e31d-4603-af28-13fe5ff23ac3,2025-11-25T18:37:59+00:00
626791af-32ce-41ce-9cbb-4b575b3113e3,79cc7c97-3981-439d-be4d-7401df48343a,5ab1b529-4f5e-42a1-8f82-f88bad579d46,2025-01-24T09:57:42+00:00
4161995d-bc93-4583-9b6e-5e7e1e356ab6,79cc7c97-3981-439d-be4d-7401df48343a,27de1447-4949-4ba1-94da-511dcf33e97a,2025-08-25T23:56:00+00:00
6f757566-f395-47d7-8b93-abe5ad5a6776,79cc7c97-3981-439d-be4d-7401df48343a,c917de22-1a11-43a3-8cb6-6c865488a5b4,2026-08-10T18:12:23+00:00
fb2bdc6d-ba85-4885-a6b3-d6c0af272414,79cc7c97-3981-439d-be4d-7401df48343a,b6be37f9-e731-49e9-b97d-838d7bb58dfd,2025-01-23T09:29:43+00:00
7c06161d-a203-4606-8fb6-1f56a3cbf502,79cc7c97-3981-439d-be4d-7401df48343a,a2a97c5b-d72e-47bb-a8b8-355fcf007b68,2025-02-18T07:18:53+00:00
92bc2821-3f6e-4ff1-b50e-fe42e90a4223,fbd1ca94-7113-41a5-b16b-8bee968143f9,3e1135b6-a11d-4440-9839-7607ab0df809,2025-08-17T18:04:12+00:00
900a79e5-c53f-4a4a-b455-f2c401e69f16,fbd1ca94-7113-41a5-b16b-8bee968143f9,d70b90fa-8a9d-408e-b442-7d148a6095e5,2025-07-17T11:23:47+00:00
23dafbfc-9224-4c13-94f2-7aa3eec705a6,fbd1ca94-7113-41a5-b16b-8bee968143f9,5da9c176-ec13-4102-b6cf-121f4b145d5a,2025-07-26T15:25:29+00:00
bd7539c0-5550-4b42-b107-e0c9c0f2efef,fbd1ca94-7113-41a5-b16b-8bee968143f9,128acef2-f235-4b4f-9ba9-12cf0271ac50,2024-12-19T23:01:36+00:00
4f2740d3-4d2d-40b3-8b54-4f79ac7e7032,fbd1ca94-7113-41a5-b16b-8bee968143f9,6695a266-c3cd-43a7-a7fb-fcac77328615,2025-01-12T05:40:10+00:00
4ef15900-64d8-4392-8316-143a195c2a8d,fbd1ca94-7113-41a5-b16b-8bee968143f9,e2bc1752-1983-472e-bbd9-c6fae7cac58a,2025-02-16T07:32:27+00:00
9cf134f2-9288-46b1-b630-2b94bb6caefa,fbd1ca94-7113-41a5-b16b-8bee968143f9,054fe171-2aa2-4064-be59-369e103477d7,2025-05-27T10:04:14+00:00
0b4f7762-2a4d-4d01-a7d1-757c144c4cac,fbd1ca94-7113-41a5-b16b-8bee968143f9,51910d94-7df2-4595-be53-5b43cb379762,2025-01-22T16:55:55+00:00
4e900a7a-c039-4334-8180-f3e9e91a5866,fbd1ca94-7113-41a5-b16b-8bee968143f9,01ad5d19-51ac-4277-bf22-13bac68b5a71,2026-04-18T21:55:14+00:00
33e58b8b-e729-48de-ac6e-7c06260609d0,fbd1ca94-7113-41a5-b16b-8bee968143f9,bef562aa-7b99-4438-b976-0c3e350379ee,2026-04-26T13:09:12+00:00
5f4c674e-b2ae-451d-91a5-e216f5fa288e,fbd1ca94-7113-41a5-b16b-8bee968143f9,c51745ca-bb03-4bea-9828-f74363cb7a4b,2026-07-18T03:20:38+00:00
b0f0087e-a54e-4869-94cc-68ad732c178a,fbd1ca94-7113-41a5-b16b-8bee968143f9,887b7fc5-3512-427f-b5f1-d0629d72dcf0,2025-04-27T16:19:55+00:00
526e02d9-2a62-4dc9-b07f-88c15fb8b328,fbd1ca94-7113-41a5-b16b-8bee968143f9,c90cc779-75f4-4f0d-8f0e-bf02ad0ba33c,2025-08-07T04:31:51+00:00
7a19d5f9-e6cd-4cf2-8a55-75f69bca7f13,fbd1ca94-7113-41a5-b16b-8bee968143f9,5ce43817-8afb-43c8-aa72-569b92aeb223,2025-05-19T07:48:55+00:00
5ff2bcea-e935-4f54-b2df-e498677530e9,fbd1ca94-7113-41a5-b16b-8bee968143f9,27de1447-4949-4ba1-94da-511dcf33e97a,2024-12-12T18:04:46+00:00
d77a28da-ff51-488e-9c43-4aa7c8f78b15,fbd1ca94-7113-41a5-b16b-8bee968143f9,323eb581-df66-495e-b4c3-b8d51316dccb,2026-03-22T21:40:24+00:00
cea7101d-2055-4630-a882-e4413cd30489,fbd1ca94-7113-41a5-b16b-8bee968143f9,43dbd776-bd4c-4ef1-933a-59af47a589b5,2024-12-16T22:05:15+00:00
40f658ed-5e78-4afa-83d8-50af4a1d1d77,fbd1ca94-7113-41a5-b16b-8bee968143f9,345afc84-e133-4249-9c52-f900042bc4f9,2025-12-29T19:01:23+00:00
b2271057-dab4-4319-b448-cca457844fd5,fbd1ca94-7113-41a5-b16b-8bee968143f9,2709bb2d-e639-44c0-920f-80a9f4c4955e,2025-05-13T10:16:19+00:00
87f137f5-25e9-42cc-8014-87e4795860ba,fbd1ca94-7113-41a5-b16b-8bee968143f9,c60fc12d-ef3b-47a2-b08d-d35daaa0261f,2024-12-12T15:32:57+00:00
b2f77742-8f25-4426-a472-4fb8ae92bffd,fbd1ca94-7113-41a5-b16b-8bee968143f9,f79de4b1-f0cc-45e9-85c3-b3112725fde1,2024-12-27T16:28:15+00:00
e7d5976a-b3db-4bc3-ac9c-e64961773378,fbd1ca94-7113-41a5-b16b-8bee968143f9,3ae23a73-75a2-49e9-b24e-8c3459016993,2026-06-25T19:20:28+00:00
6033ee9b-817b-4d78-b390-62c997ae7661,fbd1ca94-7113-41a5-b16b-8bee968143f9,26d61dc5-0b03-4c16-8a64-7afeba92fecb,2025-03-11T10:49:44+00:00
4247f9a5-02e3-471e-9849-1ba69b56d5fa,fbd1ca94-7113-41a5-b16b-8bee968143f9,75c13d9c-916c-4e76-9219-1fb1448b7789,2026-08-20T05:20:31+00:00
48e56b2c-5e72-45f7-9091-0c5cfa380d28,1ac72c1c-71db-4f2c-aeef-883a65271620,b9468cb9-ed1b-40fe-a021-2f6da1f2925d,2024-12-11T16:21:20+00:00
226f33a4-5a1a-4672-8a21-db3ceabe8fa4,1ac72c1c-71db-4f2c-aeef-883a65271620,74d3f6c0-8cd8-42de-be07-4e633a9879a2,2025-01-25T00:10:52+00:00
7d1360b6-7d79-4788-9d08-c9f87c69c548,1ac72c1c-71db-4f2c-aeef-883a65271620,ba4e0520-1425-44b4-ba42-764ccd9799f7,2024-12-17T20:46:42+00:00
d7dce3e6-c18d-4574-9e9e-504e7ee97b88,1ac72c1c-71db-4f2c-aeef-883a65271620,27de1447-4949-4ba1-94da-511dcf33e97a,2025-02-21T22:01:47+00:00
62698277-deaa-4157-b946-bc1dee0f2111,1ac72c1c-71db-4f2c-aeef-883a65271620,b2d72011-02df-4d85-8d8c-9c12e9aa4b3a,2026-04-07T01:45:31+00:00
19b5d920-ded0-41d9-af07-1835384b9f32,1ac72c1c-71db-4f2c-aeef-883a65271620,1f5c9368-f634-4128-84d2-ef868162ba53,2025-06-23T19:32:09+00:00
45c5a073-b01f-4913-8344-e147f5449ab7,8502f585-65ac-4dc5-8c66-da8feaed6668,29b08317-6763-47c6-93e5-e9d211886a27,2024-12-15T00:07:50+00:00
0839ce8a-e2a6-408f-91d4-c013857e4283,901c52ee-2e1d-4112-b6c3-93b29fbf46cb,02126d92-72ee-409c-9e6c-a2e4d9f83a6b,2025-04-27T19:06:49+00:00
f744b5db-8974-4f3d-9ea9-d26815fd2d56,901c52ee-2e1d-4112-b6c3-93b29fbf46cb,323eb581-df66-495e-b4c3-b8d51316dccb,2024-12-19T07:44:23+00:00
e91e465c-df06-4e31-ab78-32e15d7133b2,901c52ee-2e1d-4112-b6c3-93b29fbf46cb,725e8519-9d26-48e9-a0d7-b1d766f3587d,2026-02-02T00:37:07+00:00
698be2d8-6296-4240-bf59-f092b541fa27,901c52ee-2e1d-4112-b6c3-93b29fbf46cb,d30b8eb3-05ed-4a73-b6e5-042436e46b37,2025-04-20T10:56:04+00:00
f23d8709-5782-4b98-9cc9-272975f7e03e,901c52ee-2e1d-4112-b6c3-93b29fbf46cb,e1ed7e6e-8e69-4089-a848-80cc71f34ee0,2025-01-30T23:07:44+00:00
c87fb6b9-aa86-413a-a123-af2481b0fafc,901c52ee-2e1d-4112-b6c3-93b29fbf46cb,481984d9-8844-4ba6-aecf-3d3fd3c177fd,2025-10-04T02:28:52+00:00
70825ac1-9b72-4651-9531-47c31e747f63,901c52ee-2e1d-4112-b6c3-93b29fbf46cb,b2ebd1c7-416b-4645-a522-88f29c4fd3fa,2025-02-25T02:46:20+00:00
cf1aed7f-cbd7-412f-b505-ddb65c3bbe7a,b83f9f81-da46-4c2d-ac15-b39e86360ca8,d30b8eb3-05ed-4a73-b6e5-042436e46b37,2024-12-18T07:03:29+00:00
c95ab3c8-c083-443e-9178-e51406901b8f,b83f9f81-da46-4c2d-ac15-b39e86360ca8,f79de4b1-f0cc-45e9-85c3-b3112725fde1,2024-12-23T04:58:56+00:00
39d963e0-ecda-428f-98f4-16a0bfd099c2,b83f9f81-da46-4c2d-ac15-b39e86360ca8,82c26f80-0b16-4534-b361-35fddfa95816,2024-12-21T16:47:14+00:00
42d48d3d-7be8-4640-80ae-fc5b0eb877e9,b83f9f81-da46-4c2d-ac15-b39e86360ca8,9fa1bd7e-fe95-4d72-89e0-17853678fb5b,2025-01-05T11:23:22+00:00
a935e02c-32de-4c6a-ba6f-c12783774f42,b83f9f81-da46-4c2d-ac15-b39e86360ca8,99d52a61-bee5-4684-9df6-159e47cc27be,2024-12-31T19:44:50+00:00
d8ac0d71-00dc-4fc4-9a1f-32c283c25266,b83f9f81-da46-4c2d-ac15-b39e86360ca8,6695a266-c3cd-43a7-a7fb-fcac77328615,2024-12-25T16:47:01+00:00
4e830ff8-bf9f-46c0-889d-e121bccf3e7f,b83f9f81-da46-4c2d-ac15-b39e86360ca8,fba653f1-56a1-4e32-b3a6-1205a8a2e461,2024-12-17T06:57:16+00:00
12ebaadf-3eca-479c-8433-00280da84c6c,b83f9f81-da46-4c2d-ac15-b39e86360ca8,5d717b99-735c-4981-87a3-225adde8acea,2025-01-11T23:34:26+00:00
bb23749a-bd10-4b23-a780-06d57c4a0b20,b83f9f81-da46-4c2d-ac15-b39e86360ca8,8c0f035c-ed24-4e92-9e38-7d7562011845,2024-12-17T05:19:36+00:00
8a1926ef-d0fc-42f0-8f93-e00192c0feb9,b83f9f81-da46-4c2d-ac15-b39e86360ca8,887b7fc5-3512-427f-b5f1-d0629d72dcf0,2025-01-10T13:44:49+00:00
755a547d-7a56-4861-899a-036124873b33,b83f9f81-da46-4c2d-ac15-b39e86360ca8,a83115e6-95d7-4710-8785-ad490862eb1d,2025-01-18T15:23:27+00:00
c6cfc34f-47e7-4335-a0f1-191d89422a87,b83f9f81-da46-4c2d-ac15-b39e86360ca8,71938832-5c59-49e3-be85-9acbd7ca55ba,2024-12-16T14:18:57+00:00
aab8bc4d-06a4-4a44-b2d8-715ad8500259,b83f9f81-da46-4c2d-ac15-b39e86360ca8,a80b24ca-19f4-4796-9a5e-683f4e8f7b14,2024-12-19T04:43:30+00:00
36666c3e-4cdc-4da0-b757-fd28afbdc456,b83f9f81-da46-4c2d-ac15-b39e86360ca8,4cf59a7d-3daf-44fe-8e86-aa4389b82fc0,2024-12-20T10:25:47+00:00
056d1e03-766a-4112-b06f-5e0f272f5929,b83f9f81-da46-4c2d-ac15-b39e86360ca8,e0ac1371-730b-4fd6-8af4-80859ee0ade7,2025-01-06T03:16:38+00:00
72cfd968-814f-4075-b318-561e703045a0,fa54a884-1931-4725-960c-eccead88c6af,553046bf-b8f3-4054-8eea-bd6715749b6e,2025-12-09T05:08:52+00:00
182d7c05-2a39-480b-a36c-cf099b0fb791,fa54a884-1931-4725-960c-eccead88c6af,e0ac1371-730b-4fd6-8af4-80859ee0ade7,2024-12-20T13:27:05+00:00
c13fa59e-44ff-4af3-bd92-3020b649a301,fa54a884-1931-4725-960c-eccead88c6af,5ca23f6e-524f-449e-b9d2-a758e70cff73,2025-01-17T15:31:30+00:00
1ce575df-eadf-43ed-b537-bd45037640b4,fa54a884-1931-4725-960c-eccead88c6af,8d9a7d65-67f7-4c3e-b3ec-57b9652f01a1,2026-05-08T05:16:42+00:00
e463216f-0626-4664-8d80-2eec07045a40,fa54a884-1931-4725-960c-eccead88c6af,1f5c9368-f634-4128-84d2-ef868162ba53,2025-04-17T00:12:31+00:00
8418e87a-142c-4201-9405-83fd903bae58,fa54a884-1931-4725-960c-eccead88c6af,f7318ac8-5529-4cd7-98ea-c6b5c629b8b2,2025-03-11T01:44:24+00:00
e69ce2e1-d3d2-4d98-b146-8beefdeb37e5,fa54a884-1931-4725-960c-eccead88c6af,27de1447-4949-4ba1-94da-511dcf33e97a,2025-01-16T03:05:55+00:00
84a3d23e-bd42-4d36-b496-2a7a3d25571e,fa54a884-1931-4725-960c-eccead88c6af,75fb3cc3-3a13-475e-9146-fa6c2c28ad75,2025-03-13T09:18:03+00:00
32f4bd16-a953-4c8e-98ce-fd8065723f1f,bacd5c99-8938-4a40-9561-3725c92c3bed,ba1fa7b7-1ba1-4dcc-8cde-7e8038432e3d,2024-12-22T06:00:02+00:00
f3bdd2ad-4009-466b-a675-45893f235a44,1cb1c9c8-6f96-464a-a00a-0fbb3d50f4a3,5ce43817-8afb-43c8-aa72-569b92aeb223,2025-06-01T12:49:26+00:00
6c78a29d-4497-4ff9-9d36-d2796f353698,9235a477-38e5-45e8-8555-b189c754e348,b000127a-7ff3-4aba-9f9f-56872787d1ed,2024-12-23T14:37:56+00:00
7c647495-5a79-4ff8-9c37-fd69ddb46b43,9235a477-38e5-45e8-8555-b189c754e348,e7f25965-2024-4c9f-a575-caa1e7bc13df,2024-12-23T12:38:22+00:00
8f2ae048-e0a0-4d99-bb7c-ce2acf3e3417,536a82d5-3c92-4ce4-b51e-25caac37316a,4e2906a0-e445-4567-9bc3-c549a3448137,2025-03-01T04:41:45+00:00
289a3485-dae7-4206-91f2-69b33797545c,536a82d5-3c92-4ce4-b51e-25caac37316a,ac90d181-ee36-49c7-a813-3467b90807dc,2025-11-15T20:32:18+00:00
aba52a92-6b0a-48ba-aa60-3fb531614147,536a82d5-3c92-4ce4-b51e-25caac37316a,27de1447-4949-4ba1-94da-511dcf33e97a,2024-12-24T12:32:48+00:00
3c9f9119-00b0-4a3d-8569-165384fe3937,536a82d5-3c92-4ce4-b51e-25caac37316a,8c0f035c-ed24-4e92-9e38-7d7562011845,2025-01-05T22:50:44+00:00
e78ebd4a-b58a-4643-be6e-a4721abf8a94,536a82d5-3c92-4ce4-b51e-25caac37316a,e735ab9c-d62e-4e4c-a719-99a447547e16,2026-01-26T15:46:38+00:00
12a236cd-c470-4a0c-8912-4ea414d047ae,536a82d5-3c92-4ce4-b51e-25caac37316a,29b08317-6763-47c6-93e5-e9d211886a27,2024-12-26T01:54:21+00:00
8392e41b-e4c0-4a52-a214-3f6dc9de1f42,536a82d5-3c92-4ce4-b51e-25caac37316a,e67d37fe-aa3a-4812-8a3a-0cad3700d22f,2025-08-20T13:09:09+00:00
f2e9ccc7-7678-461b-b7df-12efaa68ad85,536a82d5-3c92-4ce4-b51e-25caac37316a,ce44b626-aa47-48a3-b23b-c2866dfefd6d,2026-07-21T09:51:29+00:00
c30a6df1-575e-4387-a674-c0f49371dd3f,536a82d5-3c92-4ce4-b51e-25caac37316a,da2d85dd-5c3d-4667-8788-6be2e47676a4,2026-07-02T03:28:52+00:00
cd0b497a-b19d-4c28-8bf2-317bb4f8ed99,536a82d5-3c92-4ce4-b51e-25caac37316a,72e6350e-b4bc-4a80-ac0b-013f84ebeab1,2026-01-12T16:56:45+00:00
6806023d-d9f9-4ac9-bf6e-c3fdc75c1f5e,536a82d5-3c92-4ce4-b51e-25caac37316a,089faa8b-1b06-449b-905d-977d8b88b69b,2026-06-11T11:44:38+00:00
6838d243-9551-438a-a135-699f3f7af7d0,47006b5e-305a-469f-849a-b1a6781277bb,4e2906a0-e445-4567-9bc3-c549a3448137,2024-12-25T01:44:17+00:00
aa35f576-7708-4e1b-b9f9-e5294ba6c52c,47006b5e-305a-469f-849a-b1a6781277bb,3b30a6e4-3c57-4bbd-9b03-022e7facb880,2024-12-25T12:13:22+00:00
cd00e06c-9c5f-411b-af4a-d4525d853a0a,47006b5e-305a-469f-849a-b1a6781277bb,57d2ea34-ccda-48c1-82da-d0d973b20d87,2025-01-01T14:22:19+00:00
a5e05590-4082-4c5d-8d35-050aafc20ada,47006b5e-305a-469f-849a-b1a6781277bb,99d52a61-bee5-4684-9df6-159e47cc27be,2024-12-30T12:24:08+00:00
e1ee426e-e710-4207-9b6f-b5c87dd62ff8,89186ff9-17df-43c2-b3a2-705cedad16ed,53a84c41-db22-49bf-98bd-d408fffdabc3,2025-06-21T01:25:05+00:00
4a1c655f-0364-4436-a660-3f5171a1d294,89186ff9-17df-43c2-b3a2-705cedad16ed,0474d78b-b695-4c1a-967f-6fc9587ddc43,2025-02-12T02:41:53+00:00
c50f88bc-8539-4c5c-8862-7b3581cba211,89186ff9-17df-43c2-b3a2-705cedad16ed,b000127a-7ff3-4aba-9f9f-56872787d1ed,2025-05-08T20:03:06+00:00
c354b7c6-de41-4149-ae17-7c8af61be420,89186ff9-17df-43c2-b3a2-705cedad16ed,64be8bfb-802e-4c82-a1a5-933556b2ba96,2026-07-23T13:43:21+00:00
057c2947-0fcb-4c1a-9ba4-89540c7679b5,89186ff9-17df-43c2-b3a2-705cedad16ed,2ad9462f-49f8-4d9a-8f1f-6f573c1e266f,2025-11-10T06:15:11+00:00
aa6022d6-5f9b-4b2c-bd94-9dea8f7bcad7,89186ff9-17df-43c2-b3a2-705cedad16ed,6236d33d-7b57-486d-81e8-a247d50fa2a4,2025-06-17T00:29:34+00:00
771b5f4b-3152-434e-94cf-a1ca94df85e6,89186ff9-17df-43c2-b3a2-705cedad16ed,94124252-c61f-4b05-ab17-fb467c898e0c,2026-03-02T00:53:11+00:00
e8bda942-2a5a-4620-a291-bdc9804a12fd,89186ff9-17df-43c2-b3a2-705cedad16ed,51910d94-7df2-4595-be53-5b43cb379762,2024-12-30T14:49:33+00:00
3744de38-4d26-4fe7-94f1-9c51c8a2f80e,89186ff9-17df-43c2-b3a2-705cedad16ed,fc878d0f-02d2-4c14-8e52-f1fa4b571b99,2026-01-14T03:53:51+00:00
69ebfb3c-7742-475d-bfb0-bb5028734740,89186ff9-17df-43c2-b3a2-705cedad16ed,f7318ac8-5529-4cd7-98ea-c6b5c629b8b2,2024-12-25T05:03:30+00:00
75851a60-be14-49d8-a9e5-1fb08135b179,89186ff9-17df-43c2-b3a2-705cedad16ed,57d2ea34-ccda-48c1-82da-d0d973b20d87,2025-12-12T17:21:44+00:00
21a125dd-3c17-4cd8-93c3-eb26c95b1827,89186ff9-17df-43c2-b3a2-705cedad16ed,4baa25b9-1700-4782-a80b-d9e663939f70,2025-01-14T19:45:38+00:00
77f029a4-c4fe-4604-a9b2-42822b3949ab,89186ff9-17df-43c2-b3a2-705cedad16ed,742f60c2-2f3a-4c03-86e2-e6b289299c40,2025-10-09T04:35:31+00:00
39d3f1e0-7025-44b0-83fc-433123bc54a7,89186ff9-17df-43c2-b3a2-705cedad16ed,128acef2-f235-4b4f-9ba9-12cf0271ac50,2025-04-04T01:00:52+00:00
4c864a36-d4bd-4ec6-9c6b-1197d5b174d8,89186ff9-17df-43c2-b3a2-705cedad16ed,b2934820-ad75-476f-ade6-054a7c89f295,2025-01-13T21:44:48+00:00
92db70ce-4f82-4d1d-bf83-a0fe90437a7a,613c7ebf-c120-4a31-8fbb-8b63797812ae,128acef2-f235-4b4f-9ba9-12cf0271ac50,2025-10-02T08:42:42+00:00
1ca91a5f-f043-43d0-b7f7-fe5e68993e9f,613c7ebf-c120-4a31-8fbb-8b63797812ae,2ba2f93e-b90a-4582-9c0b-561477ec2dd4,2025-01-30T05:24:41+00:00
c3d58d03-118a-4f55-92ff-e97483ec9556,613c7ebf-c120-4a31-8fbb-8b63797812ae,ffae7a2d-9aea-4536-8cf4-dd5a807a4405,2026-04-04T15:43:35+00:00
50dd2a8c-55ee-49e3-b7d9-81a106c6af51,613c7ebf-c120-4a31-8fbb-8b63797812ae,459c517f-ee6e-4dd8-8e73-1f546778d794,2026-08-31T02:21:20+00:00
feeba7f8-7490-49c3-b055-849441cf6b5a,613c7ebf-c120-4a31-8fbb-8b63797812ae,828a88f5-8cb3-48a8-9e07-3db32ed9a35d,2026-08-06T03:18:46+00:00
c18bb1d3-6275-4ccd-b034-0d517aecc3b1,613c7ebf-c120-4a31-8fbb-8b63797812ae,75a9c08b-c3f9-48ea-bba3-d6136d51a785,2025-02-04T20:42:19+00:00
90a0ed34-a550-4e23-af59-2990c9c46027,613c7ebf-c120-4a31-8fbb-8b63797812ae,484b4933-21fa-4a46-904b-33017ff3857f,2025-03-01T18:43:30+00:00
70cb4231-eb7f-48d8-859e-2281ba5f2ba1,613c7ebf-c120-4a31-8fbb-8b63797812ae,3ae23a73-75a2-49e9-b24e-8c3459016993,2024-12-25T12:02:23+00:00
bf847bd1-97b3-4e11-9293-e6a7bc61047c,613c7ebf-c120-4a31-8fbb-8b63797812ae,eebbf0ad-7bc9-40f9-a39b-9952f8048f24,2026-01-25T00:40:50+00:00
67484606-6a68-4fa6-9101-b9d5ac2e2e4e,613c7ebf-c120-4a31-8fbb-8b63797812ae,dd31032b-6dd2-426d-bfc1-f03e9f5eefa1,2025-05-25T04:15:03+00:00
47da5ec8-d668-4b9d-b925-eb8a74d7d3f5,613c7ebf-c120-4a31-8fbb-8b63797812ae,ae55ec52-cef0-4a81-8e34-dbdc085d2573,2026-03-07T10:56:44+00:00
d955c2ec-0783-43be-83a0-f7e05cf62121,613c7ebf-c120-4a31-8fbb-8b63797812ae,536e9f2a-3aad-4928-9766-ddb2f2ce04bb,2025-09-05T20:55:25+00:00
54644eae-277a-4271-8428-5a4e7eb9fbf2,613c7ebf-c120-4a31-8fbb-8b63797812ae,c2d0b978-f0b1-4bed-b592-d8a8b2426dd6,2026-06-26T14:03:27+00:00
33fe1abb-20a1-4f25-ad85-57521acc560d,613c7ebf-c120-4a31-8fbb-8b63797812ae,904d370b-c057-4076-ab96-6f35351482c2,2025-07-16T08:23:33+00:00
6c86944b-b240-4d90-81d6-a48f09be8d06,613c7ebf-c120-4a31-8fbb-8b63797812ae,e5f76da6-068a-4b15-bb2c-649e314a26ed,2025-01-29T22:37:34+00:00
8b3606de-404d-4dc5-af97-1210cdb94593,613c7ebf-c120-4a31-8fbb-8b63797812ae,681a768e-2c15-4f60-b8bb-6613e5d882f5,2025-02-03T13:28:00+00:00
678314c7-b878-485e-a81f-6794e73748cd,613c7ebf-c120-4a31-8fbb-8b63797812ae,ff6e8123-7427-47ad-b4a2-b32525006de0,2025-10-22T11:46:08+00:00
f7f7d028-21ec-4219-90b6-6a21fa79569e,613c7ebf-c120-4a31-8fbb-8b63797812ae,9683d7cb-c320-48ab-b91d-373a4a32cc44,2025-01-24T17:41:42+00:00
b4252dd0-87e6-452d-a697-6a09b1d4eeb5,613c7ebf-c120-4a31-8fbb-8b63797812ae,f7318ac8-5529-4cd7-98ea-c6b5c629b8b2,2025-05-13T11:31:16+00:00
478792d5-39a6-42fb-b59a-0435538e01d6,84d2d0e1-50dc-4b2c-a0f8-ffc1009b9004,eb37e445-ad15-450f-aac9-165635b7ef7b,2025-10-08T03:38:19+00:00
a6be4fdb-d1a1-41df-ad51-e1d2359454fc,84d2d0e1-50dc-4b2c-a0f8-ffc1009b9004,4183d4f5-30af-4bae-b78d-ab439d20b44a,2025-07-21T16:14:25+00:00
3711cee4-9894-43b0-ae48-9b580b1bab19,84d2d0e1-50dc-4b2c-a0f8-ffc1009b9004,fd24cb3c-d535-4d3e-8f20-04616346c1f3,2025-05-14T06:29:09+00:00
3c63c1ee-a2a6-4fb5-b5f0-f53d19910049,84d2d0e1-50dc-4b2c-a0f8-ffc1009b9004,ec6a23be-ddf8-411b-a001-feea58a50c51,2025-01-10T20:05:35+00:00
a2eccd89-53e2-4684-948f-1c6b8945fdb2,84d2d0e1-50dc-4b2c-a0f8-ffc1009b9004,7d339706-bfcc-4887-91f1-ec63d2d23823,2025-02-25T16:53:13+00:00
6c6e3ecf-2b4f-452e-b7b3-5065c6114f74,84d2d0e1-50dc-4b2c-a0f8-ffc1009b9004,34441c15-0467-4b92-b3ab-8deb1054c830,2025-01-16T09:00:27+00:00
73a21484-7703-41c3-aa17-f8e4c8a4f115,84d2d0e1-50dc-4b2c-a0f8-ffc1009b9004,d34b2b4a-bc0b-4ffd-83db-00f5cc6c937f,2025-01-25T22:43:41+00:00
c7f28fb6-4f2b-4279-b654-302ebe00fea6,84d2d0e1-50dc-4b2c-a0f8-ffc1009b9004,c2566d73-7996-4de6-8297-ed01fb83a333,2025-03-27T06:14:19+00:00
f8596de1-2fdf-41d3-b77b-d1c4e6647776,84d2d0e1-50dc-4b2c-a0f8-ffc1009b9004,d97c38cc-0971-42dd-869d-988ad7864fdb,2025-04-16T16:01:57+00:00
28204b2b-83f6-4e1b-82ec-34ba0fce1581,84d2d0e1-50dc-4b2c-a0f8-ffc1009b9004,1a6d9651-427f-4f8b-8364-dedd886b767d,2025-08-28T07:19:32+00:00
bd2ea23e-8f2b-4ad4-b479-32cb5432c68b,84d2d0e1-50dc-4b2c-a0f8-ffc1009b9004,e19797db-e29f-48c3-a7bc-6f3ee4494c8c,2026-05-25T08:15:25+00:00
ca9fd305-671e-4911-8084-bfd4f1f4c0b8,5e072d58-0e81-4cfa-a37f-1084791248b7,f91ff251-1181-4bdc-acdc-09ddd07c0f6b,2025-01-11T21:26:57+00:00
40296943-b6cd-4ead-8040-0fcc715e01ee,5e072d58-0e81-4cfa-a37f-1084791248b7,29b08317-6763-47c6-93e5-e9d211886a27,2024-12-27T06:29:41+00:00
4c101eda-d19c-4491-8bdb-5b0ecec9fcb4,5e072d58-0e81-4cfa-a37f-1084791248b7,f79de4b1-f0cc-45e9-85c3-b3112725fde1,2025-01-10T17:50:48+00:00
74cd2efd-fb61-4d4b-b733-7ccbabbcf2b0,f5a1338b-ae78-4e92-9894-7d666a80bf25,f79de4b1-f0cc-45e9-85c3-b3112725fde1,2025-02-15T06:24:09+00:00
ec7a46a2-13da-4206-87d6-d0d51367fea1,f5a1338b-ae78-4e92-9894-7d666a80bf25,87144f65-cce8-4440-b1c1-92d6c4ad5ac8,2026-05-22T20:00:23+00:00
a3c7652a-dcb5-43be-9f05-11d7cafb0074,f5a1338b-ae78-4e92-9894-7d666a80bf25,b5c30eb0-cc41-4812-a25b-a2360d81178c,2026-02-11T08:53:38+00:00
c75a6816-af9f-4ce2-9e35-3d2730d90275,f5a1338b-ae78-4e92-9894-7d666a80bf25,cf7bc542-a4a8-4473-9640-41c0acb7aea5,2026-05-22T14:56:54+00:00
f342e38d-1800-49fd-95ff-a93dddc25d81,f5a1338b-ae78-4e92-9894-7d666a80bf25,e67d37fe-aa3a-4812-8a3a-0cad3700d22f,2025-01-11T17:54:37+00:00
43fe44db-4de3-47bf-844f-06cfa1b7901c,676d15af-78a5-4cbf-a6d6-7f21a6fa9ddc,99d52a61-bee5-4684-9df6-159e47cc27be,2025-01-01T01:30:57+00:00
e243b34e-4135-420f-8b8e-14050633cb82,676d15af-78a5-4cbf-a6d6-7f21a6fa9ddc,3508da09-a51b-4ff3-8e0e-ee486e956b89,2024-12-27T09:13:26+00:00
8cc5e018-3749-4db5-aa5d-c2f7cb60a9d0,676d15af-78a5-4cbf-a6d6-7f21a6fa9ddc,b2934820-ad75-476f-ade6-054a7c89f295,2024-12-28T01:26:53+00:00
592a6d6b-564f-45b3-ae2b-07317c3fa3ec,676d15af-78a5-4cbf-a6d6-7f21a6fa9ddc,323eb581-df66-495e-b4c3-b8d51316dccb,2024-12-27T23:07:13+00:00
fd291b0c-90cf-43e8-ae96-3b6cd2ae3b9c,676d15af-78a5-4cbf-a6d6-7f21a6fa9ddc,c60fc12d-ef3b-47a2-b08d-d35daaa0261f,2024-12-27T13:04:50+00:00
74f65d5a-79eb-444f-a9cc-fc49f5db471d,676d15af-78a5-4cbf-a6d6-7f21a6fa9ddc,e7f25965-2024-4c9f-a575-caa1e7bc13df,2024-12-27T09:08:46+00:00
85e3a6dd-2bfa-43e5-970e-9604ed20ca4f,da82866d-c129-437e-ba83-f20685b68e84,39253471-72c7-42b6-ad3a-569f5728f21e,2025-04-11T03:14:37+00:00
e518e1f2-771d-44f4-ae6c-176dd0953484,da82866d-c129-437e-ba83-f20685b68e84,f46fae0a-66ed-4c74-baa7-7380e11570dd,2026-03-22T13:43:23+00:00
478ab322-0fd2-47dc-a663-46f243911439,6501369d-7539-425b-8d4e-1e3fdf8d65a7,fddcb198-bf64-4afe-a7ba-49b9d8c59c2d,2026-02-05T05:37:55+00:00
9916c520-bc28-438c-b592-d57a1ea8cd1f,6501369d-7539-425b-8d4e-1e3fdf8d65a7,e33923d4-ae33-4f20-93b4-4927825fa9f9,2025-10-15T23:42:09+00:00
ec795ee5-3eab-4df9-9ee2-5a7632400030,adff85eb-8186-498e-9880-bef0ee36fddf,42688444-55cc-483b-a92c-df6777013516,2025-01-13T01:33:24+00:00
4323b20d-7d6d-4ef6-bb28-f9c76996340a,adff85eb-8186-498e-9880-bef0ee36fddf,128acef2-f235-4b4f-9ba9-12cf0271ac50,2025-01-12T12:29:03+00:00
5744942b-164f-45d2-8fa9-b52a99ac26b3,732a659f-e847-4f48-93a4-2f312275d80e,af587165-10af-4199-96d6-3bcb946bf36d,2025-02-13T04:16:31+00:00
9b8ee24a-7922-4794-aa99-121355359e42,732a659f-e847-4f48-93a4-2f312275d80e,7357e086-3d97-4c00-bd2a-662d18d0abec,2025-03-11T23:38:06+00:00
d78c6d60-9d89-465b-8d5d-a5aae9b38e60,e919d7fa-2abb-4e1b-a7d4-eaf8aa8f1d0a,cbcba9e3-129e-437d-adc8-13aae5e788ac,2025-08-02T09:55:34+00:00
f0c9271d-eb3c-4135-9d5b-83888db7ef69,e919d7fa-2abb-4e1b-a7d4-eaf8aa8f1d0a,2709bb2d-e639-44c0-920f-80a9f4c4955e,2025-02-27T02:04:32+00:00
f8891030-ab47-4ea2-b24a-45d9c645595b,e919d7fa-2abb-4e1b-a7d4-eaf8aa8f1d0a,ae8523f3-49f1-45d4-ab29-0313676f12d0,2025-01-24T16:07:43+00:00
b2434cc0-44a3-4bb6-9b65-a6c4057196a3,e919d7fa-2abb-4e1b-a7d4-eaf8aa8f1d0a,b126e808-1a11-4d61-af32-05384751f291,2026-07-01T08:26:41+00:00
07f858b5-9083-44cf-ad03-d6940b25b75e,e919d7fa-2abb-4e1b-a7d4-eaf8aa8f1d0a,74375a59-e8c7-406f-8580-d46c74187dc9,2025-03-10T06:03:20+00:00
39de42aa-ea6a-4fcf-98fb-be07226e1c4e,e919d7fa-2abb-4e1b-a7d4-eaf8aa8f1d0a,86a2d273-34b8-46f0-bdc9-4868692691fa,2025-05-30T22:22:27+00:00
900f0ff5-5428-4d84-ac63-514d1b1ab524,e919d7fa-2abb-4e1b-a7d4-eaf8aa8f1d0a,725e8519-9d26-48e9-a0d7-b1d766f3587d,2025-10-21T16:03:31+00:00
85b177e9-3c72-4b1a-92f4-9c02b070358e,e919d7fa-2abb-4e1b-a7d4-eaf8aa8f1d0a,635cb86b-03c7-4fb4-884b-ced27f9691bb,2025-01-29T12:42:15+00:00
c6f28167-070a-41b3-85bf-b15924a50e85,e919d7fa-2abb-4e1b-a7d4-eaf8aa8f1d0a,aea754b5-366e-4133-98b4-d7a02489d027,2025-11-13T22:13:07+00:00
74714350-e7c5-420e-8862-bea634667625,e919d7fa-2abb-4e1b-a7d4-eaf8aa8f1d0a,31d9eacf-7f61-4435-b484-43965f1c29b6,2025-03-04T11:47:31+00:00
d670b6c9-c931-46cc-adaa-b9cad517222a,e919d7fa-2abb-4e1b-a7d4-eaf8aa8f1d0a,4c8ec64f-c0d0-4cfb-b064-d47de0ec57ba,2026-07-11T17:21:56+00:00
59234a12-11e4-4f5b-af5f-a346272ac782,e919d7fa-2abb-4e1b-a7d4-eaf8aa8f1d0a,484b4933-21fa-4a46-904b-33017ff3857f,2025-04-25T08:47:59+00:00
f3e9d8b9-392a-4015-9956-db8cdc7a0e87,e919d7fa-2abb-4e1b-a7d4-eaf8aa8f1d0a,39253471-72c7-42b6-ad3a-569f5728f21e,2025-05-31T04:25:47+00:00
a213a8dd-4d53-4726-a7d4-397d0694d30b,e919d7fa-2abb-4e1b-a7d4-eaf8aa8f1d0a,3508da09-a51b-4ff3-8e0e-ee486e956b89,2025-12-09T16:07:43+00:00
cf426fa9-fa4f-44f4-8508-97d5cedb5f3d,e919d7fa-2abb-4e1b-a7d4-eaf8aa8f1d0a,3a748a52-31e6-4e13-b168-3406e4520722,2025-11-02T09:44:52+00:00
dbe12788-a241-48d2-8c6e-423d84fc34f8,e919d7fa-2abb-4e1b-a7d4-eaf8aa8f1d0a,75c13d9c-916c-4e76-9219-1fb1448b7789,2025-09-27T21:41:48+00:00
d4040e8f-0932-4e14-a383-b05322059fa9,e919d7fa-2abb-4e1b-a7d4-eaf8aa8f1d0a,9fa1bd7e-fe95-4d72-89e0-17853678fb5b,2025-01-26T02:25:18+00:00
aba7cd91-1e07-4303-a0cb-343a9be02bd1,e919d7fa-2abb-4e1b-a7d4-eaf8aa8f1d0a,b0f283a0-c828-4aff-80c1-0fa9a4940b92,2025-12-06T03:06:26+00:00
258f2e4b-16b6-49aa-93cb-e820385db9f3,e919d7fa-2abb-4e1b-a7d4-eaf8aa8f1d0a,469cafcd-e935-4706-a180-dbcf0d46cd05,2026-07-02T20:47:48+00:00
73c0db72-7459-4768-bdb0-79b056befd52,e919d7fa-2abb-4e1b-a7d4-eaf8aa8f1d0a,fd24cb3c-d535-4d3e-8f20-04616346c1f3,2026-01-01T01:35:32+00:00
59b15aed-cd8c-4c48-ad92-186f1e9b5414,e919d7fa-2abb-4e1b-a7d4-eaf8aa8f1d0a,659f0acc-033d-4e42-acb5-b569fa69a743,2025-01-26T19:26:26+00:00
8822b8e1-e537-4f3e-a9c1-738526d92c46,e919d7fa-2abb-4e1b-a7d4-eaf8aa8f1d0a,75a9c08b-c3f9-48ea-bba3-d6136d51a785,2025-01-29T20:11:28+00:00
8d462ac3-5a7a-44ac-b28c-96859fbf2373,e919d7fa-2abb-4e1b-a7d4-eaf8aa8f1d0a,22b1d57e-427b-4075-b871-f3a5bde40fbe,2026-06-22T16:45:58+00:00
148600e2-5ab0-4594-819d-7eeed506851c,e919d7fa-2abb-4e1b-a7d4-eaf8aa8f1d0a,a1e4b04f-3354-4716-9914-0e447f91fb26,2025-02-02T02:48:36+00:00
9e14bd71-d3bb-49ec-ba33-87c5dc3f8263,e919d7fa-2abb-4e1b-a7d4-eaf8aa8f1d0a,aebbbd34-c750-4cee-b298-18c1698b9b92,2026-06-24T00:18:10+00:00
3cc5c31b-c78b-44db-9ecc-c12aa96b886a,e919d7fa-2abb-4e1b-a7d4-eaf8aa8f1d0a,6225ff1d-dff6-4eec-8a09-0b85b8e80e91,2026-01-04T20:58:39+00:00
2bfa39cd-ecf8-416e-b413-bb8b0757e622,e919d7fa-2abb-4e1b-a7d4-eaf8aa8f1d0a,53cbc155-02f5-409e-90b8-e1d1b8a42be9,2025-01-30T18:34:25+00:00
5770718e-d013-411c-9c9d-a4d4cfcaf6df,e919d7fa-2abb-4e1b-a7d4-eaf8aa8f1d0a,f87b345a-0777-46fc-865a-b76dacc1e90a,2025-03-17T09:57:41+00:00
d174fd98-9a0a-4680-8463-48cd58bf1a4c,e919d7fa-2abb-4e1b-a7d4-eaf8aa8f1d0a,c2566d73-7996-4de6-8297-ed01fb83a333,2025-08-06T05:59:00+00:00
7fc20e58-9b8e-492e-9039-641ac9d5e08e,e919d7fa-2abb-4e1b-a7d4-eaf8aa8f1d0a,6760b35f-d3be-4df1-b9bb-dcc8d7227291,2025-09-04T04:21:59+00:00
af2e0699-6c70-4ee8-807c-3b9d81cc6c61,e919d7fa-2abb-4e1b-a7d4-eaf8aa8f1d0a,5ce43817-8afb-43c8-aa72-569b92aeb223,2025-04-10T13:50:37+00:00
f809f65f-ed2c-4872-b147-657f98140ecb,e919d7fa-2abb-4e1b-a7d4-eaf8aa8f1d0a,f7318ac8-5529-4cd7-98ea-c6b5c629b8b2,2025-08-31T20:46:47+00:00
df3900d8-b6d4-4df7-b3cb-b2eaa6295988,e919d7fa-2abb-4e1b-a7d4-eaf8aa8f1d0a,32a7fe23-fa7e-4905-9afd-b6639736963d,2025-08-27T11:41:58+00:00
9a20f744-bc62-4d80-a611-8e13e3459961,e919d7fa-2abb-4e1b-a7d4-eaf8aa8f1d0a,6236d33d-7b57-486d-81e8-a247d50fa2a4,2025-01-17T08:31:03+00:00
64343d1b-2341-4812-8ff7-4c734156a015,e919d7fa-2abb-4e1b-a7d4-eaf8aa8f1d0a,01ad5d19-51ac-4277-bf22-13bac68b5a71,2025-08-31T17:53:18+00:00
4082b9bb-dddd-46fa-aa50-83ff79f324f4,e919d7fa-2abb-4e1b-a7d4-eaf8aa8f1d0a,128acef2-f235-4b4f-9ba9-12cf0271ac50,2025-04-22T13:03:45+00:00
48cf044f-e140-4a17-a635-1c38522ed857,e919d7fa-2abb-4e1b-a7d4-eaf8aa8f1d0a,85a05a4b-ce52-43cf-8433-02a2cad529e1,2025-03-11T09:04:09+00:00
f73ef8df-06f8-48bf-b05d-356211d14669,e919d7fa-2abb-4e1b-a7d4-eaf8aa8f1d0a,828a88f5-8cb3-48a8-9e07-3db32ed9a35d,2025-06-04T03:57:08+00:00
e7bc82b5-c04e-475d-be90-e6c47b2ed95a,e919d7fa-2abb-4e1b-a7d4-eaf8aa8f1d0a,4cf59a7d-3daf-44fe-8e86-aa4389b82fc0,2025-01-15T05:08:08+00:00
23308a0b-1b7b-45f4-999b-1bc9d83ce3e0,e919d7fa-2abb-4e1b-a7d4-eaf8aa8f1d0a,a83115e6-95d7-4710-8785-ad490862eb1d,2025-04-26T00:47:30+00:00
d73f0d72-f95a-4c18-9bad-c195ec0606b6,e919d7fa-2abb-4e1b-a7d4-eaf8aa8f1d0a,94124252-c61f-4b05-ab17-fb467c898e0c,2025-10-03T02:00:36+00:00
cd7231c8-a954-4e96-9d6a-eaab4cacf2de,e919d7fa-2abb-4e1b-a7d4-eaf8aa8f1d0a,323eb581-df66-495e-b4c3-b8d51316dccb,2025-08-16T00:30:31+00:00
5bba37d1-e6fc-4d50-ae4e-0b019d4b51e3,e919d7fa-2abb-4e1b-a7d4-eaf8aa8f1d0a,fe1dae52-39dc-4990-be70-ac03aa8ee90a,2026-01-13T10:57:14+00:00
b7a4d485-da16-4a75-bd45-28d62412b930,e919d7fa-2abb-4e1b-a7d4-eaf8aa8f1d0a,6cad3973-c23d-4cec-bb0c-6ecf78003373,2025-04-26T18:27:19+00:00
64cc64c1-bbce-4652-bc50-b91acae2383f,e919d7fa-2abb-4e1b-a7d4-eaf8aa8f1d0a,d34b2b4a-bc0b-4ffd-83db-00f5cc6c937f,2025-04-09T06:47:59+00:00
6d0d955c-abf1-433a-b559-031fefb4b0dd,e919d7fa-2abb-4e1b-a7d4-eaf8aa8f1d0a,75fb3cc3-3a13-475e-9146-fa6c2c28ad75,2026-05-26T05:31:03+00:00
56d0fe65-65e9-43c5-9f45-9d85538a9cf0,e919d7fa-2abb-4e1b-a7d4-eaf8aa8f1d0a,43dbd776-bd4c-4ef1-933a-59af47a589b5,2025-01-25T19:09:54+00:00
eb6920aa-66d4-4136-9d58-ef12f1bf5cc8,e919d7fa-2abb-4e1b-a7d4-eaf8aa8f1d0a,0581305f-6e14-482c-94be-e2a7bab71968,2025-03-24T11:17:40+00:00
604b97ab-efa8-45d4-8635-7694345dfca7,e919d7fa-2abb-4e1b-a7d4-eaf8aa8f1d0a,1df596d4-a79f-4572-9306-495047dbf75e,2025-04-14T10:10:57+00:00
9b391dca-0719-4ed2-895e-d6148c910ea7,e919d7fa-2abb-4e1b-a7d4-eaf8aa8f1d0a,f91ff251-1181-4bdc-acdc-09ddd07c0f6b,2026-02-15T09:57:27+00:00
acdc98fa-185a-4123-bcdf-de99024b5e92,e919d7fa-2abb-4e1b-a7d4-eaf8aa8f1d0a,3b30a6e4-3c57-4bbd-9b03-022e7facb880,2025-03-09T04:15:09+00:00
a2a9f3b1-59ff-4ec7-b301-967a65a15d5c,e919d7fa-2abb-4e1b-a7d4-eaf8aa8f1d0a,eeff5407-0122-4256-8fe0-ca19e54acbbb,2025-08-29T12:23:29+00:00
66e480e5-89fd-49bc-8129-383be75bcfb0,e919d7fa-2abb-4e1b-a7d4-eaf8aa8f1d0a,d22d4315-95d0-4e9b-8b3a-ee71f98284ba,2025-04-05T03:20:44+00:00
f1152efd-e82a-4227-9f67-4233581b1f9c,e919d7fa-2abb-4e1b-a7d4-eaf8aa8f1d0a,e099a97d-3a12-4986-9f7b-4929504bd92f,2025-09-25T06:07:49+00:00
f83b1226-3beb-48b4-a8e6-6396de707053,e919d7fa-2abb-4e1b-a7d4-eaf8aa8f1d0a,ded797b6-afed-4f9c-8ae0-35b3c61aa0e4,2025-02-10T17:06:36+00:00
478a1dc1-e5b9-4776-9d5c-420128364616,e919d7fa-2abb-4e1b-a7d4-eaf8aa8f1d0a,f31ed9a5-371d-40f1-abad-f2898658760d,2025-11-07T11:23:53+00:00
979bfb95-1b90-4d10-8803-7a94bbeb3916,6a10f71d-606f-44a3-ab06-dd38c18f0272,4df1de8f-107b-424b-b224-0ed52a3b292f,2026-01-28T17:01:04+00:00
1ceb99b7-99a3-45ea-8bf3-fbc7a804f272,6a10f71d-606f-44a3-ab06-dd38c18f0272,c6fd42f0-6060-47cf-a8e8-e24dcaee7d26,2025-05-22T19:34:26+00:00
69f149c8-ccaa-4c40-a1a2-7927247242fd,6a10f71d-606f-44a3-ab06-dd38c18f0272,53a84c41-db22-49bf-98bd-d408fffdabc3,2025-02-22T21:05:33+00:00
fe2ade5c-60bc-4a55-8f90-11acb0e78526,6a10f71d-606f-44a3-ab06-dd38c18f0272,60894dd1-d449-4366-a1f2-506c99644e4d,2025-09-23T17:44:31+00:00
2d0e2fa8-26a8-44ec-9b78-0cfd2c780b7a,6a10f71d-606f-44a3-ab06-dd38c18f0272,e33923d4-ae33-4f20-93b4-4927825fa9f9,2025-02-03T08:11:40+00:00
d0fce1ac-be9d-4a48-b980-267acfba8e84,6a10f71d-606f-44a3-ab06-dd38c18f0272,26d61dc5-0b03-4c16-8a64-7afeba92fecb,2025-04-19T17:45:19+00:00
c6d8d0c4-d525-4bcb-9dcd-d732f534a1f0,f2719710-3373-4937-a5d9-c1bac43b860d,54f26470-51db-447f-8c40-86bc6859b21b,2025-10-15T17:42:20+00:00
f49fad83-7917-4cdf-aa98-e5af301c311d,cb72a6a2-d3bc-43f9-9123-4c493783580c,a1e2e693-3bde-4f70-9281-01259889ee69,2026-02-22T23:17:18+00:00
d876d73d-07a3-4779-b1ec-09f7b5231be9,cb72a6a2-d3bc-43f9-9123-4c493783580c,6236d33d-7b57-486d-81e8-a247d50fa2a4,2025-04-18T09:13:31+00:00
12ee04f1-93cf-4def-8fb9-f19fd9cdd45a,cb72a6a2-d3bc-43f9-9123-4c493783580c,3ae23a73-75a2-49e9-b24e-8c3459016993,2025-08-31T21:32:45+00:00
63d55239-91e3-4bf8-b21e-8f1cb07a9c8e,cb72a6a2-d3bc-43f9-9123-4c493783580c,3e7caac0-1ca6-4783-9a3e-0aec999045f7,2025-04-09T01:48:50+00:00
9ad5ad61-3f74-4152-a893-5ec22dbfe067,cb72a6a2-d3bc-43f9-9123-4c493783580c,6eaf2004-a475-4bbd-b327-ceb492d267a7,2025-03-30T14:17:21+00:00
67fdc849-ab93-4ca3-8b16-e234d24d10ac,cb72a6a2-d3bc-43f9-9123-4c493783580c,2e23fd62-664f-4904-93b9-98484374da38,2025-07-07T11:23:03+00:00
a7e7a824-3f6a-49d5-a269-5645b088349a,cb72a6a2-d3bc-43f9-9123-4c493783580c,53a84c41-db22-49bf-98bd-d408fffdabc3,2025-02-06T04:24:41+00:00
7b824ee1-e69e-4b88-a2d2-4c510c4b2e2f,cb72a6a2-d3bc-43f9-9123-4c493783580c,38736e97-8380-4bc8-9d40-b95a6d5761ef,2026-08-22T21:27:48+00:00
5b23fba6-5286-4c68-b7ff-e3bcbe4dee80,39a53c88-4526-446a-a50b-5c53f061276a,0581305f-6e14-482c-94be-e2a7bab71968,2025-01-29T05:01:10+00:00
8af5bc6d-c80c-418f-a598-978838c1f9d6,39a53c88-4526-446a-a50b-5c53f061276a,ffe376b0-b660-443d-9d11-cd993fa8abe4,2026-02-11T08:16:29+00:00
667b2104-1e7d-4caa-8362-d0519d56746a,39a53c88-4526-446a-a50b-5c53f061276a,635cb86b-03c7-4fb4-884b-ced27f9691bb,2025-07-27T00:11:26+00:00
1e55768a-6a10-4d3e-83a3-cfafeca08e95,39a53c88-4526-446a-a50b-5c53f061276a,31d9eacf-7f61-4435-b484-43965f1c29b6,2025-04-02T00:06:07+00:00
0b563053-586d-4e32-82c0-47f975e6b142,39a53c88-4526-446a-a50b-5c53f061276a,98975cfd-3638-4842-83fd-fb6f839b37d9,2025-02-02T18:50:40+00:00
e514dd6e-5c24-45f3-8c23-204fd2f4df92,39a53c88-4526-446a-a50b-5c53f061276a,9c406b9d-cd77-4899-a023-48de9fc080a7,2026-03-07T07:09:29+00:00
26ba215e-4948-4a1f-a3ee-b7e4da1fbcb3,ac17bff0-bac0-47a6-a0bc-49d52d438847,39387e77-2cf5-4e83-a449-610606391894,2025-01-29T03:53:45+00:00
f5f35ad2-845f-46ad-a6fb-571518cdd6cb,ac17bff0-bac0-47a6-a0bc-49d52d438847,bdd3bd04-7e4b-4d82-816f-dceb5fae55ea,2025-12-06T18:53:32+00:00
9ae1d4b3-cec9-46a6-84a9-c053ec0ab605,ac17bff0-bac0-47a6-a0bc-49d52d438847,e5f76da6-068a-4b15-bb2c-649e314a26ed,2025-01-27T08:26:27+00:00
e1a835d1-397f-4b28-95ad-f0a050e55d79,ac17bff0-bac0-47a6-a0bc-49d52d438847,a1e4b04f-3354-4716-9914-0e447f91fb26,2025-03-04T07:23:28+00:00
1c96cc42-b836-4550-954a-3849dea4d5c1,ac17bff0-bac0-47a6-a0bc-49d52d438847,fba653f1-56a1-4e32-b3a6-1205a8a2e461,2025-01-27T08:50:27+00:00
8dd7a900-4337-45b1-bbda-cb124c8c028e,ac17bff0-bac0-47a6-a0bc-49d52d438847,f8ec5735-1c8f-4776-b569-2f0195771513,2026-01-02T08:56:04+00:00
025150f0-1473-45c2-b825-d8dd8014cdda,ac17bff0-bac0-47a6-a0bc-49d52d438847,fe1dae52-39dc-4990-be70-ac03aa8ee90a,2026-01-23T00:00:02+00:00
b5369b7b-79f1-46d0-ad52-449b13b0a6a6,ac17bff0-bac0-47a6-a0bc-49d52d438847,d24b23ee-291d-4c2f-8c3a-ce1251c2c3d8,2025-02-06T05:10:31+00:00
46366d73-33d6-4a7b-9b60-946c7170c0ed,5b85b9e0-4c46-408b-b89f-fbdfc2e46dab,bf6c0e33-5fc6-4e92-8a2d-83065bf149c4,2025-04-25T07:16:55+00:00
b5a5bc19-65ce-4a21-9022-67033e826c1c,5b85b9e0-4c46-408b-b89f-fbdfc2e46dab,2e33ff49-a484-4f82-95d2-dc4216703bb3,2025-05-02T08:11:44+00:00
2e6d5cde-cd93-4ee5-ae6d-86ba9ba64a1c,5b85b9e0-4c46-408b-b89f-fbdfc2e46dab,10e5f889-8510-460a-b274-ff42a4b2a3e9,2025-04-26T21:03:20+00:00
952a89d1-6478-460c-b3af-db9ec2762e64,5b85b9e0-4c46-408b-b89f-fbdfc2e46dab,7d339706-bfcc-4887-91f1-ec63d2d23823,2025-02-03T06:23:16+00:00
f3edeae6-c870-47de-a44b-0af26e70022c,5b85b9e0-4c46-408b-b89f-fbdfc2e46dab,57d2ea34-ccda-48c1-82da-d0d973b20d87,2026-08-01T14:36:51+00:00
157ab351-5404-45e5-ba6f-6a4ad5296398,5b85b9e0-4c46-408b-b89f-fbdfc2e46dab,8c0f035c-ed24-4e92-9e38-7d7562011845,2025-01-26T03:14:02+00:00
d8251d17-3164-4a3a-9f66-025042fa693a,5b85b9e0-4c46-408b-b89f-fbdfc2e46dab,bacf1c32-002e-4d62-8c6c-221609513f2f,2025-11-03T19:20:12+00:00
632608aa-e6d2-445a-9459-7a2ac5b6f998,5b85b9e0-4c46-408b-b89f-fbdfc2e46dab,e7f25965-2024-4c9f-a575-caa1e7bc13df,2025-04-07T04:14:19+00:00
5fbaaa98-c761-4237-9f97-53d61d7a0293,5b85b9e0-4c46-408b-b89f-fbdfc2e46dab,0474d78b-b695-4c1a-967f-6fc9587ddc43,2025-10-23T10:19:40+00:00
04412f45-7599-412f-897d-55e72f336d47,5b85b9e0-4c46-408b-b89f-fbdfc2e46dab,30af9bdd-a273-4b60-bac7-ca71cf3d5ef9,2026-03-11T00:40:48+00:00
a8c1f857-3b98-410c-a728-5a72cb2562da,5b85b9e0-4c46-408b-b89f-fbdfc2e46dab,62d505af-b1ab-402a-b8ac-bf03c359aea7,2025-03-19T03:54:22+00:00
672e44bc-50bf-4896-b46f-1da204cafdc4,5b85b9e0-4c46-408b-b89f-fbdfc2e46dab,0c75c528-0777-4d48-b0e4-87ab07dcd5a2,2025-01-26T13:12:07+00:00
be972f09-f488-482e-a305-1c61e401f634,5b85b9e0-4c46-408b-b89f-fbdfc2e46dab,d24b23ee-291d-4c2f-8c3a-ce1251c2c3d8,2025-02-25T07:28:06+00:00
7530bdca-b66c-4770-beb7-c403b35e986e,5b85b9e0-4c46-408b-b89f-fbdfc2e46dab,adcf5b0c-a9b8-4599-8c22-a281a999db7b,2026-02-19T17:42:11+00:00
0df5b161-2b45-4d24-aef1-be03fad6c821,5b85b9e0-4c46-408b-b89f-fbdfc2e46dab,743aae1e-e024-4953-a3ae-1413333f514f,2026-06-24T04:56:32+00:00
00242ba6-8276-419f-bfec-4f0fd6477a8c,5b85b9e0-4c46-408b-b89f-fbdfc2e46dab,a105a7b4-bf97-4183-b330-e5764873fe47,2026-03-01T17:07:37+00:00
7f769741-8e1e-4289-ae84-a67b9917c61e,5b85b9e0-4c46-408b-b89f-fbdfc2e46dab,98975cfd-3638-4842-83fd-fb6f839b37d9,2025-10-13T07:18:47+00:00
48c86e58-d7ed-4403-987c-4a188c09e08e,5b85b9e0-4c46-408b-b89f-fbdfc2e46dab,6695a266-c3cd-43a7-a7fb-fcac77328615,2025-01-29T19:03:59+00:00
9ee22718-dff7-4ac2-bf15-2c230b4e1256,5b85b9e0-4c46-408b-b89f-fbdfc2e46dab,22b1d57e-427b-4075-b871-f3a5bde40fbe,2025-07-26T05:50:52+00:00
afc55802-432a-4091-9581-4ea28601ccd1,5b85b9e0-4c46-408b-b89f-fbdfc2e46dab,e33923d4-ae33-4f20-93b4-4927825fa9f9,2025-01-30T07:14:25+00:00
003335b9-4fd1-4811-85a3-3d8661e66f2e,5b85b9e0-4c46-408b-b89f-fbdfc2e46dab,32a7fe23-fa7e-4905-9afd-b6639736963d,2025-02-01T23:28:57+00:00
1ca498a6-cc6e-4d02-bc11-0f2fc8012a99,5b85b9e0-4c46-408b-b89f-fbdfc2e46dab,94124252-c61f-4b05-ab17-fb467c898e0c,2025-10-09T06:59:10+00:00
c6359dbe-a09e-4dfb-92c1-efa0adf2ef46,5b85b9e0-4c46-408b-b89f-fbdfc2e46dab,666bc6ff-a4ef-4446-b1f3-452d89ab9300,2025-07-01T23:45:24+00:00
b7a1da16-095c-44ee-b7e2-cb41c9015646,5b85b9e0-4c46-408b-b89f-fbdfc2e46dab,dd31032b-6dd2-426d-bfc1-f03e9f5eefa1,2025-05-14T01:46:07+00:00
89da045b-cc9a-4eb4-adaf-cbbdd4c8876e,5b85b9e0-4c46-408b-b89f-fbdfc2e46dab,60e4a087-d37a-496f-8841-564316fa7ec6,2026-03-27T14:16:24+00:00
f3c6b8ea-70fe-4ffe-abc9-28042679d487,5b85b9e0-4c46-408b-b89f-fbdfc2e46dab,bf74e9cf-5b79-495b-8c29-2dec4918a0c9,2026-08-28T13:04:43+00:00
d57b48c2-5c71-4125-a8ef-beba47626c98,5b85b9e0-4c46-408b-b89f-fbdfc2e46dab,29b08317-6763-47c6-93e5-e9d211886a27,2025-11-22T06:26:20+00:00
e7c29a7c-1713-444e-ab6d-8eab02431c88,5b85b9e0-4c46-408b-b89f-fbdfc2e46dab,4366727f-cad9-45ec-ac07-3b7e024b94a1,2025-02-08T15:49:12+00:00
ee78d686-d65d-44fd-8aa2-8f17cc09c0a9,5b85b9e0-4c46-408b-b89f-fbdfc2e46dab,c3e6de0b-ae0e-464a-aeef-51bebdd50073,2025-07-31T20:56:06+00:00
3663b189-cf1a-435a-b99e-f437a7f5c660,5b85b9e0-4c46-408b-b89f-fbdfc2e46dab,2b77ffd4-2ea9-47fb-b996-21cee3b20d07,2026-03-23T16:34:33+00:00
223b72de-140e-4560-8582-d6768496ba64,5b85b9e0-4c46-408b-b89f-fbdfc2e46dab,c76f1c0b-bf00-4af7-84b8-6ec1e8252901,2026-01-27T20:13:10+00:00
e2239617-fecf-4b93-8e61-9c7b116aacaa,5b85b9e0-4c46-408b-b89f-fbdfc2e46dab,183fdc19-a9c5-4db8-a9f3-e0f20feea8e8,2025-08-19T08:54:04+00:00
61ae5a61-3c02-47e1-a993-938075a25871,5b85b9e0-4c46-408b-b89f-fbdfc2e46dab,60894dd1-d449-4366-a1f2-506c99644e4d,2026-07-26T23:59:02+00:00
a93e2846-5813-487e-9ced-bb19f3ec88c3,5b85b9e0-4c46-408b-b89f-fbdfc2e46dab,6eaf2004-a475-4bbd-b327-ceb492d267a7,2025-03-24T02:02:49+00:00
e4cfac9a-0760-46fa-b568-4981d8c330e0,5b85b9e0-4c46-408b-b89f-fbdfc2e46dab,cb3f27ba-7b73-4263-a8df-7fc52f4ac105,2026-04-03T14:05:38+00:00
0b7a2b1b-2d12-4c05-b42b-18b569c6aa8c,5b85b9e0-4c46-408b-b89f-fbdfc2e46dab,1a6871ca-4c9c-41a0-a153-98abff494d21,2025-11-15T10:22:13+00:00
e03b1396-3904-4d01-8b77-1c186a9a135b,5b85b9e0-4c46-408b-b89f-fbdfc2e46dab,917bdd4a-0545-41ea-8bbb-c3ec512a6c48,2026-02-21T20:30:47+00:00
5b245abe-5561-4b2a-ab6e-d2cb4c138958,c5bea319-91b1-4055-8f0b-8f1cce28d126,468552db-87c2-40a1-b501-f637c4f5d75a,2025-02-02T08:33:23+00:00
e26d017f-bcc7-444c-be7c-7fa84f728f44,6f537dc2-43aa-4608-a6fb-53896718f4bb,e2bc1752-1983-472e-bbd9-c6fae7cac58a,2025-01-30T08:01:52+00:00
ac329f69-37fe-4440-ab7b-4497f5ce11b3,6f537dc2-43aa-4608-a6fb-53896718f4bb,99d52a61-bee5-4684-9df6-159e47cc27be,2025-02-22T16:53:27+00:00
fca94024-5c37-43bc-8520-1b0a99d0ccc0,6f537dc2-43aa-4608-a6fb-53896718f4bb,cbcba9e3-129e-437d-adc8-13aae5e788ac,2025-02-01T00:38:17+00:00
d86bd88e-c217-460e-a180-7ad563c1059d,6f537dc2-43aa-4608-a6fb-53896718f4bb,e1ed7e6e-8e69-4089-a848-80cc71f34ee0,2025-02-01T02:35:00+00:00
6e6e8f83-4c52-4db6-afed-caeffd79cc9b,6f537dc2-43aa-4608-a6fb-53896718f4bb,d97c38cc-0971-42dd-869d-988ad7864fdb,2025-02-27T05:40:34+00:00
e23cdad8-0232-41e8-b1d7-f7c864e5ab00,6f537dc2-43aa-4608-a6fb-53896718f4bb,5ca23f6e-524f-449e-b9d2-a758e70cff73,2025-01-31T17:10:36+00:00
41548e8a-e4f0-48ad-938c-e3beee251797,6f537dc2-43aa-4608-a6fb-53896718f4bb,a83115e6-95d7-4710-8785-ad490862eb1d,2025-02-01T08:32:22+00:00
02bd8b4b-02e6-4db0-a2b5-f15bb5d17da5,63070180-558c-42be-a80f-e194b2974bc3,bdd3bd04-7e4b-4d82-816f-dceb5fae55ea,2025-02-01T18:19:39+00:00
086f56d0-6e8e-4567-af04-d3fc53623146,eaeb284c-3584-4afc-96a2-3b3a7d688c1a,3dc6ba51-e546-4e5c-8e8a-6d0bb4c42691,2025-11-02T17:48:19+00:00
a21dff22-05e8-416c-b70c-7074f9581656,eaeb284c-3584-4afc-96a2-3b3a7d688c1a,f91ff251-1181-4bdc-acdc-09ddd07c0f6b,2025-05-02T22:22:01+00:00
7b02c94d-eff3-4c5f-b435-f0700f58ee52,eaeb284c-3584-4afc-96a2-3b3a7d688c1a,e7f25965-2024-4c9f-a575-caa1e7bc13df,2025-04-12T12:07:16+00:00
ff09133e-95e6-4f35-859a-5b3edd83c1f6,eaeb284c-3584-4afc-96a2-3b3a7d688c1a,b9468cb9-ed1b-40fe-a021-2f6da1f2925d,2025-04-19T10:22:22+00:00
96e16b44-1501-464b-b26a-240f6f3dad44,eaeb284c-3584-4afc-96a2-3b3a7d688c1a,02126d92-72ee-409c-9e6c-a2e4d9f83a6b,2025-04-15T12:32:28+00:00
7ea7440d-f871-4736-ac34-04c5a62c5d24,eaeb284c-3584-4afc-96a2-3b3a7d688c1a,5d717b99-735c-4981-87a3-225adde8acea,2025-02-05T21:52:36+00:00
dcb03375-c8e7-46a5-bc88-515f0ea7f80e,eaeb284c-3584-4afc-96a2-3b3a7d688c1a,c3e6de0b-ae0e-464a-aeef-51bebdd50073,2025-05-29T08:37:42+00:00
2f3d8874-531b-4bf9-9b27-721ccb920c22,eaeb284c-3584-4afc-96a2-3b3a7d688c1a,c23dbe1f-e0ec-4c11-aa9d-12a5f551ed35,2026-05-09T08:54:14+00:00
838aee90-7765-40cc-9d90-d876192d85a0,eaeb284c-3584-4afc-96a2-3b3a7d688c1a,f79de4b1-f0cc-45e9-85c3-b3112725fde1,2025-02-13T06:27:08+00:00
3af9972e-e2ed-4f64-9040-10370b584886,eaeb284c-3584-4afc-96a2-3b3a7d688c1a,cbcba9e3-129e-437d-adc8-13aae5e788ac,2025-02-03T07:08:19+00:00
e9dedd97-6605-407e-b20b-e1b272b33737,eaeb284c-3584-4afc-96a2-3b3a7d688c1a,9d8932ce-a55d-459a-ba8a-180a929fbfac,2026-01-29T13:11:52+00:00
f808cf36-74ef-472f-a030-77401b3c94c6,eaeb284c-3584-4afc-96a2-3b3a7d688c1a,17bc3a75-830c-41bc-b847-8447593a7d03,2026-04-13T01:38:15+00:00
bfb5e289-95f7-466f-b26f-3efad9e4141e,eaeb284c-3584-4afc-96a2-3b3a7d688c1a,e8bd6718-0ee1-4de3-9813-716c81bea5a5,2025-09-27T14:27:10+00:00
da84d3dd-be58-4e6f-a742-1053642fd4cf,eaeb284c-3584-4afc-96a2-3b3a7d688c1a,c075f716-f675-4694-b3ea-4a26b1bb740a,2025-09-11T01:42:22+00:00
a3fe5e14-bfcd-4574-9143-be5bbe4381a1,eaeb284c-3584-4afc-96a2-3b3a7d688c1a,b3756f66-bc0a-4be7-b18e-d5a43ae2cb20,2025-06-02T18:52:43+00:00
c4e4d0b1-100a-45e4-b5d4-84dd661c64b7,eaeb284c-3584-4afc-96a2-3b3a7d688c1a,3e7caac0-1ca6-4783-9a3e-0aec999045f7,2025-02-03T06:37:00+00:00
41f564f9-4fca-4a1d-bec9-c4b3dab2c499,eaeb284c-3584-4afc-96a2-3b3a7d688c1a,e5d66484-0921-411a-aecc-60e791695a29,2025-02-18T11:14:50+00:00
edb0c405-e085-4107-98bf-69019b420843,eaeb284c-3584-4afc-96a2-3b3a7d688c1a,27de1447-4949-4ba1-94da-511dcf33e97a,2025-12-08T09:08:03+00:00
bb16d17d-af6f-4c2c-b0b9-5fd62a07ee34,eaeb284c-3584-4afc-96a2-3b3a7d688c1a,4cf59a7d-3daf-44fe-8e86-aa4389b82fc0,2025-06-29T05:33:51+00:00
41600287-9b03-4e37-b165-79fd2dbc9c87,eaeb284c-3584-4afc-96a2-3b3a7d688c1a,633e35cc-49f2-45eb-961a-e210bcd9d073,2026-07-07T08:48:22+00:00
16d13993-a9f5-4ab0-a63e-b123eb1bf9f5,eaeb284c-3584-4afc-96a2-3b3a7d688c1a,ae8523f3-49f1-45d4-ab29-0313676f12d0,2025-02-07T16:43:57+00:00
abc4b371-69c8-4c2c-a39d-7574311d34cb,3f103508-aa28-4097-a611-11b708f3d3fb,e5f76da6-068a-4b15-bb2c-649e314a26ed,2025-02-03T21:13:29+00:00
5ed2c50f-5d44-4895-9f4f-10fc13e58aff,3f103508-aa28-4097-a611-11b708f3d3fb,767703ae-4d74-4728-ae3f-a80c8b6ead76,2025-09-02T05:42:19+00:00
4e8c4f2d-9f12-4c4c-aab8-9655711f9ab9,3f103508-aa28-4097-a611-11b708f3d3fb,681a768e-2c15-4f60-b8bb-6613e5d882f5,2025-03-17T07:43:55+00:00
5a7acbec-e465-4649-9d1b-8109ca167433,3f103508-aa28-4097-a611-11b708f3d3fb,1c53189a-7903-4dcb-97d6-29489110198e,2025-02-18T03:04:56+00:00
7355457f-c000-4ff9-bece-2ee1f3f4627b,3f103508-aa28-4097-a611-11b708f3d3fb,054fe171-2aa2-4064-be59-369e103477d7,2025-03-20T00:05:47+00:00
b178a6cf-0c55-41d6-a1bd-ae9e2b5d5a22,3f103508-aa28-4097-a611-11b708f3d3fb,e3d856ad-6787-404e-8e93-f255933c3680,2026-06-04T10:04:14+00:00
effcb7c2-ad18-4a9a-82a0-f799730d44d3,3f103508-aa28-4097-a611-11b708f3d3fb,eb37e445-ad15-450f-aac9-165635b7ef7b,2025-12-05T20:07:25+00:00
597f2a8f-ed0e-4d55-9a52-fcecbad63d46,3f103508-aa28-4097-a611-11b708f3d3fb,b7fef60e-e709-4148-b2be-091d4a9dc1a5,2025-04-28T10:20:02+00:00
5436b68a-25ef-482f-a82d-29632a56a889,3f103508-aa28-4097-a611-11b708f3d3fb,42ddf256-149e-4757-b88b-4e24c8e6cb76,2025-02-17T23:55:13+00:00
e3e4668e-34f8-4454-a1ac-ef362d2ba677,3f103508-aa28-4097-a611-11b708f3d3fb,484b4933-21fa-4a46-904b-33017ff3857f,2025-02-25T18:56:54+00:00
e981d1d6-f18e-473b-abba-578e7a5204f7,3f103508-aa28-4097-a611-11b708f3d3fb,659f0acc-033d-4e42-acb5-b569fa69a743,2026-04-15T14:59:45+00:00
f228ca6c-4444-4ada-abc2-d6bb3b04d029,3f103508-aa28-4097-a611-11b708f3d3fb,7a418f6e-c8b9-4225-914b-120e93fc68f9,2026-04-29T18:54:42+00:00
37621024-7e8f-4d31-a17a-70312b5cc657,3f103508-aa28-4097-a611-11b708f3d3fb,99d52a61-bee5-4684-9df6-159e47cc27be,2025-02-05T15:56:18+00:00
09cfaf3d-9481-43c1-b476-cce5b1dae3c5,3f103508-aa28-4097-a611-11b708f3d3fb,62d505af-b1ab-402a-b8ac-bf03c359aea7,2025-08-04T22:07:49+00:00
61ec5d30-37e4-49a7-9e73-e2aec10b4e9e,3f103508-aa28-4097-a611-11b708f3d3fb,32a7fe23-fa7e-4905-9afd-b6639736963d,2025-04-12T09:28:22+00:00
b32aef9e-bee4-455e-8205-43cbd67395f3,3f103508-aa28-4097-a611-11b708f3d3fb,0474d78b-b695-4c1a-967f-6fc9587ddc43,2026-01-11T14:01:57+00:00
1cb3d23b-81f6-4038-8d54-0f589378bf9f,3f103508-aa28-4097-a611-11b708f3d3fb,8fa42630-14d9-4824-8c8d-b2642218ce75,2026-03-12T20:15:22+00:00
b2c2f363-b2f8-44ef-806a-ccf1363024c4,e3fb0ff6-57c3-437a-bad8-53a732512fa0,189077b3-db48-4236-959d-98880fad6d57,2025-03-21T00:21:29+00:00
578a7164-a371-479e-8bc0-d4f90a426acd,e3fb0ff6-57c3-437a-bad8-53a732512fa0,9b0f4215-bb92-4800-a8ee-8b3a7bbf2ee1,2026-02-11T23:05:53+00:00
7039de76-f79e-4ddd-bbfe-9509b0748d92,19b60f16-85b2-472c-9c3f-fa76cedf140a,dd31032b-6dd2-426d-bfc1-f03e9f5eefa1,2025-03-13T04:11:57+00:00
f3850637-469f-4993-9f01-5ef66991e095,19b60f16-85b2-472c-9c3f-fa76cedf140a,659f0acc-033d-4e42-acb5-b569fa69a743,2025-06-13T17:40:45+00:00
25833b9e-08c8-49f9-8172-1cbe2185265f,19b60f16-85b2-472c-9c3f-fa76cedf140a,2ad9462f-49f8-4d9a-8f1f-6f573c1e266f,2025-02-09T09:35:11+00:00
b7713c8e-17d2-4c3a-a60a-b9ff3d1e7800,19b60f16-85b2-472c-9c3f-fa76cedf140a,af587165-10af-4199-96d6-3bcb946bf36d,2026-01-16T02:43:40+00:00
de653814-e3cd-4b73-8cd3-d1cd9b979068,19b60f16-85b2-472c-9c3f-fa76cedf140a,be814268-912b-47b4-8181-c0ede2b04826,2025-02-08T05:19:25+00:00
865f4fb9-f055-484c-9c6c-ab000755ddb7,19b60f16-85b2-472c-9c3f-fa76cedf140a,8c0f035c-ed24-4e92-9e38-7d7562011845,2025-05-21T08:30:52+00:00
dbf9ec40-6302-4a7c-b94d-fb210e00d407,19b60f16-85b2-472c-9c3f-fa76cedf140a,1c53189a-7903-4dcb-97d6-29489110198e,2025-02-09T17:43:11+00:00
f90cad52-f4d5-4521-b226-c4ac4724b6d7,19b60f16-85b2-472c-9c3f-fa76cedf140a,a1e4b04f-3354-4716-9914-0e447f91fb26,2025-03-08T09:18:40+00:00
f95e6ef3-d173-481b-8941-7e2f5045b7d2,55fd4535-072d-41f8-b9a8-039502121eab,44dae102-8716-4274-95ac-bf413382999a,2025-02-15T03:46:50+00:00
5447814d-9695-4441-b78a-ed9d09f7eb47,55fd4535-072d-41f8-b9a8-039502121eab,e5d66484-0921-411a-aecc-60e791695a29,2025-03-07T00:00:10+00:00
57557c3c-7456-4343-9ceb-c149051ea416,55fd4535-072d-41f8-b9a8-039502121eab,104d1676-bfe7-4914-bd0a-193b756100ad,2026-05-31T21:19:39+00:00
5a79ba89-6485-4e43-aea4-50b71256e2dc,55fd4535-072d-41f8-b9a8-039502121eab,0b20e057-ab25-4963-a1eb-383458386c85,2025-04-03T20:09:07+00:00
a6b782cd-d5d5-4806-a6cd-42f13c65365a,55fd4535-072d-41f8-b9a8-039502121eab,e7f25965-2024-4c9f-a575-caa1e7bc13df,2025-04-16T13:27:59+00:00
49205016-bab6-422e-b2e3-9c69d2f6d574,55fd4535-072d-41f8-b9a8-039502121eab,8ced966b-96fc-45a7-b2fd-f43f6a26b92a,2026-04-14T22:24:20+00:00
0f209e17-c6ae-46e3-9587-586db4b26fd3,55fd4535-072d-41f8-b9a8-039502121eab,6e62d7bb-6bda-4ea0-82c5-87c508932975,2025-04-14T21:21:12+00:00
23e94454-37ee-4cd8-988b-598f368bbf1f,55fd4535-072d-41f8-b9a8-039502121eab,e5f76da6-068a-4b15-bb2c-649e314a26ed,2025-04-06T18:11:25+00:00
a455886b-9c20-4f76-9873-ace61d58944c,55fd4535-072d-41f8-b9a8-039502121eab,443b392f-72a1-4279-ae51-a849f1fedfff,2025-02-08T15:16:21+00:00
1238b66d-1745-4d3a-9659-0709d55ab98d,55fd4535-072d-41f8-b9a8-039502121eab,00501fb4-95d9-40ea-9f41-8fe9015dbc62,2026-04-06T06:18:08+00:00
9e2b003d-4aa7-4e60-92bf-2bf7f89135de,55fd4535-072d-41f8-b9a8-039502121eab,0d63423b-88a8-461b-94f4-e18357eba2f3,2025-09-20T03:57:37+00:00
a60186d1-4cdf-4e5a-8dd0-3feac1e2cdfe,55fd4535-072d-41f8-b9a8-039502121eab,b0f283a0-c828-4aff-80c1-0fa9a4940b92,2025-03-09T08:19:30+00:00
dd73b02c-0d2e-49a2-bbaf-e6d9997b5a2d,55fd4535-072d-41f8-b9a8-039502121eab,ff34dee7-a247-40d7-b920-a3d2e7a536c2,2025-07-02T10:04:19+00:00
c500b7c9-ad55-4ff2-842f-e8c4f342c000,55fd4535-072d-41f8-b9a8-039502121eab,666bc6ff-a4ef-4446-b1f3-452d89ab9300,2025-07-17T21:43:43+00:00
7290b292-b494-4619-80b4-74c271af1ae5,55fd4535-072d-41f8-b9a8-039502121eab,6236d33d-7b57-486d-81e8-a247d50fa2a4,2026-05-07T12:56:50+00:00
90f04826-8d60-4704-ba5a-0594c9527e18,55fd4535-072d-41f8-b9a8-039502121eab,7759297b-afe9-4b95-8e56-6c553c734e03,2025-04-30T19:08:54+00:00
329570b3-5e15-4b8a-b976-3529a70bf4ee,55fd4535-072d-41f8-b9a8-039502121eab,573eb679-3294-4f6c-9352-94085c83e87f,2026-08-23T08:36:13+00:00
ba133b22-3f9a-4947-8806-ea52cc71840c,55fd4535-072d-41f8-b9a8-039502121eab,53a84c41-db22-49bf-98bd-d408fffdabc3,2025-07-12T11:49:00+00:00
77dc8cf5-f03d-4cad-a14e-39b25faf271e,55fd4535-072d-41f8-b9a8-039502121eab,c60fc12d-ef3b-47a2-b08d-d35daaa0261f,2025-02-12T12:00:08+00:00
52de8b83-c88d-471c-a17e-5bcb9194bfc7,55fd4535-072d-41f8-b9a8-039502121eab,2e33ff49-a484-4f82-95d2-dc4216703bb3,2025-02-24T15:38:06+00:00
9673c341-38dd-4d1d-9eba-d9712eded9f3,55fd4535-072d-41f8-b9a8-039502121eab,9683d7cb-c320-48ab-b91d-373a4a32cc44,2025-09-25T15:53:53+00:00
069cceec-2a59-4d7b-a586-b6fa9be4a693,2f83c24b-c750-4c5a-ab63-ef7e57ea7a2c,d7b30ac7-a843-4c2c-b7d0-5dbca0c169c3,2025-05-08T04:15:41+00:00
9c893f03-6938-4a7f-8766-24a661224753,2f83c24b-c750-4c5a-ab63-ef7e57ea7a2c,ba4e0520-1425-44b4-ba42-764ccd9799f7,2025-02-26T17:02:17+00:00
bcab1e5d-71cf-4040-bf0e-43c6acf0f5ba,2f83c24b-c750-4c5a-ab63-ef7e57ea7a2c,b000127a-7ff3-4aba-9f9f-56872787d1ed,2025-07-23T01:28:51+00:00
5ca75276-4195-4c4c-ba62-b35d87b089ae,2f83c24b-c750-4c5a-ab63-ef7e57ea7a2c,0d63423b-88a8-461b-94f4-e18357eba2f3,2025-02-25T18:08:23+00:00
9ac1e5b4-09f4-4857-a3b8-09a6c18e2a76,2f83c24b-c750-4c5a-ab63-ef7e57ea7a2c,19d0052f-3a95-45b1-a564-0bcf21862cd4,2026-02-13T14:40:39+00:00
17dcc6fa-b623-4e01-ada9-323e552ae34c,2f83c24b-c750-4c5a-ab63-ef7e57ea7a2c,b233f9f6-2a38-41be-92c9-8555aefc62a9,2026-05-27T13:48:11+00:00
004f2098-23bc-4b75-bbec-4dfc48c47074,2f83c24b-c750-4c5a-ab63-ef7e57ea7a2c,d24b23ee-291d-4c2f-8c3a-ce1251c2c3d8,2025-02-19T08:36:18+00:00
118aa34e-3554-4685-baa9-8e0eb1c8970b,ecacb53a-cf53-4826-91c0-b2b0d5229b6b,39387e77-2cf5-4e83-a449-610606391894,2025-03-07T11:10:00+00:00
c9b25a3b-a0c9-4357-9918-d436e42d23be,ecacb53a-cf53-4826-91c0-b2b0d5229b6b,8d9a7d65-67f7-4c3e-b3ec-57b9652f01a1,2026-04-16T10:21:36+00:00
6c58fc52-f5e9-4593-9fcf-c95ecb855402,ecacb53a-cf53-4826-91c0-b2b0d5229b6b,dd6a0ad5-cbc7-4d17-8a8a-229cea78e52b,2025-04-27T18:44:48+00:00
07c1804f-ebf2-4672-b8eb-8590c7bdbc11,ecacb53a-cf53-4826-91c0-b2b0d5229b6b,bacf1c32-002e-4d62-8c6c-221609513f2f,2025-10-21T22:12:23+00:00
441aac1c-c3e4-4f00-b61a-f661b0fbb3d5,ecacb53a-cf53-4826-91c0-b2b0d5229b6b,183fdc19-a9c5-4db8-a9f3-e0f20feea8e8,2025-03-04T02:12:16+00:00
97c18196-5c09-4674-abc1-79109b416a3b,ecacb53a-cf53-4826-91c0-b2b0d5229b6b,5ca23f6e-524f-449e-b9d2-a758e70cff73,2026-06-04T09:29:33+00:00
35a6e267-17f3-476c-afea-8f2d98d03f36,ecacb53a-cf53-4826-91c0-b2b0d5229b6b,10052c3a-4cb2-4d00-a0bc-2b3ec6334ca5,2025-04-27T12:33:41+00:00
c21f9418-fef8-4348-a90b-87a875302968,ecacb53a-cf53-4826-91c0-b2b0d5229b6b,484b4933-21fa-4a46-904b-33017ff3857f,2025-09-24T22:08:09+00:00
075b7022-c01b-4663-85ff-3406c4fc4259,35e3ec13-3ffa-485a-b1bf-2f48ed347601,ec6a23be-ddf8-411b-a001-feea58a50c51,2025-02-28T07:28:17+00:00
417d1036-cdd7-4b0c-9007-6227c3cb0b3d,35e3ec13-3ffa-485a-b1bf-2f48ed347601,e7f25965-2024-4c9f-a575-caa1e7bc13df,2025-12-12T08:52:56+00:00
0371b683-f033-4689-b04c-a469c02379bc,35e3ec13-3ffa-485a-b1bf-2f48ed347601,887b7fc5-3512-427f-b5f1-d0629d72dcf0,2025-02-17T17:28:44+00:00
7b56d0a8-5a2d-40de-89c9-99a2c19e428b,35e3ec13-3ffa-485a-b1bf-2f48ed347601,2ba2f93e-b90a-4582-9c0b-561477ec2dd4,2025-04-29T06:53:45+00:00
ca84a533-356c-423c-8cf3-2fb32ec02a33,35e3ec13-3ffa-485a-b1bf-2f48ed347601,92b26b2d-f521-4368-bfd5-7368f4d4b7d2,2026-07-13T20:22:33+00:00
49bea085-4cc7-4c44-b730-27882c501571,35e3ec13-3ffa-485a-b1bf-2f48ed347601,d70b90fa-8a9d-408e-b442-7d148a6095e5,2025-08-24T03:30:05+00:00
beeebfea-8bb0-4548-8c18-23f22b1a6872,35e3ec13-3ffa-485a-b1bf-2f48ed347601,a14d5a0d-9ddc-4170-a239-6044cb65462e,2026-06-20T04:42:25+00:00
fb5eb6e1-c11d-4e43-ae89-2811eaa3324b,4b0b5fee-370d-40e4-93be-0de463fea378,b540e2ad-1d7b-470d-a801-1c394b7830b8,2026-07-20T19:11:37+00:00
3980bd58-8806-4b3c-853d-508625def7d9,4b0b5fee-370d-40e4-93be-0de463fea378,345afc84-e133-4249-9c52-f900042bc4f9,2025-11-17T21:05:43+00:00
9608ca56-121f-4d9b-b3ac-2effffd9a26a,4b0b5fee-370d-40e4-93be-0de463fea378,8a838e5c-8a35-419f-8644-90ed955ef714,2026-01-31T01:45:04+00:00
e6ca7c47-1c08-497d-be11-b62cd0773da3,4b0b5fee-370d-40e4-93be-0de463fea378,1c53189a-7903-4dcb-97d6-29489110198e,2025-02-16T19:03:18+00:00
87cef190-2402-4562-97f9-3a681a057691,4b0b5fee-370d-40e4-93be-0de463fea378,666bc6ff-a4ef-4446-b1f3-452d89ab9300,2025-04-11T16:13:17+00:00
838ef1a9-7faf-46b5-9e1d-bc64a5f350b3,4b0b5fee-370d-40e4-93be-0de463fea378,a2a97c5b-d72e-47bb-a8b8-355fcf007b68,2025-02-27T09:48:05+00:00
a157b62e-260b-437b-b0d3-336ff25d6eca,89a9f00b-3d49-4137-a3d7-3c6722e1353a,1d60fe82-43d3-41ca-b4b2-47f71aba1916,2026-04-13T03:22:14+00:00
b0712656-120a-4b86-a4db-1f786dff6d18,89a9f00b-3d49-4137-a3d7-3c6722e1353a,dd5c4d9c-19c8-4f8b-89b7-e10c6aef4e21,2025-11-17T05:16:21+00:00
5b5b03ec-212a-426d-826d-ba947284cb03,89a9f00b-3d49-4137-a3d7-3c6722e1353a,ce36aea6-fdbd-41f0-af71-96972ce4d5d1,2025-02-21T02:28:46+00:00
8fdaa579-81bb-4c28-82c0-ccb11ee60c84,89a9f00b-3d49-4137-a3d7-3c6722e1353a,d30b8eb3-05ed-4a73-b6e5-042436e46b37,2025-04-01T18:10:46+00:00
39a5f64a-4f50-4c0a-9abb-6367f5f331c9,89a9f00b-3d49-4137-a3d7-3c6722e1353a,e5b05247-d5c5-41cb-bf08-a56d351e6242,2026-07-16T14:04:00+00:00
d128768b-efbd-4bb7-81b8-e9cdd63fc0be,89a9f00b-3d49-4137-a3d7-3c6722e1353a,2e33ff49-a484-4f82-95d2-dc4216703bb3,2025-03-08T07:21:16+00:00
8ccee740-7032-4765-9469-d0712568356b,89a9f00b-3d49-4137-a3d7-3c6722e1353a,e5ead316-9492-4d0f-92fe-e9ee1533cfbf,2026-07-07T20:07:40+00:00
610acec0-8d99-4614-be70-5f2a4ee0a068,89a9f00b-3d49-4137-a3d7-3c6722e1353a,b3a594ad-c0b2-4c4f-9c16-36e5268f731d,2025-05-29T02:38:45+00:00
50613359-42bd-4c94-8e1c-cb0bacdd19b5,89a9f00b-3d49-4137-a3d7-3c6722e1353a,27de1447-4949-4ba1-94da-511dcf33e97a,2025-05-30T14:51:20+00:00
2546f0af-26f5-4a87-ae28-0be587875507,89a9f00b-3d49-4137-a3d7-3c6722e1353a,c90cc779-75f4-4f0d-8f0e-bf02ad0ba33c,2025-07-01T23:15:25+00:00
24cbae1e-5324-4da5-9823-a557e9e4744f,89a9f00b-3d49-4137-a3d7-3c6722e1353a,98975cfd-3638-4842-83fd-fb6f839b37d9,2025-04-22T19:04:35+00:00
4912271b-566b-4e73-8f0d-460748484bb1,89a9f00b-3d49-4137-a3d7-3c6722e1353a,b0f283a0-c828-4aff-80c1-0fa9a4940b92,2025-12-23T15:40:34+00:00
bcc794f5-bff6-4a5f-b347-13c0f846b7d4,89a9f00b-3d49-4137-a3d7-3c6722e1353a,64be8bfb-802e-4c82-a1a5-933556b2ba96,2026-07-12T07:14:05+00:00
5fc05bd3-0b99-40d4-a5e5-d1d19d9e9446,89a9f00b-3d49-4137-a3d7-3c6722e1353a,5e792d2c-8426-4884-9092-5acfa7c688ed,2026-07-07T03:16:28+00:00
86346ec5-8820-4551-9889-1fcf3eaacb54,89a9f00b-3d49-4137-a3d7-3c6722e1353a,4c8ec64f-c0d0-4cfb-b064-d47de0ec57ba,2025-07-17T04:35:11+00:00
beb2a2ec-c655-4700-bdc9-7e4cb5ea3146,89a9f00b-3d49-4137-a3d7-3c6722e1353a,f91ff251-1181-4bdc-acdc-09ddd07c0f6b,2025-03-31T23:21:00+00:00
c0c23f37-0f53-43b6-93cc-ca0572d3c03c,89a9f00b-3d49-4137-a3d7-3c6722e1353a,3e7caac0-1ca6-4783-9a3e-0aec999045f7,2026-06-13T22:56:15+00:00
44dd54f3-2e1f-47a7-8a0f-8d1fca373249,89a9f00b-3d49-4137-a3d7-3c6722e1353a,8c0f035c-ed24-4e92-9e38-7d7562011845,2025-05-06T22:52:46+00:00
555d65ba-70b8-4f5e-a52a-9a48e6ce47e3,89a9f00b-3d49-4137-a3d7-3c6722e1353a,ea8951c3-9063-4555-961a-8fcb0cc9fd92,2025-10-12T15:31:56+00:00
41ce6e80-2e65-49f7-a783-6c5e42af81a6,89a9f00b-3d49-4137-a3d7-3c6722e1353a,e33923d4-ae33-4f20-93b4-4927825fa9f9,2025-05-30T22:29:01+00:00
08d7d192-a293-41ca-8036-2a7c3b23123e,89a9f00b-3d49-4137-a3d7-3c6722e1353a,73ba0cc9-b965-4bee-abba-983dac988737,2025-10-25T08:18:20+00:00
ec99e463-c413-40b0-9001-b4e60846a028,6215594e-6b03-4b1d-9d11-a61dc66f1c76,1e35bc63-b9b9-4dc0-bbca-ba32d6a1676f,2025-02-20T12:37:49+00:00
e59423ff-c66b-45a9-a362-5295c52a190b,6215594e-6b03-4b1d-9d11-a61dc66f1c76,09df0479-c184-43eb-84fc-57806ea9743a,2025-03-01T08:58:20+00:00
79a99929-af76-4d4e-bbed-55c42c301c8d,d1ccd84a-f24e-44d8-9e1d-ce43fd50e0b3,5ca23f6e-524f-449e-b9d2-a758e70cff73,2026-07-22T05:31:22+00:00
6b8aaf06-ae52-49d5-b51e-fffc9658bc2b,d1ccd84a-f24e-44d8-9e1d-ce43fd50e0b3,db4d2942-4cc1-45f1-87fc-07d96b772a6e,2025-12-31T21:27:28+00:00
c0b33c25-537d-4733-aabe-3aee66e7bb94,881cdf8e-69a5-4056-9232-c37095d7b881,10e5f889-8510-460a-b274-ff42a4b2a3e9,2025-02-25T04:39:07+00:00
9db531ff-7950-4101-b78f-c333f9b29a29,881cdf8e-69a5-4056-9232-c37095d7b881,156ce20e-a7d6-4a4e-88c0-5e21929a443d,2026-08-26T21:34:44+00:00
5d9eeffa-1134-49f1-b303-862ba3c1dbb9,881cdf8e-69a5-4056-9232-c37095d7b881,b3a594ad-c0b2-4c4f-9c16-36e5268f731d,2025-04-18T07:06:12+00:00
9062d478-fd4e-409d-bdb6-acbdd7682bf1,881cdf8e-69a5-4056-9232-c37095d7b881,ba4e0520-1425-44b4-ba42-764ccd9799f7,2025-08-23T00:02:28+00:00
35d3c079-f84c-49b6-998b-40d70f6632ca,881cdf8e-69a5-4056-9232-c37095d7b881,e7f25965-2024-4c9f-a575-caa1e7bc13df,2025-03-13T03:38:04+00:00
d7b9221c-8bee-4889-be9b-0596d117c2b2,881cdf8e-69a5-4056-9232-c37095d7b881,536e9f2a-3aad-4928-9766-ddb2f2ce04bb,2025-08-26T16:49:09+00:00
76a19fb7-5264-4235-b09c-a677fe4457bf,f1ff3455-7d8d-4ba2-9dd1-65bf402afbab,8ca12932-1c6f-4ce8-b5ac-da66575fd911,2025-03-06T10:22:03+00:00
8f2ec9c2-9dfd-4cb7-88a3-6dab9b017c68,f1ff3455-7d8d-4ba2-9dd1-65bf402afbab,09df0479-c184-43eb-84fc-57806ea9743a,2025-02-28T22:45:18+00:00
aca6e6b7-4cef-45ee-826d-42a94fbaff92,f1ff3455-7d8d-4ba2-9dd1-65bf402afbab,0ade7a97-38bc-456b-952d-77f14e7154e6,2026-02-19T09:20:26+00:00
7b7ae698-b992-48d5-94e1-093aeea2e03f,f1ff3455-7d8d-4ba2-9dd1-65bf402afbab,f7318ac8-5529-4cd7-98ea-c6b5c629b8b2,2025-07-07T04:24:24+00:00
9466d0f4-dfc1-4c71-aef2-29d4afd375f0,87880366-1d76-48f3-8bf0-4a5718a8aced,183fdc19-a9c5-4db8-a9f3-e0f20feea8e8,2026-08-12T19:53:26+00:00
d4383dd0-286a-4ffd-8bd7-92af92dfe13b,87880366-1d76-48f3-8bf0-4a5718a8aced,6423836f-839b-4455-9791-d85c98ea5f5f,2025-12-24T01:16:24+00:00
a78f05c5-911f-4341-bb23-1ea7cc1d1376,87880366-1d76-48f3-8bf0-4a5718a8aced,04ef5bae-6f20-43c1-84c2-80053a99d1b1,2026-02-20T18:58:17+00:00
ee0fcaac-1ab8-4be6-bc8c-ba8a74edef02,87880366-1d76-48f3-8bf0-4a5718a8aced,27de1447-4949-4ba1-94da-511dcf33e97a,2025-03-01T02:38:27+00:00
455f7a09-87c2-498d-a2dd-dd1e14f02f04,87880366-1d76-48f3-8bf0-4a5718a8aced,1ce85b38-45d8-4fc2-a23d-d01ad37ee8fb,2025-04-07T22:47:13+00:00
cff0b470-2465-4611-b8bf-18003afa1839,87880366-1d76-48f3-8bf0-4a5718a8aced,0581305f-6e14-482c-94be-e2a7bab71968,2025-03-05T10:00:31+00:00
89ec2a4a-1ba6-42f1-bda7-ca0c2e2122aa,87880366-1d76-48f3-8bf0-4a5718a8aced,37390ee9-6f2d-4d2e-b299-70e58443cd04,2025-04-18T00:34:05+00:00
7a894be0-4061-4fb9-9ec5-657efe4c4ed3,87880366-1d76-48f3-8bf0-4a5718a8aced,b2934820-ad75-476f-ade6-054a7c89f295,2025-04-03T21:34:43+00:00
fe7c51bd-12b1-4101-9a77-6ccb13ca913a,87880366-1d76-48f3-8bf0-4a5718a8aced,85a05a4b-ce52-43cf-8433-02a2cad529e1,2025-07-27T11:59:01+00:00
22068342-37c5-4a84-8c37-820875a0dcdd,87880366-1d76-48f3-8bf0-4a5718a8aced,75a9c08b-c3f9-48ea-bba3-d6136d51a785,2025-02-27T17:23:02+00:00
253419f1-4b35-4624-a569-aa619b60cd6c,87880366-1d76-48f3-8bf0-4a5718a8aced,c60fc12d-ef3b-47a2-b08d-d35daaa0261f,2026-04-03T04:00:58+00:00
4cdfea61-ec76-4ca5-8968-a26a6040375a,87880366-1d76-48f3-8bf0-4a5718a8aced,0b20e057-ab25-4963-a1eb-383458386c85,2025-03-27T09:17:09+00:00
ad3665d2-8b8b-4198-a4b3-21b312bc0c5e,87880366-1d76-48f3-8bf0-4a5718a8aced,5b98a245-2472-4236-8b6a-d34d8a01ce2d,2026-03-01T20:20:28+00:00
989e53e9-7c3c-49fd-a434-8ff45e9b5be2,87880366-1d76-48f3-8bf0-4a5718a8aced,1d60fe82-43d3-41ca-b4b2-47f71aba1916,2026-05-23T16:46:40+00:00
dedbf438-8228-4acc-9c23-8cc447570249,b15f414e-b072-4c01-8050-0b24134630dd,7759297b-afe9-4b95-8e56-6c553c734e03,2025-03-03T09:57:58+00:00
54d9add6-dd37-476a-b112-77eef2f5e186,3189acc2-4c05-4743-a44c-4f6c230ca373,dd6a0ad5-cbc7-4d17-8a8a-229cea78e52b,2026-04-28T13:36:03+00:00
850ac970-8f97-40f0-a787-21ee36fd2bc8,3189acc2-4c05-4743-a44c-4f6c230ca373,10e5f889-8510-460a-b274-ff42a4b2a3e9,2025-04-26T05:37:42+00:00
33badafe-7412-47d6-97c4-5c6c7a4b614b,3189acc2-4c05-4743-a44c-4f6c230ca373,8655633c-8b61-41b6-8e06-e79ce464e099,2025-04-04T10:29:49+00:00
113ca713-0e92-4289-b67c-09961fd30196,3189acc2-4c05-4743-a44c-4f6c230ca373,4366727f-cad9-45ec-ac07-3b7e024b94a1,2025-05-12T21:40:48+00:00
72eff52f-5e5c-4d2c-bf4a-9c363be4f0c0,3189acc2-4c05-4743-a44c-4f6c230ca373,43dbd776-bd4c-4ef1-933a-59af47a589b5,2025-04-30T06:32:48+00:00
3c4efc8d-a00c-41df-87d9-4a30b791ce2a,3189acc2-4c05-4743-a44c-4f6c230ca373,299a8f80-c512-4987-80d2-c15927f4e916,2026-05-04T09:03:20+00:00
946b90eb-85b8-40c1-b748-7b047bef3733,3189acc2-4c05-4743-a44c-4f6c230ca373,af587165-10af-4199-96d6-3bcb946bf36d,2025-03-03T01:32:21+00:00
275235fc-f1af-4143-8dcb-545237049b77,3189acc2-4c05-4743-a44c-4f6c230ca373,1df596d4-a79f-4572-9306-495047dbf75e,2025-03-19T23:17:59+00:00
9cef5e03-1f43-41f6-a66d-cd2e1ad755ea,3189acc2-4c05-4743-a44c-4f6c230ca373,bdd3bd04-7e4b-4d82-816f-dceb5fae55ea,2025-03-20T11:57:32+00:00
7da9230b-8651-4193-a005-520b1725e076,a7175544-721b-49d1-af9e-23699b6c6261,d34b2b4a-bc0b-4ffd-83db-00f5cc6c937f,2025-03-15T07:36:40+00:00
1c22cbe7-ea5c-43ae-822c-f05d7921db72,a7175544-721b-49d1-af9e-23699b6c6261,5c16ef18-8047-4cc4-806c-4ef9df6de907,2025-03-15T20:47:41+00:00
5952fe74-be34-4c72-9c31-efca1d070117,a7175544-721b-49d1-af9e-23699b6c6261,e19797db-e29f-48c3-a7bc-6f3ee4494c8c,2025-03-05T13:09:19+00:00
6d8d04f2-44ab-4ab6-a3ab-8cae4c3fa9e3,a7175544-721b-49d1-af9e-23699b6c6261,d30b8eb3-05ed-4a73-b6e5-042436e46b37,2025-03-14T20:51:13+00:00
1685a233-15e3-417b-89e0-b6fb0e85ccbf,5fe16ef6-878c-411a-a25c-59d2854456a4,b000127a-7ff3-4aba-9f9f-56872787d1ed,2025-03-06T21:41:26+00:00
8ab50293-c300-4753-a299-d89b0627efc2,5fe16ef6-878c-411a-a25c-59d2854456a4,b9468cb9-ed1b-40fe-a021-2f6da1f2925d,2025-03-04T18:15:17+00:00
0d3d9fe1-1f75-41fc-83c5-5bc0aad2b413,5fe16ef6-878c-411a-a25c-59d2854456a4,887b7fc5-3512-427f-b5f1-d0629d72dcf0,2025-03-04T22:44:19+00:00
803dbcf8-6455-46d9-8483-1adb80374c4e,5fe16ef6-878c-411a-a25c-59d2854456a4,be814268-912b-47b4-8181-c0ede2b04826,2025-03-04T08:24:44+00:00
9fcfed1d-34e5-495f-959d-b410a5a5d931,ebe62fa6-83e1-4c36-83c6-9df29d7d76e4,71938832-5c59-49e3-be85-9acbd7ca55ba,2025-03-04T12:25:08+00:00
a5a60919-a3fa-4afb-a216-42affbab5260,fbcf66e1-e2f9-4699-bbac-69707664d18e,3ae23a73-75a2-49e9-b24e-8c3459016993,2025-03-08T16:09:14+00:00
b590f88f-4545-4f51-942d-600b6a010174,c54f3268-aa82-403f-b8bf-53b556c3a8e3,5b98a245-2472-4236-8b6a-d34d8a01ce2d,2026-01-27T03:04:13+00:00
41b354ab-ce23-4e66-b459-7fbf1f6cf1e4,18926fdf-513f-4080-8b20-222e51dac131,ec6a23be-ddf8-411b-a001-feea58a50c51,2025-03-10T10:30:00+00:00
b7acadde-1d04-4a3b-a239-af78529d5b7e,18926fdf-513f-4080-8b20-222e51dac131,0c75c528-0777-4d48-b0e4-87ab07dcd5a2,2025-03-09T05:16:15+00:00
3b26535f-55ee-4137-a826-8f6ddf9e1211,18926fdf-513f-4080-8b20-222e51dac131,006cf2a0-aba4-468e-933a-b50f8c76a23f,2026-03-16T13:08:11+00:00
ff37cb54-003f-4e14-a8db-5836296da873,18926fdf-513f-4080-8b20-222e51dac131,828a88f5-8cb3-48a8-9e07-3db32ed9a35d,2025-12-04T16:56:37+00:00
5a2bf1df-c4ad-48d1-a446-9d84d50dcc12,18926fdf-513f-4080-8b20-222e51dac131,d22d4315-95d0-4e9b-8b3a-ee71f98284ba,2025-03-28T04:40:08+00:00
26001d1d-29ca-4875-bb6e-5fb7e9f9f221,cffd2ada-edf5-4ce0-8bb0-8cb02f157d13,53a84c41-db22-49bf-98bd-d408fffdabc3,2025-03-08T16:53:48+00:00
a6b8aaf2-229e-4970-9353-29f35ccf02b2,cffd2ada-edf5-4ce0-8bb0-8cb02f157d13,081ff1ec-6b6e-4345-b592-685440228bd4,2025-03-08T16:50:30+00:00
42e35da2-eb3f-4403-9526-363611658a1a,ed1c5872-cefc-4c7e-94d1-7337ca6f8aa8,bc9cbd74-f51e-47e9-ba77-1f2c017e9cca,2026-02-26T09:10:45+00:00
39c652de-0e79-46a6-9197-25bbaed72d7f,ed1c5872-cefc-4c7e-94d1-7337ca6f8aa8,b60473a7-fc1d-48a6-b979-2e6c324f1b4c,2025-03-27T21:45:38+00:00
78f20455-fb1c-4272-ab66-1cb17bc222a2,ed1c5872-cefc-4c7e-94d1-7337ca6f8aa8,e7f25965-2024-4c9f-a575-caa1e7bc13df,2025-04-27T01:09:29+00:00
d92018db-28ea-4574-bcdf-3305c9039d88,ed1c5872-cefc-4c7e-94d1-7337ca6f8aa8,82c26f80-0b16-4534-b361-35fddfa95816,2025-11-25T13:42:36+00:00
a5192894-2a58-4604-91a7-2995291b60e9,ed1c5872-cefc-4c7e-94d1-7337ca6f8aa8,d413b920-fd1b-4aab-b816-7b0b8dd7ec37,2026-03-24T13:42:05+00:00
3bf64459-bea8-46ac-9285-c884922e31a2,ed1c5872-cefc-4c7e-94d1-7337ca6f8aa8,26d61dc5-0b03-4c16-8a64-7afeba92fecb,2025-03-18T02:04:16+00:00
ed75cfac-1d76-43f2-bc1c-4f6bae03b87f,6177c052-8448-486e-8f08-d0d6f9596efb,b6be37f9-e731-49e9-b97d-838d7bb58dfd,2025-03-09T22:47:48+00:00
fa83212b-5b20-477e-a398-997fbc4a07e3,6177c052-8448-486e-8f08-d0d6f9596efb,69546e0c-13bb-4597-8ce8-09cf53b9a4ff,2025-03-10T02:59:19+00:00
eca962de-a3bc-42a0-9785-8a7ab272e0ae,00a60d37-e5e6-46a4-afc9-b7dad0f78a03,ec6a23be-ddf8-411b-a001-feea58a50c51,2025-04-17T06:55:27+00:00
5c8f433b-394a-4c39-b059-28792f82dc14,00a60d37-e5e6-46a4-afc9-b7dad0f78a03,a0dc85a3-3764-409c-83f4-50635837ae0f,2025-11-09T19:29:47+00:00
b855e495-8ee9-4554-a8ff-3a8aa11fdee6,00a60d37-e5e6-46a4-afc9-b7dad0f78a03,75a9c08b-c3f9-48ea-bba3-d6136d51a785,2025-11-04T08:59:55+00:00
7cea4a29-74a8-4afd-a6f3-300fe0f7e46f,00a60d37-e5e6-46a4-afc9-b7dad0f78a03,99d52a61-bee5-4684-9df6-159e47cc27be,2025-04-02T08:53:28+00:00
c1a547f1-6844-4088-bc34-2d7f401d88a1,00a60d37-e5e6-46a4-afc9-b7dad0f78a03,7d2e833a-8242-43a6-93ca-e79df0b2cd59,2025-03-11T07:30:01+00:00
948f6f64-a145-4b57-aa26-592274113271,97ea2bdc-34be-4620-9a7f-3023659c6c69,f91ff251-1181-4bdc-acdc-09ddd07c0f6b,2025-03-11T14:25:10+00:00
0dcf26e9-05b4-452a-b95b-2fbfad1335b1,9945523c-4b2c-432b-b4ec-450441afa016,054fe171-2aa2-4064-be59-369e103477d7,2025-04-19T22:03:54+00:00
6892de66-6c1f-44f8-ad3c-d762dc04fc85,9945523c-4b2c-432b-b4ec-450441afa016,caa94dc0-81be-4dfa-8bc4-fa28c1ea5e7e,2026-01-17T11:45:12+00:00
0a355d4a-448e-493b-8074-fa979380f8e0,9945523c-4b2c-432b-b4ec-450441afa016,b5c30eb0-cc41-4812-a25b-a2360d81178c,2026-05-21T13:58:17+00:00
98b55315-e6a0-4a64-8158-2e2f3594710c,9945523c-4b2c-432b-b4ec-450441afa016,501e8ce4-ec88-49ee-8091-df9797903b55,2025-06-02T19:54:20+00:00
69c57dee-a2bb-49da-9a44-06ea937ea60f,9945523c-4b2c-432b-b4ec-450441afa016,b87fa7ae-7016-46ff-bf10-b0be3cd2d358,2025-11-15T18:55:21+00:00
b23953fa-f9f9-414f-b00e-4e3684cb13df,9945523c-4b2c-432b-b4ec-450441afa016,cdcd2f90-549e-4f8a-a600-5ffc9f8c2d74,2025-03-18T16:00:15+00:00
6da6a15c-42c7-4e44-9706-85f57251032c,9945523c-4b2c-432b-b4ec-450441afa016,b7a58a43-0e8a-4989-9cc2-a17e019034c8,2026-04-20T21:11:52+00:00
16f7f7ad-de8a-4cf2-b920-e85520d665a2,9945523c-4b2c-432b-b4ec-450441afa016,2709bb2d-e639-44c0-920f-80a9f4c4955e,2025-03-15T13:18:54+00:00
9d3c0cef-d091-42d4-8a8a-16118afaeac0,9945523c-4b2c-432b-b4ec-450441afa016,1162a399-ae84-499c-86eb-5c0b8d4bd19d,2025-11-10T06:32:09+00:00
37a612d7-ab76-4504-a0cd-8eb32ec1b158,9945523c-4b2c-432b-b4ec-450441afa016,f87b345a-0777-46fc-865a-b76dacc1e90a,2025-05-05T06:13:42+00:00
72a3f836-a827-4234-9fe9-f330740d5e96,9945523c-4b2c-432b-b4ec-450441afa016,f79de4b1-f0cc-45e9-85c3-b3112725fde1,2025-12-15T02:40:58+00:00
c1a28271-e1da-4b52-890a-f6baae9d4cbc,3c883e3e-6555-4a5d-b3ad-e7257ee64bce,f4b0199b-48eb-4354-a8fe-03676e9169f9,2026-01-17T12:11:23+00:00
ae4338b7-2e1f-49f2-9d9d-a9c02e1df370,3c883e3e-6555-4a5d-b3ad-e7257ee64bce,3e7caac0-1ca6-4783-9a3e-0aec999045f7,2025-06-01T02:44:10+00:00
a96cba23-51aa-42f2-9d98-8dfa10639063,3c883e3e-6555-4a5d-b3ad-e7257ee64bce,bacf1c32-002e-4d62-8c6c-221609513f2f,2025-04-04T08:10:17+00:00
8e8a5614-7ebc-4685-93e4-1450a34f9726,3c883e3e-6555-4a5d-b3ad-e7257ee64bce,7759297b-afe9-4b95-8e56-6c553c734e03,2025-03-18T01:39:20+00:00
f3a0068b-53df-4a0c-9d04-1ff08400e372,3c883e3e-6555-4a5d-b3ad-e7257ee64bce,c60fc12d-ef3b-47a2-b08d-d35daaa0261f,2025-05-30T22:21:24+00:00
cf832d70-b227-4306-b0c4-88664409cde5,3c883e3e-6555-4a5d-b3ad-e7257ee64bce,0b20e057-ab25-4963-a1eb-383458386c85,2025-03-18T23:42:34+00:00
c8656d7a-19d5-4ba9-b1ff-b06a40ebf8bf,3c883e3e-6555-4a5d-b3ad-e7257ee64bce,1df596d4-a79f-4572-9306-495047dbf75e,2025-07-22T03:48:47+00:00
fe08f594-b528-413e-b18f-a06b6290c74e,3c883e3e-6555-4a5d-b3ad-e7257ee64bce,828a88f5-8cb3-48a8-9e07-3db32ed9a35d,2025-10-19T17:01:10+00:00
feb3bc01-060c-4bd3-9747-d3075c8a860d,3c883e3e-6555-4a5d-b3ad-e7257ee64bce,373a53bb-6b51-442f-ac4b-1d028d9af863,2026-06-18T15:35:55+00:00
aa7fead7-7c5b-48cd-96f9-268b2c065c58,3c883e3e-6555-4a5d-b3ad-e7257ee64bce,6cad3973-c23d-4cec-bb0c-6ecf78003373,2025-05-12T04:50:06+00:00
a4072fe1-a880-49f3-9e54-62455ce2677e,3c883e3e-6555-4a5d-b3ad-e7257ee64bce,71938832-5c59-49e3-be85-9acbd7ca55ba,2025-09-26T14:50:00+00:00
f882b84f-fbfb-456a-93ae-9f22a2f2fc51,3c883e3e-6555-4a5d-b3ad-e7257ee64bce,f49e78ea-0b5a-4e38-8d8e-fecf93a3488e,2025-10-14T20:04:42+00:00
09c8f5cf-ccfa-41f1-af45-a8d2e922cd28,3c883e3e-6555-4a5d-b3ad-e7257ee64bce,76bd97a4-07c7-41e0-bb56-e614d523bb85,2026-06-17T07:13:54+00:00
12321c4d-bfea-40e8-aa63-46085c18af5a,3c883e3e-6555-4a5d-b3ad-e7257ee64bce,57d2ea34-ccda-48c1-82da-d0d973b20d87,2026-02-23T22:49:30+00:00
64e2cfd2-e678-4095-a4ad-9021936f88d0,dcae4417-e137-4e86-b331-2c9e92aa6447,09df0479-c184-43eb-84fc-57806ea9743a,2025-03-25T14:26:20+00:00
a9393444-4386-4a9b-b184-cb806d868ffd,dcae4417-e137-4e86-b331-2c9e92aa6447,ce36aea6-fdbd-41f0-af71-96972ce4d5d1,2025-03-28T15:40:37+00:00
c4991b9d-27a6-42af-9f09-56212333f3a4,72340a25-716c-4075-8656-129ec31d5d8e,82c26f80-0b16-4534-b361-35fddfa95816,2025-04-01T16:53:15+00:00
45c57596-8c99-42c5-ae15-36ee0bb46e84,72340a25-716c-4075-8656-129ec31d5d8e,04ef5bae-6f20-43c1-84c2-80053a99d1b1,2025-04-04T22:49:13+00:00
4f60ac72-99a6-4eee-974f-c061a6fb257d,bce5f912-8da2-478c-b75c-51f3a5696874,ab56d43e-6b4a-43a3-9b6c-f3bae36c4bb6,2025-04-10T21:59:48+00:00
285091ab-d48b-4fe3-b866-e14cbb8c4c2d,bce5f912-8da2-478c-b75c-51f3a5696874,743aae1e-e024-4953-a3ae-1413333f514f,2025-04-05T14:49:07+00:00
1a392ce1-6d74-49c2-85ef-16f3f14df694,bce5f912-8da2-478c-b75c-51f3a5696874,57d2ea34-ccda-48c1-82da-d0d973b20d87,2025-04-05T19:45:10+00:00
879e7828-56d0-49da-8e3a-d6e54cd166ad,bce5f912-8da2-478c-b75c-51f3a5696874,fd24cb3c-d535-4d3e-8f20-04616346c1f3,2025-04-06T05:30:37+00:00
43840f4c-5d62-4f2f-8eee-780345f1eddc,01a0c0c5-d6c1-4c03-a943-dd87f6438735,c0856bc5-aa1f-4d9b-908d-b8dac1c3d5ee,2026-05-23T11:55:20+00:00
371b1e5a-b4c6-4f5b-bdfb-a3b69e76943e,01a0c0c5-d6c1-4c03-a943-dd87f6438735,2709bb2d-e639-44c0-920f-80a9f4c4955e,2025-04-15T02:01:14+00:00
ce46bb76-0aab-4af7-a105-98562a751eb5,01a0c0c5-d6c1-4c03-a943-dd87f6438735,cbcba9e3-129e-437d-adc8-13aae5e788ac,2025-04-19T17:40:47+00:00
f3c61fbd-9faf-4bdc-89ab-a5de667be7f3,01a0c0c5-d6c1-4c03-a943-dd87f6438735,b387c825-7116-4b83-bd18-56e81111a5c9,2025-04-05T09:56:43+00:00
6bf0286f-e1cf-4a92-a6c6-f2742beedc2a,01a0c0c5-d6c1-4c03-a943-dd87f6438735,f49e78ea-0b5a-4e38-8d8e-fecf93a3488e,2025-11-02T21:54:14+00:00
eb50fc9a-03ca-420a-a7f1-85fa6da8fa7b,01a0c0c5-d6c1-4c03-a943-dd87f6438735,51910d94-7df2-4595-be53-5b43cb379762,2025-04-17T21:04:03+00:00
f747279e-e8a3-4e20-8f18-3802b173c990,01a0c0c5-d6c1-4c03-a943-dd87f6438735,3508da09-a51b-4ff3-8e0e-ee486e956b89,2026-05-02T21:26:29+00:00
1aa092b5-6c09-41a8-9eaf-7809f66b0262,01a0c0c5-d6c1-4c03-a943-dd87f6438735,b7fef60e-e709-4148-b2be-091d4a9dc1a5,2025-10-29T06:36:29+00:00
31e78d62-4a49-4ddd-83cf-7a68f7d9c9df,01a0c0c5-d6c1-4c03-a943-dd87f6438735,74375a59-e8c7-406f-8580-d46c74187dc9,2025-06-16T09:43:33+00:00
821d9fa3-b42d-4cd5-bb25-96e0daa813ff,01a0c0c5-d6c1-4c03-a943-dd87f6438735,1c53189a-7903-4dcb-97d6-29489110198e,2025-05-05T06:01:10+00:00
d96d69ff-97bd-4212-9c9d-e0569cb5f347,01a0c0c5-d6c1-4c03-a943-dd87f6438735,4e2906a0-e445-4567-9bc3-c549a3448137,2025-04-08T05:37:27+00:00
1f56c898-613e-4b4a-b5f5-dd3673a5006b,01a0c0c5-d6c1-4c03-a943-dd87f6438735,f91ff251-1181-4bdc-acdc-09ddd07c0f6b,2025-06-23T02:41:41+00:00
689f150a-6783-4f1d-a7f9-ffa36c97bc35,6f1787d8-f2b4-44ac-90e3-989421accb78,189077b3-db48-4236-959d-98880fad6d57,2025-04-05T15:51:02+00:00
42a364db-8bd1-4752-8ec7-4c22d57967e0,6f1787d8-f2b4-44ac-90e3-989421accb78,f4b0199b-48eb-4354-a8fe-03676e9169f9,2025-10-15T10:23:41+00:00
f20912dc-be46-4ac1-8596-f8793927e969,6f1787d8-f2b4-44ac-90e3-989421accb78,c9ecc336-f916-428a-889e-dd3cd51b608e,2025-09-29T13:02:43+00:00
205e65c3-3571-4933-a794-3483be0c34fc,6f1787d8-f2b4-44ac-90e3-989421accb78,742f60c2-2f3a-4c03-86e2-e6b289299c40,2025-05-01T09:26:27+00:00
8e40254a-37d9-4c31-aed1-2a1b0a4c1b90,6f1787d8-f2b4-44ac-90e3-989421accb78,31d9eacf-7f61-4435-b484-43965f1c29b6,2025-05-07T06:14:21+00:00
b3a56665-7c84-4df8-a1d1-17a61ab69f82,6f1787d8-f2b4-44ac-90e3-989421accb78,7d2e833a-8242-43a6-93ca-e79df0b2cd59,2025-08-14T20:16:02+00:00
c0be5992-5acc-4b21-817f-fbc7f49b8e07,6f1787d8-f2b4-44ac-90e3-989421accb78,6236d33d-7b57-486d-81e8-a247d50fa2a4,2025-09-09T06:46:06+00:00
46da85ef-b852-4561-988d-188e6547f6a5,6f1787d8-f2b4-44ac-90e3-989421accb78,cb3f27ba-7b73-4263-a8df-7fc52f4ac105,2026-03-26T14:15:29+00:00
ef7796d5-6d76-4f12-b1b8-adc04ca4af8b,a9e0141c-dbb3-4a36-8571-266730ce145b,ff34dee7-a247-40d7-b920-a3d2e7a536c2,2026-03-14T04:22:24+00:00
a4d0695e-8a29-4319-80a7-93a2639e2d17,a9e0141c-dbb3-4a36-8571-266730ce145b,c6fd42f0-6060-47cf-a8e8-e24dcaee7d26,2025-06-12T21:32:01+00:00
6307d63a-65c9-4153-b6b2-aea5fe91bf33,a9e0141c-dbb3-4a36-8571-266730ce145b,f04a183f-150b-4c94-add4-8f70333e2504,2025-09-02T03:12:43+00:00
64a73d1f-2d37-4e5b-954b-85294532c1c4,a9e0141c-dbb3-4a36-8571-266730ce145b,081ff1ec-6b6e-4345-b592-685440228bd4,2025-04-09T02:10:34+00:00
94c25c62-b6a7-429c-a4ab-ecd281991e66,a9e0141c-dbb3-4a36-8571-266730ce145b,635cb86b-03c7-4fb4-884b-ced27f9691bb,2025-04-11T10:05:03+00:00
f5a782a3-57ae-401d-b9cd-1627c70b9e12,a9e0141c-dbb3-4a36-8571-266730ce145b,3937cfde-2cdf-4e1e-be4c-82855fca8848,2026-04-20T01:27:17+00:00
09cdae45-ca0d-402f-bfad-1f0757948156,a9e0141c-dbb3-4a36-8571-266730ce145b,29b08317-6763-47c6-93e5-e9d211886a27,2025-04-06T06:45:32+00:00
5aa0778c-e1a5-4e4b-826f-92925c40b5b9,a9e0141c-dbb3-4a36-8571-266730ce145b,cdcd2f90-549e-4f8a-a600-5ffc9f8c2d74,2025-09-11T06:48:51+00:00
80245312-eaaa-42a8-95db-fc2a694b443f,a67be7f4-3bae-4d8f-8ab8-f2fab965c3ac,5c16ef18-8047-4cc4-806c-4ef9df6de907,2026-04-25T21:44:53+00:00
edcb6358-67a0-419e-bb6a-1bd2cb64f62a,a67be7f4-3bae-4d8f-8ab8-f2fab965c3ac,4baa25b9-1700-4782-a80b-d9e663939f70,2025-06-27T18:00:11+00:00
ae1b46c6-b457-47e6-80ee-45d79641afd5,a67be7f4-3bae-4d8f-8ab8-f2fab965c3ac,666bc6ff-a4ef-4446-b1f3-452d89ab9300,2025-07-04T19:18:18+00:00
571420dc-ab21-4368-83ed-838adf219ba1,a67be7f4-3bae-4d8f-8ab8-f2fab965c3ac,f965e2e1-14e1-441b-bd2e-db6def83457a,2026-07-08T19:32:28+00:00
98743cae-476d-4dc2-ac24-bd2394be53c8,a67be7f4-3bae-4d8f-8ab8-f2fab965c3ac,82c26f80-0b16-4534-b361-35fddfa95816,2025-07-25T23:58:19+00:00
6bc4b517-eace-4d52-b7ff-82ae2d61ecf5,a67be7f4-3bae-4d8f-8ab8-f2fab965c3ac,b60473a7-fc1d-48a6-b979-2e6c324f1b4c,2025-05-01T11:03:46+00:00
958cb9f5-2198-4342-940a-b7a46db5408a,a67be7f4-3bae-4d8f-8ab8-f2fab965c3ac,9f74975f-3000-4ef2-b2a2-1cdac8513b60,2025-09-21T11:33:11+00:00
7d81f493-46c2-4216-82d3-215c8974ab64,a67be7f4-3bae-4d8f-8ab8-f2fab965c3ac,f87b345a-0777-46fc-865a-b76dacc1e90a,2025-04-25T00:07:55+00:00
c194ddf9-aa15-47e1-b2dd-ba25c09d5864,a67be7f4-3bae-4d8f-8ab8-f2fab965c3ac,b3a594ad-c0b2-4c4f-9c16-36e5268f731d,2025-07-17T23:17:44+00:00
18287a1a-39fb-4648-bd81-5f84c754525a,a67be7f4-3bae-4d8f-8ab8-f2fab965c3ac,6236d33d-7b57-486d-81e8-a247d50fa2a4,2025-04-18T09:03:34+00:00
fc0a7b2c-e6fd-4b40-b844-ff3316a5a630,a67be7f4-3bae-4d8f-8ab8-f2fab965c3ac,4c8ec64f-c0d0-4cfb-b064-d47de0ec57ba,2025-07-24T06:54:47+00:00
b269d81e-81c3-402c-adb1-7cfb5c371080,a67be7f4-3bae-4d8f-8ab8-f2fab965c3ac,632a3efa-008f-4d2e-9fa6-0a2e1c332a14,2025-04-10T16:10:35+00:00
b31eaf83-65e5-4188-a35b-92be065e2841,a67be7f4-3bae-4d8f-8ab8-f2fab965c3ac,22b1d57e-427b-4075-b871-f3a5bde40fbe,2025-11-24T15:35:58+00:00
50203b13-34cc-49b7-95c3-e7186b60b473,b26eacb7-bf1a-4005-9e9c-b38d7e23ea09,f8ec5735-1c8f-4776-b569-2f0195771513,2025-04-13T21:21:46+00:00
52274ae9-d48d-488c-ac40-21a6ca166057,b26eacb7-bf1a-4005-9e9c-b38d7e23ea09,8ed5d79d-9904-4ac0-b3d6-d43abaf34918,2026-06-07T00:56:37+00:00
c2bd0af1-54f0-41fe-8ce9-573deb1c74d9,b26eacb7-bf1a-4005-9e9c-b38d7e23ea09,ca8f1e88-f39d-4f85-a500-8267f988dfad,2025-09-01T08:52:18+00:00
1a61d122-7c05-4500-ab2f-a32e240c989e,b26eacb7-bf1a-4005-9e9c-b38d7e23ea09,a65291d3-0e33-4ea9-afd9-e6056f5fec42,2026-04-17T23:26:15+00:00
fdef3639-c128-47a7-ae10-9034b515d4e1,b26eacb7-bf1a-4005-9e9c-b38d7e23ea09,3d9b6dd2-deb5-4f7f-9ae8-89c12f579e9c,2026-03-15T09:41:24+00:00
2bf844bc-e276-4876-bae0-824de1d0039f,b26eacb7-bf1a-4005-9e9c-b38d7e23ea09,0c75c528-0777-4d48-b0e4-87ab07dcd5a2,2026-04-02T16:57:24+00:00
ce280bbb-2b4c-4315-96a7-11e57a35dd16,b26eacb7-bf1a-4005-9e9c-b38d7e23ea09,501e8ce4-ec88-49ee-8091-df9797903b55,2026-01-28T13:14:28+00:00
9a6ce937-2d57-431a-9a98-a573e4791422,b26eacb7-bf1a-4005-9e9c-b38d7e23ea09,3e1135b6-a11d-4440-9839-7607ab0df809,2025-04-11T08:19:36+00:00
5b2d8383-c4e4-47c1-aa57-55d0206ea0f8,d9dbbbf3-df71-40fc-b258-2dfb80ea3d9b,904d370b-c057-4076-ab96-6f35351482c2,2025-06-29T15:59:48+00:00
7d69744c-74a5-4f42-9d56-8f7d1497d6ff,d9dbbbf3-df71-40fc-b258-2dfb80ea3d9b,74375a59-e8c7-406f-8580-d46c74187dc9,2025-12-28T07:27:05+00:00
3e99f0cc-21b9-401e-b989-f3abf46f9885,d9dbbbf3-df71-40fc-b258-2dfb80ea3d9b,e7f25965-2024-4c9f-a575-caa1e7bc13df,2025-04-13T08:28:04+00:00
f241e686-3b12-4a59-af9d-99a0b15ebd0a,d9dbbbf3-df71-40fc-b258-2dfb80ea3d9b,9f74975f-3000-4ef2-b2a2-1cdac8513b60,2025-04-15T23:53:19+00:00
b3db194c-dd5f-45a9-bc0d-3787b4be161e,d9dbbbf3-df71-40fc-b258-2dfb80ea3d9b,f31ed9a5-371d-40f1-abad-f2898658760d,2025-12-23T05:05:09+00:00
139a9962-9d97-483f-b077-46f9e46ee5e0,d9dbbbf3-df71-40fc-b258-2dfb80ea3d9b,469cafcd-e935-4706-a180-dbcf0d46cd05,2025-10-14T14:49:26+00:00
aed2bc9f-af47-4d5c-82ce-69ba5ae85be3,3b40904a-6886-45ae-bb6e-50b846f4b0ee,8d03f92a-b2fe-4c08-869d-2b9e1a04c1d7,2026-04-29T08:38:04+00:00
b4a0734e-baba-4cf9-aca0-f44f4ee708e6,3b40904a-6886-45ae-bb6e-50b846f4b0ee,ff34dee7-a247-40d7-b920-a3d2e7a536c2,2025-04-15T22:39:19+00:00
33057b8c-6d3f-4f09-9257-e53c5e999622,3b40904a-6886-45ae-bb6e-50b846f4b0ee,7d339706-bfcc-4887-91f1-ec63d2d23823,2026-01-11T05:15:03+00:00
8435f29b-574a-41f5-95db-62357be49cd2,3b40904a-6886-45ae-bb6e-50b846f4b0ee,e76cf478-5afa-46e3-a39b-b02c23d6bb1b,2025-11-24T07:48:12+00:00
6719fc9b-ad3a-46d3-bb24-afcad1c518ed,3b40904a-6886-45ae-bb6e-50b846f4b0ee,819e531a-e9e2-4d6e-92fc-0f0bf2f0f251,2025-09-02T20:14:23+00:00
a65d1563-0c5b-4a9d-9ad1-612640d0cf29,3b40904a-6886-45ae-bb6e-50b846f4b0ee,21dd7dab-b91b-4dbb-ba29-ae9efd5f3f45,2026-02-10T20:57:59+00:00
c3b23722-f413-437d-9b37-494168711d33,3b40904a-6886-45ae-bb6e-50b846f4b0ee,a5387ad1-06a2-4c7d-9ab9-85dab1cab9e8,2026-03-07T04:37:14+00:00
bf5f03cb-6b80-4b94-817c-ad0e37d354a3,3b40904a-6886-45ae-bb6e-50b846f4b0ee,d0c1bf19-bea4-424f-910b-25f9f5d2cc23,2026-05-14T01:58:57+00:00
722834fd-589c-476d-8df2-64d7ae0300c3,f990340e-83a8-45bc-8bfc-5aa39939852a,69546e0c-13bb-4597-8ce8-09cf53b9a4ff,2025-04-15T05:35:51+00:00
7f1e0221-ab92-4a97-94ef-3e836a75dcd0,6d031027-8f8b-42ff-ba39-09f91d6badf2,ab56d43e-6b4a-43a3-9b6c-f3bae36c4bb6,2025-04-16T02:06:14+00:00
17ec251a-4d0a-49b0-accf-4be3cda9159b,6d031027-8f8b-42ff-ba39-09f91d6badf2,0c75c528-0777-4d48-b0e4-87ab07dcd5a2,2025-04-21T05:15:36+00:00
2877fae8-051f-44e3-b62f-63bb93d6ef68,6d031027-8f8b-42ff-ba39-09f91d6badf2,7d339706-bfcc-4887-91f1-ec63d2d23823,2025-04-18T04:52:39+00:00
37965865-0844-433f-9aad-1b98c711ad97,6d031027-8f8b-42ff-ba39-09f91d6badf2,27de1447-4949-4ba1-94da-511dcf33e97a,2025-04-22T04:32:12+00:00
f6eae2cc-77dd-4598-a88f-2b9a864d0dc4,6d031027-8f8b-42ff-ba39-09f91d6badf2,4183d4f5-30af-4bae-b78d-ab439d20b44a,2025-04-16T03:31:24+00:00
bfb74066-6740-4b8b-85aa-c26f0c466b75,6d031027-8f8b-42ff-ba39-09f91d6badf2,cbcba9e3-129e-437d-adc8-13aae5e788ac,2025-04-16T03:50:31+00:00
593d4a8e-8579-45a5-8016-c04005cb32b9,fb9a5157-e7e3-4b97-992c-1e7e57f57453,054fe171-2aa2-4064-be59-369e103477d7,2025-07-04T20:41:33+00:00
1cf87ab1-e01f-4a29-b88c-04568dcac3c3,fb9a5157-e7e3-4b97-992c-1e7e57f57453,62d505af-b1ab-402a-b8ac-bf03c359aea7,2026-01-14T16:37:51+00:00
1dc44bef-300d-4874-8479-47e5385426f8,fb9a5157-e7e3-4b97-992c-1e7e57f57453,8c0f035c-ed24-4e92-9e38-7d7562011845,2025-06-20T18:20:03+00:00
432f1cd2-b6f8-4535-b680-ef5714f6bec1,fb9a5157-e7e3-4b97-992c-1e7e57f57453,904d370b-c057-4076-ab96-6f35351482c2,2025-09-15T20:17:04+00:00
cee7bca4-212c-418e-a2db-4d12c2220336,fb9a5157-e7e3-4b97-992c-1e7e57f57453,85a05a4b-ce52-43cf-8433-02a2cad529e1,2025-04-16T18:46:50+00:00
9b18408d-798b-4291-b7c7-ced65ed34e88,fb9a5157-e7e3-4b97-992c-1e7e57f57453,29836ce5-4546-4ec6-b86e-0306757b6b8b,2026-07-02T01:29:01+00:00
d8acf13e-adc9-4523-96c6-d67f5f6d2b49,fb9a5157-e7e3-4b97-992c-1e7e57f57453,71938832-5c59-49e3-be85-9acbd7ca55ba,2025-10-29T23:34:20+00:00
c631b2ec-2e06-41ec-b194-67cfd8a36667,fb9a5157-e7e3-4b97-992c-1e7e57f57453,2ba2f93e-b90a-4582-9c0b-561477ec2dd4,2026-08-22T09:47:49+00:00
3ef01171-f26b-4974-ae2b-a8d259b09518,fb9a5157-e7e3-4b97-992c-1e7e57f57453,5e792d2c-8426-4884-9092-5acfa7c688ed,2025-10-17T23:25:00+00:00
1a77f66d-07d0-44c6-9e23-8de065a2ddb4,fb9a5157-e7e3-4b97-992c-1e7e57f57453,6695a266-c3cd-43a7-a7fb-fcac77328615,2025-08-05T19:03:06+00:00
e4373ec9-f563-45a5-b904-0130d3e01d85,fb9a5157-e7e3-4b97-992c-1e7e57f57453,29b08317-6763-47c6-93e5-e9d211886a27,2025-05-17T03:23:46+00:00
ac6b1b01-f313-458f-ac52-b748ef423f93,fb9a5157-e7e3-4b97-992c-1e7e57f57453,99348a51-08e9-4760-8822-b2f8debef37f,2025-12-30T11:48:48+00:00
677d959a-b658-4277-bcc5-5cdb60afda51,fb9a5157-e7e3-4b97-992c-1e7e57f57453,a1e4b04f-3354-4716-9914-0e447f91fb26,2026-01-21T00:05:19+00:00
e8c7b8de-13cd-413b-be01-943ec605a8ad,fb9a5157-e7e3-4b97-992c-1e7e57f57453,081ff1ec-6b6e-4345-b592-685440228bd4,2025-05-10T16:47:45+00:00
283121de-a50c-469d-b374-135eb5bc021b,fb9a5157-e7e3-4b97-992c-1e7e57f57453,10052c3a-4cb2-4d00-a0bc-2b3ec6334ca5,2025-04-21T08:03:32+00:00
8d9bfe73-19a3-40db-9615-d933dde9aa25,fb9a5157-e7e3-4b97-992c-1e7e57f57453,b3756f66-bc0a-4be7-b18e-d5a43ae2cb20,2025-11-12T16:38:26+00:00
155f8d0a-f5b8-4571-b432-368f9ed5a680,eb4ad25b-d63e-458e-8e2b-c648af42b16e,d7b30ac7-a843-4c2c-b7d0-5dbca0c169c3,2025-04-17T18:05:38+00:00
6738e8e6-8a0c-45cb-8928-2f4df7c7bcc8,eb4ad25b-d63e-458e-8e2b-c648af42b16e,86a2d273-34b8-46f0-bdc9-4868692691fa,2025-04-18T13:13:45+00:00
ab418167-a935-44fd-9017-19f350f4d95f,cd52c235-a9c3-4b71-ae58-9f105cc81b3d,bf6c0e33-5fc6-4e92-8a2d-83065bf149c4,2025-04-19T08:55:45+00:00
38bb9449-90f5-415f-8b42-06c43d541f46,cd52c235-a9c3-4b71-ae58-9f105cc81b3d,1e35bc63-b9b9-4dc0-bbca-ba32d6a1676f,2025-05-23T23:29:16+00:00
f144cddf-e81d-4001-9acd-8eb0099caa72,cd52c235-a9c3-4b71-ae58-9f105cc81b3d,8c0f035c-ed24-4e92-9e38-7d7562011845,2025-06-11T20:29:51+00:00
e76681b2-9456-446c-9619-08e1c1ace575,cd52c235-a9c3-4b71-ae58-9f105cc81b3d,659f0acc-033d-4e42-acb5-b569fa69a743,2025-04-27T04:56:19+00:00
d39b69af-d99e-4a2d-bf24-285983a3e746,cd52c235-a9c3-4b71-ae58-9f105cc81b3d,b3756f66-bc0a-4be7-b18e-d5a43ae2cb20,2025-04-26T14:23:48+00:00
cf2d6aef-c3c7-4893-a505-273d7453b60e,cd52c235-a9c3-4b71-ae58-9f105cc81b3d,0d63423b-88a8-461b-94f4-e18357eba2f3,2025-08-18T17:16:33+00:00
875cef0c-47e1-41ec-bc16-6c110bdf3123,cd52c235-a9c3-4b71-ae58-9f105cc81b3d,69546e0c-13bb-4597-8ce8-09cf53b9a4ff,2025-07-03T02:55:53+00:00
0d0fff15-76b5-4362-92f4-0af560bba2d3,cd52c235-a9c3-4b71-ae58-9f105cc81b3d,2e23fd62-664f-4904-93b9-98484374da38,2025-11-06T23:06:22+00:00
15e7c43c-9e65-4135-bd1f-87af08849569,cd52c235-a9c3-4b71-ae58-9f105cc81b3d,481984d9-8844-4ba6-aecf-3d3fd3c177fd,2025-10-07T07:20:49+00:00
5be7bd72-6067-4198-a935-0e9f6e107875,cd52c235-a9c3-4b71-ae58-9f105cc81b3d,29b08317-6763-47c6-93e5-e9d211886a27,2026-03-26T09:41:41+00:00
4e7ff01b-5b59-44f4-b5b9-49d988359731,cd52c235-a9c3-4b71-ae58-9f105cc81b3d,887b7fc5-3512-427f-b5f1-d0629d72dcf0,2026-07-14T15:55:40+00:00
e63c739d-d027-42d4-878f-ac2df6430082,cd52c235-a9c3-4b71-ae58-9f105cc81b3d,0c75c528-0777-4d48-b0e4-87ab07dcd5a2,2025-04-18T21:38:45+00:00
30e16491-dacd-4a11-a104-caa196fb9a80,cd52c235-a9c3-4b71-ae58-9f105cc81b3d,42688444-55cc-483b-a92c-df6777013516,2026-05-02T13:40:05+00:00
2e6e9c4f-0e05-4b51-8a33-a10e59fbea20,cd52c235-a9c3-4b71-ae58-9f105cc81b3d,39253471-72c7-42b6-ad3a-569f5728f21e,2025-04-18T17:29:50+00:00
e539d7e8-d5f2-48b5-8c0b-92999199bbbb,cd52c235-a9c3-4b71-ae58-9f105cc81b3d,ce36aea6-fdbd-41f0-af71-96972ce4d5d1,2025-10-19T20:21:35+00:00
56276add-92fd-4f7b-900d-07b4fd129499,cd52c235-a9c3-4b71-ae58-9f105cc81b3d,5a9e45fe-4a1e-47ab-9fd9-93dbc98d81eb,2026-06-01T07:58:00+00:00
5e41f8a5-f10e-487d-a6b0-19c163d95281,cd52c235-a9c3-4b71-ae58-9f105cc81b3d,128acef2-f235-4b4f-9ba9-12cf0271ac50,2025-04-18T14:16:44+00:00
1999eec7-12b3-47e9-8082-fa5dfd2fb6e1,cd52c235-a9c3-4b71-ae58-9f105cc81b3d,19dfffd3-69fe-4589-9939-0de48e436817,2025-05-07T06:13:13+00:00
2a93f557-1aef-4b1a-bcab-d49d82f6f936,cd52c235-a9c3-4b71-ae58-9f105cc81b3d,3faf19b8-adef-42c8-a07d-601db32b3f06,2025-09-25T01:32:50+00:00
995bf9b4-350b-46b8-95c1-278ddb2a8302,a0460f3f-49bd-47df-9d5e-91ee59c20c8a,1a6d9651-427f-4f8b-8364-dedd886b767d,2026-06-26T14:00:45+00:00
43c41d5d-dfe6-4678-8060-928ca162be30,a0460f3f-49bd-47df-9d5e-91ee59c20c8a,51910d94-7df2-4595-be53-5b43cb379762,2025-07-09T00:32:58+00:00
83b99118-71d0-4f87-b16e-e62af8719488,a0460f3f-49bd-47df-9d5e-91ee59c20c8a,b7fef60e-e709-4148-b2be-091d4a9dc1a5,2025-08-18T20:19:34+00:00
df264c9c-f40c-4a3a-bedf-6f9494dd5369,a0460f3f-49bd-47df-9d5e-91ee59c20c8a,887b7fc5-3512-427f-b5f1-d0629d72dcf0,2025-05-07T04:14:54+00:00
f310fea4-c2b1-4849-ba66-9fbc81fa95f8,a0460f3f-49bd-47df-9d5e-91ee59c20c8a,af587165-10af-4199-96d6-3bcb946bf36d,2025-07-07T13:37:35+00:00
4017ec1f-ae0d-45a9-bfac-976d5cdfcf92,a0460f3f-49bd-47df-9d5e-91ee59c20c8a,6cad3973-c23d-4cec-bb0c-6ecf78003373,2025-05-21T08:05:22+00:00
5545f409-7fba-498e-adcf-0674995a9cb3,078bbc37-2426-42f0-a011-973f4d58189a,d1069292-d635-44f8-8c01-1494891ae61f,2025-04-23T12:09:27+00:00
de824eab-ccd2-439c-a96c-654d30acb1b1,d120fdb0-82a9-4463-8946-b1bede26ffd2,fdd43fca-ada6-4d98-94a5-dbc1afd11d57,2026-01-30T06:34:37+00:00
ed41ffc0-dd88-491c-8cff-73c623cbcc32,d120fdb0-82a9-4463-8946-b1bede26ffd2,de74cf8e-baf2-424d-9e05-fa5a4aefa19e,2026-05-02T19:03:30+00:00
39a6c219-d091-4357-9b6a-986771c35383,d120fdb0-82a9-4463-8946-b1bede26ffd2,a1e4b04f-3354-4716-9914-0e447f91fb26,2025-05-19T16:05:01+00:00
742ddba2-6791-499d-b586-32f334735704,d120fdb0-82a9-4463-8946-b1bede26ffd2,e984c74d-dd4a-466b-b93f-7f517e76b6c7,2025-04-25T22:27:52+00:00
14425ddd-6a4b-409c-90a0-f5f30a50c06e,d120fdb0-82a9-4463-8946-b1bede26ffd2,3e7caac0-1ca6-4783-9a3e-0aec999045f7,2025-11-30T10:34:18+00:00
b409f401-5d4f-447b-812c-314788f33aca,d120fdb0-82a9-4463-8946-b1bede26ffd2,aa179f68-3aae-4474-991e-448842620800,2026-05-08T10:32:13+00:00
fc22d9ba-b812-4511-8dbc-be6d147cead6,d120fdb0-82a9-4463-8946-b1bede26ffd2,98975cfd-3638-4842-83fd-fb6f839b37d9,2025-10-31T18:33:30+00:00
1e314012-0c3d-4b8d-a7a9-555122090709,d120fdb0-82a9-4463-8946-b1bede26ffd2,054fe171-2aa2-4064-be59-369e103477d7,2025-07-08T09:42:49+00:00
0c29a177-0a23-4b03-8145-ca2c2619538f,d120fdb0-82a9-4463-8946-b1bede26ffd2,6c1ecb78-38c9-4d52-b536-8463029f3a65,2025-09-01T10:22:14+00:00
22d30bf2-7840-4409-bed1-5897ec12ee39,d120fdb0-82a9-4463-8946-b1bede26ffd2,5da9c176-ec13-4102-b6cf-121f4b145d5a,2025-05-09T21:55:37+00:00
2b8e8406-1e81-4916-bf61-f5627cc4f900,d120fdb0-82a9-4463-8946-b1bede26ffd2,bacf1c32-002e-4d62-8c6c-221609513f2f,2025-09-23T03:04:34+00:00
e3b44a55-2d95-4a9f-aaa0-974f71b0cd22,d120fdb0-82a9-4463-8946-b1bede26ffd2,7f332889-8032-467d-a20a-a0aadb0a6c98,2025-05-05T03:27:02+00:00
bd78dfb0-7f68-4ae5-8b01-07c66e3caac1,d120fdb0-82a9-4463-8946-b1bede26ffd2,3ae23a73-75a2-49e9-b24e-8c3459016993,2025-05-03T21:59:44+00:00
5494d2b7-3b2f-4e3f-8837-4ce4943ca664,5342efb5-022e-4d8a-806b-6b4d8681e0d5,8ed5d79d-9904-4ac0-b3d6-d43abaf34918,2025-12-03T23:53:49+00:00
b33115b4-600b-4ad9-a6d0-0f3ec32d739a,5342efb5-022e-4d8a-806b-6b4d8681e0d5,1738f94b-1c67-4612-9cd8-819ca50c35e3,2025-12-22T17:15:51+00:00
0fad7307-08c6-4f0b-9248-63e38bc76e02,5342efb5-022e-4d8a-806b-6b4d8681e0d5,09df0479-c184-43eb-84fc-57806ea9743a,2025-04-23T12:17:43+00:00
a708aa05-d5a8-48d0-b2c8-4cbc56dd92cb,5342efb5-022e-4d8a-806b-6b4d8681e0d5,5ab1b529-4f5e-42a1-8f82-f88bad579d46,2025-09-05T08:57:57+00:00
56c18934-1d5c-4d35-a6c1-187f0838172a,5342efb5-022e-4d8a-806b-6b4d8681e0d5,29b08317-6763-47c6-93e5-e9d211886a27,2025-05-14T13:00:24+00:00
cc8e9548-fb20-40cb-af92-4a95175e2b1d,5342efb5-022e-4d8a-806b-6b4d8681e0d5,b2d72011-02df-4d85-8d8c-9c12e9aa4b3a,2026-01-05T20:49:34+00:00
3d946fa3-73b4-487a-b99e-acbc8074e6f0,5342efb5-022e-4d8a-806b-6b4d8681e0d5,1f5c9368-f634-4128-84d2-ef868162ba53,2026-04-19T19:34:54+00:00
164f5d30-db5b-4943-bd8f-a94cb6216fa1,09c0d9ec-b6af-4b75-9158-b5fa448768e0,51dac652-9517-4e31-b9c9-905c3968e085,2025-12-21T05:58:02+00:00
3ec6b9e0-74b2-47ea-9270-45aaae754343,09c0d9ec-b6af-4b75-9158-b5fa448768e0,7524322e-1510-48cc-868b-8d59b328109b,2025-10-02T08:03:12+00:00
a548c4ed-0cc8-4c3c-9ab0-17b0d24cfe3b,09c0d9ec-b6af-4b75-9158-b5fa448768e0,8ca12932-1c6f-4ce8-b5ac-da66575fd911,2025-08-18T06:27:02+00:00
4b32e806-2566-4e83-9ab9-a3597e327615,09c0d9ec-b6af-4b75-9158-b5fa448768e0,4366727f-cad9-45ec-ac07-3b7e024b94a1,2025-05-24T14:03:21+00:00
6df00d63-e68f-49ed-82fe-fc2dea0250b0,bb87afe9-4597-4064-ac89-6fff529b9f88,743aae1e-e024-4953-a3ae-1413333f514f,2025-04-26T22:55:27+00:00
ff314b4e-d243-4deb-9109-e02018ce42bd,bb87afe9-4597-4064-ac89-6fff529b9f88,0c75c528-0777-4d48-b0e4-87ab07dcd5a2,2025-04-27T21:41:01+00:00
0b42a5b4-b4e8-465c-b66a-0e98ed86593b,bb87afe9-4597-4064-ac89-6fff529b9f88,a2a97c5b-d72e-47bb-a8b8-355fcf007b68,2025-04-28T23:27:29+00:00
56560aca-30ed-45fa-aea1-630ea3a41f67,bb87afe9-4597-4064-ac89-6fff529b9f88,19dfffd3-69fe-4589-9939-0de48e436817,2025-04-28T03:48:18+00:00
237f6c9e-aa7a-48b7-a31e-4bf244b29d0d,bb87afe9-4597-4064-ac89-6fff529b9f88,4c8ec64f-c0d0-4cfb-b064-d47de0ec57ba,2025-04-28T09:09:23+00:00
79bbbb31-cb66-48a1-8a2e-7535f321bc83,bbf13d36-0ce4-4aa8-84c7-8aa1a8597aff,666bc6ff-a4ef-4446-b1f3-452d89ab9300,2025-06-24T05:20:16+00:00
524f20c3-9d66-4ba7-861e-3860c2eb33ba,bbf13d36-0ce4-4aa8-84c7-8aa1a8597aff,b3a594ad-c0b2-4c4f-9c16-36e5268f731d,2025-04-27T12:15:03+00:00
9053a52f-e657-4b30-8257-4ac028944932,bbf13d36-0ce4-4aa8-84c7-8aa1a8597aff,f91ff251-1181-4bdc-acdc-09ddd07c0f6b,2025-07-28T17:23:17+00:00
c7827a3f-b18a-434f-9e6c-80c9b84bd74f,bbf13d36-0ce4-4aa8-84c7-8aa1a8597aff,2025475c-1545-4632-8937-5fe6f57953a0,2025-12-09T07:41:44+00:00
6bd8e8d8-7daa-4d1f-ad2d-ff1790821f64,bbf13d36-0ce4-4aa8-84c7-8aa1a8597aff,0b20e057-ab25-4963-a1eb-383458386c85,2025-10-17T03:39:56+00:00
211f2110-a51b-4ef7-a612-aaa29932ac82,bbf13d36-0ce4-4aa8-84c7-8aa1a8597aff,b2934820-ad75-476f-ade6-054a7c89f295,2025-05-19T20:29:49+00:00
b1a91894-ec86-4a81-a96c-5dc383c6f793,bbf13d36-0ce4-4aa8-84c7-8aa1a8597aff,7a537b60-7891-4d8a-9a2d-3dc4f49961e2,2025-11-12T21:36:10+00:00
503ecafb-41aa-4692-bcd0-ca7c859a8a68,bbf13d36-0ce4-4aa8-84c7-8aa1a8597aff,23a55d2c-5ac7-43a9-a6a4-20734b79d7ae,2026-06-23T22:04:58+00:00
b8aad485-9d5b-4d06-bea1-ba2376d245ee,bbf13d36-0ce4-4aa8-84c7-8aa1a8597aff,39387e77-2cf5-4e83-a449-610606391894,2025-04-28T17:11:11+00:00
626a9887-b1f5-4d29-af89-1884a1520d26,26f271a6-24aa-4bf3-9363-3c3555e47bc9,f87b345a-0777-46fc-865a-b76dacc1e90a,2025-05-31T10:53:06+00:00
e4cb42b1-bc1e-4f39-a37e-516a5d69e76b,26f271a6-24aa-4bf3-9363-3c3555e47bc9,b60473a7-fc1d-48a6-b979-2e6c324f1b4c,2025-06-12T03:01:22+00:00
dafdc363-029a-4e19-9397-480ef7c4e2ed,26f271a6-24aa-4bf3-9363-3c3555e47bc9,635cb86b-03c7-4fb4-884b-ced27f9691bb,2025-05-02T05:29:02+00:00
1dc9c420-c1b9-4feb-a3da-6b734e8f484b,26f271a6-24aa-4bf3-9363-3c3555e47bc9,1cd103c5-ca45-4990-b0e8-9aeda141fced,2026-06-11T20:12:29+00:00
417ff058-679a-4895-bf84-2ac91090138d,26f271a6-24aa-4bf3-9363-3c3555e47bc9,7524322e-1510-48cc-868b-8d59b328109b,2025-06-05T20:50:28+00:00
42547ec7-5ca3-43be-900f-81357a6f8348,26f271a6-24aa-4bf3-9363-3c3555e47bc9,a83115e6-95d7-4710-8785-ad490862eb1d,2025-10-10T23:55:12+00:00
0d08cf5c-f3b2-45c1-8c02-e393c341f33b,26f271a6-24aa-4bf3-9363-3c3555e47bc9,1c53189a-7903-4dcb-97d6-29489110198e,2025-07-08T04:24:08+00:00
0f58ffb7-af33-48e0-b5f1-ddfccb5b2134,26f271a6-24aa-4bf3-9363-3c3555e47bc9,006cf2a0-aba4-468e-933a-b50f8c76a23f,2025-12-08T05:23:28+00:00
e6b5e3d7-151d-4c96-a8ac-b8b62ecc9a3d,26f271a6-24aa-4bf3-9363-3c3555e47bc9,c3e6de0b-ae0e-464a-aeef-51bebdd50073,2025-12-16T12:27:41+00:00
f7bf8d91-6aa8-40eb-9ee2-cfa9fad094d7,26f271a6-24aa-4bf3-9363-3c3555e47bc9,0c75c528-0777-4d48-b0e4-87ab07dcd5a2,2025-06-12T18:53:55+00:00
e61e1aa4-1e11-4c13-a87a-a99023990295,26f271a6-24aa-4bf3-9363-3c3555e47bc9,156ce20e-a7d6-4a4e-88c0-5e21929a443d,2026-03-17T19:24:43+00:00
805e0ca4-aeb6-4023-b8a8-123aab712269,26f271a6-24aa-4bf3-9363-3c3555e47bc9,ffae7a2d-9aea-4536-8cf4-dd5a807a4405,2025-11-01T20:30:12+00:00
2c5994e3-8f4b-4393-affc-fcb893621dfd,26f271a6-24aa-4bf3-9363-3c3555e47bc9,d34b2b4a-bc0b-4ffd-83db-00f5cc6c937f,2025-05-04T08:29:09+00:00
add325ba-986d-4696-8744-0afe22633913,26f271a6-24aa-4bf3-9363-3c3555e47bc9,85a05a4b-ce52-43cf-8433-02a2cad529e1,2025-05-17T02:22:46+00:00
ddc1720f-ac8f-4e31-bb62-0464fb60c3bd,26f271a6-24aa-4bf3-9363-3c3555e47bc9,ded797b6-afed-4f9c-8ae0-35b3c61aa0e4,2025-05-03T22:32:20+00:00
bd84fd1f-6c82-4ac6-a834-522257d0b762,26f271a6-24aa-4bf3-9363-3c3555e47bc9,5c27de08-e263-49f8-b85c-5d1bfb70223d,2025-10-25T05:00:28+00:00
0ac8992b-7a90-4b52-b55d-0408e8d1a69e,51a6b15a-4347-430d-a6a9-1d747dc27125,e7f25965-2024-4c9f-a575-caa1e7bc13df,2025-07-25T20:35:24+00:00
664233b9-24d9-4b98-90f3-7eef6f43fe6e,51a6b15a-4347-430d-a6a9-1d747dc27125,f1c36ffc-5fa2-4aa1-a227-7f0aafef70d4,2026-08-24T23:35:05+00:00
ba6bfe43-f64a-4ecd-8d8b-4888bd60df3d,51a6b15a-4347-430d-a6a9-1d747dc27125,ab56d43e-6b4a-43a3-9b6c-f3bae36c4bb6,2025-09-02T22:27:20+00:00
781e4d3d-ad5b-4b7e-b45b-d97d6bd0ce0f,51a6b15a-4347-430d-a6a9-1d747dc27125,742f60c2-2f3a-4c03-86e2-e6b289299c40,2025-05-15T21:48:51+00:00
1553d90a-64a5-4096-8900-42e249b30d47,51a6b15a-4347-430d-a6a9-1d747dc27125,d0c1bf19-bea4-424f-910b-25f9f5d2cc23,2025-05-08T13:22:08+00:00
f0338b11-1935-4bdc-9782-0f997777a6ba,51a6b15a-4347-430d-a6a9-1d747dc27125,d24b23ee-291d-4c2f-8c3a-ce1251c2c3d8,2025-05-15T09:25:24+00:00
53a6518d-2974-4a9b-a75f-173356d20e4f,51a6b15a-4347-430d-a6a9-1d747dc27125,006cf2a0-aba4-468e-933a-b50f8c76a23f,2026-03-02T00:35:07+00:00
457903ec-6865-4c78-b670-ea1cb42d74b0,51a6b15a-4347-430d-a6a9-1d747dc27125,d34b2b4a-bc0b-4ffd-83db-00f5cc6c937f,2025-05-23T22:16:20+00:00
2647c46c-121b-4f65-8c9c-ae56c6035432,51a6b15a-4347-430d-a6a9-1d747dc27125,3ae23a73-75a2-49e9-b24e-8c3459016993,2025-06-02T22:52:20+00:00
c70c1a5c-2b64-40cd-b5d9-351f19edd2dc,51a6b15a-4347-430d-a6a9-1d747dc27125,74375a59-e8c7-406f-8580-d46c74187dc9,2025-05-17T08:19:58+00:00
c97775df-3e7f-4f53-a4bb-44087bd9b7c2,51a6b15a-4347-430d-a6a9-1d747dc27125,c83332b4-6631-4d8a-bf55-d7b4da6ef7d5,2026-03-15T23:23:57+00:00
5aa8d269-f630-4e59-9cce-703a566d5807,51a6b15a-4347-430d-a6a9-1d747dc27125,5c16ef18-8047-4cc4-806c-4ef9df6de907,2026-01-13T23:48:53+00:00
a4321df8-fd57-4920-9741-dd969bf21e16,51a6b15a-4347-430d-a6a9-1d747dc27125,e76cf478-5afa-46e3-a39b-b02c23d6bb1b,2026-06-01T07:49:17+00:00
22f99372-bc19-4288-9991-816a6e01f77a,a173ca0e-e7fc-4042-bb55-b28520bbbaaf,4f1cb3c6-4a88-475a-b5e5-f34f7bdaa2fc,2026-02-04T05:53:41+00:00
24ac4c82-8a42-4459-9345-c7906943c88e,a173ca0e-e7fc-4042-bb55-b28520bbbaaf,1c53189a-7903-4dcb-97d6-29489110198e,2025-05-23T00:12:55+00:00
d10fc408-9d53-43c5-9f69-90961a220c72,a173ca0e-e7fc-4042-bb55-b28520bbbaaf,feb4d905-0b79-4ac5-9d53-4c64f8023f17,2025-07-13T15:19:44+00:00
0bf486a7-a229-4e44-889a-41e3add8cc51,a173ca0e-e7fc-4042-bb55-b28520bbbaaf,d0c1bf19-bea4-424f-910b-25f9f5d2cc23,2026-05-18T22:52:50+00:00
d1b85378-689d-4ce3-aa05-939fa12cf506,a173ca0e-e7fc-4042-bb55-b28520bbbaaf,e2bc1752-1983-472e-bbd9-c6fae7cac58a,2025-09-03T06:02:33+00:00
76ccc44a-a33a-451d-afc3-e3a5e11df7d0,a173ca0e-e7fc-4042-bb55-b28520bbbaaf,2e0927d6-79bf-4b1c-b9d9-5d2847205f9d,2026-01-31T01:19:51+00:00
593b5b1c-b127-4f08-8a51-d2c541d2977f,34fb6f3e-131b-4425-92b3-bce0d40c4c16,26d61dc5-0b03-4c16-8a64-7afeba92fecb,2025-06-08T18:39:56+00:00
2257b346-acb3-4faf-9606-e67b1f3e68cf,34fb6f3e-131b-4425-92b3-bce0d40c4c16,f7318ac8-5529-4cd7-98ea-c6b5c629b8b2,2025-06-10T03:34:29+00:00
319bf519-af60-48d9-97d8-ad02e4941bb3,34fb6f3e-131b-4425-92b3-bce0d40c4c16,9e8e0225-d22d-409e-a1ce-2e9061fc7344,2025-11-06T14:22:23+00:00
7d3889f0-f9f4-4875-a923-59dd7590c097,34fb6f3e-131b-4425-92b3-bce0d40c4c16,dc64b030-9ad0-4b7f-aa39-1ea19decb440,2025-11-14T13:14:10+00:00
8ebe2a8c-1e9e-49c1-9d53-bb333aa64667,34fb6f3e-131b-4425-92b3-bce0d40c4c16,75a9c08b-c3f9-48ea-bba3-d6136d51a785,2025-06-13T13:18:30+00:00
1c605c94-0325-4bc0-a1b1-6256b2efd634,34fb6f3e-131b-4425-92b3-bce0d40c4c16,bdd3bd04-7e4b-4d82-816f-dceb5fae55ea,2026-07-10T04:35:32+00:00
3c107824-b30f-4d37-a98b-686b86e6386c,34fb6f3e-131b-4425-92b3-bce0d40c4c16,fba653f1-56a1-4e32-b3a6-1205a8a2e461,2025-06-04T17:21:41+00:00
0ee83759-e6bc-4cc2-b44e-eb84cc7d4b6c,34fb6f3e-131b-4425-92b3-bce0d40c4c16,99348a51-08e9-4760-8822-b2f8debef37f,2026-04-19T15:07:32+00:00
a61134cf-8ff4-4a1f-a840-237f25b2663d,34fb6f3e-131b-4425-92b3-bce0d40c4c16,10e5f889-8510-460a-b274-ff42a4b2a3e9,2025-11-23T21:22:49+00:00
43a74250-71c8-4033-868e-91708862b338,8898aa0f-8e26-4b0c-8221-e7c468dc13f3,eb37e445-ad15-450f-aac9-165635b7ef7b,2025-05-06T04:56:09+00:00
1dd1f171-8ea2-4a58-af88-c81a6daf2b62,8898aa0f-8e26-4b0c-8221-e7c468dc13f3,e33923d4-ae33-4f20-93b4-4927825fa9f9,2025-05-04T12:13:44+00:00
67c74fb4-8fbe-4b88-be9f-acb1f957cd2f,6dfb746e-d1ad-4ada-8e22-39687e702524,2709bb2d-e639-44c0-920f-80a9f4c4955e,2025-05-07T03:02:01+00:00
ad387da6-0dee-4fe1-a3a3-98dbadb87c2f,f84ec975-e1dd-4ced-b0ff-2af15a8cc2d3,e294d7c5-9f72-4226-9091-d2cf6c147a17,2025-05-31T09:22:50+00:00
261d04d4-8592-455f-9b4f-89b1852ce1fb,f84ec975-e1dd-4ced-b0ff-2af15a8cc2d3,a4870570-7c5f-4b20-8e76-eb3e4f83bf13,2026-03-06T09:34:11+00:00
09fb95de-ab60-4c28-be71-f58d8cb07ac2,f84ec975-e1dd-4ced-b0ff-2af15a8cc2d3,1e604945-92d3-44f7-a246-8e1d1ff23f0f,2026-04-19T04:29:39+00:00
a939a556-1870-492a-8ddf-c706405cf52f,f84ec975-e1dd-4ced-b0ff-2af15a8cc2d3,8fa42630-14d9-4824-8c8d-b2642218ce75,2026-08-09T16:33:00+00:00
b7d6f1da-99fa-4075-ac60-17d88074012c,f84ec975-e1dd-4ced-b0ff-2af15a8cc2d3,828a88f5-8cb3-48a8-9e07-3db32ed9a35d,2025-05-16T06:08:33+00:00
e7d232ff-874c-4b2f-b7ff-7f4eb945d9fa,f84ec975-e1dd-4ced-b0ff-2af15a8cc2d3,10e5f889-8510-460a-b274-ff42a4b2a3e9,2025-06-03T09:52:43+00:00
75f659ee-f5e9-4eda-92b7-0e76033c9126,f84ec975-e1dd-4ced-b0ff-2af15a8cc2d3,a9ed43c7-b716-4055-97db-efe07e46285d,2026-05-12T07:27:42+00:00
45d7992a-d230-49ee-9428-c6e359f312d9,f84ec975-e1dd-4ced-b0ff-2af15a8cc2d3,b9a3d8a8-1d58-4cf2-971d-224a10dd8600,2026-07-06T11:32:00+00:00
4a4b0367-8902-4e23-9269-ca20f2742b5b,f84ec975-e1dd-4ced-b0ff-2af15a8cc2d3,2ad9462f-49f8-4d9a-8f1f-6f573c1e266f,2025-08-26T07:05:59+00:00
db853141-e5ff-4c10-a3e0-883d272a9bdb,f84ec975-e1dd-4ced-b0ff-2af15a8cc2d3,d70b90fa-8a9d-408e-b442-7d148a6095e5,2025-08-06T03:49:27+00:00
7bbb6c74-92b2-45fd-8ef8-20818e12c396,f84ec975-e1dd-4ced-b0ff-2af15a8cc2d3,580cef17-440c-4dfe-9629-5e7dcbd52995,2026-04-11T20:16:30+00:00
3c0b6ec8-f502-426c-ae3c-1c7c77a43f05,f84ec975-e1dd-4ced-b0ff-2af15a8cc2d3,44dae102-8716-4274-95ac-bf413382999a,2025-05-08T20:35:03+00:00
39ba5b03-32c6-4fe9-8815-1cd6c19b0971,f84ec975-e1dd-4ced-b0ff-2af15a8cc2d3,7d2e833a-8242-43a6-93ca-e79df0b2cd59,2025-05-03T01:12:27+00:00
8221f77a-278e-4cc3-8ba9-b721900ed582,438f0e69-a664-482e-8335-f53be39c6194,887b7fc5-3512-427f-b5f1-d0629d72dcf0,2025-05-04T03:07:39+00:00
bd905699-f1e3-466a-b8a7-50d1312b7e17,438f0e69-a664-482e-8335-f53be39c6194,e33923d4-ae33-4f20-93b4-4927825fa9f9,2025-05-06T11:27:08+00:00
37e71671-fa81-4e13-8c5c-cbe4f6538244,438f0e69-a664-482e-8335-f53be39c6194,e19797db-e29f-48c3-a7bc-6f3ee4494c8c,2025-05-03T20:28:39+00:00
836d8c84-756a-4168-9c55-fdeb262681aa,438f0e69-a664-482e-8335-f53be39c6194,a2a97c5b-d72e-47bb-a8b8-355fcf007b68,2025-05-05T02:53:20+00:00
e1b9cc51-bbf7-498b-b163-c399eb8bd344,438f0e69-a664-482e-8335-f53be39c6194,484b4933-21fa-4a46-904b-33017ff3857f,2025-05-05T13:13:30+00:00
4099a152-95d3-4364-9c75-f1a37915e1e0,db53f48b-09eb-4d1d-b3ff-3d23f8e61aa9,887b7fc5-3512-427f-b5f1-d0629d72dcf0,2026-06-07T19:33:19+00:00
fc5c73bb-7295-48fd-897d-a69048a1d2fa,db53f48b-09eb-4d1d-b3ff-3d23f8e61aa9,af587165-10af-4199-96d6-3bcb946bf36d,2025-05-08T00:58:36+00:00
884980f8-7d0a-4523-8e5d-5cd4a8a9f0d1,db53f48b-09eb-4d1d-b3ff-3d23f8e61aa9,cdcd2f90-549e-4f8a-a600-5ffc9f8c2d74,2025-07-24T03:00:57+00:00
c304b18e-ee58-48b4-a8a1-abeb9a134809,6238c1ce-6d12-494d-9130-f50e4e4d83c1,ec6a23be-ddf8-411b-a001-feea58a50c51,2025-05-05T03:46:04+00:00
31f1a9c6-5eb1-4fde-8b3b-34aded0ad7b3,b4ca3f8f-565c-4974-a227-43014cfedb7b,632a3efa-008f-4d2e-9fa6-0a2e1c332a14,2025-05-30T11:11:09+00:00
8b1c60cd-af31-47c7-a67c-67591523d2ab,b4ca3f8f-565c-4974-a227-43014cfedb7b,42ddf256-149e-4757-b88b-4e24c8e6cb76,2025-05-08T13:04:20+00:00
cef1cd2f-77cf-4222-8c99-080e50a3c34b,b4ca3f8f-565c-4974-a227-43014cfedb7b,ef612f5a-faa9-4654-9788-291f8ab7522f,2025-10-28T00:54:35+00:00
59cc32a1-07a9-449c-8dc7-70a10148adfc,b4ca3f8f-565c-4974-a227-43014cfedb7b,3fc6331b-9394-4e27-8bfb-3d16fe1a97c0,2026-05-15T00:52:37+00:00
fe1fa81b-1319-4155-8626-f50a9e8b824f,b4ca3f8f-565c-4974-a227-43014cfedb7b,9f74975f-3000-4ef2-b2a2-1cdac8513b60,2026-05-09T09:25:40+00:00
b2fe45cc-4552-41bf-a8b8-0bc416122c3a,b4ca3f8f-565c-4974-a227-43014cfedb7b,cdcd2f90-549e-4f8a-a600-5ffc9f8c2d74,2025-05-09T00:01:40+00:00
fc078170-b9e3-4589-ace4-7023528cbb6e,b4ca3f8f-565c-4974-a227-43014cfedb7b,c6fd42f0-6060-47cf-a8e8-e24dcaee7d26,2025-05-08T14:48:48+00:00
7df9e1d1-41f4-4c1b-b95d-fd4422476bbd,b4ca3f8f-565c-4974-a227-43014cfedb7b,f79de4b1-f0cc-45e9-85c3-b3112725fde1,2025-08-09T06:14:09+00:00
5ef2d730-51e0-4727-837b-499a68b2560c,74b2d4de-ed2b-4e31-bc5b-a228288a9107,b0d125ec-566b-4830-9728-284dfbbab547,2026-03-26T02:23:10+00:00
1c0cdf42-1d07-4c38-a17f-ddd2d30292f0,74b2d4de-ed2b-4e31-bc5b-a228288a9107,6e62d7bb-6bda-4ea0-82c5-87c508932975,2025-06-03T19:11:20+00:00
c08eeeb1-6b43-4605-8324-1ac2629b1962,74b2d4de-ed2b-4e31-bc5b-a228288a9107,323eb581-df66-495e-b4c3-b8d51316dccb,2025-11-22T17:30:53+00:00
53163bc9-0a52-4a02-9504-33efc49d0a8d,74b2d4de-ed2b-4e31-bc5b-a228288a9107,34441c15-0467-4b92-b3ab-8deb1054c830,2025-10-16T10:25:03+00:00
a617810f-f439-4f1f-b49a-0261e24f8867,cd50c9f8-aca5-4a32-8beb-bbef08f6e364,caa94dc0-81be-4dfa-8bc4-fa28c1ea5e7e,2026-02-08T02:44:38+00:00
6cae9096-6d16-4a59-a996-3df9c7646864,cd50c9f8-aca5-4a32-8beb-bbef08f6e364,ac4cd2de-69ac-436e-b67e-c476f7f37a57,2026-03-27T09:05:54+00:00
638ed0da-25e8-47a7-a327-62582c118803,cd50c9f8-aca5-4a32-8beb-bbef08f6e364,dce19236-e6ac-4b25-8861-f9bf621963fd,2025-10-09T10:05:30+00:00
390ed029-9fcc-438f-986c-97c05e3c9355,cd50c9f8-aca5-4a32-8beb-bbef08f6e364,c826c699-c25f-4e45-bc9a-8ef83d1a94fb,2026-01-24T22:07:08+00:00
353ad017-abc4-41e3-ad19-2f14cc3e0424,cd50c9f8-aca5-4a32-8beb-bbef08f6e364,ded797b6-afed-4f9c-8ae0-35b3c61aa0e4,2025-05-20T00:31:16+00:00
36e6a972-1c40-48c3-969c-7b4118a46186,cd50c9f8-aca5-4a32-8beb-bbef08f6e364,d34b2b4a-bc0b-4ffd-83db-00f5cc6c937f,2025-05-20T21:12:16+00:00
785ed580-ff6b-45ed-be6b-a6cdde99acd3,479875e5-c394-4832-93cb-e20d3f6823fb,f91ff251-1181-4bdc-acdc-09ddd07c0f6b,2025-08-16T16:54:12+00:00
85070b98-434f-4773-871b-ad14eba5cf71,479875e5-c394-4832-93cb-e20d3f6823fb,5635f843-b3b9-440c-a3b6-a80320986967,2026-06-30T16:09:16+00:00
b2931e2c-81a8-4fe7-8b3b-e336fa9669ff,479875e5-c394-4832-93cb-e20d3f6823fb,2e23fd62-664f-4904-93b9-98484374da38,2026-01-28T13:01:36+00:00
c32dc61f-fa15-4fb6-bf66-2e3e144968fd,479875e5-c394-4832-93cb-e20d3f6823fb,e7f25965-2024-4c9f-a575-caa1e7bc13df,2025-06-16T08:19:55+00:00
2fee83f0-5b9a-4780-b821-5e3398ab9610,479875e5-c394-4832-93cb-e20d3f6823fb,d1069292-d635-44f8-8c01-1494891ae61f,2025-09-03T22:26:04+00:00
37b5eede-188e-4601-b70e-f73a44ed18ad,479875e5-c394-4832-93cb-e20d3f6823fb,1dcda15d-0c1e-4892-80a8-bfb7f3596889,2026-04-23T23:17:12+00:00
fd622258-8dfe-4d3c-97ed-0575fb531ea6,479875e5-c394-4832-93cb-e20d3f6823fb,8c0f035c-ed24-4e92-9e38-7d7562011845,2025-05-21T19:46:37+00:00
66f93b1c-bfcd-4d02-99c0-63893dabd186,e5c23a39-1e39-4822-8b48-6ce1e0780835,7e1555a1-9eff-4976-a527-3cab5d2d4357,2026-08-31T02:45:22+00:00
bf83d960-8777-4ae2-b2a3-eeacb1061a89,e5c23a39-1e39-4822-8b48-6ce1e0780835,8655633c-8b61-41b6-8e06-e79ce464e099,2025-05-23T13:29:44+00:00
1186c545-dfb9-4a25-983c-40624ef1ce17,e5c23a39-1e39-4822-8b48-6ce1e0780835,ff1dc571-d626-480e-b098-a50d60c896af,2025-11-01T21:55:06+00:00
c6168b9e-2c15-44be-b4c1-f40189adf191,e5c23a39-1e39-4822-8b48-6ce1e0780835,62d505af-b1ab-402a-b8ac-bf03c359aea7,2025-07-03T15:30:44+00:00
1fb87036-a72c-4394-909c-8f060dc65a57,e5c23a39-1e39-4822-8b48-6ce1e0780835,ef612f5a-faa9-4654-9788-291f8ab7522f,2026-04-17T13:40:45+00:00
0272a788-1468-4892-9e47-b8d1aac06fe3,e5c23a39-1e39-4822-8b48-6ce1e0780835,e1ed7e6e-8e69-4089-a848-80cc71f34ee0,2026-08-14T22:30:36+00:00
d9fcb701-07eb-4a7e-a8bf-22a003d3691a,e5c23a39-1e39-4822-8b48-6ce1e0780835,5a9e45fe-4a1e-47ab-9fd9-93dbc98d81eb,2025-10-01T06:34:49+00:00
b79fb3d0-2a09-4f1f-9796-0020d0e3a925,e5c23a39-1e39-4822-8b48-6ce1e0780835,74d3f6c0-8cd8-42de-be07-4e633a9879a2,2026-06-03T12:40:39+00:00
99f23beb-2235-48b0-a40a-0c88b1ae728d,e5c23a39-1e39-4822-8b48-6ce1e0780835,51910d94-7df2-4595-be53-5b43cb379762,2025-05-15T13:15:59+00:00
8ca11cab-de88-45d5-8a40-099f9bab47ef,a32332a3-6ecc-469c-833a-7cee14d40183,eb37e445-ad15-450f-aac9-165635b7ef7b,2025-05-16T12:36:32+00:00
5092c608-0c94-4a12-80f7-1d05547af681,a32332a3-6ecc-469c-833a-7cee14d40183,4dedd047-d3e8-4791-873c-6053577084d1,2025-11-28T05:02:58+00:00
6ae014f7-4cfc-4f98-bf41-418251ef4ae8,a32332a3-6ecc-469c-833a-7cee14d40183,681a768e-2c15-4f60-b8bb-6613e5d882f5,2025-05-13T13:12:00+00:00
6373d175-3e58-4c83-ad54-11cfb972fc2b,a32332a3-6ecc-469c-833a-7cee14d40183,e1ed7e6e-8e69-4089-a848-80cc71f34ee0,2025-07-05T11:34:41+00:00
5bc3c876-f3d2-412c-9e14-554630fe2dc1,a32332a3-6ecc-469c-833a-7cee14d40183,b371ce5e-bc61-471a-9390-abad4474dcdf,2026-07-18T12:31:59+00:00
004121bb-2302-4b12-bbf4-dcb32e012fc9,a32332a3-6ecc-469c-833a-7cee14d40183,8655633c-8b61-41b6-8e06-e79ce464e099,2025-08-16T23:35:08+00:00
78121297-4ef9-49f4-8fad-f930645947c4,a32332a3-6ecc-469c-833a-7cee14d40183,02126d92-72ee-409c-9e6c-a2e4d9f83a6b,2025-12-29T04:43:00+00:00
727673e3-4fd1-4fed-8c32-df3606fea5a3,a32332a3-6ecc-469c-833a-7cee14d40183,51dac652-9517-4e31-b9c9-905c3968e085,2025-05-13T17:23:05+00:00
17443e6b-a067-4b3c-a4c5-eb9dcb52e3c2,a32332a3-6ecc-469c-833a-7cee14d40183,7f332889-8032-467d-a20a-a0aadb0a6c98,2026-05-20T07:16:27+00:00
de44d0d2-db76-490a-8dbd-c4c86c7dc810,a32332a3-6ecc-469c-833a-7cee14d40183,e5f76da6-068a-4b15-bb2c-649e314a26ed,2025-06-03T12:29:54+00:00
041ce9b2-d7a9-4316-a9c3-fa5ef5310f9e,bddf4cb8-bf67-4652-b95c-8001d01e8065,64be8bfb-802e-4c82-a1a5-933556b2ba96,2025-09-28T19:16:49+00:00
b66ef2f5-39a6-4532-8527-7f764a285684,bddf4cb8-bf67-4652-b95c-8001d01e8065,6dae0af9-c881-473c-a919-489118789e0d,2026-01-16T11:07:51+00:00
d8825395-1d71-4b5b-afd1-c340f6765da7,bddf4cb8-bf67-4652-b95c-8001d01e8065,8d9a7d65-67f7-4c3e-b3ec-57b9652f01a1,2025-11-07T01:56:44+00:00
c9db688d-b5b9-4a1e-993b-d9910fbb7ce3,bddf4cb8-bf67-4652-b95c-8001d01e8065,e7f25965-2024-4c9f-a575-caa1e7bc13df,2025-06-04T02:38:59+00:00
b9facdd9-65df-425a-9b88-e691f20f776e,bddf4cb8-bf67-4652-b95c-8001d01e8065,819e531a-e9e2-4d6e-92fc-0f0bf2f0f251,2025-06-13T21:41:27+00:00
b0fb99ff-86ac-4f2d-8285-f347908e1378,bddf4cb8-bf67-4652-b95c-8001d01e8065,09df0479-c184-43eb-84fc-57806ea9743a,2025-06-27T19:05:23+00:00
9370e71c-fbe3-4c75-b41b-fe1f0c9c4553,bddf4cb8-bf67-4652-b95c-8001d01e8065,0581305f-6e14-482c-94be-e2a7bab71968,2025-07-28T22:52:51+00:00
a783aed0-5943-4f35-87d9-a05b8e4d0a39,bddf4cb8-bf67-4652-b95c-8001d01e8065,123da5fe-c615-4c1b-a15e-c518ab63f804,2025-09-07T12:02:46+00:00
67a53ce3-542f-4277-af4d-b8e25bec4425,bddf4cb8-bf67-4652-b95c-8001d01e8065,4eb375d1-e150-4235-aed3-d4483dba1cfa,2026-01-30T13:11:17+00:00
e167e49f-c998-4539-978a-97f510c43fdb,bddf4cb8-bf67-4652-b95c-8001d01e8065,05c1b613-6547-49f7-a31f-dfedc7876aca,2026-01-29T21:33:05+00:00
baff3ae7-e40f-471b-b467-2bdf72851703,bddf4cb8-bf67-4652-b95c-8001d01e8065,22b1d57e-427b-4075-b871-f3a5bde40fbe,2025-06-05T01:24:45+00:00
d54c5163-00e8-47e5-a36f-bf0f39e0bb7a,bddf4cb8-bf67-4652-b95c-8001d01e8065,5da9c176-ec13-4102-b6cf-121f4b145d5a,2025-07-04T07:39:15+00:00
d5130863-0e96-4c94-8fea-1888a708688f,ce945666-5c66-40bf-8978-0cc463d79ab9,b5c30eb0-cc41-4812-a25b-a2360d81178c,2026-05-03T11:39:28+00:00
6e16a5df-b5dd-4e9d-9ba4-9382d638ccf8,ce945666-5c66-40bf-8978-0cc463d79ab9,6b83a412-875d-4f35-8ce5-9a2c67a093f6,2026-07-25T03:11:31+00:00
f26d2ccb-da6b-4833-89fb-3c6ed6870ac0,ce945666-5c66-40bf-8978-0cc463d79ab9,5e792d2c-8426-4884-9092-5acfa7c688ed,2026-03-18T00:36:55+00:00
cc8b1537-d7f0-464d-b82e-ab859b4bac50,ce945666-5c66-40bf-8978-0cc463d79ab9,54f26470-51db-447f-8c40-86bc6859b21b,2026-02-22T19:27:43+00:00
56368b72-d8ae-41ea-8870-aa1356022f4d,ce945666-5c66-40bf-8978-0cc463d79ab9,42ddf256-149e-4757-b88b-4e24c8e6cb76,2025-06-29T16:43:11+00:00
83d6d068-05f4-4064-879b-2fd02e8ea4a1,ce945666-5c66-40bf-8978-0cc463d79ab9,666bc6ff-a4ef-4446-b1f3-452d89ab9300,2026-06-23T09:45:10+00:00
5e1e0159-ad81-4800-9fa1-d4311ec6acb2,4b000e1d-1ab8-4652-83cf-1ee6d412081c,53a84c41-db22-49bf-98bd-d408fffdabc3,2025-05-23T08:28:54+00:00
67c2d8f5-d758-409d-8c5c-79f3ec70072c,4b000e1d-1ab8-4652-83cf-1ee6d412081c,4dedd047-d3e8-4791-873c-6053577084d1,2026-02-09T06:32:17+00:00
d1b9b370-4a17-4bfe-b09e-e611301dd9af,4b000e1d-1ab8-4652-83cf-1ee6d412081c,666bc6ff-a4ef-4446-b1f3-452d89ab9300,2025-05-27T04:20:59+00:00
e71cbcc7-14c2-4562-a1cd-ac9111e82bd5,4b000e1d-1ab8-4652-83cf-1ee6d412081c,a2a97c5b-d72e-47bb-a8b8-355fcf007b68,2025-12-24T04:46:20+00:00
9b0a147a-7be0-40ae-8705-55ca6e184749,4b000e1d-1ab8-4652-83cf-1ee6d412081c,b9a3d8a8-1d58-4cf2-971d-224a10dd8600,2026-03-17T16:07:59+00:00
aea870ba-25d9-4716-b658-f82506145056,4b000e1d-1ab8-4652-83cf-1ee6d412081c,d7b30ac7-a843-4c2c-b7d0-5dbca0c169c3,2025-11-21T18:44:31+00:00
a2f1fa52-296a-401e-9acc-9822a8620fb5,4b000e1d-1ab8-4652-83cf-1ee6d412081c,71938832-5c59-49e3-be85-9acbd7ca55ba,2025-10-11T11:37:55+00:00
89a4f666-593c-4bfc-8bcf-1a909f57984e,4b000e1d-1ab8-4652-83cf-1ee6d412081c,98975cfd-3638-4842-83fd-fb6f839b37d9,2026-03-20T10:47:23+00:00
cffd1868-fa01-45c5-91ec-a1329d41c912,4b000e1d-1ab8-4652-83cf-1ee6d412081c,eb2b14f9-1a3e-4de7-a5b9-77d125f7966d,2026-05-25T05:36:53+00:00
e968463a-1136-4c30-872e-a8680e6c88b3,4b000e1d-1ab8-4652-83cf-1ee6d412081c,0581305f-6e14-482c-94be-e2a7bab71968,2026-01-15T06:41:38+00:00
88b5c94b-bd01-4e28-b8fe-048a7aa8e51f,4b000e1d-1ab8-4652-83cf-1ee6d412081c,1c53189a-7903-4dcb-97d6-29489110198e,2025-10-23T14:11:54+00:00
1d97756c-4958-4203-ba43-20e6cf7e641b,4b000e1d-1ab8-4652-83cf-1ee6d412081c,3e1135b6-a11d-4440-9839-7607ab0df809,2025-07-25T10:54:51+00:00
72cd8662-33c3-45af-9fbb-e10f4a5a0417,4b000e1d-1ab8-4652-83cf-1ee6d412081c,ae8523f3-49f1-45d4-ab29-0313676f12d0,2025-08-18T02:51:07+00:00
ab7e3f43-0d61-41ed-bc9e-066d7587daa8,4b000e1d-1ab8-4652-83cf-1ee6d412081c,7a537b60-7891-4d8a-9a2d-3dc4f49961e2,2026-06-15T13:56:03+00:00
e348667e-d867-4f2e-aa9d-ac8f49429bf9,4b000e1d-1ab8-4652-83cf-1ee6d412081c,da2d85dd-5c3d-4667-8788-6be2e47676a4,2026-04-02T00:27:10+00:00
aa790edb-58f6-4f13-a08c-1eb514fab73e,4b000e1d-1ab8-4652-83cf-1ee6d412081c,8d5b08cd-a9b3-424d-b178-65d65f5998af,2025-12-28T18:13:41+00:00
13c5a9e7-943f-4e95-a682-50f522442286,4b000e1d-1ab8-4652-83cf-1ee6d412081c,a105a7b4-bf97-4183-b330-e5764873fe47,2025-12-22T11:39:21+00:00
3b151034-8984-4237-86e2-29d599583081,4b000e1d-1ab8-4652-83cf-1ee6d412081c,299a8f80-c512-4987-80d2-c15927f4e916,2026-04-11T23:16:09+00:00
a2cbae5a-2bbc-4347-a75c-a7720978e3f8,4b000e1d-1ab8-4652-83cf-1ee6d412081c,780c8367-fbe3-4f3e-bb65-e449f49742c2,2025-12-09T09:13:38+00:00
1b4226ea-f153-442a-82fb-52edb88e6b55,4b000e1d-1ab8-4652-83cf-1ee6d412081c,c83332b4-6631-4d8a-bf55-d7b4da6ef7d5,2026-02-05T18:39:51+00:00
5ff3b6f8-4480-4ced-a1db-8f8a815b6960,4b000e1d-1ab8-4652-83cf-1ee6d412081c,87981edc-4a5a-415d-b51d-f9217163949a,2025-11-24T02:36:00+00:00
bb3a2739-8b1a-40ad-a190-39b6962c9788,4b000e1d-1ab8-4652-83cf-1ee6d412081c,86a2d273-34b8-46f0-bdc9-4868692691fa,2026-03-17T04:48:04+00:00
23a5c6a6-7817-496c-957d-47186798904a,4b000e1d-1ab8-4652-83cf-1ee6d412081c,b6be37f9-e731-49e9-b97d-838d7bb58dfd,2025-07-02T18:36:13+00:00
23645da4-40dd-4c72-ad15-8ee867182a44,4b000e1d-1ab8-4652-83cf-1ee6d412081c,e76cf478-5afa-46e3-a39b-b02c23d6bb1b,2025-12-08T01:23:39+00:00
3db8c0a8-418e-4f5d-bf0e-a235356c79fa,4b000e1d-1ab8-4652-83cf-1ee6d412081c,af587165-10af-4199-96d6-3bcb946bf36d,2025-07-23T12:01:50+00:00
81903fa7-a0f9-4df9-b97f-8e3f79a9d06a,4b000e1d-1ab8-4652-83cf-1ee6d412081c,27de1447-4949-4ba1-94da-511dcf33e97a,2026-04-17T17:38:26+00:00
acb92ee1-8d99-4943-a2ae-4ab026beafc0,4b000e1d-1ab8-4652-83cf-1ee6d412081c,7d2e833a-8242-43a6-93ca-e79df0b2cd59,2025-11-25T17:31:49+00:00
a6b478d0-bddb-4cb1-a855-de10a19fa90a,4b000e1d-1ab8-4652-83cf-1ee6d412081c,d413b920-fd1b-4aab-b816-7b0b8dd7ec37,2025-12-10T14:38:08+00:00
3611f468-3121-47af-9b43-f7010045d72e,4b000e1d-1ab8-4652-83cf-1ee6d412081c,1f5c9368-f634-4128-84d2-ef868162ba53,2025-09-15T23:37:52+00:00
e9f66680-1d46-4865-a12d-bf710591599f,4b000e1d-1ab8-4652-83cf-1ee6d412081c,887b7fc5-3512-427f-b5f1-d0629d72dcf0,2025-05-25T01:21:25+00:00
2291f01f-638f-454b-bfa4-d8de4321f7bf,4b000e1d-1ab8-4652-83cf-1ee6d412081c,828a88f5-8cb3-48a8-9e07-3db32ed9a35d,2026-06-23T16:04:36+00:00
49bb5a9d-6cd6-4d54-a3fc-ae3a814ff272,4b000e1d-1ab8-4652-83cf-1ee6d412081c,8655633c-8b61-41b6-8e06-e79ce464e099,2026-01-02T02:13:42+00:00
10547d50-901f-46a2-a876-5ade896ca211,4b000e1d-1ab8-4652-83cf-1ee6d412081c,f47c3631-ad35-4a80-9e65-e37d2e59dfa8,2026-08-30T02:48:38+00:00
275f7b0a-8554-427f-a062-e6bd0385fcf2,4b000e1d-1ab8-4652-83cf-1ee6d412081c,be814268-912b-47b4-8181-c0ede2b04826,2025-07-26T10:03:09+00:00
3fe6ca8e-4c92-4778-861e-a086eb583742,4b000e1d-1ab8-4652-83cf-1ee6d412081c,39387e77-2cf5-4e83-a449-610606391894,2025-05-22T07:06:03+00:00
74078151-f922-4d11-88ed-41d555b6ddf1,4b000e1d-1ab8-4652-83cf-1ee6d412081c,d70b90fa-8a9d-408e-b442-7d148a6095e5,2025-08-08T11:20:36+00:00
95ee3b9e-ea70-4ba2-a40c-3fcf8ff69db8,5ad3ddf1-7dba-4248-abda-7b5c4552599e,e984c74d-dd4a-466b-b93f-7f517e76b6c7,2026-03-02T03:57:06+00:00
b11121a4-1af0-407a-8187-c0357b1e227d,5ad3ddf1-7dba-4248-abda-7b5c4552599e,ec6a23be-ddf8-411b-a001-feea58a50c51,2025-11-18T14:53:53+00:00
d49bf323-385b-4c6d-86eb-f28cf1c13c90,5ad3ddf1-7dba-4248-abda-7b5c4552599e,cc9edd65-11d8-48ba-8605-87b882d51e43,2025-12-31T10:15:58+00:00
16be3263-6cec-414e-b8d4-80bad6755f43,5ad3ddf1-7dba-4248-abda-7b5c4552599e,9f74975f-3000-4ef2-b2a2-1cdac8513b60,2025-06-23T02:11:04+00:00
abb3a6bc-082b-40e5-a059-16d18f046063,5ad3ddf1-7dba-4248-abda-7b5c4552599e,b2ebd1c7-416b-4645-a522-88f29c4fd3fa,2025-05-19T02:08:34+00:00
ffb87354-5197-440e-8768-d48cab29fcd2,5ad3ddf1-7dba-4248-abda-7b5c4552599e,819e531a-e9e2-4d6e-92fc-0f0bf2f0f251,2025-05-13T04:00:34+00:00
b5a10822-fd77-46c9-ae33-1b799c971457,5ad3ddf1-7dba-4248-abda-7b5c4552599e,7d339706-bfcc-4887-91f1-ec63d2d23823,2025-05-14T23:37:56+00:00
b3bd64bf-e0bf-45e0-a28d-97764e665556,5ad3ddf1-7dba-4248-abda-7b5c4552599e,04ef5bae-6f20-43c1-84c2-80053a99d1b1,2025-06-02T15:06:22+00:00
fa7d6ade-9611-48dd-bf0c-ff35c836cc32,5ad3ddf1-7dba-4248-abda-7b5c4552599e,3b30a6e4-3c57-4bbd-9b03-022e7facb880,2025-05-13T23:44:30+00:00
a1e4b96c-9a68-413b-af05-ad8694798a65,5ad3ddf1-7dba-4248-abda-7b5c4552599e,be814268-912b-47b4-8181-c0ede2b04826,2025-06-12T11:17:21+00:00
e2895129-b25c-4b9a-8846-e7e4efef2b97,5ad3ddf1-7dba-4248-abda-7b5c4552599e,767703ae-4d74-4728-ae3f-a80c8b6ead76,2025-10-22T09:34:02+00:00
8661bcf5-7cac-4bbb-982c-636694df0a57,5ad3ddf1-7dba-4248-abda-7b5c4552599e,904d370b-c057-4076-ab96-6f35351482c2,2025-05-13T03:44:51+00:00
1826fd42-e2a8-435e-ad63-6c57348f7930,bd3ab066-9629-47bf-bb0a-011dc5893112,b3a594ad-c0b2-4c4f-9c16-36e5268f731d,2025-05-15T19:57:35+00:00
143eeb7c-fb5f-41da-abf1-797e2c127cb4,bd3ab066-9629-47bf-bb0a-011dc5893112,32a7fe23-fa7e-4905-9afd-b6639736963d,2025-07-26T03:03:52+00:00
ee3d6868-db8b-4f86-9585-25d70b035a7b,bd3ab066-9629-47bf-bb0a-011dc5893112,27de1447-4949-4ba1-94da-511dcf33e97a,2025-07-06T10:59:18+00:00
288e0420-167c-4b73-b49b-79293d45c210,bd3ab066-9629-47bf-bb0a-011dc5893112,31d9eacf-7f61-4435-b484-43965f1c29b6,2025-08-05T15:19:41+00:00
f5ebb0fa-accc-412d-bf99-1c8e4f3a1dd5,bd3ab066-9629-47bf-bb0a-011dc5893112,a1e4b04f-3354-4716-9914-0e447f91fb26,2025-06-23T13:52:55+00:00
b2b68572-91f1-4aa1-bcf7-2db181b3de4c,bd3ab066-9629-47bf-bb0a-011dc5893112,e19797db-e29f-48c3-a7bc-6f3ee4494c8c,2025-06-02T19:50:29+00:00
3173dbcb-ef55-4bb1-ad13-e71a4867a662,bd3ab066-9629-47bf-bb0a-011dc5893112,feb4d905-0b79-4ac5-9d53-4c64f8023f17,2025-05-17T21:42:47+00:00
3f662d72-db68-47a3-bfb0-ddc365ca3411,bd3ab066-9629-47bf-bb0a-011dc5893112,b3756f66-bc0a-4be7-b18e-d5a43ae2cb20,2025-05-19T22:23:58+00:00
1a5f17bf-f06b-4b0c-a213-3e3da9c0850b,bd3ab066-9629-47bf-bb0a-011dc5893112,1c53189a-7903-4dcb-97d6-29489110198e,2025-07-12T03:48:30+00:00
66e68c76-d5eb-401c-9ac2-cfa6a70d2c0d,bd3ab066-9629-47bf-bb0a-011dc5893112,659f0acc-033d-4e42-acb5-b569fa69a743,2025-07-13T18:03:59+00:00
7f747951-18e9-44c3-9e53-3e75d8e53636,bd3ab066-9629-47bf-bb0a-011dc5893112,99d52a61-bee5-4684-9df6-159e47cc27be,2025-07-02T08:22:10+00:00
feefa87d-9f0a-4fa7-863b-788361331f1c,bd3ab066-9629-47bf-bb0a-011dc5893112,eb37e445-ad15-450f-aac9-165635b7ef7b,2025-06-05T00:35:38+00:00
2540f4e9-faaf-4fda-bc33-d35301436d54,bd3ab066-9629-47bf-bb0a-011dc5893112,ff34dee7-a247-40d7-b920-a3d2e7a536c2,2025-06-17T14:51:34+00:00
f6523f33-cbc1-4293-941b-53ddb49d76ac,bd3ab066-9629-47bf-bb0a-011dc5893112,5ce43817-8afb-43c8-aa72-569b92aeb223,2025-06-28T19:57:54+00:00
d22bf3ed-2a61-430c-a1bc-5b8e98a85153,bd3ab066-9629-47bf-bb0a-011dc5893112,10e5f889-8510-460a-b274-ff42a4b2a3e9,2025-07-17T03:52:02+00:00
e7a09cc1-87c1-4d13-b2c5-a781ef05c053,bd3ab066-9629-47bf-bb0a-011dc5893112,42ddf256-149e-4757-b88b-4e24c8e6cb76,2025-07-19T19:13:44+00:00
5e127583-dd27-4be5-b5d3-156ff7b0b71f,f5414638-0d30-4511-b083-5562a4cd3fff,d1069292-d635-44f8-8c01-1494891ae61f,2025-05-19T00:12:38+00:00
11353327-3916-4dec-a59a-21a22d89eb76,f5414638-0d30-4511-b083-5562a4cd3fff,81580b74-dbe8-44df-8f83-7f8b59a8d123,2026-05-30T23:05:59+00:00
f8df471c-6cfa-4d7d-8df0-910deb5dc1ce,f5414638-0d30-4511-b083-5562a4cd3fff,cb3f27ba-7b73-4263-a8df-7fc52f4ac105,2026-04-07T20:49:05+00:00
91c7db5b-aca8-49fc-a22e-21680a67db75,f5414638-0d30-4511-b083-5562a4cd3fff,a2a97c5b-d72e-47bb-a8b8-355fcf007b68,2025-08-16T03:25:01+00:00
29e99d52-fb35-4643-b1f2-9fbc445de8ea,f5414638-0d30-4511-b083-5562a4cd3fff,d97c38cc-0971-42dd-869d-988ad7864fdb,2025-07-22T07:44:03+00:00
cdea6f80-f3c6-4fc2-916a-0e87564d6efc,f5414638-0d30-4511-b083-5562a4cd3fff,f5c9aefe-bf7e-4ffb-ae21-2dd4d0dd04ff,2026-06-02T05:10:24+00:00
6b009f01-6994-4ebd-89c9-75dc32b84676,f5414638-0d30-4511-b083-5562a4cd3fff,501e8ce4-ec88-49ee-8091-df9797903b55,2025-07-21T16:03:58+00:00
bb437873-7359-4e99-b51a-c7fb9ba7cf37,78c62964-a2b2-4f5b-b0b8-339fe0291260,17b21723-fa8f-407d-8126-f99b09b1578a,2025-12-13T00:15:49+00:00
7c349eab-63d8-4139-8c57-111aeda1f06e,78c62964-a2b2-4f5b-b0b8-339fe0291260,f7318ac8-5529-4cd7-98ea-c6b5c629b8b2,2025-11-01T11:40:32+00:00
93fbb96f-9879-48b4-b430-39b7d113e94d,78c62964-a2b2-4f5b-b0b8-339fe0291260,05c1b613-6547-49f7-a31f-dfedc7876aca,2026-09-01T20:59:34+00:00
3e8df0ea-301f-4bf0-abd1-5d4cca8e7b0f,78c62964-a2b2-4f5b-b0b8-339fe0291260,42ddf256-149e-4757-b88b-4e24c8e6cb76,2025-09-07T00:06:47+00:00
570d309c-6b46-41e3-8ab9-2f0b02e6932d,78c62964-a2b2-4f5b-b0b8-339fe0291260,006472ad-ef7c-49dc-a9a5-5be63552c118,2026-05-19T14:09:20+00:00
3e11d6cf-3f48-42bd-ba0b-2dc68251cd34,78c62964-a2b2-4f5b-b0b8-339fe0291260,3ae23a73-75a2-49e9-b24e-8c3459016993,2025-07-09T22:54:38+00:00
68516ed6-aa40-4110-9c76-65280dd5b615,e1bdb88c-ea73-457e-b1d2-470975552e6f,4cf59a7d-3daf-44fe-8e86-aa4389b82fc0,2025-10-12T13:13:56+00:00
4482e941-2a8b-42b9-bf33-504c6581c9ea,e1bdb88c-ea73-457e-b1d2-470975552e6f,0581305f-6e14-482c-94be-e2a7bab71968,2025-07-25T17:14:58+00:00
478ccc37-0db6-4a6c-999b-204b8b03175b,e1bdb88c-ea73-457e-b1d2-470975552e6f,82c26f80-0b16-4534-b361-35fddfa95816,2025-08-18T00:09:03+00:00
af5fd81c-cd98-4ae1-a0c9-cc12085b0254,e1bdb88c-ea73-457e-b1d2-470975552e6f,7f332889-8032-467d-a20a-a0aadb0a6c98,2025-07-07T06:10:28+00:00
88160fb6-3648-4da0-ac8c-c21aea015c54,2cdc058f-82cf-4db6-9fee-fe3213c271f1,82c26f80-0b16-4534-b361-35fddfa95816,2025-05-20T00:28:14+00:00
5abe3d46-1581-4814-8e2e-7deb12d9108f,67d167a7-7eaa-4b5b-87de-8233c5f24e66,9683d7cb-c320-48ab-b91d-373a4a32cc44,2026-01-04T02:44:21+00:00
4902c0b0-4707-4707-ac44-34baaab31f49,67d167a7-7eaa-4b5b-87de-8233c5f24e66,1738f94b-1c67-4612-9cd8-819ca50c35e3,2026-08-26T14:41:33+00:00
d0a50dcd-85e0-4272-9286-41fec00cd47f,67d167a7-7eaa-4b5b-87de-8233c5f24e66,577c7c58-b348-4b59-a994-19cbf0bd8b7f,2025-05-17T05:46:41+00:00
4eae55bd-2eaf-4e19-b24f-01951622ef87,5ae31a27-2b3a-4ecc-94b9-a0948c8fcfdc,d30b8eb3-05ed-4a73-b6e5-042436e46b37,2025-06-12T04:16:22+00:00
80d50f95-3c43-465a-8920-2ff91127a0b0,5ae31a27-2b3a-4ecc-94b9-a0948c8fcfdc,71938832-5c59-49e3-be85-9acbd7ca55ba,2025-05-19T20:10:31+00:00
ebd71d33-afd4-4b8f-afc1-b22a79324ad9,5ae31a27-2b3a-4ecc-94b9-a0948c8fcfdc,23061881-ec83-4935-ba31-110dc9dd0f5e,2026-06-09T12:06:41+00:00
019bcea1-90b9-492c-9a4b-19655c0ae09d,5ae31a27-2b3a-4ecc-94b9-a0948c8fcfdc,1a6d9651-427f-4f8b-8364-dedd886b767d,2026-06-14T10:03:45+00:00
2bdd52d5-e875-46ab-86ca-0ef647751f1d,5ae31a27-2b3a-4ecc-94b9-a0948c8fcfdc,427e62af-c795-4132-8cf3-9c85f803508a,2026-06-03T08:26:09+00:00
df836044-aec4-4196-9e77-ad0b34e0a40c,5ae31a27-2b3a-4ecc-94b9-a0948c8fcfdc,1a3b8eb4-9217-4dfe-a345-ac6a2076c9d5,2026-08-15T21:59:53+00:00
0e677ccb-b711-4b5b-aa10-51f0519784b8,5ae31a27-2b3a-4ecc-94b9-a0948c8fcfdc,20be0228-dff5-4a8a-9078-9f3e013731d6,2026-04-16T03:16:48+00:00
10fa6477-7d09-4ae2-947d-d184cb7d19d7,5ae31a27-2b3a-4ecc-94b9-a0948c8fcfdc,cc9edd65-11d8-48ba-8605-87b882d51e43,2026-08-12T02:06:58+00:00
ab1168b7-159b-460e-8b90-228f806787ab,5ae31a27-2b3a-4ecc-94b9-a0948c8fcfdc,a0e2974c-e309-4d0a-be48-f7744ff2a50d,2026-05-12T22:04:35+00:00
194ae73b-554b-4992-aab2-67a4d1313561,5ae31a27-2b3a-4ecc-94b9-a0948c8fcfdc,5ab1b529-4f5e-42a1-8f82-f88bad579d46,2025-07-09T22:40:00+00:00
abe06889-db79-4b71-a9bc-2752b282633b,5ae31a27-2b3a-4ecc-94b9-a0948c8fcfdc,3a748a52-31e6-4e13-b168-3406e4520722,2025-12-14T01:15:54+00:00
227486dc-00fb-4b48-b052-56e2c8a54506,5ae31a27-2b3a-4ecc-94b9-a0948c8fcfdc,f7318ac8-5529-4cd7-98ea-c6b5c629b8b2,2025-07-19T18:50:29+00:00
91468e91-0a17-43b2-a821-ca4dec1ae428,5ae31a27-2b3a-4ecc-94b9-a0948c8fcfdc,c83332b4-6631-4d8a-bf55-d7b4da6ef7d5,2026-03-27T20:24:40+00:00
a8d58528-1e77-4a0c-8b4b-538d487518fd,5ae31a27-2b3a-4ecc-94b9-a0948c8fcfdc,85a05a4b-ce52-43cf-8433-02a2cad529e1,2025-06-07T04:32:35+00:00
4895c1fd-06fe-4bb6-9e71-56301d8bb502,5ae31a27-2b3a-4ecc-94b9-a0948c8fcfdc,632a3efa-008f-4d2e-9fa6-0a2e1c332a14,2025-07-11T15:02:49+00:00
ec7cd4d9-9f0f-48d6-af6f-95feb2d71325,17b4cd07-243b-4297-8257-78838308dbe9,9ce8ad86-b5f1-4d08-a8d6-d8b25b7f8f86,2026-08-01T19:44:39+00:00
d8e4f4ee-20d6-4675-a7d4-5c72334400df,17b4cd07-243b-4297-8257-78838308dbe9,a2a97c5b-d72e-47bb-a8b8-355fcf007b68,2025-08-13T12:21:08+00:00
b96e32ac-0173-49f9-a623-191b67c68097,17b4cd07-243b-4297-8257-78838308dbe9,fd24cb3c-d535-4d3e-8f20-04616346c1f3,2025-05-21T23:14:17+00:00
710ceda1-2a14-406f-bad3-5de2e4c7b2c6,17b4cd07-243b-4297-8257-78838308dbe9,501e8ce4-ec88-49ee-8091-df9797903b55,2025-05-19T08:28:50+00:00
8480ced8-4671-4269-9f34-92763c9cf217,17b4cd07-243b-4297-8257-78838308dbe9,e7f25965-2024-4c9f-a575-caa1e7bc13df,2025-10-29T01:33:23+00:00
992083ab-970f-4cb4-bdf2-72165beea928,17b4cd07-243b-4297-8257-78838308dbe9,feb4d905-0b79-4ac5-9d53-4c64f8023f17,2025-08-30T09:34:04+00:00
ffea421f-2a81-4da4-9d66-c12f1294e1fa,17b4cd07-243b-4297-8257-78838308dbe9,5d717b99-735c-4981-87a3-225adde8acea,2025-06-03T02:47:41+00:00
b5a0681b-8552-430a-9c82-d4b5d6046295,e1ca2fc3-9caa-4289-8ccb-db73f7f0b089,39253471-72c7-42b6-ad3a-569f5728f21e,2025-08-06T22:09:01+00:00
d85153b1-6267-4492-9313-f4497351196e,e1ca2fc3-9caa-4289-8ccb-db73f7f0b089,82c26f80-0b16-4534-b361-35fddfa95816,2025-11-16T03:54:58+00:00
edcb9e02-00dc-415b-a4e7-999f8f5fcbd2,e1ca2fc3-9caa-4289-8ccb-db73f7f0b089,f8ec5735-1c8f-4776-b569-2f0195771513,2026-03-20T12:19:05+00:00
d636105d-8363-4099-b667-bb1dd893bee1,e1ca2fc3-9caa-4289-8ccb-db73f7f0b089,a65291d3-0e33-4ea9-afd9-e6056f5fec42,2025-11-19T05:52:52+00:00
b2183a1e-fb4f-4028-9cea-e3a02d46c10c,dc2e15c5-90f6-438b-bbfa-1f1d223ebcfd,53a84c41-db22-49bf-98bd-d408fffdabc3,2025-05-19T12:41:33+00:00
02a5273c-5422-4f43-a8da-2e407e0c87c9,6879b6c5-e4f3-4768-aad0-25edc2a38943,828a88f5-8cb3-48a8-9e07-3db32ed9a35d,2025-09-27T10:26:01+00:00
f35293d1-536c-448d-92ee-7b03892f7cbd,6879b6c5-e4f3-4768-aad0-25edc2a38943,ae8523f3-49f1-45d4-ab29-0313676f12d0,2025-05-29T14:25:16+00:00
dc401234-1b93-4748-8a08-0b6b7423f435,6879b6c5-e4f3-4768-aad0-25edc2a38943,34441c15-0467-4b92-b3ab-8deb1054c830,2025-08-31T06:30:28+00:00
7509ecc7-6720-47a6-a707-07b54d9ce168,6879b6c5-e4f3-4768-aad0-25edc2a38943,200f9843-09b8-49fb-9a99-30710133815e,2025-12-07T00:21:00+00:00
f223d1ff-6517-4fe5-aaeb-ae29bb6e417c,6879b6c5-e4f3-4768-aad0-25edc2a38943,e33923d4-ae33-4f20-93b4-4927825fa9f9,2025-05-20T10:25:22+00:00
242ac217-2a4a-44ae-b092-72b54bcb4c8c,6879b6c5-e4f3-4768-aad0-25edc2a38943,c2566d73-7996-4de6-8297-ed01fb83a333,2025-05-24T17:35:57+00:00
0f9a1f1a-09a0-4566-90c4-4e903bcf59ce,6879b6c5-e4f3-4768-aad0-25edc2a38943,5635f843-b3b9-440c-a3b6-a80320986967,2026-03-26T10:23:19+00:00
7a3b97c0-d792-4389-914f-bcc512d3b5c7,54432488-032a-4852-9405-ef3576888bac,5ce43817-8afb-43c8-aa72-569b92aeb223,2025-05-23T08:03:24+00:00
0fcc85e5-492d-4a62-a211-e00c44933ab3,54432488-032a-4852-9405-ef3576888bac,ae8523f3-49f1-45d4-ab29-0313676f12d0,2025-05-20T09:46:10+00:00
747ca2d9-2086-4592-b687-1a55ed7da302,54432488-032a-4852-9405-ef3576888bac,0b20e057-ab25-4963-a1eb-383458386c85,2025-05-23T07:27:16+00:00
141bd334-febc-4feb-940d-66a13e085f75,476cdd16-b68b-4564-b4fe-caead00ea3b2,aba48693-f4f3-4a99-931c-a612969e1c14,2026-07-01T01:32:23+00:00
45c08d67-04a0-40fe-9268-60dc0556baba,476cdd16-b68b-4564-b4fe-caead00ea3b2,dd6a0ad5-cbc7-4d17-8a8a-229cea78e52b,2025-05-21T15:29:28+00:00
8072a79b-bf87-4899-b6f3-626ede5d336a,476cdd16-b68b-4564-b4fe-caead00ea3b2,dfb7e95f-260e-477a-a24a-a98cf163a43a,2026-06-21T18:06:15+00:00
d7911d0c-146d-43ca-a899-27f328f03494,476cdd16-b68b-4564-b4fe-caead00ea3b2,10e5f889-8510-460a-b274-ff42a4b2a3e9,2025-09-05T15:22:08+00:00
2789e45b-1c49-426f-9db2-fb2458b5a299,476cdd16-b68b-4564-b4fe-caead00ea3b2,b7fef60e-e709-4148-b2be-091d4a9dc1a5,2026-04-04T04:27:13+00:00
5d9ecd9d-6d30-49e5-8ae2-c66a6c2ecaf5,476cdd16-b68b-4564-b4fe-caead00ea3b2,34c4679a-d188-4ff3-b1e7-463f1c6bc2f7,2026-07-24T11:46:52+00:00
0e0fe5e5-acae-4478-9740-7aa38e1eecec,476cdd16-b68b-4564-b4fe-caead00ea3b2,74375a59-e8c7-406f-8580-d46c74187dc9,2025-05-23T20:03:31+00:00
3f4d2d6a-6dcf-40ee-870f-9640479df2fa,476cdd16-b68b-4564-b4fe-caead00ea3b2,635cb86b-03c7-4fb4-884b-ced27f9691bb,2025-05-21T11:46:15+00:00
144abe76-4c12-43e9-946d-fbaa8e26e352,476cdd16-b68b-4564-b4fe-caead00ea3b2,57d2ea34-ccda-48c1-82da-d0d973b20d87,2025-12-01T06:02:27+00:00
1c267570-121e-47d4-8516-5d7ef676c785,476cdd16-b68b-4564-b4fe-caead00ea3b2,feb4d905-0b79-4ac5-9d53-4c64f8023f17,2025-10-20T18:16:08+00:00
359a149e-0238-476e-b849-3b904c67611e,476cdd16-b68b-4564-b4fe-caead00ea3b2,093a360d-63cd-446f-8cc4-cceafcd033c5,2026-08-28T23:13:59+00:00
7875aa0a-b60c-4dee-9cc3-fce35a414760,476cdd16-b68b-4564-b4fe-caead00ea3b2,d24b23ee-291d-4c2f-8c3a-ce1251c2c3d8,2025-05-24T08:45:50+00:00
774aae2a-0fd8-48cb-8114-512baab4ab6d,476cdd16-b68b-4564-b4fe-caead00ea3b2,681a768e-2c15-4f60-b8bb-6613e5d882f5,2025-11-21T02:54:21+00:00
3cbe0a2c-4346-4d76-9085-e62df91af5a0,40e82213-1338-447c-8626-9980727695fd,27de1447-4949-4ba1-94da-511dcf33e97a,2025-07-17T07:52:31+00:00
e579b19f-aa3e-49c4-b07e-d360d534f5a8,3a384d51-3065-4da1-a605-8066f6165cb6,7759297b-afe9-4b95-8e56-6c553c734e03,2025-07-30T21:36:35+00:00
38e729af-5c7e-45be-8b67-d6d8bed6af13,3a384d51-3065-4da1-a605-8066f6165cb6,9ce8ad86-b5f1-4d08-a8d6-d8b25b7f8f86,2026-01-07T21:46:49+00:00
ca26c366-6a6b-4d68-ac00-be57ad8bf546,3a384d51-3065-4da1-a605-8066f6165cb6,eb37e445-ad15-450f-aac9-165635b7ef7b,2025-07-06T08:07:28+00:00
9fb89814-78ac-44a9-b15d-92b71e51a8c4,3a384d51-3065-4da1-a605-8066f6165cb6,183fdc19-a9c5-4db8-a9f3-e0f20feea8e8,2025-08-23T02:34:26+00:00
0dc272e1-974b-4136-9945-5b837b7c2ff8,3a384d51-3065-4da1-a605-8066f6165cb6,d24b23ee-291d-4c2f-8c3a-ce1251c2c3d8,2026-07-17T19:19:53+00:00
5efcda63-4ed7-4e74-bb19-7d59018eba54,51b90a73-d2a5-4dc2-b039-6a29aa5a6043,aea754b5-366e-4133-98b4-d7a02489d027,2026-05-13T20:52:02+00:00
9f14346e-0c73-4f59-b063-23d8ddb5a3cf,51b90a73-d2a5-4dc2-b039-6a29aa5a6043,081ff1ec-6b6e-4345-b592-685440228bd4,2025-12-10T01:25:48+00:00
e3fca22d-0bc0-4e34-a9f8-398e35a36321,cf3e7aa4-26ad-4c99-a921-8dac7b74af30,bacf1c32-002e-4d62-8c6c-221609513f2f,2025-05-27T06:55:52+00:00
3d9a4ba9-76e2-4335-b48b-41305d712cd4,cf3e7aa4-26ad-4c99-a921-8dac7b74af30,ba4e0520-1425-44b4-ba42-764ccd9799f7,2025-05-22T17:39:15+00:00
cbcc6a59-8127-42ad-a0c3-149fb026a18b,ba5a6e52-ce65-4f46-b285-034e3b63c2f9,04ef5bae-6f20-43c1-84c2-80053a99d1b1,2025-05-29T19:12:31+00:00
9800f942-92af-4f90-9ea5-bd0744a11100,ba5a6e52-ce65-4f46-b285-034e3b63c2f9,5ab1b529-4f5e-42a1-8f82-f88bad579d46,2025-08-07T20:24:35+00:00
37c2016b-dc3d-47f0-8348-c86ac6fea404,ba5a6e52-ce65-4f46-b285-034e3b63c2f9,1fa4ca79-e386-4977-9032-f42a85558d36,2026-06-16T13:46:04+00:00
f14b7351-8f59-4b2d-a39c-99f1ed8d0f16,83c2b1ed-d72b-4a15-bc2f-7125a23e7c9e,dd5c4d9c-19c8-4f8b-89b7-e10c6aef4e21,2026-06-17T14:14:42+00:00
ce80a5f0-78c7-4a16-80ac-d873af82cb88,83c2b1ed-d72b-4a15-bc2f-7125a23e7c9e,34441c15-0467-4b92-b3ab-8deb1054c830,2025-05-27T02:37:59+00:00
fdb5eef2-c795-44f7-837f-245937e2ffb4,83c2b1ed-d72b-4a15-bc2f-7125a23e7c9e,6225ff1d-dff6-4eec-8a09-0b85b8e80e91,2025-12-31T19:29:25+00:00
c4341472-7d30-4cba-807d-c9ea62316dd3,83c2b1ed-d72b-4a15-bc2f-7125a23e7c9e,c08ba214-af45-4563-93bb-a8e532a24418,2026-04-25T14:15:06+00:00
1ee9b5b4-9d69-4236-bfa0-037caf27ff43,83c2b1ed-d72b-4a15-bc2f-7125a23e7c9e,7926d7b2-835c-4a6f-bf2f-3e38d4db3419,2025-06-04T03:39:57+00:00
c434bea0-cbb3-4400-8d1b-dcdb09978c19,5ce2831c-b97c-4e21-b7ab-40abdabbf91f,b000127a-7ff3-4aba-9f9f-56872787d1ed,2025-05-29T12:38:32+00:00
43a5fca2-ae2b-4585-bc41-2d54f658a82d,cc99ed97-3886-473e-b8f1-b982e2b91b84,cb3f27ba-7b73-4263-a8df-7fc52f4ac105,2025-12-22T10:04:20+00:00
42ceed64-f101-4a82-84f6-72f33c5404ac,cc99ed97-3886-473e-b8f1-b982e2b91b84,e984c74d-dd4a-466b-b93f-7f517e76b6c7,2025-07-17T09:25:45+00:00
723038b9-a1b0-470a-98a0-18e986e1ff62,cc99ed97-3886-473e-b8f1-b982e2b91b84,200f9843-09b8-49fb-9a99-30710133815e,2026-04-22T20:18:18+00:00
9edd1f79-7134-47c4-893b-d7ac8468a905,cc99ed97-3886-473e-b8f1-b982e2b91b84,10c9cdcb-4a1c-4f44-9e34-61195bfc8e59,2025-12-23T04:55:55+00:00
29c0926b-92cd-4146-9df4-d8959c2581ec,cc99ed97-3886-473e-b8f1-b982e2b91b84,896b4f1b-82da-4b41-868f-822326a66804,2026-02-28T22:53:07+00:00
f133bfa7-2942-4512-b28f-452b70c644d0,cc99ed97-3886-473e-b8f1-b982e2b91b84,5579985d-8b97-4fbf-89a3-3636d4a31837,2025-10-29T07:53:53+00:00
14646e54-019f-44b8-b0d3-82b130d4eda7,cc99ed97-3886-473e-b8f1-b982e2b91b84,bdd3bd04-7e4b-4d82-816f-dceb5fae55ea,2025-05-24T05:27:30+00:00
ee38476f-e48f-481d-be68-8506725ffce1,cc99ed97-3886-473e-b8f1-b982e2b91b84,6236d33d-7b57-486d-81e8-a247d50fa2a4,2025-06-24T04:05:39+00:00
ebbe267a-a69e-47cb-b6c7-dddcb3d4478e,cc99ed97-3886-473e-b8f1-b982e2b91b84,4cf59a7d-3daf-44fe-8e86-aa4389b82fc0,2025-07-07T19:50:27+00:00
261f0a75-cc7a-42ad-8bf0-5546c502069c,cc99ed97-3886-473e-b8f1-b982e2b91b84,b0f283a0-c828-4aff-80c1-0fa9a4940b92,2025-07-19T06:10:17+00:00
edca5f38-ad3d-4042-97b2-df0f34f0071c,cc99ed97-3886-473e-b8f1-b982e2b91b84,bacf1c32-002e-4d62-8c6c-221609513f2f,2025-11-05T14:49:14+00:00
2beda6e9-0629-4d9b-9968-fa54f51ce231,cc99ed97-3886-473e-b8f1-b982e2b91b84,10e5f889-8510-460a-b274-ff42a4b2a3e9,2025-08-12T14:36:22+00:00
763dbada-a967-4771-bc75-7cc62dfe7eb2,cc99ed97-3886-473e-b8f1-b982e2b91b84,d7b30ac7-a843-4c2c-b7d0-5dbca0c169c3,2025-05-27T01:42:44+00:00
713a5bef-c104-4777-842d-efcda13bb2df,cc99ed97-3886-473e-b8f1-b982e2b91b84,4191e4fb-4f72-4e71-ad79-a05abd92be9f,2025-06-12T01:37:13+00:00
950f24e8-2aa3-476d-b695-8958755a7803,cc99ed97-3886-473e-b8f1-b982e2b91b84,189077b3-db48-4236-959d-98880fad6d57,2025-12-04T00:16:06+00:00
46be644c-2053-4a3d-b26b-54785ca5bfee,cc99ed97-3886-473e-b8f1-b982e2b91b84,1fa4ca79-e386-4977-9032-f42a85558d36,2026-04-23T23:15:24+00:00
fd4a4385-0128-4cf6-9fc0-a9fc082cd18d,cc99ed97-3886-473e-b8f1-b982e2b91b84,6695a266-c3cd-43a7-a7fb-fcac77328615,2025-05-27T17:28:27+00:00
412633f2-bf64-4b2c-8b2e-fe1c3594e919,cc99ed97-3886-473e-b8f1-b982e2b91b84,ba4e0520-1425-44b4-ba42-764ccd9799f7,2025-08-20T10:41:18+00:00
30a1b9a5-65d7-49e9-b9bb-4b0de70476be,cc99ed97-3886-473e-b8f1-b982e2b91b84,c826c699-c25f-4e45-bc9a-8ef83d1a94fb,2025-08-15T02:04:29+00:00
ec3908eb-8c8b-455c-af09-f00e8e18f4ff,cc99ed97-3886-473e-b8f1-b982e2b91b84,ab56d43e-6b4a-43a3-9b6c-f3bae36c4bb6,2026-08-23T05:54:02+00:00
6388367b-dcd0-4e96-812a-cb0a638a7691,cc99ed97-3886-473e-b8f1-b982e2b91b84,810094ee-d2d1-4263-b5b9-7363f515bf05,2025-12-09T13:25:36+00:00
f2110491-a117-48c6-a339-abadb701bd25,cc99ed97-3886-473e-b8f1-b982e2b91b84,b126e808-1a11-4d61-af32-05384751f291,2026-08-11T05:19:20+00:00
3f5d79b1-1d93-4b7b-a203-bdcff10225e4,cc99ed97-3886-473e-b8f1-b982e2b91b84,c2566d73-7996-4de6-8297-ed01fb83a333,2025-05-23T20:04:02+00:00
2c6fcb40-d201-46e3-8cd0-224f731c2efb,cc99ed97-3886-473e-b8f1-b982e2b91b84,d0c1bf19-bea4-424f-910b-25f9f5d2cc23,2026-03-29T09:58:28+00:00
ab8d388c-324e-4e35-bb75-e9892a796116,cc99ed97-3886-473e-b8f1-b982e2b91b84,2709bb2d-e639-44c0-920f-80a9f4c4955e,2025-05-31T23:32:34+00:00
4d8c16a7-065f-43d9-8d05-86768c3a3173,cc99ed97-3886-473e-b8f1-b982e2b91b84,b87fa7ae-7016-46ff-bf10-b0be3cd2d358,2025-11-26T06:38:51+00:00
160f0fdc-404e-4118-bf53-7a6ad85468ab,cc99ed97-3886-473e-b8f1-b982e2b91b84,a699aa40-0fdf-4212-a0ef-24d84d61c465,2025-09-01T11:23:05+00:00
09ee40bd-b79a-4922-b4ff-84267544c1df,cc99ed97-3886-473e-b8f1-b982e2b91b84,9f74975f-3000-4ef2-b2a2-1cdac8513b60,2026-01-08T04:36:54+00:00
75f4314a-448a-42a8-ac2f-5a08c9c9fd0a,cc99ed97-3886-473e-b8f1-b982e2b91b84,57d2ea34-ccda-48c1-82da-d0d973b20d87,2026-01-04T03:09:43+00:00
1fcff798-124e-4297-a0b8-eb3014c0a8d2,cc99ed97-3886-473e-b8f1-b982e2b91b84,4b87053a-c2e0-4a91-bd88-3da84717c1af,2026-08-18T06:34:46+00:00
f6547b1d-d5a1-4e9e-aec4-c9b239884129,cc99ed97-3886-473e-b8f1-b982e2b91b84,44dae102-8716-4274-95ac-bf413382999a,2025-07-06T20:32:09+00:00
aa2cf978-dd1f-4c50-93db-0706623ba6e4,4fdefb7e-eac0-476b-a979-97e9ea281eff,f87b345a-0777-46fc-865a-b76dacc1e90a,2026-04-09T04:23:50+00:00
9bbd9672-c6fe-4171-a09d-1a754ab3949b,4fdefb7e-eac0-476b-a979-97e9ea281eff,27de1447-4949-4ba1-94da-511dcf33e97a,2025-07-19T05:13:17+00:00
02d341ba-69fd-4213-b570-b06fd6f10663,04d5860e-ec66-46ad-b01d-58c3218dddc9,febd8921-9308-4e28-acff-1ae8386589e3,2025-12-14T16:51:11+00:00
c7df0ba7-d313-4717-a166-af447263eabb,04d5860e-ec66-46ad-b01d-58c3218dddc9,09df0479-c184-43eb-84fc-57806ea9743a,2025-05-27T15:08:57+00:00
3228d5bc-1669-44b2-beff-34bbb3509d1c,04d5860e-ec66-46ad-b01d-58c3218dddc9,468552db-87c2-40a1-b501-f637c4f5d75a,2026-03-04T14:15:12+00:00
93deae52-ec04-4c31-847e-1055955de74f,04d5860e-ec66-46ad-b01d-58c3218dddc9,ddff96e0-22a2-4dc0-8484-2c55ebac5db3,2026-04-11T20:55:07+00:00
8a275ae6-043f-4f1d-89e8-dcf1791b9b86,04d5860e-ec66-46ad-b01d-58c3218dddc9,469cafcd-e935-4706-a180-dbcf0d46cd05,2025-09-08T08:32:46+00:00
ed218920-4de5-4327-b8e1-a333ab06481e,04d5860e-ec66-46ad-b01d-58c3218dddc9,3dc6ba51-e546-4e5c-8e8a-6d0bb4c42691,2025-12-04T15:04:23+00:00
413b229a-a950-454c-b45f-c7d2fdd7a699,04d5860e-ec66-46ad-b01d-58c3218dddc9,53cbc155-02f5-409e-90b8-e1d1b8a42be9,2025-05-24T05:03:35+00:00
2a16df26-53a3-4442-872d-b25c5a6c0a3d,04d5860e-ec66-46ad-b01d-58c3218dddc9,9683d7cb-c320-48ab-b91d-373a4a32cc44,2025-05-23T04:17:33+00:00
21707086-9e6e-4242-a954-85541a2c1e7e,04d5860e-ec66-46ad-b01d-58c3218dddc9,a1d67684-0efd-46c3-a44d-06a1f1b59626,2026-06-16T05:36:16+00:00
f01cc8e8-e83f-46af-97fe-e64da0bb7b51,04d5860e-ec66-46ad-b01d-58c3218dddc9,feb4d905-0b79-4ac5-9d53-4c64f8023f17,2025-09-24T13:39:47+00:00
bd9347e1-10d6-4d8e-9b2f-08e95e7957a5,04d5860e-ec66-46ad-b01d-58c3218dddc9,35d6cd54-7bcd-4288-8c6d-682b12ba3543,2026-07-26T03:45:44+00:00
6705e409-7bdb-44f8-b78c-e7649c6bd4a9,efbd5aa2-fa7c-42fe-953e-51d3d36773f2,ce44b626-aa47-48a3-b23b-c2866dfefd6d,2025-10-05T11:06:22+00:00
80b75c59-6c6f-4e0c-a238-fc87987eb5eb,efbd5aa2-fa7c-42fe-953e-51d3d36773f2,d34b2b4a-bc0b-4ffd-83db-00f5cc6c937f,2025-07-21T05:53:57+00:00
6bf05574-5255-4c00-a8c7-c528e75ff6d0,efbd5aa2-fa7c-42fe-953e-51d3d36773f2,c2a52db8-7b0f-4f9c-9be8-3d81fad7ca27,2026-06-06T04:19:30+00:00
4baa1e77-04e1-4b13-95c4-5426f38e7d9e,efbd5aa2-fa7c-42fe-953e-51d3d36773f2,f1c36ffc-5fa2-4aa1-a227-7f0aafef70d4,2026-07-20T06:33:32+00:00
4fa694a9-7ea9-492b-8488-7e78d76fe4aa,efbd5aa2-fa7c-42fe-953e-51d3d36773f2,3faf19b8-adef-42c8-a07d-601db32b3f06,2026-05-31T10:18:19+00:00
940b3c2c-65fe-4fd4-9da8-04af472a1787,efbd5aa2-fa7c-42fe-953e-51d3d36773f2,cbcba9e3-129e-437d-adc8-13aae5e788ac,2025-09-09T21:55:34+00:00
e2ba012b-0c9e-48a6-a121-414159509798,efbd5aa2-fa7c-42fe-953e-51d3d36773f2,87144f65-cce8-4440-b1c1-92d6c4ad5ac8,2025-12-29T19:11:17+00:00
6262158a-17ec-4c9f-a75d-a5147074f1e6,efbd5aa2-fa7c-42fe-953e-51d3d36773f2,dd6a0ad5-cbc7-4d17-8a8a-229cea78e52b,2026-01-06T19:14:32+00:00
6178a541-091f-499d-bd62-095546e492df,efbd5aa2-fa7c-42fe-953e-51d3d36773f2,443b392f-72a1-4279-ae51-a849f1fedfff,2025-06-22T08:53:14+00:00
9e32a0dd-d693-446c-a2ff-fa210d76ef0f,efbd5aa2-fa7c-42fe-953e-51d3d36773f2,eb37e445-ad15-450f-aac9-165635b7ef7b,2025-07-12T08:17:37+00:00
35b69470-24bb-41d1-bbf6-1ab68373eec6,efbd5aa2-fa7c-42fe-953e-51d3d36773f2,c08ba214-af45-4563-93bb-a8e532a24418,2026-07-22T13:33:16+00:00
ed4f91ef-e4f0-4628-9881-3a73003eb3b0,efbd5aa2-fa7c-42fe-953e-51d3d36773f2,e33923d4-ae33-4f20-93b4-4927825fa9f9,2025-05-27T19:26:30+00:00
93ea4792-b620-4dc6-8a2a-71511641f01a,efbd5aa2-fa7c-42fe-953e-51d3d36773f2,a0e2974c-e309-4d0a-be48-f7744ff2a50d,2026-07-24T11:25:17+00:00
6d6a4160-7db4-4986-950d-911aaf482806,efbd5aa2-fa7c-42fe-953e-51d3d36773f2,62d505af-b1ab-402a-b8ac-bf03c359aea7,2025-09-01T07:34:10+00:00
6777e6a9-2378-4994-a09f-745b2a9457f0,efbd5aa2-fa7c-42fe-953e-51d3d36773f2,3e7caac0-1ca6-4783-9a3e-0aec999045f7,2025-08-19T02:22:55+00:00
95a2832b-c36a-412c-aff5-a533f52d19df,efbd5aa2-fa7c-42fe-953e-51d3d36773f2,ff34dee7-a247-40d7-b920-a3d2e7a536c2,2025-08-15T03:10:52+00:00
20d3bddc-ea44-472a-b6f8-e5edd90b8f8f,0ca4a775-dff9-4a40-81d0-6075aa1173fc,917bdd4a-0545-41ea-8bbb-c3ec512a6c48,2025-07-08T10:18:05+00:00
c6b7a644-9fc8-423a-ba3a-1c2549dd4133,0ca4a775-dff9-4a40-81d0-6075aa1173fc,b3a594ad-c0b2-4c4f-9c16-36e5268f731d,2025-06-06T16:39:28+00:00
294d2416-6325-405d-829d-9d277afe9012,0ca4a775-dff9-4a40-81d0-6075aa1173fc,0b20e057-ab25-4963-a1eb-383458386c85,2025-08-10T23:23:26+00:00
19d114ef-dc5b-4654-bd92-5456078fab82,0ca4a775-dff9-4a40-81d0-6075aa1173fc,43dbd776-bd4c-4ef1-933a-59af47a589b5,2026-03-13T16:23:07+00:00
e76ede20-857d-4f08-8329-dba5f42485a1,0ca4a775-dff9-4a40-81d0-6075aa1173fc,b6be37f9-e731-49e9-b97d-838d7bb58dfd,2026-03-27T06:43:05+00:00
f45cd9ce-d4b4-4155-8adc-9cc71e126836,9ad32ef5-353d-4dae-a952-cc93a54d1120,42688444-55cc-483b-a92c-df6777013516,2025-12-02T16:49:56+00:00
b627d2f0-5412-48d9-b480-67f3e828a08b,9ad32ef5-353d-4dae-a952-cc93a54d1120,42ddf256-149e-4757-b88b-4e24c8e6cb76,2025-09-10T14:46:11+00:00
15b52301-1c1d-4d81-abfa-9ca685f6f371,9ad32ef5-353d-4dae-a952-cc93a54d1120,c9ecc336-f916-428a-889e-dd3cd51b608e,2025-09-18T00:09:03+00:00
7fb2f4e4-d67e-41c1-9cc0-34fff63bf633,9ad32ef5-353d-4dae-a952-cc93a54d1120,e5d66484-0921-411a-aecc-60e791695a29,2025-05-28T15:37:24+00:00
07426498-6136-4316-8388-a4057a3a3cbc,9ad32ef5-353d-4dae-a952-cc93a54d1120,128acef2-f235-4b4f-9ba9-12cf0271ac50,2025-06-14T08:35:30+00:00
b243fcc2-36fd-4868-8d5c-97b5ebdd125d,9ad32ef5-353d-4dae-a952-cc93a54d1120,558257fc-53a1-45c0-9ece-75440adedee7,2026-04-26T18:35:52+00:00
f74c3add-8e2a-4d93-b0e8-880cf46250c5,9ad32ef5-353d-4dae-a952-cc93a54d1120,85a05a4b-ce52-43cf-8433-02a2cad529e1,2025-06-30T02:56:43+00:00
177574ae-4948-4a33-ac3e-2501aa73aaee,9ad32ef5-353d-4dae-a952-cc93a54d1120,d22d4315-95d0-4e9b-8b3a-ee71f98284ba,2026-01-22T15:20:29+00:00
9aa80231-025c-4a0a-9033-6d9dd4aea2ea,9ad32ef5-353d-4dae-a952-cc93a54d1120,44dae102-8716-4274-95ac-bf413382999a,2025-05-31T13:31:00+00:00
f0772137-3930-4819-8341-fb0fac4c51cd,9ad32ef5-353d-4dae-a952-cc93a54d1120,1df596d4-a79f-4572-9306-495047dbf75e,2025-09-26T15:55:00+00:00
93324bb4-5cb7-4d6d-9c98-8184057dd490,9ad32ef5-353d-4dae-a952-cc93a54d1120,86a2d273-34b8-46f0-bdc9-4868692691fa,2026-07-24T01:04:52+00:00
0f2c113e-eae6-4ca8-9eb0-dbbf1b53f6c6,09970f75-43e1-4877-8cf0-e983b60eaf7d,081ff1ec-6b6e-4345-b592-685440228bd4,2025-09-16T09:24:25+00:00
752aca4f-6e51-4992-b29b-f401b5ba6c18,09970f75-43e1-4877-8cf0-e983b60eaf7d,27de1447-4949-4ba1-94da-511dcf33e97a,2025-08-17T14:03:53+00:00
84cfa42e-c2f1-4ea4-872b-71172dbc6369,09970f75-43e1-4877-8cf0-e983b60eaf7d,34441c15-0467-4b92-b3ab-8deb1054c830,2025-08-21T19:13:16+00:00
96b824c0-dac2-4fb6-b622-385f435c58ef,09970f75-43e1-4877-8cf0-e983b60eaf7d,85a05a4b-ce52-43cf-8433-02a2cad529e1,2026-03-17T19:32:13+00:00
f0af3a22-ae77-4f32-b588-06b5ccd94efe,09970f75-43e1-4877-8cf0-e983b60eaf7d,6eaf2004-a475-4bbd-b327-ceb492d267a7,2026-01-13T11:38:10+00:00
e76916f2-7abf-4c8a-9916-af4530ee29b6,367b4697-dbca-45ff-87d7-27747fee68ae,22b1d57e-427b-4075-b871-f3a5bde40fbe,2025-11-02T11:38:33+00:00
01fff2e5-da45-4e2a-a543-cb74986b6b48,367b4697-dbca-45ff-87d7-27747fee68ae,d30b8eb3-05ed-4a73-b6e5-042436e46b37,2025-07-03T13:39:01+00:00
716342f1-0f25-4ea7-a2e0-77c08150a620,367b4697-dbca-45ff-87d7-27747fee68ae,2ad9462f-49f8-4d9a-8f1f-6f573c1e266f,2025-10-06T12:29:04+00:00
055b98f5-5d00-44c2-b257-c730dc60818a,367b4697-dbca-45ff-87d7-27747fee68ae,53a84c41-db22-49bf-98bd-d408fffdabc3,2025-10-11T01:58:00+00:00
56d69404-ebfb-42b0-bed1-89dd2405ad30,0d3f86e6-fc2c-46c5-bf14-b280831bfb6a,e19797db-e29f-48c3-a7bc-6f3ee4494c8c,2025-05-26T23:01:37+00:00
863d27aa-37c8-46d9-b206-0999dd7892a5,0d3f86e6-fc2c-46c5-bf14-b280831bfb6a,742f60c2-2f3a-4c03-86e2-e6b289299c40,2025-05-31T08:36:24+00:00
9eaeee61-3086-40ce-82fc-22100ab2aa8e,0d3f86e6-fc2c-46c5-bf14-b280831bfb6a,635cb86b-03c7-4fb4-884b-ced27f9691bb,2025-05-26T21:35:23+00:00
66e095b1-0927-46f7-9f61-6fa7550fb32c,0d3f86e6-fc2c-46c5-bf14-b280831bfb6a,536e9f2a-3aad-4928-9766-ddb2f2ce04bb,2025-05-30T10:37:37+00:00
17fe2a84-65b6-489c-ac2b-9a8989f24b7b,0d3f86e6-fc2c-46c5-bf14-b280831bfb6a,bdd3bd04-7e4b-4d82-816f-dceb5fae55ea,2025-05-27T20:27:25+00:00
907b34e2-e09a-40b5-86b2-4d0919098d23,0d3f86e6-fc2c-46c5-bf14-b280831bfb6a,7759297b-afe9-4b95-8e56-6c553c734e03,2025-05-26T15:53:16+00:00
e29f6edc-9dc4-441b-9bf6-f96e36b7528e,0d3f86e6-fc2c-46c5-bf14-b280831bfb6a,d24b23ee-291d-4c2f-8c3a-ce1251c2c3d8,2025-05-27T14:38:50+00:00
0a99d979-845e-41d4-bd8f-848d0882817f,2c33d107-8ba8-42ca-95c3-0d9a30b2bf3d,d24b23ee-291d-4c2f-8c3a-ce1251c2c3d8,2025-06-01T16:08:28+00:00
d866e9ef-672c-4b60-baab-5e4e856ac430,2c33d107-8ba8-42ca-95c3-0d9a30b2bf3d,a80b24ca-19f4-4796-9a5e-683f4e8f7b14,2025-06-06T20:53:56+00:00
3400f1f4-d596-45c8-adfc-f1839bfc4bc1,2c33d107-8ba8-42ca-95c3-0d9a30b2bf3d,51910d94-7df2-4595-be53-5b43cb379762,2025-05-28T03:38:09+00:00
550b199b-d01c-4079-81f1-df3767234827,2c33d107-8ba8-42ca-95c3-0d9a30b2bf3d,10052c3a-4cb2-4d00-a0bc-2b3ec6334ca5,2025-05-27T05:26:45+00:00
5d99ccc2-db82-4435-9527-442a7da3d178,2c4dbcc1-0717-42c1-9f36-72a5fd3ec3ea,d70b90fa-8a9d-408e-b442-7d148a6095e5,2025-05-31T03:43:57+00:00
7e13eeed-20e6-49e5-8547-d7a6690ca3fd,2c4dbcc1-0717-42c1-9f36-72a5fd3ec3ea,42ddf256-149e-4757-b88b-4e24c8e6cb76,2025-09-06T12:27:54+00:00
f307c296-2703-450f-9ea3-1c9737f0d020,2c4dbcc1-0717-42c1-9f36-72a5fd3ec3ea,dce19236-e6ac-4b25-8861-f9bf621963fd,2025-10-19T23:33:47+00:00
2cf2bdb2-fc9f-45d5-adca-06acc4c0022a,2c4dbcc1-0717-42c1-9f36-72a5fd3ec3ea,86a2d273-34b8-46f0-bdc9-4868692691fa,2025-06-14T05:26:23+00:00
e74e0a7c-dab5-49e4-98f1-7a7ab6583940,2c4dbcc1-0717-42c1-9f36-72a5fd3ec3ea,210c2b91-059f-411a-9302-7b1e3c1091de,2026-03-10T14:39:05+00:00
0f676e39-7f03-4d1d-b848-dd5bcb239494,2c4dbcc1-0717-42c1-9f36-72a5fd3ec3ea,1ce85b38-45d8-4fc2-a23d-d01ad37ee8fb,2025-06-08T07:36:45+00:00
9ce9d5e7-04e7-4026-8ed5-63e953ae49e5,2c4dbcc1-0717-42c1-9f36-72a5fd3ec3ea,44dae102-8716-4274-95ac-bf413382999a,2025-07-17T02:42:35+00:00
ab106efa-f2de-4871-b3c8-1de37b86f974,2c4dbcc1-0717-42c1-9f36-72a5fd3ec3ea,c2a52db8-7b0f-4f9c-9be8-3d81fad7ca27,2026-08-21T20:30:00+00:00
507fbcba-8b53-4675-a403-29cedefb7cca,2c4dbcc1-0717-42c1-9f36-72a5fd3ec3ea,47de6634-f271-4dda-8c9a-4cb60daa2a03,2025-10-04T11:25:09+00:00
54c5d009-c5fd-4ec3-8586-625c37bf7162,806eaf21-8166-4343-8725-222e954d1fb8,4eb375d1-e150-4235-aed3-d4483dba1cfa,2026-06-04T09:43:29+00:00
2925b39c-779d-461d-81eb-801afe47720e,806eaf21-8166-4343-8725-222e954d1fb8,19dfffd3-69fe-4589-9939-0de48e436817,2025-08-21T19:50:51+00:00
9d53ffba-84af-4bc1-afa8-6bba2ebac581,806eaf21-8166-4343-8725-222e954d1fb8,a80b24ca-19f4-4796-9a5e-683f4e8f7b14,2025-05-30T03:44:15+00:00
2908280b-d56e-4b98-b17a-f89fe5470a05,4445eb36-36af-4adf-909f-f5d9591ca46c,e984c74d-dd4a-466b-b93f-7f517e76b6c7,2025-06-02T16:39:18+00:00
d2f8e963-b20b-471a-98d6-1adc12f30dca,2bf405c3-1cc7-40bb-b5ca-43f750ea42d0,ce36aea6-fdbd-41f0-af71-96972ce4d5d1,2025-08-11T18:37:23+00:00
8dfcd73c-0a0f-4338-9bce-48a1d446a00f,2bf405c3-1cc7-40bb-b5ca-43f750ea42d0,7844c024-2ced-4ed0-9417-6303bff60ab5,2026-07-23T05:54:16+00:00
9262768b-344a-4fe5-97e2-343309ef3173,2bf405c3-1cc7-40bb-b5ca-43f750ea42d0,128acef2-f235-4b4f-9ba9-12cf0271ac50,2025-05-29T18:20:13+00:00
73a31c1e-9f8b-4bdf-966f-ea68da89c20e,0e426053-cba8-4632-8d16-ff2be180e0ef,e5d66484-0921-411a-aecc-60e791695a29,2025-06-06T22:10:01+00:00
fd5914fe-1fce-485f-abc0-d98d4d9bfc34,0e426053-cba8-4632-8d16-ff2be180e0ef,ff1dc571-d626-480e-b098-a50d60c896af,2025-11-28T19:50:44+00:00
8134553e-4966-4eca-bad0-5ce31d98f2bf,0e426053-cba8-4632-8d16-ff2be180e0ef,ab56d43e-6b4a-43a3-9b6c-f3bae36c4bb6,2026-06-01T16:06:50+00:00
f4b96201-c9c8-4eba-9588-51de01df855e,2c2a6ebe-d09c-419f-a8e1-d3464cd8ea6d,27de1447-4949-4ba1-94da-511dcf33e97a,2025-08-11T19:35:26+00:00
a0f87dc7-2b70-44bd-9f9e-9fbf055ee0d4,5368b7b4-73c6-413e-b9dd-392be60a21d4,5ce43817-8afb-43c8-aa72-569b92aeb223,2025-05-29T17:22:30+00:00
7bf628c6-63d1-4dd2-9e8d-33895f2cad4b,bf966f49-f52c-4cf6-811a-74fedd342396,bdd3bd04-7e4b-4d82-816f-dceb5fae55ea,2025-06-26T03:37:12+00:00
850fd48e-01eb-43f2-b41c-aefa28155b01,bf966f49-f52c-4cf6-811a-74fedd342396,27d6298d-2568-4e4c-99dd-0f0d3e043508,2026-03-24T10:45:51+00:00
f925dbdd-4cf5-4bb2-a873-b087505e98f9,bf966f49-f52c-4cf6-811a-74fedd342396,1dcda15d-0c1e-4892-80a8-bfb7f3596889,2026-01-29T00:36:07+00:00
95557fd0-418f-430a-8a1d-4bd861674ed3,bf966f49-f52c-4cf6-811a-74fedd342396,6eaf2004-a475-4bbd-b327-ceb492d267a7,2025-08-28T02:49:09+00:00
3f949190-0189-40ec-901f-ad1e61222093,bf966f49-f52c-4cf6-811a-74fedd342396,fdf80e2a-8b01-4d79-a8c3-3ea29134c88c,2025-09-08T15:37:12+00:00
e8fbf6f0-0ccd-4b42-82c0-ea951cadb54a,bf966f49-f52c-4cf6-811a-74fedd342396,373c37e3-0e01-4319-81cb-158d1344da99,2026-08-20T05:03:06+00:00
f0a00fc6-79c5-41e1-85e1-eb821b2757e1,bf966f49-f52c-4cf6-811a-74fedd342396,fc878d0f-02d2-4c14-8e52-f1fa4b571b99,2026-05-25T11:30:53+00:00
4a6f64fe-41bb-4c5e-a35d-95769cf97b10,bf966f49-f52c-4cf6-811a-74fedd342396,8d0a4127-34d4-4cb0-ab2c-8a44732c4636,2025-05-30T08:23:46+00:00
31aea8a3-2ce8-4be3-9249-43f43bb705e7,bf966f49-f52c-4cf6-811a-74fedd342396,0009dfc3-c591-422e-9a5a-47a3c5627f02,2026-08-09T03:05:21+00:00
7c81cbf6-66e3-4d02-96cb-4fafe52b8016,bf966f49-f52c-4cf6-811a-74fedd342396,75fb3cc3-3a13-475e-9146-fa6c2c28ad75,2025-06-24T14:16:14+00:00
34defd77-206c-4353-982b-f1b0b04f6391,5cf35963-2f5d-4a90-ad5b-9d91e4c22bb6,3e7caac0-1ca6-4783-9a3e-0aec999045f7,2025-05-30T17:14:21+00:00
808449ff-20f1-406c-b94f-5e4ea41da1c1,5cf35963-2f5d-4a90-ad5b-9d91e4c22bb6,743aae1e-e024-4953-a3ae-1413333f514f,2025-05-31T12:40:47+00:00
c6d4dd08-8f6b-492f-a881-da48bf259e86,717ef76c-36c7-41fb-b631-0857bf04e703,c3e6de0b-ae0e-464a-aeef-51bebdd50073,2025-06-01T15:19:40+00:00
35f73928-9825-4183-95fd-f6cd8e8f7015,717ef76c-36c7-41fb-b631-0857bf04e703,63e9a505-7c6b-4204-93f7-db5e9998f23c,2026-02-23T21:18:37+00:00
7e451c25-1f88-4425-86b3-65c5c9b20a23,43469ce7-fe8a-46be-a1d2-536630399875,1f5c9368-f634-4128-84d2-ef868162ba53,2025-06-01T10:04:24+00:00
51b59b78-ce22-4d1a-bd2a-4417ad771274,43469ce7-fe8a-46be-a1d2-536630399875,b7fef60e-e709-4148-b2be-091d4a9dc1a5,2025-07-02T04:33:38+00:00
260e4e77-2aee-4d19-99bb-2b532fe04fc6,43469ce7-fe8a-46be-a1d2-536630399875,39da3268-4fe9-44d6-b716-29c848231132,2025-09-05T07:42:02+00:00
35241e0e-0aec-4c9d-8d70-f83185b2f259,43469ce7-fe8a-46be-a1d2-536630399875,1fa4ca79-e386-4977-9032-f42a85558d36,2026-01-04T13:55:49+00:00
5284cfa7-58d2-4712-aa0d-f24e7ac365fc,43469ce7-fe8a-46be-a1d2-536630399875,e5f76da6-068a-4b15-bb2c-649e314a26ed,2025-08-08T23:36:33+00:00
cfc8b237-b35a-4782-9459-1d8b14e31599,43469ce7-fe8a-46be-a1d2-536630399875,2709bb2d-e639-44c0-920f-80a9f4c4955e,2025-07-07T16:06:10+00:00
8aca8954-8216-482f-981c-b871ddc797a5,43469ce7-fe8a-46be-a1d2-536630399875,4e2906a0-e445-4567-9bc3-c549a3448137,2025-09-18T21:30:11+00:00
d9f75d02-0fce-4fb9-b280-fbb011bdac05,43469ce7-fe8a-46be-a1d2-536630399875,3b534511-491d-43ca-8db3-2f08eee9be65,2026-01-08T07:23:02+00:00
a06bb53a-6578-4f9d-bf87-0977bbb66edc,43469ce7-fe8a-46be-a1d2-536630399875,51dac652-9517-4e31-b9c9-905c3968e085,2025-11-13T14:48:50+00:00
3c024bdb-d9af-473d-a44c-d1878c7aab4a,43469ce7-fe8a-46be-a1d2-536630399875,b2ebd1c7-416b-4645-a522-88f29c4fd3fa,2025-06-16T14:11:52+00:00
1f293aec-1dce-460d-9b51-3be0d66e14c7,43469ce7-fe8a-46be-a1d2-536630399875,e5ead316-9492-4d0f-92fe-e9ee1533cfbf,2026-05-28T12:30:04+00:00
eac84b21-7493-4f21-b592-70c39a2a3058,43469ce7-fe8a-46be-a1d2-536630399875,c60fc12d-ef3b-47a2-b08d-d35daaa0261f,2025-06-25T19:34:51+00:00
a106ba3d-fa09-474a-b169-ddd58dddee2f,43469ce7-fe8a-46be-a1d2-536630399875,7d2e833a-8242-43a6-93ca-e79df0b2cd59,2025-07-14T03:46:01+00:00
5395d8de-a2a0-405f-8b33-15d90a2115ae,43469ce7-fe8a-46be-a1d2-536630399875,a83115e6-95d7-4710-8785-ad490862eb1d,2026-07-13T18:58:18+00:00
06c68525-24f9-4ed4-86ac-c58270235562,4601169e-db86-4ac5-8747-34554b0366e6,75fb3cc3-3a13-475e-9146-fa6c2c28ad75,2025-06-05T05:15:48+00:00
b3423aa9-6fce-466f-bfa3-1d40b3e0e5d1,4601169e-db86-4ac5-8747-34554b0366e6,e67d37fe-aa3a-4812-8a3a-0cad3700d22f,2025-06-06T15:27:22+00:00
74c71157-e50e-4672-90fe-d52007ac7619,4601169e-db86-4ac5-8747-34554b0366e6,53cbc155-02f5-409e-90b8-e1d1b8a42be9,2025-06-03T02:57:28+00:00
8ffa7e55-0b8b-4e7e-b5e2-7e1a218a866e,93712735-8140-4fe2-a52c-fdcc8ef95ab2,d0c1bf19-bea4-424f-910b-25f9f5d2cc23,2025-07-12T04:49:22+00:00
170c8f71-a5dc-47a7-b3b8-5d6b36c56021,93712735-8140-4fe2-a52c-fdcc8ef95ab2,5da9c176-ec13-4102-b6cf-121f4b145d5a,2025-06-29T23:07:24+00:00
b7a11a05-ecaa-4881-b8b1-395af0692568,93712735-8140-4fe2-a52c-fdcc8ef95ab2,53cbc155-02f5-409e-90b8-e1d1b8a42be9,2025-10-18T13:56:38+00:00
809e5e1c-0c1f-4c6f-a415-9c07ae8debed,93712735-8140-4fe2-a52c-fdcc8ef95ab2,eebbf0ad-7bc9-40f9-a39b-9952f8048f24,2026-07-14T21:03:05+00:00
42bfcd5b-2638-4239-9d94-ffc8dff3426f,93712735-8140-4fe2-a52c-fdcc8ef95ab2,b0f283a0-c828-4aff-80c1-0fa9a4940b92,2025-06-13T05:20:51+00:00
361fc657-9eab-44f0-90fa-cbbfe243204f,93712735-8140-4fe2-a52c-fdcc8ef95ab2,4cf59a7d-3daf-44fe-8e86-aa4389b82fc0,2025-09-04T07:16:55+00:00
fad1e025-f4eb-46eb-a456-af8b10d58e63,93712735-8140-4fe2-a52c-fdcc8ef95ab2,6e62d7bb-6bda-4ea0-82c5-87c508932975,2025-09-21T01:28:17+00:00
64da8e6c-3019-4b84-9da9-54a3c24034f1,93712735-8140-4fe2-a52c-fdcc8ef95ab2,f79de4b1-f0cc-45e9-85c3-b3112725fde1,2025-09-24T15:53:50+00:00
34f8f3d1-cfed-451f-b211-cab3a2477497,93712735-8140-4fe2-a52c-fdcc8ef95ab2,9683d7cb-c320-48ab-b91d-373a4a32cc44,2025-06-03T22:47:55+00:00
2edd7171-e4e9-4e84-8674-454e87a66013,93712735-8140-4fe2-a52c-fdcc8ef95ab2,f87b345a-0777-46fc-865a-b76dacc1e90a,2025-08-18T19:25:20+00:00
937593d8-44f1-41f0-97ce-e7af1d163c66,93712735-8140-4fe2-a52c-fdcc8ef95ab2,a2a97c5b-d72e-47bb-a8b8-355fcf007b68,2025-06-11T07:29:01+00:00
4cb2ff78-04e9-4923-86bd-88510922ee66,93712735-8140-4fe2-a52c-fdcc8ef95ab2,fdd43fca-ada6-4d98-94a5-dbc1afd11d57,2025-12-05T11:46:59+00:00
1a2a0618-4fa0-40f8-9caf-3eed2f681b20,93712735-8140-4fe2-a52c-fdcc8ef95ab2,26d61dc5-0b03-4c16-8a64-7afeba92fecb,2025-06-08T15:06:32+00:00
caca42e3-ef97-475d-95c1-37d2cd91bb9b,93712735-8140-4fe2-a52c-fdcc8ef95ab2,5ab1b529-4f5e-42a1-8f82-f88bad579d46,2025-06-13T12:21:36+00:00
0ca705d9-172a-426e-86fe-cb88ca275527,93712735-8140-4fe2-a52c-fdcc8ef95ab2,51910d94-7df2-4595-be53-5b43cb379762,2026-05-23T04:37:53+00:00
6e3e41a4-abdd-4cbf-863d-2ef4e4d73c9a,3e700087-b9fc-4907-a9a3-30a60d3e0b54,f179f796-27a1-4c7b-8711-7b339b16ef77,2026-08-23T01:38:13+00:00
e8746c38-8f93-45e5-a07a-5589ad0ee4ea,3e700087-b9fc-4907-a9a3-30a60d3e0b54,6236d33d-7b57-486d-81e8-a247d50fa2a4,2025-06-15T09:03:21+00:00
e64c0723-1941-4e64-aaff-04fe5186dd43,3e700087-b9fc-4907-a9a3-30a60d3e0b54,bacf1c32-002e-4d62-8c6c-221609513f2f,2025-06-02T03:40:45+00:00
d09f9786-a790-40fb-a6b6-a0cbb2806d0d,3e700087-b9fc-4907-a9a3-30a60d3e0b54,2709bb2d-e639-44c0-920f-80a9f4c4955e,2025-06-03T03:43:20+00:00
c959e298-dde5-4a1e-a991-07a0264d90b8,3e700087-b9fc-4907-a9a3-30a60d3e0b54,69546e0c-13bb-4597-8ce8-09cf53b9a4ff,2025-10-22T06:22:03+00:00
0c0d0f40-5262-4a79-8aab-ef4c450501b1,3e700087-b9fc-4907-a9a3-30a60d3e0b54,af587165-10af-4199-96d6-3bcb946bf36d,2025-06-25T11:30:53+00:00
5081bce9-042e-418c-95e7-82b08dfca455,3e700087-b9fc-4907-a9a3-30a60d3e0b54,de74cf8e-baf2-424d-9e05-fa5a4aefa19e,2026-05-15T07:43:05+00:00
2c8b1a03-9be0-4f06-ab43-3086f1e1770e,5cf5958d-e250-4940-bcbd-f5c52c9ac6dc,fba653f1-56a1-4e32-b3a6-1205a8a2e461,2025-06-07T20:05:15+00:00
5fd43f58-88d2-4563-a571-06dccedaaacf,5cf5958d-e250-4940-bcbd-f5c52c9ac6dc,d30b8eb3-05ed-4a73-b6e5-042436e46b37,2025-09-30T03:19:13+00:00
18336647-71be-4621-b0b4-886494d9e96e,5cf5958d-e250-4940-bcbd-f5c52c9ac6dc,7926d7b2-835c-4a6f-bf2f-3e38d4db3419,2025-07-04T00:55:08+00:00
9dcde1ee-23f7-4b2c-9fd9-98ca9195aa89,5cf5958d-e250-4940-bcbd-f5c52c9ac6dc,bf2e373c-d8de-4aa0-acb8-d8df0b844ebd,2026-03-17T09:16:25+00:00
5c7c2049-fe54-47f4-9dda-36b3fd023cd7,1c047f4e-9973-4495-a7b5-14e7591608a0,5ab1b529-4f5e-42a1-8f82-f88bad579d46,2025-06-03T19:37:56+00:00
ead10346-8770-4ca8-8ed9-c717f5c2c14c,1c047f4e-9973-4495-a7b5-14e7591608a0,d3daa26a-587b-4816-9110-916f35fa7c74,2026-07-30T12:01:17+00:00
6cff0323-2ac1-474b-ae12-6e8f68eea8a0,1c047f4e-9973-4495-a7b5-14e7591608a0,10c9cdcb-4a1c-4f44-9e34-61195bfc8e59,2026-08-06T20:44:00+00:00
cb3cca97-73a5-4521-9ff4-0cee40d5a139,1c047f4e-9973-4495-a7b5-14e7591608a0,d0c1bf19-bea4-424f-910b-25f9f5d2cc23,2025-06-05T15:12:13+00:00
3f7c72a9-9ddf-482d-b478-1ca9cf6dcc8d,1c047f4e-9973-4495-a7b5-14e7591608a0,6cad3973-c23d-4cec-bb0c-6ecf78003373,2025-10-04T05:02:24+00:00
9d841003-e678-4a98-96c0-9edad0eaa35e,1c047f4e-9973-4495-a7b5-14e7591608a0,d24b23ee-291d-4c2f-8c3a-ce1251c2c3d8,2025-07-26T18:20:50+00:00
4b53d39d-d511-4d66-8feb-c149dad52216,1c047f4e-9973-4495-a7b5-14e7591608a0,536e9f2a-3aad-4928-9766-ddb2f2ce04bb,2025-06-15T04:48:14+00:00
7f541361-9a6d-432f-8b9a-d3803428d4b2,1c047f4e-9973-4495-a7b5-14e7591608a0,e67d37fe-aa3a-4812-8a3a-0cad3700d22f,2025-08-13T05:07:39+00:00
f2809df6-65c6-4e57-ab85-5532f03d614a,1c047f4e-9973-4495-a7b5-14e7591608a0,1df596d4-a79f-4572-9306-495047dbf75e,2025-06-04T10:54:48+00:00
fd09aaea-7224-4550-9e30-a67503e7f1cc,1c047f4e-9973-4495-a7b5-14e7591608a0,39253471-72c7-42b6-ad3a-569f5728f21e,2025-08-15T04:20:11+00:00
2cfce73a-ad82-4e22-88d6-b5307a1961c1,a4666c75-84c9-4031-90e7-e197964bc47c,f79de4b1-f0cc-45e9-85c3-b3112725fde1,2026-04-06T22:14:09+00:00
295c00f2-4d93-44b9-b414-9f3691843feb,a4666c75-84c9-4031-90e7-e197964bc47c,681a768e-2c15-4f60-b8bb-6613e5d882f5,2025-06-04T01:12:54+00:00
9f1106fe-52bb-4282-88c3-cf5ccdf7c137,a4666c75-84c9-4031-90e7-e197964bc47c,558257fc-53a1-45c0-9ece-75440adedee7,2025-12-06T18:02:10+00:00
6a4f1f39-5fc6-4c6b-aebb-b1e7340797f7,a4666c75-84c9-4031-90e7-e197964bc47c,b8d5ebaa-e3a1-4774-8f3c-355409546348,2025-11-30T05:48:38+00:00
8d11fc49-7179-40bd-a1bc-9c447a335811,a4666c75-84c9-4031-90e7-e197964bc47c,ff34dee7-a247-40d7-b920-a3d2e7a536c2,2025-10-11T05:33:28+00:00
779a3573-c162-4711-9095-1bb1c35162ad,a4666c75-84c9-4031-90e7-e197964bc47c,f179f796-27a1-4c7b-8711-7b339b16ef77,2026-03-30T07:33:29+00:00
04a22bea-5c76-495c-b437-41f05a0ec4e7,677c36e5-373c-409c-b251-b4a42c55d5ce,6236d33d-7b57-486d-81e8-a247d50fa2a4,2025-06-04T00:42:09+00:00
045e7602-2a63-4aa6-870e-6119a0d8ac0c,8b6e54dd-b7ad-46fa-9b6a-1c69a078eb65,427e62af-c795-4132-8cf3-9c85f803508a,2026-04-04T23:48:40+00:00
f9ea6e29-651d-469c-81a2-74e5f081e4f9,8b6e54dd-b7ad-46fa-9b6a-1c69a078eb65,1ce85b38-45d8-4fc2-a23d-d01ad37ee8fb,2025-07-07T13:02:10+00:00
984e7560-8005-4614-a5a5-c433c1dc8f10,8b6e54dd-b7ad-46fa-9b6a-1c69a078eb65,22b1d57e-427b-4075-b871-f3a5bde40fbe,2025-06-17T07:00:04+00:00
d761c515-6c4c-49dd-b2e2-28b02763b62e,8b6e54dd-b7ad-46fa-9b6a-1c69a078eb65,bdd3bd04-7e4b-4d82-816f-dceb5fae55ea,2025-06-10T11:59:14+00:00
52c4f654-53b7-4645-a171-3d94a5946949,8b6e54dd-b7ad-46fa-9b6a-1c69a078eb65,1738f94b-1c67-4612-9cd8-819ca50c35e3,2025-07-23T11:53:05+00:00
6689c775-0e17-402a-9142-fbba6b279694,8b6e54dd-b7ad-46fa-9b6a-1c69a078eb65,8ca12932-1c6f-4ce8-b5ac-da66575fd911,2025-06-17T08:42:24+00:00
95077288-2212-42ac-b805-aedc0150b19a,8b6e54dd-b7ad-46fa-9b6a-1c69a078eb65,514cc026-35f8-49f0-9e68-dff0aa3aab07,2026-03-01T13:33:10+00:00
c067c957-d8d2-4428-8125-bc4bb08ae77c,8b6e54dd-b7ad-46fa-9b6a-1c69a078eb65,5ca23f6e-524f-449e-b9d2-a758e70cff73,2025-07-10T20:05:35+00:00
cf74cdec-3369-4a75-a9de-3913214f785d,8b6e54dd-b7ad-46fa-9b6a-1c69a078eb65,054fe171-2aa2-4064-be59-369e103477d7,2025-06-03T15:24:38+00:00
8d0928b7-d339-4bea-a476-e87ef419249d,8b6e54dd-b7ad-46fa-9b6a-1c69a078eb65,1e35bc63-b9b9-4dc0-bbca-ba32d6a1676f,2025-10-30T06:55:28+00:00
09c38f99-5021-4b5b-85af-aa31cd17663b,8b6e54dd-b7ad-46fa-9b6a-1c69a078eb65,febd8921-9308-4e28-acff-1ae8386589e3,2025-11-10T08:32:52+00:00
cfb3b44f-be5a-4baa-b959-abe731cb24c7,8b6e54dd-b7ad-46fa-9b6a-1c69a078eb65,3e7caac0-1ca6-4783-9a3e-0aec999045f7,2025-12-09T07:37:11+00:00
1c884167-a42b-4935-9326-cd0a46584e96,8b6e54dd-b7ad-46fa-9b6a-1c69a078eb65,4b87053a-c2e0-4a91-bd88-3da84717c1af,2026-05-02T01:31:59+00:00
5906d551-585a-42a1-bd7d-a6834ed22af1,8b6e54dd-b7ad-46fa-9b6a-1c69a078eb65,7d2e833a-8242-43a6-93ca-e79df0b2cd59,2025-08-29T20:56:30+00:00
43a8fa06-8b6d-4022-bc5b-60e91e77c293,8b6e54dd-b7ad-46fa-9b6a-1c69a078eb65,98975cfd-3638-4842-83fd-fb6f839b37d9,2025-06-06T15:19:00+00:00
5f94466a-6619-4561-9a1c-4a1220dc32d1,8b6e54dd-b7ad-46fa-9b6a-1c69a078eb65,ded797b6-afed-4f9c-8ae0-35b3c61aa0e4,2025-06-05T10:01:45+00:00
f39d4e11-2001-4f30-af39-69b8b59324b0,642065d4-0338-4ac3-9220-a4c4f48cc077,85a05a4b-ce52-43cf-8433-02a2cad529e1,2025-06-04T00:43:10+00:00
92e78ca0-0f58-4e73-8ca7-229ff05320ac,23346e52-85d0-402b-8f55-f88ae3836716,3e1135b6-a11d-4440-9839-7607ab0df809,2026-08-20T13:14:21+00:00
0a87c85e-d07c-42ae-b74b-ba6e9a378909,23346e52-85d0-402b-8f55-f88ae3836716,bf74e9cf-5b79-495b-8c29-2dec4918a0c9,2026-01-30T02:16:34+00:00
9970331c-52f9-4ab0-974b-268e0bad10fc,23346e52-85d0-402b-8f55-f88ae3836716,eff13da1-a531-4767-95ce-387f2866993e,2026-07-17T04:06:29+00:00
28314064-ff30-4264-b87b-1614b4d7e700,23346e52-85d0-402b-8f55-f88ae3836716,27de1447-4949-4ba1-94da-511dcf33e97a,2025-07-08T03:03:41+00:00
8024edab-c0e4-485e-827b-6f196bc60a35,23346e52-85d0-402b-8f55-f88ae3836716,323fd007-baf9-422e-b5f8-b93742be059f,2025-12-28T23:25:17+00:00
7e7f8536-323a-416b-96fc-b329f75191c8,23346e52-85d0-402b-8f55-f88ae3836716,577c7c58-b348-4b59-a994-19cbf0bd8b7f,2025-06-05T09:23:16+00:00
8a716b1a-6cc7-4629-8a59-3240f43b4d32,6940f55b-4aa0-436b-b01d-859734673991,82c26f80-0b16-4534-b361-35fddfa95816,2025-07-16T10:43:56+00:00
b907c12f-4620-490e-a1fd-914c00ef8d20,6940f55b-4aa0-436b-b01d-859734673991,6cad3973-c23d-4cec-bb0c-6ecf78003373,2025-08-14T01:40:10+00:00
bd1d69f2-8137-4986-967b-1f7c2d0ab80c,6940f55b-4aa0-436b-b01d-859734673991,917bdd4a-0545-41ea-8bbb-c3ec512a6c48,2025-08-30T18:09:18+00:00
9baf166c-a420-4164-aca3-d7e1d94805cb,6940f55b-4aa0-436b-b01d-859734673991,e67d37fe-aa3a-4812-8a3a-0cad3700d22f,2025-06-21T06:15:07+00:00
0320e3a2-6d1c-47a0-9001-cca4427ab7cb,6940f55b-4aa0-436b-b01d-859734673991,7357e086-3d97-4c00-bd2a-662d18d0abec,2025-12-27T03:37:22+00:00
7e61a365-3147-4da5-b2d2-806419920956,6940f55b-4aa0-436b-b01d-859734673991,db4d2942-4cc1-45f1-87fc-07d96b772a6e,2025-10-12T17:58:21+00:00
8118445b-acde-4d2b-8f9c-3b0ddb0c428b,b140d8c4-ddde-4155-bc1d-60f72e677cdc,659f0acc-033d-4e42-acb5-b569fa69a743,2026-06-09T14:06:36+00:00
63d025cd-1e74-49e2-abcd-e0ba56ca2638,b140d8c4-ddde-4155-bc1d-60f72e677cdc,e1ed7e6e-8e69-4089-a848-80cc71f34ee0,2025-09-15T15:56:14+00:00
a918e249-4435-4ded-851a-bfbfa4295048,b140d8c4-ddde-4155-bc1d-60f72e677cdc,7d2e833a-8242-43a6-93ca-e79df0b2cd59,2025-08-17T04:15:59+00:00
88a1e546-61d8-4021-891a-11c8410124cf,b140d8c4-ddde-4155-bc1d-60f72e677cdc,c568b27d-f55c-43c4-b16c-2ded8343488b,2025-12-28T05:47:16+00:00
3813ed8f-6a5e-478d-9871-13edd8e97b7e,b140d8c4-ddde-4155-bc1d-60f72e677cdc,443b392f-72a1-4279-ae51-a849f1fedfff,2025-06-07T11:33:39+00:00
d801ba9a-1cd2-48cb-b526-83b90f35682e,b140d8c4-ddde-4155-bc1d-60f72e677cdc,7d339706-bfcc-4887-91f1-ec63d2d23823,2025-08-21T09:12:00+00:00
cdb74585-f2ab-4376-9a7f-ce5f03ce12ba,b140d8c4-ddde-4155-bc1d-60f72e677cdc,3fc6331b-9394-4e27-8bfb-3d16fe1a97c0,2026-02-01T22:31:32+00:00
9fce1aec-4649-4965-9f6f-6fc182af50d1,b140d8c4-ddde-4155-bc1d-60f72e677cdc,10c9cdcb-4a1c-4f44-9e34-61195bfc8e59,2026-07-01T05:16:50+00:00
3e9f41ef-62fa-4717-9177-fc6bdf5c4b32,b140d8c4-ddde-4155-bc1d-60f72e677cdc,484b4933-21fa-4a46-904b-33017ff3857f,2026-04-03T17:07:36+00:00
58ecca25-0ea0-42fb-a1cb-0d880fd3ecf7,b140d8c4-ddde-4155-bc1d-60f72e677cdc,681a768e-2c15-4f60-b8bb-6613e5d882f5,2025-08-23T11:53:09+00:00
711adf82-96bc-4250-ba98-2fd57d830de9,b140d8c4-ddde-4155-bc1d-60f72e677cdc,2546be0b-81f5-441c-bbbe-d4925b10d00d,2026-01-01T12:04:03+00:00
b2e7da3e-e421-4298-9a19-db4be12a39e5,b140d8c4-ddde-4155-bc1d-60f72e677cdc,887b7fc5-3512-427f-b5f1-d0629d72dcf0,2025-09-01T03:20:13+00:00
083aad1b-0fa1-4efb-b43d-3ab467f686ca,b140d8c4-ddde-4155-bc1d-60f72e677cdc,af587165-10af-4199-96d6-3bcb946bf36d,2025-07-29T09:10:46+00:00
28f3e8e6-2974-4c06-a6e4-932b74e3f806,b140d8c4-ddde-4155-bc1d-60f72e677cdc,189077b3-db48-4236-959d-98880fad6d57,2025-12-14T18:24:39+00:00
b186c1fe-9d1e-491e-9cc7-f9a71f3a62ad,b140d8c4-ddde-4155-bc1d-60f72e677cdc,4e2906a0-e445-4567-9bc3-c549a3448137,2025-06-12T13:05:29+00:00
48c87a55-6e82-478f-9602-859f1f3535c7,b140d8c4-ddde-4155-bc1d-60f72e677cdc,323eb581-df66-495e-b4c3-b8d51316dccb,2025-06-09T02:34:56+00:00
3fe1bc9e-87d3-4615-90a8-1ef640783aac,b140d8c4-ddde-4155-bc1d-60f72e677cdc,081ff1ec-6b6e-4345-b592-685440228bd4,2025-09-13T19:48:47+00:00
c85e744a-ca3c-448b-9f4c-7eb53798b0ba,b140d8c4-ddde-4155-bc1d-60f72e677cdc,78adb4b4-64d8-4a3f-b789-0aeeccaf033e,2025-10-16T08:17:26+00:00
193428b7-daf3-44bf-a138-dd89fde4f428,b140d8c4-ddde-4155-bc1d-60f72e677cdc,2709bb2d-e639-44c0-920f-80a9f4c4955e,2025-09-12T07:38:45+00:00
9c23b035-7b3a-4ca5-be9c-0da417bdac3b,b140d8c4-ddde-4155-bc1d-60f72e677cdc,d24b23ee-291d-4c2f-8c3a-ce1251c2c3d8,2025-06-20T04:04:24+00:00
92482c43-79db-4eb3-9f67-81ab0527ffd5,b140d8c4-ddde-4155-bc1d-60f72e677cdc,f8ec5735-1c8f-4776-b569-2f0195771513,2026-05-04T20:23:55+00:00
df8d666d-28ed-482f-9f62-fd93fd4cb827,b140d8c4-ddde-4155-bc1d-60f72e677cdc,e2bc1752-1983-472e-bbd9-c6fae7cac58a,2025-08-02T17:14:51+00:00
e69df137-a969-4193-97e2-d6b7bbd59a82,b140d8c4-ddde-4155-bc1d-60f72e677cdc,9b0f4215-bb92-4800-a8ee-8b3a7bbf2ee1,2026-03-31T13:42:00+00:00
ca708384-5cd0-4788-a6ff-8c71099b72d5,b140d8c4-ddde-4155-bc1d-60f72e677cdc,3aed15aa-f84b-4807-aa3d-ed685d555290,2026-06-27T11:10:00+00:00
657b4504-b9fa-4683-a807-da3d43276a34,07f791f7-1602-486d-a3da-278f4bdc8641,1f5c9368-f634-4128-84d2-ef868162ba53,2025-06-09T01:15:34+00:00
ba189d52-b7b8-452b-83ba-ddb93a5dcd2e,8cdca155-1376-47f5-8371-ded05abd777e,29b08317-6763-47c6-93e5-e9d211886a27,2025-06-09T22:02:34+00:00
1853e62f-bff1-4c9f-b048-5a6086430c72,8cdca155-1376-47f5-8371-ded05abd777e,128acef2-f235-4b4f-9ba9-12cf0271ac50,2025-06-09T14:25:22+00:00
2e10da30-94ac-463b-84b3-1ff8db0efd97,5a6d674a-19c8-428e-8da7-a4fabc20f575,eebbf0ad-7bc9-40f9-a39b-9952f8048f24,2026-02-07T06:38:53+00:00
1c8cb047-83ae-4594-ae70-2dd095d9c395,5a6d674a-19c8-428e-8da7-a4fabc20f575,bf6c0e33-5fc6-4e92-8a2d-83065bf149c4,2025-07-07T10:37:02+00:00
f7526943-792d-44ca-bbfe-95185babc745,28fbe754-850c-40b3-aeda-d6af688b048f,06a5945b-2a25-4bf1-b0d1-578601aaab81,2025-10-17T03:07:47+00:00
0986ce6c-0e68-4d78-9362-b9b119cf4164,28fbe754-850c-40b3-aeda-d6af688b048f,d34b2b4a-bc0b-4ffd-83db-00f5cc6c937f,2025-08-19T02:51:20+00:00
671436f3-ddfb-4f02-9867-9cc8349d1bd9,28fbe754-850c-40b3-aeda-d6af688b048f,22b1d57e-427b-4075-b871-f3a5bde40fbe,2025-06-11T00:46:42+00:00
455e1de3-ca96-4b23-af4a-a269a46e4cfd,28fbe754-850c-40b3-aeda-d6af688b048f,ce36aea6-fdbd-41f0-af71-96972ce4d5d1,2026-06-06T00:36:44+00:00
8188305a-80ba-4904-a053-238f3682847e,28fbe754-850c-40b3-aeda-d6af688b048f,10052c3a-4cb2-4d00-a0bc-2b3ec6334ca5,2025-12-29T15:38:05+00:00
1fe41228-6e43-4928-8a51-1b6633ad6a79,28fbe754-850c-40b3-aeda-d6af688b048f,7d2e833a-8242-43a6-93ca-e79df0b2cd59,2025-06-10T15:04:43+00:00
e410aa97-ef9f-4ad1-bc98-2d4bd0254158,28fbe754-850c-40b3-aeda-d6af688b048f,e099a97d-3a12-4986-9f7b-4929504bd92f,2025-12-02T02:45:41+00:00
92f72780-df0e-4cf7-81ea-edac0e1869ab,e3a1d050-99f2-4c14-b615-eb94dfbd473d,e984c74d-dd4a-466b-b93f-7f517e76b6c7,2025-06-10T20:03:03+00:00
61d1c722-d2b5-4fe9-b39b-4d0d8eb5ad00,e3a1d050-99f2-4c14-b615-eb94dfbd473d,0474d78b-b695-4c1a-967f-6fc9587ddc43,2026-01-09T12:33:19+00:00
65df4593-6f92-4f71-96e8-4a56b178f4bc,e3a1d050-99f2-4c14-b615-eb94dfbd473d,eb37e445-ad15-450f-aac9-165635b7ef7b,2025-06-11T09:21:25+00:00
9af03eae-4454-4d37-a942-53aead1d5ab0,e3a1d050-99f2-4c14-b615-eb94dfbd473d,ff1dc571-d626-480e-b098-a50d60c896af,2026-01-23T18:40:31+00:00
37b4a437-97ca-46d9-8dff-25f31974932e,e3a1d050-99f2-4c14-b615-eb94dfbd473d,fba653f1-56a1-4e32-b3a6-1205a8a2e461,2025-10-23T04:09:46+00:00
72672bfa-7aa5-4f33-aa94-6bd7a0f2e29b,e3a1d050-99f2-4c14-b615-eb94dfbd473d,1c53189a-7903-4dcb-97d6-29489110198e,2025-11-12T00:09:39+00:00
6f652822-1e92-4c9c-be99-b9cd878d70d1,e3a1d050-99f2-4c14-b615-eb94dfbd473d,a0bc3b16-7612-417e-acb2-ce0de205d14a,2026-07-22T07:52:08+00:00
e06a86e7-b079-4321-8a85-a3c443154bfe,e3a1d050-99f2-4c14-b615-eb94dfbd473d,ba1fa7b7-1ba1-4dcc-8cde-7e8038432e3d,2025-06-20T14:04:50+00:00
b31f3e61-2243-4ea8-b7cc-3b06dc9a7338,e3a1d050-99f2-4c14-b615-eb94dfbd473d,917bdd4a-0545-41ea-8bbb-c3ec512a6c48,2025-08-09T01:28:30+00:00
de394ad2-2c73-4a2d-9663-7be668594f82,e3a1d050-99f2-4c14-b615-eb94dfbd473d,5ab1b529-4f5e-42a1-8f82-f88bad579d46,2025-09-29T10:01:30+00:00
a5ceff4e-43bc-4c92-bee3-f3326f5751e2,e3a1d050-99f2-4c14-b615-eb94dfbd473d,3dc6ba51-e546-4e5c-8e8a-6d0bb4c42691,2026-01-09T19:25:35+00:00
0de38091-61af-43e1-aeaa-29c3fc88387c,825aa88e-3f57-44d7-ab04-5448b59d7357,26d61dc5-0b03-4c16-8a64-7afeba92fecb,2025-06-13T09:18:58+00:00
c72963e2-433a-4ced-94e0-4f1bfa2847fb,9434fdd0-10e7-4f47-ab37-3b97b10e106e,53a84c41-db22-49bf-98bd-d408fffdabc3,2025-08-30T05:24:28+00:00
5ae50132-42e9-47ab-808f-338011e11a46,9434fdd0-10e7-4f47-ab37-3b97b10e106e,e984c74d-dd4a-466b-b93f-7f517e76b6c7,2025-09-17T15:27:28+00:00
bc930ac5-0ba2-4913-8629-52c5a72fadcf,9434fdd0-10e7-4f47-ab37-3b97b10e106e,06ca99ad-46e9-4d5e-a72e-48628968c316,2026-03-15T13:02:28+00:00
ec335660-507c-4370-945b-677d6e8cd8fa,9434fdd0-10e7-4f47-ab37-3b97b10e106e,9f74975f-3000-4ef2-b2a2-1cdac8513b60,2025-06-28T05:32:38+00:00
1f31b9b1-7006-4e63-b70c-756b5090241c,9434fdd0-10e7-4f47-ab37-3b97b10e106e,006472ad-ef7c-49dc-a9a5-5be63552c118,2025-09-28T06:29:31+00:00
5a984ebe-49a3-4037-a890-eff2c3be6a64,9434fdd0-10e7-4f47-ab37-3b97b10e106e,3cea8b9d-4dca-4cfe-99da-d19925b8fd32,2026-08-05T00:20:58+00:00
daf29302-a988-4672-ac01-67337ba92b29,9434fdd0-10e7-4f47-ab37-3b97b10e106e,7926d7b2-835c-4a6f-bf2f-3e38d4db3419,2025-09-03T12:21:34+00:00
7455ae4c-fd25-43d4-a9e1-ca703b90d66b,9434fdd0-10e7-4f47-ab37-3b97b10e106e,6225ff1d-dff6-4eec-8a09-0b85b8e80e91,2025-11-25T02:26:47+00:00
866e17f9-70be-495f-bd90-20bfd04332a5,9434fdd0-10e7-4f47-ab37-3b97b10e106e,10052c3a-4cb2-4d00-a0bc-2b3ec6334ca5,2025-06-25T19:12:44+00:00
d7f3263e-0b44-4cdb-a799-2b327aa84efa,6df2bc49-30f5-44df-bfa6-d5eabda16ed2,3508da09-a51b-4ff3-8e0e-ee486e956b89,2025-06-14T01:48:48+00:00
ce586cd1-942e-45fb-9414-2c33f56d509b,08f7ca75-a6c5-4974-ab16-83a27835e306,3e7caac0-1ca6-4783-9a3e-0aec999045f7,2025-08-30T07:45:55+00:00
8bdb419b-df16-4f35-b185-9ce3737148ac,08f7ca75-a6c5-4974-ab16-83a27835e306,2e23fd62-664f-4904-93b9-98484374da38,2025-07-21T14:19:10+00:00
849f4417-fb49-4f1b-8ba1-b5681c4a250e,08f7ca75-a6c5-4974-ab16-83a27835e306,0d63423b-88a8-461b-94f4-e18357eba2f3,2026-08-20T20:31:39+00:00
f626081b-8db2-416b-9387-a141a2ce38e9,08f7ca75-a6c5-4974-ab16-83a27835e306,323eb581-df66-495e-b4c3-b8d51316dccb,2026-08-21T07:26:55+00:00
de4efbd8-5c13-41da-9658-e56372bfe12a,08f7ca75-a6c5-4974-ab16-83a27835e306,bc9cbd74-f51e-47e9-ba77-1f2c017e9cca,2025-07-04T03:37:30+00:00
75e154d1-6630-4360-80c9-3bd4f42f8eb6,08f7ca75-a6c5-4974-ab16-83a27835e306,1a6d9651-427f-4f8b-8364-dedd886b767d,2025-10-20T13:19:43+00:00
6feeac3d-296a-4a6a-bb5d-f7be8d96c34f,08f7ca75-a6c5-4974-ab16-83a27835e306,8ed5d79d-9904-4ac0-b3d6-d43abaf34918,2026-02-25T05:10:43+00:00
0487a0fc-afc3-4efe-a39e-ed75d2e335e6,08f7ca75-a6c5-4974-ab16-83a27835e306,71938832-5c59-49e3-be85-9acbd7ca55ba,2025-06-19T08:12:31+00:00
e011e280-0210-47e9-a63e-116977d752f4,08f7ca75-a6c5-4974-ab16-83a27835e306,53a84c41-db22-49bf-98bd-d408fffdabc3,2025-08-22T03:03:40+00:00
8f3b3bc9-cf41-4736-8662-fda4479da580,08f7ca75-a6c5-4974-ab16-83a27835e306,34441c15-0467-4b92-b3ab-8deb1054c830,2025-06-25T04:59:55+00:00
86e3e8ba-fca7-4eb6-8b7f-597534db426a,08f7ca75-a6c5-4974-ab16-83a27835e306,6c1ecb78-38c9-4d52-b536-8463029f3a65,2026-04-28T14:47:31+00:00
75115ca4-7632-4762-97fc-281f39328ebd,f4ef061d-65d9-4d85-ae4f-5658969c184e,27de1447-4949-4ba1-94da-511dcf33e97a,2025-12-28T05:14:02+00:00
adbb8c1c-84ee-48f1-a0b2-6ddfc2744dba,f4ef061d-65d9-4d85-ae4f-5658969c184e,7d2e833a-8242-43a6-93ca-e79df0b2cd59,2025-07-13T01:06:22+00:00
b3bf71de-5a83-482d-a097-e42205e40de9,f4ef061d-65d9-4d85-ae4f-5658969c184e,4183d4f5-30af-4bae-b78d-ab439d20b44a,2025-11-11T10:33:03+00:00
6ddd4d68-0c46-4a6b-90ad-a6b7dcd9674e,f4ef061d-65d9-4d85-ae4f-5658969c184e,9e8e0225-d22d-409e-a1ce-2e9061fc7344,2026-08-27T01:11:03+00:00
0d1fc366-728c-4901-9e81-64742fab20bd,3333f1e5-5be4-4c6c-97ea-5d430c0514e9,9fa1bd7e-fe95-4d72-89e0-17853678fb5b,2025-06-15T06:23:16+00:00
04a8f4f9-217f-4b79-9bbb-65814f177298,3333f1e5-5be4-4c6c-97ea-5d430c0514e9,e0ac1371-730b-4fd6-8af4-80859ee0ade7,2025-07-06T15:11:22+00:00
72ebf2c4-843d-461b-b92d-f070b996a3ef,3333f1e5-5be4-4c6c-97ea-5d430c0514e9,5ab1b529-4f5e-42a1-8f82-f88bad579d46,2025-07-06T00:02:30+00:00
91fa35b5-975c-4ed0-b60a-f02a41e0aacf,d5ebe77f-ef60-460e-a06e-f8d466941e3c,887b7fc5-3512-427f-b5f1-d0629d72dcf0,2025-06-27T03:31:22+00:00
33f44ecf-8ade-4c1b-94f4-be5139357edd,d5ebe77f-ef60-460e-a06e-f8d466941e3c,91848802-a58f-4fc5-939d-8395eb0c4868,2025-12-21T20:53:47+00:00
f39b3eed-4df2-4346-ac93-e6765bafe3d7,d5ebe77f-ef60-460e-a06e-f8d466941e3c,1537bb8f-8d18-4dae-bed2-636ec4ce9b62,2026-04-28T00:39:06+00:00
65738918-0560-4b91-a137-3f77f5e909a9,d5ebe77f-ef60-460e-a06e-f8d466941e3c,0581305f-6e14-482c-94be-e2a7bab71968,2025-07-19T22:03:30+00:00
05ba93ea-2899-496e-b7b8-7079080adf51,d5ebe77f-ef60-460e-a06e-f8d466941e3c,bf74e9cf-5b79-495b-8c29-2dec4918a0c9,2026-02-04T08:09:30+00:00
66df6835-1c87-47fb-bb64-89420640ad4d,95d46042-6c04-46f5-b425-8a2ba77dea52,4191e4fb-4f72-4e71-ad79-a05abd92be9f,2025-10-20T13:00:59+00:00
c6a03595-a381-4f69-9194-0a05872c8a29,95d46042-6c04-46f5-b425-8a2ba77dea52,b000127a-7ff3-4aba-9f9f-56872787d1ed,2025-08-10T17:36:14+00:00
3de33afc-db9d-4e00-b080-817c717ac0a2,95d46042-6c04-46f5-b425-8a2ba77dea52,95c27d41-572b-4b7a-b3cf-43833c5680e5,2026-02-12T00:33:16+00:00
d690660c-2d2f-4ce5-9631-7d028869bfb4,95d46042-6c04-46f5-b425-8a2ba77dea52,57d2ea34-ccda-48c1-82da-d0d973b20d87,2025-07-10T07:21:01+00:00
510512cb-65f1-4a2f-a728-f6eb77cfb413,95d46042-6c04-46f5-b425-8a2ba77dea52,e81d0345-b7a4-4bc0-82b3-de121ed5ff87,2026-04-12T02:37:53+00:00
9be9002f-68b3-41ef-a6bb-5d4f3e444228,95d46042-6c04-46f5-b425-8a2ba77dea52,666bc6ff-a4ef-4446-b1f3-452d89ab9300,2025-06-27T14:12:00+00:00
e988d175-e6f9-4c09-8831-fe9688412cf7,95d46042-6c04-46f5-b425-8a2ba77dea52,53cbc155-02f5-409e-90b8-e1d1b8a42be9,2025-08-03T02:11:47+00:00
76108885-8a6e-4de2-a0ea-1fcf3ea8ba17,95d46042-6c04-46f5-b425-8a2ba77dea52,74375a59-e8c7-406f-8580-d46c74187dc9,2026-08-01T10:28:22+00:00
a10e791f-553c-45ce-be4d-a2f590b96001,95d46042-6c04-46f5-b425-8a2ba77dea52,e5f76da6-068a-4b15-bb2c-649e314a26ed,2025-06-20T08:52:36+00:00
0e8c2c23-dd1a-41e5-930b-8ed4cbe6aad5,95d46042-6c04-46f5-b425-8a2ba77dea52,82c26f80-0b16-4534-b361-35fddfa95816,2025-12-16T06:25:42+00:00
4a40a06f-32a5-4273-bc08-e7af7e5af57c,95d46042-6c04-46f5-b425-8a2ba77dea52,a1e2e693-3bde-4f70-9281-01259889ee69,2025-12-21T20:08:23+00:00
c6fda68a-78db-4d6c-b393-30d17008ef71,95d46042-6c04-46f5-b425-8a2ba77dea52,87144f65-cce8-4440-b1c1-92d6c4ad5ac8,2025-12-12T18:43:56+00:00
0a48936f-d7b4-4651-825a-4ccf2aa865f2,95d46042-6c04-46f5-b425-8a2ba77dea52,8a4f20be-5402-4f7f-97d5-042270c4a232,2025-11-06T20:25:40+00:00
4dd24e83-b75a-40cc-8149-2db512dd3b63,95d46042-6c04-46f5-b425-8a2ba77dea52,4e2906a0-e445-4567-9bc3-c549a3448137,2025-08-26T02:19:54+00:00
9121b74a-d541-4207-846d-1646900d6131,95d46042-6c04-46f5-b425-8a2ba77dea52,10052c3a-4cb2-4d00-a0bc-2b3ec6334ca5,2025-06-18T07:31:30+00:00
87005040-6cc0-478d-b68b-ea6ef2b37e7f,95d46042-6c04-46f5-b425-8a2ba77dea52,14de7a21-0292-46d5-91cf-5ab7a5ec694f,2025-09-23T02:45:21+00:00
0bb3fc53-e93c-4567-a90b-08240b387ca9,95d46042-6c04-46f5-b425-8a2ba77dea52,55fb0edf-b28e-4b2a-9d2b-2fa1f6dcbe3e,2025-11-05T22:21:43+00:00
fcb8a1f2-3e5e-4cb3-b2c5-64f50c4fa058,9b595606-e5f6-444c-b3e3-6bd16e8628f7,b3a594ad-c0b2-4c4f-9c16-36e5268f731d,2025-06-18T22:03:43+00:00
62e31706-2ab0-4f26-8db8-63d08cf8b716,f99d603c-b9a9-416a-977b-3edabbe05e81,819e531a-e9e2-4d6e-92fc-0f0bf2f0f251,2026-02-13T08:13:16+00:00
7e015aea-2bf5-432d-aba9-5c90b76e10e9,f99d603c-b9a9-416a-977b-3edabbe05e81,093a360d-63cd-446f-8cc4-cceafcd033c5,2026-07-14T01:56:57+00:00
92acf5a8-538f-4c91-b4a0-e2e362d82e15,f99d603c-b9a9-416a-977b-3edabbe05e81,02126d92-72ee-409c-9e6c-a2e4d9f83a6b,2026-07-17T11:39:44+00:00
6ff44bba-cdef-4b98-81b3-b607e620cc39,f99d603c-b9a9-416a-977b-3edabbe05e81,b6f4d635-89e6-4c7d-b21e-375b06a4dc27,2026-07-18T04:27:03+00:00
eed65898-d808-4704-9648-d727c27127b3,f99d603c-b9a9-416a-977b-3edabbe05e81,d24b23ee-291d-4c2f-8c3a-ce1251c2c3d8,2025-08-03T11:12:50+00:00
80ca62c6-7961-47f6-88b2-107a1965534f,c988a786-a97d-4521-987b-d4459cbe2e2c,ba4e0520-1425-44b4-ba42-764ccd9799f7,2025-12-23T01:42:34+00:00
c0576da2-dd81-4702-b7bc-ed9adda08f37,e26a46b3-dd63-45df-9810-2130fbbdd0d2,3ae23a73-75a2-49e9-b24e-8c3459016993,2025-06-19T11:01:07+00:00
528c6e19-5835-48ff-8b99-b4af04a96abc,48493aed-b653-44e3-a211-b3dba941f17a,0735b0aa-84bc-49aa-a78b-0ec4f2e216e6,2025-12-19T22:09:55+00:00
7b46f784-8a15-42ef-abd8-df30293a948f,48493aed-b653-44e3-a211-b3dba941f17a,43dbd776-bd4c-4ef1-933a-59af47a589b5,2025-06-21T22:55:56+00:00
45f1f855-1466-4823-9683-a2e1faf48532,48493aed-b653-44e3-a211-b3dba941f17a,2ad9462f-49f8-4d9a-8f1f-6f573c1e266f,2025-08-09T11:54:55+00:00
c5229674-1904-4f70-976f-848117ea1dc6,48493aed-b653-44e3-a211-b3dba941f17a,8c0f035c-ed24-4e92-9e38-7d7562011845,2025-10-10T09:09:37+00:00
f7bfb004-4b6b-44e2-9245-13be13cbfe06,b0d31a09-60e3-4664-87ea-90bd0856b9e0,4df1de8f-107b-424b-b224-0ed52a3b292f,2026-08-05T12:44:37+00:00
77414e86-2036-4ecd-bc01-617528045347,b0d31a09-60e3-4664-87ea-90bd0856b9e0,fe409d6f-e259-485b-96bc-c2a89d7996e6,2025-12-21T00:03:34+00:00
5989cfba-9973-4b99-a162-31f5c2461221,b0d31a09-60e3-4664-87ea-90bd0856b9e0,37390ee9-6f2d-4d2e-b299-70e58443cd04,2025-11-05T01:18:59+00:00
b582933a-dfa7-451d-9fba-0b7c807df637,b0d31a09-60e3-4664-87ea-90bd0856b9e0,04ceced2-1e5d-42b0-9a6a-158e9a108c1d,2026-05-21T18:21:18+00:00
6794689d-8e23-438c-884b-fd9cb458058e,852cc56b-9a13-405b-8211-d5b0301305bf,78adb4b4-64d8-4a3f-b789-0aeeccaf033e,2025-09-25T04:55:18+00:00
3747d65c-d0fd-4dc4-bad8-d377963e1a7d,852cc56b-9a13-405b-8211-d5b0301305bf,001acc59-baa7-4324-aeeb-b8d19223f06a,2026-06-02T05:11:19+00:00
69aae7cb-3559-4686-9c89-65f71a078e39,852cc56b-9a13-405b-8211-d5b0301305bf,054fe171-2aa2-4064-be59-369e103477d7,2025-10-12T21:48:12+00:00
6c4e0f3d-872f-440d-a650-d3aee5723ba1,852cc56b-9a13-405b-8211-d5b0301305bf,af587165-10af-4199-96d6-3bcb946bf36d,2025-11-11T10:24:20+00:00
7c94b385-8dc5-48be-ade0-8fbc28890f79,852cc56b-9a13-405b-8211-d5b0301305bf,87144f65-cce8-4440-b1c1-92d6c4ad5ac8,2025-10-21T18:55:18+00:00
c7f9ed32-ed19-459f-9a48-e13912d24939,852cc56b-9a13-405b-8211-d5b0301305bf,d0c1bf19-bea4-424f-910b-25f9f5d2cc23,2025-10-28T09:34:35+00:00
439c231e-8f88-4f19-886f-3e8c0cd8f4b2,852cc56b-9a13-405b-8211-d5b0301305bf,081ff1ec-6b6e-4345-b592-685440228bd4,2025-11-02T21:30:10+00:00
d65886fc-ce32-466a-b17b-cf22b3e2ebf7,852cc56b-9a13-405b-8211-d5b0301305bf,553046bf-b8f3-4054-8eea-bd6715749b6e,2026-02-05T11:34:53+00:00
513b9ec5-7c14-4bda-9cf0-dcfd02f1fd76,f13f76c9-6dde-4a3c-9f74-809ad10c5458,189077b3-db48-4236-959d-98880fad6d57,2025-07-03T04:34:23+00:00
fcbac14d-3da2-4e6c-bc53-e28dfbdffe36,f13f76c9-6dde-4a3c-9f74-809ad10c5458,ce36aea6-fdbd-41f0-af71-96972ce4d5d1,2025-06-28T17:37:36+00:00
35b3dee6-baa9-4329-838f-b1d7af88c178,f13f76c9-6dde-4a3c-9f74-809ad10c5458,4baa25b9-1700-4782-a80b-d9e663939f70,2025-06-28T03:54:00+00:00
29813d4e-8e0f-4fd1-99e9-5829f2551cb8,acae4a34-9138-45dc-b95e-bbb711e45215,4d2af566-e452-4cb8-9f1c-2963153454ef,2026-07-30T00:39:47+00:00
aa44d9a3-bcd8-460b-ab3a-7bd0f1e32a82,acae4a34-9138-45dc-b95e-bbb711e45215,46d70937-d07e-4077-b289-a72c50dbc1f5,2026-07-26T01:20:58+00:00
d5dc81bc-67d0-4e23-9046-3516b90d1dce,acae4a34-9138-45dc-b95e-bbb711e45215,d0c1bf19-bea4-424f-910b-25f9f5d2cc23,2025-09-19T00:57:37+00:00
df2cba92-8d63-4c79-a4eb-ac4d0feaecc2,acae4a34-9138-45dc-b95e-bbb711e45215,666bc6ff-a4ef-4446-b1f3-452d89ab9300,2025-08-04T22:38:43+00:00
53b0a18b-ab75-46f0-ae2f-424d6ea3942a,acae4a34-9138-45dc-b95e-bbb711e45215,887b7fc5-3512-427f-b5f1-d0629d72dcf0,2025-09-25T00:07:49+00:00
3c80a90c-d997-4291-9e88-b63e077c417c,acae4a34-9138-45dc-b95e-bbb711e45215,cd268b95-fdcb-48b9-84de-2a4aac209d46,2026-03-19T21:54:46+00:00
cea6fe71-8890-4d0b-a9c5-3d9b901f0f3c,4afb05ef-80c0-459a-bc81-003ea39a9388,b2ebd1c7-416b-4645-a522-88f29c4fd3fa,2025-06-27T01:37:38+00:00
636956d7-2a7a-4e09-9989-1c154d22430d,4afb05ef-80c0-459a-bc81-003ea39a9388,feb4d905-0b79-4ac5-9d53-4c64f8023f17,2025-07-09T21:58:00+00:00
af5cf974-ab5e-4454-ae93-69b705b0b38b,4afb05ef-80c0-459a-bc81-003ea39a9388,75a9c08b-c3f9-48ea-bba3-d6136d51a785,2025-07-03T15:09:28+00:00
923f9701-0674-404e-9d6c-eeeba2ae45f3,4afb05ef-80c0-459a-bc81-003ea39a9388,828a88f5-8cb3-48a8-9e07-3db32ed9a35d,2026-05-29T11:54:07+00:00
b65378d9-3bda-42da-b6f4-b0bc44198c2a,4afb05ef-80c0-459a-bc81-003ea39a9388,4366727f-cad9-45ec-ac07-3b7e024b94a1,2025-07-04T13:08:36+00:00
5db18927-009c-4b46-8b34-705a53c9064b,4afb05ef-80c0-459a-bc81-003ea39a9388,f3f35b1f-6722-4fb3-9c50-39c6796b2515,2026-08-01T17:52:29+00:00
35e45278-87c0-46a1-aedb-f13175eebe85,4afb05ef-80c0-459a-bc81-003ea39a9388,5c16ef18-8047-4cc4-806c-4ef9df6de907,2025-08-16T15:51:11+00:00
46f4e7c5-c11d-491a-89af-092c28098d45,4afb05ef-80c0-459a-bc81-003ea39a9388,f31588a9-6fbc-4f16-a1f0-65bb1970a62f,2025-09-17T04:11:51+00:00
fbeef16e-3d4c-42a2-b8c5-c28b6f9c3709,4afb05ef-80c0-459a-bc81-003ea39a9388,75fb3cc3-3a13-475e-9146-fa6c2c28ad75,2025-06-27T02:33:32+00:00
2a226c01-13f0-4d96-aa4e-cb2a06661cfa,4afb05ef-80c0-459a-bc81-003ea39a9388,86a2d273-34b8-46f0-bdc9-4868692691fa,2026-02-26T10:34:28+00:00
7f24d0f5-4681-4523-8647-6259f2f23e70,6f8d330a-8813-44f5-ac60-799ae3b2b769,9ce8ad86-b5f1-4d08-a8d6-d8b25b7f8f86,2026-05-09T13:01:39+00:00
1dfdc4aa-e411-475e-8793-2766b7612af8,6f8d330a-8813-44f5-ac60-799ae3b2b769,c075f716-f675-4694-b3ea-4a26b1bb740a,2026-01-11T02:39:28+00:00
e315312b-c19a-4921-bb96-375eb0f0f62c,6f8d330a-8813-44f5-ac60-799ae3b2b769,60894dd1-d449-4366-a1f2-506c99644e4d,2025-09-11T07:21:19+00:00
5638da6e-33a7-4642-bdca-13ed38839eb6,6f8d330a-8813-44f5-ac60-799ae3b2b769,e1ed7e6e-8e69-4089-a848-80cc71f34ee0,2025-09-29T10:29:30+00:00
f735855f-a544-4b2b-81cb-3719ac86e4d8,6f8d330a-8813-44f5-ac60-799ae3b2b769,123da5fe-c615-4c1b-a15e-c518ab63f804,2025-09-23T05:17:35+00:00
387c8873-fef6-42cb-8ec6-0dd243ea85b7,6f8d330a-8813-44f5-ac60-799ae3b2b769,e5ead316-9492-4d0f-92fe-e9ee1533cfbf,2025-11-22T01:31:29+00:00
4f8113c1-7848-40ca-a72a-af761d405033,6f8d330a-8813-44f5-ac60-799ae3b2b769,86a2d273-34b8-46f0-bdc9-4868692691fa,2025-08-18T20:41:28+00:00
d42e14c9-5df1-42b1-93af-7923545fc0de,6f8d330a-8813-44f5-ac60-799ae3b2b769,6cad3973-c23d-4cec-bb0c-6ecf78003373,2025-06-28T09:44:33+00:00
a8f8d7fc-0ed9-4ab4-8164-183f489f1dcb,6f8d330a-8813-44f5-ac60-799ae3b2b769,cd268b95-fdcb-48b9-84de-2a4aac209d46,2025-11-07T23:42:57+00:00
64f77065-e06a-430a-aedb-5ed92c595ee0,6f8d330a-8813-44f5-ac60-799ae3b2b769,d0c1bf19-bea4-424f-910b-25f9f5d2cc23,2025-08-12T02:42:11+00:00
af06b8f4-f876-4077-bd83-50eca46f5ba2,6f8d330a-8813-44f5-ac60-799ae3b2b769,c917de22-1a11-43a3-8cb6-6c865488a5b4,2025-12-18T09:37:23+00:00
745e8c59-bf5e-44b9-a9ca-0bc6729219b5,6f8d330a-8813-44f5-ac60-799ae3b2b769,acecd3bf-b042-4b84-be29-27585dc68137,2025-10-21T21:08:04+00:00
37f3dbbe-709e-47c1-ab5d-1557d871b243,6f8d330a-8813-44f5-ac60-799ae3b2b769,3e7caac0-1ca6-4783-9a3e-0aec999045f7,2026-06-28T03:29:39+00:00
74820570-7de7-42af-9bd8-ab9f153b7f71,6f8d330a-8813-44f5-ac60-799ae3b2b769,443b392f-72a1-4279-ae51-a849f1fedfff,2025-07-24T03:05:50+00:00
1662f25f-dc43-40f3-a81f-4f0826686bd6,6f8d330a-8813-44f5-ac60-799ae3b2b769,85a05a4b-ce52-43cf-8433-02a2cad529e1,2025-07-28T00:35:01+00:00
facaff6d-4f6e-4881-aa3a-c679d23d96a4,6f8d330a-8813-44f5-ac60-799ae3b2b769,7524322e-1510-48cc-868b-8d59b328109b,2025-06-30T12:18:03+00:00
af2f6d04-f8c4-4782-b62d-bb8aee4c3702,6f8d330a-8813-44f5-ac60-799ae3b2b769,b2d72011-02df-4d85-8d8c-9c12e9aa4b3a,2025-11-26T21:52:56+00:00
44058535-17b1-4641-aad4-c3d246476127,6f8d330a-8813-44f5-ac60-799ae3b2b769,ca8f1e88-f39d-4f85-a500-8267f988dfad,2025-09-13T23:58:36+00:00
5c699ba0-b8a5-41ac-9a8c-c4c5de0cc028,6f8d330a-8813-44f5-ac60-799ae3b2b769,e294d7c5-9f72-4226-9091-d2cf6c147a17,2025-09-08T02:56:32+00:00
e85b382c-25fd-4458-b03c-1172d56ba414,6f8d330a-8813-44f5-ac60-799ae3b2b769,91848802-a58f-4fc5-939d-8395eb0c4868,2025-10-18T15:53:47+00:00
e8429e47-9e6e-473e-a939-0337eb0a10ea,6f8d330a-8813-44f5-ac60-799ae3b2b769,a2a97c5b-d72e-47bb-a8b8-355fcf007b68,2025-10-05T16:53:33+00:00
dfca2950-fa89-4aad-9c09-4ed0a687b885,6f8d330a-8813-44f5-ac60-799ae3b2b769,1c53189a-7903-4dcb-97d6-29489110198e,2025-07-05T04:04:10+00:00
cad62c51-f2ff-478a-96aa-224cf84e550a,6f8d330a-8813-44f5-ac60-799ae3b2b769,3d8d407b-3444-4e37-ab6b-268253b5c015,2026-05-30T15:43:00+00:00
906dbaee-e02d-4784-bc1a-81c7795637c3,6f8d330a-8813-44f5-ac60-799ae3b2b769,d30b8eb3-05ed-4a73-b6e5-042436e46b37,2025-07-03T04:22:58+00:00
3b4e3634-bb8f-4259-9b2d-4934ed2a57fc,6f8d330a-8813-44f5-ac60-799ae3b2b769,189077b3-db48-4236-959d-98880fad6d57,2025-09-02T18:16:40+00:00
8cdca0d5-ccdf-465c-9da4-83005e4f6d9f,6f8d330a-8813-44f5-ac60-799ae3b2b769,3c4a47de-e63f-470d-a750-5453edea905e,2026-08-14T03:32:28+00:00
fb45c60b-4a66-4a7b-99c4-f43014daad8e,6f8d330a-8813-44f5-ac60-799ae3b2b769,299a8f80-c512-4987-80d2-c15927f4e916,2025-12-10T16:11:50+00:00
aee209b4-e545-4e11-9de5-66f4a76f4be6,6f8d330a-8813-44f5-ac60-799ae3b2b769,6dae0af9-c881-473c-a919-489118789e0d,2026-04-19T09:57:23+00:00
491e9607-b3f0-4653-99a5-87b85c176f92,6f8d330a-8813-44f5-ac60-799ae3b2b769,62d505af-b1ab-402a-b8ac-bf03c359aea7,2025-09-27T13:51:32+00:00
c9888f8e-8700-485e-84b1-094f20d0c1cc,6f8d330a-8813-44f5-ac60-799ae3b2b769,6760b35f-d3be-4df1-b9bb-dcc8d7227291,2026-01-31T08:26:56+00:00
5b99f137-6637-47bf-b8a4-10faa1bdb71b,6f8d330a-8813-44f5-ac60-799ae3b2b769,536e9f2a-3aad-4928-9766-ddb2f2ce04bb,2025-07-06T20:57:53+00:00
b3742dc3-ad59-4608-bf06-50789be0e51d,6f8d330a-8813-44f5-ac60-799ae3b2b769,e3d856ad-6787-404e-8e93-f255933c3680,2026-06-04T00:06:09+00:00
a4d91b38-9853-4a38-aee2-2cdaab609753,6f8d330a-8813-44f5-ac60-799ae3b2b769,e8bd6718-0ee1-4de3-9813-716c81bea5a5,2026-06-14T17:01:56+00:00
7142f31b-a065-4a17-8a5f-e60e59ffbbb7,6f8d330a-8813-44f5-ac60-799ae3b2b769,468552db-87c2-40a1-b501-f637c4f5d75a,2025-09-11T09:51:10+00:00
9213058b-c623-401b-b7c0-e9da8af4cbb3,6f8d330a-8813-44f5-ac60-799ae3b2b769,fee6b0c5-a98d-4b4e-a30d-2cb91bee01ea,2026-04-01T23:57:38+00:00
c7e38ccb-c48b-4785-aab9-3f36d170ba3c,6f8d330a-8813-44f5-ac60-799ae3b2b769,b3a594ad-c0b2-4c4f-9c16-36e5268f731d,2025-07-20T13:33:29+00:00
63bfc758-d3f7-4b75-b434-77ae0274a8d5,6f8d330a-8813-44f5-ac60-799ae3b2b769,3ae23a73-75a2-49e9-b24e-8c3459016993,2025-09-12T08:23:54+00:00
8b7d2f25-0a26-49dc-8b4f-2554c4a1ec2a,6f8d330a-8813-44f5-ac60-799ae3b2b769,dd31032b-6dd2-426d-bfc1-f03e9f5eefa1,2025-07-19T17:59:00+00:00
9f3e1c3c-7c6d-4ba0-8c08-f0446d16fa97,6f8d330a-8813-44f5-ac60-799ae3b2b769,d70b90fa-8a9d-408e-b442-7d148a6095e5,2025-07-25T11:32:26+00:00
29842d56-9342-4466-9bdc-ddcc08fe2f54,6f8d330a-8813-44f5-ac60-799ae3b2b769,3b91383c-8499-476e-b401-af488cd4b13f,2026-05-15T11:14:02+00:00
afdc38c9-e322-404a-a537-0b5c59830458,6f8d330a-8813-44f5-ac60-799ae3b2b769,98975cfd-3638-4842-83fd-fb6f839b37d9,2026-03-05T12:25:37+00:00
1366a2d0-4b49-4914-9fcc-d2df41fb791b,6f8d330a-8813-44f5-ac60-799ae3b2b769,081ff1ec-6b6e-4345-b592-685440228bd4,2025-10-21T22:40:33+00:00
6ebfe77b-a723-4afb-a98b-a1fe90df343e,6f8d330a-8813-44f5-ac60-799ae3b2b769,1f5c9368-f634-4128-84d2-ef868162ba53,2025-11-06T13:03:01+00:00
aaab16b6-f641-4bae-9e16-3ada2582f818,37ae54f7-af5e-412a-8f40-4de20659641b,88cd8efd-6959-47db-8377-f4735e76c1f2,2026-06-08T04:52:05+00:00
c8620de3-8a6f-4604-ac86-c07329a21505,37ae54f7-af5e-412a-8f40-4de20659641b,10052c3a-4cb2-4d00-a0bc-2b3ec6334ca5,2026-05-02T09:30:03+00:00
7fe9ad18-b786-432a-aa38-c14ac5424551,37ae54f7-af5e-412a-8f40-4de20659641b,34441c15-0467-4b92-b3ab-8deb1054c830,2025-06-29T04:43:29+00:00
29f8d20c-0cea-4880-a209-92102a2d6559,37ae54f7-af5e-412a-8f40-4de20659641b,e33923d4-ae33-4f20-93b4-4927825fa9f9,2025-07-20T19:29:37+00:00
51347619-9a10-46f7-938c-bf602a11ff3f,37ae54f7-af5e-412a-8f40-4de20659641b,f7318ac8-5529-4cd7-98ea-c6b5c629b8b2,2025-12-08T22:16:10+00:00
c6959747-5cc1-4e34-9d6b-b0dd2cc7e2e6,37ae54f7-af5e-412a-8f40-4de20659641b,743aae1e-e024-4953-a3ae-1413333f514f,2025-07-14T16:01:25+00:00
77024ffd-03e2-4c05-8951-91b20e6d9318,37ae54f7-af5e-412a-8f40-4de20659641b,ded797b6-afed-4f9c-8ae0-35b3c61aa0e4,2025-08-09T02:36:51+00:00
f7d0e21a-22d1-4b85-98c0-9339a0259848,37ae54f7-af5e-412a-8f40-4de20659641b,2e33ff49-a484-4f82-95d2-dc4216703bb3,2025-06-29T22:35:22+00:00
b0f72eaf-4a11-486a-a8db-e8255c59cbe7,37ae54f7-af5e-412a-8f40-4de20659641b,69546e0c-13bb-4597-8ce8-09cf53b9a4ff,2026-01-28T13:31:26+00:00
7f1f7173-25c7-495e-9dba-a87ee57362d7,37ae54f7-af5e-412a-8f40-4de20659641b,75fb3cc3-3a13-475e-9146-fa6c2c28ad75,2025-12-30T08:00:00+00:00
e1b2ce68-518b-4c7f-9760-63da2f537db4,8b306922-5983-4e72-b154-6e3d6f1bcddd,3b534511-491d-43ca-8db3-2f08eee9be65,2026-02-22T02:25:31+00:00
39ae3621-3dfb-4a72-b518-0d8cb4f73671,8b306922-5983-4e72-b154-6e3d6f1bcddd,01ad5d19-51ac-4277-bf22-13bac68b5a71,2025-09-30T05:18:38+00:00
21599dde-42cf-4e27-9c2a-a0dee221d82a,8b306922-5983-4e72-b154-6e3d6f1bcddd,bc9cbd74-f51e-47e9-ba77-1f2c017e9cca,2025-11-13T13:51:53+00:00
3e935f48-3754-446d-a1f4-ad6a378ccb3d,8b306922-5983-4e72-b154-6e3d6f1bcddd,47de6634-f271-4dda-8c9a-4cb60daa2a03,2026-04-17T23:32:06+00:00
ebd984a5-a8c8-4e06-b9b2-794f15c2fa59,8b306922-5983-4e72-b154-6e3d6f1bcddd,b2934820-ad75-476f-ade6-054a7c89f295,2026-01-19T00:11:36+00:00
41bf27b9-790b-4692-80c7-eccfdc424bc3,8b306922-5983-4e72-b154-6e3d6f1bcddd,904d370b-c057-4076-ab96-6f35351482c2,2026-03-12T14:22:49+00:00
42cad509-6af9-4e41-b496-56ac46112dc4,8b306922-5983-4e72-b154-6e3d6f1bcddd,94fe657b-e446-422e-8233-465a217764d5,2026-07-24T16:21:32+00:00
996971b0-b98f-4f05-ba12-4593bc5f0c8a,8b306922-5983-4e72-b154-6e3d6f1bcddd,5579985d-8b97-4fbf-89a3-3636d4a31837,2026-08-15T02:12:08+00:00
74b16d49-fe43-4aae-b3e0-52df390451a5,8b306922-5983-4e72-b154-6e3d6f1bcddd,94124252-c61f-4b05-ab17-fb467c898e0c,2025-09-04T07:51:51+00:00
4417bfe8-7d74-4a5f-b4d4-10300ace1b00,1368b545-920d-4f13-b2fd-1c3986520b09,081ff1ec-6b6e-4345-b592-685440228bd4,2025-07-06T19:43:56+00:00
7d8c752f-5296-4e85-9848-8c8ca54160ac,1368b545-920d-4f13-b2fd-1c3986520b09,69546e0c-13bb-4597-8ce8-09cf53b9a4ff,2025-08-27T22:51:33+00:00
9ea5c577-91c4-42fa-accd-b3f75692ef20,41f8b160-15eb-41fe-a16f-01d936094246,5579985d-8b97-4fbf-89a3-3636d4a31837,2026-03-18T15:51:07+00:00
48b670fc-279b-41b1-9f65-dd37f7a8f877,41f8b160-15eb-41fe-a16f-01d936094246,b2ebd1c7-416b-4645-a522-88f29c4fd3fa,2026-08-27T09:32:47+00:00
b8392774-232f-4ba1-a480-a2c240928d63,4d64a28c-8349-4e1a-9242-4ebd8505d4c5,53cbc155-02f5-409e-90b8-e1d1b8a42be9,2025-07-09T11:21:18+00:00
7d2e2f9b-6ae3-4644-a878-0b1449ff2019,4d64a28c-8349-4e1a-9242-4ebd8505d4c5,0df66891-b25c-4d7b-98bc-826d9e286a20,2026-06-12T18:20:19+00:00
b36f4afc-4789-4006-97f2-d0f18ca617bd,4d64a28c-8349-4e1a-9242-4ebd8505d4c5,2b77ffd4-2ea9-47fb-b996-21cee3b20d07,2026-01-17T10:34:33+00:00
99a8e077-f022-4883-8825-1652ab6a0152,4d64a28c-8349-4e1a-9242-4ebd8505d4c5,f74c5434-3a39-4dc9-8fd0-1b4de52cff6b,2025-10-30T04:04:38+00:00
9c20a565-502b-4d1e-98c7-b1386dba1d75,4d64a28c-8349-4e1a-9242-4ebd8505d4c5,34441c15-0467-4b92-b3ab-8deb1054c830,2025-07-08T05:35:00+00:00
2d936dfe-1467-4f27-842e-b9957608dddc,4d64a28c-8349-4e1a-9242-4ebd8505d4c5,345afc84-e133-4249-9c52-f900042bc4f9,2026-06-09T18:45:22+00:00
546853fe-900c-4a5f-aebf-0922a73ae140,4d64a28c-8349-4e1a-9242-4ebd8505d4c5,7d339706-bfcc-4887-91f1-ec63d2d23823,2026-01-31T11:59:24+00:00
bb141209-5faa-4fb0-b9fe-99bf3e4a0950,4d64a28c-8349-4e1a-9242-4ebd8505d4c5,577c7c58-b348-4b59-a994-19cbf0bd8b7f,2025-12-08T11:10:46+00:00
bf462560-77f0-4b1b-8157-950233c5a334,4d64a28c-8349-4e1a-9242-4ebd8505d4c5,de74cf8e-baf2-424d-9e05-fa5a4aefa19e,2026-01-24T02:30:39+00:00
53d611bd-983b-43c0-9354-cab245d76352,4d64a28c-8349-4e1a-9242-4ebd8505d4c5,6cad3973-c23d-4cec-bb0c-6ecf78003373,2026-04-05T14:50:07+00:00
21aaaf50-e881-493f-9f16-5fc8869292e4,4d64a28c-8349-4e1a-9242-4ebd8505d4c5,1e35bc63-b9b9-4dc0-bbca-ba32d6a1676f,2025-07-10T03:57:11+00:00
edceef14-a23f-48c8-86f3-7cba97dc631b,4d64a28c-8349-4e1a-9242-4ebd8505d4c5,e6ac3080-e405-47c5-b78b-6c37ea355a02,2025-11-05T08:08:47+00:00
f0358177-0581-43a7-9c1c-fb788d30a94b,4d64a28c-8349-4e1a-9242-4ebd8505d4c5,8ca12932-1c6f-4ce8-b5ac-da66575fd911,2025-07-10T11:23:51+00:00
9af56add-ab93-43a6-9ecf-b0b3f9c5a793,4d64a28c-8349-4e1a-9242-4ebd8505d4c5,3e1135b6-a11d-4440-9839-7607ab0df809,2025-07-21T15:31:59+00:00
69be2d69-1f8b-4fa9-a359-c690d5175a0b,4d64a28c-8349-4e1a-9242-4ebd8505d4c5,8d1ad378-722c-4717-abf4-9283311d7566,2026-03-31T13:36:48+00:00
e2d05a52-6f1d-4daf-928b-ef68fa37ce72,456639d9-b18e-4ab0-aabf-917306b478a4,e33923d4-ae33-4f20-93b4-4927825fa9f9,2025-08-24T08:26:08+00:00
8e59821a-7af8-444a-872e-fe42818a73c0,456639d9-b18e-4ab0-aabf-917306b478a4,4183d4f5-30af-4bae-b78d-ab439d20b44a,2025-09-18T18:31:08+00:00
4987792c-bfd0-4f45-81c4-62fdfff0236d,456639d9-b18e-4ab0-aabf-917306b478a4,db4d2942-4cc1-45f1-87fc-07d96b772a6e,2025-09-14T00:11:09+00:00
84b44dd6-983a-4acd-b279-941593e89480,456639d9-b18e-4ab0-aabf-917306b478a4,d7b30ac7-a843-4c2c-b7d0-5dbca0c169c3,2025-06-30T22:16:57+00:00
de9525eb-1508-4875-9852-2a1613a38a0c,456639d9-b18e-4ab0-aabf-917306b478a4,ec6a23be-ddf8-411b-a001-feea58a50c51,2025-07-19T20:19:54+00:00
9b2d35af-cc94-41f2-b685-6f0dd5da4fc6,456639d9-b18e-4ab0-aabf-917306b478a4,69546e0c-13bb-4597-8ce8-09cf53b9a4ff,2025-07-01T20:59:58+00:00
e50b625b-6b01-43a0-a646-c0a5b2366a7f,456639d9-b18e-4ab0-aabf-917306b478a4,183fdc19-a9c5-4db8-a9f3-e0f20feea8e8,2025-08-24T01:08:40+00:00
993e6dd1-2201-4d0c-9472-e47f0910203d,456639d9-b18e-4ab0-aabf-917306b478a4,c60fc12d-ef3b-47a2-b08d-d35daaa0261f,2025-06-30T13:53:18+00:00
0d3c08e7-4bc9-4e0d-a16f-3f4a3d1c5ac8,90c29ca4-3f07-4856-b8f8-473f87dbdc52,37390ee9-6f2d-4d2e-b299-70e58443cd04,2025-07-01T02:43:24+00:00
19c941e7-e31d-42b4-98e3-8332eec15c94,90c29ca4-3f07-4856-b8f8-473f87dbdc52,5ab1b529-4f5e-42a1-8f82-f88bad579d46,2025-07-03T11:09:16+00:00
606fbcf8-ad41-4d7c-8ced-49163bec374e,90c29ca4-3f07-4856-b8f8-473f87dbdc52,8655633c-8b61-41b6-8e06-e79ce464e099,2025-07-03T22:04:27+00:00
737a42a6-acb1-4f51-a300-50248b9d6f6f,d7223262-f15c-4044-ba9d-194999c573e5,1f5c9368-f634-4128-84d2-ef868162ba53,2025-11-30T02:46:25+00:00
e88f4d21-962b-45f6-ad3e-2779caf653fa,d7223262-f15c-4044-ba9d-194999c573e5,a2a97c5b-d72e-47bb-a8b8-355fcf007b68,2025-08-28T23:23:49+00:00
73d24f6a-328e-45de-ac65-7b0e548f06ca,d7223262-f15c-4044-ba9d-194999c573e5,ce36aea6-fdbd-41f0-af71-96972ce4d5d1,2025-07-06T08:27:56+00:00
d10ea8d9-912e-4eea-ae3f-c794b010192b,d7223262-f15c-4044-ba9d-194999c573e5,904d370b-c057-4076-ab96-6f35351482c2,2026-08-26T14:39:13+00:00
f900caa8-5d2f-4bb3-8e3c-a779f74e6de2,d7223262-f15c-4044-ba9d-194999c573e5,75f5c0c5-ff4b-4a5e-9cdb-236c8398b4e4,2025-11-30T19:31:10+00:00
5559268f-e36d-4c85-a058-419099374179,d7223262-f15c-4044-ba9d-194999c573e5,79f24b18-9bf0-4e1b-be57-3291ef518791,2026-01-10T19:31:28+00:00
2c8b2a0e-7193-4ffa-9cc0-4a106e22c9dc,d7223262-f15c-4044-ba9d-194999c573e5,5635f843-b3b9-440c-a3b6-a80320986967,2026-06-06T17:45:30+00:00
4c84cd80-df29-43c6-b6d7-3eb813b0c81c,d7223262-f15c-4044-ba9d-194999c573e5,42ddf256-149e-4757-b88b-4e24c8e6cb76,2025-08-17T19:07:47+00:00
0ea8d790-c30b-4a06-8efb-91fa68c685e9,d7223262-f15c-4044-ba9d-194999c573e5,a105a7b4-bf97-4183-b330-e5764873fe47,2025-11-10T11:45:26+00:00
21e0744d-4806-4731-a129-140bdc508b94,d7223262-f15c-4044-ba9d-194999c573e5,39253471-72c7-42b6-ad3a-569f5728f21e,2025-07-12T14:54:03+00:00
584c1ae3-1d1f-4422-9972-2607d1d8b771,0942c23b-36b2-44e0-9830-713186e05348,0c75c528-0777-4d48-b0e4-87ab07dcd5a2,2025-07-14T10:36:30+00:00
79ded4d3-47e2-4b15-bd50-084c8f8b424e,0942c23b-36b2-44e0-9830-713186e05348,39253471-72c7-42b6-ad3a-569f5728f21e,2025-07-19T10:50:32+00:00
b3c18555-da0b-4c62-b615-f7ba73a3020b,0942c23b-36b2-44e0-9830-713186e05348,75fb3cc3-3a13-475e-9146-fa6c2c28ad75,2025-10-04T03:31:57+00:00
0436142c-0a8c-4a87-b5bf-ef049cbc0279,0942c23b-36b2-44e0-9830-713186e05348,56011ba4-155c-4db4-a8fb-31ebb8dd1d28,2026-07-04T01:00:45+00:00
988ed378-f455-41f3-9a47-78c777a2ea07,0942c23b-36b2-44e0-9830-713186e05348,c075f716-f675-4694-b3ea-4a26b1bb740a,2026-05-19T10:08:59+00:00
951fae9d-6929-4358-86a0-da1b3ee587f9,0942c23b-36b2-44e0-9830-713186e05348,7926d7b2-835c-4a6f-bf2f-3e38d4db3419,2025-07-13T21:07:06+00:00
e1513229-0894-476c-ba18-9a40e997d6f0,0942c23b-36b2-44e0-9830-713186e05348,e67d37fe-aa3a-4812-8a3a-0cad3700d22f,2025-07-01T14:25:16+00:00
af15730d-7b1f-49f0-9bcf-7626fbe222bc,0942c23b-36b2-44e0-9830-713186e05348,42688444-55cc-483b-a92c-df6777013516,2025-07-17T04:23:40+00:00
227038f7-b3b6-4399-bb52-2ed12f7b3511,0942c23b-36b2-44e0-9830-713186e05348,de74cf8e-baf2-424d-9e05-fa5a4aefa19e,2025-12-28T17:42:03+00:00
09f2d9d0-6357-44cf-873a-52ccb55da881,0942c23b-36b2-44e0-9830-713186e05348,10e5f889-8510-460a-b274-ff42a4b2a3e9,2025-08-13T22:35:55+00:00
9db27db8-4f43-46ca-8199-e8fe6302144c,0942c23b-36b2-44e0-9830-713186e05348,fba653f1-56a1-4e32-b3a6-1205a8a2e461,2025-11-26T05:24:24+00:00
677a6647-6084-494d-a701-61f66443e9f4,0942c23b-36b2-44e0-9830-713186e05348,ce36aea6-fdbd-41f0-af71-96972ce4d5d1,2025-07-19T05:38:36+00:00
209e24e7-3660-402c-bd2d-a50b0f25c266,0942c23b-36b2-44e0-9830-713186e05348,17bc3a75-830c-41bc-b847-8447593a7d03,2025-07-07T17:59:41+00:00
d7916f31-5b5d-44ca-a9fe-bd3fa40dc2d0,0942c23b-36b2-44e0-9830-713186e05348,8c0f035c-ed24-4e92-9e38-7d7562011845,2025-08-18T08:40:56+00:00
6a425670-f966-4049-a780-037328e9b667,95882d31-07ad-4f1b-88af-7a363230a2f2,53a84c41-db22-49bf-98bd-d408fffdabc3,2026-01-16T02:37:52+00:00
9c604234-c6b3-4cf3-abc7-c7c10469d8ea,612e180a-2212-4a08-8850-78c54a163aed,e294d7c5-9f72-4226-9091-d2cf6c147a17,2025-07-05T14:14:12+00:00
a186402a-83b4-454f-a3b0-c1ed00e816ef,612e180a-2212-4a08-8850-78c54a163aed,3fc6331b-9394-4e27-8bfb-3d16fe1a97c0,2025-10-15T00:03:22+00:00
ff2a7e6d-71ec-4dae-b7a9-b816d47ea14c,612e180a-2212-4a08-8850-78c54a163aed,8655633c-8b61-41b6-8e06-e79ce464e099,2025-08-03T01:44:15+00:00
734741e8-60a5-495d-9c6f-01aa691aa321,612e180a-2212-4a08-8850-78c54a163aed,52c5c6a9-39b5-4951-9af7-b20a0970bd62,2025-11-27T00:04:46+00:00
de84c46d-d0b4-4878-9c42-1fa710b9ad74,612e180a-2212-4a08-8850-78c54a163aed,d3daa26a-587b-4816-9110-916f35fa7c74,2026-03-03T04:07:35+00:00
7ca51272-f999-4e1f-8bb2-d65eb752604b,612e180a-2212-4a08-8850-78c54a163aed,b371ce5e-bc61-471a-9390-abad4474dcdf,2025-09-09T20:51:26+00:00
5296afa2-9059-4eb5-8779-0d1a8c84c7a2,612e180a-2212-4a08-8850-78c54a163aed,be814268-912b-47b4-8181-c0ede2b04826,2025-07-04T17:07:45+00:00
e83d2c23-7999-4bce-a1ea-6d23665b8404,612e180a-2212-4a08-8850-78c54a163aed,d4753420-55e3-4598-a047-da09e69fedd7,2026-03-24T19:07:58+00:00
60c8c6cd-0908-4fdf-ba54-1b1a9fc8e254,612e180a-2212-4a08-8850-78c54a163aed,a7bb38f2-8b26-4041-8547-b3cc5f01cfcb,2026-05-17T06:07:00+00:00
23cc51f7-b8c0-48c2-bf05-9a80bc8e8f35,1f4f844f-8920-4d68-8ce6-87756f52cb23,26d61dc5-0b03-4c16-8a64-7afeba92fecb,2025-07-10T10:35:35+00:00
db8ce9fb-d564-41c8-8669-e3d45d8a214a,1f4f844f-8920-4d68-8ce6-87756f52cb23,1ce85b38-45d8-4fc2-a23d-d01ad37ee8fb,2025-07-11T15:32:33+00:00
57a035f0-7ff4-43d4-976f-06557e2e6811,1f4f844f-8920-4d68-8ce6-87756f52cb23,2e33ff49-a484-4f82-95d2-dc4216703bb3,2025-07-09T16:09:34+00:00
02e99099-6e7d-42b2-a15d-2bf6ccec465e,93c04f5a-b479-426e-ae1a-d1fd8e8c9e0b,054fe171-2aa2-4064-be59-369e103477d7,2025-07-08T14:02:17+00:00
15057992-48a4-474b-befa-61a26c2cd78d,7228aeb1-0c7a-4d3c-9f40-73b4470e41e5,c76f1c0b-bf00-4af7-84b8-6ec1e8252901,2026-04-09T19:13:35+00:00
e0f80219-be13-42d7-91ec-8734a1eee6e1,7228aeb1-0c7a-4d3c-9f40-73b4470e41e5,f1a0ec25-92c1-456d-bc62-93f211e3df90,2026-03-23T23:33:14+00:00
c7fb6a42-87d8-45d2-826f-7524bad6d0c8,7228aeb1-0c7a-4d3c-9f40-73b4470e41e5,27de1447-4949-4ba1-94da-511dcf33e97a,2025-07-27T09:16:54+00:00
16863536-83f8-434d-b51b-ae7c5ed3d5fd,7228aeb1-0c7a-4d3c-9f40-73b4470e41e5,bf6c0e33-5fc6-4e92-8a2d-83065bf149c4,2025-09-23T16:02:45+00:00
e9ef3f38-66a4-46e2-b5d9-0b82fe360f5d,7228aeb1-0c7a-4d3c-9f40-73b4470e41e5,16a2805a-f042-40e2-a4f8-2002ffbe4cf8,2026-03-03T22:11:26+00:00
66d89602-6f01-4e51-85f6-61760922b814,7228aeb1-0c7a-4d3c-9f40-73b4470e41e5,3faf19b8-adef-42c8-a07d-601db32b3f06,2026-05-07T03:44:12+00:00
9a6cb9db-0990-4f78-9fd3-e28ec072dabd,7228aeb1-0c7a-4d3c-9f40-73b4470e41e5,bdd3bd04-7e4b-4d82-816f-dceb5fae55ea,2025-08-31T06:52:21+00:00
57119213-f49b-4ee1-8054-d8be3219e5f6,7228aeb1-0c7a-4d3c-9f40-73b4470e41e5,76948275-fc48-4c3e-b731-4436f90cd800,2025-10-12T10:24:42+00:00
6cd96983-baf5-4207-90d8-0aea0d7825ed,7228aeb1-0c7a-4d3c-9f40-73b4470e41e5,b0d125ec-566b-4830-9728-284dfbbab547,2026-08-28T14:26:51+00:00
feabcb04-08d4-4ea0-a354-970c8be37cf5,7228aeb1-0c7a-4d3c-9f40-73b4470e41e5,5d717b99-735c-4981-87a3-225adde8acea,2025-08-25T13:21:19+00:00
d22ab4e7-d211-408c-97b4-27bef52adfcf,7228aeb1-0c7a-4d3c-9f40-73b4470e41e5,2709bb2d-e639-44c0-920f-80a9f4c4955e,2025-08-11T23:14:51+00:00
4f42d708-e523-4184-9480-21ccfe3c633c,7228aeb1-0c7a-4d3c-9f40-73b4470e41e5,0c75c528-0777-4d48-b0e4-87ab07dcd5a2,2025-07-25T20:45:04+00:00
c212d7fa-be1e-40b6-9055-2e8f20480ece,7228aeb1-0c7a-4d3c-9f40-73b4470e41e5,1a6871ca-4c9c-41a0-a153-98abff494d21,2026-03-27T05:06:32+00:00
e493ce2b-f691-4a55-829a-5b055c374a65,7228aeb1-0c7a-4d3c-9f40-73b4470e41e5,23a55d2c-5ac7-43a9-a6a4-20734b79d7ae,2026-08-21T15:38:34+00:00
01070f6a-fdab-432e-ad2e-229a996823c2,7228aeb1-0c7a-4d3c-9f40-73b4470e41e5,2ba2f93e-b90a-4582-9c0b-561477ec2dd4,2025-07-11T00:57:47+00:00
6d0590e6-748c-4425-9dca-423ec38c6440,7228aeb1-0c7a-4d3c-9f40-73b4470e41e5,3d9b6dd2-deb5-4f7f-9ae8-89c12f579e9c,2026-02-09T23:41:12+00:00
471b6c97-9545-4ad3-bde3-a5c8e7a47a75,7228aeb1-0c7a-4d3c-9f40-73b4470e41e5,cb3f27ba-7b73-4263-a8df-7fc52f4ac105,2025-12-16T10:28:49+00:00
7ee0bc76-b57d-4600-9b16-6ab1f639761f,7228aeb1-0c7a-4d3c-9f40-73b4470e41e5,8d2b7914-36a2-4975-9e44-eacb4adeaa0b,2026-04-13T20:14:05+00:00
aaa55d3b-533e-4d4e-a234-6f01fa981fd1,7228aeb1-0c7a-4d3c-9f40-73b4470e41e5,19d0052f-3a95-45b1-a564-0bcf21862cd4,2026-06-01T00:59:34+00:00
00c12e6f-7c97-45b3-8e07-bb5e5caf9329,7228aeb1-0c7a-4d3c-9f40-73b4470e41e5,0183dc00-5b81-4d6d-aa94-59a230ee274c,2025-10-01T22:09:51+00:00
31a17817-9fe5-4045-9473-8202d5f2b64c,7228aeb1-0c7a-4d3c-9f40-73b4470e41e5,536e9f2a-3aad-4928-9766-ddb2f2ce04bb,2026-06-21T15:14:49+00:00
8b9b079e-f0dc-4c99-8f61-6183e5549726,7228aeb1-0c7a-4d3c-9f40-73b4470e41e5,c3699fc8-6b69-4b20-bd17-1c0f5a24a795,2026-05-01T01:29:06+00:00
eecd1b97-982d-4e87-b1dc-90577fd77325,7228aeb1-0c7a-4d3c-9f40-73b4470e41e5,bb3f9ce6-0a1f-4b57-afad-55266a6686f8,2025-10-27T13:17:39+00:00
7c9bc27e-b6b7-48df-8dc0-d8623fb6177e,7228aeb1-0c7a-4d3c-9f40-73b4470e41e5,f87b345a-0777-46fc-865a-b76dacc1e90a,2025-07-27T15:37:07+00:00
7b9e7de7-89a1-4fad-bacf-d324b08b3f70,7228aeb1-0c7a-4d3c-9f40-73b4470e41e5,459c517f-ee6e-4dd8-8e73-1f546778d794,2025-11-03T01:42:21+00:00
08af6697-018a-4b99-8bd2-07f9e944ea28,7228aeb1-0c7a-4d3c-9f40-73b4470e41e5,be814268-912b-47b4-8181-c0ede2b04826,2025-08-05T13:00:19+00:00
ac43b413-fd1b-4bf9-9140-c2c34fc6e154,7228aeb1-0c7a-4d3c-9f40-73b4470e41e5,8d0a4127-34d4-4cb0-ab2c-8a44732c4636,2025-07-10T23:01:00+00:00
95fd3f11-8c48-4d89-b6e2-65a3b9814b7a,7228aeb1-0c7a-4d3c-9f40-73b4470e41e5,a2a97c5b-d72e-47bb-a8b8-355fcf007b68,2025-07-28T09:04:10+00:00
a37ee16c-6bcd-4322-8637-2c3ca11dc533,7228aeb1-0c7a-4d3c-9f40-73b4470e41e5,0ac62d09-f09e-4690-845d-950f83a734f9,2026-05-03T22:20:19+00:00
a224e03b-22da-4c98-864a-74072ef74ca9,7228aeb1-0c7a-4d3c-9f40-73b4470e41e5,74d3f6c0-8cd8-42de-be07-4e633a9879a2,2025-10-29T00:01:40+00:00
4003976a-1725-4e93-b855-446b68ab2cff,7228aeb1-0c7a-4d3c-9f40-73b4470e41e5,9f74975f-3000-4ef2-b2a2-1cdac8513b60,2025-08-01T00:39:38+00:00
c6269a17-0af3-4727-b357-aa8fef887e8d,3b75bf9b-df8c-47be-8138-1b969d8481e8,55fb0edf-b28e-4b2a-9d2b-2fa1f6dcbe3e,2025-12-27T16:33:00+00:00
8a19bdcc-9171-4055-bae8-172202db4fa1,3b75bf9b-df8c-47be-8138-1b969d8481e8,0df66891-b25c-4d7b-98bc-826d9e286a20,2026-02-12T19:10:04+00:00
64b2bcb1-195e-4745-8fdf-1f900eecdc9a,3b75bf9b-df8c-47be-8138-1b969d8481e8,e65dbaf8-02e5-4e0e-a975-b67690763c60,2026-01-15T20:12:35+00:00
60a70814-a620-479f-b232-7bf9e0147c06,3b75bf9b-df8c-47be-8138-1b969d8481e8,99348a51-08e9-4760-8822-b2f8debef37f,2025-07-27T13:33:44+00:00
8f44532b-31af-4d79-bc04-eec97b7732b2,3b75bf9b-df8c-47be-8138-1b969d8481e8,635cb86b-03c7-4fb4-884b-ced27f9691bb,2025-07-25T06:02:21+00:00
893958c4-107e-458a-a511-f93ebd149719,3b75bf9b-df8c-47be-8138-1b969d8481e8,006cf2a0-aba4-468e-933a-b50f8c76a23f,2025-08-28T05:13:50+00:00
3316b248-f435-4424-bd4c-32f02eb7a30d,3b75bf9b-df8c-47be-8138-1b969d8481e8,ff1dc571-d626-480e-b098-a50d60c896af,2025-10-03T20:49:40+00:00
17100a51-c159-4520-ab4c-83bb1d40b670,3b75bf9b-df8c-47be-8138-1b969d8481e8,484b4933-21fa-4a46-904b-33017ff3857f,2026-03-29T06:27:20+00:00
befbd41a-b585-40bb-8469-111de1a63a83,3b75bf9b-df8c-47be-8138-1b969d8481e8,1fba3799-d4cc-4a1c-84d6-51146012067e,2025-09-27T18:46:56+00:00
759af3c3-3088-459a-b095-5773be05a591,3b75bf9b-df8c-47be-8138-1b969d8481e8,323eb581-df66-495e-b4c3-b8d51316dccb,2025-10-19T09:32:00+00:00
a0c9c641-59d5-446f-8fce-65fb0b5be9de,3b75bf9b-df8c-47be-8138-1b969d8481e8,659f0acc-033d-4e42-acb5-b569fa69a743,2025-12-26T13:25:09+00:00
7d74bcd1-c23c-496f-89c5-da97727a7460,3b75bf9b-df8c-47be-8138-1b969d8481e8,e33923d4-ae33-4f20-93b4-4927825fa9f9,2025-10-09T15:28:53+00:00
08ecb22e-8522-4080-ac6a-1f77d3024bb5,3b75bf9b-df8c-47be-8138-1b969d8481e8,a0dc85a3-3764-409c-83f4-50635837ae0f,2026-01-06T04:26:34+00:00
b19c8a62-f23b-43c2-8ea3-95068bfd2044,3b75bf9b-df8c-47be-8138-1b969d8481e8,7a537b60-7891-4d8a-9a2d-3dc4f49961e2,2026-06-27T10:03:58+00:00
b6fde75e-df90-420f-bb9d-3c0310413c43,9ac2fa96-0080-40bf-81dd-06ea52b8f2ed,04ef5bae-6f20-43c1-84c2-80053a99d1b1,2026-03-07T14:24:53+00:00
c4995ce4-9577-4836-a7b0-5b1c87ae26dc,9ac2fa96-0080-40bf-81dd-06ea52b8f2ed,e19797db-e29f-48c3-a7bc-6f3ee4494c8c,2025-07-12T04:29:47+00:00
14e17d05-c5af-4dc2-813c-53ff1fcb76d7,9ac2fa96-0080-40bf-81dd-06ea52b8f2ed,26d61dc5-0b03-4c16-8a64-7afeba92fecb,2025-08-07T17:02:02+00:00
d21f0994-1713-4c36-88ce-235c8eaf76c2,9ac2fa96-0080-40bf-81dd-06ea52b8f2ed,d97c38cc-0971-42dd-869d-988ad7864fdb,2025-09-01T19:16:39+00:00
4cfdd05a-dcc7-45da-83eb-56d3ec0cb9f1,8a46054d-9813-4f3e-99b3-fa9cec2033d3,6eaf2004-a475-4bbd-b327-ceb492d267a7,2025-12-03T10:49:06+00:00
92b3d710-2469-4145-b649-82bed281390b,8a46054d-9813-4f3e-99b3-fa9cec2033d3,34441c15-0467-4b92-b3ab-8deb1054c830,2025-08-25T10:50:57+00:00
3362be58-f558-483f-8774-f9b370cda396,8a46054d-9813-4f3e-99b3-fa9cec2033d3,ce6b81a6-725e-4425-8a3f-ff7c7aaf1d32,2026-03-02T09:59:49+00:00
09760045-26d2-4bd8-a84e-d612097751a7,8a46054d-9813-4f3e-99b3-fa9cec2033d3,254f7afb-a845-4daf-b94b-a34157af1df2,2026-08-20T10:43:13+00:00
cbbee282-9637-4db0-ac9a-2c1b8f1d4944,8a46054d-9813-4f3e-99b3-fa9cec2033d3,bacf1c32-002e-4d62-8c6c-221609513f2f,2025-07-20T03:08:51+00:00
59a11c15-eea5-4a51-8b00-d59cc047b4c9,9da1335d-3e20-4a38-ad85-d0c415a77516,d7b30ac7-a843-4c2c-b7d0-5dbca0c169c3,2025-08-05T07:04:05+00:00
f76b7972-a497-4db4-bd1d-c961d64198f6,9da1335d-3e20-4a38-ad85-d0c415a77516,3ae23a73-75a2-49e9-b24e-8c3459016993,2026-01-06T18:48:02+00:00
7b42c974-a047-4870-96db-4c793615c7c0,9da1335d-3e20-4a38-ad85-d0c415a77516,42688444-55cc-483b-a92c-df6777013516,2025-07-12T07:14:20+00:00
dc728618-be64-4f67-882b-e4ee77303f76,4701d6c8-e20c-4712-afac-19c03aeea641,42ddf256-149e-4757-b88b-4e24c8e6cb76,2025-08-13T18:38:31+00:00
6c4a74f5-2dbd-4e49-aa8b-1adc54cfd243,d2653b32-ffd9-4ab1-a61f-7dc88da7c682,b387c825-7116-4b83-bd18-56e81111a5c9,2025-12-02T12:33:33+00:00
b35c7813-290f-4c54-aacd-a2ff95e585e4,d2653b32-ffd9-4ab1-a61f-7dc88da7c682,cd268b95-fdcb-48b9-84de-2a4aac209d46,2026-03-27T06:00:26+00:00
be074384-8949-4d3f-a33f-53d24172cdf4,d2653b32-ffd9-4ab1-a61f-7dc88da7c682,149f866d-6114-4c68-8b49-00b27b0caa12,2026-05-24T07:00:24+00:00
d9198f2e-51ce-425b-bd5e-0dac93967d8d,d2653b32-ffd9-4ab1-a61f-7dc88da7c682,f5dc0e8d-4cfb-42ba-851d-c4ab150a805f,2026-01-23T02:36:10+00:00
71025ea5-9e7b-4c8b-9c4c-f70c94af3808,7c4a1286-62e2-49cb-b6ec-3e8c52c55bcf,85a05a4b-ce52-43cf-8433-02a2cad529e1,2025-08-07T16:35:53+00:00
05989343-b45e-4497-b52e-296d8c4cdf35,7c4a1286-62e2-49cb-b6ec-3e8c52c55bcf,632a3efa-008f-4d2e-9fa6-0a2e1c332a14,2026-02-22T19:38:19+00:00
1a1bb961-c2f9-47c9-8b0a-f38d1cda75d3,7c4a1286-62e2-49cb-b6ec-3e8c52c55bcf,3eaa28c6-6c66-4841-a82f-101d62f26410,2026-08-05T23:24:18+00:00
117f27d1-233e-4595-859b-87fecea83fe0,7c4a1286-62e2-49cb-b6ec-3e8c52c55bcf,b7a58a43-0e8a-4989-9cc2-a17e019034c8,2025-12-06T19:06:06+00:00
e00e05dd-0add-4e2d-b4a8-bf155ef3eba3,7c4a1286-62e2-49cb-b6ec-3e8c52c55bcf,5da9c176-ec13-4102-b6cf-121f4b145d5a,2025-09-29T22:59:14+00:00
82bf2217-0af2-480e-8f9e-711ebace7282,7c4a1286-62e2-49cb-b6ec-3e8c52c55bcf,d413b920-fd1b-4aab-b816-7b0b8dd7ec37,2025-09-17T05:07:08+00:00
b93e12fd-c167-498d-b9c7-9a643e8197c7,7c4a1286-62e2-49cb-b6ec-3e8c52c55bcf,60894dd1-d449-4366-a1f2-506c99644e4d,2025-11-07T17:25:53+00:00
f3c57fd7-6343-4385-814b-817858980f7e,7c4a1286-62e2-49cb-b6ec-3e8c52c55bcf,e818f248-82e9-43bc-9ab7-27d5be02776b,2026-07-11T07:42:41+00:00
2a6d07a9-5a69-4d55-ba22-623e9853c68b,7c4a1286-62e2-49cb-b6ec-3e8c52c55bcf,633e35cc-49f2-45eb-961a-e210bcd9d073,2025-10-12T16:18:02+00:00
76b11047-a059-4202-98dd-61fb2c47c92e,7c4a1286-62e2-49cb-b6ec-3e8c52c55bcf,fe409d6f-e259-485b-96bc-c2a89d7996e6,2026-09-01T22:55:30+00:00
8dd46ec7-2e49-4203-b55d-434bfdf5712f,7c4a1286-62e2-49cb-b6ec-3e8c52c55bcf,22b1d57e-427b-4075-b871-f3a5bde40fbe,2026-01-11T07:36:02+00:00
01786f35-d94d-4494-a41f-d9d3700f03a6,7c4a1286-62e2-49cb-b6ec-3e8c52c55bcf,bc9cbd74-f51e-47e9-ba77-1f2c017e9cca,2025-08-03T07:32:14+00:00
b3d39a61-a025-4e4d-b60b-d8d555d757f9,7c4a1286-62e2-49cb-b6ec-3e8c52c55bcf,dd6a0ad5-cbc7-4d17-8a8a-229cea78e52b,2025-07-20T05:32:28+00:00
46a995ed-aadb-4892-a47b-82f87520b965,7c4a1286-62e2-49cb-b6ec-3e8c52c55bcf,6b83a412-875d-4f35-8ce5-9a2c67a093f6,2026-01-22T22:46:20+00:00
f6685604-7551-4ceb-8aa9-9ffe310fd227,7c4a1286-62e2-49cb-b6ec-3e8c52c55bcf,44dae102-8716-4274-95ac-bf413382999a,2025-08-15T01:12:59+00:00
acd13743-23a9-46c3-9abd-caae6dc52048,d4c55cb5-c01f-49e2-ac6c-22878a3bafed,8d5b08cd-a9b3-424d-b178-65d65f5998af,2025-11-01T10:47:26+00:00
d2b9bfd9-d7d7-4ac7-82ba-956292cde2a4,d4c55cb5-c01f-49e2-ac6c-22878a3bafed,e7f25965-2024-4c9f-a575-caa1e7bc13df,2025-08-25T14:50:20+00:00
8428fbd8-1b37-4729-9b6d-6814850e0640,d4c55cb5-c01f-49e2-ac6c-22878a3bafed,d413b920-fd1b-4aab-b816-7b0b8dd7ec37,2026-06-23T03:50:30+00:00
eea9db5b-dd4b-4483-956f-ed5e8a894751,d4c55cb5-c01f-49e2-ac6c-22878a3bafed,bf6c0e33-5fc6-4e92-8a2d-83065bf149c4,2026-03-07T04:10:51+00:00
ff70cb2f-8892-4866-88bb-51b257c11f25,ca98843e-874d-4c6c-ba08-737d43a6437d,6a68ec56-67f5-493e-810d-eb44598b0e94,2026-04-02T15:10:59+00:00
e1e08105-a213-4684-9642-3161541d3154,ca98843e-874d-4c6c-ba08-737d43a6437d,2025475c-1545-4632-8937-5fe6f57953a0,2025-09-05T10:02:41+00:00
b8e935e7-7ce5-4376-a4d7-75546fb563b0,ca98843e-874d-4c6c-ba08-737d43a6437d,75fb3cc3-3a13-475e-9146-fa6c2c28ad75,2025-07-19T21:56:11+00:00
be3a1625-2881-4e05-97f5-f95d0d86a2cd,ca98843e-874d-4c6c-ba08-737d43a6437d,f87b345a-0777-46fc-865a-b76dacc1e90a,2026-05-29T17:45:15+00:00
c0008039-d316-41aa-b84b-54431e981c64,ca98843e-874d-4c6c-ba08-737d43a6437d,39253471-72c7-42b6-ad3a-569f5728f21e,2025-07-23T22:17:54+00:00
b9fb27bf-055e-4283-9a30-82a298fd39e4,ca98843e-874d-4c6c-ba08-737d43a6437d,1af051a4-5fb9-478e-9d62-3279d88a6cff,2025-10-07T09:19:28+00:00
30d19166-c9df-4345-b510-26fa0e2c46be,ca98843e-874d-4c6c-ba08-737d43a6437d,d1069292-d635-44f8-8c01-1494891ae61f,2026-03-30T07:05:25+00:00
aabbac45-bd88-4ea8-b2b6-b837bc13c6de,ca98843e-874d-4c6c-ba08-737d43a6437d,eb37e445-ad15-450f-aac9-165635b7ef7b,2025-12-08T01:54:09+00:00
6a35a1dc-33aa-4203-a604-1a5655a4392f,ca98843e-874d-4c6c-ba08-737d43a6437d,3cea8b9d-4dca-4cfe-99da-d19925b8fd32,2026-03-12T01:32:40+00:00
ef282539-a2a2-4997-896a-a19ac01f3135,ca98843e-874d-4c6c-ba08-737d43a6437d,e099a97d-3a12-4986-9f7b-4929504bd92f,2026-04-24T15:11:23+00:00
6cffb5f4-3a4f-4978-a74b-36cda889c83e,ca98843e-874d-4c6c-ba08-737d43a6437d,ff6e8123-7427-47ad-b4a2-b32525006de0,2025-10-14T04:13:29+00:00
cfe4b3bf-42d6-44bd-92cb-bb06b9a8936a,ca98843e-874d-4c6c-ba08-737d43a6437d,82c26f80-0b16-4534-b361-35fddfa95816,2025-07-24T23:35:00+00:00
b152843c-9364-4e1a-9cc8-8d775beccea7,ca98843e-874d-4c6c-ba08-737d43a6437d,a0e2974c-e309-4d0a-be48-f7744ff2a50d,2026-04-27T17:03:41+00:00
ee5a8eda-b57d-48f7-ade8-5b0231a6c713,ca98843e-874d-4c6c-ba08-737d43a6437d,fee6b0c5-a98d-4b4e-a30d-2cb91bee01ea,2026-08-18T14:31:37+00:00
ed1bdf32-dee0-46d6-ba7b-0557d885ddee,ca98843e-874d-4c6c-ba08-737d43a6437d,635cb86b-03c7-4fb4-884b-ced27f9691bb,2026-07-22T11:32:48+00:00
9995edee-ffe6-42ee-b1dd-1e1b8cfae082,ca98843e-874d-4c6c-ba08-737d43a6437d,d84e7fb7-133f-4d4d-8817-f28892a26d2b,2026-03-12T17:02:38+00:00
49ff59ac-aae3-4003-8063-97dd11e86e89,ca98843e-874d-4c6c-ba08-737d43a6437d,ae8523f3-49f1-45d4-ab29-0313676f12d0,2025-10-08T09:42:46+00:00
092dc2ec-8b0f-4ba8-b0a7-92809bd7692b,ca98843e-874d-4c6c-ba08-737d43a6437d,52c5c6a9-39b5-4951-9af7-b20a0970bd62,2026-01-05T14:23:30+00:00
1c80d7f0-b361-4eeb-99f6-ad2c0d6d281d,ca98843e-874d-4c6c-ba08-737d43a6437d,cdb4ace0-6ea2-498d-90e8-2009a10848ce,2025-10-30T05:41:49+00:00
b4772133-0233-4068-ae3d-ce8391af1f70,ca98843e-874d-4c6c-ba08-737d43a6437d,1e35bc63-b9b9-4dc0-bbca-ba32d6a1676f,2025-11-19T09:38:04+00:00
d6fc6b4c-5d84-4074-bd3f-30ffecf2de4d,ca98843e-874d-4c6c-ba08-737d43a6437d,2e33ff49-a484-4f82-95d2-dc4216703bb3,2025-10-04T03:17:36+00:00
b7c60300-44b2-4dc1-a13f-140c60c8c800,ca98843e-874d-4c6c-ba08-737d43a6437d,7759297b-afe9-4b95-8e56-6c553c734e03,2026-05-28T22:00:14+00:00
c79cf497-f3d8-4533-8b6e-86a985608a94,ca98843e-874d-4c6c-ba08-737d43a6437d,ea8951c3-9063-4555-961a-8fcb0cc9fd92,2026-07-03T10:43:38+00:00
1b4d3e88-c6d9-4d25-a91e-1c87643dc9de,ca98843e-874d-4c6c-ba08-737d43a6437d,db16a0e3-1900-4649-86fc-1c299886fc23,2026-04-13T23:02:55+00:00
dc5ba0f8-653c-4347-b52f-9294e93190e9,ca98843e-874d-4c6c-ba08-737d43a6437d,39da3268-4fe9-44d6-b716-29c848231132,2025-09-11T13:30:11+00:00
d8e11947-83de-4b99-b185-606e039b4b22,ca98843e-874d-4c6c-ba08-737d43a6437d,c99359a6-ecf8-4d27-a849-8d366cb10a8d,2026-06-27T21:33:32+00:00
88218b69-eb0b-47d5-b610-8d2a2559cf7c,ca98843e-874d-4c6c-ba08-737d43a6437d,02126d92-72ee-409c-9e6c-a2e4d9f83a6b,2025-07-19T06:12:50+00:00
b4dc626f-ea88-41dd-a250-d3f2ba54bb94,ca98843e-874d-4c6c-ba08-737d43a6437d,e1ed7e6e-8e69-4089-a848-80cc71f34ee0,2025-12-30T07:09:59+00:00
a5cc47a3-20d3-474f-ab87-ea2bda4e1c51,ca98843e-874d-4c6c-ba08-737d43a6437d,dd6a0ad5-cbc7-4d17-8a8a-229cea78e52b,2025-07-19T07:05:30+00:00
85ba3cc9-8df7-48d6-aa41-8d0b51c8d15a,ca98843e-874d-4c6c-ba08-737d43a6437d,1f5c9368-f634-4128-84d2-ef868162ba53,2025-07-29T05:59:49+00:00
7bc8007e-dc63-4629-ba2c-a3004f7d8f4a,ca98843e-874d-4c6c-ba08-737d43a6437d,e33923d4-ae33-4f20-93b4-4927825fa9f9,2025-08-02T07:39:05+00:00
e214b395-53c8-4e6c-8188-dd76e870ac63,ca98843e-874d-4c6c-ba08-737d43a6437d,01ad5d19-51ac-4277-bf22-13bac68b5a71,2025-10-04T11:09:34+00:00
98d43df7-238c-45b3-905f-0d8f457be44b,ca98843e-874d-4c6c-ba08-737d43a6437d,8d0a4127-34d4-4cb0-ab2c-8a44732c4636,2026-01-06T01:30:48+00:00
e417d728-9f63-4e83-b90a-fd4759463199,ca98843e-874d-4c6c-ba08-737d43a6437d,10052c3a-4cb2-4d00-a0bc-2b3ec6334ca5,2026-03-22T19:00:30+00:00
84675d10-b9fc-4fbd-9278-59119781d258,ca98843e-874d-4c6c-ba08-737d43a6437d,f3189547-b5c9-4076-aab8-d864b3815677,2026-03-18T13:02:46+00:00
5d20ac60-9f58-4f64-b3cf-30447683fc48,ca98843e-874d-4c6c-ba08-737d43a6437d,4366727f-cad9-45ec-ac07-3b7e024b94a1,2025-11-19T09:51:08+00:00
9fe8dc59-b93c-440b-8af4-ac8f16f27e78,ca98843e-874d-4c6c-ba08-737d43a6437d,e19797db-e29f-48c3-a7bc-6f3ee4494c8c,2025-08-05T01:22:40+00:00
76a5856c-de91-46be-ad0f-e60ce5819fe5,ca98843e-874d-4c6c-ba08-737d43a6437d,0735b0aa-84bc-49aa-a78b-0ec4f2e216e6,2026-04-17T04:08:34+00:00
c3db81d5-faf9-4ae7-bdc9-eafd407922cb,ca98843e-874d-4c6c-ba08-737d43a6437d,8c0f035c-ed24-4e92-9e38-7d7562011845,2025-08-16T21:24:56+00:00
ef559ead-eebf-4a7c-823c-5cc1f9b6e026,ca98843e-874d-4c6c-ba08-737d43a6437d,c60fc12d-ef3b-47a2-b08d-d35daaa0261f,2025-07-19T09:10:55+00:00
3f8d219a-700b-4020-94bb-6e1c2200e89e,ca98843e-874d-4c6c-ba08-737d43a6437d,2ad9462f-49f8-4d9a-8f1f-6f573c1e266f,2025-07-30T17:26:32+00:00
c88aca33-5e56-4f52-b05d-c3132e39c436,9fa7baa7-34f8-4b34-b256-3b952cb2218f,828a88f5-8cb3-48a8-9e07-3db32ed9a35d,2025-07-20T02:36:57+00:00
778259ad-9c8c-4065-bb9e-2654c7c26c2d,c0ebfb07-a7ea-481a-b016-77b600ba8fea,09df0479-c184-43eb-84fc-57806ea9743a,2025-07-23T23:57:27+00:00
63c10bc6-2eca-45b6-8f80-4ce4dd81cf37,c0ebfb07-a7ea-481a-b016-77b600ba8fea,b2934820-ad75-476f-ade6-054a7c89f295,2025-07-23T01:15:35+00:00
5ef05644-449f-40c3-8f09-8c785d087e3d,c0ebfb07-a7ea-481a-b016-77b600ba8fea,5ab1b529-4f5e-42a1-8f82-f88bad579d46,2025-08-13T09:29:17+00:00
13e46318-3a30-4db1-bdb8-7a7be6d4aae1,c0ebfb07-a7ea-481a-b016-77b600ba8fea,b000127a-7ff3-4aba-9f9f-56872787d1ed,2025-07-30T09:14:55+00:00
46e14570-961a-4d46-83ef-e3ee7a9badb2,be1b1176-683b-4b3a-b98e-a062edd756e5,cbcba9e3-129e-437d-adc8-13aae5e788ac,2025-08-04T04:23:09+00:00
3cf5bf2c-4cd7-480e-89b7-63df15cdc1d6,be1b1176-683b-4b3a-b98e-a062edd756e5,ff1dc571-d626-480e-b098-a50d60c896af,2025-09-30T14:34:36+00:00
7d6f09c3-1cbe-45f9-8585-f2763457f766,be1b1176-683b-4b3a-b98e-a062edd756e5,ab56d43e-6b4a-43a3-9b6c-f3bae36c4bb6,2025-07-30T02:28:03+00:00
533ac90c-63b8-4282-bccd-f4ad7ba5c20b,c7e289ae-e471-405c-ab88-e4b59eb902d3,d24b23ee-291d-4c2f-8c3a-ce1251c2c3d8,2025-07-28T06:43:15+00:00
190b2df4-ea57-4071-b749-8050e82aa071,c7e289ae-e471-405c-ab88-e4b59eb902d3,be814268-912b-47b4-8181-c0ede2b04826,2025-07-26T23:32:16+00:00
0cb47869-8a5a-4432-9144-e7273f68dccf,c7e289ae-e471-405c-ab88-e4b59eb902d3,7f332889-8032-467d-a20a-a0aadb0a6c98,2026-05-12T19:20:15+00:00
7454d955-81c4-4b56-89af-465327e9d5ab,c7e289ae-e471-405c-ab88-e4b59eb902d3,b87fa7ae-7016-46ff-bf10-b0be3cd2d358,2025-09-29T21:50:50+00:00
fa6bb497-b402-4edc-aa51-2c6313053f6b,c7e289ae-e471-405c-ab88-e4b59eb902d3,99348a51-08e9-4760-8822-b2f8debef37f,2025-08-18T14:35:11+00:00
ab5c3770-8540-42b7-9bf8-b4b928514e49,c7e289ae-e471-405c-ab88-e4b59eb902d3,0b20e057-ab25-4963-a1eb-383458386c85,2025-09-09T19:04:15+00:00
302bb939-86b0-419d-8c5f-e85afa1c0df3,fe850c57-ee34-4115-8595-a0a3967c8f51,26d61dc5-0b03-4c16-8a64-7afeba92fecb,2025-07-23T11:53:27+00:00
8cb4b1f8-9bbb-4bfd-8ba8-ffb02e780624,fe850c57-ee34-4115-8595-a0a3967c8f51,4183d4f5-30af-4bae-b78d-ab439d20b44a,2025-08-18T19:42:59+00:00
b02a7c1d-cacc-49f8-b35c-9b5ba8352a79,8b4e1977-7a48-4726-81c5-3ef4f4ae7f12,cdcd2f90-549e-4f8a-a600-5ffc9f8c2d74,2025-08-29T12:53:16+00:00
440f31a9-c401-406b-a88c-57fdc95c5729,8b4e1977-7a48-4726-81c5-3ef4f4ae7f12,3508da09-a51b-4ff3-8e0e-ee486e956b89,2026-06-05T01:07:05+00:00
966e8144-09c0-4fd9-ab10-79d6fc878d52,8b4e1977-7a48-4726-81c5-3ef4f4ae7f12,99d52a61-bee5-4684-9df6-159e47cc27be,2025-12-10T07:48:44+00:00
37d176b7-a284-4a2c-a0a9-93b577ae86ce,3de88bef-6307-4169-b900-1858561e0e55,eb2b14f9-1a3e-4de7-a5b9-77d125f7966d,2026-08-28T01:46:41+00:00
d8f2356d-eb87-4273-9955-2d20d1a6f95d,6a1992a1-a7e5-427a-ba15-0fdef081d619,bc9cbd74-f51e-47e9-ba77-1f2c017e9cca,2025-08-26T19:15:01+00:00
b0713135-1f87-4053-85f3-0f99c23b3717,6a1992a1-a7e5-427a-ba15-0fdef081d619,8a4f20be-5402-4f7f-97d5-042270c4a232,2026-07-18T08:52:46+00:00
db9b73d7-0488-45af-ac2f-5ad5e0e7c8e8,6a1992a1-a7e5-427a-ba15-0fdef081d619,443b392f-72a1-4279-ae51-a849f1fedfff,2025-07-25T19:20:10+00:00
0365986f-9f3b-481e-aad2-ced0bdc8e6aa,6a1992a1-a7e5-427a-ba15-0fdef081d619,484b4933-21fa-4a46-904b-33017ff3857f,2025-07-23T05:50:32+00:00
2d791dde-9e08-4487-8475-f448b3d2ca52,6a1992a1-a7e5-427a-ba15-0fdef081d619,b387c825-7116-4b83-bd18-56e81111a5c9,2026-04-25T13:34:19+00:00
85a482ca-ad15-489a-99eb-788fde783365,6a1992a1-a7e5-427a-ba15-0fdef081d619,345afc84-e133-4249-9c52-f900042bc4f9,2025-09-15T17:05:08+00:00
40468601-486c-48f3-852f-e880df4dbd77,db96c943-47f9-4ff4-b4df-5c51d40b1169,c826c699-c25f-4e45-bc9a-8ef83d1a94fb,2025-11-19T18:34:58+00:00
2d696f91-522a-48cf-99dd-d5a7e35f78fb,db96c943-47f9-4ff4-b4df-5c51d40b1169,2309ca71-b2a1-41d4-93da-72d42bb24e63,2026-03-19T11:08:44+00:00
5a0f6283-6075-48e0-82f2-f8e94f3084f2,db96c943-47f9-4ff4-b4df-5c51d40b1169,14de7a21-0292-46d5-91cf-5ab7a5ec694f,2025-09-02T21:14:47+00:00
42a344cf-cdb5-4339-9953-438b6bb6ed1b,db96c943-47f9-4ff4-b4df-5c51d40b1169,1d5d0e99-092b-4d98-baab-26f3c7b32aeb,2026-01-19T04:27:22+00:00
91a36774-2e57-4c0e-a82d-df682cb61762,317fbe38-7838-46cc-9903-70fd1f800369,d84e7fb7-133f-4d4d-8817-f28892a26d2b,2026-07-05T10:53:14+00:00
0a7844a2-3140-4e94-84d8-018dd17ba0a6,317fbe38-7838-46cc-9903-70fd1f800369,828a88f5-8cb3-48a8-9e07-3db32ed9a35d,2025-09-13T04:01:19+00:00
31cecc71-555a-4326-b6a0-149c0fc316f7,317fbe38-7838-46cc-9903-70fd1f800369,dce19236-e6ac-4b25-8861-f9bf621963fd,2025-12-08T17:42:06+00:00
7b18d166-43f9-426d-872b-00cc90f164b2,317fbe38-7838-46cc-9903-70fd1f800369,42ddf256-149e-4757-b88b-4e24c8e6cb76,2025-07-27T07:49:10+00:00
2d4ece93-9724-43c1-8ca2-c75994e85e2f,317fbe38-7838-46cc-9903-70fd1f800369,69546e0c-13bb-4597-8ce8-09cf53b9a4ff,2025-07-24T18:21:21+00:00
86afeb4f-063f-4a49-a3a3-07a992b3dff0,317fbe38-7838-46cc-9903-70fd1f800369,6cad3973-c23d-4cec-bb0c-6ecf78003373,2026-07-29T22:40:06+00:00
bae28bd9-16fd-4719-b4be-dc92cc41e174,317fbe38-7838-46cc-9903-70fd1f800369,ae8523f3-49f1-45d4-ab29-0313676f12d0,2026-06-07T03:19:13+00:00
48e3aaf0-6952-4b2e-adab-10b1e35341ad,317fbe38-7838-46cc-9903-70fd1f800369,a1e4b04f-3354-4716-9914-0e447f91fb26,2025-10-10T23:37:23+00:00
27d47d81-7a14-4a54-8895-31c40444c558,317fbe38-7838-46cc-9903-70fd1f800369,3e1135b6-a11d-4440-9839-7607ab0df809,2025-09-05T22:19:20+00:00
7adca94d-562e-43e1-9daf-5ec580d8bd7c,317fbe38-7838-46cc-9903-70fd1f800369,0474d78b-b695-4c1a-967f-6fc9587ddc43,2025-08-13T19:43:28+00:00
d390a565-15ce-405d-9d51-c94980ce7e69,317fbe38-7838-46cc-9903-70fd1f800369,577c7c58-b348-4b59-a994-19cbf0bd8b7f,2025-10-12T00:12:20+00:00
5fbda5c3-aec1-427f-a0b8-86a817198c94,317fbe38-7838-46cc-9903-70fd1f800369,17bc3a75-830c-41bc-b847-8447593a7d03,2025-09-05T16:26:37+00:00
c3f89793-01ed-40f1-ad7d-d5b7f55a0647,317fbe38-7838-46cc-9903-70fd1f800369,b387c825-7116-4b83-bd18-56e81111a5c9,2025-08-18T14:23:55+00:00
d0f5f684-990b-4a79-9dde-2392215f9aa1,317fbe38-7838-46cc-9903-70fd1f800369,c6fd42f0-6060-47cf-a8e8-e24dcaee7d26,2025-09-09T05:55:04+00:00
8f6ef271-7628-4d44-be8b-24e5b50548cc,317fbe38-7838-46cc-9903-70fd1f800369,3dc6ba51-e546-4e5c-8e8a-6d0bb4c42691,2026-01-06T10:04:02+00:00
b14b0e6a-b409-4a25-8e8f-e2d5a26366e3,317fbe38-7838-46cc-9903-70fd1f800369,99d52a61-bee5-4684-9df6-159e47cc27be,2025-08-25T15:03:39+00:00
3c258498-afac-48dd-950b-cc3cf85ab357,317fbe38-7838-46cc-9903-70fd1f800369,d30b8eb3-05ed-4a73-b6e5-042436e46b37,2025-09-24T15:47:51+00:00
2915ff84-4359-42cf-b4ad-f1e98171a6b6,317fbe38-7838-46cc-9903-70fd1f800369,c60fc12d-ef3b-47a2-b08d-d35daaa0261f,2026-03-14T11:17:15+00:00
68680c2c-f5f6-4456-babc-c09debfe506e,317fbe38-7838-46cc-9903-70fd1f800369,79c00b7e-dbe5-41bb-8a92-189f533b8e9f,2026-03-03T17:23:24+00:00
c5856b5d-e99d-4e42-91cd-6c1e01e922b0,317fbe38-7838-46cc-9903-70fd1f800369,9f74975f-3000-4ef2-b2a2-1cdac8513b60,2025-08-02T20:01:19+00:00
0ac8308c-2581-436f-b93b-693c5ce9dd4a,317fbe38-7838-46cc-9903-70fd1f800369,725e8519-9d26-48e9-a0d7-b1d766f3587d,2025-11-12T22:41:07+00:00
0c8374f4-e486-419b-ace2-d3d987182f58,317fbe38-7838-46cc-9903-70fd1f800369,fae53a74-ccaf-4f10-973a-023ba3016dfe,2026-02-17T03:22:43+00:00
4796150c-fe53-439c-b6d2-f5e6834ae292,317fbe38-7838-46cc-9903-70fd1f800369,6eaf2004-a475-4bbd-b327-ceb492d267a7,2025-10-08T09:30:42+00:00
32068b4e-bc1f-421f-aa9b-1120ff58ed1b,317fbe38-7838-46cc-9903-70fd1f800369,743aae1e-e024-4953-a3ae-1413333f514f,2026-05-30T20:17:32+00:00
a2880641-3c10-428f-a5b7-ac8b35bd9f01,317fbe38-7838-46cc-9903-70fd1f800369,659f0acc-033d-4e42-acb5-b569fa69a743,2025-07-27T15:51:16+00:00
94119c19-6307-470f-b7e9-28e7c997215b,317fbe38-7838-46cc-9903-70fd1f800369,47de6634-f271-4dda-8c9a-4cb60daa2a03,2026-01-10T04:30:31+00:00
4e96dd02-6ed2-4c38-8251-4c82c367760b,317fbe38-7838-46cc-9903-70fd1f800369,3c6efade-ce89-451c-8c2f-a8559830728a,2026-08-30T13:07:03+00:00
5a573e7e-b2cd-4b45-a04e-0c3394768745,317fbe38-7838-46cc-9903-70fd1f800369,be814268-912b-47b4-8181-c0ede2b04826,2025-12-11T00:15:32+00:00
2d76c8a8-6a1a-4068-b2d1-7304bbb2b61e,317fbe38-7838-46cc-9903-70fd1f800369,91848802-a58f-4fc5-939d-8395eb0c4868,2025-11-27T05:37:43+00:00
bc2158b8-12d9-499a-bc42-b2fad3a35726,317fbe38-7838-46cc-9903-70fd1f800369,c3e6de0b-ae0e-464a-aeef-51bebdd50073,2025-08-18T13:14:10+00:00
55f8ce81-036c-4411-b263-428cd07b2f8c,317fbe38-7838-46cc-9903-70fd1f800369,04ef5bae-6f20-43c1-84c2-80053a99d1b1,2025-08-03T00:23:36+00:00
83279baf-ec2a-4403-82d1-bf7ffda323cb,317fbe38-7838-46cc-9903-70fd1f800369,e2bc1752-1983-472e-bbd9-c6fae7cac58a,2025-11-19T08:59:19+00:00
220145b5-b138-4717-b151-c28fb0dfe11b,317fbe38-7838-46cc-9903-70fd1f800369,34c4679a-d188-4ff3-b1e7-463f1c6bc2f7,2026-03-11T11:55:49+00:00
0a33b4b3-f15c-41ed-90c7-84e3330c362a,317fbe38-7838-46cc-9903-70fd1f800369,aa179f68-3aae-4474-991e-448842620800,2026-04-27T17:44:17+00:00
46323deb-c7cb-4d1c-9e71-17770dea49af,317fbe38-7838-46cc-9903-70fd1f800369,8d0a4127-34d4-4cb0-ab2c-8a44732c4636,2026-02-12T06:48:35+00:00
580cdd40-37db-420d-ba43-3d6dfb1d22fc,317fbe38-7838-46cc-9903-70fd1f800369,c23dbe1f-e0ec-4c11-aa9d-12a5f551ed35,2026-07-13T23:07:31+00:00
350fc2e6-78ad-42f4-875d-0c944ab60247,317fbe38-7838-46cc-9903-70fd1f800369,c075f716-f675-4694-b3ea-4a26b1bb740a,2026-08-24T02:08:48+00:00
c8c5f8ea-90a1-4010-b0f7-995d8ebf1e3a,376f2cb7-2047-465d-b7b1-61b30cf06dab,02126d92-72ee-409c-9e6c-a2e4d9f83a6b,2025-08-08T23:17:48+00:00
a362b988-cbb1-4038-9def-fb94b0b81d31,376f2cb7-2047-465d-b7b1-61b30cf06dab,c61cd5a4-1592-4718-9dc9-3a026d2fe8c2,2026-06-19T01:08:25+00:00
f5053fb9-52ac-425a-8b39-56d18d7af9ca,376f2cb7-2047-465d-b7b1-61b30cf06dab,0735b0aa-84bc-49aa-a78b-0ec4f2e216e6,2025-12-28T00:05:17+00:00
57607b66-25b8-47a4-8e23-f8888fb221ed,804e686c-d6cb-4680-80ec-4690134cab96,af587165-10af-4199-96d6-3bcb946bf36d,2025-12-29T00:31:12+00:00
53c27061-b4ae-4491-88b0-8bd180d4da15,804e686c-d6cb-4680-80ec-4690134cab96,5ea6cfc5-5580-466a-8582-a6031555d76d,2026-03-04T16:39:39+00:00
75d1acce-c80c-40c4-ae5c-b1cecfe9e313,804e686c-d6cb-4680-80ec-4690134cab96,fba653f1-56a1-4e32-b3a6-1205a8a2e461,2026-06-01T04:13:28+00:00
8c6ac9be-d761-4612-9016-7a6c147b3622,804e686c-d6cb-4680-80ec-4690134cab96,e2bc1752-1983-472e-bbd9-c6fae7cac58a,2025-08-02T16:05:41+00:00
dc8ce256-b84c-4690-bf75-179c9ff15202,804e686c-d6cb-4680-80ec-4690134cab96,9b0f4215-bb92-4800-a8ee-8b3a7bbf2ee1,2026-02-15T05:01:11+00:00
0a540de2-9ec1-4320-bf24-ff7de91aecbe,804e686c-d6cb-4680-80ec-4690134cab96,6236d33d-7b57-486d-81e8-a247d50fa2a4,2026-05-07T16:57:45+00:00
205f5e5f-753d-4e6f-93d5-b8e0404b1d6c,804e686c-d6cb-4680-80ec-4690134cab96,200f9843-09b8-49fb-9a99-30710133815e,2026-01-20T09:39:38+00:00
769f74ea-85ad-4518-b331-a38b96d68104,804e686c-d6cb-4680-80ec-4690134cab96,4b87053a-c2e0-4a91-bd88-3da84717c1af,2025-09-13T17:30:34+00:00
3038f250-b88d-4a57-90f9-d1a2bf979211,19a21389-b6b0-4060-96e5-38615899a41e,3faf19b8-adef-42c8-a07d-601db32b3f06,2026-07-12T22:19:40+00:00
dd4a238a-96ff-44c3-9480-f4dc6ab06f57,19a21389-b6b0-4060-96e5-38615899a41e,94124252-c61f-4b05-ab17-fb467c898e0c,2025-11-20T09:43:47+00:00
532ff054-00a7-49f5-b994-31de5e0a6285,19a21389-b6b0-4060-96e5-38615899a41e,4fb579ea-1574-44fa-af02-83f6cb410836,2025-11-06T11:11:52+00:00
000fbeb3-f23d-4d99-89ba-4cdcbb147de0,19a21389-b6b0-4060-96e5-38615899a41e,26d61dc5-0b03-4c16-8a64-7afeba92fecb,2025-12-09T00:52:34+00:00
b93cddc9-b09e-4400-966f-30c1c2edb7ac,19a21389-b6b0-4060-96e5-38615899a41e,78adb4b4-64d8-4a3f-b789-0aeeccaf033e,2025-09-03T16:09:26+00:00
0e68dd7d-fd7d-42dd-bed9-8b59bb777027,19a21389-b6b0-4060-96e5-38615899a41e,632a3efa-008f-4d2e-9fa6-0a2e1c332a14,2025-08-07T00:17:53+00:00
1f9a31b1-bff7-4a25-a4ff-fe24673436e0,19a21389-b6b0-4060-96e5-38615899a41e,c826c699-c25f-4e45-bc9a-8ef83d1a94fb,2025-12-04T15:00:55+00:00
dca65cbf-8f36-4d6c-9e9f-5dcab3e27cae,ddf1249b-bd57-4ec8-a76f-d72bb6009b6a,be814268-912b-47b4-8181-c0ede2b04826,2025-07-29T01:18:23+00:00
60b0b847-e8e5-4995-8705-042306a59f69,ddf1249b-bd57-4ec8-a76f-d72bb6009b6a,2ba2f93e-b90a-4582-9c0b-561477ec2dd4,2025-08-02T10:11:57+00:00
e9bebc1d-2213-4ef3-8032-ba5f270a533e,ddf1249b-bd57-4ec8-a76f-d72bb6009b6a,3b30a6e4-3c57-4bbd-9b03-022e7facb880,2025-07-31T18:03:02+00:00
88be9f8c-fa6c-40fb-b91b-e603bba3ea0a,8a24ccb2-9f70-4e21-b1e3-d5f851b51d11,ffae7a2d-9aea-4536-8cf4-dd5a807a4405,2025-11-12T22:21:10+00:00
b95cf786-8aad-4cc4-8901-ec5031996700,8a24ccb2-9f70-4e21-b1e3-d5f851b51d11,f8d855a5-21a5-477b-bd26-6a8ff32c9563,2026-06-09T05:17:42+00:00
dc0b805e-5e9e-4143-a2be-4941475348af,0c21f54b-1386-4308-bdb0-862ce829cd5d,b6f4d635-89e6-4c7d-b21e-375b06a4dc27,2026-01-29T11:27:27+00:00
6cc313ea-cd35-4b63-a93b-7ddc2c2b9e6f,0c21f54b-1386-4308-bdb0-862ce829cd5d,e5f76da6-068a-4b15-bb2c-649e314a26ed,2025-11-29T11:10:52+00:00
1187dab5-496b-4398-b85a-6645b5abee97,0c21f54b-1386-4308-bdb0-862ce829cd5d,2ac3a3a5-640a-4b9b-a55a-419ce256fa53,2026-06-30T13:17:17+00:00
bfbf4bb3-4f08-4caf-b728-54e44071efc9,0c21f54b-1386-4308-bdb0-862ce829cd5d,9f74975f-3000-4ef2-b2a2-1cdac8513b60,2025-11-09T05:58:45+00:00
c7fa2270-3404-4f75-b260-a8530228c917,0c21f54b-1386-4308-bdb0-862ce829cd5d,51dac652-9517-4e31-b9c9-905c3968e085,2025-11-25T05:48:27+00:00
f26ce84b-807b-4dd9-bbf9-ec923815b2f8,0c21f54b-1386-4308-bdb0-862ce829cd5d,d30b8eb3-05ed-4a73-b6e5-042436e46b37,2026-08-28T21:45:33+00:00
4f91b603-2067-41d7-835b-c8bed3ac2f37,0c21f54b-1386-4308-bdb0-862ce829cd5d,7524322e-1510-48cc-868b-8d59b328109b,2026-01-31T17:25:34+00:00
4fb1aae0-39b5-47c9-81de-92ea8075bbeb,0c21f54b-1386-4308-bdb0-862ce829cd5d,189077b3-db48-4236-959d-98880fad6d57,2025-07-30T08:29:55+00:00
92b0beba-a28b-4d73-9fee-909a51e8e165,0c21f54b-1386-4308-bdb0-862ce829cd5d,294f420a-5757-4fda-ae5b-a8b66126e192,2026-05-06T01:57:47+00:00
c19d6377-cf68-4869-ba53-0db2b542b8db,0c21f54b-1386-4308-bdb0-862ce829cd5d,fdf80e2a-8b01-4d79-a8c3-3ea29134c88c,2026-01-25T04:08:07+00:00
d0f5f65d-6cf5-42d7-958d-47e6c4bb6eb0,0c21f54b-1386-4308-bdb0-862ce829cd5d,34441c15-0467-4b92-b3ab-8deb1054c830,2025-08-29T20:22:51+00:00
0b5157be-8de4-4982-b7cb-507cea05507c,0c21f54b-1386-4308-bdb0-862ce829cd5d,d97c38cc-0971-42dd-869d-988ad7864fdb,2026-02-23T01:04:19+00:00
220c154d-2493-497a-b65a-ded471af30de,0c21f54b-1386-4308-bdb0-862ce829cd5d,ae8523f3-49f1-45d4-ab29-0313676f12d0,2025-08-25T17:22:42+00:00
37c705dd-4f82-4663-be69-c81cf77be9b8,0c21f54b-1386-4308-bdb0-862ce829cd5d,1f5c9368-f634-4128-84d2-ef868162ba53,2026-02-02T01:22:57+00:00
f6864ca7-1cf2-40c3-b2d4-23b8eb4d7b05,0c21f54b-1386-4308-bdb0-862ce829cd5d,6423836f-839b-4455-9791-d85c98ea5f5f,2025-11-26T23:02:39+00:00
eb39cd74-b168-49db-b307-01e51bb56810,0c21f54b-1386-4308-bdb0-862ce829cd5d,2709bb2d-e639-44c0-920f-80a9f4c4955e,2025-11-03T11:28:49+00:00
90292f4f-c5c4-4592-898f-eda17c8a370a,0c21f54b-1386-4308-bdb0-862ce829cd5d,4c8ec64f-c0d0-4cfb-b064-d47de0ec57ba,2025-10-05T00:11:10+00:00
d48689dc-f006-44d7-8577-a37efb133535,0c21f54b-1386-4308-bdb0-862ce829cd5d,b3756f66-bc0a-4be7-b18e-d5a43ae2cb20,2025-08-27T11:20:57+00:00
dfda6eeb-f973-4eac-8c7f-164e5df71544,0c21f54b-1386-4308-bdb0-862ce829cd5d,19dfffd3-69fe-4589-9939-0de48e436817,2025-08-17T21:49:47+00:00
34ba71b2-325d-4a8f-92cf-361adef88921,0c21f54b-1386-4308-bdb0-862ce829cd5d,d1069292-d635-44f8-8c01-1494891ae61f,2025-08-24T21:07:34+00:00
6cc03e84-669c-46fc-b70f-ea5a613beb33,0c21f54b-1386-4308-bdb0-862ce829cd5d,ec6a23be-ddf8-411b-a001-feea58a50c51,2025-08-23T10:20:29+00:00
870d90fb-99ae-4104-9101-83eae5eb0d05,0c21f54b-1386-4308-bdb0-862ce829cd5d,f7318ac8-5529-4cd7-98ea-c6b5c629b8b2,2025-08-11T04:11:45+00:00
552caf5a-2cc2-4545-8ee9-6fca07d1a6be,0c21f54b-1386-4308-bdb0-862ce829cd5d,86a2d273-34b8-46f0-bdc9-4868692691fa,2025-09-29T21:51:33+00:00
8d2f5fd3-8133-44b9-b047-d745496a88cd,0c21f54b-1386-4308-bdb0-862ce829cd5d,7a537b60-7891-4d8a-9a2d-3dc4f49961e2,2025-12-04T07:10:47+00:00
db071725-7af2-4c67-a968-5a1c0d7a2fcf,0c21f54b-1386-4308-bdb0-862ce829cd5d,b387c825-7116-4b83-bd18-56e81111a5c9,2025-08-06T09:26:44+00:00
718beaf7-601b-44d4-9a0c-d4104465edb2,0c21f54b-1386-4308-bdb0-862ce829cd5d,71938832-5c59-49e3-be85-9acbd7ca55ba,2025-08-05T19:02:21+00:00
407483ce-8f15-4889-a8ba-40ee7ced410d,0c21f54b-1386-4308-bdb0-862ce829cd5d,427e62af-c795-4132-8cf3-9c85f803508a,2025-10-16T20:14:50+00:00
8960bb20-5f80-4feb-bb19-6243430bd7e5,0c21f54b-1386-4308-bdb0-862ce829cd5d,f31588a9-6fbc-4f16-a1f0-65bb1970a62f,2025-10-01T19:41:59+00:00
b6d69c08-06c1-4d6f-91ef-c7ba595dd871,0c21f54b-1386-4308-bdb0-862ce829cd5d,74d3f6c0-8cd8-42de-be07-4e633a9879a2,2025-08-15T03:35:18+00:00
a8f2f662-1dfd-4a07-a63b-a292093e87b4,0c21f54b-1386-4308-bdb0-862ce829cd5d,8ca12932-1c6f-4ce8-b5ac-da66575fd911,2025-08-24T10:22:55+00:00
ef0efba9-b3a7-480d-8d48-54889c6473d0,0c21f54b-1386-4308-bdb0-862ce829cd5d,ff6e8123-7427-47ad-b4a2-b32525006de0,2025-10-12T08:25:12+00:00
4aa2b1a7-1942-4adf-93bc-63d0f00d3b98,0c21f54b-1386-4308-bdb0-862ce829cd5d,cb3f27ba-7b73-4263-a8df-7fc52f4ac105,2026-03-11T19:23:30+00:00
1bd6a28f-1f7b-4e79-aacb-44ac50d47b9b,0c21f54b-1386-4308-bdb0-862ce829cd5d,9683d7cb-c320-48ab-b91d-373a4a32cc44,2025-10-10T20:43:54+00:00
874733a1-4d06-49b4-925f-efa190da775a,0c21f54b-1386-4308-bdb0-862ce829cd5d,e554a849-75b4-42ad-ab34-0b8fc1a7f349,2026-05-14T23:38:38+00:00
cdf7a2c9-31f9-4da9-a40e-532a33506a2e,0c21f54b-1386-4308-bdb0-862ce829cd5d,32a7fe23-fa7e-4905-9afd-b6639736963d,2025-09-10T09:08:13+00:00
4c1277ef-b551-4497-9220-7246f8a91402,0c21f54b-1386-4308-bdb0-862ce829cd5d,b3a594ad-c0b2-4c4f-9c16-36e5268f731d,2025-08-01T12:12:29+00:00
0fc8cd11-a2f3-4e8d-bcd0-91011b20fad5,0c21f54b-1386-4308-bdb0-862ce829cd5d,9ce8ad86-b5f1-4d08-a8d6-d8b25b7f8f86,2025-11-01T13:45:59+00:00
5b53870a-dcc9-49d3-a768-10df31356150,0c21f54b-1386-4308-bdb0-862ce829cd5d,dd31032b-6dd2-426d-bfc1-f03e9f5eefa1,2025-08-23T06:12:20+00:00
c05c6a69-6e20-463c-b720-6ef2e20262e0,0c21f54b-1386-4308-bdb0-862ce829cd5d,128acef2-f235-4b4f-9ba9-12cf0271ac50,2026-08-17T23:00:38+00:00
32430dfe-90d3-4ac5-9f5f-b0276e25b777,0c21f54b-1386-4308-bdb0-862ce829cd5d,f79de4b1-f0cc-45e9-85c3-b3112725fde1,2025-08-02T09:58:54+00:00
a5eb274b-bf59-4a51-a4b7-ea76c82011c2,0c21f54b-1386-4308-bdb0-862ce829cd5d,c90cc779-75f4-4f0d-8f0e-bf02ad0ba33c,2025-11-21T01:12:20+00:00
f2a38408-9697-4eb4-a88c-5da9cc023319,0c21f54b-1386-4308-bdb0-862ce829cd5d,5a9e45fe-4a1e-47ab-9fd9-93dbc98d81eb,2026-05-28T19:30:26+00:00
ccfc837b-a620-4480-b154-30b0e72f13c1,0c21f54b-1386-4308-bdb0-862ce829cd5d,d34b2b4a-bc0b-4ffd-83db-00f5cc6c937f,2025-11-13T11:16:37+00:00
51d1262b-71a6-47e5-8a72-1c11a7fee4d5,0c21f54b-1386-4308-bdb0-862ce829cd5d,69546e0c-13bb-4597-8ce8-09cf53b9a4ff,2025-08-04T04:44:25+00:00
71b0a6bb-92be-4e80-8844-99f510ec5e1b,0c21f54b-1386-4308-bdb0-862ce829cd5d,156ce20e-a7d6-4a4e-88c0-5e21929a443d,2026-08-21T16:57:01+00:00
d62cf8f3-d26f-447d-bfa4-c55c46685a6b,0c21f54b-1386-4308-bdb0-862ce829cd5d,7d339706-bfcc-4887-91f1-ec63d2d23823,2025-10-28T09:41:35+00:00
fa3a4639-f38c-4896-9a87-3626b7fdd78b,0c21f54b-1386-4308-bdb0-862ce829cd5d,f5406e32-0613-43ee-b020-bf1ba6990c2b,2025-10-27T16:21:31+00:00
917e1984-c9bc-44a3-abbc-12e32180b034,0c21f54b-1386-4308-bdb0-862ce829cd5d,37390ee9-6f2d-4d2e-b299-70e58443cd04,2025-08-13T01:10:40+00:00
645d0e7b-29ae-4d91-8528-70f45f2eee65,0c21f54b-1386-4308-bdb0-862ce829cd5d,006cf2a0-aba4-468e-933a-b50f8c76a23f,2025-09-02T23:24:52+00:00
34c29280-7c6a-444c-8abe-77f885aaae36,0c21f54b-1386-4308-bdb0-862ce829cd5d,073d319d-25c3-4082-88f9-0cbb7e686a6c,2026-06-10T01:00:47+00:00
cc7efa70-3f33-43ef-8c05-65b390739efe,0c21f54b-1386-4308-bdb0-862ce829cd5d,3b534511-491d-43ca-8db3-2f08eee9be65,2025-12-09T00:35:58+00:00
66868d33-9584-44a8-9ce5-ffa3c2e00321,0c21f54b-1386-4308-bdb0-862ce829cd5d,37b056fd-db76-44e8-887c-28d49a739c21,2026-04-25T10:39:01+00:00
d1d26e8f-492c-4e9d-96e6-1da6e5ef0637,0c21f54b-1386-4308-bdb0-862ce829cd5d,c568b27d-f55c-43c4-b16c-2ded8343488b,2025-12-03T05:42:52+00:00
162ecef6-f2c2-4c6f-bcf4-d290fbdd6b06,eda46f92-1199-410d-aac6-bd911cb65070,51910d94-7df2-4595-be53-5b43cb379762,2025-08-24T21:01:55+00:00
2612b103-af9b-4120-827a-9a46f612fef2,eda46f92-1199-410d-aac6-bd911cb65070,635cb86b-03c7-4fb4-884b-ced27f9691bb,2026-04-14T21:26:13+00:00
fd03e6a2-121d-4b91-b119-7869362150b0,eda46f92-1199-410d-aac6-bd911cb65070,d97c38cc-0971-42dd-869d-988ad7864fdb,2025-08-01T04:08:37+00:00
4d68d586-4a45-4a86-bb7b-13680d09b83b,eda46f92-1199-410d-aac6-bd911cb65070,1e35bc63-b9b9-4dc0-bbca-ba32d6a1676f,2026-06-22T20:25:30+00:00
307a74e1-9e15-4d8a-ab22-54073e79f852,eda46f92-1199-410d-aac6-bd911cb65070,299a8f80-c512-4987-80d2-c15927f4e916,2025-10-06T05:51:29+00:00
04d38f1e-36e3-4a24-bdd9-ea224d21626c,eda46f92-1199-410d-aac6-bd911cb65070,1df596d4-a79f-4572-9306-495047dbf75e,2026-01-24T02:56:44+00:00
1af8e4c0-f301-4f56-88c8-c088f7cc14a1,eda46f92-1199-410d-aac6-bd911cb65070,666bc6ff-a4ef-4446-b1f3-452d89ab9300,2025-08-13T14:42:58+00:00
134f379f-cc56-46e2-b123-aa62977a9a72,eda46f92-1199-410d-aac6-bd911cb65070,bf2e373c-d8de-4aa0-acb8-d8df0b844ebd,2026-03-06T22:20:32+00:00
b881d3e0-a77a-413f-b77a-aeb10c630934,eda46f92-1199-410d-aac6-bd911cb65070,94124252-c61f-4b05-ab17-fb467c898e0c,2025-11-16T05:18:45+00:00
67f3772c-3030-4f8d-b26c-4a05942bd8a3,eda46f92-1199-410d-aac6-bd911cb65070,e5d66484-0921-411a-aecc-60e791695a29,2026-07-25T11:39:57+00:00
ac298c19-7f11-48eb-9452-8e40d14a1487,eda46f92-1199-410d-aac6-bd911cb65070,febd8921-9308-4e28-acff-1ae8386589e3,2025-11-04T07:50:25+00:00
04d9b111-24b3-4c19-bca8-be9c3e6afe97,f9a9f941-87d4-4594-9d56-e44b3c94735f,74375a59-e8c7-406f-8580-d46c74187dc9,2026-07-03T05:19:14+00:00
693123ea-fa16-42f6-872c-00305aceab08,f9a9f941-87d4-4594-9d56-e44b3c94735f,b7fef60e-e709-4148-b2be-091d4a9dc1a5,2025-10-31T20:44:49+00:00
e8dfb1fb-ee54-4f16-a287-14bb0ac1a6fb,f9a9f941-87d4-4594-9d56-e44b3c94735f,4495e555-157c-430a-9288-2c59115408fe,2025-12-15T14:17:45+00:00
4836e6b7-f1a3-4ae7-9319-6436a754536f,f9a9f941-87d4-4594-9d56-e44b3c94735f,f91ff251-1181-4bdc-acdc-09ddd07c0f6b,2025-08-13T22:00:30+00:00
05838b01-68cc-4dda-b2f9-a8739bd5173e,f9a9f941-87d4-4594-9d56-e44b3c94735f,ded797b6-afed-4f9c-8ae0-35b3c61aa0e4,2025-08-30T06:00:09+00:00
c055b332-2ef1-4714-bc63-9f1ca2c71b60,f9a9f941-87d4-4594-9d56-e44b3c94735f,9683d7cb-c320-48ab-b91d-373a4a32cc44,2025-11-14T09:27:14+00:00
d14bd385-82c1-4caa-83a1-19d45d18fb98,f9a9f941-87d4-4594-9d56-e44b3c94735f,ffe376b0-b660-443d-9d11-cd993fa8abe4,2026-04-01T16:22:24+00:00
788ba8ba-0c95-4395-8ce3-a38d370df6e9,f9a9f941-87d4-4594-9d56-e44b3c94735f,ea8951c3-9063-4555-961a-8fcb0cc9fd92,2025-08-31T05:01:09+00:00
6813f888-09e9-4d56-89ac-a87b8747a8aa,f9a9f941-87d4-4594-9d56-e44b3c94735f,bf6c0e33-5fc6-4e92-8a2d-83065bf149c4,2025-08-20T13:54:04+00:00
4c20fb6b-3283-4ddf-af7c-585d757cf248,f9a9f941-87d4-4594-9d56-e44b3c94735f,23a55d2c-5ac7-43a9-a6a4-20734b79d7ae,2025-11-30T18:47:49+00:00
fe25b74e-618d-4dcd-b1dd-530942811a1e,f9a9f941-87d4-4594-9d56-e44b3c94735f,f79de4b1-f0cc-45e9-85c3-b3112725fde1,2026-01-30T06:43:55+00:00
2bbe71a0-34df-4c0a-953d-81fa9e2ca793,f9a9f941-87d4-4594-9d56-e44b3c94735f,0df66891-b25c-4d7b-98bc-826d9e286a20,2025-09-02T14:35:09+00:00
ba30434b-eb23-40db-ae62-88b592a08c26,f9a9f941-87d4-4594-9d56-e44b3c94735f,4b87053a-c2e0-4a91-bd88-3da84717c1af,2025-09-15T19:40:44+00:00
bbd24dd3-ea45-40ee-97bb-7adbc3913f66,f9a9f941-87d4-4594-9d56-e44b3c94735f,dd97c4bf-c562-41cd-943b-218a8b5baac4,2026-07-09T21:18:03+00:00
c44ff687-2d67-47f6-b1cc-3474b0c2f83a,f9a9f941-87d4-4594-9d56-e44b3c94735f,8655633c-8b61-41b6-8e06-e79ce464e099,2025-08-01T23:50:16+00:00
2142d1e5-91b8-4386-8b48-0da0175554b4,f9a9f941-87d4-4594-9d56-e44b3c94735f,5c27de08-e263-49f8-b85c-5d1bfb70223d,2025-11-05T09:46:04+00:00
a9130002-dad5-42fb-8a85-4afdc222582f,f9a9f941-87d4-4594-9d56-e44b3c94735f,0b20e057-ab25-4963-a1eb-383458386c85,2026-03-13T07:44:11+00:00
2019449c-0392-4523-ac42-6766a7632cd1,f9a9f941-87d4-4594-9d56-e44b3c94735f,79f24b18-9bf0-4e1b-be57-3291ef518791,2026-08-30T21:05:37+00:00
bec5435a-0ccd-482b-a4ad-df3e91de3b06,f9a9f941-87d4-4594-9d56-e44b3c94735f,39253471-72c7-42b6-ad3a-569f5728f21e,2026-01-15T10:03:19+00:00
6d5e5d75-6667-4f71-9a0f-5c68b5ca41ef,f9a9f941-87d4-4594-9d56-e44b3c94735f,8d0a4127-34d4-4cb0-ab2c-8a44732c4636,2026-01-28T18:36:23+00:00
01db78fe-5b79-4838-80c0-64f52e59dff4,f9a9f941-87d4-4594-9d56-e44b3c94735f,fd24cb3c-d535-4d3e-8f20-04616346c1f3,2025-10-13T23:17:10+00:00
c09525a0-4454-4c31-890e-c323e1321190,f9a9f941-87d4-4594-9d56-e44b3c94735f,29b08317-6763-47c6-93e5-e9d211886a27,2025-08-30T22:39:40+00:00
0354c706-2aee-4410-9ea1-ed56cea1b321,f9a9f941-87d4-4594-9d56-e44b3c94735f,58257853-1e57-4d62-9ffa-e3bb46ea2cbd,2026-04-14T05:20:27+00:00
048d7dc5-4446-496f-ab96-9ab70f932315,f9a9f941-87d4-4594-9d56-e44b3c94735f,09df0479-c184-43eb-84fc-57806ea9743a,2026-02-12T23:27:35+00:00
da9fdce7-9664-4b25-a5b3-cc1b47651af5,f9a9f941-87d4-4594-9d56-e44b3c94735f,577c7c58-b348-4b59-a994-19cbf0bd8b7f,2025-09-10T14:16:17+00:00
ced17cf9-b2bf-4d5f-a6f4-c30d039bacef,f9a9f941-87d4-4594-9d56-e44b3c94735f,ec6a23be-ddf8-411b-a001-feea58a50c51,2025-12-18T08:16:01+00:00
6c5a2dd3-af3f-4f7f-99a1-bfc6d16dccf3,f9a9f941-87d4-4594-9d56-e44b3c94735f,b79ed613-8b3e-476e-8337-9d3542f26656,2026-04-04T17:11:02+00:00
309f7c50-3f8c-4ce2-acae-a5e9080c6af4,f9a9f941-87d4-4594-9d56-e44b3c94735f,c826c699-c25f-4e45-bc9a-8ef83d1a94fb,2025-12-15T22:40:37+00:00
642cc0c0-d6bb-434e-8b00-c29662da1a78,587f8f76-fd1e-4ac0-ba23-2a07cd91fc4e,63e9a505-7c6b-4204-93f7-db5e9998f23c,2025-10-05T15:10:49+00:00
63d1f0b2-cffa-4b25-acd0-18e3a39559b1,587f8f76-fd1e-4ac0-ba23-2a07cd91fc4e,a14d5a0d-9ddc-4170-a239-6044cb65462e,2025-12-03T23:27:29+00:00
1afe478a-3091-41b4-aa5a-2d1b023d0de6,587f8f76-fd1e-4ac0-ba23-2a07cd91fc4e,501e8ce4-ec88-49ee-8091-df9797903b55,2026-03-13T23:33:10+00:00
cf34e67f-f9ac-4b3f-b9c5-baf06433a0c7,bbd981af-926c-45db-8178-8934a9fd8c0b,b2ebd1c7-416b-4645-a522-88f29c4fd3fa,2025-08-15T02:47:13+00:00
564a7b26-fec6-46ce-88af-2d165e2ecb42,bbd981af-926c-45db-8178-8934a9fd8c0b,4880e488-a1c2-4958-ba10-b7c3297adba8,2026-02-25T01:50:50+00:00
3abb38f4-ffaf-4c38-a534-d626b2114f44,bbd981af-926c-45db-8178-8934a9fd8c0b,74375a59-e8c7-406f-8580-d46c74187dc9,2026-05-11T02:56:29+00:00
f91a1283-b6a8-4c00-9562-6d3ff2a102f0,bbd981af-926c-45db-8178-8934a9fd8c0b,810094ee-d2d1-4263-b5b9-7363f515bf05,2026-07-04T17:22:45+00:00
a2b25cf3-bb64-458e-891c-06bcc2b36661,bbd981af-926c-45db-8178-8934a9fd8c0b,af587165-10af-4199-96d6-3bcb946bf36d,2026-01-03T01:50:24+00:00
7ff73c58-de0e-4538-9679-cce3522bcc7c,bbd981af-926c-45db-8178-8934a9fd8c0b,5ca23f6e-524f-449e-b9d2-a758e70cff73,2025-09-01T02:17:40+00:00
cdecf704-b7b5-4833-a6f4-1864bdae6e81,bbd981af-926c-45db-8178-8934a9fd8c0b,42688444-55cc-483b-a92c-df6777013516,2025-08-18T03:27:49+00:00
1abeba4d-5858-488e-8aaf-b842399f60a1,bbd981af-926c-45db-8178-8934a9fd8c0b,faaadadd-7fbb-4e89-9638-90d9dab4fd2e,2026-08-23T20:52:54+00:00
c8b1f998-b929-4e43-95c6-a09f91a90f5b,bbd981af-926c-45db-8178-8934a9fd8c0b,7d2e833a-8242-43a6-93ca-e79df0b2cd59,2025-10-17T00:44:45+00:00
72fb403d-ed49-4dd3-8c19-d13b6ff54030,bbd981af-926c-45db-8178-8934a9fd8c0b,e19797db-e29f-48c3-a7bc-6f3ee4494c8c,2025-08-05T10:35:57+00:00
4d5dd774-aa07-49d6-95e4-0b9bb802e16a,bbd981af-926c-45db-8178-8934a9fd8c0b,b6be37f9-e731-49e9-b97d-838d7bb58dfd,2026-03-01T18:07:31+00:00
19688669-9f1f-4750-80bd-f4e7be37f83b,bbd981af-926c-45db-8178-8934a9fd8c0b,725e8519-9d26-48e9-a0d7-b1d766f3587d,2025-11-10T09:31:30+00:00
4f75c70b-071c-4bb1-a61d-cd0364be473f,bbd981af-926c-45db-8178-8934a9fd8c0b,006472ad-ef7c-49dc-a9a5-5be63552c118,2025-11-01T15:30:29+00:00
d743e5a9-46d5-4c60-8394-9e2af7ec975a,bbd981af-926c-45db-8178-8934a9fd8c0b,c826c699-c25f-4e45-bc9a-8ef83d1a94fb,2025-08-02T01:51:46+00:00
03b9cccd-3f7c-4d29-98c2-dbe2fa949454,9b428916-d78b-462a-9cb3-421c87bf74b9,5ce43817-8afb-43c8-aa72-569b92aeb223,2025-08-03T00:31:21+00:00
2a7b38fd-cefa-47f9-9984-d0ddcce7bb36,9b428916-d78b-462a-9cb3-421c87bf74b9,d7b30ac7-a843-4c2c-b7d0-5dbca0c169c3,2025-08-04T23:35:36+00:00
59b748cf-83b0-460c-95ec-533cfc9da0fb,9b428916-d78b-462a-9cb3-421c87bf74b9,7926d7b2-835c-4a6f-bf2f-3e38d4db3419,2025-08-03T17:20:50+00:00
71f9be6e-9431-4fd0-a120-3036aac95fde,9b428916-d78b-462a-9cb3-421c87bf74b9,39387e77-2cf5-4e83-a449-610606391894,2025-08-02T00:59:16+00:00
256fa7a0-7d51-4dd6-8aa7-01f737e5ab85,f7d1d42c-d247-4b49-90ad-4fb9a3a54849,d97c38cc-0971-42dd-869d-988ad7864fdb,2025-09-17T15:48:22+00:00
9bc35509-e77d-4c4a-bafa-fd8064aae0b5,f7d1d42c-d247-4b49-90ad-4fb9a3a54849,e818f248-82e9-43bc-9ab7-27d5be02776b,2026-01-02T10:28:56+00:00
ee852541-a47c-4948-849c-f655214f9db2,f7d1d42c-d247-4b49-90ad-4fb9a3a54849,f8ec5735-1c8f-4776-b569-2f0195771513,2026-06-02T10:34:52+00:00
3bd0e019-603c-45ba-a280-cd8da04a20a1,f7d1d42c-d247-4b49-90ad-4fb9a3a54849,1162a399-ae84-499c-86eb-5c0b8d4bd19d,2026-01-14T22:56:01+00:00
e680d113-bc60-418a-bd3e-45cc73b1914c,c75b1293-8267-42a4-b78e-4c4ffb3df52f,c76f1c0b-bf00-4af7-84b8-6ec1e8252901,2026-06-14T05:55:49+00:00
c4c1795d-35e6-4f64-8db9-71176177d943,c75b1293-8267-42a4-b78e-4c4ffb3df52f,8c0f035c-ed24-4e92-9e38-7d7562011845,2025-08-24T07:47:32+00:00
fb0a45a3-0fca-43ab-8ffd-05c0b799394a,c75b1293-8267-42a4-b78e-4c4ffb3df52f,2fdab17b-b531-49bd-b7bf-e2eccda6e5eb,2026-03-15T00:49:53+00:00
535c5512-fe36-4ef4-8a97-ea254b9999bd,c75b1293-8267-42a4-b78e-4c4ffb3df52f,95c27d41-572b-4b7a-b3cf-43833c5680e5,2026-03-16T15:33:33+00:00
4865130a-98a3-45ed-b312-09f2374a5e38,c75b1293-8267-42a4-b78e-4c4ffb3df52f,e5ead316-9492-4d0f-92fe-e9ee1533cfbf,2026-05-06T18:22:00+00:00
47daca33-8223-4bc2-8d7b-4234c371a981,c75b1293-8267-42a4-b78e-4c4ffb3df52f,42ddf256-149e-4757-b88b-4e24c8e6cb76,2025-09-04T00:14:54+00:00
86a8886b-7e0d-491c-9ad3-492b12e02c32,c75b1293-8267-42a4-b78e-4c4ffb3df52f,75c13d9c-916c-4e76-9219-1fb1448b7789,2025-10-26T07:39:58+00:00
24cb3e74-e347-4e66-8a82-eb3cbf6b1b1f,c75b1293-8267-42a4-b78e-4c4ffb3df52f,e6e0d4f1-b435-4b5d-b74f-b4c6c427868c,2025-10-16T04:05:35+00:00
c48ec654-3464-4d5f-bac4-6f77200a8190,c75b1293-8267-42a4-b78e-4c4ffb3df52f,123da5fe-c615-4c1b-a15e-c518ab63f804,2025-10-28T20:36:06+00:00
391f2b87-73ba-4176-b9c5-40df7d1732e4,c75b1293-8267-42a4-b78e-4c4ffb3df52f,8ca12932-1c6f-4ce8-b5ac-da66575fd911,2025-08-06T05:28:46+00:00
3a9dbf6f-c1db-456d-99c7-5e4830982678,c75b1293-8267-42a4-b78e-4c4ffb3df52f,f3f35b1f-6722-4fb3-9c50-39c6796b2515,2025-10-19T18:25:20+00:00
a558c28b-0412-40dc-88d0-452047962397,c75b1293-8267-42a4-b78e-4c4ffb3df52f,8655633c-8b61-41b6-8e06-e79ce464e099,2025-08-04T11:01:26+00:00
eb80cce9-b059-4824-bf8a-2d91ce5e7a23,c75b1293-8267-42a4-b78e-4c4ffb3df52f,d97c38cc-0971-42dd-869d-988ad7864fdb,2025-08-09T04:42:45+00:00
ff61d9a7-dcec-479d-b814-243352c37087,c75b1293-8267-42a4-b78e-4c4ffb3df52f,de74cf8e-baf2-424d-9e05-fa5a4aefa19e,2025-11-01T16:20:42+00:00
c03fa0c0-6aa1-42c3-a91c-d19910c58757,c75b1293-8267-42a4-b78e-4c4ffb3df52f,bc9cbd74-f51e-47e9-ba77-1f2c017e9cca,2025-09-06T18:58:18+00:00
590ff8a2-6afa-48f3-b9f8-637a4c9952e0,929fe289-f6bb-48e9-bfaa-b1e9dca141e2,b2ebd1c7-416b-4645-a522-88f29c4fd3fa,2026-08-30T23:14:45+00:00
5df1c24a-38ad-4e7f-82f5-bdabae11be80,929fe289-f6bb-48e9-bfaa-b1e9dca141e2,189077b3-db48-4236-959d-98880fad6d57,2025-09-27T03:56:30+00:00
7cc629bf-b613-4d17-acbb-b065390d74a8,929fe289-f6bb-48e9-bfaa-b1e9dca141e2,eb37e445-ad15-450f-aac9-165635b7ef7b,2025-10-07T00:56:05+00:00
a9471ba4-f8b5-49c2-b937-74e11490c959,929fe289-f6bb-48e9-bfaa-b1e9dca141e2,17b21723-fa8f-407d-8126-f99b09b1578a,2026-01-28T01:30:09+00:00
460bd5a7-3b70-4e45-95b5-a5bb9a052fdb,929fe289-f6bb-48e9-bfaa-b1e9dca141e2,94d89ccb-983f-49df-97a7-1886973331bd,2026-08-30T12:01:07+00:00
b7716030-d6a9-4033-a2ed-b032d0bda798,929fe289-f6bb-48e9-bfaa-b1e9dca141e2,38736e97-8380-4bc8-9d40-b95a6d5761ef,2026-03-16T06:51:59+00:00
893ac40a-3527-4609-a1f1-365f73d21441,929fe289-f6bb-48e9-bfaa-b1e9dca141e2,69546e0c-13bb-4597-8ce8-09cf53b9a4ff,2025-08-09T20:49:31+00:00
6e75b4e1-73bf-4c1f-bd4a-7a094beacd02,929fe289-f6bb-48e9-bfaa-b1e9dca141e2,577c7c58-b348-4b59-a994-19cbf0bd8b7f,2025-08-20T07:51:50+00:00
d5dbdd09-0594-4534-8138-e77230eec473,929fe289-f6bb-48e9-bfaa-b1e9dca141e2,dc64b030-9ad0-4b7f-aa39-1ea19decb440,2025-09-21T17:20:36+00:00
7637c941-f5b6-42ec-8bc4-3bd45b22f293,929fe289-f6bb-48e9-bfaa-b1e9dca141e2,887b7fc5-3512-427f-b5f1-d0629d72dcf0,2025-08-14T18:23:23+00:00
a4479d7b-1e9a-4ecb-95c0-502c43009322,929fe289-f6bb-48e9-bfaa-b1e9dca141e2,b000127a-7ff3-4aba-9f9f-56872787d1ed,2025-08-12T01:05:36+00:00
1b865a96-06ec-4c27-acc8-90931943d07c,929fe289-f6bb-48e9-bfaa-b1e9dca141e2,e984c74d-dd4a-466b-b93f-7f517e76b6c7,2025-12-25T13:59:52+00:00
6eaf6087-8db4-4be4-bcb2-e98a36084f73,929fe289-f6bb-48e9-bfaa-b1e9dca141e2,78adb4b4-64d8-4a3f-b789-0aeeccaf033e,2025-11-11T10:13:38+00:00
69c22952-3581-438b-b913-b9a3f809e7bb,929fe289-f6bb-48e9-bfaa-b1e9dca141e2,2e0927d6-79bf-4b1c-b9d9-5d2847205f9d,2026-04-24T13:36:50+00:00
52c18fd7-c486-4b4a-8d7e-ed8f8e4cff00,929fe289-f6bb-48e9-bfaa-b1e9dca141e2,630fe4a8-7f3f-4f97-93c1-03feb895bbd5,2025-12-25T10:55:17+00:00
4dc9bcaf-fa66-4f8a-a2db-f5c0b0564be2,929fe289-f6bb-48e9-bfaa-b1e9dca141e2,d30b8eb3-05ed-4a73-b6e5-042436e46b37,2026-02-11T23:22:57+00:00
8dce5aeb-6fa0-4d37-8354-6b4146e36090,929fe289-f6bb-48e9-bfaa-b1e9dca141e2,e67d37fe-aa3a-4812-8a3a-0cad3700d22f,2025-08-10T06:19:53+00:00
6173c925-a849-4a9f-89cd-6f31785a4fcf,929fe289-f6bb-48e9-bfaa-b1e9dca141e2,828a88f5-8cb3-48a8-9e07-3db32ed9a35d,2026-02-12T20:23:10+00:00
df522f32-661a-4058-b1e4-75899d8939a2,dfb31c2b-ce28-4550-802c-66bfc2b42f83,d24b23ee-291d-4c2f-8c3a-ce1251c2c3d8,2025-12-05T04:53:46+00:00
d6163235-9cf2-4351-9d23-ab8409bd4471,dfb31c2b-ce28-4550-802c-66bfc2b42f83,7d339706-bfcc-4887-91f1-ec63d2d23823,2025-08-13T11:05:08+00:00
fb5f06ba-4f7c-4b23-aef0-e070f86b2d37,dfb31c2b-ce28-4550-802c-66bfc2b42f83,0b20e057-ab25-4963-a1eb-383458386c85,2026-08-31T19:18:46+00:00
b4c73c86-ada7-446d-9ea2-f3fc7313478b,dfb31c2b-ce28-4550-802c-66bfc2b42f83,4dedd047-d3e8-4791-873c-6053577084d1,2025-12-02T18:28:02+00:00
cc5e41ad-074b-44cd-ab72-70e739964fe3,dfb31c2b-ce28-4550-802c-66bfc2b42f83,a80b24ca-19f4-4796-9a5e-683f4e8f7b14,2026-02-21T05:56:46+00:00
38128790-5f5e-4045-80db-3e9c5e1ffd6b,dfb31c2b-ce28-4550-802c-66bfc2b42f83,e7f25965-2024-4c9f-a575-caa1e7bc13df,2025-09-03T18:45:08+00:00
938bbf56-9b05-495b-8d41-b97d5d22a144,dfb31c2b-ce28-4550-802c-66bfc2b42f83,3ae23a73-75a2-49e9-b24e-8c3459016993,2025-10-07T17:39:57+00:00
216ec623-6c57-4f65-8aae-cfb9f5b9d03e,dfb31c2b-ce28-4550-802c-66bfc2b42f83,8d1ad378-722c-4717-abf4-9283311d7566,2026-03-25T23:44:55+00:00
4a0162cc-bf7e-4cc0-993c-b1fdcd89df12,dfb31c2b-ce28-4550-802c-66bfc2b42f83,4366727f-cad9-45ec-ac07-3b7e024b94a1,2026-08-16T16:13:20+00:00
30931cd5-7d40-4288-a069-e7617b8df4fe,dfb31c2b-ce28-4550-802c-66bfc2b42f83,c6fd42f0-6060-47cf-a8e8-e24dcaee7d26,2025-12-10T00:31:22+00:00
14e2bbd0-53a1-4a58-95fe-64831a1324d7,dfb31c2b-ce28-4550-802c-66bfc2b42f83,cbcba9e3-129e-437d-adc8-13aae5e788ac,2025-08-03T12:51:31+00:00
36c27643-9ec3-4245-8bbf-739d4784e793,71e43f97-5cb6-4405-bb99-f05bbf9981ab,635cb86b-03c7-4fb4-884b-ced27f9691bb,2025-08-06T08:09:45+00:00
09d3a3bc-dd44-4dce-a7a5-defe1cd8677a,71e43f97-5cb6-4405-bb99-f05bbf9981ab,ba1fa7b7-1ba1-4dcc-8cde-7e8038432e3d,2025-08-06T15:31:38+00:00
9f3a1d98-bfa3-45c9-9223-1bbe724571bc,71e43f97-5cb6-4405-bb99-f05bbf9981ab,f91ff251-1181-4bdc-acdc-09ddd07c0f6b,2025-08-06T06:35:49+00:00
6ef9a747-491b-4597-b7e3-5a8562307c4f,14af7d67-5092-4707-9a83-4293424cfff5,aedee5fd-dd23-420b-9df6-813aa5259225,2026-05-09T14:08:11+00:00
ea3d005a-ee3c-4abb-b6f7-5fc9b79839ae,14af7d67-5092-4707-9a83-4293424cfff5,cdb4ace0-6ea2-498d-90e8-2009a10848ce,2025-10-11T14:28:24+00:00
701349d0-56e0-44e1-baa2-14fe3244f76e,14af7d67-5092-4707-9a83-4293424cfff5,c76f1c0b-bf00-4af7-84b8-6ec1e8252901,2026-01-23T16:59:50+00:00
a3e6b920-5452-4856-808a-cb2ba3d37f52,14af7d67-5092-4707-9a83-4293424cfff5,054fe171-2aa2-4064-be59-369e103477d7,2025-12-19T01:14:17+00:00
4191b014-8ed8-4d99-a02b-0476dea3b457,14af7d67-5092-4707-9a83-4293424cfff5,1738f94b-1c67-4612-9cd8-819ca50c35e3,2025-08-05T15:37:17+00:00
c740a95a-51f1-4383-882f-31c975152b79,14af7d67-5092-4707-9a83-4293424cfff5,0a9a118f-fbfc-414d-a857-63246dad3ee3,2026-04-26T00:08:37+00:00
72e15d42-5df1-4c86-b778-45af3b2d3d42,14af7d67-5092-4707-9a83-4293424cfff5,53a84c41-db22-49bf-98bd-d408fffdabc3,2025-09-08T18:46:42+00:00
37c85f1a-6001-4a69-8d73-9bb2c1198a33,14af7d67-5092-4707-9a83-4293424cfff5,b6be37f9-e731-49e9-b97d-838d7bb58dfd,2026-03-31T00:21:59+00:00
f5202b39-b0df-412b-a628-3574a4744a34,14af7d67-5092-4707-9a83-4293424cfff5,20be0228-dff5-4a8a-9078-9f3e013731d6,2026-03-21T14:27:27+00:00
deed9dfa-5572-4f4d-b888-e358a8fc6fc6,14af7d67-5092-4707-9a83-4293424cfff5,081ff1ec-6b6e-4345-b592-685440228bd4,2025-08-03T10:41:55+00:00
7d113cfd-568b-4c2b-b69f-9dfec21561b4,0e73a2d7-d306-4c79-b892-9d61f5bca2c8,1ce85b38-45d8-4fc2-a23d-d01ad37ee8fb,2025-08-03T15:55:25+00:00
b5a48c0d-11a0-4f69-b6e1-56af1df8e2df,0e73a2d7-d306-4c79-b892-9d61f5bca2c8,e5d66484-0921-411a-aecc-60e791695a29,2025-08-05T03:47:45+00:00
d75d2e0e-6d27-4a6d-99bd-3229ac87a835,649c42a8-4c24-4f52-a8d6-6558b1564ee2,ba1fa7b7-1ba1-4dcc-8cde-7e8038432e3d,2025-08-04T05:40:55+00:00
81288007-2736-4810-b800-1291f5eb6ed5,649c42a8-4c24-4f52-a8d6-6558b1564ee2,09df0479-c184-43eb-84fc-57806ea9743a,2025-08-07T03:55:26+00:00
3e11a400-cf71-4e5a-a83a-8301c96377b5,649c42a8-4c24-4f52-a8d6-6558b1564ee2,1f5c9368-f634-4128-84d2-ef868162ba53,2025-08-04T07:52:26+00:00
f1c865f2-bf0f-44e1-8efd-b1e17f2f8796,5f4747f5-0674-480d-9f65-3a9ca785d8d1,62d505af-b1ab-402a-b8ac-bf03c359aea7,2025-08-06T14:47:48+00:00
7a3cd135-6eb2-453d-a39d-d377e3d5dd67,5f4747f5-0674-480d-9f65-3a9ca785d8d1,6e62d7bb-6bda-4ea0-82c5-87c508932975,2025-08-04T21:51:23+00:00
23bb61fd-a7a4-40d5-b392-6c310e91918b,15ffccac-6318-4ccb-8972-7eeeebaf6503,76bd97a4-07c7-41e0-bb56-e614d523bb85,2026-02-06T09:52:20+00:00
ae1fd256-4323-4a3f-9684-3e4ff602b07a,15ffccac-6318-4ccb-8972-7eeeebaf6503,05c1b613-6547-49f7-a31f-dfedc7876aca,2026-07-18T19:57:34+00:00
0f98ea58-0b62-4aad-b46f-54c30841b390,15ffccac-6318-4ccb-8972-7eeeebaf6503,e67d37fe-aa3a-4812-8a3a-0cad3700d22f,2026-03-14T06:36:23+00:00
be5cbd31-d61e-4e6a-92be-18061a309d14,15ffccac-6318-4ccb-8972-7eeeebaf6503,632a3efa-008f-4d2e-9fa6-0a2e1c332a14,2025-08-07T00:58:01+00:00
036b6814-41cd-4225-97ae-4f33bc383a92,15ffccac-6318-4ccb-8972-7eeeebaf6503,39253471-72c7-42b6-ad3a-569f5728f21e,2025-08-06T17:01:40+00:00
c4068827-c831-4b61-9c6c-4471f2d0aa1e,15ffccac-6318-4ccb-8972-7eeeebaf6503,4cf59a7d-3daf-44fe-8e86-aa4389b82fc0,2026-06-02T01:17:49+00:00
6cd9b516-4989-41c7-88c5-b6f4302cabbe,15ffccac-6318-4ccb-8972-7eeeebaf6503,ac90d181-ee36-49c7-a813-3467b90807dc,2025-09-25T10:59:09+00:00
fdc43762-b94b-496f-9ad1-b67aa06b1b8e,3d1692a9-31bd-48a3-9c44-bcb87da99383,04ef5bae-6f20-43c1-84c2-80053a99d1b1,2025-08-07T06:23:22+00:00
74d2a97b-80b3-4252-8170-4522b21c79b5,3d1692a9-31bd-48a3-9c44-bcb87da99383,536e9f2a-3aad-4928-9766-ddb2f2ce04bb,2025-08-09T12:10:48+00:00
990fa409-9182-4305-914b-ba4bab452245,3d1692a9-31bd-48a3-9c44-bcb87da99383,53a84c41-db22-49bf-98bd-d408fffdabc3,2025-08-08T12:00:40+00:00
4b64aa19-42bf-48db-8fee-53dc1483c33e,3d1692a9-31bd-48a3-9c44-bcb87da99383,29b08317-6763-47c6-93e5-e9d211886a27,2025-08-08T02:42:01+00:00
b7ac5328-7373-4070-ad78-aeac54920423,3d1692a9-31bd-48a3-9c44-bcb87da99383,7759297b-afe9-4b95-8e56-6c553c734e03,2025-08-08T18:22:08+00:00
7747f87e-945a-42db-acd3-c684c8436259,f71969e6-8bdf-4f60-8dc8-cae3528dd04c,0d63423b-88a8-461b-94f4-e18357eba2f3,2025-09-25T15:04:34+00:00
dee84d9b-7b4b-498e-9032-163126f6111c,f71969e6-8bdf-4f60-8dc8-cae3528dd04c,fddcb198-bf64-4afe-a7ba-49b9d8c59c2d,2026-03-02T10:29:39+00:00
b2ce09ac-19c8-4dbd-9115-e85329b838d0,f71969e6-8bdf-4f60-8dc8-cae3528dd04c,ffae7a2d-9aea-4536-8cf4-dd5a807a4405,2026-07-15T07:08:05+00:00
1fed871d-533d-4b84-ad48-b745c25f93e1,f71969e6-8bdf-4f60-8dc8-cae3528dd04c,feb4d905-0b79-4ac5-9d53-4c64f8023f17,2025-08-13T21:20:27+00:00
f8368fe7-2267-4564-9f06-66fb76ea6cd7,f71969e6-8bdf-4f60-8dc8-cae3528dd04c,cdcd2f90-549e-4f8a-a600-5ffc9f8c2d74,2025-08-07T03:05:05+00:00
aaadc267-2882-4ea6-8cce-9b8c65cbec44,5ba4358a-ee72-4479-a2ec-7129b1ba05e0,2025475c-1545-4632-8937-5fe6f57953a0,2026-03-08T23:12:12+00:00
d62dbd30-7320-4326-941a-d545eb3d489a,5ba4358a-ee72-4479-a2ec-7129b1ba05e0,ce44b626-aa47-48a3-b23b-c2866dfefd6d,2025-09-08T01:14:56+00:00
49b482d6-506e-42e1-ac1d-78ef23a371bc,5ba4358a-ee72-4479-a2ec-7129b1ba05e0,99348a51-08e9-4760-8822-b2f8debef37f,2025-12-19T14:38:19+00:00
ee1c6f0c-8d57-4411-bdfa-c9da374e8151,5ba4358a-ee72-4479-a2ec-7129b1ba05e0,b2d72011-02df-4d85-8d8c-9c12e9aa4b3a,2025-09-22T08:39:50+00:00
b8d793f6-535e-4c2d-8bea-3129c958b61b,5ba4358a-ee72-4479-a2ec-7129b1ba05e0,8655633c-8b61-41b6-8e06-e79ce464e099,2025-08-09T06:16:15+00:00
b1146d07-e9e4-49e4-8329-cb2df745040d,5ba4358a-ee72-4479-a2ec-7129b1ba05e0,dd31032b-6dd2-426d-bfc1-f03e9f5eefa1,2025-08-29T10:32:48+00:00
2704fa5f-410a-4ecb-b433-48877a66ad65,5ba4358a-ee72-4479-a2ec-7129b1ba05e0,75c13d9c-916c-4e76-9219-1fb1448b7789,2026-02-23T20:30:23+00:00
9e2538ab-cacc-4dfb-a812-ff3e69025276,5ba4358a-ee72-4479-a2ec-7129b1ba05e0,d7b30ac7-a843-4c2c-b7d0-5dbca0c169c3,2025-09-29T10:47:43+00:00
39da0fb2-e309-411f-a0a8-7e1e6b8a835b,5ba4358a-ee72-4479-a2ec-7129b1ba05e0,5c27de08-e263-49f8-b85c-5d1bfb70223d,2025-09-27T10:55:32+00:00
53b4cbd9-f988-4f1f-bcf0-d9a0b9cb5f31,5ba4358a-ee72-4479-a2ec-7129b1ba05e0,b60473a7-fc1d-48a6-b979-2e6c324f1b4c,2025-08-08T05:01:11+00:00
ef1e2316-44d1-4f64-a82e-fefe88078429,5ba4358a-ee72-4479-a2ec-7129b1ba05e0,323eb581-df66-495e-b4c3-b8d51316dccb,2025-08-12T04:39:00+00:00
70b26bf2-9841-4fe0-b11c-840e3fc5127c,5ba4358a-ee72-4479-a2ec-7129b1ba05e0,9683d7cb-c320-48ab-b91d-373a4a32cc44,2025-11-19T02:41:17+00:00
88019bcb-018d-4f52-9601-9f0b0ddb3104,5ba4358a-ee72-4479-a2ec-7129b1ba05e0,52d44442-4dbc-40af-bbe3-a97d1e165b33,2026-08-28T01:52:28+00:00
6dfa75d3-83f1-46be-bc7e-262f3e9a2879,10cdf5c7-f54b-47b0-a25b-15eb7ca7c045,4191e4fb-4f72-4e71-ad79-a05abd92be9f,2025-08-12T05:27:18+00:00
8a7c417d-a4ce-4ef1-882a-e1ac0cc8a47d,10cdf5c7-f54b-47b0-a25b-15eb7ca7c045,7d2e833a-8242-43a6-93ca-e79df0b2cd59,2025-08-06T20:37:19+00:00
cb73d557-e986-4e7e-b624-7f36021e733f,51b614bb-7119-4241-afcc-bb1287c60fd7,887b7fc5-3512-427f-b5f1-d0629d72dcf0,2026-04-23T05:27:06+00:00
92430628-7a34-41ac-8801-b750ad4256c4,51b614bb-7119-4241-afcc-bb1287c60fd7,f87b345a-0777-46fc-865a-b76dacc1e90a,2025-08-23T13:41:58+00:00
59106e9a-6cf4-4f91-8a3c-8bf52bd16354,51b614bb-7119-4241-afcc-bb1287c60fd7,17bc3a75-830c-41bc-b847-8447593a7d03,2025-08-10T21:35:48+00:00
b4d04bf8-9702-45cc-a416-dd432880a9bc,51b614bb-7119-4241-afcc-bb1287c60fd7,6cad3973-c23d-4cec-bb0c-6ecf78003373,2025-09-20T23:07:39+00:00
158fb170-41da-43f1-8493-933d34d0e2bc,db80c304-e1e8-44b9-9f6c-fb1d9522b2e7,1fba3799-d4cc-4a1c-84d6-51146012067e,2025-09-19T22:59:25+00:00
4d299a11-7a82-4957-8899-f5fa07fbe77c,db80c304-e1e8-44b9-9f6c-fb1d9522b2e7,1d5d0e99-092b-4d98-baab-26f3c7b32aeb,2026-05-02T12:17:33+00:00
2c4bbb2f-9b6c-416b-98cf-c4b36d7579e9,db80c304-e1e8-44b9-9f6c-fb1d9522b2e7,6eaf2004-a475-4bbd-b327-ceb492d267a7,2025-08-12T09:12:32+00:00
dab3aa8b-9cc9-4ffe-a10a-1fbc3ae9761e,db80c304-e1e8-44b9-9f6c-fb1d9522b2e7,f965e2e1-14e1-441b-bd2e-db6def83457a,2025-10-11T20:59:18+00:00
426abfde-fa47-4c8c-9eab-c8202e92db52,db80c304-e1e8-44b9-9f6c-fb1d9522b2e7,f87b345a-0777-46fc-865a-b76dacc1e90a,2025-08-08T06:50:39+00:00
b036965d-e106-43a0-88c8-dc5aed7d967d,db80c304-e1e8-44b9-9f6c-fb1d9522b2e7,0c75c528-0777-4d48-b0e4-87ab07dcd5a2,2025-08-26T13:29:24+00:00
107211a9-ec90-4304-8fd0-87401c7540a1,dcd5c0fb-0540-484f-890c-4c6c5cd19b27,e735ab9c-d62e-4e4c-a719-99a447547e16,2025-09-06T02:25:30+00:00
5906c028-37d2-47ed-b1e3-e3e24f9caa36,dcd5c0fb-0540-484f-890c-4c6c5cd19b27,db4d2942-4cc1-45f1-87fc-07d96b772a6e,2026-01-08T12:17:43+00:00
43d5c20e-fe1f-4a96-bebd-7bcf7b2a7582,dcd5c0fb-0540-484f-890c-4c6c5cd19b27,43dbd776-bd4c-4ef1-933a-59af47a589b5,2025-08-09T07:15:13+00:00
7aa20fc2-8b7b-4830-99f6-aa792f68519b,dcd5c0fb-0540-484f-890c-4c6c5cd19b27,9e8e0225-d22d-409e-a1ce-2e9061fc7344,2025-11-16T22:24:38+00:00
59d357bd-8b61-4dcf-bb6b-b8c596ef4bb8,dcd5c0fb-0540-484f-890c-4c6c5cd19b27,8d9a7d65-67f7-4c3e-b3ec-57b9652f01a1,2025-10-07T07:17:52+00:00
e4b8d73b-61cc-48dc-8fab-0f362ebb2efe,dcd5c0fb-0540-484f-890c-4c6c5cd19b27,0df66891-b25c-4d7b-98bc-826d9e286a20,2025-10-22T16:54:48+00:00
3c6f2700-8b08-4cdd-99fc-f3e9287a7a9a,dcd5c0fb-0540-484f-890c-4c6c5cd19b27,51dac652-9517-4e31-b9c9-905c3968e085,2025-08-08T12:40:25+00:00
1322981f-3ac6-46c0-a7e6-3ab11414d02b,63cbba12-8df2-42f2-a3d1-f4fc3a078abf,61bc54ff-d92a-459a-b783-749eeba4b206,2026-05-10T15:04:29+00:00
33380964-3701-44da-9b1e-8a32a92e6aa3,63cbba12-8df2-42f2-a3d1-f4fc3a078abf,6eaf2004-a475-4bbd-b327-ceb492d267a7,2026-03-01T18:39:27+00:00
90cfbd13-da96-4846-a670-e250d1a5b6b3,63cbba12-8df2-42f2-a3d1-f4fc3a078abf,4366727f-cad9-45ec-ac07-3b7e024b94a1,2025-12-22T12:41:54+00:00
322c341a-14bc-4edf-ac6b-74f779cda9c9,63cbba12-8df2-42f2-a3d1-f4fc3a078abf,f3f35b1f-6722-4fb3-9c50-39c6796b2515,2025-08-20T20:13:30+00:00
8e8af45e-458c-46cc-94ef-78ea2f5a016b,63cbba12-8df2-42f2-a3d1-f4fc3a078abf,78adb4b4-64d8-4a3f-b789-0aeeccaf033e,2026-05-31T04:09:48+00:00
89f822fe-1041-4f87-8df5-57aac1491b18,63cbba12-8df2-42f2-a3d1-f4fc3a078abf,1fba3799-d4cc-4a1c-84d6-51146012067e,2025-10-09T10:23:08+00:00
ee7596d6-acaa-4476-b2c2-99f8042edb16,63cbba12-8df2-42f2-a3d1-f4fc3a078abf,e7f25965-2024-4c9f-a575-caa1e7bc13df,2026-02-16T11:14:51+00:00
fa44b680-6568-41fe-91f3-69e5b042df70,63cbba12-8df2-42f2-a3d1-f4fc3a078abf,e5ead316-9492-4d0f-92fe-e9ee1533cfbf,2025-10-25T19:16:55+00:00
fdb2de7e-8380-4563-842e-7d2b914776e6,63cbba12-8df2-42f2-a3d1-f4fc3a078abf,d1069292-d635-44f8-8c01-1494891ae61f,2025-09-18T13:01:57+00:00
0a788625-3b20-4946-b1eb-af603a7f6505,e9370c08-1a23-4715-b595-3554fe0e2f57,681a768e-2c15-4f60-b8bb-6613e5d882f5,2025-08-09T12:55:20+00:00
e1a251ef-c250-4e82-82aa-fa3d209268be,e9370c08-1a23-4715-b595-3554fe0e2f57,6e62d7bb-6bda-4ea0-82c5-87c508932975,2025-08-08T23:20:25+00:00
b83969e4-165b-4a04-bce4-d5b2a9bef9b4,e9370c08-1a23-4715-b595-3554fe0e2f57,d30b8eb3-05ed-4a73-b6e5-042436e46b37,2025-08-08T20:04:50+00:00
78936780-827c-4add-a716-fe6bc49c7dbf,e041a612-ec43-4f19-801c-a8b4f28afab8,4c8ec64f-c0d0-4cfb-b064-d47de0ec57ba,2025-08-12T05:05:27+00:00
38b54f25-8db5-4e7c-9833-81465a50a3cb,ab5ac6d3-f3b9-4e9e-b6e2-e3ea0d7be2dc,2025475c-1545-4632-8937-5fe6f57953a0,2026-06-06T21:47:52+00:00
3775378e-9d05-4a03-be91-7524df21bc5e,ab5ac6d3-f3b9-4e9e-b6e2-e3ea0d7be2dc,a1e2e693-3bde-4f70-9281-01259889ee69,2026-04-22T06:42:23+00:00
99e42f6b-3d73-45c0-8dbd-003771ab7977,ab5ac6d3-f3b9-4e9e-b6e2-e3ea0d7be2dc,f04a183f-150b-4c94-add4-8f70333e2504,2025-09-29T13:04:46+00:00
490cca95-802a-4c74-8631-9cdc0c4275de,ab5ac6d3-f3b9-4e9e-b6e2-e3ea0d7be2dc,de74cf8e-baf2-424d-9e05-fa5a4aefa19e,2025-09-20T21:30:34+00:00
0a9b0e56-b61f-4e7b-a646-095f24f86ea7,ab5ac6d3-f3b9-4e9e-b6e2-e3ea0d7be2dc,3508da09-a51b-4ff3-8e0e-ee486e956b89,2025-10-30T03:42:36+00:00
651846fa-bfd3-479a-a248-b9a271473ebc,ab5ac6d3-f3b9-4e9e-b6e2-e3ea0d7be2dc,743aae1e-e024-4953-a3ae-1413333f514f,2025-11-05T12:43:02+00:00
82abcb44-cf79-4360-a753-4d43fa6f698b,ab5ac6d3-f3b9-4e9e-b6e2-e3ea0d7be2dc,e0ac1371-730b-4fd6-8af4-80859ee0ade7,2026-02-13T16:19:29+00:00
5aaab0c8-c828-4de7-97e6-ed5084dd046f,ab5ac6d3-f3b9-4e9e-b6e2-e3ea0d7be2dc,d70b90fa-8a9d-408e-b442-7d148a6095e5,2025-08-13T01:38:33+00:00
f35d3b86-20df-443b-96cb-62627f742aed,ab5ac6d3-f3b9-4e9e-b6e2-e3ea0d7be2dc,1cd103c5-ca45-4990-b0e8-9aeda141fced,2026-02-05T23:35:00+00:00
674eaea4-64d7-4691-bd5b-62cd557f1eb4,ab5ac6d3-f3b9-4e9e-b6e2-e3ea0d7be2dc,0b20e057-ab25-4963-a1eb-383458386c85,2025-10-16T18:30:42+00:00
b1959708-7c3d-4851-ad88-7e359d2a77aa,ab5ac6d3-f3b9-4e9e-b6e2-e3ea0d7be2dc,22b1d57e-427b-4075-b871-f3a5bde40fbe,2026-07-08T03:48:41+00:00
b6c261f7-4390-4500-97cf-27e8a3071c2f,ab5ac6d3-f3b9-4e9e-b6e2-e3ea0d7be2dc,76948275-fc48-4c3e-b731-4436f90cd800,2025-11-21T18:28:36+00:00
4f00b1fe-030c-4802-a87c-832929a7369f,ab5ac6d3-f3b9-4e9e-b6e2-e3ea0d7be2dc,a2a97c5b-d72e-47bb-a8b8-355fcf007b68,2025-09-08T10:21:32+00:00
2dd1261f-96b1-45b2-a0f2-7e3021497ff4,ab5ac6d3-f3b9-4e9e-b6e2-e3ea0d7be2dc,5e792d2c-8426-4884-9092-5acfa7c688ed,2025-10-02T19:49:26+00:00
55bd422b-de61-416e-8387-1b5c7d590726,ab5ac6d3-f3b9-4e9e-b6e2-e3ea0d7be2dc,c76f1c0b-bf00-4af7-84b8-6ec1e8252901,2025-08-31T19:37:48+00:00
244f5da6-a174-436c-928b-368aa3ea2c1f,ab5ac6d3-f3b9-4e9e-b6e2-e3ea0d7be2dc,a9cdac52-fb98-4fca-a99d-9127b6f2d083,2025-10-09T23:39:12+00:00
b60ce279-12d2-43f5-8669-a50fa7894ff6,ab5ac6d3-f3b9-4e9e-b6e2-e3ea0d7be2dc,a1e4b04f-3354-4716-9914-0e447f91fb26,2025-08-16T21:29:47+00:00
04577032-3254-4b6e-94ae-5e028992cad3,ab5ac6d3-f3b9-4e9e-b6e2-e3ea0d7be2dc,1fba3799-d4cc-4a1c-84d6-51146012067e,2025-11-05T06:42:08+00:00
3be496b5-cf8f-4cbf-908d-23352700f655,ab5ac6d3-f3b9-4e9e-b6e2-e3ea0d7be2dc,e818f248-82e9-43bc-9ab7-27d5be02776b,2026-01-26T14:14:01+00:00
f6ceef3e-8bb0-4fea-955e-4d2cc36354f1,ab5ac6d3-f3b9-4e9e-b6e2-e3ea0d7be2dc,f7318ac8-5529-4cd7-98ea-c6b5c629b8b2,2026-02-02T22:39:13+00:00
022a4c69-bcf8-4960-ac92-bf06ef3c5120,ab5ac6d3-f3b9-4e9e-b6e2-e3ea0d7be2dc,5579985d-8b97-4fbf-89a3-3636d4a31837,2026-01-08T08:20:24+00:00
fe179cfb-05d2-4ce3-b7fc-d9940dc83206,ab5ac6d3-f3b9-4e9e-b6e2-e3ea0d7be2dc,6dfecb7f-63bb-498d-909f-4cbd7fd015e7,2026-02-12T07:09:57+00:00
68ec9b12-e23f-435c-b54e-8befaae31fb4,ab5ac6d3-f3b9-4e9e-b6e2-e3ea0d7be2dc,d30b8eb3-05ed-4a73-b6e5-042436e46b37,2026-02-12T15:57:19+00:00
87677c3e-b6bd-4cc8-8d03-371de8434f02,ab5ac6d3-f3b9-4e9e-b6e2-e3ea0d7be2dc,ae8523f3-49f1-45d4-ab29-0313676f12d0,2025-08-16T01:22:02+00:00
64f4fa95-eca2-404d-8238-8bc33cc98d41,ab5ac6d3-f3b9-4e9e-b6e2-e3ea0d7be2dc,659f0acc-033d-4e42-acb5-b569fa69a743,2025-09-09T08:07:35+00:00
4aa6e983-4c01-4a08-a852-c8ac2e5fa5a4,ab5ac6d3-f3b9-4e9e-b6e2-e3ea0d7be2dc,19d0052f-3a95-45b1-a564-0bcf21862cd4,2026-06-07T00:29:09+00:00
fa3c94f2-c0e7-4193-ba49-9f3939c5feab,ab5ac6d3-f3b9-4e9e-b6e2-e3ea0d7be2dc,da2d85dd-5c3d-4667-8788-6be2e47676a4,2026-04-15T05:54:45+00:00
12ab39f4-5079-49c0-8fc2-59c3bb1ac1d9,ab5ac6d3-f3b9-4e9e-b6e2-e3ea0d7be2dc,fe1dae52-39dc-4990-be70-ac03aa8ee90a,2026-01-27T16:41:31+00:00
484f85eb-e405-4dd8-9765-8df710ece6f4,ab5ac6d3-f3b9-4e9e-b6e2-e3ea0d7be2dc,f49e78ea-0b5a-4e38-8d8e-fecf93a3488e,2025-09-19T01:48:27+00:00
b6be72a8-88d9-42af-a12e-cadea04e0358,a9d0fee7-c0ed-4133-8765-92017f4f95e1,53a84c41-db22-49bf-98bd-d408fffdabc3,2025-11-16T21:26:15+00:00
ceae243a-ef54-4ad0-aea3-ac201c9ce96d,a9d0fee7-c0ed-4133-8765-92017f4f95e1,82c26f80-0b16-4534-b361-35fddfa95816,2026-03-08T08:00:26+00:00
e92883eb-e698-43cf-ad02-187cdf78fc0a,a9d0fee7-c0ed-4133-8765-92017f4f95e1,666bc6ff-a4ef-4446-b1f3-452d89ab9300,2026-04-28T07:55:31+00:00
a0ac1076-1172-471e-b323-7cc72a75087f,a9d0fee7-c0ed-4133-8765-92017f4f95e1,0581305f-6e14-482c-94be-e2a7bab71968,2025-08-19T11:36:56+00:00
04a27a6a-7daf-427a-b440-3140268d0f7f,a9d0fee7-c0ed-4133-8765-92017f4f95e1,b7a745a5-3025-4c9b-be31-be2069c14582,2026-07-23T08:51:09+00:00
6d30435b-3e29-49cc-921a-97617f5c16c2,a9d0fee7-c0ed-4133-8765-92017f4f95e1,87144f65-cce8-4440-b1c1-92d6c4ad5ac8,2026-07-28T05:05:14+00:00
1771dcd1-75e3-425f-a40d-39b05cf5b8ea,a9d0fee7-c0ed-4133-8765-92017f4f95e1,e19797db-e29f-48c3-a7bc-6f3ee4494c8c,2025-09-17T00:11:20+00:00
810a95b9-49cd-472f-b600-f2db96c4b87f,4006fe35-1353-45b0-b76e-308e0062c453,054fe171-2aa2-4064-be59-369e103477d7,2025-11-12T15:30:04+00:00
fab599a8-d446-4c20-b246-3a13ca5384b0,4006fe35-1353-45b0-b76e-308e0062c453,1df596d4-a79f-4572-9306-495047dbf75e,2025-11-23T11:28:35+00:00
8a7f87b2-5b64-465c-a65b-0bdfb0e88248,4006fe35-1353-45b0-b76e-308e0062c453,468552db-87c2-40a1-b501-f637c4f5d75a,2025-11-08T05:45:46+00:00
6d22e36c-279b-4f8d-af37-045fd8398eb1,4006fe35-1353-45b0-b76e-308e0062c453,b6be37f9-e731-49e9-b97d-838d7bb58dfd,2025-12-30T18:43:12+00:00
53ddca9e-530e-4284-9c6e-6ca888b8d004,4006fe35-1353-45b0-b76e-308e0062c453,d30b8eb3-05ed-4a73-b6e5-042436e46b37,2025-12-12T03:34:27+00:00
69258751-d51c-4cdd-8246-a2e407f75bd7,4006fe35-1353-45b0-b76e-308e0062c453,ce6b81a6-725e-4425-8a3f-ff7c7aaf1d32,2026-08-15T00:28:23+00:00
dad65557-ece1-4843-9de4-894e2b3530e0,4006fe35-1353-45b0-b76e-308e0062c453,fda29f93-a3e8-4fb9-84ba-b9b7b56ec5c2,2026-02-16T21:21:17+00:00
61e940e5-19f2-44c3-9bd6-3f3232f348f0,4006fe35-1353-45b0-b76e-308e0062c453,36d2e780-1eb8-4905-beb8-e2ebc5c6adb1,2025-09-28T16:01:07+00:00
6c8e2223-2a2d-48b1-97cc-b7706306157c,4006fe35-1353-45b0-b76e-308e0062c453,2709bb2d-e639-44c0-920f-80a9f4c4955e,2025-08-14T02:26:56+00:00
4a06b865-8e9e-4324-9717-3cdb2ee6e91e,bb641206-8c2d-4bf1-93e2-e77822499b6b,ceb5b100-6d16-4a2c-a1ac-94145b871907,2025-12-03T10:31:18+00:00
800e0043-2347-41b3-8787-9ec37907bd1c,a05bbe84-2890-495e-ba0c-51b1cfe4909c,c90cc779-75f4-4f0d-8f0e-bf02ad0ba33c,2025-08-12T11:29:00+00:00
0374baf1-b2a4-455c-9060-f5781ab42065,a05bbe84-2890-495e-ba0c-51b1cfe4909c,b6be37f9-e731-49e9-b97d-838d7bb58dfd,2025-08-15T15:00:47+00:00
e4785a37-aee5-4780-bb90-e91d5df360b7,356d8df8-dd69-4f7d-a87e-0c7d8c5cfd6c,09df0479-c184-43eb-84fc-57806ea9743a,2025-08-15T03:54:51+00:00
1186c8d9-f4c0-4bc7-bbdc-98b10fd95aac,356d8df8-dd69-4f7d-a87e-0c7d8c5cfd6c,caf7efc4-3973-492b-abf8-2af2f0caa4ef,2026-03-12T13:03:31+00:00
3fdedeb9-65ce-4fdc-9b23-dba2c71eeee4,356d8df8-dd69-4f7d-a87e-0c7d8c5cfd6c,a14d5a0d-9ddc-4170-a239-6044cb65462e,2025-11-04T14:21:08+00:00
000adeaa-7074-4352-9cf7-e4fb3ddb38a8,356d8df8-dd69-4f7d-a87e-0c7d8c5cfd6c,189077b3-db48-4236-959d-98880fad6d57,2025-11-23T01:36:23+00:00
2ca9d7e9-0b12-41c5-96cb-6c2552d4e1f9,356d8df8-dd69-4f7d-a87e-0c7d8c5cfd6c,be814268-912b-47b4-8181-c0ede2b04826,2026-01-18T16:36:17+00:00
1effa490-6948-4f36-9407-1427a4800d30,356d8df8-dd69-4f7d-a87e-0c7d8c5cfd6c,d04a9725-4a5b-49d3-971a-6c7bbb1d7355,2025-10-08T08:38:49+00:00
079108d1-930c-4b8d-85fc-7dd05dd87e85,356d8df8-dd69-4f7d-a87e-0c7d8c5cfd6c,7cbcbdd2-c81d-4c88-84cd-0c1ee4dcf86a,2025-10-04T19:06:19+00:00
8fa19b73-b3a5-478e-b106-0dac2c17ae9c,356d8df8-dd69-4f7d-a87e-0c7d8c5cfd6c,373c37e3-0e01-4319-81cb-158d1344da99,2026-07-27T09:49:58+00:00
b07d91bd-720f-4e81-a128-c647f1bf7fa3,356d8df8-dd69-4f7d-a87e-0c7d8c5cfd6c,6695a266-c3cd-43a7-a7fb-fcac77328615,2025-08-20T17:20:15+00:00
c6c1b10a-c93a-47e8-a62c-d0b7d24f5b86,356d8df8-dd69-4f7d-a87e-0c7d8c5cfd6c,a2a97c5b-d72e-47bb-a8b8-355fcf007b68,2025-11-30T10:28:42+00:00
c9f5ee39-eacd-4ccf-996a-3b90187344e6,356d8df8-dd69-4f7d-a87e-0c7d8c5cfd6c,b296b45f-615d-4fb5-8a3a-1c8e1a6337f6,2026-05-28T18:57:41+00:00
8616b3f8-e045-4ebe-a1f5-9420de42a528,356d8df8-dd69-4f7d-a87e-0c7d8c5cfd6c,2b77ffd4-2ea9-47fb-b996-21cee3b20d07,2025-11-18T13:31:10+00:00
16094138-78cd-4f4a-a73b-b24c45ffb127,356d8df8-dd69-4f7d-a87e-0c7d8c5cfd6c,44dae102-8716-4274-95ac-bf413382999a,2026-02-07T02:33:16+00:00
0c57b8e1-338c-4b26-8873-fad9137101dc,356d8df8-dd69-4f7d-a87e-0c7d8c5cfd6c,ae55ec52-cef0-4a81-8e34-dbdc085d2573,2026-03-27T15:19:57+00:00
63520391-bc68-414a-9889-1b2e9105e18e,356d8df8-dd69-4f7d-a87e-0c7d8c5cfd6c,fdf80e2a-8b01-4d79-a8c3-3ea29134c88c,2025-09-15T14:56:24+00:00
fe711a45-ef64-4e64-96eb-fe71da457633,356d8df8-dd69-4f7d-a87e-0c7d8c5cfd6c,51dac652-9517-4e31-b9c9-905c3968e085,2026-08-28T18:14:16+00:00
3aeba934-48e5-4b1d-b76f-c0aa95de7a29,356d8df8-dd69-4f7d-a87e-0c7d8c5cfd6c,f87b345a-0777-46fc-865a-b76dacc1e90a,2025-10-26T07:57:19+00:00
3c6112a9-f920-4f28-9582-cd5e9a2e34dc,356d8df8-dd69-4f7d-a87e-0c7d8c5cfd6c,917bdd4a-0545-41ea-8bbb-c3ec512a6c48,2025-08-15T00:51:17+00:00
f952e3d8-cbb6-4e14-b264-ecb01d6c9766,356d8df8-dd69-4f7d-a87e-0c7d8c5cfd6c,fba653f1-56a1-4e32-b3a6-1205a8a2e461,2025-08-13T11:45:06+00:00
9c58fd03-df1e-4e1b-b140-e74fa71553d1,356d8df8-dd69-4f7d-a87e-0c7d8c5cfd6c,e1ed7e6e-8e69-4089-a848-80cc71f34ee0,2025-12-18T17:55:23+00:00
08e77755-7d76-4183-bee2-dba863dfedf5,356d8df8-dd69-4f7d-a87e-0c7d8c5cfd6c,1df596d4-a79f-4572-9306-495047dbf75e,2025-08-18T08:23:52+00:00
90f3756f-5531-4597-bd70-da86133dfb5f,356d8df8-dd69-4f7d-a87e-0c7d8c5cfd6c,93a7f915-e31d-4603-af28-13fe5ff23ac3,2026-05-26T18:14:41+00:00
c0008d18-dd9f-4346-8eb0-d8217d83a44b,a968be6f-0066-45dd-960b-21dbd2b5f710,4bcfb395-99a4-40b8-a38e-0576e4ded0dd,2026-09-02T04:17:06+00:00
36481631-c6b9-43b2-8e7a-b008bafa35cd,b080bc8b-32e0-478b-a88e-0578c64791d9,5d00b0e3-2e7d-4703-ac82-a0935fb970f1,2026-05-11T05:43:56+00:00
02ef91a5-58de-41d8-b986-4e82b4ae5faa,b080bc8b-32e0-478b-a88e-0578c64791d9,7f332889-8032-467d-a20a-a0aadb0a6c98,2025-08-19T22:36:01+00:00
37a9a403-c0ae-4425-9324-95cac8c03878,b080bc8b-32e0-478b-a88e-0578c64791d9,9c406b9d-cd77-4899-a023-48de9fc080a7,2026-03-26T14:41:28+00:00
c599de2d-ed33-4588-91b1-ae0f3418295b,b080bc8b-32e0-478b-a88e-0578c64791d9,0183dc00-5b81-4d6d-aa94-59a230ee274c,2025-11-26T05:08:57+00:00
71cc529e-6880-4475-bff0-19f4e94f0d21,b080bc8b-32e0-478b-a88e-0578c64791d9,a80b24ca-19f4-4796-9a5e-683f4e8f7b14,2025-10-24T19:39:19+00:00
01e4dfe3-5e32-4c85-af9e-16fcf98104ef,b080bc8b-32e0-478b-a88e-0578c64791d9,43dbd776-bd4c-4ef1-933a-59af47a589b5,2025-08-21T04:38:52+00:00
a82f47d3-c44a-451a-874c-0ce63e57f505,b080bc8b-32e0-478b-a88e-0578c64791d9,c23dbe1f-e0ec-4c11-aa9d-12a5f551ed35,2026-02-19T03:25:26+00:00
2492305c-5ed9-4388-be1e-6712c2a8aa4d,b080bc8b-32e0-478b-a88e-0578c64791d9,f04a183f-150b-4c94-add4-8f70333e2504,2025-09-02T17:53:27+00:00
aa497e30-312a-449e-bb0b-204d1f62fc3e,b080bc8b-32e0-478b-a88e-0578c64791d9,cbcba9e3-129e-437d-adc8-13aae5e788ac,2025-09-12T20:47:07+00:00
40a5479a-ed4f-4f52-baad-0e24be20c774,b080bc8b-32e0-478b-a88e-0578c64791d9,52c5c6a9-39b5-4951-9af7-b20a0970bd62,2026-02-22T05:24:34+00:00
080023f0-feba-42b1-bcab-a09b016789f3,b080bc8b-32e0-478b-a88e-0578c64791d9,ded797b6-afed-4f9c-8ae0-35b3c61aa0e4,2025-11-01T01:18:08+00:00
454b6527-f0fa-4328-bf1d-5bfacc4b5462,b080bc8b-32e0-478b-a88e-0578c64791d9,01ad5d19-51ac-4277-bf22-13bac68b5a71,2026-02-28T05:46:43+00:00
d5ac516c-f7a2-43f5-9c9a-3330f11db01c,b080bc8b-32e0-478b-a88e-0578c64791d9,f1a0ec25-92c1-456d-bc62-93f211e3df90,2026-03-20T22:28:18+00:00
1457638f-1c60-40ba-bbaf-9e2d7a86d265,b080bc8b-32e0-478b-a88e-0578c64791d9,0c75c528-0777-4d48-b0e4-87ab07dcd5a2,2025-08-14T04:53:12+00:00
b79e65a5-04e8-4e34-a6a7-9311705d7b04,b080bc8b-32e0-478b-a88e-0578c64791d9,f79de4b1-f0cc-45e9-85c3-b3112725fde1,2026-04-04T04:27:44+00:00
8f8cdef1-bea6-4a29-82cc-d2b07468ccb6,93080960-eb08-4a26-bb57-5326ecda7d7d,5da9c176-ec13-4102-b6cf-121f4b145d5a,2025-09-13T16:49:00+00:00
a33eae1f-3b12-421e-9480-feb9b6672f9c,93080960-eb08-4a26-bb57-5326ecda7d7d,06ca99ad-46e9-4d5e-a72e-48628968c316,2025-10-22T16:45:41+00:00
c02b9140-542c-45f6-9bec-2b7febf823f1,93080960-eb08-4a26-bb57-5326ecda7d7d,52d44442-4dbc-40af-bbe3-a97d1e165b33,2025-12-14T09:22:12+00:00
cf68a79f-5bb0-41db-a977-7b3600cfe239,93080960-eb08-4a26-bb57-5326ecda7d7d,323fd007-baf9-422e-b5f8-b93742be059f,2025-09-30T00:44:28+00:00
9544769c-1b74-4da1-ab05-9bc0e00c8cbf,93080960-eb08-4a26-bb57-5326ecda7d7d,f8ec5735-1c8f-4776-b569-2f0195771513,2025-08-16T18:51:52+00:00
306dc79a-5b45-4a36-ba42-d11dc0efe256,93080960-eb08-4a26-bb57-5326ecda7d7d,0735b0aa-84bc-49aa-a78b-0ec4f2e216e6,2025-11-03T00:33:03+00:00
a376d7cc-a984-4c1e-91ad-a974c8a49d41,93080960-eb08-4a26-bb57-5326ecda7d7d,a83115e6-95d7-4710-8785-ad490862eb1d,2026-01-09T18:50:54+00:00
dba4e5fd-a64a-483e-b646-df4b4b8428ff,93080960-eb08-4a26-bb57-5326ecda7d7d,7d2e833a-8242-43a6-93ca-e79df0b2cd59,2025-09-13T20:52:56+00:00
c44946f1-5135-4e61-8b38-de7ba5d204f2,93080960-eb08-4a26-bb57-5326ecda7d7d,a0e2974c-e309-4d0a-be48-f7744ff2a50d,2025-09-02T05:06:44+00:00
4cd49a3c-cd33-4056-a1be-c9bb1c3b9c6e,d73af723-b0b4-4c9b-8c9a-a571d3370c45,189077b3-db48-4236-959d-98880fad6d57,2026-01-27T11:35:03+00:00
0f29ac35-6510-4681-8d97-a410ecb6d6b9,d73af723-b0b4-4c9b-8c9a-a571d3370c45,0659bb5c-a162-488f-bda6-3659a00193c1,2026-07-23T12:46:58+00:00
1c6005e9-7f55-44e0-aad0-a9da4d28bf10,d73af723-b0b4-4c9b-8c9a-a571d3370c45,7357e086-3d97-4c00-bd2a-662d18d0abec,2025-10-06T20:44:17+00:00
f85e206b-d875-490d-b75f-5232c362bba3,d73af723-b0b4-4c9b-8c9a-a571d3370c45,20643c6d-5091-45f4-96dc-2970aa107c3a,2025-09-22T09:03:34+00:00
da1ca615-7512-442a-8461-bc5f3676f1ad,d73af723-b0b4-4c9b-8c9a-a571d3370c45,5ea6cfc5-5580-466a-8582-a6031555d76d,2026-03-18T16:32:02+00:00
28f96dcd-99b1-42b2-82c9-bb1dad459095,d73af723-b0b4-4c9b-8c9a-a571d3370c45,2e33ff49-a484-4f82-95d2-dc4216703bb3,2026-01-07T22:49:45+00:00
47b7ffe9-c019-4255-96ac-3bc832875d32,d73af723-b0b4-4c9b-8c9a-a571d3370c45,b60473a7-fc1d-48a6-b979-2e6c324f1b4c,2026-05-04T21:37:31+00:00
0abe6100-e2fe-4bf5-baf1-537661e82b21,12c6fce3-becb-4891-85e4-d00b35bc6d67,ace4ede9-190b-4d01-8198-a49aabf9da5a,2026-07-31T09:25:34+00:00
39d43b12-d202-443a-a986-75983075c42b,12c6fce3-becb-4891-85e4-d00b35bc6d67,b000127a-7ff3-4aba-9f9f-56872787d1ed,2025-08-18T09:38:23+00:00
3ccd1cc8-8b3b-427f-aaa6-c77a810efa32,12c6fce3-becb-4891-85e4-d00b35bc6d67,b540e2ad-1d7b-470d-a801-1c394b7830b8,2026-01-28T16:50:43+00:00
9dae5b33-7e4d-497e-97e3-5eebf4187c94,12c6fce3-becb-4891-85e4-d00b35bc6d67,8d5b08cd-a9b3-424d-b178-65d65f5998af,2025-12-02T19:11:28+00:00
729646b0-deda-4095-9e6d-034e0ec6b1fd,12c6fce3-becb-4891-85e4-d00b35bc6d67,19d0052f-3a95-45b1-a564-0bcf21862cd4,2026-02-21T01:51:24+00:00
dcd43403-0eda-42bd-8a1e-57902a8e2a89,12c6fce3-becb-4891-85e4-d00b35bc6d67,e0ac1371-730b-4fd6-8af4-80859ee0ade7,2025-09-18T18:51:54+00:00
c9405c9c-2612-483d-aaa8-62cd8600ea97,12c6fce3-becb-4891-85e4-d00b35bc6d67,3c93bac9-6c00-45ff-868a-2fca9fd92411,2025-08-27T15:09:08+00:00
f2a452ae-6af5-4c56-82f7-e45ed5cbf344,12c6fce3-becb-4891-85e4-d00b35bc6d67,9fa1bd7e-fe95-4d72-89e0-17853678fb5b,2026-06-17T08:21:54+00:00
8155ccbb-10d0-4711-b29e-c257082b3186,12c6fce3-becb-4891-85e4-d00b35bc6d67,faaadadd-7fbb-4e89-9638-90d9dab4fd2e,2026-04-12T09:43:23+00:00
c127ecfa-15b9-41ca-b9d3-9b6d105ba3c8,12c6fce3-becb-4891-85e4-d00b35bc6d67,e2bc1752-1983-472e-bbd9-c6fae7cac58a,2026-02-14T22:48:44+00:00
16c6f400-944d-4159-9286-c12c4b46c189,12c6fce3-becb-4891-85e4-d00b35bc6d67,0c75c528-0777-4d48-b0e4-87ab07dcd5a2,2026-01-25T23:52:53+00:00
3ed17431-eed7-43cd-98db-b32fd0d3e892,12c6fce3-becb-4891-85e4-d00b35bc6d67,1df596d4-a79f-4572-9306-495047dbf75e,2025-08-15T17:41:55+00:00
bfb130ae-5ac8-4e77-95f3-fa112e20a598,12c6fce3-becb-4891-85e4-d00b35bc6d67,6dfbbf9b-099b-425f-a0b4-4d13ee683924,2025-11-23T03:15:23+00:00
2d9f4333-240c-4214-ae38-15182eaf4b75,9e0169aa-bd69-4d81-b2bd-ec62afebcaaf,4dedd047-d3e8-4791-873c-6053577084d1,2025-10-12T05:59:26+00:00
6856fe3e-9056-4767-819b-36b7f758494b,9e0169aa-bd69-4d81-b2bd-ec62afebcaaf,7a537b60-7891-4d8a-9a2d-3dc4f49961e2,2025-11-16T10:13:37+00:00
08e4b16f-47e8-4ce6-b4e3-0340e34e167a,9e0169aa-bd69-4d81-b2bd-ec62afebcaaf,4baa25b9-1700-4782-a80b-d9e663939f70,2025-09-17T10:11:58+00:00
f8040215-3d6d-4731-a471-74d01a23e6db,9e0169aa-bd69-4d81-b2bd-ec62afebcaaf,ceb5b100-6d16-4a2c-a1ac-94145b871907,2025-11-05T05:01:21+00:00
ac18aba3-40b9-463a-a4e0-b24af9508600,9e0169aa-bd69-4d81-b2bd-ec62afebcaaf,468552db-87c2-40a1-b501-f637c4f5d75a,2025-08-31T16:22:15+00:00
1f8eed3e-5cf1-4de8-b25f-95199d65ba35,9e0169aa-bd69-4d81-b2bd-ec62afebcaaf,459c517f-ee6e-4dd8-8e73-1f546778d794,2026-04-30T20:06:54+00:00
f4878076-e6cd-44ae-a7e0-45cdd707f6dc,f5b2fb8d-1610-4e0d-88d3-4b746df15192,a5387ad1-06a2-4c7d-9ab9-85dab1cab9e8,2026-06-01T08:30:22+00:00
6a3eeac4-26d0-4bd7-985d-c2c8bc6f4adf,f5b2fb8d-1610-4e0d-88d3-4b746df15192,c60fc12d-ef3b-47a2-b08d-d35daaa0261f,2026-05-06T00:51:19+00:00
a8c96cab-3d1e-40f5-bcff-28e99d70eac2,f5b2fb8d-1610-4e0d-88d3-4b746df15192,c83332b4-6631-4d8a-bf55-d7b4da6ef7d5,2026-03-28T01:34:58+00:00
4a248a34-aa37-4fb4-9cd0-166019d3037b,16866e28-41cc-47d2-b323-1679f2b82b5f,0d63423b-88a8-461b-94f4-e18357eba2f3,2025-08-17T04:03:01+00:00
f60e941c-be84-4ae5-90a5-3d97c138f812,16866e28-41cc-47d2-b323-1679f2b82b5f,b7a58a43-0e8a-4989-9cc2-a17e019034c8,2025-10-20T21:02:47+00:00
a2ac8177-513f-427a-82d6-5183330826a2,16866e28-41cc-47d2-b323-1679f2b82b5f,78adb4b4-64d8-4a3f-b789-0aeeccaf033e,2025-10-22T16:52:34+00:00
0fa72280-1679-4ce1-a1de-f873462ba2b2,16866e28-41cc-47d2-b323-1679f2b82b5f,7275315b-de5e-4c67-9b01-11b25728750a,2026-01-07T00:48:04+00:00
e688833b-48b0-4271-b911-fcbec3fb29c4,16866e28-41cc-47d2-b323-1679f2b82b5f,2546be0b-81f5-441c-bbbe-d4925b10d00d,2025-12-14T21:19:39+00:00
fd7127c8-e914-4890-b588-898525687348,16866e28-41cc-47d2-b323-1679f2b82b5f,2ad9462f-49f8-4d9a-8f1f-6f573c1e266f,2025-12-30T04:34:54+00:00
99d03a45-c450-4726-9500-5ffe8b8900c3,16866e28-41cc-47d2-b323-1679f2b82b5f,f7318ac8-5529-4cd7-98ea-c6b5c629b8b2,2025-08-17T02:04:34+00:00
5bb7c112-6808-4f2a-a574-4368695cc20a,16866e28-41cc-47d2-b323-1679f2b82b5f,87144f65-cce8-4440-b1c1-92d6c4ad5ac8,2025-11-26T18:33:44+00:00
efb22baf-294c-4a7e-9047-5239e4c1d4d2,bbfc77d1-d1a6-40ba-8772-9e1fe529e44e,51dac652-9517-4e31-b9c9-905c3968e085,2025-08-19T13:12:08+00:00
1ed7208b-3c1a-47d2-9eec-a680b1d955f9,bbfc77d1-d1a6-40ba-8772-9e1fe529e44e,db16a0e3-1900-4649-86fc-1c299886fc23,2026-04-24T17:31:58+00:00
69876ff9-adcd-400a-8d55-888a8d4927af,bbfc77d1-d1a6-40ba-8772-9e1fe529e44e,dd97c4bf-c562-41cd-943b-218a8b5baac4,2025-08-30T22:28:11+00:00
88bd8f08-8b6d-453f-8404-676800f21dde,436154e7-f4a6-4d91-ab3e-3e44fd53cda7,c3e6de0b-ae0e-464a-aeef-51bebdd50073,2025-09-09T13:01:34+00:00
5e5c89ef-5c9d-41c8-8157-8a74e9b29e33,436154e7-f4a6-4d91-ab3e-3e44fd53cda7,78adb4b4-64d8-4a3f-b789-0aeeccaf033e,2025-10-06T13:24:45+00:00
89c15eb2-e029-4be5-9ffd-4179081f97c6,436154e7-f4a6-4d91-ab3e-3e44fd53cda7,d22d4315-95d0-4e9b-8b3a-ee71f98284ba,2025-09-23T17:44:29+00:00
554a48d8-1f59-4f22-8832-0e20378b0b54,436154e7-f4a6-4d91-ab3e-3e44fd53cda7,876215b5-4c2d-4c0d-86a1-ccfafdee1101,2026-04-16T21:18:25+00:00
25702bb0-9a7f-48fb-bec5-ce0335e24f71,436154e7-f4a6-4d91-ab3e-3e44fd53cda7,468552db-87c2-40a1-b501-f637c4f5d75a,2026-07-15T09:43:07+00:00
259e209a-8be5-4716-88fa-c1847bca2a1e,436154e7-f4a6-4d91-ab3e-3e44fd53cda7,658d561c-1651-4aa7-9c5f-4cc6fe4afb70,2025-10-25T14:15:42+00:00
ac00bf42-2658-4045-bdd2-aeecc775a370,7886a1c6-e579-400a-ad8e-413c34dd4c3f,fe1dae52-39dc-4990-be70-ac03aa8ee90a,2026-07-19T17:49:18+00:00
6db90027-d546-4cfc-96d8-5112313fda63,7886a1c6-e579-400a-ad8e-413c34dd4c3f,99d52a61-bee5-4684-9df6-159e47cc27be,2026-08-03T17:21:59+00:00
9a1b96a2-f505-446f-9374-55343b1653e6,7886a1c6-e579-400a-ad8e-413c34dd4c3f,c90cc779-75f4-4f0d-8f0e-bf02ad0ba33c,2025-09-08T22:13:50+00:00
dbe032a0-67f4-4676-b44e-823d3b724206,7886a1c6-e579-400a-ad8e-413c34dd4c3f,10e5f889-8510-460a-b274-ff42a4b2a3e9,2025-09-25T21:22:53+00:00
c6ff0560-17d7-4a57-a75b-7d8256cb90d1,7886a1c6-e579-400a-ad8e-413c34dd4c3f,76948275-fc48-4c3e-b731-4436f90cd800,2025-10-11T12:22:20+00:00
5f3c3ab4-d6b9-4748-ad2e-b9bef992fd5e,7886a1c6-e579-400a-ad8e-413c34dd4c3f,3b91383c-8499-476e-b401-af488cd4b13f,2026-04-28T16:07:08+00:00
28310b1d-e40a-4efb-bf20-2467cd7dbab5,7886a1c6-e579-400a-ad8e-413c34dd4c3f,bf2e373c-d8de-4aa0-acb8-d8df0b844ebd,2026-06-28T21:01:44+00:00
bff07d2f-6f1f-4d54-8d1a-5e4ed0871661,7886a1c6-e579-400a-ad8e-413c34dd4c3f,46d70937-d07e-4077-b289-a72c50dbc1f5,2026-04-07T07:52:50+00:00
a196006a-2883-4977-9560-935d6414de3d,7886a1c6-e579-400a-ad8e-413c34dd4c3f,b7fef60e-e709-4148-b2be-091d4a9dc1a5,2025-10-29T14:35:36+00:00
9e1c54d9-1365-4d15-93f4-cd502c9e5c54,7886a1c6-e579-400a-ad8e-413c34dd4c3f,7d2e833a-8242-43a6-93ca-e79df0b2cd59,2025-10-13T08:55:32+00:00
5a3bd828-7492-4073-933d-c25ab8a0b709,7886a1c6-e579-400a-ad8e-413c34dd4c3f,e65dbaf8-02e5-4e0e-a975-b67690763c60,2025-11-09T22:58:17+00:00
4ef16efb-2d7e-4b9c-8538-ebc9a152ef10,7886a1c6-e579-400a-ad8e-413c34dd4c3f,469cafcd-e935-4706-a180-dbcf0d46cd05,2026-08-21T06:26:17+00:00
c3b79e8a-68c2-4519-bd5f-a6c4f9b44d9e,7886a1c6-e579-400a-ad8e-413c34dd4c3f,4eb375d1-e150-4235-aed3-d4483dba1cfa,2026-03-07T17:39:23+00:00
ac53263b-d679-4e69-bacc-36eb097a2dc3,7886a1c6-e579-400a-ad8e-413c34dd4c3f,51910d94-7df2-4595-be53-5b43cb379762,2025-08-22T22:49:49+00:00
b56a69ea-0ea0-4ce8-9d01-f738dfa04af9,7886a1c6-e579-400a-ad8e-413c34dd4c3f,c60fc12d-ef3b-47a2-b08d-d35daaa0261f,2025-11-10T18:06:02+00:00
53eb1568-2b5c-4173-b761-3747846b8286,ad283fba-895e-40b0-8365-33112d4a5889,006472ad-ef7c-49dc-a9a5-5be63552c118,2025-08-25T12:51:16+00:00
b8bb5931-d879-4ee8-b94a-fbc11b9e1f3f,ad283fba-895e-40b0-8365-33112d4a5889,6695a266-c3cd-43a7-a7fb-fcac77328615,2025-09-02T07:56:20+00:00
2c4286f8-3917-4d72-a7de-45521737665d,ad283fba-895e-40b0-8365-33112d4a5889,a80b24ca-19f4-4796-9a5e-683f4e8f7b14,2025-08-17T13:45:17+00:00
22a5abae-feec-4806-90a3-8866a7ef3569,d0647280-a677-48ae-9224-2f2fe7217b5d,f91ff251-1181-4bdc-acdc-09ddd07c0f6b,2025-08-29T05:29:10+00:00
001980fa-6a27-49a7-b47a-bda57a50a42c,d0647280-a677-48ae-9224-2f2fe7217b5d,d34b2b4a-bc0b-4ffd-83db-00f5cc6c937f,2025-11-04T13:36:08+00:00
4797e693-d9d5-4789-b7e1-1d7f4556ad0b,d0647280-a677-48ae-9224-2f2fe7217b5d,c075f716-f675-4694-b3ea-4a26b1bb740a,2025-09-13T07:30:17+00:00
1acc52ba-b88a-4d66-adad-440dbee17e2e,9ea0e81a-e30a-44b7-9c53-5ffbf84300de,6fadda54-a15d-4010-be7a-2f23d4461cf9,2026-02-06T03:10:13+00:00
cb8a5d28-bc6b-4b16-8a7f-26dc75f7860e,9ea0e81a-e30a-44b7-9c53-5ffbf84300de,f7318ac8-5529-4cd7-98ea-c6b5c629b8b2,2025-12-05T02:39:06+00:00
2e3deada-7016-4e80-bd9f-ca0703644b01,9ea0e81a-e30a-44b7-9c53-5ffbf84300de,f5406e32-0613-43ee-b020-bf1ba6990c2b,2026-03-30T00:47:26+00:00
3ed770e1-a76b-4a39-8ed2-dfa7d4fcdf21,9ea0e81a-e30a-44b7-9c53-5ffbf84300de,ba1fa7b7-1ba1-4dcc-8cde-7e8038432e3d,2025-08-17T22:53:15+00:00
629fcb45-f6da-41e6-960f-b7aa77ec90e7,8af88321-66af-4057-8802-46730bf98dc6,5d717b99-735c-4981-87a3-225adde8acea,2025-08-23T05:16:20+00:00
126466e9-be5e-4429-b631-87ec8e1c23ef,8af88321-66af-4057-8802-46730bf98dc6,2e23fd62-664f-4904-93b9-98484374da38,2025-08-20T21:59:33+00:00
d5800688-b80e-49b2-99b9-fb216b2b9227,8af88321-66af-4057-8802-46730bf98dc6,69546e0c-13bb-4597-8ce8-09cf53b9a4ff,2025-08-26T22:41:15+00:00
bc282dee-3750-4bf9-9b31-10b8f2e61fac,ffb2a281-4357-4d58-a8d4-b1e261c0f612,468552db-87c2-40a1-b501-f637c4f5d75a,2025-08-19T16:24:04+00:00
17bc697e-36d0-4689-8a6b-6486e2dcba98,336ea5e8-1b5b-4bf9-88aa-e2413b87d663,52d44442-4dbc-40af-bbe3-a97d1e165b33,2025-10-04T08:34:14+00:00
36c2305c-f3b4-4085-b58b-84fba4586149,336ea5e8-1b5b-4bf9-88aa-e2413b87d663,6695a266-c3cd-43a7-a7fb-fcac77328615,2025-11-12T00:10:24+00:00
b0466b84-c2a8-4828-8fed-3fb3cec3cfd5,336ea5e8-1b5b-4bf9-88aa-e2413b87d663,94fe657b-e446-422e-8233-465a217764d5,2026-05-11T06:48:06+00:00
c50bdccc-c9a8-45ee-9243-c12ec6466e17,336ea5e8-1b5b-4bf9-88aa-e2413b87d663,c83332b4-6631-4d8a-bf55-d7b4da6ef7d5,2026-01-21T23:28:35+00:00
4bb1e57f-ee0a-4938-902c-f308b9a642db,336ea5e8-1b5b-4bf9-88aa-e2413b87d663,210c2b91-059f-411a-9302-7b1e3c1091de,2026-06-19T15:44:35+00:00
5fe7a696-3250-4ade-ba08-e46e2ab48b52,336ea5e8-1b5b-4bf9-88aa-e2413b87d663,5c16ef18-8047-4cc4-806c-4ef9df6de907,2025-08-19T00:01:50+00:00
8ea52c17-2734-4ce6-9cc6-5c1988bb2fb4,5fa50627-36fa-4d1e-9e58-c0416b12a532,0735b0aa-84bc-49aa-a78b-0ec4f2e216e6,2025-10-08T12:25:23+00:00
ad632b8d-fe0f-485f-aba6-b82f13cbeb49,5fa50627-36fa-4d1e-9e58-c0416b12a532,4baa25b9-1700-4782-a80b-d9e663939f70,2025-08-20T01:22:10+00:00
4b7e74a1-5e96-4a39-a6ea-0add82d8dbd7,5fa50627-36fa-4d1e-9e58-c0416b12a532,bdd3bd04-7e4b-4d82-816f-dceb5fae55ea,2025-10-08T13:34:17+00:00
dea60452-8e3d-4951-bd3a-5375c884445a,5fa50627-36fa-4d1e-9e58-c0416b12a532,30af9bdd-a273-4b60-bac7-ca71cf3d5ef9,2026-04-24T13:50:20+00:00
7afbfb27-5db4-4562-94d7-ba656ea494b4,5fa50627-36fa-4d1e-9e58-c0416b12a532,459c517f-ee6e-4dd8-8e73-1f546778d794,2026-02-16T07:04:44+00:00
1bb7de78-cfaa-4941-af9a-af50e00265e8,5fa50627-36fa-4d1e-9e58-c0416b12a532,6dae0af9-c881-473c-a919-489118789e0d,2025-10-13T00:39:50+00:00
daf4fb12-efac-4636-b374-9f8b517f11f6,5fa50627-36fa-4d1e-9e58-c0416b12a532,b87fa7ae-7016-46ff-bf10-b0be3cd2d358,2026-01-19T23:34:40+00:00
290e1c3f-36f1-46a9-8a2d-e1f0fe5575f3,5fa50627-36fa-4d1e-9e58-c0416b12a532,501e8ce4-ec88-49ee-8091-df9797903b55,2026-03-04T00:17:32+00:00
de2f4664-1ac8-4087-ab9e-0db452a7c951,5fa50627-36fa-4d1e-9e58-c0416b12a532,b7fef60e-e709-4148-b2be-091d4a9dc1a5,2026-08-18T21:19:54+00:00
27d496fb-c908-492d-9c96-55a40b6ec496,5fa50627-36fa-4d1e-9e58-c0416b12a532,e5d66484-0921-411a-aecc-60e791695a29,2025-08-29T23:50:27+00:00
46c03115-6b24-4e49-b47f-1f0c714f6804,5fa50627-36fa-4d1e-9e58-c0416b12a532,a1d67684-0efd-46c3-a44d-06a1f1b59626,2025-12-04T03:49:10+00:00
0a26dadc-2446-4ec0-95a4-afe37bf8bd61,5fa50627-36fa-4d1e-9e58-c0416b12a532,558257fc-53a1-45c0-9ece-75440adedee7,2026-07-02T07:29:36+00:00
7e48966d-0589-454b-9b42-3297268a7022,5fa50627-36fa-4d1e-9e58-c0416b12a532,6695a266-c3cd-43a7-a7fb-fcac77328615,2026-04-16T17:34:10+00:00
0c46f8ce-30c6-446e-b63a-16af62648ce5,5fa50627-36fa-4d1e-9e58-c0416b12a532,9b0f4215-bb92-4800-a8ee-8b3a7bbf2ee1,2026-08-17T17:44:25+00:00
ae079f0b-b6ed-4fd6-9b37-ec7a2d26bbc3,5fa50627-36fa-4d1e-9e58-c0416b12a532,5c16ef18-8047-4cc4-806c-4ef9df6de907,2025-12-13T21:54:46+00:00
0663187c-9cda-4ec7-97ac-33df5644eeea,624b3b23-0793-4a99-82f3-d97b92433200,8ca12932-1c6f-4ce8-b5ac-da66575fd911,2025-08-19T07:46:23+00:00
4a1aa23d-c9dc-4469-b9c2-58d3a6e1437f,624b3b23-0793-4a99-82f3-d97b92433200,74d3f6c0-8cd8-42de-be07-4e633a9879a2,2025-11-01T07:12:41+00:00
04c6b26a-916a-4ad2-9377-a6306c00ff5a,624b3b23-0793-4a99-82f3-d97b92433200,3c93bac9-6c00-45ff-868a-2fca9fd92411,2025-10-02T23:57:20+00:00
4747f38b-4405-4202-92e5-82c9d13bafe5,624b3b23-0793-4a99-82f3-d97b92433200,52c5c6a9-39b5-4951-9af7-b20a0970bd62,2025-12-24T09:16:12+00:00
6409187a-cf8f-44a7-a867-ed7fc119fad5,624b3b23-0793-4a99-82f3-d97b92433200,081ff1ec-6b6e-4345-b592-685440228bd4,2026-03-12T22:23:15+00:00
adadbde0-a26a-4a0f-b693-95d5f69a09c5,624b3b23-0793-4a99-82f3-d97b92433200,ba1fa7b7-1ba1-4dcc-8cde-7e8038432e3d,2025-08-29T11:39:50+00:00
7bf8a72f-a090-4627-bb2e-fb8b00c698b0,9a25504a-2267-4c3d-b28a-000b3e8e46eb,5c16ef18-8047-4cc4-806c-4ef9df6de907,2025-08-19T04:21:00+00:00
2a914825-6767-4964-90ca-9402da305641,9a25504a-2267-4c3d-b28a-000b3e8e46eb,3ae23a73-75a2-49e9-b24e-8c3459016993,2025-08-22T22:07:53+00:00
8f6c888a-823f-436e-8ab4-2d31cf731bde,9a25504a-2267-4c3d-b28a-000b3e8e46eb,99348a51-08e9-4760-8822-b2f8debef37f,2025-08-27T03:41:46+00:00
be0ca6c0-d240-4cfd-932b-60c5d61e989b,b7f6d638-440e-4849-a195-85d388efb88c,373a53bb-6b51-442f-ac4b-1d028d9af863,2026-04-05T08:20:56+00:00
e31a53fc-be1f-4dbd-b11b-4acce7c53af7,b7f6d638-440e-4849-a195-85d388efb88c,b540e2ad-1d7b-470d-a801-1c394b7830b8,2026-06-12T03:18:03+00:00
6aa5870f-4841-4da6-b615-528f2b32b192,b7f6d638-440e-4849-a195-85d388efb88c,dd6a0ad5-cbc7-4d17-8a8a-229cea78e52b,2026-05-02T20:10:24+00:00
91e922c9-02b2-47c3-a919-a4b733f17ff0,b7f6d638-440e-4849-a195-85d388efb88c,eeff5407-0122-4256-8fe0-ca19e54acbbb,2026-08-01T18:58:16+00:00
bfdf3545-9d0a-4c72-852d-9b9d92a25bb3,b7f6d638-440e-4849-a195-85d388efb88c,254f7afb-a845-4daf-b94b-a34157af1df2,2026-03-03T21:58:30+00:00
434d0a1d-d395-4fa5-a61a-aa1f2f42928f,b7f6d638-440e-4849-a195-85d388efb88c,8c0f035c-ed24-4e92-9e38-7d7562011845,2025-08-30T20:30:39+00:00
0cee1b87-2f5f-4916-a70f-ea2447479f6c,b7f6d638-440e-4849-a195-85d388efb88c,dd5c4d9c-19c8-4f8b-89b7-e10c6aef4e21,2025-08-29T09:02:06+00:00
442ae517-c918-46f5-ad42-66d253091af0,b7f6d638-440e-4849-a195-85d388efb88c,a0dc85a3-3764-409c-83f4-50635837ae0f,2026-02-23T10:10:38+00:00
0b9ca3c1-2dea-4ef3-bebe-f4fe040b26f3,b7f6d638-440e-4849-a195-85d388efb88c,1ce85b38-45d8-4fc2-a23d-d01ad37ee8fb,2026-01-11T22:28:49+00:00
81b27fbc-32a7-42ae-acca-72bf1929b606,f2464b3e-ba20-4126-8543-1533caadfe5c,c9ecc336-f916-428a-889e-dd3cd51b608e,2025-10-20T04:05:39+00:00
8721c55f-e6ab-4732-9355-856f566cbe0d,f2464b3e-ba20-4126-8543-1533caadfe5c,156ce20e-a7d6-4a4e-88c0-5e21929a443d,2025-09-28T19:55:44+00:00
b29f4730-6179-4d4e-88df-23fed7c5e18e,f2464b3e-ba20-4126-8543-1533caadfe5c,febd8921-9308-4e28-acff-1ae8386589e3,2025-10-17T02:53:20+00:00
74077cec-aac4-46d4-a599-042c360fc8bf,f2464b3e-ba20-4126-8543-1533caadfe5c,bb3f9ce6-0a1f-4b57-afad-55266a6686f8,2025-12-11T01:15:42+00:00
53c7d52c-fc7f-47a0-94d9-da37df358039,f2464b3e-ba20-4126-8543-1533caadfe5c,06a5945b-2a25-4bf1-b0d1-578601aaab81,2025-09-19T22:30:22+00:00
18134292-5d50-4f1a-a4bd-dffe70485ccb,f2464b3e-ba20-4126-8543-1533caadfe5c,39253471-72c7-42b6-ad3a-569f5728f21e,2025-11-09T05:30:04+00:00
5a3a74c2-fdd5-4617-a34b-480c7a2eeac1,f2464b3e-ba20-4126-8543-1533caadfe5c,4baa25b9-1700-4782-a80b-d9e663939f70,2025-08-20T08:11:24+00:00
6be3beba-4a60-4798-9bd3-fbd5a7b7c4ea,f2464b3e-ba20-4126-8543-1533caadfe5c,c90cc779-75f4-4f0d-8f0e-bf02ad0ba33c,2025-11-19T16:45:12+00:00
e1d98ad4-5ed1-46ea-9e09-c5f6d07b6d1d,f2464b3e-ba20-4126-8543-1533caadfe5c,d1069292-d635-44f8-8c01-1494891ae61f,2025-11-13T12:01:22+00:00
2efdd31d-9e8b-4ac9-87b8-a3ff3683857a,f2464b3e-ba20-4126-8543-1533caadfe5c,3f7e714c-fb4a-44da-ac98-bf39d35e490e,2026-04-14T23:09:02+00:00
80416b61-08b2-4ea8-be5c-6f17c5b8b9d4,f2464b3e-ba20-4126-8543-1533caadfe5c,ba4e0520-1425-44b4-ba42-764ccd9799f7,2025-12-31T19:37:22+00:00
28d636ff-2be8-4cf5-8239-13f63853e66d,f2464b3e-ba20-4126-8543-1533caadfe5c,74375a59-e8c7-406f-8580-d46c74187dc9,2026-08-04T09:58:33+00:00
6ea5b8bb-408d-4414-993d-c30f246fcf90,f2464b3e-ba20-4126-8543-1533caadfe5c,e9b275eb-493c-4660-be51-71559bea8537,2026-06-15T18:46:25+00:00
df0340a2-3713-4687-8c8b-add080ec2253,f2464b3e-ba20-4126-8543-1533caadfe5c,14de7a21-0292-46d5-91cf-5ab7a5ec694f,2025-09-10T23:46:24+00:00
d715492e-6504-43ed-8b55-a66a4dc0ba1b,f2464b3e-ba20-4126-8543-1533caadfe5c,d24b23ee-291d-4c2f-8c3a-ce1251c2c3d8,2025-11-28T20:20:25+00:00
f6309c81-4eda-4979-ae6b-98d387b555a0,f2464b3e-ba20-4126-8543-1533caadfe5c,006cf2a0-aba4-468e-933a-b50f8c76a23f,2026-07-17T06:18:13+00:00
476b80f6-a749-416b-bc15-57ce51286c12,f2464b3e-ba20-4126-8543-1533caadfe5c,0b20e057-ab25-4963-a1eb-383458386c85,2025-08-31T19:29:59+00:00
361d2112-d084-4fdc-889a-0216ec3cb4f4,f2464b3e-ba20-4126-8543-1533caadfe5c,659f0acc-033d-4e42-acb5-b569fa69a743,2026-01-20T23:11:20+00:00
242c9bdc-d408-4e3a-8cbc-3d98c97c5c5c,f2464b3e-ba20-4126-8543-1533caadfe5c,10052c3a-4cb2-4d00-a0bc-2b3ec6334ca5,2025-11-28T03:29:11+00:00
a498b66e-d9d0-4028-9ff0-54b0a0b42bb5,f2464b3e-ba20-4126-8543-1533caadfe5c,398c4a87-ea96-40b1-9d0b-21f40b43e5db,2025-11-26T18:32:58+00:00
1c025001-3a75-48dd-9463-63c6d3cd84f5,f2464b3e-ba20-4126-8543-1533caadfe5c,006472ad-ef7c-49dc-a9a5-5be63552c118,2025-09-09T04:21:36+00:00
d374f08a-d486-41e4-9a74-6e3460b87e3d,f2464b3e-ba20-4126-8543-1533caadfe5c,f588c9b7-219c-42f4-8026-81909c76658e,2026-01-06T12:01:04+00:00
71ca7829-a737-4b98-ad94-d3c70e0bd4f8,f2464b3e-ba20-4126-8543-1533caadfe5c,db4d2942-4cc1-45f1-87fc-07d96b772a6e,2026-03-21T11:05:02+00:00
3dd27ae2-66d8-4e74-89e4-f8b03bb4f347,f2464b3e-ba20-4126-8543-1533caadfe5c,1162a399-ae84-499c-86eb-5c0b8d4bd19d,2026-03-17T00:18:57+00:00
71a6124f-3d18-42ff-a946-36860e8562e6,f2464b3e-ba20-4126-8543-1533caadfe5c,9fa1bd7e-fe95-4d72-89e0-17853678fb5b,2025-09-28T03:18:11+00:00
0013af4d-ab03-4d33-9511-c6f00010cc6f,f2464b3e-ba20-4126-8543-1533caadfe5c,6c1ecb78-38c9-4d52-b536-8463029f3a65,2025-10-09T07:18:39+00:00
278125b8-d91d-4c45-8bec-b5486c39f56b,f2464b3e-ba20-4126-8543-1533caadfe5c,3ae23a73-75a2-49e9-b24e-8c3459016993,2025-10-01T20:41:50+00:00
ecdd8df1-8c0e-4aa8-a303-90106ebea261,f2464b3e-ba20-4126-8543-1533caadfe5c,dc64b030-9ad0-4b7f-aa39-1ea19decb440,2026-01-26T11:31:42+00:00
d17e5884-093e-4ecd-b230-30d29eeadb2c,f2464b3e-ba20-4126-8543-1533caadfe5c,eeff5407-0122-4256-8fe0-ca19e54acbbb,2026-05-03T00:58:28+00:00
d49a4bd4-6a9d-4242-aac1-651d841c8f6f,f2464b3e-ba20-4126-8543-1533caadfe5c,459c517f-ee6e-4dd8-8e73-1f546778d794,2025-09-20T17:14:02+00:00
55aee327-bb35-4542-aa41-4d5116b64dac,f2464b3e-ba20-4126-8543-1533caadfe5c,4c8ec64f-c0d0-4cfb-b064-d47de0ec57ba,2026-02-23T09:04:34+00:00
172017eb-7072-4001-a557-d83e3d101e0e,f2464b3e-ba20-4126-8543-1533caadfe5c,4cf59a7d-3daf-44fe-8e86-aa4389b82fc0,2026-06-11T16:12:09+00:00
ae64ff1c-df7f-4946-a268-1d36d19e6c23,f2464b3e-ba20-4126-8543-1533caadfe5c,fb8098ee-02d6-4b07-858e-99f58dd1d0ee,2026-09-01T01:16:56+00:00
3cf7ca67-f5c5-46a4-b00a-13913e47da44,f2464b3e-ba20-4126-8543-1533caadfe5c,b0f283a0-c828-4aff-80c1-0fa9a4940b92,2025-08-23T18:05:23+00:00
d76200a5-3f6a-40ae-9ea8-ef27f5a338ac,f2464b3e-ba20-4126-8543-1533caadfe5c,a2a97c5b-d72e-47bb-a8b8-355fcf007b68,2025-08-24T11:21:07+00:00
64378d84-fec4-46fe-80ab-7baa0320932a,f2464b3e-ba20-4126-8543-1533caadfe5c,501e8ce4-ec88-49ee-8091-df9797903b55,2025-08-30T21:04:16+00:00
e59b9193-c430-4a2a-a796-414e43d6ce17,b10f5ec0-7640-42b5-b7d8-7450ae493f3e,743aae1e-e024-4953-a3ae-1413333f514f,2025-08-31T21:21:44+00:00
865670ce-df27-4bd2-9848-d24fdb9da2c5,b10f5ec0-7640-42b5-b7d8-7450ae493f3e,4183d4f5-30af-4bae-b78d-ab439d20b44a,2025-10-18T00:03:49+00:00
f97f733d-7dee-44c8-a483-e74c00734f70,b10f5ec0-7640-42b5-b7d8-7450ae493f3e,b5c30eb0-cc41-4812-a25b-a2360d81178c,2026-03-17T01:36:12+00:00
515837f4-63f2-4afc-8644-28ec200290c9,b10f5ec0-7640-42b5-b7d8-7450ae493f3e,2b77ffd4-2ea9-47fb-b996-21cee3b20d07,2025-08-29T17:18:31+00:00
7f479c87-928a-417d-a41c-2f299fd83f13,b10f5ec0-7640-42b5-b7d8-7450ae493f3e,ae55ec52-cef0-4a81-8e34-dbdc085d2573,2026-08-17T05:31:16+00:00
b6fb26fe-ebff-4cb7-91ed-405e958618ca,b10f5ec0-7640-42b5-b7d8-7450ae493f3e,ad2f999d-f1b6-41a4-a695-aceb650a5b74,2026-04-11T16:49:22+00:00
b60e247d-86d2-4e04-9381-2eeeb6961215,b10f5ec0-7640-42b5-b7d8-7450ae493f3e,43dbd776-bd4c-4ef1-933a-59af47a589b5,2025-08-24T19:06:32+00:00
22af2119-644a-46f2-ba2c-4896b08c8572,d2084cf5-d711-430b-8524-dac7f0a26777,fa25c85c-0248-4e34-b506-fd8f06ae788f,2026-01-26T22:55:23+00:00
beec99cd-587a-43e5-a417-4cd78848f79c,d2084cf5-d711-430b-8524-dac7f0a26777,b6be37f9-e731-49e9-b97d-838d7bb58dfd,2025-09-09T06:57:50+00:00
13761f1f-f5b7-4e09-81c9-7a7759de38cd,d2084cf5-d711-430b-8524-dac7f0a26777,30af9bdd-a273-4b60-bac7-ca71cf3d5ef9,2026-05-05T11:16:56+00:00
9e35736d-332a-4041-8de7-0aa31ed2465a,d2084cf5-d711-430b-8524-dac7f0a26777,658d561c-1651-4aa7-9c5f-4cc6fe4afb70,2025-08-31T02:11:18+00:00
306312ff-aad8-4e99-8fa7-132828dca383,d2084cf5-d711-430b-8524-dac7f0a26777,427e62af-c795-4132-8cf3-9c85f803508a,2026-04-13T13:38:20+00:00
3f8158ae-ef34-4278-b540-a468925e9f15,d2084cf5-d711-430b-8524-dac7f0a26777,7d2e833a-8242-43a6-93ca-e79df0b2cd59,2025-08-22T20:11:16+00:00
a0f53660-78fa-4f1b-9bde-fd69b5cca7ff,d59a55ef-2d82-4a0e-9a60-1e442a25f348,51dac652-9517-4e31-b9c9-905c3968e085,2025-08-25T11:33:09+00:00
bda9a6dd-90c0-45f6-b47e-c8aa0be34022,d59a55ef-2d82-4a0e-9a60-1e442a25f348,a80b24ca-19f4-4796-9a5e-683f4e8f7b14,2025-08-24T10:43:06+00:00
0939c2ff-140f-4c2f-b15a-c84704160629,d59a55ef-2d82-4a0e-9a60-1e442a25f348,1e35bc63-b9b9-4dc0-bbca-ba32d6a1676f,2025-08-27T04:58:12+00:00
eb43a044-a22e-47cd-9523-23a8dca65848,53aaaeb9-43a6-4649-9c46-56f828defeb3,3aed15aa-f84b-4807-aa3d-ed685d555290,2026-01-23T00:01:08+00:00
6f1ea1fa-6e90-4142-9780-a7b82bbff839,53aaaeb9-43a6-4649-9c46-56f828defeb3,39da3268-4fe9-44d6-b716-29c848231132,2026-02-11T03:51:18+00:00
17419ef1-f7bb-4f65-847b-7f5fe7b6f0eb,eb621914-6db2-44f2-a637-6be7046a22bf,e5f76da6-068a-4b15-bb2c-649e314a26ed,2026-07-12T21:51:12+00:00
3023c6ae-9a5a-416c-b771-b99393a9d27d,eb621914-6db2-44f2-a637-6be7046a22bf,9b0f4215-bb92-4800-a8ee-8b3a7bbf2ee1,2026-08-13T06:32:30+00:00
b2debefc-5e50-448b-b7d5-d4a02529d1e2,eb621914-6db2-44f2-a637-6be7046a22bf,7352bdf0-d7cd-4554-b7da-0f69eabb5ce6,2026-06-06T07:43:42+00:00
c681ca4f-1892-4985-b429-cca294570841,eb621914-6db2-44f2-a637-6be7046a22bf,36d2e780-1eb8-4905-beb8-e2ebc5c6adb1,2025-09-03T17:48:34+00:00
655c1b16-91bc-4167-8e4e-502933491374,eb621914-6db2-44f2-a637-6be7046a22bf,31d9eacf-7f61-4435-b484-43965f1c29b6,2025-08-25T20:01:34+00:00
ac369bb4-44c5-45fa-8c41-854e10151c26,eb621914-6db2-44f2-a637-6be7046a22bf,b387c825-7116-4b83-bd18-56e81111a5c9,2025-11-28T00:44:36+00:00
2eea11d7-50b2-4fd6-a420-4fbf38531eb2,eb621914-6db2-44f2-a637-6be7046a22bf,bacf1c32-002e-4d62-8c6c-221609513f2f,2025-10-23T00:32:47+00:00
8bcf8905-e2e6-40dc-bd70-478f4ffe2bdd,e2115c41-7478-4de9-91ca-9bd427f9869c,ce44b626-aa47-48a3-b23b-c2866dfefd6d,2025-11-07T01:58:01+00:00
1fb40f45-73c2-4394-98e7-4509fb1e4882,e2115c41-7478-4de9-91ca-9bd427f9869c,c90cc779-75f4-4f0d-8f0e-bf02ad0ba33c,2025-09-09T14:03:20+00:00
aec23067-d535-4153-9d16-c0c273edecf8,e2115c41-7478-4de9-91ca-9bd427f9869c,4f7d3f82-809f-4176-b3bb-245e659f22ab,2025-11-03T23:15:55+00:00
aa66bcf8-c508-4417-98ea-b5bcc999f9d7,e2115c41-7478-4de9-91ca-9bd427f9869c,c99359a6-ecf8-4d27-a849-8d366cb10a8d,2026-08-16T17:51:14+00:00
a25c6e97-a42d-4a17-ae74-4115cd59c9ce,e2115c41-7478-4de9-91ca-9bd427f9869c,e5d66484-0921-411a-aecc-60e791695a29,2025-09-03T16:58:41+00:00
1bc7648d-aedf-4017-8347-7bce32f5923e,e2115c41-7478-4de9-91ca-9bd427f9869c,3c93bac9-6c00-45ff-868a-2fca9fd92411,2026-01-18T18:27:57+00:00
4a30c60e-9637-4621-a795-ebeb90232b86,e2115c41-7478-4de9-91ca-9bd427f9869c,b7fef60e-e709-4148-b2be-091d4a9dc1a5,2025-09-06T12:10:09+00:00
b07d4ac6-f3e7-4ec4-82fa-7c25bed40fcb,e2115c41-7478-4de9-91ca-9bd427f9869c,468552db-87c2-40a1-b501-f637c4f5d75a,2025-11-04T14:05:25+00:00
40783105-aa84-4d9b-b102-6f4c739b9bb5,e2115c41-7478-4de9-91ca-9bd427f9869c,a14d5a0d-9ddc-4170-a239-6044cb65462e,2025-11-20T23:27:53+00:00
9aa60397-a18f-4c85-9a84-f28b4e957fb6,e2115c41-7478-4de9-91ca-9bd427f9869c,e2bc1752-1983-472e-bbd9-c6fae7cac58a,2025-09-22T03:18:46+00:00
335c8f99-4b24-418d-88c6-a99cf957d1a0,e2115c41-7478-4de9-91ca-9bd427f9869c,aba48693-f4f3-4a99-931c-a612969e1c14,2026-03-26T19:57:42+00:00
019557ae-f661-46aa-ad4e-3b7b5ae573ed,e2115c41-7478-4de9-91ca-9bd427f9869c,6236d33d-7b57-486d-81e8-a247d50fa2a4,2025-08-23T23:36:24+00:00
8a6f5745-f580-411e-8b98-0f15536c8e1b,e2115c41-7478-4de9-91ca-9bd427f9869c,aea754b5-366e-4133-98b4-d7a02489d027,2026-03-15T10:52:59+00:00
ba56284f-59af-46c3-bff8-9db48e39f3d4,e2115c41-7478-4de9-91ca-9bd427f9869c,2e23fd62-664f-4904-93b9-98484374da38,2026-06-10T18:09:11+00:00
0b4e5491-7890-4910-b15b-5c31c762a724,e2115c41-7478-4de9-91ca-9bd427f9869c,5fe592da-0d87-421c-93e1-8e7df2988983,2026-07-23T02:30:38+00:00
47cd68c3-e9c1-419c-b834-9513c05d7b13,e2115c41-7478-4de9-91ca-9bd427f9869c,76948275-fc48-4c3e-b731-4436f90cd800,2025-11-02T23:51:00+00:00
684ce311-d739-46dd-a09a-b34a517abc51,e2115c41-7478-4de9-91ca-9bd427f9869c,6695a266-c3cd-43a7-a7fb-fcac77328615,2025-08-22T21:32:09+00:00
5837cbf6-f54b-40e1-9ac7-25b142c7922e,e2115c41-7478-4de9-91ca-9bd427f9869c,16a5e102-25e6-4b46-9d06-422d559d57d9,2026-08-28T21:46:57+00:00
c5853eb2-0163-40cb-aab1-0d5b6963da3c,e2115c41-7478-4de9-91ca-9bd427f9869c,1c53189a-7903-4dcb-97d6-29489110198e,2026-01-20T07:02:41+00:00
1c836090-1bb9-434a-a6e0-ebfa73aad067,e2115c41-7478-4de9-91ca-9bd427f9869c,481984d9-8844-4ba6-aecf-3d3fd3c177fd,2025-11-13T12:12:52+00:00
26407372-655f-4581-be3f-8f31b3c0a833,e2115c41-7478-4de9-91ca-9bd427f9869c,dd31032b-6dd2-426d-bfc1-f03e9f5eefa1,2025-08-31T03:44:03+00:00
8b3ff1c5-1811-4384-9cc5-500341b3cb80,e2115c41-7478-4de9-91ca-9bd427f9869c,5ab1b529-4f5e-42a1-8f82-f88bad579d46,2026-02-24T00:24:32+00:00
471e806b-89b1-4b9e-bc33-66025ba3309e,e2115c41-7478-4de9-91ca-9bd427f9869c,3c4a47de-e63f-470d-a750-5453edea905e,2026-08-18T00:01:43+00:00
2c328ee8-70b0-4ab9-a958-461ea7f5e11c,e2115c41-7478-4de9-91ca-9bd427f9869c,db4d2942-4cc1-45f1-87fc-07d96b772a6e,2026-04-20T02:43:17+00:00
8da63ab6-22f4-4bda-832f-57df4edc1df6,e2115c41-7478-4de9-91ca-9bd427f9869c,c83332b4-6631-4d8a-bf55-d7b4da6ef7d5,2026-04-03T11:39:22+00:00
5839c6aa-fd13-4ba1-a5a7-1a681008669a,e2115c41-7478-4de9-91ca-9bd427f9869c,780c8367-fbe3-4f3e-bb65-e449f49742c2,2026-02-28T03:34:30+00:00
7a33b356-b79f-4769-a612-619af7fecd8d,e2115c41-7478-4de9-91ca-9bd427f9869c,fdd43fca-ada6-4d98-94a5-dbc1afd11d57,2026-03-03T02:43:59+00:00
6615f663-7e23-4bea-90bc-220e4e8db572,e2115c41-7478-4de9-91ca-9bd427f9869c,de74cf8e-baf2-424d-9e05-fa5a4aefa19e,2025-09-26T04:11:31+00:00
e47724e0-9067-4f2d-839d-0de626cb0f78,e2115c41-7478-4de9-91ca-9bd427f9869c,4baa25b9-1700-4782-a80b-d9e663939f70,2025-12-16T10:57:42+00:00
aeb9ef6f-5ccb-4731-974f-b81e279a2503,e2115c41-7478-4de9-91ca-9bd427f9869c,632a3efa-008f-4d2e-9fa6-0a2e1c332a14,2025-11-06T02:04:39+00:00
cbc84f8c-a8e1-449c-a42a-24356d10f807,e2115c41-7478-4de9-91ca-9bd427f9869c,373c37e3-0e01-4319-81cb-158d1344da99,2025-09-08T07:58:26+00:00
96ee572c-f1d8-417d-8527-5f0590703177,4615ad2d-f997-4c08-b039-d147c690cb3d,e19797db-e29f-48c3-a7bc-6f3ee4494c8c,2026-05-18T05:37:39+00:00
0bb79489-353e-4423-9ef9-cd564c7e9560,4615ad2d-f997-4c08-b039-d147c690cb3d,b87fa7ae-7016-46ff-bf10-b0be3cd2d358,2025-11-26T15:39:27+00:00
04d04c93-dd49-4f02-98f9-88bb8bc500b6,4615ad2d-f997-4c08-b039-d147c690cb3d,7524322e-1510-48cc-868b-8d59b328109b,2026-01-21T23:07:27+00:00
4f31ff0f-da10-4229-8da9-ea15f8d661a2,4615ad2d-f997-4c08-b039-d147c690cb3d,a1e4b04f-3354-4716-9914-0e447f91fb26,2025-09-07T22:01:56+00:00
b18b5c38-603d-43d2-aa4a-70819ff16929,4615ad2d-f997-4c08-b039-d147c690cb3d,7d2e833a-8242-43a6-93ca-e79df0b2cd59,2025-10-04T14:36:11+00:00
21744b6f-15bb-4b65-a5bc-d5db03e36200,4615ad2d-f997-4c08-b039-d147c690cb3d,dce19236-e6ac-4b25-8861-f9bf621963fd,2026-08-22T12:35:00+00:00
0e662e40-bf89-46f2-bcf7-acef29543fb8,4615ad2d-f997-4c08-b039-d147c690cb3d,ca8f1e88-f39d-4f85-a500-8267f988dfad,2025-08-29T20:33:48+00:00
30469c01-a837-4637-b03c-7a09b4cca763,4615ad2d-f997-4c08-b039-d147c690cb3d,29b08317-6763-47c6-93e5-e9d211886a27,2026-05-05T13:29:42+00:00
035f7cde-cdc0-455c-879f-3f75833618ca,4615ad2d-f997-4c08-b039-d147c690cb3d,e294d7c5-9f72-4226-9091-d2cf6c147a17,2026-05-12T06:41:14+00:00
9dbe45cd-4e73-452f-be32-662c7aa53b4b,fd832261-6687-4ded-ae20-e7ec19e897d3,b6f4d635-89e6-4c7d-b21e-375b06a4dc27,2026-03-20T19:39:49+00:00
0ba71ff6-8ef0-4a5f-bdb9-6aa8d91aca82,fd832261-6687-4ded-ae20-e7ec19e897d3,6e390a5d-a88b-459f-8658-6a51166be2f7,2025-10-19T12:29:30+00:00
5969dc29-2d02-4e2b-b550-f366382c4f15,820038a6-73c4-404a-87ea-b08a214ed8cc,e735ab9c-d62e-4e4c-a719-99a447547e16,2025-10-20T11:00:31+00:00
f379fcb4-9db8-48ab-8806-ce849c7ea655,820038a6-73c4-404a-87ea-b08a214ed8cc,0df66891-b25c-4d7b-98bc-826d9e286a20,2025-10-03T00:45:12+00:00
bcfbc604-8702-4d24-83c7-2954c4dbc0af,820038a6-73c4-404a-87ea-b08a214ed8cc,cdb4ace0-6ea2-498d-90e8-2009a10848ce,2025-11-02T02:11:01+00:00
92484a1c-65d4-4f8b-ba2a-04738816343c,820038a6-73c4-404a-87ea-b08a214ed8cc,189077b3-db48-4236-959d-98880fad6d57,2025-08-28T16:28:10+00:00
79831f06-ac6e-4b12-8e31-140e76e5648b,7cef839e-d53c-44a1-b2c7-f9d2fd4e4460,fd24cb3c-d535-4d3e-8f20-04616346c1f3,2025-09-02T00:17:49+00:00
c41af1ac-d34f-4829-90e3-24a847d00178,7cef839e-d53c-44a1-b2c7-f9d2fd4e4460,45f130cc-34a3-4ca4-9ab0-3af07f0467c9,2026-05-30T21:36:15+00:00
647e33a1-7176-49c2-943d-0d086777d83f,7cef839e-d53c-44a1-b2c7-f9d2fd4e4460,9c6405d0-d0bc-4e75-8900-4a343d7eec34,2026-08-17T06:10:50+00:00
d9e28f1e-b518-4925-9498-20a58372283d,7cef839e-d53c-44a1-b2c7-f9d2fd4e4460,156ce20e-a7d6-4a4e-88c0-5e21929a443d,2025-10-02T05:06:33+00:00
d7af605b-91db-4c48-b2e2-b535b03460e7,7cef839e-d53c-44a1-b2c7-f9d2fd4e4460,b60473a7-fc1d-48a6-b979-2e6c324f1b4c,2025-09-17T10:38:48+00:00
78de5b28-ac49-4b6d-9c99-b9f1e4f0c553,7cef839e-d53c-44a1-b2c7-f9d2fd4e4460,bf6c0e33-5fc6-4e92-8a2d-83065bf149c4,2025-08-31T00:21:05+00:00
c9c75353-beac-4d07-8d8c-84a2f55a7d57,7cef839e-d53c-44a1-b2c7-f9d2fd4e4460,8d5b08cd-a9b3-424d-b178-65d65f5998af,2025-10-27T17:08:03+00:00
73fa043d-400a-48f7-a056-95e04c32d0b2,7cef839e-d53c-44a1-b2c7-f9d2fd4e4460,e554a849-75b4-42ad-ab34-0b8fc1a7f349,2026-04-21T17:58:05+00:00
81849c1a-2edd-469d-9b50-eac77ffcf547,7cef839e-d53c-44a1-b2c7-f9d2fd4e4460,c83332b4-6631-4d8a-bf55-d7b4da6ef7d5,2026-03-02T03:20:23+00:00
0cac664b-b1a2-4856-b879-b92ddaabbdac,7cef839e-d53c-44a1-b2c7-f9d2fd4e4460,b35bb1cd-607f-4ff2-9161-bce4975c7369,2026-04-23T06:39:08+00:00
da826686-2335-42b5-8f8c-827662e07176,7cef839e-d53c-44a1-b2c7-f9d2fd4e4460,efa792df-2f07-4094-99f4-a23935cca18b,2026-06-07T10:30:51+00:00
69d3bbf5-b394-4e89-a79b-c8513b3e3a02,7cef839e-d53c-44a1-b2c7-f9d2fd4e4460,3a748a52-31e6-4e13-b168-3406e4520722,2026-08-26T03:41:32+00:00
c9877f0b-edd1-400a-a1bb-20a1cd220e4d,7cef839e-d53c-44a1-b2c7-f9d2fd4e4460,56423c84-9e94-44e6-a034-0a21e231fbea,2026-07-25T00:07:20+00:00
6803f1ff-bbba-47be-9e42-14b350da4256,7cef839e-d53c-44a1-b2c7-f9d2fd4e4460,054fe171-2aa2-4064-be59-369e103477d7,2025-09-30T08:49:21+00:00
8607d5c1-255a-44d5-8682-87ddf6202a80,7cef839e-d53c-44a1-b2c7-f9d2fd4e4460,828a88f5-8cb3-48a8-9e07-3db32ed9a35d,2025-09-08T10:44:18+00:00
4ae3d4a0-e18c-4eed-acea-29b7d41cc50d,7cef839e-d53c-44a1-b2c7-f9d2fd4e4460,d30b8eb3-05ed-4a73-b6e5-042436e46b37,2026-08-02T05:36:10+00:00
1259d08a-d241-4427-a395-8aff7939fb0c,7cef839e-d53c-44a1-b2c7-f9d2fd4e4460,75f5c0c5-ff4b-4a5e-9cdb-236c8398b4e4,2025-12-26T21:50:23+00:00
00a861f4-d1dd-4608-9c7d-1c9a2f11fc18,7cef839e-d53c-44a1-b2c7-f9d2fd4e4460,1fba3799-d4cc-4a1c-84d6-51146012067e,2025-10-02T14:14:20+00:00
69840796-e001-4c63-9216-02e4be64ab6d,7cef839e-d53c-44a1-b2c7-f9d2fd4e4460,fda29f93-a3e8-4fb9-84ba-b9b7b56ec5c2,2026-01-22T10:24:48+00:00
f4354dd0-6994-471e-b8a0-7754e18112c5,50584d18-15cd-45b9-a9af-f99f6fd46d60,e984c74d-dd4a-466b-b93f-7f517e76b6c7,2025-08-26T01:54:38+00:00
ff8531bc-32fc-4a61-9b97-f11af1206ac8,61625663-7677-4518-8575-75f69bc64f87,b3a594ad-c0b2-4c4f-9c16-36e5268f731d,2025-08-25T05:37:53+00:00
ede8c1f1-5455-4651-a242-3a5d73a8d485,61625663-7677-4518-8575-75f69bc64f87,3be6bf3f-c8f5-451d-9829-86d0e1a995cc,2026-04-13T10:31:57+00:00
17628e35-ae8f-457d-add7-7561a574f8e3,61625663-7677-4518-8575-75f69bc64f87,bc9cbd74-f51e-47e9-ba77-1f2c017e9cca,2025-10-01T20:28:57+00:00
f603d3f1-4470-4815-9abc-16cc53bfcb97,61625663-7677-4518-8575-75f69bc64f87,4366727f-cad9-45ec-ac07-3b7e024b94a1,2025-11-29T21:44:24+00:00
42a0733b-23e4-4153-9fbd-ddc99a6478dd,61625663-7677-4518-8575-75f69bc64f87,299a8f80-c512-4987-80d2-c15927f4e916,2025-10-06T05:08:03+00:00
13ff0b40-3488-46b4-b148-00a34f319778,61625663-7677-4518-8575-75f69bc64f87,7d339706-bfcc-4887-91f1-ec63d2d23823,2026-08-29T05:11:14+00:00
e2541f49-1b8b-4a04-b538-a1080495264a,61625663-7677-4518-8575-75f69bc64f87,c075f716-f675-4694-b3ea-4a26b1bb740a,2025-10-03T15:54:54+00:00
fb7f55b9-9555-4ebd-84d8-0dc19c17064e,61625663-7677-4518-8575-75f69bc64f87,8ed5d79d-9904-4ac0-b3d6-d43abaf34918,2025-09-20T02:56:58+00:00
9c7af119-d83f-40a0-9479-4accca1059f8,61625663-7677-4518-8575-75f69bc64f87,7357e086-3d97-4c00-bd2a-662d18d0abec,2025-08-25T18:07:47+00:00
58cf86c6-73c6-4f34-9120-b9797445cd41,61625663-7677-4518-8575-75f69bc64f87,26d61dc5-0b03-4c16-8a64-7afeba92fecb,2025-08-25T16:24:56+00:00
5f13aab3-d8d6-43ba-9229-98d3950016c7,61625663-7677-4518-8575-75f69bc64f87,ff1dc571-d626-480e-b098-a50d60c896af,2025-12-26T01:10:42+00:00
b79940ba-ed99-46c6-8dc1-13291152659e,61625663-7677-4518-8575-75f69bc64f87,419a8edd-8c3e-484b-9354-7867568dd931,2026-01-25T03:36:10+00:00
3fd6cf5b-ca0c-4c9d-a9f4-c154635941fc,61625663-7677-4518-8575-75f69bc64f87,0183dc00-5b81-4d6d-aa94-59a230ee274c,2025-11-24T03:30:40+00:00
db4caba9-67cf-44e7-9d28-fc87a5b3853f,61625663-7677-4518-8575-75f69bc64f87,bf6c0e33-5fc6-4e92-8a2d-83065bf149c4,2025-09-07T12:34:26+00:00
adece4fb-e1a7-46d4-bcca-d888699a4f94,61625663-7677-4518-8575-75f69bc64f87,bf74e9cf-5b79-495b-8c29-2dec4918a0c9,2026-05-15T18:06:47+00:00
260e8d4b-fd68-4e27-9adc-57a61d433587,61625663-7677-4518-8575-75f69bc64f87,54a2a625-bd21-4b18-9846-ae29de006ea2,2026-06-14T21:28:15+00:00
0f663e2d-171a-4e81-bc70-8624a09eb1d0,61625663-7677-4518-8575-75f69bc64f87,d4e30b6e-aa93-40ee-8750-e1f001abcea7,2026-03-08T21:29:07+00:00
ab0ad890-2944-47cd-b362-0d364aa9fbb7,2e627613-246d-4a8a-b2d3-0e70e825d571,5da9c176-ec13-4102-b6cf-121f4b145d5a,2025-08-25T04:57:59+00:00
0ea4eaf0-5d77-435e-bc77-f6a54fda2809,2e627613-246d-4a8a-b2d3-0e70e825d571,200f9843-09b8-49fb-9a99-30710133815e,2025-11-27T08:37:07+00:00
f9f516ca-524c-4342-859d-5a89f62a30b0,2e627613-246d-4a8a-b2d3-0e70e825d571,51910d94-7df2-4595-be53-5b43cb379762,2025-08-25T10:04:15+00:00
d3c0e2e6-1479-4e11-871b-a7b155fff8a8,2e627613-246d-4a8a-b2d3-0e70e825d571,1d5d0e99-092b-4d98-baab-26f3c7b32aeb,2025-10-14T23:24:31+00:00
63ecb8fd-bc51-4c9d-bda7-8db81b79357c,2e627613-246d-4a8a-b2d3-0e70e825d571,7524322e-1510-48cc-868b-8d59b328109b,2025-11-09T16:50:16+00:00
6400f7a6-8e4e-4f60-b1ec-0d042d717cbd,2e627613-246d-4a8a-b2d3-0e70e825d571,4e2906a0-e445-4567-9bc3-c549a3448137,2025-08-28T13:50:45+00:00
643adfb0-4bde-4923-a698-1751df0cbc6d,2e627613-246d-4a8a-b2d3-0e70e825d571,a83115e6-95d7-4710-8785-ad490862eb1d,2025-09-06T21:54:51+00:00
b6dc040d-edde-4e4a-ba50-9fe6f542e2c9,2e627613-246d-4a8a-b2d3-0e70e825d571,630fe4a8-7f3f-4f97-93c1-03feb895bbd5,2026-08-10T01:03:08+00:00
f164c587-7d27-46ff-9adf-8f6b1b62fff3,2e627613-246d-4a8a-b2d3-0e70e825d571,5d717b99-735c-4981-87a3-225adde8acea,2025-12-27T07:05:56+00:00
446aede7-744c-49e6-af9c-c2afff642b5b,2e627613-246d-4a8a-b2d3-0e70e825d571,3508da09-a51b-4ff3-8e0e-ee486e956b89,2025-10-28T18:58:18+00:00
f3fe927a-4b60-487d-9c25-dac713ee1f83,2e627613-246d-4a8a-b2d3-0e70e825d571,9d8932ce-a55d-459a-ba8a-180a929fbfac,2025-08-28T15:35:20+00:00
0ab3a71b-e0da-4e40-9e08-96f0325a2638,2e627613-246d-4a8a-b2d3-0e70e825d571,635cb86b-03c7-4fb4-884b-ced27f9691bb,2025-10-24T06:30:05+00:00
e2084aa5-e8ee-4c3e-8ab9-e6ebcba6b492,2e627613-246d-4a8a-b2d3-0e70e825d571,553046bf-b8f3-4054-8eea-bd6715749b6e,2025-08-29T00:12:09+00:00
97b51ee8-8ba4-4444-927c-864bf02df173,2e627613-246d-4a8a-b2d3-0e70e825d571,44dae102-8716-4274-95ac-bf413382999a,2025-12-14T14:42:17+00:00
b2f40d1f-1623-4bad-8000-b0259f7e8e1f,2e627613-246d-4a8a-b2d3-0e70e825d571,7a537b60-7891-4d8a-9a2d-3dc4f49961e2,2025-12-28T12:09:00+00:00
d62b0b85-1657-4581-adbc-41aa72242131,2e627613-246d-4a8a-b2d3-0e70e825d571,9a74e82b-9309-4739-ab1b-2657a686ca16,2025-11-28T21:35:41+00:00
96bc2d4d-664f-4779-961d-a6162fb89b4a,9f1fc54b-d91d-4a51-932d-cf9051ea98c4,71938832-5c59-49e3-be85-9acbd7ca55ba,2026-05-09T08:41:12+00:00
c20f34a3-499c-44bd-a9f5-50f144693d42,9f1fc54b-d91d-4a51-932d-cf9051ea98c4,2709bb2d-e639-44c0-920f-80a9f4c4955e,2026-02-27T14:57:22+00:00
b30c16b3-15b7-4b8c-b648-2844dfef0fe5,9f1fc54b-d91d-4a51-932d-cf9051ea98c4,553046bf-b8f3-4054-8eea-bd6715749b6e,2025-10-12T03:27:58+00:00
e2d21947-8f86-4cbe-9cfd-d02f8e992da6,9f1fc54b-d91d-4a51-932d-cf9051ea98c4,5e792d2c-8426-4884-9092-5acfa7c688ed,2025-10-31T23:32:57+00:00
f1049cd8-d7eb-498a-a315-59d87d915c23,9f1fc54b-d91d-4a51-932d-cf9051ea98c4,50ea7e0c-7da9-4f50-8495-8e484fcefdfd,2026-06-29T15:41:34+00:00
333ccb73-1f9f-4e8f-8cb6-2b781fd84bbb,9f1fc54b-d91d-4a51-932d-cf9051ea98c4,e5d66484-0921-411a-aecc-60e791695a29,2025-09-19T03:32:43+00:00
4389fdc8-147b-4c59-92d0-9676d3cd40b1,9f1fc54b-d91d-4a51-932d-cf9051ea98c4,1df596d4-a79f-4572-9306-495047dbf75e,2025-10-28T09:30:56+00:00
2cee6b87-0392-462a-bea8-e74440089a9a,bf1db679-701b-4b68-b549-6e7bf04671cf,aba48693-f4f3-4a99-931c-a612969e1c14,2026-01-31T12:06:01+00:00
b9a508b0-d8d0-4d8e-acd2-951e78398189,bf1db679-701b-4b68-b549-6e7bf04671cf,3be6bf3f-c8f5-451d-9829-86d0e1a995cc,2026-08-23T07:14:15+00:00
f9bb12d1-651a-4ecc-804c-fe0f1c8acc84,bf1db679-701b-4b68-b549-6e7bf04671cf,53cbc155-02f5-409e-90b8-e1d1b8a42be9,2025-10-24T10:40:46+00:00
54a153a7-58a3-40c8-86f8-ac4ee02f122a,bf1db679-701b-4b68-b549-6e7bf04671cf,8d0a4127-34d4-4cb0-ab2c-8a44732c4636,2025-10-24T05:37:39+00:00
fd2fb4dc-b7b1-4357-86d3-f0baf0267062,bf1db679-701b-4b68-b549-6e7bf04671cf,e984c74d-dd4a-466b-b93f-7f517e76b6c7,2025-09-30T18:59:32+00:00
2e207d2b-fed8-45a6-89b6-7ebf007852bb,bf1db679-701b-4b68-b549-6e7bf04671cf,10e5f889-8510-460a-b274-ff42a4b2a3e9,2025-09-06T23:48:05+00:00
c2b322f0-61ca-4e5c-bc9f-3add43a2aed5,bf1db679-701b-4b68-b549-6e7bf04671cf,725e8519-9d26-48e9-a0d7-b1d766f3587d,2026-01-15T04:24:54+00:00
b95c94d5-d77d-4af8-aa58-1220b98cfd73,bf1db679-701b-4b68-b549-6e7bf04671cf,7524322e-1510-48cc-868b-8d59b328109b,2026-08-28T06:19:59+00:00
249543b8-36e9-410f-a835-0f592b29c95b,bf1db679-701b-4b68-b549-6e7bf04671cf,6cad3973-c23d-4cec-bb0c-6ecf78003373,2025-10-13T22:00:44+00:00
1e7d4625-fb8a-4fa2-b5df-80c01fba3629,bf1db679-701b-4b68-b549-6e7bf04671cf,ce44b626-aa47-48a3-b23b-c2866dfefd6d,2026-02-10T03:42:30+00:00
8e6ace1d-d789-4586-b5ef-b957e867a276,bf1db679-701b-4b68-b549-6e7bf04671cf,7d2e833a-8242-43a6-93ca-e79df0b2cd59,2025-08-25T14:01:35+00:00
3ad56d16-b13b-43a8-bb89-f94bf726d6c1,bf1db679-701b-4b68-b549-6e7bf04671cf,7ad9fea0-4641-41fb-9744-34c15951b68f,2026-07-12T14:30:07+00:00
4fdf89a2-2e5a-4e47-ae79-e005e428eb37,bf1db679-701b-4b68-b549-6e7bf04671cf,373a53bb-6b51-442f-ac4b-1d028d9af863,2026-02-22T22:46:35+00:00
0a6cd6b3-4d8e-4c6d-a451-573acb65a64b,bf1db679-701b-4b68-b549-6e7bf04671cf,e8bd6718-0ee1-4de3-9813-716c81bea5a5,2025-11-08T01:02:20+00:00
f784faf4-7304-4deb-a439-5db645b446c2,bf1db679-701b-4b68-b549-6e7bf04671cf,01ad5d19-51ac-4277-bf22-13bac68b5a71,2025-09-29T18:38:11+00:00
1567eae5-2c99-4254-b3ea-91e6cfa00433,6ee4aeba-8253-4ed3-a69f-c028faebafa5,4baa25b9-1700-4782-a80b-d9e663939f70,2025-08-27T10:08:30+00:00
9a0819ab-a483-4efe-8de1-af6342293db7,6ee4aeba-8253-4ed3-a69f-c028faebafa5,4cf59a7d-3daf-44fe-8e86-aa4389b82fc0,2026-03-06T17:21:13+00:00
a0a709d0-a8f9-40ff-85ec-9e0049c43dd8,6ee4aeba-8253-4ed3-a69f-c028faebafa5,d30b8eb3-05ed-4a73-b6e5-042436e46b37,2025-10-28T06:48:53+00:00
678f49b5-0ce0-4a1f-9b91-f6559c959008,f3898bff-253c-4439-945e-cfe4feddd152,200f9843-09b8-49fb-9a99-30710133815e,2026-05-13T08:43:57+00:00
d6e95643-229c-47e1-bdd3-fbf91675edb3,f3898bff-253c-4439-945e-cfe4feddd152,4e2906a0-e445-4567-9bc3-c549a3448137,2025-08-30T12:35:50+00:00
c381e93c-8edd-45a8-b15b-2130c961dcd2,f3898bff-253c-4439-945e-cfe4feddd152,ded797b6-afed-4f9c-8ae0-35b3c61aa0e4,2025-10-02T14:08:10+00:00
a8f070f3-2927-4ad2-8a43-6f3e9b7edd5a,f3898bff-253c-4439-945e-cfe4feddd152,82c26f80-0b16-4534-b361-35fddfa95816,2026-03-05T13:40:49+00:00
abe28c00-5ac7-412d-bd12-31937b865ced,f3898bff-253c-4439-945e-cfe4feddd152,b8d5ebaa-e3a1-4774-8f3c-355409546348,2026-06-23T02:35:16+00:00
6ecdfed3-efbe-4c4e-901c-276ff2e99228,3d967a67-a2ad-4022-9b7d-28f7b8d06203,c568b27d-f55c-43c4-b16c-2ded8343488b,2026-02-20T18:16:01+00:00
2af971eb-1ee6-4732-a51a-b01fc3338c0b,3d967a67-a2ad-4022-9b7d-28f7b8d06203,2e33ff49-a484-4f82-95d2-dc4216703bb3,2026-03-17T04:28:15+00:00
51803f3c-af04-444c-8034-677cd761a71a,3d967a67-a2ad-4022-9b7d-28f7b8d06203,1a6d9651-427f-4f8b-8364-dedd886b767d,2025-11-03T04:52:05+00:00
88584a77-87d1-4fad-ad7f-68b7cb1636e5,3d967a67-a2ad-4022-9b7d-28f7b8d06203,2ad9462f-49f8-4d9a-8f1f-6f573c1e266f,2026-03-15T01:30:16+00:00
051a660b-fe42-41c8-91b8-f6d832e71f33,3d967a67-a2ad-4022-9b7d-28f7b8d06203,e67d37fe-aa3a-4812-8a3a-0cad3700d22f,2025-11-22T12:54:27+00:00
a819ba25-5839-4a0d-bb25-68a40b27be0e,3d967a67-a2ad-4022-9b7d-28f7b8d06203,1fba3799-d4cc-4a1c-84d6-51146012067e,2025-12-27T16:59:51+00:00
caf0168e-e683-4741-bd87-2bfe6750f34e,3d967a67-a2ad-4022-9b7d-28f7b8d06203,33cd8209-3c57-4c7c-9796-06275679bd1a,2025-12-16T03:30:27+00:00
a3a07b70-6966-40ee-a8b1-8d0a41b021bc,3d967a67-a2ad-4022-9b7d-28f7b8d06203,d7b30ac7-a843-4c2c-b7d0-5dbca0c169c3,2026-03-22T18:37:26+00:00
505a4d52-9f2c-49ff-a4da-8a2dab34f48e,3d967a67-a2ad-4022-9b7d-28f7b8d06203,cbcba9e3-129e-437d-adc8-13aae5e788ac,2025-11-26T14:20:54+00:00
3a4b0bb8-e58a-47af-80da-93cab12a102a,3d967a67-a2ad-4022-9b7d-28f7b8d06203,dd6a0ad5-cbc7-4d17-8a8a-229cea78e52b,2026-01-16T19:16:24+00:00
8934147e-600b-4826-a5b7-230dc0dcefc1,3d967a67-a2ad-4022-9b7d-28f7b8d06203,ea8951c3-9063-4555-961a-8fcb0cc9fd92,2025-12-01T02:06:31+00:00
c1e679ba-d0f5-4604-a3f3-96af979ca98f,3d967a67-a2ad-4022-9b7d-28f7b8d06203,6cad3973-c23d-4cec-bb0c-6ecf78003373,2026-02-11T02:14:29+00:00
01a89bc9-33a8-42ac-ad91-0d3645cd8b9f,3d967a67-a2ad-4022-9b7d-28f7b8d06203,c76f1c0b-bf00-4af7-84b8-6ec1e8252901,2025-12-09T08:51:21+00:00
c167d261-8e42-49b6-99e1-84e85966b529,3d967a67-a2ad-4022-9b7d-28f7b8d06203,323fd007-baf9-422e-b5f8-b93742be059f,2025-10-03T19:09:15+00:00
672e2721-ae66-43ae-a54e-7a92ce2e7fe8,3d967a67-a2ad-4022-9b7d-28f7b8d06203,9683d7cb-c320-48ab-b91d-373a4a32cc44,2026-05-31T11:33:10+00:00
1afe37dd-50c4-418b-ab4e-29bae48222aa,3d967a67-a2ad-4022-9b7d-28f7b8d06203,fda2746f-f24e-4da4-9ab4-b1a01d07a375,2026-06-11T05:24:49+00:00
6c6d7c05-aa3f-43c1-a229-98949bffaa08,3d967a67-a2ad-4022-9b7d-28f7b8d06203,a4435821-88f2-470f-8792-58ce92993496,2026-07-18T01:37:14+00:00
82381305-2909-4dbc-b3c5-58fbe26718bc,3d967a67-a2ad-4022-9b7d-28f7b8d06203,c90cc779-75f4-4f0d-8f0e-bf02ad0ba33c,2025-11-08T13:51:18+00:00
030f15e7-56a8-4110-90c6-a5996fe6a883,3d967a67-a2ad-4022-9b7d-28f7b8d06203,cdcd2f90-549e-4f8a-a600-5ffc9f8c2d74,2025-09-10T15:20:53+00:00
c5b65458-ba60-44b3-912e-61306b50c047,3d967a67-a2ad-4022-9b7d-28f7b8d06203,42688444-55cc-483b-a92c-df6777013516,2025-08-30T00:53:17+00:00
76d1236e-2888-4f22-b1d9-4b22d1d8022a,3d967a67-a2ad-4022-9b7d-28f7b8d06203,e984c74d-dd4a-466b-b93f-7f517e76b6c7,2025-08-27T00:35:09+00:00
991b1855-7888-4447-80b4-3964d9f66ffd,3d967a67-a2ad-4022-9b7d-28f7b8d06203,2ba2f93e-b90a-4582-9c0b-561477ec2dd4,2025-11-18T22:15:23+00:00
17dee05d-0cc6-41b1-9b08-8a7237a26b50,caa94f52-0765-4fee-8543-81d6a2b8ca5b,fda29f93-a3e8-4fb9-84ba-b9b7b56ec5c2,2026-05-22T20:19:41+00:00
77a86985-4fed-4998-b64b-13cff3e2bf29,caa94f52-0765-4fee-8543-81d6a2b8ca5b,f1a0ec25-92c1-456d-bc62-93f211e3df90,2025-12-04T18:55:34+00:00
952b1f7e-4456-456f-91ca-71b0c703057f,caa94f52-0765-4fee-8543-81d6a2b8ca5b,78adb4b4-64d8-4a3f-b789-0aeeccaf033e,2026-06-21T07:24:02+00:00
957cd21b-54d5-47c4-b8be-19b60ac07b3e,caa94f52-0765-4fee-8543-81d6a2b8ca5b,5e792d2c-8426-4884-9092-5acfa7c688ed,2025-09-07T16:31:27+00:00
766b3c4f-15a3-4f29-9261-682ad7950d58,caa94f52-0765-4fee-8543-81d6a2b8ca5b,3ae23a73-75a2-49e9-b24e-8c3459016993,2025-09-02T13:34:56+00:00
01306ce5-82a2-4fd7-bda4-0989f552dc9d,caa94f52-0765-4fee-8543-81d6a2b8ca5b,57d2ea34-ccda-48c1-82da-d0d973b20d87,2025-10-01T23:48:03+00:00
5f5ca0ea-ec41-4f75-9f01-38ebff7187b4,caa94f52-0765-4fee-8543-81d6a2b8ca5b,b6f4d635-89e6-4c7d-b21e-375b06a4dc27,2026-06-20T04:40:02+00:00
efc397a7-3bc6-4746-b4c6-74d8e0a5adbb,caa94f52-0765-4fee-8543-81d6a2b8ca5b,0d63423b-88a8-461b-94f4-e18357eba2f3,2026-01-06T13:25:43+00:00
c1c85505-51df-4422-9fad-706ae73ea112,caa94f52-0765-4fee-8543-81d6a2b8ca5b,345afc84-e133-4249-9c52-f900042bc4f9,2025-09-20T19:07:44+00:00
cb4bb9e4-d4cf-43c2-89ed-4135e850caee,caa94f52-0765-4fee-8543-81d6a2b8ca5b,1df596d4-a79f-4572-9306-495047dbf75e,2025-08-27T04:14:16+00:00
059faef5-4a7e-49dc-abc9-4d0f7e89f47d,caa94f52-0765-4fee-8543-81d6a2b8ca5b,dd6a0ad5-cbc7-4d17-8a8a-229cea78e52b,2025-08-28T14:55:24+00:00
b4f040da-c401-438f-9974-351d6d53c53e,caa94f52-0765-4fee-8543-81d6a2b8ca5b,1a6d9651-427f-4f8b-8364-dedd886b767d,2026-01-26T00:47:09+00:00
ca788d63-4cb7-4f31-b81f-20fbeaf75076,a1bb6f4c-659e-4c73-8b1e-aa11d7e786b0,0581305f-6e14-482c-94be-e2a7bab71968,2025-08-27T10:08:07+00:00
0f86b9b3-21e5-4758-aade-fcd3c6f08f72,dac12336-60ae-4e80-a6b4-5b3b7692b734,1cd103c5-ca45-4990-b0e8-9aeda141fced,2026-05-21T03:39:32+00:00
aacf3f7b-8a56-4a97-83b7-ed7069884ff9,dac12336-60ae-4e80-a6b4-5b3b7692b734,de74cf8e-baf2-424d-9e05-fa5a4aefa19e,2025-11-25T14:03:24+00:00
b5ca0967-4f71-415b-9988-cf425531f96e,dac12336-60ae-4e80-a6b4-5b3b7692b734,3faf19b8-adef-42c8-a07d-601db32b3f06,2025-09-30T06:54:51+00:00
6d145404-b298-4265-b111-feba0478db51,dac12336-60ae-4e80-a6b4-5b3b7692b734,ad2f999d-f1b6-41a4-a695-aceb650a5b74,2026-05-30T00:38:34+00:00
1f4450d6-ff67-447f-8347-8641a8036c41,dac12336-60ae-4e80-a6b4-5b3b7692b734,1dc0db8d-05e4-4ebb-97cd-9fe0c828ad56,2026-07-15T00:59:58+00:00
83205e7e-f2ac-4eff-9027-f2602d86ea32,dac12336-60ae-4e80-a6b4-5b3b7692b734,810094ee-d2d1-4263-b5b9-7363f515bf05,2026-03-24T07:57:45+00:00
62c9f7d7-3939-45b3-be9c-e66f1f76958e,dac12336-60ae-4e80-a6b4-5b3b7692b734,3be6bf3f-c8f5-451d-9829-86d0e1a995cc,2026-02-26T05:50:05+00:00
ab71cb0d-2afb-4e36-a6a0-ecd1a6bb48ad,dac12336-60ae-4e80-a6b4-5b3b7692b734,e984c74d-dd4a-466b-b93f-7f517e76b6c7,2025-10-03T09:00:29+00:00
b7f5e745-685e-45a7-9f3d-022ba7a340d2,dac12336-60ae-4e80-a6b4-5b3b7692b734,d22d4315-95d0-4e9b-8b3a-ee71f98284ba,2025-08-29T19:19:57+00:00
6750c5a9-4d97-4e5a-a163-d8743749d54b,dac12336-60ae-4e80-a6b4-5b3b7692b734,8d03f92a-b2fe-4c08-869d-2b9e1a04c1d7,2026-07-12T01:16:10+00:00
2b283c75-9ef3-4ce1-a578-8264bb152e2a,dac12336-60ae-4e80-a6b4-5b3b7692b734,f31588a9-6fbc-4f16-a1f0-65bb1970a62f,2026-06-04T01:26:41+00:00
d85a36f5-51f4-443b-b97a-4bb009f44305,dac12336-60ae-4e80-a6b4-5b3b7692b734,d103d768-2880-46ed-b2c3-6b7b04ebc1d8,2026-07-04T00:45:01+00:00
5873ec50-031c-4d2e-a7c9-c709fee2cdbc,dac12336-60ae-4e80-a6b4-5b3b7692b734,3c93bac9-6c00-45ff-868a-2fca9fd92411,2026-08-07T18:05:11+00:00
63a62764-47d9-4529-9fbd-581313f6fbba,dac12336-60ae-4e80-a6b4-5b3b7692b734,fba653f1-56a1-4e32-b3a6-1205a8a2e461,2025-08-27T16:58:28+00:00
4390f03e-8a1b-4172-a5c9-cbe545538727,dac12336-60ae-4e80-a6b4-5b3b7692b734,51910d94-7df2-4595-be53-5b43cb379762,2025-08-27T15:57:29+00:00
38556e52-6f19-43b7-98b7-1aae12776de4,dac12336-60ae-4e80-a6b4-5b3b7692b734,db16a0e3-1900-4649-86fc-1c299886fc23,2026-04-27T20:36:35+00:00
c283b954-5669-4945-a411-58da299b92e2,dac12336-60ae-4e80-a6b4-5b3b7692b734,b371ce5e-bc61-471a-9390-abad4474dcdf,2026-02-26T15:55:04+00:00
cc2bf2e4-2fbe-4a57-b6aa-15e0e0e9d16d,dac12336-60ae-4e80-a6b4-5b3b7692b734,27de1447-4949-4ba1-94da-511dcf33e97a,2025-11-12T14:23:26+00:00
76303e9d-8a78-4eee-ad7f-b538adf3ffb4,dac12336-60ae-4e80-a6b4-5b3b7692b734,156ce20e-a7d6-4a4e-88c0-5e21929a443d,2025-10-23T03:23:48+00:00
c78ad438-fbaa-47fb-9847-e1f5a1d2b2c2,dac12336-60ae-4e80-a6b4-5b3b7692b734,1a6d9651-427f-4f8b-8364-dedd886b767d,2025-08-27T13:46:14+00:00
236b5101-2fe5-47df-aea3-129794c6c622,dac12336-60ae-4e80-a6b4-5b3b7692b734,b2934820-ad75-476f-ade6-054a7c89f295,2026-01-02T10:30:28+00:00
33f8b404-de2f-4ad7-92d9-a5eb84a5a838,dac12336-60ae-4e80-a6b4-5b3b7692b734,f3189547-b5c9-4076-aab8-d864b3815677,2026-07-17T19:51:42+00:00
96650954-bbb0-4f84-aaba-a8426fb85b9d,5c3744d0-0723-4b8b-b891-2d53f71d0d88,4191e4fb-4f72-4e71-ad79-a05abd92be9f,2025-09-02T21:08:19+00:00
6c9bf6f7-cd3a-49e3-81f0-f26258856be1,5c3744d0-0723-4b8b-b891-2d53f71d0d88,eb37e445-ad15-450f-aac9-165635b7ef7b,2025-08-28T02:53:47+00:00
0575d265-2066-4364-a2f2-8426fbd6527f,5c3744d0-0723-4b8b-b891-2d53f71d0d88,dd97c4bf-c562-41cd-943b-218a8b5baac4,2025-08-29T19:08:12+00:00
42f29337-3adc-4020-b5bb-43111bd811f8,5c3744d0-0723-4b8b-b891-2d53f71d0d88,ff34dee7-a247-40d7-b920-a3d2e7a536c2,2025-08-29T10:27:00+00:00
e66eb5b7-7f30-4d05-9549-9a6e7deb44c3,5c3744d0-0723-4b8b-b891-2d53f71d0d88,bc9cbd74-f51e-47e9-ba77-1f2c017e9cca,2025-08-29T01:48:37+00:00
03aa885a-9bca-4f8a-b3e1-c6c35df54af5,5c3744d0-0723-4b8b-b891-2d53f71d0d88,dd5c4d9c-19c8-4f8b-89b7-e10c6aef4e21,2025-08-28T14:05:34+00:00
d6599503-818f-48b7-98b7-94411f04229f,5c3744d0-0723-4b8b-b891-2d53f71d0d88,feb4d905-0b79-4ac5-9d53-4c64f8023f17,2025-09-03T14:46:18+00:00
aa9bc90c-210c-4842-ab9b-7faf3d504bc2,2458d995-3b65-4996-a763-31549ad95d06,1c53189a-7903-4dcb-97d6-29489110198e,2025-08-30T16:44:25+00:00
33d63476-ac69-46c6-9a16-e56b8eb8ca27,51249e9d-056f-4eb1-8f4d-e47f83fbb168,666bc6ff-a4ef-4446-b1f3-452d89ab9300,2025-09-05T16:47:36+00:00
a6713105-01a5-43df-8c9a-2a7715883cf8,51249e9d-056f-4eb1-8f4d-e47f83fbb168,26d61dc5-0b03-4c16-8a64-7afeba92fecb,2025-08-31T14:00:31+00:00
01032aa1-9366-4e22-8a41-4be2bab69f8d,51249e9d-056f-4eb1-8f4d-e47f83fbb168,b2934820-ad75-476f-ade6-054a7c89f295,2025-09-05T19:01:21+00:00
eb3f2b4c-a959-40da-ba1d-81f01e70e8a4,6b2bea8e-faff-4c70-8231-13efd8376c92,743aae1e-e024-4953-a3ae-1413333f514f,2025-08-31T02:58:39+00:00
9d8421ff-43fe-43ad-b735-2a29f28c7414,5f0dc977-a2b2-4842-97b0-9736d9b082bd,b3a594ad-c0b2-4c4f-9c16-36e5268f731d,2025-09-03T05:29:12+00:00
f59d995b-3e81-462e-adeb-28157d0779fb,5f0dc977-a2b2-4842-97b0-9736d9b082bd,86a2d273-34b8-46f0-bdc9-4868692691fa,2025-08-31T21:28:03+00:00
c3e01e90-15c8-4149-a57c-f11e405982a3,5f0dc977-a2b2-4842-97b0-9736d9b082bd,62d505af-b1ab-402a-b8ac-bf03c359aea7,2025-09-11T07:04:16+00:00
335fecdc-5cb9-479f-9b63-bea4f4739971,12189376-01da-4e2a-839a-ea67cb16dddf,75c13d9c-916c-4e76-9219-1fb1448b7789,2025-09-02T19:52:33+00:00
93a78476-7bd2-4f44-b80e-22a8599528ea,accfbee3-03b7-49ac-ad61-4454cd303024,4b87053a-c2e0-4a91-bd88-3da84717c1af,2025-09-18T19:24:24+00:00
d2651902-280d-460e-9b39-9dd4bda4fdda,accfbee3-03b7-49ac-ad61-4454cd303024,e0ac1371-730b-4fd6-8af4-80859ee0ade7,2025-10-17T08:00:09+00:00
1d287c39-cf98-41ee-9ab8-4b6e4c87ba16,accfbee3-03b7-49ac-ad61-4454cd303024,52d44442-4dbc-40af-bbe3-a97d1e165b33,2025-11-11T22:21:42+00:00
335ab098-b45d-4d2d-8d82-1ee9050b4e26,accfbee3-03b7-49ac-ad61-4454cd303024,6d1577ed-1dc7-4670-a35e-7ee03d6217a2,2026-02-16T08:29:25+00:00
7ef28b4f-babd-463b-a2f0-273aaee88fa0,accfbee3-03b7-49ac-ad61-4454cd303024,f588c9b7-219c-42f4-8026-81909c76658e,2026-03-19T17:30:30+00:00
1b7286d0-9811-44a9-a3b2-e3bc6ff4975a,fb42bc8a-6bd1-449e-9437-89cf867e6ba4,6fadda54-a15d-4010-be7a-2f23d4461cf9,2025-09-03T19:56:17+00:00
a4ae503e-9a0d-4a6c-8b32-20046e0a472b,ce22bb66-e5ad-4344-8ef6-b506f8a3d44f,081ff1ec-6b6e-4345-b592-685440228bd4,2025-09-05T11:15:41+00:00
3a59f456-fc7e-4960-a761-3ca3f17789b0,ce22bb66-e5ad-4344-8ef6-b506f8a3d44f,d0c1bf19-bea4-424f-910b-25f9f5d2cc23,2025-09-05T00:51:59+00:00
5ea9bb28-bec8-4657-a23f-b9b1a230ba00,ce22bb66-e5ad-4344-8ef6-b506f8a3d44f,495a3aa3-44af-4038-8197-d87257807cf3,2026-03-12T16:31:51+00:00
985a1846-f579-4090-b9fe-182119ac0621,ce22bb66-e5ad-4344-8ef6-b506f8a3d44f,7759297b-afe9-4b95-8e56-6c553c734e03,2026-05-28T02:28:33+00:00
28d58176-e9c3-471b-b357-97a2d5e70b37,ce22bb66-e5ad-4344-8ef6-b506f8a3d44f,0c75c528-0777-4d48-b0e4-87ab07dcd5a2,2026-01-22T07:55:18+00:00
89aa012e-d0b8-49ff-b586-6d9fecbdc8a7,ce22bb66-e5ad-4344-8ef6-b506f8a3d44f,e984c74d-dd4a-466b-b93f-7f517e76b6c7,2025-09-12T16:09:38+00:00
47c31270-fbd3-4b09-b17c-16eecfa99025,ce22bb66-e5ad-4344-8ef6-b506f8a3d44f,7524322e-1510-48cc-868b-8d59b328109b,2025-09-03T20:35:10+00:00
5a5252aa-09fd-4036-b6ea-201328f2ebbe,ce22bb66-e5ad-4344-8ef6-b506f8a3d44f,01ad5d19-51ac-4277-bf22-13bac68b5a71,2025-10-22T15:37:17+00:00
8ef00fac-bfb8-4e02-b9c6-5ad5dd1cdd81,ce22bb66-e5ad-4344-8ef6-b506f8a3d44f,caa94dc0-81be-4dfa-8bc4-fa28c1ea5e7e,2026-08-29T18:40:55+00:00
060abb39-a5eb-4354-8155-c7a98f6ba5b5,ce22bb66-e5ad-4344-8ef6-b506f8a3d44f,f1999cc6-bd96-4a94-b030-3072877f65df,2026-03-09T07:35:42+00:00
682627c7-cd9e-434e-a937-fc803ed89655,eb00b031-74cf-4003-b10d-4c5b4746fa4b,b2ebd1c7-416b-4645-a522-88f29c4fd3fa,2026-03-17T14:20:44+00:00
cb78eaca-7146-4dff-9925-ad1e9e09f4ca,eb00b031-74cf-4003-b10d-4c5b4746fa4b,5fe592da-0d87-421c-93e1-8e7df2988983,2026-08-17T23:57:06+00:00
1bcec590-b53d-4ee5-a917-1f600ee3d8a4,eb00b031-74cf-4003-b10d-4c5b4746fa4b,6e62d7bb-6bda-4ea0-82c5-87c508932975,2025-12-17T01:58:21+00:00
8d33dc67-1e9b-490a-8653-0b23b134555c,eb00b031-74cf-4003-b10d-4c5b4746fa4b,1738f94b-1c67-4612-9cd8-819ca50c35e3,2025-09-07T10:26:10+00:00
3a81ea15-3621-49e4-890b-d094b8a42508,eb00b031-74cf-4003-b10d-4c5b4746fa4b,a9cdac52-fb98-4fca-a99d-9127b6f2d083,2026-01-20T16:37:53+00:00
25a0fd32-317c-4552-9973-3999b9ed6da5,a33586cb-c351-407a-bf72-aa2c5e6fc77a,1e35bc63-b9b9-4dc0-bbca-ba32d6a1676f,2025-09-04T08:52:30+00:00
8200d533-1b9b-4d79-b481-ddadf30acfde,c217afe6-d575-4433-aa7b-948c5bee9162,e1ed7e6e-8e69-4089-a848-80cc71f34ee0,2025-09-04T23:25:38+00:00
8ecc8eeb-2a80-45b1-af40-4f61e3736bd8,c217afe6-d575-4433-aa7b-948c5bee9162,98975cfd-3638-4842-83fd-fb6f839b37d9,2025-09-12T05:47:26+00:00
284bf274-e663-41af-adbb-cdbf41790c31,c217afe6-d575-4433-aa7b-948c5bee9162,e65dbaf8-02e5-4e0e-a975-b67690763c60,2025-09-10T16:07:15+00:00
f9633724-68ba-4d8f-b6f2-121319d3d76a,c217afe6-d575-4433-aa7b-948c5bee9162,20643c6d-5091-45f4-96dc-2970aa107c3a,2025-09-15T23:44:38+00:00
0a09dd36-b290-4a02-9fd0-8947a48a71a8,c217afe6-d575-4433-aa7b-948c5bee9162,189077b3-db48-4236-959d-98880fad6d57,2025-09-07T09:07:40+00:00
84dabdb2-d9de-4382-ad5f-0efb6d79257c,2ba23793-8b19-43ca-bc60-f9a32aac95ce,767703ae-4d74-4728-ae3f-a80c8b6ead76,2026-06-24T06:28:53+00:00
885028e5-f005-48b9-99a3-5d539045a786,2ba23793-8b19-43ca-bc60-f9a32aac95ce,87144f65-cce8-4440-b1c1-92d6c4ad5ac8,2026-06-13T21:08:56+00:00
557dd29c-c6ee-4bd2-8758-fa1bfb1aa130,8c5bb473-a902-4152-9e24-ba49dcbd3f98,f91ff251-1181-4bdc-acdc-09ddd07c0f6b,2025-12-09T15:01:30+00:00
ddd4b674-f25a-4405-966a-1b58dea840fc,8c5bb473-a902-4152-9e24-ba49dcbd3f98,dc64b030-9ad0-4b7f-aa39-1ea19decb440,2025-09-18T07:40:06+00:00
03bff8da-4edd-4389-8bfa-5f8a82628258,8c5bb473-a902-4152-9e24-ba49dcbd3f98,51910d94-7df2-4595-be53-5b43cb379762,2025-12-16T18:19:05+00:00
824577dd-f7f1-45c3-a94f-cfc4827f0530,8c5bb473-a902-4152-9e24-ba49dcbd3f98,7f332889-8032-467d-a20a-a0aadb0a6c98,2026-03-14T16:38:56+00:00
ffd52c1e-d148-42a1-8c6a-51cd33cfe0c7,8c5bb473-a902-4152-9e24-ba49dcbd3f98,a105a7b4-bf97-4183-b330-e5764873fe47,2025-10-12T05:29:17+00:00
5b41134e-fa26-43a3-9445-2934af046a5e,2d4d74ae-66e3-4290-94b1-9b3cd5efc7ad,a0e2974c-e309-4d0a-be48-f7744ff2a50d,2025-09-21T22:26:44+00:00
bacc60f8-d73a-4010-aabd-c0140885941c,2d4d74ae-66e3-4290-94b1-9b3cd5efc7ad,54f26470-51db-447f-8c40-86bc6859b21b,2026-07-16T04:07:23+00:00
fe1abf6f-5884-4ad8-b765-72ea9be1338c,2d4d74ae-66e3-4290-94b1-9b3cd5efc7ad,7d2e833a-8242-43a6-93ca-e79df0b2cd59,2025-10-20T11:38:37+00:00
ad4c77bb-642b-4fc4-9987-4d7d9fab99fb,2d4d74ae-66e3-4290-94b1-9b3cd5efc7ad,054fe171-2aa2-4064-be59-369e103477d7,2025-10-02T00:48:47+00:00
42455574-a537-40e2-b0c8-564ccd14c002,2d4d74ae-66e3-4290-94b1-9b3cd5efc7ad,ff1dc571-d626-480e-b098-a50d60c896af,2026-03-24T20:06:27+00:00
c6f7378f-d37b-4ee3-9e41-1f6db98f99ed,2d4d74ae-66e3-4290-94b1-9b3cd5efc7ad,7d339706-bfcc-4887-91f1-ec63d2d23823,2025-11-11T04:12:48+00:00
8b3fa3a5-beea-4454-9ed2-b7a4395e54a5,2d4d74ae-66e3-4290-94b1-9b3cd5efc7ad,f31ed9a5-371d-40f1-abad-f2898658760d,2025-10-20T13:50:24+00:00
a5b90d6b-0cf7-486a-a64b-77a94e6e1c1e,2d4d74ae-66e3-4290-94b1-9b3cd5efc7ad,57d2ea34-ccda-48c1-82da-d0d973b20d87,2025-10-10T16:44:22+00:00
6071a715-8b94-4fd7-9f3b-ff61a3b1a321,2d4d74ae-66e3-4290-94b1-9b3cd5efc7ad,2ac3a3a5-640a-4b9b-a55a-419ce256fa53,2026-07-13T15:10:56+00:00
bec9e0fe-5671-437e-b948-6fbdaeb1509e,2d4d74ae-66e3-4290-94b1-9b3cd5efc7ad,af587165-10af-4199-96d6-3bcb946bf36d,2026-03-21T09:54:22+00:00
b4a0f518-da87-4074-9e00-7149c314e1ec,2d4d74ae-66e3-4290-94b1-9b3cd5efc7ad,ceb5b100-6d16-4a2c-a1ac-94145b871907,2025-10-10T06:31:41+00:00
e6df04ca-782a-4850-b979-c477c5525d0c,2d4d74ae-66e3-4290-94b1-9b3cd5efc7ad,d30b8eb3-05ed-4a73-b6e5-042436e46b37,2025-09-06T13:29:43+00:00
272d7319-68a2-4a10-8512-a7edcb6250ce,2d4d74ae-66e3-4290-94b1-9b3cd5efc7ad,b87fa7ae-7016-46ff-bf10-b0be3cd2d358,2026-08-18T00:57:17+00:00
d209716e-f4fd-46bf-80f4-001564b5ad82,2d4d74ae-66e3-4290-94b1-9b3cd5efc7ad,eeff5407-0122-4256-8fe0-ca19e54acbbb,2025-09-08T13:28:09+00:00
efbcf359-ac34-43a6-9fa8-f963d62724c9,2d4d74ae-66e3-4290-94b1-9b3cd5efc7ad,22b1d57e-427b-4075-b871-f3a5bde40fbe,2026-08-03T14:24:28+00:00
adf07c45-55a8-4f49-89e5-9417823bdf3f,2d4d74ae-66e3-4290-94b1-9b3cd5efc7ad,742f60c2-2f3a-4c03-86e2-e6b289299c40,2026-07-23T13:55:39+00:00
23cb6214-1fe2-4ef9-8b36-b3a9d757d55e,2d4d74ae-66e3-4290-94b1-9b3cd5efc7ad,7524322e-1510-48cc-868b-8d59b328109b,2025-09-23T17:39:18+00:00
d46bb6fa-2603-41fd-9dc1-0a27d5782c20,2d4d74ae-66e3-4290-94b1-9b3cd5efc7ad,ea8951c3-9063-4555-961a-8fcb0cc9fd92,2025-12-14T05:02:57+00:00
f9acfa28-7933-4dc9-ac30-f55c16fde184,2d4d74ae-66e3-4290-94b1-9b3cd5efc7ad,ae8523f3-49f1-45d4-ab29-0313676f12d0,2025-09-11T22:01:02+00:00
82e9a459-c814-4b40-b6fe-b8253b8c0f52,2d4d74ae-66e3-4290-94b1-9b3cd5efc7ad,06a5945b-2a25-4bf1-b0d1-578601aaab81,2025-09-06T09:32:57+00:00
8798907b-1475-4260-8ce3-d43df91df2cf,f668ce31-bffc-453e-a666-bb5b36d09f20,09df0479-c184-43eb-84fc-57806ea9743a,2026-07-21T18:28:03+00:00
2dfc0138-7e6d-47a6-880f-cf8d55352a40,f668ce31-bffc-453e-a666-bb5b36d09f20,7cbcbdd2-c81d-4c88-84cd-0c1ee4dcf86a,2025-11-21T08:53:13+00:00
5a1e851a-9275-4ea9-8e90-9f75e0de8d18,f668ce31-bffc-453e-a666-bb5b36d09f20,8c0f035c-ed24-4e92-9e38-7d7562011845,2025-11-23T16:08:08+00:00
c63f74c3-3134-4b6d-8602-b9f5de62a52a,f668ce31-bffc-453e-a666-bb5b36d09f20,633e35cc-49f2-45eb-961a-e210bcd9d073,2025-09-09T12:59:18+00:00
6657406b-8282-4055-b05c-4343c366e267,f668ce31-bffc-453e-a666-bb5b36d09f20,36d2e780-1eb8-4905-beb8-e2ebc5c6adb1,2025-12-17T11:00:58+00:00
fbe58bb3-5e20-4000-ab83-b7f808a4bc7f,f668ce31-bffc-453e-a666-bb5b36d09f20,52c5c6a9-39b5-4951-9af7-b20a0970bd62,2025-09-10T23:43:32+00:00
85f3ad39-b80f-4861-90a0-8b8ffcecc285,bbd9d450-b92b-4b99-a76b-55ff10ff1cec,8ca12932-1c6f-4ce8-b5ac-da66575fd911,2025-10-31T15:05:08+00:00
88f4a6d3-6a99-4428-a7e4-e790e2f748ac,bbd9d450-b92b-4b99-a76b-55ff10ff1cec,3fc6331b-9394-4e27-8bfb-3d16fe1a97c0,2025-10-20T08:45:29+00:00
4b4cae67-12e4-4f60-8d7a-e806f5719932,bbd9d450-b92b-4b99-a76b-55ff10ff1cec,9e2d608b-d89b-47b6-a9be-d7becb140d83,2026-07-12T02:38:58+00:00
3a17e879-0999-4fd9-96d1-154abb232ff2,bbd9d450-b92b-4b99-a76b-55ff10ff1cec,2e33ff49-a484-4f82-95d2-dc4216703bb3,2026-01-19T16:50:24+00:00
c75a4654-02f7-4aff-b638-7f56973d17f8,bbd9d450-b92b-4b99-a76b-55ff10ff1cec,c568b27d-f55c-43c4-b16c-2ded8343488b,2026-02-28T10:30:28+00:00
edd98e5b-5620-464f-bb7d-808538e838f9,bbd9d450-b92b-4b99-a76b-55ff10ff1cec,76948275-fc48-4c3e-b731-4436f90cd800,2025-11-20T13:05:26+00:00
e6593098-506f-4e12-825f-0ddc7369d78b,bbc9b860-7d3b-4c69-bca5-5fd5aed2ecb3,74d3f6c0-8cd8-42de-be07-4e633a9879a2,2025-09-11T16:02:52+00:00
058582d6-62a5-40c6-9ea8-4ed131650e44,bbc9b860-7d3b-4c69-bca5-5fd5aed2ecb3,1af051a4-5fb9-478e-9d62-3279d88a6cff,2025-10-06T20:08:01+00:00
dbd0e5f9-d07b-4dae-9b6e-16a754fb29f4,bbc9b860-7d3b-4c69-bca5-5fd5aed2ecb3,e4ea0bbe-fdc0-4311-bef4-bcb809a9a630,2025-09-17T15:27:41+00:00
58cc6c37-fbb1-4473-b0ef-985988d1abdb,bbc9b860-7d3b-4c69-bca5-5fd5aed2ecb3,1a6d9651-427f-4f8b-8364-dedd886b767d,2025-09-07T03:38:16+00:00
461a3772-da5e-422f-b602-f3924ab52b95,4c6d50ec-dacc-4659-b44d-f20259d261d8,4495e555-157c-430a-9288-2c59115408fe,2026-06-03T08:02:06+00:00
4c4c882a-2881-44c1-bc90-71dd0cf72bce,4c6d50ec-dacc-4659-b44d-f20259d261d8,fe1dae52-39dc-4990-be70-ac03aa8ee90a,2026-07-14T01:04:42+00:00
d87c3a49-df77-4cd6-a49c-224ccb034bd7,4c6d50ec-dacc-4659-b44d-f20259d261d8,f5406e32-0613-43ee-b020-bf1ba6990c2b,2025-12-06T03:56:55+00:00
607c24f9-3bca-4ce1-977f-2181d3e6b85f,4c6d50ec-dacc-4659-b44d-f20259d261d8,0183dc00-5b81-4d6d-aa94-59a230ee274c,2026-04-03T05:50:32+00:00
c4181765-5d94-49b9-a7af-7535ea045bc4,4c6d50ec-dacc-4659-b44d-f20259d261d8,f4b0199b-48eb-4354-a8fe-03676e9169f9,2026-02-13T02:26:31+00:00
fe12f7ce-5d71-4add-82d2-d58b8ca4f8b8,4c6d50ec-dacc-4659-b44d-f20259d261d8,299a8f80-c512-4987-80d2-c15927f4e916,2026-06-16T21:43:33+00:00
6d57940c-3138-4ab6-8d55-17385dcbe373,4c6d50ec-dacc-4659-b44d-f20259d261d8,659f0acc-033d-4e42-acb5-b569fa69a743,2025-10-31T21:30:54+00:00
b218b83d-b666-460f-a032-0fcde72523eb,ecb859e1-216f-4e8d-a72c-fde755907d82,e735ab9c-d62e-4e4c-a719-99a447547e16,2025-09-09T01:21:54+00:00
107d0694-e7f5-471a-96e2-cdad8d165c05,ecb859e1-216f-4e8d-a72c-fde755907d82,6fadda54-a15d-4010-be7a-2f23d4461cf9,2025-09-11T09:08:43+00:00
fd1b8eab-bfb3-4dd7-b013-2d0322ec2518,ecb859e1-216f-4e8d-a72c-fde755907d82,87981edc-4a5a-415d-b51d-f9217163949a,2025-09-08T03:12:49+00:00
556b60b4-4b5c-4a56-80ae-99fe8376cbe2,3e600098-0ecd-4c03-ac62-95dfc8061aba,8655633c-8b61-41b6-8e06-e79ce464e099,2025-10-27T04:43:06+00:00
c9fd3494-aca0-410a-90f7-778732a045b9,3e600098-0ecd-4c03-ac62-95dfc8061aba,7524322e-1510-48cc-868b-8d59b328109b,2025-10-15T21:18:13+00:00
94e70c4b-9d29-43a4-b659-a43a6c4292fa,3e600098-0ecd-4c03-ac62-95dfc8061aba,1738f94b-1c67-4612-9cd8-819ca50c35e3,2026-05-28T23:50:48+00:00
a372bbbc-1bec-4503-800f-52e4a7dd9cec,3e600098-0ecd-4c03-ac62-95dfc8061aba,44ee0402-719e-4795-b6d1-9697a6d0a515,2026-08-09T01:38:59+00:00
0f94f1d6-30d2-4bd5-9a2e-77454186e45c,3e600098-0ecd-4c03-ac62-95dfc8061aba,469cafcd-e935-4706-a180-dbcf0d46cd05,2026-01-27T11:58:30+00:00
3ac7c2b3-cfbc-4a4c-bc0c-cde38f370c4e,3e600098-0ecd-4c03-ac62-95dfc8061aba,2e23fd62-664f-4904-93b9-98484374da38,2026-01-25T20:45:16+00:00
91b389a6-5f53-4896-8e5d-69a823e105a9,3e600098-0ecd-4c03-ac62-95dfc8061aba,ff34dee7-a247-40d7-b920-a3d2e7a536c2,2026-01-19T14:38:07+00:00
2c6c51f1-1a63-48b0-9376-8a8642c650d1,3e600098-0ecd-4c03-ac62-95dfc8061aba,ef6f0845-2282-4ad4-870c-058ceee8da3c,2026-05-13T16:49:38+00:00
f21bae13-5722-4119-8466-c7b03aea4aa2,3e600098-0ecd-4c03-ac62-95dfc8061aba,e0ac1371-730b-4fd6-8af4-80859ee0ade7,2025-09-19T03:58:01+00:00
c680a30e-ebf7-404b-9e45-e0f3f9e800cc,3e600098-0ecd-4c03-ac62-95dfc8061aba,55fb0edf-b28e-4b2a-9d2b-2fa1f6dcbe3e,2025-12-22T19:43:16+00:00
e891108e-df14-4e73-9312-bcc220cf662d,3e600098-0ecd-4c03-ac62-95dfc8061aba,42ddf256-149e-4757-b88b-4e24c8e6cb76,2025-11-15T04:05:11+00:00
c4863a85-c480-491c-a8cf-022715ca7e46,3e600098-0ecd-4c03-ac62-95dfc8061aba,7a537b60-7891-4d8a-9a2d-3dc4f49961e2,2025-10-15T11:03:52+00:00
508b6b16-212c-4e84-8259-3758d63d96bc,3e600098-0ecd-4c03-ac62-95dfc8061aba,c3e6de0b-ae0e-464a-aeef-51bebdd50073,2025-10-26T18:05:26+00:00
d1006718-6b49-4fc0-b8e3-057f1ef0247a,f84e75ca-14ab-448a-8f04-919b2d3239d0,7524322e-1510-48cc-868b-8d59b328109b,2025-09-16T11:15:04+00:00
651ae5d0-9783-47a9-9c7c-208416d4e1c7,f84e75ca-14ab-448a-8f04-919b2d3239d0,006472ad-ef7c-49dc-a9a5-5be63552c118,2025-09-12T18:39:18+00:00
15ac9aa8-47e6-453d-87ab-24216563884e,f84e75ca-14ab-448a-8f04-919b2d3239d0,a1d67684-0efd-46c3-a44d-06a1f1b59626,2025-09-15T04:12:11+00:00
1072aa15-a692-4e8d-b992-80c467158c0e,f84e75ca-14ab-448a-8f04-919b2d3239d0,633e35cc-49f2-45eb-961a-e210bcd9d073,2025-09-11T05:20:32+00:00
84fdc4af-d7a8-41d0-8c10-63556bd06550,f84e75ca-14ab-448a-8f04-919b2d3239d0,f04a183f-150b-4c94-add4-8f70333e2504,2025-09-16T11:32:15+00:00
7d9169f1-8442-47c7-8e61-869e8d14bde9,f84e75ca-14ab-448a-8f04-919b2d3239d0,e65dbaf8-02e5-4e0e-a975-b67690763c60,2025-09-08T21:14:31+00:00
40c7eee2-40ae-458e-b54c-02c8118016be,f84e75ca-14ab-448a-8f04-919b2d3239d0,501e8ce4-ec88-49ee-8091-df9797903b55,2025-09-09T20:09:32+00:00
ae165c67-1bcd-4f2f-a30a-43ff13c38344,431a5c5d-2efa-4c5f-b69f-5810b6b7f928,60e7746d-a14d-4134-a659-8644ea757f35,2026-04-02T16:15:59+00:00
efeea46b-fefc-4dd1-9cd1-5ca4c6695a8c,431a5c5d-2efa-4c5f-b69f-5810b6b7f928,39da3268-4fe9-44d6-b716-29c848231132,2025-09-12T07:37:24+00:00
a21f7c3d-74db-4fe3-9441-41de3485d0c3,431a5c5d-2efa-4c5f-b69f-5810b6b7f928,5635f843-b3b9-440c-a3b6-a80320986967,2026-03-15T23:50:55+00:00
9753ad73-9ce8-47aa-bbd2-288e8cc5b180,431a5c5d-2efa-4c5f-b69f-5810b6b7f928,74d3f6c0-8cd8-42de-be07-4e633a9879a2,2026-06-21T17:30:50+00:00
99fbf951-6f10-4220-91aa-eb27b8b9b1aa,431a5c5d-2efa-4c5f-b69f-5810b6b7f928,e1ed7e6e-8e69-4089-a848-80cc71f34ee0,2025-09-15T02:57:28+00:00
b978bcad-727f-4a6a-b0d8-b9a513379f2a,431a5c5d-2efa-4c5f-b69f-5810b6b7f928,6a68ec56-67f5-493e-810d-eb44598b0e94,2026-07-12T20:56:33+00:00
404d74bf-b5ef-4f02-a217-be928fb13c71,431a5c5d-2efa-4c5f-b69f-5810b6b7f928,21dd7dab-b91b-4dbb-ba29-ae9efd5f3f45,2026-07-18T20:29:27+00:00
c4f64389-eff2-41fc-b811-3df120e93dd0,431a5c5d-2efa-4c5f-b69f-5810b6b7f928,52c5c6a9-39b5-4951-9af7-b20a0970bd62,2025-09-12T11:32:13+00:00
42bbec23-1f7f-44b5-9325-595005f15648,431a5c5d-2efa-4c5f-b69f-5810b6b7f928,de74cf8e-baf2-424d-9e05-fa5a4aefa19e,2025-11-02T07:05:01+00:00
c067d43c-b996-44f2-b837-25bbce7c7020,431a5c5d-2efa-4c5f-b69f-5810b6b7f928,d413b920-fd1b-4aab-b816-7b0b8dd7ec37,2026-02-16T00:21:28+00:00
7f332832-f96b-4e86-9002-bab5d9458dd5,431a5c5d-2efa-4c5f-b69f-5810b6b7f928,f49e78ea-0b5a-4e38-8d8e-fecf93a3488e,2026-08-28T23:15:44+00:00
a7b38b8f-a5bf-40d3-b808-b71823a10d8d,3e497c28-0484-491a-b171-4476f14bb166,f2e15dfd-44c6-41bb-8e26-a90818c01dd9,2026-02-17T19:56:12+00:00
ba666b5b-f206-4dea-ab8e-a3b835b182b6,3e497c28-0484-491a-b171-4476f14bb166,de74cf8e-baf2-424d-9e05-fa5a4aefa19e,2025-10-13T17:26:24+00:00
54555aa0-074b-47d8-b623-ce1e5d287cfe,efd4db1b-d5b5-4a75-81fe-89a54610e235,dd5c4d9c-19c8-4f8b-89b7-e10c6aef4e21,2025-09-14T13:02:41+00:00
654279cc-aabf-4f83-8e34-dcb4901774d5,330ed985-3fb5-4bf2-94ee-19c397ec3e8f,4c8ec64f-c0d0-4cfb-b064-d47de0ec57ba,2025-09-29T15:49:30+00:00
f1706df4-91e0-44d3-b112-8dc1d98cc6c3,d6f9bead-de00-445d-a9e1-a9984a6d552c,1df596d4-a79f-4572-9306-495047dbf75e,2026-04-20T17:40:53+00:00
1fcf7688-b4a1-4597-90b9-c0bef42cde2d,d6f9bead-de00-445d-a9e1-a9984a6d552c,f87b345a-0777-46fc-865a-b76dacc1e90a,2025-12-09T21:23:40+00:00
b0e07436-9a53-4198-aca9-8bb6f850d254,464e70a1-b377-41d0-a092-f5cf3bc79aa5,dd6a0ad5-cbc7-4d17-8a8a-229cea78e52b,2025-09-20T10:56:57+00:00
4a732b38-8707-4c31-9ca5-138cd2291b84,464e70a1-b377-41d0-a092-f5cf3bc79aa5,0df66891-b25c-4d7b-98bc-826d9e286a20,2025-09-14T01:38:33+00:00
05f8a05a-6b17-4629-b489-6b6e8bc1501f,87813b23-83fa-4548-9936-ec1ea78ec904,ef913d79-c307-422d-acd9-5e72bbadb9e9,2026-06-29T23:50:24+00:00
bc8043e8-9f16-49d3-8970-46db1823aef5,87813b23-83fa-4548-9936-ec1ea78ec904,ffe376b0-b660-443d-9d11-cd993fa8abe4,2025-10-15T16:38:20+00:00
74f53501-cd91-4959-a21f-658289ab073d,87813b23-83fa-4548-9936-ec1ea78ec904,bb3f9ce6-0a1f-4b57-afad-55266a6686f8,2026-01-01T05:14:56+00:00
3b37febf-a0cb-42c0-b914-3140eec92507,87813b23-83fa-4548-9936-ec1ea78ec904,6e62d7bb-6bda-4ea0-82c5-87c508932975,2025-09-20T05:19:50+00:00
61e20ebd-fcee-4fe2-b8d0-18a1efe98dd4,87813b23-83fa-4548-9936-ec1ea78ec904,ac4cd2de-69ac-436e-b67e-c476f7f37a57,2026-03-16T05:33:06+00:00
5cd38290-cbd3-4f37-bbaa-9e70e4e48a85,87813b23-83fa-4548-9936-ec1ea78ec904,dfb7e95f-260e-477a-a24a-a98cf163a43a,2026-03-11T20:01:05+00:00
cf54d0fa-7d71-41f2-a567-b861010f260b,87813b23-83fa-4548-9936-ec1ea78ec904,ea8951c3-9063-4555-961a-8fcb0cc9fd92,2025-09-16T01:15:29+00:00
7268393a-05d0-4dab-b8b3-611f274b2e41,87813b23-83fa-4548-9936-ec1ea78ec904,ae8523f3-49f1-45d4-ab29-0313676f12d0,2025-10-28T10:27:04+00:00
e75b8fd5-4090-4f59-a950-41b0b2e618c2,87813b23-83fa-4548-9936-ec1ea78ec904,b87fa7ae-7016-46ff-bf10-b0be3cd2d358,2025-12-31T02:02:16+00:00
83b5b391-d123-44d5-a450-e95aa77c33bb,87813b23-83fa-4548-9936-ec1ea78ec904,1dcda15d-0c1e-4892-80a8-bfb7f3596889,2026-05-11T02:26:46+00:00
614425fd-1b2b-4708-bc4b-a86a06d27b90,87813b23-83fa-4548-9936-ec1ea78ec904,196c8a45-2038-46e5-8065-a0792d9b87af,2026-02-15T10:42:22+00:00
8d34339d-96b2-4b27-a0f8-d510b68c0ee9,87813b23-83fa-4548-9936-ec1ea78ec904,cd268b95-fdcb-48b9-84de-2a4aac209d46,2025-09-18T14:02:25+00:00
84c9401f-ad6d-4fed-9371-5652465b52a8,87813b23-83fa-4548-9936-ec1ea78ec904,f31588a9-6fbc-4f16-a1f0-65bb1970a62f,2025-09-23T20:54:24+00:00
de15b386-cd48-4629-bef0-8c02583d77df,87813b23-83fa-4548-9936-ec1ea78ec904,3be6bf3f-c8f5-451d-9829-86d0e1a995cc,2026-06-10T10:51:51+00:00
72e0021b-ca26-4b68-b1bf-9e4fa279f5ec,87813b23-83fa-4548-9936-ec1ea78ec904,e984c74d-dd4a-466b-b93f-7f517e76b6c7,2025-12-04T21:23:28+00:00
93d730fa-570a-4846-8f54-dff1481b5848,87813b23-83fa-4548-9936-ec1ea78ec904,6b83a412-875d-4f35-8ce5-9a2c67a093f6,2026-03-10T09:12:50+00:00
bb1641ef-3488-47b7-9b37-6a8bcd34ad2b,87813b23-83fa-4548-9936-ec1ea78ec904,75f5c0c5-ff4b-4a5e-9cdb-236c8398b4e4,2025-10-04T18:55:49+00:00
a40b1e3f-d743-4f60-87c5-b39083e839b9,87813b23-83fa-4548-9936-ec1ea78ec904,2025475c-1545-4632-8937-5fe6f57953a0,2026-03-09T22:08:27+00:00
b0c6d650-9964-4de3-af90-0f4531e30cb9,87813b23-83fa-4548-9936-ec1ea78ec904,53a84c41-db22-49bf-98bd-d408fffdabc3,2025-09-20T15:33:36+00:00
491acf54-f789-4499-b458-b4bf3a008bc8,87813b23-83fa-4548-9936-ec1ea78ec904,3f7e714c-fb4a-44da-ac98-bf39d35e490e,2026-02-10T15:12:28+00:00
73e83714-04ea-4507-bd68-2472c2cddcda,87813b23-83fa-4548-9936-ec1ea78ec904,0659bb5c-a162-488f-bda6-3659a00193c1,2026-03-19T22:51:34+00:00
af92fea1-fd7c-49c4-aa34-4e3a5afab1a3,87813b23-83fa-4548-9936-ec1ea78ec904,ef612f5a-faa9-4654-9788-291f8ab7522f,2025-09-25T00:19:24+00:00
513873e3-8030-489c-b691-7a7a2f429bd5,87813b23-83fa-4548-9936-ec1ea78ec904,5f6d993c-4bf7-46a7-97c5-66326662827a,2026-03-11T00:55:57+00:00
6b5c5990-7b14-42ee-9cf6-8440fcd98d5e,87813b23-83fa-4548-9936-ec1ea78ec904,e3d856ad-6787-404e-8e93-f255933c3680,2026-04-22T17:53:26+00:00
cccd11e9-e72f-4e22-884a-3d98bd362c47,87813b23-83fa-4548-9936-ec1ea78ec904,887b7fc5-3512-427f-b5f1-d0629d72dcf0,2026-08-20T18:02:54+00:00
90073598-6420-45c9-9147-dd79a4663dd2,87813b23-83fa-4548-9936-ec1ea78ec904,0c75c528-0777-4d48-b0e4-87ab07dcd5a2,2025-12-06T17:01:04+00:00
5654e85f-af01-49a5-97cd-2e8dad5204a2,87813b23-83fa-4548-9936-ec1ea78ec904,14de7a21-0292-46d5-91cf-5ab7a5ec694f,2025-09-14T06:52:45+00:00
2e299f97-c924-424b-a5b2-b55cbd51206e,87813b23-83fa-4548-9936-ec1ea78ec904,0474d78b-b695-4c1a-967f-6fc9587ddc43,2026-02-05T05:37:34+00:00
c2da7035-2f19-4e7f-af9d-86ace8598bbb,87813b23-83fa-4548-9936-ec1ea78ec904,7352bdf0-d7cd-4554-b7da-0f69eabb5ce6,2026-08-02T11:00:29+00:00
e11e47ee-2a13-4da4-8190-f3938f3a3783,87813b23-83fa-4548-9936-ec1ea78ec904,8a4f20be-5402-4f7f-97d5-042270c4a232,2025-10-02T14:47:25+00:00
c5d32f85-5f25-45b2-9c79-10d1b69788d2,87813b23-83fa-4548-9936-ec1ea78ec904,06ca99ad-46e9-4d5e-a72e-48628968c316,2025-10-15T08:40:09+00:00
6585f3d0-5499-4fd7-b197-0b83c7710b2a,87813b23-83fa-4548-9936-ec1ea78ec904,feb4d905-0b79-4ac5-9d53-4c64f8023f17,2025-11-05T21:59:36+00:00
b510d66e-0501-4f1d-bb36-9f43b38b3a06,87813b23-83fa-4548-9936-ec1ea78ec904,3fc6331b-9394-4e27-8bfb-3d16fe1a97c0,2026-01-15T03:56:23+00:00
37310e38-a585-41ed-b7f7-a568196dfdf8,87813b23-83fa-4548-9936-ec1ea78ec904,4333f52d-82f4-4fb4-b6c0-44d327f5b25a,2026-02-04T03:14:42+00:00
209ca506-0d1f-4991-b701-b22ed43ddb12,87813b23-83fa-4548-9936-ec1ea78ec904,4cf59a7d-3daf-44fe-8e86-aa4389b82fc0,2025-09-13T02:27:07+00:00
aed1f2c2-d65c-42c3-910d-ac06bdab0ad9,87813b23-83fa-4548-9936-ec1ea78ec904,9c406b9d-cd77-4899-a023-48de9fc080a7,2026-02-12T15:55:24+00:00
b0d8f8d5-a841-44da-b6a1-3559ce77060f,87813b23-83fa-4548-9936-ec1ea78ec904,3937cfde-2cdf-4e1e-be4c-82855fca8848,2026-05-06T10:38:10+00:00
a1c945f5-d178-47f2-af79-ba15e8539a70,87813b23-83fa-4548-9936-ec1ea78ec904,553046bf-b8f3-4054-8eea-bd6715749b6e,2026-03-20T20:52:25+00:00
45d599f4-0d4a-463a-abc6-15f07bb4b6ab,87813b23-83fa-4548-9936-ec1ea78ec904,fc878d0f-02d2-4c14-8e52-f1fa4b571b99,2025-12-09T19:10:47+00:00
c64d2d74-6d1f-4eda-be08-2c3d4736302b,87813b23-83fa-4548-9936-ec1ea78ec904,7f332889-8032-467d-a20a-a0aadb0a6c98,2025-09-30T13:07:55+00:00
b7f3db2a-1a60-495d-b972-3f9a7be5f2a4,87813b23-83fa-4548-9936-ec1ea78ec904,87981edc-4a5a-415d-b51d-f9217163949a,2025-09-21T17:25:50+00:00
17a5b441-c5bb-4c58-b15a-05c4dab050ad,87813b23-83fa-4548-9936-ec1ea78ec904,17bc3a75-830c-41bc-b847-8447593a7d03,2025-12-02T23:07:12+00:00
c8be773e-a5c1-4186-a5e8-9db7ab084e50,87813b23-83fa-4548-9936-ec1ea78ec904,6dfbbf9b-099b-425f-a0b4-4d13ee683924,2026-02-12T18:08:07+00:00
c0f438ca-3439-405c-b42b-8c4bfd5ad5cc,0988a74f-0095-4f5e-a8ee-d95db8742a51,ba4e0520-1425-44b4-ba42-764ccd9799f7,2025-09-15T19:30:13+00:00
3034987d-03fe-453f-b0f4-c3f4f8d58385,0988a74f-0095-4f5e-a8ee-d95db8742a51,6236d33d-7b57-486d-81e8-a247d50fa2a4,2025-09-23T07:42:30+00:00
da776749-6d8c-4cde-a583-4636e2b7995d,0988a74f-0095-4f5e-a8ee-d95db8742a51,e7f25965-2024-4c9f-a575-caa1e7bc13df,2025-09-17T10:42:26+00:00
09c63a7b-eef7-4d04-a3ac-943119a1be31,dd720de7-968f-41de-9de9-b3c0cafb36f0,a2a97c5b-d72e-47bb-a8b8-355fcf007b68,2026-01-18T01:06:29+00:00
86ab1478-7d1e-4ee4-8b75-acf4d7e70766,dd720de7-968f-41de-9de9-b3c0cafb36f0,5da9c176-ec13-4102-b6cf-121f4b145d5a,2025-09-16T11:42:52+00:00
7bdfb07e-d53e-49e2-9290-36d58171f840,dd720de7-968f-41de-9de9-b3c0cafb36f0,006cf2a0-aba4-468e-933a-b50f8c76a23f,2025-09-19T18:15:16+00:00
a6ede6d8-a2ba-4d71-94cf-dda3d91b5c44,dd720de7-968f-41de-9de9-b3c0cafb36f0,2b5aabb3-5cdf-46b4-8f6a-8a44166635e6,2026-06-03T16:50:30+00:00
2e9079f8-2d9e-47c3-9f6a-4e3b9e1467b3,dd720de7-968f-41de-9de9-b3c0cafb36f0,f7318ac8-5529-4cd7-98ea-c6b5c629b8b2,2025-10-05T09:45:53+00:00
204c0a4c-f900-43f5-967b-88a098bb8929,dd720de7-968f-41de-9de9-b3c0cafb36f0,7275315b-de5e-4c67-9b01-11b25728750a,2025-09-15T07:12:34+00:00
4db341f5-0441-4fbe-81ca-c68be8735546,dd720de7-968f-41de-9de9-b3c0cafb36f0,27de1447-4949-4ba1-94da-511dcf33e97a,2025-12-22T21:20:52+00:00
439321c1-b1bc-4b49-8b1d-baacf8e5d6f1,dd720de7-968f-41de-9de9-b3c0cafb36f0,95c27d41-572b-4b7a-b3cf-43833c5680e5,2026-05-20T08:15:11+00:00
2c8966ca-84f4-423b-a547-b8aaac166223,dd720de7-968f-41de-9de9-b3c0cafb36f0,74375a59-e8c7-406f-8580-d46c74187dc9,2025-10-26T06:32:58+00:00
47998618-375c-46cb-9a15-d1633f2337dd,dd720de7-968f-41de-9de9-b3c0cafb36f0,87144f65-cce8-4440-b1c1-92d6c4ad5ac8,2025-11-27T14:50:56+00:00
2c8d23b4-578e-4faa-9cc7-dbc24e11fcfb,dd720de7-968f-41de-9de9-b3c0cafb36f0,78adb4b4-64d8-4a3f-b789-0aeeccaf033e,2025-10-19T15:37:16+00:00
3ce14d1c-89ae-425a-a193-98e329f08f56,dd720de7-968f-41de-9de9-b3c0cafb36f0,501e8ce4-ec88-49ee-8091-df9797903b55,2026-08-03T01:03:29+00:00
57e8983a-ea63-416c-9ac7-d92f379b1de0,247c3997-1cad-4c27-8806-eb088de465d3,c90cc779-75f4-4f0d-8f0e-bf02ad0ba33c,2025-11-17T22:29:19+00:00
6150ee79-2eef-45cd-8b25-2ab4ab4e0245,247c3997-1cad-4c27-8806-eb088de465d3,2025475c-1545-4632-8937-5fe6f57953a0,2025-09-15T15:34:36+00:00
a0f06c7d-26bb-48ab-b566-9e4133f15774,247c3997-1cad-4c27-8806-eb088de465d3,128acef2-f235-4b4f-9ba9-12cf0271ac50,2026-07-08T20:11:42+00:00
acd6a5c5-9faa-46a2-8f50-cee8507638a0,59bfc74f-2250-4f6f-9961-bb2da96534be,d413b920-fd1b-4aab-b816-7b0b8dd7ec37,2025-09-26T10:34:03+00:00
711c181a-60e6-4ed2-a73f-dc223154ffec,ff2b230f-0c3c-47c0-9156-0cd7944c1722,e33923d4-ae33-4f20-93b4-4927825fa9f9,2026-06-11T05:28:33+00:00
bea1399d-f83a-4a85-979a-7a8c83bcab05,ff2b230f-0c3c-47c0-9156-0cd7944c1722,98975cfd-3638-4842-83fd-fb6f839b37d9,2025-12-17T12:36:32+00:00
59b9ad1b-d65e-4871-a9ac-8fed97cf9d68,ff2b230f-0c3c-47c0-9156-0cd7944c1722,dce19236-e6ac-4b25-8861-f9bf621963fd,2025-11-09T18:28:22+00:00
d5baa9b0-7817-4792-b4e1-601d218cf0ef,ff2b230f-0c3c-47c0-9156-0cd7944c1722,4c8ec64f-c0d0-4cfb-b064-d47de0ec57ba,2026-01-02T14:26:22+00:00
cd80475b-6c14-42ac-ad7d-055a09401d58,ff2b230f-0c3c-47c0-9156-0cd7944c1722,0e164fd3-3756-4f01-a71d-7a130995921d,2026-04-20T04:56:25+00:00
31b27d6e-5e78-4046-9615-c8dac4db0353,ff2b230f-0c3c-47c0-9156-0cd7944c1722,39253471-72c7-42b6-ad3a-569f5728f21e,2026-05-10T03:50:05+00:00
e9fb350c-fca1-44a1-84c6-bac36ed55680,0f2e984f-2081-46a5-8f11-9ebca9794250,558257fc-53a1-45c0-9ece-75440adedee7,2025-11-04T17:45:32+00:00
7d9bbf99-9c95-44b5-be5a-efa7bc5373c3,d684887c-a32a-4fbc-b924-7e26288078de,4b87053a-c2e0-4a91-bd88-3da84717c1af,2025-09-18T08:50:38+00:00
984116c3-07a1-45de-ab46-c54173d7ffdc,05155434-487c-49b3-a877-d80ae1f2a333,ace4ede9-190b-4d01-8198-a49aabf9da5a,2026-05-26T16:44:47+00:00
b1803716-2317-40f6-9dd8-1053c31f9348,05155434-487c-49b3-a877-d80ae1f2a333,725e8519-9d26-48e9-a0d7-b1d766f3587d,2025-12-31T10:35:25+00:00
2c82d59f-6d31-46c4-ac18-56eb4b0ae581,05155434-487c-49b3-a877-d80ae1f2a333,32a7fe23-fa7e-4905-9afd-b6639736963d,2025-09-23T19:28:51+00:00
8d49a027-7130-4ab8-a872-c6a2a736489a,05155434-487c-49b3-a877-d80ae1f2a333,76bd97a4-07c7-41e0-bb56-e614d523bb85,2025-12-24T00:18:38+00:00
32727a67-0f94-457c-b624-d6cd55785230,05155434-487c-49b3-a877-d80ae1f2a333,a105a7b4-bf97-4183-b330-e5764873fe47,2025-10-05T02:15:17+00:00
6a2bab64-7502-428c-ba63-3f289d2c67ca,05155434-487c-49b3-a877-d80ae1f2a333,6236d33d-7b57-486d-81e8-a247d50fa2a4,2025-09-22T06:25:53+00:00
eae528c8-d070-4097-81c2-e039128cb28e,05155434-487c-49b3-a877-d80ae1f2a333,dfb6fc17-bcca-45fa-ab0c-9e38e7ddcca9,2026-01-18T09:51:43+00:00
8f9038e6-bdf4-401f-9239-d328fd7cc175,05155434-487c-49b3-a877-d80ae1f2a333,ce36aea6-fdbd-41f0-af71-96972ce4d5d1,2025-10-01T12:31:07+00:00
c3a17c23-4ab5-475d-88b7-231e71295a8d,05155434-487c-49b3-a877-d80ae1f2a333,558257fc-53a1-45c0-9ece-75440adedee7,2025-09-27T21:18:51+00:00
53205e95-538b-42ea-9ed3-e95169450ca8,05155434-487c-49b3-a877-d80ae1f2a333,4df1de8f-107b-424b-b224-0ed52a3b292f,2026-01-29T00:32:12+00:00
15863bf1-7fb8-4188-bbab-9bca35b0ac1f,05155434-487c-49b3-a877-d80ae1f2a333,61bc54ff-d92a-459a-b783-749eeba4b206,2025-10-13T06:13:35+00:00
0c908176-3f21-4324-8868-38cbe159b3fb,05155434-487c-49b3-a877-d80ae1f2a333,5635f843-b3b9-440c-a3b6-a80320986967,2026-08-01T10:34:48+00:00
63dc1b96-a886-4c52-97d5-45eb90e40252,60820b1b-4ee4-4b60-9983-ee97579354ed,e76cf478-5afa-46e3-a39b-b02c23d6bb1b,2025-09-22T12:32:12+00:00
47f015cb-4f68-4157-ac2a-929e6b198442,60820b1b-4ee4-4b60-9983-ee97579354ed,7357e086-3d97-4c00-bd2a-662d18d0abec,2025-10-26T19:17:52+00:00
ffc48e33-a463-425d-9b66-3430e9194fdf,60820b1b-4ee4-4b60-9983-ee97579354ed,31d9eacf-7f61-4435-b484-43965f1c29b6,2026-06-30T12:00:31+00:00
4f4d2ade-cbfd-4c17-a449-0ab4014a1c53,60820b1b-4ee4-4b60-9983-ee97579354ed,10e5f889-8510-460a-b274-ff42a4b2a3e9,2025-12-12T09:02:14+00:00
a37d51f9-5c91-4527-83f1-1220c5c0efed,60820b1b-4ee4-4b60-9983-ee97579354ed,feb4d905-0b79-4ac5-9d53-4c64f8023f17,2025-12-29T17:18:45+00:00
fe0d73a3-031f-474a-9e10-df0843d78eec,60820b1b-4ee4-4b60-9983-ee97579354ed,c826c699-c25f-4e45-bc9a-8ef83d1a94fb,2026-04-18T05:36:32+00:00
27e120aa-f69e-4bb4-98e1-6183c18b001d,60820b1b-4ee4-4b60-9983-ee97579354ed,006cf2a0-aba4-468e-933a-b50f8c76a23f,2026-04-15T17:35:54+00:00
120b36b0-6a98-42de-a6d5-97aa3ede6e51,60820b1b-4ee4-4b60-9983-ee97579354ed,459c517f-ee6e-4dd8-8e73-1f546778d794,2025-11-03T23:29:35+00:00
3ad4ca35-71ac-4433-b87a-c7c129fcb135,60820b1b-4ee4-4b60-9983-ee97579354ed,2ad9462f-49f8-4d9a-8f1f-6f573c1e266f,2026-02-21T10:16:34+00:00
f473213a-56a6-4deb-9fc7-99757b4cc2cf,60820b1b-4ee4-4b60-9983-ee97579354ed,f49e78ea-0b5a-4e38-8d8e-fecf93a3488e,2025-10-07T22:15:12+00:00
dce438cf-5f3b-4869-bb41-3e6ec8e9a380,41e4ba81-945a-43da-ba88-cb3c9af5abef,2ad9462f-49f8-4d9a-8f1f-6f573c1e266f,2026-04-16T08:08:53+00:00
82e65cb3-ea85-497e-a965-1c0fafd48b11,41e4ba81-945a-43da-ba88-cb3c9af5abef,4880e488-a1c2-4958-ba10-b7c3297adba8,2025-12-25T23:30:46+00:00
0b802061-349a-4f35-a84d-29e153af712b,41e4ba81-945a-43da-ba88-cb3c9af5abef,bfd8403b-80c0-4664-aaab-0599f13df1e7,2026-01-31T20:35:50+00:00
fbb6e21c-8871-41f2-a9a5-e29e3b747145,41e4ba81-945a-43da-ba88-cb3c9af5abef,9a74e82b-9309-4739-ab1b-2657a686ca16,2025-11-26T06:15:18+00:00
d5091aba-9f15-413f-a72f-da5c9df5965f,41e4ba81-945a-43da-ba88-cb3c9af5abef,feb4d905-0b79-4ac5-9d53-4c64f8023f17,2025-09-29T12:49:55+00:00
1380352b-70eb-4dcb-b60a-d9f8e81e5aff,41e4ba81-945a-43da-ba88-cb3c9af5abef,dfb7e95f-260e-477a-a24a-a98cf163a43a,2026-01-10T10:24:08+00:00
73015cf3-8ee6-479e-b51a-cb7c7e41f4fe,41e4ba81-945a-43da-ba88-cb3c9af5abef,27d6298d-2568-4e4c-99dd-0f0d3e043508,2026-07-09T16:52:51+00:00
844f8d6a-6252-4cb2-ae98-34e39d0b15b2,41e4ba81-945a-43da-ba88-cb3c9af5abef,1dcda15d-0c1e-4892-80a8-bfb7f3596889,2025-12-08T21:45:13+00:00
6a92d581-fa1d-4fec-a20b-a1972876b808,41e4ba81-945a-43da-ba88-cb3c9af5abef,4baa25b9-1700-4782-a80b-d9e663939f70,2025-09-22T05:56:42+00:00
82b108b5-0429-4190-8caf-ccfd17a15f66,41e4ba81-945a-43da-ba88-cb3c9af5abef,7275315b-de5e-4c67-9b01-11b25728750a,2025-09-25T09:41:59+00:00
223f4a94-658d-4e3e-bb2d-88ddc6528934,41e4ba81-945a-43da-ba88-cb3c9af5abef,b9468cb9-ed1b-40fe-a021-2f6da1f2925d,2025-10-22T10:52:32+00:00
78f6bf1d-3053-426a-a1a6-489dd0267f1e,60cf5c21-513e-4465-bd8d-d55149b46a8d,43dbd776-bd4c-4ef1-933a-59af47a589b5,2025-12-14T04:22:38+00:00
060549a8-5544-4aa4-a38b-2208e8444dfe,60cf5c21-513e-4465-bd8d-d55149b46a8d,6eaf2004-a475-4bbd-b327-ceb492d267a7,2026-02-26T01:54:19+00:00
04845e12-a131-4715-919a-d9e33d616d34,60cf5c21-513e-4465-bd8d-d55149b46a8d,6423836f-839b-4455-9791-d85c98ea5f5f,2026-02-11T21:44:17+00:00
4eb7b547-dfb8-4a2b-9a7a-79eeba294bbe,60cf5c21-513e-4465-bd8d-d55149b46a8d,b8d5ebaa-e3a1-4774-8f3c-355409546348,2026-03-05T04:00:51+00:00
f8b5597f-a559-4c0b-bf3c-877506031387,60cf5c21-513e-4465-bd8d-d55149b46a8d,054fe171-2aa2-4064-be59-369e103477d7,2025-12-28T18:05:37+00:00
eaf2a87c-3744-4a07-b895-bb103c507cff,60cf5c21-513e-4465-bd8d-d55149b46a8d,189077b3-db48-4236-959d-98880fad6d57,2026-01-20T14:59:56+00:00
f5b048f2-f81f-44bd-bda5-df3c10f93843,60cf5c21-513e-4465-bd8d-d55149b46a8d,50ea7e0c-7da9-4f50-8495-8e484fcefdfd,2026-04-26T02:41:02+00:00
833fcf9b-7ea9-422a-8f47-049d357ba2c7,60cf5c21-513e-4465-bd8d-d55149b46a8d,ab56d43e-6b4a-43a3-9b6c-f3bae36c4bb6,2025-10-12T19:33:44+00:00
13d160a4-fabc-4ac0-9a79-f7fa9be61c16,60cf5c21-513e-4465-bd8d-d55149b46a8d,b371ce5e-bc61-471a-9390-abad4474dcdf,2026-01-20T20:03:14+00:00
24eeb927-07d1-4d63-a35f-fe8c92f93c54,07b1f774-9800-405a-90ab-6cbe05d0d2d1,3937cfde-2cdf-4e1e-be4c-82855fca8848,2026-07-31T00:38:21+00:00
b6211c96-01f8-4903-8f2c-e1aba63ab9fc,07b1f774-9800-405a-90ab-6cbe05d0d2d1,3e7caac0-1ca6-4783-9a3e-0aec999045f7,2025-09-26T11:07:21+00:00
e75c42b3-4b63-40ff-a03d-a7e8e9659710,07b1f774-9800-405a-90ab-6cbe05d0d2d1,4dedd047-d3e8-4791-873c-6053577084d1,2025-12-14T15:17:51+00:00
8e408a00-8c55-4e60-9007-ea71d571ebdb,07b1f774-9800-405a-90ab-6cbe05d0d2d1,60e7746d-a14d-4134-a659-8644ea757f35,2026-02-15T00:55:36+00:00
30662bf5-4056-448f-805a-7be6f7646d42,07b1f774-9800-405a-90ab-6cbe05d0d2d1,60e4a087-d37a-496f-8841-564316fa7ec6,2025-10-19T17:07:27+00:00
535400d5-3726-4af2-a694-3ef07bcadc50,07b1f774-9800-405a-90ab-6cbe05d0d2d1,74d3f6c0-8cd8-42de-be07-4e633a9879a2,2026-01-15T22:34:36+00:00
c3ec5463-186d-4434-8c7e-6d7d01b0ca18,4adc25c0-2a17-4a2b-a3b1-d577a1faf355,a1e2e693-3bde-4f70-9281-01259889ee69,2025-09-25T18:27:41+00:00
245461bd-ec47-4a82-9516-f1c3257d629c,4adc25c0-2a17-4a2b-a3b1-d577a1faf355,e5f76da6-068a-4b15-bb2c-649e314a26ed,2025-09-22T08:00:55+00:00
552e1038-a44f-44eb-afa9-f15ff16b2136,4adc25c0-2a17-4a2b-a3b1-d577a1faf355,76948275-fc48-4c3e-b731-4436f90cd800,2025-09-22T13:29:56+00:00
586b7eb7-861c-4e40-b643-d6482f8712bf,83e94a49-3678-4e90-b251-70766dc9786e,725e8519-9d26-48e9-a0d7-b1d766f3587d,2025-09-22T05:52:19+00:00
af0d51c5-d65a-47b7-bcbe-88affb0aee2e,83e94a49-3678-4e90-b251-70766dc9786e,373c37e3-0e01-4319-81cb-158d1344da99,2025-09-22T03:57:10+00:00
d15af037-1eaa-466d-88f7-894e2273fb16,5813da0c-612c-4a60-b948-6557f780b175,78adb4b4-64d8-4a3f-b789-0aeeccaf033e,2026-04-06T03:04:57+00:00
c46de2d8-ceb5-464d-9932-3e4b4838535b,5813da0c-612c-4a60-b948-6557f780b175,caa94dc0-81be-4dfa-8bc4-fa28c1ea5e7e,2025-11-03T15:22:14+00:00
46f2ec39-a2cb-49df-a258-a7d9638f11e0,5813da0c-612c-4a60-b948-6557f780b175,006472ad-ef7c-49dc-a9a5-5be63552c118,2025-12-10T19:54:19+00:00
e1932ab2-1ee7-4943-b298-2d7d3721c548,5813da0c-612c-4a60-b948-6557f780b175,f87b345a-0777-46fc-865a-b76dacc1e90a,2026-02-23T02:28:59+00:00
f95c40dd-8af9-4c22-b645-b75f50e951cb,5813da0c-612c-4a60-b948-6557f780b175,1a6d9651-427f-4f8b-8364-dedd886b767d,2025-11-26T15:10:00+00:00
f961c3ff-d55f-47a6-a122-96a15a5cf725,5813da0c-612c-4a60-b948-6557f780b175,26d61dc5-0b03-4c16-8a64-7afeba92fecb,2025-10-12T20:05:39+00:00
83efdf9c-51bc-49ce-8a47-6d03d32b0afa,5813da0c-612c-4a60-b948-6557f780b175,ba4e0520-1425-44b4-ba42-764ccd9799f7,2025-09-25T08:14:15+00:00
0516babf-4c5e-47e7-963c-7ad988afa74e,5813da0c-612c-4a60-b948-6557f780b175,c917de22-1a11-43a3-8cb6-6c865488a5b4,2026-01-28T09:44:20+00:00
3ec05beb-4f1c-4813-9211-4f707ceba881,5813da0c-612c-4a60-b948-6557f780b175,904d370b-c057-4076-ab96-6f35351482c2,2025-09-22T07:37:25+00:00
94f3e31f-48b5-4ddb-aa29-9d5881eda5ce,5813da0c-612c-4a60-b948-6557f780b175,3e7caac0-1ca6-4783-9a3e-0aec999045f7,2025-09-27T11:48:23+00:00
56b88f78-6a69-4764-bdaf-e94b9e210390,5813da0c-612c-4a60-b948-6557f780b175,60894dd1-d449-4366-a1f2-506c99644e4d,2025-09-28T12:49:19+00:00
12ebb26b-82fa-4331-8ed0-1cd556496533,5813da0c-612c-4a60-b948-6557f780b175,efa792df-2f07-4094-99f4-a23935cca18b,2025-11-28T02:50:49+00:00
936e7091-7f0e-4f66-bf4b-22f3b3a4937e,5813da0c-612c-4a60-b948-6557f780b175,3d8d407b-3444-4e37-ab6b-268253b5c015,2026-08-18T05:30:37+00:00
9947ec67-21bd-4b90-8be6-b35e3af3069f,5813da0c-612c-4a60-b948-6557f780b175,e4ea0bbe-fdc0-4311-bef4-bcb809a9a630,2025-10-11T09:15:44+00:00
cc4686d9-78c2-4429-b87e-fbe20d1478c6,5813da0c-612c-4a60-b948-6557f780b175,d1069292-d635-44f8-8c01-1494891ae61f,2026-04-03T10:26:34+00:00
7f7dc6ac-1f82-4a91-adb2-bdbc14e8e649,5813da0c-612c-4a60-b948-6557f780b175,4495e555-157c-430a-9288-2c59115408fe,2026-03-11T19:44:24+00:00
3d476839-f418-4c4a-883c-ccb68b9b7cf6,5813da0c-612c-4a60-b948-6557f780b175,f91ff251-1181-4bdc-acdc-09ddd07c0f6b,2025-10-22T17:42:08+00:00
41b61640-5d2d-4079-84cf-3f4afc009f9a,5813da0c-612c-4a60-b948-6557f780b175,85a05a4b-ce52-43cf-8433-02a2cad529e1,2025-11-30T07:02:35+00:00
68bebe6c-9dcb-47d9-a497-1b7945169ac6,5813da0c-612c-4a60-b948-6557f780b175,189077b3-db48-4236-959d-98880fad6d57,2026-01-03T17:57:42+00:00
9475ebba-3c1e-4182-b248-d9fa80b27b63,5813da0c-612c-4a60-b948-6557f780b175,8d9a7d65-67f7-4c3e-b3ec-57b9652f01a1,2025-11-21T22:52:23+00:00
ffe4a53a-22c1-48f5-aeb6-a2a856ee83d1,5813da0c-612c-4a60-b948-6557f780b175,6e62d7bb-6bda-4ea0-82c5-87c508932975,2025-09-24T23:53:49+00:00
a2f8fb86-955f-4ebb-a25f-619bb694ce7a,5813da0c-612c-4a60-b948-6557f780b175,b3756f66-bc0a-4be7-b18e-d5a43ae2cb20,2025-12-14T13:32:52+00:00
b0dc7859-65f1-449a-b041-ea0231af695f,5813da0c-612c-4a60-b948-6557f780b175,eb2b14f9-1a3e-4de7-a5b9-77d125f7966d,2026-02-01T10:30:14+00:00
b4607356-8822-4099-ae0c-3b887f6d80df,5813da0c-612c-4a60-b948-6557f780b175,29b08317-6763-47c6-93e5-e9d211886a27,2025-12-03T22:34:20+00:00
711ae8e6-deca-4003-8741-9abe40a085c5,5813da0c-612c-4a60-b948-6557f780b175,e2bc1752-1983-472e-bbd9-c6fae7cac58a,2025-12-20T01:04:15+00:00
e1b7b06d-a784-4280-bdfe-f77f3f5ebcd7,5813da0c-612c-4a60-b948-6557f780b175,44dae102-8716-4274-95ac-bf413382999a,2026-06-17T19:45:02+00:00
5a953ffc-4860-4c43-ba00-ca5e8cf2d2f7,5813da0c-612c-4a60-b948-6557f780b175,36d2e780-1eb8-4905-beb8-e2ebc5c6adb1,2026-07-26T05:04:49+00:00
7e84c8fb-8e13-40f6-ad59-7619c6d09304,5813da0c-612c-4a60-b948-6557f780b175,2e0927d6-79bf-4b1c-b9d9-5d2847205f9d,2026-02-09T16:05:52+00:00
a7a4be96-5a77-4c40-a4a0-545aebccc72a,5813da0c-612c-4a60-b948-6557f780b175,f5406e32-0613-43ee-b020-bf1ba6990c2b,2025-09-29T05:07:29+00:00
741adc7b-5d77-4d52-9c5a-6025e229a28e,5813da0c-612c-4a60-b948-6557f780b175,f31ed9a5-371d-40f1-abad-f2898658760d,2025-11-08T19:05:21+00:00
6b09ec3b-7284-41b8-b767-56bd9e4d709d,5813da0c-612c-4a60-b948-6557f780b175,917bdd4a-0545-41ea-8bbb-c3ec512a6c48,2025-10-07T18:53:41+00:00
e3d2f5f9-63dd-44d7-873c-bb28810a68ee,5813da0c-612c-4a60-b948-6557f780b175,ce44b626-aa47-48a3-b23b-c2866dfefd6d,2026-04-09T19:27:44+00:00
ebd0c2c0-9313-4358-928f-c9efe01926ea,5813da0c-612c-4a60-b948-6557f780b175,1c53189a-7903-4dcb-97d6-29489110198e,2025-10-07T21:19:24+00:00
39519b5f-bb39-4bdc-8976-39ec18274ae4,5813da0c-612c-4a60-b948-6557f780b175,e65dbaf8-02e5-4e0e-a975-b67690763c60,2025-12-22T20:06:45+00:00
3b69bd10-c243-43a3-a529-dfc18db6f4da,5813da0c-612c-4a60-b948-6557f780b175,0df66891-b25c-4d7b-98bc-826d9e286a20,2025-11-23T09:33:53+00:00
238997b8-99c7-4769-9d14-60d010c5a588,5813da0c-612c-4a60-b948-6557f780b175,5a9e45fe-4a1e-47ab-9fd9-93dbc98d81eb,2025-10-12T12:47:41+00:00
4585a885-1d68-4b74-b468-0b9a09031147,5813da0c-612c-4a60-b948-6557f780b175,19dfffd3-69fe-4589-9939-0de48e436817,2025-10-20T09:58:06+00:00
696906a5-655d-4293-bf3d-3faf393d7c7c,5813da0c-612c-4a60-b948-6557f780b175,4366727f-cad9-45ec-ac07-3b7e024b94a1,2026-07-30T09:18:17+00:00
9b6cfc1a-ea07-4575-9c30-ae7380a5c286,2c82e3cf-c459-4c36-a77c-49cb9a58b91b,fba653f1-56a1-4e32-b3a6-1205a8a2e461,2025-12-01T21:41:39+00:00
59414c10-973d-4d31-9483-848c64ebd85b,2c82e3cf-c459-4c36-a77c-49cb9a58b91b,04ef5bae-6f20-43c1-84c2-80053a99d1b1,2025-09-28T20:26:27+00:00
f8004116-04f3-4f4c-a0df-6bc216c770e2,2c82e3cf-c459-4c36-a77c-49cb9a58b91b,323fd007-baf9-422e-b5f8-b93742be059f,2025-11-04T06:42:31+00:00
6126bb35-148e-492a-9455-7f049605e971,cc74975c-0ae3-4ac4-b228-741f499825a6,e5f76da6-068a-4b15-bb2c-649e314a26ed,2026-01-20T08:06:30+00:00
95301d6b-5e2b-4b9d-93de-0b4566d15eaa,cc74975c-0ae3-4ac4-b228-741f499825a6,b2934820-ad75-476f-ade6-054a7c89f295,2026-01-03T19:57:09+00:00
fa494281-972d-49ad-ba55-89862543b62e,cc74975c-0ae3-4ac4-b228-741f499825a6,e818f248-82e9-43bc-9ab7-27d5be02776b,2025-09-23T08:47:59+00:00
889f68a8-8dcb-4caf-b068-015aef4dbabc,cc74975c-0ae3-4ac4-b228-741f499825a6,e6e0d4f1-b435-4b5d-b74f-b4c6c427868c,2025-10-20T01:42:49+00:00
29c46c95-827d-4eed-90eb-aee86c4cb25c,cc74975c-0ae3-4ac4-b228-741f499825a6,fe1dae52-39dc-4990-be70-ac03aa8ee90a,2026-06-15T18:57:09+00:00
0fb5b544-b9e6-46f8-a9d5-a8a14419d88c,cc74975c-0ae3-4ac4-b228-741f499825a6,e099a97d-3a12-4986-9f7b-4929504bd92f,2026-04-15T20:33:09+00:00
bb30558c-82b2-4580-acda-31084a93561d,cc74975c-0ae3-4ac4-b228-741f499825a6,5da9c176-ec13-4102-b6cf-121f4b145d5a,2025-10-18T05:11:38+00:00
fea7a453-821d-403f-ac50-78c0710620a4,de34b746-3a5c-4fe4-9ffa-66c84a3a1d58,3b30a6e4-3c57-4bbd-9b03-022e7facb880,2026-08-24T13:41:59+00:00
c314828b-9bd1-43b8-8e78-fa5dad7d422a,de34b746-3a5c-4fe4-9ffa-66c84a3a1d58,f31ed9a5-371d-40f1-abad-f2898658760d,2026-08-23T13:39:03+00:00
c7081315-7b01-4551-9439-a008ebb3e2cb,de34b746-3a5c-4fe4-9ffa-66c84a3a1d58,04ef5bae-6f20-43c1-84c2-80053a99d1b1,2025-10-05T22:39:05+00:00
c749be2f-8ffc-42f3-b42e-5b444b4f2238,de34b746-3a5c-4fe4-9ffa-66c84a3a1d58,0ac62d09-f09e-4690-845d-950f83a734f9,2026-08-14T03:05:51+00:00
9f7b1aad-3c1d-400f-a94a-51948c354224,de34b746-3a5c-4fe4-9ffa-66c84a3a1d58,6dfecb7f-63bb-498d-909f-4cbd7fd015e7,2026-05-15T10:40:11+00:00
f37a108a-4fe1-44fb-90d1-23922e66ad3e,de34b746-3a5c-4fe4-9ffa-66c84a3a1d58,b000127a-7ff3-4aba-9f9f-56872787d1ed,2025-10-20T16:47:59+00:00
9b7c89da-1f7a-4f14-943f-41ff8bc4c428,1ab14d5c-d115-45cf-b5b1-98d28bff0c2f,767703ae-4d74-4728-ae3f-a80c8b6ead76,2025-09-24T15:28:01+00:00
0cd01924-e950-4958-a66f-95bb68d25453,852b706c-d8ff-499d-9b64-43db7bf2c273,88cd8efd-6959-47db-8377-f4735e76c1f2,2026-01-10T19:05:16+00:00
adf816fc-4d63-4e1a-975b-caeb669cb809,852b706c-d8ff-499d-9b64-43db7bf2c273,d70b90fa-8a9d-408e-b442-7d148a6095e5,2025-10-17T21:25:09+00:00
c4a756e1-5952-4389-806d-8150b5d1aeab,852b706c-d8ff-499d-9b64-43db7bf2c273,b2934820-ad75-476f-ade6-054a7c89f295,2025-09-25T00:07:35+00:00
3bf74fa3-53f9-4f53-a741-cab1960c469e,852b706c-d8ff-499d-9b64-43db7bf2c273,db4d2942-4cc1-45f1-87fc-07d96b772a6e,2025-11-05T15:16:56+00:00
1c98a837-da7e-4f25-82fc-937b84be381c,5455e362-926a-4c40-b65f-517c9c48e468,47de6634-f271-4dda-8c9a-4cb60daa2a03,2025-09-24T20:48:22+00:00
b17088a4-6473-46c5-8d02-39f2aaa147c4,5455e362-926a-4c40-b65f-517c9c48e468,4183d4f5-30af-4bae-b78d-ab439d20b44a,2025-09-24T09:52:06+00:00
0a6d05e0-f87b-4ebc-a7e2-6f71f82cd5e5,5455e362-926a-4c40-b65f-517c9c48e468,99348a51-08e9-4760-8822-b2f8debef37f,2025-09-26T05:27:44+00:00
c60e427e-4a2a-46ee-886a-83862a83bfe7,5130ac38-d6e1-4df0-8231-c5e17e910503,c83332b4-6631-4d8a-bf55-d7b4da6ef7d5,2025-09-24T11:11:28+00:00
b8b9b1a6-d762-4852-992d-15fa5a36288e,5130ac38-d6e1-4df0-8231-c5e17e910503,29b08317-6763-47c6-93e5-e9d211886a27,2026-05-01T16:41:22+00:00
c65c1594-b954-40ae-aeca-f4bc5db4c299,5130ac38-d6e1-4df0-8231-c5e17e910503,fe1dae52-39dc-4990-be70-ac03aa8ee90a,2026-06-12T14:39:24+00:00
17bcc530-7fec-4913-af1f-89796d65c2ba,5130ac38-d6e1-4df0-8231-c5e17e910503,dfb6fc17-bcca-45fa-ab0c-9e38e7ddcca9,2026-01-08T03:44:11+00:00
c15f0333-c15c-4d3c-9979-8af5617827c2,5130ac38-d6e1-4df0-8231-c5e17e910503,6a1f02ee-4734-484a-9340-301d6b261f57,2026-04-25T00:05:44+00:00
703c4b49-de01-4a6f-bc2d-8b1887eae19a,5130ac38-d6e1-4df0-8231-c5e17e910503,ab56d43e-6b4a-43a3-9b6c-f3bae36c4bb6,2025-09-27T20:57:28+00:00
4847468d-46ea-421f-8e0a-04267c452efd,5130ac38-d6e1-4df0-8231-c5e17e910503,b2ebd1c7-416b-4645-a522-88f29c4fd3fa,2025-09-27T16:31:57+00:00
baecc001-ab9a-4506-88eb-25fc37b7c3b4,5130ac38-d6e1-4df0-8231-c5e17e910503,887b7fc5-3512-427f-b5f1-d0629d72dcf0,2026-08-08T08:51:32+00:00
1c8ca2cf-e6bf-450f-bfd6-3d0c424664b3,5130ac38-d6e1-4df0-8231-c5e17e910503,4b87053a-c2e0-4a91-bd88-3da84717c1af,2025-09-24T09:42:04+00:00
ecf8e889-82bd-4c08-86b4-f76900c9257c,ffe7f0c4-b9d7-4b4c-b744-8ac473a362fb,6b83a412-875d-4f35-8ce5-9a2c67a093f6,2025-10-10T02:57:38+00:00
c3b3aea0-762c-4faf-93eb-8a429c86c189,ffe7f0c4-b9d7-4b4c-b744-8ac473a362fb,3e7caac0-1ca6-4783-9a3e-0aec999045f7,2025-12-15T09:50:34+00:00
42cc3a21-7657-4ce4-88b7-147c271abd35,ffe7f0c4-b9d7-4b4c-b744-8ac473a362fb,2838c32c-7382-41b5-852b-5d048285eed7,2026-04-25T05:52:00+00:00
625f1154-e2fc-44ba-9a04-895a79fa6279,ffe7f0c4-b9d7-4b4c-b744-8ac473a362fb,469cafcd-e935-4706-a180-dbcf0d46cd05,2025-10-24T14:42:42+00:00
f36c89c6-aa83-47d1-81cc-17648703da30,ffe7f0c4-b9d7-4b4c-b744-8ac473a362fb,1df596d4-a79f-4572-9306-495047dbf75e,2025-11-10T04:58:08+00:00
da69832f-65e2-4436-aa27-cde47ede7432,ffe7f0c4-b9d7-4b4c-b744-8ac473a362fb,94fe657b-e446-422e-8233-465a217764d5,2026-03-25T06:31:08+00:00
29f0ab9b-bd98-4f62-b2e7-2e24bd4b5c5a,ffe7f0c4-b9d7-4b4c-b744-8ac473a362fb,0474d78b-b695-4c1a-967f-6fc9587ddc43,2025-11-26T08:23:17+00:00
4c5e0b7c-e211-4ca7-8314-c79264de0861,9cb684c1-2d18-4471-9c23-f1f8d5a85db5,dfb7e95f-260e-477a-a24a-a98cf163a43a,2025-09-28T16:43:49+00:00
4b3b6272-8f65-4c29-bc77-cb6962108380,9cb684c1-2d18-4471-9c23-f1f8d5a85db5,8d1ad378-722c-4717-abf4-9283311d7566,2026-02-27T09:07:21+00:00
9a7bda02-1a12-42cf-82e6-5dc439b4279f,9cb684c1-2d18-4471-9c23-f1f8d5a85db5,e4ea0bbe-fdc0-4311-bef4-bcb809a9a630,2025-09-26T03:17:17+00:00
ee9b92cc-5bd2-4e9b-84bb-f1273aa40aa1,9cb684c1-2d18-4471-9c23-f1f8d5a85db5,31d9eacf-7f61-4435-b484-43965f1c29b6,2025-10-26T18:39:58+00:00
b476af2e-62c8-4b62-b44c-93f426b753d4,9cb684c1-2d18-4471-9c23-f1f8d5a85db5,34c4679a-d188-4ff3-b1e7-463f1c6bc2f7,2026-03-17T18:20:55+00:00
45122411-7825-416e-b1ee-b0089810a211,c6b9cee0-8a67-4d42-a1bb-35b7377b944a,d70b90fa-8a9d-408e-b442-7d148a6095e5,2025-09-26T14:10:05+00:00
6317f284-5725-441d-9cd5-f04e4430e0e8,d9cf8f85-81bc-4d02-b56e-bab415a9c74e,529918b7-4817-40fc-b552-52aa5098a29e,2026-05-13T16:38:37+00:00
837da623-364e-4689-ab97-d1f93910dc8f,0c001d36-f1be-4f09-b50f-125d1a232b1d,501e8ce4-ec88-49ee-8091-df9797903b55,2025-09-28T09:31:01+00:00
92a62a1e-d8e4-46e0-a0c7-24d5ffef91ef,0c001d36-f1be-4f09-b50f-125d1a232b1d,85a05a4b-ce52-43cf-8433-02a2cad529e1,2026-06-07T20:46:30+00:00
83e4a4ee-08ba-4231-9596-f7617ae830d2,20d70dcb-f52b-4212-a678-1b7636c93cc3,a699aa40-0fdf-4212-a0ef-24d84d61c465,2025-09-28T11:06:32+00:00
d7abf525-1be8-48d0-9d1c-6d7a115378d5,986401e2-8d75-490a-9e67-50cf3be6f9d8,2b77ffd4-2ea9-47fb-b996-21cee3b20d07,2026-03-17T18:28:00+00:00
10672c45-753c-49b9-88ec-b18e2fd80434,986401e2-8d75-490a-9e67-50cf3be6f9d8,5d00b0e3-2e7d-4703-ac82-a0935fb970f1,2026-08-20T20:01:23+00:00
540bac9d-32b7-47b2-8caa-c7e5807ce682,986401e2-8d75-490a-9e67-50cf3be6f9d8,6dae0af9-c881-473c-a919-489118789e0d,2025-10-30T18:43:48+00:00
0b8af0cc-1662-4b8d-8c1c-26b13784ced5,986401e2-8d75-490a-9e67-50cf3be6f9d8,3e1135b6-a11d-4440-9839-7607ab0df809,2025-11-30T06:59:56+00:00
e55569a0-ed7f-4e94-ae34-25b37e3723af,986401e2-8d75-490a-9e67-50cf3be6f9d8,514cc026-35f8-49f0-9e68-dff0aa3aab07,2026-05-25T03:45:17+00:00
cd643034-6d47-48ca-b811-463bab3225d0,986401e2-8d75-490a-9e67-50cf3be6f9d8,fba653f1-56a1-4e32-b3a6-1205a8a2e461,2026-03-05T07:54:34+00:00
c464d8d5-6c55-4cbc-8a26-c3b6bf82ad04,986401e2-8d75-490a-9e67-50cf3be6f9d8,8a4f20be-5402-4f7f-97d5-042270c4a232,2025-12-06T21:50:22+00:00
944595cd-a2cb-4732-bbfa-ebfbf54a1087,986401e2-8d75-490a-9e67-50cf3be6f9d8,74d3f6c0-8cd8-42de-be07-4e633a9879a2,2026-04-21T10:41:26+00:00
39ea259c-d140-4568-aabe-4ba0c39ba30c,986401e2-8d75-490a-9e67-50cf3be6f9d8,c90cc779-75f4-4f0d-8f0e-bf02ad0ba33c,2025-11-07T17:55:27+00:00
bd9c9c7e-2cac-4199-8754-6184c79cc1a2,986401e2-8d75-490a-9e67-50cf3be6f9d8,cdb4ace0-6ea2-498d-90e8-2009a10848ce,2026-01-05T01:23:57+00:00
c88704d7-067d-4e25-ba3d-7484dc609864,986401e2-8d75-490a-9e67-50cf3be6f9d8,9c6405d0-d0bc-4e75-8900-4a343d7eec34,2026-02-06T14:20:25+00:00
59a6f4e7-d2b6-4950-a86b-190007c7e01d,986401e2-8d75-490a-9e67-50cf3be6f9d8,78adb4b4-64d8-4a3f-b789-0aeeccaf033e,2025-09-29T22:34:39+00:00
ee87b185-d3d0-49b9-a177-6db606c9f436,986401e2-8d75-490a-9e67-50cf3be6f9d8,f965e2e1-14e1-441b-bd2e-db6def83457a,2025-10-03T07:27:06+00:00
60639c6b-73d2-48b6-8c05-f950e999c02b,986401e2-8d75-490a-9e67-50cf3be6f9d8,b000127a-7ff3-4aba-9f9f-56872787d1ed,2025-10-20T00:18:30+00:00
ab24d0dd-c679-46a3-9daa-8ee7692a8814,986401e2-8d75-490a-9e67-50cf3be6f9d8,88f97422-e385-4200-84c1-cf21ce0c6cda,2025-12-18T18:04:51+00:00
4ce5dbcd-6a09-40b2-9f3b-c0dad967fabb,986401e2-8d75-490a-9e67-50cf3be6f9d8,1d5d0e99-092b-4d98-baab-26f3c7b32aeb,2025-12-25T15:35:36+00:00
805ecb73-9c39-427e-a6a4-3a9fc20812dc,986401e2-8d75-490a-9e67-50cf3be6f9d8,c60fc12d-ef3b-47a2-b08d-d35daaa0261f,2026-04-01T12:23:15+00:00
acd42d24-f7a5-47b5-b4f7-4a32c4092ee7,25ad1894-0868-45e8-bac0-7cb57550590f,73ba0cc9-b965-4bee-abba-983dac988737,2025-10-19T07:47:49+00:00
356df213-fb53-4e6d-b234-fb5e4d461ffc,25ad1894-0868-45e8-bac0-7cb57550590f,9f74975f-3000-4ef2-b2a2-1cdac8513b60,2025-10-24T08:44:18+00:00
e52de4eb-df1c-446b-ac13-19d7ac913748,9f75f9bc-a1f2-4de9-9734-fd477dd4f63f,666bc6ff-a4ef-4446-b1f3-452d89ab9300,2025-10-08T06:35:16+00:00
7c401914-9bdb-4cf0-931a-724c96dafb28,9f75f9bc-a1f2-4de9-9734-fd477dd4f63f,35d6cd54-7bcd-4288-8c6d-682b12ba3543,2026-08-31T07:00:57+00:00
c0647c9c-3106-4fed-b9ce-4de60cd6577d,9f75f9bc-a1f2-4de9-9734-fd477dd4f63f,75fb3cc3-3a13-475e-9146-fa6c2c28ad75,2025-11-16T22:33:57+00:00
cbbf927f-51ce-48d8-80c4-cc0314e57d3d,9f75f9bc-a1f2-4de9-9734-fd477dd4f63f,72e6350e-b4bc-4a80-ac0b-013f84ebeab1,2025-10-14T19:26:40+00:00
7c17e7b3-ed71-423e-a349-11d3d49dad1b,d8fa8037-670a-4ef7-8f46-bcd57a4db9c6,e33923d4-ae33-4f20-93b4-4927825fa9f9,2026-01-05T07:01:54+00:00
22126af1-369a-4d53-9854-bb522aedc17f,d8fa8037-670a-4ef7-8f46-bcd57a4db9c6,1e604945-92d3-44f7-a246-8e1d1ff23f0f,2025-11-23T02:09:50+00:00
173174fa-d5a9-4c12-8821-0ee2ad4516e4,b49c5d41-eb96-449f-a1ee-ae8094ae8777,ba1fa7b7-1ba1-4dcc-8cde-7e8038432e3d,2026-02-23T04:30:03+00:00
793c5e8c-9152-41a7-9618-84b7d32efd53,b49c5d41-eb96-449f-a1ee-ae8094ae8777,7357e086-3d97-4c00-bd2a-662d18d0abec,2025-12-29T19:45:41+00:00
49356f35-6ff9-4f71-a203-4b66d256ebdd,b49c5d41-eb96-449f-a1ee-ae8094ae8777,bf6c0e33-5fc6-4e92-8a2d-83065bf149c4,2025-12-12T02:38:28+00:00
e5246d94-71d8-449e-b337-a4dbeb4e7c44,b49c5d41-eb96-449f-a1ee-ae8094ae8777,093a360d-63cd-446f-8cc4-cceafcd033c5,2026-04-15T22:28:11+00:00
28ebffaa-a68a-44c5-9792-6afc7e70688b,b49c5d41-eb96-449f-a1ee-ae8094ae8777,a2a97c5b-d72e-47bb-a8b8-355fcf007b68,2026-03-13T02:14:04+00:00
d2e44939-a968-48bf-9da4-739e31036929,b49c5d41-eb96-449f-a1ee-ae8094ae8777,630fe4a8-7f3f-4f97-93c1-03feb895bbd5,2025-10-16T11:42:07+00:00
e2b676d1-88eb-4172-91cb-2573a1773d7f,b49c5d41-eb96-449f-a1ee-ae8094ae8777,9a74e82b-9309-4739-ab1b-2657a686ca16,2025-12-17T08:58:50+00:00
20295de6-1b9c-4267-92ba-4e85b0623377,0e91d896-360b-45c1-bb3e-96ca47691f43,1738f94b-1c67-4612-9cd8-819ca50c35e3,2025-10-07T10:40:07+00:00
ec1bae93-b20b-45f6-a896-4c250befd701,fef8a7b9-4bd8-4ec9-a4cd-745c62f30bba,459c517f-ee6e-4dd8-8e73-1f546778d794,2025-10-18T19:44:25+00:00
3910371b-283c-404a-8421-8d9fe4a5d164,fef8a7b9-4bd8-4ec9-a4cd-745c62f30bba,34441c15-0467-4b92-b3ab-8deb1054c830,2025-10-23T05:52:20+00:00
1869d6b9-9e4b-4396-b7b6-2b4daf2e2c6e,fef8a7b9-4bd8-4ec9-a4cd-745c62f30bba,61bc54ff-d92a-459a-b783-749eeba4b206,2026-05-06T02:04:54+00:00
8e31b475-cf11-42f7-b885-4673eb5b4740,fef8a7b9-4bd8-4ec9-a4cd-745c62f30bba,b2934820-ad75-476f-ade6-054a7c89f295,2025-12-30T13:37:04+00:00
4e4ae8a9-19ef-4273-ae0b-e22d0702282b,fef8a7b9-4bd8-4ec9-a4cd-745c62f30bba,6e390a5d-a88b-459f-8658-6a51166be2f7,2025-10-06T10:53:30+00:00
da1ec55a-ef70-400b-86b9-8e781de96bb2,fef8a7b9-4bd8-4ec9-a4cd-745c62f30bba,94124252-c61f-4b05-ab17-fb467c898e0c,2026-07-21T14:26:30+00:00
3fae1334-35e9-4cf0-8a0b-7cc4ac8977f9,e9cbc242-5b9f-4877-9c56-0a60ed3d00af,ba4e0520-1425-44b4-ba42-764ccd9799f7,2025-10-11T15:15:43+00:00
af4fa7b6-0e46-4408-9c4c-f06b2e4ddf75,e9cbc242-5b9f-4877-9c56-0a60ed3d00af,20643c6d-5091-45f4-96dc-2970aa107c3a,2026-03-17T05:05:22+00:00
2b924cf3-7f30-42eb-9e54-d4960b59863e,e9cbc242-5b9f-4877-9c56-0a60ed3d00af,1af051a4-5fb9-478e-9d62-3279d88a6cff,2025-10-09T22:03:10+00:00
6dc5afb2-f2f8-488f-99ee-1889d2d0bb1f,e9cbc242-5b9f-4877-9c56-0a60ed3d00af,b60473a7-fc1d-48a6-b979-2e6c324f1b4c,2026-02-26T13:26:11+00:00
0fa91222-9be2-4cec-b317-6c778a9bda87,e9cbc242-5b9f-4877-9c56-0a60ed3d00af,dd5c4d9c-19c8-4f8b-89b7-e10c6aef4e21,2026-08-31T11:14:20+00:00
029d0517-0637-4c2e-9e66-e004a78b8b40,e9cbc242-5b9f-4877-9c56-0a60ed3d00af,52c5c6a9-39b5-4951-9af7-b20a0970bd62,2025-10-11T10:53:07+00:00
a8dfa757-77eb-4d43-ba57-05d87b11befa,e9cbc242-5b9f-4877-9c56-0a60ed3d00af,fdf80e2a-8b01-4d79-a8c3-3ea29134c88c,2025-11-14T20:38:14+00:00
82d4fa91-0137-46f4-849f-c0f9f255001c,ecaa00d7-e7d7-4ac8-8639-8b87156ddec0,f46fae0a-66ed-4c74-baa7-7380e11570dd,2026-06-11T14:58:10+00:00
0a8f3fd2-508c-4d06-beaa-794b1d9a30df,ecaa00d7-e7d7-4ac8-8639-8b87156ddec0,1df596d4-a79f-4572-9306-495047dbf75e,2025-10-22T23:17:45+00:00
e719c2da-999c-4492-ad67-3a837bd0ef71,ecaa00d7-e7d7-4ac8-8639-8b87156ddec0,d24b23ee-291d-4c2f-8c3a-ce1251c2c3d8,2025-10-19T20:42:28+00:00
78520568-2708-4aa5-b306-813eb6dceccb,ecaa00d7-e7d7-4ac8-8639-8b87156ddec0,dc64b030-9ad0-4b7f-aa39-1ea19decb440,2026-03-15T02:43:22+00:00
cd81e4e4-33c3-4412-95e7-bd30251e7c49,ecaa00d7-e7d7-4ac8-8639-8b87156ddec0,1738f94b-1c67-4612-9cd8-819ca50c35e3,2026-05-09T19:08:29+00:00
f913db46-1d5f-4d3f-940d-c934ea6f7d90,ecaa00d7-e7d7-4ac8-8639-8b87156ddec0,3b30a6e4-3c57-4bbd-9b03-022e7facb880,2026-01-04T01:23:03+00:00
9dd02343-6f7a-4337-89c3-776f40cc088d,ecaa00d7-e7d7-4ac8-8639-8b87156ddec0,f1999cc6-bd96-4a94-b030-3072877f65df,2026-03-30T12:57:57+00:00
a7228ff5-59cb-4ca1-b26e-30f3dabf505e,ecaa00d7-e7d7-4ac8-8639-8b87156ddec0,f91ff251-1181-4bdc-acdc-09ddd07c0f6b,2026-01-08T02:40:52+00:00
77ece9a9-f35c-491e-89e0-8c5f64e2434c,ecaa00d7-e7d7-4ac8-8639-8b87156ddec0,323eb581-df66-495e-b4c3-b8d51316dccb,2026-01-21T22:38:55+00:00
1e5de7ed-b7b6-410c-93ca-5ebc34013626,ecaa00d7-e7d7-4ac8-8639-8b87156ddec0,54f26470-51db-447f-8c40-86bc6859b21b,2025-11-05T05:05:07+00:00
b0226cc2-add2-4e8b-a9fa-2260a176899f,ecaa00d7-e7d7-4ac8-8639-8b87156ddec0,20be0228-dff5-4a8a-9078-9f3e013731d6,2025-10-30T00:26:59+00:00
43ae39df-2f2d-461f-b132-15a1a9099a01,f9b13381-cf09-4e8e-badc-677d06165db9,e76cf478-5afa-46e3-a39b-b02c23d6bb1b,2025-10-13T17:50:20+00:00
71c07696-dcbb-496e-aa31-3c9cc9fb3613,f9b13381-cf09-4e8e-badc-677d06165db9,39da3268-4fe9-44d6-b716-29c848231132,2025-10-13T08:25:15+00:00
aed69393-b932-46bc-8c39-2792f1fbda61,f9b13381-cf09-4e8e-badc-677d06165db9,ffe376b0-b660-443d-9d11-cd993fa8abe4,2025-10-17T11:17:59+00:00
66921233-2fee-4d68-b054-41ec0c1ddc8e,f9b13381-cf09-4e8e-badc-677d06165db9,b3a594ad-c0b2-4c4f-9c16-36e5268f731d,2025-10-10T07:01:39+00:00
7555d148-da38-48ab-b453-bf178ee8c11c,f9b13381-cf09-4e8e-badc-677d06165db9,323eb581-df66-495e-b4c3-b8d51316dccb,2025-10-14T02:44:33+00:00
ebafa0e5-9b33-432b-9a43-c4f36aaabb11,0f7d98f9-1991-4aa6-a5ef-aa86e3a76586,63e9a505-7c6b-4204-93f7-db5e9998f23c,2026-03-06T09:08:12+00:00
b347f9f3-89f0-459e-8e82-57d682937cb4,7b54529b-ede4-4f99-af1c-6140c948c950,8ed5d79d-9904-4ac0-b3d6-d43abaf34918,2025-11-19T05:56:00+00:00
2a47be9b-0e20-4e32-9398-44f01880dbf9,7b54529b-ede4-4f99-af1c-6140c948c950,72e6350e-b4bc-4a80-ac0b-013f84ebeab1,2025-11-05T10:22:36+00:00
21d019cd-be14-4315-8551-b232f597bc2a,7b54529b-ede4-4f99-af1c-6140c948c950,08a3481a-550b-4bbb-82c1-55804ba01127,2026-02-24T12:21:59+00:00
a504c74e-3cac-4705-8b80-595e7286eb22,7b54529b-ede4-4f99-af1c-6140c948c950,081ff1ec-6b6e-4345-b592-685440228bd4,2026-04-07T04:06:38+00:00
44298731-7ad2-439f-b739-7c4f6227d9f4,7b54529b-ede4-4f99-af1c-6140c948c950,c83332b4-6631-4d8a-bf55-d7b4da6ef7d5,2025-10-14T07:02:20+00:00
26d1c954-313f-4fcd-8275-21a84994071a,2aeb8f99-07ea-4ecd-a17e-935e242b6c87,f49e78ea-0b5a-4e38-8d8e-fecf93a3488e,2025-10-20T19:33:49+00:00
5ab2d2b2-7f93-4689-beb5-688b5fc23f3d,78cc3468-fca2-4972-a256-10dffa57f98a,1c53189a-7903-4dcb-97d6-29489110198e,2025-10-16T10:15:49+00:00
522eb062-e033-43c4-9a8a-3f1dcf604cbf,2cd80e80-a484-4d33-9a43-249992627ac7,51910d94-7df2-4595-be53-5b43cb379762,2025-12-18T17:05:18+00:00
6145cfc7-8854-427b-97bb-12044cfb1868,2cd80e80-a484-4d33-9a43-249992627ac7,ca8f1e88-f39d-4f85-a500-8267f988dfad,2025-12-12T16:06:59+00:00
1a36aaeb-61b7-49cc-b8d8-febcb1a7d0d6,2cd80e80-a484-4d33-9a43-249992627ac7,3508da09-a51b-4ff3-8e0e-ee486e956b89,2025-12-28T14:15:44+00:00
1a9f098f-95f5-4985-8801-b4f6daca9cef,2cd80e80-a484-4d33-9a43-249992627ac7,26d61dc5-0b03-4c16-8a64-7afeba92fecb,2026-05-16T13:37:18+00:00
9bc4ad71-1238-4cd3-a6f3-85ae9ab83ae9,2cd80e80-a484-4d33-9a43-249992627ac7,d413b920-fd1b-4aab-b816-7b0b8dd7ec37,2026-08-08T11:09:03+00:00
c5a724de-6485-4a30-9891-6c3406a59d17,2cd80e80-a484-4d33-9a43-249992627ac7,f2e15dfd-44c6-41bb-8e26-a90818c01dd9,2025-11-11T13:14:21+00:00
38992ab4-247e-48f2-8935-e0bfcda5bc9c,2cd80e80-a484-4d33-9a43-249992627ac7,8d2b7914-36a2-4975-9e44-eacb4adeaa0b,2026-03-16T22:46:19+00:00
620c06fc-56ca-483f-9fb2-633670b60f1b,2cd80e80-a484-4d33-9a43-249992627ac7,feb4d905-0b79-4ac5-9d53-4c64f8023f17,2025-12-03T16:23:27+00:00
bcf3e72f-f533-4a07-8254-23b10a98eaaf,2cd80e80-a484-4d33-9a43-249992627ac7,60e4a087-d37a-496f-8841-564316fa7ec6,2025-11-06T01:53:25+00:00
c481d03e-840c-4922-8052-9eac2b89c39f,2cd80e80-a484-4d33-9a43-249992627ac7,917bdd4a-0545-41ea-8bbb-c3ec512a6c48,2026-05-19T16:55:15+00:00
7d9c66dc-f26d-4c21-bee6-59ce4cfcfbc1,2cd80e80-a484-4d33-9a43-249992627ac7,630fe4a8-7f3f-4f97-93c1-03feb895bbd5,2025-10-12T16:57:56+00:00
e33431c1-c6c7-4967-bd54-55365d5b3b83,2cd80e80-a484-4d33-9a43-249992627ac7,cd268b95-fdcb-48b9-84de-2a4aac209d46,2025-12-18T03:22:06+00:00
069c4b61-44e4-4770-86fc-fa5cde3f3801,2cd80e80-a484-4d33-9a43-249992627ac7,20643c6d-5091-45f4-96dc-2970aa107c3a,2025-10-31T03:13:18+00:00
cbc10156-c56e-4546-88d4-da7529d3ede4,2cd80e80-a484-4d33-9a43-249992627ac7,79c00b7e-dbe5-41bb-8a92-189f533b8e9f,2026-05-31T07:17:49+00:00
4b7d3306-b209-42f6-aa26-fce91e79f2b0,2cd80e80-a484-4d33-9a43-249992627ac7,09df0479-c184-43eb-84fc-57806ea9743a,2025-12-28T17:30:21+00:00
130d548c-75b1-4693-8358-380e8bc1f37d,2cd80e80-a484-4d33-9a43-249992627ac7,ba4e0520-1425-44b4-ba42-764ccd9799f7,2025-10-22T20:02:32+00:00
f76037c6-82a1-46e3-be96-9947de7f8593,c37c4b28-d656-42e5-bef2-5860e869753a,87144f65-cce8-4440-b1c1-92d6c4ad5ac8,2025-10-13T06:57:48+00:00
1bf50776-be68-4347-8f70-9a953b7d07dc,c37c4b28-d656-42e5-bef2-5860e869753a,573eb679-3294-4f6c-9352-94085c83e87f,2025-10-17T01:37:50+00:00
f6324804-91bb-466e-b5d4-b5726501045a,c37c4b28-d656-42e5-bef2-5860e869753a,917bdd4a-0545-41ea-8bbb-c3ec512a6c48,2025-10-13T03:50:31+00:00
a59e499d-2341-47d5-a5e8-8cc4697c53f9,c37c4b28-d656-42e5-bef2-5860e869753a,5579985d-8b97-4fbf-89a3-3636d4a31837,2025-10-19T02:35:22+00:00
edf2d8bb-bcb3-4d21-b015-fc99fc8eca1e,c37c4b28-d656-42e5-bef2-5860e869753a,443b392f-72a1-4279-ae51-a849f1fedfff,2025-10-12T11:48:08+00:00
6297ef4f-c5db-40af-8438-2766c35a313c,c37c4b28-d656-42e5-bef2-5860e869753a,501e8ce4-ec88-49ee-8091-df9797903b55,2025-10-13T16:07:22+00:00
e9fa6747-d649-43de-b957-5d6714ce6682,e654ef7e-ed06-4b03-8e3f-2baaf019cbaa,183fdc19-a9c5-4db8-a9f3-e0f20feea8e8,2026-02-04T11:40:49+00:00
1bfae8e4-1047-49b2-a8b0-f2e9bc4bc858,e654ef7e-ed06-4b03-8e3f-2baaf019cbaa,f1a0ec25-92c1-456d-bc62-93f211e3df90,2025-11-05T15:42:11+00:00
d14fc827-af00-4d77-b026-adf9b2954e4e,e654ef7e-ed06-4b03-8e3f-2baaf019cbaa,10c9cdcb-4a1c-4f44-9e34-61195bfc8e59,2025-12-14T06:30:15+00:00
b47ee311-8aa4-4464-b9a1-c12d6c93c9cf,e654ef7e-ed06-4b03-8e3f-2baaf019cbaa,cdb4ace0-6ea2-498d-90e8-2009a10848ce,2025-10-22T13:21:12+00:00
bfb37c97-b930-4313-a106-fce11d89d958,e654ef7e-ed06-4b03-8e3f-2baaf019cbaa,d04a9725-4a5b-49d3-971a-6c7bbb1d7355,2025-10-15T09:34:31+00:00
2af2d389-7ac0-4c2a-9eca-ac2ad3f687c0,e654ef7e-ed06-4b03-8e3f-2baaf019cbaa,b87fa7ae-7016-46ff-bf10-b0be3cd2d358,2026-01-31T15:25:03+00:00
f7ba4856-35bd-4033-8575-27b72d894355,e654ef7e-ed06-4b03-8e3f-2baaf019cbaa,a1e2e693-3bde-4f70-9281-01259889ee69,2026-02-01T19:50:55+00:00
5f9d41fb-d860-4ca3-9461-2acf2e8729a2,e654ef7e-ed06-4b03-8e3f-2baaf019cbaa,001acc59-baa7-4324-aeeb-b8d19223f06a,2026-06-09T09:15:34+00:00
71c2f71f-0c40-4735-a171-c4d85838cc37,e654ef7e-ed06-4b03-8e3f-2baaf019cbaa,6225ff1d-dff6-4eec-8a09-0b85b8e80e91,2025-11-11T16:45:12+00:00
517eac2d-6c29-4d71-afb1-1c9c5e366b7e,e654ef7e-ed06-4b03-8e3f-2baaf019cbaa,53a84c41-db22-49bf-98bd-d408fffdabc3,2026-04-22T15:55:42+00:00
378a226b-e842-49ba-aa91-31e86f8d626d,e654ef7e-ed06-4b03-8e3f-2baaf019cbaa,54f26470-51db-447f-8c40-86bc6859b21b,2025-11-05T06:33:03+00:00
d342c717-c2c9-4ebd-810a-17693c3e1fa2,e654ef7e-ed06-4b03-8e3f-2baaf019cbaa,53cbc155-02f5-409e-90b8-e1d1b8a42be9,2026-05-09T07:50:42+00:00
c074ead7-255e-46a2-bce1-ce77e645fc47,e654ef7e-ed06-4b03-8e3f-2baaf019cbaa,ace4ede9-190b-4d01-8198-a49aabf9da5a,2026-05-29T02:08:26+00:00
ba4079a8-5952-4776-aaa7-205efd80f086,e654ef7e-ed06-4b03-8e3f-2baaf019cbaa,054fe171-2aa2-4064-be59-369e103477d7,2026-02-04T19:55:44+00:00
4b64422b-e5ff-46df-99fa-b8193b189875,e654ef7e-ed06-4b03-8e3f-2baaf019cbaa,4c8ec64f-c0d0-4cfb-b064-d47de0ec57ba,2026-03-11T14:41:03+00:00
a1eec75b-cf65-4dfb-99c9-8567c16e129d,e654ef7e-ed06-4b03-8e3f-2baaf019cbaa,6cad3973-c23d-4cec-bb0c-6ecf78003373,2026-01-15T02:15:36+00:00
f9cfdf9f-9258-4a6f-ae63-2a0f73078cb7,e654ef7e-ed06-4b03-8e3f-2baaf019cbaa,0df66891-b25c-4d7b-98bc-826d9e286a20,2026-02-23T02:14:07+00:00
0e112642-ea10-4eea-9e5f-2c6eb7cf7a58,e654ef7e-ed06-4b03-8e3f-2baaf019cbaa,e5760964-741a-49da-986c-c20413c5103c,2026-01-28T11:09:01+00:00
39f6438b-b84c-44bb-bd34-89ba49c01a3b,e654ef7e-ed06-4b03-8e3f-2baaf019cbaa,85a05a4b-ce52-43cf-8433-02a2cad529e1,2025-10-16T07:20:46+00:00
47337c44-46c7-4adb-988a-0dcbec86b1b0,e654ef7e-ed06-4b03-8e3f-2baaf019cbaa,ce36aea6-fdbd-41f0-af71-96972ce4d5d1,2026-05-29T21:22:09+00:00
4028ccd7-18eb-44a2-b291-73554e84efa5,e654ef7e-ed06-4b03-8e3f-2baaf019cbaa,a80b24ca-19f4-4796-9a5e-683f4e8f7b14,2026-01-08T09:01:15+00:00
214552cc-d6d5-4775-8e1d-ceb661477bd1,05796682-0fe8-4ead-b642-48a49f59968a,b3a594ad-c0b2-4c4f-9c16-36e5268f731d,2025-11-29T12:08:43+00:00
119a3a42-7568-4b67-8f2b-818f8f8788ca,05796682-0fe8-4ead-b642-48a49f59968a,6695a266-c3cd-43a7-a7fb-fcac77328615,2025-12-27T06:01:58+00:00
b2ccde62-6785-464d-9b94-615c275d53f0,05796682-0fe8-4ead-b642-48a49f59968a,7759297b-afe9-4b95-8e56-6c553c734e03,2025-12-19T09:27:28+00:00
ae7b8847-8890-40c7-ab9d-5395a9c17980,05796682-0fe8-4ead-b642-48a49f59968a,09df0479-c184-43eb-84fc-57806ea9743a,2026-05-11T08:42:21+00:00
54c5aa76-6b62-4fe7-a1d2-1b357f4f39de,05796682-0fe8-4ead-b642-48a49f59968a,f3f35b1f-6722-4fb3-9c50-39c6796b2515,2025-11-28T03:53:41+00:00
5ff4a5aa-e49c-46d5-89c7-88c507c0fe0d,05796682-0fe8-4ead-b642-48a49f59968a,62d505af-b1ab-402a-b8ac-bf03c359aea7,2026-03-19T03:12:55+00:00
451b950a-b3e2-4c1b-80b8-bfe2e0aa001c,05796682-0fe8-4ead-b642-48a49f59968a,dd6a0ad5-cbc7-4d17-8a8a-229cea78e52b,2025-10-26T19:57:18+00:00
4566994d-5aa6-4cff-a272-fd6d206949f6,05796682-0fe8-4ead-b642-48a49f59968a,9c4bc13c-455f-4bc8-af64-d6ff11a380b4,2026-06-10T22:30:13+00:00
4c0b543d-850a-4e86-86f0-8940352efe32,2a1caa72-dbdf-4f23-b91a-42a660ffd24a,9fa1bd7e-fe95-4d72-89e0-17853678fb5b,2025-10-20T15:09:54+00:00
369468d6-2b33-4ed9-b7bf-b2058a3d71f7,2a1caa72-dbdf-4f23-b91a-42a660ffd24a,2ac3a3a5-640a-4b9b-a55a-419ce256fa53,2026-06-15T04:05:52+00:00
12db5bfb-a8fe-40be-a7af-06c4886bb00c,2a1caa72-dbdf-4f23-b91a-42a660ffd24a,ef6f0845-2282-4ad4-870c-058ceee8da3c,2026-08-14T14:38:56+00:00
e4eefe85-0e7b-41f1-8591-4553f8370fcb,2a1caa72-dbdf-4f23-b91a-42a660ffd24a,767703ae-4d74-4728-ae3f-a80c8b6ead76,2025-10-20T02:03:07+00:00
d1ccf024-f76b-4139-8053-6f1e2781b0d9,2a1caa72-dbdf-4f23-b91a-42a660ffd24a,57d2ea34-ccda-48c1-82da-d0d973b20d87,2025-12-09T07:59:16+00:00
1fff6d46-1ef6-4990-b60d-728a99b1cf8b,2a1caa72-dbdf-4f23-b91a-42a660ffd24a,887b7fc5-3512-427f-b5f1-d0629d72dcf0,2026-01-04T04:50:54+00:00
f55ef060-b1c4-4c09-b6f7-4abc76d6f129,2a1caa72-dbdf-4f23-b91a-42a660ffd24a,e5ead316-9492-4d0f-92fe-e9ee1533cfbf,2026-02-09T21:03:12+00:00
9fc1a6b8-2479-45e6-aa64-e40db4d38728,2a1caa72-dbdf-4f23-b91a-42a660ffd24a,a5387ad1-06a2-4c7d-9ab9-85dab1cab9e8,2026-01-31T00:18:15+00:00
9d67e01d-764e-4913-a2f2-6813fb3cf44c,087ed90f-ca6d-4fbc-8160-05f0a10ae19f,64be8bfb-802e-4c82-a1a5-933556b2ba96,2026-05-14T10:33:52+00:00
f07f59dd-ea36-4b3d-bb81-8b8ee50237c6,087ed90f-ca6d-4fbc-8160-05f0a10ae19f,a65291d3-0e33-4ea9-afd9-e6056f5fec42,2025-10-20T19:12:34+00:00
be01d707-f1a7-48fa-8f80-888f747bb65a,41b0ffe9-4dd5-429a-bed9-33a27100a72d,8f39dc61-73fe-48e5-9abe-1b74522d2ba1,2026-05-08T10:36:29+00:00
b0a9c5bb-94a7-4eb6-ac7b-27dbd21cf22e,41b0ffe9-4dd5-429a-bed9-33a27100a72d,093a360d-63cd-446f-8cc4-cceafcd033c5,2025-11-01T04:25:42+00:00
b01146c4-d0ce-454f-8c81-a013ce8a2425,41b0ffe9-4dd5-429a-bed9-33a27100a72d,d22d4315-95d0-4e9b-8b3a-ee71f98284ba,2025-10-28T22:33:36+00:00
f62fd172-464f-4d88-8900-82a3733ef8ed,41b0ffe9-4dd5-429a-bed9-33a27100a72d,4c8ec64f-c0d0-4cfb-b064-d47de0ec57ba,2026-08-31T09:32:08+00:00
8de246dd-2e16-4afe-b4cc-df5b8ec01ab1,41b0ffe9-4dd5-429a-bed9-33a27100a72d,bdd3bd04-7e4b-4d82-816f-dceb5fae55ea,2026-03-20T12:42:39+00:00
53aafbfc-2d7d-4136-bf80-eb54b21c0d34,41b0ffe9-4dd5-429a-bed9-33a27100a72d,c568b27d-f55c-43c4-b16c-2ded8343488b,2026-05-25T06:48:17+00:00
0ae7cbdb-2295-4ae3-8a72-786f59ae9672,41b0ffe9-4dd5-429a-bed9-33a27100a72d,93a7f915-e31d-4603-af28-13fe5ff23ac3,2025-11-09T01:27:48+00:00
81d70f52-f5e1-46c7-87d9-ad325041edc2,41b0ffe9-4dd5-429a-bed9-33a27100a72d,0735b0aa-84bc-49aa-a78b-0ec4f2e216e6,2026-02-11T16:39:18+00:00
51ea2d5e-02c2-42b1-8f87-dd797896d69a,41b0ffe9-4dd5-429a-bed9-33a27100a72d,f31ed9a5-371d-40f1-abad-f2898658760d,2026-08-25T11:25:53+00:00
f695adea-dfdd-46d5-b7c3-dc4dd0faa0ca,44d54a01-e466-43bd-b70f-cffcce78a043,128acef2-f235-4b4f-9ba9-12cf0271ac50,2026-02-06T01:27:25+00:00
11654075-d721-4ae1-b983-e35f49f6af60,44d54a01-e466-43bd-b70f-cffcce78a043,5ce43817-8afb-43c8-aa72-569b92aeb223,2026-06-03T04:28:31+00:00
c5e897d2-2c0f-40ae-aa51-5c0ea4524971,44d54a01-e466-43bd-b70f-cffcce78a043,76bd97a4-07c7-41e0-bb56-e614d523bb85,2025-10-23T03:09:19+00:00
4f17d670-5a55-4c26-a16c-e0a7066eb6e0,44d54a01-e466-43bd-b70f-cffcce78a043,bc0e5868-3a1d-4493-ad13-df81dcf8102c,2026-03-28T10:53:35+00:00
31eb7fdc-5cf8-405d-9653-7bbcfb6ca3d0,44d54a01-e466-43bd-b70f-cffcce78a043,57d2ea34-ccda-48c1-82da-d0d973b20d87,2025-12-07T23:06:24+00:00
a7584a5b-5c68-448b-a255-50f2f88d4e0e,44d54a01-e466-43bd-b70f-cffcce78a043,71938832-5c59-49e3-be85-9acbd7ca55ba,2025-11-09T20:02:12+00:00
7dc20b27-f41c-4993-9e04-79cf31abdbd7,ec11a082-4e51-4ccb-985f-3280a674431a,ca8f1e88-f39d-4f85-a500-8267f988dfad,2025-10-27T19:10:37+00:00
56ed3459-adf9-401c-aa44-9f515d3fd5f5,ec11a082-4e51-4ccb-985f-3280a674431a,45f130cc-34a3-4ca4-9ab0-3af07f0467c9,2026-02-17T00:25:21+00:00
a617d7d1-89ce-4561-a8f6-6244535d9893,ec11a082-4e51-4ccb-985f-3280a674431a,3faf19b8-adef-42c8-a07d-601db32b3f06,2025-11-17T01:34:12+00:00
00bba2e3-90a5-4b76-aa3f-d06b6d39bb70,ec11a082-4e51-4ccb-985f-3280a674431a,23a55d2c-5ac7-43a9-a6a4-20734b79d7ae,2025-11-04T10:47:24+00:00
b2094dc2-b962-48ff-bb0d-0eed82562664,ec11a082-4e51-4ccb-985f-3280a674431a,ded797b6-afed-4f9c-8ae0-35b3c61aa0e4,2025-11-27T09:24:36+00:00
b6c5fcc7-e554-44cc-8a1a-d49f5f313451,061aca9b-6c80-4630-a54a-63c36bf739f5,c76f1c0b-bf00-4af7-84b8-6ec1e8252901,2026-02-10T23:16:55+00:00
1bde10ec-cb7a-4147-b50a-2f5f8422b8e9,061aca9b-6c80-4630-a54a-63c36bf739f5,9ce8ad86-b5f1-4d08-a8d6-d8b25b7f8f86,2026-02-27T11:26:43+00:00
247f84e4-b54f-476a-bab3-a8ffa318803b,061aca9b-6c80-4630-a54a-63c36bf739f5,c826c699-c25f-4e45-bc9a-8ef83d1a94fb,2026-06-08T18:04:17+00:00
55a86d6c-f14a-4419-ba8a-2b8de50472ac,061aca9b-6c80-4630-a54a-63c36bf739f5,b9468cb9-ed1b-40fe-a021-2f6da1f2925d,2026-03-11T23:43:14+00:00
dc66a8bf-d7d1-4a32-ab5e-153c005a5ec5,fa7d5e4f-d63c-41f6-925b-fd086aa03414,62d505af-b1ab-402a-b8ac-bf03c359aea7,2025-11-29T01:52:51+00:00
8bb8d173-cfdf-4fdd-8932-6ace15d1e73d,fa7d5e4f-d63c-41f6-925b-fd086aa03414,6dfbbf9b-099b-425f-a0b4-4d13ee683924,2026-07-09T23:54:19+00:00
f1b1502d-8ee7-4da2-9274-126912972724,fa7d5e4f-d63c-41f6-925b-fd086aa03414,78adb4b4-64d8-4a3f-b789-0aeeccaf033e,2025-11-14T05:13:27+00:00
28204c0a-9d17-4b48-b6c6-0c54c2160cb8,fa7d5e4f-d63c-41f6-925b-fd086aa03414,bfd8403b-80c0-4664-aaab-0599f13df1e7,2026-01-28T06:10:44+00:00
47d64d36-4a32-4706-94fa-29435cafa0a4,4a2365ac-2aff-4e86-a7cf-39c2ba58b865,5c27de08-e263-49f8-b85c-5d1bfb70223d,2026-06-15T09:02:45+00:00
79496eae-a1e1-47f8-975e-cc8bd3bff2cc,4a2365ac-2aff-4e86-a7cf-39c2ba58b865,5d00b0e3-2e7d-4703-ac82-a0935fb970f1,2026-05-04T13:55:57+00:00
7c34cc41-5ccf-47fd-9fa2-eeaf60b0ea25,4a2365ac-2aff-4e86-a7cf-39c2ba58b865,27d6298d-2568-4e4c-99dd-0f0d3e043508,2026-03-01T01:03:25+00:00
a6b2c58b-9c8e-41d9-82bc-f11f390c6709,e7d8af20-84e4-4c11-8e3a-8f7ba1aecc02,4bcfb395-99a4-40b8-a38e-0576e4ded0dd,2026-05-03T02:45:37+00:00
bfa4bd44-1be5-482e-b309-dd1297b4221b,e7d8af20-84e4-4c11-8e3a-8f7ba1aecc02,1df596d4-a79f-4572-9306-495047dbf75e,2025-12-06T12:09:58+00:00
b35a9c30-71fd-4cd0-ac97-e2bd65b22937,e7d8af20-84e4-4c11-8e3a-8f7ba1aecc02,ba4e0520-1425-44b4-ba42-764ccd9799f7,2025-11-03T21:20:28+00:00
0e40060e-2cfd-4638-bd99-1e9de3284d38,e7d8af20-84e4-4c11-8e3a-8f7ba1aecc02,10c9cdcb-4a1c-4f44-9e34-61195bfc8e59,2026-08-08T21:31:13+00:00
7002bcde-5101-48ef-92b3-002409131c5c,e7d8af20-84e4-4c11-8e3a-8f7ba1aecc02,bdd3bd04-7e4b-4d82-816f-dceb5fae55ea,2026-08-24T20:10:50+00:00
1ac3eab2-dc6b-4831-9dd7-86e48d6b7011,e7d8af20-84e4-4c11-8e3a-8f7ba1aecc02,128acef2-f235-4b4f-9ba9-12cf0271ac50,2025-12-09T17:45:49+00:00
70d22c70-1169-4198-9136-c771f84be4e9,be0be817-baa8-47f7-9fce-d4da3b156dc0,93a7f915-e31d-4603-af28-13fe5ff23ac3,2025-11-15T19:32:41+00:00
f495c507-babc-431c-a2cd-6b31db5d2bf3,be0be817-baa8-47f7-9fce-d4da3b156dc0,dc64b030-9ad0-4b7f-aa39-1ea19decb440,2025-11-03T05:33:33+00:00
9f67be41-8a8f-4c33-8a61-f0c8e9c99133,be0be817-baa8-47f7-9fce-d4da3b156dc0,5da9c176-ec13-4102-b6cf-121f4b145d5a,2025-11-05T08:44:42+00:00
d80ec7e7-732a-4ca5-a787-3e63ef98f3b8,be0be817-baa8-47f7-9fce-d4da3b156dc0,9c6405d0-d0bc-4e75-8900-4a343d7eec34,2026-02-02T11:29:12+00:00
2dc559df-f7d1-4fee-a7fa-c00768ab4f92,899782d3-e8fc-41be-816a-d67dedfb1d80,919c1afb-25b2-4b3a-bfab-39ebe9e77e2c,2026-06-10T22:40:55+00:00
9f286aa7-217b-4f6f-ae88-52ce379e0242,899782d3-e8fc-41be-816a-d67dedfb1d80,4dedd047-d3e8-4791-873c-6053577084d1,2025-12-12T10:28:09+00:00
aaf83d98-9816-410e-9aa7-b3c13cb873e3,899782d3-e8fc-41be-816a-d67dedfb1d80,00501fb4-95d9-40ea-9f41-8fe9015dbc62,2026-05-23T23:21:45+00:00
95d452a8-78ad-41cb-818d-f50d7f32a85a,899782d3-e8fc-41be-816a-d67dedfb1d80,1162a399-ae84-499c-86eb-5c0b8d4bd19d,2026-01-02T00:46:49+00:00
cb2673a8-6d2e-420f-bb04-3d3bc50c55c7,899782d3-e8fc-41be-816a-d67dedfb1d80,743aae1e-e024-4953-a3ae-1413333f514f,2026-02-28T14:30:09+00:00
2ca4135a-65d8-4fab-a7d6-5615ca74498b,899782d3-e8fc-41be-816a-d67dedfb1d80,fba653f1-56a1-4e32-b3a6-1205a8a2e461,2026-01-19T10:05:01+00:00
618b8609-2c2b-439a-8c19-96bbaabe15ac,899782d3-e8fc-41be-816a-d67dedfb1d80,810094ee-d2d1-4263-b5b9-7363f515bf05,2025-12-14T14:15:50+00:00
290b77e9-d8f3-4803-9057-a8dc4a3f6b6c,899782d3-e8fc-41be-816a-d67dedfb1d80,c6fd42f0-6060-47cf-a8e8-e24dcaee7d26,2025-11-27T17:02:51+00:00
9399853d-86ee-49c5-9ec0-f3b37fee729d,899782d3-e8fc-41be-816a-d67dedfb1d80,04ef5bae-6f20-43c1-84c2-80053a99d1b1,2026-07-30T17:12:52+00:00
d2ace968-89d4-4902-8d37-7939147ea2c9,899782d3-e8fc-41be-816a-d67dedfb1d80,1ce85b38-45d8-4fc2-a23d-d01ad37ee8fb,2025-10-30T00:56:39+00:00
bd44e628-2dc7-4433-af63-418f9d9b7d1b,0e851811-8161-4ded-828f-1bb92262c5e3,d0c1bf19-bea4-424f-910b-25f9f5d2cc23,2026-01-02T19:31:59+00:00
3ad3cf20-0f2f-443f-a808-f54021b14c29,0e851811-8161-4ded-828f-1bb92262c5e3,4d2af566-e452-4cb8-9f1c-2963153454ef,2026-06-05T10:45:12+00:00
28e90fe4-77e7-423a-ad35-036c3ce58f88,0e851811-8161-4ded-828f-1bb92262c5e3,1a6871ca-4c9c-41a0-a153-98abff494d21,2026-01-26T21:38:05+00:00
c052d468-94d9-4c3e-b9b0-9ff3af4339ee,0e851811-8161-4ded-828f-1bb92262c5e3,16a2805a-f042-40e2-a4f8-2002ffbe4cf8,2026-01-31T18:26:42+00:00
f7cf95ba-0b87-4b03-987d-a636bb725268,0e851811-8161-4ded-828f-1bb92262c5e3,d97c38cc-0971-42dd-869d-988ad7864fdb,2025-11-13T14:26:45+00:00
0c1fa80f-5484-43d1-851c-9f2438fa0863,0e851811-8161-4ded-828f-1bb92262c5e3,52d44442-4dbc-40af-bbe3-a97d1e165b33,2025-12-06T20:08:05+00:00
a956daf8-7bd9-418c-8fe2-fbc65c3cc265,0e851811-8161-4ded-828f-1bb92262c5e3,55fb0edf-b28e-4b2a-9d2b-2fa1f6dcbe3e,2026-02-22T23:56:58+00:00
0b2dc784-4c23-49f1-9ffc-e16d8b95786c,0e851811-8161-4ded-828f-1bb92262c5e3,d1069292-d635-44f8-8c01-1494891ae61f,2026-05-26T17:45:19+00:00
9ea4866c-009f-45fa-b8b3-565df03978b6,0e851811-8161-4ded-828f-1bb92262c5e3,fdf80e2a-8b01-4d79-a8c3-3ea29134c88c,2025-12-11T19:20:23+00:00
df49fea1-4446-4867-80ef-70a7ef24d5c4,0e851811-8161-4ded-828f-1bb92262c5e3,ffae7a2d-9aea-4536-8cf4-dd5a807a4405,2026-06-27T20:00:20+00:00
cd7be289-1276-414d-ac06-27602c614572,0e851811-8161-4ded-828f-1bb92262c5e3,40b381d1-9fae-4307-9737-cc332f541b94,2026-05-20T23:45:22+00:00
f2fc8fef-b656-4d4c-9a87-c99db473ff30,0e851811-8161-4ded-828f-1bb92262c5e3,87981edc-4a5a-415d-b51d-f9217163949a,2025-11-30T20:30:16+00:00
03d66a3e-bcd0-46f8-8d3b-3be1518c02b1,0e851811-8161-4ded-828f-1bb92262c5e3,ff6e8123-7427-47ad-b4a2-b32525006de0,2026-08-06T09:52:36+00:00
066d383e-2258-4a1a-9407-302aace3ef69,0e851811-8161-4ded-828f-1bb92262c5e3,60894dd1-d449-4366-a1f2-506c99644e4d,2025-12-08T09:32:22+00:00
4ef691b3-556f-47f3-af7f-2a3fa326f317,0e851811-8161-4ded-828f-1bb92262c5e3,e19797db-e29f-48c3-a7bc-6f3ee4494c8c,2025-10-29T04:25:49+00:00
bce80b9d-8255-4c8c-978c-a9b34044dee8,0e851811-8161-4ded-828f-1bb92262c5e3,128acef2-f235-4b4f-9ba9-12cf0271ac50,2025-11-09T18:03:35+00:00
f33bbce8-14e1-442c-888e-ce886265b2d7,0e851811-8161-4ded-828f-1bb92262c5e3,34441c15-0467-4b92-b3ab-8deb1054c830,2025-10-27T21:42:54+00:00
d32b7297-5d3e-4860-afbd-8de095976cdb,0e851811-8161-4ded-828f-1bb92262c5e3,577c7c58-b348-4b59-a994-19cbf0bd8b7f,2025-10-31T23:44:40+00:00
c7fb7ad6-f4e1-49e8-9b00-cd9ef42971e5,0e851811-8161-4ded-828f-1bb92262c5e3,dd5c4d9c-19c8-4f8b-89b7-e10c6aef4e21,2025-10-27T17:41:25+00:00
f8832bf8-cd58-4cff-be6b-d3130dcea140,0e851811-8161-4ded-828f-1bb92262c5e3,faaadadd-7fbb-4e89-9638-90d9dab4fd2e,2026-04-07T01:24:17+00:00
368705b8-c0b7-4e23-a8f9-354e68673d4a,0e851811-8161-4ded-828f-1bb92262c5e3,32a7fe23-fa7e-4905-9afd-b6639736963d,2025-12-23T11:42:41+00:00
20a053b0-07b4-4eec-92fb-1438ed66b538,0e851811-8161-4ded-828f-1bb92262c5e3,767703ae-4d74-4728-ae3f-a80c8b6ead76,2026-01-06T01:50:08+00:00
d91a42db-7a08-46fc-9387-63ec1f057250,0e851811-8161-4ded-828f-1bb92262c5e3,ded797b6-afed-4f9c-8ae0-35b3c61aa0e4,2026-01-09T10:19:40+00:00
0e84838c-337f-4040-8257-bcf1e7c93ee5,0e851811-8161-4ded-828f-1bb92262c5e3,c9ecc336-f916-428a-889e-dd3cd51b608e,2025-11-22T12:32:14+00:00
4f758acd-7c7a-4403-8816-3d1f5e279eee,0e851811-8161-4ded-828f-1bb92262c5e3,52c5c6a9-39b5-4951-9af7-b20a0970bd62,2025-10-28T12:55:57+00:00
3cfa1b9b-1112-4c98-9177-5726f9d1be49,0e851811-8161-4ded-828f-1bb92262c5e3,b371ce5e-bc61-471a-9390-abad4474dcdf,2026-01-30T09:24:37+00:00
f2fbbeff-3eeb-4234-8330-45bce10513ec,0e851811-8161-4ded-828f-1bb92262c5e3,6dae0af9-c881-473c-a919-489118789e0d,2025-11-22T15:54:30+00:00
be9f7e12-ee52-44ec-a880-4649b1b38506,0e851811-8161-4ded-828f-1bb92262c5e3,d4e30b6e-aa93-40ee-8750-e1f001abcea7,2026-01-08T10:03:17+00:00
d8bbaeda-7343-4768-b9d3-472ea923e857,0e851811-8161-4ded-828f-1bb92262c5e3,b9a3d8a8-1d58-4cf2-971d-224a10dd8600,2026-07-19T19:54:56+00:00
6fd8a8d0-5251-494a-80e3-c74b760b26ff,0e851811-8161-4ded-828f-1bb92262c5e3,42ddf256-149e-4757-b88b-4e24c8e6cb76,2025-11-08T23:43:40+00:00
c2c7e312-db84-4c29-a884-a83aa356d596,0e851811-8161-4ded-828f-1bb92262c5e3,7d339706-bfcc-4887-91f1-ec63d2d23823,2025-11-14T22:00:26+00:00
cc5943cb-661a-4f4e-a2d5-5c9651d8371f,0289e8f6-4e80-4b25-a291-e4fd5b1a1d96,a1d67684-0efd-46c3-a44d-06a1f1b59626,2026-01-02T05:36:03+00:00
d8a663e9-c87a-479e-b957-3792def4c5a5,0289e8f6-4e80-4b25-a291-e4fd5b1a1d96,c2566d73-7996-4de6-8297-ed01fb83a333,2026-05-14T09:55:30+00:00
837faa65-c128-4dd0-9b9a-0baa41ea18e7,0289e8f6-4e80-4b25-a291-e4fd5b1a1d96,1ce85b38-45d8-4fc2-a23d-d01ad37ee8fb,2026-02-16T04:35:38+00:00
8e6707df-f382-45bc-935c-8c11cc1b7d61,0289e8f6-4e80-4b25-a291-e4fd5b1a1d96,635cb86b-03c7-4fb4-884b-ced27f9691bb,2025-10-29T23:32:49+00:00
5e92409c-9258-4d02-8714-78e252ab2a51,0289e8f6-4e80-4b25-a291-e4fd5b1a1d96,60894dd1-d449-4366-a1f2-506c99644e4d,2026-04-01T06:29:42+00:00
118ca336-bb74-4e71-8a3d-276ad3cc6d8c,0289e8f6-4e80-4b25-a291-e4fd5b1a1d96,373c37e3-0e01-4319-81cb-158d1344da99,2025-11-07T09:16:51+00:00
d6c231ad-943d-4b11-a4e2-45b7c85cbb3a,0289e8f6-4e80-4b25-a291-e4fd5b1a1d96,3dc6ba51-e546-4e5c-8e8a-6d0bb4c42691,2025-11-01T06:21:41+00:00
845c3da5-6154-42ac-a1bb-e49c3b07d812,0289e8f6-4e80-4b25-a291-e4fd5b1a1d96,c90cc779-75f4-4f0d-8f0e-bf02ad0ba33c,2026-07-10T16:02:44+00:00
b7018541-d156-4e6a-ac68-bfd3ab8b5748,0289e8f6-4e80-4b25-a291-e4fd5b1a1d96,bc9cbd74-f51e-47e9-ba77-1f2c017e9cca,2025-10-29T21:18:13+00:00
321ca893-d390-472e-bfeb-6954e1e42a4a,98c85e03-56a2-48f7-938d-dd97d79a31b3,7524322e-1510-48cc-868b-8d59b328109b,2025-10-29T15:39:01+00:00
7a798d0b-2915-4172-9a40-35d659c2d1a1,98c85e03-56a2-48f7-938d-dd97d79a31b3,8c0f035c-ed24-4e92-9e38-7d7562011845,2025-10-29T17:52:44+00:00
f697fc30-ac11-4620-affc-56ed8d3257ee,98c85e03-56a2-48f7-938d-dd97d79a31b3,081ff1ec-6b6e-4345-b592-685440228bd4,2025-11-02T15:26:42+00:00
212a8391-11b3-43f0-99bd-434399f85291,98c85e03-56a2-48f7-938d-dd97d79a31b3,10052c3a-4cb2-4d00-a0bc-2b3ec6334ca5,2025-10-31T20:04:00+00:00
c18a7664-3b65-43a2-a5f6-c1af12101c37,865e0824-aeac-4fdf-b605-de44a124b4f3,10e5f889-8510-460a-b274-ff42a4b2a3e9,2026-04-02T14:24:27+00:00
2e648c32-b9d3-47d0-afcd-c081d836788b,865e0824-aeac-4fdf-b605-de44a124b4f3,27de1447-4949-4ba1-94da-511dcf33e97a,2026-01-11T09:24:04+00:00
e6331251-9bd1-47ba-b667-aff99d198b73,865e0824-aeac-4fdf-b605-de44a124b4f3,06a5945b-2a25-4bf1-b0d1-578601aaab81,2025-11-20T14:55:46+00:00
b3a7da86-0033-484c-a170-959cde50158c,865e0824-aeac-4fdf-b605-de44a124b4f3,caa94dc0-81be-4dfa-8bc4-fa28c1ea5e7e,2025-11-03T07:32:36+00:00
5add4faa-3cf1-4fa5-b919-23dc8043cea1,865e0824-aeac-4fdf-b605-de44a124b4f3,26d61dc5-0b03-4c16-8a64-7afeba92fecb,2025-10-30T11:33:24+00:00
5bc3ff4c-ed84-44ec-9ec3-1ecb64d3d910,865e0824-aeac-4fdf-b605-de44a124b4f3,e9b275eb-493c-4660-be51-71559bea8537,2026-06-21T03:08:44+00:00
e5ca2111-8733-42fd-8277-d65d3368178e,865e0824-aeac-4fdf-b605-de44a124b4f3,f31ed9a5-371d-40f1-abad-f2898658760d,2025-12-01T11:05:27+00:00
7e4a51ee-daa1-46be-9626-7c0e5f705b34,865e0824-aeac-4fdf-b605-de44a124b4f3,e6ac3080-e405-47c5-b78b-6c37ea355a02,2026-01-27T21:20:55+00:00
c21e4c43-997b-433d-9d05-d589363de120,865e0824-aeac-4fdf-b605-de44a124b4f3,633e35cc-49f2-45eb-961a-e210bcd9d073,2025-10-30T08:20:07+00:00
92323ad3-7546-4208-9b49-7c1dc87fc027,865e0824-aeac-4fdf-b605-de44a124b4f3,ff34dee7-a247-40d7-b920-a3d2e7a536c2,2025-12-29T05:34:53+00:00
d0ca9b29-42d6-4f10-ad2d-ac911b4cd60f,865e0824-aeac-4fdf-b605-de44a124b4f3,a9cdac52-fb98-4fca-a99d-9127b6f2d083,2026-07-04T04:21:43+00:00
56fff1f0-b66c-4475-936e-35852a028759,865e0824-aeac-4fdf-b605-de44a124b4f3,4c8ec64f-c0d0-4cfb-b064-d47de0ec57ba,2025-10-30T14:59:27+00:00
6bb60152-1653-4290-bce8-e95a30e3d1cb,865e0824-aeac-4fdf-b605-de44a124b4f3,a7bb38f2-8b26-4041-8547-b3cc5f01cfcb,2026-04-16T09:48:13+00:00
62c49272-57c6-4a5f-89c5-50a2f29106ad,c9c91507-9d34-461b-b082-20081547bbc6,6225ff1d-dff6-4eec-8a09-0b85b8e80e91,2026-05-09T07:48:01+00:00
311af442-9127-4131-91ec-2bf0b4b0d11e,5c306806-e927-4ee4-9146-60e4b412c080,469cafcd-e935-4706-a180-dbcf0d46cd05,2026-08-01T01:52:02+00:00
04c57cbd-73dc-4625-8593-396df527222a,5c306806-e927-4ee4-9146-60e4b412c080,659f0acc-033d-4e42-acb5-b569fa69a743,2025-11-02T14:29:30+00:00
4ea79a9e-71b8-4411-9989-7f40891e4c58,5c306806-e927-4ee4-9146-60e4b412c080,580cef17-440c-4dfe-9629-5e7dcbd52995,2026-06-12T23:03:08+00:00
bc6b2ab8-c04d-4f92-8f78-29cc28bc8596,5c306806-e927-4ee4-9146-60e4b412c080,01ad5d19-51ac-4277-bf22-13bac68b5a71,2026-02-08T07:07:55+00:00
a45274d2-3f06-4bff-b5d8-005273abe45e,5c306806-e927-4ee4-9146-60e4b412c080,b3a594ad-c0b2-4c4f-9c16-36e5268f731d,2026-03-19T13:49:24+00:00
0dd4039a-e23e-435d-98f6-427b5fa83fc5,5c306806-e927-4ee4-9146-60e4b412c080,6eaf2004-a475-4bbd-b327-ceb492d267a7,2026-05-06T17:45:51+00:00
0e4ad61f-0ca3-4083-8237-0c0db4534377,5c306806-e927-4ee4-9146-60e4b412c080,3b534511-491d-43ca-8db3-2f08eee9be65,2025-12-08T03:40:56+00:00
784d84dd-3fef-493d-a889-e768fafe5a73,5c306806-e927-4ee4-9146-60e4b412c080,8fe4e224-dcb0-4a9b-9949-0b5731f46fb2,2026-07-11T05:35:25+00:00
2dd060cf-7d18-4963-9759-e2a15cebc545,5c306806-e927-4ee4-9146-60e4b412c080,c2566d73-7996-4de6-8297-ed01fb83a333,2025-12-10T09:07:30+00:00
6de3a61f-d6d6-4676-aaa7-374be5cb4a6a,5c306806-e927-4ee4-9146-60e4b412c080,52d44442-4dbc-40af-bbe3-a97d1e165b33,2026-04-30T02:19:49+00:00
64b151b9-eb30-4f9e-9048-4a12fd072028,5c306806-e927-4ee4-9146-60e4b412c080,7cbcbdd2-c81d-4c88-84cd-0c1ee4dcf86a,2026-08-21T16:10:58+00:00
80b417a0-ae58-4a8e-85aa-b99e867a862b,5c306806-e927-4ee4-9146-60e4b412c080,5a9e45fe-4a1e-47ab-9fd9-93dbc98d81eb,2026-03-15T14:56:13+00:00
47547b22-c369-4c6d-a3d0-22d018b98b3c,5c306806-e927-4ee4-9146-60e4b412c080,a0e2974c-e309-4d0a-be48-f7744ff2a50d,2025-11-19T23:12:28+00:00
f90bedec-d496-4696-8b45-e5278c874b25,5c306806-e927-4ee4-9146-60e4b412c080,819e531a-e9e2-4d6e-92fc-0f0bf2f0f251,2025-12-16T07:09:07+00:00
ac0b3356-41c8-4469-bfd8-22e882a547dd,5c306806-e927-4ee4-9146-60e4b412c080,4f7d3f82-809f-4176-b3bb-245e659f22ab,2026-06-17T11:41:52+00:00
8ad370e8-8887-427f-9794-d035d3bea019,5c306806-e927-4ee4-9146-60e4b412c080,c0856bc5-aa1f-4d9b-908d-b8dac1c3d5ee,2026-07-12T20:12:27+00:00
981f03f3-793c-4d86-a784-378f08ce2018,5c306806-e927-4ee4-9146-60e4b412c080,95c27d41-572b-4b7a-b3cf-43833c5680e5,2026-07-16T08:16:27+00:00
0101c623-c66d-4fce-87f8-0a3dae23daf1,5c306806-e927-4ee4-9146-60e4b412c080,db4d2942-4cc1-45f1-87fc-07d96b772a6e,2026-01-07T01:44:45+00:00
833e3c93-7239-40b3-8ce5-a346db1f033e,5c306806-e927-4ee4-9146-60e4b412c080,6695a266-c3cd-43a7-a7fb-fcac77328615,2026-02-17T11:48:26+00:00
5163e070-accb-49e5-accb-6856b170c755,5c306806-e927-4ee4-9146-60e4b412c080,fae53a74-ccaf-4f10-973a-023ba3016dfe,2026-03-20T23:55:07+00:00
bf3f8ba4-2c2d-4024-a1f2-7ec3c0693251,5c306806-e927-4ee4-9146-60e4b412c080,009d0e9b-5151-494d-928f-546ec09aa2f3,2026-06-11T18:53:12+00:00
e2bb7277-bc70-44cb-85ba-b12a343b6e31,5c306806-e927-4ee4-9146-60e4b412c080,4880e488-a1c2-4958-ba10-b7c3297adba8,2025-12-12T01:36:33+00:00
e54c603b-6932-44b2-ac82-0a398408e9ec,5c306806-e927-4ee4-9146-60e4b412c080,b371ce5e-bc61-471a-9390-abad4474dcdf,2025-11-06T02:20:04+00:00
2da2ecf0-715c-4016-b833-2d009f5a779f,5c306806-e927-4ee4-9146-60e4b412c080,57d2ea34-ccda-48c1-82da-d0d973b20d87,2025-11-19T09:15:38+00:00
8ccc7f91-c8ea-4120-9fa3-7ea6b708ffb5,5c306806-e927-4ee4-9146-60e4b412c080,ffae7a2d-9aea-4536-8cf4-dd5a807a4405,2025-12-12T10:45:40+00:00
ef8737d0-0bbf-4852-9f14-49cc3928c2f3,5c306806-e927-4ee4-9146-60e4b412c080,19dfffd3-69fe-4589-9939-0de48e436817,2026-06-11T23:50:20+00:00
8c801dd5-2056-46fb-a3e8-1b5a771d5dae,5c306806-e927-4ee4-9146-60e4b412c080,c3e6de0b-ae0e-464a-aeef-51bebdd50073,2026-01-08T08:09:18+00:00
f5177a37-81b7-4cab-abd3-e7558e59304e,2d3c4087-97da-4cb6-aaed-43c66466d19a,7f332889-8032-467d-a20a-a0aadb0a6c98,2025-11-07T01:28:05+00:00
b2e1fd54-6423-4045-843e-59c54ecb035e,1068b045-570b-4834-8ae9-7897719fc002,27de1447-4949-4ba1-94da-511dcf33e97a,2025-11-09T03:08:14+00:00
14a744cd-d705-4f41-af4d-3c312f82e1b7,1068b045-570b-4834-8ae9-7897719fc002,72e6350e-b4bc-4a80-ac0b-013f84ebeab1,2025-11-10T22:37:59+00:00
59aba84b-559a-4efb-93aa-6b1bdba5fb97,1068b045-570b-4834-8ae9-7897719fc002,501e8ce4-ec88-49ee-8091-df9797903b55,2025-11-12T05:20:01+00:00
c424c490-f108-46c8-9898-67d158c2ba79,1068b045-570b-4834-8ae9-7897719fc002,b3a594ad-c0b2-4c4f-9c16-36e5268f731d,2025-11-11T16:50:30+00:00
3e6b9b13-045e-4f8e-8a6d-f6d2b0dec15a,5042aeda-ea80-4a40-a99d-038572cb3d72,d7b30ac7-a843-4c2c-b7d0-5dbca0c169c3,2025-11-13T18:04:43+00:00
b0a74861-9d70-4054-bcc1-c7688104e92d,5042aeda-ea80-4a40-a99d-038572cb3d72,c568b27d-f55c-43c4-b16c-2ded8343488b,2025-11-12T14:27:22+00:00
b2044412-8a0f-4123-aea5-9cce598555bb,5042aeda-ea80-4a40-a99d-038572cb3d72,73ba0cc9-b965-4bee-abba-983dac988737,2025-11-13T18:18:25+00:00
00562caa-54ac-4183-877d-bbdb49930640,5042aeda-ea80-4a40-a99d-038572cb3d72,31d9eacf-7f61-4435-b484-43965f1c29b6,2025-11-13T09:44:48+00:00
a72ba8b7-c8e3-466b-8bd3-e26e5362d84b,5042aeda-ea80-4a40-a99d-038572cb3d72,536e9f2a-3aad-4928-9766-ddb2f2ce04bb,2025-11-12T08:47:00+00:00
a7e40ace-d623-4b00-8725-3bbbbe52e89f,520ab43a-06ee-4250-9416-cc025332cbae,f7fc3247-4e08-45c5-bf07-1580aa80b186,2025-12-26T21:46:04+00:00
1ebbce9d-43f2-44ab-bef6-f05eb7d6ad6e,520ab43a-06ee-4250-9416-cc025332cbae,828a88f5-8cb3-48a8-9e07-3db32ed9a35d,2026-02-02T04:49:27+00:00
85005030-e746-40cc-8c85-bf74ec6a52b6,520ab43a-06ee-4250-9416-cc025332cbae,6a68ec56-67f5-493e-810d-eb44598b0e94,2026-05-08T05:10:45+00:00
d050ee81-2ce0-4cb3-902f-01c4a5bf7659,520ab43a-06ee-4250-9416-cc025332cbae,76948275-fc48-4c3e-b731-4436f90cd800,2026-02-04T02:39:02+00:00
d4d695ba-5e86-4d77-b7dc-e77345000c42,520ab43a-06ee-4250-9416-cc025332cbae,e818f248-82e9-43bc-9ab7-27d5be02776b,2025-11-22T03:00:24+00:00
7e75cf57-29a4-4164-a75c-edceb4c1dc46,b7097b6b-3f40-4c4e-831b-bdf5bdf626a3,2fdab17b-b531-49bd-b7bf-e2eccda6e5eb,2026-07-06T09:26:26+00:00
13b2ac61-2963-417c-8d0f-63b45599cca5,b7097b6b-3f40-4c4e-831b-bdf5bdf626a3,d97c38cc-0971-42dd-869d-988ad7864fdb,2025-12-23T21:49:56+00:00
895e2b8c-db92-4a5c-a6f1-abee72f89988,b7097b6b-3f40-4c4e-831b-bdf5bdf626a3,67720afd-c98f-4042-88f8-4ee42ce6223e,2026-04-05T16:18:39+00:00
68bdb507-31ea-44ce-976d-245bfa3f2b90,b7097b6b-3f40-4c4e-831b-bdf5bdf626a3,e19797db-e29f-48c3-a7bc-6f3ee4494c8c,2026-01-19T06:18:50+00:00
c1b49a13-2b5f-4906-b391-af5115830597,b7097b6b-3f40-4c4e-831b-bdf5bdf626a3,c76f1c0b-bf00-4af7-84b8-6ec1e8252901,2026-08-20T19:01:41+00:00
59c05ed7-97af-468f-8edc-cd25c821df18,b7097b6b-3f40-4c4e-831b-bdf5bdf626a3,64d51d94-4f34-4e31-980e-5bf1b969932e,2026-03-28T13:09:08+00:00
0f940580-4266-47b1-ba36-20b8a89e0992,b7097b6b-3f40-4c4e-831b-bdf5bdf626a3,39da3268-4fe9-44d6-b716-29c848231132,2025-12-19T04:17:29+00:00
82f4c926-37a9-41c8-986a-47c10b9b532b,b7097b6b-3f40-4c4e-831b-bdf5bdf626a3,6aacb066-212b-444d-b253-5871c426b9d0,2026-04-09T14:35:28+00:00
d0ecb829-1e3f-4f6e-8c14-a5c1410938f0,b7097b6b-3f40-4c4e-831b-bdf5bdf626a3,1c53189a-7903-4dcb-97d6-29489110198e,2025-11-21T17:35:14+00:00
e24d92de-9fcc-48e1-8885-5bc3d3230181,b7097b6b-3f40-4c4e-831b-bdf5bdf626a3,dd5c4d9c-19c8-4f8b-89b7-e10c6aef4e21,2026-05-18T03:52:00+00:00
a9c7a589-1692-4302-a9eb-f9bdbcc2f8c1,b7097b6b-3f40-4c4e-831b-bdf5bdf626a3,8c8fe70d-f210-4c11-976f-5eead540b18e,2026-04-29T06:11:33+00:00
3cce1b25-ce5d-4bbe-918e-afa4f4ab42bc,b7097b6b-3f40-4c4e-831b-bdf5bdf626a3,f965e2e1-14e1-441b-bd2e-db6def83457a,2026-01-06T19:57:25+00:00
a1b89cc0-7b99-462b-90c1-1b0531572b98,b7097b6b-3f40-4c4e-831b-bdf5bdf626a3,e554a849-75b4-42ad-ab34-0b8fc1a7f349,2026-03-04T21:39:16+00:00
24ff3760-f75b-4309-bff0-a31d0f1614bf,b7097b6b-3f40-4c4e-831b-bdf5bdf626a3,427e62af-c795-4132-8cf3-9c85f803508a,2026-02-11T07:06:43+00:00
39fb6b56-6529-4015-a5ff-77873d2f2b11,b7097b6b-3f40-4c4e-831b-bdf5bdf626a3,a9ed43c7-b716-4055-97db-efe07e46285d,2026-04-25T22:20:07+00:00
f1c0cc2c-9144-4c53-9f9f-77280f85286d,961dc8c2-f50a-4473-8a6a-a77ec044138d,3c93bac9-6c00-45ff-868a-2fca9fd92411,2025-11-17T13:55:54+00:00
1d3eb4c4-b740-46c4-938b-df87673d4975,9bb4bd09-019b-446b-aa51-6e253f4b3ce4,ea8951c3-9063-4555-961a-8fcb0cc9fd92,2025-11-28T14:03:30+00:00
9cc5a5ae-b848-4985-b31e-dd4026104ab1,8ad16a71-a949-4754-8ede-c98e0cf8f4db,658d561c-1651-4aa7-9c5f-4cc6fe4afb70,2026-08-27T04:46:26+00:00
d20f1f3f-6230-4f0c-802e-1890c1143510,8ad16a71-a949-4754-8ede-c98e0cf8f4db,7d339706-bfcc-4887-91f1-ec63d2d23823,2026-08-23T13:21:43+00:00
c1fcfed5-0038-4428-82c6-97921ba3709b,8ad16a71-a949-4754-8ede-c98e0cf8f4db,efa792df-2f07-4094-99f4-a23935cca18b,2025-11-21T14:55:53+00:00
36d30443-51ab-4054-ac2d-804590027d67,8ad16a71-a949-4754-8ede-c98e0cf8f4db,bdd3bd04-7e4b-4d82-816f-dceb5fae55ea,2025-12-18T17:20:10+00:00
2ae499ec-b838-4c31-b739-4227027c441d,8ad16a71-a949-4754-8ede-c98e0cf8f4db,f87b345a-0777-46fc-865a-b76dacc1e90a,2025-12-29T17:09:04+00:00
0f052600-ec09-4f29-991b-251a6ef4ca5a,8ad16a71-a949-4754-8ede-c98e0cf8f4db,73ba0cc9-b965-4bee-abba-983dac988737,2025-12-28T15:14:07+00:00
bef6c06d-5c15-4d41-b3c2-c8cc8775d04a,8ad16a71-a949-4754-8ede-c98e0cf8f4db,d413b920-fd1b-4aab-b816-7b0b8dd7ec37,2026-06-29T13:36:12+00:00
2bb779da-59ca-4fb1-b378-5976fda955f3,a16de68e-4b9f-4666-8791-5dbea4a332cd,8b2968bf-8ea1-47c7-9c02-7ef1cd908f61,2026-05-15T23:07:00+00:00
7b071b5f-73b9-49f3-9dcf-ddfe892c22fe,a16de68e-4b9f-4666-8791-5dbea4a332cd,7357e086-3d97-4c00-bd2a-662d18d0abec,2026-07-01T06:55:02+00:00
add76ce4-94bc-4d5e-8c81-07cde960d192,30391140-3826-4ae9-9108-06b0eebedab0,c6fd42f0-6060-47cf-a8e8-e24dcaee7d26,2026-05-06T12:57:56+00:00
5827b8ba-117c-4e16-9ac4-0616ef4d6130,30391140-3826-4ae9-9108-06b0eebedab0,74375a59-e8c7-406f-8580-d46c74187dc9,2026-07-04T23:22:57+00:00
e41e71bd-edc3-4364-8852-c8bb89e90d00,30391140-3826-4ae9-9108-06b0eebedab0,f5dc0e8d-4cfb-42ba-851d-c4ab150a805f,2026-02-25T01:06:19+00:00
44db8360-2e94-4603-a2e7-26d276065555,30391140-3826-4ae9-9108-06b0eebedab0,cf7bc542-a4a8-4473-9640-41c0acb7aea5,2026-04-30T17:43:34+00:00
9ea2f5de-968b-4fcd-8ba8-988bc336a826,30391140-3826-4ae9-9108-06b0eebedab0,196c8a45-2038-46e5-8065-a0792d9b87af,2026-02-13T07:53:22+00:00
5172b903-75bd-4ce3-abea-f9e8f7f82679,48bce1f8-8441-47e0-bc97-fe3592d3e20f,30af9bdd-a273-4b60-bac7-ca71cf3d5ef9,2026-05-20T19:55:06+00:00
fa5f2891-51ab-424c-9fa2-113e827a0013,48bce1f8-8441-47e0-bc97-fe3592d3e20f,6dfbbf9b-099b-425f-a0b4-4d13ee683924,2026-07-04T11:27:55+00:00
a947b81a-b8ef-46be-8d14-1b1763b893a2,48bce1f8-8441-47e0-bc97-fe3592d3e20f,5b98a245-2472-4236-8b6a-d34d8a01ce2d,2026-07-05T13:19:37+00:00
d2e51959-fe45-4cbe-8d1b-38ebd7b26757,48bce1f8-8441-47e0-bc97-fe3592d3e20f,ef612f5a-faa9-4654-9788-291f8ab7522f,2026-06-21T11:23:31+00:00
0142f501-f75b-42d7-9db5-67f6e72e68d4,48bce1f8-8441-47e0-bc97-fe3592d3e20f,b3756f66-bc0a-4be7-b18e-d5a43ae2cb20,2025-12-16T05:02:42+00:00
d6b25b55-987c-4e3a-ad31-14401430a887,48bce1f8-8441-47e0-bc97-fe3592d3e20f,1738f94b-1c67-4612-9cd8-819ca50c35e3,2026-05-09T12:10:00+00:00
4bd6a51a-ed13-49b2-a36f-012734f940d8,48bce1f8-8441-47e0-bc97-fe3592d3e20f,caa94dc0-81be-4dfa-8bc4-fa28c1ea5e7e,2026-06-27T20:49:52+00:00
4a7fee43-e8df-4056-9b3e-4eafb5abb2e7,9e8619c6-d117-4390-b0f5-992a5c789a12,6236d33d-7b57-486d-81e8-a247d50fa2a4,2026-07-23T18:18:27+00:00
d65733d5-c87c-4d6b-a4a8-7edfc4f8df6c,9e8619c6-d117-4390-b0f5-992a5c789a12,6fadda54-a15d-4010-be7a-2f23d4461cf9,2025-11-23T17:07:52+00:00
2caeb873-9fba-43cd-abe1-f9ce9fcea549,9e8619c6-d117-4390-b0f5-992a5c789a12,53a84c41-db22-49bf-98bd-d408fffdabc3,2026-06-21T04:50:24+00:00
ff157bde-de09-4409-9a6b-9e2a42f6c807,9e8619c6-d117-4390-b0f5-992a5c789a12,f1c36ffc-5fa2-4aa1-a227-7f0aafef70d4,2026-04-07T04:35:26+00:00
380a909e-6560-4111-bc53-e094da9688b6,9e8619c6-d117-4390-b0f5-992a5c789a12,3b91383c-8499-476e-b401-af488cd4b13f,2026-05-14T06:46:03+00:00
547d8f74-e07c-4133-946f-c835f3c7a7a5,f72a29a5-c199-4672-b8b5-98751d990623,3b534511-491d-43ca-8db3-2f08eee9be65,2026-06-12T01:44:32+00:00
755fddbc-c21e-4ec3-bd47-124f201d9c52,f72a29a5-c199-4672-b8b5-98751d990623,d04a9725-4a5b-49d3-971a-6c7bbb1d7355,2025-12-19T06:56:37+00:00
e3ddc0f6-cc41-4310-afd1-e0c5fcd248f2,f72a29a5-c199-4672-b8b5-98751d990623,d34b2b4a-bc0b-4ffd-83db-00f5cc6c937f,2026-07-04T04:24:24+00:00
462b7190-b7c5-44c5-83e2-a47f20063ca2,f72a29a5-c199-4672-b8b5-98751d990623,31d9eacf-7f61-4435-b484-43965f1c29b6,2025-12-28T17:33:58+00:00
8178b18b-a662-4ab7-82d8-2e4c0c09dc43,f72a29a5-c199-4672-b8b5-98751d990623,74d3f6c0-8cd8-42de-be07-4e633a9879a2,2025-12-19T17:18:00+00:00
e9e311ed-a860-4f62-9220-ca963592d365,f72a29a5-c199-4672-b8b5-98751d990623,d70b90fa-8a9d-408e-b442-7d148a6095e5,2025-12-10T05:12:08+00:00
54c42fd4-0ae3-4628-826d-e56ab26a463d,f72a29a5-c199-4672-b8b5-98751d990623,917bdd4a-0545-41ea-8bbb-c3ec512a6c48,2025-12-01T22:57:46+00:00
e96f7819-fd90-4f16-b5c4-99876754527f,f72a29a5-c199-4672-b8b5-98751d990623,299a8f80-c512-4987-80d2-c15927f4e916,2025-12-31T21:36:49+00:00
f5701c8a-6a0f-4bdf-b42c-6266421b021e,5d6d6b91-0bfa-4bc4-bf1b-91c1b091db5f,cdcd2f90-549e-4f8a-a600-5ffc9f8c2d74,2025-11-29T07:16:35+00:00
38a6f04a-a70e-42d1-81dc-c8cf0e35d953,5d6d6b91-0bfa-4bc4-bf1b-91c1b091db5f,f3f35b1f-6722-4fb3-9c50-39c6796b2515,2025-12-02T14:53:39+00:00
99026eb3-3df1-44f3-a7be-7f36e62196cd,5d6d6b91-0bfa-4bc4-bf1b-91c1b091db5f,7a537b60-7891-4d8a-9a2d-3dc4f49961e2,2025-11-25T23:00:34+00:00
36514530-8b88-412d-9e4f-0e189913766b,5d6d6b91-0bfa-4bc4-bf1b-91c1b091db5f,e5d66484-0921-411a-aecc-60e791695a29,2025-11-23T13:51:57+00:00
3ae82c77-6739-4e42-a8d2-1569b6951d46,5d6d6b91-0bfa-4bc4-bf1b-91c1b091db5f,4fb579ea-1574-44fa-af02-83f6cb410836,2025-12-02T09:39:36+00:00
b4919764-6846-4183-a6d0-eb8f79ad2d4a,5d6d6b91-0bfa-4bc4-bf1b-91c1b091db5f,b87fa7ae-7016-46ff-bf10-b0be3cd2d358,2025-11-23T10:33:57+00:00
d8f36af9-5eaf-4fd8-bd56-a962f043451e,5d6d6b91-0bfa-4bc4-bf1b-91c1b091db5f,ba4e0520-1425-44b4-ba42-764ccd9799f7,2025-11-25T23:56:31+00:00
40ae4e76-6d71-4904-b52e-45b4c0e646c2,4593ce8c-775b-4000-947f-1217c4327dbc,dd6a0ad5-cbc7-4d17-8a8a-229cea78e52b,2025-11-26T23:12:53+00:00
919ccda6-1aea-46bc-a609-6b84e93d58a3,4593ce8c-775b-4000-947f-1217c4327dbc,780c8367-fbe3-4f3e-bb65-e449f49742c2,2025-12-07T22:29:32+00:00
cea4b451-a88a-48b4-9ad4-3dea411b3aca,4593ce8c-775b-4000-947f-1217c4327dbc,20be0228-dff5-4a8a-9078-9f3e013731d6,2026-03-29T14:34:47+00:00
aff4e2bc-fdf3-4eb1-bb91-f246c0a1793b,4593ce8c-775b-4000-947f-1217c4327dbc,7cbcbdd2-c81d-4c88-84cd-0c1ee4dcf86a,2026-01-20T10:33:33+00:00
597c55f6-2ff6-4197-8886-850e8249b27c,4593ce8c-775b-4000-947f-1217c4327dbc,b2fa8b95-5aab-4854-a682-06ac4d3c3500,2026-05-30T18:42:12+00:00
52bcb6eb-6789-4da1-948a-0167e7ffd611,246b860b-b1e6-4103-97c3-89043655e3df,37b056fd-db76-44e8-887c-28d49a739c21,2026-03-04T21:58:11+00:00
251b1726-1b58-48c6-a683-bd9091e69405,246b860b-b1e6-4103-97c3-89043655e3df,c88efa62-e4cc-4ce2-825d-a2d3bda7324f,2026-09-02T03:35:22+00:00
8e726a5f-745a-4700-aec1-d3fb1b277cf9,246b860b-b1e6-4103-97c3-89043655e3df,75fb3cc3-3a13-475e-9146-fa6c2c28ad75,2026-05-14T17:36:54+00:00
d7477743-66f2-427b-bc81-5e1353872d75,ae0670a8-9051-4588-9287-b4731e404087,481984d9-8844-4ba6-aecf-3d3fd3c177fd,2025-11-28T03:44:46+00:00
4ebd462e-e869-42b5-9162-8fb5b22058f4,ae0670a8-9051-4588-9287-b4731e404087,8a838e5c-8a35-419f-8644-90ed955ef714,2026-05-08T12:34:46+00:00
be2e973e-2022-4e50-9834-191c4a25f7c5,ae0670a8-9051-4588-9287-b4731e404087,6dae0af9-c881-473c-a919-489118789e0d,2026-01-26T19:35:56+00:00
052cf422-b64d-49ec-8a5d-a427c654b95b,ae0670a8-9051-4588-9287-b4731e404087,1e35bc63-b9b9-4dc0-bbca-ba32d6a1676f,2026-04-17T10:56:43+00:00
60c169a6-b3ae-4501-8215-89d0dde6afe9,893a6b93-4956-4653-802d-94d2cdd65dec,a80b24ca-19f4-4796-9a5e-683f4e8f7b14,2026-01-24T00:03:15+00:00
a68f65c9-0156-4fde-97f0-2578e85d7133,893a6b93-4956-4653-802d-94d2cdd65dec,9a74e82b-9309-4739-ab1b-2657a686ca16,2025-12-15T04:30:58+00:00
4a1799b1-6f0c-4950-82cf-14aa55bf87bd,893a6b93-4956-4653-802d-94d2cdd65dec,323fd007-baf9-422e-b5f8-b93742be059f,2026-06-16T06:58:52+00:00
648ff3de-9d37-4ea6-96b4-b97f6a594f22,893a6b93-4956-4653-802d-94d2cdd65dec,459c517f-ee6e-4dd8-8e73-1f546778d794,2025-12-11T07:58:03+00:00
6efea73a-0383-4129-9e71-b45f2d4f7dfa,893a6b93-4956-4653-802d-94d2cdd65dec,50ea7e0c-7da9-4f50-8495-8e484fcefdfd,2026-07-10T07:55:01+00:00
4b52933b-60b2-4692-8063-37c935c96ae1,893a6b93-4956-4653-802d-94d2cdd65dec,e8bd6718-0ee1-4de3-9813-716c81bea5a5,2025-12-23T19:27:47+00:00
fb09857b-d0fe-4e4f-97f0-35a51f3aa7b1,893a6b93-4956-4653-802d-94d2cdd65dec,ae55ec52-cef0-4a81-8e34-dbdc085d2573,2026-03-09T18:07:10+00:00
b36a3c4a-a4c0-4fba-9ea1-f267c79be84e,893a6b93-4956-4653-802d-94d2cdd65dec,e6ac3080-e405-47c5-b78b-6c37ea355a02,2026-05-30T00:17:17+00:00
723228aa-cbd8-49e5-9805-ed787d61c835,893a6b93-4956-4653-802d-94d2cdd65dec,51910d94-7df2-4595-be53-5b43cb379762,2025-12-01T16:55:26+00:00
289ce4b0-8818-40f6-8c05-4615467cdf98,893a6b93-4956-4653-802d-94d2cdd65dec,cc9edd65-11d8-48ba-8605-87b882d51e43,2026-01-09T03:15:03+00:00
c410f37d-aa05-435b-baca-e8eb928c9c3a,618e1f70-c598-4b00-bb7e-81bd6c08b65c,af587165-10af-4199-96d6-3bcb946bf36d,2026-06-03T01:03:16+00:00
8b6f0925-d22f-4205-97f9-ba4052532bf0,618e1f70-c598-4b00-bb7e-81bd6c08b65c,37390ee9-6f2d-4d2e-b299-70e58443cd04,2026-08-22T20:50:46+00:00
95abdace-2734-40f3-b97b-078779f7a62e,618e1f70-c598-4b00-bb7e-81bd6c08b65c,fae53a74-ccaf-4f10-973a-023ba3016dfe,2026-08-10T12:58:02+00:00
5cdb6dce-9704-40e7-be66-0de40265ba69,c49f8e32-12d4-4b19-8ea8-f9d67239b259,323fd007-baf9-422e-b5f8-b93742be059f,2025-12-03T14:27:24+00:00
9a6b4326-5428-4d20-9865-2e169edd65bd,5e0dfb58-8bc6-4f1e-a3fc-8b1c7842af9e,a1e4b04f-3354-4716-9914-0e447f91fb26,2025-12-26T17:53:44+00:00
99f430ec-742e-44d4-b6f8-0b4cc0d08e89,5e0dfb58-8bc6-4f1e-a3fc-8b1c7842af9e,725e8519-9d26-48e9-a0d7-b1d766f3587d,2026-02-01T23:09:22+00:00
2820f663-6cee-44ad-9034-a2780bd8e290,5e0dfb58-8bc6-4f1e-a3fc-8b1c7842af9e,60894dd1-d449-4366-a1f2-506c99644e4d,2025-12-15T12:07:46+00:00
67a41f5e-d37e-4293-81fe-480760820d10,5e0dfb58-8bc6-4f1e-a3fc-8b1c7842af9e,3aed15aa-f84b-4807-aa3d-ed685d555290,2026-06-02T11:22:41+00:00
8e65acec-8d0d-4ece-b6e2-e8bc15e664f6,5e0dfb58-8bc6-4f1e-a3fc-8b1c7842af9e,53cbc155-02f5-409e-90b8-e1d1b8a42be9,2025-12-01T16:24:36+00:00
c29aadb4-640a-4b2c-b842-316bf15a4369,5e0dfb58-8bc6-4f1e-a3fc-8b1c7842af9e,405b7524-8b1b-4475-ad96-825a01e94fc9,2026-02-22T23:41:25+00:00
57d747d4-8966-4466-a4a5-71858103aed8,5e0dfb58-8bc6-4f1e-a3fc-8b1c7842af9e,5c16ef18-8047-4cc4-806c-4ef9df6de907,2025-11-30T04:53:55+00:00
fa163293-edc7-4c36-8378-5b7bc7f6fa4d,5e0dfb58-8bc6-4f1e-a3fc-8b1c7842af9e,76bd97a4-07c7-41e0-bb56-e614d523bb85,2026-03-12T23:14:23+00:00
32d0caad-4a96-44a6-b9f5-e7154a0e0102,5e0dfb58-8bc6-4f1e-a3fc-8b1c7842af9e,b87fa7ae-7016-46ff-bf10-b0be3cd2d358,2026-06-16T10:50:27+00:00
4adeed95-cbfb-4b73-8fb7-0a7644e1d937,490081b6-2b1b-4ffd-933e-98f06caa1af6,99348a51-08e9-4760-8822-b2f8debef37f,2026-07-07T05:39:28+00:00
0ada52ce-faf9-4083-981a-8bc00cf89d96,490081b6-2b1b-4ffd-933e-98f06caa1af6,e5f76da6-068a-4b15-bb2c-649e314a26ed,2026-03-09T06:08:35+00:00
520273f1-58c7-41b0-845a-56e2db7ba6c9,490081b6-2b1b-4ffd-933e-98f06caa1af6,e577a84d-38e8-4685-91ae-611ca1c68aca,2026-01-18T13:02:24+00:00
09e417da-bb02-4994-a2bf-3bff8b87147f,490081b6-2b1b-4ffd-933e-98f06caa1af6,9d8932ce-a55d-459a-ba8a-180a929fbfac,2025-11-30T15:38:14+00:00
9aad232f-10e6-4cf5-ab31-7403341c5d9f,ba28d73e-1184-44b8-ad50-523c4d9a9cd9,5fe592da-0d87-421c-93e1-8e7df2988983,2026-02-02T09:53:29+00:00
383efc95-b414-4d3b-abf9-b3b1ea283b91,ba28d73e-1184-44b8-ad50-523c4d9a9cd9,ec6a23be-ddf8-411b-a001-feea58a50c51,2025-12-25T04:59:11+00:00
c2226e93-037c-4b6a-9955-d8901859cbb4,ba28d73e-1184-44b8-ad50-523c4d9a9cd9,323fd007-baf9-422e-b5f8-b93742be059f,2026-01-18T08:45:04+00:00
0de67e46-adb5-404d-9c9c-e1bdd6229f9e,ba28d73e-1184-44b8-ad50-523c4d9a9cd9,cdcd2f90-549e-4f8a-a600-5ffc9f8c2d74,2026-08-08T10:28:32+00:00
fa2a6926-a0ee-46c7-8c3d-b05046bcfdd9,ba28d73e-1184-44b8-ad50-523c4d9a9cd9,9ce8ad86-b5f1-4d08-a8d6-d8b25b7f8f86,2026-07-31T08:03:44+00:00
60068348-e20d-418f-a6b9-4e327f549a9d,ba28d73e-1184-44b8-ad50-523c4d9a9cd9,ff6e8123-7427-47ad-b4a2-b32525006de0,2026-03-21T08:01:05+00:00
e231d55b-50f3-4349-bbc2-8f10efe923bc,ba28d73e-1184-44b8-ad50-523c4d9a9cd9,cc9edd65-11d8-48ba-8605-87b882d51e43,2026-05-14T21:16:10+00:00
1506d298-7714-487f-946c-4bf5920ff7ec,ba28d73e-1184-44b8-ad50-523c4d9a9cd9,ffe376b0-b660-443d-9d11-cd993fa8abe4,2026-07-11T01:23:44+00:00
6a2fe2dd-d79b-417c-ba66-12237890e360,ba28d73e-1184-44b8-ad50-523c4d9a9cd9,8c8fe70d-f210-4c11-976f-5eead540b18e,2026-06-22T06:01:18+00:00
083b602d-2788-43ba-a51b-a10d7f5e3f9b,ba28d73e-1184-44b8-ad50-523c4d9a9cd9,fae53a74-ccaf-4f10-973a-023ba3016dfe,2026-01-29T13:08:04+00:00
699c63c8-6398-487b-9a2d-db1336167cc8,ba28d73e-1184-44b8-ad50-523c4d9a9cd9,8ca12932-1c6f-4ce8-b5ac-da66575fd911,2025-12-16T23:17:42+00:00
ebdeb8ff-d97e-4dd4-a861-d491e48ed138,6c69a24b-18a3-41a9-b81c-2a695dde7df3,82c26f80-0b16-4534-b361-35fddfa95816,2025-12-07T15:21:43+00:00
9aac5b1d-5504-4e8d-bfe2-80c4f52ba2d9,e5e8c713-95b9-4bef-802d-dcd14a9fa28f,16a2805a-f042-40e2-a4f8-2002ffbe4cf8,2026-02-22T15:44:40+00:00
b5a9d9ff-f032-4738-a9bc-e55ac4c829ff,e5e8c713-95b9-4bef-802d-dcd14a9fa28f,6695a266-c3cd-43a7-a7fb-fcac77328615,2026-01-11T23:15:27+00:00
e487f340-35ab-48b9-9b73-032da1b7cbd6,e5e8c713-95b9-4bef-802d-dcd14a9fa28f,bc9cbd74-f51e-47e9-ba77-1f2c017e9cca,2025-12-09T11:20:11+00:00
187a61c0-8a6c-4ef8-b6ea-14138f8e11cc,e5e8c713-95b9-4bef-802d-dcd14a9fa28f,39387e77-2cf5-4e83-a449-610606391894,2026-01-11T21:37:19+00:00
e18317fe-6e6b-423b-8961-b71642ff122f,e5e8c713-95b9-4bef-802d-dcd14a9fa28f,7926d7b2-835c-4a6f-bf2f-3e38d4db3419,2025-12-05T22:58:47+00:00
1a882288-9880-4f51-9580-56fe26aea919,e5e8c713-95b9-4bef-802d-dcd14a9fa28f,ff34dee7-a247-40d7-b920-a3d2e7a536c2,2025-12-21T06:04:20+00:00
c203b892-cee2-4dd5-bfb0-5b0774243b40,e5e8c713-95b9-4bef-802d-dcd14a9fa28f,ab56d43e-6b4a-43a3-9b6c-f3bae36c4bb6,2026-01-26T19:18:22+00:00
71ddfbee-bd13-4daf-8c06-545b34ec0c09,e5e8c713-95b9-4bef-802d-dcd14a9fa28f,006472ad-ef7c-49dc-a9a5-5be63552c118,2026-02-08T18:34:31+00:00
cb39a584-a71a-456e-94b7-12c8234b8cba,beb7628e-2deb-44ff-80e3-9fe4fb6cfbf6,443b392f-72a1-4279-ae51-a849f1fedfff,2025-12-08T16:25:28+00:00
8c3a9d64-3893-4513-93ba-e7e93fb244e8,beb7628e-2deb-44ff-80e3-9fe4fb6cfbf6,c075f716-f675-4694-b3ea-4a26b1bb740a,2026-03-14T15:05:23+00:00
8807afbf-c0da-4c11-8e76-675090209000,beb7628e-2deb-44ff-80e3-9fe4fb6cfbf6,f3f35b1f-6722-4fb3-9c50-39c6796b2515,2026-01-23T11:42:25+00:00
8f92fe43-0dbb-4056-a3ee-903d538514b4,beb7628e-2deb-44ff-80e3-9fe4fb6cfbf6,3ae23a73-75a2-49e9-b24e-8c3459016993,2026-05-02T07:33:23+00:00
28073150-022f-428c-b0a3-b0e990d514ac,beb7628e-2deb-44ff-80e3-9fe4fb6cfbf6,ae8523f3-49f1-45d4-ab29-0313676f12d0,2025-12-17T20:34:19+00:00
d02d623b-4041-4c95-91fa-332c124cfc34,beb7628e-2deb-44ff-80e3-9fe4fb6cfbf6,743aae1e-e024-4953-a3ae-1413333f514f,2026-01-12T05:24:22+00:00
ee7d70a9-8b18-4baa-a26a-1522796b520e,beb7628e-2deb-44ff-80e3-9fe4fb6cfbf6,33cd8209-3c57-4c7c-9796-06275679bd1a,2026-03-27T09:03:23+00:00
d7b0dd2a-eed6-4da9-8868-70a0595db6ff,71166c79-c7f8-4737-8a71-a8ecdf913199,ded797b6-afed-4f9c-8ae0-35b3c61aa0e4,2025-12-07T00:32:31+00:00
fb39bda0-6bd9-4ae1-a537-3420bd97a752,71166c79-c7f8-4737-8a71-a8ecdf913199,1e35bc63-b9b9-4dc0-bbca-ba32d6a1676f,2025-12-14T15:19:32+00:00
5e7278d5-6b63-4fd3-aa25-5c8c677341c3,acebf6ac-0293-485a-832d-0f8f0138786e,af587165-10af-4199-96d6-3bcb946bf36d,2026-05-24T13:51:22+00:00
08942eb3-b6ed-448f-87a3-b759b6ecb21e,acebf6ac-0293-485a-832d-0f8f0138786e,1537bb8f-8d18-4dae-bed2-636ec4ce9b62,2026-04-13T18:54:56+00:00
3ec1e5b0-b20d-4091-aacc-a00fb6e93b31,acebf6ac-0293-485a-832d-0f8f0138786e,484b4933-21fa-4a46-904b-33017ff3857f,2026-04-30T05:36:49+00:00
45085639-ab92-43e9-85b4-0dc2bd5068dc,acebf6ac-0293-485a-832d-0f8f0138786e,2b5aabb3-5cdf-46b4-8f6a-8a44166635e6,2026-05-10T01:26:42+00:00
3a8de76e-1b41-4434-b33a-ed8217f3cd96,acebf6ac-0293-485a-832d-0f8f0138786e,74375a59-e8c7-406f-8580-d46c74187dc9,2026-01-29T05:47:09+00:00
7aa0d046-6f10-40a8-9fe1-25581366f632,a0ae6a59-f096-4ac9-a03e-910b521269c4,57d2ea34-ccda-48c1-82da-d0d973b20d87,2026-02-15T04:33:16+00:00
f771db81-772d-4640-9033-7e6457f7015e,a0ae6a59-f096-4ac9-a03e-910b521269c4,dce19236-e6ac-4b25-8861-f9bf621963fd,2026-03-24T23:17:43+00:00
d02666b1-6cd1-4899-b752-64d28139cf5a,a0ae6a59-f096-4ac9-a03e-910b521269c4,7844c024-2ced-4ed0-9417-6303bff60ab5,2026-06-17T21:38:32+00:00
06ada799-7b89-4ab4-904e-2fdf0c0b7203,a0ae6a59-f096-4ac9-a03e-910b521269c4,febd8921-9308-4e28-acff-1ae8386589e3,2026-01-05T11:30:16+00:00
c0db3edc-20b0-4a95-93bf-e267a9f9c5d7,a0ae6a59-f096-4ac9-a03e-910b521269c4,0474d78b-b695-4c1a-967f-6fc9587ddc43,2026-03-12T08:50:36+00:00
e9418fc5-c433-4d72-9c51-8cdbc6ea0e65,a0ae6a59-f096-4ac9-a03e-910b521269c4,469cafcd-e935-4706-a180-dbcf0d46cd05,2025-12-28T04:29:44+00:00
5150f2d2-b447-48f8-b708-d08f0fcdcb9a,a0ae6a59-f096-4ac9-a03e-910b521269c4,fee6b0c5-a98d-4b4e-a30d-2cb91bee01ea,2026-01-29T00:35:15+00:00
123b2c60-2006-4b69-abd1-78615755ee86,a0ae6a59-f096-4ac9-a03e-910b521269c4,443b392f-72a1-4279-ae51-a849f1fedfff,2026-06-20T01:00:12+00:00
18591811-5370-45f5-b9a4-a7fbb3c99811,a0ae6a59-f096-4ac9-a03e-910b521269c4,8c8fe70d-f210-4c11-976f-5eead540b18e,2026-04-16T22:09:55+00:00
41fbccc2-0735-4a1f-9e8e-e57008900302,a0ae6a59-f096-4ac9-a03e-910b521269c4,9e2d608b-d89b-47b6-a9be-d7becb140d83,2026-01-19T13:45:48+00:00
94a439fd-1f97-4a8c-bc8f-c2d781bff2eb,a0ae6a59-f096-4ac9-a03e-910b521269c4,427e62af-c795-4132-8cf3-9c85f803508a,2026-06-27T03:09:11+00:00
2addf0c9-df73-419f-8b78-22040ff55d11,a0ae6a59-f096-4ac9-a03e-910b521269c4,1f5c9368-f634-4128-84d2-ef868162ba53,2025-12-22T10:56:15+00:00
2c7eb966-b485-429d-83c0-34e7b26b7b16,a0ae6a59-f096-4ac9-a03e-910b521269c4,f87b345a-0777-46fc-865a-b76dacc1e90a,2025-12-25T09:34:42+00:00
cf19e0b6-a685-4284-9c85-66f58ae70f90,a0ae6a59-f096-4ac9-a03e-910b521269c4,630fe4a8-7f3f-4f97-93c1-03feb895bbd5,2026-03-21T19:38:52+00:00
e9ac8708-9078-487a-b8f0-a0a62afe8706,1cbdb92d-617d-4bb7-8b51-0bc44020bd81,ef913d79-c307-422d-acd9-5e72bbadb9e9,2026-07-12T03:13:25+00:00
fe6027f8-df8e-4b3e-8c53-98be289a9d65,1cbdb92d-617d-4bb7-8b51-0bc44020bd81,8d1ad378-722c-4717-abf4-9283311d7566,2026-06-21T14:32:55+00:00
d5f65d62-6eb6-408e-a600-16d0f5f3bb9a,1cbdb92d-617d-4bb7-8b51-0bc44020bd81,4f7d3f82-809f-4176-b3bb-245e659f22ab,2026-03-03T12:05:34+00:00
bc0dfb69-2d4e-4d87-9ca7-82355de857e0,1cbdb92d-617d-4bb7-8b51-0bc44020bd81,e33923d4-ae33-4f20-93b4-4927825fa9f9,2025-12-16T03:42:39+00:00
eeec9344-4ab0-422e-91e3-9a13546d5154,1cbdb92d-617d-4bb7-8b51-0bc44020bd81,9683d7cb-c320-48ab-b91d-373a4a32cc44,2026-04-21T11:43:18+00:00
3256394e-f662-4dc2-96a4-8c596549e375,1cbdb92d-617d-4bb7-8b51-0bc44020bd81,5fe592da-0d87-421c-93e1-8e7df2988983,2026-08-30T20:39:40+00:00
f8f43440-71ca-4de7-82f3-aeb67b73b32d,1cbdb92d-617d-4bb7-8b51-0bc44020bd81,39da3268-4fe9-44d6-b716-29c848231132,2026-06-18T16:53:14+00:00
c6405650-9f71-44d5-86ed-82b19c344b6a,1cbdb92d-617d-4bb7-8b51-0bc44020bd81,2838c32c-7382-41b5-852b-5d048285eed7,2026-04-29T01:31:37+00:00
f66c530c-66e9-4e07-bdfc-6761924712d6,1cbdb92d-617d-4bb7-8b51-0bc44020bd81,ac90d181-ee36-49c7-a813-3467b90807dc,2025-12-10T09:54:47+00:00
87e95a02-313c-476a-96ab-3d49a4a12ceb,1cbdb92d-617d-4bb7-8b51-0bc44020bd81,a1e2e693-3bde-4f70-9281-01259889ee69,2025-12-31T00:41:49+00:00
ebbb6265-835c-45b2-8168-fdfdc40a26a2,1cbdb92d-617d-4bb7-8b51-0bc44020bd81,658d561c-1651-4aa7-9c5f-4cc6fe4afb70,2026-04-03T11:46:10+00:00
933f4be7-b397-4f09-badf-3ef08589d8ca,1cbdb92d-617d-4bb7-8b51-0bc44020bd81,da2d85dd-5c3d-4667-8788-6be2e47676a4,2025-12-12T04:57:06+00:00
c3e701b4-f890-4891-bcc7-d04e053c1fc2,c929c249-1a0f-4012-bdc8-3bdbd14ba944,2fdab17b-b531-49bd-b7bf-e2eccda6e5eb,2026-06-02T07:21:56+00:00
da5358aa-b7a0-4414-983f-bd0a1088645c,0e570b9b-06b9-4e1d-a746-82d63d785081,a1e4b04f-3354-4716-9914-0e447f91fb26,2025-12-11T16:59:51+00:00
b63d0463-fb92-4f61-925f-fa2b073df5d4,0e570b9b-06b9-4e1d-a746-82d63d785081,e67d37fe-aa3a-4812-8a3a-0cad3700d22f,2025-12-11T16:30:37+00:00
6a9dcc55-2688-4128-b128-cdb2faab7943,ebe11040-d9db-4c8f-84be-10b4759e2770,af42af94-15a3-4883-9130-24839fed9a09,2026-02-21T05:10:22+00:00
98e049fc-a375-4567-9d6e-c2e22a3852a6,ebe11040-d9db-4c8f-84be-10b4759e2770,9c6405d0-d0bc-4e75-8900-4a343d7eec34,2026-01-06T04:46:05+00:00
09ada93c-1cb1-4e8c-bca1-2d9e09077c3e,ebe11040-d9db-4c8f-84be-10b4759e2770,33cd8209-3c57-4c7c-9796-06275679bd1a,2025-12-11T02:55:10+00:00
49b9ee79-d898-4a74-b2b3-e600624f7ea0,ebe11040-d9db-4c8f-84be-10b4759e2770,1ce85b38-45d8-4fc2-a23d-d01ad37ee8fb,2026-06-13T19:37:16+00:00
b1b40c10-fd06-4634-a625-548b36d5b922,ebe11040-d9db-4c8f-84be-10b4759e2770,caf7efc4-3973-492b-abf8-2af2f0caa4ef,2026-03-12T18:23:53+00:00
192892ae-6325-4c66-9890-2dfab02bd765,f045f506-52d1-467c-97d2-6fcbd988c804,1dcda15d-0c1e-4892-80a8-bfb7f3596889,2025-12-15T03:08:28+00:00
8c069f33-2af8-4e10-bf22-a38bdcf90cfa,f045f506-52d1-467c-97d2-6fcbd988c804,febd8921-9308-4e28-acff-1ae8386589e3,2025-12-12T22:30:30+00:00
f76cd288-d26d-4af2-9bcf-5787736f89ad,f045f506-52d1-467c-97d2-6fcbd988c804,c568b27d-f55c-43c4-b16c-2ded8343488b,2025-12-13T17:32:35+00:00
65510ff8-1007-4264-b702-eb4dfe6da52e,1b3d320d-5cd5-4cb4-8f03-b15e0039d5e5,4c01c5e4-a2a2-4327-b389-b04521c5072d,2026-04-10T03:26:13+00:00
86199d5c-251a-4745-a208-004877a058ff,1b3d320d-5cd5-4cb4-8f03-b15e0039d5e5,443b392f-72a1-4279-ae51-a849f1fedfff,2026-01-30T14:35:21+00:00
af8d71a9-3055-454f-84ed-0b475f1fcc2f,1b3d320d-5cd5-4cb4-8f03-b15e0039d5e5,1f5c9368-f634-4128-84d2-ef868162ba53,2026-02-09T07:33:37+00:00
09ce4d02-b089-4f14-9aa2-cb58f326d71f,1b3d320d-5cd5-4cb4-8f03-b15e0039d5e5,e7f25965-2024-4c9f-a575-caa1e7bc13df,2026-04-01T07:48:17+00:00
d6b05f5c-5133-48d0-b6fc-23288e5b7989,1b3d320d-5cd5-4cb4-8f03-b15e0039d5e5,fdf80e2a-8b01-4d79-a8c3-3ea29134c88c,2026-07-15T09:47:21+00:00
7d32503b-32c6-461f-a7cf-08aa2f6bdd22,1b3d320d-5cd5-4cb4-8f03-b15e0039d5e5,a9ed43c7-b716-4055-97db-efe07e46285d,2026-06-05T08:24:55+00:00
f497e888-fbe7-40de-bd6f-7d399fc82490,1b3d320d-5cd5-4cb4-8f03-b15e0039d5e5,efa792df-2f07-4094-99f4-a23935cca18b,2026-03-20T15:32:37+00:00
240b453e-86c0-43b0-b835-bcf5e7cc5280,1b3d320d-5cd5-4cb4-8f03-b15e0039d5e5,ffae7a2d-9aea-4536-8cf4-dd5a807a4405,2026-05-13T17:22:04+00:00
64b5e2ad-f176-48fe-afdd-91926f133cef,1b3d320d-5cd5-4cb4-8f03-b15e0039d5e5,810094ee-d2d1-4263-b5b9-7363f515bf05,2026-06-24T10:28:08+00:00
a0acd591-4433-4688-b924-4ccd050c146c,1b3d320d-5cd5-4cb4-8f03-b15e0039d5e5,75f5c0c5-ff4b-4a5e-9cdb-236c8398b4e4,2025-12-15T16:53:26+00:00
977ae7e6-713d-4524-991c-34b226ae26b9,1b3d320d-5cd5-4cb4-8f03-b15e0039d5e5,dfb7e95f-260e-477a-a24a-a98cf163a43a,2026-01-18T16:16:01+00:00
34b93181-b33d-4d00-b134-f8c4d4582233,1b3d320d-5cd5-4cb4-8f03-b15e0039d5e5,a14d5a0d-9ddc-4170-a239-6044cb65462e,2026-02-12T10:24:03+00:00
4adf4883-dc9a-4ff6-87c9-9eb53671b242,1b3d320d-5cd5-4cb4-8f03-b15e0039d5e5,ded797b6-afed-4f9c-8ae0-35b3c61aa0e4,2026-08-05T02:24:01+00:00
dc7f85a5-e3cf-4717-b37a-2e4cccb0d99d,1b3d320d-5cd5-4cb4-8f03-b15e0039d5e5,ef612f5a-faa9-4654-9788-291f8ab7522f,2025-12-18T05:47:13+00:00
69f40ad3-a04f-4b2c-b33a-05c378ca588d,1b3d320d-5cd5-4cb4-8f03-b15e0039d5e5,74d3f6c0-8cd8-42de-be07-4e633a9879a2,2025-12-29T22:52:52+00:00
b4ebdff3-da25-4944-8666-eddc6ba16bfb,1b3d320d-5cd5-4cb4-8f03-b15e0039d5e5,a0bc3b16-7612-417e-acb2-ce0de205d14a,2026-05-10T17:34:13+00:00
b54d7cd4-a8d7-4e53-9528-1611972156d9,1b3d320d-5cd5-4cb4-8f03-b15e0039d5e5,10c9cdcb-4a1c-4f44-9e34-61195bfc8e59,2026-02-06T07:39:10+00:00
2e15304b-1eba-49dd-af59-03f33f90db0d,1b3d320d-5cd5-4cb4-8f03-b15e0039d5e5,4880e488-a1c2-4958-ba10-b7c3297adba8,2026-02-25T16:37:33+00:00
62d87b71-ea4d-49eb-a8a5-d8d5ce3c2fae,1b3d320d-5cd5-4cb4-8f03-b15e0039d5e5,d103d768-2880-46ed-b2c3-6b7b04ebc1d8,2026-03-28T17:55:48+00:00
f28d2a85-14f9-4701-97c1-f39f71088df5,1b3d320d-5cd5-4cb4-8f03-b15e0039d5e5,7a537b60-7891-4d8a-9a2d-3dc4f49961e2,2026-07-07T05:11:28+00:00
65e58139-84d3-4297-baf4-3a0649aebc7e,1b3d320d-5cd5-4cb4-8f03-b15e0039d5e5,a1f3b9bd-77ee-4e74-b526-4ee00f40666f,2026-02-13T18:50:21+00:00
549ed934-9d8f-4dfd-afb8-102936a0ba70,1b3d320d-5cd5-4cb4-8f03-b15e0039d5e5,345afc84-e133-4249-9c52-f900042bc4f9,2025-12-17T02:47:05+00:00
3d80a02c-8032-4ba3-a0d4-b1674669f2bf,1b3d320d-5cd5-4cb4-8f03-b15e0039d5e5,a1d67684-0efd-46c3-a44d-06a1f1b59626,2026-01-09T14:00:00+00:00
76d800ad-e450-4579-8aa2-3d2ef2964737,1b3d320d-5cd5-4cb4-8f03-b15e0039d5e5,4df1de8f-107b-424b-b224-0ed52a3b292f,2026-02-13T04:16:07+00:00
cae07c53-ee77-480c-954d-aff1e93df3f2,ac0d302b-fdba-4b9a-a025-0d033e5c8dfd,5c27de08-e263-49f8-b85c-5d1bfb70223d,2025-12-16T18:42:57+00:00
082eb191-ea43-4c53-909a-b4af44e4a2fe,ac0d302b-fdba-4b9a-a025-0d033e5c8dfd,c9ecc336-f916-428a-889e-dd3cd51b608e,2025-12-16T03:18:45+00:00
f62cffcc-c4d8-49b5-8974-db8adb406561,1f89ae54-f82d-408c-8cb0-e48b1709cd12,1d5d0e99-092b-4d98-baab-26f3c7b32aeb,2026-01-15T04:29:48+00:00
3f1ad4f2-6ba6-45e6-8fe2-d6535064ae04,1f89ae54-f82d-408c-8cb0-e48b1709cd12,eebbf0ad-7bc9-40f9-a39b-9952f8048f24,2026-05-09T11:49:38+00:00
3da7b269-a69b-4bd4-8fbf-15b9fd0d7204,1f89ae54-f82d-408c-8cb0-e48b1709cd12,ff6e8123-7427-47ad-b4a2-b32525006de0,2026-04-19T19:46:18+00:00
3b5f3ca2-6b1c-49de-8e23-b7aab5a783d6,1f89ae54-f82d-408c-8cb0-e48b1709cd12,323eb581-df66-495e-b4c3-b8d51316dccb,2026-01-31T21:49:50+00:00
1f1e7e71-553f-4626-883a-92b680985548,1f89ae54-f82d-408c-8cb0-e48b1709cd12,819e531a-e9e2-4d6e-92fc-0f0bf2f0f251,2026-06-09T21:27:28+00:00
0b6eeb90-1d2e-4fd4-a22e-0a61a0b42c37,bd66e4f8-76f3-46bb-9905-ad85a9e12181,006cf2a0-aba4-468e-933a-b50f8c76a23f,2026-03-01T10:39:20+00:00
1cddfe26-e70c-473f-a55c-7d082623caf7,bd66e4f8-76f3-46bb-9905-ad85a9e12181,b2ebd1c7-416b-4645-a522-88f29c4fd3fa,2025-12-18T08:58:27+00:00
6a5b7284-cd80-48a5-a5e9-fb5233583a70,bd66e4f8-76f3-46bb-9905-ad85a9e12181,e81d0345-b7a4-4bc0-82b3-de121ed5ff87,2026-06-15T21:56:22+00:00
6c453616-4bfa-4626-b0fe-577a2595c2c2,55c2a01a-7c36-4ae9-ace1-7390b914e4e5,767703ae-4d74-4728-ae3f-a80c8b6ead76,2025-12-20T06:44:08+00:00
bd35177d-3c9b-4a86-a72e-a231368025aa,773d5fca-acc4-4e2f-bdca-a05c6f6f2c82,df691f30-136a-487c-b5bc-1071c74717ae,2026-02-04T04:12:11+00:00
62692331-6405-4cc8-8d09-e356ce6f7060,773d5fca-acc4-4e2f-bdca-a05c6f6f2c82,0474d78b-b695-4c1a-967f-6fc9587ddc43,2026-02-11T05:38:18+00:00
c366fc70-f887-4e08-88c8-2e12da5f923e,773d5fca-acc4-4e2f-bdca-a05c6f6f2c82,4bcfb395-99a4-40b8-a38e-0576e4ded0dd,2026-03-14T05:55:27+00:00
06fbba58-9c94-42b2-b835-3fc32219f2c8,773d5fca-acc4-4e2f-bdca-a05c6f6f2c82,b371ce5e-bc61-471a-9390-abad4474dcdf,2026-08-12T17:26:24+00:00
b5bf5f14-197d-4894-9392-7eb7e4ab010d,773d5fca-acc4-4e2f-bdca-a05c6f6f2c82,189077b3-db48-4236-959d-98880fad6d57,2026-01-19T22:32:10+00:00
703e7ce2-00e3-4502-a294-450934965278,773d5fca-acc4-4e2f-bdca-a05c6f6f2c82,dfb6fc17-bcca-45fa-ab0c-9e38e7ddcca9,2026-03-21T00:17:32+00:00
9260163e-0fc5-404f-b711-feea4d1df135,773d5fca-acc4-4e2f-bdca-a05c6f6f2c82,faaadadd-7fbb-4e89-9638-90d9dab4fd2e,2026-01-24T02:51:36+00:00
5455bf87-40bf-48b3-a2de-69a2ef8bec63,773d5fca-acc4-4e2f-bdca-a05c6f6f2c82,7357e086-3d97-4c00-bd2a-662d18d0abec,2025-12-21T01:17:44+00:00
58cfec46-3176-40fe-b603-9b3f45c51c77,773d5fca-acc4-4e2f-bdca-a05c6f6f2c82,006472ad-ef7c-49dc-a9a5-5be63552c118,2025-12-20T06:52:20+00:00
e14dab0f-511a-4cbb-9afd-5866428ff7c9,773d5fca-acc4-4e2f-bdca-a05c6f6f2c82,156ce20e-a7d6-4a4e-88c0-5e21929a443d,2025-12-20T00:53:14+00:00
0896bff4-59a7-48c7-a5d7-6396256ba161,773d5fca-acc4-4e2f-bdca-a05c6f6f2c82,0df66891-b25c-4d7b-98bc-826d9e286a20,2026-04-11T05:27:02+00:00
eaa8eb6e-c6a0-49f0-984d-b70b3e73acfd,773d5fca-acc4-4e2f-bdca-a05c6f6f2c82,51910d94-7df2-4595-be53-5b43cb379762,2026-08-25T04:27:59+00:00
f2ffa038-bb30-4853-84b0-921a337786ab,773d5fca-acc4-4e2f-bdca-a05c6f6f2c82,904d370b-c057-4076-ab96-6f35351482c2,2026-04-29T02:01:31+00:00
aab511eb-e562-40e5-a4e2-f750eef172d0,773d5fca-acc4-4e2f-bdca-a05c6f6f2c82,f46fae0a-66ed-4c74-baa7-7380e11570dd,2026-01-30T18:35:45+00:00
54569b84-887a-4c54-932a-cd34155f1408,773d5fca-acc4-4e2f-bdca-a05c6f6f2c82,6b83a412-875d-4f35-8ce5-9a2c67a093f6,2026-06-13T22:03:19+00:00
95b2ec98-a55e-46a5-9d9f-84872916c300,773d5fca-acc4-4e2f-bdca-a05c6f6f2c82,a65291d3-0e33-4ea9-afd9-e6056f5fec42,2025-12-21T13:49:12+00:00
73ee332a-91a9-49cd-bddf-94d833ff69e2,773d5fca-acc4-4e2f-bdca-a05c6f6f2c82,3fc6331b-9394-4e27-8bfb-3d16fe1a97c0,2026-09-02T02:19:08+00:00
ea16a56c-ed52-4520-80ae-9ff6f629c43a,773d5fca-acc4-4e2f-bdca-a05c6f6f2c82,cf7fdd80-5c27-42aa-9731-b5d404e42dc4,2026-03-22T23:21:38+00:00
acc05137-3758-4db6-a86c-61c6d9642001,773d5fca-acc4-4e2f-bdca-a05c6f6f2c82,c568b27d-f55c-43c4-b16c-2ded8343488b,2026-01-09T23:40:39+00:00
9ea3f15f-94b1-4ff8-a36d-ce4e72967400,a02d62fe-e02b-4117-8431-7a8336ca4000,4fb579ea-1574-44fa-af02-83f6cb410836,2025-12-25T00:29:01+00:00
39b6c5a4-4ce0-4693-aefd-0b05b5f9ec97,a02d62fe-e02b-4117-8431-7a8336ca4000,b2d72011-02df-4d85-8d8c-9c12e9aa4b3a,2025-12-19T19:39:12+00:00
19fc2234-edfe-4e5a-a56c-49da74a68607,d917a56b-1f11-47fe-bdba-8797f230cd34,a7bb38f2-8b26-4041-8547-b3cc5f01cfcb,2026-07-12T23:40:44+00:00
d303e0a0-00ea-4616-8f0a-f422720ee5a1,d917a56b-1f11-47fe-bdba-8797f230cd34,21f12625-f34e-45b3-aa99-2c07287fc8b7,2026-09-02T07:46:45+00:00
e484fbea-21fc-4653-811e-99946466c607,d917a56b-1f11-47fe-bdba-8797f230cd34,8bf8ea9f-72d9-48eb-928d-e17012efd91b,2026-05-03T09:34:27+00:00
4605f494-6ff5-4b36-bfb3-ebcf9a3abfcf,d917a56b-1f11-47fe-bdba-8797f230cd34,dc64b030-9ad0-4b7f-aa39-1ea19decb440,2026-01-26T11:55:15+00:00
d40dd744-751d-4478-9ecf-dd3db4c19e6a,5de49069-4f26-4e1a-8dbd-73a31715471b,7a537b60-7891-4d8a-9a2d-3dc4f49961e2,2025-12-29T04:36:12+00:00
55ddc2a8-a368-4df6-96ed-423f544a14e6,ce288f38-c75a-4db0-91e8-04a62884540f,4366727f-cad9-45ec-ac07-3b7e024b94a1,2025-12-23T02:15:07+00:00
995159b3-af99-4e14-b970-b1d8a5f8853a,ce288f38-c75a-4db0-91e8-04a62884540f,a83115e6-95d7-4710-8785-ad490862eb1d,2025-12-24T15:11:59+00:00
6e1c1cd6-89c9-41c4-81d4-f2a880df1993,ce288f38-c75a-4db0-91e8-04a62884540f,f87b345a-0777-46fc-865a-b76dacc1e90a,2025-12-27T08:48:51+00:00
f172e95f-33b1-4317-bc1e-d3769a0659b2,ce288f38-c75a-4db0-91e8-04a62884540f,123da5fe-c615-4c1b-a15e-c518ab63f804,2025-12-22T19:43:07+00:00
a64d57c4-959e-48a4-96d0-f0d91f1bdfe1,8e8465e8-b3e4-434f-bd81-f145b7cf74f8,42688444-55cc-483b-a92c-df6777013516,2026-01-11T10:03:53+00:00
6254c72c-bfd8-44e1-aa0f-b64598c44cc5,8e8465e8-b3e4-434f-bd81-f145b7cf74f8,e76cf478-5afa-46e3-a39b-b02c23d6bb1b,2026-04-22T17:34:23+00:00
81dd9ae9-7a38-4674-9faf-b3e8e50136b4,8e8465e8-b3e4-434f-bd81-f145b7cf74f8,3b534511-491d-43ca-8db3-2f08eee9be65,2026-04-20T07:21:44+00:00
4ca1df55-f27e-4906-b6c6-e55b23c5ff83,8e8465e8-b3e4-434f-bd81-f145b7cf74f8,fb8098ee-02d6-4b07-858e-99f58dd1d0ee,2026-05-31T13:52:09+00:00
c2a6354c-64dc-46dd-b249-e113deba5830,8e8465e8-b3e4-434f-bd81-f145b7cf74f8,4baa25b9-1700-4782-a80b-d9e663939f70,2026-01-31T21:16:31+00:00
970c12d5-7bde-4939-90e0-79e37b595dfe,8bde58c3-aa1c-4cbe-9dbf-05b3ab321591,6695a266-c3cd-43a7-a7fb-fcac77328615,2026-04-13T06:49:26+00:00
6e985479-954e-4af3-bdd3-f9acc3dc6b9f,8bde58c3-aa1c-4cbe-9dbf-05b3ab321591,9fa1bd7e-fe95-4d72-89e0-17853678fb5b,2025-12-25T21:41:47+00:00
69c4ed1a-f426-47b4-872e-ea548f7b37a8,8bde58c3-aa1c-4cbe-9dbf-05b3ab321591,9c6405d0-d0bc-4e75-8900-4a343d7eec34,2026-02-11T02:25:56+00:00
f683377f-2fc8-4510-bd59-d2b61a62b09e,8bde58c3-aa1c-4cbe-9dbf-05b3ab321591,06ca99ad-46e9-4d5e-a72e-48628968c316,2026-02-21T02:48:19+00:00
ba22f632-cb24-4933-b667-b9a04199b47c,8bde58c3-aa1c-4cbe-9dbf-05b3ab321591,459c517f-ee6e-4dd8-8e73-1f546778d794,2026-07-12T04:39:45+00:00
00f32018-7c36-461a-a4ef-9e38d55de13c,8bde58c3-aa1c-4cbe-9dbf-05b3ab321591,82c26f80-0b16-4534-b361-35fddfa95816,2026-07-10T04:29:31+00:00
ce26c20e-3963-4a5a-899f-d81d688c21ff,8bde58c3-aa1c-4cbe-9dbf-05b3ab321591,b6be37f9-e731-49e9-b97d-838d7bb58dfd,2026-04-20T16:09:03+00:00
9f9b19b2-d9c6-4ce4-a77b-d1356391eff4,8bde58c3-aa1c-4cbe-9dbf-05b3ab321591,7a537b60-7891-4d8a-9a2d-3dc4f49961e2,2026-01-16T16:13:42+00:00
00a197d9-541f-4968-9e1a-af15b371d53b,8bde58c3-aa1c-4cbe-9dbf-05b3ab321591,74d3f6c0-8cd8-42de-be07-4e633a9879a2,2026-01-10T14:07:42+00:00
071c7357-500b-47f6-b978-be5a89d965cd,8bde58c3-aa1c-4cbe-9dbf-05b3ab321591,3a748a52-31e6-4e13-b168-3406e4520722,2026-01-02T20:17:51+00:00
60aa3ddc-9597-4b22-8e90-cebae20b97a9,8bde58c3-aa1c-4cbe-9dbf-05b3ab321591,573eb679-3294-4f6c-9352-94085c83e87f,2026-02-11T01:15:13+00:00
fb5e495d-b291-4ceb-b4a2-d10909814087,572e5490-95d4-4257-85ba-fabd395aafc7,67720afd-c98f-4042-88f8-4ee42ce6223e,2026-08-21T08:41:15+00:00
2f523be5-b754-4b08-8716-8df67247ab04,572e5490-95d4-4257-85ba-fabd395aafc7,c3e6de0b-ae0e-464a-aeef-51bebdd50073,2026-01-08T16:22:27+00:00
f2674310-5891-4371-93ca-c7f43493e46c,572e5490-95d4-4257-85ba-fabd395aafc7,3fc6331b-9394-4e27-8bfb-3d16fe1a97c0,2026-01-26T15:42:16+00:00
43526e42-5ae1-41cb-8e0a-d8a8ed2c4eb0,572e5490-95d4-4257-85ba-fabd395aafc7,f3f35b1f-6722-4fb3-9c50-39c6796b2515,2026-01-12T08:32:08+00:00
96595dae-2b84-4724-83a9-bdb01f36366f,572e5490-95d4-4257-85ba-fabd395aafc7,ef612f5a-faa9-4654-9788-291f8ab7522f,2026-08-20T22:40:15+00:00
776fcd56-8a06-4c01-82eb-078fee34a36f,572e5490-95d4-4257-85ba-fabd395aafc7,f3189547-b5c9-4076-aab8-d864b3815677,2026-04-06T21:39:55+00:00
9292aa5b-abef-40fb-81fb-30329f3e9520,572e5490-95d4-4257-85ba-fabd395aafc7,aedee5fd-dd23-420b-9df6-813aa5259225,2026-04-22T22:53:16+00:00
431e1912-d7b9-4129-8e05-e1180d8707ee,cd506acf-340b-47ae-a93f-5c3e20943884,f3189547-b5c9-4076-aab8-d864b3815677,2026-04-25T07:34:03+00:00
ff7b27ad-ff3c-4abb-b98b-fb74d28cbfdf,cd506acf-340b-47ae-a93f-5c3e20943884,223b052c-55c7-4152-903d-0f666656212e,2026-02-15T05:52:47+00:00
88e9511e-d9bf-4b30-a919-c74901f7a2eb,cd506acf-340b-47ae-a93f-5c3e20943884,f31588a9-6fbc-4f16-a1f0-65bb1970a62f,2026-01-23T00:34:35+00:00
81e0b570-3dc6-45bf-84ae-8532dcb0b996,cd506acf-340b-47ae-a93f-5c3e20943884,20643c6d-5091-45f4-96dc-2970aa107c3a,2026-01-16T04:19:41+00:00
814e0c18-6fb4-426a-bafd-f95260b4a788,aebc3095-ee20-46c9-ba54-93d9463a6f11,73ba0cc9-b965-4bee-abba-983dac988737,2026-04-11T03:14:36+00:00
e053ea31-7e24-45f6-8425-ffee73528165,aebc3095-ee20-46c9-ba54-93d9463a6f11,3c93bac9-6c00-45ff-868a-2fca9fd92411,2026-06-28T05:21:50+00:00
1ffab92b-f35f-43b9-bb5f-743775f9c2e3,aebc3095-ee20-46c9-ba54-93d9463a6f11,d1069292-d635-44f8-8c01-1494891ae61f,2026-03-07T02:07:52+00:00
1b03c64c-7ed5-4ad3-9862-e4d4890c2188,aebc3095-ee20-46c9-ba54-93d9463a6f11,104d1676-bfe7-4914-bd0a-193b756100ad,2026-04-06T04:38:57+00:00
a0c28619-b34e-41b2-b7d4-7e31e379a31d,aebc3095-ee20-46c9-ba54-93d9463a6f11,2025475c-1545-4632-8937-5fe6f57953a0,2026-01-30T18:05:09+00:00
9ca333ce-eac9-4ede-bf8f-7c16db2accaf,aebc3095-ee20-46c9-ba54-93d9463a6f11,99348a51-08e9-4760-8822-b2f8debef37f,2026-02-07T06:12:08+00:00
60782436-02bb-4e76-a1ba-dee12c93628e,aebc3095-ee20-46c9-ba54-93d9463a6f11,8d9a7d65-67f7-4c3e-b3ec-57b9652f01a1,2026-06-23T23:31:22+00:00
ee064796-4df5-4a04-b3c6-2717aa4e9dd3,aebc3095-ee20-46c9-ba54-93d9463a6f11,294f420a-5757-4fda-ae5b-a8b66126e192,2026-03-08T21:46:14+00:00
8f9836cd-a0dd-49c0-9a70-e15a9d138b3f,aebc3095-ee20-46c9-ba54-93d9463a6f11,b2fa8b95-5aab-4854-a682-06ac4d3c3500,2026-02-05T22:30:37+00:00
d1fad768-9dbb-4ab7-90ed-26f9d173ae84,aebc3095-ee20-46c9-ba54-93d9463a6f11,e19797db-e29f-48c3-a7bc-6f3ee4494c8c,2026-06-02T12:48:38+00:00
77a93e3c-4852-48d3-bd33-01bf99ab0ea4,aebc3095-ee20-46c9-ba54-93d9463a6f11,3a748a52-31e6-4e13-b168-3406e4520722,2026-02-04T08:45:12+00:00
6c13e2b6-c6e5-4b96-8907-a00df09862fe,aebc3095-ee20-46c9-ba54-93d9463a6f11,7352bdf0-d7cd-4554-b7da-0f69eabb5ce6,2026-02-12T22:08:39+00:00
04befd01-2e5f-44c3-b6ca-12ee121cf216,aebc3095-ee20-46c9-ba54-93d9463a6f11,4f7d3f82-809f-4176-b3bb-245e659f22ab,2026-01-23T20:52:54+00:00
d3ee708b-854e-41f0-9ff6-75ea64ce0c34,aebc3095-ee20-46c9-ba54-93d9463a6f11,51dac652-9517-4e31-b9c9-905c3968e085,2026-01-15T18:18:17+00:00
4c5b495b-567a-4a66-971b-95451df9da13,aebc3095-ee20-46c9-ba54-93d9463a6f11,26d61dc5-0b03-4c16-8a64-7afeba92fecb,2026-01-08T10:24:14+00:00
c9c88ab1-fe7d-4aac-91c7-d41b08cc818d,ce6c3c47-0cb9-48c6-9a89-cb45c7e64db0,d04a9725-4a5b-49d3-971a-6c7bbb1d7355,2026-03-08T17:47:59+00:00
08018390-9ccb-472e-b217-a5b6647e6d0f,41ce076e-2e4e-4f0b-adde-18eaea43a398,6225ff1d-dff6-4eec-8a09-0b85b8e80e91,2026-01-10T17:48:33+00:00
258c4e7d-3a3f-45d7-9c7c-09d064c692b0,41ce076e-2e4e-4f0b-adde-18eaea43a398,ded797b6-afed-4f9c-8ae0-35b3c61aa0e4,2026-01-04T19:56:18+00:00
b95c5594-a677-4c1a-8e3c-edf342b2a621,c7f118fe-698b-48fa-bd80-03c6ceeba492,79c00b7e-dbe5-41bb-8a92-189f533b8e9f,2026-04-01T04:27:05+00:00
ccec7869-e382-41a7-aea8-364de12d20c6,c7f118fe-698b-48fa-bd80-03c6ceeba492,3d6322d3-d39c-4fa0-8f6b-6413dfc01504,2026-04-21T05:02:39+00:00
362844f9-03ad-4202-8b9d-345ae567c939,c7f118fe-698b-48fa-bd80-03c6ceeba492,21f12625-f34e-45b3-aa99-2c07287fc8b7,2026-02-15T09:07:16+00:00
5f423d77-2657-4ad9-ba00-7a1e3affded8,1e09aa54-a764-4f49-8093-3e5d73753df9,1d60fe82-43d3-41ca-b4b2-47f71aba1916,2026-07-22T07:07:54+00:00
e25a6e32-27ea-4157-870e-a010b1121e1f,1e09aa54-a764-4f49-8093-3e5d73753df9,3faf19b8-adef-42c8-a07d-601db32b3f06,2026-01-16T04:31:09+00:00
b8f7e3d3-321f-4cb5-a6f1-9b7f90410867,1e09aa54-a764-4f49-8093-3e5d73753df9,ffae7a2d-9aea-4536-8cf4-dd5a807a4405,2026-03-08T19:31:45+00:00
d36123ad-e882-417f-b985-b64fee7ece5d,1e09aa54-a764-4f49-8093-3e5d73753df9,e294d7c5-9f72-4226-9091-d2cf6c147a17,2026-06-19T16:20:18+00:00
3df2bcae-9a7f-424f-baf2-a0f55c6d2842,1e09aa54-a764-4f49-8093-3e5d73753df9,37390ee9-6f2d-4d2e-b299-70e58443cd04,2026-03-17T02:54:58+00:00
7ebaeefc-127b-4f8f-a317-b1f222aae6e2,1e09aa54-a764-4f49-8093-3e5d73753df9,495a3aa3-44af-4038-8197-d87257807cf3,2026-03-09T06:47:18+00:00
ad2a7e56-ca9d-4cff-ae86-f1c4fbbb240c,47d04850-3375-450d-828b-42e8de25528c,5c16ef18-8047-4cc4-806c-4ef9df6de907,2026-01-13T14:31:44+00:00
52c60041-714c-4403-a14c-19ac131f2ff6,47d04850-3375-450d-828b-42e8de25528c,53a84c41-db22-49bf-98bd-d408fffdabc3,2026-01-11T03:48:12+00:00
8a894708-523a-49c7-8651-bdd1ccde3b14,d0f899c3-61f9-433a-a955-346fd6eda31f,ec6a23be-ddf8-411b-a001-feea58a50c51,2026-01-10T04:21:48+00:00
9d4aa6e7-d65e-4b59-b7ab-0b1c68c190f7,2d4ff1ac-96fe-4396-b3c3-0150e043c8ea,e7f25965-2024-4c9f-a575-caa1e7bc13df,2026-01-10T19:45:29+00:00
f8160b80-b5f4-4fef-9f4a-d30d9ded6540,ea731d6c-574c-45b3-979c-a2624bcb2d24,bc9cbd74-f51e-47e9-ba77-1f2c017e9cca,2026-01-24T16:33:05+00:00
3be121f6-e783-426d-bfad-e66f4a5b21d8,ea731d6c-574c-45b3-979c-a2624bcb2d24,e5f76da6-068a-4b15-bb2c-649e314a26ed,2026-02-12T06:15:47+00:00
b21691eb-d4fc-4b0a-8253-8b59706bc18c,ea731d6c-574c-45b3-979c-a2624bcb2d24,0675ff4e-03a1-4a1b-91f2-4e5095585649,2026-03-31T15:06:03+00:00
9e199235-14e8-46e8-b67d-e01818cce311,ea731d6c-574c-45b3-979c-a2624bcb2d24,dce19236-e6ac-4b25-8861-f9bf621963fd,2026-01-16T13:11:25+00:00
65870146-536e-4571-b514-37665f4e59a8,06206e95-37fa-4028-8609-f20acce67ebd,2ad9462f-49f8-4d9a-8f1f-6f573c1e266f,2026-01-11T04:49:51+00:00
837e2873-9193-4c6b-97d2-a581e25b77d5,06206e95-37fa-4028-8609-f20acce67ebd,ac90d181-ee36-49c7-a813-3467b90807dc,2026-01-11T04:26:02+00:00
4100e6c4-f171-48af-bb65-218d73557bce,06206e95-37fa-4028-8609-f20acce67ebd,4b87053a-c2e0-4a91-bd88-3da84717c1af,2026-01-13T13:41:10+00:00
aa456f09-ca8e-4601-b89d-44c2a3957b0c,06206e95-37fa-4028-8609-f20acce67ebd,a1e4b04f-3354-4716-9914-0e447f91fb26,2026-01-12T01:53:59+00:00
dd2a7d80-165d-4c83-ba9a-3858080a9ec3,23b9ab88-4bb1-4c7e-98d2-9ac319d13996,a83115e6-95d7-4710-8785-ad490862eb1d,2026-01-11T16:13:09+00:00
6473e468-088b-4a41-9315-bc43126b20ec,38500a84-3234-4736-8683-500455fd8d58,02807cc1-6bae-4344-a5ac-526283c350fc,2026-02-02T09:47:32+00:00
c93d9467-15b5-4a3e-a9ec-6d18ef153eaf,38500a84-3234-4736-8683-500455fd8d58,4880e488-a1c2-4958-ba10-b7c3297adba8,2026-01-13T05:55:59+00:00
aca5bdd5-ade0-43bf-bd44-96bbaff0f6d9,a2227235-6409-469f-8e44-afb7310b99e0,a9ed43c7-b716-4055-97db-efe07e46285d,2026-01-21T21:24:08+00:00
eb1df771-592a-4ad1-9901-9ab0a62c7cc7,a2227235-6409-469f-8e44-afb7310b99e0,fda29f93-a3e8-4fb9-84ba-b9b7b56ec5c2,2026-04-24T15:36:07+00:00
98db0076-ed0a-44cd-9742-29984892f3ed,a2227235-6409-469f-8e44-afb7310b99e0,635cb86b-03c7-4fb4-884b-ced27f9691bb,2026-01-14T10:08:34+00:00
2cff08a2-2099-4e82-808c-a5346ac405da,a2227235-6409-469f-8e44-afb7310b99e0,46d70937-d07e-4077-b289-a72c50dbc1f5,2026-06-14T18:36:05+00:00
5aa0be11-7a1f-4afd-9aad-f4090afd2e4e,a2227235-6409-469f-8e44-afb7310b99e0,149f866d-6114-4c68-8b49-00b27b0caa12,2026-06-10T19:23:10+00:00
10c24e8f-4572-47de-8732-0d8426f00190,a2227235-6409-469f-8e44-afb7310b99e0,f7fc3247-4e08-45c5-bf07-1580aa80b186,2026-01-28T08:46:43+00:00
21aec66c-ba10-419d-9c70-9a247c767119,a2227235-6409-469f-8e44-afb7310b99e0,b60473a7-fc1d-48a6-b979-2e6c324f1b4c,2026-02-19T07:21:10+00:00
6b051042-4fed-4b1b-9a6a-df7d562d114a,a2227235-6409-469f-8e44-afb7310b99e0,e554a849-75b4-42ad-ab34-0b8fc1a7f349,2026-03-12T16:18:34+00:00
d9eba3c2-0c28-474b-b192-8c827bbdd28a,a2227235-6409-469f-8e44-afb7310b99e0,d0c1bf19-bea4-424f-910b-25f9f5d2cc23,2026-01-20T09:24:44+00:00
a19b2712-7ae1-4089-b9b4-9276a4513118,a2227235-6409-469f-8e44-afb7310b99e0,3cea8b9d-4dca-4cfe-99da-d19925b8fd32,2026-06-24T22:10:15+00:00
de4039d5-1bd6-445c-a7a5-a840657eb7f7,a2227235-6409-469f-8e44-afb7310b99e0,ceb5b100-6d16-4a2c-a1ac-94145b871907,2026-03-07T13:03:59+00:00
45cee182-bd0e-406d-b3b5-2bc231543940,a2227235-6409-469f-8e44-afb7310b99e0,1755328b-9010-4f07-b351-51bc6d8e8e7e,2026-06-29T22:08:34+00:00
c5329304-db01-4af8-ac6b-0762ded25f01,a2227235-6409-469f-8e44-afb7310b99e0,d04a9725-4a5b-49d3-971a-6c7bbb1d7355,2026-02-10T09:42:50+00:00
39ed7309-b7a0-4d41-bd2c-5fb8747820fb,a2227235-6409-469f-8e44-afb7310b99e0,6b64b525-483e-4576-957a-17ad52075768,2026-04-05T11:37:28+00:00
8e841ee8-22cb-435b-b50d-d8ededaa5f7c,a2227235-6409-469f-8e44-afb7310b99e0,e5760964-741a-49da-986c-c20413c5103c,2026-01-29T13:30:11+00:00
b3f6a81d-def8-4ce5-9671-24d268062732,a2227235-6409-469f-8e44-afb7310b99e0,d789fe7f-6977-4b4a-91ee-76ecc7a7dae8,2026-08-06T15:20:58+00:00
350e2a30-28f3-4034-9ef9-dd74b0fe4bdb,a2227235-6409-469f-8e44-afb7310b99e0,a83115e6-95d7-4710-8785-ad490862eb1d,2026-01-15T12:15:20+00:00
7712399c-84b7-494b-881a-b173651b8a71,a2227235-6409-469f-8e44-afb7310b99e0,3e7caac0-1ca6-4783-9a3e-0aec999045f7,2026-04-19T03:16:45+00:00
31a7be5a-449c-4562-9af6-647fba4d82d4,a2227235-6409-469f-8e44-afb7310b99e0,4880e488-a1c2-4958-ba10-b7c3297adba8,2026-06-03T08:22:38+00:00
70fba193-ed69-4bdf-ab36-00aa6742214e,a2227235-6409-469f-8e44-afb7310b99e0,42688444-55cc-483b-a92c-df6777013516,2026-03-09T11:08:08+00:00
5b6508a0-1cc2-4853-a051-315b547fec24,a2227235-6409-469f-8e44-afb7310b99e0,e294d7c5-9f72-4226-9091-d2cf6c147a17,2026-04-25T22:54:55+00:00
fb2c18dd-93b4-4d19-b135-6f73e78e4c20,c9840ede-1626-4c6e-b5ff-0aea3500b876,ab56d43e-6b4a-43a3-9b6c-f3bae36c4bb6,2026-01-24T16:35:14+00:00
3ee41877-087e-4634-a00d-901bdcf036e4,c9840ede-1626-4c6e-b5ff-0aea3500b876,7759297b-afe9-4b95-8e56-6c553c734e03,2026-01-14T05:16:03+00:00
a0459bea-64a4-4709-8db7-fe273d3034c3,c9840ede-1626-4c6e-b5ff-0aea3500b876,3dc6ba51-e546-4e5c-8e8a-6d0bb4c42691,2026-01-14T03:31:14+00:00
575175dc-06f5-4f48-96c7-450b6205bf22,c9840ede-1626-4c6e-b5ff-0aea3500b876,189077b3-db48-4236-959d-98880fad6d57,2026-01-13T13:08:35+00:00
8671cf2f-2b84-4840-b50c-b33d65cf0326,cd6c2d1b-315a-4a09-9a12-df0416f10a5e,9a74e82b-9309-4739-ab1b-2657a686ca16,2026-01-16T02:44:06+00:00
7e0202b8-6e52-49d1-84bb-703c7df6e8ed,731c8517-7608-4c1e-b098-a385edf6d034,054fe171-2aa2-4064-be59-369e103477d7,2026-03-03T04:50:01+00:00
3dcbd0fd-426b-43ca-bf12-dd51d52c4c71,731c8517-7608-4c1e-b098-a385edf6d034,1fba3799-d4cc-4a1c-84d6-51146012067e,2026-01-20T03:28:26+00:00
13d39ccd-5114-4916-91e0-f0bfd63f27a3,731c8517-7608-4c1e-b098-a385edf6d034,d7b30ac7-a843-4c2c-b7d0-5dbca0c169c3,2026-04-25T23:59:31+00:00
df852dd5-4c2d-4713-97a2-7b3e8890fd3e,731c8517-7608-4c1e-b098-a385edf6d034,529918b7-4817-40fc-b552-52aa5098a29e,2026-03-12T18:25:05+00:00
948679ab-d9e6-4404-be0c-f0f93a1bc406,731c8517-7608-4c1e-b098-a385edf6d034,47de6634-f271-4dda-8c9a-4cb60daa2a03,2026-03-06T00:29:56+00:00
b980d733-d031-4701-bab6-6c43b73382f2,731c8517-7608-4c1e-b098-a385edf6d034,c3e6de0b-ae0e-464a-aeef-51bebdd50073,2026-04-15T07:17:38+00:00
b11ecf6b-c493-4e1c-be3a-d12efcd77808,731c8517-7608-4c1e-b098-a385edf6d034,b2ebd1c7-416b-4645-a522-88f29c4fd3fa,2026-03-09T07:42:22+00:00
5c483821-b5c1-4888-af37-aed1f57ba9bb,731c8517-7608-4c1e-b098-a385edf6d034,e0ac1371-730b-4fd6-8af4-80859ee0ade7,2026-03-05T21:11:11+00:00
d2b2a956-03f7-48c5-8b38-edefd5f285fe,731c8517-7608-4c1e-b098-a385edf6d034,f1a0ec25-92c1-456d-bc62-93f211e3df90,2026-04-02T01:12:58+00:00
f22f412e-d736-48a3-ad5c-874f7278055e,712e935c-10cf-4fe8-b3cb-0f124a97cce6,e5b05247-d5c5-41cb-bf08-a56d351e6242,2026-04-13T16:51:08+00:00
6982aa6f-b90d-4bbb-b3d2-1a5f68382e4b,712e935c-10cf-4fe8-b3cb-0f124a97cce6,7d2e833a-8242-43a6-93ca-e79df0b2cd59,2026-01-16T09:03:35+00:00
2cffc2d0-a9c8-4bae-a7e3-a88ca0d4c1c7,712e935c-10cf-4fe8-b3cb-0f124a97cce6,2838c32c-7382-41b5-852b-5d048285eed7,2026-05-05T09:56:23+00:00
19c4dca5-3805-4f5d-9455-57eb2b48d51b,712e935c-10cf-4fe8-b3cb-0f124a97cce6,573eb679-3294-4f6c-9352-94085c83e87f,2026-04-04T09:44:20+00:00
60629f6e-062b-41ba-a0dd-3d942fd33837,712e935c-10cf-4fe8-b3cb-0f124a97cce6,a1d67684-0efd-46c3-a44d-06a1f1b59626,2026-05-06T07:44:51+00:00
54e364b6-eef2-46f0-b5b2-710b99d8b4e3,712e935c-10cf-4fe8-b3cb-0f124a97cce6,60e7746d-a14d-4134-a659-8644ea757f35,2026-04-04T09:22:02+00:00
59d09425-5837-4954-9378-0aa551180ec4,712e935c-10cf-4fe8-b3cb-0f124a97cce6,46d70937-d07e-4077-b289-a72c50dbc1f5,2026-03-02T22:18:15+00:00
5216ae1a-65ef-4d59-b538-4c7b4361432f,712e935c-10cf-4fe8-b3cb-0f124a97cce6,147ed698-2b4c-4e8b-aa70-aa17d045b912,2026-01-26T14:18:12+00:00
7c6d6c06-e37c-464e-918b-4fcad7f47300,712e935c-10cf-4fe8-b3cb-0f124a97cce6,feb4d905-0b79-4ac5-9d53-4c64f8023f17,2026-07-01T14:50:25+00:00
fe59f5dc-46f5-4bee-a300-f967221c7c84,712e935c-10cf-4fe8-b3cb-0f124a97cce6,10c9cdcb-4a1c-4f44-9e34-61195bfc8e59,2026-01-24T03:17:07+00:00
621ce0d1-c1fc-4fbd-8efa-ddc48df28927,23b62030-bc09-4a1c-a0e9-e982f8b28649,27d6298d-2568-4e4c-99dd-0f0d3e043508,2026-02-06T20:21:11+00:00
9c71d8d9-5d37-4e0e-80f9-b2a754951cb6,23b62030-bc09-4a1c-a0e9-e982f8b28649,dce19236-e6ac-4b25-8861-f9bf621963fd,2026-05-30T12:39:20+00:00
a4c10043-e77b-4824-9f23-fe58ee0f5a44,6cc02e1c-7723-4a29-a1bd-9c888922e10b,23a55d2c-5ac7-43a9-a6a4-20734b79d7ae,2026-01-30T15:09:08+00:00
0e90dd04-ad93-4067-bfaf-000a5808b63e,6cc02e1c-7723-4a29-a1bd-9c888922e10b,41583495-38b9-4f40-b6fe-64577f910a54,2026-02-05T16:07:57+00:00
77a12b24-f5d9-4a91-81a5-6a20eafbbd4b,6cc02e1c-7723-4a29-a1bd-9c888922e10b,ef6f0845-2282-4ad4-870c-058ceee8da3c,2026-04-16T02:48:10+00:00
17c3aa78-1db1-4653-9d7b-76c658e280fc,6cc02e1c-7723-4a29-a1bd-9c888922e10b,f3f35b1f-6722-4fb3-9c50-39c6796b2515,2026-07-31T03:48:30+00:00
85815d86-6e85-4a2b-89cc-48a1b08f08bc,6cc02e1c-7723-4a29-a1bd-9c888922e10b,da2d85dd-5c3d-4667-8788-6be2e47676a4,2026-03-26T10:26:31+00:00
c40f6bbe-69ef-4374-a2c0-62f7edcd8cac,329b1d2e-8331-4952-a673-71f51fbfca3c,1e35bc63-b9b9-4dc0-bbca-ba32d6a1676f,2026-01-20T20:27:15+00:00
ae66b495-0e55-48c7-a402-dd7a177c05a4,329b1d2e-8331-4952-a673-71f51fbfca3c,7a537b60-7891-4d8a-9a2d-3dc4f49961e2,2026-06-22T14:31:23+00:00
11c20ec8-8229-478d-920c-033375d9605b,329b1d2e-8331-4952-a673-71f51fbfca3c,f5c9aefe-bf7e-4ffb-ae21-2dd4d0dd04ff,2026-04-30T21:48:32+00:00
7b5b0336-6a89-4d5d-ab4b-a1aa61bd106a,329b1d2e-8331-4952-a673-71f51fbfca3c,3e1135b6-a11d-4440-9839-7607ab0df809,2026-04-09T18:43:53+00:00
de7ee020-d2ba-494c-9a4a-a1f0af4088be,4d0d8179-9160-4ce0-891f-16928c0a24bf,04ef5bae-6f20-43c1-84c2-80053a99d1b1,2026-02-07T17:55:37+00:00
72e78876-3f28-4225-9c77-dfe8e053cc44,4d0d8179-9160-4ce0-891f-16928c0a24bf,e0ac1371-730b-4fd6-8af4-80859ee0ade7,2026-03-02T20:15:18+00:00
3d6590cd-dce8-4378-899d-d4b36c07044f,4d0d8179-9160-4ce0-891f-16928c0a24bf,02126d92-72ee-409c-9e6c-a2e4d9f83a6b,2026-01-19T18:47:10+00:00
7854ffe6-908a-410e-89ec-4f8410f464af,4d0d8179-9160-4ce0-891f-16928c0a24bf,1c53189a-7903-4dcb-97d6-29489110198e,2026-01-31T05:13:27+00:00
4f546f00-02dd-4a04-ac71-728abf3a4bdc,4d0d8179-9160-4ce0-891f-16928c0a24bf,b7a58a43-0e8a-4989-9cc2-a17e019034c8,2026-06-19T06:08:57+00:00
b59b3f2d-1067-47a1-8ce1-a81285394184,4d0d8179-9160-4ce0-891f-16928c0a24bf,ba4e0520-1425-44b4-ba42-764ccd9799f7,2026-06-05T15:06:36+00:00
c0368007-6fa7-4da2-a8a7-086d42062da7,20862f06-d019-4d10-86fe-3170452d9102,e6e0d4f1-b435-4b5d-b74f-b4c6c427868c,2026-02-05T06:44:06+00:00
4504b7e1-c8e8-4f75-9abd-092b49efd6b8,20862f06-d019-4d10-86fe-3170452d9102,7cbcbdd2-c81d-4c88-84cd-0c1ee4dcf86a,2026-01-21T22:15:30+00:00
eab959b0-867d-413a-9cfc-b5bbe3c42cc8,20862f06-d019-4d10-86fe-3170452d9102,d3daa26a-587b-4816-9110-916f35fa7c74,2026-06-25T13:26:52+00:00
7b432329-ed06-404d-82f0-6aceb5d1da62,20862f06-d019-4d10-86fe-3170452d9102,f8d855a5-21a5-477b-bd26-6a8ff32c9563,2026-07-02T21:11:39+00:00
94b2c792-8cb8-455b-b27e-8343ea51c0f3,20862f06-d019-4d10-86fe-3170452d9102,d103d768-2880-46ed-b2c3-6b7b04ebc1d8,2026-05-16T21:20:07+00:00
e85d6926-8602-48cd-8078-21be2d5edc67,20862f06-d019-4d10-86fe-3170452d9102,9d8932ce-a55d-459a-ba8a-180a929fbfac,2026-05-09T01:26:08+00:00
62ad667b-406d-4704-9339-f9fd5be5d8b5,f9d83822-d328-4a41-aefc-b2fb0a3010a6,35d6cd54-7bcd-4288-8c6d-682b12ba3543,2026-07-01T06:33:41+00:00
f309e787-647d-46e1-bc3f-4645457a5ee3,07833fa1-a3be-4c6f-af31-16e80675a938,093a360d-63cd-446f-8cc4-cceafcd033c5,2026-01-22T09:36:22+00:00
50d4fc89-2995-4e67-b2d5-0f7f9de6b07f,1b513c92-a928-402b-91a7-60c4ade3bd17,a80b24ca-19f4-4796-9a5e-683f4e8f7b14,2026-01-21T22:36:46+00:00
b20d22e9-90f4-48b9-88d5-0ca3f0b86f77,1b513c92-a928-402b-91a7-60c4ade3bd17,a105a7b4-bf97-4183-b330-e5764873fe47,2026-01-23T04:06:12+00:00
5a140dc7-a0c9-45e2-a84b-0dc58590556d,e55040ad-1aa6-4747-94df-8aeb6725899c,53cbc155-02f5-409e-90b8-e1d1b8a42be9,2026-04-15T16:14:04+00:00
00f52255-ab10-4626-8a3d-e41ce138fea3,e55040ad-1aa6-4747-94df-8aeb6725899c,b540e2ad-1d7b-470d-a801-1c394b7830b8,2026-07-20T08:17:41+00:00
ea208849-2089-4e67-8556-ec1a5fb8a62d,e55040ad-1aa6-4747-94df-8aeb6725899c,0735b0aa-84bc-49aa-a78b-0ec4f2e216e6,2026-04-28T08:47:03+00:00
f0d38043-45ed-4788-9490-9b0ad26a489f,e55040ad-1aa6-4747-94df-8aeb6725899c,72e6350e-b4bc-4a80-ac0b-013f84ebeab1,2026-07-11T12:07:08+00:00
718febdd-6737-409a-9ef7-61b2b622d57f,e55040ad-1aa6-4747-94df-8aeb6725899c,594a9fe8-338e-48b9-bf94-45ec42062580,2026-08-23T21:32:09+00:00
e23a6630-c184-49fb-bafe-a7881d37974a,777fcade-669e-4994-a5c0-5ce1281f92d1,425cdeec-e94b-4205-b7b6-416a4c54d0c0,2026-04-20T19:06:51+00:00
37335e65-b0ac-4873-b5a7-12845207215f,777fcade-669e-4994-a5c0-5ce1281f92d1,8fe4e224-dcb0-4a9b-9949-0b5731f46fb2,2026-04-09T13:19:58+00:00
9eb70dee-1a59-4754-9988-eff60abc86e7,777fcade-669e-4994-a5c0-5ce1281f92d1,1e604945-92d3-44f7-a246-8e1d1ff23f0f,2026-05-21T14:52:25+00:00
3c6e9b12-75a7-4c54-8fbb-2d32c8c45245,777fcade-669e-4994-a5c0-5ce1281f92d1,eff13da1-a531-4767-95ce-387f2866993e,2026-04-10T07:38:26+00:00
601a927e-e6ad-4c64-8148-b2b82567d897,777fcade-669e-4994-a5c0-5ce1281f92d1,eb37e445-ad15-450f-aac9-165635b7ef7b,2026-07-15T17:31:04+00:00
9d4d566c-4bda-4ee6-bba0-b35637684caf,777fcade-669e-4994-a5c0-5ce1281f92d1,6d1577ed-1dc7-4670-a35e-7ee03d6217a2,2026-04-30T20:31:44+00:00
2e3972aa-4618-430f-affd-cdf1dc6ac9a3,777fcade-669e-4994-a5c0-5ce1281f92d1,19dfffd3-69fe-4589-9939-0de48e436817,2026-01-26T01:10:23+00:00
1d5247fe-a647-45c9-92ed-4a8b3e01c6e1,777fcade-669e-4994-a5c0-5ce1281f92d1,fc878d0f-02d2-4c14-8e52-f1fa4b571b99,2026-08-09T07:06:48+00:00
a441d3d8-4f91-4127-b819-7adae49a22e1,777fcade-669e-4994-a5c0-5ce1281f92d1,8c0f035c-ed24-4e92-9e38-7d7562011845,2026-02-16T12:42:11+00:00
5fc9325d-ff91-49e1-9523-4fcd4d9ce108,777fcade-669e-4994-a5c0-5ce1281f92d1,2546be0b-81f5-441c-bbbe-d4925b10d00d,2026-02-12T22:09:59+00:00
3a3b3f76-29e1-4991-9cc5-919f495fe384,777fcade-669e-4994-a5c0-5ce1281f92d1,2025475c-1545-4632-8937-5fe6f57953a0,2026-04-09T08:34:08+00:00
d5dcc237-ff21-43cf-8df1-5cc1491bcc66,777fcade-669e-4994-a5c0-5ce1281f92d1,ad2f999d-f1b6-41a4-a695-aceb650a5b74,2026-08-14T02:56:24+00:00
b99aa44e-d394-46e2-93d2-52a5da893ad2,777fcade-669e-4994-a5c0-5ce1281f92d1,e81d0345-b7a4-4bc0-82b3-de121ed5ff87,2026-02-07T19:29:17+00:00
f6a0c2a7-fa7d-4e2f-81d0-b1e92b9505d9,777fcade-669e-4994-a5c0-5ce1281f92d1,4fb579ea-1574-44fa-af02-83f6cb410836,2026-06-06T22:31:03+00:00
57918d47-a680-4308-ac08-5cc8f99798c6,777fcade-669e-4994-a5c0-5ce1281f92d1,9c4bc13c-455f-4bc8-af64-d6ff11a380b4,2026-05-05T00:55:07+00:00
2a8aa00e-ffaf-4823-98f5-3caf948061d5,777fcade-669e-4994-a5c0-5ce1281f92d1,23a55d2c-5ac7-43a9-a6a4-20734b79d7ae,2026-04-01T01:32:32+00:00
8fffddbd-b171-4fcf-813b-be2c014a0bb9,777fcade-669e-4994-a5c0-5ce1281f92d1,58257853-1e57-4d62-9ffa-e3bb46ea2cbd,2026-06-12T19:35:03+00:00
2678785e-a13c-4716-8059-c1288a615255,777fcade-669e-4994-a5c0-5ce1281f92d1,5d717b99-735c-4981-87a3-225adde8acea,2026-01-31T04:25:51+00:00
55a3f848-9b2a-4b7d-94bc-4cb70a7455b9,2b1e9104-df19-42a5-9a74-fa47bd5963df,20643c6d-5091-45f4-96dc-2970aa107c3a,2026-02-27T09:04:30+00:00
13bc531f-7c8a-4b95-9245-a13bca9aad5f,2b1e9104-df19-42a5-9a74-fa47bd5963df,2b77ffd4-2ea9-47fb-b996-21cee3b20d07,2026-04-25T19:01:29+00:00
dc329d44-9221-4c85-818b-2e68a43430ab,2b1e9104-df19-42a5-9a74-fa47bd5963df,30af9bdd-a273-4b60-bac7-ca71cf3d5ef9,2026-08-18T08:34:03+00:00
6737cfce-fcff-4a93-b132-1e5a5f1d4fd7,2b1e9104-df19-42a5-9a74-fa47bd5963df,88cd8efd-6959-47db-8377-f4735e76c1f2,2026-04-06T18:24:03+00:00
9f8a2fe9-551c-4a5b-88e6-fb4d93956cad,92d0d2fc-5512-44fe-b924-4936157def77,c76f1c0b-bf00-4af7-84b8-6ec1e8252901,2026-01-27T11:34:15+00:00
52f3435c-1c8a-4c3f-b5ce-37f02e4a0947,92d0d2fc-5512-44fe-b924-4936157def77,632a3efa-008f-4d2e-9fa6-0a2e1c332a14,2026-01-28T18:50:02+00:00
284dab37-75cd-42b9-9d86-a884fb80b943,b7214c77-6321-4fa8-b475-ef3cb0731d82,ded797b6-afed-4f9c-8ae0-35b3c61aa0e4,2026-02-02T10:06:20+00:00
0d730e1d-0281-4840-9623-33242bd51046,b7214c77-6321-4fa8-b475-ef3cb0731d82,ec6a23be-ddf8-411b-a001-feea58a50c51,2026-02-04T22:19:30+00:00
57d612d8-0886-4a97-b4a4-b58913e44cf5,b7214c77-6321-4fa8-b475-ef3cb0731d82,1a6d9651-427f-4f8b-8364-dedd886b767d,2026-02-11T03:53:23+00:00
7e89feab-2bcc-4be3-b6dd-e301ed35369a,b7214c77-6321-4fa8-b475-ef3cb0731d82,f7fc3247-4e08-45c5-bf07-1580aa80b186,2026-01-29T06:25:12+00:00
e3b00558-0f68-452b-8256-806ee1d7f4f7,b7214c77-6321-4fa8-b475-ef3cb0731d82,2b77ffd4-2ea9-47fb-b996-21cee3b20d07,2026-01-29T03:24:12+00:00
9f8d7132-6346-4f76-accb-cf67cef5f1d0,236db5dd-0d9e-4204-9872-e37e23ea7319,681a768e-2c15-4f60-b8bb-6613e5d882f5,2026-02-07T12:16:13+00:00
b9847099-59db-4420-9cee-fc14d3102abf,236db5dd-0d9e-4204-9872-e37e23ea7319,c3699fc8-6b69-4b20-bd17-1c0f5a24a795,2026-06-19T21:14:59+00:00
eeba7b85-577e-41f5-b0a7-ece54560ab43,360606c6-82d4-4e99-a9bf-8dddb8f9c057,9b0f4215-bb92-4800-a8ee-8b3a7bbf2ee1,2026-02-01T01:29:32+00:00
e0be4788-55d0-41bd-a213-a6532059bb65,360606c6-82d4-4e99-a9bf-8dddb8f9c057,3e1135b6-a11d-4440-9839-7607ab0df809,2026-02-05T17:07:40+00:00
a55ffc5d-bc88-4e8c-8754-2feb1b10d49a,2f22b08c-1a5f-4d5c-9b10-c6741b094696,6b64b525-483e-4576-957a-17ad52075768,2026-08-25T17:34:50+00:00
3cca4af6-a5d6-4897-a620-929f69d5062f,2f22b08c-1a5f-4d5c-9b10-c6741b094696,c88efa62-e4cc-4ce2-825d-a2d3bda7324f,2026-04-04T23:01:09+00:00
82c15d2d-e6b8-4464-ada1-ac9e4e4281ee,2f22b08c-1a5f-4d5c-9b10-c6741b094696,3a748a52-31e6-4e13-b168-3406e4520722,2026-03-26T04:52:45+00:00
8f6096b2-e4ef-4d3e-be3f-49e82cbc2059,2f22b08c-1a5f-4d5c-9b10-c6741b094696,b0f283a0-c828-4aff-80c1-0fa9a4940b92,2026-05-24T20:46:02+00:00
1250ede7-72e8-4886-ab27-8e33047805b3,2f22b08c-1a5f-4d5c-9b10-c6741b094696,4bcfb395-99a4-40b8-a38e-0576e4ded0dd,2026-01-31T22:42:17+00:00
8581e4b9-ff54-419e-8b9d-431d209598ef,2f22b08c-1a5f-4d5c-9b10-c6741b094696,f5c9aefe-bf7e-4ffb-ae21-2dd4d0dd04ff,2026-04-22T00:41:08+00:00
d6abd69c-e018-4933-8522-e818c17f0510,2f22b08c-1a5f-4d5c-9b10-c6741b094696,5fe592da-0d87-421c-93e1-8e7df2988983,2026-07-13T19:19:24+00:00
7ed39bb4-d77b-4e24-aecf-ce1707bd839c,2f22b08c-1a5f-4d5c-9b10-c6741b094696,64be8bfb-802e-4c82-a1a5-933556b2ba96,2026-02-03T09:13:36+00:00
a32ed977-5789-4399-8cb2-542f75dc8e45,2f22b08c-1a5f-4d5c-9b10-c6741b094696,630fe4a8-7f3f-4f97-93c1-03feb895bbd5,2026-02-20T22:31:14+00:00
187f3379-23ad-4a64-b7b1-1e6f8d109b6f,2f22b08c-1a5f-4d5c-9b10-c6741b094696,093a360d-63cd-446f-8cc4-cceafcd033c5,2026-08-04T20:40:30+00:00
dab95911-b1d9-451b-b7ee-d22cd9045b35,2f22b08c-1a5f-4d5c-9b10-c6741b094696,1162a399-ae84-499c-86eb-5c0b8d4bd19d,2026-02-01T05:53:29+00:00
edb2ebc0-fda2-4274-910d-4e0c6d4b3462,2f22b08c-1a5f-4d5c-9b10-c6741b094696,6c1ecb78-38c9-4d52-b536-8463029f3a65,2026-04-25T17:25:20+00:00
1296ccb8-df76-4665-9f9f-33139ae6485f,2f22b08c-1a5f-4d5c-9b10-c6741b094696,743aae1e-e024-4953-a3ae-1413333f514f,2026-02-12T23:42:36+00:00
9df94d77-8d67-430e-8895-ef069f91af28,2f22b08c-1a5f-4d5c-9b10-c6741b094696,2546be0b-81f5-441c-bbbe-d4925b10d00d,2026-07-20T18:07:27+00:00
a7219f94-fedb-4c68-a245-4a97aba59d02,810ba57a-b4ea-47c7-a49b-576d40ac5302,4333f52d-82f4-4fb4-b6c0-44d327f5b25a,2026-08-03T17:33:19+00:00
20b01f6d-3787-4b57-a87e-5854862a4c1f,a99a6b1f-1c31-42f2-a662-f05ff04b177c,33cd8209-3c57-4c7c-9796-06275679bd1a,2026-03-19T16:22:10+00:00
ee9efca3-fde0-4bea-980b-6ce846fd56c2,a99a6b1f-1c31-42f2-a662-f05ff04b177c,d0c1bf19-bea4-424f-910b-25f9f5d2cc23,2026-02-23T01:30:46+00:00
54ea5519-b885-4c2d-b9e3-d76562011bc9,a99a6b1f-1c31-42f2-a662-f05ff04b177c,c3e6de0b-ae0e-464a-aeef-51bebdd50073,2026-08-01T04:39:26+00:00
f851843c-26c9-4a03-9c50-5f81de81d915,a99a6b1f-1c31-42f2-a662-f05ff04b177c,92b26b2d-f521-4368-bfd5-7368f4d4b7d2,2026-02-04T23:32:32+00:00
eebc922b-07fe-475d-9266-05c8752450c2,a99a6b1f-1c31-42f2-a662-f05ff04b177c,a1e2e693-3bde-4f70-9281-01259889ee69,2026-05-31T10:00:01+00:00
1ec9fae4-f61a-46d3-86d3-806e740754ba,0e617553-4f5c-4b96-b9e5-2303568f5623,e6ac3080-e405-47c5-b78b-6c37ea355a02,2026-02-23T10:54:09+00:00
7fddd9a1-c378-4435-9f17-2e4f56b8bf77,0e617553-4f5c-4b96-b9e5-2303568f5623,c6fd42f0-6060-47cf-a8e8-e24dcaee7d26,2026-04-22T18:49:53+00:00
60bf3211-06a1-4f6a-8b29-219d55c6cd77,0e617553-4f5c-4b96-b9e5-2303568f5623,b5c30eb0-cc41-4812-a25b-a2360d81178c,2026-03-08T01:48:12+00:00
7a55a1e2-ae40-43a5-852b-510554ff23f4,0e617553-4f5c-4b96-b9e5-2303568f5623,398c4a87-ea96-40b1-9d0b-21f40b43e5db,2026-06-05T10:26:52+00:00
e1f68a7d-50e4-461c-8c43-f7eb9be4a669,0e617553-4f5c-4b96-b9e5-2303568f5623,adaf0dcb-36fb-4140-a2ca-a0df1b8e38d1,2026-06-25T02:01:56+00:00
91a22dc3-5024-4830-bc5c-0d2e2234918e,0e617553-4f5c-4b96-b9e5-2303568f5623,9c4bc13c-455f-4bc8-af64-d6ff11a380b4,2026-07-01T13:47:53+00:00
5d555285-74d0-4a9a-876a-edfb5950ca38,0e617553-4f5c-4b96-b9e5-2303568f5623,a1e4b04f-3354-4716-9914-0e447f91fb26,2026-07-05T01:33:14+00:00
b2c6e48b-fcf5-414f-b128-04b94674f598,0e617553-4f5c-4b96-b9e5-2303568f5623,b2d72011-02df-4d85-8d8c-9c12e9aa4b3a,2026-05-07T05:55:45+00:00
56e675c3-b943-47da-bbbb-863ee94a17bf,80bba286-df47-4cb0-8705-bcef376ba27a,89d77857-c92a-42dd-af96-5df74aa05d59,2026-06-08T15:30:29+00:00
7dc9622f-e6e3-4c1c-9fa5-0dc4e6513555,80bba286-df47-4cb0-8705-bcef376ba27a,a1f3b9bd-77ee-4e74-b526-4ee00f40666f,2026-05-20T08:01:48+00:00
1e6fe69a-2ff8-47fe-ba33-905ec9f6cf8d,80bba286-df47-4cb0-8705-bcef376ba27a,39253471-72c7-42b6-ad3a-569f5728f21e,2026-03-05T00:06:02+00:00
95b2b3ff-2a37-4e60-afaf-1041efc276e1,80bba286-df47-4cb0-8705-bcef376ba27a,780c8367-fbe3-4f3e-bb65-e449f49742c2,2026-02-09T08:30:02+00:00
69b5e43a-fbbd-483b-992d-a6b123c59b09,80bba286-df47-4cb0-8705-bcef376ba27a,81580b74-dbe8-44df-8f83-7f8b59a8d123,2026-04-13T17:54:56+00:00
27bc4183-96d9-4189-8cde-d8a17b2cfd82,80bba286-df47-4cb0-8705-bcef376ba27a,4baa25b9-1700-4782-a80b-d9e663939f70,2026-07-01T01:21:17+00:00
7bf34ba1-f410-429c-835f-cde80eaea344,80bba286-df47-4cb0-8705-bcef376ba27a,4495e555-157c-430a-9288-2c59115408fe,2026-02-22T08:56:54+00:00
d12ebea7-1108-4231-a24e-2e1c1266c3c9,80bba286-df47-4cb0-8705-bcef376ba27a,1162a399-ae84-499c-86eb-5c0b8d4bd19d,2026-02-17T15:23:41+00:00
e1351f0f-4f6b-4da1-b6a9-3deeff5478ca,80bba286-df47-4cb0-8705-bcef376ba27a,eff13da1-a531-4767-95ce-387f2866993e,2026-06-25T22:14:14+00:00
999ddd5d-febc-458a-9e10-0a0bb1020bd3,80bba286-df47-4cb0-8705-bcef376ba27a,149f866d-6114-4c68-8b49-00b27b0caa12,2026-04-03T05:15:41+00:00
4a65efb4-e238-4ae2-932f-1f53b0bc813f,80bba286-df47-4cb0-8705-bcef376ba27a,e2bc1752-1983-472e-bbd9-c6fae7cac58a,2026-02-09T17:36:38+00:00
ceb3b1e1-0143-4e21-a458-36667bffb34e,80bba286-df47-4cb0-8705-bcef376ba27a,c568b27d-f55c-43c4-b16c-2ded8343488b,2026-06-28T03:56:15+00:00
e53820d1-efc3-442d-9bc3-3eb414cf0b05,80bba286-df47-4cb0-8705-bcef376ba27a,632a3efa-008f-4d2e-9fa6-0a2e1c332a14,2026-02-08T14:08:23+00:00
c489dcce-a062-4d43-a36a-5ff6dd4a3db4,80bba286-df47-4cb0-8705-bcef376ba27a,4fb579ea-1574-44fa-af02-83f6cb410836,2026-08-15T23:14:25+00:00
a0c61bbf-03a6-4fad-97c0-49590a2354b1,80bba286-df47-4cb0-8705-bcef376ba27a,093a360d-63cd-446f-8cc4-cceafcd033c5,2026-02-06T14:55:11+00:00
0ed495de-2176-4b94-adaf-d24eb0d70b96,80bba286-df47-4cb0-8705-bcef376ba27a,633e35cc-49f2-45eb-961a-e210bcd9d073,2026-03-07T14:02:54+00:00
aabf6a7b-25db-47c3-84d3-8ea178a4d931,80bba286-df47-4cb0-8705-bcef376ba27a,cf7bc542-a4a8-4473-9640-41c0acb7aea5,2026-07-20T03:35:28+00:00
b3c18a9c-2b88-47bc-a76d-a18e314f4d41,80bba286-df47-4cb0-8705-bcef376ba27a,bb3f9ce6-0a1f-4b57-afad-55266a6686f8,2026-06-24T02:14:43+00:00
565fcb21-c9d4-4475-ac06-744c3fc21d14,80bba286-df47-4cb0-8705-bcef376ba27a,5f6d993c-4bf7-46a7-97c5-66326662827a,2026-08-31T08:26:54+00:00
49f4f55e-3cb3-4fde-9281-fe963ea5cd32,80bba286-df47-4cb0-8705-bcef376ba27a,5d1a62df-3bdf-4836-a4d0-5dd139fc5e81,2026-02-21T04:16:31+00:00
e9c5e59e-0524-46c4-9795-aebed53ff149,80bba286-df47-4cb0-8705-bcef376ba27a,398c4a87-ea96-40b1-9d0b-21f40b43e5db,2026-06-30T05:45:23+00:00
657e7b70-130a-43f3-8c04-076179a18c32,80bba286-df47-4cb0-8705-bcef376ba27a,36d2e780-1eb8-4905-beb8-e2ebc5c6adb1,2026-06-21T01:40:46+00:00
d52a6365-3d08-4fc1-8560-7a11fe4e6f08,80bba286-df47-4cb0-8705-bcef376ba27a,c88efa62-e4cc-4ce2-825d-a2d3bda7324f,2026-06-26T15:43:35+00:00
f34e4294-3fc9-4354-a210-24743063abcc,80bba286-df47-4cb0-8705-bcef376ba27a,ea8951c3-9063-4555-961a-8fcb0cc9fd92,2026-04-20T16:22:34+00:00
50a13460-4e5a-411f-998a-8de64bcc422b,80bba286-df47-4cb0-8705-bcef376ba27a,64d51d94-4f34-4e31-980e-5bf1b969932e,2026-05-15T03:08:37+00:00
876a9800-463a-4bde-8bd2-dae3b94109f2,80bba286-df47-4cb0-8705-bcef376ba27a,4333f52d-82f4-4fb4-b6c0-44d327f5b25a,2026-07-05T19:12:51+00:00
22dcc132-5419-4d8f-b762-5b2134f30b19,80bba286-df47-4cb0-8705-bcef376ba27a,2709bb2d-e639-44c0-920f-80a9f4c4955e,2026-05-26T17:05:48+00:00
9427b6b4-c0b2-4a31-914d-327fa38447bf,80bba286-df47-4cb0-8705-bcef376ba27a,74375a59-e8c7-406f-8580-d46c74187dc9,2026-02-05T23:58:09+00:00
c45c93a3-c3e9-4038-bb28-0e8d062dad9b,80bba286-df47-4cb0-8705-bcef376ba27a,9e2d608b-d89b-47b6-a9be-d7becb140d83,2026-08-11T12:53:17+00:00
9c357a21-ce13-4c89-a69e-b0c508cf9cdc,80bba286-df47-4cb0-8705-bcef376ba27a,7275315b-de5e-4c67-9b01-11b25728750a,2026-02-20T23:58:16+00:00
201751a7-c1c1-4059-9055-9e48ad08d34a,80bba286-df47-4cb0-8705-bcef376ba27a,b79ed613-8b3e-476e-8337-9d3542f26656,2026-06-12T09:19:37+00:00
d7b1f834-b209-48b3-81c7-b325d3a19265,80bba286-df47-4cb0-8705-bcef376ba27a,e818f248-82e9-43bc-9ab7-27d5be02776b,2026-04-18T20:50:34+00:00
053fdb17-edc3-4047-9b11-e275d3abc319,80bba286-df47-4cb0-8705-bcef376ba27a,b2ebd1c7-416b-4645-a522-88f29c4fd3fa,2026-02-09T21:59:43+00:00
dde8228c-5009-4687-a284-530aaede5a55,80bba286-df47-4cb0-8705-bcef376ba27a,4bcfb395-99a4-40b8-a38e-0576e4ded0dd,2026-03-01T23:41:06+00:00
7de20f58-9ae6-4b0d-89b6-7e85a1822310,80bba286-df47-4cb0-8705-bcef376ba27a,a105a7b4-bf97-4183-b330-e5764873fe47,2026-04-22T22:55:31+00:00
32500fbc-3b0b-4f4f-af0c-bd477252d64c,b4db6b06-129a-4f2a-b2bd-c9e0f87adbdf,a1e2e693-3bde-4f70-9281-01259889ee69,2026-02-23T22:17:54+00:00
12530560-061e-415a-922b-9f4c4b5714d8,b4db6b06-129a-4f2a-b2bd-c9e0f87adbdf,149f866d-6114-4c68-8b49-00b27b0caa12,2026-03-21T10:15:19+00:00
c52aadf4-a4a2-463d-bf92-b02e482670df,b4db6b06-129a-4f2a-b2bd-c9e0f87adbdf,2b77ffd4-2ea9-47fb-b996-21cee3b20d07,2026-02-18T17:52:30+00:00
10280679-3df8-43c9-9cd9-1bcb0c1c4046,b4db6b06-129a-4f2a-b2bd-c9e0f87adbdf,b351150e-5cf0-43bc-b851-996d3a1796be,2026-04-18T19:12:04+00:00
7a96a03d-2739-457a-91d5-fc399d4b5dd1,b4db6b06-129a-4f2a-b2bd-c9e0f87adbdf,e81d0345-b7a4-4bc0-82b3-de121ed5ff87,2026-06-27T09:17:46+00:00
b6935e1a-5daa-420b-a31f-fd43d65484cc,5de458d4-fa85-4f8f-ac31-fe3c0c649a42,e81d0345-b7a4-4bc0-82b3-de121ed5ff87,2026-02-12T17:55:54+00:00
ad795422-6d78-44f7-aeb3-ff0aa4c916d2,84d476fc-30c3-45c1-8a3d-f037c4ed9296,2ad9462f-49f8-4d9a-8f1f-6f573c1e266f,2026-06-09T09:22:49+00:00
b8d5dca2-af37-4799-8f5b-a1b71c47f6e4,84d476fc-30c3-45c1-8a3d-f037c4ed9296,c0856bc5-aa1f-4d9b-908d-b8dac1c3d5ee,2026-08-06T11:24:56+00:00
9e219a01-7dd0-4aef-8cab-aebb3a1724ca,84d476fc-30c3-45c1-8a3d-f037c4ed9296,37b056fd-db76-44e8-887c-28d49a739c21,2026-03-18T19:15:38+00:00
64bef223-77c3-44e7-b9c8-110fcb92f255,84d476fc-30c3-45c1-8a3d-f037c4ed9296,de74cf8e-baf2-424d-9e05-fa5a4aefa19e,2026-05-27T22:46:15+00:00
d6483785-bc07-459d-b1ab-5b0a4dca3833,84d476fc-30c3-45c1-8a3d-f037c4ed9296,ac90d181-ee36-49c7-a813-3467b90807dc,2026-06-24T04:47:05+00:00
491e63e9-d9f6-4087-beb2-4b373b198ecd,84d476fc-30c3-45c1-8a3d-f037c4ed9296,a80b24ca-19f4-4796-9a5e-683f4e8f7b14,2026-02-08T00:23:14+00:00
6856ce06-5eec-4467-81af-833964ca2298,0b1d3bd7-3956-4a92-8ae9-20624dfcb141,196c8a45-2038-46e5-8065-a0792d9b87af,2026-02-28T02:20:36+00:00
705756db-6cf8-426f-a039-8f96221a43c0,0b1d3bd7-3956-4a92-8ae9-20624dfcb141,e5ead316-9492-4d0f-92fe-e9ee1533cfbf,2026-02-13T06:01:56+00:00
1be6b1b6-6a7c-45c6-9c2c-8a3c6a567ef0,d2966cc1-191a-4776-bc35-288e7bb4cf15,594a9fe8-338e-48b9-bf94-45ec42062580,2026-07-05T12:30:46+00:00
0d6f34c9-e296-4fb9-85a3-59cad624650c,d2966cc1-191a-4776-bc35-288e7bb4cf15,dce19236-e6ac-4b25-8861-f9bf621963fd,2026-06-28T08:33:57+00:00
12848364-febc-4e4c-95f6-4b82b24f9a80,d2966cc1-191a-4776-bc35-288e7bb4cf15,2309ca71-b2a1-41d4-93da-72d42bb24e63,2026-07-22T11:54:46+00:00
123dd26c-a937-4d99-86dc-7bb3ae3bd185,e68fc596-53ea-409d-ae7d-4511e9c2c2ef,39387e77-2cf5-4e83-a449-610606391894,2026-02-10T15:03:07+00:00
990d0216-dd53-4b3f-bf65-84b4f9e719ec,49eee5d6-1e69-4995-8654-08c57e585ad9,c917de22-1a11-43a3-8cb6-6c865488a5b4,2026-02-13T04:13:14+00:00
6f920542-ac51-4541-bab7-234bfb542e18,0e1cf60e-599c-4384-89b2-3aedf6e32460,2709bb2d-e639-44c0-920f-80a9f4c4955e,2026-02-12T20:16:40+00:00
bf725020-3e76-477c-81a5-a0f1d0e43309,8561f43a-4de6-4d69-8fdc-81cb500ca57b,34441c15-0467-4b92-b3ab-8deb1054c830,2026-02-12T22:18:12+00:00
ef7001d0-af52-442d-ba42-571eaddd9e80,8561f43a-4de6-4d69-8fdc-81cb500ca57b,0a9a118f-fbfc-414d-a857-63246dad3ee3,2026-02-13T16:41:56+00:00
e002edc0-de7b-4f94-91f9-32663fe4c189,8561f43a-4de6-4d69-8fdc-81cb500ca57b,99d52a61-bee5-4684-9df6-159e47cc27be,2026-04-14T03:14:04+00:00
db67d9bb-54d2-4832-9004-fa826dd29712,511e49b5-987f-4ad0-bac0-66235047d333,819e531a-e9e2-4d6e-92fc-0f0bf2f0f251,2026-02-28T11:08:38+00:00
f8b2be97-8c9a-4c25-84de-111f7e0b2ab1,511e49b5-987f-4ad0-bac0-66235047d333,e577a84d-38e8-4685-91ae-611ca1c68aca,2026-02-17T13:46:55+00:00
7cc70be0-acde-4f3f-802d-bdfc31e8391e,511e49b5-987f-4ad0-bac0-66235047d333,dfb7e95f-260e-477a-a24a-a98cf163a43a,2026-02-13T02:11:06+00:00
732fdc32-72e9-4728-b8bb-a9e61f923edd,511e49b5-987f-4ad0-bac0-66235047d333,0df66891-b25c-4d7b-98bc-826d9e286a20,2026-02-13T20:06:15+00:00
dbf259f9-9f65-4022-9968-8a993324c2a4,633f396a-5230-48fc-b714-ff4dae685140,a65291d3-0e33-4ea9-afd9-e6056f5fec42,2026-06-16T19:45:36+00:00
73d588c8-8c11-41ac-bab4-6cfe7341b5f3,633f396a-5230-48fc-b714-ff4dae685140,0a9a118f-fbfc-414d-a857-63246dad3ee3,2026-02-13T16:28:57+00:00
ae37d292-2dfd-4cac-9556-8c8ed5c9dd13,633f396a-5230-48fc-b714-ff4dae685140,a83115e6-95d7-4710-8785-ad490862eb1d,2026-07-07T11:39:49+00:00
606d2630-e028-4192-8165-fe81d4bc1e18,633f396a-5230-48fc-b714-ff4dae685140,aea754b5-366e-4133-98b4-d7a02489d027,2026-03-27T17:31:53+00:00
25532dc5-6ec5-40ac-9b45-49deefbe9b8a,e799613e-c8c8-45ab-9948-909ed38ce154,904d370b-c057-4076-ab96-6f35351482c2,2026-02-14T07:45:14+00:00
20cda862-e859-4ad5-86a5-47439f019054,e799613e-c8c8-45ab-9948-909ed38ce154,20643c6d-5091-45f4-96dc-2970aa107c3a,2026-07-10T12:23:07+00:00
30db226d-8bbe-46c3-85cb-d9c06465ccb0,e799613e-c8c8-45ab-9948-909ed38ce154,17b21723-fa8f-407d-8126-f99b09b1578a,2026-04-08T15:33:09+00:00
17d3a0a2-05e3-48ab-80d1-a893371ea522,e799613e-c8c8-45ab-9948-909ed38ce154,bacf1c32-002e-4d62-8c6c-221609513f2f,2026-03-09T00:43:17+00:00
22ab5296-1143-413c-bd84-b507f79cbb05,f64936ff-1fab-4662-8815-5242231503f3,acecd3bf-b042-4b84-be29-27585dc68137,2026-02-25T19:13:42+00:00
02d4ea55-be50-4063-b862-c69dd76fb4dd,f64936ff-1fab-4662-8815-5242231503f3,6d89186c-9abe-4266-84b8-a5f301062693,2026-03-23T18:49:16+00:00
f9a78881-4cdb-4ffe-9099-0ad55db2a319,f64936ff-1fab-4662-8815-5242231503f3,7a537b60-7891-4d8a-9a2d-3dc4f49961e2,2026-08-31T22:26:30+00:00
c72e3c84-55fd-4aae-8975-920b403da9bd,f64936ff-1fab-4662-8815-5242231503f3,00501fb4-95d9-40ea-9f41-8fe9015dbc62,2026-05-25T13:41:53+00:00
cca53502-b237-4b4e-a2d0-0b6fef85f5eb,f64936ff-1fab-4662-8815-5242231503f3,dd97c4bf-c562-41cd-943b-218a8b5baac4,2026-02-17T16:08:20+00:00
f8a686f9-e580-42f1-95fb-be579778342f,cec6aaa0-3bd4-4203-b9ab-e618665eecaf,40b381d1-9fae-4307-9737-cc332f541b94,2026-02-27T01:46:13+00:00
8f37fd9a-1dcb-4ffe-a2b4-d6e9546e3812,cec6aaa0-3bd4-4203-b9ab-e618665eecaf,94d89ccb-983f-49df-97a7-1886973331bd,2026-08-30T10:00:19+00:00
e33865be-6e34-4bbf-9900-5115dbccbcdb,cec6aaa0-3bd4-4203-b9ab-e618665eecaf,717aa351-fab1-415d-aa39-5e7d6202e3d8,2026-03-09T21:49:15+00:00
6f937abe-3c54-4a84-ab41-1c1588077e64,cec6aaa0-3bd4-4203-b9ab-e618665eecaf,94b88316-7ce0-493b-8421-126aaef1e308,2026-04-11T23:28:50+00:00
4724fd4e-e8af-4c04-8447-39a9b28e64cb,cec6aaa0-3bd4-4203-b9ab-e618665eecaf,b8d5ebaa-e3a1-4774-8f3c-355409546348,2026-02-17T07:47:29+00:00
a8a8b591-e87b-4be6-a12e-fcd64491c595,cec6aaa0-3bd4-4203-b9ab-e618665eecaf,5c16ef18-8047-4cc4-806c-4ef9df6de907,2026-02-22T07:19:11+00:00
5f5a705b-8c7e-4c5d-8365-4fafcbce0852,cec6aaa0-3bd4-4203-b9ab-e618665eecaf,200f9843-09b8-49fb-9a99-30710133815e,2026-03-02T09:46:32+00:00
75ac7f15-30e1-49f8-92d0-7701129c9c10,cec6aaa0-3bd4-4203-b9ab-e618665eecaf,5c27de08-e263-49f8-b85c-5d1bfb70223d,2026-02-17T01:45:58+00:00
063f6e50-ad66-407c-bed5-270fd686c2d7,cec6aaa0-3bd4-4203-b9ab-e618665eecaf,3f7e714c-fb4a-44da-ac98-bf39d35e490e,2026-03-02T20:35:46+00:00
ce4643fd-b87d-4b9a-9a4a-2f679e8b4513,cec6aaa0-3bd4-4203-b9ab-e618665eecaf,529918b7-4817-40fc-b552-52aa5098a29e,2026-02-19T07:02:15+00:00
847ed195-6b70-4b5d-8b19-ea0ed56993c8,cec6aaa0-3bd4-4203-b9ab-e618665eecaf,a4870570-7c5f-4b20-8e76-eb3e4f83bf13,2026-04-14T00:24:21+00:00
59d8bb0c-e18d-42a0-9a22-d721e6279332,5c84b3d0-96ca-479e-b1b6-cc32d71b12ea,8c8fe70d-f210-4c11-976f-5eead540b18e,2026-05-20T13:08:42+00:00
6e16ffe8-db50-4d80-b4b0-8a07c1bb883f,5c84b3d0-96ca-479e-b1b6-cc32d71b12ea,d4753420-55e3-4598-a047-da09e69fedd7,2026-03-25T11:43:10+00:00
b2c74b0b-7725-484e-9659-fc9c61e0edef,5c84b3d0-96ca-479e-b1b6-cc32d71b12ea,16a2805a-f042-40e2-a4f8-2002ffbe4cf8,2026-06-26T00:16:56+00:00
a5f1f8bb-79ae-4182-b69d-710509f3e14a,5c84b3d0-96ca-479e-b1b6-cc32d71b12ea,98975cfd-3638-4842-83fd-fb6f839b37d9,2026-05-16T17:00:43+00:00
0ef87f21-8518-42c0-a1a0-1757b5322fcb,5c84b3d0-96ca-479e-b1b6-cc32d71b12ea,bef562aa-7b99-4438-b976-0c3e350379ee,2026-07-05T19:16:00+00:00
5cea5de2-e7cb-4f9c-a16c-1ffad017ba7c,9ccb0d89-8c64-4961-b351-a51fbdb288e0,1fba3799-d4cc-4a1c-84d6-51146012067e,2026-02-26T14:35:43+00:00
ced10c38-fc77-4f7c-b72e-8598f7e052f4,9ccb0d89-8c64-4961-b351-a51fbdb288e0,f3189547-b5c9-4076-aab8-d864b3815677,2026-06-23T05:01:59+00:00
1d04f73a-7bda-4461-892e-d9eca3cb2871,9ccb0d89-8c64-4961-b351-a51fbdb288e0,d4e30b6e-aa93-40ee-8750-e1f001abcea7,2026-03-09T17:47:00+00:00
4ccc54cc-16f3-4ba6-8f81-86149c982b7e,31f26598-e065-4558-821f-097008c77184,b371ce5e-bc61-471a-9390-abad4474dcdf,2026-03-17T18:47:24+00:00
3effee4b-14bf-4b7a-91ff-68939eecc242,31f26598-e065-4558-821f-097008c77184,c6fd42f0-6060-47cf-a8e8-e24dcaee7d26,2026-04-03T16:30:02+00:00
04a48ea5-2903-452b-8faf-c7dd0c622271,31f26598-e065-4558-821f-097008c77184,e81d0345-b7a4-4bc0-82b3-de121ed5ff87,2026-02-18T03:49:38+00:00
d3bce404-83bd-4c1c-bad9-5131f0144bb5,31f26598-e065-4558-821f-097008c77184,94b88316-7ce0-493b-8421-126aaef1e308,2026-02-18T14:00:39+00:00
a92f1d02-6de9-4172-b838-1bef1ebeedbc,31f26598-e065-4558-821f-097008c77184,a0dc85a3-3764-409c-83f4-50635837ae0f,2026-05-30T08:09:28+00:00
4bb11153-ff73-4876-8147-605f39a352c4,31f26598-e065-4558-821f-097008c77184,febd8921-9308-4e28-acff-1ae8386589e3,2026-07-12T10:29:53+00:00
d1ab8922-6303-473e-8643-374a4cb43830,31f26598-e065-4558-821f-097008c77184,8fa42630-14d9-4824-8c8d-b2642218ce75,2026-05-03T12:37:13+00:00
1e0028b3-e4f0-4d09-84dc-0cc8c8442ba6,31f26598-e065-4558-821f-097008c77184,4880e488-a1c2-4958-ba10-b7c3297adba8,2026-05-03T14:41:06+00:00
b90ac491-f3d1-456c-82b2-c0bcac0eca17,31f26598-e065-4558-821f-097008c77184,666bc6ff-a4ef-4446-b1f3-452d89ab9300,2026-02-20T03:59:41+00:00
67701c80-6647-46b4-a1c1-7037973c1772,31f26598-e065-4558-821f-097008c77184,dce19236-e6ac-4b25-8861-f9bf621963fd,2026-07-28T23:22:16+00:00
bb05ca94-81d8-413c-a843-4f1eab685089,9200de05-1275-4b9f-955f-bd0b9b2c98be,58257853-1e57-4d62-9ffa-e3bb46ea2cbd,2026-02-19T17:03:39+00:00
fb3bb265-f38e-411d-8f41-5e85d73fe87f,2a4c6daf-00ba-47e3-8de1-8ae14e13a0c7,46d70937-d07e-4077-b289-a72c50dbc1f5,2026-02-20T19:00:45+00:00
bce0ec88-41ee-4526-8c4e-f4e5748b2ba6,7b22edc4-8ce6-4cd2-baea-1b9e1051ada6,8c8fe70d-f210-4c11-976f-5eead540b18e,2026-02-24T08:32:58+00:00
dc4d90f7-846e-418e-85f2-2526b330c101,7b22edc4-8ce6-4cd2-baea-1b9e1051ada6,501e8ce4-ec88-49ee-8091-df9797903b55,2026-03-28T23:08:19+00:00
f7d5657c-205c-4dc9-9c62-4d3ff3379e18,7b22edc4-8ce6-4cd2-baea-1b9e1051ada6,91848802-a58f-4fc5-939d-8395eb0c4868,2026-07-24T06:25:25+00:00
82df0c32-705e-4b3e-a880-5229f00aa9a5,7b22edc4-8ce6-4cd2-baea-1b9e1051ada6,6dfecb7f-63bb-498d-909f-4cbd7fd015e7,2026-04-04T15:23:45+00:00
4be1c962-c1da-4627-a6f0-a574fe509337,7b22edc4-8ce6-4cd2-baea-1b9e1051ada6,c0856bc5-aa1f-4d9b-908d-b8dac1c3d5ee,2026-06-01T02:40:58+00:00
2ecd6c8a-a9b2-4288-9703-9ff687f48442,7b22edc4-8ce6-4cd2-baea-1b9e1051ada6,7d2e833a-8242-43a6-93ca-e79df0b2cd59,2026-04-18T13:36:33+00:00
78e20a0b-9604-46de-b8e6-41f590a6a035,7b22edc4-8ce6-4cd2-baea-1b9e1051ada6,dc64b030-9ad0-4b7f-aa39-1ea19decb440,2026-03-26T09:49:28+00:00
7a4a19c5-7830-4f7b-8a33-6c1ebab22429,93b69adb-26ea-4ed3-b87a-8dd159feac9b,aa179f68-3aae-4474-991e-448842620800,2026-03-06T19:22:00+00:00
ffd374e9-62fe-4c71-b93f-b19433504fd4,cd403da8-3b4e-499c-bf83-1a1ee6ed11ee,7d2e833a-8242-43a6-93ca-e79df0b2cd59,2026-07-05T16:42:41+00:00
962925e2-796d-4fac-bade-14c01824e366,cd403da8-3b4e-499c-bf83-1a1ee6ed11ee,feb4d905-0b79-4ac5-9d53-4c64f8023f17,2026-02-27T17:39:45+00:00
99428745-c8e2-4e2b-9c2f-05405d09d05c,2b59d4c6-1a46-4c66-b124-60c08f1e1328,b3a594ad-c0b2-4c4f-9c16-36e5268f731d,2026-02-24T05:34:18+00:00
c1d17dba-ad07-4c21-9b05-bcc2dbcf1e92,2b59d4c6-1a46-4c66-b124-60c08f1e1328,006cf2a0-aba4-468e-933a-b50f8c76a23f,2026-02-24T19:40:46+00:00
9ed80d44-c4dc-48bf-a593-9f7a7ef3685f,2b59d4c6-1a46-4c66-b124-60c08f1e1328,4b87053a-c2e0-4a91-bd88-3da84717c1af,2026-02-25T03:24:12+00:00
eb753bc2-4485-45c6-91ee-461ac1e998d0,d0790222-84f1-4897-89d0-7da113e886bc,16ec2a95-5cdd-472d-bb70-f569bc0cea3c,2026-02-25T05:09:20+00:00
a5faf266-8c78-491a-b1a6-c8d3c7eb510f,d0790222-84f1-4897-89d0-7da113e886bc,1a3b8eb4-9217-4dfe-a345-ac6a2076c9d5,2026-02-25T06:29:39+00:00
4b32aaf8-b8ab-4632-8622-3eebfc54069d,6d6e986f-3cbc-41d1-ba03-0ce510ee357f,d4be3d17-49dc-4e35-953b-ddb3c7c6c4a2,2026-02-27T02:10:13+00:00
3a7a0c35-396c-43c6-ba82-df56175f2489,cbfce56d-13ff-47cb-ac09-7a62a9fd6716,4880e488-a1c2-4958-ba10-b7c3297adba8,2026-08-27T13:35:27+00:00
65c98d48-0bf9-4504-8bd1-d1ca90feb194,cbfce56d-13ff-47cb-ac09-7a62a9fd6716,f7318ac8-5529-4cd7-98ea-c6b5c629b8b2,2026-04-16T13:01:50+00:00
a2eeb9ad-2b88-4584-a46d-19f8b2ebc638,cbfce56d-13ff-47cb-ac09-7a62a9fd6716,743aae1e-e024-4953-a3ae-1413333f514f,2026-04-28T13:46:23+00:00
b7f3193b-1506-49a8-b94a-a2c630eb8d6d,cbfce56d-13ff-47cb-ac09-7a62a9fd6716,29f2c43b-7cbe-420a-a7cb-2ede9cf6dd4c,2026-07-09T15:30:12+00:00
ff2762c4-d02b-4c01-a8d6-02364ba73393,cbfce56d-13ff-47cb-ac09-7a62a9fd6716,6f5ed66e-e07b-48ed-b59a-b63d714e545e,2026-08-02T15:03:29+00:00
625df647-0f1e-4e80-9a12-ec0b9be22d18,cbfce56d-13ff-47cb-ac09-7a62a9fd6716,5c16ef18-8047-4cc4-806c-4ef9df6de907,2026-03-18T15:55:34+00:00
47907a11-7d51-442a-86d7-aadb3fa780ad,cbfce56d-13ff-47cb-ac09-7a62a9fd6716,e76cf478-5afa-46e3-a39b-b02c23d6bb1b,2026-02-26T22:17:59+00:00
a955b89e-935d-4c1f-841b-785ac01656c6,cbfce56d-13ff-47cb-ac09-7a62a9fd6716,42688444-55cc-483b-a92c-df6777013516,2026-03-09T22:40:10+00:00
cbd60d52-dd3a-46cb-90dd-e985284589d4,cbfce56d-13ff-47cb-ac09-7a62a9fd6716,419a8edd-8c3e-484b-9354-7867568dd931,2026-02-27T11:48:40+00:00
e7a7a8b4-97f9-40fb-99c5-feb36de4acdd,781273ac-a954-44a0-a834-10a068ce305c,006cf2a0-aba4-468e-933a-b50f8c76a23f,2026-03-07T01:31:15+00:00
a412bfd6-5e48-449a-9fb7-e7a4729df799,781273ac-a954-44a0-a834-10a068ce305c,bfd8403b-80c0-4664-aaab-0599f13df1e7,2026-03-18T09:21:49+00:00
bdd85ae9-1023-4dc6-817d-d6ffb6832107,781273ac-a954-44a0-a834-10a068ce305c,2fdab17b-b531-49bd-b7bf-e2eccda6e5eb,2026-03-05T05:11:11+00:00
da5a043c-f639-4206-aba9-293eb6a7694b,a11ea498-e484-4f0a-967a-5ed759dd42cd,7524322e-1510-48cc-868b-8d59b328109b,2026-02-28T06:22:06+00:00
f3a55f3d-5435-4f71-a105-6ec531ab4938,a11ea498-e484-4f0a-967a-5ed759dd42cd,37390ee9-6f2d-4d2e-b299-70e58443cd04,2026-03-15T23:54:35+00:00
a7222729-95db-47b5-b2cd-059bfa01b406,a11ea498-e484-4f0a-967a-5ed759dd42cd,faf9f76d-15dd-40c4-90fb-91488cd8bff1,2026-03-09T17:22:10+00:00
8ccc9284-0b12-4a36-99ab-d344b143958f,8b8f9d7b-cdda-458e-a256-e8af65446a5e,919c1afb-25b2-4b3a-bfab-39ebe9e77e2c,2026-03-27T13:41:15+00:00
3906a400-3d80-4f04-a638-8eb0594cc514,8b8f9d7b-cdda-458e-a256-e8af65446a5e,c08ba214-af45-4563-93bb-a8e532a24418,2026-03-15T09:05:47+00:00
80d8993c-af6c-4cbf-a80e-6d8a238bb2bf,80f19598-dad9-42d4-b755-ec142fb7acba,ceb5b100-6d16-4a2c-a1ac-94145b871907,2026-03-02T13:13:11+00:00
5cdd58f6-2caf-41a6-b153-65f0913fb974,c30f7510-b78f-495c-8472-386a997175a7,caa94dc0-81be-4dfa-8bc4-fa28c1ea5e7e,2026-05-05T03:40:20+00:00
269bc384-c772-434a-869f-b3a6c78973b7,c30f7510-b78f-495c-8472-386a997175a7,481984d9-8844-4ba6-aecf-3d3fd3c177fd,2026-07-11T02:39:45+00:00
a45dd9ec-6c2d-4cb9-a9b9-55bae35a5afa,c30f7510-b78f-495c-8472-386a997175a7,4ebe2d9d-c6fa-4b8d-9722-091f249504c7,2026-03-04T07:29:33+00:00
db3f7586-7669-47de-b003-bcd4dc488522,c30f7510-b78f-495c-8472-386a997175a7,57d2ea34-ccda-48c1-82da-d0d973b20d87,2026-03-29T22:21:34+00:00
568e2e0f-623b-4fb3-9dd2-fcc013dd1f97,c30f7510-b78f-495c-8472-386a997175a7,1e35bc63-b9b9-4dc0-bbca-ba32d6a1676f,2026-05-15T15:30:24+00:00
a23db287-4c3c-4d4a-85af-a13d41e1c9f3,c30f7510-b78f-495c-8472-386a997175a7,c917de22-1a11-43a3-8cb6-6c865488a5b4,2026-04-05T20:43:04+00:00
67bdb920-7daa-4d37-aef8-5df2df58e69c,c30f7510-b78f-495c-8472-386a997175a7,1d60fe82-43d3-41ca-b4b2-47f71aba1916,2026-03-07T03:08:19+00:00
c797ec3c-41e1-40c0-9cf5-9c890693e34a,c30f7510-b78f-495c-8472-386a997175a7,2025475c-1545-4632-8937-5fe6f57953a0,2026-04-09T02:54:46+00:00
cc73ddb4-c766-4b7e-a6a1-a7a2565b5809,842cea88-1f69-420c-ab47-2cd5ac467723,c88efa62-e4cc-4ce2-825d-a2d3bda7324f,2026-07-15T17:46:24+00:00
cc92901a-f2a7-4c20-b5fe-7679feb63900,842cea88-1f69-420c-ab47-2cd5ac467723,8fa42630-14d9-4824-8c8d-b2642218ce75,2026-06-01T22:40:49+00:00
aad5bff4-c741-4552-ae7d-e5395ea37d5b,842cea88-1f69-420c-ab47-2cd5ac467723,cbeb0053-cbef-4e60-8755-1445364e1ffa,2026-03-07T11:04:19+00:00
d249e69f-969b-451c-b827-4f687be350e8,842cea88-1f69-420c-ab47-2cd5ac467723,fee6b0c5-a98d-4b4e-a30d-2cb91bee01ea,2026-06-04T19:26:40+00:00
93d3309e-38c5-4384-b9d1-32ae7eec6325,842cea88-1f69-420c-ab47-2cd5ac467723,3c4a47de-e63f-470d-a750-5453edea905e,2026-07-05T13:43:23+00:00
9db1bf37-9040-4361-af0b-477a3a30ec89,842cea88-1f69-420c-ab47-2cd5ac467723,ea8951c3-9063-4555-961a-8fcb0cc9fd92,2026-04-11T08:41:51+00:00
f27b6bad-bbea-4018-81d4-5fe087f1f120,842cea88-1f69-420c-ab47-2cd5ac467723,1162a399-ae84-499c-86eb-5c0b8d4bd19d,2026-03-08T22:16:44+00:00
cd16d057-6192-4502-a3b9-4c0dfb3f1f87,842cea88-1f69-420c-ab47-2cd5ac467723,c3e6de0b-ae0e-464a-aeef-51bebdd50073,2026-03-07T12:32:35+00:00
16364d01-aa25-4a8e-92e9-d0d668a75a9f,842cea88-1f69-420c-ab47-2cd5ac467723,7352bdf0-d7cd-4554-b7da-0f69eabb5ce6,2026-03-04T02:36:09+00:00
99561cf0-f632-48b0-8875-702a1938aa82,285ce0f1-30b9-4c09-b55d-f4ec871cd10e,aebbbd34-c750-4cee-b298-18c1698b9b92,2026-05-03T11:30:35+00:00
a386ec37-dfb2-4529-89bc-907aa6e5c4af,285ce0f1-30b9-4c09-b55d-f4ec871cd10e,9fa1bd7e-fe95-4d72-89e0-17853678fb5b,2026-03-23T05:41:18+00:00
8b7628fe-2d86-42e2-8810-f04dc81f1a74,285ce0f1-30b9-4c09-b55d-f4ec871cd10e,30af9bdd-a273-4b60-bac7-ca71cf3d5ef9,2026-03-09T13:51:46+00:00
29c84729-34e7-45ce-b7a2-df56e636e509,285ce0f1-30b9-4c09-b55d-f4ec871cd10e,a1d67684-0efd-46c3-a44d-06a1f1b59626,2026-03-19T22:54:58+00:00
fffb0844-35ec-488f-bf4f-2c39ff26f310,285ce0f1-30b9-4c09-b55d-f4ec871cd10e,efa792df-2f07-4094-99f4-a23935cca18b,2026-03-17T05:28:03+00:00
78909334-436e-473a-8f64-b84412b5469c,285ce0f1-30b9-4c09-b55d-f4ec871cd10e,8d9a7d65-67f7-4c3e-b3ec-57b9652f01a1,2026-04-05T03:47:30+00:00
dc0ea021-441f-4a47-95ce-4caf76ce9425,c5c54ac8-0612-42cc-8e3d-3d56b1273046,f0975694-b83e-4f38-932a-48a07c354e6e,2026-03-16T10:32:36+00:00
46e5b080-c861-45be-a63e-17a94317420b,c5c54ac8-0612-42cc-8e3d-3d56b1273046,42688444-55cc-483b-a92c-df6777013516,2026-06-29T18:51:31+00:00
18f15821-0c11-4857-860d-fd5c5e09f4cc,c5c54ac8-0612-42cc-8e3d-3d56b1273046,8f39dc61-73fe-48e5-9abe-1b74522d2ba1,2026-04-17T19:24:05+00:00
dc874a58-8687-4dbd-9839-8528333cfee7,c5c54ac8-0612-42cc-8e3d-3d56b1273046,7275315b-de5e-4c67-9b01-11b25728750a,2026-06-10T14:46:29+00:00
522e500c-f148-422c-a2e2-1cf016c14553,c5c54ac8-0612-42cc-8e3d-3d56b1273046,9e2d608b-d89b-47b6-a9be-d7becb140d83,2026-04-14T14:17:30+00:00
10d5f82e-6358-43f5-924a-252e8ea2b4f2,25849bf6-0208-47ed-aa20-fffb393ef448,189077b3-db48-4236-959d-98880fad6d57,2026-07-25T21:53:53+00:00
64f36405-ed68-4ce0-974e-943027db46e7,25849bf6-0208-47ed-aa20-fffb393ef448,9c6405d0-d0bc-4e75-8900-4a343d7eec34,2026-04-14T02:37:29+00:00
0c381b2e-8c7e-4c35-967a-395e6e7cc4b4,25849bf6-0208-47ed-aa20-fffb393ef448,156ce20e-a7d6-4a4e-88c0-5e21929a443d,2026-04-23T14:18:11+00:00
bcc4d831-b7d3-48ca-95a8-5988647b45f1,25849bf6-0208-47ed-aa20-fffb393ef448,4fb579ea-1574-44fa-af02-83f6cb410836,2026-03-25T11:16:48+00:00
36cc095e-8282-4129-9dad-7c33f90525e0,25849bf6-0208-47ed-aa20-fffb393ef448,1f5c9368-f634-4128-84d2-ef868162ba53,2026-04-09T03:09:01+00:00
4fe33d09-cf05-4f52-9232-c55048c62ea0,25849bf6-0208-47ed-aa20-fffb393ef448,51910d94-7df2-4595-be53-5b43cb379762,2026-08-15T23:10:49+00:00
b0cffac1-3afa-4c05-a2b7-a2c078c96a76,25849bf6-0208-47ed-aa20-fffb393ef448,6eaf2004-a475-4bbd-b327-ceb492d267a7,2026-08-01T11:32:36+00:00
8fb4315f-6e49-40f8-9c67-6fb213e33b5c,25849bf6-0208-47ed-aa20-fffb393ef448,37390ee9-6f2d-4d2e-b299-70e58443cd04,2026-05-17T01:53:13+00:00
b7de6b31-93f8-482c-80c5-8846f7a58d65,353015bd-b02c-4f8d-bf25-9f030326bae1,c6fd42f0-6060-47cf-a8e8-e24dcaee7d26,2026-05-31T10:57:14+00:00
8a4cb333-1204-41be-ba70-5c44231671b4,353015bd-b02c-4f8d-bf25-9f030326bae1,db16a0e3-1900-4649-86fc-1c299886fc23,2026-06-15T10:19:56+00:00
28fce3b8-9b15-4a1f-9586-788c76f05f68,c837e9d4-2f2b-4ddb-b418-5aeace9f4e22,633e35cc-49f2-45eb-961a-e210bcd9d073,2026-03-29T21:32:30+00:00
702648d9-f49c-4542-9956-22c3e1752ae4,3de9733c-1fbe-433f-82d8-74942f63c9e0,e099a97d-3a12-4986-9f7b-4929504bd92f,2026-03-28T01:59:58+00:00
dffe4c90-bf74-4f37-a9fe-30ddd28d45df,3de9733c-1fbe-433f-82d8-74942f63c9e0,e65dbaf8-02e5-4e0e-a975-b67690763c60,2026-06-01T19:12:06+00:00
2d054f7f-2227-4f8a-96cc-985504efc3aa,3de9733c-1fbe-433f-82d8-74942f63c9e0,19d0052f-3a95-45b1-a564-0bcf21862cd4,2026-03-26T07:31:23+00:00
575433a9-3dbe-449b-b4e7-f9d068f62cb9,aef84117-8f1b-4a5e-b7bd-5ba2bf51f4af,ac4cd2de-69ac-436e-b67e-c476f7f37a57,2026-03-13T12:47:00+00:00
f6703d5f-24a2-452d-b57a-6dacb79a8753,aef84117-8f1b-4a5e-b7bd-5ba2bf51f4af,4183d4f5-30af-4bae-b78d-ab439d20b44a,2026-03-14T17:54:22+00:00
60423151-1fb7-4ea1-ac3a-f5dbfbab5dfb,49efb4da-a41a-40d5-aab0-7b39b3926cee,d97c38cc-0971-42dd-869d-988ad7864fdb,2026-03-15T08:13:03+00:00
5128ce82-a2dc-4a86-b501-15f882d3dd8b,49efb4da-a41a-40d5-aab0-7b39b3926cee,efa792df-2f07-4094-99f4-a23935cca18b,2026-03-28T02:36:53+00:00
b7902c74-3d58-4d2e-80d5-dcebfc012b1e,49efb4da-a41a-40d5-aab0-7b39b3926cee,16ec2a95-5cdd-472d-bb70-f569bc0cea3c,2026-05-25T06:40:47+00:00
f40eaab4-7fe7-4655-a468-abd2c4f763b6,49efb4da-a41a-40d5-aab0-7b39b3926cee,5e792d2c-8426-4884-9092-5acfa7c688ed,2026-04-26T19:39:31+00:00
ed87a940-7ac6-4d2b-bf2a-eea49936197d,49efb4da-a41a-40d5-aab0-7b39b3926cee,21f12625-f34e-45b3-aa99-2c07287fc8b7,2026-03-12T23:55:48+00:00
1d050f62-a3b1-4269-a456-3ed005ce7709,49efb4da-a41a-40d5-aab0-7b39b3926cee,9e8e0225-d22d-409e-a1ce-2e9061fc7344,2026-04-08T09:24:06+00:00
5ad7d527-1eb9-4723-8aa6-5b4a13f040c7,49efb4da-a41a-40d5-aab0-7b39b3926cee,85a05a4b-ce52-43cf-8433-02a2cad529e1,2026-06-07T13:36:56+00:00
08ec8349-73cb-42da-89cb-878e785154ea,49efb4da-a41a-40d5-aab0-7b39b3926cee,398c4a87-ea96-40b1-9d0b-21f40b43e5db,2026-03-18T15:43:23+00:00
25fc18ec-98cf-42f3-8426-bbbfd54070e3,df901683-d48f-4548-a4b3-3b055c0589be,4e4985ea-2b80-4cbe-8d6a-7abfadaa2f26,2026-03-14T05:44:00+00:00
937ba617-e61c-4c10-89cf-655d2be481e3,df901683-d48f-4548-a4b3-3b055c0589be,4333f52d-82f4-4fb4-b6c0-44d327f5b25a,2026-03-13T15:17:49+00:00
7852d105-a5a9-4536-8659-06c9a51ead36,05ecff39-a696-4b06-8459-78a48dd760d7,a205c273-238b-46b5-a568-acfdd37cecb7,2026-04-17T23:29:18+00:00
9cdc8f23-fc53-44c6-985f-cab3ec7e2e23,05ecff39-a696-4b06-8459-78a48dd760d7,67720afd-c98f-4042-88f8-4ee42ce6223e,2026-05-03T05:22:56+00:00
74c633fe-0855-4315-9c7d-1698efc68fde,05ecff39-a696-4b06-8459-78a48dd760d7,89d77857-c92a-42dd-af96-5df74aa05d59,2026-08-18T15:50:02+00:00
1adb38ed-b810-40cd-8959-184185f3cb81,05ecff39-a696-4b06-8459-78a48dd760d7,5635f843-b3b9-440c-a3b6-a80320986967,2026-03-15T02:11:02+00:00
464b4e81-6eb7-41f8-a80e-88563dd0d9bf,64382d00-5d5b-4d08-97ca-7bf8792ffd9e,1a6d9651-427f-4f8b-8364-dedd886b767d,2026-04-13T05:10:13+00:00
cfdec88d-e190-44f5-a1df-60c6b5696a6d,64382d00-5d5b-4d08-97ca-7bf8792ffd9e,8ac6c4d2-d139-40ec-9a3e-7bd2347f979a,2026-06-18T16:18:07+00:00
827efaa3-4af1-458a-bdce-1f3724d407c7,64382d00-5d5b-4d08-97ca-7bf8792ffd9e,fb8098ee-02d6-4b07-858e-99f58dd1d0ee,2026-05-04T18:08:16+00:00
6b729171-c9c6-4942-853e-4f6b2d9809ff,64382d00-5d5b-4d08-97ca-7bf8792ffd9e,8ca12932-1c6f-4ce8-b5ac-da66575fd911,2026-08-02T19:53:45+00:00
73d472fa-8bd6-4f9a-bed5-556ce85b547c,64382d00-5d5b-4d08-97ca-7bf8792ffd9e,caa94dc0-81be-4dfa-8bc4-fa28c1ea5e7e,2026-03-18T02:53:26+00:00
21da511a-4bd8-4c2b-ac89-e8967161b3f2,64382d00-5d5b-4d08-97ca-7bf8792ffd9e,ec6a23be-ddf8-411b-a001-feea58a50c51,2026-05-03T22:34:12+00:00
0910bea1-46d7-44f1-8588-8c497abbfe54,64382d00-5d5b-4d08-97ca-7bf8792ffd9e,f31ed9a5-371d-40f1-abad-f2898658760d,2026-03-18T14:50:55+00:00
b9105952-054a-4d45-97f4-c78d7f56d787,64382d00-5d5b-4d08-97ca-7bf8792ffd9e,b351150e-5cf0-43bc-b851-996d3a1796be,2026-05-11T23:54:50+00:00
b0cb3bb5-c194-46fb-a827-c89d8555d1c2,64382d00-5d5b-4d08-97ca-7bf8792ffd9e,e735ab9c-d62e-4e4c-a719-99a447547e16,2026-04-21T10:26:37+00:00
1eddd5ad-1905-4ea6-849a-170e18ca7767,64382d00-5d5b-4d08-97ca-7bf8792ffd9e,6f5ed66e-e07b-48ed-b59a-b63d714e545e,2026-04-07T01:31:39+00:00
6527a714-faee-4bce-b0a9-b4ce47ad2685,ff204ee2-55bf-4b21-a363-f017713c2a70,e818f248-82e9-43bc-9ab7-27d5be02776b,2026-03-17T19:04:40+00:00
e665fc43-b4d7-4101-9a26-f7b4770e779b,ff204ee2-55bf-4b21-a363-f017713c2a70,e984c74d-dd4a-466b-b93f-7f517e76b6c7,2026-03-18T19:35:08+00:00
9e1c931a-7833-4a07-8f42-ff438ca71d57,4249a2c8-63c7-443b-b1f5-8e341014ccec,02e43602-1002-4bed-9fe6-fe21002d4a3c,2026-08-06T08:41:38+00:00
be97853c-2e29-4c44-af6e-11eaec5a52c1,4249a2c8-63c7-443b-b1f5-8e341014ccec,681a768e-2c15-4f60-b8bb-6613e5d882f5,2026-05-16T23:42:57+00:00
ccd44adc-c985-4b8b-a27a-fa409b6bcd87,2aaa1a92-5e30-4e4c-bb88-8d4197cd7c80,dd31032b-6dd2-426d-bfc1-f03e9f5eefa1,2026-03-26T09:23:15+00:00
63851624-3fe6-4eb4-ae84-adc17c6c1a77,2aaa1a92-5e30-4e4c-bb88-8d4197cd7c80,f1a0ec25-92c1-456d-bc62-93f211e3df90,2026-08-30T04:15:36+00:00
02264d08-0f81-40bb-9f1a-ce33e5332412,2aaa1a92-5e30-4e4c-bb88-8d4197cd7c80,a14d5a0d-9ddc-4170-a239-6044cb65462e,2026-07-25T17:03:27+00:00
4a3d49be-8412-42dd-bf07-dd833323a2bb,8ff42f4f-50e7-4e73-979a-c1673ecc0520,c83332b4-6631-4d8a-bf55-d7b4da6ef7d5,2026-04-07T08:26:24+00:00
af627c20-053b-405d-8527-da8f5bbfa470,8ff42f4f-50e7-4e73-979a-c1673ecc0520,149f866d-6114-4c68-8b49-00b27b0caa12,2026-04-29T09:00:50+00:00
60d66839-c9af-4a7b-8ab6-4335d9875daa,b4e6f09f-d078-49ac-8ce5-cb292688a671,e735ab9c-d62e-4e4c-a719-99a447547e16,2026-07-13T05:14:10+00:00
52797dc2-743f-4708-bfd7-c4b902d15548,b4e6f09f-d078-49ac-8ce5-cb292688a671,4e2906a0-e445-4567-9bc3-c549a3448137,2026-05-12T12:54:23+00:00
8ab1ba9c-2e99-4599-831c-59c4a0e9be8a,b4e6f09f-d078-49ac-8ce5-cb292688a671,8655633c-8b61-41b6-8e06-e79ce464e099,2026-07-30T23:33:52+00:00
c7c593fa-e739-432a-ae7c-465189f5b44b,0efadc07-a8d9-4e98-afc0-d09a8b4f883b,94d89ccb-983f-49df-97a7-1886973331bd,2026-04-15T22:04:13+00:00
e2dc8c59-dd56-4b99-bdeb-3bb53a3a7e38,0efadc07-a8d9-4e98-afc0-d09a8b4f883b,adaf0dcb-36fb-4140-a2ca-a0df1b8e38d1,2026-08-06T12:57:31+00:00
8dc094e7-bc46-4f47-a259-67494f3c93d1,757a07cf-2b2b-4bae-bcb2-c9d3d9e6a491,ddff96e0-22a2-4dc0-8484-2c55ebac5db3,2026-06-23T03:16:54+00:00
1e095756-c88a-456b-a541-117aa08a57c2,757a07cf-2b2b-4bae-bcb2-c9d3d9e6a491,ad2f999d-f1b6-41a4-a695-aceb650a5b74,2026-04-08T12:21:16+00:00
0038a1e6-8c4d-4f11-a240-7aa344d2395c,72636fc1-19b5-4c21-8a8c-a093b0bb1699,f79de4b1-f0cc-45e9-85c3-b3112725fde1,2026-03-24T20:22:01+00:00
616bf775-8b3f-4029-92be-9426c8975db6,72636fc1-19b5-4c21-8a8c-a093b0bb1699,3c93bac9-6c00-45ff-868a-2fca9fd92411,2026-03-23T12:57:50+00:00
5b559b90-21ed-4e68-b3e3-464fdb69616b,f898b5ef-98f0-4059-b4dc-b730b0f59dc4,92b26b2d-f521-4368-bfd5-7368f4d4b7d2,2026-08-29T07:30:54+00:00
f62d7313-a5fd-46b9-a812-70b0b6b59e21,b01cdec8-b614-48ba-9a52-762e8aba0b7b,27d6298d-2568-4e4c-99dd-0f0d3e043508,2026-05-27T12:34:07+00:00
b33a86e4-abc4-40d7-b558-b80779e23024,b01cdec8-b614-48ba-9a52-762e8aba0b7b,f1c36ffc-5fa2-4aa1-a227-7f0aafef70d4,2026-05-17T20:07:07+00:00
7483199c-a26b-4a80-bd6c-8d88d9381f5e,b01cdec8-b614-48ba-9a52-762e8aba0b7b,2546be0b-81f5-441c-bbbe-d4925b10d00d,2026-07-02T21:25:07+00:00
cc3a5ab7-db83-4349-a38e-30559569276d,5681a5a9-5122-4896-b127-868b99990e9a,14de7a21-0292-46d5-91cf-5ab7a5ec694f,2026-03-29T10:12:41+00:00
74498e67-9219-4f73-8102-6cd72f9af4e5,4759c665-c339-4894-a9ce-24ba49efc341,8655633c-8b61-41b6-8e06-e79ce464e099,2026-08-20T07:36:07+00:00
2701b1e0-9c3f-4bdd-b7d2-790690a04dce,4759c665-c339-4894-a9ce-24ba49efc341,27d6298d-2568-4e4c-99dd-0f0d3e043508,2026-04-27T08:45:25+00:00
37160921-4446-4b48-80be-6ad3c364d6a6,4759c665-c339-4894-a9ce-24ba49efc341,6b64b525-483e-4576-957a-17ad52075768,2026-04-22T19:30:06+00:00
91859d4e-53a6-4b3e-b95a-ec95989cfac9,4759c665-c339-4894-a9ce-24ba49efc341,d0c1bf19-bea4-424f-910b-25f9f5d2cc23,2026-07-12T14:58:22+00:00
06062875-1b14-4b39-aeb4-c4bbc4d5d641,425047a3-9724-4259-800b-c39ca672f2a5,b22f58da-fef5-4d8b-9629-3058c5211605,2026-04-08T10:05:06+00:00
a0475b46-5546-485f-9098-3d1c580c9704,de820541-16f3-416c-bec0-340ef64ac306,6225ff1d-dff6-4eec-8a09-0b85b8e80e91,2026-05-21T01:09:48+00:00
7de067be-9f66-450c-be8e-48333716c5df,de820541-16f3-416c-bec0-340ef64ac306,b2d72011-02df-4d85-8d8c-9c12e9aa4b3a,2026-07-06T21:23:49+00:00
17ac55a9-5c70-4927-904a-10947d15ab0e,de820541-16f3-416c-bec0-340ef64ac306,e56963cb-53f9-4240-97e8-786e9f766dec,2026-05-27T05:08:02+00:00
5f38a207-5bff-487b-ab52-ca88f3d8e433,de820541-16f3-416c-bec0-340ef64ac306,b351150e-5cf0-43bc-b851-996d3a1796be,2026-04-28T17:55:06+00:00
c3ea6888-e45d-43ab-8871-b0bc52860846,de820541-16f3-416c-bec0-340ef64ac306,50ea7e0c-7da9-4f50-8495-8e484fcefdfd,2026-08-15T22:08:20+00:00
e605b1c2-d9cb-4ddd-87d9-9e391eb58cc7,de820541-16f3-416c-bec0-340ef64ac306,fddcb198-bf64-4afe-a7ba-49b9d8c59c2d,2026-07-06T01:23:13+00:00
5fb2f473-2bd0-4c67-9e6a-f4ef35211cca,de820541-16f3-416c-bec0-340ef64ac306,6b83a412-875d-4f35-8ce5-9a2c67a093f6,2026-04-01T10:55:39+00:00
b70d24cf-5c51-4ae2-85cb-a33b8b9c1f32,de820541-16f3-416c-bec0-340ef64ac306,33cd8209-3c57-4c7c-9796-06275679bd1a,2026-06-18T01:32:44+00:00
72223a73-79a0-4387-8842-21a76d5cd18b,de820541-16f3-416c-bec0-340ef64ac306,0df66891-b25c-4d7b-98bc-826d9e286a20,2026-04-21T00:46:44+00:00
c8fae954-140e-4ff8-8a5d-a3ee0dba0e17,de820541-16f3-416c-bec0-340ef64ac306,a0e2974c-e309-4d0a-be48-f7744ff2a50d,2026-04-08T06:20:42+00:00
f970dcf7-f791-4cf8-b60f-859311012df0,de820541-16f3-416c-bec0-340ef64ac306,fdd43fca-ada6-4d98-94a5-dbc1afd11d57,2026-04-15T15:42:17+00:00
83d5a668-8d8a-4d5a-8d76-bc7c97a10aad,de820541-16f3-416c-bec0-340ef64ac306,200f9843-09b8-49fb-9a99-30710133815e,2026-05-04T04:56:53+00:00
de860a9e-8191-4fd1-8a02-f72d29eb68af,de820541-16f3-416c-bec0-340ef64ac306,896b4f1b-82da-4b41-868f-822326a66804,2026-04-14T01:22:02+00:00
9e18dfe9-32c8-4ddc-a230-8c8ce334c1fb,de820541-16f3-416c-bec0-340ef64ac306,6dfecb7f-63bb-498d-909f-4cbd7fd015e7,2026-05-15T03:35:30+00:00
a168d18e-eb96-4895-b305-777b187f1627,de820541-16f3-416c-bec0-340ef64ac306,eeff5407-0122-4256-8fe0-ca19e54acbbb,2026-04-07T18:11:22+00:00
6e638af2-93c0-4626-b6d0-f0dd3cde8054,a45c2ca2-142e-4ab3-926e-efa86dabb891,b371ce5e-bc61-471a-9390-abad4474dcdf,2026-04-03T01:58:43+00:00
916e4f3d-3d3a-4896-99f6-89e5d6307a90,a45c2ca2-142e-4ab3-926e-efa86dabb891,ccada20f-a411-4dcd-be61-e8b73abf9a23,2026-04-04T20:38:47+00:00
41bdc49a-edd6-4398-a097-f96d479e30a2,a45c2ca2-142e-4ab3-926e-efa86dabb891,6cad3973-c23d-4cec-bb0c-6ecf78003373,2026-04-06T00:50:51+00:00
cb56146e-8f75-4bc5-9b26-f06ad5e88bff,0e9ad9de-1217-4125-8cae-e8b0552d328e,aea754b5-366e-4133-98b4-d7a02489d027,2026-05-30T23:25:56+00:00
2000c6c7-6f39-4dbd-8cd5-06ce5db9c1ce,0e9ad9de-1217-4125-8cae-e8b0552d328e,a7bb38f2-8b26-4041-8547-b3cc5f01cfcb,2026-07-09T16:39:40+00:00
09414497-c9a9-42ec-adaa-69a51483582d,0e9ad9de-1217-4125-8cae-e8b0552d328e,1a3b8eb4-9217-4dfe-a345-ac6a2076c9d5,2026-08-07T08:06:01+00:00
f7c3ca60-1aa2-4e30-8218-26cf326a7c57,0e9ad9de-1217-4125-8cae-e8b0552d328e,3b30a6e4-3c57-4bbd-9b03-022e7facb880,2026-05-11T02:12:50+00:00
bf8ab3ad-c7fa-487e-8335-7c288ca28bf6,0e9ad9de-1217-4125-8cae-e8b0552d328e,a1e2e693-3bde-4f70-9281-01259889ee69,2026-03-30T20:44:19+00:00
e6b938c5-bebd-4ba4-9731-fa1639148034,4b7b804b-a4e0-474a-8fda-0fe392c4e134,c08ba214-af45-4563-93bb-a8e532a24418,2026-04-27T16:47:55+00:00
f39e3bc1-f8e0-433c-b5d9-5dca8d4e0d42,4b7b804b-a4e0-474a-8fda-0fe392c4e134,573eb679-3294-4f6c-9352-94085c83e87f,2026-07-09T15:45:42+00:00
e632a028-3dc0-4bd5-b3cc-ffd154f3bff8,4b7b804b-a4e0-474a-8fda-0fe392c4e134,e5ead316-9492-4d0f-92fe-e9ee1533cfbf,2026-04-05T23:23:54+00:00
4e8928d4-1a63-4259-adcc-4ea9910e8cd2,4b7b804b-a4e0-474a-8fda-0fe392c4e134,459c517f-ee6e-4dd8-8e73-1f546778d794,2026-03-31T04:00:48+00:00
0d1cb42e-72cc-4a07-81e1-a9a92badfbc9,4b7b804b-a4e0-474a-8fda-0fe392c4e134,3c4a47de-e63f-470d-a750-5453edea905e,2026-04-03T03:01:52+00:00
842cfb68-becd-4ac9-91e6-3e5c8b406d5f,4b7b804b-a4e0-474a-8fda-0fe392c4e134,75f5c0c5-ff4b-4a5e-9cdb-236c8398b4e4,2026-04-02T06:10:32+00:00
2981670a-04c0-40cc-924f-14cdfe0a3d79,7e728688-5823-416f-b8eb-2fa0a142afd4,f965e2e1-14e1-441b-bd2e-db6def83457a,2026-07-08T19:03:50+00:00
639f3c03-28ef-4515-afd2-a644a0034867,7e728688-5823-416f-b8eb-2fa0a142afd4,1755328b-9010-4f07-b351-51bc6d8e8e7e,2026-05-30T05:39:13+00:00
914ed283-cd42-4f43-b6c1-249a4b8172e4,7e728688-5823-416f-b8eb-2fa0a142afd4,0e164fd3-3756-4f01-a71d-7a130995921d,2026-05-22T03:25:02+00:00
40bb2701-a78b-4bd4-8f40-c7b3716a6b5c,7e728688-5823-416f-b8eb-2fa0a142afd4,bfd8403b-80c0-4664-aaab-0599f13df1e7,2026-07-26T13:37:29+00:00
5a00f937-0b06-4fa8-ae89-c42843bead38,8fe1b1d1-dfb9-47f5-bf37-2183a889be06,af587165-10af-4199-96d6-3bcb946bf36d,2026-08-27T11:27:59+00:00
a920833e-e2af-46cf-9c94-c4f1692a00a9,a868d4eb-19d1-4d7f-999f-c682994134d9,3c4a47de-e63f-470d-a750-5453edea905e,2026-05-19T22:07:33+00:00
8d0d3509-0e1e-4209-880e-fd1d82fb5823,a868d4eb-19d1-4d7f-999f-c682994134d9,23061881-ec83-4935-ba31-110dc9dd0f5e,2026-04-09T01:18:17+00:00
bdc9bbbc-8664-42a2-a56b-58eb589085d5,a868d4eb-19d1-4d7f-999f-c682994134d9,dce19236-e6ac-4b25-8861-f9bf621963fd,2026-04-07T15:21:13+00:00
3b0c5caa-6968-4f6e-aa65-99b3d56b813f,a868d4eb-19d1-4d7f-999f-c682994134d9,420bbc59-57c5-4a99-a707-cc797e6b593d,2026-07-30T22:39:46+00:00
88f3a970-b6f9-45e8-ac8e-031a40878fd0,a868d4eb-19d1-4d7f-999f-c682994134d9,95c27d41-572b-4b7a-b3cf-43833c5680e5,2026-05-24T01:07:12+00:00
d78d0782-d875-4972-bd78-e9524e776075,a868d4eb-19d1-4d7f-999f-c682994134d9,c2a52db8-7b0f-4f9c-9be8-3d81fad7ca27,2026-04-22T19:06:00+00:00
db3a077a-a360-4d4a-bd75-8869399530f1,52d5a1f5-103d-4ca9-8f3a-f26616142acb,5c27de08-e263-49f8-b85c-5d1bfb70223d,2026-04-10T19:19:58+00:00
c107d30d-fb64-4eda-a429-ea84619b9c76,b9fedbce-48f3-41c4-86f8-141f76887e2f,f87b345a-0777-46fc-865a-b76dacc1e90a,2026-08-09T06:33:54+00:00
01494fe9-b40f-4da8-9db5-fb0428cc1df6,b9fedbce-48f3-41c4-86f8-141f76887e2f,51910d94-7df2-4595-be53-5b43cb379762,2026-05-24T12:53:12+00:00
c7dde588-089c-4535-913e-a902a86ea5d3,b9fedbce-48f3-41c4-86f8-141f76887e2f,b22f58da-fef5-4d8b-9629-3058c5211605,2026-06-23T07:53:30+00:00
20ce1c0b-11a1-49e1-ad57-df2bb740e157,b9fedbce-48f3-41c4-86f8-141f76887e2f,bb3f9ce6-0a1f-4b57-afad-55266a6686f8,2026-04-05T05:05:10+00:00
62349edd-ba3d-4152-a8ba-14371b51e874,b9fedbce-48f3-41c4-86f8-141f76887e2f,420bbc59-57c5-4a99-a707-cc797e6b593d,2026-04-26T06:02:12+00:00
d32fcb9a-78f5-4577-a690-485a9f8e3ec1,b9fedbce-48f3-41c4-86f8-141f76887e2f,c0856bc5-aa1f-4d9b-908d-b8dac1c3d5ee,2026-06-23T20:07:02+00:00
d0cc945c-f820-41fc-9ba8-80c9eeb207d8,b9fedbce-48f3-41c4-86f8-141f76887e2f,484b4933-21fa-4a46-904b-33017ff3857f,2026-05-17T02:44:17+00:00
fc230e50-a207-40ec-8148-d7c8819143e0,b9fedbce-48f3-41c4-86f8-141f76887e2f,b2934820-ad75-476f-ade6-054a7c89f295,2026-04-03T15:40:08+00:00
1105ab5d-cadb-4db1-8ebb-57dd68d57173,b9fedbce-48f3-41c4-86f8-141f76887e2f,f1a0ec25-92c1-456d-bc62-93f211e3df90,2026-07-01T04:08:22+00:00
56f7053e-848e-4a0a-8e6d-f95a41f84f42,5cd14a9a-ca39-4ff7-95ac-d6df08313407,60e4a087-d37a-496f-8841-564316fa7ec6,2026-05-09T09:58:26+00:00
14323e60-7fc9-46bd-a92c-7f6dab65cfbb,5cd14a9a-ca39-4ff7-95ac-d6df08313407,bef562aa-7b99-4438-b976-0c3e350379ee,2026-04-03T18:21:40+00:00
803ad4e3-1e58-4ff6-9dd6-37b795e6c781,5cd14a9a-ca39-4ff7-95ac-d6df08313407,09df0479-c184-43eb-84fc-57806ea9743a,2026-06-18T08:52:12+00:00
17d83818-aec1-41bf-93ed-0376166ba446,5cd14a9a-ca39-4ff7-95ac-d6df08313407,d84e7fb7-133f-4d4d-8817-f28892a26d2b,2026-06-03T10:08:45+00:00
913ddb22-dbaa-46b7-8f24-75cea01ba91c,5cd14a9a-ca39-4ff7-95ac-d6df08313407,1c53189a-7903-4dcb-97d6-29489110198e,2026-05-05T07:04:44+00:00
12f989ae-58ab-4035-b741-f875d4c5f469,f21e94b0-b81b-4954-87ce-3113150d44b5,4880e488-a1c2-4958-ba10-b7c3297adba8,2026-08-02T09:57:13+00:00
3620021a-dca7-4255-91fb-273e3753e233,f21e94b0-b81b-4954-87ce-3113150d44b5,b296b45f-615d-4fb5-8a3a-1c8e1a6337f6,2026-04-17T00:05:45+00:00
8c7fe149-2cf7-47e6-92f0-f7976d32125a,f21e94b0-b81b-4954-87ce-3113150d44b5,f91ff251-1181-4bdc-acdc-09ddd07c0f6b,2026-07-10T23:02:52+00:00
afa0842d-4d90-42a3-828b-142ee6fb0d59,f21e94b0-b81b-4954-87ce-3113150d44b5,558257fc-53a1-45c0-9ece-75440adedee7,2026-08-23T16:57:19+00:00
a09c1fae-e827-44c4-82ea-a572d22dbc3f,f21e94b0-b81b-4954-87ce-3113150d44b5,fddcb198-bf64-4afe-a7ba-49b9d8c59c2d,2026-04-12T10:08:53+00:00
59c0344d-8e1a-413f-8cee-50d2ad5768e0,f21e94b0-b81b-4954-87ce-3113150d44b5,f2e15dfd-44c6-41bb-8e26-a90818c01dd9,2026-06-19T19:31:16+00:00
ff8bcb83-1c9d-446d-8e4e-4eb615a73a36,f21e94b0-b81b-4954-87ce-3113150d44b5,5d1a62df-3bdf-4836-a4d0-5dd139fc5e81,2026-08-04T03:44:37+00:00
393e8e76-b07e-43bb-80e2-6908629dbe5b,243fc30d-fdbe-43f4-939e-406239d47169,d4be3d17-49dc-4e35-953b-ddb3c7c6c4a2,2026-05-24T07:54:51+00:00
32ad7838-f2d7-498f-8356-1bccf9767c9b,243fc30d-fdbe-43f4-939e-406239d47169,52d44442-4dbc-40af-bbe3-a97d1e165b33,2026-04-07T03:44:15+00:00
efb2c8dc-c63b-44c2-89d5-5f6ed110eacb,243fc30d-fdbe-43f4-939e-406239d47169,bf74e9cf-5b79-495b-8c29-2dec4918a0c9,2026-07-30T17:28:44+00:00
fbdb305b-3fef-4ed0-ac88-c4caad020db6,243fc30d-fdbe-43f4-939e-406239d47169,2ac3a3a5-640a-4b9b-a55a-419ce256fa53,2026-04-07T11:01:38+00:00
5f44b154-c729-44bc-bb3d-abdc888ff0e7,243fc30d-fdbe-43f4-939e-406239d47169,7a418f6e-c8b9-4225-914b-120e93fc68f9,2026-04-06T15:09:46+00:00
193ab6c0-2f98-4157-b7a2-845f8588bdfe,243fc30d-fdbe-43f4-939e-406239d47169,5d1a62df-3bdf-4836-a4d0-5dd139fc5e81,2026-04-24T21:57:35+00:00
bd3d90e5-e4eb-458c-ad16-cb74e75e7333,243fc30d-fdbe-43f4-939e-406239d47169,210c2b91-059f-411a-9302-7b1e3c1091de,2026-04-05T15:30:25+00:00
23a55764-8478-4b09-a363-b20293e3072a,11f24e6d-035d-43ee-ae95-7cef246ab562,c075f716-f675-4694-b3ea-4a26b1bb740a,2026-08-13T20:36:51+00:00
69df85cd-00f7-41ce-ac0c-a65fad7e4b2c,11f24e6d-035d-43ee-ae95-7cef246ab562,810094ee-d2d1-4263-b5b9-7363f515bf05,2026-04-12T12:34:09+00:00
c04c54d8-be16-4fb3-b979-bcd2e676644d,11f24e6d-035d-43ee-ae95-7cef246ab562,8bf8ea9f-72d9-48eb-928d-e17012efd91b,2026-07-14T04:09:37+00:00
edc7fd57-263e-45db-9353-2a5509537454,11f24e6d-035d-43ee-ae95-7cef246ab562,e3d856ad-6787-404e-8e93-f255933c3680,2026-06-04T05:22:19+00:00
4cd499d1-d709-4038-8946-b4d67575652c,cee7b757-2343-4a29-a84f-75ec6a9e9a57,d103d768-2880-46ed-b2c3-6b7b04ebc1d8,2026-04-04T11:48:06+00:00
4d257377-2ec7-4552-b41f-017967fc7663,cee7b757-2343-4a29-a84f-75ec6a9e9a57,44dae102-8716-4274-95ac-bf413382999a,2026-04-04T11:43:11+00:00
e076f2cf-fa12-4303-a900-98875850a67a,cee7b757-2343-4a29-a84f-75ec6a9e9a57,10c9cdcb-4a1c-4f44-9e34-61195bfc8e59,2026-04-16T00:15:34+00:00
6dd86ca4-f8ae-46df-864c-06e00b546932,0a34a3f3-e39e-4ada-bbe6-0afa4717093d,cf7bc542-a4a8-4473-9640-41c0acb7aea5,2026-04-06T07:51:03+00:00
899fad19-e41e-4ff2-a15d-78f636ab59b3,0a34a3f3-e39e-4ada-bbe6-0afa4717093d,9e8e0225-d22d-409e-a1ce-2e9061fc7344,2026-07-03T02:57:54+00:00
7c5a2690-0b0e-4090-b31f-9b2ac62399cc,0a34a3f3-e39e-4ada-bbe6-0afa4717093d,73ba0cc9-b965-4bee-abba-983dac988737,2026-04-05T16:20:51+00:00
70612b62-2493-4b55-9220-b461a51c9eca,1d44b3d7-ccd7-4572-b3f7-086e9445db02,294f420a-5757-4fda-ae5b-a8b66126e192,2026-04-24T14:26:59+00:00
531fa728-634d-4b97-9bab-597de859667a,1d44b3d7-ccd7-4572-b3f7-086e9445db02,443b392f-72a1-4279-ae51-a849f1fedfff,2026-08-17T02:52:52+00:00
2dd3546f-9ee6-4d05-b7ca-4bd5ab4db650,1d44b3d7-ccd7-4572-b3f7-086e9445db02,cdb4ace0-6ea2-498d-90e8-2009a10848ce,2026-06-15T06:45:36+00:00
d079ea91-1e2c-4de2-b449-9b256e345604,1d44b3d7-ccd7-4572-b3f7-086e9445db02,a1e4b04f-3354-4716-9914-0e447f91fb26,2026-07-16T10:04:33+00:00
3f565258-024a-46f0-a4e7-1b31cf862458,1d44b3d7-ccd7-4572-b3f7-086e9445db02,fdd43fca-ada6-4d98-94a5-dbc1afd11d57,2026-04-30T17:09:47+00:00
6c529336-f48e-4b80-ab9c-7f4335e27d93,1d44b3d7-ccd7-4572-b3f7-086e9445db02,75fb3cc3-3a13-475e-9146-fa6c2c28ad75,2026-06-19T19:36:43+00:00
30f8f81d-2aad-46d6-b15a-fd2069e99371,1d44b3d7-ccd7-4572-b3f7-086e9445db02,fba653f1-56a1-4e32-b3a6-1205a8a2e461,2026-04-20T04:30:01+00:00
1de52b66-50bd-4631-8c0f-543714e42782,acf18ed8-4fe9-4293-8d5e-f8fa17978456,c99359a6-ecf8-4d27-a849-8d366cb10a8d,2026-04-27T20:14:09+00:00
6e53bf4a-d702-4444-958e-30ad57a3353f,acf18ed8-4fe9-4293-8d5e-f8fa17978456,cb3f27ba-7b73-4263-a8df-7fc52f4ac105,2026-04-29T05:48:16+00:00
3bff7993-ca61-4d51-b3b6-bad68ea4f3ab,6211ae79-dd36-44b4-955c-d6bb065af23a,0c75c528-0777-4d48-b0e4-87ab07dcd5a2,2026-04-14T14:22:15+00:00
318ee915-65fd-49d2-b4a3-a446a08024be,6211ae79-dd36-44b4-955c-d6bb065af23a,7f332889-8032-467d-a20a-a0aadb0a6c98,2026-04-15T02:37:58+00:00
84c11d4a-0f6b-4f3f-a41a-3e20878bb768,db96685c-4b3d-4694-babd-1a1d25c13315,4366727f-cad9-45ec-ac07-3b7e024b94a1,2026-04-23T05:02:44+00:00
1e5368d4-270a-4ebb-bef3-de66fae64fb3,dd85e8f5-262b-484a-8642-378cb58a4268,6236d33d-7b57-486d-81e8-a247d50fa2a4,2026-04-07T21:58:45+00:00
11837107-7731-4c61-a55a-5de3438068a3,dd85e8f5-262b-484a-8642-378cb58a4268,9c4bc13c-455f-4bc8-af64-d6ff11a380b4,2026-04-11T23:18:56+00:00
ae8a217c-6ecb-43bc-aae5-00ca71f9c216,dd85e8f5-262b-484a-8642-378cb58a4268,f87b345a-0777-46fc-865a-b76dacc1e90a,2026-08-26T03:26:55+00:00
d5c64f5f-b6f8-45a4-816d-f2745923fd19,dd85e8f5-262b-484a-8642-378cb58a4268,4b87053a-c2e0-4a91-bd88-3da84717c1af,2026-04-09T11:34:10+00:00
fb55c1a4-df2d-4aeb-af81-b23959ad7949,dd85e8f5-262b-484a-8642-378cb58a4268,50ea7e0c-7da9-4f50-8495-8e484fcefdfd,2026-04-25T23:56:28+00:00
42d5295b-fff4-4016-b538-0dbc652995da,dd85e8f5-262b-484a-8642-378cb58a4268,c2566d73-7996-4de6-8297-ed01fb83a333,2026-05-11T18:22:58+00:00
47605d49-44a7-4079-bdd9-e655855cdfb2,dd85e8f5-262b-484a-8642-378cb58a4268,e5760964-741a-49da-986c-c20413c5103c,2026-05-20T22:44:46+00:00
a7d7a38d-6826-4f93-9380-ba8f3ff11d8f,dd85e8f5-262b-484a-8642-378cb58a4268,6e62d7bb-6bda-4ea0-82c5-87c508932975,2026-05-13T10:25:41+00:00
1e3b999c-36d8-46f0-8af9-e9a9ae3656cd,dd85e8f5-262b-484a-8642-378cb58a4268,c6fd42f0-6060-47cf-a8e8-e24dcaee7d26,2026-04-26T21:28:03+00:00
eacf1adc-3dd1-4e37-a627-a76e6d38e830,dd85e8f5-262b-484a-8642-378cb58a4268,bf2702a9-36af-4152-9711-7fbe97eb016b,2026-05-26T09:21:42+00:00
3090ff2b-a19b-42ef-9aab-7b9ab383b549,dd85e8f5-262b-484a-8642-378cb58a4268,4eb375d1-e150-4235-aed3-d4483dba1cfa,2026-06-22T18:03:37+00:00
379f2580-a1d8-48fe-bbd9-f9725cf3e006,dd85e8f5-262b-484a-8642-378cb58a4268,f5dc0e8d-4cfb-42ba-851d-c4ab150a805f,2026-04-09T15:09:20+00:00
4e5d0cf0-401a-458f-bb05-354bbd5091cb,dd85e8f5-262b-484a-8642-378cb58a4268,717aa351-fab1-415d-aa39-5e7d6202e3d8,2026-04-15T19:39:13+00:00
f2597a3f-8b9e-44b8-97f6-84a3ae7772c5,dd85e8f5-262b-484a-8642-378cb58a4268,ddd1c048-ef55-4690-955b-c869f4c05bc7,2026-08-25T22:59:49+00:00
f247a6df-0e5c-4bea-9285-d86289aa57a0,dd85e8f5-262b-484a-8642-378cb58a4268,02126d92-72ee-409c-9e6c-a2e4d9f83a6b,2026-05-19T17:18:20+00:00
7b1911a4-45e7-42c9-bb55-f41fadd5643f,dd85e8f5-262b-484a-8642-378cb58a4268,c83332b4-6631-4d8a-bf55-d7b4da6ef7d5,2026-05-10T10:35:14+00:00
7b5b0a5a-62b0-4699-8999-9ecd0b8c983e,dd85e8f5-262b-484a-8642-378cb58a4268,75a9c08b-c3f9-48ea-bba3-d6136d51a785,2026-06-30T01:08:51+00:00
b00c2bb3-0ab6-486b-91cc-f260acdb7836,dd85e8f5-262b-484a-8642-378cb58a4268,b371ce5e-bc61-471a-9390-abad4474dcdf,2026-05-02T19:57:24+00:00
44df6c2b-773b-4131-ac8c-a4df2e29ec3f,dd85e8f5-262b-484a-8642-378cb58a4268,093a360d-63cd-446f-8cc4-cceafcd033c5,2026-04-10T05:31:48+00:00
1a7aeb70-8770-40e7-80fa-4e1a43210587,dd85e8f5-262b-484a-8642-378cb58a4268,dd5c4d9c-19c8-4f8b-89b7-e10c6aef4e21,2026-04-20T08:42:28+00:00
da82ce19-a0b7-438e-aae4-6d168afdc5f0,dd85e8f5-262b-484a-8642-378cb58a4268,f74c5434-3a39-4dc9-8fd0-1b4de52cff6b,2026-06-26T22:45:37+00:00
8adf8a27-7c2b-43e7-9601-805e02532a66,dd85e8f5-262b-484a-8642-378cb58a4268,8a4f20be-5402-4f7f-97d5-042270c4a232,2026-04-12T23:42:51+00:00
e4a8960e-7b54-4f50-a50a-a044b796a4ae,dd85e8f5-262b-484a-8642-378cb58a4268,780c8367-fbe3-4f3e-bb65-e449f49742c2,2026-05-18T12:10:51+00:00
6bbe18fe-5cdd-47ec-b7fe-4941a6267558,dd85e8f5-262b-484a-8642-378cb58a4268,c075f716-f675-4694-b3ea-4a26b1bb740a,2026-08-27T08:27:12+00:00
b351ffa0-0a2c-4f68-bafc-64f85b6f6da4,dd85e8f5-262b-484a-8642-378cb58a4268,32a7fe23-fa7e-4905-9afd-b6639736963d,2026-05-02T04:38:22+00:00
e1f69e26-c7e4-4816-9723-80aed1ebea8d,dd85e8f5-262b-484a-8642-378cb58a4268,fdf80e2a-8b01-4d79-a8c3-3ea29134c88c,2026-07-03T10:50:55+00:00
c9c651ee-54af-490b-b89a-22964cd7a04d,dd85e8f5-262b-484a-8642-378cb58a4268,e19797db-e29f-48c3-a7bc-6f3ee4494c8c,2026-04-12T11:36:22+00:00
d64ed068-d96c-4b70-8ed2-83e1d5c6000f,dd85e8f5-262b-484a-8642-378cb58a4268,dfb7e95f-260e-477a-a24a-a98cf163a43a,2026-08-17T00:05:20+00:00
dede6c78-39ac-417b-8cc9-5abd12659c27,dd85e8f5-262b-484a-8642-378cb58a4268,87b7f104-1daf-4fc6-a5e9-75a12a3c801f,2026-06-14T00:42:51+00:00
a2bbd8f0-9a90-41ea-b726-7b9a40639b0b,345d2695-9b06-434a-a689-275fb3c83364,073d319d-25c3-4082-88f9-0cbb7e686a6c,2026-04-19T09:15:56+00:00
aae4dd39-beb0-4893-a344-10fa32b214a5,345d2695-9b06-434a-a689-275fb3c83364,1a3b8eb4-9217-4dfe-a345-ac6a2076c9d5,2026-04-10T03:39:01+00:00
732be1c0-8590-405a-9d48-366d9fc3b461,345d2695-9b06-434a-a689-275fb3c83364,adaf0dcb-36fb-4140-a2ca-a0df1b8e38d1,2026-04-19T16:43:39+00:00
fa70ecaa-09b7-437c-9159-eb4f71584429,345d2695-9b06-434a-a689-275fb3c83364,06ca99ad-46e9-4d5e-a72e-48628968c316,2026-04-13T02:33:50+00:00
f2c1f71e-906c-4871-bfc7-a933a0e342d6,345d2695-9b06-434a-a689-275fb3c83364,1a6871ca-4c9c-41a0-a153-98abff494d21,2026-04-10T12:09:48+00:00
c67db556-25b6-41e8-aef3-5c3092a9281e,7658cafe-2d39-403e-a7c9-c6fa0dc40f8f,5d717b99-735c-4981-87a3-225adde8acea,2026-04-10T03:54:20+00:00
25243171-d683-48f1-a059-35623d96f8d0,7658cafe-2d39-403e-a7c9-c6fa0dc40f8f,e818f248-82e9-43bc-9ab7-27d5be02776b,2026-04-09T16:12:12+00:00
ade69baf-c986-4e99-95d7-9c4641051ce5,0a1cacaf-75ca-40f4-9f58-1c0279a1778e,4d2af566-e452-4cb8-9f1c-2963153454ef,2026-07-01T18:50:28+00:00
5ba58321-1006-45e1-87bb-949fd635b27b,0a1cacaf-75ca-40f4-9f58-1c0279a1778e,5d00b0e3-2e7d-4703-ac82-a0935fb970f1,2026-08-28T03:37:26+00:00
9cfa1cf7-f4de-4e43-b040-3904d427e2a6,87ec9126-8b47-4356-8e5a-3490db92c3d1,73ba0cc9-b965-4bee-abba-983dac988737,2026-04-13T06:12:45+00:00
c1f39a02-8c50-48cf-b3c6-87651ff39497,87ec9126-8b47-4356-8e5a-3490db92c3d1,adaf0dcb-36fb-4140-a2ca-a0df1b8e38d1,2026-04-11T02:54:09+00:00
b2a6cfd8-3b24-4fb1-ade9-dd5d0664b8d5,87ec9126-8b47-4356-8e5a-3490db92c3d1,635cb86b-03c7-4fb4-884b-ced27f9691bb,2026-04-15T03:35:01+00:00
a53e5132-541f-42fd-a018-ba2b6bd6207a,87ec9126-8b47-4356-8e5a-3490db92c3d1,1fba3799-d4cc-4a1c-84d6-51146012067e,2026-04-11T08:31:15+00:00
1fb05725-92d9-430d-b82b-53168f32006a,de6c5695-275a-4bab-9ddf-c42527c2113d,d1069292-d635-44f8-8c01-1494891ae61f,2026-04-11T03:33:32+00:00
e51637aa-c99e-4698-a9ab-e80743eb7fb5,de6c5695-275a-4bab-9ddf-c42527c2113d,86a2d273-34b8-46f0-bdc9-4868692691fa,2026-04-12T07:41:50+00:00
c89d43b9-ce36-416a-9ec5-1229fe8f8239,bf7fe23e-a6dd-4ded-b881-a9227287270a,26d61dc5-0b03-4c16-8a64-7afeba92fecb,2026-04-13T07:09:39+00:00
57e1e446-1591-4ea8-83ed-96b831ab7f9b,bf7fe23e-a6dd-4ded-b881-a9227287270a,f31588a9-6fbc-4f16-a1f0-65bb1970a62f,2026-04-15T09:01:23+00:00
9f5cd6bb-8670-48ee-8afc-d2f15faf8288,bf7fe23e-a6dd-4ded-b881-a9227287270a,f1c36ffc-5fa2-4aa1-a227-7f0aafef70d4,2026-04-11T12:10:47+00:00
d88c461d-452b-4258-8adf-1b5242d255d0,7087cc73-8a9a-4074-bd60-1352829c345c,3d6322d3-d39c-4fa0-8f6b-6413dfc01504,2026-04-15T20:26:27+00:00
8bb07c1c-33ed-469f-9fbc-07a5d4d2bbbe,7087cc73-8a9a-4074-bd60-1352829c345c,b3756f66-bc0a-4be7-b18e-d5a43ae2cb20,2026-04-12T07:06:00+00:00
a65c9218-e0a8-4953-aa60-1040a947b9a5,7087cc73-8a9a-4074-bd60-1352829c345c,b79ed613-8b3e-476e-8337-9d3542f26656,2026-04-12T19:46:57+00:00
ca0b0a34-97f5-4e48-a0ab-17cad2705053,7087cc73-8a9a-4074-bd60-1352829c345c,3be6bf3f-c8f5-451d-9829-86d0e1a995cc,2026-04-13T12:35:51+00:00
7a693d4f-d229-4ed1-bd63-d6356bc1efd8,dfebd44f-0314-4d4e-94f4-c96a8d2812a9,f5c9aefe-bf7e-4ffb-ae21-2dd4d0dd04ff,2026-04-14T18:37:18+00:00
37303e83-5e29-4449-8141-362fc14f81da,dfebd44f-0314-4d4e-94f4-c96a8d2812a9,bacf1c32-002e-4d62-8c6c-221609513f2f,2026-04-13T19:58:27+00:00
e95587de-1682-4341-8811-9547eaa45114,dfebd44f-0314-4d4e-94f4-c96a8d2812a9,054fe171-2aa2-4064-be59-369e103477d7,2026-04-13T10:22:33+00:00
5d908e41-5e56-45cf-9b36-438cfb20686d,dfebd44f-0314-4d4e-94f4-c96a8d2812a9,420bbc59-57c5-4a99-a707-cc797e6b593d,2026-04-12T18:20:21+00:00
5123d112-ab69-4851-9e80-4014124d9d4c,99dae577-36cc-413f-b6d4-4d4d5f12aeac,223b052c-55c7-4152-903d-0f666656212e,2026-04-26T01:28:33+00:00
f3b33794-b8bb-4b91-9c6d-587442ad336a,99dae577-36cc-413f-b6d4-4d4d5f12aeac,828a88f5-8cb3-48a8-9e07-3db32ed9a35d,2026-05-14T09:26:47+00:00
deef6094-57b4-4e63-b588-7c4d200c4c1f,99dae577-36cc-413f-b6d4-4d4d5f12aeac,f7fc3247-4e08-45c5-bf07-1580aa80b186,2026-07-18T03:28:04+00:00
7e41ee58-c05e-41e5-a217-8dd418b5963e,99dae577-36cc-413f-b6d4-4d4d5f12aeac,4e4985ea-2b80-4cbe-8d6a-7abfadaa2f26,2026-09-02T16:06:00+00:00
6001fe37-ed5c-45a9-99c8-82c7b422d50b,68f2e5fa-743b-4041-8661-2c0ed476e552,76bd97a4-07c7-41e0-bb56-e614d523bb85,2026-04-18T12:05:13+00:00
941e2304-c3cb-416d-b45e-a0f1c298b783,68f2e5fa-743b-4041-8661-2c0ed476e552,c9ecc336-f916-428a-889e-dd3cd51b608e,2026-08-28T13:42:29+00:00
d219429b-22ce-4616-b515-3a8db4b5de0e,68f2e5fa-743b-4041-8661-2c0ed476e552,46d70937-d07e-4077-b289-a72c50dbc1f5,2026-04-16T16:59:09+00:00
8725c567-a0ed-46be-a9a6-2a4d24c1b4e0,68f2e5fa-743b-4041-8661-2c0ed476e552,bf2702a9-36af-4152-9711-7fbe97eb016b,2026-07-23T19:23:58+00:00
e83e8276-f9b7-4b4c-a00d-67dedab1fcc9,68f2e5fa-743b-4041-8661-2c0ed476e552,bc9cbd74-f51e-47e9-ba77-1f2c017e9cca,2026-05-24T21:29:48+00:00
b434aecd-e8ab-41d6-ba07-aec9a6a13644,68f2e5fa-743b-4041-8661-2c0ed476e552,06ca99ad-46e9-4d5e-a72e-48628968c316,2026-05-10T13:05:30+00:00
ba00cf12-7e60-4328-afc1-3cff176dc9e5,9dbed5bd-bf25-41e2-b486-4b4d70fb88c8,6a1f02ee-4734-484a-9340-301d6b261f57,2026-04-16T09:07:36+00:00
5a2f90ee-992e-4ca0-8873-19d31651d3ed,9dbed5bd-bf25-41e2-b486-4b4d70fb88c8,26d61dc5-0b03-4c16-8a64-7afeba92fecb,2026-08-09T18:21:41+00:00
5c82679c-96e6-41ac-a3e2-9cffdbf6a64e,9dbed5bd-bf25-41e2-b486-4b4d70fb88c8,ae8523f3-49f1-45d4-ab29-0313676f12d0,2026-07-27T13:05:15+00:00
f15d16b8-0e79-4441-8392-0b8ba8b3d97e,9dbed5bd-bf25-41e2-b486-4b4d70fb88c8,0df66891-b25c-4d7b-98bc-826d9e286a20,2026-05-02T05:31:54+00:00
b1fc8eb3-eec5-49aa-973e-5720e56c32a6,9dbed5bd-bf25-41e2-b486-4b4d70fb88c8,5a9e45fe-4a1e-47ab-9fd9-93dbc98d81eb,2026-05-13T15:00:21+00:00
d626f52b-44c3-4ca0-92c3-9b82b84d8cca,64328e49-d07c-453f-a7d5-d31e77411a23,6b83a412-875d-4f35-8ce5-9a2c67a093f6,2026-07-07T04:18:44+00:00
35396ad8-6a47-41ec-a85c-7a2d983e79d1,64328e49-d07c-453f-a7d5-d31e77411a23,4dedd047-d3e8-4791-873c-6053577084d1,2026-05-08T20:24:39+00:00
d9e2a645-a348-4175-a074-6d83ba7b8d51,64328e49-d07c-453f-a7d5-d31e77411a23,2709bb2d-e639-44c0-920f-80a9f4c4955e,2026-05-05T05:55:07+00:00
4807a92d-afaf-465a-be9f-d70c12728cce,64328e49-d07c-453f-a7d5-d31e77411a23,94fe657b-e446-422e-8233-465a217764d5,2026-05-23T00:31:58+00:00
17a31c9a-873c-472b-beb4-787977c98c4e,64328e49-d07c-453f-a7d5-d31e77411a23,af42af94-15a3-4883-9130-24839fed9a09,2026-05-01T16:52:01+00:00
c656031b-cff4-48a5-8452-3a7b32c26f13,64328e49-d07c-453f-a7d5-d31e77411a23,e2bc1752-1983-472e-bbd9-c6fae7cac58a,2026-07-16T07:44:42+00:00
af77da67-06f4-4d08-b1ba-db0d4b6be4b7,64328e49-d07c-453f-a7d5-d31e77411a23,fd24cb3c-d535-4d3e-8f20-04616346c1f3,2026-04-20T10:35:30+00:00
6256d504-c21d-4481-9e36-26717056cf23,64328e49-d07c-453f-a7d5-d31e77411a23,36d2e780-1eb8-4905-beb8-e2ebc5c6adb1,2026-04-27T02:15:01+00:00
07114ea2-7aa5-43da-a8b4-bd653336278a,64328e49-d07c-453f-a7d5-d31e77411a23,61bc54ff-d92a-459a-b783-749eeba4b206,2026-04-25T11:39:32+00:00
1657463b-9775-4769-adfd-7e1b8a2bc3dc,64328e49-d07c-453f-a7d5-d31e77411a23,b0f283a0-c828-4aff-80c1-0fa9a4940b92,2026-05-15T10:34:07+00:00
6f0ce21c-44ba-45cd-974b-15e30716fa55,64328e49-d07c-453f-a7d5-d31e77411a23,a0dc85a3-3764-409c-83f4-50635837ae0f,2026-07-07T22:10:54+00:00
f6eed37f-600b-42dc-ac42-4a726a88bd5a,64328e49-d07c-453f-a7d5-d31e77411a23,ce36aea6-fdbd-41f0-af71-96972ce4d5d1,2026-04-21T23:01:30+00:00
fa9a1b51-1a84-4b0b-a47d-3519394a986f,64328e49-d07c-453f-a7d5-d31e77411a23,69546e0c-13bb-4597-8ce8-09cf53b9a4ff,2026-05-02T16:08:32+00:00
f56b0254-1d75-400f-bfd5-17a18c3c9c7a,64328e49-d07c-453f-a7d5-d31e77411a23,08a3481a-550b-4bbb-82c1-55804ba01127,2026-07-05T19:28:58+00:00
4f3cae96-f2f0-4e8a-8ad5-4c1990c31b16,64328e49-d07c-453f-a7d5-d31e77411a23,adcf5b0c-a9b8-4599-8c22-a281a999db7b,2026-04-26T13:44:43+00:00
9117a620-cb97-48f9-90ec-3a95f5e756af,64328e49-d07c-453f-a7d5-d31e77411a23,299a8f80-c512-4987-80d2-c15927f4e916,2026-07-15T04:50:31+00:00
e2e0ba6f-1f27-4463-b1a4-dd958d8e411a,b62799f8-2ac3-4417-b7ce-a42bf01fc9d4,d4753420-55e3-4598-a047-da09e69fedd7,2026-04-20T02:22:13+00:00
9cbb0396-55da-40f8-bca7-b940c70cc277,3422011f-686a-4940-ad05-75de164c4f2b,8d1ad378-722c-4717-abf4-9283311d7566,2026-06-19T12:56:01+00:00
bed67b7c-616d-48dd-924d-d993531b24fb,3422011f-686a-4940-ad05-75de164c4f2b,88cd8efd-6959-47db-8377-f4735e76c1f2,2026-07-04T23:33:07+00:00
570b4d24-0a22-4ba4-b381-c6bd55ab1a8e,3422011f-686a-4940-ad05-75de164c4f2b,2546be0b-81f5-441c-bbbe-d4925b10d00d,2026-04-30T18:31:23+00:00
8b0b4889-184a-426b-a6e1-c81ae1b56b01,3422011f-686a-4940-ad05-75de164c4f2b,b0498d7c-841b-4a0f-8ec8-dbfc1353b9c1,2026-08-18T18:45:52+00:00
1f8e9fa2-183b-46a2-be2c-b14f4bc128aa,3422011f-686a-4940-ad05-75de164c4f2b,3f7e714c-fb4a-44da-ac98-bf39d35e490e,2026-06-30T07:01:11+00:00
0f04b65b-b5cf-43b9-85cd-325e8dcf512c,3422011f-686a-4940-ad05-75de164c4f2b,21dd7dab-b91b-4dbb-ba29-ae9efd5f3f45,2026-04-28T19:21:15+00:00
f2754bbb-26b9-4e83-bde1-922530427aef,35ab2f47-4edc-4a60-9314-dd4ee57a0944,ef913d79-c307-422d-acd9-5e72bbadb9e9,2026-04-19T13:05:37+00:00
1ca23251-b111-4a61-acb1-cac3fa3c978d,875c87ea-0b02-4a97-bb0f-a4cec577289c,faaadadd-7fbb-4e89-9638-90d9dab4fd2e,2026-05-29T15:39:00+00:00
81c6877d-521c-4351-98d5-6060e2fe70e5,875c87ea-0b02-4a97-bb0f-a4cec577289c,af42af94-15a3-4883-9130-24839fed9a09,2026-04-19T11:18:56+00:00
2655b0a2-42fd-4c43-8184-5ee1182d83f5,875c87ea-0b02-4a97-bb0f-a4cec577289c,6e62d7bb-6bda-4ea0-82c5-87c508932975,2026-06-26T18:33:47+00:00
77d8d6ab-a63c-4e8b-80a3-0b182e0665f1,875c87ea-0b02-4a97-bb0f-a4cec577289c,cdb4ace0-6ea2-498d-90e8-2009a10848ce,2026-05-03T20:10:58+00:00
b0c4e620-1c53-4eec-8cd6-73897b0aea88,875c87ea-0b02-4a97-bb0f-a4cec577289c,af587165-10af-4199-96d6-3bcb946bf36d,2026-04-27T01:03:07+00:00
03efab42-b5b1-4913-b866-b1530f9225d1,875c87ea-0b02-4a97-bb0f-a4cec577289c,febd8921-9308-4e28-acff-1ae8386589e3,2026-07-04T08:03:25+00:00
ddd7485c-d8b7-4bb5-b70d-c100d821c9f7,875c87ea-0b02-4a97-bb0f-a4cec577289c,2ad9462f-49f8-4d9a-8f1f-6f573c1e266f,2026-06-14T23:26:23+00:00
353b1cfa-f2ec-46d2-84e3-a4be66a5d1fd,875c87ea-0b02-4a97-bb0f-a4cec577289c,fdf80e2a-8b01-4d79-a8c3-3ea29134c88c,2026-06-22T06:04:02+00:00
adf45b92-59bf-4d3e-8b70-2c1cf2f2b5da,875c87ea-0b02-4a97-bb0f-a4cec577289c,553046bf-b8f3-4054-8eea-bd6715749b6e,2026-04-21T14:48:32+00:00
9fc95674-8481-4fb3-a549-24b27ef4966d,7567b84b-1c34-4c99-9577-a37908f89fc2,558257fc-53a1-45c0-9ece-75440adedee7,2026-04-19T07:00:58+00:00
3a23c0df-7bf0-4e7a-b378-59c12c0388a3,7567b84b-1c34-4c99-9577-a37908f89fc2,c568b27d-f55c-43c4-b16c-2ded8343488b,2026-05-18T12:22:47+00:00
9956472d-09fb-4fb4-beb0-798ccbadae42,7567b84b-1c34-4c99-9577-a37908f89fc2,d97c38cc-0971-42dd-869d-988ad7864fdb,2026-05-02T07:16:33+00:00
787d5fd0-7447-4692-8524-ff837790873b,7567b84b-1c34-4c99-9577-a37908f89fc2,6eaf2004-a475-4bbd-b327-ceb492d267a7,2026-05-09T00:37:36+00:00
7ac9b5a5-8606-4829-b4ad-0126944a3eed,37082b84-f8d5-47b2-bb49-4bf4b4567855,5d717b99-735c-4981-87a3-225adde8acea,2026-05-03T07:13:12+00:00
20d4d23a-1f1f-4291-8a08-938a8547a8d3,37082b84-f8d5-47b2-bb49-4bf4b4567855,ded797b6-afed-4f9c-8ae0-35b3c61aa0e4,2026-07-10T19:20:19+00:00
d152651a-b376-4022-804f-6f0024488888,37082b84-f8d5-47b2-bb49-4bf4b4567855,56011ba4-155c-4db4-a8fb-31ebb8dd1d28,2026-04-20T08:32:55+00:00
889e87b2-a8e9-43eb-b33b-eb53e25af9b9,37082b84-f8d5-47b2-bb49-4bf4b4567855,85a05a4b-ce52-43cf-8433-02a2cad529e1,2026-07-08T15:12:37+00:00
f39d8980-8f2f-4217-9b19-fc19f5b491e2,25bc47c7-3f59-45cf-accf-7d8de543b417,ff1dc571-d626-480e-b098-a50d60c896af,2026-07-28T09:49:05+00:00
d9218756-d9b6-437f-97cd-5bc820e3306c,25bc47c7-3f59-45cf-accf-7d8de543b417,e81d0345-b7a4-4bc0-82b3-de121ed5ff87,2026-04-22T23:30:06+00:00
fd896f34-9f7e-46d2-8746-94d1e204927c,25bc47c7-3f59-45cf-accf-7d8de543b417,21dd7dab-b91b-4dbb-ba29-ae9efd5f3f45,2026-04-24T14:48:11+00:00
df38ce32-6356-491b-a181-a983a8c76ff3,25bc47c7-3f59-45cf-accf-7d8de543b417,cd268b95-fdcb-48b9-84de-2a4aac209d46,2026-08-09T23:00:46+00:00
d7d746a0-6031-4c3c-ada3-31f60e91ecdb,25bc47c7-3f59-45cf-accf-7d8de543b417,dce19236-e6ac-4b25-8861-f9bf621963fd,2026-05-09T13:02:32+00:00
6e57f630-41a2-48bb-8599-1c385062bb57,6c7dabb8-ea1a-4bc6-a076-33e641b26aec,54a2a625-bd21-4b18-9846-ae29de006ea2,2026-05-25T01:13:43+00:00
92615b6b-ca44-4228-bb9b-214e4e39911d,6c7dabb8-ea1a-4bc6-a076-33e641b26aec,104d1676-bfe7-4914-bd0a-193b756100ad,2026-04-23T15:11:08+00:00
05e154cb-ad9f-4750-a580-43094abda1bf,6c7dabb8-ea1a-4bc6-a076-33e641b26aec,1e604945-92d3-44f7-a246-8e1d1ff23f0f,2026-05-23T15:06:14+00:00
41e083f1-161c-451d-aa46-ad13b77a71ac,6c7dabb8-ea1a-4bc6-a076-33e641b26aec,88cd8efd-6959-47db-8377-f4735e76c1f2,2026-06-02T13:17:22+00:00
884989e3-0e22-4c38-9a9b-cc61945638dd,6c7dabb8-ea1a-4bc6-a076-33e641b26aec,5bc41520-3863-4195-9605-167db200b16f,2026-05-02T18:21:27+00:00
1a3c7ff4-3cb7-4a7f-8b3e-c0bdd3293429,6c7dabb8-ea1a-4bc6-a076-33e641b26aec,1a6d9651-427f-4f8b-8364-dedd886b767d,2026-05-20T17:37:15+00:00
fe4f531b-9e89-4e4a-b845-b77f285663f8,6c7dabb8-ea1a-4bc6-a076-33e641b26aec,093a360d-63cd-446f-8cc4-cceafcd033c5,2026-04-28T10:41:47+00:00
2ed5068c-1975-4001-bee3-326694adc938,6c7dabb8-ea1a-4bc6-a076-33e641b26aec,2e0927d6-79bf-4b1c-b9d9-5d2847205f9d,2026-04-21T23:40:11+00:00
371b9e7c-4923-470b-88e9-dda13fd154f8,6c7dabb8-ea1a-4bc6-a076-33e641b26aec,8ced966b-96fc-45a7-b2fd-f43f6a26b92a,2026-05-05T08:49:49+00:00
d4d20b5c-752e-4afd-82b4-b35c67a26038,6c7dabb8-ea1a-4bc6-a076-33e641b26aec,f179f796-27a1-4c7b-8711-7b339b16ef77,2026-06-29T03:35:23+00:00
f69e8e07-e15c-462d-8739-f16a8aa1267e,6c7dabb8-ea1a-4bc6-a076-33e641b26aec,37390ee9-6f2d-4d2e-b299-70e58443cd04,2026-07-16T11:56:43+00:00
0d7152c1-4c10-45bd-8e44-4766c26ae11a,6c7dabb8-ea1a-4bc6-a076-33e641b26aec,5635f843-b3b9-440c-a3b6-a80320986967,2026-04-22T21:49:24+00:00
66baf89c-17ac-4e0f-b722-47059a2c3e94,6c7dabb8-ea1a-4bc6-a076-33e641b26aec,a7bb38f2-8b26-4041-8547-b3cc5f01cfcb,2026-08-19T12:27:32+00:00
91ddcb31-6569-457b-9109-b36cdb14c5eb,6c7dabb8-ea1a-4bc6-a076-33e641b26aec,0c75c528-0777-4d48-b0e4-87ab07dcd5a2,2026-07-27T00:21:54+00:00
9f47e547-9761-45fe-b011-3fdc54d1f46c,6c7dabb8-ea1a-4bc6-a076-33e641b26aec,5c16ef18-8047-4cc4-806c-4ef9df6de907,2026-06-10T18:55:43+00:00
a9f0ff2e-22aa-4f48-b4bc-259960a05a71,6c7dabb8-ea1a-4bc6-a076-33e641b26aec,089faa8b-1b06-449b-905d-977d8b88b69b,2026-07-04T10:26:33+00:00
fcf2e123-21d5-4371-8893-09b16d169517,6c7dabb8-ea1a-4bc6-a076-33e641b26aec,8ca12932-1c6f-4ce8-b5ac-da66575fd911,2026-06-28T12:14:48+00:00
a38d1adb-e48c-4d4f-816c-9368a5cf2edd,6c7dabb8-ea1a-4bc6-a076-33e641b26aec,919c1afb-25b2-4b3a-bfab-39ebe9e77e2c,2026-06-14T04:04:01+00:00
71021945-1365-48c8-9ecd-0df3945274a1,8ae89483-21c4-48ea-b91a-0bad18edac4b,ac90d181-ee36-49c7-a813-3467b90807dc,2026-04-25T10:26:51+00:00
27fca6bb-0f24-41ef-973c-f1a497b61391,8ae89483-21c4-48ea-b91a-0bad18edac4b,51dac652-9517-4e31-b9c9-905c3968e085,2026-04-21T08:39:01+00:00
4d4bfd5b-9736-4a36-b371-e52dcfef57c8,8ae89483-21c4-48ea-b91a-0bad18edac4b,b2fa8b95-5aab-4854-a682-06ac4d3c3500,2026-04-23T02:44:38+00:00
f8405454-1453-4581-9f24-afa975c6ce8b,8ae89483-21c4-48ea-b91a-0bad18edac4b,147ed698-2b4c-4e8b-aa70-aa17d045b912,2026-04-24T05:20:36+00:00
556db2b6-53fc-4fe9-a09e-ac8236554aee,b5b734af-cde7-49d8-9ad2-42481f3f1a19,6225ff1d-dff6-4eec-8a09-0b85b8e80e91,2026-05-15T19:30:06+00:00
de8d0c11-3f5f-4761-a654-6912c6ffa651,b5b734af-cde7-49d8-9ad2-42481f3f1a19,254f7afb-a845-4daf-b94b-a34157af1df2,2026-04-27T17:28:26+00:00
454d0ecf-33c9-4e91-87ad-5530676ff4a4,b5b734af-cde7-49d8-9ad2-42481f3f1a19,0d96e00f-74b3-437c-8105-b3ac48dba63d,2026-08-28T23:32:09+00:00
d6bf168a-4669-4f3d-8177-3ef1b0f3292f,b5b734af-cde7-49d8-9ad2-42481f3f1a19,60894dd1-d449-4366-a1f2-506c99644e4d,2026-04-22T18:40:39+00:00
b863fbf9-cf24-49a4-958e-e471f8af6262,b5b734af-cde7-49d8-9ad2-42481f3f1a19,29f2c43b-7cbe-420a-a7cb-2ede9cf6dd4c,2026-04-22T18:27:57+00:00
736b1e6b-969b-40c6-bc19-666713d4c34b,b5b734af-cde7-49d8-9ad2-42481f3f1a19,4191e4fb-4f72-4e71-ad79-a05abd92be9f,2026-04-22T12:03:11+00:00
225e92b3-971a-4b68-a71c-4e85ce08ccbb,1c127e63-4879-4c09-ac20-7304bc326886,10e5f889-8510-460a-b274-ff42a4b2a3e9,2026-07-12T22:15:29+00:00
cb096b17-6387-4796-9417-3733a10b7fd2,1c127e63-4879-4c09-ac20-7304bc326886,1755328b-9010-4f07-b351-51bc6d8e8e7e,2026-05-13T09:09:24+00:00
585e61c8-d5a0-4b71-98eb-07a573dce2b6,1c127e63-4879-4c09-ac20-7304bc326886,5a9e45fe-4a1e-47ab-9fd9-93dbc98d81eb,2026-04-22T10:54:41+00:00
f1b1a65d-9f97-4ab8-8fa3-40859389da9c,1c127e63-4879-4c09-ac20-7304bc326886,58257853-1e57-4d62-9ffa-e3bb46ea2cbd,2026-04-23T10:43:05+00:00
2edd2040-a9f1-425d-841b-d550955cc535,1c127e63-4879-4c09-ac20-7304bc326886,98975cfd-3638-4842-83fd-fb6f839b37d9,2026-07-24T00:45:12+00:00
244cbd43-422a-415e-a5f5-bdc787469a2e,1c127e63-4879-4c09-ac20-7304bc326886,ce36aea6-fdbd-41f0-af71-96972ce4d5d1,2026-08-10T12:36:25+00:00
d8879815-69ab-459c-8e80-062eb77a878a,229700f2-dd1c-4c3e-9ca7-a04381a34680,0735b0aa-84bc-49aa-a78b-0ec4f2e216e6,2026-05-10T15:45:35+00:00
22b6de7d-1d04-4803-914b-caab5888611d,229700f2-dd1c-4c3e-9ca7-a04381a34680,4e4985ea-2b80-4cbe-8d6a-7abfadaa2f26,2026-05-15T07:15:15+00:00
37532975-d9e5-4107-bb59-cddaab0f189e,229700f2-dd1c-4c3e-9ca7-a04381a34680,147ed698-2b4c-4e8b-aa70-aa17d045b912,2026-07-14T00:30:45+00:00
0f94d747-053b-4aeb-84c0-64a72a54950c,229700f2-dd1c-4c3e-9ca7-a04381a34680,b2934820-ad75-476f-ade6-054a7c89f295,2026-04-30T08:55:42+00:00
f9e075d4-bc3c-4a97-8807-ae9666c0ecd9,229700f2-dd1c-4c3e-9ca7-a04381a34680,1e35bc63-b9b9-4dc0-bbca-ba32d6a1676f,2026-04-26T05:54:04+00:00
9b29a323-6d2b-4f1f-898a-a209fe617c51,229700f2-dd1c-4c3e-9ca7-a04381a34680,caf7efc4-3973-492b-abf8-2af2f0caa4ef,2026-06-10T22:40:53+00:00
2f11cda8-0c90-4530-82a7-82bd66ef2125,229700f2-dd1c-4c3e-9ca7-a04381a34680,5ca23f6e-524f-449e-b9d2-a758e70cff73,2026-04-23T11:22:15+00:00
e49f8e6a-ef36-4ea9-9b2e-779b02e7ac52,229700f2-dd1c-4c3e-9ca7-a04381a34680,bfd8403b-80c0-4664-aaab-0599f13df1e7,2026-07-31T12:00:38+00:00
c72d9153-a771-4951-8585-870f63a68785,229700f2-dd1c-4c3e-9ca7-a04381a34680,a2a97c5b-d72e-47bb-a8b8-355fcf007b68,2026-05-17T02:45:18+00:00
b6b5243a-5b8d-4c04-bdeb-481a57defcff,229700f2-dd1c-4c3e-9ca7-a04381a34680,8ced966b-96fc-45a7-b2fd-f43f6a26b92a,2026-04-28T19:29:37+00:00
bb5d90d8-2225-493c-812d-2fc5ecbf9435,3e800602-8dfb-4d38-b484-a4d0523d28c5,fe409d6f-e259-485b-96bc-c2a89d7996e6,2026-04-24T04:26:00+00:00
f2bb080b-9945-4d7b-9b24-58a5ac08959f,3e800602-8dfb-4d38-b484-a4d0523d28c5,d413b920-fd1b-4aab-b816-7b0b8dd7ec37,2026-04-29T05:59:36+00:00
57722f77-c658-4562-a1af-e463116f6f3c,8ba1ed81-5b73-4647-ad33-fd229ed3ae6d,c76f1c0b-bf00-4af7-84b8-6ec1e8252901,2026-08-10T08:28:13+00:00
bf5fa8b6-503c-4c6f-8322-dee25c7b2b21,8ba1ed81-5b73-4647-ad33-fd229ed3ae6d,1f5c9368-f634-4128-84d2-ef868162ba53,2026-06-22T11:45:46+00:00
19ad7d0a-15b9-40d8-97d0-e770d0b95f76,8ba1ed81-5b73-4647-ad33-fd229ed3ae6d,1a3b8eb4-9217-4dfe-a345-ac6a2076c9d5,2026-05-28T10:25:34+00:00
67034418-1c3f-402c-978e-9403b93e99c8,8ba1ed81-5b73-4647-ad33-fd229ed3ae6d,acecd3bf-b042-4b84-be29-27585dc68137,2026-05-13T09:32:46+00:00
dacbfb21-c4ea-44b0-b554-f0333e5db6af,9e7e869c-a0b8-4f26-b41e-6b66f8fdcf2e,580cef17-440c-4dfe-9629-5e7dcbd52995,2026-04-23T14:40:54+00:00
eb5b53bd-16c6-4ac9-92d2-e8386f8f538f,170f6779-135f-445f-b589-9a0f9bdbca20,594a9fe8-338e-48b9-bf94-45ec42062580,2026-05-10T16:56:29+00:00
4e5d1c4f-f309-40c0-9505-c7711d6982a8,170f6779-135f-445f-b589-9a0f9bdbca20,f46fae0a-66ed-4c74-baa7-7380e11570dd,2026-05-16T06:34:22+00:00
82574ecf-7dce-4f7f-b5f6-a1ce09af8c6d,170f6779-135f-445f-b589-9a0f9bdbca20,50ea7e0c-7da9-4f50-8495-8e484fcefdfd,2026-08-10T15:52:11+00:00
3efb4d22-5829-481f-abdf-befc03e5cde9,170f6779-135f-445f-b589-9a0f9bdbca20,cdb4ace0-6ea2-498d-90e8-2009a10848ce,2026-08-03T00:31:29+00:00
8425ed8a-7f46-4a0c-8684-515f09c36bb3,170f6779-135f-445f-b589-9a0f9bdbca20,323eb581-df66-495e-b4c3-b8d51316dccb,2026-04-28T08:52:20+00:00
a3136d34-d555-4491-808f-7fed3210ef0f,170f6779-135f-445f-b589-9a0f9bdbca20,501e8ce4-ec88-49ee-8091-df9797903b55,2026-05-21T11:46:21+00:00
f6b67fe2-5b9b-4d45-97af-2f64bfbf96ce,170f6779-135f-445f-b589-9a0f9bdbca20,04ef5bae-6f20-43c1-84c2-80053a99d1b1,2026-06-24T16:02:48+00:00
cb978eef-69b7-4c0b-a750-e3440a829491,170f6779-135f-445f-b589-9a0f9bdbca20,d7b30ac7-a843-4c2c-b7d0-5dbca0c169c3,2026-07-01T04:16:57+00:00
126c6ad7-dc9c-4846-bb02-bf0718b2d48d,170f6779-135f-445f-b589-9a0f9bdbca20,b126e808-1a11-4d61-af32-05384751f291,2026-06-16T11:18:21+00:00
22e10b3e-43fe-440f-99fc-05eed75780a4,170f6779-135f-445f-b589-9a0f9bdbca20,2ba2f93e-b90a-4582-9c0b-561477ec2dd4,2026-04-26T06:40:07+00:00
cc29f8a8-1872-48c2-a93a-59f5621adbe7,66a6bc6f-1e9c-4fa8-981b-9cf033236ffd,6dae0af9-c881-473c-a919-489118789e0d,2026-04-26T13:45:04+00:00
03cf3682-1f03-45fc-81db-5900a1cde1c7,66a6bc6f-1e9c-4fa8-981b-9cf033236ffd,345afc84-e133-4249-9c52-f900042bc4f9,2026-05-11T03:34:52+00:00
6e46b348-285a-4151-b061-f3b73531648a,66a6bc6f-1e9c-4fa8-981b-9cf033236ffd,658d561c-1651-4aa7-9c5f-4cc6fe4afb70,2026-05-23T01:16:12+00:00
ada09868-38af-4eeb-afe9-a676c017e02f,66a6bc6f-1e9c-4fa8-981b-9cf033236ffd,09df0479-c184-43eb-84fc-57806ea9743a,2026-06-13T06:51:46+00:00
5e0c275f-75f1-4884-9cd4-c056e1d1334b,66a6bc6f-1e9c-4fa8-981b-9cf033236ffd,4333f52d-82f4-4fb4-b6c0-44d327f5b25a,2026-04-24T00:27:20+00:00
c297c9cb-58b1-4120-82fa-be13d37988e3,66a6bc6f-1e9c-4fa8-981b-9cf033236ffd,c826c699-c25f-4e45-bc9a-8ef83d1a94fb,2026-07-25T09:03:36+00:00
d0c1c28e-20f6-435f-b5aa-9db15a2840fb,66a6bc6f-1e9c-4fa8-981b-9cf033236ffd,5635f843-b3b9-440c-a3b6-a80320986967,2026-07-01T23:19:42+00:00
e72cc0cd-5d6d-42f9-b8d4-01151218fd27,66a6bc6f-1e9c-4fa8-981b-9cf033236ffd,5ab1b529-4f5e-42a1-8f82-f88bad579d46,2026-05-05T15:34:22+00:00
3c5f37aa-ec35-4685-9cd8-0877e160fa04,66a6bc6f-1e9c-4fa8-981b-9cf033236ffd,94124252-c61f-4b05-ab17-fb467c898e0c,2026-07-15T03:41:24+00:00
1de27714-de29-4d69-8334-56aac3d83694,66a6bc6f-1e9c-4fa8-981b-9cf033236ffd,e6ac3080-e405-47c5-b78b-6c37ea355a02,2026-06-28T12:15:44+00:00
edc5fddb-f346-4898-a05e-4080d1e16ae3,a257f378-6d94-4c13-b237-5a40798d21ee,6cad3973-c23d-4cec-bb0c-6ecf78003373,2026-05-27T06:46:49+00:00
24b02b5f-1be8-454b-bad3-f89190f19656,a257f378-6d94-4c13-b237-5a40798d21ee,b351150e-5cf0-43bc-b851-996d3a1796be,2026-07-17T22:52:36+00:00
265d590a-dee1-4cba-bbaa-dcc96143ff7e,a257f378-6d94-4c13-b237-5a40798d21ee,a2a97c5b-d72e-47bb-a8b8-355fcf007b68,2026-07-29T19:38:34+00:00
c87dd10d-d2e3-4354-9ec6-29ea715abec0,a257f378-6d94-4c13-b237-5a40798d21ee,bc0e5868-3a1d-4493-ad13-df81dcf8102c,2026-04-28T10:09:23+00:00
7add8e21-b0d1-476b-aaf7-ccd24315f851,a257f378-6d94-4c13-b237-5a40798d21ee,149f866d-6114-4c68-8b49-00b27b0caa12,2026-08-01T19:09:59+00:00
fe79a713-4da7-40f1-8bac-b97929c87e09,a257f378-6d94-4c13-b237-5a40798d21ee,53cbc155-02f5-409e-90b8-e1d1b8a42be9,2026-05-20T02:25:25+00:00
caaa84ef-d416-4bf6-9851-e974ce769f9d,a257f378-6d94-4c13-b237-5a40798d21ee,46d70937-d07e-4077-b289-a72c50dbc1f5,2026-05-05T12:01:13+00:00
9a2491bd-bc7a-4609-ac95-fabf513867e8,a257f378-6d94-4c13-b237-5a40798d21ee,5da9c176-ec13-4102-b6cf-121f4b145d5a,2026-05-01T10:32:00+00:00
f402c41f-5055-483c-99c8-d8f8ac03554a,721a9588-c4f4-457e-a19b-bf1ff17621ac,081ff1ec-6b6e-4345-b592-685440228bd4,2026-05-14T07:42:29+00:00
8d6cd802-fbe6-4707-88da-32ee7778c791,721a9588-c4f4-457e-a19b-bf1ff17621ac,ca8f1e88-f39d-4f85-a500-8267f988dfad,2026-08-17T15:18:30+00:00
138cd609-ae77-4c55-8057-700f50cae7b9,721a9588-c4f4-457e-a19b-bf1ff17621ac,faf9f76d-15dd-40c4-90fb-91488cd8bff1,2026-06-04T22:10:48+00:00
a5c86c66-f44f-4fec-a0fd-e437e35af4d7,721a9588-c4f4-457e-a19b-bf1ff17621ac,73ba0cc9-b965-4bee-abba-983dac988737,2026-08-15T19:00:27+00:00
7440acbc-e3e7-4355-93a1-45b0dd10b31d,721a9588-c4f4-457e-a19b-bf1ff17621ac,d103d768-2880-46ed-b2c3-6b7b04ebc1d8,2026-05-26T07:16:41+00:00
f39ba4e5-5a0c-4691-98ae-e5c69db27420,721a9588-c4f4-457e-a19b-bf1ff17621ac,3f7e714c-fb4a-44da-ac98-bf39d35e490e,2026-08-30T00:24:29+00:00
c901b231-e4e0-4628-9c97-88dfc17c5699,721a9588-c4f4-457e-a19b-bf1ff17621ac,fee6b0c5-a98d-4b4e-a30d-2cb91bee01ea,2026-07-29T17:03:57+00:00
96801238-125f-45ea-8b60-4286cf8efc60,721a9588-c4f4-457e-a19b-bf1ff17621ac,1755328b-9010-4f07-b351-51bc6d8e8e7e,2026-05-24T16:29:59+00:00
3f1f55e8-3792-454e-a3f5-2be0596e9efa,721a9588-c4f4-457e-a19b-bf1ff17621ac,c83332b4-6631-4d8a-bf55-d7b4da6ef7d5,2026-06-24T15:16:44+00:00
35b1e84a-6686-4a4c-830e-ac76646f7eba,721a9588-c4f4-457e-a19b-bf1ff17621ac,006472ad-ef7c-49dc-a9a5-5be63552c118,2026-04-25T08:46:36+00:00
cfa7f5bc-aff3-4033-b836-e0be21c7a721,721a9588-c4f4-457e-a19b-bf1ff17621ac,b371ce5e-bc61-471a-9390-abad4474dcdf,2026-05-21T08:53:40+00:00
c4288702-57f5-46af-aa0e-e83497d7daa2,721a9588-c4f4-457e-a19b-bf1ff17621ac,94fe657b-e446-422e-8233-465a217764d5,2026-05-21T10:11:03+00:00
a39f26b7-aaaf-42fe-abce-085676aebf5f,721a9588-c4f4-457e-a19b-bf1ff17621ac,51dac652-9517-4e31-b9c9-905c3968e085,2026-05-25T11:44:32+00:00
25fe95be-24d7-4c83-9a30-9f1b14dad02a,721a9588-c4f4-457e-a19b-bf1ff17621ac,743aae1e-e024-4953-a3ae-1413333f514f,2026-08-11T23:44:10+00:00
dafb968a-5d15-451d-823d-a785a946ea8f,721a9588-c4f4-457e-a19b-bf1ff17621ac,dc64b030-9ad0-4b7f-aa39-1ea19decb440,2026-04-24T02:23:23+00:00
397f78fe-51e8-421a-a40d-c56a9d09c518,721a9588-c4f4-457e-a19b-bf1ff17621ac,1df596d4-a79f-4572-9306-495047dbf75e,2026-06-20T14:58:10+00:00
bf8d9be6-312d-4f75-ab62-8e5e7cd74f3b,721a9588-c4f4-457e-a19b-bf1ff17621ac,a0e2974c-e309-4d0a-be48-f7744ff2a50d,2026-06-28T05:11:08+00:00
bcc303a1-f072-4394-a0ca-8cd9bc5a31fc,721a9588-c4f4-457e-a19b-bf1ff17621ac,31d9eacf-7f61-4435-b484-43965f1c29b6,2026-04-24T01:53:20+00:00
fcb2af78-cc7f-4288-85cc-6ede8140134c,721a9588-c4f4-457e-a19b-bf1ff17621ac,d22d4315-95d0-4e9b-8b3a-ee71f98284ba,2026-07-03T19:19:45+00:00
8389111e-9176-4e5f-a266-d9e3835c57c5,dd1db42e-8873-420f-9f0b-4006f6622ba3,94fe657b-e446-422e-8233-465a217764d5,2026-05-18T00:47:36+00:00
d28b86a0-84a9-4d84-8a6c-42e790508102,dd1db42e-8873-420f-9f0b-4006f6622ba3,ab56d43e-6b4a-43a3-9b6c-f3bae36c4bb6,2026-05-11T07:31:05+00:00
ecf2f476-0bef-4a0f-bdb5-36a717ae5f09,dd1db42e-8873-420f-9f0b-4006f6622ba3,3b30a6e4-3c57-4bbd-9b03-022e7facb880,2026-06-05T14:06:35+00:00
58377a2d-3c92-4ad0-b6e3-e2385feeb7c9,dd1db42e-8873-420f-9f0b-4006f6622ba3,63e9a505-7c6b-4204-93f7-db5e9998f23c,2026-08-15T09:54:52+00:00
f358ae70-b3da-4ca9-a90c-b9fc7d1cfd90,dd1db42e-8873-420f-9f0b-4006f6622ba3,e5b05247-d5c5-41cb-bf08-a56d351e6242,2026-06-02T09:04:46+00:00
9793a62a-a2bd-415a-81d5-5361dc720f98,dd1db42e-8873-420f-9f0b-4006f6622ba3,ec6a23be-ddf8-411b-a001-feea58a50c51,2026-04-29T04:15:48+00:00
de9c74e5-1828-45fd-a98e-9fc5d2a87c03,dd1db42e-8873-420f-9f0b-4006f6622ba3,cc9edd65-11d8-48ba-8605-87b882d51e43,2026-04-27T00:00:45+00:00
acb190cf-3325-4b25-9732-d13f1936cbb1,dd1db42e-8873-420f-9f0b-4006f6622ba3,7352bdf0-d7cd-4554-b7da-0f69eabb5ce6,2026-05-06T06:24:15+00:00
ee146771-03d8-4af0-9cee-d374b5dcb0a4,280fd973-8a34-425e-89de-395059c3da9a,681a768e-2c15-4f60-b8bb-6613e5d882f5,2026-04-26T04:51:45+00:00
4f5fa8d0-dcf0-4659-97d8-de5c61af853d,280fd973-8a34-425e-89de-395059c3da9a,d4753420-55e3-4598-a047-da09e69fedd7,2026-04-25T18:31:26+00:00
00810885-3f3c-4d2c-bb0d-51ad601eca2e,b7124a14-b1b7-49de-adb5-077af9e0b618,553046bf-b8f3-4054-8eea-bd6715749b6e,2026-04-27T17:56:03+00:00
0f4bc609-e85f-4f9e-a7fa-ae8e5b895be9,b7124a14-b1b7-49de-adb5-077af9e0b618,ce44b626-aa47-48a3-b23b-c2866dfefd6d,2026-04-28T03:18:12+00:00
b5ec46b9-07f6-462a-824e-18b290743447,b7124a14-b1b7-49de-adb5-077af9e0b618,6fadda54-a15d-4010-be7a-2f23d4461cf9,2026-04-30T07:11:48+00:00
c43a08fe-fb1c-4c78-a44b-4c073f914f9d,398c17c9-c1ff-41d0-89ab-558c82d5c0bc,7d2e833a-8242-43a6-93ca-e79df0b2cd59,2026-04-26T17:29:46+00:00
a8414e25-45ae-4ad5-8609-7553f36a66ef,4be14f30-5576-4bd8-b06b-705dd36301f8,5d717b99-735c-4981-87a3-225adde8acea,2026-06-19T21:48:50+00:00
2ad1cd5a-612d-493d-af14-e2217a56c188,4be14f30-5576-4bd8-b06b-705dd36301f8,2ac3a3a5-640a-4b9b-a55a-419ce256fa53,2026-05-22T05:56:53+00:00
0a18b7d8-3824-4922-8b0f-63c571ddaf93,4be14f30-5576-4bd8-b06b-705dd36301f8,19d0052f-3a95-45b1-a564-0bcf21862cd4,2026-05-02T10:42:12+00:00
dedafff6-8c69-46ed-95fb-642c8d541183,ac47bc4c-991b-4962-bed0-a6008f9c6d47,e8bd6718-0ee1-4de3-9813-716c81bea5a5,2026-05-25T11:52:30+00:00
4e75246b-9150-433f-bdc9-97ad1f7d0e91,ac47bc4c-991b-4962-bed0-a6008f9c6d47,fe1dae52-39dc-4990-be70-ac03aa8ee90a,2026-04-29T11:53:23+00:00
99078cc9-9865-4fb6-ac35-fee283508c5b,adec70f4-3f12-465b-84d2-ed0b0cdec8ee,f7318ac8-5529-4cd7-98ea-c6b5c629b8b2,2026-06-13T16:32:24+00:00
9177b135-5f2c-4075-8811-bc005880c701,adec70f4-3f12-465b-84d2-ed0b0cdec8ee,50ea7e0c-7da9-4f50-8495-8e484fcefdfd,2026-06-03T19:37:59+00:00
01021c9b-da25-4804-98d6-382ad63daf05,adec70f4-3f12-465b-84d2-ed0b0cdec8ee,3fc6331b-9394-4e27-8bfb-3d16fe1a97c0,2026-05-15T01:53:32+00:00
efffb294-cc3a-487b-b3f9-8cdb7573dfaf,412e26f7-d374-477b-bec8-a5ac5aeee079,459c517f-ee6e-4dd8-8e73-1f546778d794,2026-04-30T03:30:30+00:00
905922ab-60f6-453c-b3df-b33a51462be7,029756b4-f122-4907-b384-fdbd36043f2b,0ade7a97-38bc-456b-952d-77f14e7154e6,2026-05-23T12:15:21+00:00
ef50c183-2035-4c62-bf4f-df14eb0316f3,029756b4-f122-4907-b384-fdbd36043f2b,57d2ea34-ccda-48c1-82da-d0d973b20d87,2026-05-26T18:32:40+00:00
7d1e8063-bd95-468d-ab20-494c29195d76,029756b4-f122-4907-b384-fdbd36043f2b,04ceced2-1e5d-42b0-9a6a-158e9a108c1d,2026-05-01T20:22:04+00:00
81f3da9f-6614-4128-9e90-4495b4385148,029756b4-f122-4907-b384-fdbd36043f2b,1ce85b38-45d8-4fc2-a23d-d01ad37ee8fb,2026-07-30T01:18:13+00:00
6ea45efc-7eb1-4fb8-94b3-b83fe93ae12f,029756b4-f122-4907-b384-fdbd36043f2b,0b20e057-ab25-4963-a1eb-383458386c85,2026-05-22T17:40:43+00:00
3b71cce2-e3ca-4f89-9398-29152848c0e3,029756b4-f122-4907-b384-fdbd36043f2b,f2e15dfd-44c6-41bb-8e26-a90818c01dd9,2026-05-01T09:19:54+00:00
446024c6-942f-4c61-8a7e-ba24a23871f5,029756b4-f122-4907-b384-fdbd36043f2b,f31ed9a5-371d-40f1-abad-f2898658760d,2026-05-13T18:47:54+00:00
c8aae99c-0cf3-48eb-9bd5-37b744ecd859,029756b4-f122-4907-b384-fdbd36043f2b,b3756f66-bc0a-4be7-b18e-d5a43ae2cb20,2026-07-06T01:06:43+00:00
e982cad0-59f1-4dbe-a139-0f4d9d980209,029756b4-f122-4907-b384-fdbd36043f2b,63e9a505-7c6b-4204-93f7-db5e9998f23c,2026-05-11T06:10:37+00:00
3dcce83c-67da-457d-aedc-68a55475a249,029756b4-f122-4907-b384-fdbd36043f2b,a9ed43c7-b716-4055-97db-efe07e46285d,2026-06-28T03:51:43+00:00
6fe142a8-2703-449a-aec1-ca25fd37dd71,029756b4-f122-4907-b384-fdbd36043f2b,acecd3bf-b042-4b84-be29-27585dc68137,2026-05-18T14:27:40+00:00
335d177e-062c-4308-9519-b0948a3b07ad,029756b4-f122-4907-b384-fdbd36043f2b,eeff5407-0122-4256-8fe0-ca19e54acbbb,2026-06-04T14:53:35+00:00
7159229b-6087-47cd-ac8a-37b5ac5c8df0,029756b4-f122-4907-b384-fdbd36043f2b,b2d72011-02df-4d85-8d8c-9c12e9aa4b3a,2026-07-13T10:27:58+00:00
b4dd7033-0d96-45c3-870c-c9fd2d96c134,029756b4-f122-4907-b384-fdbd36043f2b,1a6871ca-4c9c-41a0-a153-98abff494d21,2026-05-10T02:26:38+00:00
3e5f9cb7-f3fc-4f4d-bf74-f45821575a3a,029756b4-f122-4907-b384-fdbd36043f2b,7275315b-de5e-4c67-9b01-11b25728750a,2026-06-19T11:25:06+00:00
151c4837-5ae7-4301-be00-4370a131b6de,029756b4-f122-4907-b384-fdbd36043f2b,31d9eacf-7f61-4435-b484-43965f1c29b6,2026-07-26T07:19:06+00:00
481dd840-1872-401a-8778-beafcc656bfb,029756b4-f122-4907-b384-fdbd36043f2b,b2ebd1c7-416b-4645-a522-88f29c4fd3fa,2026-06-15T04:28:12+00:00
afb6600d-fc5f-47d2-ab79-30fabce79b0b,b32179a5-4fbc-453f-b126-ae524ef3cadd,573eb679-3294-4f6c-9352-94085c83e87f,2026-07-19T07:18:13+00:00
c76c24c0-46f2-42aa-8067-eb57507cb8aa,b32179a5-4fbc-453f-b126-ae524ef3cadd,666bc6ff-a4ef-4446-b1f3-452d89ab9300,2026-05-12T03:27:40+00:00
0858f786-e2d3-4e2b-8d66-baa88277f211,b32179a5-4fbc-453f-b126-ae524ef3cadd,c90cc779-75f4-4f0d-8f0e-bf02ad0ba33c,2026-06-20T20:45:48+00:00
7e913347-3d45-4995-b95f-80c6e9c293cb,f59531fc-0ddb-4002-87ba-d1d4fe2140a5,6cad3973-c23d-4cec-bb0c-6ecf78003373,2026-05-07T12:54:53+00:00
f4558049-cca9-4c3e-9fed-0ed35492fb0a,f59531fc-0ddb-4002-87ba-d1d4fe2140a5,6aacb066-212b-444d-b253-5871c426b9d0,2026-05-14T22:36:12+00:00
48670e63-1331-412c-a55b-63f478e746b8,f59531fc-0ddb-4002-87ba-d1d4fe2140a5,60894dd1-d449-4366-a1f2-506c99644e4d,2026-07-19T14:43:42+00:00
c6e32280-3025-42a6-b2c9-562527a7a8ca,f59531fc-0ddb-4002-87ba-d1d4fe2140a5,a0bc3b16-7612-417e-acb2-ce0de205d14a,2026-06-21T23:24:04+00:00
afc890f8-db58-487d-8cba-bc24453e0fa5,f59531fc-0ddb-4002-87ba-d1d4fe2140a5,299a8f80-c512-4987-80d2-c15927f4e916,2026-06-17T12:57:07+00:00
6be96e31-d069-473a-aeef-43dbb6ea3c19,f59531fc-0ddb-4002-87ba-d1d4fe2140a5,bf6c0e33-5fc6-4e92-8a2d-83065bf149c4,2026-05-13T17:45:01+00:00
9e51b3c8-745f-4fb4-8038-032d7b85a963,f59531fc-0ddb-4002-87ba-d1d4fe2140a5,06ca99ad-46e9-4d5e-a72e-48628968c316,2026-07-05T17:42:02+00:00
f9a92daa-86e2-4411-8381-341a7287cef6,f59531fc-0ddb-4002-87ba-d1d4fe2140a5,149f866d-6114-4c68-8b49-00b27b0caa12,2026-08-10T17:28:58+00:00
a30a859c-ce96-4886-9c63-40d355f08943,f59531fc-0ddb-4002-87ba-d1d4fe2140a5,ded797b6-afed-4f9c-8ae0-35b3c61aa0e4,2026-08-11T18:06:48+00:00
b3f49706-e399-489e-a9c3-cbd2f421ce96,f59531fc-0ddb-4002-87ba-d1d4fe2140a5,94d89ccb-983f-49df-97a7-1886973331bd,2026-05-02T00:13:18+00:00
1f308d2a-8b13-4ef7-8fe0-07b14ab0929b,f59531fc-0ddb-4002-87ba-d1d4fe2140a5,8f39dc61-73fe-48e5-9abe-1b74522d2ba1,2026-08-11T21:51:47+00:00
fee59fdc-71b2-427e-8bc0-dfe36e9dfe15,bd261f82-9e90-40df-a7e7-8edd21841421,5ab1b529-4f5e-42a1-8f82-f88bad579d46,2026-06-10T10:28:17+00:00
c4adc9c7-eb18-4df4-bf5b-1310f477c075,bd261f82-9e90-40df-a7e7-8edd21841421,6b83a412-875d-4f35-8ce5-9a2c67a093f6,2026-05-14T09:23:26+00:00
af1be05d-3d1a-43db-ab5d-04124c08480b,bd261f82-9e90-40df-a7e7-8edd21841421,630fe4a8-7f3f-4f97-93c1-03feb895bbd5,2026-05-05T02:54:36+00:00
35c4c210-e13f-4653-ab5c-74a6ab679e7c,bd261f82-9e90-40df-a7e7-8edd21841421,f3f35b1f-6722-4fb3-9c50-39c6796b2515,2026-06-30T15:21:42+00:00
2aa8e207-f058-4d6a-aaa3-c8818249b976,bd261f82-9e90-40df-a7e7-8edd21841421,79c00b7e-dbe5-41bb-8a92-189f533b8e9f,2026-06-17T20:17:59+00:00
41167504-09d9-4a35-8789-bb863564e8aa,bd261f82-9e90-40df-a7e7-8edd21841421,d84e7fb7-133f-4d4d-8817-f28892a26d2b,2026-08-25T17:43:37+00:00
a2fbcb9c-8274-481b-aaf5-b0208b4defec,bd261f82-9e90-40df-a7e7-8edd21841421,2ad9462f-49f8-4d9a-8f1f-6f573c1e266f,2026-06-10T02:52:51+00:00
bf1968e8-e07a-41c1-8fcc-7bc6bda814bf,bd261f82-9e90-40df-a7e7-8edd21841421,05c1b613-6547-49f7-a31f-dfedc7876aca,2026-06-10T07:40:02+00:00
9bcd265f-bab7-438a-aa86-a656181b6f4f,bd261f82-9e90-40df-a7e7-8edd21841421,d30b8eb3-05ed-4a73-b6e5-042436e46b37,2026-05-15T18:40:28+00:00
78b3f2b5-5a5a-485d-9113-ab65d9e6df37,bd261f82-9e90-40df-a7e7-8edd21841421,eb37e445-ad15-450f-aac9-165635b7ef7b,2026-05-14T09:03:08+00:00
dd34000a-2cf6-410e-b1a2-b633e6b25c96,bd261f82-9e90-40df-a7e7-8edd21841421,dd97c4bf-c562-41cd-943b-218a8b5baac4,2026-07-19T23:46:45+00:00
a2937bf5-0e6b-45d9-a02b-2b265c8a22e7,6fb96efa-c9f8-47a4-9a65-3068bc99a94a,b2ebd1c7-416b-4645-a522-88f29c4fd3fa,2026-05-21T01:01:42+00:00
a178ac59-62e1-4fc6-a776-5ddb334f8409,68b25b5f-4761-4e90-a8c0-02d67caa3683,c917de22-1a11-43a3-8cb6-6c865488a5b4,2026-05-17T13:58:58+00:00
a41830f1-1991-498f-b774-11e0ef68d7d2,3c72eb92-759f-4f4f-8df5-fe6cba342c02,4c01c5e4-a2a2-4327-b389-b04521c5072d,2026-08-27T13:00:38+00:00
573c51b2-d2fe-487d-a720-4d6a6e486f1d,3dacb498-3be6-4091-b125-4c35f45ce264,904d370b-c057-4076-ab96-6f35351482c2,2026-05-20T00:28:23+00:00
233003e7-d2d6-439d-8f4f-6e0914f03f31,3dacb498-3be6-4091-b125-4c35f45ce264,75f5c0c5-ff4b-4a5e-9cdb-236c8398b4e4,2026-05-05T09:23:42+00:00
d24dd314-e84a-492e-b547-9af6f0e34483,3dacb498-3be6-4091-b125-4c35f45ce264,9fa1bd7e-fe95-4d72-89e0-17853678fb5b,2026-05-13T17:38:33+00:00
62ced66d-e5e6-4bfb-9dce-5025cddf084c,3dacb498-3be6-4091-b125-4c35f45ce264,dd97c4bf-c562-41cd-943b-218a8b5baac4,2026-07-22T05:12:16+00:00
71372865-be02-4420-bf26-e8f68206ecea,3dacb498-3be6-4091-b125-4c35f45ce264,8d5b08cd-a9b3-424d-b178-65d65f5998af,2026-05-25T03:30:06+00:00
b0c5a6e8-3155-4611-8ebf-9bc6caa27d64,3dacb498-3be6-4091-b125-4c35f45ce264,0009dfc3-c591-422e-9a5a-47a3c5627f02,2026-08-30T01:35:45+00:00
8aa51321-5b9e-4ad2-a7c8-881f233e60a5,bef37b11-e3f0-451a-b3e8-157806234c5b,ffae7a2d-9aea-4536-8cf4-dd5a807a4405,2026-05-05T03:53:30+00:00
c4962f6a-ac3f-4146-85fe-8d86cb5fce37,bef37b11-e3f0-451a-b3e8-157806234c5b,0581305f-6e14-482c-94be-e2a7bab71968,2026-05-13T16:39:11+00:00
94f0bef4-7def-4f14-aa78-0f8d7a76fe4d,1615dca3-417f-416b-8d61-e1244a4a2fb4,5579985d-8b97-4fbf-89a3-3636d4a31837,2026-05-04T16:12:11+00:00
f0f257ed-e83e-4c67-b54e-4f1815a34ba7,1615dca3-417f-416b-8d61-e1244a4a2fb4,469cafcd-e935-4706-a180-dbcf0d46cd05,2026-07-23T07:15:32+00:00
35b1baf0-5ed0-4dd2-9816-650c593f32cc,1615dca3-417f-416b-8d61-e1244a4a2fb4,7759297b-afe9-4b95-8e56-6c553c734e03,2026-05-04T12:02:14+00:00
f063dc8f-7300-4d04-aefd-d7a144502029,1615dca3-417f-416b-8d61-e1244a4a2fb4,db16a0e3-1900-4649-86fc-1c299886fc23,2026-05-22T07:10:05+00:00
cee516d8-c0d1-4127-84bc-6423d90e9f83,5f71020e-90c9-4757-8438-a28bf996c233,5a9e45fe-4a1e-47ab-9fd9-93dbc98d81eb,2026-05-04T21:29:19+00:00
c47b2b7b-71d9-4f2f-98cc-4a48edfb0665,88b74e6e-e758-46f9-b824-c614c955ef66,254f7afb-a845-4daf-b94b-a34157af1df2,2026-05-03T15:04:23+00:00
ef2456e4-003c-4497-bbc5-d742d271ef59,88b74e6e-e758-46f9-b824-c614c955ef66,e294d7c5-9f72-4226-9091-d2cf6c147a17,2026-05-06T14:49:38+00:00
4baaa9b4-aeb2-43d7-aa96-2b5e0a6eaac5,88b74e6e-e758-46f9-b824-c614c955ef66,5c16ef18-8047-4cc4-806c-4ef9df6de907,2026-08-27T12:33:02+00:00
772b412b-ba3b-4a75-bb09-603dcde33769,88b74e6e-e758-46f9-b824-c614c955ef66,9e2d608b-d89b-47b6-a9be-d7becb140d83,2026-05-26T13:37:05+00:00
e5a57be4-8468-4dab-8edf-126dd7542ef9,88b74e6e-e758-46f9-b824-c614c955ef66,17b21723-fa8f-407d-8126-f99b09b1578a,2026-05-04T03:50:37+00:00
9f716107-fc60-41c4-a6de-4803f98efbbe,1ece5efc-9825-45a3-9874-55ad8dcefd36,fe409d6f-e259-485b-96bc-c2a89d7996e6,2026-05-04T18:14:12+00:00
a8396e0f-cbe5-4631-913b-af48afdaa8d5,1ece5efc-9825-45a3-9874-55ad8dcefd36,aebbbd34-c750-4cee-b298-18c1698b9b92,2026-05-09T20:56:28+00:00
002e747f-f01a-4a59-a91b-cef0698116c0,1ece5efc-9825-45a3-9874-55ad8dcefd36,0b20e057-ab25-4963-a1eb-383458386c85,2026-05-09T06:39:04+00:00
64d77838-27c8-4dbf-8d10-be0dc585c956,1ece5efc-9825-45a3-9874-55ad8dcefd36,0735b0aa-84bc-49aa-a78b-0ec4f2e216e6,2026-06-25T19:05:03+00:00
12dc8070-5d08-4c75-9de6-c8671718e124,1ece5efc-9825-45a3-9874-55ad8dcefd36,1cb0a5a8-ec45-4495-baee-7a23a8d035aa,2026-08-06T00:12:41+00:00
c37a5084-63e1-4e17-a48f-ce6514544797,06eedb5e-eb0c-4173-9bbc-fb6533f76281,ceb5b100-6d16-4a2c-a1ac-94145b871907,2026-05-18T01:08:17+00:00
ead25c07-3044-432c-8723-42253b12e75d,06eedb5e-eb0c-4173-9bbc-fb6533f76281,41583495-38b9-4f40-b6fe-64577f910a54,2026-05-09T22:47:05+00:00
7a684b3e-a8c4-4032-ba02-3628f62daba6,06eedb5e-eb0c-4173-9bbc-fb6533f76281,caf7efc4-3973-492b-abf8-2af2f0caa4ef,2026-05-04T08:54:48+00:00
250d6f05-d878-48fd-afe5-7a24f86001bb,06eedb5e-eb0c-4173-9bbc-fb6533f76281,fee6b0c5-a98d-4b4e-a30d-2cb91bee01ea,2026-05-09T16:08:21+00:00
2745643c-586e-4360-bbf2-94b9a87c9506,576dd58d-57c6-4e11-a4bf-fd6767f5c5bf,573eb679-3294-4f6c-9352-94085c83e87f,2026-08-10T07:09:43+00:00
f4da7e6e-4fe4-4b65-8d36-42e10ae1460c,576dd58d-57c6-4e11-a4bf-fd6767f5c5bf,e19797db-e29f-48c3-a7bc-6f3ee4494c8c,2026-08-26T23:30:20+00:00
304567a2-9951-4bb3-a604-3a99cb5bbd31,30fdfafe-3c3f-4ffd-a8c2-435cf572e3f0,5fe592da-0d87-421c-93e1-8e7df2988983,2026-05-07T12:34:40+00:00
8e7ab18a-7666-4ca4-ab77-6290a7621118,7001eced-81cc-48d6-86bf-ccd5bc620ec1,3e1135b6-a11d-4440-9839-7607ab0df809,2026-05-24T23:21:12+00:00
e1c53e56-f4df-4cba-9ad4-0b4a899f7ac2,7001eced-81cc-48d6-86bf-ccd5bc620ec1,5a9e45fe-4a1e-47ab-9fd9-93dbc98d81eb,2026-06-05T06:12:07+00:00
acf680ac-185c-47d8-b2f2-5a7e7371634c,7001eced-81cc-48d6-86bf-ccd5bc620ec1,fee6b0c5-a98d-4b4e-a30d-2cb91bee01ea,2026-05-08T07:05:01+00:00
f0f3b7d8-c4cc-45d8-8e41-b9f031230a7e,7c8735ef-00bc-4329-ac8c-78be73600614,658d561c-1651-4aa7-9c5f-4cc6fe4afb70,2026-05-07T08:17:04+00:00
38609bb1-bd80-4148-b927-46c5f4e0f521,7c8735ef-00bc-4329-ac8c-78be73600614,b87fa7ae-7016-46ff-bf10-b0be3cd2d358,2026-05-06T22:26:48+00:00
492cee24-d9c5-42cc-9cae-cba04f233803,a0a79a2b-d919-4bc5-8e3b-4ccd67965fb3,6dae0af9-c881-473c-a919-489118789e0d,2026-05-07T18:39:29+00:00
2dd37cc8-151d-432c-9e7f-4bc7c1aa81e8,a0a79a2b-d919-4bc5-8e3b-4ccd67965fb3,ec6a23be-ddf8-411b-a001-feea58a50c51,2026-05-11T13:27:01+00:00
d1a19e13-84b3-4e29-8b7d-6cd18579a3a4,a0a79a2b-d919-4bc5-8e3b-4ccd67965fb3,fd24cb3c-d535-4d3e-8f20-04616346c1f3,2026-05-07T09:18:06+00:00
8488b1c6-a4d1-412d-8ffa-582afb7cd544,a0a79a2b-d919-4bc5-8e3b-4ccd67965fb3,6760b35f-d3be-4df1-b9bb-dcc8d7227291,2026-05-06T21:23:01+00:00
2baf3d58-795e-4059-85b2-7c06be5ee129,a0a79a2b-d919-4bc5-8e3b-4ccd67965fb3,27de1447-4949-4ba1-94da-511dcf33e97a,2026-05-12T18:57:23+00:00
c0ea491e-5f43-435d-84f8-d8540b9a4949,a0a79a2b-d919-4bc5-8e3b-4ccd67965fb3,1ac6ee78-e266-4507-888f-5c047d74ca46,2026-05-06T03:55:27+00:00
5efa59ca-5d4d-4fed-b97e-af029cbee74e,a0a79a2b-d919-4bc5-8e3b-4ccd67965fb3,4df1de8f-107b-424b-b224-0ed52a3b292f,2026-05-13T21:13:25+00:00
a44f0de4-3b49-4138-af70-e9a28267aa1b,0c3dd19d-64e1-4c6f-84d3-97ff49704e92,f2e15dfd-44c6-41bb-8e26-a90818c01dd9,2026-05-07T23:00:05+00:00
26701cd4-3881-4aef-8933-513c7684259e,0c3dd19d-64e1-4c6f-84d3-97ff49704e92,006cf2a0-aba4-468e-933a-b50f8c76a23f,2026-05-07T20:54:14+00:00
a242ca1e-efb0-4983-a75e-83c5c0c4ea8a,0c3dd19d-64e1-4c6f-84d3-97ff49704e92,495a3aa3-44af-4038-8197-d87257807cf3,2026-07-12T02:54:57+00:00
23723401-8df2-4d18-a6a4-53933f787898,0c3dd19d-64e1-4c6f-84d3-97ff49704e92,17bc3a75-830c-41bc-b847-8447593a7d03,2026-05-26T15:30:46+00:00
a2bcb696-f138-4f10-9643-68168091fb3c,0c3dd19d-64e1-4c6f-84d3-97ff49704e92,fa25c85c-0248-4e34-b506-fd8f06ae788f,2026-05-29T01:43:11+00:00
59b1625d-f5cb-46ad-b03f-27b7c9c4858c,0c3dd19d-64e1-4c6f-84d3-97ff49704e92,5e792d2c-8426-4884-9092-5acfa7c688ed,2026-05-10T18:45:11+00:00
b82ee538-5dfe-493b-88a5-867cd278c9f1,0c3dd19d-64e1-4c6f-84d3-97ff49704e92,5635f843-b3b9-440c-a3b6-a80320986967,2026-05-09T22:33:49+00:00
13be2298-8a47-4a78-a440-7ea79e387180,0c3dd19d-64e1-4c6f-84d3-97ff49704e92,04ef5bae-6f20-43c1-84c2-80053a99d1b1,2026-05-25T08:51:07+00:00
6f13e64a-e36d-441a-abc6-be6e0e2f615f,0c3dd19d-64e1-4c6f-84d3-97ff49704e92,55fb0edf-b28e-4b2a-9d2b-2fa1f6dcbe3e,2026-05-12T17:30:29+00:00
46726e8d-1fd2-49a6-8945-9082cacaf144,0c3dd19d-64e1-4c6f-84d3-97ff49704e92,b5c30eb0-cc41-4812-a25b-a2360d81178c,2026-08-23T14:54:54+00:00
d7364812-339b-4688-862f-830af3281e75,0c3dd19d-64e1-4c6f-84d3-97ff49704e92,af587165-10af-4199-96d6-3bcb946bf36d,2026-06-29T14:23:51+00:00
2a217cbc-c191-4cf8-82c9-10d1afc23f23,0c3dd19d-64e1-4c6f-84d3-97ff49704e92,37b056fd-db76-44e8-887c-28d49a739c21,2026-08-07T22:45:34+00:00
ba2c8778-bcd6-444b-af34-b5835f0253c4,0c3dd19d-64e1-4c6f-84d3-97ff49704e92,de74cf8e-baf2-424d-9e05-fa5a4aefa19e,2026-06-05T10:15:20+00:00
7d0875f8-cd53-4340-a5b3-2f4b517c4e19,0c3dd19d-64e1-4c6f-84d3-97ff49704e92,1f5c9368-f634-4128-84d2-ef868162ba53,2026-08-03T16:24:17+00:00
4e1d6477-bfb5-4ee1-a54f-999ab24d44b5,0c3dd19d-64e1-4c6f-84d3-97ff49704e92,d789fe7f-6977-4b4a-91ee-76ecc7a7dae8,2026-06-26T05:18:27+00:00
f894b0da-8460-423d-a5ad-ebcf5fd125af,0c3dd19d-64e1-4c6f-84d3-97ff49704e92,089faa8b-1b06-449b-905d-977d8b88b69b,2026-07-23T16:00:44+00:00
64c70033-6d12-40e1-bb7b-266b3c4c5bdd,0c3dd19d-64e1-4c6f-84d3-97ff49704e92,c2a52db8-7b0f-4f9c-9be8-3d81fad7ca27,2026-05-21T14:56:21+00:00
3a810967-684e-4d74-8bb6-edf4110538a2,0c3dd19d-64e1-4c6f-84d3-97ff49704e92,09df0479-c184-43eb-84fc-57806ea9743a,2026-07-11T21:33:26+00:00
dd1a1ea3-6f95-4143-9217-2fecbf9e150a,0c3dd19d-64e1-4c6f-84d3-97ff49704e92,39387e77-2cf5-4e83-a449-610606391894,2026-07-01T17:17:34+00:00
b8302929-d4f2-4ce2-aad2-fe650d6c69cc,0c3dd19d-64e1-4c6f-84d3-97ff49704e92,4c8ec64f-c0d0-4cfb-b064-d47de0ec57ba,2026-05-16T21:31:11+00:00
94774879-2ca8-4950-b3d9-164038fbb702,0c3dd19d-64e1-4c6f-84d3-97ff49704e92,faaadadd-7fbb-4e89-9638-90d9dab4fd2e,2026-05-06T08:47:37+00:00
9c347ee0-9d12-40af-909e-63d176deb459,0c3dd19d-64e1-4c6f-84d3-97ff49704e92,06ca99ad-46e9-4d5e-a72e-48628968c316,2026-08-29T23:57:05+00:00
5706e69d-926f-44a6-8410-466213ee934c,1a368823-a32b-4755-99ce-e387582a693a,514cc026-35f8-49f0-9e68-dff0aa3aab07,2026-05-06T13:41:09+00:00
497d9be4-a374-4342-af88-f94196f03569,1a368823-a32b-4755-99ce-e387582a693a,52f70005-a5bf-40e4-b8a6-5507f64e2acf,2026-05-10T08:38:01+00:00
15d6162f-069e-4cbf-bded-d14ec02bd8e6,1a368823-a32b-4755-99ce-e387582a693a,b387c825-7116-4b83-bd18-56e81111a5c9,2026-05-12T20:15:57+00:00
463d7d59-0fbb-40a3-938d-a113b8f907d0,1a368823-a32b-4755-99ce-e387582a693a,299a8f80-c512-4987-80d2-c15927f4e916,2026-05-26T16:55:03+00:00
598b2a19-8db0-4a33-b73f-3c962b795f8b,1a368823-a32b-4755-99ce-e387582a693a,104d1676-bfe7-4914-bd0a-193b756100ad,2026-07-17T08:08:20+00:00
8d00c0b9-2c4c-4652-8f44-211d747875ba,1a368823-a32b-4755-99ce-e387582a693a,29f2c43b-7cbe-420a-a7cb-2ede9cf6dd4c,2026-05-30T15:38:40+00:00
26d0eb90-4982-4d20-833e-3174156072f5,1a368823-a32b-4755-99ce-e387582a693a,46d70937-d07e-4077-b289-a72c50dbc1f5,2026-07-07T18:27:49+00:00
57e4ef99-22a4-4f30-88cc-75dd669e9ad2,1a368823-a32b-4755-99ce-e387582a693a,c60fc12d-ef3b-47a2-b08d-d35daaa0261f,2026-05-20T07:05:03+00:00
08acf819-7204-47a1-9562-293e2f5b41b5,1a368823-a32b-4755-99ce-e387582a693a,0b16d91b-d9b4-4c10-a8ae-22b157e61c15,2026-09-02T00:33:47+00:00
6af7e0e7-54b6-4dc7-bacd-ea6f8c65334f,9f12037d-c412-4675-8a06-655a578a9531,6e62d7bb-6bda-4ea0-82c5-87c508932975,2026-07-19T08:43:55+00:00
dd73e908-5e90-4c95-8d06-2b2f8b7789fd,9f12037d-c412-4675-8a06-655a578a9531,98975cfd-3638-4842-83fd-fb6f839b37d9,2026-07-05T23:15:17+00:00
82818e4a-7a9d-45da-b06b-687d57a77733,9f12037d-c412-4675-8a06-655a578a9531,57d2ea34-ccda-48c1-82da-d0d973b20d87,2026-06-02T08:59:06+00:00
fd8f4411-e80d-4e9b-a489-fca023bb67d2,9f12037d-c412-4675-8a06-655a578a9531,7d2e833a-8242-43a6-93ca-e79df0b2cd59,2026-05-09T03:20:56+00:00
285fcc2d-885a-427b-beee-2b75c8838127,9f12037d-c412-4675-8a06-655a578a9531,a1e4b04f-3354-4716-9914-0e447f91fb26,2026-05-18T07:31:25+00:00
651ded1d-aa0f-43e1-bd21-253a3433f428,9f12037d-c412-4675-8a06-655a578a9531,9e8e0225-d22d-409e-a1ce-2e9061fc7344,2026-05-11T16:09:07+00:00
2e109d9a-e33b-49a4-83fe-b2035f36d326,9f12037d-c412-4675-8a06-655a578a9531,495a3aa3-44af-4038-8197-d87257807cf3,2026-05-29T05:06:31+00:00
635744c6-98d9-4159-a5ee-f774ceef78e2,9f12037d-c412-4675-8a06-655a578a9531,128acef2-f235-4b4f-9ba9-12cf0271ac50,2026-05-14T14:57:56+00:00
678823de-4146-4575-a25f-d9322af0f3e0,9f12037d-c412-4675-8a06-655a578a9531,b6f4d635-89e6-4c7d-b21e-375b06a4dc27,2026-06-20T00:31:13+00:00
92d175e5-866e-4d48-b005-fcd51ddada64,370c7ce1-1dc1-47a0-b24c-00eb998220f3,7cbcbdd2-c81d-4c88-84cd-0c1ee4dcf86a,2026-05-21T12:35:37+00:00
b61a0a5d-3fa8-4b29-8059-1df246c7ce29,370c7ce1-1dc1-47a0-b24c-00eb998220f3,aa179f68-3aae-4474-991e-448842620800,2026-05-19T07:25:31+00:00
be401c8f-78e4-453e-b5ea-4a76f306d17a,370c7ce1-1dc1-47a0-b24c-00eb998220f3,c08ba214-af45-4563-93bb-a8e532a24418,2026-05-14T21:47:55+00:00
5c2539bf-6fc2-4087-9562-b12c5af777d0,370c7ce1-1dc1-47a0-b24c-00eb998220f3,14de7a21-0292-46d5-91cf-5ab7a5ec694f,2026-05-18T15:23:09+00:00
3d6cf212-6fb8-4df1-aeb3-8f111e2b475c,fc8fc21e-61d8-41bb-a62a-cfa509cf3edc,e65dbaf8-02e5-4e0e-a975-b67690763c60,2026-05-09T09:28:16+00:00
c7ad1c24-75c0-4679-8a29-952e00fdcc73,7d89e19f-0e54-4189-b610-2da5d1022eb6,149f866d-6114-4c68-8b49-00b27b0caa12,2026-05-10T08:05:53+00:00
8c073757-e7e6-4ab6-b606-7055603103e1,7d89e19f-0e54-4189-b610-2da5d1022eb6,7d2e833a-8242-43a6-93ca-e79df0b2cd59,2026-06-19T06:00:35+00:00
727f3b3a-4a03-43bb-9a23-7bd35fab848b,7d89e19f-0e54-4189-b610-2da5d1022eb6,4e4985ea-2b80-4cbe-8d6a-7abfadaa2f26,2026-05-24T23:47:11+00:00
b0d6f274-f9b3-4802-aa8d-024d5f379df0,7d89e19f-0e54-4189-b610-2da5d1022eb6,c83332b4-6631-4d8a-bf55-d7b4da6ef7d5,2026-06-07T15:49:08+00:00
b9f9dae9-6001-4f0f-9c54-3ae661443db1,7d89e19f-0e54-4189-b610-2da5d1022eb6,1755328b-9010-4f07-b351-51bc6d8e8e7e,2026-05-28T20:54:49+00:00
3c16bafb-6b3a-486e-8309-32b400b34219,7d89e19f-0e54-4189-b610-2da5d1022eb6,fc878d0f-02d2-4c14-8e52-f1fa4b571b99,2026-06-23T16:19:19+00:00
680bacef-36d6-44d4-823f-2c5b31cee8d0,e15e1fef-31ab-4c14-8c72-133a2356f290,8d03f92a-b2fe-4c08-869d-2b9e1a04c1d7,2026-05-20T20:46:33+00:00
04e9702a-e702-45c0-9176-0683f77600b5,e15e1fef-31ab-4c14-8c72-133a2356f290,8f0dbffc-0f7e-45ed-808f-cd5faf5153dd,2026-05-28T08:05:59+00:00
ec61b080-8e4b-4b5e-af8b-9ef65e2c0407,b865a300-0682-4c9d-a7b4-725f8e9e100c,bdd3bd04-7e4b-4d82-816f-dceb5fae55ea,2026-07-22T03:42:24+00:00
5938ff88-ee9d-4b68-93e9-423656fbb62e,b865a300-0682-4c9d-a7b4-725f8e9e100c,b3a19bd7-50cb-456c-b659-629d5699c870,2026-05-27T13:55:56+00:00
e7f5128b-c907-4f31-bb11-d52df796c605,b865a300-0682-4c9d-a7b4-725f8e9e100c,fba653f1-56a1-4e32-b3a6-1205a8a2e461,2026-08-14T14:24:03+00:00
4b37607e-5ae5-4123-ad5e-3973455588bc,b865a300-0682-4c9d-a7b4-725f8e9e100c,147ed698-2b4c-4e8b-aa70-aa17d045b912,2026-06-26T17:28:49+00:00
e1f35b1e-55c5-490e-8b54-ede0a005005f,b865a300-0682-4c9d-a7b4-725f8e9e100c,c83332b4-6631-4d8a-bf55-d7b4da6ef7d5,2026-08-24T11:24:26+00:00
c7ffacf6-2a46-4066-a814-89d5fc000fb8,b865a300-0682-4c9d-a7b4-725f8e9e100c,78adb4b4-64d8-4a3f-b789-0aeeccaf033e,2026-06-14T21:48:53+00:00
29f9efe2-441a-48df-a066-044470cc04df,b865a300-0682-4c9d-a7b4-725f8e9e100c,06a5945b-2a25-4bf1-b0d1-578601aaab81,2026-08-03T12:20:54+00:00
e31d32cd-6e9b-465a-9aac-e44da22606d9,b865a300-0682-4c9d-a7b4-725f8e9e100c,594a9fe8-338e-48b9-bf94-45ec42062580,2026-06-22T20:14:34+00:00
af3b21e1-7413-4a6d-bb5d-03b75dd397b1,b865a300-0682-4c9d-a7b4-725f8e9e100c,e76cf478-5afa-46e3-a39b-b02c23d6bb1b,2026-06-03T09:32:22+00:00
a2204b1b-e3e6-466a-8e06-8fda62b42e20,b865a300-0682-4c9d-a7b4-725f8e9e100c,659f0acc-033d-4e42-acb5-b569fa69a743,2026-05-18T02:46:28+00:00
9feb8123-194a-4de6-b745-300bbe2c8e0c,b865a300-0682-4c9d-a7b4-725f8e9e100c,7524322e-1510-48cc-868b-8d59b328109b,2026-07-21T09:21:30+00:00
b1448c3f-bf22-4c1c-b3fc-2b3cfd9248c1,c259858e-b2e9-4c68-95f8-5251d6605b9a,a19bafd9-3016-4b80-a1e3-e000719c6291,2026-07-27T20:25:15+00:00
5ba44149-a3fe-4b37-b138-7da3f8dc6ec4,c259858e-b2e9-4c68-95f8-5251d6605b9a,b296b45f-615d-4fb5-8a3a-1c8e1a6337f6,2026-05-14T11:26:09+00:00
5c6dcd15-2e2d-431f-ac71-435f04b1892d,c259858e-b2e9-4c68-95f8-5251d6605b9a,8d5b08cd-a9b3-424d-b178-65d65f5998af,2026-07-17T21:48:55+00:00
c0b77be9-2056-441e-9c45-c60e131fe9d0,c259858e-b2e9-4c68-95f8-5251d6605b9a,be814268-912b-47b4-8181-c0ede2b04826,2026-07-25T01:14:26+00:00
28897117-6c99-420c-b001-0dfd67fd83c7,c259858e-b2e9-4c68-95f8-5251d6605b9a,88f97422-e385-4200-84c1-cf21ce0c6cda,2026-06-10T11:38:47+00:00
f2092c71-439e-493c-b725-27bb8dd08f64,c259858e-b2e9-4c68-95f8-5251d6605b9a,bef562aa-7b99-4438-b976-0c3e350379ee,2026-05-09T19:14:28+00:00
98869995-987a-42d0-8774-6c59a10447c1,c259858e-b2e9-4c68-95f8-5251d6605b9a,3faf19b8-adef-42c8-a07d-601db32b3f06,2026-06-26T19:26:58+00:00
f1278ea3-8e38-470e-a21a-fafed2b4a49e,c259858e-b2e9-4c68-95f8-5251d6605b9a,398c4a87-ea96-40b1-9d0b-21f40b43e5db,2026-07-04T02:19:05+00:00
0b153bf7-9469-4b58-8c1e-eed9d5081330,5104c04b-cbaa-409e-af93-b79adbf09765,fe1dae52-39dc-4990-be70-ac03aa8ee90a,2026-05-09T21:06:28+00:00
8d0546b5-1c8a-42a6-82c3-66ada71d2b4b,5104c04b-cbaa-409e-af93-b79adbf09765,0ade7a97-38bc-456b-952d-77f14e7154e6,2026-05-10T10:08:16+00:00
e145063d-d620-4f35-9130-b7e204c1acf5,5104c04b-cbaa-409e-af93-b79adbf09765,3faf19b8-adef-42c8-a07d-601db32b3f06,2026-05-08T13:26:28+00:00
f1389883-71c6-43e7-8532-624b8b94dcdd,5104c04b-cbaa-409e-af93-b79adbf09765,05c1b613-6547-49f7-a31f-dfedc7876aca,2026-05-09T18:58:08+00:00
1950bb41-e79f-4469-a5f7-900ac11496b8,b96f1e84-489e-4162-99c0-ccdc52e6e012,e5d66484-0921-411a-aecc-60e791695a29,2026-06-15T10:33:13+00:00
4ecbe2e6-feab-456a-a57a-7a24aefae14b,0dbd51e4-3a9b-4807-a9a8-7ac99d93cf48,29d5a494-6baf-4419-8eab-634d29535262,2026-05-29T13:58:06+00:00
03c84011-7c62-4458-ad89-38e0608dceb8,0dbd51e4-3a9b-4807-a9a8-7ac99d93cf48,1cb0a5a8-ec45-4495-baee-7a23a8d035aa,2026-05-08T16:28:29+00:00
25e7933c-9b5b-4455-8f02-02f5625f2e53,0dbd51e4-3a9b-4807-a9a8-7ac99d93cf48,e1ed7e6e-8e69-4089-a848-80cc71f34ee0,2026-07-14T20:58:07+00:00
505a0b43-8eba-4b45-afc1-52973a0dbc79,0dbd51e4-3a9b-4807-a9a8-7ac99d93cf48,128acef2-f235-4b4f-9ba9-12cf0271ac50,2026-07-03T15:14:23+00:00
49063b4d-d1db-4ebe-8c63-07926feb607f,1d832c18-61aa-413b-a316-1c2a82cc6280,ca8f1e88-f39d-4f85-a500-8267f988dfad,2026-07-02T18:47:38+00:00
538a6b7d-6641-4e3f-8816-21659d066f42,1d832c18-61aa-413b-a316-1c2a82cc6280,4001ae90-9c14-4032-81bc-8fd67f67e21c,2026-05-10T13:48:57+00:00
8a4aa138-abae-4d72-ba37-4ca71ec9cd24,efdfd867-c082-4542-be2d-d91f14ca5f6f,b2fa8b95-5aab-4854-a682-06ac4d3c3500,2026-05-09T00:09:17+00:00
88c36f4d-3adf-4cbd-aa3d-8b4dd7f9b7a5,1266d7c0-db66-489a-8429-1e488673959e,16ec2a95-5cdd-472d-bb70-f569bc0cea3c,2026-05-11T23:19:00+00:00
96b9051e-f734-4e9b-9d14-6a7588877765,1266d7c0-db66-489a-8429-1e488673959e,93a7f915-e31d-4603-af28-13fe5ff23ac3,2026-05-16T12:40:47+00:00
28018d73-e24f-4451-b8f4-2b205fb3508b,a043513d-61fa-4fe1-96e6-26b76d0e6846,919c1afb-25b2-4b3a-bfab-39ebe9e77e2c,2026-05-09T23:47:40+00:00
61c1ad10-ab41-4c06-8bba-5cb04c34da51,d92c0c90-e701-4b62-9b05-7f8143d3407a,f179f796-27a1-4c7b-8711-7b339b16ef77,2026-07-21T07:35:14+00:00
125d9917-21c6-42d3-b46f-d7c7863b4200,b6dd1dd4-9925-4164-83e7-c9fbb3747604,f04a183f-150b-4c94-add4-8f70333e2504,2026-05-10T07:28:27+00:00
131047ba-607f-428e-a501-2550f26a1ed1,b6dd1dd4-9925-4164-83e7-c9fbb3747604,1e35bc63-b9b9-4dc0-bbca-ba32d6a1676f,2026-05-10T15:04:14+00:00
535c95e6-4d41-418c-8360-192731978e81,b6dd1dd4-9925-4164-83e7-c9fbb3747604,2838c32c-7382-41b5-852b-5d048285eed7,2026-05-10T11:57:31+00:00
933974f0-d4a1-408d-bb30-d01b8aa80220,b6dd1dd4-9925-4164-83e7-c9fbb3747604,a5387ad1-06a2-4c7d-9ab9-85dab1cab9e8,2026-05-10T21:41:57+00:00
c6100cf4-2b71-4f0e-b7db-158243b0c1b4,b6dd1dd4-9925-4164-83e7-c9fbb3747604,d1069292-d635-44f8-8c01-1494891ae61f,2026-05-10T02:16:17+00:00
e462c7be-6546-4894-ae5e-621fca06a7ee,b6dd1dd4-9925-4164-83e7-c9fbb3747604,2546be0b-81f5-441c-bbbe-d4925b10d00d,2026-05-10T15:23:44+00:00
aa3b748b-7cca-4ec3-a90e-c7d1f34092fe,b6dd1dd4-9925-4164-83e7-c9fbb3747604,ba1fa7b7-1ba1-4dcc-8cde-7e8038432e3d,2026-05-11T06:17:06+00:00
0b3a8cee-8db0-4d88-ad8e-ec49b1ff5e7d,b6dd1dd4-9925-4164-83e7-c9fbb3747604,cdcd2f90-549e-4f8a-a600-5ffc9f8c2d74,2026-05-11T03:16:43+00:00
2110c3bb-a8d0-42d4-bf8b-bd3f1dfe7017,42f51fa0-a170-4df1-8f2a-fad9205ef216,5579985d-8b97-4fbf-89a3-3636d4a31837,2026-05-19T15:40:21+00:00
96cb3fc3-e6c1-41c1-9a48-6a535221d36b,42f51fa0-a170-4df1-8f2a-fad9205ef216,d4753420-55e3-4598-a047-da09e69fedd7,2026-05-12T05:16:48+00:00
6226bb29-e341-481f-9f55-9a3947a8fd4a,42d6bd70-2095-4b16-8a59-5606a1834209,8a838e5c-8a35-419f-8644-90ed955ef714,2026-05-14T23:35:08+00:00
24ad79ae-4125-444e-b77f-4a8cdb11f7b9,16cd69f5-802b-49b8-86c9-05c6e04bdeb4,f74c5434-3a39-4dc9-8fd0-1b4de52cff6b,2026-05-19T23:27:16+00:00
31762df3-c066-4a56-ad64-e56e04958645,16cd69f5-802b-49b8-86c9-05c6e04bdeb4,6236d33d-7b57-486d-81e8-a247d50fa2a4,2026-08-11T06:30:37+00:00
e2eec41e-64ed-44d4-bad4-e048d0e69005,16cd69f5-802b-49b8-86c9-05c6e04bdeb4,4df1de8f-107b-424b-b224-0ed52a3b292f,2026-05-17T05:53:24+00:00
5a9d5293-7362-4d1c-90dd-7cbbf562f64c,e4cb58be-6e31-4d6b-af33-496b6be0b713,b87fa7ae-7016-46ff-bf10-b0be3cd2d358,2026-07-10T01:08:13+00:00
db3f7ea8-9981-46e0-a2bb-048e6752d72b,e4cb58be-6e31-4d6b-af33-496b6be0b713,ded797b6-afed-4f9c-8ae0-35b3c61aa0e4,2026-05-14T03:07:51+00:00
7407118b-0736-4a93-9090-4a6830778f34,e4cb58be-6e31-4d6b-af33-496b6be0b713,3aed15aa-f84b-4807-aa3d-ed685d555290,2026-08-15T18:57:53+00:00
c84ec6ad-c3d9-4a85-bb88-fea6a32dc563,e4cb58be-6e31-4d6b-af33-496b6be0b713,4ebe2d9d-c6fa-4b8d-9722-091f249504c7,2026-05-12T03:36:29+00:00
373bb68a-9be0-4b6f-8f2d-6e60b786ad8f,609d84ba-c5d5-4d6a-8e81-53f5830e6806,3d6322d3-d39c-4fa0-8f6b-6413dfc01504,2026-08-03T11:54:39+00:00
633cdf70-6dfe-4423-afc9-21fbe9d82b5d,609d84ba-c5d5-4d6a-8e81-53f5830e6806,d4e30b6e-aa93-40ee-8750-e1f001abcea7,2026-05-13T08:55:24+00:00
e3492086-70a9-4557-854f-352690195d33,609d84ba-c5d5-4d6a-8e81-53f5830e6806,fd24cb3c-d535-4d3e-8f20-04616346c1f3,2026-05-26T01:24:37+00:00
03bbe136-d61e-49a1-bc3e-2ebcdc7068ca,609d84ba-c5d5-4d6a-8e81-53f5830e6806,57d2ea34-ccda-48c1-82da-d0d973b20d87,2026-05-22T04:03:55+00:00
ae79b235-c473-42e3-bd39-8f514887cf84,609d84ba-c5d5-4d6a-8e81-53f5830e6806,86a2d273-34b8-46f0-bdc9-4868692691fa,2026-05-23T14:24:41+00:00
2565d099-4e47-45e5-850d-5a70d509f527,609d84ba-c5d5-4d6a-8e81-53f5830e6806,eb2b14f9-1a3e-4de7-a5b9-77d125f7966d,2026-06-24T23:38:39+00:00
ccba8eb2-452e-4e52-ab3c-6559fe9d256e,75eab33d-073c-414a-8aa8-ebb3a1393c22,29f2c43b-7cbe-420a-a7cb-2ede9cf6dd4c,2026-05-12T15:21:32+00:00
acbdc9ee-25e9-493d-a6ce-b5df4c918323,75eab33d-073c-414a-8aa8-ebb3a1393c22,40b381d1-9fae-4307-9737-cc332f541b94,2026-07-08T20:12:02+00:00
84052a95-dfeb-4a0b-a292-84a5c4b174fd,fc08385b-878e-4380-95e1-3f6a1bf13a6b,cdcd2f90-549e-4f8a-a600-5ffc9f8c2d74,2026-06-01T14:28:55+00:00
4701c998-c5d3-44b5-8994-e854fb15ca9a,fc08385b-878e-4380-95e1-3f6a1bf13a6b,cdb4ace0-6ea2-498d-90e8-2009a10848ce,2026-07-01T17:49:12+00:00
a55d1c22-f6dd-45ba-8605-a84664e98116,fc08385b-878e-4380-95e1-3f6a1bf13a6b,fae53a74-ccaf-4f10-973a-023ba3016dfe,2026-08-29T22:48:02+00:00
281eeb62-b429-4f4a-96ae-1e0d71565739,fc08385b-878e-4380-95e1-3f6a1bf13a6b,ded797b6-afed-4f9c-8ae0-35b3c61aa0e4,2026-05-16T18:25:09+00:00
824b8468-2b56-4b26-b978-3317825a8960,fc08385b-878e-4380-95e1-3f6a1bf13a6b,a1e4b04f-3354-4716-9914-0e447f91fb26,2026-05-12T09:02:44+00:00
104c515e-58a6-4dd7-86b4-4189c04ffba6,fc08385b-878e-4380-95e1-3f6a1bf13a6b,e5b05247-d5c5-41cb-bf08-a56d351e6242,2026-06-18T06:15:18+00:00
b2f8847e-b150-4b6a-9861-19c00de13e82,fc08385b-878e-4380-95e1-3f6a1bf13a6b,ac4cd2de-69ac-436e-b67e-c476f7f37a57,2026-05-24T18:29:35+00:00
462899f3-ac0c-4edc-ad45-9d0baaa64f05,fc08385b-878e-4380-95e1-3f6a1bf13a6b,e735ab9c-d62e-4e4c-a719-99a447547e16,2026-05-12T22:36:47+00:00
5f4f950b-3094-4851-b18e-952974e4b261,fc08385b-878e-4380-95e1-3f6a1bf13a6b,398c4a87-ea96-40b1-9d0b-21f40b43e5db,2026-05-18T06:54:06+00:00
ebf97cfe-8744-4ac7-aee0-1f35afcb39c0,2251f4f1-ebeb-49af-a625-098151ae2abf,52c5c6a9-39b5-4951-9af7-b20a0970bd62,2026-05-12T15:53:48+00:00
c06c90e8-e069-4849-bcbc-40f5a622d3a8,672cb9a8-23b2-417f-8f10-6417df21a9e9,8ac6c4d2-d139-40ec-9a3e-7bd2347f979a,2026-06-22T20:40:40+00:00
9abbf6e4-46b4-4605-aeed-c200d4e27489,672cb9a8-23b2-417f-8f10-6417df21a9e9,147ed698-2b4c-4e8b-aa70-aa17d045b912,2026-05-12T20:20:06+00:00
1bcf1686-679c-4419-bb87-071b982c47b2,672cb9a8-23b2-417f-8f10-6417df21a9e9,d7b30ac7-a843-4c2c-b7d0-5dbca0c169c3,2026-06-20T05:59:28+00:00
63123cbc-2098-4782-9609-f27c027a3a5f,672cb9a8-23b2-417f-8f10-6417df21a9e9,1e604945-92d3-44f7-a246-8e1d1ff23f0f,2026-07-04T12:06:40+00:00
243d6718-4c41-4d58-8085-5f5baafdb60c,c45b1367-fb75-438f-9450-27b0a2b7a562,c51745ca-bb03-4bea-9828-f74363cb7a4b,2026-06-26T02:37:51+00:00
3516c1fa-078a-4024-aaeb-daa3fbbac45b,c45b1367-fb75-438f-9450-27b0a2b7a562,d3daa26a-587b-4816-9110-916f35fa7c74,2026-06-07T21:38:54+00:00
7bd557a8-ef66-4c49-a842-eb5716297b68,bc39b2de-20b7-4ad7-9329-3580d531ec90,1c53189a-7903-4dcb-97d6-29489110198e,2026-06-10T19:55:39+00:00
8e0ab2e8-c104-40d4-b93c-61d75b031cf4,bc39b2de-20b7-4ad7-9329-3580d531ec90,bacf1c32-002e-4d62-8c6c-221609513f2f,2026-06-17T00:22:02+00:00
9f2c6d50-a72c-4dff-a2ac-035ba7fbdf09,bc39b2de-20b7-4ad7-9329-3580d531ec90,94124252-c61f-4b05-ab17-fb467c898e0c,2026-05-16T19:02:29+00:00
d434b204-aaca-4a00-9371-7f57afae7910,bc39b2de-20b7-4ad7-9329-3580d531ec90,87b7f104-1daf-4fc6-a5e9-75a12a3c801f,2026-06-08T16:12:02+00:00
02eee05f-a39b-4778-976c-de25adef0b63,bc39b2de-20b7-4ad7-9329-3580d531ec90,22b1d57e-427b-4075-b871-f3a5bde40fbe,2026-05-13T20:31:18+00:00
13666aa6-f3d6-4e31-af95-b42ad37a3fc4,bc39b2de-20b7-4ad7-9329-3580d531ec90,7d339706-bfcc-4887-91f1-ec63d2d23823,2026-05-23T20:49:44+00:00
daecf9cf-1bf9-488d-b36b-e102dae0d7c0,bc39b2de-20b7-4ad7-9329-3580d531ec90,3c4a47de-e63f-470d-a750-5453edea905e,2026-05-29T23:53:28+00:00
9608560e-0549-4524-ae9e-c2aab4890f3c,bc39b2de-20b7-4ad7-9329-3580d531ec90,c5c387fc-8cce-4d21-8e67-f9a537bce316,2026-05-21T15:34:49+00:00
92993ecd-95e8-4d4b-aa8d-17966fb85361,0a4fa256-29d0-4908-b841-38e9d911d00d,fe1dae52-39dc-4990-be70-ac03aa8ee90a,2026-05-14T04:18:24+00:00
e9a64d3d-9b8e-422f-9da8-2a5cbab67be1,0a4fa256-29d0-4908-b841-38e9d911d00d,0581305f-6e14-482c-94be-e2a7bab71968,2026-07-06T23:46:31+00:00
f23ea5b5-c444-4df7-b195-71185963cdd0,0a4fa256-29d0-4908-b841-38e9d911d00d,e86b6f1b-0a3d-47bb-b10e-f87bc5c17b57,2026-06-08T22:11:52+00:00
76546469-722d-49a5-bfa0-5e9dede5c674,0a4fa256-29d0-4908-b841-38e9d911d00d,c2566d73-7996-4de6-8297-ed01fb83a333,2026-05-14T00:58:07+00:00
8c499efe-35e3-4249-a09d-2fa17012fbb7,0a4fa256-29d0-4908-b841-38e9d911d00d,a14d5a0d-9ddc-4170-a239-6044cb65462e,2026-05-16T14:17:12+00:00
13630977-85ec-431e-9fe9-94bc70b30e85,0a4fa256-29d0-4908-b841-38e9d911d00d,6c1ecb78-38c9-4d52-b536-8463029f3a65,2026-07-01T05:02:10+00:00
d326ce09-38f5-40b5-a820-f45eb461cfe3,0a4fa256-29d0-4908-b841-38e9d911d00d,f2e15dfd-44c6-41bb-8e26-a90818c01dd9,2026-08-27T12:10:23+00:00
a943576e-3aa5-432e-9764-dcb14d01882c,8cdffc3e-c9a3-4f78-a471-b61cc707157e,21dd7dab-b91b-4dbb-ba29-ae9efd5f3f45,2026-08-29T10:21:02+00:00
aa9f4058-312a-4b08-96a9-4600c8c32021,8cdffc3e-c9a3-4f78-a471-b61cc707157e,aedee5fd-dd23-420b-9df6-813aa5259225,2026-08-09T11:47:10+00:00
152383ea-ce28-4f09-b68a-47305a17955e,fffb85fc-2c3f-4152-a432-d3199583a261,3cea8b9d-4dca-4cfe-99da-d19925b8fd32,2026-05-15T19:28:55+00:00
606fde7f-3536-41ff-ab35-541d6f340374,fffb85fc-2c3f-4152-a432-d3199583a261,6d89186c-9abe-4266-84b8-a5f301062693,2026-05-14T07:16:09+00:00
29565524-bc1f-4b51-b932-5234d4256df7,fffb85fc-2c3f-4152-a432-d3199583a261,5ca23f6e-524f-449e-b9d2-a758e70cff73,2026-05-18T12:10:16+00:00
1ab24049-5d79-4ba9-b1e0-ddf13fe6dbc3,fffb85fc-2c3f-4152-a432-d3199583a261,f7fc3247-4e08-45c5-bf07-1580aa80b186,2026-05-14T17:13:21+00:00
a6408621-155a-41fc-aa38-969b3cafb05a,557fe4e7-26cc-403e-8469-e9d69452361d,d7b30ac7-a843-4c2c-b7d0-5dbca0c169c3,2026-05-14T14:55:48+00:00
f573ac3d-c048-475b-b2c8-e84e9bace261,557fe4e7-26cc-403e-8469-e9d69452361d,20be0228-dff5-4a8a-9078-9f3e013731d6,2026-08-15T00:16:12+00:00
c7bb16dc-8b2f-4327-b61a-6d62c2c5aa81,557fe4e7-26cc-403e-8469-e9d69452361d,1a6d9651-427f-4f8b-8364-dedd886b767d,2026-07-24T17:22:46+00:00
8a477bb7-80d0-40c9-a77b-0cb83b8a1ca9,557fe4e7-26cc-403e-8469-e9d69452361d,ace4ede9-190b-4d01-8198-a49aabf9da5a,2026-08-14T10:51:46+00:00
c30f2563-a41a-43ba-941e-2ed7ef245bbc,557fe4e7-26cc-403e-8469-e9d69452361d,22b1d57e-427b-4075-b871-f3a5bde40fbe,2026-05-23T06:24:03+00:00
200c3556-4aab-4326-8923-b83b98553c49,dcb4928f-33b6-4baa-9612-9d88407796f1,b351150e-5cf0-43bc-b851-996d3a1796be,2026-07-04T15:00:14+00:00
55d4523d-a07f-4d72-a4db-78fea8f850a0,dcb4928f-33b6-4baa-9612-9d88407796f1,904d370b-c057-4076-ab96-6f35351482c2,2026-06-16T03:48:19+00:00
df1b89ff-883d-401a-b8b9-42da6fa9b6c4,dcb4928f-33b6-4baa-9612-9d88407796f1,53a84c41-db22-49bf-98bd-d408fffdabc3,2026-06-17T05:50:38+00:00
406fa509-a7ca-4dbe-991b-2601fe9ce47e,dcb4928f-33b6-4baa-9612-9d88407796f1,3937cfde-2cdf-4e1e-be4c-82855fca8848,2026-05-14T10:58:42+00:00
cadce562-e01a-4b5e-9a89-a90b43478ba2,dcb4928f-33b6-4baa-9612-9d88407796f1,dd5c4d9c-19c8-4f8b-89b7-e10c6aef4e21,2026-07-13T17:08:22+00:00
64a99184-3de3-4ab9-8b3a-737aca44a3e0,dcb4928f-33b6-4baa-9612-9d88407796f1,3d6322d3-d39c-4fa0-8f6b-6413dfc01504,2026-05-26T09:36:14+00:00
8a96a983-7d26-4dfd-a4ea-ae512bd4d0ff,dcb4928f-33b6-4baa-9612-9d88407796f1,d30b8eb3-05ed-4a73-b6e5-042436e46b37,2026-05-14T13:43:55+00:00
58e65f9a-491f-4f87-b8c4-08510c5c7587,dcb4928f-33b6-4baa-9612-9d88407796f1,bf2702a9-36af-4152-9711-7fbe97eb016b,2026-05-20T15:00:00+00:00
de4e3325-2981-4e72-a249-6d4e8431ab30,93039c0f-b5c3-4a99-a536-72ac922fdfd2,a699aa40-0fdf-4212-a0ef-24d84d61c465,2026-05-14T15:18:50+00:00
08ec5baa-692d-4901-916b-d725cef0f426,93039c0f-b5c3-4a99-a536-72ac922fdfd2,55fb0edf-b28e-4b2a-9d2b-2fa1f6dcbe3e,2026-08-19T00:23:24+00:00
7e76901f-6431-4d94-81d0-481cc18e8f3d,93039c0f-b5c3-4a99-a536-72ac922fdfd2,c826c699-c25f-4e45-bc9a-8ef83d1a94fb,2026-09-02T08:59:42+00:00
9811c7a4-c874-4f99-ad47-f913e3e814c0,93039c0f-b5c3-4a99-a536-72ac922fdfd2,6d89186c-9abe-4266-84b8-a5f301062693,2026-06-04T12:21:58+00:00
d5ae6ae3-bfef-4e6d-863a-2eb702fd73d3,93039c0f-b5c3-4a99-a536-72ac922fdfd2,4c8ec64f-c0d0-4cfb-b064-d47de0ec57ba,2026-05-16T12:21:19+00:00
e7212cc9-6054-4e84-9eb2-ade0a39e3208,93039c0f-b5c3-4a99-a536-72ac922fdfd2,cbcba9e3-129e-437d-adc8-13aae5e788ac,2026-05-22T23:04:38+00:00
92814222-027c-44be-b3fe-bc15a36927a7,93039c0f-b5c3-4a99-a536-72ac922fdfd2,128acef2-f235-4b4f-9ba9-12cf0271ac50,2026-06-29T03:48:35+00:00
f4389d73-76e8-47e8-bf2d-ff8b3f84e62b,93039c0f-b5c3-4a99-a536-72ac922fdfd2,bdd3bd04-7e4b-4d82-816f-dceb5fae55ea,2026-06-29T17:47:37+00:00
0947db32-140e-4467-98ee-fe02c2702708,93039c0f-b5c3-4a99-a536-72ac922fdfd2,b351150e-5cf0-43bc-b851-996d3a1796be,2026-05-30T10:17:08+00:00
3712c9a2-9de5-44c1-90db-2e3d628c2555,93039c0f-b5c3-4a99-a536-72ac922fdfd2,5c16ef18-8047-4cc4-806c-4ef9df6de907,2026-05-26T10:13:04+00:00
54f516b3-72d7-47bc-b0d7-70cf5140ae6c,93039c0f-b5c3-4a99-a536-72ac922fdfd2,8d2b7914-36a2-4975-9e44-eacb4adeaa0b,2026-06-16T18:30:18+00:00
da532075-5efa-41f5-9635-1f5290407e28,93039c0f-b5c3-4a99-a536-72ac922fdfd2,f1999cc6-bd96-4a94-b030-3072877f65df,2026-05-14T11:48:44+00:00
59032659-7723-453a-9566-d646af3dfcbb,93039c0f-b5c3-4a99-a536-72ac922fdfd2,f31ed9a5-371d-40f1-abad-f2898658760d,2026-06-11T12:47:38+00:00
9fddbfd7-9b86-4c57-9811-710209f7aadd,93039c0f-b5c3-4a99-a536-72ac922fdfd2,be814268-912b-47b4-8181-c0ede2b04826,2026-06-01T05:24:04+00:00
64b9ee61-3e1e-4ade-aeaf-7b4bc32fe3f6,93039c0f-b5c3-4a99-a536-72ac922fdfd2,cd268b95-fdcb-48b9-84de-2a4aac209d46,2026-05-17T05:02:48+00:00
61aba219-836b-4a23-bfc5-0787659466a5,93039c0f-b5c3-4a99-a536-72ac922fdfd2,44dae102-8716-4274-95ac-bf413382999a,2026-06-05T14:48:43+00:00
b92b1ff4-3375-43d3-b31b-610906e29038,93039c0f-b5c3-4a99-a536-72ac922fdfd2,e294d7c5-9f72-4226-9091-d2cf6c147a17,2026-08-03T11:18:55+00:00
07036d67-eec4-4673-b40c-0f949e93a989,93039c0f-b5c3-4a99-a536-72ac922fdfd2,2b77ffd4-2ea9-47fb-b996-21cee3b20d07,2026-05-22T00:49:58+00:00
78e70ce6-6b8c-4719-83ee-9a68777823bc,93039c0f-b5c3-4a99-a536-72ac922fdfd2,e19797db-e29f-48c3-a7bc-6f3ee4494c8c,2026-06-04T10:18:37+00:00
97ccd426-8b28-4c13-8b85-6279b0afd95f,93039c0f-b5c3-4a99-a536-72ac922fdfd2,c2566d73-7996-4de6-8297-ed01fb83a333,2026-05-30T00:48:30+00:00
05033e48-637a-40b7-9697-ce3658f91f35,3062bce7-7812-46ea-897b-c6f15cf056b2,adcf5b0c-a9b8-4599-8c22-a281a999db7b,2026-05-14T11:55:28+00:00
a512432f-85f0-4d52-a968-121747b519d0,3062bce7-7812-46ea-897b-c6f15cf056b2,1d5d0e99-092b-4d98-baab-26f3c7b32aeb,2026-05-18T13:07:47+00:00
b7e3c01e-5175-4fdb-9db0-2917db4a6566,91e04afc-2cf8-478d-ac8e-0fbee2879c76,5c16ef18-8047-4cc4-806c-4ef9df6de907,2026-05-15T08:39:18+00:00
f0a2d112-d637-4904-a64f-72a641d1b7cb,91e04afc-2cf8-478d-ac8e-0fbee2879c76,54a2a625-bd21-4b18-9846-ae29de006ea2,2026-06-22T22:32:57+00:00
d2861147-7e18-4d51-a57b-29721f3237a4,91e04afc-2cf8-478d-ac8e-0fbee2879c76,f8ec5735-1c8f-4776-b569-2f0195771513,2026-06-08T22:07:12+00:00
279bafd5-8097-4d77-9de4-c5427486eace,c23fc4b9-9fb1-43b2-8215-4467e363b1e3,1c53189a-7903-4dcb-97d6-29489110198e,2026-05-17T01:40:30+00:00
6aaacdec-9ca6-4c60-8311-8bb79f0d6d0f,0bfba5b3-6d54-4b29-a0e6-f2318ae1f4ab,30af9bdd-a273-4b60-bac7-ca71cf3d5ef9,2026-05-15T17:13:37+00:00
067a4638-b132-4a2f-835d-0212da2b1a69,e4674562-846d-48dc-aeb9-1a8161f58f2e,5ea6cfc5-5580-466a-8582-a6031555d76d,2026-05-15T07:48:32+00:00
719652f4-4796-4fb1-94a1-aad12f91db1c,7febdda4-d4f7-42c1-8a5b-3b2a32aef295,eff13da1-a531-4767-95ce-387f2866993e,2026-06-07T05:19:00+00:00
285e43bf-6dfa-4703-acd1-e70ea046dd49,7febdda4-d4f7-42c1-8a5b-3b2a32aef295,828a88f5-8cb3-48a8-9e07-3db32ed9a35d,2026-06-22T20:09:56+00:00
2bf89149-0f76-4598-b062-4f07adb841c7,7febdda4-d4f7-42c1-8a5b-3b2a32aef295,8c0f035c-ed24-4e92-9e38-7d7562011845,2026-07-18T14:45:50+00:00
d12d81c6-87d2-438f-ab0f-2cf2e5bcf193,aee5bcfa-4624-4b60-9453-d7d56d1174df,71938832-5c59-49e3-be85-9acbd7ca55ba,2026-06-27T11:06:34+00:00
04e37ca7-3f9d-4f21-8c89-e0cf8f2cac00,aee5bcfa-4624-4b60-9453-d7d56d1174df,1c0c4b2f-60d7-4b18-b6d0-96a64e9d85cf,2026-05-15T13:49:56+00:00
055b8817-57ec-4ccd-a682-5d4d56a37c2c,aee5bcfa-4624-4b60-9453-d7d56d1174df,d4e30b6e-aa93-40ee-8750-e1f001abcea7,2026-05-30T21:28:06+00:00
dafd0859-6ca1-4692-8fed-e68250d41c21,712ef962-5cb2-4067-890a-4d2ebc88829b,767703ae-4d74-4728-ae3f-a80c8b6ead76,2026-08-12T23:41:05+00:00
35e9f479-bb11-4b53-8a63-09f7e5741972,712ef962-5cb2-4067-890a-4d2ebc88829b,e5f76da6-068a-4b15-bb2c-649e314a26ed,2026-05-28T16:09:12+00:00
363bc3e7-175f-4c93-8e9e-586b71acdb98,712ef962-5cb2-4067-890a-4d2ebc88829b,27d6298d-2568-4e4c-99dd-0f0d3e043508,2026-06-26T06:28:31+00:00
11c2b614-4521-4f78-a1e2-8107387e8af0,712ef962-5cb2-4067-890a-4d2ebc88829b,f31ed9a5-371d-40f1-abad-f2898658760d,2026-06-11T08:50:27+00:00
a63a6509-4723-4314-b7f0-a69b0f38daf1,712ef962-5cb2-4067-890a-4d2ebc88829b,223b052c-55c7-4152-903d-0f666656212e,2026-05-15T20:18:59+00:00
a246706d-6a6e-4fbe-b700-9acbeadfc21e,712ef962-5cb2-4067-890a-4d2ebc88829b,ddff96e0-22a2-4dc0-8484-2c55ebac5db3,2026-05-17T11:00:40+00:00
4ffabaf5-3532-4284-a4df-249d72b47e07,beb1905f-7c6e-46ed-bbc1-f0bc0bfa38c3,42ddf256-149e-4757-b88b-4e24c8e6cb76,2026-06-02T09:48:04+00:00
de2aa0c1-cd3b-41ea-b69d-7afef37bc161,08649c76-8769-4532-b369-e289602aded8,94d89ccb-983f-49df-97a7-1886973331bd,2026-08-30T07:08:56+00:00
3f3c3c16-9ab5-48d1-8ca9-c5b7dbb97a27,08649c76-8769-4532-b369-e289602aded8,52d44442-4dbc-40af-bbe3-a97d1e165b33,2026-06-19T10:24:32+00:00
2da1c99e-a543-4776-bb1c-165a2c0011a8,08649c76-8769-4532-b369-e289602aded8,74375a59-e8c7-406f-8580-d46c74187dc9,2026-06-19T21:10:46+00:00
29aeeb98-46d1-415b-97f8-4aa9dcca7a06,eca7fe1e-4990-4fc2-9085-43d2db37d456,95c27d41-572b-4b7a-b3cf-43833c5680e5,2026-05-20T13:32:04+00:00
fcd4d19d-e0dc-4da5-9204-bd8e77875f67,eca7fe1e-4990-4fc2-9085-43d2db37d456,f1999cc6-bd96-4a94-b030-3072877f65df,2026-06-22T06:28:49+00:00
1256db05-3297-4df4-9b10-d308d1ba8815,eca7fe1e-4990-4fc2-9085-43d2db37d456,fda2746f-f24e-4da4-9ab4-b1a01d07a375,2026-05-20T16:21:18+00:00
fc3bfefe-f522-4d8b-a2a6-963a9b5d56ec,b4f324ae-364c-45bc-a160-7da2215778c4,caf7efc4-3973-492b-abf8-2af2f0caa4ef,2026-08-15T05:45:50+00:00
74ad26b6-54d9-4917-997e-5bb93ac1859c,b4f324ae-364c-45bc-a160-7da2215778c4,8f39dc61-73fe-48e5-9abe-1b74522d2ba1,2026-05-26T09:01:12+00:00
71bd8b11-7394-4ea5-bc8a-a5444b7e3d4d,b4f324ae-364c-45bc-a160-7da2215778c4,4333f52d-82f4-4fb4-b6c0-44d327f5b25a,2026-05-31T21:42:29+00:00
08185878-4774-4000-9574-bbb4920dd954,9a9f7d77-7db2-4fd4-91de-c78f6932ca4f,b233f9f6-2a38-41be-92c9-8555aefc62a9,2026-08-06T06:47:23+00:00
142b7f66-c1e7-4174-98e9-8b5836eeb98a,9a9f7d77-7db2-4fd4-91de-c78f6932ca4f,425cdeec-e94b-4205-b7b6-416a4c54d0c0,2026-08-19T08:59:59+00:00
1f107a72-0783-45c8-8fe7-8ffce09e4c80,9a9f7d77-7db2-4fd4-91de-c78f6932ca4f,a80b24ca-19f4-4796-9a5e-683f4e8f7b14,2026-08-17T10:47:19+00:00
ed4ddd77-aafb-4816-adba-78f399697503,9a9f7d77-7db2-4fd4-91de-c78f6932ca4f,6dfecb7f-63bb-498d-909f-4cbd7fd015e7,2026-06-04T00:19:18+00:00
18c760ee-568a-4222-97fa-203f6467a78f,8e9ae8ca-7c26-4a8d-b0a6-eff88336f4b7,06a5945b-2a25-4bf1-b0d1-578601aaab81,2026-06-12T19:39:16+00:00
b8db1a06-5b42-4b80-a3be-40c7a6de1c8b,8e9ae8ca-7c26-4a8d-b0a6-eff88336f4b7,6236d33d-7b57-486d-81e8-a247d50fa2a4,2026-05-23T20:27:57+00:00
63be2430-b7a2-4143-9fb6-cee7691b4397,8e9ae8ca-7c26-4a8d-b0a6-eff88336f4b7,02807cc1-6bae-4344-a5ac-526283c350fc,2026-06-10T16:32:00+00:00
2e8cd520-1081-448b-a616-454977b10d11,8e9ae8ca-7c26-4a8d-b0a6-eff88336f4b7,53cbc155-02f5-409e-90b8-e1d1b8a42be9,2026-05-18T17:14:37+00:00
d39b0b93-0b55-4455-810d-9156ad2ad013,8e9ae8ca-7c26-4a8d-b0a6-eff88336f4b7,61bc54ff-d92a-459a-b783-749eeba4b206,2026-05-24T11:49:24+00:00
fd038e97-8757-4c4c-8d1f-7943bdf24129,8e9ae8ca-7c26-4a8d-b0a6-eff88336f4b7,bf2e373c-d8de-4aa0-acb8-d8df0b844ebd,2026-05-18T16:29:05+00:00
f3de2af0-319a-4e00-bda9-cb77b651063e,8e9ae8ca-7c26-4a8d-b0a6-eff88336f4b7,c61cd5a4-1592-4718-9dc9-3a026d2fe8c2,2026-08-02T03:38:16+00:00
cb44ce73-4448-4062-ad0a-e61c1a1bc05c,8e9ae8ca-7c26-4a8d-b0a6-eff88336f4b7,d97c38cc-0971-42dd-869d-988ad7864fdb,2026-05-30T00:35:31+00:00
a63c587e-c191-49d3-801b-71faae6badd7,8e9ae8ca-7c26-4a8d-b0a6-eff88336f4b7,4b87053a-c2e0-4a91-bd88-3da84717c1af,2026-07-03T22:44:26+00:00
968f6ef3-511e-4dc2-b5a4-5c360b13c0da,8e9ae8ca-7c26-4a8d-b0a6-eff88336f4b7,ff6e8123-7427-47ad-b4a2-b32525006de0,2026-05-20T06:22:41+00:00
30dba839-bc94-4815-87ae-73417d4c508a,5945a9d4-8ad4-417e-bffa-756e68f01558,eebbf0ad-7bc9-40f9-a39b-9952f8048f24,2026-06-16T23:59:52+00:00
23bae213-2941-4ad3-9c2f-b18161d84c08,5945a9d4-8ad4-417e-bffa-756e68f01558,b126e808-1a11-4d61-af32-05384751f291,2026-05-20T06:10:05+00:00
6d75a959-b93f-448a-bdcf-e6ea8184b5ed,5945a9d4-8ad4-417e-bffa-756e68f01558,919c1afb-25b2-4b3a-bfab-39ebe9e77e2c,2026-08-22T03:50:11+00:00
1d8938c9-563b-432e-9a85-0f0dc7fa016b,5945a9d4-8ad4-417e-bffa-756e68f01558,b233f9f6-2a38-41be-92c9-8555aefc62a9,2026-05-28T08:00:11+00:00
bd7fb300-995c-4ba2-9860-d814b0d5cf2c,4bcc6007-213d-4198-bf15-b9a9023173b5,4baa25b9-1700-4782-a80b-d9e663939f70,2026-05-26T08:05:43+00:00
048c89c3-926b-4750-ad98-98f5bdcc82b2,4bcc6007-213d-4198-bf15-b9a9023173b5,6b83a412-875d-4f35-8ce5-9a2c67a093f6,2026-05-30T12:50:13+00:00
0e8f03c2-2b56-45fe-b389-acfa531af90c,4bcc6007-213d-4198-bf15-b9a9023173b5,b6be37f9-e731-49e9-b97d-838d7bb58dfd,2026-05-20T14:05:37+00:00
2cd4f0d5-7dac-4f69-8e28-dbb5111c968a,4bcc6007-213d-4198-bf15-b9a9023173b5,147ed698-2b4c-4e8b-aa70-aa17d045b912,2026-08-31T00:45:50+00:00
1a3797b9-26fc-47e8-8965-07b70bbad77d,606a700d-e16b-46d6-8e1e-c87ae80b6418,6b64b525-483e-4576-957a-17ad52075768,2026-05-27T11:13:39+00:00
64f7c311-3b52-419d-87e7-57567f1246cd,606a700d-e16b-46d6-8e1e-c87ae80b6418,3faf19b8-adef-42c8-a07d-601db32b3f06,2026-06-20T16:39:11+00:00
ff9608dd-04ad-48b1-a8a0-dab657d4f51b,606a700d-e16b-46d6-8e1e-c87ae80b6418,faaadadd-7fbb-4e89-9638-90d9dab4fd2e,2026-05-27T13:07:27+00:00
5cfa9f9a-6f28-4f2a-836b-5ce6e1115d54,606a700d-e16b-46d6-8e1e-c87ae80b6418,88f97422-e385-4200-84c1-cf21ce0c6cda,2026-07-05T09:52:44+00:00
e0541237-3c7c-4831-a0d7-102218ad2208,606a700d-e16b-46d6-8e1e-c87ae80b6418,b000127a-7ff3-4aba-9f9f-56872787d1ed,2026-05-24T15:16:59+00:00
9c0aa26f-8038-4dd5-9842-ea71d1fd9f80,606a700d-e16b-46d6-8e1e-c87ae80b6418,1ce85b38-45d8-4fc2-a23d-d01ad37ee8fb,2026-06-17T17:39:28+00:00
1ea0c52b-dd20-4ee4-9fc7-675aab1f5ff5,0a399b20-d557-4a77-8b5f-c832b8be6e85,6dae0af9-c881-473c-a919-489118789e0d,2026-09-02T17:54:54+00:00
ca726782-e32b-49c2-88f2-6491a302fe8d,0a399b20-d557-4a77-8b5f-c832b8be6e85,99d52a61-bee5-4684-9df6-159e47cc27be,2026-05-20T16:48:05+00:00
7cd8d39c-a5a6-436b-bbcf-19382117230d,0a399b20-d557-4a77-8b5f-c832b8be6e85,e8bd6718-0ee1-4de3-9813-716c81bea5a5,2026-07-05T19:04:32+00:00
87a2334c-57c0-456a-8590-f51c5f15a0f9,0a399b20-d557-4a77-8b5f-c832b8be6e85,919c1afb-25b2-4b3a-bfab-39ebe9e77e2c,2026-05-24T17:38:25+00:00
7ea9429b-dd80-4e01-8176-55bf368b521e,0a399b20-d557-4a77-8b5f-c832b8be6e85,200f9843-09b8-49fb-9a99-30710133815e,2026-05-22T18:30:55+00:00
a287df37-6175-4c97-9e62-1de114ad7a3b,0a399b20-d557-4a77-8b5f-c832b8be6e85,37390ee9-6f2d-4d2e-b299-70e58443cd04,2026-05-27T09:17:04+00:00
21a5d28d-c273-4423-9348-7ccd0ec3f328,0a399b20-d557-4a77-8b5f-c832b8be6e85,398c4a87-ea96-40b1-9d0b-21f40b43e5db,2026-05-28T17:40:43+00:00
006f755f-5d59-459b-8a99-017f2abe90c3,0a399b20-d557-4a77-8b5f-c832b8be6e85,a14d5a0d-9ddc-4170-a239-6044cb65462e,2026-06-08T14:32:54+00:00
52ae3ebd-2e96-4441-8064-74f8ae4883df,b1981369-5135-4d63-aa37-322aad15b522,bf2702a9-36af-4152-9711-7fbe97eb016b,2026-06-06T10:19:06+00:00
98f2ac8e-1152-474f-85ae-6c916627f43b,b1981369-5135-4d63-aa37-322aad15b522,36d2e780-1eb8-4905-beb8-e2ebc5c6adb1,2026-06-09T09:45:57+00:00
e427eb90-2b64-4a04-acc3-67897d98b46d,34ef984c-4ea9-4374-b2f6-3f793ce0f059,c3699fc8-6b69-4b20-bd17-1c0f5a24a795,2026-07-24T03:35:18+00:00
566993bd-f01b-4d68-8ef9-f453894bbec6,34ef984c-4ea9-4374-b2f6-3f793ce0f059,d1837fdf-ba50-4cdd-aa78-612b77b13cac,2026-05-24T09:29:33+00:00
c7f387af-ebf6-45e2-937b-4a736dba834e,34ef984c-4ea9-4374-b2f6-3f793ce0f059,b1819170-1c8d-422c-9fca-8d03059de2b5,2026-05-22T12:42:26+00:00
7a34b5e3-7103-48dd-a547-5915fe211b16,34ef984c-4ea9-4374-b2f6-3f793ce0f059,6b83a412-875d-4f35-8ce5-9a2c67a093f6,2026-05-29T10:13:06+00:00
cac948f7-7690-4409-ba5c-d77ee196edbd,34ef984c-4ea9-4374-b2f6-3f793ce0f059,6b64b525-483e-4576-957a-17ad52075768,2026-06-11T21:32:16+00:00
068c6989-f543-4820-be1a-5b3c54e684cf,6621b3ed-bc8e-48fc-8e44-33eb89a077fd,ae55ec52-cef0-4a81-8e34-dbdc085d2573,2026-05-21T14:39:43+00:00
66b21761-a4b2-4d98-9c1e-dcdbc2974155,199f8bed-5190-42b9-bacb-3306f54e58ce,eb37e445-ad15-450f-aac9-165635b7ef7b,2026-05-22T14:39:54+00:00
99d037a5-cd8a-442c-aa01-30b95b5197cf,199f8bed-5190-42b9-bacb-3306f54e58ce,6f258066-979f-4da2-bba0-720da942d710,2026-06-18T22:33:49+00:00
a9bf4e4d-3e49-45ae-9ffe-8f654d4bbf57,199f8bed-5190-42b9-bacb-3306f54e58ce,a80b24ca-19f4-4796-9a5e-683f4e8f7b14,2026-05-23T21:13:02+00:00
b4082c94-2e84-4612-9128-95cb4fcb3f77,199f8bed-5190-42b9-bacb-3306f54e58ce,bf2702a9-36af-4152-9711-7fbe97eb016b,2026-07-24T19:30:17+00:00
9f41f2fa-d498-4a8b-9c5b-f56b8b6192ab,6ab02d93-42b1-48c6-a169-1e7fbcc949dc,495a3aa3-44af-4038-8197-d87257807cf3,2026-05-26T05:13:20+00:00
ca0aa577-5569-4263-af32-6904d155398d,e6041906-be32-430a-8f07-8c61b9233e62,fee6b0c5-a98d-4b4e-a30d-2cb91bee01ea,2026-05-30T18:08:01+00:00
ba04db8c-ef93-47fa-bf69-9fe10e7532e0,e6041906-be32-430a-8f07-8c61b9233e62,a4870570-7c5f-4b20-8e76-eb3e4f83bf13,2026-08-14T17:28:33+00:00
323c95a7-e972-4993-a6a2-88f18f6408a6,e6041906-be32-430a-8f07-8c61b9233e62,ff1dc571-d626-480e-b098-a50d60c896af,2026-08-29T07:53:42+00:00
c4e33a86-6a7c-4272-9672-9665cd4d8711,e6041906-be32-430a-8f07-8c61b9233e62,93a7f915-e31d-4603-af28-13fe5ff23ac3,2026-06-07T03:22:24+00:00
1c78f10f-088a-4871-a400-e231e49fe431,e6041906-be32-430a-8f07-8c61b9233e62,fc878d0f-02d2-4c14-8e52-f1fa4b571b99,2026-05-28T05:40:10+00:00
c219da82-fb1f-424c-ba9a-ce010bdf80c0,c9f28486-4d47-488b-a596-0da5289a1072,580cef17-440c-4dfe-9629-5e7dcbd52995,2026-05-21T15:18:10+00:00
d900d30d-612c-4d7d-adad-1f8b78e6d28f,e9f51def-4389-457e-9db0-64a86afbfca1,1cd103c5-ca45-4990-b0e8-9aeda141fced,2026-05-20T21:24:02+00:00
fca9e92e-1cc9-497f-9d19-a3b857c3e04c,e9f51def-4389-457e-9db0-64a86afbfca1,0b20e057-ab25-4963-a1eb-383458386c85,2026-05-23T12:24:01+00:00
c8079f18-dc01-4347-9636-746166199823,9b19c252-cbc4-4875-9f34-93df5c1d7c2c,f1a0ec25-92c1-456d-bc62-93f211e3df90,2026-08-24T16:46:22+00:00
f35c580a-f5f9-4251-a56a-12bb72af364e,9b19c252-cbc4-4875-9f34-93df5c1d7c2c,ddff96e0-22a2-4dc0-8484-2c55ebac5db3,2026-07-06T19:59:53+00:00
06139c43-118b-43b9-b7c3-4ba96ff938aa,9b19c252-cbc4-4875-9f34-93df5c1d7c2c,c075f716-f675-4694-b3ea-4a26b1bb740a,2026-08-04T08:44:09+00:00
5eec8638-9e50-4a85-9fee-9fabdac3b7c3,9b19c252-cbc4-4875-9f34-93df5c1d7c2c,1ac6ee78-e266-4507-888f-5c047d74ca46,2026-08-16T19:08:24+00:00
9d5a783a-2f9b-4bfd-ab7d-65c2e9e5d2ba,9b19c252-cbc4-4875-9f34-93df5c1d7c2c,de74cf8e-baf2-424d-9e05-fa5a4aefa19e,2026-07-03T01:06:22+00:00
5d91b345-69f5-4e75-ae79-6a83c2725cdf,f36e3329-315f-4fa2-a8f2-c563910e25f8,7cc7754f-888a-452e-9779-934c1a10e526,2026-07-23T13:21:57+00:00
242d4259-4f0e-4b13-8b73-8584c30791da,c1dcd116-4542-49be-bf32-649f2ae2e798,ff1dc571-d626-480e-b098-a50d60c896af,2026-06-03T21:29:15+00:00
c89e9c30-438f-4bd1-8ba2-c5f3bc4ef7f5,c1dcd116-4542-49be-bf32-649f2ae2e798,1af051a4-5fb9-478e-9d62-3279d88a6cff,2026-05-28T02:56:11+00:00
b322d1ef-154f-48c0-8438-b5990a505604,c1dcd116-4542-49be-bf32-649f2ae2e798,0659bb5c-a162-488f-bda6-3659a00193c1,2026-07-30T16:14:06+00:00
87c80c3d-ecb3-490e-bbf2-ff97bc2dfac6,ed675333-3218-4c45-b22a-3e3edf563e1d,323eb581-df66-495e-b4c3-b8d51316dccb,2026-06-18T12:32:56+00:00
05c57dfd-fc6b-4a1c-8c51-9ebef2503381,ed675333-3218-4c45-b22a-3e3edf563e1d,27d6298d-2568-4e4c-99dd-0f0d3e043508,2026-05-21T14:21:12+00:00
2d7db11a-1a1b-4df1-a21d-1b18049c6b26,ed675333-3218-4c45-b22a-3e3edf563e1d,cbeb0053-cbef-4e60-8755-1445364e1ffa,2026-05-30T15:04:01+00:00
23f9bce4-67fc-4fd0-a570-8d3392643ea2,ed675333-3218-4c45-b22a-3e3edf563e1d,37390ee9-6f2d-4d2e-b299-70e58443cd04,2026-06-25T19:27:29+00:00
dce84af4-3412-447f-a06f-53cfe20ca343,ed675333-3218-4c45-b22a-3e3edf563e1d,481984d9-8844-4ba6-aecf-3d3fd3c177fd,2026-06-17T11:23:40+00:00
1cdadf17-c043-4d92-83e7-86dff152fdda,ed675333-3218-4c45-b22a-3e3edf563e1d,501e8ce4-ec88-49ee-8091-df9797903b55,2026-07-22T11:42:58+00:00
d5ea12f5-bf2c-4375-8d43-962eaf7cb69c,ed675333-3218-4c45-b22a-3e3edf563e1d,373c37e3-0e01-4319-81cb-158d1344da99,2026-06-09T04:19:37+00:00
69147095-917f-4a0b-a037-440c8ea9b121,aed382ee-6829-4ce8-86ca-7257b5346258,919c1afb-25b2-4b3a-bfab-39ebe9e77e2c,2026-05-21T19:59:44+00:00
20689d62-770c-4ead-9f81-2d156b850c53,5ccaa373-9328-4f94-8005-07b7936d3b4d,3d6322d3-d39c-4fa0-8f6b-6413dfc01504,2026-05-23T03:10:24+00:00
646c8380-ea54-4ceb-9b4b-d9babd454f55,5ccaa373-9328-4f94-8005-07b7936d3b4d,17b21723-fa8f-407d-8126-f99b09b1578a,2026-05-22T01:33:29+00:00
88683ed6-09b9-4b34-a0a5-dabfa1ca979f,416b960c-c38a-46e8-80b3-c43c0e73362e,8d5b08cd-a9b3-424d-b178-65d65f5998af,2026-06-12T03:18:31+00:00
6895e29a-c612-4863-97ba-97a315d46bfe,416b960c-c38a-46e8-80b3-c43c0e73362e,666bc6ff-a4ef-4446-b1f3-452d89ab9300,2026-08-06T00:21:56+00:00
cf3d558e-6733-41d2-9ec7-762f41279d7b,416b960c-c38a-46e8-80b3-c43c0e73362e,64d51d94-4f34-4e31-980e-5bf1b969932e,2026-07-04T00:12:11+00:00
0f65ba39-0dbe-400c-94a9-5511da23ee39,416b960c-c38a-46e8-80b3-c43c0e73362e,e294d7c5-9f72-4226-9091-d2cf6c147a17,2026-05-21T14:37:32+00:00
3b5c2e51-a85b-480e-87fb-f34133e70e95,416b960c-c38a-46e8-80b3-c43c0e73362e,20643c6d-5091-45f4-96dc-2970aa107c3a,2026-06-06T22:03:42+00:00
ea2e4795-4172-4719-9277-1b45c3a453d3,416b960c-c38a-46e8-80b3-c43c0e73362e,54f26470-51db-447f-8c40-86bc6859b21b,2026-05-21T15:15:25+00:00
db74a3b9-cc79-4723-bc6d-64601ffe8664,1fd0e030-7d48-46bc-ac61-75e514bd7797,e5b05247-d5c5-41cb-bf08-a56d351e6242,2026-05-30T20:11:59+00:00
bcc3ac27-a2d0-4ef1-a769-c41eff525935,1fd0e030-7d48-46bc-ac61-75e514bd7797,6fadda54-a15d-4010-be7a-2f23d4461cf9,2026-05-22T06:47:33+00:00
be235688-2571-4925-8a5a-842fc154ca42,1fd0e030-7d48-46bc-ac61-75e514bd7797,4e4985ea-2b80-4cbe-8d6a-7abfadaa2f26,2026-05-27T11:51:06+00:00
5a5f0626-b885-4359-a207-51dcfe6dd38a,1fd0e030-7d48-46bc-ac61-75e514bd7797,b6be37f9-e731-49e9-b97d-838d7bb58dfd,2026-05-22T05:13:02+00:00
8a215c6b-889a-459d-8ee7-c7620e883dc0,9049ddb2-32a1-41d7-96ea-ac7dd0b38b7c,4333f52d-82f4-4fb4-b6c0-44d327f5b25a,2026-05-24T22:04:08+00:00
18c07faf-0625-4529-bbfc-7ecfe38be0c2,c689e698-03ef-4fc7-a8fb-d323d991ce9b,79c00b7e-dbe5-41bb-8a92-189f533b8e9f,2026-05-29T05:55:19+00:00
e2c112a3-64b9-454d-b6bb-ed36c6358250,c689e698-03ef-4fc7-a8fb-d323d991ce9b,dd97c4bf-c562-41cd-943b-218a8b5baac4,2026-05-25T13:18:22+00:00
83a7ba1e-7424-4384-bc6a-3e9b7707892a,c689e698-03ef-4fc7-a8fb-d323d991ce9b,e3d856ad-6787-404e-8e93-f255933c3680,2026-05-23T04:42:02+00:00
acacc9d5-908d-4b37-9079-5cbe08672670,eb6c8244-e4a3-492c-89c2-75851ae9b4ee,f79de4b1-f0cc-45e9-85c3-b3112725fde1,2026-05-24T23:05:46+00:00
3c7067a5-5b91-4dec-8f29-f65cc1a16ca0,eb6c8244-e4a3-492c-89c2-75851ae9b4ee,a205c273-238b-46b5-a568-acfdd37cecb7,2026-06-10T08:46:57+00:00
6d957cb7-40c4-43f1-b794-42f29cbc14bd,02d000a2-a5dd-4fc7-9f7e-9a17e1147272,56423c84-9e94-44e6-a034-0a21e231fbea,2026-05-24T14:33:32+00:00
e5e8c00e-8f5e-488b-aae3-1accddbb058f,02d000a2-a5dd-4fc7-9f7e-9a17e1147272,0d63423b-88a8-461b-94f4-e18357eba2f3,2026-05-23T13:36:21+00:00
c2afb736-d8b5-42d2-9e76-890981168098,02d000a2-a5dd-4fc7-9f7e-9a17e1147272,b0f283a0-c828-4aff-80c1-0fa9a4940b92,2026-05-23T09:37:46+00:00
c6119021-4325-4627-94da-9d4046a5dc39,02d000a2-a5dd-4fc7-9f7e-9a17e1147272,373c37e3-0e01-4319-81cb-158d1344da99,2026-05-23T12:19:59+00:00
b77099b9-43f2-4d43-898a-374e9ae20aa5,6f9b4eb7-37bb-43bc-b471-65ee84f3d386,0ac62d09-f09e-4690-845d-950f83a734f9,2026-08-02T07:19:49+00:00
33c157e6-efe8-4aa1-bcf7-e202e7dcbf11,6f9b4eb7-37bb-43bc-b471-65ee84f3d386,58257853-1e57-4d62-9ffa-e3bb46ea2cbd,2026-06-20T13:36:25+00:00
48c803c1-0884-4a2f-b8ab-5c83e27dbb2a,6f9b4eb7-37bb-43bc-b471-65ee84f3d386,72e6350e-b4bc-4a80-ac0b-013f84ebeab1,2026-05-27T05:38:19+00:00
8a30cb2e-0ffd-41b9-a179-7bfa709b0f5c,ba86ff9b-f682-461c-bb7e-765db88095ea,3be6bf3f-c8f5-451d-9829-86d0e1a995cc,2026-06-20T06:44:52+00:00
ca1c939a-0143-47e6-92ac-d1a2d7df59c3,ba86ff9b-f682-461c-bb7e-765db88095ea,633e35cc-49f2-45eb-961a-e210bcd9d073,2026-06-18T23:04:53+00:00
b034e484-4af1-4e09-b235-ecbdcb51d461,ba86ff9b-f682-461c-bb7e-765db88095ea,dd31032b-6dd2-426d-bfc1-f03e9f5eefa1,2026-06-25T22:29:10+00:00
97fd1948-b26d-4dc2-9296-3625decd8228,bfb932c4-a30b-4fa8-87f0-557d11ecb143,459c517f-ee6e-4dd8-8e73-1f546778d794,2026-06-16T05:29:42+00:00
bb0cde2e-a463-4ebe-ae9f-92de33cc1599,bfb932c4-a30b-4fa8-87f0-557d11ecb143,4880e488-a1c2-4958-ba10-b7c3297adba8,2026-05-29T00:41:00+00:00
3614158d-7a69-454c-8d28-5d4304970776,bfb932c4-a30b-4fa8-87f0-557d11ecb143,ff34dee7-a247-40d7-b920-a3d2e7a536c2,2026-06-19T12:51:26+00:00
3a6e42e8-2dd8-420a-b9c8-5bd53745d612,9426c147-9b49-4a22-836b-39b4451a668f,ace4ede9-190b-4d01-8198-a49aabf9da5a,2026-06-04T08:27:56+00:00
6c042d9c-25b9-41da-b01c-0c5f244cfaac,9452e227-fa98-4d50-a087-ca46ee33c27e,7524322e-1510-48cc-868b-8d59b328109b,2026-06-02T01:13:01+00:00
3bc01a64-1064-4f79-9117-7b47846b97f6,9452e227-fa98-4d50-a087-ca46ee33c27e,f3189547-b5c9-4076-aab8-d864b3815677,2026-05-28T01:03:32+00:00
089bafb6-1d7f-4246-967d-449d0cc3bb4b,9452e227-fa98-4d50-a087-ca46ee33c27e,b7a58a43-0e8a-4989-9cc2-a17e019034c8,2026-05-27T02:30:04+00:00
27c37c3f-3331-4e49-93e3-db8f2718e10a,9452e227-fa98-4d50-a087-ca46ee33c27e,5e792d2c-8426-4884-9092-5acfa7c688ed,2026-06-17T06:38:17+00:00
d7b4e11e-4438-4dae-8038-3b944cb9be0d,9452e227-fa98-4d50-a087-ca46ee33c27e,e6e0d4f1-b435-4b5d-b74f-b4c6c427868c,2026-07-19T11:29:00+00:00
367b4a2b-2b89-48d7-a4f1-47f4e0f63ab4,9452e227-fa98-4d50-a087-ca46ee33c27e,60e7746d-a14d-4134-a659-8644ea757f35,2026-08-28T01:35:57+00:00
5f25327c-3996-46cb-a24d-bd38eefdbff6,9452e227-fa98-4d50-a087-ca46ee33c27e,eff13da1-a531-4767-95ce-387f2866993e,2026-05-24T15:53:03+00:00
5bc9a5c6-930b-41d5-baf7-ae3b7f1c17ef,9452e227-fa98-4d50-a087-ca46ee33c27e,e4ea0bbe-fdc0-4311-bef4-bcb809a9a630,2026-06-13T22:42:45+00:00
a5c8440c-4dda-4fbf-9fe5-f5729daab9ca,9452e227-fa98-4d50-a087-ca46ee33c27e,635cb86b-03c7-4fb4-884b-ced27f9691bb,2026-07-05T13:03:12+00:00
1de66eaa-ba6e-4519-b02b-44cbb5e1034d,9452e227-fa98-4d50-a087-ca46ee33c27e,658d561c-1651-4aa7-9c5f-4cc6fe4afb70,2026-05-29T06:18:02+00:00
7aee0ea4-497c-4fff-969f-0aa80e031e2e,9452e227-fa98-4d50-a087-ca46ee33c27e,27de1447-4949-4ba1-94da-511dcf33e97a,2026-07-10T00:32:22+00:00
aa9a5406-98f4-4df1-84e8-fc5454ff65d9,9452e227-fa98-4d50-a087-ca46ee33c27e,acecd3bf-b042-4b84-be29-27585dc68137,2026-05-31T15:20:48+00:00
fc8be16c-5bbc-49de-be0d-050e782a48a0,9452e227-fa98-4d50-a087-ca46ee33c27e,fddcb198-bf64-4afe-a7ba-49b9d8c59c2d,2026-06-05T16:28:38+00:00
9c7d2eaa-e1cb-4e70-819f-517f86379204,9452e227-fa98-4d50-a087-ca46ee33c27e,459c517f-ee6e-4dd8-8e73-1f546778d794,2026-05-24T15:27:26+00:00
4f49116f-7cfc-43c8-8869-08c42c81dfd1,9452e227-fa98-4d50-a087-ca46ee33c27e,0675ff4e-03a1-4a1b-91f2-4e5095585649,2026-05-24T12:29:01+00:00
fcc7f599-90d2-4cca-9603-918b94e1b437,9452e227-fa98-4d50-a087-ca46ee33c27e,f31588a9-6fbc-4f16-a1f0-65bb1970a62f,2026-05-28T13:11:29+00:00
58f21c40-fef7-4604-9db5-02b6e842c024,9452e227-fa98-4d50-a087-ca46ee33c27e,7926d7b2-835c-4a6f-bf2f-3e38d4db3419,2026-06-05T17:25:30+00:00
1455e696-7d8e-4824-bf40-ee80ea36a247,9452e227-fa98-4d50-a087-ca46ee33c27e,f1999cc6-bd96-4a94-b030-3072877f65df,2026-05-24T08:11:06+00:00
870064d3-4e1d-483f-9c25-c011bbef06e2,9452e227-fa98-4d50-a087-ca46ee33c27e,75fb3cc3-3a13-475e-9146-fa6c2c28ad75,2026-06-10T18:14:03+00:00
2196f24e-fe18-419b-b008-c11f67bdfeb6,9452e227-fa98-4d50-a087-ca46ee33c27e,8655633c-8b61-41b6-8e06-e79ce464e099,2026-05-29T00:04:56+00:00
59dcf052-4ed6-4bec-953c-fdbed3a33f75,9452e227-fa98-4d50-a087-ca46ee33c27e,55fb0edf-b28e-4b2a-9d2b-2fa1f6dcbe3e,2026-08-08T13:34:57+00:00
9bf2d4fc-994e-408d-a7eb-7168ace0c81e,9452e227-fa98-4d50-a087-ca46ee33c27e,1738f94b-1c67-4612-9cd8-819ca50c35e3,2026-06-28T20:32:15+00:00
27df6a76-3aef-408b-8ab6-bbc82d1ef22d,9452e227-fa98-4d50-a087-ca46ee33c27e,e5d66484-0921-411a-aecc-60e791695a29,2026-05-28T07:07:19+00:00
d09a53ca-1d39-4138-8fbc-11548f6b0c98,9452e227-fa98-4d50-a087-ca46ee33c27e,443b392f-72a1-4279-ae51-a849f1fedfff,2026-05-26T19:33:57+00:00
1960ecf9-d565-4643-85ba-2710761cb5fa,9452e227-fa98-4d50-a087-ca46ee33c27e,f8d855a5-21a5-477b-bd26-6a8ff32c9563,2026-08-26T08:22:29+00:00
58ea0758-5521-4461-bfba-d66653fc603f,9452e227-fa98-4d50-a087-ca46ee33c27e,75c13d9c-916c-4e76-9219-1fb1448b7789,2026-05-24T09:04:10+00:00
cf554a17-27e6-498f-9c97-a544a24eb8a5,9452e227-fa98-4d50-a087-ca46ee33c27e,c76f1c0b-bf00-4af7-84b8-6ec1e8252901,2026-08-12T06:28:46+00:00
eaa814d8-1879-487d-bebe-d16b543e80c5,9452e227-fa98-4d50-a087-ca46ee33c27e,ffe376b0-b660-443d-9d11-cd993fa8abe4,2026-08-16T04:18:52+00:00
5c203247-03d5-4b13-9aaa-91c7b28ae73b,9452e227-fa98-4d50-a087-ca46ee33c27e,fc878d0f-02d2-4c14-8e52-f1fa4b571b99,2026-05-31T06:47:54+00:00
dc664094-bdea-4a43-a349-b491894d8d1d,9452e227-fa98-4d50-a087-ca46ee33c27e,23a55d2c-5ac7-43a9-a6a4-20734b79d7ae,2026-08-23T22:41:52+00:00
ab93af29-30b3-4421-8d1f-788af472135c,2a6a38c2-6a50-45b9-8fc3-40d1a4358875,39387e77-2cf5-4e83-a449-610606391894,2026-05-24T12:22:53+00:00
3b171b4b-2fe4-40c4-ad9e-f7cbf6ec3b8e,2a6a38c2-6a50-45b9-8fc3-40d1a4358875,fa25c85c-0248-4e34-b506-fd8f06ae788f,2026-06-13T04:23:25+00:00
9cd6e3df-c177-40ab-a43a-a49dc3b1197e,d9cdc362-001c-4546-9418-9b9c386b0b9a,1ce85b38-45d8-4fc2-a23d-d01ad37ee8fb,2026-08-21T13:49:29+00:00
1c02135d-5245-4cc0-b003-d9312956380f,d9cdc362-001c-4546-9418-9b9c386b0b9a,223b052c-55c7-4152-903d-0f666656212e,2026-06-15T04:59:38+00:00
78a3ae67-1f62-4864-b3c7-2b89c26a2e60,068c5aad-45c7-4b4f-81f5-13441f0468d3,52d44442-4dbc-40af-bbe3-a97d1e165b33,2026-08-24T15:44:02+00:00
f2f398d2-289b-471d-8a08-854bfee43f86,c0451167-9adc-4d06-835d-5f6341dbcbc3,74375a59-e8c7-406f-8580-d46c74187dc9,2026-07-02T22:41:16+00:00
e0ff4f33-03a9-47f7-9424-3b0754f27889,c0451167-9adc-4d06-835d-5f6341dbcbc3,f1999cc6-bd96-4a94-b030-3072877f65df,2026-06-02T06:30:51+00:00
11d54b07-d388-4408-8a27-d4a83d068ae8,c0451167-9adc-4d06-835d-5f6341dbcbc3,d22d4315-95d0-4e9b-8b3a-ee71f98284ba,2026-08-26T10:52:29+00:00
9ab34001-2bc2-4644-9934-066873b582e7,c0451167-9adc-4d06-835d-5f6341dbcbc3,1af051a4-5fb9-478e-9d62-3279d88a6cff,2026-07-07T23:05:07+00:00
66b90db6-1d27-48b3-8ba3-0ff4f6f2e37b,c0451167-9adc-4d06-835d-5f6341dbcbc3,484b4933-21fa-4a46-904b-33017ff3857f,2026-05-29T02:22:32+00:00
85220b59-f012-4965-b3e8-c13ed02a0809,892887a8-58fc-4901-a712-fc99b3bd1075,f5dc0e8d-4cfb-42ba-851d-c4ab150a805f,2026-07-07T15:54:53+00:00
48330ab2-b008-42de-8f51-e9cf258a127e,892887a8-58fc-4901-a712-fc99b3bd1075,ffae7a2d-9aea-4536-8cf4-dd5a807a4405,2026-05-25T03:30:25+00:00
ccba8d80-3f85-4426-9fa7-9424c0796148,892887a8-58fc-4901-a712-fc99b3bd1075,a83115e6-95d7-4710-8785-ad490862eb1d,2026-05-27T22:19:35+00:00
ab562544-5d9f-4851-8df5-5db9dc4afc11,892887a8-58fc-4901-a712-fc99b3bd1075,630fe4a8-7f3f-4f97-93c1-03feb895bbd5,2026-07-08T17:58:50+00:00
a3db701c-8832-4c1c-81b0-cb395db10b77,892887a8-58fc-4901-a712-fc99b3bd1075,fb8098ee-02d6-4b07-858e-99f58dd1d0ee,2026-05-30T20:38:17+00:00
0ea5076f-e4b1-4f6c-a1b9-396dd9e61dba,892887a8-58fc-4901-a712-fc99b3bd1075,fdf80e2a-8b01-4d79-a8c3-3ea29134c88c,2026-05-27T02:17:41+00:00
d213c8dd-1620-414b-8d5c-c35cad5fdca2,892887a8-58fc-4901-a712-fc99b3bd1075,f4b0199b-48eb-4354-a8fe-03676e9169f9,2026-05-30T04:17:33+00:00
0269e6c7-64e4-4736-bd1e-2b199bece43b,892887a8-58fc-4901-a712-fc99b3bd1075,3c93bac9-6c00-45ff-868a-2fca9fd92411,2026-05-26T01:32:58+00:00
fedf629e-72b3-4b38-b6fb-6033e0d9437e,660a3471-63f6-4f16-af1d-e966e42a1231,904d370b-c057-4076-ab96-6f35351482c2,2026-05-27T09:37:20+00:00
81abfcf6-1ce3-4fda-aa3a-360944f249f3,fb34a5da-80b7-4104-9f54-ee41d1273bfa,425cdeec-e94b-4205-b7b6-416a4c54d0c0,2026-05-31T04:23:17+00:00
3ea5f5d0-3a3a-4651-8b7f-710266a5eb88,fb34a5da-80b7-4104-9f54-ee41d1273bfa,35d6cd54-7bcd-4288-8c6d-682b12ba3543,2026-06-13T09:40:23+00:00
df6c1ac7-0163-4abc-9591-4f7a0dabd51e,fb34a5da-80b7-4104-9f54-ee41d1273bfa,29836ce5-4546-4ec6-b86e-0306757b6b8b,2026-08-22T18:27:16+00:00
51b63d6e-4e54-40d5-9f2e-8cd22d408fe6,fb34a5da-80b7-4104-9f54-ee41d1273bfa,1537bb8f-8d18-4dae-bed2-636ec4ce9b62,2026-05-29T16:21:46+00:00
89ede991-e0da-4a5c-86b5-7f315f683f74,fb34a5da-80b7-4104-9f54-ee41d1273bfa,b6f4d635-89e6-4c7d-b21e-375b06a4dc27,2026-06-11T17:35:06+00:00
04e83dc2-23b6-495c-aa39-0b16165f5c62,b1c69fc2-754a-43ce-b5ed-538262806192,e9b275eb-493c-4660-be51-71559bea8537,2026-06-14T14:34:50+00:00
11460c98-d4a6-4da3-a9bd-9fff359c63e2,b1c69fc2-754a-43ce-b5ed-538262806192,577c7c58-b348-4b59-a994-19cbf0bd8b7f,2026-08-12T00:09:22+00:00
5eae0153-a9db-4cc9-b46a-4b7c823dea01,b1c69fc2-754a-43ce-b5ed-538262806192,34441c15-0467-4b92-b3ab-8deb1054c830,2026-06-30T18:22:02+00:00
e15f7338-546c-41d0-9496-ff7889e4194b,b1c69fc2-754a-43ce-b5ed-538262806192,fee6b0c5-a98d-4b4e-a30d-2cb91bee01ea,2026-06-27T21:47:58+00:00
b024c6fc-d314-402f-a0b1-d7b5b5ff091a,b1c69fc2-754a-43ce-b5ed-538262806192,e984c74d-dd4a-466b-b93f-7f517e76b6c7,2026-08-24T16:19:38+00:00
d3e05bc4-2ecf-47ac-bcdc-ac9e6f260e1e,81abfff8-66a5-4d4f-be7e-a1e16cb12246,427e62af-c795-4132-8cf3-9c85f803508a,2026-05-26T11:43:24+00:00
d0b19585-fdca-4a89-90da-d9876c78bb6c,81abfff8-66a5-4d4f-be7e-a1e16cb12246,1df596d4-a79f-4572-9306-495047dbf75e,2026-05-27T00:47:42+00:00
49135ff4-8019-4673-a5a0-3b3806cb3bf0,2dbdf992-5a89-49e8-80b8-573e34896451,183fdc19-a9c5-4db8-a9f3-e0f20feea8e8,2026-05-30T07:50:04+00:00
11b910c0-01ae-463b-8821-5d96489d4fdf,2dbdf992-5a89-49e8-80b8-573e34896451,d4be3d17-49dc-4e35-953b-ddb3c7c6c4a2,2026-05-26T18:09:08+00:00
c48cb1c4-604b-4771-913b-5864844c4ad5,e072bf0d-373a-4f35-82aa-130bda84aa75,4e4985ea-2b80-4cbe-8d6a-7abfadaa2f26,2026-05-30T08:58:44+00:00
ab2e759f-117a-468b-b606-134ae9bdca17,8f0324f5-8367-4393-a23b-af38200f9105,e81d0345-b7a4-4bc0-82b3-de121ed5ff87,2026-08-23T10:34:56+00:00
7dbef2a6-7b95-477d-bc6f-eadb380c5ee7,8f0324f5-8367-4393-a23b-af38200f9105,d70b90fa-8a9d-408e-b442-7d148a6095e5,2026-07-16T22:54:38+00:00
f704740e-0c5e-424b-820a-0d44603f14bf,8f0324f5-8367-4393-a23b-af38200f9105,c60fc12d-ef3b-47a2-b08d-d35daaa0261f,2026-06-04T12:06:46+00:00
406fab8a-8c72-4e87-97c7-07fb9e2472ba,dba253f8-2e6a-4135-9b40-3a84093414de,c6fd42f0-6060-47cf-a8e8-e24dcaee7d26,2026-06-28T07:52:52+00:00
cbec9319-70fe-4c25-a7e0-42c23543a14a,dba253f8-2e6a-4135-9b40-3a84093414de,29d5a494-6baf-4419-8eab-634d29535262,2026-06-13T22:26:48+00:00
8453c7ec-dc79-4156-abf4-ca57a8aa5f1d,dba253f8-2e6a-4135-9b40-3a84093414de,67720afd-c98f-4042-88f8-4ee42ce6223e,2026-06-01T11:35:21+00:00
adf5ab33-ea68-478e-abd2-ec6afc40cbed,dba253f8-2e6a-4135-9b40-3a84093414de,d34b2b4a-bc0b-4ffd-83db-00f5cc6c937f,2026-06-26T16:37:13+00:00
89c0291c-c23b-415b-aef6-5279910d3a17,7a955753-58f4-43a3-bf76-2d736fc55a2c,bc9cbd74-f51e-47e9-ba77-1f2c017e9cca,2026-05-27T18:57:52+00:00
f8fdcefa-5c3b-4b54-85c7-a375493cd79b,7a955753-58f4-43a3-bf76-2d736fc55a2c,d3daa26a-587b-4816-9110-916f35fa7c74,2026-06-06T20:04:58+00:00
583cc43a-7ffc-4230-a4fb-a5afea2a6243,7a955753-58f4-43a3-bf76-2d736fc55a2c,128acef2-f235-4b4f-9ba9-12cf0271ac50,2026-06-27T13:34:51+00:00
f8bda574-e38d-4552-be74-4384c4399e7a,7a955753-58f4-43a3-bf76-2d736fc55a2c,02807cc1-6bae-4344-a5ac-526283c350fc,2026-06-17T14:42:46+00:00
845e1ce0-b5c3-402f-8f01-7d1cc32979d9,92347fa1-c88b-47c6-bcbd-9daece3c129e,484b4933-21fa-4a46-904b-33017ff3857f,2026-05-28T22:04:16+00:00
191cd088-96ea-4c0f-acbf-a816151cbad2,92347fa1-c88b-47c6-bcbd-9daece3c129e,29b08317-6763-47c6-93e5-e9d211886a27,2026-07-01T05:47:04+00:00
c469f880-0d15-442b-9a69-7e5f561b3ba4,92347fa1-c88b-47c6-bcbd-9daece3c129e,bf74e9cf-5b79-495b-8c29-2dec4918a0c9,2026-08-12T21:48:40+00:00
2a657350-3985-43a4-869d-1a2a4ab5aad6,92347fa1-c88b-47c6-bcbd-9daece3c129e,29f2c43b-7cbe-420a-a7cb-2ede9cf6dd4c,2026-06-11T23:19:42+00:00
b2ddde17-3502-42cb-b6dc-f7728ca0dbec,90632ec4-7ac2-4ef4-a864-e9fab00737cf,183fdc19-a9c5-4db8-a9f3-e0f20feea8e8,2026-07-23T02:34:16+00:00
206337a8-548f-4e2f-b614-a351f26084c8,90632ec4-7ac2-4ef4-a864-e9fab00737cf,21dd7dab-b91b-4dbb-ba29-ae9efd5f3f45,2026-06-18T12:56:35+00:00
b132effb-2667-4042-8efb-986317bc3d3f,90632ec4-7ac2-4ef4-a864-e9fab00737cf,a80b24ca-19f4-4796-9a5e-683f4e8f7b14,2026-06-18T15:35:35+00:00
b9966060-75c3-4cc9-a6be-099e0b49af62,f9a1259b-d50c-4f9c-a7c1-1d410cad1e40,99d52a61-bee5-4684-9df6-159e47cc27be,2026-08-16T01:12:07+00:00
67c17655-1977-4d45-b698-e081bae16cf1,f9a1259b-d50c-4f9c-a7c1-1d410cad1e40,c2d0b978-f0b1-4bed-b592-d8a8b2426dd6,2026-06-24T23:16:14+00:00
98a77ad4-59e5-4a80-a8ad-610b8751d2b3,f9a1259b-d50c-4f9c-a7c1-1d410cad1e40,e818f248-82e9-43bc-9ab7-27d5be02776b,2026-05-31T18:29:35+00:00
1df7b082-2830-4022-8fc6-4f577b217f2c,f9a1259b-d50c-4f9c-a7c1-1d410cad1e40,1ce85b38-45d8-4fc2-a23d-d01ad37ee8fb,2026-06-05T19:06:53+00:00
f302e197-9a03-4046-9cda-5101ce065a70,f9a1259b-d50c-4f9c-a7c1-1d410cad1e40,7ad9fea0-4641-41fb-9744-34c15951b68f,2026-06-19T03:17:24+00:00
29c0fee8-520b-4afb-ae70-93c4485b4d7a,7754183a-5dfa-4b25-bb03-de6f550ecc84,6dfecb7f-63bb-498d-909f-4cbd7fd015e7,2026-06-01T11:20:39+00:00
6257e30e-0539-46fb-8797-36fde65adc2a,7754183a-5dfa-4b25-bb03-de6f550ecc84,adcf5b0c-a9b8-4599-8c22-a281a999db7b,2026-05-29T20:22:13+00:00
fa256cc1-0497-4435-831e-6e493ac7ef5b,7754183a-5dfa-4b25-bb03-de6f550ecc84,4366727f-cad9-45ec-ac07-3b7e024b94a1,2026-06-12T00:37:42+00:00
7076c174-e779-4ea9-8ae8-d29d2953935a,7754183a-5dfa-4b25-bb03-de6f550ecc84,fe1dae52-39dc-4990-be70-ac03aa8ee90a,2026-06-05T13:35:23+00:00
91c0ceb2-67bf-4a76-be94-4e660058b0e3,7754183a-5dfa-4b25-bb03-de6f550ecc84,c88efa62-e4cc-4ce2-825d-a2d3bda7324f,2026-07-24T12:38:06+00:00
3033c5f0-ad9e-4504-a1da-b0669cae2055,7118096e-b2e2-4f26-b538-32b10f31107f,fa25c85c-0248-4e34-b506-fd8f06ae788f,2026-05-30T12:15:10+00:00
895d90cd-2ce1-4e6d-a4b8-1b34c0d9df72,0a9685dc-4dd0-48ba-b446-7267de5a4d74,e33923d4-ae33-4f20-93b4-4927825fa9f9,2026-08-28T23:51:56+00:00
c7004828-8369-46b7-b547-b8963b3b8571,0a9685dc-4dd0-48ba-b446-7267de5a4d74,d30b8eb3-05ed-4a73-b6e5-042436e46b37,2026-07-11T07:33:26+00:00
7e833a29-ae9d-40a3-ae5f-533f46ba5bac,0a9685dc-4dd0-48ba-b446-7267de5a4d74,c76f1c0b-bf00-4af7-84b8-6ec1e8252901,2026-06-02T22:09:44+00:00
9c9eea43-8db9-485e-9df7-468000d65d5b,0a9685dc-4dd0-48ba-b446-7267de5a4d74,38736e97-8380-4bc8-9d40-b95a6d5761ef,2026-06-28T18:12:03+00:00
78c93df7-58d7-45e3-8b4f-7335400641f5,d82ee3a0-db22-4ff8-b493-5451c014d750,79f24b18-9bf0-4e1b-be57-3291ef518791,2026-08-13T09:48:07+00:00
7acdbeba-ff68-42f6-819c-ed40291cca8d,d82ee3a0-db22-4ff8-b493-5451c014d750,e5760964-741a-49da-986c-c20413c5103c,2026-06-05T18:58:03+00:00
e73bf980-45f0-4bc3-9d5c-b797b60ee2e9,d82ee3a0-db22-4ff8-b493-5451c014d750,81580b74-dbe8-44df-8f83-7f8b59a8d123,2026-07-05T11:25:49+00:00
f635682c-7f8c-4f06-8a1e-66d7b4a398c8,d82ee3a0-db22-4ff8-b493-5451c014d750,d103d768-2880-46ed-b2c3-6b7b04ebc1d8,2026-05-29T05:31:04+00:00
1cb7afbf-5e29-4100-96f9-77175b5f0e1c,d82ee3a0-db22-4ff8-b493-5451c014d750,82c26f80-0b16-4534-b361-35fddfa95816,2026-08-15T22:48:48+00:00
872c5f78-1133-44f5-b0d0-19e9fda673aa,d82ee3a0-db22-4ff8-b493-5451c014d750,3b30a6e4-3c57-4bbd-9b03-022e7facb880,2026-07-15T16:12:41+00:00
17e6ed99-fa53-406e-ac4d-764bfa239db8,fcdb54f3-6a55-4cf7-9453-bdb3cc127303,001acc59-baa7-4324-aeeb-b8d19223f06a,2026-05-30T02:20:58+00:00
267a02a6-3b4b-45a1-8ef9-9a44f880bf39,2c4b8170-5975-40f6-a2f3-a338c635b257,e735ab9c-d62e-4e4c-a719-99a447547e16,2026-05-30T20:25:11+00:00
416850fd-8a2a-477e-9c83-ac22c795fc59,2c4b8170-5975-40f6-a2f3-a338c635b257,a0e2974c-e309-4d0a-be48-f7744ff2a50d,2026-05-31T10:22:17+00:00
10266420-6a44-49b0-9e4b-c017971758b0,647e7aec-eb84-4df0-bea7-8011a82cce25,60e7746d-a14d-4134-a659-8644ea757f35,2026-05-29T20:04:02+00:00
d2e87964-396d-4272-8118-67233d15a918,647e7aec-eb84-4df0-bea7-8011a82cce25,40b381d1-9fae-4307-9737-cc332f541b94,2026-05-31T07:42:12+00:00
b67a2e47-04fe-4f06-b758-ae8794ee5226,647e7aec-eb84-4df0-bea7-8011a82cce25,254f7afb-a845-4daf-b94b-a34157af1df2,2026-05-31T05:55:44+00:00
4a387a16-f202-40ec-8772-b1b16a2b7fcd,647e7aec-eb84-4df0-bea7-8011a82cce25,8ac6c4d2-d139-40ec-9a3e-7bd2347f979a,2026-05-30T03:51:30+00:00
2d2403ba-13d4-4b4d-8b56-d23071f60d23,4c49c066-0b2a-4cbc-947f-1787c7727f36,dd97c4bf-c562-41cd-943b-218a8b5baac4,2026-05-30T00:15:25+00:00
955c5b5c-7010-47a8-a8d1-0487db6f4ae8,4c49c066-0b2a-4cbc-947f-1787c7727f36,d3daa26a-587b-4816-9110-916f35fa7c74,2026-05-29T23:23:59+00:00
d8a2ab54-4767-4588-8884-34a0698d1c47,4c49c066-0b2a-4cbc-947f-1787c7727f36,8d2b7914-36a2-4975-9e44-eacb4adeaa0b,2026-05-31T04:23:30+00:00
51aaaf5f-fb08-4ce9-98d9-4835de826eb5,b9c185fd-f5b3-4665-a512-76e5aa641dff,fddcb198-bf64-4afe-a7ba-49b9d8c59c2d,2026-06-25T14:05:56+00:00
6aaf73b3-067f-42ae-bdb5-cf95d97c116c,b9c185fd-f5b3-4665-a512-76e5aa641dff,7926d7b2-835c-4a6f-bf2f-3e38d4db3419,2026-06-06T18:22:02+00:00
2db5f71a-b417-4670-ac50-348131e05827,b9c185fd-f5b3-4665-a512-76e5aa641dff,b371ce5e-bc61-471a-9390-abad4474dcdf,2026-05-30T20:19:29+00:00
97f711ce-98e3-467e-a620-8b64c8010ddc,b9c185fd-f5b3-4665-a512-76e5aa641dff,6eaf2004-a475-4bbd-b327-ceb492d267a7,2026-06-08T11:54:09+00:00
d9c130ad-9462-470a-8ad3-cd05aab4a279,b9c185fd-f5b3-4665-a512-76e5aa641dff,c51745ca-bb03-4bea-9828-f74363cb7a4b,2026-06-13T23:01:05+00:00
23114f71-d7df-46f6-a0c6-87cd9f7b0479,c0e93cf7-6305-415f-88cf-e6a8c25ae351,b8d5ebaa-e3a1-4774-8f3c-355409546348,2026-08-17T16:50:27+00:00
b8caddd5-cf2a-4047-b8a6-c10ef08e0f67,66690ba6-5a00-4690-ac78-70de682e40bd,3be6bf3f-c8f5-451d-9829-86d0e1a995cc,2026-08-20T05:20:27+00:00
029799f3-226b-4998-acf6-3bb533953f44,66690ba6-5a00-4690-ac78-70de682e40bd,9d8932ce-a55d-459a-ba8a-180a929fbfac,2026-07-14T04:52:04+00:00
11cb39e7-bb13-48e4-91b3-f2444c472fc1,66690ba6-5a00-4690-ac78-70de682e40bd,514cc026-35f8-49f0-9e68-dff0aa3aab07,2026-07-17T23:31:50+00:00
64df5167-b291-4226-9200-b9039cb3adbb,72e828fa-8feb-4430-939a-54835f9949d4,2e33ff49-a484-4f82-95d2-dc4216703bb3,2026-08-22T16:33:03+00:00
cdf8bee4-4aa2-42f8-839c-9b1df7a96f7d,72e828fa-8feb-4430-939a-54835f9949d4,b2fa8b95-5aab-4854-a682-06ac4d3c3500,2026-07-23T12:28:19+00:00
a9aba49c-b9dc-4a45-8d7d-dbc8f9f4d805,72e828fa-8feb-4430-939a-54835f9949d4,fda29f93-a3e8-4fb9-84ba-b9b7b56ec5c2,2026-08-07T11:22:37+00:00
c0d733ba-17cd-44e8-9bf6-0275f2bdecf1,72e828fa-8feb-4430-939a-54835f9949d4,6236d33d-7b57-486d-81e8-a247d50fa2a4,2026-08-29T08:27:16+00:00
837387ab-7762-4646-9fb3-b365b3407ea5,72e828fa-8feb-4430-939a-54835f9949d4,b22f58da-fef5-4d8b-9629-3058c5211605,2026-06-15T19:25:54+00:00
f83e64a3-4724-4b2b-bf24-80eab4ddaf9a,72e828fa-8feb-4430-939a-54835f9949d4,c08ba214-af45-4563-93bb-a8e532a24418,2026-06-07T16:24:37+00:00
bbb613a3-30d0-4957-8876-0a9e0bd00d4c,72e828fa-8feb-4430-939a-54835f9949d4,75f5c0c5-ff4b-4a5e-9cdb-236c8398b4e4,2026-07-12T06:44:00+00:00
d9902635-2e05-405d-b5b7-77417654734e,72e828fa-8feb-4430-939a-54835f9949d4,26d61dc5-0b03-4c16-8a64-7afeba92fecb,2026-08-19T18:42:27+00:00
985cf02c-4c0a-440b-ba00-a98ba1ff1c53,72e828fa-8feb-4430-939a-54835f9949d4,fda2746f-f24e-4da4-9ab4-b1a01d07a375,2026-08-15T22:29:49+00:00
f8ed7c97-883f-4ee7-b960-37f641a12ec3,72e828fa-8feb-4430-939a-54835f9949d4,3b30a6e4-3c57-4bbd-9b03-022e7facb880,2026-06-13T02:35:21+00:00
1a7d149f-f3fd-44c2-8655-8154ba1b6122,72e828fa-8feb-4430-939a-54835f9949d4,3937cfde-2cdf-4e1e-be4c-82855fca8848,2026-05-30T20:24:43+00:00
91c83dab-1a3d-49bf-b96a-5f282b15eac7,72e828fa-8feb-4430-939a-54835f9949d4,9ce8ad86-b5f1-4d08-a8d6-d8b25b7f8f86,2026-07-07T01:34:19+00:00
4a91c124-a7e3-489a-8a64-3b12aeeb22d6,72e828fa-8feb-4430-939a-54835f9949d4,7844c024-2ced-4ed0-9417-6303bff60ab5,2026-06-05T01:49:49+00:00
020b94bd-119b-4590-b4ac-d417a855391e,70baaa10-7881-4ed2-bd69-11754025dfe5,8ac6c4d2-d139-40ec-9a3e-7bd2347f979a,2026-06-29T18:22:47+00:00
0d347723-19b8-40eb-b106-36f93f9b7d27,70baaa10-7881-4ed2-bd69-11754025dfe5,d22d4315-95d0-4e9b-8b3a-ee71f98284ba,2026-06-18T16:15:56+00:00
79df713e-0161-4048-9e7b-2b96d05f072a,70baaa10-7881-4ed2-bd69-11754025dfe5,1c53189a-7903-4dcb-97d6-29489110198e,2026-08-02T06:01:28+00:00
663d41f9-f3a4-4884-95a1-d2db357ca60a,70baaa10-7881-4ed2-bd69-11754025dfe5,f79de4b1-f0cc-45e9-85c3-b3112725fde1,2026-06-01T01:38:28+00:00
b1e5de92-5cb8-4d14-ac05-45c476e8aec6,70baaa10-7881-4ed2-bd69-11754025dfe5,3d8d407b-3444-4e37-ab6b-268253b5c015,2026-05-31T11:55:15+00:00
cddfae98-066e-4473-aa7d-ff1b1c972d73,70baaa10-7881-4ed2-bd69-11754025dfe5,1c0c4b2f-60d7-4b18-b6d0-96a64e9d85cf,2026-06-02T22:20:14+00:00
50b3d402-d07f-4b49-a245-97775fdeaa18,70baaa10-7881-4ed2-bd69-11754025dfe5,e554a849-75b4-42ad-ab34-0b8fc1a7f349,2026-07-15T21:47:02+00:00
1f6f966a-c703-4a5b-860f-b9494d12f7d1,70baaa10-7881-4ed2-bd69-11754025dfe5,c2d0b978-f0b1-4bed-b592-d8a8b2426dd6,2026-06-19T11:57:11+00:00
d83c9e01-0b43-42ef-8d80-98c902ea8c8f,70baaa10-7881-4ed2-bd69-11754025dfe5,09df0479-c184-43eb-84fc-57806ea9743a,2026-06-13T08:17:40+00:00
9823af49-2365-4601-875e-1286bf29fe4b,70baaa10-7881-4ed2-bd69-11754025dfe5,9683d7cb-c320-48ab-b91d-373a4a32cc44,2026-07-04T11:45:46+00:00
face11c4-32c4-4b61-a311-3941bfe6bfd0,70baaa10-7881-4ed2-bd69-11754025dfe5,896b4f1b-82da-4b41-868f-822326a66804,2026-05-31T09:56:01+00:00
1ebd7782-ea69-4d8a-89a1-04c0f2debb49,d916a321-e749-4fc3-9ddb-537d352b3a90,8d0a4127-34d4-4cb0-ab2c-8a44732c4636,2026-06-30T13:12:18+00:00
1910b331-4a3b-4895-a7e5-0db50954c0b6,80235f5c-bf6b-4380-bb47-bb9b2f1e1331,156ce20e-a7d6-4a4e-88c0-5e21929a443d,2026-06-28T13:54:51+00:00
fb6ad29b-885f-4823-9f80-597954d20b27,3d683d67-f2c4-4848-951e-80bb6c93d926,ca9eb7cc-b0b4-4109-8c12-f728c1c22bd2,2026-06-05T00:18:55+00:00
37f681fc-4b1e-40cb-ac8d-f7d7991747f5,3d683d67-f2c4-4848-951e-80bb6c93d926,189077b3-db48-4236-959d-98880fad6d57,2026-06-01T13:27:43+00:00
826c547e-0488-4420-bd47-f3a9d618e6d8,3d683d67-f2c4-4848-951e-80bb6c93d926,0ac62d09-f09e-4690-845d-950f83a734f9,2026-06-25T03:47:04+00:00
8f5a8a40-b97c-4732-ac38-c80a979b74be,3d683d67-f2c4-4848-951e-80bb6c93d926,71938832-5c59-49e3-be85-9acbd7ca55ba,2026-07-22T16:13:18+00:00
60abc779-bacf-478d-889c-97b4dcf36d26,3d683d67-f2c4-4848-951e-80bb6c93d926,b2fa8b95-5aab-4854-a682-06ac4d3c3500,2026-07-18T04:27:52+00:00
d98b425f-95f9-47e4-90da-f08a41d13889,1df1670e-37ad-467d-bc1c-5bd9aecc8a26,0474d78b-b695-4c1a-967f-6fc9587ddc43,2026-07-15T06:57:19+00:00
a1598d24-0ccf-4b5f-be73-ca96d53078ff,8e8eba10-09ed-4736-9283-5f89aae2cb09,f1a0ec25-92c1-456d-bc62-93f211e3df90,2026-06-15T15:26:31+00:00
b1bcfed7-1344-45c3-9f51-e84d03dd55e3,01f91ba7-043f-41d8-b076-ef72e4bf1283,99348a51-08e9-4760-8822-b2f8debef37f,2026-06-15T10:39:12+00:00
22718cbb-5902-4916-9ab4-1c03b60afdef,01f91ba7-043f-41d8-b076-ef72e4bf1283,af587165-10af-4199-96d6-3bcb946bf36d,2026-06-26T05:01:33+00:00
2b9bfbd9-e631-4977-a788-41993117098e,01f91ba7-043f-41d8-b076-ef72e4bf1283,eeff5407-0122-4256-8fe0-ca19e54acbbb,2026-06-21T13:23:49+00:00
2079b45a-a124-455f-819f-a6736fd05385,8e1ec806-b630-4746-b1b8-df19896740ea,8f0dbffc-0f7e-45ed-808f-cd5faf5153dd,2026-06-01T14:30:17+00:00
e65c0fe8-7660-472d-ae2d-d578371225ee,8e1ec806-b630-4746-b1b8-df19896740ea,69546e0c-13bb-4597-8ce8-09cf53b9a4ff,2026-06-16T20:18:17+00:00
08f66a27-90e6-451a-8754-7e1dc478421a,8e1ec806-b630-4746-b1b8-df19896740ea,3dc6ba51-e546-4e5c-8e8a-6d0bb4c42691,2026-06-01T16:44:01+00:00
25786803-553f-453f-a926-73844c8454b2,01bd4867-9d16-443c-ad41-2dc7ca977e2a,0ade7a97-38bc-456b-952d-77f14e7154e6,2026-06-13T01:08:22+00:00
a2499592-fca3-4f9f-8b67-deb62e216745,01bd4867-9d16-443c-ad41-2dc7ca977e2a,a2a97c5b-d72e-47bb-a8b8-355fcf007b68,2026-08-12T06:00:38+00:00
50899d5c-db4c-4ed6-b43d-f2266bb6103e,c025dee3-13ff-43f9-9769-124cd8994617,8c0f035c-ed24-4e92-9e38-7d7562011845,2026-06-30T19:31:13+00:00
032188d4-d54e-4e8d-a858-e47f80d4fd40,c025dee3-13ff-43f9-9769-124cd8994617,74375a59-e8c7-406f-8580-d46c74187dc9,2026-09-01T12:41:50+00:00
6cb49984-a084-4cac-a1ea-e09b591da3bf,c025dee3-13ff-43f9-9769-124cd8994617,eeff5407-0122-4256-8fe0-ca19e54acbbb,2026-06-01T12:00:54+00:00
ce51755a-4e09-4fce-ab8c-8242d9ffd426,c025dee3-13ff-43f9-9769-124cd8994617,3508da09-a51b-4ff3-8e0e-ee486e956b89,2026-06-05T09:34:52+00:00
2b51d76f-3062-4e57-8084-1059165f907f,9ad1131c-049d-48a3-adfa-595031522219,50ea7e0c-7da9-4f50-8495-8e484fcefdfd,2026-06-03T18:54:48+00:00
62287702-8f71-48f0-aa66-071c7e953e4e,9ad1131c-049d-48a3-adfa-595031522219,e0ac1371-730b-4fd6-8af4-80859ee0ade7,2026-06-02T06:32:35+00:00
febb8ac5-e1a7-484f-b406-e043812a6b21,19a55ba4-bddb-484d-9308-968afbb828c8,630fe4a8-7f3f-4f97-93c1-03feb895bbd5,2026-06-04T11:21:22+00:00
c3265820-ce62-4af0-a735-9f0223a3b67c,19a55ba4-bddb-484d-9308-968afbb828c8,e1ed7e6e-8e69-4089-a848-80cc71f34ee0,2026-07-27T04:32:01+00:00
8a8cd9fd-c9a3-43c1-aa51-b98f85de0ce2,a60ebb52-ea82-494e-9e32-b81dd123d9c4,c51745ca-bb03-4bea-9828-f74363cb7a4b,2026-06-03T21:26:40+00:00
fd8f5007-9d5d-4673-b359-d7700b4ce850,a60ebb52-ea82-494e-9e32-b81dd123d9c4,149f866d-6114-4c68-8b49-00b27b0caa12,2026-06-30T21:49:35+00:00
0f5c7919-3c99-4f59-bc50-103dae8badd6,a60ebb52-ea82-494e-9e32-b81dd123d9c4,8d03f92a-b2fe-4c08-869d-2b9e1a04c1d7,2026-06-07T09:04:30+00:00
9839f0d7-965b-4a98-9ac9-11d1bcc4540b,a60ebb52-ea82-494e-9e32-b81dd123d9c4,10c9cdcb-4a1c-4f44-9e34-61195bfc8e59,2026-06-02T17:29:15+00:00
6f688a0e-e7f1-40e2-8628-bb605d5b5e80,a60ebb52-ea82-494e-9e32-b81dd123d9c4,3c4a47de-e63f-470d-a750-5453edea905e,2026-07-03T20:53:15+00:00
31c1d1fb-431f-4ff3-b096-19240691a1fe,a60ebb52-ea82-494e-9e32-b81dd123d9c4,1e35bc63-b9b9-4dc0-bbca-ba32d6a1676f,2026-07-25T16:26:35+00:00
02eb9590-4638-4a3a-be52-26b4d5b01f9e,a60ebb52-ea82-494e-9e32-b81dd123d9c4,bc9cbd74-f51e-47e9-ba77-1f2c017e9cca,2026-06-29T01:44:21+00:00
c1057718-e618-4b57-8a8e-495c2007393c,a60ebb52-ea82-494e-9e32-b81dd123d9c4,e735ab9c-d62e-4e4c-a719-99a447547e16,2026-06-05T06:10:28+00:00
c422df50-5918-4141-8530-8106eaaad8ab,66175e19-b94f-4b41-b81b-fec1c906a688,398c4a87-ea96-40b1-9d0b-21f40b43e5db,2026-07-17T04:19:03+00:00
0fd5fe5c-bba0-4cda-9e1c-141b57413ef3,66175e19-b94f-4b41-b81b-fec1c906a688,6fadda54-a15d-4010-be7a-2f23d4461cf9,2026-07-27T10:57:50+00:00
09dfa8b4-2349-4ffd-a463-41d9d28bc050,66175e19-b94f-4b41-b81b-fec1c906a688,79f24b18-9bf0-4e1b-be57-3291ef518791,2026-06-30T12:06:53+00:00
e6e47530-6a3c-49f0-a051-fb4aaa41b5a3,66175e19-b94f-4b41-b81b-fec1c906a688,e9b275eb-493c-4660-be51-71559bea8537,2026-06-03T05:58:33+00:00
0b0efa00-89eb-4cf2-a8b0-eee031cc7d93,66175e19-b94f-4b41-b81b-fec1c906a688,299a8f80-c512-4987-80d2-c15927f4e916,2026-06-03T06:49:53+00:00
3b94b388-56a0-4924-a491-cf216ecad415,66175e19-b94f-4b41-b81b-fec1c906a688,93a7f915-e31d-4603-af28-13fe5ff23ac3,2026-07-29T11:46:21+00:00
9d14d52d-5cc4-42a9-9f29-cac13846b29b,66175e19-b94f-4b41-b81b-fec1c906a688,69546e0c-13bb-4597-8ce8-09cf53b9a4ff,2026-08-20T04:10:00+00:00
647e6b10-42cd-4b1e-b5fa-7f2132f6344e,66175e19-b94f-4b41-b81b-fec1c906a688,95c27d41-572b-4b7a-b3cf-43833c5680e5,2026-07-13T11:18:25+00:00
29d36637-3e3f-4f54-a4ae-6831a1bf7873,66175e19-b94f-4b41-b81b-fec1c906a688,c6fd42f0-6060-47cf-a8e8-e24dcaee7d26,2026-07-23T09:13:16+00:00
3f89cc38-8a3e-4f4a-86f9-1d94572b5837,66175e19-b94f-4b41-b81b-fec1c906a688,fb8098ee-02d6-4b07-858e-99f58dd1d0ee,2026-07-04T12:32:37+00:00
4bc18786-42af-4272-b63c-e4252a177faa,66175e19-b94f-4b41-b81b-fec1c906a688,dd97c4bf-c562-41cd-943b-218a8b5baac4,2026-06-10T14:35:45+00:00
bff862ae-bcf3-41df-bc9a-c7b947d44b15,66175e19-b94f-4b41-b81b-fec1c906a688,ec6a23be-ddf8-411b-a001-feea58a50c51,2026-06-11T06:05:58+00:00
ce6c4c1d-5def-4878-9d8a-ff733492bcc5,66175e19-b94f-4b41-b81b-fec1c906a688,254f7afb-a845-4daf-b94b-a34157af1df2,2026-06-03T07:34:00+00:00
a392ebfd-730b-4a22-9dc4-5a37b49d13d1,66175e19-b94f-4b41-b81b-fec1c906a688,34c4679a-d188-4ff3-b1e7-463f1c6bc2f7,2026-06-05T15:13:55+00:00
74d1e39f-4fa4-438a-aed5-3742c227440f,66175e19-b94f-4b41-b81b-fec1c906a688,6695a266-c3cd-43a7-a7fb-fcac77328615,2026-06-15T09:30:53+00:00
b5f4eeb9-e64b-4eea-b935-172c130665d4,66175e19-b94f-4b41-b81b-fec1c906a688,29836ce5-4546-4ec6-b86e-0306757b6b8b,2026-06-03T03:55:41+00:00
d0e8d517-2d0c-4750-be96-42cedea77af4,66175e19-b94f-4b41-b81b-fec1c906a688,29b08317-6763-47c6-93e5-e9d211886a27,2026-08-25T23:39:51+00:00
86ac5c6b-5606-4bbd-9361-70393b34326b,66175e19-b94f-4b41-b81b-fec1c906a688,635cb86b-03c7-4fb4-884b-ced27f9691bb,2026-06-25T00:54:19+00:00
79ec05e1-a479-4703-80fe-8afd2c88a1e6,66175e19-b94f-4b41-b81b-fec1c906a688,7357e086-3d97-4c00-bd2a-662d18d0abec,2026-06-06T22:21:58+00:00
3a63d8e6-902d-45c0-8b5f-3484587d1fa9,66175e19-b94f-4b41-b81b-fec1c906a688,52d44442-4dbc-40af-bbe3-a97d1e165b33,2026-06-02T19:10:13+00:00
74109486-5e7e-4617-ae5e-8fd2924640e4,66175e19-b94f-4b41-b81b-fec1c906a688,009d0e9b-5151-494d-928f-546ec09aa2f3,2026-06-05T04:34:34+00:00
555bb493-d6f3-478e-81cb-649c043eb1a1,66175e19-b94f-4b41-b81b-fec1c906a688,345afc84-e133-4249-9c52-f900042bc4f9,2026-07-04T06:36:48+00:00
649f7d1e-e83a-4aab-af0e-6f0fc08c4aba,66175e19-b94f-4b41-b81b-fec1c906a688,2838c32c-7382-41b5-852b-5d048285eed7,2026-06-14T15:58:07+00:00
d69de8fb-c772-4a27-8095-c3f7c111c22f,66175e19-b94f-4b41-b81b-fec1c906a688,ff6e8123-7427-47ad-b4a2-b32525006de0,2026-06-22T18:31:09+00:00
52309d18-ef1e-40e6-944f-04aa62f5978e,66175e19-b94f-4b41-b81b-fec1c906a688,adcf5b0c-a9b8-4599-8c22-a281a999db7b,2026-08-27T07:52:21+00:00
a30a4bb8-ed6f-49d7-9cf8-a163b84ad6aa,66175e19-b94f-4b41-b81b-fec1c906a688,57d2ea34-ccda-48c1-82da-d0d973b20d87,2026-08-22T22:43:30+00:00
34ab9b95-5554-4351-bb79-ffc4abf616a1,f7ee3b82-92f3-40bb-b3a1-39344625e48c,bf74e9cf-5b79-495b-8c29-2dec4918a0c9,2026-08-07T11:28:08+00:00
1a09a5ea-81d9-47db-8347-c9a492fd8e7b,f7ee3b82-92f3-40bb-b3a1-39344625e48c,8fe4e224-dcb0-4a9b-9949-0b5731f46fb2,2026-07-21T14:21:19+00:00
bfefd660-4231-4d1c-9a28-3ec97b639314,ba28a753-a759-48f1-8644-c01c43faa1b0,e19797db-e29f-48c3-a7bc-6f3ee4494c8c,2026-06-12T03:39:51+00:00
02511b38-b8d7-49be-9a34-35d6b12e40a8,978d70b0-3b70-429d-b57b-d1b883453a1a,02e43602-1002-4bed-9fe6-fe21002d4a3c,2026-06-06T11:19:14+00:00
22232f91-bdc6-40e7-bb6c-91cdc910e598,978d70b0-3b70-429d-b57b-d1b883453a1a,ba1fa7b7-1ba1-4dcc-8cde-7e8038432e3d,2026-06-11T23:46:24+00:00
082b82a8-fa15-4a50-a5ba-f860d42aba89,978d70b0-3b70-429d-b57b-d1b883453a1a,cbcba9e3-129e-437d-adc8-13aae5e788ac,2026-06-04T23:40:40+00:00
5efb1cdc-4ccb-4549-97fb-6bc1754027c4,978d70b0-3b70-429d-b57b-d1b883453a1a,0659bb5c-a162-488f-bda6-3659a00193c1,2026-06-06T12:29:35+00:00
02489a0c-b97d-45f8-88ae-fc4519b540e4,978d70b0-3b70-429d-b57b-d1b883453a1a,b387c825-7116-4b83-bd18-56e81111a5c9,2026-08-26T23:09:42+00:00
47344fcd-227e-41b9-b884-8896a0489cf3,aff3ff09-c42c-4292-85c9-2363dbf90304,f1a0ec25-92c1-456d-bc62-93f211e3df90,2026-06-08T05:32:41+00:00
fac9f9e7-cece-4524-a7e7-013258b212a7,2b1746e1-4305-4c1d-b902-bb71b2c41523,47de6634-f271-4dda-8c9a-4cb60daa2a03,2026-08-19T15:52:46+00:00
303d2b2f-1650-4edd-9e9a-335091c65e42,bf7d51c7-bebd-4a48-9fd6-a004af14429a,fba653f1-56a1-4e32-b3a6-1205a8a2e461,2026-08-26T23:06:18+00:00
58ac85ae-d499-4d48-a70b-471a55346a42,bf7d51c7-bebd-4a48-9fd6-a004af14429a,bacf1c32-002e-4d62-8c6c-221609513f2f,2026-06-27T23:23:25+00:00
8977760b-d69b-4014-bd75-2012f79115d4,bf7d51c7-bebd-4a48-9fd6-a004af14429a,ae8523f3-49f1-45d4-ab29-0313676f12d0,2026-08-29T13:06:12+00:00
c991cf6b-2a2f-4123-a200-09db258bc681,bf7d51c7-bebd-4a48-9fd6-a004af14429a,8c0f035c-ed24-4e92-9e38-7d7562011845,2026-07-28T16:49:38+00:00
c950c80f-e13b-4b9e-b328-5330a5eb58dc,bf7d51c7-bebd-4a48-9fd6-a004af14429a,6c1ecb78-38c9-4d52-b536-8463029f3a65,2026-06-07T09:36:58+00:00
42d6fa92-ca5d-434f-b915-865ba5c9287b,bf7d51c7-bebd-4a48-9fd6-a004af14429a,29b08317-6763-47c6-93e5-e9d211886a27,2026-06-08T01:30:09+00:00
9dcee568-a08a-435d-a15f-4c1d2ee6b650,bf7d51c7-bebd-4a48-9fd6-a004af14429a,4366727f-cad9-45ec-ac07-3b7e024b94a1,2026-06-13T12:23:50+00:00
64723058-e669-4386-ad58-1c54b43ffd41,230f0458-5db1-4c49-810c-ca5ac89508fd,b35bb1cd-607f-4ff2-9161-bce4975c7369,2026-06-20T13:05:40+00:00
d5635bed-3f37-42f7-8045-1218018f2126,230f0458-5db1-4c49-810c-ca5ac89508fd,2838c32c-7382-41b5-852b-5d048285eed7,2026-08-06T11:19:21+00:00
e624f74f-91d6-47b2-bf23-1f335ec3dbb4,230f0458-5db1-4c49-810c-ca5ac89508fd,425cdeec-e94b-4205-b7b6-416a4c54d0c0,2026-08-02T00:55:28+00:00
ae67d5cf-6e67-44d2-af46-2fc6f13da2b3,230f0458-5db1-4c49-810c-ca5ac89508fd,41583495-38b9-4f40-b6fe-64577f910a54,2026-08-25T01:31:49+00:00
ab948bc0-d400-4253-a5fa-f305ef1c3a1a,230f0458-5db1-4c49-810c-ca5ac89508fd,02807cc1-6bae-4344-a5ac-526283c350fc,2026-06-16T20:49:51+00:00
650c1500-2000-4f88-b7c5-18f65b56c9c2,230f0458-5db1-4c49-810c-ca5ac89508fd,a0bc3b16-7612-417e-acb2-ce0de205d14a,2026-06-09T19:39:46+00:00
2bb7ddb7-9a73-4574-8c56-08d352290ef4,230f0458-5db1-4c49-810c-ca5ac89508fd,4c01c5e4-a2a2-4327-b389-b04521c5072d,2026-08-18T18:10:00+00:00
716e2713-6696-43bb-8533-c0dcc6b5e3f0,230f0458-5db1-4c49-810c-ca5ac89508fd,254f7afb-a845-4daf-b94b-a34157af1df2,2026-06-13T18:42:18+00:00
208a2ef6-dc82-4114-8dcf-f688cca36d2b,230f0458-5db1-4c49-810c-ca5ac89508fd,495a3aa3-44af-4038-8197-d87257807cf3,2026-06-13T06:35:04+00:00
2a21d82d-acff-480a-9520-986671e2eec4,230f0458-5db1-4c49-810c-ca5ac89508fd,3c93bac9-6c00-45ff-868a-2fca9fd92411,2026-06-23T20:15:03+00:00
f97b59c6-28e3-479c-87bb-26fce9b15584,230f0458-5db1-4c49-810c-ca5ac89508fd,c9ecc336-f916-428a-889e-dd3cd51b608e,2026-06-09T01:04:19+00:00
2c590b48-cb2c-44a2-8fa1-b0ceea67d1a5,5e844357-bae8-4a4b-bd09-66153432efbc,7524322e-1510-48cc-868b-8d59b328109b,2026-06-09T18:09:40+00:00
14e51435-a897-4099-ba6d-478f57747dd9,62d5d672-07bc-4f83-a4c2-6fd658507dc3,b7a745a5-3025-4c9b-be31-be2069c14582,2026-07-12T08:57:07+00:00
6561d539-d104-4c25-8477-fe3cc2834323,62d5d672-07bc-4f83-a4c2-6fd658507dc3,a0dc85a3-3764-409c-83f4-50635837ae0f,2026-07-02T12:56:45+00:00
7b78d78a-4c37-4ce5-b583-9e76d4b75710,62d5d672-07bc-4f83-a4c2-6fd658507dc3,57d2ea34-ccda-48c1-82da-d0d973b20d87,2026-06-26T13:52:03+00:00
e0fd603d-ecd6-43a5-8f47-82c8dd789c6b,62d5d672-07bc-4f83-a4c2-6fd658507dc3,e81d0345-b7a4-4bc0-82b3-de121ed5ff87,2026-07-21T19:33:05+00:00
0dad5f86-d1bc-4841-8e1a-de27c2d5d92d,34d28842-3797-40a6-9981-0d8c3a15c1c6,767703ae-4d74-4728-ae3f-a80c8b6ead76,2026-06-07T23:56:53+00:00
ce7ea691-193d-4a8e-8cbc-1d971b0eb5bd,ed6d0592-e431-4259-8ebe-be4895f009a8,7357e086-3d97-4c00-bd2a-662d18d0abec,2026-06-11T06:09:17+00:00
14738416-9b89-42b1-8ae6-9fe4694e1f49,ed6d0592-e431-4259-8ebe-be4895f009a8,e81d0345-b7a4-4bc0-82b3-de121ed5ff87,2026-06-09T09:34:50+00:00
26443426-0fbb-45c8-abb2-f588dd94d0ab,ed6d0592-e431-4259-8ebe-be4895f009a8,eb37e445-ad15-450f-aac9-165635b7ef7b,2026-07-26T22:00:19+00:00
dcbab67f-3b5c-4851-9acc-bba25f8db0b9,4134ba8f-4c41-4bf7-9aa9-9fb73ff62df6,e735ab9c-d62e-4e4c-a719-99a447547e16,2026-06-12T17:04:55+00:00
73f61eeb-cf55-4486-8559-b8766e7f0bda,a0e1f800-fef8-4401-a551-dab2603053db,bb3f9ce6-0a1f-4b57-afad-55266a6686f8,2026-06-20T23:23:48+00:00
51bc906c-4e1a-4be4-b1ea-994f0cfec91b,a0e1f800-fef8-4401-a551-dab2603053db,3b91383c-8499-476e-b401-af488cd4b13f,2026-06-12T10:49:34+00:00
6c30722d-c75a-4949-b941-30ee8fee12bc,a0e1f800-fef8-4401-a551-dab2603053db,f1999cc6-bd96-4a94-b030-3072877f65df,2026-07-10T09:50:35+00:00
82a1130a-1b59-4959-93f1-b499c2ebf359,a0e1f800-fef8-4401-a551-dab2603053db,6d89186c-9abe-4266-84b8-a5f301062693,2026-06-16T11:52:27+00:00
6d81bc7d-8262-41b3-8251-bdebccc9b1a4,a0e1f800-fef8-4401-a551-dab2603053db,37390ee9-6f2d-4d2e-b299-70e58443cd04,2026-07-06T19:35:04+00:00
4e38a5ee-376d-4623-8fb9-c7261a0b68cb,883d0947-f619-4727-93c3-cb9b470324bc,f3556539-5f35-4383-aa20-f0818d9b4d26,2026-06-26T09:55:57+00:00
a4565a8a-6fdf-4660-8a0e-c0fa4314f04d,8c400407-3e6a-416b-8e9c-3b7065358894,443b392f-72a1-4279-ae51-a849f1fedfff,2026-06-10T14:23:12+00:00
84ce4162-e4cd-4968-b1fc-ec095ce86404,4fa6fd0d-4483-4969-bef9-2c4cd5918dd5,52c5c6a9-39b5-4951-9af7-b20a0970bd62,2026-06-11T00:37:53+00:00
fc5d6e69-40bc-4f49-bd4a-a8b179385acf,79ad5dff-acd4-4be3-8c63-3e68021fa5e0,630fe4a8-7f3f-4f97-93c1-03feb895bbd5,2026-06-12T10:43:45+00:00
bae2e8e6-20d2-4e5b-9edf-1a4c80a764b9,79ad5dff-acd4-4be3-8c63-3e68021fa5e0,3cea8b9d-4dca-4cfe-99da-d19925b8fd32,2026-07-15T14:09:27+00:00
6d53ed23-c819-4e85-8d84-be8f412b027c,79ad5dff-acd4-4be3-8c63-3e68021fa5e0,373a53bb-6b51-442f-ac4b-1d028d9af863,2026-08-02T12:13:02+00:00
03a8c417-186e-4139-93b4-89848d17a0b3,79ad5dff-acd4-4be3-8c63-3e68021fa5e0,aebbbd34-c750-4cee-b298-18c1698b9b92,2026-07-01T00:51:29+00:00
d30f1c02-9b18-47c5-841e-197381bb5a01,82ce3bcd-69bb-4de9-b444-c8270535d203,99348a51-08e9-4760-8822-b2f8debef37f,2026-06-17T16:04:54+00:00
cadd6d20-a8c7-4794-a2d5-e0a173f4c0a0,82ce3bcd-69bb-4de9-b444-c8270535d203,2025475c-1545-4632-8937-5fe6f57953a0,2026-06-30T07:37:42+00:00
81163ae5-e78b-4b7e-9d72-33932c5aece5,82ce3bcd-69bb-4de9-b444-c8270535d203,dd5c4d9c-19c8-4f8b-89b7-e10c6aef4e21,2026-06-22T13:00:57+00:00
f926e423-d3f1-4964-b923-3f4336c12fdf,82ce3bcd-69bb-4de9-b444-c8270535d203,79c00b7e-dbe5-41bb-8a92-189f533b8e9f,2026-06-11T17:13:53+00:00
828e31df-4575-4afb-8dd5-0df14860eae4,82ce3bcd-69bb-4de9-b444-c8270535d203,bacf1c32-002e-4d62-8c6c-221609513f2f,2026-06-22T11:39:04+00:00
2bfd710b-e3db-4065-b79a-ea13cf051a74,82ce3bcd-69bb-4de9-b444-c8270535d203,b35bb1cd-607f-4ff2-9161-bce4975c7369,2026-06-12T20:39:36+00:00
1a632b6b-c6c0-445d-857e-1c692f00d89b,3974229a-8d47-411c-8531-4b3dfe49a4b7,3ae23a73-75a2-49e9-b24e-8c3459016993,2026-06-12T05:43:33+00:00
c454a104-c656-4567-bcdf-66da075aae11,3974229a-8d47-411c-8531-4b3dfe49a4b7,23061881-ec83-4935-ba31-110dc9dd0f5e,2026-08-10T20:53:05+00:00
e9874bd1-0250-453b-90e6-a308e56fd016,c6eb18c0-abf1-4417-b95e-5d190a88d053,f1a0ec25-92c1-456d-bc62-93f211e3df90,2026-08-07T13:21:56+00:00
fe526c13-246f-47ca-b05f-b5d7ce21b7a7,c6eb18c0-abf1-4417-b95e-5d190a88d053,b22f58da-fef5-4d8b-9629-3058c5211605,2026-06-29T17:45:23+00:00
5150f4cd-f23f-4b9d-b046-e485328ca647,5cf9b13a-63c9-4c21-a40c-ed67b13873f9,4baa25b9-1700-4782-a80b-d9e663939f70,2026-08-24T16:47:14+00:00
501f33c4-fa61-46b3-9ce7-a75903d8003b,8846d38d-9084-4cf3-8f52-0d15448bc416,f46fae0a-66ed-4c74-baa7-7380e11570dd,2026-08-10T17:59:06+00:00
05398e17-322d-4db6-bec8-228ca65927c8,8846d38d-9084-4cf3-8f52-0d15448bc416,ca8f1e88-f39d-4f85-a500-8267f988dfad,2026-08-26T12:18:20+00:00
601825f2-0bb8-4246-8b54-bae0008eb9ff,8846d38d-9084-4cf3-8f52-0d15448bc416,4eb375d1-e150-4235-aed3-d4483dba1cfa,2026-07-02T10:11:06+00:00
09b18b34-a463-4ff6-80e1-b94d75e2c35e,8846d38d-9084-4cf3-8f52-0d15448bc416,b2e205f3-a921-447a-b55e-53d5b2d86de3,2026-06-23T05:50:42+00:00
5eb130ce-9c3c-4e26-8f94-8c1be146b5b1,8846d38d-9084-4cf3-8f52-0d15448bc416,33cd8209-3c57-4c7c-9796-06275679bd1a,2026-08-19T12:41:55+00:00
ce1541ad-3a95-46c1-a820-0a631689441d,8846d38d-9084-4cf3-8f52-0d15448bc416,dfb7e95f-260e-477a-a24a-a98cf163a43a,2026-07-23T15:01:08+00:00
2ea7074c-17ac-4c6d-8fc7-99e2d87a8cd1,05040bc7-f8ee-473f-9eb1-906cef0fa0e2,481984d9-8844-4ba6-aecf-3d3fd3c177fd,2026-06-17T10:05:04+00:00
928d1bf2-e373-4df7-ab00-7119ab0beb31,05040bc7-f8ee-473f-9eb1-906cef0fa0e2,e577a84d-38e8-4685-91ae-611ca1c68aca,2026-06-14T14:33:30+00:00
ef09a3fa-a07c-4bfc-8c13-d50b8e3cc99d,c047b1ac-3ee7-40e7-91ea-3cd667f0a668,0ac62d09-f09e-4690-845d-950f83a734f9,2026-09-01T15:12:01+00:00
2988c3c4-dd32-4227-89e8-e887e0992450,c047b1ac-3ee7-40e7-91ea-3cd667f0a668,1fa4ca79-e386-4977-9032-f42a85558d36,2026-08-02T02:51:23+00:00
aae1ddd8-e556-46b2-88c3-e7a7b2f6e547,993ffc27-c30b-4681-930b-4759a019e1b5,7844c024-2ced-4ed0-9417-6303bff60ab5,2026-07-23T08:36:24+00:00
1eddbf35-f7ad-466c-bf70-4bf4567d4a7b,993ffc27-c30b-4681-930b-4759a019e1b5,536e9f2a-3aad-4928-9766-ddb2f2ce04bb,2026-08-11T12:07:17+00:00
9ddf9aa8-3e10-4b7c-a7d8-c19c3dcc2c73,993ffc27-c30b-4681-930b-4759a019e1b5,cf7bc542-a4a8-4473-9640-41c0acb7aea5,2026-06-25T18:15:16+00:00
a27f8dda-a1e9-4417-ad65-c59b4a98cbda,993ffc27-c30b-4681-930b-4759a019e1b5,5fe592da-0d87-421c-93e1-8e7df2988983,2026-08-14T07:36:56+00:00
5cbf681f-58a8-4c64-9e93-58a355ed5167,a7d6200f-1865-4d9f-90b1-7762faed505c,88f97422-e385-4200-84c1-cf21ce0c6cda,2026-06-16T18:46:13+00:00
b1caefbe-47ec-4d59-a59a-9567141d4f1d,a7d6200f-1865-4d9f-90b1-7762faed505c,94fe657b-e446-422e-8233-465a217764d5,2026-06-15T03:37:35+00:00
65c20251-ecf9-470b-8eb8-b5203d5be5d2,d2b5b8e3-507c-4155-a305-227345239a37,ef913d79-c307-422d-acd9-5e72bbadb9e9,2026-06-22T09:23:19+00:00
bd0c0834-12f9-4e0a-9e5a-2e61e8e63d04,d2b5b8e3-507c-4155-a305-227345239a37,d24b23ee-291d-4c2f-8c3a-ce1251c2c3d8,2026-06-21T02:47:04+00:00
3656b46d-7e8d-4d10-a5d4-6f1dd3a9adca,513654a7-4216-46ff-b41f-87d31cf46d42,bacf1c32-002e-4d62-8c6c-221609513f2f,2026-07-05T23:31:57+00:00
410a496a-76cd-4e94-a152-3ac4789e9942,513654a7-4216-46ff-b41f-87d31cf46d42,d103d768-2880-46ed-b2c3-6b7b04ebc1d8,2026-07-12T20:22:06+00:00
08a9d8a5-c5af-4b8e-bce5-6073dea9033e,11b76283-d542-475c-b455-1253728448b4,cf7bc542-a4a8-4473-9640-41c0acb7aea5,2026-08-29T05:03:58+00:00
1ed67635-be62-4e26-a421-606e6cc3a7b4,11b76283-d542-475c-b455-1253728448b4,1c0c4b2f-60d7-4b18-b6d0-96a64e9d85cf,2026-07-06T00:07:39+00:00
44017dfa-dff5-46b7-b4fa-d05e97508a36,11b76283-d542-475c-b455-1253728448b4,1af051a4-5fb9-478e-9d62-3279d88a6cff,2026-06-24T15:28:28+00:00
437be80e-d8b9-4401-80b7-8b304a24d23b,11b76283-d542-475c-b455-1253728448b4,4c8ec64f-c0d0-4cfb-b064-d47de0ec57ba,2026-08-08T21:31:16+00:00
4c9486e0-b968-456f-a86e-6bb277d1ade5,11b76283-d542-475c-b455-1253728448b4,553046bf-b8f3-4054-8eea-bd6715749b6e,2026-08-22T06:24:10+00:00
5ee1bf40-e6b3-4e0a-8677-328e3d0bfb43,11b76283-d542-475c-b455-1253728448b4,dc64b030-9ad0-4b7f-aa39-1ea19decb440,2026-08-21T05:23:33+00:00
42aa7e0e-fdaa-4499-83e9-639c17198c49,11b76283-d542-475c-b455-1253728448b4,ec6a23be-ddf8-411b-a001-feea58a50c51,2026-08-16T04:49:09+00:00
79806f72-bbce-4c5d-a06e-0ecd8ae26ccd,3a732644-8a24-4838-982a-cbd3f1fc5448,4495e555-157c-430a-9288-2c59115408fe,2026-06-17T09:50:02+00:00
804ff619-73f5-406a-9c54-45571adf97f0,3a732644-8a24-4838-982a-cbd3f1fc5448,6aacb066-212b-444d-b253-5871c426b9d0,2026-07-30T21:52:36+00:00
f54b1c71-0347-42a9-80aa-d2d85047aed3,3a732644-8a24-4838-982a-cbd3f1fc5448,db4d2942-4cc1-45f1-87fc-07d96b772a6e,2026-08-05T13:33:25+00:00
df063642-b109-44a5-b39a-8cc097eae09f,8a00136a-d41c-4575-8542-db2e00102100,42688444-55cc-483b-a92c-df6777013516,2026-08-03T11:50:34+00:00
51ef75d0-76d4-4eea-9796-c5ce0ed076d0,6e9da79b-454e-4553-ba8f-3c917bd8339f,0d63423b-88a8-461b-94f4-e18357eba2f3,2026-07-25T09:48:53+00:00
f530535a-92de-4803-a88a-adcd8eb20a11,6e9da79b-454e-4553-ba8f-3c917bd8339f,16a2805a-f042-40e2-a4f8-2002ffbe4cf8,2026-06-27T10:51:13+00:00
f763bcaa-8d0e-4ef7-b7a3-889390619de1,6e9da79b-454e-4553-ba8f-3c917bd8339f,52d44442-4dbc-40af-bbe3-a97d1e165b33,2026-06-20T08:44:27+00:00
9de02309-2b76-46e6-910d-8cceb80b297f,6e9da79b-454e-4553-ba8f-3c917bd8339f,b87fa7ae-7016-46ff-bf10-b0be3cd2d358,2026-08-09T13:21:09+00:00
adb84108-07fe-4982-a703-cfd10fe842bc,6e9da79b-454e-4553-ba8f-3c917bd8339f,26d61dc5-0b03-4c16-8a64-7afeba92fecb,2026-06-30T08:08:26+00:00
4eeae7e2-7c14-4d00-aa27-5baca58f8ca0,6e9da79b-454e-4553-ba8f-3c917bd8339f,c61cd5a4-1592-4718-9dc9-3a026d2fe8c2,2026-06-17T14:29:50+00:00
84fd65dc-cfa6-4fdb-8df2-c15796ff4457,6e9da79b-454e-4553-ba8f-3c917bd8339f,1fba3799-d4cc-4a1c-84d6-51146012067e,2026-07-27T14:15:33+00:00
19cdfd48-d285-4e22-a26f-a4830ec46c8f,6e9da79b-454e-4553-ba8f-3c917bd8339f,c3e6de0b-ae0e-464a-aeef-51bebdd50073,2026-07-31T12:16:48+00:00
a285bf72-ff4d-4b13-aa15-08c71d27462e,6e9da79b-454e-4553-ba8f-3c917bd8339f,1a6d9651-427f-4f8b-8364-dedd886b767d,2026-08-26T14:22:33+00:00
cfdb228f-1274-49ea-a9bf-1d140c1f75eb,78baa83c-e631-492d-921d-97f209627a79,635cb86b-03c7-4fb4-884b-ced27f9691bb,2026-07-28T13:58:05+00:00
ae0cd568-139f-4080-87a1-02c1a0376feb,78baa83c-e631-492d-921d-97f209627a79,ef913d79-c307-422d-acd9-5e72bbadb9e9,2026-07-23T08:22:47+00:00
9ca122b3-129a-44b6-a104-022802c01a34,78baa83c-e631-492d-921d-97f209627a79,dc64b030-9ad0-4b7f-aa39-1ea19decb440,2026-09-02T13:43:36+00:00
69f1a9ac-5ae5-41cd-93d4-e45a4ae8ef7a,78baa83c-e631-492d-921d-97f209627a79,37390ee9-6f2d-4d2e-b299-70e58443cd04,2026-08-12T14:52:59+00:00
c95503bb-2c1f-483e-8900-902f915a5ae7,78baa83c-e631-492d-921d-97f209627a79,47de6634-f271-4dda-8c9a-4cb60daa2a03,2026-06-18T09:15:30+00:00
f6a211e9-89ca-4441-a05e-a971d9f0cf44,f125e869-9452-4b99-8af0-5ee1a1dd4ee1,8d0a4127-34d4-4cb0-ab2c-8a44732c4636,2026-07-18T19:00:40+00:00
6a8b6c48-ddff-448d-a6c0-fa4dd744db83,f125e869-9452-4b99-8af0-5ee1a1dd4ee1,1c0c4b2f-60d7-4b18-b6d0-96a64e9d85cf,2026-07-09T09:39:25+00:00
54d4cf13-81a4-4a67-9873-a6cd1fb22a0e,f125e869-9452-4b99-8af0-5ee1a1dd4ee1,4f7d3f82-809f-4176-b3bb-245e659f22ab,2026-06-18T09:41:20+00:00
6b8424b2-ff86-45e5-903d-301e3d5cf9ac,f125e869-9452-4b99-8af0-5ee1a1dd4ee1,001acc59-baa7-4324-aeeb-b8d19223f06a,2026-06-20T16:16:17+00:00
d29240c0-dd1d-4a17-9b28-2be7e8328257,2d3ae7ed-8571-41c6-99b9-7c7877b19c37,ffae7a2d-9aea-4536-8cf4-dd5a807a4405,2026-06-19T11:28:40+00:00
a9ec8d68-9b66-45b1-bb38-8cfa3bfa8702,2d3ae7ed-8571-41c6-99b9-7c7877b19c37,f1999cc6-bd96-4a94-b030-3072877f65df,2026-06-18T12:45:55+00:00
8d462f3a-61d8-4c0a-a184-5bf4175c00c6,2d3ae7ed-8571-41c6-99b9-7c7877b19c37,6dae0af9-c881-473c-a919-489118789e0d,2026-08-08T14:32:14+00:00
48710cb4-77a9-499d-9b49-cf80e34bd024,2d3ae7ed-8571-41c6-99b9-7c7877b19c37,cdcd2f90-549e-4f8a-a600-5ffc9f8c2d74,2026-06-21T15:46:33+00:00
2128fc11-a3b3-4259-b23a-d7dcb43e82ac,2d3ae7ed-8571-41c6-99b9-7c7877b19c37,50ea7e0c-7da9-4f50-8495-8e484fcefdfd,2026-06-20T12:07:54+00:00
e6ee228b-deb0-407e-b630-ff9a09d2da5d,2d3ae7ed-8571-41c6-99b9-7c7877b19c37,dfb6fc17-bcca-45fa-ab0c-9e38e7ddcca9,2026-07-14T14:11:14+00:00
4ab83ede-450b-4366-8319-fa702185251d,2d3ae7ed-8571-41c6-99b9-7c7877b19c37,1ce85b38-45d8-4fc2-a23d-d01ad37ee8fb,2026-06-22T17:29:35+00:00
0af39099-a29b-43e9-a45e-50fb7bee0664,619153b8-e544-4d57-87b6-e71e0123faaa,887b7fc5-3512-427f-b5f1-d0629d72dcf0,2026-06-26T13:03:23+00:00
94961375-fbb0-4389-82ed-71659eee3ded,1bb70f6b-9252-425f-b545-18b462ccb0f6,0474d78b-b695-4c1a-967f-6fc9587ddc43,2026-06-26T09:55:57+00:00
6f81907b-5806-4c8e-8f4a-07a28083c3d3,1bb70f6b-9252-425f-b545-18b462ccb0f6,5ea6cfc5-5580-466a-8582-a6031555d76d,2026-07-01T09:31:59+00:00
b61ec067-3213-47e6-86a2-f9d34593187a,1bb70f6b-9252-425f-b545-18b462ccb0f6,904d370b-c057-4076-ab96-6f35351482c2,2026-07-01T07:49:29+00:00
fa6a2c01-dab0-4438-8deb-47b33982cea6,1bb70f6b-9252-425f-b545-18b462ccb0f6,56423c84-9e94-44e6-a034-0a21e231fbea,2026-06-29T21:16:39+00:00
7729724c-78d6-4c0c-b448-d9f447d8674d,2a4df85a-3a65-4773-a6e1-14563eef1f9d,60e7746d-a14d-4134-a659-8644ea757f35,2026-07-28T14:49:50+00:00
dd3638c8-847b-4940-b53e-34dc1ec2083e,2a4df85a-3a65-4773-a6e1-14563eef1f9d,caa94dc0-81be-4dfa-8bc4-fa28c1ea5e7e,2026-06-29T03:18:10+00:00
1cf0da61-332f-44c5-859e-bc6af8178b36,2a4df85a-3a65-4773-a6e1-14563eef1f9d,52c5c6a9-39b5-4951-9af7-b20a0970bd62,2026-07-03T05:07:47+00:00
92a92001-b0a9-4fc8-85b5-7d7de0cd7948,2a4df85a-3a65-4773-a6e1-14563eef1f9d,b2fa8b95-5aab-4854-a682-06ac4d3c3500,2026-08-11T15:58:14+00:00
c28f5718-6013-4888-8e4a-ea1c61dcc87c,2a4df85a-3a65-4773-a6e1-14563eef1f9d,e5f76da6-068a-4b15-bb2c-649e314a26ed,2026-06-20T13:03:42+00:00
268fba6d-e8b4-44a8-a1b0-60a03a28989f,2a4df85a-3a65-4773-a6e1-14563eef1f9d,f3189547-b5c9-4076-aab8-d864b3815677,2026-07-14T08:11:23+00:00
85ab17fe-a40d-400e-9e6f-1c55222706b9,2a4df85a-3a65-4773-a6e1-14563eef1f9d,c90cc779-75f4-4f0d-8f0e-bf02ad0ba33c,2026-06-24T11:12:18+00:00
1c6f10b6-8b63-4ddf-8fa2-d3807be3d8b4,2a4df85a-3a65-4773-a6e1-14563eef1f9d,16a2805a-f042-40e2-a4f8-2002ffbe4cf8,2026-07-07T14:09:02+00:00
4899044e-ac31-480b-9329-41e917f8bfe2,2a4df85a-3a65-4773-a6e1-14563eef1f9d,02807cc1-6bae-4344-a5ac-526283c350fc,2026-07-11T22:18:58+00:00
375e06ca-d23f-45d8-b696-09ace752a50d,2a4df85a-3a65-4773-a6e1-14563eef1f9d,7d339706-bfcc-4887-91f1-ec63d2d23823,2026-06-26T15:58:03+00:00
08608395-766c-412d-80d5-71356e501b18,2a4df85a-3a65-4773-a6e1-14563eef1f9d,725e8519-9d26-48e9-a0d7-b1d766f3587d,2026-07-14T01:08:06+00:00
14c7b77b-4963-4e16-b561-5efd590b7d55,2a4df85a-3a65-4773-a6e1-14563eef1f9d,54f26470-51db-447f-8c40-86bc6859b21b,2026-07-29T14:00:14+00:00
c6f19c45-3665-4034-890b-44555a111d51,84ecd74c-95ed-48d7-80c9-78cc5fdd05f9,ff6e8123-7427-47ad-b4a2-b32525006de0,2026-08-22T22:35:46+00:00
4122337b-b9a8-44f5-aee7-97c7b90b9fdb,84ecd74c-95ed-48d7-80c9-78cc5fdd05f9,c76f1c0b-bf00-4af7-84b8-6ec1e8252901,2026-08-23T19:12:32+00:00
b52b1b85-54bc-43fe-b9ed-e4fc408a1ef4,bc03a378-f45b-4e5b-b410-9bdf34272a8e,5b98a245-2472-4236-8b6a-d34d8a01ce2d,2026-06-21T11:48:48+00:00
b6dd8843-689c-4f24-82cf-782c4de1bd13,bc03a378-f45b-4e5b-b410-9bdf34272a8e,5f6d993c-4bf7-46a7-97c5-66326662827a,2026-06-21T12:09:32+00:00
e32419ac-923d-4c74-8741-07775a1fb170,bc03a378-f45b-4e5b-b410-9bdf34272a8e,828a88f5-8cb3-48a8-9e07-3db32ed9a35d,2026-06-21T12:34:32+00:00
aff44767-7780-44b7-a34a-b58f363c69ed,bc03a378-f45b-4e5b-b410-9bdf34272a8e,39da3268-4fe9-44d6-b716-29c848231132,2026-06-21T19:56:15+00:00
c6b2cd1e-8a19-48fd-8bbc-28a3b8ae5d00,52c72498-fe45-41aa-bcf6-83c0926502a9,c3699fc8-6b69-4b20-bd17-1c0f5a24a795,2026-07-22T04:10:56+00:00
c5b3d628-fdac-47ed-ae16-04f6a458b043,af47e185-33a6-4110-aa6f-2e5a23bdea01,ac4cd2de-69ac-436e-b67e-c476f7f37a57,2026-06-24T15:34:32+00:00
604d6abf-3995-4fa9-aa1f-bb4054429431,af47e185-33a6-4110-aa6f-2e5a23bdea01,2838c32c-7382-41b5-852b-5d048285eed7,2026-07-01T07:14:05+00:00
3f453864-32f1-4a1a-b36f-7762b576bd01,d9d989f2-344d-44c2-be22-b458df17d9b8,75a9c08b-c3f9-48ea-bba3-d6136d51a785,2026-07-15T15:07:44+00:00
c34b42bf-803c-4b1d-b320-dff5d7ad185b,d9d989f2-344d-44c2-be22-b458df17d9b8,16ec2a95-5cdd-472d-bb70-f569bc0cea3c,2026-07-02T22:11:48+00:00
dec3a82c-353c-4a4b-8e3c-46d90e8bf1eb,d9d989f2-344d-44c2-be22-b458df17d9b8,f179f796-27a1-4c7b-8711-7b339b16ef77,2026-08-08T22:56:59+00:00
1cf70a2c-4565-4ae7-b701-268bb6a6092f,d9d989f2-344d-44c2-be22-b458df17d9b8,5b98a245-2472-4236-8b6a-d34d8a01ce2d,2026-06-28T19:25:02+00:00
ef09752b-d081-42de-85d2-e354f7e362df,d9d989f2-344d-44c2-be22-b458df17d9b8,323eb581-df66-495e-b4c3-b8d51316dccb,2026-07-20T14:39:35+00:00
6d68123d-0e77-4e0f-83f9-e5beeaa9cb97,d9d989f2-344d-44c2-be22-b458df17d9b8,ce6ae59f-fc40-4e17-bf03-66f9d20b800f,2026-07-14T06:44:55+00:00
c5046264-8a35-4862-9547-2de70b6360f0,78adfbea-be15-4b86-b26b-dcaf3b6e8f1a,896b4f1b-82da-4b41-868f-822326a66804,2026-08-27T19:06:47+00:00
7d387879-7f04-4548-9405-e7961dcf8542,78adfbea-be15-4b86-b26b-dcaf3b6e8f1a,8b2968bf-8ea1-47c7-9c02-7ef1cd908f61,2026-06-22T06:00:43+00:00
e02653eb-40c5-407f-87d1-1f4cb5b7c819,78adfbea-be15-4b86-b26b-dcaf3b6e8f1a,e9b275eb-493c-4660-be51-71559bea8537,2026-06-22T15:36:07+00:00
c5342f68-900e-48cc-8f31-b73a8b873cfa,3b474677-507d-4dd5-b24c-8595e456806e,f2e15dfd-44c6-41bb-8e26-a90818c01dd9,2026-08-28T13:22:55+00:00
aa659740-6cac-4246-a18f-b860c2308960,3b474677-507d-4dd5-b24c-8595e456806e,a4870570-7c5f-4b20-8e76-eb3e4f83bf13,2026-06-30T06:17:17+00:00
12e0b6b4-9923-4d47-b0d4-9ccd3725646f,3b474677-507d-4dd5-b24c-8595e456806e,3eaa28c6-6c66-4841-a82f-101d62f26410,2026-07-20T17:26:12+00:00
d84ac572-1ffe-4897-9c49-5e5cbc69c08f,3b474677-507d-4dd5-b24c-8595e456806e,128acef2-f235-4b4f-9ba9-12cf0271ac50,2026-07-08T01:22:13+00:00
25db2bb0-1350-4cb3-8abc-2673d166a819,3b474677-507d-4dd5-b24c-8595e456806e,6dfbbf9b-099b-425f-a0b4-4d13ee683924,2026-07-27T09:57:30+00:00
aab983dd-8cb5-4251-8d75-9c5513d7eeb1,3b474677-507d-4dd5-b24c-8595e456806e,5d00b0e3-2e7d-4703-ac82-a0935fb970f1,2026-06-24T05:02:46+00:00
6c6b6b09-9f4b-48da-8fa5-3b2cf740e7c8,3b474677-507d-4dd5-b24c-8595e456806e,2838c32c-7382-41b5-852b-5d048285eed7,2026-06-28T10:57:28+00:00
896513a9-38c0-4983-b23f-0a40da8566b8,3b474677-507d-4dd5-b24c-8595e456806e,d103d768-2880-46ed-b2c3-6b7b04ebc1d8,2026-07-02T11:55:25+00:00
90a67b57-70d0-4c07-a6ef-16efb30a54f2,3b474677-507d-4dd5-b24c-8595e456806e,e9b275eb-493c-4660-be51-71559bea8537,2026-08-15T11:39:54+00:00
2e98beca-864f-41af-ae96-71b92ec1760b,3b474677-507d-4dd5-b24c-8595e456806e,8ced966b-96fc-45a7-b2fd-f43f6a26b92a,2026-06-23T18:48:04+00:00
5e9e8b59-18c6-460a-822e-f79064562198,3b474677-507d-4dd5-b24c-8595e456806e,8ed5d79d-9904-4ac0-b3d6-d43abaf34918,2026-07-08T13:51:41+00:00
ebec51fe-bd2f-40ff-a926-b13e319ce1be,6e3e9727-f6c9-4237-9f8c-ad4764579c2d,294f420a-5757-4fda-ae5b-a8b66126e192,2026-06-21T21:36:19+00:00
f8db5b26-5ba0-43a9-a1c8-133814398d38,6e3e9727-f6c9-4237-9f8c-ad4764579c2d,93a7f915-e31d-4603-af28-13fe5ff23ac3,2026-08-19T21:54:43+00:00
5e8dfaa8-f58c-4720-a424-36c448d2470f,6e3e9727-f6c9-4237-9f8c-ad4764579c2d,dce19236-e6ac-4b25-8861-f9bf621963fd,2026-07-17T06:18:30+00:00
cf64950e-ff2f-4e3a-a9be-ec8229473628,6e3e9727-f6c9-4237-9f8c-ad4764579c2d,8ac6c4d2-d139-40ec-9a3e-7bd2347f979a,2026-08-26T07:08:02+00:00
5981442d-a3fe-4234-8789-7a436ea3a8a5,6e3e9727-f6c9-4237-9f8c-ad4764579c2d,fb8098ee-02d6-4b07-858e-99f58dd1d0ee,2026-07-07T22:21:00+00:00
20de4aa2-70a0-4c2c-b1be-f214fa2586c5,6e3e9727-f6c9-4237-9f8c-ad4764579c2d,573eb679-3294-4f6c-9352-94085c83e87f,2026-06-22T07:22:22+00:00
eac02d10-92d2-4711-9c37-96a091dc2087,6e3e9727-f6c9-4237-9f8c-ad4764579c2d,299a8f80-c512-4987-80d2-c15927f4e916,2026-08-11T00:33:03+00:00
7ce3f652-5d61-4963-8301-e6f795ca1d70,6e3e9727-f6c9-4237-9f8c-ad4764579c2d,4eb375d1-e150-4235-aed3-d4483dba1cfa,2026-08-05T06:39:19+00:00
9636c7db-457a-4691-a0c0-0a6b4d984894,6e3e9727-f6c9-4237-9f8c-ad4764579c2d,e554a849-75b4-42ad-ab34-0b8fc1a7f349,2026-06-24T06:01:34+00:00
5441fe1f-385a-4ff8-9dd7-47a5a0b818e2,6e3e9727-f6c9-4237-9f8c-ad4764579c2d,419a8edd-8c3e-484b-9354-7867568dd931,2026-07-02T20:09:00+00:00
d17d30d8-700a-439b-80e8-18b89178d2be,6e3e9727-f6c9-4237-9f8c-ad4764579c2d,5c27de08-e263-49f8-b85c-5d1bfb70223d,2026-06-22T09:51:22+00:00
522667b0-306b-40fb-86aa-d60c0953a2f7,6e3e9727-f6c9-4237-9f8c-ad4764579c2d,e81d0345-b7a4-4bc0-82b3-de121ed5ff87,2026-07-16T21:23:23+00:00
873a4f17-c978-4a8d-95c8-2a0fa5d030dd,6e3e9727-f6c9-4237-9f8c-ad4764579c2d,e33923d4-ae33-4f20-93b4-4927825fa9f9,2026-06-27T12:00:38+00:00
78a49469-ba19-43b2-8b1b-ecbf18ae51ab,3888dfd5-f523-41e1-adb4-ca302e91d660,e554a849-75b4-42ad-ab34-0b8fc1a7f349,2026-08-30T06:26:38+00:00
b7cabaaf-9862-4cdc-befa-26009b3e3215,3888dfd5-f523-41e1-adb4-ca302e91d660,7f332889-8032-467d-a20a-a0aadb0a6c98,2026-07-01T15:20:40+00:00
201d0754-bb40-4fc5-b3c1-ad35761909fa,3888dfd5-f523-41e1-adb4-ca302e91d660,c08ba214-af45-4563-93bb-a8e532a24418,2026-07-16T20:26:49+00:00
7c0409df-c272-4574-8432-bb1008d338a9,3888dfd5-f523-41e1-adb4-ca302e91d660,1a6871ca-4c9c-41a0-a153-98abff494d21,2026-07-07T05:51:32+00:00
820da16d-06ab-4b33-9900-fed0d90a09be,3888dfd5-f523-41e1-adb4-ca302e91d660,00501fb4-95d9-40ea-9f41-8fe9015dbc62,2026-08-17T11:36:43+00:00
5874b5eb-41eb-45e0-a034-cc7479efcf37,a093a396-16cc-4869-98c4-476052666830,22b1d57e-427b-4075-b871-f3a5bde40fbe,2026-07-02T10:00:05+00:00
d3cfe5a3-07c5-432e-80cb-a69b824a3eab,a093a396-16cc-4869-98c4-476052666830,7a418f6e-c8b9-4225-914b-120e93fc68f9,2026-06-29T09:18:47+00:00
1cb14aaa-8c0f-44d1-bfb9-a27796af34cf,a093a396-16cc-4869-98c4-476052666830,093a360d-63cd-446f-8cc4-cceafcd033c5,2026-08-01T22:15:06+00:00
758d8181-267f-4d0d-8837-c1d353debdff,a093a396-16cc-4869-98c4-476052666830,8d5b08cd-a9b3-424d-b178-65d65f5998af,2026-07-05T10:26:17+00:00
1117df6b-a3cd-415c-b4ca-a44300d5ded6,a093a396-16cc-4869-98c4-476052666830,573eb679-3294-4f6c-9352-94085c83e87f,2026-06-28T08:21:45+00:00
68186c9b-b975-4452-b235-ffeda81f6070,6b918454-25fe-41b6-82ac-ea1696e736ad,725e8519-9d26-48e9-a0d7-b1d766f3587d,2026-08-07T22:49:26+00:00
383ceadf-4e6b-4686-a746-c1896294703d,6b918454-25fe-41b6-82ac-ea1696e736ad,52c5c6a9-39b5-4951-9af7-b20a0970bd62,2026-08-12T07:01:53+00:00
073f1a74-763c-4488-8e70-f7eeb63934f3,6b918454-25fe-41b6-82ac-ea1696e736ad,7759297b-afe9-4b95-8e56-6c553c734e03,2026-07-03T18:15:31+00:00
8ea3439f-dcd3-4e0e-a321-4f2684f044d5,6b918454-25fe-41b6-82ac-ea1696e736ad,51910d94-7df2-4595-be53-5b43cb379762,2026-06-26T19:56:40+00:00
89fab8ea-e292-475d-8eec-91b17b050eba,6b918454-25fe-41b6-82ac-ea1696e736ad,5ce43817-8afb-43c8-aa72-569b92aeb223,2026-06-23T01:15:07+00:00
bf81d42e-759a-488d-92d7-c9a695740ff2,6b918454-25fe-41b6-82ac-ea1696e736ad,c51745ca-bb03-4bea-9828-f74363cb7a4b,2026-08-06T09:57:31+00:00
aef81072-e905-4217-89bf-18f6ef63aa45,12e89967-cf57-4544-aa9c-b570e9ebc3bc,2e23fd62-664f-4904-93b9-98484374da38,2026-07-02T07:38:50+00:00
415bf4d5-9cd2-4935-8e04-2664749d3727,12e89967-cf57-4544-aa9c-b570e9ebc3bc,39da3268-4fe9-44d6-b716-29c848231132,2026-07-30T17:32:25+00:00
90f9ff89-e2c0-4921-82e8-7bf47d6f6a71,12e89967-cf57-4544-aa9c-b570e9ebc3bc,33cd8209-3c57-4c7c-9796-06275679bd1a,2026-07-19T07:05:45+00:00
dac6385d-f580-438b-ba62-d2fb79c9242a,12e89967-cf57-4544-aa9c-b570e9ebc3bc,7352bdf0-d7cd-4554-b7da-0f69eabb5ce6,2026-08-31T04:26:39+00:00
5fc59430-9c31-48e9-9850-29f289f270f5,12e89967-cf57-4544-aa9c-b570e9ebc3bc,37390ee9-6f2d-4d2e-b299-70e58443cd04,2026-07-20T21:29:25+00:00
09dfcad5-4fb5-4621-8622-d82911a45142,222a7447-ee5c-4ddf-af89-a80ab6e1fc3b,f31588a9-6fbc-4f16-a1f0-65bb1970a62f,2026-07-07T19:22:38+00:00
ee5533df-ac25-442b-bc05-1d23dd45610b,52a96df0-7de0-4e84-802a-23c3a9582670,f965e2e1-14e1-441b-bd2e-db6def83457a,2026-06-25T18:27:54+00:00
c90e31cb-288d-4301-a992-e95c46564b4d,a0001900-66de-4652-8e4d-d44bb4753edd,200f9843-09b8-49fb-9a99-30710133815e,2026-07-09T00:16:51+00:00
1f92239b-aea3-4d85-8495-32c13da06b0d,a0001900-66de-4652-8e4d-d44bb4753edd,5bc41520-3863-4195-9605-167db200b16f,2026-06-27T17:17:54+00:00
648cc91f-9b64-47fe-83cb-d0150a6295f0,65305852-c0a6-4f53-b757-0e4776f9e567,4e4985ea-2b80-4cbe-8d6a-7abfadaa2f26,2026-06-24T13:19:51+00:00
9f05dc37-9da3-499d-8d22-7b54de09e026,eacef840-80c7-4ed2-9df1-eac9607b6c3e,34c4679a-d188-4ff3-b1e7-463f1c6bc2f7,2026-07-26T06:51:10+00:00
12e9cc22-165f-413b-a66b-6dd46da8fdb9,6ea3b8c9-ce5a-4428-be8f-fbc2529148be,7d2e833a-8242-43a6-93ca-e79df0b2cd59,2026-08-27T13:24:20+00:00
197c0c54-2376-4a3d-812c-877100afc9a4,6ea3b8c9-ce5a-4428-be8f-fbc2529148be,254f7afb-a845-4daf-b94b-a34157af1df2,2026-07-08T00:24:57+00:00
5c0df060-9459-489d-97d4-d42443f5bb9b,6ea3b8c9-ce5a-4428-be8f-fbc2529148be,4c01c5e4-a2a2-4327-b389-b04521c5072d,2026-07-01T19:12:28+00:00
29da0a19-7ab9-44d0-ad0c-d3c08dc3eb09,6ea3b8c9-ce5a-4428-be8f-fbc2529148be,caf7efc4-3973-492b-abf8-2af2f0caa4ef,2026-07-17T10:46:02+00:00
97ad9155-8498-471a-9908-9efaf7ff9e41,6ea3b8c9-ce5a-4428-be8f-fbc2529148be,501e8ce4-ec88-49ee-8091-df9797903b55,2026-06-28T03:38:57+00:00
4c33d220-bec1-4c61-bef2-21bb60c71591,6ea3b8c9-ce5a-4428-be8f-fbc2529148be,9683d7cb-c320-48ab-b91d-373a4a32cc44,2026-08-24T03:52:49+00:00
e4159b2f-b370-471e-a9e1-4056b63aa939,6ea3b8c9-ce5a-4428-be8f-fbc2529148be,919c1afb-25b2-4b3a-bfab-39ebe9e77e2c,2026-07-28T00:12:30+00:00
a0621988-a58b-4222-978a-9148cece3d20,009c80a9-a0c8-464d-a874-4485b182c204,1a3b8eb4-9217-4dfe-a345-ac6a2076c9d5,2026-06-28T10:52:32+00:00
13597b65-37ab-4c6e-988c-f894c6522221,009c80a9-a0c8-464d-a874-4485b182c204,79f24b18-9bf0-4e1b-be57-3291ef518791,2026-06-25T20:46:15+00:00
777a0d88-6e5d-4daf-9129-6c2e5841c281,009c80a9-a0c8-464d-a874-4485b182c204,8a4f20be-5402-4f7f-97d5-042270c4a232,2026-07-17T06:50:35+00:00
e2f96232-b2f5-45e8-81c4-daf2db63e7e6,009c80a9-a0c8-464d-a874-4485b182c204,ac4cd2de-69ac-436e-b67e-c476f7f37a57,2026-06-25T07:35:27+00:00
826375c0-5014-46c0-a72f-2cd6f7ea7da9,009c80a9-a0c8-464d-a874-4485b182c204,dfb7e95f-260e-477a-a24a-a98cf163a43a,2026-08-27T22:28:38+00:00
4025b535-86df-40be-8e1b-1a0095db7b3c,009c80a9-a0c8-464d-a874-4485b182c204,75c13d9c-916c-4e76-9219-1fb1448b7789,2026-07-10T04:07:28+00:00
f1119844-5113-4d5f-b0e4-c83f63d3016c,e13813c8-7638-4b40-812c-a227d312db3b,a14d5a0d-9ddc-4170-a239-6044cb65462e,2026-07-20T16:45:06+00:00
9d81f3fe-faa7-4ce2-a4c3-89dd5e993143,e13813c8-7638-4b40-812c-a227d312db3b,01ad5d19-51ac-4277-bf22-13bac68b5a71,2026-08-03T12:38:40+00:00
47d00868-d420-473e-8acd-db31ff75b48d,7fb175d5-e9d6-49e3-a20b-dac02d35a9f2,323fd007-baf9-422e-b5f8-b93742be059f,2026-06-27T07:52:37+00:00
77d61e0d-0c0b-412f-9a51-30446024bd65,aeb4eab3-8cbc-4050-9be7-bbf4e7cff6be,ceb5b100-6d16-4a2c-a1ac-94145b871907,2026-06-26T04:43:29+00:00
82f7187e-57ec-4883-9429-daac7cd84156,aeb4eab3-8cbc-4050-9be7-bbf4e7cff6be,e5ead316-9492-4d0f-92fe-e9ee1533cfbf,2026-06-25T23:38:42+00:00
28b6b0ec-108c-438f-a981-15611da5c2cf,aeb4eab3-8cbc-4050-9be7-bbf4e7cff6be,e33923d4-ae33-4f20-93b4-4927825fa9f9,2026-06-26T21:15:39+00:00
df8f09a4-b8ef-42be-917f-791cbe419db5,aeb4eab3-8cbc-4050-9be7-bbf4e7cff6be,e3d856ad-6787-404e-8e93-f255933c3680,2026-06-29T13:03:50+00:00
de05d42f-fe34-4a38-b5ba-0d141276724c,aeb4eab3-8cbc-4050-9be7-bbf4e7cff6be,b2fa8b95-5aab-4854-a682-06ac4d3c3500,2026-06-28T10:30:15+00:00
ab38ef2f-49c9-43af-bbc0-caaf65481d46,e892cff7-3eb4-4dad-a846-01f85ccf7080,4dedd047-d3e8-4791-873c-6053577084d1,2026-08-04T13:16:13+00:00
2765711c-c269-4821-b6db-2d67ae1dd5f1,21eabb40-84ea-462a-8033-4880f593fe57,4e2906a0-e445-4567-9bc3-c549a3448137,2026-06-29T10:56:06+00:00
9c57d25f-de95-4701-9e3b-b01865d0778c,9e210195-bfa6-4d4a-b184-8fe88bda5812,4fb579ea-1574-44fa-af02-83f6cb410836,2026-07-01T08:52:29+00:00
87735db5-031c-43bd-8bcb-268808945688,9e210195-bfa6-4d4a-b184-8fe88bda5812,c51745ca-bb03-4bea-9828-f74363cb7a4b,2026-06-30T06:43:38+00:00
9345ef21-64ef-4da9-ae85-2f4b5122eb4b,33b9e1e5-4700-4caf-898e-e56f5a33b7f8,8b2968bf-8ea1-47c7-9c02-7ef1cd908f61,2026-08-15T05:45:45+00:00
050c35f3-5efe-4f86-ab40-c9d4e6558836,33b9e1e5-4700-4caf-898e-e56f5a33b7f8,f1999cc6-bd96-4a94-b030-3072877f65df,2026-07-11T08:44:42+00:00
906cc2fa-d379-403f-bfe4-dfb992851359,33b9e1e5-4700-4caf-898e-e56f5a33b7f8,5d1a62df-3bdf-4836-a4d0-5dd139fc5e81,2026-07-15T01:46:09+00:00
6447992f-75d6-4098-8646-3ebab733600b,707c402c-5eac-49b5-8895-d7c450124465,8a4f20be-5402-4f7f-97d5-042270c4a232,2026-07-03T05:26:40+00:00
33375df4-44b7-4980-a723-b1d62df3be4b,707c402c-5eac-49b5-8895-d7c450124465,adcf5b0c-a9b8-4599-8c22-a281a999db7b,2026-07-05T10:22:12+00:00
d0a3d449-145b-41d2-b735-1902f2be423f,9719c884-1436-440b-8384-b8e3ba08a845,dfb7e95f-260e-477a-a24a-a98cf163a43a,2026-06-29T22:51:33+00:00
286c6381-14a8-4304-bd9a-d99c98e69b31,8fa6abfc-d3ab-4378-92c3-c6495a544c9f,e81d0345-b7a4-4bc0-82b3-de121ed5ff87,2026-06-30T18:58:01+00:00
91ac5bf1-246b-484d-bcbf-50171fe0c7b2,8fa6abfc-d3ab-4378-92c3-c6495a544c9f,78adb4b4-64d8-4a3f-b789-0aeeccaf033e,2026-07-02T02:49:54+00:00
77419b38-b53f-4adb-bd4f-27dca73e2425,8fa6abfc-d3ab-4378-92c3-c6495a544c9f,94124252-c61f-4b05-ab17-fb467c898e0c,2026-06-30T11:15:14+00:00
9982f5d2-349a-4135-9eb5-8ed4e806e8dc,f81e34ec-e0c9-4cc9-9849-027a96eaf091,373a53bb-6b51-442f-ac4b-1d028d9af863,2026-08-08T11:53:19+00:00
2c018a1d-fc35-4f2b-bf10-37b8530a9bc2,f81e34ec-e0c9-4cc9-9849-027a96eaf091,ded797b6-afed-4f9c-8ae0-35b3c61aa0e4,2026-07-24T16:37:31+00:00
404e5194-b77a-424d-b4ee-fb637a9ed0c6,f81e34ec-e0c9-4cc9-9849-027a96eaf091,eff13da1-a531-4767-95ce-387f2866993e,2026-07-21T11:21:18+00:00
bf52f64d-6c0d-4769-a378-b6390c5ec8d2,f81e34ec-e0c9-4cc9-9849-027a96eaf091,5ce43817-8afb-43c8-aa72-569b92aeb223,2026-07-13T12:44:18+00:00
f28efed1-abb3-4007-9347-00a572470993,c1cafc2b-f3df-4a36-8fbb-292b9a8cb8e0,4d2af566-e452-4cb8-9f1c-2963153454ef,2026-07-02T03:20:37+00:00
44684cb5-bb6a-4db5-bdb8-8d4f040f8cf9,9f351a58-20c0-483a-9640-f10d45e5e9f7,d4753420-55e3-4598-a047-da09e69fedd7,2026-07-20T13:30:49+00:00
aae38da9-72dc-41f8-9574-5ddb62a70009,9f351a58-20c0-483a-9640-f10d45e5e9f7,147ed698-2b4c-4e8b-aa70-aa17d045b912,2026-07-14T19:13:54+00:00
5a943c55-08a1-4845-8b3e-8ffaebf63310,9f351a58-20c0-483a-9640-f10d45e5e9f7,88f97422-e385-4200-84c1-cf21ce0c6cda,2026-07-02T12:54:49+00:00
c38a1742-47da-4378-ad22-9ad4a528834c,ae9e383f-e55d-4d8b-a241-ccf60dc00aa4,f1999cc6-bd96-4a94-b030-3072877f65df,2026-07-07T22:54:02+00:00
63868b88-2332-43bb-a432-9d5c3172e753,ae9e383f-e55d-4d8b-a241-ccf60dc00aa4,81580b74-dbe8-44df-8f83-7f8b59a8d123,2026-07-07T20:55:55+00:00
6030a81c-886c-4971-b6d0-ed51ae9c52c5,ae9e383f-e55d-4d8b-a241-ccf60dc00aa4,f179f796-27a1-4c7b-8711-7b339b16ef77,2026-08-01T07:23:50+00:00
454b5758-c110-43a9-9e28-c36ce53fdf84,923fd331-f61a-4e19-b4eb-1c50ab31761d,aebbbd34-c750-4cee-b298-18c1698b9b92,2026-07-04T17:46:45+00:00
59ff0897-2757-4ca4-907c-0c2c9989be05,3d4c6e40-2252-4854-80c2-3f91546d9c3d,dd97c4bf-c562-41cd-943b-218a8b5baac4,2026-07-18T15:00:23+00:00
4fd83c1a-ce2d-4963-9da7-1bb42fd4e992,2ffa769a-592c-4d05-8540-c8a7e8b46a89,1d60fe82-43d3-41ca-b4b2-47f71aba1916,2026-07-21T04:36:05+00:00
95aeeee3-0d9b-4ec5-a70a-96283212c909,ee4a25ca-cebd-4772-a399-debc8d10ee4d,ab56d43e-6b4a-43a3-9b6c-f3bae36c4bb6,2026-08-17T07:44:31+00:00
fd507f02-19ab-4292-85e0-3965db9d6210,ee4a25ca-cebd-4772-a399-debc8d10ee4d,3c93bac9-6c00-45ff-868a-2fca9fd92411,2026-08-23T09:22:40+00:00
d674b821-d821-4074-aa37-18a15c4a0003,ee4a25ca-cebd-4772-a399-debc8d10ee4d,92b26b2d-f521-4368-bfd5-7368f4d4b7d2,2026-07-01T19:42:55+00:00
0ad622c0-9baf-48e2-90f3-6423c0d99733,ee4a25ca-cebd-4772-a399-debc8d10ee4d,658d561c-1651-4aa7-9c5f-4cc6fe4afb70,2026-07-13T12:54:03+00:00
ac55d2d6-08e5-43da-8ee3-457050bf1e52,ee4a25ca-cebd-4772-a399-debc8d10ee4d,1af051a4-5fb9-478e-9d62-3279d88a6cff,2026-07-02T22:07:23+00:00
900ec58b-0eba-4e3f-bec4-091d01e4e159,ee4a25ca-cebd-4772-a399-debc8d10ee4d,71938832-5c59-49e3-be85-9acbd7ca55ba,2026-07-06T07:52:12+00:00
975354a6-bec4-4a55-90f8-4793c62cdb2a,ee4a25ca-cebd-4772-a399-debc8d10ee4d,6225ff1d-dff6-4eec-8a09-0b85b8e80e91,2026-07-01T17:50:59+00:00
2e8b8bf5-617f-4f11-8805-b2d2f4411a7a,4a810722-7814-4bc8-85e1-8af51ebe4810,b9468cb9-ed1b-40fe-a021-2f6da1f2925d,2026-07-20T10:27:15+00:00
8849da97-d0cc-449b-8527-316f1d73fc6b,4a810722-7814-4bc8-85e1-8af51ebe4810,29d5a494-6baf-4419-8eab-634d29535262,2026-07-30T23:26:56+00:00
7b20a027-2680-42fa-8430-4b269f8aa0fa,4a810722-7814-4bc8-85e1-8af51ebe4810,bef562aa-7b99-4438-b976-0c3e350379ee,2026-08-15T11:35:31+00:00
c4434531-f4a3-4bd7-a3d2-5d25e6834318,666c46d8-0d81-4383-9c6b-70c8495e2af7,3c4a47de-e63f-470d-a750-5453edea905e,2026-08-20T18:34:04+00:00
abe6cb81-0c9f-49bd-925e-2f22262dc5e7,666c46d8-0d81-4383-9c6b-70c8495e2af7,e294d7c5-9f72-4226-9091-d2cf6c147a17,2026-08-11T22:01:50+00:00
bcb0bacf-7a3f-4efe-9162-8e6181bd1f17,666c46d8-0d81-4383-9c6b-70c8495e2af7,e6ac3080-e405-47c5-b78b-6c37ea355a02,2026-07-05T21:06:58+00:00
1e487b1b-5d39-4f11-b501-8be572540b4e,111acafd-109e-48af-92b3-ffa3926d74e6,c3e6de0b-ae0e-464a-aeef-51bebdd50073,2026-07-06T15:35:16+00:00
b1470635-f39e-4ec7-8391-28eec50db377,111acafd-109e-48af-92b3-ffa3926d74e6,76948275-fc48-4c3e-b731-4436f90cd800,2026-08-26T08:41:30+00:00
d0036fc9-9c55-4152-9354-03932e8617b8,d8980430-714a-4114-8ea7-c45b78400852,df9804a4-8ed1-4ab2-8cd9-b6c44f18f067,2026-07-06T19:41:58+00:00
629dfe91-183a-42ea-8c15-c31f038f71e3,d8980430-714a-4114-8ea7-c45b78400852,56423c84-9e94-44e6-a034-0a21e231fbea,2026-08-11T04:55:20+00:00
236ea543-e6a2-4d88-950c-7c9f31c3bf81,d8980430-714a-4114-8ea7-c45b78400852,f31ed9a5-371d-40f1-abad-f2898658760d,2026-08-16T14:05:13+00:00
1258d99b-d205-4d40-86ff-5be8bc60c5bc,d8980430-714a-4114-8ea7-c45b78400852,4f1cb3c6-4a88-475a-b5e5-f34f7bdaa2fc,2026-08-25T23:25:39+00:00
e714cbf2-e831-4324-a685-ebe9d4a88c0f,b0f498a9-866b-4f9b-a9d3-d277780bdb20,8bf8ea9f-72d9-48eb-928d-e17012efd91b,2026-07-06T10:14:26+00:00
16ea9e43-f776-4597-b8e6-e755b95eca9c,b0f498a9-866b-4f9b-a9d3-d277780bdb20,d97c38cc-0971-42dd-869d-988ad7864fdb,2026-07-04T00:27:28+00:00
67d45896-6e21-4a6a-bb30-756d3ed18894,b0f498a9-866b-4f9b-a9d3-d277780bdb20,f2e15dfd-44c6-41bb-8e26-a90818c01dd9,2026-07-25T17:10:14+00:00
c19b1b0d-5388-491d-95ae-25b0af28f196,b0f498a9-866b-4f9b-a9d3-d277780bdb20,e86b6f1b-0a3d-47bb-b10e-f87bc5c17b57,2026-08-14T10:06:06+00:00
dac0522a-2838-4ec0-be14-d2363fb93afc,b0f498a9-866b-4f9b-a9d3-d277780bdb20,21dd7dab-b91b-4dbb-ba29-ae9efd5f3f45,2026-07-03T16:25:31+00:00
e00b41de-5469-4504-877b-7f62c9f70252,08055655-8fb6-4fda-953b-331b839cd28a,ace4ede9-190b-4d01-8198-a49aabf9da5a,2026-07-06T14:04:53+00:00
90ccf51b-807d-4ff9-8e56-127f78ba7702,6992c696-9e50-4013-b537-fdf12d8a8d50,87981edc-4a5a-415d-b51d-f9217163949a,2026-07-06T14:06:08+00:00
80efa997-9eba-4000-b445-67c14adb7340,6992c696-9e50-4013-b537-fdf12d8a8d50,ce6ae59f-fc40-4e17-bf03-66f9d20b800f,2026-07-06T07:56:09+00:00
ddad253b-8dff-4c5a-bd0c-5b1ca0877fae,551f6f8a-3060-42ef-84a0-b1dfe9a02355,d789fe7f-6977-4b4a-91ee-76ecc7a7dae8,2026-08-30T18:56:53+00:00
fd0eadc6-62d9-44d3-b803-7e720d02bf14,551f6f8a-3060-42ef-84a0-b1dfe9a02355,501e8ce4-ec88-49ee-8091-df9797903b55,2026-07-28T08:26:17+00:00
5d7b5a54-d76d-48ea-8fc0-471ae1872314,25b1fbbf-933d-4150-97a1-d9c0cb769058,6c1ecb78-38c9-4d52-b536-8463029f3a65,2026-07-12T22:40:46+00:00
86e8334a-dbfa-4aa8-a062-8501c878a496,25b1fbbf-933d-4150-97a1-d9c0cb769058,14de7a21-0292-46d5-91cf-5ab7a5ec694f,2026-07-08T06:35:14+00:00
ec539769-19d5-4299-94eb-32f8682bd8b4,25b1fbbf-933d-4150-97a1-d9c0cb769058,e81d0345-b7a4-4bc0-82b3-de121ed5ff87,2026-07-08T07:34:17+00:00
12792c33-1111-472e-90c1-280e580327af,76523ad9-620b-4649-8d3b-963e3256d884,6e62d7bb-6bda-4ea0-82c5-87c508932975,2026-07-08T21:16:47+00:00
8989ffa3-6ee0-4c27-acb7-8cb3cbd7f3a8,76523ad9-620b-4649-8d3b-963e3256d884,e56963cb-53f9-4240-97e8-786e9f766dec,2026-07-21T06:07:31+00:00
b03e470f-b963-426a-8a39-58029fea0cca,76523ad9-620b-4649-8d3b-963e3256d884,e8bd6718-0ee1-4de3-9813-716c81bea5a5,2026-07-25T15:43:52+00:00
133c9eb3-af4b-4f7b-a0f5-3e6f4e169ef1,76523ad9-620b-4649-8d3b-963e3256d884,2e33ff49-a484-4f82-95d2-dc4216703bb3,2026-08-14T07:24:50+00:00
d30b31c6-6ad0-4ab0-934d-341ee8084a95,76523ad9-620b-4649-8d3b-963e3256d884,be814268-912b-47b4-8181-c0ede2b04826,2026-07-22T20:48:22+00:00
ae0bfda5-34ef-42da-af49-71eb6a4476f5,76523ad9-620b-4649-8d3b-963e3256d884,1162a399-ae84-499c-86eb-5c0b8d4bd19d,2026-07-13T19:27:07+00:00
acef1239-edec-4206-8915-5e0d32bd5b3b,76523ad9-620b-4649-8d3b-963e3256d884,ff1dc571-d626-480e-b098-a50d60c896af,2026-08-14T14:15:36+00:00
6251a1c4-de0e-4d28-9a1b-9989fd95628f,6f882891-0391-463e-b5ef-fd5844c90317,bf2702a9-36af-4152-9711-7fbe97eb016b,2026-07-17T05:43:33+00:00
83492d02-6922-4601-9ab0-ae039ce10ec8,b6ca8416-77bf-4464-a406-cef96ff0ff7c,6e390a5d-a88b-459f-8658-6a51166be2f7,2026-07-09T07:55:13+00:00
184faca5-565e-4d8c-a826-b889cbd47bb7,fc497886-92c4-4a5f-917f-1363ad8c7936,373a53bb-6b51-442f-ac4b-1d028d9af863,2026-08-22T20:40:00+00:00
7860eff2-2d33-4f27-9fd7-2a4695301829,fc497886-92c4-4a5f-917f-1363ad8c7936,ac4cd2de-69ac-436e-b67e-c476f7f37a57,2026-07-17T03:40:55+00:00
172aa8e4-e4f2-46c3-b615-ef4b0f851252,fc497886-92c4-4a5f-917f-1363ad8c7936,577c7c58-b348-4b59-a994-19cbf0bd8b7f,2026-07-13T06:30:25+00:00
4da74c9d-9b63-46df-b65a-c7cd0d52ec0e,fc497886-92c4-4a5f-917f-1363ad8c7936,f4b0199b-48eb-4354-a8fe-03676e9169f9,2026-08-23T04:43:38+00:00
4bc7694d-bb19-4356-8f17-78e55e39586e,fc497886-92c4-4a5f-917f-1363ad8c7936,c2d0b978-f0b1-4bed-b592-d8a8b2426dd6,2026-08-16T07:25:54+00:00
84769f35-64de-4699-bf60-f06c260ded86,9c2277c6-c135-4437-9ee0-f668c9f8a154,02c1d507-009d-47f5-8e88-a3363b53d214,2026-08-31T23:56:46+00:00
bfc84918-a661-4198-b591-66c949d18030,9c2277c6-c135-4437-9ee0-f668c9f8a154,5c16ef18-8047-4cc4-806c-4ef9df6de907,2026-07-17T02:46:06+00:00
ff79aff8-6e2e-47f9-afed-82646b3e8aea,9c2277c6-c135-4437-9ee0-f668c9f8a154,d103d768-2880-46ed-b2c3-6b7b04ebc1d8,2026-07-13T12:00:46+00:00
be5608a3-4030-4173-941a-ca1c6f578664,9c2277c6-c135-4437-9ee0-f668c9f8a154,52f70005-a5bf-40e4-b8a6-5507f64e2acf,2026-07-12T15:37:45+00:00
b626903e-1bce-4736-b13f-539faf6f1bfe,9c2277c6-c135-4437-9ee0-f668c9f8a154,0474d78b-b695-4c1a-967f-6fc9587ddc43,2026-07-12T00:58:39+00:00
6a11252b-0bc9-4afb-a171-f87ed3ca2fca,9c2277c6-c135-4437-9ee0-f668c9f8a154,14de7a21-0292-46d5-91cf-5ab7a5ec694f,2026-07-14T19:02:47+00:00
e6b18dd5-0f75-4d7a-b334-89429829e832,9c2277c6-c135-4437-9ee0-f668c9f8a154,4366727f-cad9-45ec-ac07-3b7e024b94a1,2026-07-31T00:29:21+00:00
b6cfd068-0cc6-4510-aa89-636ce6a56523,a4be9dad-0983-4f26-ab8e-ddfeccdef484,0e164fd3-3756-4f01-a71d-7a130995921d,2026-09-01T11:40:03+00:00
20cf49ec-ccaa-4668-8b62-61434e5cd7f3,5f1088d0-5636-402b-9c25-b5a5c3bb9510,e3d856ad-6787-404e-8e93-f255933c3680,2026-07-09T12:55:44+00:00
e501b6f7-aeab-43d6-a2b9-bb72eca62338,5f1088d0-5636-402b-9c25-b5a5c3bb9510,468552db-87c2-40a1-b501-f637c4f5d75a,2026-07-11T08:35:59+00:00
48e65345-a22f-48c1-953c-5326aede2236,d35fb347-33c2-4c1b-9b8d-10460c451c09,8ced966b-96fc-45a7-b2fd-f43f6a26b92a,2026-07-11T04:09:17+00:00
09ee96b5-38f2-4e9a-b233-eba9c602e29e,d35fb347-33c2-4c1b-9b8d-10460c451c09,3b30a6e4-3c57-4bbd-9b03-022e7facb880,2026-07-10T21:00:08+00:00
a154996b-51c4-48a4-88aa-3a87280ee270,d35fb347-33c2-4c1b-9b8d-10460c451c09,904d370b-c057-4076-ab96-6f35351482c2,2026-07-10T09:59:59+00:00
e83b5835-8c0a-4fee-8291-dcfdf16fd88a,d35fb347-33c2-4c1b-9b8d-10460c451c09,2dac0197-e076-459a-8d9a-034a44933296,2026-07-09T18:12:02+00:00
4e8af632-ea1f-4e31-aa84-e398fa28242c,d35fb347-33c2-4c1b-9b8d-10460c451c09,d04a9725-4a5b-49d3-971a-6c7bbb1d7355,2026-07-13T21:42:52+00:00
f2098630-e607-45bd-91ee-c2659214cdb7,240141c9-63ce-49cd-8455-b5834065836a,cf7bc542-a4a8-4473-9640-41c0acb7aea5,2026-07-20T10:00:07+00:00
7fe7a99a-0d7f-4179-90c0-a904bd853344,240141c9-63ce-49cd-8455-b5834065836a,8d5b08cd-a9b3-424d-b178-65d65f5998af,2026-08-20T21:56:16+00:00
f5c306fd-ddb9-4a57-8fef-78969a77c385,2d8833f0-0dd3-452d-b940-83ec4ddd6caa,1c0c4b2f-60d7-4b18-b6d0-96a64e9d85cf,2026-07-11T05:57:55+00:00
013f85ef-950b-49c0-99c7-7913212013e8,ce9a93ce-2287-4a99-86f3-a682ee839146,a699aa40-0fdf-4212-a0ef-24d84d61c465,2026-07-19T20:45:13+00:00
c05e7b8e-d9e2-4025-8957-4dfdb7899104,ce9a93ce-2287-4a99-86f3-a682ee839146,01ad5d19-51ac-4277-bf22-13bac68b5a71,2026-07-28T04:16:30+00:00
25293aa1-f0aa-40a8-ac8c-6eadf1d324bd,ce9a93ce-2287-4a99-86f3-a682ee839146,5d1a62df-3bdf-4836-a4d0-5dd139fc5e81,2026-07-18T14:21:57+00:00
f0149690-0241-4c49-b4ad-a233ea708260,676cca08-ae3a-4344-a4c9-cba988396b91,f4b0199b-48eb-4354-a8fe-03676e9169f9,2026-08-01T15:23:49+00:00
c7988182-ad7a-4308-aa58-3e63e40eb3df,676cca08-ae3a-4344-a4c9-cba988396b91,43dbd776-bd4c-4ef1-933a-59af47a589b5,2026-08-22T17:00:05+00:00
8d1a269d-694a-4155-9b40-e75b005e58eb,676cca08-ae3a-4344-a4c9-cba988396b91,6eaf2004-a475-4bbd-b327-ceb492d267a7,2026-08-22T08:09:08+00:00
05e85257-363d-4f44-b2c0-694573267e58,676cca08-ae3a-4344-a4c9-cba988396b91,94fe657b-e446-422e-8233-465a217764d5,2026-08-08T03:15:08+00:00
639ee76b-be69-43bb-9ee1-8084ca6a2c35,25ca5795-facc-49bb-865e-a858685bb3ee,717aa351-fab1-415d-aa39-5e7d6202e3d8,2026-08-26T07:06:53+00:00
96810053-0f6f-4983-97f0-b090de95ed3a,25ca5795-facc-49bb-865e-a858685bb3ee,501e8ce4-ec88-49ee-8091-df9797903b55,2026-07-16T08:52:03+00:00
dfd81abd-976e-4ac6-9851-a08c15ea91bc,25ca5795-facc-49bb-865e-a858685bb3ee,8b2968bf-8ea1-47c7-9c02-7ef1cd908f61,2026-07-11T23:18:29+00:00
822d7560-a640-4d96-b5df-08c15ecf93bc,25ca5795-facc-49bb-865e-a858685bb3ee,373a53bb-6b51-442f-ac4b-1d028d9af863,2026-07-17T00:30:57+00:00
f67a8184-4cf6-431f-9e45-7c2b52f4c0df,25ca5795-facc-49bb-865e-a858685bb3ee,5fe592da-0d87-421c-93e1-8e7df2988983,2026-08-29T04:23:55+00:00
ecc71d25-5796-45aa-bb08-7edd05cf821c,25ca5795-facc-49bb-865e-a858685bb3ee,f46fae0a-66ed-4c74-baa7-7380e11570dd,2026-07-12T01:18:44+00:00
52b6318d-d7e5-479e-b4c8-0eebc1e02f75,25ca5795-facc-49bb-865e-a858685bb3ee,419a8edd-8c3e-484b-9354-7867568dd931,2026-07-18T18:59:23+00:00
72b131ee-dc69-4a75-be3b-1ba98d029f55,25ca5795-facc-49bb-865e-a858685bb3ee,54a2a625-bd21-4b18-9846-ae29de006ea2,2026-07-23T13:29:41+00:00
a468fb20-15ab-4a61-b2b6-b110c250d626,25ca5795-facc-49bb-865e-a858685bb3ee,5d00b0e3-2e7d-4703-ac82-a0935fb970f1,2026-07-20T02:26:10+00:00
f19d321c-432d-42ef-bb8f-49342857ae00,25ca5795-facc-49bb-865e-a858685bb3ee,1e35bc63-b9b9-4dc0-bbca-ba32d6a1676f,2026-07-12T02:06:29+00:00
e020bb92-1e16-4835-be0a-8fdde965044f,25ca5795-facc-49bb-865e-a858685bb3ee,6c1ecb78-38c9-4d52-b536-8463029f3a65,2026-07-13T09:07:54+00:00
5ca76d79-b6f6-4850-91de-f3cfe2a8aef3,9c52f18c-6734-4c1b-9fff-5051502c2efb,47de6634-f271-4dda-8c9a-4cb60daa2a03,2026-08-03T14:28:07+00:00
b77e00f0-29d0-4894-a9fe-a0d4f3959336,ab5b2f54-0e5f-4227-a1d9-274962ad55b1,02c1d507-009d-47f5-8e88-a3363b53d214,2026-09-01T07:30:34+00:00
089f2307-2511-4115-88df-e535d0c336fc,ab5b2f54-0e5f-4227-a1d9-274962ad55b1,38736e97-8380-4bc8-9d40-b95a6d5761ef,2026-08-31T18:30:56+00:00
db10f52e-e335-423a-9160-c6f51265c790,ab5b2f54-0e5f-4227-a1d9-274962ad55b1,f4b0199b-48eb-4354-a8fe-03676e9169f9,2026-08-26T06:19:44+00:00
2e3f1159-d163-4483-9fbb-108b050404c5,ab5b2f54-0e5f-4227-a1d9-274962ad55b1,47de6634-f271-4dda-8c9a-4cb60daa2a03,2026-07-12T12:04:03+00:00
f8569b39-47e1-413f-8b94-3efb6faafad1,fd1725fe-31f6-4a35-9484-c741c7fbebbc,a4435821-88f2-470f-8792-58ce92993496,2026-09-02T10:01:00+00:00
0677a347-6f19-4021-a94d-a16b5f5f4143,fd1725fe-31f6-4a35-9484-c741c7fbebbc,fee6b0c5-a98d-4b4e-a30d-2cb91bee01ea,2026-07-24T07:52:14+00:00
969f78d2-12bd-47fe-b429-54993acfa48c,f6c2aef3-5efd-489b-b106-6ff9215224e1,323eb581-df66-495e-b4c3-b8d51316dccb,2026-08-18T11:04:56+00:00
c8c497ef-cb0a-46f1-afd0-203c38f49b10,f6c2aef3-5efd-489b-b106-6ff9215224e1,e65dbaf8-02e5-4e0e-a975-b67690763c60,2026-08-19T07:46:45+00:00
ef06c27d-4101-40ea-bbcb-025a8f437ef7,f6c2aef3-5efd-489b-b106-6ff9215224e1,f91ff251-1181-4bdc-acdc-09ddd07c0f6b,2026-08-07T06:35:08+00:00
c0c34298-8343-49ed-a8cb-1c9f90891d9f,f6c2aef3-5efd-489b-b106-6ff9215224e1,6423836f-839b-4455-9791-d85c98ea5f5f,2026-07-14T09:43:33+00:00
6769107a-8572-4944-8507-fe67aaf44c3c,f6c2aef3-5efd-489b-b106-6ff9215224e1,09df0479-c184-43eb-84fc-57806ea9743a,2026-07-19T22:54:45+00:00
696986db-c697-461c-b23c-0077b07806f4,4b0db089-b073-4912-ab4e-e247d93d0a66,b7fef60e-e709-4148-b2be-091d4a9dc1a5,2026-08-20T11:14:50+00:00
7e9d61c6-17f0-4fe3-8bdd-f909789d2733,4b0db089-b073-4912-ab4e-e247d93d0a66,373a53bb-6b51-442f-ac4b-1d028d9af863,2026-07-19T21:17:11+00:00
6b8293fb-e948-4018-8c75-b1ed6bd8d1be,4b0db089-b073-4912-ab4e-e247d93d0a66,eebbf0ad-7bc9-40f9-a39b-9952f8048f24,2026-08-13T20:10:34+00:00
87a70002-2435-4b72-91d6-087ce74d8f9d,4b0db089-b073-4912-ab4e-e247d93d0a66,bacf1c32-002e-4d62-8c6c-221609513f2f,2026-08-02T09:12:12+00:00
8605f5a2-5d62-4a53-a209-28cb68f4578d,4b0db089-b073-4912-ab4e-e247d93d0a66,dc64b030-9ad0-4b7f-aa39-1ea19decb440,2026-08-26T15:12:50+00:00
75d63c69-05e7-47ff-8c57-a8f897e2a5e4,4b0db089-b073-4912-ab4e-e247d93d0a66,1fa4ca79-e386-4977-9032-f42a85558d36,2026-07-14T20:14:20+00:00
db6d492d-618e-46e1-9a8c-3f0f5b5606d0,4b0db089-b073-4912-ab4e-e247d93d0a66,89d77857-c92a-42dd-af96-5df74aa05d59,2026-07-18T13:56:05+00:00
e36e9e5d-7bb9-419c-bde3-6b580b5bdb1c,4b0db089-b073-4912-ab4e-e247d93d0a66,7844c024-2ced-4ed0-9417-6303bff60ab5,2026-07-23T14:35:42+00:00
4c76a54d-86d0-4b6b-9ad3-46d2fdc33229,4b0db089-b073-4912-ab4e-e247d93d0a66,6dfbbf9b-099b-425f-a0b4-4d13ee683924,2026-08-27T01:18:01+00:00
92dcb4da-424c-49f8-852f-5d0db0c1290e,e64c68d4-846b-4e12-95d0-9a3807341ee7,a1e4b04f-3354-4716-9914-0e447f91fb26,2026-07-26T22:05:02+00:00
01d67ae5-27ac-45f2-bc93-ea5d50dc5540,e64c68d4-846b-4e12-95d0-9a3807341ee7,1fa4ca79-e386-4977-9032-f42a85558d36,2026-08-02T16:47:27+00:00
c04b498e-e830-4560-9881-aaba0465ffc4,56363f5a-36b6-407a-98c6-afbc886dfd29,9ce8ad86-b5f1-4d08-a8d6-d8b25b7f8f86,2026-08-21T07:28:17+00:00
b48a012f-b7d0-41a1-9406-8de2151c73d8,42d5dab9-f05f-4f6c-b341-14d9f4aaa12e,34c4679a-d188-4ff3-b1e7-463f1c6bc2f7,2026-07-15T22:49:26+00:00
f70894bb-d08f-4608-bd0a-05b16de541de,42d5dab9-f05f-4f6c-b341-14d9f4aaa12e,a0e2974c-e309-4d0a-be48-f7744ff2a50d,2026-08-05T07:12:41+00:00
e53eb37f-ba68-43d9-aa3f-3729d5e8514f,42d5dab9-f05f-4f6c-b341-14d9f4aaa12e,633e35cc-49f2-45eb-961a-e210bcd9d073,2026-08-30T04:27:54+00:00
9ed5c765-95f9-4542-95b5-e5bf3ec43b84,42d5dab9-f05f-4f6c-b341-14d9f4aaa12e,92b26b2d-f521-4368-bfd5-7368f4d4b7d2,2026-07-15T11:52:24+00:00
73a1f8f5-26ce-45aa-9d7c-01dbcfca3d44,42d5dab9-f05f-4f6c-b341-14d9f4aaa12e,a205c273-238b-46b5-a568-acfdd37cecb7,2026-08-03T20:12:08+00:00
0fef044c-dcaa-4c1f-bc3a-7a228cb71b97,42d5dab9-f05f-4f6c-b341-14d9f4aaa12e,b3756f66-bc0a-4be7-b18e-d5a43ae2cb20,2026-08-15T19:31:18+00:00
a3778ba0-3b9e-4646-b9c4-697f836d7ec8,42d5dab9-f05f-4f6c-b341-14d9f4aaa12e,89d77857-c92a-42dd-af96-5df74aa05d59,2026-07-15T18:12:06+00:00
528245a4-d5ed-4962-9e95-15a0157fbebe,42d5dab9-f05f-4f6c-b341-14d9f4aaa12e,52d44442-4dbc-40af-bbe3-a97d1e165b33,2026-08-03T20:13:09+00:00
90fff6f3-8230-4660-8263-09430a86ac85,b41d8d06-5e4a-41a3-81b5-dfc6afa19c46,495a3aa3-44af-4038-8197-d87257807cf3,2026-07-17T01:32:46+00:00
02c4cddd-b9fe-421c-8c98-944fab31ba91,b41d8d06-5e4a-41a3-81b5-dfc6afa19c46,10052c3a-4cb2-4d00-a0bc-2b3ec6334ca5,2026-07-17T10:08:24+00:00
4505a1a2-ae97-4e30-99ef-5d76bb44c509,b41d8d06-5e4a-41a3-81b5-dfc6afa19c46,0675ff4e-03a1-4a1b-91f2-4e5095585649,2026-07-16T19:05:18+00:00
dc78eb9a-62c7-4d5b-97d3-9975a7a86d13,54641876-9be8-47d3-9c1b-d3e5ea583b7c,0e164fd3-3756-4f01-a71d-7a130995921d,2026-07-16T11:56:51+00:00
fdbf963d-3cc3-4596-a8ca-2c60a56378a4,270f7090-9bde-445b-83b4-0827df2c7cc2,223b052c-55c7-4152-903d-0f666656212e,2026-08-16T23:49:49+00:00
e29aa69d-9a41-41f3-90ff-cb1055ac78ce,270f7090-9bde-445b-83b4-0827df2c7cc2,c2566d73-7996-4de6-8297-ed01fb83a333,2026-07-20T00:58:05+00:00
e7f10f27-7def-46eb-877c-5c7a34e885ad,270f7090-9bde-445b-83b4-0827df2c7cc2,50ea7e0c-7da9-4f50-8495-8e484fcefdfd,2026-08-09T22:32:50+00:00
a316c43b-2a1b-4199-a15c-2c7db4147082,270f7090-9bde-445b-83b4-0827df2c7cc2,3c93bac9-6c00-45ff-868a-2fca9fd92411,2026-08-10T08:42:19+00:00
1f2e07b6-59b7-4176-97da-86bc6712a339,270f7090-9bde-445b-83b4-0827df2c7cc2,8d2b7914-36a2-4975-9e44-eacb4adeaa0b,2026-08-30T06:57:31+00:00
4464f888-0131-477c-bd0e-e51c9e7f60a0,270f7090-9bde-445b-83b4-0827df2c7cc2,5e792d2c-8426-4884-9092-5acfa7c688ed,2026-08-06T09:54:17+00:00
f7f7dedf-8bf5-4b6f-be52-52ae13a72409,e5646805-8b58-489e-b1a4-88ae429d3e93,0675ff4e-03a1-4a1b-91f2-4e5095585649,2026-07-18T03:53:59+00:00
8e64f4a7-ac67-4b48-b47e-197f1d73ab3a,bcad60d1-05a9-4cbe-90d1-0763d0697f0c,529918b7-4817-40fc-b552-52aa5098a29e,2026-07-20T21:01:11+00:00
b4036cfb-7aa2-43f7-8dfb-76ad098bd2fc,bcad60d1-05a9-4cbe-90d1-0763d0697f0c,6c1ecb78-38c9-4d52-b536-8463029f3a65,2026-07-22T15:48:54+00:00
c8e1b203-418e-4109-b75d-5dcbf318e45e,bcad60d1-05a9-4cbe-90d1-0763d0697f0c,6a1f02ee-4734-484a-9340-301d6b261f57,2026-08-02T21:34:09+00:00
1e043d0b-4dbb-49ca-9777-ba38ffdb29f5,bcad60d1-05a9-4cbe-90d1-0763d0697f0c,b3756f66-bc0a-4be7-b18e-d5a43ae2cb20,2026-07-18T07:39:42+00:00
25482055-9d05-4488-85a2-073257dbc6c9,bcad60d1-05a9-4cbe-90d1-0763d0697f0c,0df66891-b25c-4d7b-98bc-826d9e286a20,2026-07-21T06:42:54+00:00
1812c82d-b1bc-4357-857c-f1aba404474c,deb8c97e-2718-4f90-bfd2-fcd624b9646d,54f26470-51db-447f-8c40-86bc6859b21b,2026-08-12T02:37:06+00:00
c27bcf66-185c-4c12-a7c9-9827808f7d20,deb8c97e-2718-4f90-bfd2-fcd624b9646d,ad2f999d-f1b6-41a4-a695-aceb650a5b74,2026-08-01T15:15:52+00:00
8aeda9a5-3358-402b-bde7-5ef709565494,deb8c97e-2718-4f90-bfd2-fcd624b9646d,6fadda54-a15d-4010-be7a-2f23d4461cf9,2026-07-27T19:30:31+00:00
f9e9f512-3c4b-432f-b3e9-00c4f7bcc13b,deb8c97e-2718-4f90-bfd2-fcd624b9646d,40b381d1-9fae-4307-9737-cc332f541b94,2026-07-31T06:04:07+00:00
66404fa6-aa23-4dc6-92e3-101cf59afa4c,0caa2983-cfc2-4cb5-9f2c-641dad51586a,b3a19bd7-50cb-456c-b659-629d5699c870,2026-07-20T09:35:03+00:00
eb6fd156-21dc-4acb-910e-d77389cd871f,0caa2983-cfc2-4cb5-9f2c-641dad51586a,7a418f6e-c8b9-4225-914b-120e93fc68f9,2026-07-24T14:28:55+00:00
f3caae19-62d6-485c-aa82-c1e9d217703c,0caa2983-cfc2-4cb5-9f2c-641dad51586a,b540e2ad-1d7b-470d-a801-1c394b7830b8,2026-07-24T08:30:54+00:00
77d706c3-9284-4c84-a7f3-5b3c5dca7694,44f6d201-0f68-44dd-b0e6-8995bf9d58af,0183dc00-5b81-4d6d-aa94-59a230ee274c,2026-07-21T09:05:50+00:00
e7d9c95b-f053-4457-8100-e3fae944fb49,2eaf8d9a-9e09-483a-9755-9f6f83a00790,0474d78b-b695-4c1a-967f-6fc9587ddc43,2026-07-22T19:06:24+00:00
00418773-67aa-4e5e-b50b-953bd211439f,2eaf8d9a-9e09-483a-9755-9f6f83a00790,dfb7e95f-260e-477a-a24a-a98cf163a43a,2026-07-28T02:06:32+00:00
1eda5707-e7af-4487-999e-a49f3f3bf84d,2eaf8d9a-9e09-483a-9755-9f6f83a00790,1fa4ca79-e386-4977-9032-f42a85558d36,2026-08-31T19:45:37+00:00
8c902cfa-5bc4-4b1c-91d6-aca32f2cf4f4,ef77b50d-023d-4e4b-a6d1-0b1c63b0544a,8d03f92a-b2fe-4c08-869d-2b9e1a04c1d7,2026-07-30T07:11:46+00:00
ac3bebe2-df7b-4664-bb02-5ae5bf2ffb8c,ef77b50d-023d-4e4b-a6d1-0b1c63b0544a,c5c387fc-8cce-4d21-8e67-f9a537bce316,2026-07-30T05:03:01+00:00
eab34494-db0c-42e6-ad4e-3394f5f50ba3,ef77b50d-023d-4e4b-a6d1-0b1c63b0544a,50ea7e0c-7da9-4f50-8495-8e484fcefdfd,2026-07-24T03:03:06+00:00
e2482e36-d08a-4790-80cc-a598cd688d4e,4c36ee05-19a4-46ca-97b0-e9c1f05a9cc0,46d70937-d07e-4077-b289-a72c50dbc1f5,2026-08-11T05:55:22+00:00
678a0922-8a27-4920-9634-0bdb11768899,31855c33-4a5d-4541-a625-05c472f49f20,5d1a62df-3bdf-4836-a4d0-5dd139fc5e81,2026-07-27T05:01:34+00:00
734e0c29-9426-4983-95ee-2d84199a4aa2,31855c33-4a5d-4541-a625-05c472f49f20,5c27de08-e263-49f8-b85c-5d1bfb70223d,2026-07-23T05:34:03+00:00
085588f5-2215-462a-8d36-772672e87c9c,31855c33-4a5d-4541-a625-05c472f49f20,a9cdac52-fb98-4fca-a99d-9127b6f2d083,2026-07-23T08:22:29+00:00
6decac4d-acf5-46f8-b319-66910eaf7e79,afc1efd9-06c7-49b6-b1c6-f1791e708980,b126e808-1a11-4d61-af32-05384751f291,2026-07-25T13:26:47+00:00
a3038bf6-e2f1-43b1-ab26-7693075f2835,535c08c7-7d33-4af0-a722-c8878ff7f388,b2934820-ad75-476f-ade6-054a7c89f295,2026-07-30T08:56:57+00:00
88471732-81f2-46a0-a85a-1a412ad5ce5d,535c08c7-7d33-4af0-a722-c8878ff7f388,ae55ec52-cef0-4a81-8e34-dbdc085d2573,2026-08-29T12:51:13+00:00
34b3782e-5519-43e0-b23f-89f007c461d0,535c08c7-7d33-4af0-a722-c8878ff7f388,443b392f-72a1-4279-ae51-a849f1fedfff,2026-08-18T23:52:22+00:00
6f5b52bd-f5ec-4b24-b4b2-586791c481ba,535c08c7-7d33-4af0-a722-c8878ff7f388,373a53bb-6b51-442f-ac4b-1d028d9af863,2026-07-25T16:02:58+00:00
a29db564-2fe6-4bfb-8f99-14aa4ce385eb,535c08c7-7d33-4af0-a722-c8878ff7f388,1c0c4b2f-60d7-4b18-b6d0-96a64e9d85cf,2026-07-26T02:19:00+00:00
dc83ff98-470b-4408-b1c9-2bcdc800c149,535c08c7-7d33-4af0-a722-c8878ff7f388,fda29f93-a3e8-4fb9-84ba-b9b7b56ec5c2,2026-08-24T13:15:36+00:00
7bfa34b6-823a-4851-a030-8dbfe8f9b9b3,fcbb9bdf-0b3e-47b1-8328-d6a0047f2ac6,dce19236-e6ac-4b25-8861-f9bf621963fd,2026-08-01T03:05:08+00:00
4cd03991-fed5-4079-bc14-dcf89ba69ed2,fcbb9bdf-0b3e-47b1-8328-d6a0047f2ac6,580cef17-440c-4dfe-9629-5e7dcbd52995,2026-08-09T00:31:21+00:00
dc6c3468-8381-4fe2-bb5a-4647c9f36c2e,69f9a1cd-ac7e-4b27-af2b-5048e146a581,42ddf256-149e-4757-b88b-4e24c8e6cb76,2026-09-01T23:53:40+00:00
d9de9966-74d5-4ee5-8cb5-c5a417c14528,69f9a1cd-ac7e-4b27-af2b-5048e146a581,dd31032b-6dd2-426d-bfc1-f03e9f5eefa1,2026-08-04T22:42:04+00:00
1443ff85-f48f-4400-bef3-9b11701e5b1d,69f9a1cd-ac7e-4b27-af2b-5048e146a581,d4e30b6e-aa93-40ee-8750-e1f001abcea7,2026-07-24T02:38:12+00:00
72c00c7d-9918-4f09-ab4d-9bdf998715b8,69f9a1cd-ac7e-4b27-af2b-5048e146a581,481984d9-8844-4ba6-aecf-3d3fd3c177fd,2026-08-13T15:23:46+00:00
47f4d467-4e7e-47f2-ac8a-897f24788f8e,69f9a1cd-ac7e-4b27-af2b-5048e146a581,b9468cb9-ed1b-40fe-a021-2f6da1f2925d,2026-08-03T19:10:39+00:00
503d00a8-a316-4b22-922f-d0ee2066852d,69f9a1cd-ac7e-4b27-af2b-5048e146a581,ddff96e0-22a2-4dc0-8484-2c55ebac5db3,2026-08-03T05:31:02+00:00
a22fb775-5d81-46ab-8a2c-3d10816c6878,69f9a1cd-ac7e-4b27-af2b-5048e146a581,f588c9b7-219c-42f4-8026-81909c76658e,2026-07-24T10:42:44+00:00
47d26dc9-a127-4fc3-810f-477dbd544d07,1444edcf-cf38-460d-9e96-2bbeea3e0543,9f74975f-3000-4ef2-b2a2-1cdac8513b60,2026-07-28T16:32:30+00:00
655b7e19-968b-4b9b-bdd8-577aba59ab9c,1444edcf-cf38-460d-9e96-2bbeea3e0543,4ebe2d9d-c6fa-4b8d-9722-091f249504c7,2026-08-03T23:10:13+00:00
6596e966-5674-45cc-9cf3-ad9538828632,164f73cf-f3f9-4f37-8b2f-a8672d0aaec8,b22f58da-fef5-4d8b-9629-3058c5211605,2026-08-08T10:49:44+00:00
56c76ae5-dbc8-411f-8dd4-9e9fc4b4dbdd,164f73cf-f3f9-4f37-8b2f-a8672d0aaec8,904d370b-c057-4076-ab96-6f35351482c2,2026-08-18T05:09:29+00:00
71501eda-a1c3-426c-b104-2a52bfabb76e,164f73cf-f3f9-4f37-8b2f-a8672d0aaec8,0df640c9-0d2d-4b14-986d-e7651c61fdff,2026-08-30T14:54:11+00:00
514f092e-f7cd-4618-a97c-43cd8f24fb4a,164f73cf-f3f9-4f37-8b2f-a8672d0aaec8,19d0052f-3a95-45b1-a564-0bcf21862cd4,2026-07-24T20:10:12+00:00
6061fedd-06b3-407f-9830-89e5d31d2f2e,ef41dec1-5922-4f0e-94aa-a87cd8e8f8ab,e6ac3080-e405-47c5-b78b-6c37ea355a02,2026-08-29T14:29:08+00:00
83d09fa3-b6a5-47f1-b99e-8f9a0e893fb5,ef41dec1-5922-4f0e-94aa-a87cd8e8f8ab,f3556539-5f35-4383-aa20-f0818d9b4d26,2026-08-28T03:46:18+00:00
32848fb9-caa3-48c4-8fbf-f736db51b067,ef41dec1-5922-4f0e-94aa-a87cd8e8f8ab,6eaf2004-a475-4bbd-b327-ceb492d267a7,2026-08-09T20:39:33+00:00
99794361-9799-42bf-8fc6-3967e99ddfba,ef41dec1-5922-4f0e-94aa-a87cd8e8f8ab,2ad9462f-49f8-4d9a-8f1f-6f573c1e266f,2026-07-27T11:30:55+00:00
dc98e93f-1497-4872-bac7-90c56c391991,ef41dec1-5922-4f0e-94aa-a87cd8e8f8ab,f5c9aefe-bf7e-4ffb-ae21-2dd4d0dd04ff,2026-08-18T02:21:30+00:00
4201481d-8f8b-41e5-a19d-c05276cf0f41,ef41dec1-5922-4f0e-94aa-a87cd8e8f8ab,089faa8b-1b06-449b-905d-977d8b88b69b,2026-08-10T00:26:32+00:00
a5b4cce6-02d4-44eb-b030-9417a51e3f62,708b3d7e-c85e-4b41-8dc5-cad52ef764ba,819e531a-e9e2-4d6e-92fc-0f0bf2f0f251,2026-07-26T08:46:46+00:00
bea30c7e-c5a1-41b7-bd12-a01c28eb4483,708b3d7e-c85e-4b41-8dc5-cad52ef764ba,3e7caac0-1ca6-4783-9a3e-0aec999045f7,2026-07-24T23:56:23+00:00
66be5487-61d4-4b86-9925-d12acdb31f61,d643bed0-9991-48ab-82ed-e7046251c3e4,4c01c5e4-a2a2-4327-b389-b04521c5072d,2026-07-25T01:53:29+00:00
20a915d4-6d8c-43c7-8f42-7be38727e95f,d643bed0-9991-48ab-82ed-e7046251c3e4,681a768e-2c15-4f60-b8bb-6613e5d882f5,2026-07-26T02:26:01+00:00
0e5912ef-8e46-4111-87b0-3680bf7005fb,d643bed0-9991-48ab-82ed-e7046251c3e4,45f130cc-34a3-4ca4-9ab0-3af07f0467c9,2026-08-22T22:24:37+00:00
90f42cf9-5835-41ec-a948-cf1df8a7046d,0041abb8-dc84-430a-9fc9-30fcf056bcb1,073d319d-25c3-4082-88f9-0cbb7e686a6c,2026-08-03T01:52:21+00:00
75a84cf9-b950-4d4c-b872-298d1148ff6e,4323a6e2-b956-4d7b-98cb-cfcc542cef70,5635f843-b3b9-440c-a3b6-a80320986967,2026-07-26T13:46:05+00:00
db3bedea-c15c-48b1-bedb-88a727d41ae4,4323a6e2-b956-4d7b-98cb-cfcc542cef70,ffe376b0-b660-443d-9d11-cd993fa8abe4,2026-08-27T15:16:26+00:00
d3348c83-4895-4bb4-8a7a-a117ade74deb,4323a6e2-b956-4d7b-98cb-cfcc542cef70,44ee0402-719e-4795-b6d1-9697a6d0a515,2026-08-01T05:41:11+00:00
17be6544-8abc-4a5f-8659-2e4bada11634,1a72aff4-c91c-4131-a4fb-a6d8cfce67fa,a1e4b04f-3354-4716-9914-0e447f91fb26,2026-07-26T11:56:35+00:00
73552f56-3f4a-49bc-87f5-71c2c01b795e,26f4cb37-38e9-4540-8ef0-d5d0bb69299a,4df1de8f-107b-424b-b224-0ed52a3b292f,2026-08-02T17:39:29+00:00
ec1de2b8-5c4f-4191-a4de-6a184c102b0d,26f4cb37-38e9-4540-8ef0-d5d0bb69299a,0ade7a97-38bc-456b-952d-77f14e7154e6,2026-07-25T20:08:56+00:00
6fc443ce-a411-4d2e-b4dc-686fe9e3bcd0,bcf191f3-0904-4598-9e9f-a4771081809b,104d1676-bfe7-4914-bd0a-193b756100ad,2026-08-14T03:58:38+00:00
e3f88f29-ac53-4d03-8ed0-3f04de55d415,bcf191f3-0904-4598-9e9f-a4771081809b,6d1577ed-1dc7-4670-a35e-7ee03d6217a2,2026-07-26T04:13:36+00:00
69344ac2-de98-44c8-80a5-87b8791a984f,bcf191f3-0904-4598-9e9f-a4771081809b,6b83a412-875d-4f35-8ce5-9a2c67a093f6,2026-08-03T23:34:53+00:00
2a6bb82d-b5bc-4298-8b0a-51a03213f977,bcf191f3-0904-4598-9e9f-a4771081809b,9c4bc13c-455f-4bc8-af64-d6ff11a380b4,2026-08-08T06:04:11+00:00
aa53b58b-0ced-4efb-b20d-93a6680ba8dd,bcf191f3-0904-4598-9e9f-a4771081809b,3fc6331b-9394-4e27-8bfb-3d16fe1a97c0,2026-08-11T01:46:50+00:00
3935d546-7f81-45ce-9b43-26ddd819561a,bcf191f3-0904-4598-9e9f-a4771081809b,8fe4e224-dcb0-4a9b-9949-0b5731f46fb2,2026-07-27T09:29:21+00:00
67c43709-c436-48d6-b12a-3cb53ea2c84d,4d0a65ad-610b-4ea3-b7a0-d44fd41df94a,af587165-10af-4199-96d6-3bcb946bf36d,2026-07-27T04:42:45+00:00
dce7ea3b-9246-4e34-8083-8c4b2a1d1f21,4d0a65ad-610b-4ea3-b7a0-d44fd41df94a,fe1dae52-39dc-4990-be70-ac03aa8ee90a,2026-08-23T05:41:04+00:00
a5545511-78a1-47bf-b26a-c687a076dfca,4d0a65ad-610b-4ea3-b7a0-d44fd41df94a,b371ce5e-bc61-471a-9390-abad4474dcdf,2026-07-26T05:51:32+00:00
ce30158d-88df-4086-8302-f15054c6b089,4d0a65ad-610b-4ea3-b7a0-d44fd41df94a,f965e2e1-14e1-441b-bd2e-db6def83457a,2026-08-01T20:02:15+00:00
ca90a9a2-8a41-4340-b00e-6a5637591235,4d0a65ad-610b-4ea3-b7a0-d44fd41df94a,54f26470-51db-447f-8c40-86bc6859b21b,2026-08-09T13:16:52+00:00
1d05ff14-bbff-465c-a512-895223dfd313,4d0a65ad-610b-4ea3-b7a0-d44fd41df94a,fdf80e2a-8b01-4d79-a8c3-3ea29134c88c,2026-08-23T04:08:13+00:00
cda30fb0-0427-479e-987f-8da8982d42c1,4d0a65ad-610b-4ea3-b7a0-d44fd41df94a,5d1a62df-3bdf-4836-a4d0-5dd139fc5e81,2026-08-24T12:17:32+00:00
a5936a73-3f5a-45f1-bc12-40571e6d6fe4,4d0a65ad-610b-4ea3-b7a0-d44fd41df94a,ceb5b100-6d16-4a2c-a1ac-94145b871907,2026-08-07T13:45:15+00:00
912578ba-706e-4324-9f8a-6f0b65bc29aa,4d0a65ad-610b-4ea3-b7a0-d44fd41df94a,5c16ef18-8047-4cc4-806c-4ef9df6de907,2026-07-28T17:25:47+00:00
b435f3bf-aabe-417b-ab97-8693e98050b6,4d0a65ad-610b-4ea3-b7a0-d44fd41df94a,1d5d0e99-092b-4d98-baab-26f3c7b32aeb,2026-08-08T14:56:12+00:00
97b502cf-e15c-49d5-9e89-8d934b69ed83,4d0a65ad-610b-4ea3-b7a0-d44fd41df94a,23a55d2c-5ac7-43a9-a6a4-20734b79d7ae,2026-08-28T03:23:17+00:00
50932682-7dcb-4de2-9b77-52eb3d1cb033,4d0a65ad-610b-4ea3-b7a0-d44fd41df94a,3d8d407b-3444-4e37-ab6b-268253b5c015,2026-07-26T09:56:14+00:00
90ff8675-717b-4104-a1ca-0464b7395740,cf37f88f-19be-42cd-be98-37db9f6243e1,c3e6de0b-ae0e-464a-aeef-51bebdd50073,2026-07-29T13:47:26+00:00
35bb7de4-01ec-4d98-a3a8-c953b85ebcb6,0ec959ed-9cec-42c9-965e-78c26eaf23ab,53cbc155-02f5-409e-90b8-e1d1b8a42be9,2026-08-07T19:20:02+00:00
7a2f1b86-a349-43cd-afd0-05ccb6b6a59b,3bf26546-854a-49e0-a0d1-a61c966ab126,04ceced2-1e5d-42b0-9a6a-158e9a108c1d,2026-07-26T08:44:01+00:00
f28c4e8f-f28c-4e9e-bd6c-e7d2d519319a,3bf26546-854a-49e0-a0d1-a61c966ab126,7f332889-8032-467d-a20a-a0aadb0a6c98,2026-09-01T04:05:26+00:00
5a15dee3-1fb0-419a-b01c-d6b0aa20347a,fb5a979b-a1ca-4922-aac3-593e7c4996d1,f74c5434-3a39-4dc9-8fd0-1b4de52cff6b,2026-08-04T09:35:51+00:00
a3fa27f4-1d28-46fa-a7d0-a9d02526dc4b,fb5a979b-a1ca-4922-aac3-593e7c4996d1,c2566d73-7996-4de6-8297-ed01fb83a333,2026-07-28T05:11:09+00:00
b8788523-5425-448d-a0c5-f0bf785e4e9a,427e42f8-ff2c-4e88-8785-be511d76e4ec,630fe4a8-7f3f-4f97-93c1-03feb895bbd5,2026-07-29T11:38:50+00:00
6f058396-d9e2-4f6d-acc4-e1904ebecf36,30b37eb6-1bc4-41c8-9bcd-065c35cf3998,dce19236-e6ac-4b25-8861-f9bf621963fd,2026-09-01T05:16:47+00:00
40613000-9fed-45cb-b9d1-7f2742351dc3,1e80c500-64d1-4ab2-90ca-87084c1f1a23,caa94dc0-81be-4dfa-8bc4-fa28c1ea5e7e,2026-08-15T20:06:59+00:00
fcd5c719-c481-4321-b008-20a00361d9e4,1e80c500-64d1-4ab2-90ca-87084c1f1a23,e2bc1752-1983-472e-bbd9-c6fae7cac58a,2026-07-29T02:22:22+00:00
ee98cc23-dc7f-4151-8900-20299de2f553,cf07eefb-10f7-44c5-9dc1-0ca8531ebc18,2838c32c-7382-41b5-852b-5d048285eed7,2026-08-05T09:48:34+00:00
7c34107d-ea42-4cbf-8b17-137bf31424cb,cf07eefb-10f7-44c5-9dc1-0ca8531ebc18,4e2906a0-e445-4567-9bc3-c549a3448137,2026-08-05T12:53:44+00:00
55278077-96a8-48a5-8cd0-ae5a2cca6637,cf07eefb-10f7-44c5-9dc1-0ca8531ebc18,bf6c0e33-5fc6-4e92-8a2d-83065bf149c4,2026-07-28T09:18:39+00:00
faee0deb-1054-44f2-9a6b-3cfbec4e8842,51ae72d6-3cee-4620-9e2a-212fa5e9b5d9,cf7bc542-a4a8-4473-9640-41c0acb7aea5,2026-08-11T13:25:50+00:00
0588d33f-858a-4d14-836a-6f77979b079c,51ae72d6-3cee-4620-9e2a-212fa5e9b5d9,f1999cc6-bd96-4a94-b030-3072877f65df,2026-08-21T04:45:34+00:00
502eb99c-6f4f-495e-8b94-516a5cc4f4e3,7267c9a9-1bb7-4652-884f-d5df4c85192c,a9cdac52-fb98-4fca-a99d-9127b6f2d083,2026-07-29T16:37:57+00:00
91ac62ea-da49-4533-a60a-190e29772f62,7267c9a9-1bb7-4652-884f-d5df4c85192c,006472ad-ef7c-49dc-a9a5-5be63552c118,2026-07-30T01:57:12+00:00
6130f1ff-1b53-4623-90e4-9b39773b03b4,b46377e6-0742-4982-8f7e-3ef42d0b8fb3,87144f65-cce8-4440-b1c1-92d6c4ad5ac8,2026-07-28T08:13:54+00:00
3af8cfdc-7605-40ca-9f49-22e2b259b0e5,b46377e6-0742-4982-8f7e-3ef42d0b8fb3,3fc6331b-9394-4e27-8bfb-3d16fe1a97c0,2026-07-28T09:30:31+00:00
53bf3d61-527b-4750-9c64-86c56a5083e9,318e323c-e61f-482a-921a-32b61aedfc17,558257fc-53a1-45c0-9ece-75440adedee7,2026-07-28T23:26:25+00:00
f72033da-2b9f-4c03-aa23-195f656c88f5,318e323c-e61f-482a-921a-32b61aedfc17,6e62d7bb-6bda-4ea0-82c5-87c508932975,2026-07-28T21:22:47+00:00
aed79cab-fd97-4ef4-9f28-89e1d98cbf8f,b92c0710-79c7-4c48-82d8-5b92481391a3,459c517f-ee6e-4dd8-8e73-1f546778d794,2026-07-29T15:13:14+00:00
43540d04-1ba6-4b0e-848e-90d1ba62ae96,b92c0710-79c7-4c48-82d8-5b92481391a3,dce19236-e6ac-4b25-8861-f9bf621963fd,2026-08-30T17:51:59+00:00
c6a4862b-8863-4fa5-9a5c-c3010ad97633,b92c0710-79c7-4c48-82d8-5b92481391a3,56423c84-9e94-44e6-a034-0a21e231fbea,2026-08-05T20:21:39+00:00
fbe60409-a4a4-46d2-b90b-8256c80ec936,b92c0710-79c7-4c48-82d8-5b92481391a3,5e792d2c-8426-4884-9092-5acfa7c688ed,2026-07-28T13:41:58+00:00
ce5ef17f-f434-4fa8-8e65-51130c558af2,b92c0710-79c7-4c48-82d8-5b92481391a3,af42af94-15a3-4883-9130-24839fed9a09,2026-08-23T09:36:55+00:00
49303e4f-cded-4555-8f5f-c9c3f5587a91,b92c0710-79c7-4c48-82d8-5b92481391a3,2fdab17b-b531-49bd-b7bf-e2eccda6e5eb,2026-08-18T23:38:48+00:00
8b9ca84a-78a2-4bac-8dd3-90148ec05224,b92c0710-79c7-4c48-82d8-5b92481391a3,b0d125ec-566b-4830-9728-284dfbbab547,2026-08-02T23:15:07+00:00
50cbd36b-3af5-40c6-8514-20845313303e,b92c0710-79c7-4c48-82d8-5b92481391a3,c917de22-1a11-43a3-8cb6-6c865488a5b4,2026-07-29T05:05:43+00:00
04b4479f-49ff-4f5a-b76f-2cf3b35b7146,b92c0710-79c7-4c48-82d8-5b92481391a3,6e390a5d-a88b-459f-8658-6a51166be2f7,2026-08-06T05:41:56+00:00
755d3dfd-e337-4364-8096-58e24f61d278,9ee076c8-9170-4da0-bc76-30f9c82f2175,c3699fc8-6b69-4b20-bd17-1c0f5a24a795,2026-08-07T05:26:54+00:00
e23c42c1-6541-4bc8-8f84-faa83e4c040f,9ee076c8-9170-4da0-bc76-30f9c82f2175,c08ba214-af45-4563-93bb-a8e532a24418,2026-07-29T06:22:57+00:00
2dc6b498-c84b-4ad3-b52b-693d4812dd2b,7e26b2e2-de8a-40f4-9242-839f956517c2,1fba3799-d4cc-4a1c-84d6-51146012067e,2026-08-18T21:51:41+00:00
e58f8a27-2ee1-4256-822f-9c93f0095ee4,7e26b2e2-de8a-40f4-9242-839f956517c2,16a2805a-f042-40e2-a4f8-2002ffbe4cf8,2026-07-29T18:09:58+00:00
68aa3348-685d-408c-98f5-82c9aa3203b8,21b2cd07-7699-41c5-bf74-f9eb2bacd9d0,37b056fd-db76-44e8-887c-28d49a739c21,2026-08-05T13:26:00+00:00
cf50fd0f-23d9-4420-9b2a-e86b0172312b,21b2cd07-7699-41c5-bf74-f9eb2bacd9d0,4c01c5e4-a2a2-4327-b389-b04521c5072d,2026-07-30T04:52:39+00:00
4d605c4b-fc0a-42c5-8818-02647cd3ddd3,21b2cd07-7699-41c5-bf74-f9eb2bacd9d0,ce44b626-aa47-48a3-b23b-c2866dfefd6d,2026-08-11T13:38:45+00:00
12dfebe6-1ad6-4142-9f44-f929b2d3c34f,21b2cd07-7699-41c5-bf74-f9eb2bacd9d0,08a3481a-550b-4bbb-82c1-55804ba01127,2026-08-07T23:22:05+00:00
2181f308-4473-498e-93ef-9094eed37d91,0edeac43-6ee1-43a4-8291-b1b836bbb345,c0856bc5-aa1f-4d9b-908d-b8dac1c3d5ee,2026-08-20T13:51:48+00:00
af41187d-064a-424c-ab0f-aaaaa6cdabd6,b2f69dc6-923f-4a65-bd90-253c15f90ca7,06ca99ad-46e9-4d5e-a72e-48628968c316,2026-08-22T23:46:24+00:00
137370f7-ea86-4d15-9db7-00bcdd7f8a9e,b2f69dc6-923f-4a65-bd90-253c15f90ca7,ca9eb7cc-b0b4-4109-8c12-f728c1c22bd2,2026-08-06T14:35:32+00:00
ad0ce10c-791b-430d-9c8f-2c85a2b42911,b2f69dc6-923f-4a65-bd90-253c15f90ca7,2ad9462f-49f8-4d9a-8f1f-6f573c1e266f,2026-08-12T18:19:32+00:00
884f8ee7-4642-4e83-8cf8-aebe51363fb8,b2f69dc6-923f-4a65-bd90-253c15f90ca7,df691f30-136a-487c-b5bc-1071c74717ae,2026-08-11T23:18:14+00:00
90c6877f-1da7-4f6f-a91a-a5a1746afd0a,b2f69dc6-923f-4a65-bd90-253c15f90ca7,810094ee-d2d1-4263-b5b9-7363f515bf05,2026-08-29T03:57:29+00:00
fe26d5e4-5683-42c0-9df3-7ce4488aa634,b2f69dc6-923f-4a65-bd90-253c15f90ca7,d789fe7f-6977-4b4a-91ee-76ecc7a7dae8,2026-08-01T04:44:37+00:00
8d5d12c5-cd71-4a5f-8111-64abb35029e9,f74d22a5-1713-4460-8ead-9048ba3be5ff,bb3f9ce6-0a1f-4b57-afad-55266a6686f8,2026-08-29T03:24:04+00:00
39cbd317-7ac8-4186-ba36-40ffcaa8c587,f74d22a5-1713-4460-8ead-9048ba3be5ff,594a9fe8-338e-48b9-bf94-45ec42062580,2026-08-03T05:43:01+00:00
6443282f-dced-46b7-b3f5-198dfe24d047,f74d22a5-1713-4460-8ead-9048ba3be5ff,5579985d-8b97-4fbf-89a3-3636d4a31837,2026-08-04T00:56:45+00:00
06ab94f5-88ff-4dce-9f1f-0a47184b09e9,f74d22a5-1713-4460-8ead-9048ba3be5ff,725e8519-9d26-48e9-a0d7-b1d766f3587d,2026-07-31T05:57:51+00:00
1695eaf0-fc81-4dd6-b2d5-906f94d8d7a2,46617bea-3005-4822-ac45-c73a66efe15e,6dfecb7f-63bb-498d-909f-4cbd7fd015e7,2026-07-31T00:29:10+00:00
8eb16ba5-4f79-4c0d-b712-6bcc2ad3c9e0,4ceb3a8d-ff0c-4c3b-b9e3-02cfd952094e,7d339706-bfcc-4887-91f1-ec63d2d23823,2026-08-03T20:54:46+00:00
312b6507-4bcc-488b-a27e-fd9104a28996,a4fa48a3-3418-4cd6-8fa8-78c687688c4e,87b7f104-1daf-4fc6-a5e9-75a12a3c801f,2026-07-31T17:41:35+00:00
f3afcd0b-4e08-406c-a098-64f606b9ef92,a4fa48a3-3418-4cd6-8fa8-78c687688c4e,8d5b08cd-a9b3-424d-b178-65d65f5998af,2026-08-19T11:17:14+00:00
1ce65c46-83af-484a-8058-dd3b0d38871b,d6adbca4-5e2d-46b6-ba4e-c43e1f50e0c3,06ca99ad-46e9-4d5e-a72e-48628968c316,2026-08-02T00:24:24+00:00
cedd7bb3-90c3-48fd-9945-ba3207c50357,d6adbca4-5e2d-46b6-ba4e-c43e1f50e0c3,30af9bdd-a273-4b60-bac7-ca71cf3d5ef9,2026-08-01T23:13:12+00:00
dc1d1d0e-19a7-47a5-ba53-4b5d56f13300,d6adbca4-5e2d-46b6-ba4e-c43e1f50e0c3,92b26b2d-f521-4368-bfd5-7368f4d4b7d2,2026-08-12T18:14:03+00:00
06e85402-f5bc-46c8-9108-3b12096199d5,d6adbca4-5e2d-46b6-ba4e-c43e1f50e0c3,d30b8eb3-05ed-4a73-b6e5-042436e46b37,2026-08-02T10:04:44+00:00
0c8cac3f-1e14-4eb2-9a64-9b123c6b5ed9,ce773135-8084-4455-9d83-31e921b6bdda,d97c38cc-0971-42dd-869d-988ad7864fdb,2026-08-02T17:06:41+00:00
099f7791-4cf2-437c-903d-33bbb2069937,ce773135-8084-4455-9d83-31e921b6bdda,7ad9fea0-4641-41fb-9744-34c15951b68f,2026-08-02T17:48:46+00:00
59ca4826-4b2e-40b3-a84c-349bd83961db,ce773135-8084-4455-9d83-31e921b6bdda,efa792df-2f07-4094-99f4-a23935cca18b,2026-08-02T18:57:49+00:00
14fead61-897b-42d8-beb5-0931146ca5d0,ce773135-8084-4455-9d83-31e921b6bdda,054fe171-2aa2-4064-be59-369e103477d7,2026-08-01T13:57:36+00:00
a72f1e75-c923-42aa-869c-1bb95b56b63f,d2a82284-578f-48c2-911f-90c4c9cfc6c3,26d61dc5-0b03-4c16-8a64-7afeba92fecb,2026-08-10T05:21:05+00:00
29853805-38f7-441d-8e39-f45d98af8faf,150a5a10-017c-4ac6-bd2c-ae7dd39d7290,81580b74-dbe8-44df-8f83-7f8b59a8d123,2026-08-17T02:28:53+00:00
8c34d092-f116-4920-9c5f-bd3560aff7ea,150a5a10-017c-4ac6-bd2c-ae7dd39d7290,50ea7e0c-7da9-4f50-8495-8e484fcefdfd,2026-08-14T17:27:01+00:00
54691ddb-d2bf-4301-8a74-1917f7edb212,150a5a10-017c-4ac6-bd2c-ae7dd39d7290,b0498d7c-841b-4a0f-8ec8-dbfc1353b9c1,2026-08-03T18:16:44+00:00
b54ee9f9-48a3-48e6-9b31-f55752db2d80,150a5a10-017c-4ac6-bd2c-ae7dd39d7290,6e62d7bb-6bda-4ea0-82c5-87c508932975,2026-08-01T18:44:46+00:00
90a86b16-e6fa-4c54-a88c-e33b4362196c,3ee98c7c-6680-4959-9db3-bc51a8f98772,e735ab9c-d62e-4e4c-a719-99a447547e16,2026-08-08T07:03:29+00:00
c60af1e3-a673-4450-8108-94e167bd46a3,3ee98c7c-6680-4959-9db3-bc51a8f98772,29f2c43b-7cbe-420a-a7cb-2ede9cf6dd4c,2026-08-28T05:53:40+00:00
23b17adc-19d9-4a18-b7b2-6e83238ca4e8,3ee98c7c-6680-4959-9db3-bc51a8f98772,9b0f4215-bb92-4800-a8ee-8b3a7bbf2ee1,2026-08-31T19:15:49+00:00
5cbffab6-83bb-46bf-8f9b-c816d1f4b126,3ee98c7c-6680-4959-9db3-bc51a8f98772,f3f35b1f-6722-4fb3-9c50-39c6796b2515,2026-08-08T01:18:42+00:00
048fbd20-eddd-470f-84bf-6bbd2c1349cf,3ee98c7c-6680-4959-9db3-bc51a8f98772,6b64b525-483e-4576-957a-17ad52075768,2026-08-22T01:27:13+00:00
912f417b-1ec9-4ed6-9315-42376c7ed0dc,3ee98c7c-6680-4959-9db3-bc51a8f98772,c61cd5a4-1592-4718-9dc9-3a026d2fe8c2,2026-08-02T09:45:39+00:00
d9308525-d542-4f1c-b03c-4383f249dc72,3ee98c7c-6680-4959-9db3-bc51a8f98772,ff34dee7-a247-40d7-b920-a3d2e7a536c2,2026-08-16T06:07:47+00:00
242fdcb2-f5ce-4095-8a6d-5f767280c87f,3ee98c7c-6680-4959-9db3-bc51a8f98772,57d2ea34-ccda-48c1-82da-d0d973b20d87,2026-08-10T03:43:04+00:00
8e62c97d-7a7c-4222-8730-25ec2eccf803,3ee98c7c-6680-4959-9db3-bc51a8f98772,d84e7fb7-133f-4d4d-8817-f28892a26d2b,2026-08-19T12:46:34+00:00
3eba95fa-07f4-46fb-a363-d23a0664d0eb,3ee98c7c-6680-4959-9db3-bc51a8f98772,27d6298d-2568-4e4c-99dd-0f0d3e043508,2026-08-30T12:10:31+00:00
d6f01400-0ef3-452c-a0b4-f4ddf7c7af2b,3ee98c7c-6680-4959-9db3-bc51a8f98772,8a4f20be-5402-4f7f-97d5-042270c4a232,2026-08-13T12:06:21+00:00
c5d85575-999d-4d3a-a832-e2e8827a5766,3ee98c7c-6680-4959-9db3-bc51a8f98772,f0975694-b83e-4f38-932a-48a07c354e6e,2026-08-04T02:02:08+00:00
2bd50740-7c27-4692-a7f0-2fec607dc939,3ee98c7c-6680-4959-9db3-bc51a8f98772,56423c84-9e94-44e6-a034-0a21e231fbea,2026-08-05T07:05:55+00:00
4d014d9f-a501-40b3-97c4-0ad094612c24,3ee98c7c-6680-4959-9db3-bc51a8f98772,876215b5-4c2d-4c0d-86a1-ccfafdee1101,2026-08-24T14:37:51+00:00
8a5a912d-b7b0-438e-870d-12b0eec2aead,28e80ccd-e82d-4829-b4d0-341f57d16e6b,d1837fdf-ba50-4cdd-aa78-612b77b13cac,2026-08-02T21:43:29+00:00
cb9f8ea1-5c8a-482f-bd4f-dfd6f4f9d5f9,28e80ccd-e82d-4829-b4d0-341f57d16e6b,b351150e-5cf0-43bc-b851-996d3a1796be,2026-08-06T12:43:46+00:00
ac57a941-2e4d-441a-8f24-9d32f8de5549,28e80ccd-e82d-4829-b4d0-341f57d16e6b,c88efa62-e4cc-4ce2-825d-a2d3bda7324f,2026-08-07T06:06:40+00:00
e047e4d7-b849-4bd4-8575-f17bd0ca9367,28e80ccd-e82d-4829-b4d0-341f57d16e6b,8d1ad378-722c-4717-abf4-9283311d7566,2026-08-28T14:02:47+00:00
d2317403-1207-4b3f-a7db-e088b4c38557,28e80ccd-e82d-4829-b4d0-341f57d16e6b,1a6d9651-427f-4f8b-8364-dedd886b767d,2026-08-14T11:58:00+00:00
d6f5c8a9-876f-421a-96d7-8548b5a562f0,d7c8b283-3689-47b8-aaff-4a6ddcd89f3c,459c517f-ee6e-4dd8-8e73-1f546778d794,2026-08-04T13:00:09+00:00
d2db9b26-f339-422c-b83e-79d044b42cb7,d7c8b283-3689-47b8-aaff-4a6ddcd89f3c,1fba3799-d4cc-4a1c-84d6-51146012067e,2026-08-04T13:01:00+00:00
130c181a-3f37-4765-89f4-93558f56c873,8d164539-6279-45fb-bcf6-759b6f5aac16,f5c9aefe-bf7e-4ffb-ae21-2dd4d0dd04ff,2026-08-04T08:34:56+00:00
2c7fc0a7-26f8-4533-b561-272767e43622,00f5b599-b0ae-46ec-beb6-4a9c3516883d,c90cc779-75f4-4f0d-8f0e-bf02ad0ba33c,2026-08-07T15:16:07+00:00
a3c1fa87-7b8d-42b8-acf3-06fad5ca4272,00f5b599-b0ae-46ec-beb6-4a9c3516883d,7844c024-2ced-4ed0-9417-6303bff60ab5,2026-08-31T06:23:13+00:00
c632ff87-e1aa-4548-a8e2-f3bfce6f0ac2,0facd74b-1cde-4cc4-a0a9-933dc5ba6849,14de7a21-0292-46d5-91cf-5ab7a5ec694f,2026-08-03T04:08:30+00:00
320937cb-f286-4b8b-81c8-4c05b2ef3224,0facd74b-1cde-4cc4-a0a9-933dc5ba6849,21f12625-f34e-45b3-aa99-2c07287fc8b7,2026-08-03T10:41:55+00:00
9951ff60-14cd-44ec-8950-18e86b5ef81b,ba86ed82-d8c2-4b3b-83dc-ce63a5dc1385,51910d94-7df2-4595-be53-5b43cb379762,2026-08-03T07:49:52+00:00
c5526342-9654-4d7f-90e3-dc61143149b0,ba86ed82-d8c2-4b3b-83dc-ce63a5dc1385,0009dfc3-c591-422e-9a5a-47a3c5627f02,2026-09-01T00:31:35+00:00
1f37d8d9-93d9-44ea-b320-40ea2d3f29ee,35ed3a95-603c-4846-b011-ec9b22e15446,54a2a625-bd21-4b18-9846-ae29de006ea2,2026-08-05T20:52:53+00:00
1f6bce1b-3093-4ec0-87c7-dcebda2a04aa,35ed3a95-603c-4846-b011-ec9b22e15446,1a3b8eb4-9217-4dfe-a345-ac6a2076c9d5,2026-08-08T17:11:15+00:00
ee572bd4-d499-4b2f-bc02-41dc24f7e2ad,35ed3a95-603c-4846-b011-ec9b22e15446,06ca99ad-46e9-4d5e-a72e-48628968c316,2026-08-17T04:35:03+00:00
eaa9e45d-d1b0-469f-aa46-c377e41f2c76,c42d0ae6-e163-4efd-8c12-619c1070c8cc,f87b345a-0777-46fc-865a-b76dacc1e90a,2026-08-04T09:58:10+00:00
43fb20b8-c2a2-4323-9134-0de359a9c3d5,c42d0ae6-e163-4efd-8c12-619c1070c8cc,4183d4f5-30af-4bae-b78d-ab439d20b44a,2026-08-21T10:06:14+00:00
6cc280be-a076-46d8-a3a3-36971497ea0f,c42d0ae6-e163-4efd-8c12-619c1070c8cc,0d63423b-88a8-461b-94f4-e18357eba2f3,2026-08-09T11:56:15+00:00
9aa0f707-7073-4983-bca6-4d5bfa53a070,c42d0ae6-e163-4efd-8c12-619c1070c8cc,efa792df-2f07-4094-99f4-a23935cca18b,2026-08-07T09:30:36+00:00
13d12254-9389-4678-aff2-162194798dbc,e5d22baa-486b-4027-a186-66f259469b28,37b056fd-db76-44e8-887c-28d49a739c21,2026-08-25T20:17:08+00:00
f5ddbb29-b987-4f06-b240-dde21e6fc612,e5d22baa-486b-4027-a186-66f259469b28,4af0e4a0-0e37-444e-bfc7-a30dee993e1f,2026-08-09T23:08:41+00:00
eabe8888-91b9-4966-a290-5cff117ba1f7,286cd776-c173-48b7-b24e-46ae63772270,d413b920-fd1b-4aab-b816-7b0b8dd7ec37,2026-08-06T21:14:19+00:00
91d438fd-476d-4106-ad81-70f11d67ac90,1ad0667c-bccf-4856-a1c8-a35e70af9972,5f6d993c-4bf7-46a7-97c5-66326662827a,2026-08-04T05:16:12+00:00
973b332a-b583-4107-ab4a-494eea9777e4,1ad0667c-bccf-4856-a1c8-a35e70af9972,f49e78ea-0b5a-4e38-8d8e-fecf93a3488e,2026-08-07T08:51:40+00:00
b5965e57-5c7f-483c-9ed2-85ccc0e2d9f6,090f111e-0b60-405a-b250-08fd3900795e,76bd97a4-07c7-41e0-bb56-e614d523bb85,2026-08-10T06:00:26+00:00
6df691f2-f9a3-4b35-aff8-8f24c9a4432d,476e4533-c91a-402b-8ebd-21a42412c09b,b2934820-ad75-476f-ade6-054a7c89f295,2026-08-16T13:03:17+00:00
9d255b36-67f7-4d55-9c4b-b14da8f83933,476e4533-c91a-402b-8ebd-21a42412c09b,e984c74d-dd4a-466b-b93f-7f517e76b6c7,2026-08-10T15:13:08+00:00
2c8f9df8-6f61-4e4e-b647-fc351ac91a5d,9ac1f73e-0bf2-4654-9107-a0eac581b35e,a1d67684-0efd-46c3-a44d-06a1f1b59626,2026-08-05T13:44:57+00:00
01fa2573-c905-4642-816b-f3cfcde4164b,9ac1f73e-0bf2-4654-9107-a0eac581b35e,a4435821-88f2-470f-8792-58ce92993496,2026-08-05T09:26:04+00:00
52eb1fde-3344-46c8-a4bf-f117353dbc3b,bf75d332-ca89-482d-9db0-19c155ffc804,073d319d-25c3-4082-88f9-0cbb7e686a6c,2026-08-06T16:15:02+00:00
7c13f949-3d1e-4f4d-98a6-e9bbeedfa607,bf75d332-ca89-482d-9db0-19c155ffc804,06ca99ad-46e9-4d5e-a72e-48628968c316,2026-08-10T14:18:30+00:00
dca18a60-59d8-477e-a696-00685c309268,bf75d332-ca89-482d-9db0-19c155ffc804,b79ed613-8b3e-476e-8337-9d3542f26656,2026-08-04T19:52:11+00:00
27da4a8a-427e-43ec-9c14-595caf2ee90e,4f52d9b2-4918-4bc2-97c4-496290fe0646,ac4cd2de-69ac-436e-b67e-c476f7f37a57,2026-08-04T15:32:13+00:00
3f9c88a6-11d7-40f0-845d-ab789a76a97f,4f52d9b2-4918-4bc2-97c4-496290fe0646,3d8d407b-3444-4e37-ab6b-268253b5c015,2026-08-21T22:11:40+00:00
a141724f-7beb-4682-9360-59b59838f9ae,4f52d9b2-4918-4bc2-97c4-496290fe0646,75a9c08b-c3f9-48ea-bba3-d6136d51a785,2026-08-17T06:09:52+00:00
ef066f1a-9de7-4ba9-83bd-392fcb652305,4f52d9b2-4918-4bc2-97c4-496290fe0646,c61cd5a4-1592-4718-9dc9-3a026d2fe8c2,2026-08-04T23:49:09+00:00
c712c321-69ba-4acf-81fa-7ba83f3b236b,aa09c604-53d7-4e79-9ee8-b1e773fae2c8,55fb0edf-b28e-4b2a-9d2b-2fa1f6dcbe3e,2026-08-09T17:55:01+00:00
4d6b9c6d-50fb-439f-b090-dbd358c2f971,d61d7f03-a081-4990-bd17-00cf30d20b88,b2d72011-02df-4d85-8d8c-9c12e9aa4b3a,2026-08-15T21:58:27+00:00
fc787248-940e-4f2b-b730-7f85728c8563,d61d7f03-a081-4990-bd17-00cf30d20b88,6fadda54-a15d-4010-be7a-2f23d4461cf9,2026-08-07T05:04:51+00:00
ade9dd08-6d5c-40a4-9261-609f30c674f2,9def5d2c-0972-4778-a051-9299bd98ad31,ca9eb7cc-b0b4-4109-8c12-f728c1c22bd2,2026-08-05T03:54:38+00:00
fda41477-3929-4a3e-8d96-536699353d7f,9def5d2c-0972-4778-a051-9299bd98ad31,d04a9725-4a5b-49d3-971a-6c7bbb1d7355,2026-08-05T18:04:28+00:00
c3cff8e2-2aeb-442c-b4e4-4c2b13dbb496,9def5d2c-0972-4778-a051-9299bd98ad31,f87b345a-0777-46fc-865a-b76dacc1e90a,2026-08-07T00:30:40+00:00
6180da72-a619-418b-bb38-41eff36b9206,9def5d2c-0972-4778-a051-9299bd98ad31,1a6871ca-4c9c-41a0-a153-98abff494d21,2026-08-06T13:22:34+00:00
295ee497-9697-4490-8072-b96fe89a4479,9def5d2c-0972-4778-a051-9299bd98ad31,e8bd6718-0ee1-4de3-9813-716c81bea5a5,2026-08-06T01:43:22+00:00
71e4c5d8-db73-460e-bd03-dd9803c4e40d,c8f837d8-1ae3-482c-b2a6-4ca0393af822,c3699fc8-6b69-4b20-bd17-1c0f5a24a795,2026-08-09T02:06:42+00:00
56604160-dd5c-4aaa-8396-beabf5a0d440,c8f837d8-1ae3-482c-b2a6-4ca0393af822,54f26470-51db-447f-8c40-86bc6859b21b,2026-08-06T17:35:08+00:00
2b4506c9-94f5-41ec-9910-cc4939cc78bc,c8f837d8-1ae3-482c-b2a6-4ca0393af822,3c4a47de-e63f-470d-a750-5453edea905e,2026-08-12T18:38:52+00:00
7dc1c82d-542f-4691-9dc7-f853aa9498ec,c8f837d8-1ae3-482c-b2a6-4ca0393af822,3cea8b9d-4dca-4cfe-99da-d19925b8fd32,2026-09-01T03:09:20+00:00
0de667e3-827d-4653-977e-6af1d52a877a,6f9011a6-36ee-41a4-89d0-60716aa1ffd9,6e62d7bb-6bda-4ea0-82c5-87c508932975,2026-08-06T10:42:48+00:00
0c3ecf9a-2ece-493b-819a-0dad13a6c60d,6f9011a6-36ee-41a4-89d0-60716aa1ffd9,0675ff4e-03a1-4a1b-91f2-4e5095585649,2026-08-10T02:44:52+00:00
c93fc408-ecbb-4e30-a969-b8f390ee4a23,6f9011a6-36ee-41a4-89d0-60716aa1ffd9,d1837fdf-ba50-4cdd-aa78-612b77b13cac,2026-08-23T19:57:39+00:00
3e1f9dd4-8d3a-43bb-b296-477b32c1478b,6f9011a6-36ee-41a4-89d0-60716aa1ffd9,7844c024-2ced-4ed0-9417-6303bff60ab5,2026-08-10T00:00:29+00:00
3b9cd487-7cb1-4109-b499-4abd7b88011a,6f9011a6-36ee-41a4-89d0-60716aa1ffd9,1cb0a5a8-ec45-4495-baee-7a23a8d035aa,2026-08-07T03:00:34+00:00
9c82120a-5ae2-47bf-955d-2aa3e84ea8c1,6f9011a6-36ee-41a4-89d0-60716aa1ffd9,558257fc-53a1-45c0-9ece-75440adedee7,2026-08-06T13:09:04+00:00
b1386f90-b233-4bf2-8305-d63c96eb893f,6f9011a6-36ee-41a4-89d0-60716aa1ffd9,64d51d94-4f34-4e31-980e-5bf1b969932e,2026-09-01T00:20:19+00:00
8a85409d-60d9-44af-ab17-6dad29dd819b,751cb8a1-c85c-4e6b-b02c-317f5e7b3a6f,f4b0199b-48eb-4354-a8fe-03676e9169f9,2026-08-29T20:22:45+00:00
23f2101b-95ff-4136-afaa-5d5439e5f119,751cb8a1-c85c-4e6b-b02c-317f5e7b3a6f,536e9f2a-3aad-4928-9766-ddb2f2ce04bb,2026-08-17T22:25:53+00:00
7226fd46-48ce-46c2-b4f0-f887cd53c178,751cb8a1-c85c-4e6b-b02c-317f5e7b3a6f,0df66891-b25c-4d7b-98bc-826d9e286a20,2026-08-29T03:48:39+00:00
10a07ea1-3f0d-446a-8f46-93287fda6b05,751cb8a1-c85c-4e6b-b02c-317f5e7b3a6f,8c0f035c-ed24-4e92-9e38-7d7562011845,2026-08-11T20:58:01+00:00
f1588d37-94a2-476f-aaa9-964e68ccfc55,751cb8a1-c85c-4e6b-b02c-317f5e7b3a6f,4cf59a7d-3daf-44fe-8e86-aa4389b82fc0,2026-08-22T02:17:46+00:00
0588fe47-06a0-4e88-ae96-6d19ca9a64e5,751cb8a1-c85c-4e6b-b02c-317f5e7b3a6f,c3699fc8-6b69-4b20-bd17-1c0f5a24a795,2026-08-06T13:28:16+00:00
1047383f-ed1b-4331-b142-af0ad699c849,751cb8a1-c85c-4e6b-b02c-317f5e7b3a6f,5ea6cfc5-5580-466a-8582-a6031555d76d,2026-08-09T13:12:53+00:00
fde7c73f-a0f4-4258-8720-a53434d95fea,751cb8a1-c85c-4e6b-b02c-317f5e7b3a6f,121e25af-350e-40d4-a820-05aa0e8d09c2,2026-08-29T13:36:21+00:00
e159a1a5-15aa-4002-acf7-5656d6e90026,751cb8a1-c85c-4e6b-b02c-317f5e7b3a6f,b7a58a43-0e8a-4989-9cc2-a17e019034c8,2026-08-23T19:38:15+00:00
1548f0cc-c9c0-4eb2-a2f4-12ed703cee2a,751cb8a1-c85c-4e6b-b02c-317f5e7b3a6f,02126d92-72ee-409c-9e6c-a2e4d9f83a6b,2026-08-18T03:07:50+00:00
154c76e0-64d2-4eae-b330-a2ec3c846b3a,751cb8a1-c85c-4e6b-b02c-317f5e7b3a6f,0209100d-8ff5-4765-ac79-0e73e4267e70,2026-09-01T05:00:39+00:00
31e473aa-5f7c-4bc6-aceb-59ac5cb5ef6c,751cb8a1-c85c-4e6b-b02c-317f5e7b3a6f,a83115e6-95d7-4710-8785-ad490862eb1d,2026-08-06T02:09:34+00:00
6f0e0e2e-e4a5-412b-9ee0-74f29e99a045,751cb8a1-c85c-4e6b-b02c-317f5e7b3a6f,c90cc779-75f4-4f0d-8f0e-bf02ad0ba33c,2026-08-13T19:35:45+00:00
fd6bc118-44eb-426a-b226-a3015fb5329d,751cb8a1-c85c-4e6b-b02c-317f5e7b3a6f,10c9cdcb-4a1c-4f44-9e34-61195bfc8e59,2026-08-10T04:43:47+00:00
b2e605fe-2bf2-47e4-a42d-138110a7cac5,2b139452-5de0-4b12-81fd-23e6cb38c478,3c4a47de-e63f-470d-a750-5453edea905e,2026-08-12T19:01:12+00:00
77a8cc47-176a-414d-af2b-a59e59f53f77,2b139452-5de0-4b12-81fd-23e6cb38c478,b6be37f9-e731-49e9-b97d-838d7bb58dfd,2026-08-06T11:09:38+00:00
2bb716e9-9d19-498a-9fb7-3d14e01c4eb3,2b139452-5de0-4b12-81fd-23e6cb38c478,98975cfd-3638-4842-83fd-fb6f839b37d9,2026-08-06T12:35:42+00:00
24e210c1-965c-4485-8d2c-de8bdf24de0d,2b139452-5de0-4b12-81fd-23e6cb38c478,e3d856ad-6787-404e-8e93-f255933c3680,2026-08-10T18:29:19+00:00
9aa7045d-b143-468c-adcc-7f94efbe0be6,2b139452-5de0-4b12-81fd-23e6cb38c478,658d561c-1651-4aa7-9c5f-4cc6fe4afb70,2026-08-24T02:36:21+00:00
457a532b-3601-4552-8586-90033f303870,689c62ac-0e0b-4190-b53a-5757350d0884,4f7d3f82-809f-4176-b3bb-245e659f22ab,2026-08-07T14:22:49+00:00
d4d4216d-a300-4d26-9b49-cef872f19891,e36a37ed-8ace-4cdd-abea-494a9c2c0ab6,3e7caac0-1ca6-4783-9a3e-0aec999045f7,2026-08-09T21:52:53+00:00
4627afe6-e77e-47ac-b402-694b9f53d460,e36a37ed-8ace-4cdd-abea-494a9c2c0ab6,1cb0a5a8-ec45-4495-baee-7a23a8d035aa,2026-08-07T12:12:10+00:00
62489f0c-59c6-4df6-91d1-c97feaf2adf9,e36a37ed-8ace-4cdd-abea-494a9c2c0ab6,75c13d9c-916c-4e76-9219-1fb1448b7789,2026-08-12T04:02:01+00:00
9272ce64-9d61-49bc-857a-14201fa33cfe,e36a37ed-8ace-4cdd-abea-494a9c2c0ab6,74d3f6c0-8cd8-42de-be07-4e633a9879a2,2026-08-10T06:45:35+00:00
c547272c-1ea0-4dd2-a842-b2e05dbe5713,e36a37ed-8ace-4cdd-abea-494a9c2c0ab6,caf7efc4-3973-492b-abf8-2af2f0caa4ef,2026-08-09T18:03:11+00:00
dd630234-466b-4eec-9d16-57b9f16e87b2,e36a37ed-8ace-4cdd-abea-494a9c2c0ab6,b7fef60e-e709-4148-b2be-091d4a9dc1a5,2026-08-08T00:04:18+00:00
25f31b47-605b-4212-897c-bbda0526f89f,e36a37ed-8ace-4cdd-abea-494a9c2c0ab6,feb4d905-0b79-4ac5-9d53-4c64f8023f17,2026-08-13T09:38:30+00:00
166cec5b-0c1e-4e3e-acae-604a140a1174,e36a37ed-8ace-4cdd-abea-494a9c2c0ab6,99348a51-08e9-4760-8822-b2f8debef37f,2026-08-17T19:04:40+00:00
14875377-2fc5-49a0-9f36-631c28b51b1c,e36a37ed-8ace-4cdd-abea-494a9c2c0ab6,e818f248-82e9-43bc-9ab7-27d5be02776b,2026-08-10T18:33:39+00:00
2ef95504-423c-465a-937d-dc38a780599f,e36a37ed-8ace-4cdd-abea-494a9c2c0ab6,19dfffd3-69fe-4589-9939-0de48e436817,2026-08-06T20:37:15+00:00
5171ecee-ec95-49ed-b15c-90b2d8f61079,e36a37ed-8ace-4cdd-abea-494a9c2c0ab6,b7a745a5-3025-4c9b-be31-be2069c14582,2026-08-24T18:56:33+00:00
2a699031-670c-4912-99b8-645ad863ea04,c76709ff-2909-40a2-ad54-2fee62ae4557,76948275-fc48-4c3e-b731-4436f90cd800,2026-08-12T20:39:58+00:00
71d1384d-da96-4c96-9ab6-3a6062d77c98,5e6afdfd-1248-4fc4-b4c3-e21ac98231cd,405b7524-8b1b-4475-ad96-825a01e94fc9,2026-08-08T06:37:18+00:00
1beb971b-6ccc-4033-a05f-a076833e2a4f,5e6afdfd-1248-4fc4-b4c3-e21ac98231cd,42688444-55cc-483b-a92c-df6777013516,2026-08-07T20:00:22+00:00
f16ce464-80dc-48cc-b6ef-f68b294f4329,6a1833b0-7f62-4e76-8e50-58b9712e99bc,cf7fdd80-5c27-42aa-9731-b5d404e42dc4,2026-08-06T20:17:40+00:00
960c6ad4-c4f4-4bf5-b01e-9da535fc2242,6a1833b0-7f62-4e76-8e50-58b9712e99bc,04ceced2-1e5d-42b0-9a6a-158e9a108c1d,2026-08-06T20:08:26+00:00
1a57675e-6c97-4822-9036-9a74d77899c2,6a1833b0-7f62-4e76-8e50-58b9712e99bc,f0975694-b83e-4f38-932a-48a07c354e6e,2026-08-07T09:39:17+00:00
49e05650-88ba-4672-9d62-54f042bf6e03,6a1833b0-7f62-4e76-8e50-58b9712e99bc,ddff96e0-22a2-4dc0-8484-2c55ebac5db3,2026-08-18T03:03:58+00:00
8da25a08-6aec-4e9b-9200-5823bff1e65f,75ab175e-bac7-4c1b-9ee5-3bf66bc76c71,6eaf2004-a475-4bbd-b327-ceb492d267a7,2026-09-02T01:08:12+00:00
0ddc05ee-99de-457b-b2c4-9208937311c7,19c12ee6-9b78-4e39-ae0f-14932788e2e8,468552db-87c2-40a1-b501-f637c4f5d75a,2026-09-02T06:51:27+00:00
5ca1bdc9-cb75-4b7c-adef-c863b5d6db45,c412dbe2-2164-467b-85fa-ee361c57a270,ba4e0520-1425-44b4-ba42-764ccd9799f7,2026-08-11T15:51:16+00:00
4bfb190f-6912-4dfb-aafe-0057af5dd910,62ce9f64-d6fa-40d0-a935-665abda3f254,8ac6c4d2-d139-40ec-9a3e-7bd2347f979a,2026-08-07T01:59:52+00:00
790dce3c-506c-4597-9369-cac6a7c63616,cc009481-54ff-4466-a6a5-af2a1e9d92c2,3faf19b8-adef-42c8-a07d-601db32b3f06,2026-08-07T03:31:09+00:00
49dac571-1f0d-4aae-94f0-9a547bca7c9d,cc009481-54ff-4466-a6a5-af2a1e9d92c2,8d1ad378-722c-4717-abf4-9283311d7566,2026-08-07T22:07:02+00:00
8744f048-fe2a-457c-897f-c4d1f4311402,cc009481-54ff-4466-a6a5-af2a1e9d92c2,f965e2e1-14e1-441b-bd2e-db6def83457a,2026-08-08T13:49:17+00:00
938b7e50-d264-4449-bcbe-7913d8568869,fc8b3fc6-a32b-4f33-a353-4f2a174e99e0,2b77ffd4-2ea9-47fb-b996-21cee3b20d07,2026-08-10T21:30:57+00:00
a8783fb2-34fa-4771-b2e3-09955c91fd9f,599b6740-9f86-4987-aecb-398e8d65329e,d0c1bf19-bea4-424f-910b-25f9f5d2cc23,2026-08-10T02:48:42+00:00
75bcee53-bac2-4bfe-b8ef-47b67c54076a,3ed96cdb-a5a5-4478-80d9-2a2af0d6df27,b79ed613-8b3e-476e-8337-9d3542f26656,2026-08-07T23:06:55+00:00
65814b3c-ca84-44dd-9180-9c33e9c986b6,3ed96cdb-a5a5-4478-80d9-2a2af0d6df27,db16a0e3-1900-4649-86fc-1c299886fc23,2026-08-25T19:54:24+00:00
2bc71b98-8a6f-4ea2-ba58-2b03d03c8af0,3ed96cdb-a5a5-4478-80d9-2a2af0d6df27,47de6634-f271-4dda-8c9a-4cb60daa2a03,2026-08-08T02:23:55+00:00
12350ac6-928f-459a-a30c-8ce0dfaa5578,3ed96cdb-a5a5-4478-80d9-2a2af0d6df27,b6be37f9-e731-49e9-b97d-838d7bb58dfd,2026-08-15T07:40:36+00:00
91d32e10-cf36-4369-8663-216a5af12fdb,bacb60c1-53c7-4659-a219-7b2d3d903d3f,39387e77-2cf5-4e83-a449-610606391894,2026-08-12T13:30:26+00:00
9a9dbe90-3a6a-4678-8637-99faee18b8a4,bacb60c1-53c7-4659-a219-7b2d3d903d3f,104d1676-bfe7-4914-bd0a-193b756100ad,2026-08-14T03:29:26+00:00
9073edce-0af1-4700-8979-0a7794e969d3,bacb60c1-53c7-4659-a219-7b2d3d903d3f,e099a97d-3a12-4986-9f7b-4929504bd92f,2026-08-14T20:01:16+00:00
37bb1788-56eb-495a-a2b1-86f940b48a06,644d9189-0096-4c8c-8008-6eae6d15f8d8,5579985d-8b97-4fbf-89a3-3636d4a31837,2026-08-23T04:56:54+00:00
16aefde7-5c12-4f4b-aeb2-884c6a1f9a79,a95e1201-c84b-4144-9447-c1ebb7949fa3,43dbd776-bd4c-4ef1-933a-59af47a589b5,2026-08-27T20:49:42+00:00
932e0a7e-db5f-463f-b924-224aeed0c39e,c6c3004e-120c-4843-a01d-77f2c92247cb,7cc7754f-888a-452e-9779-934c1a10e526,2026-08-12T04:21:52+00:00
0010c6d0-2bc1-4e44-ba66-6deac81f08ce,c6c3004e-120c-4843-a01d-77f2c92247cb,4cf59a7d-3daf-44fe-8e86-aa4389b82fc0,2026-08-15T02:29:28+00:00
c37e6222-1bf6-4656-9f8b-0f7899bfcac0,f0058471-caee-4d41-b205-f692b51311e2,ff1dc571-d626-480e-b098-a50d60c896af,2026-08-13T11:04:27+00:00
90a8ce73-c2c4-4400-bb6b-4ccab46d0478,ff8f6698-3158-4fd4-aa5f-61d000fafdbd,4bcfb395-99a4-40b8-a38e-0576e4ded0dd,2026-08-08T22:02:25+00:00
d95e1fa9-f0c2-4367-88e4-ee78bdaf4024,ff8f6698-3158-4fd4-aa5f-61d000fafdbd,6a1f02ee-4734-484a-9340-301d6b261f57,2026-08-10T01:33:00+00:00
df657f76-5658-4bc9-bd90-9cef091ecdb9,79a92a7c-8cf5-40de-9fd0-799a73e2f664,be814268-912b-47b4-8181-c0ede2b04826,2026-08-22T16:26:55+00:00
05d22231-5f3a-4a6b-863e-28282f8cf36f,79a92a7c-8cf5-40de-9fd0-799a73e2f664,196c8a45-2038-46e5-8065-a0792d9b87af,2026-08-09T00:52:58+00:00
92f0afd7-0e2b-4dfb-84c8-1fd8ce119261,79a92a7c-8cf5-40de-9fd0-799a73e2f664,b126e808-1a11-4d61-af32-05384751f291,2026-08-21T09:41:20+00:00
b55e161a-7ae9-49d4-a2fc-aa208add5e15,79a92a7c-8cf5-40de-9fd0-799a73e2f664,1a6d9651-427f-4f8b-8364-dedd886b767d,2026-08-22T10:05:24+00:00
b79f73b4-ef56-41a9-b837-97bb3c10eef4,79a92a7c-8cf5-40de-9fd0-799a73e2f664,d4753420-55e3-4598-a047-da09e69fedd7,2026-08-09T22:24:26+00:00
43322be8-57a8-4b5a-aedb-2101ec5bd0a6,79a92a7c-8cf5-40de-9fd0-799a73e2f664,ce6b81a6-725e-4425-8a3f-ff7c7aaf1d32,2026-08-10T04:43:53+00:00
8fd76354-69a5-4f0e-b715-ec1f031b6cea,5f9f43f3-c10d-4a7e-8090-cb704c5feabb,d0c1bf19-bea4-424f-910b-25f9f5d2cc23,2026-08-16T12:44:00+00:00
39a10358-ceeb-4bdb-9d0d-9398d51b5769,5f9f43f3-c10d-4a7e-8090-cb704c5feabb,46d70937-d07e-4077-b289-a72c50dbc1f5,2026-08-09T11:23:12+00:00
95f57a4f-7626-4d10-826d-5c3e096cb1df,5f9f43f3-c10d-4a7e-8090-cb704c5feabb,ff1dc571-d626-480e-b098-a50d60c896af,2026-08-29T00:49:41+00:00
980c8bc8-f2a8-4aad-baec-2dc70a8f7216,5f9f43f3-c10d-4a7e-8090-cb704c5feabb,7a418f6e-c8b9-4225-914b-120e93fc68f9,2026-08-29T15:07:02+00:00
b9789f05-73eb-4815-88a2-1777dad9c7fa,5f9f43f3-c10d-4a7e-8090-cb704c5feabb,b7a745a5-3025-4c9b-be31-be2069c14582,2026-08-13T03:53:19+00:00
8f0a8d4b-8f65-451f-9a63-306110b4427d,5f9f43f3-c10d-4a7e-8090-cb704c5feabb,3aed15aa-f84b-4807-aa3d-ed685d555290,2026-08-11T23:24:50+00:00
67ef4567-5e05-4b97-bf37-13f79f553a38,5f9f43f3-c10d-4a7e-8090-cb704c5feabb,be814268-912b-47b4-8181-c0ede2b04826,2026-08-20T16:10:41+00:00
659d83c3-e3c3-48a3-8e56-88ae3cd405a3,09cc12f5-e90a-48ae-b9f4-a99d2a9418e4,50ea7e0c-7da9-4f50-8495-8e484fcefdfd,2026-08-21T21:52:23+00:00
7c53326a-d337-4f3d-9707-9a325ad2ae3f,7f412798-7f7a-46fb-9512-45b312967c80,af42af94-15a3-4883-9130-24839fed9a09,2026-08-10T11:08:36+00:00
f13dfd55-5563-4d39-9d39-a804b8ed495b,7f412798-7f7a-46fb-9512-45b312967c80,04ceced2-1e5d-42b0-9a6a-158e9a108c1d,2026-08-10T04:23:54+00:00
eb6da46d-876b-4395-88ce-c1476618e900,7f412798-7f7a-46fb-9512-45b312967c80,3cea8b9d-4dca-4cfe-99da-d19925b8fd32,2026-08-09T14:58:11+00:00
96727cc9-ff84-403d-ba86-9ddd98797fd4,7f412798-7f7a-46fb-9512-45b312967c80,0675ff4e-03a1-4a1b-91f2-4e5095585649,2026-08-09T15:47:46+00:00
c5d0838e-a7e2-49f1-8acd-09bdcb100826,7f412798-7f7a-46fb-9512-45b312967c80,b126e808-1a11-4d61-af32-05384751f291,2026-08-09T08:03:07+00:00
5260fd19-389c-498f-8fb0-c5f29d2b14d7,e9d5ed0d-c2d1-4bac-a6a3-8395af12b6e7,e9b275eb-493c-4660-be51-71559bea8537,2026-08-09T08:28:43+00:00
c8b195ff-e572-4cd8-968a-7d448ba02497,e9d5ed0d-c2d1-4bac-a6a3-8395af12b6e7,09df0479-c184-43eb-84fc-57806ea9743a,2026-08-14T07:13:49+00:00
05ef1daa-11a9-44cf-bdd3-44d3a42677e0,e9d5ed0d-c2d1-4bac-a6a3-8395af12b6e7,9fa1bd7e-fe95-4d72-89e0-17853678fb5b,2026-08-19T20:05:26+00:00
7459c730-884e-4bae-a177-853b2af35fd9,77a4ca41-4f8d-46b4-9200-89307bb0e00c,514cc026-35f8-49f0-9e68-dff0aa3aab07,2026-08-09T13:11:21+00:00
7de4cf29-74cc-4991-96a4-8e2d01bdf75f,809d2eb8-0172-4893-b84e-073aceac5166,9d8932ce-a55d-459a-ba8a-180a929fbfac,2026-08-10T12:57:18+00:00
74d5b1e2-c9d2-433a-a257-5fa5c49be753,809d2eb8-0172-4893-b84e-073aceac5166,580cef17-440c-4dfe-9629-5e7dcbd52995,2026-08-09T23:17:46+00:00
fdf0b005-f8fe-4058-9c12-e46f23ff6dab,809d2eb8-0172-4893-b84e-073aceac5166,1fa4ca79-e386-4977-9032-f42a85558d36,2026-08-28T09:28:11+00:00
2ae248cb-1a8e-4d6e-bdcd-ba4d73c1586b,809d2eb8-0172-4893-b84e-073aceac5166,fda2746f-f24e-4da4-9ab4-b1a01d07a375,2026-08-12T07:55:15+00:00
3607d451-5c2e-4c3f-9cda-a4bf553f6fdc,809d2eb8-0172-4893-b84e-073aceac5166,b3a594ad-c0b2-4c4f-9c16-36e5268f731d,2026-08-09T22:05:29+00:00
5a8053ac-72f0-48be-b143-1c3983ac60dd,809d2eb8-0172-4893-b84e-073aceac5166,e984c74d-dd4a-466b-b93f-7f517e76b6c7,2026-08-21T02:32:57+00:00
b6eb3d52-c79b-4383-a3d0-dcc8c91b3093,809d2eb8-0172-4893-b84e-073aceac5166,caf7efc4-3973-492b-abf8-2af2f0caa4ef,2026-08-11T19:45:06+00:00
835f22b6-8292-450d-b640-f04393b69186,809d2eb8-0172-4893-b84e-073aceac5166,de74cf8e-baf2-424d-9e05-fa5a4aefa19e,2026-08-11T19:23:14+00:00
2fe6cbf9-9ca6-4ed4-bb31-bffe153f773c,809d2eb8-0172-4893-b84e-073aceac5166,6225ff1d-dff6-4eec-8a09-0b85b8e80e91,2026-08-20T10:50:06+00:00
78b25a2f-c07c-4b09-8e9d-0fa8b0bf7ee4,809d2eb8-0172-4893-b84e-073aceac5166,fdf80e2a-8b01-4d79-a8c3-3ea29134c88c,2026-08-09T23:41:57+00:00
a05b239d-d14b-4179-8c38-ed813a9d43f5,809d2eb8-0172-4893-b84e-073aceac5166,e5b05247-d5c5-41cb-bf08-a56d351e6242,2026-08-17T17:11:44+00:00
270ac598-a040-4424-8915-7b4632526953,809d2eb8-0172-4893-b84e-073aceac5166,742f60c2-2f3a-4c03-86e2-e6b289299c40,2026-08-29T02:26:21+00:00
b31c8e8c-56b9-49ff-af07-49f8f1a5ec7a,809d2eb8-0172-4893-b84e-073aceac5166,5ca23f6e-524f-449e-b9d2-a758e70cff73,2026-08-29T06:47:26+00:00
6074e6fc-15f8-4720-8972-f595e5e525ef,687618a3-714c-4f4f-bd20-7b1c376d7a90,1537bb8f-8d18-4dae-bed2-636ec4ce9b62,2026-08-25T04:11:56+00:00
b433518e-6594-4551-8c87-5a580fad4f2d,39ed1c42-83ef-4dc7-9b13-8c6b85440ec3,ad2f999d-f1b6-41a4-a695-aceb650a5b74,2026-08-14T04:38:35+00:00
3fe7b8fd-1a34-48db-82d2-c784a43bf7ab,39ed1c42-83ef-4dc7-9b13-8c6b85440ec3,db4d2942-4cc1-45f1-87fc-07d96b772a6e,2026-08-11T04:01:36+00:00
e77dd77b-ea5d-4ced-bc2c-b268c138e9d5,98c6c6eb-9bb3-4e12-a383-a7de68f859ce,1dc0db8d-05e4-4ebb-97cd-9fe0c828ad56,2026-08-10T05:51:13+00:00
02b3054f-cc06-44ca-84b5-6eddd3022543,a78064e2-3384-4277-8814-eaba19652e89,8d9a7d65-67f7-4c3e-b3ec-57b9652f01a1,2026-08-14T20:08:41+00:00
170cbd3e-bcd0-448e-a1e5-646474e16426,a78064e2-3384-4277-8814-eaba19652e89,123da5fe-c615-4c1b-a15e-c518ab63f804,2026-08-21T18:38:53+00:00
06cee097-7412-4a42-9faa-abee49693efb,a78064e2-3384-4277-8814-eaba19652e89,f6e71fce-dd96-47bf-af78-97f8cfc698e0,2026-08-26T09:00:26+00:00
b0507a48-bea8-4903-b9c0-38285ae2506b,a78064e2-3384-4277-8814-eaba19652e89,e577a84d-38e8-4685-91ae-611ca1c68aca,2026-08-14T00:03:37+00:00
a3390a41-7313-475b-addf-d326e725bbff,a78064e2-3384-4277-8814-eaba19652e89,8f0dbffc-0f7e-45ed-808f-cd5faf5153dd,2026-08-31T11:10:43+00:00
7af4ea1d-bf92-4e4f-8bb8-a529d45f842b,a78064e2-3384-4277-8814-eaba19652e89,e735ab9c-d62e-4e4c-a719-99a447547e16,2026-08-12T14:23:00+00:00
559328ae-c9f0-4568-8bef-4bf37bf95223,a78064e2-3384-4277-8814-eaba19652e89,4366727f-cad9-45ec-ac07-3b7e024b94a1,2026-08-30T13:16:02+00:00
03317e5d-289a-455a-a8ad-4e0b5c07c6b5,fefb542c-a0d7-451c-933a-c9279b827840,9e8e0225-d22d-409e-a1ce-2e9061fc7344,2026-08-10T19:35:06+00:00
ca87828f-2eab-47b5-8d99-76986b75d3f4,502a15a3-271b-4bc5-8eb3-a8c0f97f65af,6d89186c-9abe-4266-84b8-a5f301062693,2026-08-13T13:12:22+00:00
67c77017-898b-49dc-a7e6-5ec370e7ab18,502a15a3-271b-4bc5-8eb3-a8c0f97f65af,2309ca71-b2a1-41d4-93da-72d42bb24e63,2026-08-17T11:26:28+00:00
52c9a252-9991-406d-8a60-3a9d6761175f,502a15a3-271b-4bc5-8eb3-a8c0f97f65af,810094ee-d2d1-4263-b5b9-7363f515bf05,2026-08-13T06:06:23+00:00
1e8850cf-d77f-4eae-b0b5-afca516f2713,502a15a3-271b-4bc5-8eb3-a8c0f97f65af,5e792d2c-8426-4884-9092-5acfa7c688ed,2026-08-10T20:16:28+00:00
3d73ef0b-03bf-46e0-a923-a18b5e0d2af7,502a15a3-271b-4bc5-8eb3-a8c0f97f65af,4baa25b9-1700-4782-a80b-d9e663939f70,2026-08-15T19:29:47+00:00
b1492d49-d8bd-49a2-b5ba-6368af0a154b,9f05147b-d8fd-48e6-9f0d-7f4074e6deee,f3189547-b5c9-4076-aab8-d864b3815677,2026-08-12T11:49:11+00:00
a025e298-2d23-489c-a525-0db16e4c6a78,9f05147b-d8fd-48e6-9f0d-7f4074e6deee,87144f65-cce8-4440-b1c1-92d6c4ad5ac8,2026-08-10T19:53:54+00:00
8362b486-b638-49e2-bb39-c5d0bd2558b0,6a8fcde3-f919-45ff-b262-1088c83a36b8,f7fc3247-4e08-45c5-bf07-1580aa80b186,2026-08-10T21:39:13+00:00
ac8fe318-2f49-454a-9921-caadab107c21,6a8fcde3-f919-45ff-b262-1088c83a36b8,a83115e6-95d7-4710-8785-ad490862eb1d,2026-09-01T17:49:44+00:00
32f16d0f-01fc-4bc0-a758-42f3f016dba4,6a8fcde3-f919-45ff-b262-1088c83a36b8,bb3f9ce6-0a1f-4b57-afad-55266a6686f8,2026-08-18T00:35:03+00:00
2b671e21-c510-4b06-bd69-45a4159c7594,8efada10-ac03-4674-b89d-a92e0f63d2f5,b000127a-7ff3-4aba-9f9f-56872787d1ed,2026-08-11T00:49:14+00:00
ee1a7a14-99cc-4a0e-9fed-c81ebc20b79f,8efada10-ac03-4674-b89d-a92e0f63d2f5,54a2a625-bd21-4b18-9846-ae29de006ea2,2026-08-11T20:20:28+00:00
c05ad645-0d69-48c6-8a0c-bb5387c42fbe,8efada10-ac03-4674-b89d-a92e0f63d2f5,71938832-5c59-49e3-be85-9acbd7ca55ba,2026-08-16T08:22:53+00:00
ef20f624-b419-4e2a-986d-31adf49b2c4c,8efada10-ac03-4674-b89d-a92e0f63d2f5,632a3efa-008f-4d2e-9fa6-0a2e1c332a14,2026-08-12T04:33:07+00:00
027d7840-36f0-402c-8fed-e41014f07de7,8efada10-ac03-4674-b89d-a92e0f63d2f5,8d5b08cd-a9b3-424d-b178-65d65f5998af,2026-08-11T07:28:29+00:00
b9e8c32c-a53d-47f2-95c1-903829a41efc,8efada10-ac03-4674-b89d-a92e0f63d2f5,0474d78b-b695-4c1a-967f-6fc9587ddc43,2026-08-14T17:35:23+00:00
c120d308-217f-43ed-8d0a-3c73b0dec4fd,a5b34f8b-9517-4492-8f91-c908f68e86d3,4191e4fb-4f72-4e71-ad79-a05abd92be9f,2026-08-11T09:48:14+00:00
047d4ca1-ac80-4bfc-a25d-fd9839b3fe0c,a5b34f8b-9517-4492-8f91-c908f68e86d3,0735b0aa-84bc-49aa-a78b-0ec4f2e216e6,2026-08-14T19:09:02+00:00
b8fa81f2-c336-4e74-a402-2202595dee0e,6b4ee0d6-885c-496f-ae44-dbe862504b07,a1d67684-0efd-46c3-a44d-06a1f1b59626,2026-08-15T07:19:56+00:00
10088f75-020e-470e-95e5-9c0d9f873b49,6b4ee0d6-885c-496f-ae44-dbe862504b07,e81d0345-b7a4-4bc0-82b3-de121ed5ff87,2026-08-15T03:07:11+00:00
bb0cb402-54da-49d0-956d-4f3586d7ea9c,6b4ee0d6-885c-496f-ae44-dbe862504b07,b7fef60e-e709-4148-b2be-091d4a9dc1a5,2026-08-18T23:57:04+00:00
692bf1ac-811e-4969-b809-e8f934cc5391,6b4ee0d6-885c-496f-ae44-dbe862504b07,09df0479-c184-43eb-84fc-57806ea9743a,2026-08-13T01:06:47+00:00
33b761a8-fc63-49cd-bf7b-85b328d67a88,5b6e5def-9009-43c3-982a-84cad67864d6,23a55d2c-5ac7-43a9-a6a4-20734b79d7ae,2026-08-12T12:50:31+00:00
5af0e5d7-e462-4981-9211-c3310d850405,5b6e5def-9009-43c3-982a-84cad67864d6,94b88316-7ce0-493b-8421-126aaef1e308,2026-08-11T14:33:22+00:00
66d5b274-c30f-4416-a783-e26bb0684896,d923b91a-40c0-438a-b40b-29c7902225b6,658d561c-1651-4aa7-9c5f-4cc6fe4afb70,2026-08-31T18:45:56+00:00
c1ccfa9f-196e-4b1d-963d-82e9b3d699b3,d923b91a-40c0-438a-b40b-29c7902225b6,580cef17-440c-4dfe-9629-5e7dcbd52995,2026-09-02T09:47:41+00:00
10615110-936a-463e-8eca-4c8969bc3348,6de01a7c-0cb7-41df-a2d1-031ea7dd4a17,60e7746d-a14d-4134-a659-8644ea757f35,2026-08-23T15:24:05+00:00
a37e5fb8-9a5e-4041-a6b8-4fb19cf625d6,04ba1ab5-c6b0-4c9e-9067-38786b64bfdb,200f9843-09b8-49fb-9a99-30710133815e,2026-08-18T00:56:19+00:00
d0d10e05-a7a2-4363-b0c6-722f6f8fb3c4,04ba1ab5-c6b0-4c9e-9067-38786b64bfdb,64be8bfb-802e-4c82-a1a5-933556b2ba96,2026-08-14T01:16:44+00:00
2896fb01-2648-4a56-a228-fef1fb01c838,04ba1ab5-c6b0-4c9e-9067-38786b64bfdb,b60473a7-fc1d-48a6-b979-2e6c324f1b4c,2026-08-19T07:33:23+00:00
0b80f38e-2a21-4ac8-b73a-45b88b153724,f2ca22d8-4029-4fbd-b257-3d3f455a6f56,e5f76da6-068a-4b15-bb2c-649e314a26ed,2026-08-13T01:40:24+00:00
467e0c62-69ae-489f-a168-8490cc5de007,f2ca22d8-4029-4fbd-b257-3d3f455a6f56,3a748a52-31e6-4e13-b168-3406e4520722,2026-09-01T18:17:46+00:00
fb29bcf1-2d25-4699-b4ef-7215342510ef,f2ca22d8-4029-4fbd-b257-3d3f455a6f56,073d319d-25c3-4082-88f9-0cbb7e686a6c,2026-09-01T07:10:41+00:00
88b60186-99ae-433a-bcf8-a1515d64d41e,d00b23a3-7adc-40e5-9bf3-03629e930400,f31ed9a5-371d-40f1-abad-f2898658760d,2026-08-14T03:34:29+00:00
668f90cb-2420-4b0d-b590-fbb54920ea06,8f2bd50c-8fac-42ff-a0e3-bac734c6d1ae,f31ed9a5-371d-40f1-abad-f2898658760d,2026-08-14T23:03:15+00:00
5d3ec562-872e-4f6d-90eb-815368bf14fd,8f2bd50c-8fac-42ff-a0e3-bac734c6d1ae,0d63423b-88a8-461b-94f4-e18357eba2f3,2026-08-25T06:22:44+00:00
df15c2cf-3dd7-47c9-ac39-f2a14ec0d3e6,8f2bd50c-8fac-42ff-a0e3-bac734c6d1ae,a0bc3b16-7612-417e-acb2-ce0de205d14a,2026-08-17T20:34:29+00:00
5107877f-a5dc-4023-908d-ab0f9ca90ef5,a1c5afb8-8fec-485b-b2ce-06bd965601db,c568b27d-f55c-43c4-b16c-2ded8343488b,2026-08-13T22:46:29+00:00
b0278116-df14-49d7-87a0-5e13b88c136d,a1c5afb8-8fec-485b-b2ce-06bd965601db,dfb6fc17-bcca-45fa-ab0c-9e38e7ddcca9,2026-08-22T20:50:04+00:00
ed20e062-c38d-43a8-a96e-48334f7171ca,a1c5afb8-8fec-485b-b2ce-06bd965601db,e577a84d-38e8-4685-91ae-611ca1c68aca,2026-08-21T23:44:52+00:00
6338bf4e-fd85-4d6a-b3f5-fc5b0698eb0c,a1c5afb8-8fec-485b-b2ce-06bd965601db,876215b5-4c2d-4c0d-86a1-ccfafdee1101,2026-08-31T14:53:32+00:00
2680def4-726b-4064-9489-143c68b2811f,89af548f-7c77-4f21-8a22-790fc02ecf83,1fba3799-d4cc-4a1c-84d6-51146012067e,2026-08-13T17:12:02+00:00
6af161a7-f345-4bc8-bd20-058086c54ab9,89af548f-7c77-4f21-8a22-790fc02ecf83,35d6cd54-7bcd-4288-8c6d-682b12ba3543,2026-08-21T02:54:35+00:00
c38897c6-c277-41fd-b184-1cbf91e4a3d4,89af548f-7c77-4f21-8a22-790fc02ecf83,faaadadd-7fbb-4e89-9638-90d9dab4fd2e,2026-08-15T12:34:14+00:00
e2f52e15-75dc-4399-8665-323e6ce287fb,89af548f-7c77-4f21-8a22-790fc02ecf83,630fe4a8-7f3f-4f97-93c1-03feb895bbd5,2026-08-20T08:32:45+00:00
bb7ee8a0-fc4a-4248-879a-d8334b278da5,48a5d80a-b900-4f46-99e4-31b95130c1b4,5bc41520-3863-4195-9605-167db200b16f,2026-08-30T14:28:36+00:00
f9d3bdef-659b-43d4-8622-f0cbc5a780d2,dfa3d0ad-80f9-42be-9116-d2ce314649b8,f7fc3247-4e08-45c5-bf07-1580aa80b186,2026-08-14T10:03:02+00:00
ac29d940-58c1-4b08-962d-a2e6bc9ecb78,b6debece-8c1e-4099-80c2-f5bfa2207d5f,e5760964-741a-49da-986c-c20413c5103c,2026-08-14T21:40:35+00:00
bcfacab7-592a-4e72-92ac-0c898fe06e6c,744184ed-d43a-44e7-ae4a-088331862719,4e2906a0-e445-4567-9bc3-c549a3448137,2026-08-16T04:52:59+00:00
4dbaa293-dabd-4d4c-ba14-dc69a2d90cd0,744184ed-d43a-44e7-ae4a-088331862719,9e8e0225-d22d-409e-a1ce-2e9061fc7344,2026-08-21T17:05:56+00:00
025fe491-00ee-45f5-9801-9c339170f122,9ed0b669-6254-4c63-b17b-73bee1aa4cb1,3c4a47de-e63f-470d-a750-5453edea905e,2026-08-20T10:16:24+00:00
a4202c95-64c1-443a-a3e6-c31f479dda75,3a9c9cb0-9131-4aee-a264-7eb2b019df8b,94d89ccb-983f-49df-97a7-1886973331bd,2026-08-16T13:11:11+00:00
ecd9dacf-1185-44f3-82ca-7a3a432b3d69,3a9c9cb0-9131-4aee-a264-7eb2b019df8b,a65291d3-0e33-4ea9-afd9-e6056f5fec42,2026-08-21T22:18:28+00:00
08d76385-93a4-4a48-8f89-0f0846a62db3,3a9c9cb0-9131-4aee-a264-7eb2b019df8b,71938832-5c59-49e3-be85-9acbd7ca55ba,2026-08-16T03:33:32+00:00
7dd9c307-694f-4341-9ce3-f4966538b9a6,3a9c9cb0-9131-4aee-a264-7eb2b019df8b,35d6cd54-7bcd-4288-8c6d-682b12ba3543,2026-08-23T01:34:32+00:00
ceb786a6-722f-42e5-948c-401ddbf98b3d,3a9c9cb0-9131-4aee-a264-7eb2b019df8b,780c8367-fbe3-4f3e-bb65-e449f49742c2,2026-08-27T14:37:36+00:00
74a93b58-bf4f-43aa-a89d-d6a60eb60853,1044ae4c-b231-415f-891e-b82500b854f7,7ad9fea0-4641-41fb-9744-34c15951b68f,2026-08-17T23:50:14+00:00
ac09cde3-c086-4bb0-a7ba-cbad8ac655ea,1044ae4c-b231-415f-891e-b82500b854f7,7844c024-2ced-4ed0-9417-6303bff60ab5,2026-08-28T14:24:38+00:00
567740c1-5620-4fe5-980a-ae6cda062c43,e0943f8c-3612-4b5f-871e-b6086d1e57cc,2dac0197-e076-459a-8d9a-034a44933296,2026-08-24T11:17:03+00:00
c557729c-17fd-4c73-b8a5-3af09a438704,90dbced2-ed0a-4c56-848e-817caf4ec4bc,2fdab17b-b531-49bd-b7bf-e2eccda6e5eb,2026-08-15T12:33:19+00:00
41c52ca2-62dd-4e72-b7bb-bda7dd7fa853,90dbced2-ed0a-4c56-848e-817caf4ec4bc,64be8bfb-802e-4c82-a1a5-933556b2ba96,2026-08-27T09:26:22+00:00
517c03fc-40ba-4ccb-9988-90c9e3012302,90dbced2-ed0a-4c56-848e-817caf4ec4bc,56423c84-9e94-44e6-a034-0a21e231fbea,2026-08-16T01:40:52+00:00
9afe2598-28da-436d-9ccb-22305aad2de3,01fbdf33-6e02-4708-8d97-9f287afa0cd2,fddcb198-bf64-4afe-a7ba-49b9d8c59c2d,2026-08-24T04:09:44+00:00
959ed89f-dfa7-4c0c-9071-b6a35c394a04,01fbdf33-6e02-4708-8d97-9f287afa0cd2,53a84c41-db22-49bf-98bd-d408fffdabc3,2026-08-21T11:47:27+00:00
7cd34bae-f319-4049-896d-2a4508854a05,878ec06d-98f3-4e5d-82ee-40ce2830d844,896b4f1b-82da-4b41-868f-822326a66804,2026-08-17T01:16:08+00:00
2c75322d-ed3a-46ff-bff8-fdbe8dfc2784,4481facc-437b-41cb-babe-c9fbe5d7ec58,e5d66484-0921-411a-aecc-60e791695a29,2026-08-22T10:00:35+00:00
b3b3959f-ca60-424a-85af-2676d2f93f82,55df7fd8-2a62-40e6-9c90-efb4cbd8f77d,06ca99ad-46e9-4d5e-a72e-48628968c316,2026-08-31T02:45:33+00:00
1ead92ed-f829-44de-94e1-636beab352fc,8aeb47c9-b72b-4166-b4b1-9d648221b401,cdb4ace0-6ea2-498d-90e8-2009a10848ce,2026-08-20T18:20:42+00:00
96cfd521-2401-4809-ad9e-05ab05e20421,9ce4002f-5642-44cf-aa66-31884d000610,0ac62d09-f09e-4690-845d-950f83a734f9,2026-08-19T11:27:51+00:00
02800a6f-eaec-4e06-b0e6-fbd466c13632,05fce59e-5e42-4c27-b717-d2612cdeb3b8,63e9a505-7c6b-4204-93f7-db5e9998f23c,2026-08-20T23:26:37+00:00
f175d69f-4185-4bd4-acf8-6515e65c0a01,05fce59e-5e42-4c27-b717-d2612cdeb3b8,f965e2e1-14e1-441b-bd2e-db6def83457a,2026-08-21T09:28:55+00:00
7a35506a-78db-41ea-b9e6-ccc77fede1f1,05fce59e-5e42-4c27-b717-d2612cdeb3b8,666bc6ff-a4ef-4446-b1f3-452d89ab9300,2026-08-17T17:30:12+00:00
6c1329da-cded-41e7-a300-a96235c25c30,df88ecec-452d-4658-9ba6-f0d2a079507c,f7318ac8-5529-4cd7-98ea-c6b5c629b8b2,2026-08-25T14:26:39+00:00
ba3f2c16-1df4-4488-9ad3-32309df2b0f5,df88ecec-452d-4658-9ba6-f0d2a079507c,21f12625-f34e-45b3-aa99-2c07287fc8b7,2026-08-17T14:13:55+00:00
5749081a-9493-4ca6-b698-16e5e2f40749,df88ecec-452d-4658-9ba6-f0d2a079507c,dd6a0ad5-cbc7-4d17-8a8a-229cea78e52b,2026-08-18T05:57:17+00:00
9f5a50a7-cb66-413e-bb9b-7729cc6623e4,883b5ea8-946f-465d-8564-18d51dd30bad,c90cc779-75f4-4f0d-8f0e-bf02ad0ba33c,2026-08-29T01:01:35+00:00
75c9fa3c-40e7-4f29-b60f-4d1b09b2b951,c4721b75-c90e-4427-b0a3-d825a848033f,06ca99ad-46e9-4d5e-a72e-48628968c316,2026-08-24T00:10:57+00:00
c25fbee6-c714-4ed6-90ef-15a5fb070161,953975ea-03d5-4ebd-8975-007433902e94,30af9bdd-a273-4b60-bac7-ca71cf3d5ef9,2026-08-27T14:21:18+00:00
2246273c-86b5-4fee-8ead-3cd3d16461c5,c7d5e7a1-ef61-4dcf-aacb-51c499ef9812,ae8523f3-49f1-45d4-ab29-0313676f12d0,2026-08-17T21:37:36+00:00
acc33345-6871-411b-bdd8-69597fb25e38,c7d5e7a1-ef61-4dcf-aacb-51c499ef9812,8d5b08cd-a9b3-424d-b178-65d65f5998af,2026-08-17T21:18:35+00:00
de194fea-4462-4cea-9253-fa4b7c759b23,c7d5e7a1-ef61-4dcf-aacb-51c499ef9812,d24b23ee-291d-4c2f-8c3a-ce1251c2c3d8,2026-08-26T01:46:55+00:00
2a6cfa93-aa55-4d20-a565-eb69d8e849c9,efa1c04e-c8f4-40bc-a631-187c2866aaad,9683d7cb-c320-48ab-b91d-373a4a32cc44,2026-08-17T18:25:59+00:00
e8893bf5-8126-4357-a844-c9e771100d76,4f319a50-490d-4b65-9274-cea2c69fa191,d97c38cc-0971-42dd-869d-988ad7864fdb,2026-08-20T13:46:24+00:00
949a880b-9158-4408-b962-5086e167d25a,4f319a50-490d-4b65-9274-cea2c69fa191,9c6405d0-d0bc-4e75-8900-4a343d7eec34,2026-08-17T23:59:22+00:00
fdc0d78f-6f80-44ed-9cba-ded4b2b2e24f,fd899e7b-af8d-4b38-970e-ad82fa363f50,b9468cb9-ed1b-40fe-a021-2f6da1f2925d,2026-08-18T01:02:46+00:00
f26d306d-9e9e-4061-8d59-c8e4c6f30327,d4223b8b-2b4e-484a-b4ae-f7c663cf37e4,44ee0402-719e-4795-b6d1-9697a6d0a515,2026-08-26T12:49:21+00:00
10c378be-7950-45dd-9fda-4c7c50300544,6c4f9618-892b-454c-8d95-85fd3a19e7e5,9b0f4215-bb92-4800-a8ee-8b3a7bbf2ee1,2026-08-20T02:42:47+00:00
95e05c68-37b5-4f58-becf-650d196e1146,e0f852f1-2ce2-4efa-b039-144aa5c4f59b,61bc54ff-d92a-459a-b783-749eeba4b206,2026-08-28T10:57:24+00:00
07b1b662-d429-4fa6-8254-eccea3e61e17,e0f852f1-2ce2-4efa-b039-144aa5c4f59b,b35bb1cd-607f-4ff2-9161-bce4975c7369,2026-08-30T20:50:26+00:00
1c17e4e6-3335-46dd-b718-0ec25ebc759d,e0f852f1-2ce2-4efa-b039-144aa5c4f59b,5d00b0e3-2e7d-4703-ac82-a0935fb970f1,2026-08-26T18:03:45+00:00
fd4b0d95-0b9a-4269-bd2c-791c3ad1e265,4a6aa5f9-4b3e-48cd-9f86-2ace7f0109c5,e3d856ad-6787-404e-8e93-f255933c3680,2026-08-19T10:54:03+00:00
5e051718-430e-4798-aacb-a47d780a9e27,4a6aa5f9-4b3e-48cd-9f86-2ace7f0109c5,26d61dc5-0b03-4c16-8a64-7afeba92fecb,2026-08-19T04:12:01+00:00
4b170a21-bf8b-4574-93b3-26ba7d558816,f312f7e6-9cb6-4174-a2f6-f48251c8c3ba,6760b35f-d3be-4df1-b9bb-dcc8d7227291,2026-08-28T17:32:46+00:00
3fe380e9-0ed6-4822-bf53-27b78784e53b,f312f7e6-9cb6-4174-a2f6-f48251c8c3ba,3aed15aa-f84b-4807-aa3d-ed685d555290,2026-08-24T23:00:35+00:00
efb56fb9-aa7b-4d9f-9875-59a5a5fd4e0b,f312f7e6-9cb6-4174-a2f6-f48251c8c3ba,b387c825-7116-4b83-bd18-56e81111a5c9,2026-08-30T00:39:02+00:00
f2bdad5b-434b-4ac9-bd04-e50ea9d6767b,871d21a7-7f5d-4909-9b4e-48172a16e2a8,16a2805a-f042-40e2-a4f8-2002ffbe4cf8,2026-09-01T04:38:16+00:00
feee6bad-749f-4225-931b-bab99a2663cc,871d21a7-7f5d-4909-9b4e-48172a16e2a8,5635f843-b3b9-440c-a3b6-a80320986967,2026-08-25T23:40:23+00:00
aac88e23-9a1b-43d2-998d-88bb4ad3e2be,871d21a7-7f5d-4909-9b4e-48172a16e2a8,3d8d407b-3444-4e37-ab6b-268253b5c015,2026-08-18T19:20:48+00:00
e02add9a-c451-40fd-a064-d85a4e42b0d0,871d21a7-7f5d-4909-9b4e-48172a16e2a8,4e2906a0-e445-4567-9bc3-c549a3448137,2026-08-18T22:41:49+00:00
f6c78297-da60-416a-98c0-e22c857f1a20,871d21a7-7f5d-4909-9b4e-48172a16e2a8,a5387ad1-06a2-4c7d-9ab9-85dab1cab9e8,2026-08-31T09:12:16+00:00
bf4c333f-139b-41d4-9686-5d10a1e10581,871d21a7-7f5d-4909-9b4e-48172a16e2a8,67720afd-c98f-4042-88f8-4ee42ce6223e,2026-08-20T04:15:55+00:00
5b69e5a9-514c-4691-85ab-a79362faa2b2,871d21a7-7f5d-4909-9b4e-48172a16e2a8,9c4bc13c-455f-4bc8-af64-d6ff11a380b4,2026-08-20T22:21:21+00:00
c79f21ec-2a3e-4299-b732-2f941025c6c7,871d21a7-7f5d-4909-9b4e-48172a16e2a8,d70b90fa-8a9d-408e-b442-7d148a6095e5,2026-08-19T12:34:23+00:00
5fae8c0e-5860-4443-b06b-274abf24dfe5,871d21a7-7f5d-4909-9b4e-48172a16e2a8,d4be3d17-49dc-4e35-953b-ddb3c7c6c4a2,2026-08-19T09:38:51+00:00
0ec10a0a-8526-4bf1-affe-5fd52e5144ca,61631241-7a66-46bc-a40c-b21630c905dd,01a63c21-47ae-4034-92d8-95c929748522,2026-08-19T03:22:07+00:00
8582b082-d432-4fb8-aad6-af92dfc402ad,61631241-7a66-46bc-a40c-b21630c905dd,0183dc00-5b81-4d6d-aa94-59a230ee274c,2026-08-21T06:48:31+00:00
ac92c30a-8f26-493b-bad2-b7fad778d4cb,e70143ef-f2b4-424b-9fce-7881d0e6bbf7,1cd103c5-ca45-4990-b0e8-9aeda141fced,2026-08-20T10:02:52+00:00
755aa1fc-b1ae-4e81-a071-a5459d20af18,e70143ef-f2b4-424b-9fce-7881d0e6bbf7,caa94dc0-81be-4dfa-8bc4-fa28c1ea5e7e,2026-08-28T21:09:27+00:00
456794f5-019c-447e-bc13-f6ce8760c50f,e70143ef-f2b4-424b-9fce-7881d0e6bbf7,c90cc779-75f4-4f0d-8f0e-bf02ad0ba33c,2026-08-23T02:19:03+00:00
0eae4c11-ea68-4954-8aed-e858f490cb5a,19a5cd33-40a6-4372-80dc-bdcc16103522,b2ebd1c7-416b-4645-a522-88f29c4fd3fa,2026-08-20T10:52:57+00:00
58f53ab0-744a-4a9a-89fc-51ff080dcaa4,19a5cd33-40a6-4372-80dc-bdcc16103522,e818f248-82e9-43bc-9ab7-27d5be02776b,2026-08-19T08:47:42+00:00
9bf85bdf-cc3d-4820-a805-85d46b5ca091,5c20b8de-66e4-4cbf-85ac-5bb12cae2393,a80b24ca-19f4-4796-9a5e-683f4e8f7b14,2026-08-20T16:12:36+00:00
2fed30b6-9c20-48be-9a97-62f05045eeb7,5c20b8de-66e4-4cbf-85ac-5bb12cae2393,e554a849-75b4-42ad-ab34-0b8fc1a7f349,2026-08-20T10:55:07+00:00
bf179cf1-773d-4875-b5a6-6dc27a4a5e22,f8f0e7f5-fe84-4250-aef8-0fe295db79c9,ce6ae59f-fc40-4e17-bf03-66f9d20b800f,2026-09-02T04:16:57+00:00
1da1d8e1-3277-4261-a7f2-de0625c6c68c,f8f0e7f5-fe84-4250-aef8-0fe295db79c9,94fe657b-e446-422e-8233-465a217764d5,2026-08-27T03:33:24+00:00
a8e4ec59-6990-4f3f-b96e-8a96e17b0dcd,f8f0e7f5-fe84-4250-aef8-0fe295db79c9,01ad5d19-51ac-4277-bf22-13bac68b5a71,2026-08-19T16:05:14+00:00
aedf18b8-63fc-4459-8837-b887064a9ce9,f8f0e7f5-fe84-4250-aef8-0fe295db79c9,c99359a6-ecf8-4d27-a849-8d366cb10a8d,2026-08-19T12:29:30+00:00
10fae821-2e80-4a62-81e2-f6c6941c6bd6,f8f0e7f5-fe84-4250-aef8-0fe295db79c9,717aa351-fab1-415d-aa39-5e7d6202e3d8,2026-08-30T04:00:01+00:00
e6a69010-1b4c-4c90-a8b5-3320312795d8,ed650eef-11ef-4262-ad66-3e7906798815,e818f248-82e9-43bc-9ab7-27d5be02776b,2026-08-29T01:12:38+00:00
041fe77b-4de7-45a7-b2d6-129f8e6ff071,ed650eef-11ef-4262-ad66-3e7906798815,3a748a52-31e6-4e13-b168-3406e4520722,2026-08-19T23:32:31+00:00
29d32af1-04c0-4468-ab4e-d5deec81d7e1,7d780262-effd-4252-a6c8-9186b4bdcef7,7357e086-3d97-4c00-bd2a-662d18d0abec,2026-08-19T16:57:33+00:00
b7422930-121b-454a-9a99-70069eed71da,7d780262-effd-4252-a6c8-9186b4bdcef7,6dae0af9-c881-473c-a919-489118789e0d,2026-08-19T17:04:27+00:00
cd22f128-033c-4c11-b8f0-6bf4ef7263ea,7d780262-effd-4252-a6c8-9186b4bdcef7,10052c3a-4cb2-4d00-a0bc-2b3ec6334ca5,2026-08-19T23:08:08+00:00
1307983e-ac13-4381-9558-c64d7c1bb1cd,7d780262-effd-4252-a6c8-9186b4bdcef7,635cb86b-03c7-4fb4-884b-ced27f9691bb,2026-08-19T17:18:56+00:00
e395f768-92d2-45ea-b0d4-7523af29eb15,7d780262-effd-4252-a6c8-9186b4bdcef7,bc0e5868-3a1d-4493-ad13-df81dcf8102c,2026-08-19T16:57:13+00:00
4d759ce4-dba3-42d7-b756-31d69148a015,7d780262-effd-4252-a6c8-9186b4bdcef7,e5760964-741a-49da-986c-c20413c5103c,2026-08-20T07:30:37+00:00
8411983c-a554-4b79-b2f5-9a2ee28c0517,7d780262-effd-4252-a6c8-9186b4bdcef7,f3f35b1f-6722-4fb3-9c50-39c6796b2515,2026-08-19T23:49:30+00:00
3b11af4f-631a-46b9-b9e6-dfc6bce308e9,71a0699f-669a-434e-ac77-c3b9da9705ca,fdd43fca-ada6-4d98-94a5-dbc1afd11d57,2026-08-23T11:23:14+00:00
2b54226d-7f39-4510-9a4c-75707f37d035,71a0699f-669a-434e-ac77-c3b9da9705ca,093a360d-63cd-446f-8cc4-cceafcd033c5,2026-08-20T06:50:00+00:00
e72065f2-9924-40ed-9797-09fdaa9aa56e,71a0699f-669a-434e-ac77-c3b9da9705ca,767863d3-745c-4089-a535-93af030d91ab,2026-09-01T09:03:19+00:00
d5871b96-dcd2-4ba6-94a3-109e5de16ad4,a09b1a16-0d10-4f20-875c-9a0db0fcb551,f4b0199b-48eb-4354-a8fe-03676e9169f9,2026-08-20T05:54:05+00:00
f463df12-d33a-4e1e-ab09-3b75b76dd944,a09b1a16-0d10-4f20-875c-9a0db0fcb551,f04a183f-150b-4c94-add4-8f70333e2504,2026-08-21T19:48:40+00:00
6bcf3db6-4b75-4ae9-a0a2-71001ff91994,a09b1a16-0d10-4f20-875c-9a0db0fcb551,2dac0197-e076-459a-8d9a-034a44933296,2026-08-20T09:40:03+00:00
510bffc8-bf21-4288-a89c-ec0c39150aeb,92ed7beb-269b-44ec-b3b2-7f1bbe4f9af6,104d1676-bfe7-4914-bd0a-193b756100ad,2026-08-28T23:40:42+00:00
b4f998c5-26ea-4073-8d95-57620e6bcf26,0a63fb2e-0c3d-42d5-938c-1bf98ba36a89,b3a594ad-c0b2-4c4f-9c16-36e5268f731d,2026-08-21T00:40:17+00:00
7059afbc-2c8f-4fa2-8095-079530186d14,40c329fb-aaf5-4eaa-b302-60dd5c289025,594a9fe8-338e-48b9-bf94-45ec42062580,2026-08-30T12:32:02+00:00
17583983-d351-4188-b1d5-647ffcec5ee4,40c329fb-aaf5-4eaa-b302-60dd5c289025,d7b30ac7-a843-4c2c-b7d0-5dbca0c169c3,2026-08-23T04:21:01+00:00
3b31faf2-e067-4c41-97ca-9757be105e4d,40c329fb-aaf5-4eaa-b302-60dd5c289025,3be6bf3f-c8f5-451d-9829-86d0e1a995cc,2026-09-01T11:32:16+00:00
bb3de459-b9fe-4241-89cb-e98691ad98a7,40c329fb-aaf5-4eaa-b302-60dd5c289025,223b052c-55c7-4152-903d-0f666656212e,2026-08-21T13:43:23+00:00
2fe262b7-3866-40ed-828e-4d0833cf9b4b,40c329fb-aaf5-4eaa-b302-60dd5c289025,64d51d94-4f34-4e31-980e-5bf1b969932e,2026-08-21T17:04:53+00:00
5e609493-c329-43e6-91b1-ca307b2c75b9,40c329fb-aaf5-4eaa-b302-60dd5c289025,6f5ed66e-e07b-48ed-b59a-b63d714e545e,2026-08-28T06:32:15+00:00
864038e8-c06a-4f3b-b680-191ed37b69cf,40c329fb-aaf5-4eaa-b302-60dd5c289025,6423836f-839b-4455-9791-d85c98ea5f5f,2026-08-23T02:44:31+00:00
a17a4f24-a623-4685-8c63-54a4ea359542,40c329fb-aaf5-4eaa-b302-60dd5c289025,14de7a21-0292-46d5-91cf-5ab7a5ec694f,2026-08-23T05:26:10+00:00
bf336ae0-a5f5-46af-a2cc-73463a1bfcc7,53e4aa31-da2f-4d79-acd8-f739f53b59e2,1fba3799-d4cc-4a1c-84d6-51146012067e,2026-08-27T09:42:10+00:00
37ee4dd9-6062-445f-bd02-c44550599a95,53e4aa31-da2f-4d79-acd8-f739f53b59e2,78adb4b4-64d8-4a3f-b789-0aeeccaf033e,2026-09-02T05:22:44+00:00
94d68718-9a44-4843-b165-954a622d3380,74a4949b-eb2d-4ca9-8eaa-73f0b2468cbd,1fba3799-d4cc-4a1c-84d6-51146012067e,2026-08-21T22:53:58+00:00
2c24c379-c8b9-4a73-9045-23ffac51ead1,74a4949b-eb2d-4ca9-8eaa-73f0b2468cbd,fe409d6f-e259-485b-96bc-c2a89d7996e6,2026-08-22T16:33:19+00:00
5f2fe3b3-31ef-4792-88b5-404a242236cc,74a4949b-eb2d-4ca9-8eaa-73f0b2468cbd,558257fc-53a1-45c0-9ece-75440adedee7,2026-08-20T16:03:27+00:00
73fa8ec5-af9b-4d22-a298-499bac9146ae,1d2d8a0e-3402-4b33-9b98-bb7c15aa17c6,fee6b0c5-a98d-4b4e-a30d-2cb91bee01ea,2026-08-22T07:19:25+00:00
d25df965-d347-4333-9fe1-7ff6c1d4092b,da03c68a-5395-4ef7-a4c8-c605498dc8d5,b4873cd1-b543-4232-ba4e-8dd873f8eef3,2026-08-30T18:56:13+00:00
5424e4e9-10f2-4495-9662-3bf51209d7bc,da03c68a-5395-4ef7-a4c8-c605498dc8d5,1a3b8eb4-9217-4dfe-a345-ac6a2076c9d5,2026-08-21T19:43:59+00:00
7d2ffe78-95b1-4050-9f9d-ecbb259d1809,da03c68a-5395-4ef7-a4c8-c605498dc8d5,db4d2942-4cc1-45f1-87fc-07d96b772a6e,2026-08-26T22:49:24+00:00
ccca1007-1302-4e85-9e57-7fd0ac3c01e8,16b6ba87-2498-42e8-87b8-fcf878a61d19,7f332889-8032-467d-a20a-a0aadb0a6c98,2026-08-26T11:56:54+00:00
dabb619e-fe63-485b-8062-2386bd6bbf39,d09d0b24-d7a7-4829-8340-46cd7aef7362,006472ad-ef7c-49dc-a9a5-5be63552c118,2026-08-31T20:50:53+00:00
6b1ac628-790c-41f5-9cf0-6c092fdbd482,d09d0b24-d7a7-4829-8340-46cd7aef7362,52c5c6a9-39b5-4951-9af7-b20a0970bd62,2026-08-20T23:53:15+00:00
fbca9403-ae01-4c7d-9f07-61f01a868aac,d09d0b24-d7a7-4829-8340-46cd7aef7362,ef913d79-c307-422d-acd9-5e72bbadb9e9,2026-08-21T01:34:16+00:00
a6959582-2ca1-4c6b-b92d-252d27180e5a,d09d0b24-d7a7-4829-8340-46cd7aef7362,d4be3d17-49dc-4e35-953b-ddb3c7c6c4a2,2026-08-25T05:19:33+00:00
ea5633c0-8612-487b-834b-6b4fce3d6ebb,d09d0b24-d7a7-4829-8340-46cd7aef7362,be814268-912b-47b4-8181-c0ede2b04826,2026-08-21T11:51:03+00:00
9c0166f3-3bf1-428e-9beb-57809e30b869,7594094c-f845-44a9-b19a-9e8f397c03fc,f5406e32-0613-43ee-b020-bf1ba6990c2b,2026-08-23T13:42:33+00:00
e5ebebcc-c248-43ab-99b2-61b8ad6aff65,9757ca89-431e-4cf6-a16c-bad72d7b916a,c88efa62-e4cc-4ce2-825d-a2d3bda7324f,2026-08-24T12:05:48+00:00
67e39b52-3b24-4c63-8dca-6fdaf8784ce8,9757ca89-431e-4cf6-a16c-bad72d7b916a,009d0e9b-5151-494d-928f-546ec09aa2f3,2026-08-22T21:21:55+00:00
42f1932d-db2e-42ee-89ee-88ff5f44cd75,d1c3bf74-b3f4-4944-bd5f-4837bdd26009,104d1676-bfe7-4914-bd0a-193b756100ad,2026-08-31T19:58:06+00:00
0c6f258d-8445-4097-b03f-6bc2a4e516f9,af95e016-037a-4f6e-b7df-8dd9773af964,dfb6fc17-bcca-45fa-ab0c-9e38e7ddcca9,2026-08-28T01:35:46+00:00
687e3dff-5259-46fd-b05f-d25462ae2184,6fa65967-89a8-42ae-bb40-73ee3ed970f7,1e35bc63-b9b9-4dc0-bbca-ba32d6a1676f,2026-08-25T11:24:18+00:00
4fdfb2a2-b32a-4c65-947d-ba10f11ad389,6fa65967-89a8-42ae-bb40-73ee3ed970f7,b233f9f6-2a38-41be-92c9-8555aefc62a9,2026-08-21T19:21:16+00:00
886172c0-1e5c-457f-a2b2-008d7c12069d,aa2d0b51-344d-4f99-bd2a-b6e9e87b0fa9,94fe657b-e446-422e-8233-465a217764d5,2026-08-24T23:08:57+00:00
7afe09bd-6b8c-4d36-8e7a-1d97175bcf03,aa2d0b51-344d-4f99-bd2a-b6e9e87b0fa9,405b7524-8b1b-4475-ad96-825a01e94fc9,2026-08-27T06:29:27+00:00
e406d96e-965a-4775-80ba-d55d8fd6d779,aa2d0b51-344d-4f99-bd2a-b6e9e87b0fa9,0e164fd3-3756-4f01-a71d-7a130995921d,2026-08-23T17:28:32+00:00
11634d5e-bf16-4682-84dd-71e71af9dc45,aa2d0b51-344d-4f99-bd2a-b6e9e87b0fa9,a1d67684-0efd-46c3-a44d-06a1f1b59626,2026-08-31T20:46:50+00:00
474af3cf-ce9f-4916-8fd6-283dd802188b,aa2d0b51-344d-4f99-bd2a-b6e9e87b0fa9,553046bf-b8f3-4054-8eea-bd6715749b6e,2026-08-28T01:17:58+00:00
fb2b447e-97f0-4dbd-8cc6-3419a01a88c9,8e971533-1e53-49f0-b7bd-ba291f333f63,54f26470-51db-447f-8c40-86bc6859b21b,2026-08-26T17:57:01+00:00
358d184e-1f33-490b-a873-ebfe3074c250,17395f03-7677-4ac9-acdd-ba1aa338cb7b,f4b0199b-48eb-4354-a8fe-03676e9169f9,2026-08-25T22:40:38+00:00
41784cd5-c2ee-49ac-b353-8fcc5d03d423,2d670fae-18f3-48d8-9fe4-5c82cd9d6289,0c75c528-0777-4d48-b0e4-87ab07dcd5a2,2026-08-27T18:36:21+00:00
56c42bb6-6c4a-4c9d-956d-c25b53a17fce,acbaf4bc-8d90-45bc-89c3-54bdcfb8ccfc,8c0f035c-ed24-4e92-9e38-7d7562011845,2026-08-22T07:28:18+00:00
e7287ade-1c0c-4272-9d9a-cda259878b2f,acbaf4bc-8d90-45bc-89c3-54bdcfb8ccfc,c90cc779-75f4-4f0d-8f0e-bf02ad0ba33c,2026-08-23T16:38:55+00:00
c72189c0-7acc-4396-a918-bb5aef1f48a6,14851931-67d6-485d-bb8a-e1d810c79f6d,76948275-fc48-4c3e-b731-4436f90cd800,2026-08-23T04:29:30+00:00
317c1227-57cb-46ae-b260-4b638a68ff5a,d8bfe84e-b28e-423e-a581-bd87881f76bf,6d1577ed-1dc7-4670-a35e-7ee03d6217a2,2026-08-22T21:57:13+00:00
104af0ea-d5e3-4fe9-b59b-cf23e5a91a47,d8bfe84e-b28e-423e-a581-bd87881f76bf,123da5fe-c615-4c1b-a15e-c518ab63f804,2026-08-23T13:01:04+00:00
442ce299-268d-4046-8910-2393468a551f,18c1a90c-73f9-48c8-a6be-95de31a44272,40b381d1-9fae-4307-9737-cc332f541b94,2026-08-22T12:35:12+00:00
0a20b99d-8e42-44cb-b007-6729a3cdc4f9,18c1a90c-73f9-48c8-a6be-95de31a44272,23061881-ec83-4935-ba31-110dc9dd0f5e,2026-08-26T19:42:11+00:00
1cdfbff1-0da6-4195-a5c4-0c2e640fb145,b12c8fe2-904a-4d9e-bde7-22193b311a50,f3189547-b5c9-4076-aab8-d864b3815677,2026-08-25T04:30:56+00:00
3abc1703-7bb2-4d7c-b0c9-6a102cadc11c,66eb10bf-9e0e-4f01-b1ef-3568507620a6,bef562aa-7b99-4438-b976-0c3e350379ee,2026-08-23T20:08:38+00:00
a6bec563-c1fa-436c-9b1e-6eb97560f323,66eb10bf-9e0e-4f01-b1ef-3568507620a6,20643c6d-5091-45f4-96dc-2970aa107c3a,2026-08-23T12:34:25+00:00
88ed5929-342b-44ef-8920-44580d04a677,821e5960-001a-4b8d-a844-612158355974,10052c3a-4cb2-4d00-a0bc-2b3ec6334ca5,2026-08-22T20:50:39+00:00
31553b10-ce16-4ce0-9adf-54797cda521b,1fc4dc96-dd29-49b6-b4b6-c7867fc00c42,f74c5434-3a39-4dc9-8fd0-1b4de52cff6b,2026-08-25T04:45:45+00:00
18426eed-3510-4db2-8986-72f374b49b27,1fc4dc96-dd29-49b6-b4b6-c7867fc00c42,200f9843-09b8-49fb-9a99-30710133815e,2026-08-22T17:58:22+00:00
501c69b3-15cb-4d76-b008-6723e2d8928d,baaf9c55-0fff-480b-ba33-2cf2021b108d,b126e808-1a11-4d61-af32-05384751f291,2026-08-31T18:41:56+00:00
3d5576f9-f06f-49ed-b67e-23d167df21d9,b82ae7b9-cd79-4ed7-ad08-1175a185b1eb,bdd3bd04-7e4b-4d82-816f-dceb5fae55ea,2026-08-24T09:12:19+00:00
141d03d5-38c9-46c6-8ff7-59681783b210,b82ae7b9-cd79-4ed7-ad08-1175a185b1eb,4e2906a0-e445-4567-9bc3-c549a3448137,2026-08-30T20:07:34+00:00
59fcd85e-1eaa-4252-a83a-2b7801756902,b82ae7b9-cd79-4ed7-ad08-1175a185b1eb,f4b0199b-48eb-4354-a8fe-03676e9169f9,2026-08-22T23:21:42+00:00
13d9ec46-e4e4-4355-9ab9-7b089b63852b,60e2dc63-a7eb-4754-b4b0-e55231e92549,dfb7e95f-260e-477a-a24a-a98cf163a43a,2026-08-25T00:58:32+00:00
3c67d25a-b9b8-48e8-8a57-4075b59934b0,1f3adbd2-424b-4fdb-afdf-c8ffc81af922,3d9b6dd2-deb5-4f7f-9ae8-89c12f579e9c,2026-08-24T07:12:37+00:00
210fcc97-c3b6-480f-942a-3cfeae4b2a50,1f3adbd2-424b-4fdb-afdf-c8ffc81af922,7926d7b2-835c-4a6f-bf2f-3e38d4db3419,2026-09-02T09:44:36+00:00
9ca9bcd3-495c-4281-b194-33ab928d3ba5,1f3adbd2-424b-4fdb-afdf-c8ffc81af922,6aacb066-212b-444d-b253-5871c426b9d0,2026-08-23T04:19:57+00:00
60f5bcd3-564e-4ea1-a2cc-ebaba29d3fb2,d1e58459-d585-4c10-a7b5-dfc3520872d0,39253471-72c7-42b6-ad3a-569f5728f21e,2026-08-25T04:46:43+00:00
1b16a0e2-353f-43dd-b3c6-5e28175dcd30,d1e58459-d585-4c10-a7b5-dfc3520872d0,8d9a7d65-67f7-4c3e-b3ec-57b9652f01a1,2026-08-30T13:48:15+00:00
35727f84-7da3-4851-af6a-2a48877b33d6,592caf90-c696-480b-bac5-48235bdc3226,50ea7e0c-7da9-4f50-8495-8e484fcefdfd,2026-08-23T19:17:35+00:00
c7390e75-2900-4f2c-9d2a-10df10f52d9f,592caf90-c696-480b-bac5-48235bdc3226,4c01c5e4-a2a2-4327-b389-b04521c5072d,2026-09-02T06:51:01+00:00
edff50d9-8dde-4275-a823-2b407b5beb3a,592caf90-c696-480b-bac5-48235bdc3226,ef913d79-c307-422d-acd9-5e72bbadb9e9,2026-08-23T19:55:11+00:00
06d899ad-45cb-4d77-9196-4a8ecf17e479,592caf90-c696-480b-bac5-48235bdc3226,f49e78ea-0b5a-4e38-8d8e-fecf93a3488e,2026-08-23T16:20:52+00:00
a498dcbb-aeed-45ec-ac8b-c57bdf07383d,592caf90-c696-480b-bac5-48235bdc3226,0d63423b-88a8-461b-94f4-e18357eba2f3,2026-08-29T03:52:09+00:00
3df1cddc-8fa0-40a1-b84f-e09bce8ff3e4,0c40c6f7-20b4-46c2-9bb7-4b5bc7151a6d,3aed15aa-f84b-4807-aa3d-ed685d555290,2026-08-24T09:04:39+00:00
e3be541b-5f7f-4a91-8d49-26d0f336d7be,0c40c6f7-20b4-46c2-9bb7-4b5bc7151a6d,b79ed613-8b3e-476e-8337-9d3542f26656,2026-08-25T23:54:14+00:00
2651a9df-6f42-4d0f-bcff-d17b4d8863e0,111f880c-53fa-43a6-9a10-fc3c5f9c44d0,fee6b0c5-a98d-4b4e-a30d-2cb91bee01ea,2026-08-29T18:33:07+00:00
0ff5aa84-a26b-4378-9691-fd6c859e0b0a,75d36f94-12bd-42c1-8709-8dfd3b740da1,c3e6de0b-ae0e-464a-aeef-51bebdd50073,2026-08-24T00:53:46+00:00
ec8d9f9b-2520-43df-89bb-4a0653983496,75d36f94-12bd-42c1-8709-8dfd3b740da1,db4d2942-4cc1-45f1-87fc-07d96b772a6e,2026-08-24T17:15:46+00:00
82772039-286c-42a9-8cef-01a4124a8c9a,75d36f94-12bd-42c1-8709-8dfd3b740da1,7ad9fea0-4641-41fb-9744-34c15951b68f,2026-08-24T09:35:27+00:00
6210b0e2-78ed-482d-89c9-0fcfc3bf456f,75d36f94-12bd-42c1-8709-8dfd3b740da1,e577a84d-38e8-4685-91ae-611ca1c68aca,2026-08-24T05:01:50+00:00
4a012e87-c2a2-4d6d-918c-cba3532971d1,75d36f94-12bd-42c1-8709-8dfd3b740da1,f6e71fce-dd96-47bf-af78-97f8cfc698e0,2026-08-23T22:34:12+00:00
fc8e9c0c-dacf-459c-830b-b4a45dab05c2,26aefa7c-12a4-40bd-b4d4-6dca643d81dd,f3f35b1f-6722-4fb3-9c50-39c6796b2515,2026-08-28T19:04:04+00:00
2c8455bd-ae48-431a-8a22-bcac21b625e6,26aefa7c-12a4-40bd-b4d4-6dca643d81dd,8bf8ea9f-72d9-48eb-928d-e17012efd91b,2026-08-26T01:09:05+00:00
10f627a7-679e-44df-b0f0-66db30697908,26aefa7c-12a4-40bd-b4d4-6dca643d81dd,c23dbe1f-e0ec-4c11-aa9d-12a5f551ed35,2026-08-23T19:09:38+00:00
5d8f46bf-ee03-4e22-9717-e29339e1f6ad,26aefa7c-12a4-40bd-b4d4-6dca643d81dd,c88efa62-e4cc-4ce2-825d-a2d3bda7324f,2026-09-01T00:17:57+00:00
662454d3-65f2-45fd-a3cc-c3bb15ed9637,bc95a3fe-652b-440a-a2f7-1b4b7fa8d483,bc0e5868-3a1d-4493-ad13-df81dcf8102c,2026-08-26T14:46:10+00:00
c85be2f9-5107-4b32-a231-aafebf950279,b8c12eba-9a5d-44d3-a7eb-c069c38f12ed,e2bc1752-1983-472e-bbd9-c6fae7cac58a,2026-08-24T01:03:08+00:00
8234aa3c-a151-42c8-829b-e7fe50bca004,b8c12eba-9a5d-44d3-a7eb-c069c38f12ed,a0bc3b16-7612-417e-acb2-ce0de205d14a,2026-08-24T01:53:06+00:00
78f0afc0-e4f6-4fc8-8508-b9fe51e5fbf2,b8c12eba-9a5d-44d3-a7eb-c069c38f12ed,0b20e057-ab25-4963-a1eb-383458386c85,2026-08-24T19:37:35+00:00
e32fc285-6e4d-43ad-9de3-2e32bfbe850b,b8c12eba-9a5d-44d3-a7eb-c069c38f12ed,c3e6de0b-ae0e-464a-aeef-51bebdd50073,2026-08-24T06:26:03+00:00
8b464a3e-7e3f-4171-b5fb-d14bfba0c73c,b8c12eba-9a5d-44d3-a7eb-c069c38f12ed,e33923d4-ae33-4f20-93b4-4927825fa9f9,2026-08-28T05:49:45+00:00
422c4467-68b2-43d4-8343-00c10d348e68,b8c12eba-9a5d-44d3-a7eb-c069c38f12ed,896b4f1b-82da-4b41-868f-822326a66804,2026-08-30T03:51:49+00:00
adc03e27-afb3-4419-8f9f-3665428eb130,b8c12eba-9a5d-44d3-a7eb-c069c38f12ed,e984c74d-dd4a-466b-b93f-7f517e76b6c7,2026-09-01T09:34:26+00:00
7559ef3c-c2b0-4fdc-9865-7f9d835f2bff,1c30d070-5cb2-4838-8694-6b73fb94c172,ba4e0520-1425-44b4-ba42-764ccd9799f7,2026-09-02T08:27:14+00:00
4b049fb7-6696-4472-bbe0-8c42795c3485,f4f3701b-1948-4a8a-bd85-0e20d03b6948,0183dc00-5b81-4d6d-aa94-59a230ee274c,2026-08-25T05:31:24+00:00
17204f1e-2fa5-4ff3-864d-dbf1196680dd,f4f3701b-1948-4a8a-bd85-0e20d03b6948,df691f30-136a-487c-b5bc-1071c74717ae,2026-08-24T07:56:13+00:00
9dfca7d9-881e-465d-96c1-494e745cf207,f4f3701b-1948-4a8a-bd85-0e20d03b6948,99348a51-08e9-4760-8822-b2f8debef37f,2026-08-29T13:04:45+00:00
90620a0d-981f-44bf-9b53-3525de9c5391,7f3d82d1-adb7-497f-9958-4f758fb6482f,f588c9b7-219c-42f4-8026-81909c76658e,2026-08-26T15:55:36+00:00
d51997f0-dd8e-44fd-979c-6379532b1e02,c0dc158d-4873-49e4-898d-acb92d646416,42ddf256-149e-4757-b88b-4e24c8e6cb76,2026-08-25T22:23:09+00:00
56491f98-848d-4755-9c18-9fb262b7dfc7,eb01d994-09ad-4867-8d34-6cacdae70e48,b000127a-7ff3-4aba-9f9f-56872787d1ed,2026-09-02T11:53:17+00:00
380d6cc4-8000-40dd-8748-d43c45b44038,f71eb801-135f-41ac-b466-1ab057ace8fe,fda29f93-a3e8-4fb9-84ba-b9b7b56ec5c2,2026-08-25T04:42:57+00:00
e837a8d7-a9aa-4b99-9bd7-d2ee5d74bc42,f71eb801-135f-41ac-b466-1ab057ace8fe,a65291d3-0e33-4ea9-afd9-e6056f5fec42,2026-08-31T05:53:35+00:00
cec65b44-19dd-418c-8eed-42c620c156b4,f71eb801-135f-41ac-b466-1ab057ace8fe,917bdd4a-0545-41ea-8bbb-c3ec512a6c48,2026-08-24T23:45:39+00:00
29b5c5d0-be34-4212-bad1-f995cb5e3b2c,943e9e37-36e3-4ed4-a91c-fa49a231ba1a,d34b2b4a-bc0b-4ffd-83db-00f5cc6c937f,2026-08-30T12:59:01+00:00
20a4bfd4-d330-4608-a50d-648475cb87df,ef350aca-f92c-414f-a738-a5cc02c2a79e,f8d855a5-21a5-477b-bd26-6a8ff32c9563,2026-08-31T22:18:02+00:00
e53b8aa8-beef-4160-b1b1-4b1ed7a43bf5,63e5d4c1-f7cf-4bd7-80f2-5b83231454f7,cb3f27ba-7b73-4263-a8df-7fc52f4ac105,2026-08-27T23:22:45+00:00
adc3d205-0182-45db-8e41-7279fb3af929,63e5d4c1-f7cf-4bd7-80f2-5b83231454f7,ac90d181-ee36-49c7-a813-3467b90807dc,2026-08-27T06:27:35+00:00
b9a8a978-31bb-4fa6-aa3a-7a84f7dc1d9b,63e5d4c1-f7cf-4bd7-80f2-5b83231454f7,9f74975f-3000-4ef2-b2a2-1cdac8513b60,2026-08-25T03:41:58+00:00
6affb5da-75be-4de5-85c0-a2ace6f89283,63e5d4c1-f7cf-4bd7-80f2-5b83231454f7,f31ed9a5-371d-40f1-abad-f2898658760d,2026-08-25T15:32:28+00:00
dcee7647-4ea7-4350-b5f2-f1b5dd099d39,63e5d4c1-f7cf-4bd7-80f2-5b83231454f7,4333f52d-82f4-4fb4-b6c0-44d327f5b25a,2026-08-25T03:42:35+00:00
88cab250-f1db-4469-a10e-d4723ed0302f,bd91972f-0869-4d8f-902a-d86da679af58,88f97422-e385-4200-84c1-cf21ce0c6cda,2026-08-27T02:03:50+00:00
b635b037-676a-4313-8a3d-543cc9a83302,51a0dc9b-5f52-4f4f-b197-b6f81c97dd2c,e5ead316-9492-4d0f-92fe-e9ee1533cfbf,2026-08-31T12:42:06+00:00
740b7a4d-3976-43b7-853a-b9ca28c38532,51a0dc9b-5f52-4f4f-b197-b6f81c97dd2c,2dac0197-e076-459a-8d9a-034a44933296,2026-08-29T11:49:32+00:00
e28277b2-7c80-4ff4-902c-e0a1797d4965,5bdef1b7-ccf7-4436-9840-7d75ec3354f2,1dc0db8d-05e4-4ebb-97cd-9fe0c828ad56,2026-08-30T17:48:02+00:00
cf7336bd-2233-4288-a9ee-46a5c9322b07,057e06d7-1b12-4c14-b161-39cab9930a23,dd31032b-6dd2-426d-bfc1-f03e9f5eefa1,2026-08-26T12:14:29+00:00
86e6caa3-0755-460b-b8b8-cbbb96c94f4e,206e2ccf-1a55-4d0f-8676-0308625fc792,0ac62d09-f09e-4690-845d-950f83a734f9,2026-08-28T16:12:11+00:00
100f0745-3380-4c89-9a5f-1f219d481338,206e2ccf-1a55-4d0f-8676-0308625fc792,767703ae-4d74-4728-ae3f-a80c8b6ead76,2026-08-31T13:07:36+00:00
d5b2ea7c-891c-4ae7-aa92-5df4faf350ff,206e2ccf-1a55-4d0f-8676-0308625fc792,f87b345a-0777-46fc-865a-b76dacc1e90a,2026-08-26T12:14:48+00:00
a7ebfd27-157e-47b4-9bd6-950b4040f35d,206e2ccf-1a55-4d0f-8676-0308625fc792,0a9a118f-fbfc-414d-a857-63246dad3ee3,2026-08-27T05:36:18+00:00
ce254ef5-2c9f-4a17-b30a-6df3a8d27c12,206e2ccf-1a55-4d0f-8676-0308625fc792,d34b2b4a-bc0b-4ffd-83db-00f5cc6c937f,2026-08-26T15:05:24+00:00
ee04609c-c414-49fe-8fe5-5a5966811937,206e2ccf-1a55-4d0f-8676-0308625fc792,1cb0a5a8-ec45-4495-baee-7a23a8d035aa,2026-08-26T13:12:53+00:00
1ea4a913-67bd-45d4-b14d-94b2f8e74862,206e2ccf-1a55-4d0f-8676-0308625fc792,0659bb5c-a162-488f-bda6-3659a00193c1,2026-09-02T07:20:33+00:00
198e0ad6-1a86-4f38-82fd-6d32de4e37b4,206e2ccf-1a55-4d0f-8676-0308625fc792,635cb86b-03c7-4fb4-884b-ced27f9691bb,2026-08-27T19:36:50+00:00
7e776f5e-c376-4122-a9b1-920a9cc68a04,2ea20817-7259-4f7e-baa0-e90e383eced6,02807cc1-6bae-4344-a5ac-526283c350fc,2026-08-28T07:55:17+00:00
1109004d-5c32-4da0-b84a-23e00a6205e7,2ea20817-7259-4f7e-baa0-e90e383eced6,8d2b7914-36a2-4975-9e44-eacb4adeaa0b,2026-09-01T14:45:40+00:00
495905bd-8d9a-491f-8439-643578d6d156,2ea20817-7259-4f7e-baa0-e90e383eced6,e3d856ad-6787-404e-8e93-f255933c3680,2026-08-27T00:32:15+00:00
ecc90aa5-551d-4a60-85fe-2e4bf5f81794,71c2746c-6305-4064-8206-d485ac8a789c,3e1135b6-a11d-4440-9839-7607ab0df809,2026-08-27T02:31:47+00:00
329882ac-1239-4bb3-9bc9-ce05dc0038b1,9c22ba16-b7d7-4e07-8cc2-31f9a1e9f638,01a63c21-47ae-4034-92d8-95c929748522,2026-08-27T13:24:44+00:00
4c9c6923-4392-48f7-a425-5912b77c7e26,9c22ba16-b7d7-4e07-8cc2-31f9a1e9f638,29d5a494-6baf-4419-8eab-634d29535262,2026-08-26T22:11:12+00:00
297dbc58-0eca-4266-8347-fcb0ceb4931c,81da6073-3278-480b-b86f-50eee25b9b7b,ba1fa7b7-1ba1-4dcc-8cde-7e8038432e3d,2026-09-01T23:17:03+00:00
bd0055a3-51bf-4991-bff6-d14790b9c6b8,436da10d-1a4e-4afc-9565-e2629ede9bcf,c917de22-1a11-43a3-8cb6-6c865488a5b4,2026-08-29T23:27:02+00:00
45d5e494-98c6-4cdc-8d3c-0453958f7f04,436da10d-1a4e-4afc-9565-e2629ede9bcf,51910d94-7df2-4595-be53-5b43cb379762,2026-08-25T22:34:47+00:00
b4706559-d956-4420-ae6f-968e5ac9f0f8,436da10d-1a4e-4afc-9565-e2629ede9bcf,78adb4b4-64d8-4a3f-b789-0aeeccaf033e,2026-08-26T10:16:39+00:00
3a71303e-366b-4d0c-9acb-ddca12a37b5e,436da10d-1a4e-4afc-9565-e2629ede9bcf,9b0f4215-bb92-4800-a8ee-8b3a7bbf2ee1,2026-08-26T22:59:49+00:00
8a33a5a8-63c6-4c48-b5ce-4b8b9de38d6b,436da10d-1a4e-4afc-9565-e2629ede9bcf,af587165-10af-4199-96d6-3bcb946bf36d,2026-08-27T06:54:01+00:00
455303ac-926a-4f58-89f3-1e03ed376371,436da10d-1a4e-4afc-9565-e2629ede9bcf,7cc7754f-888a-452e-9779-934c1a10e526,2026-08-26T00:51:37+00:00
2e0297c3-f40b-4203-a4fa-1e6a2f7850da,3b5fb111-6234-471f-9520-fc7b42c6d425,27d6298d-2568-4e4c-99dd-0f0d3e043508,2026-08-29T19:18:17+00:00
932666a2-1b02-4916-ae34-500a4e3d6b7d,46ea777a-c2ce-4f54-bb5a-21bab386d3db,87144f65-cce8-4440-b1c1-92d6c4ad5ac8,2026-08-26T00:27:02+00:00
182372d6-7c20-4abd-a4c4-4435598c4042,46ea777a-c2ce-4f54-bb5a-21bab386d3db,7275315b-de5e-4c67-9b01-11b25728750a,2026-08-27T06:16:39+00:00
631606bf-646e-4c38-8c58-55a494ff4503,46ea777a-c2ce-4f54-bb5a-21bab386d3db,6b64b525-483e-4576-957a-17ad52075768,2026-08-29T20:29:48+00:00
50907d59-cc7d-47f7-ae82-ae2f83025a94,86d64af8-b384-49a8-b123-0c3aed9540d1,469cafcd-e935-4706-a180-dbcf0d46cd05,2026-08-28T17:27:40+00:00
50cdc5dd-7c93-4c74-a439-8b5ac53e230c,86d64af8-b384-49a8-b123-0c3aed9540d1,d103d768-2880-46ed-b2c3-6b7b04ebc1d8,2026-08-26T12:30:21+00:00
3ff98f0d-8f42-439e-ab0e-2cd88800c6c2,86d64af8-b384-49a8-b123-0c3aed9540d1,51dac652-9517-4e31-b9c9-905c3968e085,2026-08-26T14:47:11+00:00
0208be26-b58f-475d-89c3-0a3a21cfff7b,86d64af8-b384-49a8-b123-0c3aed9540d1,8bf8ea9f-72d9-48eb-928d-e17012efd91b,2026-08-26T05:38:37+00:00
cb54f299-a47f-47ad-bfa1-94ca1b663e39,86d64af8-b384-49a8-b123-0c3aed9540d1,69546e0c-13bb-4597-8ce8-09cf53b9a4ff,2026-08-29T09:10:50+00:00
c796bd06-8b0f-48ad-88b0-7e56f1aa747d,86d64af8-b384-49a8-b123-0c3aed9540d1,fdf80e2a-8b01-4d79-a8c3-3ea29134c88c,2026-08-31T03:17:40+00:00
d4432dea-ad51-4a4c-9528-d68be8734bda,86d64af8-b384-49a8-b123-0c3aed9540d1,006cf2a0-aba4-468e-933a-b50f8c76a23f,2026-08-25T23:18:00+00:00
d2556ada-a7ff-42ac-aec3-67f0a9346c16,86d64af8-b384-49a8-b123-0c3aed9540d1,3eaa28c6-6c66-4841-a82f-101d62f26410,2026-08-26T09:53:49+00:00
9d81d36c-1f18-4164-a3eb-0706fea0882e,86d64af8-b384-49a8-b123-0c3aed9540d1,717aa351-fab1-415d-aa39-5e7d6202e3d8,2026-08-29T21:41:03+00:00
b199ffd2-8d4f-4326-b50a-e6e33132993a,86d64af8-b384-49a8-b123-0c3aed9540d1,4191e4fb-4f72-4e71-ad79-a05abd92be9f,2026-08-31T20:27:17+00:00
f15b8d26-256b-4d8a-a559-e64621eab2a7,c149ed63-25d1-476b-a65c-f907f915483d,74375a59-e8c7-406f-8580-d46c74187dc9,2026-08-28T03:10:26+00:00
7aa2a07f-3e18-4b87-b7d7-bbe3bb13753a,c149ed63-25d1-476b-a65c-f907f915483d,725e8519-9d26-48e9-a0d7-b1d766f3587d,2026-08-26T04:44:21+00:00
b9138536-7af7-4230-9a8f-c19e4ab47122,c149ed63-25d1-476b-a65c-f907f915483d,e5ead316-9492-4d0f-92fe-e9ee1533cfbf,2026-08-27T00:14:42+00:00
64c98ab6-8c1a-4690-8d9c-2c89516a209f,0d03b19e-9d47-4fce-846e-e4210fbab763,425cdeec-e94b-4205-b7b6-416a4c54d0c0,2026-08-27T10:50:16+00:00
26085bfe-0aca-4f7d-9f3c-4d3befe7ba9e,0d03b19e-9d47-4fce-846e-e4210fbab763,00501fb4-95d9-40ea-9f41-8fe9015dbc62,2026-08-31T01:35:13+00:00
bd193356-d792-4eba-81dd-60e11320540c,635cf8f9-c92a-4f45-b0d5-71868a6a6900,f31588a9-6fbc-4f16-a1f0-65bb1970a62f,2026-08-29T05:09:38+00:00
034689db-486b-48fa-81d3-1de4ca97281e,635cf8f9-c92a-4f45-b0d5-71868a6a6900,aea754b5-366e-4133-98b4-d7a02489d027,2026-08-27T14:08:58+00:00
4f71c0bf-1423-47a0-b35e-4f90ca323c40,635cf8f9-c92a-4f45-b0d5-71868a6a6900,a699aa40-0fdf-4212-a0ef-24d84d61c465,2026-08-31T04:21:27+00:00
754f2244-49db-4ce0-8e68-4f40d73ae8c4,fe3cde67-7bcd-4d4f-94c8-136616d61d45,147ed698-2b4c-4e8b-aa70-aa17d045b912,2026-08-26T14:04:08+00:00
d2abbc1a-2761-48bf-aa27-473b39de2ae4,fe3cde67-7bcd-4d4f-94c8-136616d61d45,a105a7b4-bf97-4183-b330-e5764873fe47,2026-08-29T07:07:53+00:00
374b53de-ac2d-43a2-8e39-b522fc696cba,fe3cde67-7bcd-4d4f-94c8-136616d61d45,9d8932ce-a55d-459a-ba8a-180a929fbfac,2026-08-26T16:16:28+00:00
cb0fcf1a-f6fc-42be-b9b0-2801aef361dc,fe3cde67-7bcd-4d4f-94c8-136616d61d45,8a4f20be-5402-4f7f-97d5-042270c4a232,2026-08-31T03:11:22+00:00
0a04d599-1399-4c4e-ac5b-bc1a9f54f383,4d6d2a3a-c9c5-4c7e-a104-c3c18155c0a8,e8bd6718-0ee1-4de3-9813-716c81bea5a5,2026-08-28T04:59:45+00:00
93025712-e3e6-496b-8da0-cfc39b037558,ecc81d3a-f49b-4816-846c-94287f8b8638,52c5c6a9-39b5-4951-9af7-b20a0970bd62,2026-08-31T02:42:22+00:00
ef758ce4-491f-4fd8-88ca-49d84570262e,6279902e-16f6-4def-b1fa-26cf08812d63,443b392f-72a1-4279-ae51-a849f1fedfff,2026-08-26T21:02:36+00:00
cc13b490-c63d-4d35-9d00-85fdd8957e20,a034f0d7-58a0-4625-ba1a-795af5867eff,08a3481a-550b-4bbb-82c1-55804ba01127,2026-08-31T09:00:16+00:00
7bb01550-6977-4889-9970-894c9af1446a,1b9647bc-9144-40fe-a9dc-57775d37b277,123da5fe-c615-4c1b-a15e-c518ab63f804,2026-08-27T21:27:45+00:00
6544b39f-e4fc-47ff-adff-3c9207b280c0,1b9647bc-9144-40fe-a9dc-57775d37b277,5635f843-b3b9-440c-a3b6-a80320986967,2026-08-31T14:20:42+00:00
04188db5-bbdf-4d02-a59d-f00a436b7c72,f48a32a7-ac98-4259-b46f-dab0593b7987,e5760964-741a-49da-986c-c20413c5103c,2026-09-01T16:25:27+00:00
ad5ffc5f-2111-45fb-89a2-e464acc0082d,f48a32a7-ac98-4259-b46f-dab0593b7987,681a768e-2c15-4f60-b8bb-6613e5d882f5,2026-08-31T01:17:08+00:00
41ad4946-32ef-4e7f-9dc4-8d0b8fd260db,f48a32a7-ac98-4259-b46f-dab0593b7987,93a7f915-e31d-4603-af28-13fe5ff23ac3,2026-08-27T04:09:13+00:00
b5ba03df-2789-4f6d-a0c1-427408cc1f6f,36afe755-b32a-4fdc-abf3-83bd93df0627,529918b7-4817-40fc-b552-52aa5098a29e,2026-08-28T15:26:54+00:00
a0896b59-d0fa-4c84-8f07-3e06cb4aed28,00256959-4f01-48f9-8ca3-42f895b84e27,39253471-72c7-42b6-ad3a-569f5728f21e,2026-08-27T13:32:57+00:00
2f3d3ddb-7cb8-4e35-a789-11224d71badc,00256959-4f01-48f9-8ca3-42f895b84e27,94b88316-7ce0-493b-8421-126aaef1e308,2026-08-28T13:55:44+00:00
3171bbf1-af07-4565-b460-954c3fd854dc,7d8145f0-56c9-4a98-a6ed-b4ea0516ad87,e5d66484-0921-411a-aecc-60e791695a29,2026-08-30T10:53:48+00:00
1d8506cc-56af-4593-a649-643c8d05bce1,7d8145f0-56c9-4a98-a6ed-b4ea0516ad87,29f2c43b-7cbe-420a-a7cb-2ede9cf6dd4c,2026-08-29T19:04:04+00:00
18ba6728-521a-4f4d-85c8-f5dcb547f192,4d3c356b-59ee-4e6e-a324-327492769592,c9ecc336-f916-428a-889e-dd3cd51b608e,2026-08-30T03:50:02+00:00
3ae290db-3bbf-42fe-ac30-73de33d32c64,c517d64f-58c6-40f6-921d-26564922a280,514cc026-35f8-49f0-9e68-dff0aa3aab07,2026-09-02T13:32:15+00:00
004efd3f-d565-49ce-8a0d-bdd969f62fd0,c517d64f-58c6-40f6-921d-26564922a280,b233f9f6-2a38-41be-92c9-8555aefc62a9,2026-08-28T16:14:00+00:00
8cb62274-26cd-43e2-bb0b-ec8f90a692b1,c517d64f-58c6-40f6-921d-26564922a280,771551c1-bc4e-45c7-b938-586e87c4c5ca,2026-08-28T15:15:23+00:00
40fae611-1c21-4db7-8a71-8107108bb53c,30653cec-e6ca-4b5d-84e5-378b70a97f65,9e2d608b-d89b-47b6-a9be-d7becb140d83,2026-08-31T17:48:20+00:00
2fa5081b-930e-46be-a92e-3c4d78cb605a,86827b72-569a-44fe-ae48-d5a5fac45523,e984c74d-dd4a-466b-b93f-7f517e76b6c7,2026-08-28T05:17:35+00:00
0fb6787c-c5fc-4cf1-bddf-0852fe86cf6e,2f9cc3e5-f65b-4b5e-95e3-ce7a71b31075,fe409d6f-e259-485b-96bc-c2a89d7996e6,2026-08-28T20:11:42+00:00
a86fc1d1-b0d3-4a3d-b114-d992b2ed6bd9,ebde7d52-e3b3-4fea-925c-82be1a44f76d,f3556539-5f35-4383-aa20-f0818d9b4d26,2026-09-02T12:36:00+00:00
2b9a855d-79c8-4fb8-93af-6f1c13ee1151,ebde7d52-e3b3-4fea-925c-82be1a44f76d,b387c825-7116-4b83-bd18-56e81111a5c9,2026-08-28T07:33:53+00:00
ace16c6e-06f0-4ca0-ae2d-b625170f28bf,b93af04e-ea1d-42f9-b131-1bb8bc82e165,a105a7b4-bf97-4183-b330-e5764873fe47,2026-08-31T18:21:51+00:00
c68e9acf-f5a1-4668-a87c-e4c39a32b624,b93af04e-ea1d-42f9-b131-1bb8bc82e165,d3daa26a-587b-4816-9110-916f35fa7c74,2026-08-27T16:02:44+00:00
6cc66740-4553-483f-97d2-7444d57ddd78,b93af04e-ea1d-42f9-b131-1bb8bc82e165,7357e086-3d97-4c00-bd2a-662d18d0abec,2026-08-27T21:05:48+00:00
32d52c45-dd89-4eb6-837a-e8742ff1e876,b93af04e-ea1d-42f9-b131-1bb8bc82e165,6225ff1d-dff6-4eec-8a09-0b85b8e80e91,2026-08-27T20:42:02+00:00
83b5e9df-dadf-401b-8976-c18e0ca6a9da,cfe33713-7c33-4ac5-9d15-95e76645c422,fb8098ee-02d6-4b07-858e-99f58dd1d0ee,2026-09-01T06:27:25+00:00
c7b556e4-fc18-4b8f-8940-c96b8962f6be,cfe33713-7c33-4ac5-9d15-95e76645c422,85a05a4b-ce52-43cf-8433-02a2cad529e1,2026-08-31T11:43:34+00:00
a4cd2651-5560-4ed2-9292-7a924037bfaf,0aac7aa5-0da1-4271-92c0-92b31cb468c7,62d505af-b1ab-402a-b8ac-bf03c359aea7,2026-08-31T05:54:18+00:00
12d38401-7924-4267-a971-081750ea197e,a4ec4e57-accc-4fc4-8da6-bd22a8170fa5,a4435821-88f2-470f-8792-58ce92993496,2026-08-31T05:29:38+00:00
3c4ba5cb-f129-49bf-b7bf-006b48e946a3,a4ec4e57-accc-4fc4-8da6-bd22a8170fa5,e67d37fe-aa3a-4812-8a3a-0cad3700d22f,2026-08-29T22:33:07+00:00
ca869869-8273-4f7e-83f4-f276fe3aa57f,724ee3a8-ad79-421e-874f-370ae48a7a4d,60894dd1-d449-4366-a1f2-506c99644e4d,2026-09-02T07:14:54+00:00
18d45796-0727-4e57-b21e-3186a43811ff,724ee3a8-ad79-421e-874f-370ae48a7a4d,577c7c58-b348-4b59-a994-19cbf0bd8b7f,2026-09-02T04:45:29+00:00
640d8737-4840-4f65-8a4b-34234857d31b,724ee3a8-ad79-421e-874f-370ae48a7a4d,df9804a4-8ed1-4ab2-8cd9-b6c44f18f067,2026-08-29T03:05:26+00:00
f120ddec-3d3f-4950-b015-81173ad3db3a,724ee3a8-ad79-421e-874f-370ae48a7a4d,f04a183f-150b-4c94-add4-8f70333e2504,2026-08-29T20:06:03+00:00
2612124d-7e3e-4f48-967b-f04c21284981,724ee3a8-ad79-421e-874f-370ae48a7a4d,1cd103c5-ca45-4990-b0e8-9aeda141fced,2026-09-02T04:17:38+00:00
b6f7c402-cb49-4ef3-9269-2d9c161e5070,724ee3a8-ad79-421e-874f-370ae48a7a4d,5e792d2c-8426-4884-9092-5acfa7c688ed,2026-08-30T19:22:02+00:00
0f860a78-4fe5-4fc6-a5a4-3707a00540e8,724ee3a8-ad79-421e-874f-370ae48a7a4d,c60fc12d-ef3b-47a2-b08d-d35daaa0261f,2026-08-28T06:41:59+00:00
9f0170a3-0a3b-4183-9ee4-fa828756dfe1,724ee3a8-ad79-421e-874f-370ae48a7a4d,c3e6de0b-ae0e-464a-aeef-51bebdd50073,2026-08-30T08:47:50+00:00
7aaff863-b3a3-46e3-b298-d03114443545,724ee3a8-ad79-421e-874f-370ae48a7a4d,34441c15-0467-4b92-b3ab-8deb1054c830,2026-08-28T07:05:40+00:00
60ee782a-4c7e-4348-a70c-89991042fbcc,724ee3a8-ad79-421e-874f-370ae48a7a4d,495a3aa3-44af-4038-8197-d87257807cf3,2026-08-28T18:00:23+00:00
bff4aa44-6cc6-4881-a890-5fcb1c46f950,724ee3a8-ad79-421e-874f-370ae48a7a4d,2e23fd62-664f-4904-93b9-98484374da38,2026-09-01T02:05:45+00:00
bdf62def-fd9d-468c-a62d-2fdbc89a5fcf,37005b60-5240-4332-8570-fd2539e4cb23,b60473a7-fc1d-48a6-b979-2e6c324f1b4c,2026-08-28T06:07:10+00:00
a8024ed9-2a1a-46b2-b540-e0444f3ad111,37005b60-5240-4332-8570-fd2539e4cb23,20be0228-dff5-4a8a-9078-9f3e013731d6,2026-08-28T09:46:48+00:00
c78671bb-2e42-4430-ad50-0dc49c556c89,37005b60-5240-4332-8570-fd2539e4cb23,72e35762-f61b-4fa5-b57c-101e47da2fb9,2026-08-28T18:29:05+00:00
0b50d84b-81cb-47ca-8395-8c328f2e7b55,1aa639da-80da-44a3-abc8-154ea268413e,6fadda54-a15d-4010-be7a-2f23d4461cf9,2026-08-28T16:05:41+00:00
1ba63d53-2cec-4487-83a2-bf7762fd3a6d,89df24b8-71c0-48b5-b41f-d005f06db668,7a537b60-7891-4d8a-9a2d-3dc4f49961e2,2026-08-28T19:12:03+00:00
b551b64b-cbc4-4854-98dd-cf5605851552,5b65d7d7-c4ac-42b4-a74d-3acc589e1bd0,594a9fe8-338e-48b9-bf94-45ec42062580,2026-08-29T05:22:15+00:00
eee6e8c7-6a91-4cff-bbec-fca4d601862d,5b65d7d7-c4ac-42b4-a74d-3acc589e1bd0,3fc6331b-9394-4e27-8bfb-3d16fe1a97c0,2026-09-02T09:56:11+00:00
3fb27e89-a1d5-4542-bd6f-b03fdfb7ffeb,5b65d7d7-c4ac-42b4-a74d-3acc589e1bd0,6aaa19f8-b45d-48d2-96cb-6432e67ca955,2026-08-28T12:02:02+00:00
9edb45e6-bbfd-4079-8386-7b56eb186961,5b65d7d7-c4ac-42b4-a74d-3acc589e1bd0,c0856bc5-aa1f-4d9b-908d-b8dac1c3d5ee,2026-08-30T20:04:20+00:00
9f60d9ce-53be-435c-8e30-606df88df9f7,e1d25ff2-cf93-4f53-a140-f3377dc5b4af,db4d2942-4cc1-45f1-87fc-07d96b772a6e,2026-08-28T21:42:56+00:00
ca58aed5-de4e-44d7-857f-acdec79fbd66,e1d25ff2-cf93-4f53-a140-f3377dc5b4af,b2fa8b95-5aab-4854-a682-06ac4d3c3500,2026-08-28T21:16:34+00:00
7360d03b-d925-4c6d-829b-6a044191a434,e1d25ff2-cf93-4f53-a140-f3377dc5b4af,bf74e9cf-5b79-495b-8c29-2dec4918a0c9,2026-09-01T15:33:05+00:00
c9609bcd-e98c-44c8-bce5-a844bd72194d,e1d25ff2-cf93-4f53-a140-f3377dc5b4af,ddd1c048-ef55-4690-955b-c869f4c05bc7,2026-09-01T11:47:51+00:00
2c06056a-c70f-48be-914b-5a9b0c28e1e7,ae9296d4-3162-4cef-8c29-f031c57c77aa,cbeb0053-cbef-4e60-8755-1445364e1ffa,2026-08-30T19:53:54+00:00
00aa9e4f-ab92-4ed7-8080-46fc142deeff,14c10fe7-c88a-461a-8592-cb38ad6e65e5,e76cf478-5afa-46e3-a39b-b02c23d6bb1b,2026-09-01T08:05:28+00:00
74651411-eb73-4500-8707-011e28855070,24a85409-f4ff-4432-b74f-3132c09d2429,4f1cb3c6-4a88-475a-b5e5-f34f7bdaa2fc,2026-08-31T09:53:51+00:00
6ee3f059-26ab-4bff-94e3-cfa87208d850,0850e33f-3665-4a3a-82ed-6f0539b2223a,4183d4f5-30af-4bae-b78d-ab439d20b44a,2026-08-30T05:41:35+00:00
0b851f46-c34c-4c6e-b42a-d5a1f2029e9c,2fe15b68-e907-405f-8b32-3b4bd0a10b4f,254f7afb-a845-4daf-b94b-a34157af1df2,2026-09-02T01:02:56+00:00
28232c44-aeda-42da-b240-89caeab9bf22,2fe15b68-e907-405f-8b32-3b4bd0a10b4f,17b21723-fa8f-407d-8126-f99b09b1578a,2026-08-29T16:10:08+00:00
9624abaa-f5f5-4148-8eea-e3e5e0fb7d67,3c8126b2-8a13-47b9-8cf1-d1404435b80b,eebbf0ad-7bc9-40f9-a39b-9952f8048f24,2026-08-30T14:01:37+00:00
b5b51124-5dcb-47e9-ad58-a77197f71198,3c8126b2-8a13-47b9-8cf1-d1404435b80b,7e1555a1-9eff-4976-a527-3cab5d2d4357,2026-08-29T18:09:06+00:00
90143755-401d-4509-ae5c-b35180c769b1,3c8126b2-8a13-47b9-8cf1-d1404435b80b,e65dbaf8-02e5-4e0e-a975-b67690763c60,2026-08-31T01:34:02+00:00
2bdad8b2-43cf-462f-8031-e88db9d35148,3c8126b2-8a13-47b9-8cf1-d1404435b80b,1d60fe82-43d3-41ca-b4b2-47f71aba1916,2026-08-31T22:07:57+00:00
aed8957d-1f28-42e9-b127-e61956c10cee,3c8126b2-8a13-47b9-8cf1-d1404435b80b,95c27d41-572b-4b7a-b3cf-43833c5680e5,2026-08-29T16:36:20+00:00
bba84e57-7680-47ac-a15f-e39269bfe674,cb9b4a4c-5d3c-4983-92d0-15c6ee59277b,3eaa28c6-6c66-4841-a82f-101d62f26410,2026-08-30T02:28:54+00:00
0300ee09-dc3b-408b-b8eb-823b9f211a8c,cb9b4a4c-5d3c-4983-92d0-15c6ee59277b,af26e6af-f119-4246-ae97-0fc783273d09,2026-09-01T14:53:51+00:00
f2e7870e-2bf8-4ccc-b661-eb2b873fed57,3b3d88c2-fe47-41ef-9ab6-a42629cdec74,6e62d7bb-6bda-4ea0-82c5-87c508932975,2026-08-30T20:37:11+00:00
300671a3-c5c7-42ba-8a11-603e4277aa26,70053080-b076-45f9-8f35-efb51c326f78,d4e30b6e-aa93-40ee-8750-e1f001abcea7,2026-08-31T09:11:24+00:00
0c4be317-eb05-410e-8c10-d2d8601d6712,b6ff4b3e-b0e9-44bd-a414-074574b6b89a,d97c38cc-0971-42dd-869d-988ad7864fdb,2026-08-31T05:12:37+00:00
a8b1939a-d8a8-4a74-917c-823b77e86b77,b0c48a01-cf72-40e9-93b7-871fea49c92c,16a5e102-25e6-4b46-9d06-422d559d57d9,2026-09-02T08:56:15+00:00
e7797280-8042-4434-8237-7d0a06ac001a,b0c48a01-cf72-40e9-93b7-871fea49c92c,72e35762-f61b-4fa5-b57c-101e47da2fb9,2026-09-01T23:48:50+00:00
6c619781-b297-4974-bdf0-a4fa40a82ad4,b0c48a01-cf72-40e9-93b7-871fea49c92c,41634950-c72e-4702-8b26-c6a77c4be455,2026-08-31T08:22:25+00:00
1569e00c-015f-4e74-b3b9-adcbc7204f81,009dce30-1450-4e91-86e2-d2858e359d96,633e35cc-49f2-45eb-961a-e210bcd9d073,2026-08-30T05:48:30+00:00
8628389b-67c2-4850-9ff9-aefe9a4e08bc,47ad2a81-ff17-48b8-a21a-9e7c13cf1d04,bf2702a9-36af-4152-9711-7fbe97eb016b,2026-08-31T08:23:25+00:00
810c0423-6cc8-4092-90f8-9ad75a25baa7,47ad2a81-ff17-48b8-a21a-9e7c13cf1d04,0675ff4e-03a1-4a1b-91f2-4e5095585649,2026-09-01T13:05:06+00:00
b55d96e7-0375-420a-b38a-83984a33e8f1,622ccf40-4ecf-40b9-bccd-60948690f347,14de7a21-0292-46d5-91cf-5ab7a5ec694f,2026-08-30T19:54:23+00:00
76d924ac-c2a2-467a-a503-f8f4971e38b9,930d0da2-7349-46de-885a-198ebd38b858,51dac652-9517-4e31-b9c9-905c3968e085,2026-08-30T11:31:20+00:00
0f4319b5-4289-4591-8f59-8d3dacf82de3,930d0da2-7349-46de-885a-198ebd38b858,8ca12932-1c6f-4ce8-b5ac-da66575fd911,2026-09-02T14:39:56+00:00
a515b083-1f32-49b6-93ba-ebbb8003e94b,9dadb395-34df-46de-a0cd-65cd058ac1f2,faaadadd-7fbb-4e89-9638-90d9dab4fd2e,2026-09-01T16:57:12+00:00
433aad82-3d82-4d29-a886-797a0b8cec78,9dadb395-34df-46de-a0cd-65cd058ac1f2,425cdeec-e94b-4205-b7b6-416a4c54d0c0,2026-08-31T23:36:51+00:00
10413b37-07e1-47c3-af74-677c434fe9b0,9dadb395-34df-46de-a0cd-65cd058ac1f2,39da3268-4fe9-44d6-b716-29c848231132,2026-08-30T15:18:11+00:00
02025118-79ef-448a-b829-6960c0f6738b,9dadb395-34df-46de-a0cd-65cd058ac1f2,6b64b525-483e-4576-957a-17ad52075768,2026-08-30T17:04:00+00:00
75ed3df0-a16b-4170-992d-e43fcfecd7f4,e7fdf802-4536-4d7a-b244-ea0732326626,a4870570-7c5f-4b20-8e76-eb3e4f83bf13,2026-08-31T01:44:42+00:00
687177e2-c4b3-4ffd-9be4-64ce9befb4c3,e7fdf802-4536-4d7a-b244-ea0732326626,d34b2b4a-bc0b-4ffd-83db-00f5cc6c937f,2026-09-02T04:50:12+00:00
128191df-038e-4b78-aab4-fed1a854447e,5cb4c3ac-321a-420a-b561-c2d26e880bb1,4e4985ea-2b80-4cbe-8d6a-7abfadaa2f26,2026-08-30T17:18:05+00:00
deda9590-b78c-455c-bcc1-57c95e88b109,ae879405-7071-4005-b042-36016f41c5ab,43dbd776-bd4c-4ef1-933a-59af47a589b5,2026-09-02T15:23:47+00:00
362d085a-9c57-49c8-88d0-57a6b9e21806,ae879405-7071-4005-b042-36016f41c5ab,5bc41520-3863-4195-9605-167db200b16f,2026-08-30T19:26:18+00:00
b4835dfe-5ef3-4ccf-8f7e-16d91e9cd40d,e43876b7-20ed-4072-bc75-b0ec32ef5429,1c0c4b2f-60d7-4b18-b6d0-96a64e9d85cf,2026-08-31T00:42:22+00:00
b52e24d0-3f9e-4c35-ac3a-3b5c0b02a0fc,bfe1ac04-0d07-48f1-bd9a-3c96c2fdd743,34441c15-0467-4b92-b3ab-8deb1054c830,2026-09-02T13:30:16+00:00
39a109d5-7650-42ea-a21c-46b02f87a832,34b4dc0c-80a6-401a-ac23-110ecc3b3fe7,dd6a0ad5-cbc7-4d17-8a8a-229cea78e52b,2026-09-02T16:08:47+00:00
e63d3fe0-02c2-4dcc-a9c5-3c44897e5fdc,9ba76334-da49-43bf-81be-65c2ccf77495,8d0a4127-34d4-4cb0-ab2c-8a44732c4636,2026-08-31T23:37:10+00:00
d255a1fe-08f1-4d2a-88fe-164bf81e0758,b5911d66-9c7b-4833-9958-c5869afb7122,52f70005-a5bf-40e4-b8a6-5507f64e2acf,2026-09-01T05:16:15+00:00
f4e52c8e-5ca9-43bc-b085-7ff8eb9d006f,b5911d66-9c7b-4833-9958-c5869afb7122,15565b9f-ea60-4c29-aba6-7b4ff016eb2d,2026-08-31T07:05:11+00:00
299b4b7e-5c71-4636-864e-d4e2b8e319d6,f1bd29ff-047e-4539-aac4-6ff1ecf01a11,99348a51-08e9-4760-8822-b2f8debef37f,2026-08-31T21:44:12+00:00
ce93f330-c9a6-40f4-97c7-395dc5169d3f,34ecda05-c775-4ea9-aebf-e5ea4ad9cc81,eb37e445-ad15-450f-aac9-165635b7ef7b,2026-09-01T01:38:14+00:00
8ca7e774-dd87-4c45-aa9d-59402463702a,34ecda05-c775-4ea9-aebf-e5ea4ad9cc81,081ff1ec-6b6e-4345-b592-685440228bd4,2026-09-01T05:28:05+00:00
e67f426e-02f3-44f4-a61e-70a942b2834a,34ecda05-c775-4ea9-aebf-e5ea4ad9cc81,427e62af-c795-4132-8cf3-9c85f803508a,2026-08-31T14:59:21+00:00
d36da414-bc42-4e5d-b529-15ca772c09ff,7ec23abe-dbaf-404d-bc4a-8c20f18bcda2,89d77857-c92a-42dd-af96-5df74aa05d59,2026-08-31T16:20:14+00:00
c473c421-f22f-47a5-a30d-653136a70ec5,3bab00fa-8598-40d1-9b93-13382c7d1b19,ffe376b0-b660-443d-9d11-cd993fa8abe4,2026-08-31T15:54:59+00:00
8bc0b928-1a50-477d-ad1b-92732719e79e,3bab00fa-8598-40d1-9b93-13382c7d1b19,23061881-ec83-4935-ba31-110dc9dd0f5e,2026-08-31T16:28:57+00:00
8f91c762-8982-4a03-b391-68c747040ad5,3bab00fa-8598-40d1-9b93-13382c7d1b19,a65291d3-0e33-4ea9-afd9-e6056f5fec42,2026-09-01T09:58:21+00:00
4524cb95-16de-4a5a-9447-0b8a88d4822f,eac2034f-9a0f-4f52-908c-67e4aac572f0,35909fc4-d643-4054-9b66-43b56d0b1503,2026-08-31T21:13:17+00:00
ef151990-2bac-4ae5-8ef8-55e99aaa67c3,eac2034f-9a0f-4f52-908c-67e4aac572f0,3aed15aa-f84b-4807-aa3d-ed685d555290,2026-09-01T15:35:02+00:00
95151910-57dc-4082-9759-17595e6a2577,59ae0803-1b31-4412-b740-901504658cb6,ef612f5a-faa9-4654-9788-291f8ab7522f,2026-09-01T17:24:37+00:00
8fecfd23-0ed5-4269-842e-4cc9502f5a9a,59ae0803-1b31-4412-b740-901504658cb6,3cea8b9d-4dca-4cfe-99da-d19925b8fd32,2026-09-01T21:25:38+00:00
6bd78129-d63c-4dde-9d8f-a53130fada1a,59ae0803-1b31-4412-b740-901504658cb6,5d1a62df-3bdf-4836-a4d0-5dd139fc5e81,2026-09-01T00:24:45+00:00
ba699945-9757-425f-9330-7833494103dc,59ae0803-1b31-4412-b740-901504658cb6,c6fd42f0-6060-47cf-a8e8-e24dcaee7d26,2026-09-01T03:30:28+00:00
b01a618f-68fe-49ef-a5dc-290a645ee0a3,59ae0803-1b31-4412-b740-901504658cb6,183fdc19-a9c5-4db8-a9f3-e0f20feea8e8,2026-09-01T00:11:27+00:00
30b0e8e7-af0d-4525-95a9-f8f0c878e488,59ae0803-1b31-4412-b740-901504658cb6,fa65f23e-a8d7-4403-983c-d459dbeaa4cf,2026-09-01T04:32:14+00:00
c54a4f0c-8010-4f9c-9781-1bd1c12f05dd,5af3b4d7-8eda-46c2-ba32-d081cca3ff07,a5387ad1-06a2-4c7d-9ab9-85dab1cab9e8,2026-09-02T02:38:19+00:00
3ad3c58e-4461-431b-aca5-974c7691354d,86f18843-d414-4ca1-8b8f-80960044d476,dfb7e95f-260e-477a-a24a-a98cf163a43a,2026-09-01T08:53:06+00:00
619302f8-37ea-4164-9970-3771c8b80b67,d71059a3-9791-4f41-87e6-53a153330cf1,630fe4a8-7f3f-4f97-93c1-03feb895bbd5,2026-09-02T04:33:34+00:00
068c3f35-d6ca-4b61-8615-3d9789f0b0cd,2367aae8-52cc-4453-87ca-75d88aff4983,4dedd047-d3e8-4791-873c-6053577084d1,2026-09-01T20:06:04+00:00
26640084-4093-4737-9800-9e981028060a,e04760f6-7e85-4b36-9abf-59d709abf799,19dfffd3-69fe-4589-9939-0de48e436817,2026-09-01T14:32:45+00:00
309cd969-93e8-4d69-a2b2-1ead27d9f917,ecbdb27e-a7a1-42d7-8970-e2c43e2e8368,f0975694-b83e-4f38-932a-48a07c354e6e,2026-09-02T06:09:21+00:00
25a0699f-99b7-47e2-9abe-4fb09209946e,705ba1f6-c3b1-4b16-915c-fb65e1931e43,919c1afb-25b2-4b3a-bfab-39ebe9e77e2c,2026-09-01T19:23:32+00:00
187f7860-95dd-4de4-9d13-e68834e2c1ff,0769b6af-0fe9-47b7-815e-069033ac029d,eebbf0ad-7bc9-40f9-a39b-9952f8048f24,2026-09-01T19:56:24+00:00
c80cc514-d427-4b89-8777-c912667d71f2,ab961fed-00f0-473e-abf5-a421bd49331a,60894dd1-d449-4366-a1f2-506c99644e4d,2026-09-02T03:34:43+00:00
3f4f0589-f7f7-4371-8142-584904e5243a,50a8c213-2309-4453-96e2-ca28e0fbaaf2,f3f35b1f-6722-4fb3-9c50-39c6796b2515,2026-09-02T07:36:41+00:00
1f4815d7-0c72-4b0f-9537-25465782a0a3,50a8c213-2309-4453-96e2-ca28e0fbaaf2,f8ec5735-1c8f-4776-b569-2f0195771513,2026-09-02T05:42:56+00:00
bdef05ee-74f7-4193-af91-7e253d96f67a,835932d2-29cf-4d00-9f28-1fd3e910b483,8d9a7d65-67f7-4c3e-b3ec-57b9652f01a1,2026-09-02T05:18:27+00:00
5c746b77-5686-4535-b5fd-9de909bf2818,835932d2-29cf-4d00-9f28-1fd3e910b483,ae55ec52-cef0-4a81-8e34-dbdc085d2573,2026-09-02T04:49:53+00:00
3a353bdd-5454-496a-8d69-2b9959372428,835932d2-29cf-4d00-9f28-1fd3e910b483,d103d768-2880-46ed-b2c3-6b7b04ebc1d8,2026-09-02T02:26:45+00:00
30210b76-9774-404a-871e-f1b15ea7b860,835932d2-29cf-4d00-9f28-1fd3e910b483,743aae1e-e024-4953-a3ae-1413333f514f,2026-09-02T09:23:20+00:00
6f976e08-ee81-46c5-8dbe-020bf602612c,835932d2-29cf-4d00-9f28-1fd3e910b483,37b056fd-db76-44e8-887c-28d49a739c21,2026-09-02T03:52:48+00:00
3d8ebfd6-9d47-4f33-a2b2-ebaef49d8b7b,835932d2-29cf-4d00-9f28-1fd3e910b483,e5760964-741a-49da-986c-c20413c5103c,2026-09-02T04:51:36+00:00
ae0f5ddf-db57-40ee-a8ab-1e862aea4bbf,835932d2-29cf-4d00-9f28-1fd3e910b483,b7a745a5-3025-4c9b-be31-be2069c14582,2026-09-02T00:22:48+00:00
816a4cf1-198c-4186-9156-2fbd37bf9283,f72f8a4f-c40f-415c-b2ba-fd0265cec3fc,009d0e9b-5151-494d-928f-546ec09aa2f3,2026-09-02T05:20:01+00:00
42438354-af72-4005-a6d4-15aa1db6cbbb,7e1f4e97-3c6c-4e2b-b5cb-2d39545cabd3,1af051a4-5fb9-478e-9d62-3279d88a6cff,2026-09-02T15:06:36+00:00
c1e84a02-e26c-408c-9f7c-7b8df4730cf5,5503aa81-c206-4252-a4ae-a0bd14a89f12,a105a7b4-bf97-4183-b330-e5764873fe47,2026-09-02T13:04:45+00:00
2b9f3657-7875-41ea-a3c3-20ff0cc6a0e4,5503aa81-c206-4252-a4ae-a0bd14a89f12,5d00b0e3-2e7d-4703-ac82-a0935fb970f1,2026-09-02T16:48:31+00:00
7499f5be-aa57-422b-b76c-b83689b94a6f,e90f377b-baa3-48fc-a05a-8f26abff1099,5635f843-b3b9-440c-a3b6-a80320986967,2026-09-02T13:45:49+00:00
