id,user_id,session_id,query,result_count,clicked_listing_id,created_at
bf0ada68-9ec3-41c2-b6b6-657e54daed11,5d717b99-735c-4981-87a3-225adde8acea,e0ea1391-3e02-551c-b107-de4eace1e548,ipad,18,cfe33713-7c33-4ac5-9d15-95e76645c422,2024-09-14T02:46:37+00:00
c76f3da2-01aa-4510-a20d-d9a779b88a54,f79de4b1-f0cc-45e9-85c3-b3112725fde1,7cc2e14b-3d62-5fc8-9472-65b636cee88c,ps5,0,,2024-09-19T04:23:22+00:00
11e034db-b984-44e5-bb89-f5618305e0f1,6eaf2004-a475-4bbd-b327-ceb492d267a7,ea7a5080-a5c9-5b8a-8557-0b7fcccb5f92,airpods max,0,,2024-09-15T03:57:28+00:00
94a6c95c-b64b-4dad-badd-4879b2a6da83,27de1447-4949-4ba1-94da-511dcf33e97a,f7477da9-9ed6-506d-9e30-086f6501b423,textbook,0,,2024-09-17T06:10:20+00:00
3537157d-d978-4e0e-a18b-ad375b7f1d3d,b2934820-ad75-476f-ade6-054a7c89f295,e1b6dfe7-c5cf-5f9d-91bd-295819be76e6,vacuum,17,,2024-09-18T17:32:29+00:00
5e73aaf4-a957-4777-87f7-9ebaad435656,d34b2b4a-bc0b-4ffd-83db-00f5cc6c937f,90b84e38-59aa-588f-8436-ec93c733399f,sofa,28,,2024-10-16T09:08:50+00:00
ed768acb-f82b-48a4-ad3c-4c149562bbaa,b9468cb9-ed1b-40fe-a021-2f6da1f2925d,8e27856e-0eb0-5ebf-a362-61d530c170a9,laptop,2,,2024-09-10T02:01:10+00:00
3b754d4d-6559-4f75-9b43-cb146bed66bc,bc9cbd74-f51e-47e9-ba77-1f2c017e9cca,bb4c9af2-ac1d-522a-8ef0-26b0cdc2e337,monitor,17,,2024-12-01T19:25:56+00:00
db6bf7df-eacf-41e7-aad2-7115d4b7eee5,57d2ea34-ccda-48c1-82da-d0d973b20d87,1e0fcef6-a42f-5b57-916c-9cf88faa14e9,yoga mat,8,cc99ed97-3886-473e-b8f1-b982e2b91b84,2024-10-24T13:58:55+00:00
2fb6b36c-93eb-4088-8aa6-7d72b91b950a,10e5f889-8510-460a-b274-ff42a4b2a3e9,fb91f6d4-3460-5739-ac54-7371e72a03e8,standing desk,15,,2024-10-30T23:48:56+00:00
f01d9463-9292-41a6-bd4b-db66544612c8,6e62d7bb-6bda-4ea0-82c5-87c508932975,08a5e557-1da4-528d-a154-a198bdbe34f9,cat,0,,2024-10-22T18:29:51+00:00
00686e4a-962b-4576-9176-15924d45fb06,71938832-5c59-49e3-be85-9acbd7ca55ba,5ff7c256-2d2e-5aa8-8de8-dbe1524715f0,boots,15,,2024-10-23T03:41:24+00:00
358ff18f-128f-4446-b9ec-ee5f00e9b9a1,5ca23f6e-524f-449e-b9d2-a758e70cff73,95db4e68-33d6-59c1-936f-2f5a4c869f7d,laptop,2,c837e9d4-2f2b-4ddb-b418-5aeace9f4e22,2024-09-29T06:50:57+00:00
bbc057b8-6a68-4877-a703-76f573d59f51,27de1447-4949-4ba1-94da-511dcf33e97a,10f2ec0b-3697-5935-8f30-872cce855863,ikea desk,0,,2024-10-28T22:23:42+00:00
8923afce-cc59-4e20-b5b8-e2a28d6cc076,484b4933-21fa-4a46-904b-33017ff3857f,bfb5f314-2dce-5971-8462-f1bd0820e7c9,ps5,0,,2024-11-10T03:44:24+00:00
3a2c7382-15a0-471c-b990-04f7bacddcc2,bc9cbd74-f51e-47e9-ba77-1f2c017e9cca,bb4c9af2-ac1d-522a-8ef0-26b0cdc2e337,kitchen,2,,2024-12-01T19:29:32+00:00
51ad181a-3dd4-4757-81b1-311a4b22df37,e33923d4-ae33-4f20-93b4-4927825fa9f9,8698ee16-cae7-5e65-8cdb-42320a14e21c,standing desk,15,,2024-12-04T22:25:18+00:00
f7a084b9-5392-4919-b0d1-d2859ef8ccec,b2934820-ad75-476f-ade6-054a7c89f295,2a07bbcc-50b2-57d1-8296-a9a3f5469a8f,mini fridge,5,,2024-12-11T07:09:16+00:00
6bf7525f-6f50-462d-91cd-a547ac3635b5,27de1447-4949-4ba1-94da-511dcf33e97a,ece3e67d-a0be-55b9-af01-b523d76e20c8,ikea desk,0,,2024-11-26T18:20:55+00:00
495b07fc-a325-4c77-bd22-6369fba105e4,51910d94-7df2-4595-be53-5b43cb379762,56da914a-ac07-51c8-83f5-13c3d4251a02,desk,83,,2024-11-13T10:38:04+00:00
8d62e20b-14da-4d3c-83dc-f03d02fe1f0c,6236d33d-7b57-486d-81e8-a247d50fa2a4,2dc41c67-b981-53be-979c-ecf4b1255e06,printer,0,,2024-12-15T13:07:16+00:00
346313a2-2a5d-4310-800b-cf6cd952e162,dd31032b-6dd2-426d-bfc1-f03e9f5eefa1,6d7b3ced-0aee-51c6-8974-e1213817cd05,microwave,4,5af3b4d7-8eda-46c2-ba32-d081cca3ff07,2024-12-26T01:43:03+00:00
17071d13-f4f9-43c8-8c32-83c2b5e04f46,5d717b99-735c-4981-87a3-225adde8acea,b7828eac-4018-521a-aacd-b5a03246f8f1,desk,83,,2024-12-11T03:39:17+00:00
5c21c12a-8a85-4c04-924c-71108221ac8e,6eaf2004-a475-4bbd-b327-ceb492d267a7,7ecc545f-a173-575d-bf5d-51b9b50d4683,desk,83,,2025-02-25T16:11:17+00:00
af700694-34a2-4f25-85f0-82ad8daf18ce,53cbc155-02f5-409e-90b8-e1d1b8a42be9,7114bdd2-c709-56bd-89b3-54a66ae74449,bookshelf,0,,2025-01-06T09:22:11+00:00
ebb33198-fd3d-46da-82e4-9ebaaea1e2f1,8c0f035c-ed24-4e92-9e38-7d7562011845,7e95bd01-3378-5fce-a36a-0bc3b717eb41,free,16,6a10f71d-606f-44a3-ab06-dd38c18f0272,2024-12-13T20:44:38+00:00
4d7fc4d8-f28f-4181-96c9-563d88b451f3,659f0acc-033d-4e42-acb5-b569fa69a743,bc0a702c-2a47-5dce-bd97-4750f66c398b,vacuum,17,,2024-12-31T04:47:14+00:00
e12ec40e-d5e6-438e-9931-7c0f480ff970,6eaf2004-a475-4bbd-b327-ceb492d267a7,7ecc545f-a173-575d-bf5d-51b9b50d4683,rice cooker,5,,2025-02-25T16:19:14+00:00
59bf8643-bef7-49be-bb76-cc39383f8d9e,6eaf2004-a475-4bbd-b327-ceb492d267a7,7ecc545f-a173-575d-bf5d-51b9b50d4683,iphone 15,0,,2025-02-25T16:10:13+00:00
97e456b9-f931-4ad1-9902-480aa036002f,e7f25965-2024-4c9f-a575-caa1e7bc13df,653bb1e4-55b9-5e53-a1ea-1c01310947bb,guitar,0,,2024-11-29T18:24:12+00:00
f4ffd822-388f-4e03-9128-ebb389898d7d,bacf1c32-002e-4d62-8c6c-221609513f2f,22b59a72-9a09-5733-b374-6920332ae9b7,textbook,0,,2025-01-11T10:21:01+00:00
eb9d3f07-1020-4b05-ac3c-57ff667e19a7,be814268-912b-47b4-8181-c0ede2b04826,79513510-26f5-583f-82fe-5059713116a8,kettle,13,,2025-02-20T01:41:31+00:00
3af8b6fe-5d53-440c-9c4c-5641af650838,6236d33d-7b57-486d-81e8-a247d50fa2a4,f9c4c16f-6796-5835-853d-41a13cd2bfbc,concert tickets,0,,2025-02-08T07:00:31+00:00
897039db-fd9c-44e0-bfdf-471413773d96,7926d7b2-835c-4a6f-bf2f-3e38d4db3419,ca7ad69b-0d1b-5856-9694-3d789a554518,apartment,0,,2025-02-11T19:08:53+00:00
2ad944c4-19c0-4076-92ab-d251f85cf7fa,a83115e6-95d7-4710-8785-ad490862eb1d,b8c9376d-76ec-59bd-8798-7e68e486212a,free,16,,2025-01-15T03:31:35+00:00
b806926c-f644-4caa-a05c-8a05d5a0ccca,1e35bc63-b9b9-4dc0-bbca-ba32d6a1676f,8f914a18-6eb5-59f8-962e-25cff997cddb,bookshelf,0,,2025-02-05T19:58:52+00:00
6a2d375a-0ba2-4266-95ee-0ddbf4f35108,183fdc19-a9c5-4db8-a9f3-e0f20feea8e8,02d10cc6-3dcd-55c3-8875-7df7a0b9ce4c,sofa,28,,2025-02-16T03:28:00+00:00
3a5fa0c8-d195-4c71-a14d-25d49e2f7107,0c75c528-0777-4d48-b0e4-87ab07dcd5a2,5676e4fb-b040-5ee6-af99-82694794db8e,coffee table,17,b080bc8b-32e0-478b-a88e-0578c64791d9,2025-03-08T16:13:35+00:00
6ec6d159-0ea0-4a3c-9dfc-9450b6f27661,0c75c528-0777-4d48-b0e4-87ab07dcd5a2,5676e4fb-b040-5ee6-af99-82694794db8e,guitar,0,,2025-03-08T16:17:53+00:00
88e4f72a-9208-46e8-83f0-e2283789468c,9683d7cb-c320-48ab-b91d-373a4a32cc44,dc061b76-b49e-5eb8-b939-19b573fe2e13,vacuum,17,b6c80d64-e4a2-4739-9f4f-ddd7c47db6d6,2025-01-28T05:22:14+00:00
8ccc5e80-5fb1-4beb-be1d-0d911cdce35c,53cbc155-02f5-409e-90b8-e1d1b8a42be9,b7d914e9-1939-547d-a4dd-a93005a60e00,mattress,39,f4ef061d-65d9-4d85-ae4f-5658969c184e,2025-02-06T14:42:40+00:00
9405c668-70ff-4968-a381-c5908cbcaefa,5ab1b529-4f5e-42a1-8f82-f88bad579d46,5fabe693-67d9-5f1a-9db6-a4656386e31e,rice cooker,5,,2025-02-01T09:43:06+00:00
8739e4fa-069e-4af8-970f-8e88772a8df6,8ca12932-1c6f-4ce8-b5ac-da66575fd911,954e0f2e-b6c5-54da-bb30-a81aabb85306,dresser,25,1cbdb92d-617d-4bb7-8b51-0bc44020bd81,2025-02-18T00:56:16+00:00
fe171bdb-61a6-4ee9-a0c2-47bb956b2827,75a9c08b-c3f9-48ea-bba3-d6136d51a785,cd042c38-d8e8-5147-829b-733ee608b958,ps5,0,,2025-05-15T09:31:01+00:00
9ab18ab9-ad0e-48a9-89c9-67e80e964cce,6cad3973-c23d-4cec-bb0c-6ecf78003373,cd666070-e2a2-5449-8190-27412742d0c3,mini fridge,5,71a0699f-669a-434e-ac77-c3b9da9705ca,2025-01-30T05:16:23+00:00
9415a9f6-6363-42ac-b345-6cf54ced3395,081ff1ec-6b6e-4345-b592-685440228bd4,6d357e57-f7ad-5fea-ba45-8f21ac6fda10,microwave,4,,2025-02-05T06:09:16+00:00
52e95733-70a7-43cd-b3fa-dca65b474e6e,3e1135b6-a11d-4440-9839-7607ab0df809,46302a69-c705-55c5-a993-26ec99e5aa89,monitor,17,871d21a7-7f5d-4909-9b4e-48172a16e2a8,2025-02-14T04:50:40+00:00
f743eca1-d22d-47c1-99a8-a344064383eb,69546e0c-13bb-4597-8ce8-09cf53b9a4ff,d79ac8b5-b915-5281-be09-97905625c242,monitor,17,09970f75-43e1-4877-8cf0-e983b60eaf7d,2025-02-05T07:17:45+00:00
3feed2d5-4d26-429d-bd41-bf1c00aec083,0b20e057-ab25-4963-a1eb-383458386c85,3d9a082c-1545-5ad8-997b-dfa4795b7355,guitar,0,,2025-02-15T09:46:08+00:00
452a1fe0-fe07-411c-988a-c358d98c24b8,7d2e833a-8242-43a6-93ca-e79df0b2cd59,1fc2e092-87fe-5d9a-add0-469ef528b09f,corporate finance,15,75ab175e-bac7-4c1b-9ee5-3bf66bc76c71,2025-02-15T14:09:38+00:00
7941ceb0-eef0-41f2-a5f1-336d2b89afb8,62d505af-b1ab-402a-b8ac-bf03c359aea7,1a39701d-3c27-578f-bccb-595b9ed10be3,ikea desk,0,,2025-04-10T08:24:21+00:00
3768ec03-9460-420f-a11c-8d0d22bd7a87,c3e6de0b-ae0e-464a-aeef-51bebdd50073,5660972a-e652-5ea4-9108-f34ee1037ed3,airpods max,0,,2025-02-28T21:04:52+00:00
c2af2a2c-d0c7-4241-a60f-8783ab6083eb,d1069292-d635-44f8-8c01-1494891ae61f,cdf696f2-6d41-56b6-b6e3-3b35ab1b1e99,mini fridge,5,5cbd8ea8-2b9d-4d7c-88eb-1ccf468fdb0f,2025-04-11T13:50:03+00:00
d8c0adc2-51d5-4695-ae19-02153cbb8414,53a84c41-db22-49bf-98bd-d408fffdabc3,9f324759-7213-5f3a-abf7-151e8d3bfe6c,sublet,0,,2025-03-31T18:24:55+00:00
de38bcf1-d153-4ed3-af66-411c0adef7d9,742f60c2-2f3a-4c03-86e2-e6b289299c40,9ea1ba87-845e-5f84-bb51-d92023043b95,vacuum,17,c412dbe2-2164-467b-85fa-ee361c57a270,2025-03-12T14:02:20+00:00
0569d128-575b-4816-b9b5-0559dd72ebdc,75fb3cc3-3a13-475e-9146-fa6c2c28ad75,8345871b-6411-5d2f-bca9-208889e27475,ipad,18,,2025-02-26T15:09:31+00:00
7c4a9921-5279-4924-b17e-9bc23fcf206c,f79de4b1-f0cc-45e9-85c3-b3112725fde1,cef72313-761c-5547-995d-1e9722e06162,apartment,0,,2025-03-05T21:57:49+00:00
d0b7ef85-2534-4e7d-97e8-df6d043eb11f,ec6a23be-ddf8-411b-a001-feea58a50c51,2a4a47e9-be8c-5612-af3a-16bc60f0d199,sofa,28,4a17397e-f126-4099-a032-b406836fc205,2025-03-14T02:05:00+00:00
e014c2d2-5117-40fb-9564-6efbfe9190c3,ec6a23be-ddf8-411b-a001-feea58a50c51,2a4a47e9-be8c-5612-af3a-16bc60f0d199,parka,2,,2025-03-14T02:03:55+00:00
65aaf528-2514-4cc7-9ed6-704d5ee9c63a,e5d66484-0921-411a-aecc-60e791695a29,863e0fe1-8c74-593b-8c34-7e54f4e551ec,mattress,39,,2025-03-07T04:02:47+00:00
52dfb920-df86-4520-926a-d697d4ae1bd8,d7b30ac7-a843-4c2c-b7d0-5dbca0c169c3,6b4c4176-870b-5647-930f-6c7e7e840bb2,textbook,0,,2025-03-12T01:45:59+00:00
da75f4fd-038e-4453-9f95-5ad67c2572a8,d1069292-d635-44f8-8c01-1494891ae61f,cdf696f2-6d41-56b6-b6e3-3b35ab1b1e99,sofa,28,,2025-04-11T13:52:58+00:00
d037e995-66a7-46c9-b6cb-ac60bdf68ab4,f87b345a-0777-46fc-865a-b76dacc1e90a,0a446d3f-a67a-583c-873a-5bcdd1636ea8,airpods max,0,,2025-03-14T02:22:53+00:00
ed5c92a5-3442-416d-9231-adc8173e8502,dd6a0ad5-cbc7-4d17-8a8a-229cea78e52b,ab8d67a7-4201-5d91-9b0e-c6399ab2a4aa,kettle,13,087ed90f-ca6d-4fbc-8160-05f0a10ae19f,2025-03-06T22:19:32+00:00
60385d44-4a32-4b9a-8b65-9f8f3728ea28,fba653f1-56a1-4e32-b3a6-1205a8a2e461,e1c6184b-b2f8-5121-9392-51fff3b15c32,monitor,17,acebf6ac-0293-485a-832d-0f8f0138786e,2025-03-05T01:36:17+00:00
9db40587-108d-4bf9-8ba2-80a98480d793,7357e086-3d97-4c00-bd2a-662d18d0abec,65c83011-f507-5ae1-a4ae-078e1e656b91,bike,18,,2025-03-18T05:59:45+00:00
87555145-15c9-42ef-bd58-26ead71e7dbd,bdd3bd04-7e4b-4d82-816f-dceb5fae55ea,db394da7-7077-5faf-b415-8020b1850617,yoga mat,8,,2025-03-16T01:28:25+00:00
bdf5486f-1c19-47bd-ae56-b90adfb6007d,42688444-55cc-483b-a92c-df6777013516,5321eac8-d080-514a-acc5-22874f0e2090,boots,15,,2025-03-17T09:54:52+00:00
863b8d8f-dfee-4feb-a16b-362b0cb0d004,e0ac1371-730b-4fd6-8af4-80859ee0ade7,9595a378-d4bc-55d3-a2be-dc40eb3ea5aa,mini fridge,5,df494339-a0af-4af8-b065-29d7ae47f220,2025-02-27T16:37:16+00:00
e82d0ff6-4716-4209-a7be-8efd2c35c5e2,f3f35b1f-6722-4fb3-9c50-39c6796b2515,a482946b-2e3f-5cf8-8db5-eab0610981cf,rice cooker,5,,2025-03-18T07:28:04+00:00
307acb22-d682-45d6-bba0-530a41050f0a,39253471-72c7-42b6-ad3a-569f5728f21e,7465d5e8-cc44-5d7f-8abb-ec5410afc024,airpods,3,,2025-05-11T16:26:00+00:00
be8372b3-b1ce-4068-b888-4cf9b7e756b7,dd31032b-6dd2-426d-bfc1-f03e9f5eefa1,4906c563-1711-591b-8418-f39c7054284b,corporate finance,15,,2025-03-08T00:48:52+00:00
f70f2511-4584-478c-852b-1074dcbdab21,ff34dee7-a247-40d7-b920-a3d2e7a536c2,f4b249c6-0824-5444-a782-a1a1a7eb01d0,iphone 15,0,,2025-03-12T12:16:42+00:00
99965b73-88c5-4c60-9425-fc65e4d4bf7a,6eaf2004-a475-4bbd-b327-ceb492d267a7,11902648-2300-5743-84d9-04fa565161c3,bike,18,,2025-05-22T14:50:00+00:00
955d01b2-2b1b-49bf-8c31-51d0148e5b2e,1f5c9368-f634-4128-84d2-ef868162ba53,277e32b5-4abd-595d-8631-d8dcf4cad179,iphone 15,0,,2025-05-10T16:57:46+00:00
ab9ef6ca-798b-419c-877c-53d97dceeab0,cbcba9e3-129e-437d-adc8-13aae5e788ac,19cabbee-2447-504e-894c-33af47564b9e,airpods,3,,2025-04-14T13:21:59+00:00
6a875883-1e0b-4534-ba8b-e7e508b11f10,b387c825-7116-4b83-bd18-56e81111a5c9,a61cc579-0c1d-5652-9a7b-480fa574fbbf,mattress,39,6a1992a1-a7e5-427a-ba15-0fdef081d619,2025-04-04T11:45:21+00:00
f29aa724-0f02-4260-9b67-457add7c3d9d,5ab1b529-4f5e-42a1-8f82-f88bad579d46,a0a2939a-2cb5-5e07-a7c6-06f7a27bc178,headphones,24,,2025-03-16T07:56:23+00:00
e4ee6558-8fe4-41e8-9480-87fd7d145efd,081ff1ec-6b6e-4345-b592-685440228bd4,bd6db5fc-6476-50b8-b81a-3e62b0ba0106,ipad,18,,2025-07-05T17:12:00+00:00
6d9f9386-0174-421e-948a-c1c455d085e2,b387c825-7116-4b83-bd18-56e81111a5c9,a61cc579-0c1d-5652-9a7b-480fa574fbbf,kettle,13,,2025-04-04T11:39:16+00:00
a9027487-58aa-490b-8a5d-d8ff4196d570,e294d7c5-9f72-4226-9091-d2cf6c147a17,db9f196c-3a8b-5ddd-8ca8-24fd58a8596f,ipad,18,,2025-04-02T21:26:32+00:00
2b7ed83e-4ef8-4a2e-89c9-6e0146131d61,1738f94b-1c67-4612-9cd8-819ca50c35e3,9e20b401-cd8b-5848-8733-edf57ff950a1,kitchen,2,,2025-03-28T19:05:05+00:00
42469ee8-36d7-49cf-b649-47274964f707,f79de4b1-f0cc-45e9-85c3-b3112725fde1,c3fefb5a-6a47-5afb-bc38-ceece3c4fb42,bike,18,23b62030-bc09-4a1c-a0e9-e982f8b28649,2025-04-04T19:37:10+00:00
d60f1ae0-b3bf-4386-b1b7-d332ea09e44a,4baa25b9-1700-4782-a80b-d9e663939f70,d236df48-dc06-5610-9023-641bf01db1c1,headphones,24,,2025-04-14T00:36:58+00:00
6f2f9282-5f5a-4b2d-ba34-ff27754fab00,74375a59-e8c7-406f-8580-d46c74187dc9,b15e13f8-38bf-5431-8d83-e615b85ebe5d,concert tickets,0,,2025-04-26T22:15:33+00:00
92bd88c0-0f6f-4672-8a7d-cba057408770,a1e4b04f-3354-4716-9914-0e447f91fb26,d78d32e8-6801-531e-bba5-a13f5ef2114b,guitar,0,,2025-04-17T17:29:00+00:00
a8154382-31e2-4a36-babd-aff6e05d45b7,44dae102-8716-4274-95ac-bf413382999a,0c3a50d9-dd05-5354-b3c1-2a4c8b49f7ec,headphones,24,0e426053-cba8-4632-8d16-ff2be180e0ef,2025-06-24T16:14:07+00:00
97da207b-3035-45a0-a757-94942ab3b50e,ae8523f3-49f1-45d4-ab29-0313676f12d0,267704fc-2a9c-540f-a6e7-e0d031d13a4e,airpods,3,,2025-06-08T18:13:54+00:00
e18504c5-dc3a-499b-87b1-573474f85b3a,71938832-5c59-49e3-be85-9acbd7ca55ba,08a583a0-e044-55c7-84d0-1ad7b985533d,airpods,3,ce945666-5c66-40bf-8978-0cc463d79ab9,2025-04-09T19:43:24+00:00
e3993bca-07e0-4608-b738-e84ee34970f2,2709bb2d-e639-44c0-920f-80a9f4c4955e,bf83602d-eb12-570d-9647-27cf78afd1cd,dresser,25,c49f8e32-12d4-4b19-8ea8-f9d67239b259,2025-04-01T18:00:32+00:00
e3ef9d31-db6f-47fe-bb4f-a381b93869c7,e984c74d-dd4a-466b-b93f-7f517e76b6c7,3daf4b01-ef03-5b46-8b21-33470f76fd08,ikea desk,0,,2025-04-13T03:02:56+00:00
379609c7-b6fd-4599-b699-d508329f803b,b2934820-ad75-476f-ade6-054a7c89f295,a52ddd83-d0f1-5d4e-8612-c8cdb0f9d6c7,laptop,2,,2025-04-11T10:42:18+00:00
e84acfcf-4b34-4412-93a0-b167ce8cb1fa,323eb581-df66-495e-b4c3-b8d51316dccb,5cc246a2-480a-51e9-acdf-f8c96f2bde52,cat,0,,2025-04-08T13:51:49+00:00
6a9419a6-53f4-4183-b33e-5bc3d459eaa6,82c26f80-0b16-4534-b361-35fddfa95816,7fa05691-5d51-5117-9d7e-c715b3e5d6d9,mini fridge,5,,2025-04-22T07:55:02+00:00
dfa6db6e-84f0-418a-936c-f74f9a9dce4f,1c53189a-7903-4dcb-97d6-29489110198e,86a2b712-46ae-55dc-8cb6-8702d4141861,boots,15,8e8eba10-09ed-4736-9283-5f89aae2cb09,2025-04-24T09:26:20+00:00
dc1655c3-d06c-4397-a995-ee505eb09e67,7357e086-3d97-4c00-bd2a-662d18d0abec,79974f06-1198-52ba-a537-e9925f0838d0,office chair,0,,2025-05-02T12:13:54+00:00
3c5f4d00-6f33-414d-981c-0949b823d86b,7524322e-1510-48cc-868b-8d59b328109b,f1ac847b-ed16-5111-8b09-1183de325192,kitchen,2,,2025-04-12T22:39:11+00:00
8f741798-d5d7-4ebd-bf69-a1f521a7d85e,904d370b-c057-4076-ab96-6f35351482c2,9ef8fd2e-f042-525a-8f7a-4bd2b5c885f6,headphones,24,eb621914-6db2-44f2-a637-6be7046a22bf,2025-05-06T17:24:54+00:00
6bcba27e-4953-418c-a5e5-43d52ad2c730,5da9c176-ec13-4102-b6cf-121f4b145d5a,6e6f2710-6a52-5c8b-8e5a-5490246b88c5,laptop,2,c8f837d8-1ae3-482c-b2a6-4ca0393af822,2025-04-20T03:39:27+00:00
1c45c4b1-0e3a-4070-ba15-0b07d9732f19,e294d7c5-9f72-4226-9091-d2cf6c147a17,10bdbbd8-f525-5912-8b71-1067f08b7a1a,laptop,2,c8f837d8-1ae3-482c-b2a6-4ca0393af822,2025-04-24T17:44:40+00:00
8e18d68d-e980-4e3b-a0de-fb5027800eb3,f79de4b1-f0cc-45e9-85c3-b3112725fde1,be09bf95-e370-547d-bb6e-18006f89fd6c,mini fridge,5,,2025-04-19T03:00:22+00:00
bbae6bef-93f9-4b0e-a6bc-65b02dc48f48,ce36aea6-fdbd-41f0-af71-96972ce4d5d1,920e286b-6ae3-5f1f-a80b-450b8de71c25,apartment,0,,2025-05-04T03:54:34+00:00
072cbc6b-cffd-4efa-9960-74698b740e6f,0c75c528-0777-4d48-b0e4-87ab07dcd5a2,a010973b-7b61-5a0d-b711-d81eec8710f1,sofa,28,,2025-04-22T08:10:29+00:00
7aaf2bf8-73cb-41a2-ad35-13bcb4fcf9a3,bf6c0e33-5fc6-4e92-8a2d-83065bf149c4,875f254c-d385-5e19-8eaa-2d1efc786008,free,16,,2025-04-25T13:36:16+00:00
c297e247-7419-4f0c-a5b5-59bbe99a9ef0,484b4933-21fa-4a46-904b-33017ff3857f,9736a85a-27de-5ef6-a55f-b1bb283b9e6b,lamp,8,356d8df8-dd69-4f7d-a87e-0c7d8c5cfd6c,2025-04-17T21:22:06+00:00
d8375ecb-4473-4d6c-b3af-5ea2783a6983,ff34dee7-a247-40d7-b920-a3d2e7a536c2,98b9d836-92dd-532e-a4cf-5f99eb64cc48,boots,15,,2025-04-22T21:01:52+00:00
fab408d1-5c61-426e-84fd-76ed99af40d7,75fb3cc3-3a13-475e-9146-fa6c2c28ad75,550865fa-f7a3-5744-ae42-d56ddcb3b81b,mattress,39,,2025-05-10T05:22:14+00:00
2d387412-3ba3-4ad3-b50a-6984a0d4650b,53cbc155-02f5-409e-90b8-e1d1b8a42be9,f79694cd-beea-5ae8-9c50-04cfe7d5763c,monitor,17,,2025-04-17T18:56:17+00:00
ad0cdaf8-9b32-4c4f-8613-359589723b99,75a9c08b-c3f9-48ea-bba3-d6136d51a785,cd042c38-d8e8-5147-829b-733ee608b958,winter coat,0,,2025-05-15T09:27:53+00:00
04d15d2a-a35c-4aa7-b232-3ddd23c24c6c,ec6a23be-ddf8-411b-a001-feea58a50c51,68c8562c-0517-51be-afb0-4c340233d0d7,office chair,0,,2025-05-15T15:54:03+00:00
81a475cc-447b-4ea7-b24e-1f705bf5df71,e7f25965-2024-4c9f-a575-caa1e7bc13df,68f62295-994e-52e6-b840-890d761208ca,desk,83,,2025-05-08T01:07:48+00:00
685e5aba-70fa-43bc-899f-4408defb0f67,9683d7cb-c320-48ab-b91d-373a4a32cc44,fc0e5e40-520a-5b71-b624-dcc20fd76c6c,microwave,4,5af3b4d7-8eda-46c2-ba32-d081cca3ff07,2025-04-16T10:20:56+00:00
3d75ce96-4aaa-480b-8ecf-d82d5d13d499,19dfffd3-69fe-4589-9939-0de48e436817,f4b0a07b-6935-58f5-9808-93ddbd39822a,guitar,0,,2025-04-20T07:51:56+00:00
fc12bb54-8ff5-4c41-bfc5-32f89619a824,9f74975f-3000-4ef2-b2a2-1cdac8513b60,88931068-acb8-5d01-9253-9d16c51dac6c,bike,18,,2025-05-13T16:39:06+00:00
2e5cbe71-496e-4609-8d14-ca38f16c916b,b2934820-ad75-476f-ade6-054a7c89f295,463584d2-1ccf-5054-af1f-7ead0651e954,printer,0,,2025-05-11T05:04:41+00:00
57ae83f4-0fb1-4dd1-9162-ee00e8722fcb,742f60c2-2f3a-4c03-86e2-e6b289299c40,060f02e4-2a57-5c3e-afb9-aeb7d881b673,office chair,0,,2025-05-10T21:50:13+00:00
948fb975-3d10-4484-8679-34242e1c53de,b387c825-7116-4b83-bd18-56e81111a5c9,e27aa602-6484-513a-aa83-8ce4453f4e83,airpods max,0,,2025-05-16T00:46:06+00:00
752c68cd-7078-4204-a2d5-99a5f7983513,4c8ec64f-c0d0-4cfb-b064-d47de0ec57ba,f843e70b-4b7b-544c-9ea5-d09abc5dbe70,headphones,24,,2025-04-19T11:22:42+00:00
15d3f6b8-199f-4a2c-8699-d3bb7122f71e,054fe171-2aa2-4064-be59-369e103477d7,4076db24-3bc2-533b-a604-3efb1983bb79,vacuum,17,,2025-05-11T01:47:36+00:00
6e05b9fb-6cc2-4180-9883-eb44c977f4f0,c826c699-c25f-4e45-bc9a-8ef83d1a94fb,36f9c8ef-711e-59b1-b8eb-58ee51a5fe44,coffee table,17,,2025-05-14T02:53:38+00:00
db2d7230-8c81-4173-afdd-940b2c6cd666,c90cc779-75f4-4f0d-8f0e-bf02ad0ba33c,7e1ed970-8cec-5a23-8658-5fe3af37033c,boots,15,,2025-06-07T17:49:45+00:00
5c447d82-740a-42d9-aaf8-07c8e7fe3442,2e33ff49-a484-4f82-95d2-dc4216703bb3,6613e830-5b76-587f-b857-f4da742c9a68,vacuum,17,,2025-05-12T19:07:17+00:00
d94ea94f-2f90-483d-9ab7-24bbdd3c848a,42688444-55cc-483b-a92c-df6777013516,c55deb18-65e9-5e11-8692-88305d74e858,rice cooker,5,30653cec-e6ca-4b5d-84e5-378b70a97f65,2025-05-21T21:30:25+00:00
5671b42b-9478-4118-96d7-8621554a4324,7f332889-8032-467d-a20a-a0aadb0a6c98,23bfc3ff-7924-5ea4-9e7d-1edca1c52710,standing desk,15,,2025-05-09T05:16:02+00:00
69e58858-a720-4eea-a943-09fc7bd31b34,d97c38cc-0971-42dd-869d-988ad7864fdb,9cd1ae7f-bcb8-57e9-a603-84fbd9980e2b,mini fridge,5,,2025-05-22T01:04:37+00:00
527c6c2b-bbef-4525-9a4b-9b3152a0da50,75fb3cc3-3a13-475e-9146-fa6c2c28ad75,ae889d45-2709-543c-a4e6-a19470e2a43c,bike,18,,2025-05-27T07:30:49+00:00
50a595ab-f399-4b9f-8e08-777287d799f4,8ca12932-1c6f-4ce8-b5ac-da66575fd911,eb886ebe-d8f4-5adb-832d-18c6835da9d6,mini fridge,5,,2025-05-07T04:08:08+00:00
1eb3f7be-a7dc-44a7-a928-67120eeb07fe,d30b8eb3-05ed-4a73-b6e5-042436e46b37,478e2152-b0df-55d0-b915-842e68a384be,dresser,25,4be14f30-5576-4bd8-b06b-705dd36301f8,2025-06-02T20:04:57+00:00
3bb5d06f-3855-4f02-b5df-85195c565fe8,b3a594ad-c0b2-4c4f-9c16-36e5268f731d,f57703a3-c00c-50e7-ac90-8f77d2f01928,guitar,0,,2025-05-07T22:46:32+00:00
cffd37f5-459d-49ac-b82d-1859961b5e17,1f5c9368-f634-4128-84d2-ef868162ba53,69ae1a50-64b6-56e5-9c8d-3399185c6246,boots,15,b9c185fd-f5b3-4665-a512-76e5aa641dff,2025-05-28T23:40:29+00:00
ccbff624-5577-4d2e-aaf4-a84bbf7eb5e5,819e531a-e9e2-4d6e-92fc-0f0bf2f0f251,b3828882-7080-5a69-9275-8e33c7ee7f94,parka,2,,2025-05-26T04:13:51+00:00
501ad760-c11e-4892-b712-9232cc7a127a,e294d7c5-9f72-4226-9091-d2cf6c147a17,fe28a7fd-05ec-5a1d-8126-6a234157d2dc,headphones,24,,2025-06-15T16:01:38+00:00
f85eaca2-e88a-474e-bfe3-fe016f2e96d8,8d0a4127-34d4-4cb0-ab2c-8a44732c4636,f560c85e-8687-5cde-893b-e229cd36e544,textbook,0,,2025-05-18T03:24:11+00:00
d42d72aa-f22f-4436-b146-a0a3f617d374,a83115e6-95d7-4710-8785-ad490862eb1d,be8a24db-9140-5dfa-8947-f8771bc573c3,airpods,3,,2025-06-29T11:27:20+00:00
5aee7db6-653a-4042-9993-860e10fda23e,742f60c2-2f3a-4c03-86e2-e6b289299c40,335a7fc6-e26b-569c-8071-e268b10bafb8,rice cooker,5,ae4b9d86-dd63-46d3-b249-d9482b353200,2025-05-24T17:51:16+00:00
81790eb3-1643-48fa-be70-4dad920a3e1c,b2934820-ad75-476f-ade6-054a7c89f295,b59e672d-9fdd-590f-9f14-8663e7247e5c,desk,83,d9cf8f85-81bc-4d02-b56e-bab415a9c74e,2025-05-27T03:17:47+00:00
b2b2b989-453d-4961-a208-1a1c517a24aa,742f60c2-2f3a-4c03-86e2-e6b289299c40,1977f0f1-4382-5373-a5e9-2f4a371b45b9,headphones,24,,2025-06-12T05:56:56+00:00
3b473397-31b1-47db-bebc-7dba656e7f4b,1f5c9368-f634-4128-84d2-ef868162ba53,69ae1a50-64b6-56e5-9c8d-3399185c6246,mattress,39,,2025-05-28T23:50:58+00:00
4064079e-15e5-4413-a186-6c44a0770179,d7b30ac7-a843-4c2c-b7d0-5dbca0c169c3,63595c1b-5fbf-5c1a-9cf4-d5d57f5bbeb0,laptop,2,c837e9d4-2f2b-4ddb-b418-5aeace9f4e22,2025-05-07T03:49:29+00:00
6768716b-2367-4662-8171-25b35463afa0,577c7c58-b348-4b59-a994-19cbf0bd8b7f,b4753137-5288-5881-a6b1-97e10da2c3c1,sofa,28,,2025-07-12T17:28:37+00:00
e70ad6fa-87a0-4cf4-95ed-7b078070e3ef,6236d33d-7b57-486d-81e8-a247d50fa2a4,a51900ec-848b-503b-a147-36de0f24100b,vacuum,17,3d683d67-f2c4-4848-951e-80bb6c93d926,2025-09-12T07:19:55+00:00
25379724-ea32-43b4-821b-7a25886a8c03,742f60c2-2f3a-4c03-86e2-e6b289299c40,1977f0f1-4382-5373-a5e9-2f4a371b45b9,desk,83,,2025-06-12T05:53:13+00:00
33aa0871-dfde-43c1-9c9c-e1de2971be14,27de1447-4949-4ba1-94da-511dcf33e97a,709b0a44-1226-513a-b4bc-6c0964534420,yoga mat,8,,2025-07-09T14:15:30+00:00
7b787a50-4d65-40db-ade8-8ea37cf69aab,e5d66484-0921-411a-aecc-60e791695a29,775737f3-4177-5aa6-8d21-4a3efb6e6fdc,car,27,d73af723-b0b4-4c9b-8c9a-a571d3370c45,2025-05-30T04:59:24+00:00
6dcb0e50-ba14-4f52-9518-7b019a8253e6,5d717b99-735c-4981-87a3-225adde8acea,d8b3ab3c-a5f6-53cb-9ac7-df4fc6ab0cf6,concert tickets,0,,2025-06-12T00:13:11+00:00
1ba8ac75-4806-4b32-a44e-049169cd78fa,1738f94b-1c67-4612-9cd8-819ca50c35e3,55f5eeec-4684-5f1d-82e1-5236fed399ac,ipad,18,,2025-07-24T14:54:02+00:00
4e19d8ed-4eca-44b2-81ab-2e0634661bfb,917bdd4a-0545-41ea-8bbb-c3ec512a6c48,e54e914e-dec4-5c69-a2fd-639c1964b2a3,printer,0,,2025-06-27T02:21:49+00:00
d786f906-f35c-469e-b053-f580d73741f1,3e7caac0-1ca6-4783-9a3e-0aec999045f7,548690c0-2b59-5402-ab91-503ab42e29df,sofa,28,,2025-06-20T18:10:48+00:00
202516ec-a6af-4a6e-8654-cb0042abe0ee,5ab1b529-4f5e-42a1-8f82-f88bad579d46,e32d3209-23ed-57d7-8fc5-b759553466b5,bookshelf,0,,2025-06-24T15:31:34+00:00
c70986cb-89fb-401c-8255-3e80087a977b,10e5f889-8510-460a-b274-ff42a4b2a3e9,c52af90a-63b4-5e56-a79e-58d4c4be6afa,concert tickets,0,,2025-05-29T22:49:18+00:00
c624972f-78ac-4e5e-b37d-b55f7bf8ac11,fba653f1-56a1-4e32-b3a6-1205a8a2e461,746b1952-5ba2-54ac-a60c-587ca9545f30,coffee table,17,,2025-06-12T02:38:50+00:00
859f6ab6-4f07-43b5-a598-859cbfc60f19,c3e6de0b-ae0e-464a-aeef-51bebdd50073,ba8b7ddb-bc26-5808-821a-0d5bdf84b80c,mattress,39,94d1a5d6-3262-4be3-8fa7-50edf3ff87c7,2025-06-24T06:14:54+00:00
371a8e41-0826-4979-b99b-4a7db498b3ed,c90cc779-75f4-4f0d-8f0e-bf02ad0ba33c,7e1ed970-8cec-5a23-8658-5fe3af37033c,winter coat,0,,2025-06-07T18:00:50+00:00
62e01f81-d080-42d3-8ba6-44118b625abc,feb4d905-0b79-4ac5-9d53-4c64f8023f17,318d1dfc-9516-5774-a505-e387a0804620,office chair,0,,2025-06-17T19:39:07+00:00
0d735041-ea87-4120-a78e-141b4a66c4d5,74375a59-e8c7-406f-8580-d46c74187dc9,a1c551d3-47a5-575c-ba7e-2f6c9c5342d7,kettle,13,,2025-07-23T18:51:14+00:00
58a48ac5-6ce6-4ae5-a379-ab18ca8dda9a,31d9eacf-7f61-4435-b484-43965f1c29b6,6a0587b0-d179-5f6c-a296-5c81e12b408f,kitchen,2,842cea88-1f69-420c-ab47-2cd5ac467723,2025-06-18T07:36:30+00:00
a93c57a2-5f78-47c6-ab02-d54d2fc6dd98,2ad9462f-49f8-4d9a-8f1f-6f573c1e266f,9d548962-06a0-5238-8d4e-360119c8b236,kitchen,2,842cea88-1f69-420c-ab47-2cd5ac467723,2025-06-28T20:46:32+00:00
44ef9e3a-35a4-4568-9872-c1a9e70c91e2,53a84c41-db22-49bf-98bd-d408fffdabc3,24899f30-78f7-5c22-ab4a-f88ff0e74562,car,27,8f5a329e-a669-421a-a064-d276837e6c0a,2025-06-21T15:30:26+00:00
9e0445de-fc32-411d-bf59-c7b5baa652a8,501e8ce4-ec88-49ee-8091-df9797903b55,48017dd5-fbb4-5097-b57e-83ebd9128828,desk,83,,2025-06-19T09:22:21+00:00
d1ebc1b1-902c-4b49-8352-de5756b1a8fc,99348a51-08e9-4760-8822-b2f8debef37f,3e86770b-a486-52c1-b4b5-f273b79c534f,office chair,0,,2025-08-28T03:14:07+00:00
5a7a9f25-15a8-4150-8235-f3431caed0f8,f79de4b1-f0cc-45e9-85c3-b3112725fde1,3d95d187-7d53-51e1-9377-605dd6b7ae8c,ipad,18,,2025-06-22T17:31:37+00:00
2988cf6c-7d0e-4ac4-811e-e638fcaac8f6,f87b345a-0777-46fc-865a-b76dacc1e90a,1399ee2c-af91-54b3-8817-76fb6d31199a,airpods,3,606a700d-e16b-46d6-8e1e-c87ae80b6418,2025-06-25T09:01:50+00:00
cac4eb94-645a-4129-8659-3504d210b84d,fd24cb3c-d535-4d3e-8f20-04616346c1f3,423c60b0-2433-5f4f-bc95-ce7b2cc1752f,standing desk,15,,2025-06-12T13:08:02+00:00
e195e8ca-b9f2-48b2-8008-e7b3530f8307,71938832-5c59-49e3-be85-9acbd7ca55ba,81ffa0e2-8294-5386-8a01-e84e75157b62,headphones,24,,2025-07-13T19:25:55+00:00
3d49b415-c7b0-4c4d-b5df-d66171e60ef1,577c7c58-b348-4b59-a994-19cbf0bd8b7f,b4753137-5288-5881-a6b1-97e10da2c3c1,printer,0,,2025-07-12T17:18:11+00:00
4f332975-fcd2-4213-9dbc-2c51a05c72b9,7759297b-afe9-4b95-8e56-6c553c734e03,264fc5a4-007d-54bc-bd8e-304719e7517d,ikea desk,0,,2025-07-05T09:42:28+00:00
8ee393dc-8a3d-49d3-9385-ed13683cc262,6695a266-c3cd-43a7-a7fb-fcac77328615,fdc96adf-f724-5cd5-8f70-a7e24193fe8a,standing desk,15,,2025-07-06T11:32:05+00:00
ab59e3f2-b73f-43d1-9b97-1cf10c19c37d,6eaf2004-a475-4bbd-b327-ceb492d267a7,106cd9f2-adfa-5a32-ab8b-579206227764,parka,2,1044ae4c-b231-415f-891e-b82500b854f7,2025-08-11T21:29:14+00:00
966baa2b-ab9a-4b75-8e50-f9df1bff0f5f,2e33ff49-a484-4f82-95d2-dc4216703bb3,4b3999db-9f74-5faf-a105-74f2f8f2f982,ikea desk,0,,2025-07-03T01:53:05+00:00
98791328-0b7c-41a5-ac9f-70fe9ffb3230,0581305f-6e14-482c-94be-e2a7bab71968,9e808a25-b672-5e6b-80e3-b95a0e8ab263,lamp,8,,2025-07-03T01:50:05+00:00
63102d85-3224-46a3-9cc2-3bebc7f0a1b0,ec6a23be-ddf8-411b-a001-feea58a50c51,c1c746ef-047d-532e-8f0f-d72febcfbc8a,kitchen,2,842cea88-1f69-420c-ab47-2cd5ac467723,2025-07-24T15:44:33+00:00
659197bf-d28f-46d5-8734-82b09332d8be,99d52a61-bee5-4684-9df6-159e47cc27be,3a4debc2-537f-5b78-9348-dc0ccc0e2132,apartment,0,,2025-07-08T06:21:20+00:00
9517400b-4fd6-47b0-927c-cfc7dcf23d4f,22b1d57e-427b-4075-b871-f3a5bde40fbe,cd02bc98-c6f5-5efc-b922-3568cb71a404,lamp,8,,2025-07-16T17:19:24+00:00
4207b804-6143-425c-83db-e84798507335,0474d78b-b695-4c1a-967f-6fc9587ddc43,a2ab87ce-5866-5fa3-896a-69319a9bd2e5,free,16,bd261f82-9e90-40df-a7e7-8edd21841421,2025-07-24T04:34:20+00:00
35762db5-d578-4119-93c7-f1c6e95e8a1b,3b30a6e4-3c57-4bbd-9b03-022e7facb880,39198c44-ddfc-506d-a6d3-1bf7f764bcac,cat,0,,2025-07-09T16:40:48+00:00
0314f3a3-eb47-4020-ac26-235e730ef3aa,43dbd776-bd4c-4ef1-933a-59af47a589b5,304c6c1c-7879-59a6-b299-7a0c02aadf31,office chair,0,,2025-09-10T03:16:09+00:00
812757ad-0a30-4c52-83d4-e2aa0252956c,6695a266-c3cd-43a7-a7fb-fcac77328615,bf0e1906-b282-527b-9f87-b23259dd88e4,textbook rental,0,,2025-07-17T02:57:43+00:00
c1b32a06-ab55-4ff8-810f-f7922f562d1f,42688444-55cc-483b-a92c-df6777013516,24fd45e9-0464-5e9e-9ecb-73ad38f75a1d,airpods max,0,,2025-07-11T22:35:59+00:00
80ed88ea-f8d7-42a9-bb06-4e964abd3ee0,29b08317-6763-47c6-93e5-e9d211886a27,06495833-f72c-5fab-9726-81b339dd339f,desk,83,,2025-10-03T10:56:55+00:00
1a98f895-35ba-4b30-8984-ea2f97fcc562,b387c825-7116-4b83-bd18-56e81111a5c9,a8c8c0c9-bac6-5110-8ae6-b6e5618d9264,laptop,2,c8f837d8-1ae3-482c-b2a6-4ca0393af822,2025-07-15T18:28:23+00:00
a1b72a9e-76d4-4e4b-8e4a-d15e28bc659d,e294d7c5-9f72-4226-9091-d2cf6c147a17,65ceb6c1-6a79-5a3c-9643-7ed78ceb0789,guitar,0,,2025-08-05T14:57:15+00:00
a358a621-0c65-42f4-b24d-c4be34ade8d7,86a2d273-34b8-46f0-bdc9-4868692691fa,5d03b9b5-7dd6-5c0e-b0bd-37ba705b432c,free,16,,2025-08-16T03:55:33+00:00
2163be0e-c990-4341-a869-62c8e99cd4b4,b3a594ad-c0b2-4c4f-9c16-36e5268f731d,c6772e74-4b5a-5778-988a-2c480540e2f6,vacuum,17,c412dbe2-2164-467b-85fa-ee361c57a270,2025-07-22T01:42:41+00:00
33a30713-71b8-44f0-8660-5b69e5e98b7b,27de1447-4949-4ba1-94da-511dcf33e97a,5b1424e7-5b29-5a92-ade2-4b9a787ace1b,ipad,18,,2025-08-09T00:08:19+00:00
876f1593-3b50-4fcd-81c4-c18a89c483a1,b7fef60e-e709-4148-b2be-091d4a9dc1a5,13f6d444-ab60-54d7-95c2-dd76cc6c0b16,ps5,0,,2025-08-06T08:11:37+00:00
ae618918-ed5b-4ca9-a2a7-f143d5f46493,9f74975f-3000-4ef2-b2a2-1cdac8513b60,ef437b6f-c07f-52b0-822d-1b7755f4a981,vacuum,17,,2025-07-22T15:32:59+00:00
87f91c40-f8d0-4241-ba16-cd2d71474aa7,1df596d4-a79f-4572-9306-495047dbf75e,34fa262f-e44d-50e5-8a7c-e757274769c7,free,16,865e0824-aeac-4fdf-b605-de44a124b4f3,2025-07-25T19:05:36+00:00
8e422b32-ee1c-4499-bfd3-c0d98dcfddca,bacf1c32-002e-4d62-8c6c-221609513f2f,446bc552-84b3-55ec-a1e9-c365ac020cfd,kettle,13,4b000e1d-1ab8-4652-83cf-1ee6d412081c,2025-08-07T13:01:55+00:00
f2af0b60-f06e-43dd-a760-be549c8553ef,69546e0c-13bb-4597-8ce8-09cf53b9a4ff,bde6fb9f-8427-5f0c-bd60-6a08fee01a95,textbook,0,,2025-09-02T20:49:25+00:00
437bf2ba-2a0c-4087-812d-8adcaa17f7f0,82c26f80-0b16-4534-b361-35fddfa95816,548f1de2-5d33-59e3-8a89-c92881bb6fbc,bookshelf,0,,2025-08-07T22:32:13+00:00
f2888766-0aa1-4f5c-b524-9bc2465dbc2f,666bc6ff-a4ef-4446-b1f3-452d89ab9300,026ea65a-9be8-5a40-86ba-d1115337bed2,winter coat,0,,2025-07-25T14:53:42+00:00
9a40ea00-20cd-4a44-9d7e-8cfedabf550b,e5d66484-0921-411a-aecc-60e791695a29,72809fd2-5b01-593d-a7cc-4eef29a21238,rice cooker,5,,2025-08-04T16:23:12+00:00
2fda16e8-14b7-4438-a21e-800ddca9b74b,ae8523f3-49f1-45d4-ab29-0313676f12d0,232893e8-5967-5278-a16c-55549e95740c,iphone 15,0,,2025-08-17T00:04:28+00:00
96044a00-1650-4c6c-9e23-4106ea22612f,bc9cbd74-f51e-47e9-ba77-1f2c017e9cca,59c44649-5291-534a-be87-7db37ecd3bdd,microwave,4,,2025-08-20T09:14:46+00:00
262c61af-9295-4ea6-a6aa-3283fff2b20f,8d0a4127-34d4-4cb0-ab2c-8a44732c4636,1ad67cd6-0f13-51b2-aec8-749c9606fad1,textbook,0,,2025-08-13T14:50:41+00:00
a73a4c05-01f9-41e5-a6b9-e91feafe778b,3e7caac0-1ca6-4783-9a3e-0aec999045f7,363a8a08-d1cb-5334-ab12-c760bf19acb4,airpods,3,606a700d-e16b-46d6-8e1e-c87ae80b6418,2025-08-06T09:36:38+00:00
23fbf1b0-fad2-4212-834e-8c1afce790a0,4183d4f5-30af-4bae-b78d-ab439d20b44a,4f760799-294f-581f-8a24-1e2db0f77826,winter coat,0,,2025-08-05T03:43:29+00:00
999019c6-49d9-4096-a7c4-4fb44ae6b7df,c6fd42f0-6060-47cf-a8e8-e24dcaee7d26,5e6043c8-4a7e-51a8-aff7-6c207b081b7b,sofa,28,,2025-07-28T03:16:56+00:00
f379705f-7a5f-4803-89ab-92c5bfcd3ec8,c6fd42f0-6060-47cf-a8e8-e24dcaee7d26,5e6043c8-4a7e-51a8-aff7-6c207b081b7b,kitchen,2,,2025-07-28T03:10:19+00:00
08b4c40a-3a12-4d96-b5b7-71ea1c02f562,ba1fa7b7-1ba1-4dcc-8cde-7e8038432e3d,aba12dc5-6d33-53da-91c9-ff4cbf4163f8,monitor,17,,2025-08-27T11:46:35+00:00
d72ee17d-eeca-49ca-85d5-2ed5ce64366e,6236d33d-7b57-486d-81e8-a247d50fa2a4,a51900ec-848b-503b-a147-36de0f24100b,free,16,865e0824-aeac-4fdf-b605-de44a124b4f3,2025-09-12T07:16:04+00:00
58ee9b59-d032-4611-a381-ade52bf1290b,ded797b6-afed-4f9c-8ae0-35b3c61aa0e4,b0579bcc-50f8-567d-87a2-b3152fa02824,sofa,28,17b4cd07-243b-4297-8257-78838308dbe9,2025-08-26T02:55:56+00:00
7c16016f-4dad-4771-9a33-82ab02ac1d8d,43dbd776-bd4c-4ef1-933a-59af47a589b5,304c6c1c-7879-59a6-b299-7a0c02aadf31,cat,0,,2025-09-10T03:27:09+00:00
67f0e5f7-7663-43ac-ae51-a787f692f7ad,f3f35b1f-6722-4fb3-9c50-39c6796b2515,047c11b0-934a-5b15-ab83-b0d4444a02d2,mattress,39,8b6e54dd-b7ad-46fa-9b6a-1c69a078eb65,2025-08-27T18:56:20+00:00
ae7a8957-8920-4cc7-a253-0e2b7d6995d9,e33923d4-ae33-4f20-93b4-4927825fa9f9,6119f23b-e978-5b45-827b-67bba0176b41,bookshelf,0,,2025-08-15T12:22:45+00:00
f5f20d08-d959-46f9-966b-f08f70bb593d,5ab1b529-4f5e-42a1-8f82-f88bad579d46,5aed8aff-945c-5482-8f15-43a89a8b6810,cat,0,,2025-09-09T20:24:56+00:00
5d559f09-4b11-4080-b90b-896fb9807f59,093a360d-63cd-446f-8cc4-cceafcd033c5,65660e21-b4b4-5edc-9761-29e9f7cd1637,ikea desk,0,,2025-08-30T21:45:14+00:00
d9b26151-2503-4da6-9b26-93a93de7ddc3,4cf59a7d-3daf-44fe-8e86-aa4389b82fc0,813a30c9-1252-59b4-90b6-5ce2e45ecab9,corporate finance,15,,2025-09-02T21:25:33+00:00
22c00f67-bc8d-4f81-82e9-e8f7a02aa476,82c26f80-0b16-4534-b361-35fddfa95816,000dbf04-bbea-54d9-bcd0-1c4a991b034b,airpods,3,,2025-08-24T04:10:53+00:00
8a2c1d74-ec8b-4e97-b945-5fe7ebe3b60d,e1ed7e6e-8e69-4089-a848-80cc71f34ee0,2f7c0e7a-86b1-5b69-b14c-afc93f307784,dresser,25,,2025-09-13T01:19:44+00:00
bae1d1dc-e7fa-42fb-9c46-a193d3ae73de,dd97c4bf-c562-41cd-943b-218a8b5baac4,4d302d8d-930f-562a-ad43-ba0f1c1e9694,concert tickets,0,,2025-08-26T22:46:35+00:00
8f5b1208-ff8b-4425-888c-54e4a12716c9,9683d7cb-c320-48ab-b91d-373a4a32cc44,5f619a71-3d97-5a40-be42-f3ea337f6036,textbook,0,,2025-08-31T14:40:46+00:00
fada9ebc-d9ad-4e5b-b318-4a71ce5de8f5,c6fd42f0-6060-47cf-a8e8-e24dcaee7d26,63e5919c-e040-550b-b485-eef668f72f75,iphone 15,0,,2025-09-06T04:07:28+00:00
4debbea7-88b5-4760-b43d-48f37c231035,36d2e780-1eb8-4905-beb8-e2ebc5c6adb1,141da2e1-4f03-590c-b6d7-b02a5aa35456,kitchen,2,,2025-09-02T03:14:23+00:00
df063b53-154f-442f-a3e9-2a81901d9f56,536e9f2a-3aad-4928-9766-ddb2f2ce04bb,c859ae09-4471-561d-bf27-363e86aec24d,sofa,28,,2025-10-10T05:16:06+00:00
caeacb99-6a67-42e6-a4ec-15939d515163,0d63423b-88a8-461b-94f4-e18357eba2f3,222f0ab0-de2b-577f-9292-dead62bcb651,monitor,17,,2025-08-30T22:16:22+00:00
5fcbc733-48b8-4dce-b7e4-d5328f9bc01f,cb3f27ba-7b73-4263-a8df-7fc52f4ac105,2b991fcd-ebcb-53b6-af2f-bef2d8174613,yoga mat,8,2c2a6ebe-d09c-419f-a8e1-d3464cd8ea6d,2025-09-07T21:49:08+00:00
ae37b198-3337-431f-8188-4b44defa09e9,ef612f5a-faa9-4654-9788-291f8ab7522f,79c30352-04e8-5f12-aa63-7a321edc8e5e,textbook rental,0,,2025-09-05T21:50:53+00:00
6e9cc678-fff1-4976-8a93-643e2bb9d3f1,47de6634-f271-4dda-8c9a-4cb60daa2a03,78207764-bc79-50a7-89fb-e13ffa4ed279,bookshelf,0,,2025-11-25T04:23:37+00:00
1d1c1fc6-d7c4-4c57-9a46-892736022fbc,14de7a21-0292-46d5-91cf-5ab7a5ec694f,5e9e76aa-a0e7-5523-813e-5559ef8dba60,airpods,3,606a700d-e16b-46d6-8e1e-c87ae80b6418,2025-09-03T10:45:54+00:00
23003b56-ca26-4f29-a775-4c17315e0f35,e5d66484-0921-411a-aecc-60e791695a29,32636704-05d7-510f-b464-891f2519e116,kitchen,2,,2025-09-01T02:16:56+00:00
be3d412f-0da0-4f00-a95d-5fc875d88e13,443b392f-72a1-4279-ae51-a849f1fedfff,7315ef1e-db78-5fe7-b340-55ac35dbd466,desk,83,,2025-09-24T23:33:56+00:00
2b080f09-7858-4947-8374-808540eaf5dc,0183dc00-5b81-4d6d-aa94-59a230ee274c,bcc07bad-30e3-500b-89ca-3c43b9ba329d,rice cooker,5,c7e289ae-e471-405c-ab88-e4b59eb902d3,2025-10-14T21:06:36+00:00
d0856647-b943-404f-9a00-572962a75929,20be0228-dff5-4a8a-9078-9f3e013731d6,bfc4d3a0-8ca7-5d28-b132-8cbf6270930d,cat,0,,2025-12-15T11:57:04+00:00
91cd61c2-2cb8-409b-8c36-98d6fc79b35a,e6ac3080-e405-47c5-b78b-6c37ea355a02,c9722b3e-a349-5f9f-9a0d-ad81335da0fd,kettle,13,2bf405c3-1cc7-40bb-b5ca-43f750ea42d0,2025-09-23T05:40:29+00:00
9d85844b-e894-41b9-8be8-b58f842a75f2,5ca23f6e-524f-449e-b9d2-a758e70cff73,41e9d5b7-c9be-5354-be30-a87799d5b315,headphones,24,eb621914-6db2-44f2-a637-6be7046a22bf,2025-10-24T10:52:06+00:00
9caf324c-2780-4b28-95f6-029626189121,51dac652-9517-4e31-b9c9-905c3968e085,a89add99-f8b6-56a0-954b-690be4b945c2,laptop,2,c8f837d8-1ae3-482c-b2a6-4ca0393af822,2025-08-25T15:19:24+00:00
93da5b9d-6db6-4ae3-8efd-0fdaea87cc74,cdb4ace0-6ea2-498d-90e8-2009a10848ce,99e4003d-3d89-5176-8c1c-1beea81129e5,free,16,,2025-11-11T16:29:37+00:00
d1f31b83-1058-493a-80ca-40448201a158,55fb0edf-b28e-4b2a-9d2b-2fa1f6dcbe3e,98c3d5b6-d937-5077-ab65-0576240ed8c2,laptop,2,,2025-10-18T23:47:09+00:00
ae45be62-86c5-4407-99f1-595f0f737b76,7cbcbdd2-c81d-4c88-84cd-0c1ee4dcf86a,c0212315-6806-5556-85f6-9ab153d7debe,mini fridge,5,,2025-10-15T08:55:08+00:00
3a49909d-bf76-45d5-a2e6-3853fe1edf63,febd8921-9308-4e28-acff-1ae8386589e3,d97028f2-c1c4-5b4f-ba7b-5aba4f2f1b18,bookshelf,0,,2025-09-12T14:38:34+00:00
4129ade6-e638-4e82-9f3f-f2780e02d63a,0581305f-6e14-482c-94be-e2a7bab71968,6370dd29-2896-5365-a0d4-936b2a428fa7,standing desk,15,f71eb801-135f-41ac-b466-1ab057ace8fe,2025-09-07T14:53:17+00:00
47b6c905-8cf7-4f66-a36c-eed234348012,e19797db-e29f-48c3-a7bc-6f3ee4494c8c,c3134695-a3d1-5aa7-9793-a35161200de7,kettle,13,,2025-09-10T06:05:19+00:00
c3dbb75a-8f69-4291-881b-8ee4318c4229,1fba3799-d4cc-4a1c-84d6-51146012067e,4cc5236b-9695-5e09-95fb-3bdea56383fd,corporate finance,15,,2025-10-08T22:57:53+00:00
9dd36d65-b7b8-422c-8d42-7400c3a16f24,6e62d7bb-6bda-4ea0-82c5-87c508932975,230ed0a6-c3b7-5ec8-a826-001b64c0aea5,ikea desk,0,,2025-08-20T01:42:19+00:00
5ea931ab-55b6-4bbc-bfc4-140522e0cca6,8d9a7d65-67f7-4c3e-b3ec-57b9652f01a1,8ef08290-35fd-5c4c-929e-4798f7d28872,car,27,,2025-09-01T07:22:06+00:00
b650a296-fd5b-4ad6-bf38-9dfb43f80342,630fe4a8-7f3f-4f97-93c1-03feb895bbd5,03da98cf-22ce-5014-9996-ffb9066d6108,mattress,39,,2025-10-09T15:03:23+00:00
33a15a43-a873-40a7-8b67-551670b24b96,577c7c58-b348-4b59-a994-19cbf0bd8b7f,b9c7df98-acb6-5935-afef-688a9e638308,airpods max,0,,2025-09-03T10:35:28+00:00
dad830b1-0b1a-442d-ac4e-50b66592e0c1,2546be0b-81f5-441c-bbbe-d4925b10d00d,33c10fef-b77b-5141-a28f-e282ec83bc1e,textbook,0,,2025-10-26T07:17:11+00:00
8528a5e1-db8c-456f-9d1b-e356117b6e1d,87981edc-4a5a-415d-b51d-f9217163949a,4eed828c-c652-5b3a-891f-216fc0bb39fa,apartment,0,,2025-10-02T23:46:22+00:00
69102d98-2648-4702-a4ad-c41571f856d4,39387e77-2cf5-4e83-a449-610606391894,389d0eaf-b45b-571e-839d-ff216efa20e0,ikea desk,0,,2025-09-14T13:32:22+00:00
881876f9-9bd3-46da-8980-564338d4d20c,a1d67684-0efd-46c3-a44d-06a1f1b59626,140ee78c-4124-51e8-a534-ea92d61ce7c1,vacuum,17,,2025-09-05T13:20:05+00:00
acce02da-f0e5-4bd7-bf32-426a98375008,c9ecc336-f916-428a-889e-dd3cd51b608e,1cf71933-56a7-530b-8183-9fbce6d07ca9,textbook,0,,2025-09-09T19:56:31+00:00
c6b25e26-4b3f-4da2-a52a-3ced43c3e6b2,3c93bac9-6c00-45ff-868a-2fca9fd92411,edb03d5c-426c-5012-a814-ef96f2c234a7,concert tickets,0,,2025-09-05T11:17:18+00:00
6ce7f1bb-05cf-4167-b35a-c7b5945c3606,e5d66484-0921-411a-aecc-60e791695a29,32636704-05d7-510f-b464-891f2519e116,ps5,0,,2025-09-01T02:16:34+00:00
398cd2ec-229e-417a-8c70-32bc00becc79,7275315b-de5e-4c67-9b01-11b25728750a,3b1736fd-cbc2-59ee-a893-cf8b48db5fe1,standing desk,15,,2025-09-23T16:10:08+00:00
ece7a668-0e5d-4028-b7e8-2d7753ed8b03,0d63423b-88a8-461b-94f4-e18357eba2f3,3c6ac523-7e15-517a-a9fe-4068ed5ecfdb,sofa,28,,2025-09-17T22:18:14+00:00
1d38fa11-c669-42a6-8071-76e8574e9d33,1dcda15d-0c1e-4892-80a8-bfb7f3596889,9d351d26-dd6b-5572-bc33-e48cec7d8026,kitchen,2,,2025-09-21T03:00:56+00:00
bf7d99ef-3981-4779-8c8e-4d32b07e1362,e0ac1371-730b-4fd6-8af4-80859ee0ade7,79c09b9c-a0c2-5a47-b18e-04c19652a121,standing desk,15,,2025-09-01T03:23:57+00:00
7227f519-00f9-40b4-acff-8e421640b177,99348a51-08e9-4760-8822-b2f8debef37f,d678d187-a402-57a1-a95e-309c4c835e48,laptop,2,c837e9d4-2f2b-4ddb-b418-5aeace9f4e22,2025-10-03T13:31:53+00:00
22ac049b-787b-4160-8717-336dff4c30ef,f588c9b7-219c-42f4-8026-81909c76658e,70113a57-7621-5282-b96a-d106ce6ef6ef,winter coat,0,,2025-11-09T19:46:21+00:00
33e244ed-102d-4df1-b5da-868470c63e0b,f8ec5735-1c8f-4776-b569-2f0195771513,0480ba75-47d7-5bf2-89ef-e3a2aa492bc2,free,16,,2025-09-25T17:02:54+00:00
d25911fc-0b9b-4887-86f3-ac785804cebc,7275315b-de5e-4c67-9b01-11b25728750a,3b1736fd-cbc2-59ee-a893-cf8b48db5fe1,headphones,24,,2025-09-23T16:03:43+00:00
9b8803e5-1afb-4271-9085-77f1c6e96111,ae8523f3-49f1-45d4-ab29-0313676f12d0,6074d98d-6d18-5b2b-aa45-acf1b4a81ce1,guitar,0,,2026-01-17T18:36:03+00:00
37d46366-475c-498e-8d27-f4c9d11d7d45,52d44442-4dbc-40af-bbe3-a97d1e165b33,258c9c46-8912-51d1-8701-2d29968e8513,sofa,28,,2025-11-14T19:48:19+00:00
484f2973-40ad-44d2-8298-0d341ef077fc,e8bd6718-0ee1-4de3-9813-716c81bea5a5,16fabe2c-5264-5795-9445-3c2c2c5cc9dd,headphones,24,587f8f76-fd1e-4ac0-ba23-2a07cd91fc4e,2025-09-21T14:38:17+00:00
65e439c0-9864-430d-99ed-8c7d29cc09b1,917bdd4a-0545-41ea-8bbb-c3ec512a6c48,d8cbe301-06aa-568b-96e2-a59308fcb2c7,airpods max,0,,2026-01-10T22:16:39+00:00
c05c0e35-8cc0-45b3-8047-5dce6d845f41,bf6c0e33-5fc6-4e92-8a2d-83065bf149c4,d505583c-cbe8-54f1-9451-5714bef06aa3,coffee table,17,35ed3a95-603c-4846-b011-ec9b22e15446,2025-10-25T18:30:47+00:00
aca7a226-da81-4568-8d4c-5471017bd84a,4c8ec64f-c0d0-4cfb-b064-d47de0ec57ba,47948720-197c-5c42-a992-8f5617ae41a4,winter coat,0,,2025-09-30T15:04:12+00:00
a7596765-77f4-4357-9021-5bf5dfdf23e5,0df66891-b25c-4d7b-98bc-826d9e286a20,34143dff-6128-5709-a066-c1aeb215cc63,textbook rental,0,,2025-10-08T18:44:12+00:00
e4460886-1727-4fb9-92e1-2f7a86563b22,cb3f27ba-7b73-4263-a8df-7fc52f4ac105,dc6ef5e2-1ba1-5e1c-969d-c1bae3c55d48,standing desk,15,,2025-09-24T14:24:49+00:00
23401ed9-4375-4c7c-acfc-00e925e35b4a,1e35bc63-b9b9-4dc0-bbca-ba32d6a1676f,4b46a6f9-6a12-5699-ad71-37dff852ca21,airpods max,0,,2025-09-03T05:19:19+00:00
d4b2f1d2-0c51-46d4-9152-5126f362c8a4,810094ee-d2d1-4263-b5b9-7363f515bf05,2bfe757f-29c3-5511-bc06-139ce3f9f509,cat,0,,2025-10-18T13:37:19+00:00
de5602f2-0646-4029-b5e1-e031b59cc677,ba4e0520-1425-44b4-ba42-764ccd9799f7,514c5243-8ba8-5df7-87d9-37f81110ce25,ikea desk,0,,2025-09-25T08:13:30+00:00
2d93a7f8-cdaa-461a-9e95-52e621af2523,1a6871ca-4c9c-41a0-a153-98abff494d21,ea382e1c-2340-55bb-8f47-de0ab6485107,textbook,0,,2025-10-02T19:58:03+00:00
0dee1142-b5ee-4dd7-8e92-ebaa485bee4b,e19797db-e29f-48c3-a7bc-6f3ee4494c8c,d5c48b31-8083-535f-b9e4-93281eddc588,office chair,0,,2025-09-24T10:51:27+00:00
1c0368e5-88eb-4007-a1c4-ff3069b92e0b,94124252-c61f-4b05-ab17-fb467c898e0c,eeda77b3-c1f5-5ebd-beeb-e05ce01dd3d3,monitor,17,,2025-10-16T17:23:08+00:00
3237bed3-3e4d-4c7a-b2d8-0d4d6d5a1614,ff6e8123-7427-47ad-b4a2-b32525006de0,5e1ab741-b41f-5a5b-85a4-6c5c83789b75,coffee table,17,,2025-10-13T08:01:45+00:00
b17a425e-b470-40f4-b03f-36c7780c427e,fdf80e2a-8b01-4d79-a8c3-3ea29134c88c,7c73d741-7e7a-5a6b-9b27-6a7df84b53f2,desk,83,,2025-10-12T01:40:31+00:00
6ab98373-701d-4ce8-91ce-ba8bf642187e,a14d5a0d-9ddc-4170-a239-6044cb65462e,fff638ee-be88-58a0-9619-fcd7a0845b3b,standing desk,15,,2025-09-24T16:52:01+00:00
bd9f5eef-0c91-4281-81bd-705a0a853c49,f588c9b7-219c-42f4-8026-81909c76658e,70113a57-7621-5282-b96a-d106ce6ef6ef,boots,15,5f1088d0-5636-402b-9c25-b5a5c3bb9510,2025-11-09T19:52:15+00:00
f40f3481-c501-45bb-8c06-313dbb445b2f,d7b30ac7-a843-4c2c-b7d0-5dbca0c169c3,bbf5f6d0-4051-5ce1-9439-591338bf69bf,bookshelf,0,,2025-09-16T12:04:47+00:00
bce4a78e-9fdc-45de-9c30-acac077422b0,4e2906a0-e445-4567-9bc3-c549a3448137,022cd452-b906-5f0e-8249-7d9be59295c8,kitchen,2,842cea88-1f69-420c-ab47-2cd5ac467723,2025-09-28T07:35:21+00:00
cd77f360-408a-4216-abe3-3a75765a7b0c,61bc54ff-d92a-459a-b783-749eeba4b206,df5b0d25-a761-53a6-80ac-f98fd4bd29ae,coffee table,17,,2025-11-23T11:27:47+00:00
776f63a0-f3a3-45f7-ad33-da09dc8d34f9,0735b0aa-84bc-49aa-a78b-0ec4f2e216e6,31e38ce1-1208-5e09-bd71-a0a09d7d65a6,yoga mat,8,,2025-09-28T22:26:01+00:00
ae4fe8f3-3691-434b-813f-c01dffc41ad6,5ce43817-8afb-43c8-aa72-569b92aeb223,657db938-e18c-58a2-9797-4895dffa6446,rice cooker,5,,2025-11-19T11:46:58+00:00
7942daf5-59a3-498f-932c-5794637faf9c,64be8bfb-802e-4c82-a1a5-933556b2ba96,e6b1a639-2d43-5240-9a96-c9783f772b42,kitchen,2,,2025-10-06T15:10:33+00:00
1b9d5bc2-48c1-4e6b-8704-e265e16ba6e7,183fdc19-a9c5-4db8-a9f3-e0f20feea8e8,045b62f2-7b56-53b5-a69d-080c1ed52e7e,bike,18,ce9a93ce-2287-4a99-86f3-a682ee839146,2025-09-23T20:10:15+00:00
22569017-fbf3-47a2-b11e-becfe31d0570,ac90d181-ee36-49c7-a813-3467b90807dc,14d22e79-b605-5322-85d5-3179b5cd2f43,desk,83,9452e227-fa98-4d50-a087-ca46ee33c27e,2025-10-03T20:11:23+00:00
b78f75a5-3b12-4d37-a367-802390ffc578,6695a266-c3cd-43a7-a7fb-fcac77328615,d4673713-b867-5807-b3b3-8699b4b07521,textbook,0,,2025-10-10T11:19:45+00:00
adf2b2ea-b1e5-4a60-8e87-77e198046abd,1ce85b38-45d8-4fc2-a23d-d01ad37ee8fb,89d3acda-cc63-5c98-9426-4c8d49fc4eb9,office chair,0,,2025-10-26T13:28:54+00:00
19be5132-042b-4f32-a933-404b2d057a0b,39253471-72c7-42b6-ad3a-569f5728f21e,1478f17c-b57c-576a-a895-00247d60bfef,parka,2,,2025-10-11T09:57:38+00:00
6b2c06d5-541c-4e56-83be-9b2931af5b82,081ff1ec-6b6e-4345-b592-685440228bd4,dd3c91d7-8f72-5530-a85a-3a811eb935d9,headphones,24,,2025-09-17T04:16:36+00:00
047dcdc1-3d4d-46d6-ade2-1c5c0c7263e7,bb3f9ce6-0a1f-4b57-afad-55266a6686f8,c066d0b5-010f-5c90-9b5d-905c2a1cd75c,sublet,0,,2025-09-21T07:28:40+00:00
90482727-520d-459f-8a25-e5928ad5e1bf,1df596d4-a79f-4572-9306-495047dbf75e,ed4ad95e-ef26-56a7-87c0-e1e090933d27,dresser,25,,2025-10-01T04:40:43+00:00
7ba69057-d2b8-4f51-8710-3e952c3fe98a,a699aa40-0fdf-4212-a0ef-24d84d61c465,1cf153af-ca3b-5066-a942-6ecdafad63f2,monitor,17,68ae6b58-3b62-40ca-8193-2d885066cf90,2025-10-13T08:03:42+00:00
b552be59-f1eb-4063-85f6-c211b26ccc03,85a05a4b-ce52-43cf-8433-02a2cad529e1,0ea5874c-2c82-536d-9c04-4c8824f9fbd5,cat,0,,2025-10-08T18:36:10+00:00
e632974d-f45e-4077-85de-19e536adecf5,33cd8209-3c57-4c7c-9796-06275679bd1a,7df5b8c5-6667-5a20-a63a-d4c54ac2b5ca,textbook,0,,2025-11-03T06:26:36+00:00
8d39e71c-71da-4aa8-a5bf-e837acb4bde5,99d52a61-bee5-4684-9df6-159e47cc27be,29c8a127-449d-5045-9945-90598a9fe06a,rice cooker,5,,2025-10-19T02:18:24+00:00
be583e6b-1f43-4510-997b-7d5756eecb4e,299a8f80-c512-4987-80d2-c15927f4e916,c8d2acce-942b-50b3-90d7-91b0000810b9,vacuum,17,2f83c24b-c750-4c5a-ab63-ef7e57ea7a2c,2025-10-25T15:28:21+00:00
643d4ed0-4f49-49e4-91ee-ea8fe4fdcef1,5a9e45fe-4a1e-47ab-9fd9-93dbc98d81eb,13006eef-bcfe-56f8-a0e7-f38c8c2f9292,monitor,17,,2025-10-08T02:17:22+00:00
8d99c93a-1bc4-4726-ad84-d7d4258348a1,ff1dc571-d626-480e-b098-a50d60c896af,eb250166-59bd-5929-9b64-d4a020d7b73f,textbook,0,,2025-10-31T09:29:43+00:00
4fdcfebd-f731-431d-9c41-2921b326a184,1a6871ca-4c9c-41a0-a153-98abff494d21,01b720d3-788b-5329-b1b5-537d76f2f71e,ipad,18,2d3ae7ed-8571-41c6-99b9-7c7877b19c37,2025-10-13T16:48:05+00:00
ffa17ae0-4a60-480b-9d71-5d55fa4a5c75,7f332889-8032-467d-a20a-a0aadb0a6c98,e421ddc0-1d4d-5d15-9bc2-337e0a9259d8,monitor,17,d00b23a3-7adc-40e5-9bf3-03629e930400,2025-10-08T11:09:16+00:00
95735868-38d7-4f9c-8982-05c2c74299b0,e6ac3080-e405-47c5-b78b-6c37ea355a02,f088c1cb-2297-5f47-ba44-d32b770d130f,textbook rental,0,,2025-10-08T02:09:23+00:00
c705543c-5dcf-4f4d-ac79-0efba1bf28d0,dc64b030-9ad0-4b7f-aa39-1ea19decb440,db3b9e27-24f7-5f5d-aa33-7945265a2735,coffee table,17,1d832c18-61aa-413b-a316-1c2a82cc6280,2025-10-15T17:02:01+00:00
51718ef2-05ab-45b6-b3bf-b23e19bdb8b0,53cbc155-02f5-409e-90b8-e1d1b8a42be9,a9c0f59e-cce6-5b81-8fac-2310372ccf64,dresser,25,,2025-10-15T04:29:02+00:00
61453c78-adb8-4db7-96bc-a51bf7a6b6ca,cdb4ace0-6ea2-498d-90e8-2009a10848ce,99e4003d-3d89-5176-8c1c-1beea81129e5,parka,2,,2025-11-11T16:26:05+00:00
8a0d000a-54c8-48f5-a5be-bce3fc5073a9,ec6a23be-ddf8-411b-a001-feea58a50c51,427fd4e4-58d4-5078-8029-dbb5a86a3edb,laptop,2,,2025-10-22T19:57:32+00:00
1fdf759f-d339-4da6-9992-64cd42cd21d6,f31588a9-6fbc-4f16-a1f0-65bb1970a62f,e41b6cd2-9993-5a19-9fa7-6e2c1359c6aa,free,16,,2025-10-12T03:09:56+00:00
67ad6b17-4a67-455f-9205-6d16667a7673,f5406e32-0613-43ee-b020-bf1ba6990c2b,10376120-7ce0-5755-a564-0e040156fa6e,ipad,18,d54da4c0-ac9c-4f6c-9b5c-169c45b56842,2025-10-14T06:13:24+00:00
3c2bebad-6afb-48b2-87ec-8c993e0cc25f,6cad3973-c23d-4cec-bb0c-6ecf78003373,32995ac1-8326-5c21-a054-3fab6a8ba654,vacuum,17,,2025-10-24T04:38:54+00:00
84ae964c-40a6-498a-bbb3-2d0e9eccfe12,8c0f035c-ed24-4e92-9e38-7d7562011845,1929615c-46ce-5375-8dd6-29d923ef3d3d,rice cooker,5,c7e289ae-e471-405c-ab88-e4b59eb902d3,2025-10-16T11:11:06+00:00
57a0ca21-0ea7-4963-b344-620fcb273789,88f97422-e385-4200-84c1-cf21ce0c6cda,13a2dd3e-9736-5058-ab3c-3ab7df562825,vacuum,17,,2025-12-30T09:19:43+00:00
5c616d81-4b77-412c-a30d-3383fbd773a5,9e8e0225-d22d-409e-a1ce-2e9061fc7344,4b91fb4f-a78f-54ef-9f24-069561563484,parka,2,,2025-10-11T06:47:34+00:00
59619b98-53d2-466f-9893-ae109ca5c315,fba653f1-56a1-4e32-b3a6-1205a8a2e461,fdaf3aa1-b314-569e-8743-438d587f19ea,apartment,0,,2025-10-04T05:22:03+00:00
d8977924-353b-47eb-bf77-f81f7d1a1e18,de74cf8e-baf2-424d-9e05-fa5a4aefa19e,396b07f9-499a-572d-9897-f04bb87e7d59,kettle,13,,2025-10-22T00:51:59+00:00
156e9fdf-fc90-4be5-8c06-23ab12af8c52,d04a9725-4a5b-49d3-971a-6c7bbb1d7355,fdf217b0-7e52-5764-9990-6eeb9eac2235,ipad,18,,2025-10-19T00:55:09+00:00
d4047d47-75c6-4962-bc85-42145742aeb2,6dae0af9-c881-473c-a919-489118789e0d,f72634b8-ec7b-5eee-9c61-9b0176c38a98,kitchen,2,883b5ea8-946f-465d-8564-18d51dd30bad,2025-10-06T19:19:41+00:00
cbb640f9-03c5-46ab-ab58-9bb2e5e24720,323fd007-baf9-422e-b5f8-b93742be059f,f7bfb087-ee5f-5bfb-8a43-c88d676afc41,iphone 15,0,,2025-11-02T22:32:41+00:00
ccff7883-0f50-43b6-a6d3-4620a1cf7dbc,b3a594ad-c0b2-4c4f-9c16-36e5268f731d,de3c2d52-1117-5644-95b6-191baa69f261,standing desk,15,,2025-11-01T22:06:06+00:00
5d67bcbe-01bf-4457-8c75-65caa1753b5e,54f26470-51db-447f-8c40-86bc6859b21b,c3c2fe75-ca25-5b78-a7cf-a46d0763eb85,microwave,4,,2025-11-01T21:40:12+00:00
33404893-4f03-4b13-a22a-3498f3fe0a30,55fb0edf-b28e-4b2a-9d2b-2fa1f6dcbe3e,98c3d5b6-d937-5077-ab65-0576240ed8c2,iphone 15,0,,2025-10-18T23:42:55+00:00
a5ae01b0-76b7-4973-8a92-c346b7769796,ef612f5a-faa9-4654-9788-291f8ab7522f,418ff9dd-1e3c-5ce6-9776-16cdeead2053,iphone 15,0,,2025-10-22T12:53:27+00:00
468a46f8-a02c-4339-b192-0aaad3ad67cc,92b26b2d-f521-4368-bfd5-7368f4d4b7d2,723f5331-bddd-5acb-9483-72edbf2e6d94,free,16,0ec959ed-9cec-42c9-965e-78c26eaf23ab,2025-10-31T17:48:11+00:00
949325e4-77c9-4d1d-8616-d02ff183d718,a2a97c5b-d72e-47bb-a8b8-355fcf007b68,9914e490-0111-5c8b-a760-c7656367edf7,bookshelf,0,,2025-10-20T06:31:03+00:00
0b5716d4-3c43-4014-91d4-4403b9a38b80,2025475c-1545-4632-8937-5fe6f57953a0,036861f0-e7c3-597f-9ea1-fe638d03dff4,coffee table,17,35ed3a95-603c-4846-b011-ec9b22e15446,2025-10-25T18:06:19+00:00
ecb9e017-ae83-4fb0-9332-339b21777e26,dfb7e95f-260e-477a-a24a-a98cf163a43a,966a1f1f-ab04-5e20-8b22-614f33c71c5d,winter coat,0,,2025-10-03T10:38:12+00:00
9ebee5d0-093f-40d8-ac75-bd3486d8b222,dfb7e95f-260e-477a-a24a-a98cf163a43a,966a1f1f-ab04-5e20-8b22-614f33c71c5d,kettle,13,a4425211-989f-469e-a720-479fdc47b9fb,2025-10-03T10:36:39+00:00
bf709c8a-dbc0-4418-a84a-c0c0cac825b6,5e792d2c-8426-4884-9092-5acfa7c688ed,5b439a01-b92a-5b83-a6d7-685d80789b7d,laptop,2,c837e9d4-2f2b-4ddb-b418-5aeace9f4e22,2025-11-02T06:30:21+00:00
1709f3de-f2ab-4c73-936a-482ee00ebeaa,3a748a52-31e6-4e13-b168-3406e4520722,e03f49fe-be90-5d63-a146-34b5f0d7ad16,bookshelf,0,,2025-10-04T03:38:01+00:00
d754505d-71ba-44ff-a7d0-30acd20dce7e,573eb679-3294-4f6c-9352-94085c83e87f,2c4b8f4f-89cd-546d-89d6-7c0902e3a5ea,monitor,17,,2025-10-17T21:52:02+00:00
49e7ea43-d5d8-401f-8c11-999439eea237,e7f25965-2024-4c9f-a575-caa1e7bc13df,83483f00-7b91-54f3-9244-07740110841f,sofa,28,aed83032-9435-4713-8b3e-923a2a1314b8,2025-10-22T15:04:37+00:00
281c6036-89f5-4a9c-a950-3bc31fb7c65c,26d61dc5-0b03-4c16-8a64-7afeba92fecb,85c4e393-5377-51bc-883a-10ef75266075,vacuum,17,,2025-10-20T07:05:14+00:00
6636aa0b-0e7d-42c9-875f-7505af195100,3a748a52-31e6-4e13-b168-3406e4520722,e03f49fe-be90-5d63-a146-34b5f0d7ad16,printer,0,,2025-10-04T03:29:09+00:00
40ddb3ee-d8a2-4e02-9753-d4e14eb099e5,cb3f27ba-7b73-4263-a8df-7fc52f4ac105,19ca7ede-da10-5f76-bcd0-842149b8d65c,textbook,0,,2025-11-17T11:31:47+00:00
38abdfc6-a75c-4b6d-bc60-e0ff7482dd62,54f26470-51db-447f-8c40-86bc6859b21b,c3c2fe75-ca25-5b78-a7cf-a46d0763eb85,yoga mat,8,,2025-11-01T21:46:53+00:00
01c1ede7-ede3-4f51-a11e-a5b1d7500425,fdf80e2a-8b01-4d79-a8c3-3ea29134c88c,96fb8232-4adb-5ebf-a121-7b2f3ba5e5c7,free,16,865e0824-aeac-4fdf-b605-de44a124b4f3,2025-10-22T22:34:22+00:00
50756717-c9fe-4ff5-80e2-7ad961c6672f,ef612f5a-faa9-4654-9788-291f8ab7522f,418ff9dd-1e3c-5ce6-9776-16cdeead2053,headphones,24,,2025-10-22T12:57:03+00:00
675509cb-14f3-49a3-855f-774db0ed8bf8,32a7fe23-fa7e-4905-9afd-b6639736963d,b689c2ce-6111-5bdb-a3f6-1acfd7472d5e,textbook rental,0,,2025-10-25T02:50:21+00:00
32f081e5-4848-4ad2-9622-2a2d79ca6b41,0df66891-b25c-4d7b-98bc-826d9e286a20,3c28a5ad-8efd-5ae8-b796-8156e95a64cb,mini fridge,5,,2025-10-27T22:47:41+00:00
566cb400-f71a-48d3-8cc1-0c21ddf1c73b,4dedd047-d3e8-4791-873c-6053577084d1,3e04eff8-364f-5058-8800-f814e6bb9f4f,office chair,0,,2025-10-30T12:34:34+00:00
ec7e0375-6cd2-4673-a354-881f81aaf116,14de7a21-0292-46d5-91cf-5ab7a5ec694f,692d77da-1654-57cc-b084-03b334f0bb50,free,16,,2025-10-31T12:58:39+00:00
4559c357-7170-4239-8d7f-85c00298a6e7,659f0acc-033d-4e42-acb5-b569fa69a743,1499d4dc-5134-5dcb-ba4d-ed8c2b338434,coffee table,17,,2025-10-24T10:36:03+00:00
878c7549-0bb2-469a-945a-2874473a4a0f,55fb0edf-b28e-4b2a-9d2b-2fa1f6dcbe3e,98c3d5b6-d937-5077-ab65-0576240ed8c2,vacuum,17,05ecff39-a696-4b06-8459-78a48dd760d7,2025-10-18T23:51:51+00:00
b0f6822b-f3c8-4019-b915-c735f3bb5e5c,4c8ec64f-c0d0-4cfb-b064-d47de0ec57ba,b06583ad-bf90-5aed-afa9-d6a67496584e,microwave,4,79cc7c97-3981-439d-be4d-7401df48343a,2025-11-03T02:33:31+00:00
b09fee7d-3bc8-4704-a909-f50368e1e290,a14d5a0d-9ddc-4170-a239-6044cb65462e,c7f75417-34a0-521a-aa87-7c4dd142fff4,textbook,0,,2025-11-02T14:08:12+00:00
6bb3051c-1b28-4c90-96bc-75d814ea0a1f,469cafcd-e935-4706-a180-dbcf0d46cd05,100fbb0b-a69f-535e-9171-e07dd7762852,guitar,0,,2025-10-25T16:05:13+00:00
5999af5f-9af5-4f4b-b1e8-6e32f26d6cd0,6e390a5d-a88b-459f-8658-6a51166be2f7,96dc350f-d04d-5767-85ff-d7945f33c7a1,desk,83,,2025-11-03T05:09:49+00:00
b0efaf90-2903-4a0e-b006-c894049fed1a,4b87053a-c2e0-4a91-bd88-3da84717c1af,da19f2fe-9b1d-57da-b32f-58f99ca96c9e,car,27,80bba286-df47-4cb0-8705-bcef376ba27a,2025-12-01T01:40:50+00:00
bb4e80fe-d30f-41c5-b3c2-fd582f7ce4cf,f31ed9a5-371d-40f1-abad-f2898658760d,91d61186-fbc3-58b6-976e-e09d7a044374,monitor,17,,2025-10-30T18:51:23+00:00
b311ebc2-43d8-4f82-8266-d338089c9e1a,79f24b18-9bf0-4e1b-be57-3291ef518791,c8a48559-5ede-5c4c-a0b0-00ce82f2467d,parka,2,,2025-11-08T14:57:54+00:00
3dba8244-7768-498a-8bb0-1a5475a2186d,f8ec5735-1c8f-4776-b569-2f0195771513,1985aac4-d0f4-507f-9bbf-f02f3de9bc55,monitor,17,,2025-12-29T12:01:56+00:00
1d084ab0-6d1a-4a2d-9b1b-491bec162c03,31d9eacf-7f61-4435-b484-43965f1c29b6,f7d81129-7fdb-5186-a5de-f67b7915e5d7,boots,15,,2025-11-10T02:23:03+00:00
91d8eccc-cd26-477d-9db0-10a48acf9ac0,db4d2942-4cc1-45f1-87fc-07d96b772a6e,54e6f37e-2352-5818-830d-8250b2543146,mattress,39,,2025-10-28T06:36:42+00:00
e579fccb-5534-4431-bb87-7bb3c38ad27e,93a7f915-e31d-4603-af28-13fe5ff23ac3,5e75c877-43a5-5b3f-b476-21820a91b042,free,16,,2025-11-08T09:32:15+00:00
df85da9d-5dab-4b74-aecd-46edf2bbad66,7926d7b2-835c-4a6f-bf2f-3e38d4db3419,38439557-85a0-517e-87c3-9527f148c6ec,airpods max,0,,2025-11-18T08:13:25+00:00
ec2f248c-b2d1-4723-b0a1-1ee81aeac943,dd5c4d9c-19c8-4f8b-89b7-e10c6aef4e21,b1378a2a-4abe-5674-a9ad-d5485797252e,textbook rental,0,,2025-11-11T17:12:49+00:00
90c2a4f2-b621-475e-bd6e-e43606dc6767,e6e0d4f1-b435-4b5d-b74f-b4c6c427868c,c450012f-3bd9-5a7f-9808-2cd96997790f,mattress,39,,2025-11-22T07:50:14+00:00
7c517c07-e830-4c57-b869-5fca477deee3,e19797db-e29f-48c3-a7bc-6f3ee4494c8c,57978db2-e691-50bd-9929-78d4708ac02f,corporate finance,15,3422011f-686a-4940-ad05-75de164c4f2b,2025-10-22T11:49:41+00:00
892bdc19-b53f-4f6d-8d63-b71640f7a8f1,7d2e833a-8242-43a6-93ca-e79df0b2cd59,ff9942fb-8c86-589e-8ea5-1165796f19cf,mattress,39,41383e52-07a0-4d7f-8d71-c07ac8439446,2025-11-19T12:34:51+00:00
907c6d11-25de-4f3e-87ba-470b005926a2,f5406e32-0613-43ee-b020-bf1ba6990c2b,773beb78-55e9-5191-855c-0a3c7d5173f5,free,16,8f2bd50c-8fac-42ff-a0e3-bac734c6d1ae,2025-11-12T14:28:52+00:00
5acf0fd3-9b01-4156-a9d9-b513eb74fa4d,a14d5a0d-9ddc-4170-a239-6044cb65462e,c2a07962-5ba4-5145-9800-42de2faaf3ca,kettle,13,978d70b0-3b70-429d-b57b-d1b883453a1a,2025-11-06T22:21:54+00:00
ad36ccf4-a79d-4470-98c9-b797c2bce46c,f4b0199b-48eb-4354-a8fe-03676e9169f9,0a27bfea-6963-5fc3-9a77-3f51d46830ae,vacuum,17,05ecff39-a696-4b06-8459-78a48dd760d7,2025-12-03T15:49:09+00:00
6b2cf758-9558-4cc2-8d4e-051ffdb8d2b2,63e9a505-7c6b-4204-93f7-db5e9998f23c,1f4cb13b-aa6c-592a-9197-f8bb87eaa691,ps5,0,,2025-11-15T12:27:33+00:00
ffe99847-1679-4319-a30e-c55f117bf444,3e1135b6-a11d-4440-9839-7607ab0df809,cf6e73d9-f1ac-5045-87bf-40ab336911b6,airpods,3,1e80c500-64d1-4ab2-90ca-87084c1f1a23,2025-11-17T06:47:24+00:00
bbe28e8e-b610-4545-9033-b292238ea0e5,caa94dc0-81be-4dfa-8bc4-fa28c1ea5e7e,39c69274-9a62-52ee-8476-bf1a0117e47e,vacuum,17,,2025-11-19T11:55:32+00:00
d761b131-35f2-4ab1-9f6e-65334fe3e7aa,dc64b030-9ad0-4b7f-aa39-1ea19decb440,1e029a82-2a29-5827-815a-518e4e85922b,desk,83,af95e016-037a-4f6e-b7df-8dd9773af964,2025-10-28T21:48:41+00:00
369a2cc0-2c83-4125-9555-259fb5e2df35,6760b35f-d3be-4df1-b9bb-dcc8d7227291,59566261-5be7-5466-b615-518e7e2404d9,standing desk,15,,2025-11-11T07:03:54+00:00
d1a0304c-a576-4b80-93dd-8e5ac0767233,efa792df-2f07-4094-99f4-a23935cca18b,c776901e-2691-5a4b-8d96-3ffda1202842,corporate finance,15,,2025-11-12T18:35:18+00:00
c415754c-b894-4c22-8f10-0198dd6243ef,6cad3973-c23d-4cec-bb0c-6ecf78003373,9a08ee89-6341-588b-8111-79ac97635835,coffee table,17,1d832c18-61aa-413b-a316-1c2a82cc6280,2025-11-11T10:21:08+00:00
ba2518eb-fcf4-4a77-bf7c-d923f7802f0c,60e4a087-d37a-496f-8841-564316fa7ec6,216dc8ad-e953-5ffe-91fc-43d57efdabdb,ipad,18,a398d554-be72-47c7-aaf6-18caf0a0d108,2025-11-08T15:45:55+00:00
bc01912b-6a36-4a93-8385-48a64b6f3f77,e735ab9c-d62e-4e4c-a719-99a447547e16,fa2ab061-9037-562c-a17a-0f74a3258057,bike,18,,2025-10-15T22:47:14+00:00
4d79fcbe-3d7a-4c3d-917c-d8692c046be6,2709bb2d-e639-44c0-920f-80a9f4c4955e,252f667f-08d6-5be8-8b5d-4f56297022de,airpods,3,,2025-11-15T16:09:46+00:00
8cb9f6e9-fceb-4054-9a9b-946b8ab35308,c075f716-f675-4694-b3ea-4a26b1bb740a,ad75450e-ba8a-569f-a88e-c6178850ceeb,guitar,0,,2025-11-17T10:49:42+00:00
4e5fc91b-fefd-4d1b-8b18-9cca6066c417,6dfbbf9b-099b-425f-a0b4-4d13ee683924,3b095fa4-55c2-5cde-ba08-d57a14065dc5,monitor,17,427e42f8-ff2c-4e88-8785-be511d76e4ec,2025-10-27T15:53:00+00:00
f36bea71-fe14-46e2-89fc-91968d839e16,323fd007-baf9-422e-b5f8-b93742be059f,f7bfb087-ee5f-5bfb-8a43-c88d676afc41,corporate finance,15,345d2695-9b06-434a-a689-275fb3c83364,2025-11-02T22:37:35+00:00
d940243e-e117-4dec-9a7a-6ae938ee078d,ec6a23be-ddf8-411b-a001-feea58a50c51,42cf8c2c-dd84-5e44-93cd-304c66fa410d,microwave,4,,2025-11-14T06:29:20+00:00
99c916d4-04a3-4f5f-ab39-90d85b21b0f8,a80b24ca-19f4-4796-9a5e-683f4e8f7b14,1970c629-1624-58c5-96d1-0b6005d16829,rice cooker,5,4006fe35-1353-45b0-b76e-308e0062c453,2025-12-07T18:06:26+00:00
7341a34c-a9fc-4fd1-b4d5-ec276dd4490e,e65dbaf8-02e5-4e0e-a975-b67690763c60,320b55c6-c71e-5acf-9747-2c057fbbab06,desk,83,9ad32ef5-353d-4dae-a952-cc93a54d1120,2025-12-03T02:56:13+00:00
28a660b5-0f2a-478f-80de-880f743ee6d6,0183dc00-5b81-4d6d-aa94-59a230ee274c,ad10e4f9-1772-58c9-a89b-5202073e9048,textbook,0,,2025-11-14T08:54:44+00:00
30fc870b-b1d6-43b7-a4e7-eebc023056c2,632a3efa-008f-4d2e-9fa6-0a2e1c332a14,09f8fbd2-6044-56d3-9c33-857d7430fd72,boots,15,,2025-12-06T22:19:15+00:00
c4b2d8a2-d538-4012-ba0b-853aecfa6d42,88f97422-e385-4200-84c1-cf21ce0c6cda,13a2dd3e-9736-5058-ab3c-3ab7df562825,desk,83,,2025-12-30T09:02:18+00:00
cf29a883-a16c-4b51-8e7e-a5b2539a5f08,52c5c6a9-39b5-4951-9af7-b20a0970bd62,b628b353-5371-559b-84a5-cb28a75f98cc,rice cooker,5,4006fe35-1353-45b0-b76e-308e0062c453,2025-12-25T14:46:50+00:00
7cd3ec56-8619-4ebc-bcfe-911c0195c031,536e9f2a-3aad-4928-9766-ddb2f2ce04bb,ce6f2cda-056f-598a-9065-5daafb774d8e,guitar,0,,2025-11-20T07:53:43+00:00
8e88681f-63c6-441e-bb9e-1b287c63575a,ded797b6-afed-4f9c-8ae0-35b3c61aa0e4,b637e628-d8cb-55d1-8192-a450e38bf4e5,coffee table,17,66690ba6-5a00-4690-ac78-70de682e40bd,2025-11-22T07:13:59+00:00
c63fd22f-64ac-4cde-8494-701c8574c05f,633e35cc-49f2-45eb-961a-e210bcd9d073,e703b52c-f843-513d-ab77-5948118e966c,ps5,0,,2026-01-01T17:46:58+00:00
a2a4068e-13ed-43da-b45e-9142bb541d9c,484b4933-21fa-4a46-904b-33017ff3857f,445073ac-faee-5ffc-b7ec-f4b33b4e6671,office chair,0,,2025-12-06T22:01:26+00:00
927fb503-1564-4336-912e-e2d8eb35b962,4183d4f5-30af-4bae-b78d-ab439d20b44a,f5bd76ce-f9c4-50b5-bc9a-c22af3b7d59c,mini fridge,5,,2025-11-24T21:33:18+00:00
7e4be856-0f59-4b5f-92bc-16ed17f40242,39da3268-4fe9-44d6-b716-29c848231132,eac21b3c-40d5-5484-9cc6-b2742b88ed18,corporate finance,15,,2025-11-21T22:17:43+00:00
de85518c-3cb6-45a8-a92c-e779211acf88,9e8e0225-d22d-409e-a1ce-2e9061fc7344,106134f0-2673-5894-91dd-873beda220db,laptop,2,,2025-11-20T03:24:22+00:00
2c3bf9ea-7e32-47a4-90df-b85ec475f814,743aae1e-e024-4953-a3ae-1413333f514f,fa11efd1-0f09-561e-88f4-4ea98df0226c,vacuum,17,,2025-11-17T23:33:55+00:00
3488279a-dec3-475c-8cf6-a2de66f76bf1,fdd43fca-ada6-4d98-94a5-dbc1afd11d57,4db3adbd-d8bc-5c2d-b5cb-6b5907b6caf1,apartment,0,,2025-11-25T23:48:12+00:00
abc39bba-4193-4eab-b242-4a5ba6ed8384,f49e78ea-0b5a-4e38-8d8e-fecf93a3488e,c80f9793-e266-5376-b17c-3fca64631322,airpods,3,606a700d-e16b-46d6-8e1e-c87ae80b6418,2025-11-05T16:34:04+00:00
1b8393ad-32ac-4202-868e-c172fc5b993c,53a84c41-db22-49bf-98bd-d408fffdabc3,99a86865-f2d5-5402-b333-52d862e1a034,ipad,18,cfe33713-7c33-4ac5-9d15-95e76645c422,2026-02-25T11:27:24+00:00
cc86b03f-7460-4df6-8467-60c7b26416d9,ff1dc571-d626-480e-b098-a50d60c896af,4ed49edb-bee9-525a-9186-d510c1d10a1d,sublet,0,,2025-11-07T23:03:38+00:00
0180789b-72da-4f00-9977-92e1556fa518,006472ad-ef7c-49dc-a9a5-5be63552c118,31004e4e-1fa6-5210-9237-55f936d95e61,standing desk,15,,2025-11-03T00:29:23+00:00
7e06ec2c-fe21-47ea-836f-eb226d9c8425,acecd3bf-b042-4b84-be29-27585dc68137,12c20483-aee7-5320-a27b-81ba3624e181,yoga mat,8,,2025-11-26T14:25:02+00:00
eacc6726-a8b0-4f48-a0a2-ae9d66f5f588,22b1d57e-427b-4075-b871-f3a5bde40fbe,867e0e0e-5f39-5391-a21a-6c861f2630ed,corporate finance,15,,2025-11-29T02:51:31+00:00
5d7e6377-2d00-42dc-bccb-6f34a3d376f6,dd5c4d9c-19c8-4f8b-89b7-e10c6aef4e21,0f17d10b-4142-511c-9e6d-d6ccf85be552,sofa,28,,2025-11-19T15:17:45+00:00
89d370c4-885f-4693-9b9f-f35494e9c4ba,bdd3bd04-7e4b-4d82-816f-dceb5fae55ea,f9ec932a-b434-5f91-b5c0-8836008220f6,cat,0,,2025-11-20T10:47:35+00:00
d0710cc8-c75b-4311-96a1-be4e099d82e5,4fb579ea-1574-44fa-af02-83f6cb410836,a1cf9f6c-0b89-5d18-bed4-391e73ddccbe,vacuum,17,,2025-11-16T07:06:30+00:00
10895f58-4b3b-481f-93be-1da33f3f1165,a2a97c5b-d72e-47bb-a8b8-355fcf007b68,aed527ca-6e34-5fdb-b637-c9b138cbeb6a,laptop,2,c837e9d4-2f2b-4ddb-b418-5aeace9f4e22,2025-11-13T09:09:55+00:00
b1a9533f-883f-4dc9-bc3b-0a0bedaea608,006472ad-ef7c-49dc-a9a5-5be63552c118,de652428-4bed-5bf2-bae5-9687b4c2ed6b,vacuum,17,0a1cacaf-75ca-40f4-9f58-1c0279a1778e,2025-12-20T13:49:55+00:00
fe58b025-4d6a-44eb-a756-f6dd46c09f24,7f332889-8032-467d-a20a-a0aadb0a6c98,f6719007-a39f-57ef-a1eb-91d495c40300,lamp,8,,2025-12-13T02:06:44+00:00
e0c95810-0302-43a6-83ec-37e84c4ccf4c,a699aa40-0fdf-4212-a0ef-24d84d61c465,a0c3bfa9-21b4-5ccc-aceb-30d67bda5af2,textbook,0,,2025-11-04T07:22:00+00:00
b078f8ec-df19-487c-87f0-d44d2fdbdef3,feb4d905-0b79-4ac5-9d53-4c64f8023f17,db47e957-5da8-5d1b-a22c-f6bc1684d2ea,bike,18,,2025-11-18T01:32:14+00:00
48ed5d8f-7dcb-4eec-84e1-05720fa973d6,ceb5b100-6d16-4a2c-a1ac-94145b871907,b5d6fd5b-3648-5e9a-93b7-e62b5c29c6bf,airpods max,0,,2025-11-20T20:38:55+00:00
526527fc-f450-4ff0-8fdc-a7351f3d883f,a1e2e693-3bde-4f70-9281-01259889ee69,f3c19ad4-51f6-5220-be99-d6072f22bba3,kitchen,2,,2025-11-21T20:54:23+00:00
52273100-240f-491f-a303-8537df84e91b,3dc6ba51-e546-4e5c-8e8a-6d0bb4c42691,77bc8326-f0b8-5ff6-ad19-90138c9db5e6,textbook rental,0,,2025-12-12T06:40:21+00:00
620abc4c-c7b2-4bee-8afd-7930180edb79,de74cf8e-baf2-424d-9e05-fa5a4aefa19e,73445a2a-5930-5561-a88d-0dcc3fe94e7c,textbook,0,,2026-01-07T16:48:20+00:00
18dc705f-6c84-4a8a-9b6f-87c56eafe5e8,459c517f-ee6e-4dd8-8e73-1f546778d794,6d24f1e6-a269-56da-a8d3-41c5f3ff6d1d,sofa,28,,2025-12-18T20:25:00+00:00
df784788-05af-4d14-8708-44fd60b8fb6d,d413b920-fd1b-4aab-b816-7b0b8dd7ec37,333e8e03-5103-5323-9e70-178cc2a8b69b,laptop,2,c8f837d8-1ae3-482c-b2a6-4ca0393af822,2025-12-08T15:01:19+00:00
1c04640c-6aaa-4adc-bd92-a69fef4fcdbe,dfb6fc17-bcca-45fa-ab0c-9e38e7ddcca9,2a058044-86d3-5405-85b3-b5270653b6de,laptop,2,,2025-12-13T20:51:14+00:00
eadb7f29-7be2-44f9-a570-d0a5816b536b,443b392f-72a1-4279-ae51-a849f1fedfff,9e948659-0401-521f-bfd0-1297beee06e9,vacuum,17,,2025-11-07T20:41:42+00:00
1b1ac720-e117-4f91-9bd3-dd683978fdeb,3b534511-491d-43ca-8db3-2f08eee9be65,d25e35e5-35d0-5153-a2a3-595cbd8d3f3d,microwave,4,,2025-12-05T18:12:00+00:00
59749904-1ff6-440a-b195-87fbbe32b3bc,09df0479-c184-43eb-84fc-57806ea9743a,3e8f714d-877d-5d7e-aa8c-58dcac1de753,coffee table,17,,2025-11-20T20:14:32+00:00
cac9fcc8-b3d3-400a-841b-22852dd68c63,128acef2-f235-4b4f-9ba9-12cf0271ac50,49c8fb4e-c939-5b40-a7a2-f0432ac17fb3,apartment,0,,2025-12-15T18:16:19+00:00
7065a232-fbba-40c4-90c6-2c626fa67c5a,3e1135b6-a11d-4440-9839-7607ab0df809,d2bcd16c-f49c-5c95-aa23-a70c48d109e7,kettle,13,,2025-11-28T21:33:26+00:00
87ed09a9-828e-4150-b7f7-7f4e739a353c,eb37e445-ad15-450f-aac9-165635b7ef7b,4f55b3d9-41f5-53f5-bbcc-f0ab80dacbec,bike,18,,2025-12-01T13:39:24+00:00
22b0aa47-4b71-4686-a76a-002d3e7b2d6e,87981edc-4a5a-415d-b51d-f9217163949a,4ee80379-fba8-5c5e-a819-20e002274ff7,office chair,0,,2025-11-25T02:00:18+00:00
21e09900-7b61-42ff-b4ca-50d80c1aec7c,4183d4f5-30af-4bae-b78d-ab439d20b44a,81e03d05-2323-553b-b072-ec45c52f98a3,sublet,0,,2025-12-08T16:56:44+00:00
fe7e3608-d57d-481a-9b71-a8f7c054d2e1,88cd8efd-6959-47db-8377-f4735e76c1f2,b6c31551-2199-5d49-8523-2baf194bc5cd,textbook,0,,2025-12-04T07:44:32+00:00
d547537a-d11b-43b7-86eb-f00a25b94a24,3faf19b8-adef-42c8-a07d-601db32b3f06,2cab40a5-d59e-5546-a0d6-598c50afc8a4,kitchen,2,,2025-12-30T20:44:54+00:00
96c93ca2-ae2e-4075-ad29-6f08a81dfd16,e4ea0bbe-fdc0-4311-bef4-bcb809a9a630,d4ae555e-f326-526a-9f4d-39436789f900,kitchen,2,,2025-12-13T00:43:00+00:00
6e3bfa87-b749-4e5d-833e-6e420c3d93ad,1fba3799-d4cc-4a1c-84d6-51146012067e,95ec224a-81dc-5dce-bf5d-7f9cab6d1bb6,lamp,8,fdfd0824-172f-4b4a-b278-6eb35f13e393,2025-12-10T00:45:51+00:00
699eb5aa-28c8-40a5-82bf-9c82f7ec90d4,ff34dee7-a247-40d7-b920-a3d2e7a536c2,e49a3111-b2e0-5ed8-94a1-cdac785a85fe,free,16,,2025-12-07T21:00:30+00:00
20029bec-e8fe-4208-b069-2a740af2afd3,c2d0b978-f0b1-4bed-b592-d8a8b2426dd6,3e89a239-e761-5f63-85cd-5a6d795066c0,car,27,,2025-12-09T19:12:35+00:00
53e144db-541b-4db5-b811-75032be92b6e,1738f94b-1c67-4612-9cd8-819ca50c35e3,87ba6bec-5585-515c-8076-ed8e15a47621,bike,18,,2025-12-30T07:02:20+00:00
f2336fc8-9a76-4491-a36a-bd65df8f23c0,f3f35b1f-6722-4fb3-9c50-39c6796b2515,543c54c7-32a3-5e65-b7b3-3852e8ca40ed,printer,0,,2025-12-17T13:34:35+00:00
0df9a6c4-dcbc-4d57-93e1-e08213e8d725,6dae0af9-c881-473c-a919-489118789e0d,68ae1a3b-22d2-55ca-b8ca-c7c7babeb7b7,headphones,24,,2025-12-05T18:04:07+00:00
3052a0ee-7e6f-46ea-8d43-7a7bbb01a4f5,459c517f-ee6e-4dd8-8e73-1f546778d794,6d24f1e6-a269-56da-a8d3-41c5f3ff6d1d,ikea desk,0,,2025-12-18T20:23:33+00:00
da8dc733-e450-434d-b040-30dd7488f29e,29836ce5-4546-4ec6-b86e-0306757b6b8b,deeffa23-273c-5ac0-9570-4f665375cc74,sofa,28,,2025-12-16T15:27:57+00:00
c017f1ed-4527-4346-8101-6598aa4b38e5,ceb5b100-6d16-4a2c-a1ac-94145b871907,eed8163d-d277-5735-8fea-3efeaca7fdb8,dresser,25,c49f8e32-12d4-4b19-8ea8-f9d67239b259,2025-12-30T11:33:40+00:00
4ac316bd-c631-44b6-9f22-fa44a40d4ac8,e19797db-e29f-48c3-a7bc-6f3ee4494c8c,d953e1fe-1f1d-5808-8b49-faf3258e9acb,car,27,56e310be-5218-431b-8b15-874baefee5c0,2025-12-18T11:45:46+00:00
de256483-c3e2-4d85-a3b2-e3e89290ae0d,5a9e45fe-4a1e-47ab-9fd9-93dbc98d81eb,54f35ca0-a0a9-552a-bb92-4d5951415b78,sofa,28,,2025-12-11T01:21:21+00:00
d14f92da-69e6-43d8-bc66-61a50fed84e9,3faf19b8-adef-42c8-a07d-601db32b3f06,2cab40a5-d59e-5546-a0d6-598c50afc8a4,sofa,28,,2025-12-30T20:41:58+00:00
77bee0c6-1a07-421b-8074-a18466972cf4,60894dd1-d449-4366-a1f2-506c99644e4d,3c7128a1-a481-585e-91c4-a6ac14ad26b3,sofa,28,,2025-12-20T07:06:32+00:00
9eec0dca-7ded-4f5b-8785-a1d4d76a168f,dce19236-e6ac-4b25-8861-f9bf621963fd,590ea690-2d08-5947-b729-bec5a60d002b,kitchen,2,,2025-12-20T20:58:51+00:00
c5d09841-49d5-4cd9-a57c-d5b256eb01ea,6b83a412-875d-4f35-8ce5-9a2c67a093f6,43576e9d-c353-5509-9ac3-7c21136446d9,ikea desk,0,,2025-12-21T12:57:46+00:00
53f66fcf-7de3-4913-992d-e1c9b5043824,ce44b626-aa47-48a3-b23b-c2866dfefd6d,d73f36bd-c997-57f7-8212-508d7df61f7a,office chair,0,,2025-12-31T11:18:36+00:00
4bf3c10b-c17e-439d-b3a8-a44977df09c6,558257fc-53a1-45c0-9ece-75440adedee7,81ad4eb5-1664-568c-b856-c689e6e8428e,textbook,0,,2025-12-30T03:30:01+00:00
6536a6cc-3f09-43ed-a50c-1dad5f03ce8f,c76f1c0b-bf00-4af7-84b8-6ec1e8252901,15ca945b-d3d1-52f0-aa35-97b84ab59cd2,kitchen,2,,2025-12-29T16:00:59+00:00
747c3012-8bcd-425f-9994-5e801a7cffb4,577c7c58-b348-4b59-a994-19cbf0bd8b7f,178da375-e740-51fc-8c2d-78aeaff4779e,bookshelf,0,,2025-12-11T14:41:30+00:00
637f86d5-3a31-4451-bce0-acd466c2e469,3e1135b6-a11d-4440-9839-7607ab0df809,d2bcd16c-f49c-5c95-aa23-a70c48d109e7,standing desk,15,,2025-11-28T21:40:00+00:00
913f4dd4-2959-473c-bb52-d31861a955d2,b7a58a43-0e8a-4989-9cc2-a17e019034c8,af18bce9-560a-563d-b6c8-b0a356ccf2bf,free,16,,2025-11-25T21:09:30+00:00
0192fc3e-5c8f-4677-85f0-dcf247b68bf5,810094ee-d2d1-4263-b5b9-7363f515bf05,0ea6bfba-7f91-5e11-9499-b950ece7163c,headphones,24,2b139452-5de0-4b12-81fd-23e6cb38c478,2025-12-15T12:26:23+00:00
a8a04dba-c91b-436f-88fb-1aa3104c676e,469cafcd-e935-4706-a180-dbcf0d46cd05,93b6843a-a961-5a0e-b3fc-5ecc7a39c3f9,free,16,,2025-12-31T15:03:18+00:00
82c123f5-57da-43df-8685-5504af228fa9,8d0a4127-34d4-4cb0-ab2c-8a44732c4636,52435bf7-8b86-531f-bac4-ca32fbf931af,rice cooker,5,,2025-12-15T00:21:30+00:00
446bc922-fb3a-4ecf-b712-5df9db095c29,9fa1bd7e-fe95-4d72-89e0-17853678fb5b,36247743-0dd2-5087-b043-6395d259b19a,kettle,13,4f52d9b2-4918-4bc2-97c4-496290fe0646,2026-02-02T09:57:46+00:00
021c2fce-6438-4d72-99db-60c6f435e7d4,93a7f915-e31d-4603-af28-13fe5ff23ac3,a6c5efcc-541b-5273-b188-8a0c32c25223,monitor,17,68ae6b58-3b62-40ca-8193-2d885066cf90,2025-11-25T13:23:05+00:00
1f8008e6-ebaf-4d4e-be85-05391a4bf5a7,52c5c6a9-39b5-4951-9af7-b20a0970bd62,b628b353-5371-559b-84a5-cb28a75f98cc,rice cooker,5,4006fe35-1353-45b0-b76e-308e0062c453,2025-12-25T14:48:31+00:00
4e1b9aeb-f432-430c-b10a-d4922522a655,2e23fd62-664f-4904-93b9-98484374da38,10343050-ddfe-5fec-bd30-2ee03d91dcf6,lamp,8,fdfd0824-172f-4b4a-b278-6eb35f13e393,2025-12-15T19:43:00+00:00
5a85bd08-5b6a-4ad8-89b5-ee581b1d21e5,3dc6ba51-e546-4e5c-8e8a-6d0bb4c42691,ca3bf1db-f854-57a3-8758-2c820bfa8b89,lamp,8,,2025-12-18T06:35:00+00:00
d31fa393-f16f-4b84-9705-0e41e35316ec,4880e488-a1c2-4958-ba10-b7c3297adba8,2982d0a0-e674-551f-82fe-567dcbbf3f14,rice cooker,5,,2025-12-20T12:13:37+00:00
02436cd6-1847-4e83-aadc-7a133a5d27c3,76bd97a4-07c7-41e0-bb56-e614d523bb85,4daf4d64-f5e6-50af-a2f6-77a421876ebd,free,16,,2026-04-23T22:06:36+00:00
482d2e8e-677c-42dc-94ac-1c6945bb0165,47de6634-f271-4dda-8c9a-4cb60daa2a03,78207764-bc79-50a7-89fb-e13ffa4ed279,textbook rental,0,,2025-11-25T04:25:46+00:00
c50cb6b3-1e1b-4a34-95b2-dedf97a4915b,8ed5d79d-9904-4ac0-b3d6-d43abaf34918,10f9d5e4-e067-5401-94c8-d02cf9bb164f,bike,18,,2025-12-21T18:31:02+00:00
ef87f642-9f35-406b-af2f-26a1811e92f0,b8d5ebaa-e3a1-4774-8f3c-355409546348,6c42fb50-9d72-5e3e-9eb2-973e28262ff7,corporate finance,15,9dadb395-34df-46de-a0cd-65cd058ac1f2,2026-01-27T18:57:03+00:00
080dfa79-423e-4fb6-a627-af9cec7b1e5d,47de6634-f271-4dda-8c9a-4cb60daa2a03,78207764-bc79-50a7-89fb-e13ffa4ed279,coffee table,17,dcb4928f-33b6-4baa-9612-9d88407796f1,2025-11-25T04:38:51+00:00
3ea94d32-a1c7-4634-9932-2fa93eb33ff9,6dfbbf9b-099b-425f-a0b4-4d13ee683924,d1a32608-d75d-5e98-8e34-91503f66db37,ikea desk,0,,2025-12-23T08:34:47+00:00
86d88cac-e3a7-4ce3-bc67-f6b880703e09,323fd007-baf9-422e-b5f8-b93742be059f,de739080-f4f5-5400-aaf5-186b686165cb,headphones,24,0e426053-cba8-4632-8d16-ff2be180e0ef,2026-01-18T03:04:00+00:00
29a551b5-5f5e-4a40-8265-77533be24bfb,c826c699-c25f-4e45-bc9a-8ef83d1a94fb,78ca6e82-ba82-5a9c-9557-ee7ae447b72c,iphone 15,0,,2026-01-03T21:23:57+00:00
95c844a0-46ee-4f6b-b123-64037abbed12,16ec2a95-5cdd-472d-bb70-f569bc0cea3c,f823c6f9-3557-5340-af4c-6a7546f26a1b,rice cooker,5,4006fe35-1353-45b0-b76e-308e0062c453,2025-12-28T07:51:52+00:00
74531918-7870-4f9e-ad39-53528f427fe3,f7fc3247-4e08-45c5-bf07-1580aa80b186,c353ed80-de83-5e1e-af7f-1d9c7a4ad99e,airpods max,0,,2025-12-22T15:16:38+00:00
1a5db94f-b00d-41f9-b9df-68035a01842a,b7fef60e-e709-4148-b2be-091d4a9dc1a5,efa52ac0-813d-5190-a95f-5b4d5ef2bb81,laptop,2,,2025-12-11T03:56:21+00:00
de87ff5f-28e8-43f6-b784-84688ead30da,29836ce5-4546-4ec6-b86e-0306757b6b8b,deeffa23-273c-5ac0-9570-4f665375cc74,yoga mat,8,,2025-12-16T15:36:45+00:00
2b240428-0dfa-499b-ac69-f8b464c332f5,1dcda15d-0c1e-4892-80a8-bfb7f3596889,d65f84e5-eed5-51c7-9aea-3e03ed3c6180,kettle,13,,2026-02-01T16:23:34+00:00
1387e5b0-9102-4470-8aa4-1394af5a4024,42688444-55cc-483b-a92c-df6777013516,c498da88-cbf4-5275-b00e-c6215548931b,ipad,18,,2025-12-19T15:20:54+00:00
4185226d-2de6-4f90-82bf-7c6310f39145,52c5c6a9-39b5-4951-9af7-b20a0970bd62,b628b353-5371-559b-84a5-cb28a75f98cc,printer,0,,2025-12-25T14:49:50+00:00
c71623d5-79bf-4ac1-88ea-f7dd4e2f5d2c,dd5c4d9c-19c8-4f8b-89b7-e10c6aef4e21,ad5dbf4b-2bdd-529b-8c1c-6ca6fc629642,free,16,,2026-01-03T03:51:04+00:00
10c35c65-77b9-493a-a09c-b3479c29152b,febd8921-9308-4e28-acff-1ae8386589e3,844cdef3-3e72-500e-ac47-c51fe7b86de4,printer,0,,2025-12-23T01:29:35+00:00
99bf794f-4321-4eb6-a9cc-d3a91d0c1de2,c3e6de0b-ae0e-464a-aeef-51bebdd50073,b710900e-6ad0-5c60-906f-d0672a3fdc4c,headphones,24,3de88bef-6307-4169-b900-1858561e0e55,2025-12-28T23:33:45+00:00
a0bd3682-eb3c-4885-89db-519090652102,61bc54ff-d92a-459a-b783-749eeba4b206,3cb5800f-a31d-516b-b1ad-4e9d9886c6f4,printer,0,,2025-12-22T19:07:35+00:00
620fde43-99ab-43ed-981c-809577284dc2,ff1dc571-d626-480e-b098-a50d60c896af,12bc6924-d40e-53ce-9554-ce1a0ab93136,textbook rental,0,,2025-12-20T12:32:59+00:00
246fa459-6809-459f-be45-d219e480660a,0735b0aa-84bc-49aa-a78b-0ec4f2e216e6,05e3e5b7-73ec-5f62-ba81-6d15d6c6adb7,yoga mat,8,2918e7b7-6524-4908-a55e-eee1017ef0b2,2025-12-17T18:28:40+00:00
47fa1e43-8220-4d17-9397-c83fb62bca29,1162a399-ae84-499c-86eb-5c0b8d4bd19d,b8faf68f-0666-5e39-b9ba-f9707b642a19,winter coat,0,,2025-12-25T07:27:08+00:00
4d5c4a51-d397-4d92-b14a-c93b45af6f80,76948275-fc48-4c3e-b731-4436f90cd800,dac3c2bb-c7ef-5317-ac95-69682a59a701,ikea desk,0,,2025-12-04T23:58:15+00:00
68572f98-8432-4cbf-8147-74baf730c8ab,92b26b2d-f521-4368-bfd5-7368f4d4b7d2,2f39290c-7208-5c20-8e47-cdfebc061f05,headphones,24,,2026-01-17T14:31:23+00:00
859b517e-7b34-4113-9533-7764a233d264,fc878d0f-02d2-4c14-8e52-f1fa4b571b99,6eda258a-a451-59a7-97d2-3788360f45d1,dresser,25,89186ff9-17df-43c2-b3a2-705cedad16ed,2026-01-15T17:58:17+00:00
0d8eeae3-946a-49fa-adfb-25d8938e7322,2b77ffd4-2ea9-47fb-b996-21cee3b20d07,20c0d85c-8ab9-53ea-b6b1-a36d61f863d9,parka,2,,2026-01-03T04:15:40+00:00
74af45ee-5225-4c98-9016-3a1344a51754,20be0228-dff5-4a8a-9078-9f3e013731d6,bfc4d3a0-8ca7-5d28-b132-8cbf6270930d,desk,83,bcf191f3-0904-4598-9e9f-a4771081809b,2025-12-15T11:50:21+00:00
6163e30b-b4c9-477d-a898-b396cbd1cc1a,323fd007-baf9-422e-b5f8-b93742be059f,de739080-f4f5-5400-aaf5-186b686165cb,car,27,f1bd29ff-047e-4539-aac4-6ff1ecf01a11,2026-01-18T03:03:57+00:00
297b57ba-e9be-45d2-af0c-18321a63ce6c,e6ac3080-e405-47c5-b78b-6c37ea355a02,8aa08353-5e36-5434-a571-bcf37a2e9a45,parka,2,,2026-01-11T08:53:47+00:00
cb9dd9fa-ece1-401a-8cbb-c6333c9de2c5,006472ad-ef7c-49dc-a9a5-5be63552c118,de652428-4bed-5bf2-bae5-9687b4c2ed6b,headphones,24,1e80c500-64d1-4ab2-90ca-87084c1f1a23,2025-12-20T13:49:51+00:00
5709194d-4003-455e-a75b-659d21c08477,054fe171-2aa2-4064-be59-369e103477d7,f0db6a9b-2ffc-56e3-aca7-8faff9d1ed72,microwave,4,,2026-01-23T16:27:04+00:00
981f5ccf-7da7-4bf6-96a6-4201c881b16a,f7fc3247-4e08-45c5-bf07-1580aa80b186,c353ed80-de83-5e1e-af7f-1d9c7a4ad99e,apartment,0,,2025-12-22T15:27:06+00:00
efc07be6-e699-4840-881e-779a4be1ab0c,51910d94-7df2-4595-be53-5b43cb379762,56ba692b-2f25-56fb-993b-b9ebb2215dc8,ipad,18,,2026-01-04T00:59:45+00:00
7aab224e-a788-4122-b7d8-dd4fd145b055,767703ae-4d74-4728-ae3f-a80c8b6ead76,d1a89474-857e-53ec-831d-66a671471f43,lamp,8,,2026-01-14T13:45:06+00:00
1ccf4ea1-c9b7-4ffd-9160-daef5ab04e92,1af051a4-5fb9-478e-9d62-3279d88a6cff,f5e18af4-8bbd-5c2e-a16c-4c665b74d1ce,iphone 15,0,,2026-01-09T01:56:03+00:00
9ac56a5f-1dbf-451e-a3cb-1087c586c57c,2546be0b-81f5-441c-bbbe-d4925b10d00d,6b4d69fa-d75c-5e70-80f7-866bb531a4ab,laptop,2,,2026-01-20T13:47:25+00:00
898e6b3a-6dad-4773-a88f-3975270983ec,88cd8efd-6959-47db-8377-f4735e76c1f2,1b32efad-c679-5919-9cdf-4b42ee2fc979,headphones,24,b865a300-0682-4c9d-a7b4-725f8e9e100c,2026-01-06T11:16:43+00:00
dc7fbd9e-59a8-4d2a-8995-5272c467e24f,5ce43817-8afb-43c8-aa72-569b92aeb223,771fb216-8cd1-510f-b4bc-25df7d7075a9,parka,2,1044ae4c-b231-415f-891e-b82500b854f7,2025-12-18T12:25:43+00:00
e25ea688-1a96-44ff-9786-9bc8bb2e353f,e33923d4-ae33-4f20-93b4-4927825fa9f9,55738450-6e79-5fb5-adcb-eb52d294bda0,ikea desk,0,,2025-12-09T11:34:29+00:00
67add0ce-61e8-45b6-afc4-fc4c512652f2,42ddf256-149e-4757-b88b-4e24c8e6cb76,97c9e784-9cc0-5361-99b5-37af3722a5a3,standing desk,15,,2025-12-09T16:15:18+00:00
34b90bbe-d453-4acc-bae3-ad938271afbc,75fb3cc3-3a13-475e-9146-fa6c2c28ad75,70d35037-e476-5566-b5dc-08908a143002,kettle,13,2bf405c3-1cc7-40bb-b5ca-43f750ea42d0,2025-12-21T03:41:55+00:00
f979aa6c-a1d3-4acd-acea-0a975dd76e06,323fd007-baf9-422e-b5f8-b93742be059f,de739080-f4f5-5400-aaf5-186b686165cb,standing desk,15,,2026-01-18T03:04:56+00:00
ba357991-b6bd-4472-a95d-6fb2d04aa57e,32a7fe23-fa7e-4905-9afd-b6639736963d,f4252f55-4d98-5b8e-94fb-06c6b7fe7d17,dresser,25,,2026-01-09T06:05:10+00:00
965a8d82-4534-413a-9c17-23f00877b33e,44dae102-8716-4274-95ac-bf413382999a,61bbcdee-b783-5452-8347-10ff9d138f34,printer,0,,2026-02-13T15:52:10+00:00
deddc307-d35b-4f4e-a4b6-2a095efc92b6,f7fc3247-4e08-45c5-bf07-1580aa80b186,c353ed80-de83-5e1e-af7f-1d9c7a4ad99e,dresser,25,,2025-12-22T15:25:25+00:00
f914e275-2c4a-4409-9993-82db933d726d,a14d5a0d-9ddc-4170-a239-6044cb65462e,a0f63ba9-ecf2-5caa-9d57-ece619e31efa,mattress,39,,2026-02-21T11:10:57+00:00
f5a16033-7ecb-4fb6-ab1e-9b586af1d726,c2566d73-7996-4de6-8297-ed01fb83a333,bea19218-00d5-5802-9475-15750a603a43,desk,83,e9d5ed0d-c2d1-4bac-a6a3-8395af12b6e7,2025-12-22T01:18:23+00:00
7cb4ebe2-8cd7-479c-bab3-739453c36e4a,b7fef60e-e709-4148-b2be-091d4a9dc1a5,e2836164-16cd-567c-a93c-1a7395347e93,winter coat,0,,2026-02-01T00:24:52+00:00
587f3cf7-c613-4dc5-8c2d-af6f533409c1,f1a0ec25-92c1-456d-bc62-93f211e3df90,e92b0638-73bf-58a8-9691-e647e2dbf4d1,kettle,13,,2026-01-03T10:30:38+00:00
9ca83890-910c-4a52-9600-2e609bc6809e,459c517f-ee6e-4dd8-8e73-1f546778d794,88a0677e-c105-53ed-9063-c841e3fbc46e,textbook,0,,2026-01-08T10:20:39+00:00
9c8baff6-591f-4fae-93c8-9d502cbb5c6d,3a748a52-31e6-4e13-b168-3406e4520722,9e2b0427-d006-5ef7-8b41-5871954b4410,kitchen,2,842cea88-1f69-420c-ab47-2cd5ac467723,2026-01-19T12:32:45+00:00
f5e2a065-de38-47e7-934c-3ab8eebd9a63,6e390a5d-a88b-459f-8658-6a51166be2f7,0dba6295-ce9b-519a-99c5-9c2aa28042bf,sublet,0,,2026-01-05T16:38:38+00:00
58bfdd8b-6a08-4c2b-b5a4-a3358e7e2f2c,e0ac1371-730b-4fd6-8af4-80859ee0ade7,0d74b402-8a41-5b75-9801-b58815b20b7b,free,16,,2026-01-02T03:01:21+00:00
d8d62461-c238-4eb4-a08d-32cfaea082e4,79f24b18-9bf0-4e1b-be57-3291ef518791,f9bb7e5c-b48d-5e46-abf1-147486b1f945,headphones,24,ce945666-5c66-40bf-8978-0cc463d79ab9,2026-04-06T00:48:11+00:00
0b251beb-402a-492d-a4c8-22069cc7ae47,5e792d2c-8426-4884-9092-5acfa7c688ed,387b6131-e6a2-50bd-bdf7-f458e1e2e37b,kettle,13,,2026-01-14T20:34:49+00:00
f02585cd-72a0-4095-8c53-3e62dc67d3be,a699aa40-0fdf-4212-a0ef-24d84d61c465,cf01fff0-fd75-5cdb-abed-2d8ade105720,kitchen,2,,2026-01-26T08:54:48+00:00
354e4b10-ba1a-428c-8f65-958c2d0d77fd,3dc6ba51-e546-4e5c-8e8a-6d0bb4c42691,ca3bf1db-f854-57a3-8758-2c820bfa8b89,headphones,24,,2025-12-18T06:30:24+00:00
d951f308-96cb-4aec-b187-d203f2c91638,b7fef60e-e709-4148-b2be-091d4a9dc1a5,e2836164-16cd-567c-a93c-1a7395347e93,lamp,8,,2026-02-01T00:26:02+00:00
4bd2d8bd-1172-49ed-ab9c-ecd176d28891,f7fc3247-4e08-45c5-bf07-1580aa80b186,da53e5e2-172e-5c6a-8ad7-f53d86344663,vacuum,17,78baa83c-e631-492d-921d-97f209627a79,2026-01-29T00:34:52+00:00
bf851ad6-7728-45dd-aa99-d5443a3d04cc,2709bb2d-e639-44c0-920f-80a9f4c4955e,6d7f7bc6-fa31-53d9-9bac-bde5b781f641,bookshelf,0,,2026-01-21T19:18:30+00:00
cb3c3a01-1106-44b9-87e5-083d6e6ce615,6cad3973-c23d-4cec-bb0c-6ecf78003373,1b6b906d-51be-50e1-a2bb-ca17459df6a3,bike,18,009c80a9-a0c8-464d-a874-4485b182c204,2026-01-07T20:59:56+00:00
2670370c-7562-4962-b5f2-1993b7b199e0,f1a0ec25-92c1-456d-bc62-93f211e3df90,e92b0638-73bf-58a8-9691-e647e2dbf4d1,cat,0,,2026-01-03T10:24:01+00:00
0c0b6df3-779a-4ba8-b9d3-4aadf1eb5e2f,76bd97a4-07c7-41e0-bb56-e614d523bb85,4daf4d64-f5e6-50af-a2f6-77a421876ebd,headphones,24,,2026-04-23T22:04:58+00:00
225a6682-947c-4cd7-ae70-d7dfa43ab537,a1d67684-0efd-46c3-a44d-06a1f1b59626,70cf291b-a626-5b8e-9264-ad7846313abc,guitar,0,,2026-01-15T22:29:37+00:00
6c93c8b9-335e-4d1b-87ee-6db6ccffbc9f,3e1135b6-a11d-4440-9839-7607ab0df809,d1502a97-b53d-5582-83bb-d73cbb60f7a5,bookshelf,0,,2026-01-12T06:11:07+00:00
101c7d16-86fc-43d8-9859-3cc3d14f28cb,9683d7cb-c320-48ab-b91d-373a4a32cc44,daf2311c-dc88-596c-94d6-2248655d23be,iphone 15,0,,2026-02-18T21:22:46+00:00
1cde9533-4a20-4087-9c59-4d2a83a4ff8d,8ca12932-1c6f-4ce8-b5ac-da66575fd911,c6553b0d-cf80-53af-93e7-d48126570f54,sofa,28,baf97d52-7bc9-4caa-a761-0ce9c8d9d9aa,2026-01-28T05:39:01+00:00
1f79355e-638b-4a37-8269-a799066efb23,ac90d181-ee36-49c7-a813-3467b90807dc,931f3b0a-9ead-5a45-94c8-76746b10ac42,airpods max,0,,2026-01-16T10:53:46+00:00
1e131985-4a79-475d-9fa5-4f0d3e3a338d,9d8932ce-a55d-459a-ba8a-180a929fbfac,43a676a6-6c61-58dc-875b-18d30462d654,ikea desk,0,,2026-01-24T20:49:36+00:00
06fbcef3-8e12-4e06-823e-ea6363c543d6,eb37e445-ad15-450f-aac9-165635b7ef7b,1b4ebfe6-88c7-53cd-a2a9-82727d433014,mattress,39,,2026-01-18T05:17:07+00:00
363e160e-47c8-464b-b64b-75fb62a03258,c3e6de0b-ae0e-464a-aeef-51bebdd50073,5b7fee50-49a7-5797-b431-1fd6702880ef,bookshelf,0,,2026-01-31T00:59:55+00:00
a481c99e-9437-4069-b688-3b23d125160b,3c93bac9-6c00-45ff-868a-2fca9fd92411,24edb8d1-b9f5-55cb-9a03-1fee396d3fc3,ikea desk,0,,2026-01-14T15:16:57+00:00
22fc60d6-d42f-4584-a07d-71472636c089,61bc54ff-d92a-459a-b783-749eeba4b206,43bbe1b3-f903-5884-b8b4-2bb48df7fce1,mini fridge,5,,2026-01-07T04:24:51+00:00
7d1e134a-0656-42a0-b90f-ff2726b2f434,398c4a87-ea96-40b1-9d0b-21f40b43e5db,99c9e91f-eeac-5ef6-8d30-5cec2560a6c0,winter coat,0,,2026-01-18T12:34:35+00:00
8b7ed490-1443-4c52-911c-8327f6a83fab,5c27de08-e263-49f8-b85c-5d1bfb70223d,48b43397-460d-598d-9940-95fbfaa7bd2c,microwave,4,,2026-02-05T05:50:29+00:00
79255316-03d5-46cb-b562-8ef9e8fd1b83,a1e2e693-3bde-4f70-9281-01259889ee69,76d849ca-639a-5d4f-96bf-f0e7c3afef2c,textbook,0,,2026-01-15T17:38:05+00:00
12981fa8-0401-4f35-b431-5bcb8b8ed498,e0ac1371-730b-4fd6-8af4-80859ee0ade7,2ad58465-11e6-5739-b59d-b29465a03aa3,lamp,8,be0be817-baa8-47f7-9fce-d4da3b156dc0,2026-01-26T21:45:36+00:00
8bd13888-205d-41de-aebd-597f40149b2f,fe1dae52-39dc-4990-be70-ac03aa8ee90a,6ad1be64-6eda-5c83-8f03-bb23cce8e255,desk,83,65c34bfd-cacc-4e81-ba0f-2c7c1a795b71,2026-01-20T23:00:05+00:00
e1cfe93e-5746-4ecf-bdab-2bd78e67118a,22b1d57e-427b-4075-b871-f3a5bde40fbe,847ee9ab-e9d1-57f2-b912-915774d72f8b,office chair,0,,2026-01-31T22:12:58+00:00
f0024caa-f4da-40cc-a4bb-cdfc208f179a,2546be0b-81f5-441c-bbbe-d4925b10d00d,6b4d69fa-d75c-5e70-80f7-866bb531a4ab,free,16,,2026-01-20T14:02:12+00:00
6f2ade06-7415-43c7-88d3-64aa528632f4,2546be0b-81f5-441c-bbbe-d4925b10d00d,6b4d69fa-d75c-5e70-80f7-866bb531a4ab,bookshelf,0,,2026-01-20T13:56:36+00:00
0967a06b-3d51-4a74-af36-65c0454b0bf0,51910d94-7df2-4595-be53-5b43cb379762,bf788554-ca4e-5d5c-b94a-1db49ae21e4a,sofa,28,,2026-01-16T16:10:42+00:00
16bf50db-ba2a-4824-a123-78143d531787,56011ba4-155c-4db4-a8fb-31ebb8dd1d28,7a5410d6-363d-506a-a7ff-cd4a2e502afb,microwave,4,520ab43a-06ee-4250-9416-cc025332cbae,2026-03-06T03:14:54+00:00
131b0582-3329-4500-b488-e203b66d8c45,1e35bc63-b9b9-4dc0-bbca-ba32d6a1676f,0d66b406-3aca-55f2-a39e-d62c5cea4982,ps5,0,,2026-01-27T01:14:10+00:00
aebf71e2-dbbc-4e84-ae73-781f4d57e3ea,3faf19b8-adef-42c8-a07d-601db32b3f06,60d3d819-407c-5055-9c9f-9aa584f120f5,concert tickets,0,,2026-01-28T04:54:48+00:00
a74b04e8-1d3f-484f-8e4e-556d14866daf,f74c5434-3a39-4dc9-8fd0-1b4de52cff6b,f913b38f-8877-5df6-8046-dc3d4ae67575,monitor,17,,2026-02-03T22:29:40+00:00
a3f5ec07-0597-41e1-b899-2092939698d2,9e2d608b-d89b-47b6-a9be-d7becb140d83,28b3f872-9ad5-5492-97e4-4dc4b7550434,rice cooker,5,,2026-01-25T21:56:46+00:00
5883248b-1699-4720-8788-3906e2a28894,4880e488-a1c2-4958-ba10-b7c3297adba8,5044cae6-e56a-58bc-8b14-1796a7e05afb,boots,15,,2026-01-26T13:49:43+00:00
c6e23fbd-a7eb-41ee-bcbc-1e28e2372159,19d0052f-3a95-45b1-a564-0bcf21862cd4,7f9e34bb-6067-5bac-a1fc-d3033760c2aa,office chair,0,,2026-03-08T19:36:56+00:00
549c894c-ae8c-4b4c-8d4b-1c2667fd63e1,0009dfc3-c591-422e-9a5a-47a3c5627f02,274edbd8-5830-560e-b23f-6a38128ce298,airpods max,0,,2026-01-28T00:30:21+00:00
9937673e-3f43-4928-a516-023735dc5873,0c75c528-0777-4d48-b0e4-87ab07dcd5a2,d92a0ab6-c340-5812-9571-a49430f229ed,mini fridge,5,,2026-01-07T11:46:03+00:00
c53b86a1-9974-4139-a30f-ecb23e6a0909,faf9f76d-15dd-40c4-90fb-91488cd8bff1,0667dc68-99ef-534f-ba4d-8b150e47e18e,mini fridge,5,71a0699f-669a-434e-ac77-c3b9da9705ca,2026-02-01T13:14:43+00:00
2288bf6a-d9ad-4d15-8a70-76dc35b1d784,76bd97a4-07c7-41e0-bb56-e614d523bb85,4daf4d64-f5e6-50af-a2f6-77a421876ebd,ps5,0,,2026-04-23T22:05:26+00:00
ce310455-22d0-45e3-a806-ac5d8a8a9b7b,294f420a-5757-4fda-ae5b-a8b66126e192,f46ffaf0-5557-59c6-b911-f8d14b8f02c5,textbook,0,,2026-02-19T10:57:31+00:00
4e61cac5-9407-476b-87a4-e515ddee4b03,725e8519-9d26-48e9-a0d7-b1d766f3587d,05159474-b9ac-5056-8037-3fa45c0962e3,bookshelf,0,,2026-01-24T14:11:48+00:00
71a3f36e-e75e-49f4-9086-b607652470ce,6dfecb7f-63bb-498d-909f-4cbd7fd015e7,7f0014e3-f183-55ee-b5dd-2747a2afa05a,coffee table,17,66690ba6-5a00-4690-ac78-70de682e40bd,2026-02-05T00:31:12+00:00
2bfb8ddb-c657-45f4-a211-d701c5880e0b,001acc59-baa7-4324-aeeb-b8d19223f06a,c0f293fb-ea1a-522d-b832-9bf3909eb680,dresser,25,490081b6-2b1b-4ffd-933e-98f06caa1af6,2026-02-09T20:22:09+00:00
c11f6c01-715d-4729-8024-8903eecb77a3,4bcfb395-99a4-40b8-a38e-0576e4ded0dd,5d468137-743f-5ec9-b06a-2657dafd28c0,sublet,0,,2026-01-30T03:00:35+00:00
c798fd33-4611-4235-95bf-1e52072a5845,4c01c5e4-a2a2-4327-b389-b04521c5072d,41deeb8d-8e9d-504c-8732-dcad5db6d138,kitchen,2,,2026-03-06T11:53:45+00:00
beaa9ce4-d750-4525-857b-6573bceea196,cb3f27ba-7b73-4263-a8df-7fc52f4ac105,4bb4361d-8fc5-5fd1-9ffe-70b9e31c7588,ipad,18,7febdda4-d4f7-42c1-8a5b-3b2a32aef295,2026-02-09T10:57:23+00:00
123100a6-54c1-4d76-954c-7f905a373043,e2bc1752-1983-472e-bbd9-c6fae7cac58a,797f4012-f69a-5874-a0d7-3a194a031aae,boots,15,,2026-01-22T17:24:09+00:00
2a3f9274-a2b8-442c-b5d7-0be52f693f96,36d2e780-1eb8-4905-beb8-e2ebc5c6adb1,306c1008-7ffb-5d61-a3b5-a995eb0bca57,headphones,24,3e497c28-0484-491a-b171-4476f14bb166,2026-01-13T18:00:26+00:00
e18443f3-01e4-4ab7-a54a-b8e533d33607,4b87053a-c2e0-4a91-bd88-3da84717c1af,4ebaaa95-dafa-55cf-a1d6-358de9e5d641,coffee table,17,35ed3a95-603c-4846-b011-ec9b22e15446,2026-01-21T23:49:38+00:00
123f0a59-efa7-49b8-8ad4-c8da6e4f7593,febd8921-9308-4e28-acff-1ae8386589e3,daf240b7-a902-5ced-9560-e3e63f6725d4,yoga mat,8,,2026-04-13T10:24:27+00:00
b66d8786-df22-42a3-9c19-651eedd11ff0,02e43602-1002-4bed-9fe6-fe21002d4a3c,ef52b5ee-9c65-575d-90f1-5c9a082178dd,printer,0,,2026-02-07T00:55:56+00:00
5e7208f0-2fc8-41de-a5ab-26c283b40bd8,4eb375d1-e150-4235-aed3-d4483dba1cfa,9eaeacd5-a7f0-5487-8816-92cae18654e2,bookshelf,0,,2026-02-10T03:52:20+00:00
1e42599c-cc49-4ba6-9d7c-8bc0bcaf7e25,8d03f92a-b2fe-4c08-869d-2b9e1a04c1d7,4287762a-7ba0-5015-8674-992264d63ef9,dresser,25,,2026-02-08T22:13:49+00:00
2e068d23-8d29-49e5-907b-f142828f2d2b,0474d78b-b695-4c1a-967f-6fc9587ddc43,203c4ffc-f4c1-5d5f-8862-6045bf120be5,bookshelf,0,,2026-01-29T19:48:05+00:00
b5d73fdc-28d9-44c7-a7df-83b260cacf51,a65291d3-0e33-4ea9-afd9-e6056f5fec42,837c090c-78ba-55df-ad71-cf71ba86b8a9,corporate finance,15,,2026-01-31T04:17:07+00:00
9a3c34e0-8088-4ad9-a9f0-0faa709dec63,b79ed613-8b3e-476e-8337-9d3542f26656,dc79a8c9-d75a-5038-8f47-d5dfe2f49316,textbook,0,,2026-01-27T00:01:52+00:00
9b63b635-31d1-4c72-803e-71d21e7ed8ee,fdf80e2a-8b01-4d79-a8c3-3ea29134c88c,76c88703-7521-52a9-b0d5-6c9e7b1e3b3b,guitar,0,,2026-01-10T10:45:07+00:00
9cebdbf3-f2a9-4f5a-982e-4d1f816bb254,1f5c9368-f634-4128-84d2-ef868162ba53,5cf1fa0b-c2bb-5e6f-9412-439ad47c6c90,standing desk,15,,2026-01-25T23:55:03+00:00
e3d1ad2a-2c55-40a8-be73-19b1dc6147c6,a14d5a0d-9ddc-4170-a239-6044cb65462e,a0f63ba9-ecf2-5caa-9d57-ece619e31efa,ikea desk,0,,2026-02-21T11:16:33+00:00
32060600-dd16-42ff-819b-159ef8caaca8,ffae7a2d-9aea-4536-8cf4-dd5a807a4405,7fa588f3-203a-5b10-8a04-8d7c0a00c704,vacuum,17,5cb4c3ac-321a-420a-b561-c2d26e880bb1,2026-01-30T14:08:03+00:00
f8bbfb8f-96ed-4b66-9c47-3e2198d801de,b2e205f3-a921-447a-b55e-53d5b2d86de3,919b3217-038e-545d-9d86-057c200ec7b6,kitchen,2,,2026-02-12T09:27:26+00:00
f399793d-ad2f-4d0b-be03-d95b9790fe84,46d70937-d07e-4077-b289-a72c50dbc1f5,481747bd-d7f4-5715-bb29-6e4d6d0962b8,guitar,0,,2026-02-12T08:34:59+00:00
b66bd1ed-3a8e-4729-b60c-4f012e52ef0a,db16a0e3-1900-4649-86fc-1c299886fc23,f202e028-4dc1-5f1e-8d9f-9ccc1d450b42,concert tickets,0,,2026-02-05T12:44:30+00:00
e44b8233-f9fc-4605-8afb-ce54bf973557,d04a9725-4a5b-49d3-971a-6c7bbb1d7355,e0a39ed3-e205-5e2e-981c-fa7606509978,apartment,0,,2026-01-23T15:05:46+00:00
dae03599-2718-4076-9745-94976aea7a3a,dfb7e95f-260e-477a-a24a-a98cf163a43a,0504988e-858c-5715-bc20-95e40df0b607,monitor,17,,2026-01-17T20:39:28+00:00
44e73595-322c-4234-8180-4520bc2bf09e,3eaa28c6-6c66-4841-a82f-101d62f26410,570960f1-eb3a-5c08-95af-37b8ec231772,cat,0,,2026-01-31T01:34:36+00:00
dfccb96f-f53d-426e-8d48-059c2b587b67,ba4e0520-1425-44b4-ba42-764ccd9799f7,7db83563-d260-52b7-ac69-4d7e88dc54d2,printer,0,,2026-02-16T16:47:59+00:00
45f8ae03-3fcd-4844-833c-f23d10440106,2838c32c-7382-41b5-852b-5d048285eed7,7074f56b-cfb1-5beb-9c3d-f50e42f8b17d,parka,2,6621b3ed-bc8e-48fc-8e44-33eb89a077fd,2026-03-15T12:04:50+00:00
cfed553d-5f5b-4320-9101-374e696c9632,743aae1e-e024-4953-a3ae-1413333f514f,f2976275-4fec-5b2b-a260-6d07e60b484a,guitar,0,,2026-02-19T13:45:20+00:00
4a31cc67-126d-4c3e-97ba-e4d3600c857b,b35bb1cd-607f-4ff2-9161-bce4975c7369,aa2daff9-9e94-553f-b530-023a59cb4566,airpods max,0,,2026-03-11T06:22:37+00:00
20087727-6029-43c4-b159-5b442da87f10,04ef5bae-6f20-43c1-84c2-80053a99d1b1,eb535096-3eb5-5a4d-9253-1c0bbc62bf33,rice cooker,5,ae4b9d86-dd63-46d3-b249-d9482b353200,2026-02-11T16:54:15+00:00
659ed7e1-2aa5-4afd-9cfe-d9f933f68aaa,e19797db-e29f-48c3-a7bc-6f3ee4494c8c,852a59f0-400b-5bc2-869b-7641983863f7,car,27,,2026-01-31T19:49:02+00:00
d20bf41c-9cdb-4805-9b72-f9a402d621b0,6aacb066-212b-444d-b253-5871c426b9d0,c69c0555-dec1-5056-ba23-865796419d72,ipad,18,cf07eefb-10f7-44c5-9dc1-0ca8531ebc18,2026-04-18T21:12:02+00:00
96b0d31f-988a-44ac-a46e-11b217f74577,5bc41520-3863-4195-9605-167db200b16f,d45bb7b8-41c1-52d0-b7fb-725408078ede,parka,2,,2026-03-11T21:59:09+00:00
0c37e3ab-e481-410f-b913-07100c1380b0,75fb3cc3-3a13-475e-9146-fa6c2c28ad75,864a412b-63a4-5422-af22-825eca2cfe09,standing desk,15,65c34bfd-cacc-4e81-ba0f-2c7c1a795b71,2026-02-05T01:03:41+00:00
b039d748-8bea-4e0d-bd72-e2ad8784f762,3b534511-491d-43ca-8db3-2f08eee9be65,a0515c68-73d7-590b-8962-3cef09c5906f,iphone 15,0,,2026-06-07T21:48:51+00:00
a2123270-5692-4bf6-8944-7e2f8850c33d,f1a0ec25-92c1-456d-bc62-93f211e3df90,92b5067d-51d2-505e-a4e4-fd7c925671b0,kettle,13,,2026-01-26T22:48:39+00:00
24184b83-372c-4b07-880b-de3a7031b8f1,75c13d9c-916c-4e76-9219-1fb1448b7789,139f7318-effc-5b18-9204-1a6a819e00a2,free,16,,2026-01-09T03:36:20+00:00
88c8414a-b83b-45f8-8e42-6d075759b250,294f420a-5757-4fda-ae5b-a8b66126e192,f46ffaf0-5557-59c6-b911-f8d14b8f02c5,standing desk,15,e3782f47-3eb7-4e7e-a42e-d0c807c101a6,2026-02-19T10:59:15+00:00
d926cc1c-7e89-4015-9ca8-0a80be10393e,1e35bc63-b9b9-4dc0-bbca-ba32d6a1676f,0d66b406-3aca-55f2-a39e-d62c5cea4982,airpods max,0,,2026-01-27T01:30:03+00:00
64bf09be-7809-4f95-819f-f0d408655fae,8b2968bf-8ea1-47c7-9c02-7ef1cd908f61,5b461432-2757-5fba-91a7-297a074d8dc9,ipad,18,,2026-04-03T11:01:29+00:00
128eb169-0294-4906-b9bb-5a91a6f99473,ff6e8123-7427-47ad-b4a2-b32525006de0,84cc1bb2-f506-558f-8c60-494edbf42495,kettle,13,,2026-02-10T16:05:08+00:00
8cb38b29-a233-4ef5-826d-a9932d0dd4bf,2dac0197-e076-459a-8d9a-034a44933296,d2f45503-e04b-5005-8edd-022ea907a946,sofa,28,4a17397e-f126-4099-a032-b406836fc205,2026-03-04T03:40:11+00:00
a1c11543-5098-4968-8f77-5523069b97e8,19dfffd3-69fe-4589-9939-0de48e436817,ca946b74-5429-5244-a2ad-0cb982f4d33c,cat,0,,2026-02-04T10:08:01+00:00
bbc71689-4829-4d4a-a543-9f3293c13a45,ffe376b0-b660-443d-9d11-cd993fa8abe4,098fdc98-c606-5b4e-a46f-99b0bafcfc8a,airpods,3,1e80c500-64d1-4ab2-90ca-87084c1f1a23,2026-02-04T15:07:14+00:00
64783ab1-52ee-4c68-8f5f-61395beac50f,cf7fdd80-5c27-42aa-9731-b5d404e42dc4,db8426e0-3bb1-5cd8-b855-eebe20db5165,ipad,18,,2026-01-30T21:57:45+00:00
464b1555-72ee-49ea-ac74-42155c66c058,85a05a4b-ce52-43cf-8433-02a2cad529e1,3fbffed1-62fe-524c-ac62-f1fad3339310,ipad,18,f72a29a5-c199-4672-b8b5-98751d990623,2026-02-07T13:12:24+00:00
1aa8d481-9591-4cf9-a12d-7fe913eac75f,dfb7e95f-260e-477a-a24a-a98cf163a43a,0504988e-858c-5715-bc20-95e40df0b607,free,16,9ce4002f-5642-44cf-aa66-31884d000610,2026-01-17T20:48:05+00:00
4fd887af-ffa5-401f-9ac2-e510ca852efa,e5ead316-9492-4d0f-92fe-e9ee1533cfbf,66b08715-3f87-566f-ae1b-67df5ec7a40d,winter coat,0,,2026-02-04T02:24:56+00:00
e588d9da-9fae-4598-ad7f-8cbf471f9368,a4870570-7c5f-4b20-8e76-eb3e4f83bf13,1b41b0e7-2ff1-5c37-b1a9-6fd63cc71115,rice cooker,5,4006fe35-1353-45b0-b76e-308e0062c453,2026-02-16T22:43:04+00:00
b2b63cf7-b320-4823-bb0e-bd4702eae499,b3a19bd7-50cb-456c-b659-629d5699c870,8f6e49ba-ed79-55b6-a7b5-ad5b20339596,monitor,17,,2026-04-03T04:40:19+00:00
7ae4c4e0-722a-426a-a377-557af7d1a374,88f97422-e385-4200-84c1-cf21ce0c6cda,fe69bce3-0b84-5bd1-bf06-cbf223cb1473,mattress,39,,2026-01-18T21:21:19+00:00
ab6acd0c-e7cb-485d-b629-c5af0a5f031f,0b20e057-ab25-4963-a1eb-383458386c85,933ce6f6-707e-516c-a5c2-e48144c37828,desk,83,,2026-01-25T23:08:36+00:00
d9f46db6-da91-45c7-86f3-6cff403e0e3b,db16a0e3-1900-4649-86fc-1c299886fc23,f202e028-4dc1-5f1e-8d9f-9ccc1d450b42,mini fridge,5,,2026-02-05T12:39:56+00:00
f0b071f2-33ba-4396-8967-c216b9fb46a5,86a2d273-34b8-46f0-bdc9-4868692691fa,c4fcd49f-3e78-55d4-9372-908f4b9d4241,winter coat,0,,2026-02-07T11:03:04+00:00
a19bc489-a816-41ec-9c71-ac9af4690d46,b9a3d8a8-1d58-4cf2-971d-224a10dd8600,75859628-0372-551a-9710-d2799c9be610,mattress,39,,2026-02-14T22:40:40+00:00
66e40696-3619-4c57-bd59-fe14a9db17da,919c1afb-25b2-4b3a-bfab-39ebe9e77e2c,6040615d-49ff-5ac9-9191-5e1c8af8dfa3,iphone 15,0,,2026-02-22T16:02:55+00:00
60a38795-0fff-4e4e-9d8d-aa4a4ab3274a,0b20e057-ab25-4963-a1eb-383458386c85,2533078d-49b9-5158-ae8a-687d390b4fbc,mini fridge,5,ef41dec1-5922-4f0e-94aa-a87cd8e8f8ab,2026-02-18T13:56:21+00:00
74283b7f-c7b1-4e19-abf5-62046c4bb63a,fa25c85c-0248-4e34-b506-fd8f06ae788f,9bcc648c-0a72-52a4-9dd7-d7dd47268095,parka,2,6621b3ed-bc8e-48fc-8e44-33eb89a077fd,2026-04-05T15:11:59+00:00
ea33d5ff-69e8-46cd-9825-93ebc8c1d35c,e735ab9c-d62e-4e4c-a719-99a447547e16,4d002b5b-dfeb-58e2-bb0d-e9911c53b71a,winter coat,0,,2026-02-02T17:30:14+00:00
5af37add-0e21-4f81-9290-50991c1a528b,9a74e82b-9309-4739-ab1b-2657a686ca16,b484decd-8e0a-5075-aec8-fb752efa1c71,cat,0,,2026-02-06T10:18:16+00:00
c643e043-da49-42e5-bfbe-1ca9fb6dff57,fddcb198-bf64-4afe-a7ba-49b9d8c59c2d,252c9f09-9f96-5d22-a754-245d81a9e0df,yoga mat,8,6dc97872-dc25-4114-a162-6a5236efca6d,2026-03-02T19:47:19+00:00
48f691a5-d734-4ea4-b82e-14ebc64ea041,b79ed613-8b3e-476e-8337-9d3542f26656,dc79a8c9-d75a-5038-8f47-d5dfe2f49316,bike,18,d0647280-a677-48ae-9224-2f2fe7217b5d,2026-01-27T00:06:20+00:00
f773ac8d-b30d-4b0e-874f-4b64754dccdd,c23dbe1f-e0ec-4c11-aa9d-12a5f551ed35,0784ef99-1e28-57b7-8c8e-132371e9c4c7,guitar,0,,2026-03-14T11:56:50+00:00
dc8c621d-e324-4ed2-92c3-5cb806c08714,23a55d2c-5ac7-43a9-a6a4-20734b79d7ae,39e06a65-fb99-5d93-81a8-42b6eb2d7e28,vacuum,17,,2026-01-24T20:42:16+00:00
6c8dc5cd-4b50-48cd-add6-a2f0b6a2e5b1,fee6b0c5-a98d-4b4e-a30d-2cb91bee01ea,06b244bb-2e24-5a8a-9c42-68c672eda608,desk,83,,2026-02-19T04:11:06+00:00
2a7755f6-273e-46ec-8a8b-36735a9ad58a,dd6a0ad5-cbc7-4d17-8a8a-229cea78e52b,bbd38fe1-ca70-53dd-a354-d34053163da4,rice cooker,5,c7e289ae-e471-405c-ab88-e4b59eb902d3,2026-02-27T16:34:31+00:00
e4740536-bb98-4153-8e59-7dba0617f4ba,5d1a62df-3bdf-4836-a4d0-5dd139fc5e81,e346fec2-98bb-537b-b860-7490a8e0aa5c,free,16,,2026-02-11T19:49:43+00:00
7a482088-d0a9-4d0f-b728-18135b2af406,27d6298d-2568-4e4c-99dd-0f0d3e043508,b7953bc5-eb9c-5425-bff1-47a866482369,winter coat,0,,2026-02-10T06:46:11+00:00
7676e18a-000d-4ebd-9b5c-9ea11b9e3594,ef6f0845-2282-4ad4-870c-058ceee8da3c,749b5829-1c9f-5cd3-a893-3effa4510885,textbook,0,,2026-02-07T12:47:23+00:00
e90ddea0-9cf5-4326-9765-8fa533fcbfe4,46d70937-d07e-4077-b289-a72c50dbc1f5,481747bd-d7f4-5715-bb29-6e4d6d0962b8,yoga mat,8,,2026-02-12T08:40:48+00:00
bf236628-b7da-4ba9-839b-7bd65729da2a,a1f3b9bd-77ee-4e74-b526-4ee00f40666f,070b94c1-e44f-59c6-8c7d-3624a7573c70,cat,0,,2026-02-18T10:39:20+00:00
73857881-39ce-4a7c-9a02-e9578c53a052,21f12625-f34e-45b3-aa99-2c07287fc8b7,ebaa9091-6f49-50e9-9274-5ef27697a524,cat,0,,2026-02-14T19:49:09+00:00
78f1d8f9-a09b-40ef-bf24-0be4476a0023,f1c36ffc-5fa2-4aa1-a227-7f0aafef70d4,4cb87f98-37c6-55da-9b95-81543f0dd347,lamp,8,,2026-02-03T12:38:36+00:00
ce24dbe7-c738-412b-a374-68e333a9d253,a9ed43c7-b716-4055-97db-efe07e46285d,f39c2e72-bda0-5c94-a905-ad670e3a4158,airpods max,0,,2026-02-02T12:25:46+00:00
bad113ec-e9d0-40fe-8a5e-8a9f466f2cb9,8fe4e224-dcb0-4a9b-9949-0b5731f46fb2,a095336f-60fc-5c45-8bca-0e2704f117d9,sublet,0,,2026-03-08T16:07:24+00:00
705653f8-0b2b-4f7e-b3b6-b3c0fa8b687c,514cc026-35f8-49f0-9e68-dff0aa3aab07,433f2b24-fe78-5d3d-9611-782ab660f434,headphones,24,,2026-03-17T05:41:59+00:00
ef198f03-f0ab-4bca-a3d8-a9f3d0c44855,aedee5fd-dd23-420b-9df6-813aa5259225,c1521237-6e4c-5017-bff8-53103ab88586,textbook,0,,2026-02-15T13:59:40+00:00
84db78fc-3d8e-4c32-9bc6-141849f0173d,eb37e445-ad15-450f-aac9-165635b7ef7b,9b86fcc7-7ec7-5612-80b6-b793a0d93cd2,ikea desk,0,,2026-02-04T10:32:56+00:00
9520140c-b24b-4957-9eb5-7d1e04dbab63,5a9e45fe-4a1e-47ab-9fd9-93dbc98d81eb,64fcb566-e778-564d-84aa-bd47a2a04537,microwave,4,,2026-02-16T16:51:48+00:00
c4711799-1d2c-4605-9d2b-d4036397bda2,b540e2ad-1d7b-470d-a801-1c394b7830b8,0066f947-8c34-5d3c-8be3-5c2756f0814f,mattress,39,f764070f-55d8-4eaf-9b11-3ad0678dfbf6,2026-03-18T06:47:25+00:00
37896384-e0d0-436f-877b-7b6d55eeecc3,cdb4ace0-6ea2-498d-90e8-2009a10848ce,5b707ead-e10b-5586-b197-80b05e1d84bb,car,27,,2026-02-12T11:45:19+00:00
7461830b-0df1-4a5e-ab62-f1e9d0b78421,b37478b5-88dc-4b30-a68b-459b94eeb755,3059a22d-39e9-5848-90b3-f84bd55f01a0,textbook,0,,2026-03-30T16:38:04+00:00
d1c4184a-f9b1-467f-807c-8678fe9692b2,37390ee9-6f2d-4d2e-b299-70e58443cd04,c33b6d6b-d5c8-5c3e-9029-be4f78374d73,rice cooker,5,,2026-02-07T11:12:08+00:00
a208bb2f-aec3-4b51-8168-0fe697f6c231,01a63c21-47ae-4034-92d8-95c929748522,3a6aa172-da47-5c13-81ff-605ea63619ed,textbook,0,,2026-01-29T08:44:35+00:00
9e5b104e-3d02-4ede-88e8-237a7135ff2a,7ad9fea0-4641-41fb-9744-34c15951b68f,bd2d2a10-8e7f-5329-8dad-aad691e9d420,vacuum,17,1d4242b8-fd28-4ade-969a-3759dcd6d78b,2026-02-12T06:30:17+00:00
ddb6d056-e41a-4fb4-9ae5-7d0bda807dbf,d4753420-55e3-4598-a047-da09e69fedd7,745c687e-bbac-59b9-b366-e510d8f33612,airpods max,0,,2026-02-25T00:04:02+00:00
6e866558-13e8-4c7d-a6a3-7b32a7bf781a,ab56d43e-6b4a-43a3-9b6c-f3bae36c4bb6,f99183b6-7dee-5d70-81cc-906fda330d21,winter coat,0,,2026-02-14T23:06:50+00:00
2558bbdb-bf05-48be-bdc6-e5d936129272,2546be0b-81f5-441c-bbbe-d4925b10d00d,b38dc4ed-de29-58c7-80e6-7b7083133b77,monitor,17,,2026-01-28T20:07:45+00:00
77621226-6a43-48cc-bd77-475e80c57bc3,6d1577ed-1dc7-4670-a35e-7ee03d6217a2,e7f6ea3e-b0ca-51f8-8ae6-225731631104,kettle,13,f5414638-0d30-4511-b083-5562a4cd3fff,2026-02-21T22:38:12+00:00
f1f8899c-ed7c-41e1-8cc1-107b4e8bee1e,38736e97-8380-4bc8-9d40-b95a6d5761ef,b38d9ec3-0678-555a-8912-74a2696feaa3,mini fridge,5,,2026-02-07T20:25:01+00:00
ba9b1c3e-ad60-40c1-91a3-47a539ab1888,f04a183f-150b-4c94-add4-8f70333e2504,f3a51137-4838-5278-a684-a6b3feba5986,monitor,17,,2026-05-29T06:36:28+00:00
826813be-6244-4ea5-87e1-ce1a455b67cd,a5387ad1-06a2-4c7d-9ab9-85dab1cab9e8,9b610baf-081c-5fdf-8c32-266e06e6b8ae,free,16,111f880c-53fa-43a6-9a10-fc3c5f9c44d0,2026-02-19T22:01:47+00:00
9f9cef96-1f35-485a-bf30-0300d2e5d3f4,b7a745a5-3025-4c9b-be31-be2069c14582,e38beb6a-9f4f-52b7-a511-2af7a6d71b76,ps5,0,,2026-02-16T04:19:33+00:00
d84a0334-5e7a-4fe7-bc6b-2051f0d4e519,196c8a45-2038-46e5-8065-a0792d9b87af,281fe9d1-b09c-5dc3-b181-8bc4d5767313,car,27,71c2746c-6305-4064-8206-d485ac8a789c,2026-02-11T04:43:04+00:00
377a3bd1-fd8f-4eeb-a448-978be9e55a40,e818f248-82e9-43bc-9ab7-27d5be02776b,b1a2843a-1f8c-5c6a-b055-9355a29968b6,rice cooker,5,,2026-02-03T12:57:18+00:00
ea4e364a-c5ba-49fe-9430-47d3424ecdce,3b91383c-8499-476e-b401-af488cd4b13f,a37fbe80-6c5f-5c8d-9d92-8322b23f21a7,ipad,18,,2026-03-07T17:41:14+00:00
32952424-8967-41e5-ac80-233170ae3dfc,7cc7754f-888a-452e-9779-934c1a10e526,25f4197f-89b3-5f14-b09e-80691c0939d6,ipad,18,,2026-02-15T09:32:37+00:00
9b68793a-239f-4644-936f-c7fcb0737883,bc0e5868-3a1d-4493-ad13-df81dcf8102c,c4884f0d-242a-592d-a0fe-71c8ea10bd85,corporate finance,15,,2026-02-04T23:20:38+00:00
3aa215f7-c200-4f34-8667-e6681b21815e,459c517f-ee6e-4dd8-8e73-1f546778d794,f268a951-08fd-5e23-83cc-20766f2f1bc4,guitar,0,,2026-02-13T21:34:05+00:00
44a82b5e-e68a-4bc4-a4ba-b993d88ca1f3,f588c9b7-219c-42f4-8026-81909c76658e,8b8952fb-dfc7-5f69-bd16-db1496a7ff62,mattress,39,,2026-02-06T09:25:43+00:00
57d788ea-cea9-4c39-8e48-e35775ca40ec,4fb579ea-1574-44fa-af02-83f6cb410836,482beaba-5fd3-5afa-87d5-bd45b9fafc9c,desk,83,,2026-02-21T10:09:06+00:00
487bda23-8122-4cd1-afde-95af07fe4a16,c23dbe1f-e0ec-4c11-aa9d-12a5f551ed35,0784ef99-1e28-57b7-8c8e-132371e9c4c7,parka,2,,2026-03-14T11:40:56+00:00
eaddb4c9-f258-47e1-b198-9bb025abf819,38736e97-8380-4bc8-9d40-b95a6d5761ef,b38d9ec3-0678-555a-8912-74a2696feaa3,ikea desk,0,,2026-02-07T20:37:05+00:00
253abc5b-3684-4b62-b8af-57483c6ca8b0,1a6d9651-427f-4f8b-8364-dedd886b767d,a252ddcc-e4da-54a3-900f-97656bcfb678,mattress,39,f764070f-55d8-4eaf-9b11-3ad0678dfbf6,2026-02-14T09:46:39+00:00
001eba79-b226-44ba-aa9b-9983d153d901,88f97422-e385-4200-84c1-cf21ce0c6cda,eb482f65-a08b-5d2f-815b-e1830163c183,car,27,,2026-03-16T22:59:14+00:00
7fde98bb-033f-43fb-91d4-3b6fceefc95d,6f258066-979f-4da2-bba0-720da942d710,ce208759-8730-548d-8743-4832f91c9392,ikea desk,0,,2026-03-01T01:09:46+00:00
9ca768c4-2e51-4fca-aa60-6cb52ef2b850,cf7fdd80-5c27-42aa-9731-b5d404e42dc4,dcc95b17-8c37-57b6-88ff-459f09a40517,mattress,39,c047b1ac-3ee7-40e7-91ea-3cd667f0a668,2026-03-09T17:02:28+00:00
ebb69e57-840e-4f63-a9b4-33ee5cd22d64,bfd8403b-80c0-4664-aaab-0599f13df1e7,5586314a-e146-5ec6-b578-ece3dfe72086,ps5,0,,2026-02-01T20:54:12+00:00
3ca31ca9-5f88-4e97-90fb-e4a0ecffe6a4,fe1dae52-39dc-4990-be70-ac03aa8ee90a,0aef1fed-dfc3-5e80-821b-98ac880d9200,boots,15,,2026-03-06T06:05:39+00:00
e26b2055-3db9-4b50-b557-e1efd1a4800f,f5dc0e8d-4cfb-42ba-851d-c4ab150a805f,853ec73d-339d-5a9b-924c-c72b29597aff,bike,18,,2026-02-16T23:15:23+00:00
4dfb55e9-930d-49d7-84b6-ccfd5520cac5,b387c825-7116-4b83-bd18-56e81111a5c9,ca373556-f5b5-5251-ad5f-4d9e7ddae5bf,boots,15,,2026-03-02T06:40:23+00:00
d70d1afb-34d0-4339-baee-dfbef7accd01,8b2968bf-8ea1-47c7-9c02-7ef1cd908f61,5b461432-2757-5fba-91a7-297a074d8dc9,laptop,2,,2026-04-03T10:57:42+00:00
4a8f630e-0599-47c9-b507-6fdaf0b4f5f1,ba1fa7b7-1ba1-4dcc-8cde-7e8038432e3d,4edb5747-d1dd-52b8-aa23-386c255a5b25,airpods max,0,,2026-02-03T13:17:37+00:00
b970b5a7-73ee-4ad3-ad3f-dd0363ea00c5,56011ba4-155c-4db4-a8fb-31ebb8dd1d28,7a5410d6-363d-506a-a7ff-cd4a2e502afb,concert tickets,0,,2026-03-06T03:02:31+00:00
075c2368-0f2a-4d52-b7c5-56b69ca75b73,f588c9b7-219c-42f4-8026-81909c76658e,8b8952fb-dfc7-5f69-bd16-db1496a7ff62,rice cooker,5,,2026-02-06T09:16:22+00:00
9cb09fae-4421-4832-a850-77a76d65d0dd,8c8fe70d-f210-4c11-976f-5eead540b18e,c7bfb7d7-c49c-5ad1-a843-ada2ce228642,airpods max,0,,2026-02-11T20:54:53+00:00
e8a28388-7c08-4ac8-a962-7d0afffdd15e,56423c84-9e94-44e6-a034-0a21e231fbea,5a703cea-db84-54fa-b6c6-735268dcd454,iphone 15,0,,2026-02-24T01:08:02+00:00
6ddd758c-9234-43b9-98ce-308dfb864722,b35bb1cd-607f-4ff2-9161-bce4975c7369,aa2daff9-9e94-553f-b530-023a59cb4566,dresser,25,,2026-03-11T06:24:15+00:00
e1bab372-57d3-412e-adea-67276abefbb0,7cbcbdd2-c81d-4c88-84cd-0c1ee4dcf86a,e65062bf-c896-5f32-9610-33197e1a5800,parka,2,,2026-02-21T10:40:37+00:00
1d5fc7c1-9094-4426-9884-94d1af97f82a,dd31032b-6dd2-426d-bfc1-f03e9f5eefa1,034e297a-a05d-5725-8003-3014018349a8,guitar,0,,2026-02-14T16:38:43+00:00
1e53d482-8fb4-4751-a545-b595551f586d,1537bb8f-8d18-4dae-bed2-636ec4ce9b62,1337f12e-2bda-5788-b4ac-cbb7b0ca216d,winter coat,0,,2026-02-27T12:13:40+00:00
a63b1635-dbab-475a-8e42-c14f27a1a82c,d413b920-fd1b-4aab-b816-7b0b8dd7ec37,827569c6-7010-5ed7-81fb-8d76a9c9dca5,ipad,18,,2026-03-09T19:27:35+00:00
a0d9417c-f240-4114-a7b3-2cb0fb6dbdef,aba48693-f4f3-4a99-931c-a612969e1c14,91bb1ee2-b798-5de6-a34b-c2549fc09154,laptop,2,c8f837d8-1ae3-482c-b2a6-4ca0393af822,2026-03-03T19:42:22+00:00
3f30611c-ccfd-41f4-b26f-3be572a28484,20be0228-dff5-4a8a-9078-9f3e013731d6,054e160e-0b32-5255-b8eb-cc89d5d428ae,coffee table,17,,2026-01-28T16:16:47+00:00
c7be44ba-cf17-44ca-9486-04d6ed4a694c,82c26f80-0b16-4534-b361-35fddfa95816,7f2092de-eeff-596a-aaa5-d663a4408854,kettle,13,,2026-02-25T12:44:41+00:00
b973a449-8ceb-4e1b-89b4-8aac4f4f7f0c,398c4a87-ea96-40b1-9d0b-21f40b43e5db,29b4559a-32d1-5150-bdf6-fb85aadc38b9,mini fridge,5,71a0699f-669a-434e-ac77-c3b9da9705ca,2026-03-03T06:56:18+00:00
875d35aa-b871-4aa6-9030-e673265a4a60,adaf0dcb-36fb-4140-a2ca-a0df1b8e38d1,e3e62915-64fc-5d01-acc4-e7b24d3802f2,kettle,13,,2026-02-24T10:11:36+00:00
71dae526-a89f-4d27-b181-5b7161f5eda0,aebbbd34-c750-4cee-b298-18c1698b9b92,7f766776-2123-56d8-bc84-b5873504bd6b,vacuum,17,0c21f54b-1386-4308-bdb0-862ce829cd5d,2026-01-28T01:32:16+00:00
1a14a096-3011-47ae-a865-1009ee7c2ec0,dc64b030-9ad0-4b7f-aa39-1ea19decb440,c28e6b45-21df-5c78-b76b-84be8eef2a7b,airpods max,0,,2026-02-19T09:51:16+00:00
d71b690c-e809-44d7-8975-08d371457666,6f258066-979f-4da2-bba0-720da942d710,ce208759-8730-548d-8743-4832f91c9392,kettle,13,dcd5c0fb-0540-484f-890c-4c6c5cd19b27,2026-03-01T01:13:41+00:00
61b7ff23-c6f1-4c0f-abc4-125b02db0db3,e099a97d-3a12-4986-9f7b-4929504bd92f,8d9dca38-777c-5707-a6ce-8641b1133222,textbook,0,,2026-03-06T10:03:26+00:00
70fd677c-fcbe-4555-9db6-01bdc4da08af,04ceced2-1e5d-42b0-9a6a-158e9a108c1d,e5cb057a-12d7-50bc-8925-399d3bcb453f,microwave,4,,2026-02-11T15:46:37+00:00
448f7630-d02f-45a6-8025-f6198bcb7d08,bf2702a9-36af-4152-9711-7fbe97eb016b,90cf7a74-4f57-5e87-ac4a-35622187ffb3,free,16,865e0824-aeac-4fdf-b605-de44a124b4f3,2026-03-10T11:07:18+00:00
739ca04d-1240-4b6c-a3c8-64571d2024f5,76948275-fc48-4c3e-b731-4436f90cd800,a8229019-f6ab-5bea-9230-059e2bbf18ed,sublet,0,,2026-02-03T04:24:30+00:00
5821be28-2feb-402d-bc44-5cb75061b825,94d89ccb-983f-49df-97a7-1886973331bd,fe15721b-1b0a-59f4-974c-d14855d9d78a,bookshelf,0,,2026-02-27T19:43:28+00:00
0d3cbc88-4053-41e5-be08-c0ecc6470992,20be0228-dff5-4a8a-9078-9f3e013731d6,054e160e-0b32-5255-b8eb-cc89d5d428ae,bookshelf,0,,2026-01-28T16:03:41+00:00
b523cb57-3f66-4c9e-8b6c-b6e3e0e0fe96,5ab1b529-4f5e-42a1-8f82-f88bad579d46,a60c0e78-953b-52ba-bf7f-8db9361816e2,textbook,0,,2026-02-27T19:31:53+00:00
4c733213-0837-472f-b14a-f9647ef89c24,16a2805a-f042-40e2-a4f8-2002ffbe4cf8,da4f901a-3093-5950-8340-fc108836f816,desk,83,f2719710-3373-4937-a5d9-c1bac43b860d,2026-02-18T13:22:25+00:00
5a75ff01-75f9-4865-8a94-9086a04f6d40,f2e15dfd-44c6-41bb-8e26-a90818c01dd9,f8263789-bb0c-5c34-beee-58205bffc353,cat,0,,2026-04-27T06:27:51+00:00
eceb38a6-1f75-4139-8481-d69e5b62df41,af42af94-15a3-4883-9130-24839fed9a09,6e261a93-a644-5b67-80d9-c4e175f11e69,guitar,0,,2026-02-23T21:09:43+00:00
490c709f-738a-4338-894c-2ba7064198cc,f2e15dfd-44c6-41bb-8e26-a90818c01dd9,f8263789-bb0c-5c34-beee-58205bffc353,standing desk,15,,2026-04-27T06:37:56+00:00
56488f4d-e824-4577-b4fe-468a8c441e9b,35d6cd54-7bcd-4288-8c6d-682b12ba3543,04156534-3897-550b-a506-067ef9567b1f,office chair,0,,2026-02-08T22:01:07+00:00
c6d142d0-6a11-4b08-a197-2e51c74eae3c,b7a745a5-3025-4c9b-be31-be2069c14582,cfbc32d0-31b4-5f7f-8737-b06949aa52ab,standing desk,15,65c34bfd-cacc-4e81-ba0f-2c7c1a795b71,2026-02-21T15:14:51+00:00
551bd6be-561e-4a34-9df3-4bdde27b0c1d,ccada20f-a411-4dcd-be61-e8b73abf9a23,2a95a5c3-ecb2-563f-b158-238dda8df8f3,mini fridge,5,,2026-02-21T08:15:37+00:00
e8d49833-475f-419b-9741-8f0585bf341c,37b056fd-db76-44e8-887c-28d49a739c21,99642859-211d-503b-b585-0937b7022377,textbook rental,0,,2026-02-19T21:45:12+00:00
ceca5dc1-58ae-47ca-b326-fea980b1936d,aebbbd34-c750-4cee-b298-18c1698b9b92,7f766776-2123-56d8-bc84-b5873504bd6b,kettle,13,087ed90f-ca6d-4fbc-8160-05f0a10ae19f,2026-01-28T01:35:19+00:00
3fe6850b-2047-45eb-bb65-54312b1229b2,eebbf0ad-7bc9-40f9-a39b-9952f8048f24,2c6e94c7-b85a-58a4-b30c-594c1324c239,bike,18,,2026-02-23T06:27:06+00:00
5eca6e92-ec5b-44d2-a36d-424ceb5c4e2c,b2fa8b95-5aab-4854-a682-06ac4d3c3500,b2cf5db4-b6a8-5c7f-9c86-3880bb2a11bc,cat,0,,2026-03-07T22:51:25+00:00
2a16affb-0062-4154-b2d1-647de414ffc8,69546e0c-13bb-4597-8ce8-09cf53b9a4ff,1e29ad4a-c1b8-50b2-b1b5-2ccb2da7ad5e,apartment,0,,2026-02-19T19:53:47+00:00
f6a110fe-453a-44a7-8a64-a7155f85fb8c,29d5a494-6baf-4419-8eab-634d29535262,b78262e2-034b-5f25-a62d-72f1104c3732,free,16,0ec959ed-9cec-42c9-965e-78c26eaf23ab,2026-03-15T05:23:39+00:00
f70b8442-bc0b-4455-a273-e9531b25d2c8,54f26470-51db-447f-8c40-86bc6859b21b,b95418c1-d4f4-587a-8c2e-795469e71667,textbook,0,,2026-02-24T07:13:16+00:00
4b61ce8e-3634-46ae-8a72-06842371b3f6,0a9a118f-fbfc-414d-a857-63246dad3ee3,90204cc9-f17f-5807-b869-cf5d1f9e4e9e,headphones,24,,2026-03-08T11:15:24+00:00
b9376d81-1146-467c-8561-364b55d7268f,10e5f889-8510-460a-b274-ff42a4b2a3e9,4a40757c-7432-5a24-8fbc-320aa528b987,car,27,,2026-02-24T00:49:22+00:00
8e4bdea5-c715-4744-b3f4-167dc5aff0cc,c568b27d-f55c-43c4-b16c-2ded8343488b,8a46de4f-9fbf-564f-ac99-7909e8c22820,sublet,0,,2026-03-01T00:28:09+00:00
5d6793c3-8dc1-4db1-9e55-fab3d8cb2351,e577a84d-38e8-4685-91ae-611ca1c68aca,8e1ae664-6f44-5797-b66c-97049480adc5,airpods,3,,2026-02-28T04:43:29+00:00
ed455a6d-3090-420f-a9f5-f5a237d4da67,e56963cb-53f9-4240-97e8-786e9f766dec,952463c7-9b1b-5dbc-ba69-75175ce900f1,yoga mat,8,2c2a6ebe-d09c-419f-a8e1-d3464cd8ea6d,2026-03-02T13:29:07+00:00
aefe867e-ac4d-4bb5-b4dc-db7c9cfa2066,c826c699-c25f-4e45-bc9a-8ef83d1a94fb,ad30a78e-547c-5d5d-b5e2-187ac069fa6c,office chair,0,,2026-03-04T20:17:37+00:00
08b5d662-4ba5-4e27-8d23-ee842f9692e9,398c4a87-ea96-40b1-9d0b-21f40b43e5db,29b4559a-32d1-5150-bdf6-fb85aadc38b9,airpods,3,,2026-03-03T07:12:04+00:00
1b528e27-56c9-46e1-ba0b-e70e7364e2d3,3d6322d3-d39c-4fa0-8f6b-6413dfc01504,69464bd2-30ee-5c37-ba89-3c982ba10df1,rice cooker,5,c7e289ae-e471-405c-ab88-e4b59eb902d3,2026-02-17T02:46:35+00:00
5b76bac9-523e-4d42-af79-451603a9d1c8,1a3b8eb4-9217-4dfe-a345-ac6a2076c9d5,4559467a-724e-5b81-a273-519913f56368,apartment,0,,2026-02-22T22:35:46+00:00
34290d19-3e82-42cf-8119-8a35e5b38575,c08ba214-af45-4563-93bb-a8e532a24418,35dd4023-68fb-5436-8da6-c659c78355ec,rice cooker,5,,2026-02-09T21:11:08+00:00
cb7c6b02-785f-4875-994c-661b4fbd0157,294f420a-5757-4fda-ae5b-a8b66126e192,f46ffaf0-5557-59c6-b911-f8d14b8f02c5,yoga mat,8,3333f1e5-5be4-4c6c-97ea-5d430c0514e9,2026-02-19T10:59:32+00:00
707af194-6a60-4cd8-8d3c-19b75049d2cd,0474d78b-b695-4c1a-967f-6fc9587ddc43,612925d5-caff-5376-bbea-7b5121928a2b,winter coat,0,,2026-02-28T14:10:26+00:00
fceb8ea6-00eb-45d7-9270-f7442919fc2a,4333f52d-82f4-4fb4-b6c0-44d327f5b25a,32c53796-dc2d-550f-b284-f4104dff982b,kitchen,2,,2026-02-23T09:40:06+00:00
c39dd490-1bc3-45cb-a5a8-810a46b565ef,01ad5d19-51ac-4277-bf22-13bac68b5a71,932b1c27-9b61-53d8-bc91-cc5c9d450c44,kettle,13,6de01a7c-0cb7-41df-a2d1-031ea7dd4a17,2026-02-03T00:16:05+00:00
96080e57-4646-4b1b-98e1-b80bf24b61cd,b35bb1cd-607f-4ff2-9161-bce4975c7369,aa2daff9-9e94-553f-b530-023a59cb4566,coffee table,17,,2026-03-11T06:28:39+00:00
2561e60a-4735-41f7-ad25-3de29e9fcf0c,cf7bc542-a4a8-4473-9640-41c0acb7aea5,c1497774-9833-552a-8b18-e276e7951c80,ipad,18,83c2b1ed-d72b-4a15-bc2f-7125a23e7c9e,2026-02-28T19:11:25+00:00
ec04072f-b5cb-4598-ad87-5ddf99292a02,56011ba4-155c-4db4-a8fb-31ebb8dd1d28,7a5410d6-363d-506a-a7ff-cd4a2e502afb,sofa,28,17b4cd07-243b-4297-8257-78838308dbe9,2026-03-06T03:12:34+00:00
c680acb4-f7a0-419c-8402-6b145ec3e5c1,94fe657b-e446-422e-8233-465a217764d5,42125772-2856-5808-88f3-9be9ac3e4aab,ikea desk,0,,2026-03-05T13:41:29+00:00
cc121552-4a68-4413-81c8-f1efe7f8f5c1,34c4679a-d188-4ff3-b1e7-463f1c6bc2f7,946745b6-463a-5257-ae1c-307d03150d56,monitor,17,,2026-03-01T07:30:00+00:00
3e7547b5-2a65-4fdd-bfa6-0e0bd42adee6,ddd1c048-ef55-4690-955b-c869f4c05bc7,7894a453-3292-533f-9567-874e444cf7d4,winter coat,0,,2026-03-12T06:18:12+00:00
51e743ef-db64-4a0d-9fa7-54c4ebefabc2,f0975694-b83e-4f38-932a-48a07c354e6e,4f81dc34-dd55-5820-ae37-85196279b8bd,airpods,3,,2026-03-13T23:47:30+00:00
042f7ee5-f6ef-4b73-ab21-dfa5878b16cc,8d03f92a-b2fe-4c08-869d-2b9e1a04c1d7,317eb17a-93f7-53c4-bab6-b2a66cdb2e4c,mattress,39,,2026-02-13T22:31:22+00:00
5efdb346-7158-437c-bb13-72dfbe213338,7844c024-2ced-4ed0-9417-6303bff60ab5,c4868341-54c4-55ad-a735-8820b498e03f,headphones,24,,2026-03-03T21:13:54+00:00
055981ce-2b6a-46cc-ae20-46351c5d08e9,39da3268-4fe9-44d6-b716-29c848231132,a2574677-072f-597b-bd6b-420b20826116,bookshelf,0,,2026-02-23T12:33:34+00:00
b0dfdb73-8ab1-46cb-8d01-f7130578bb80,60e7746d-a14d-4134-a659-8644ea757f35,338ef983-b7fc-50cb-8fc3-30530770f9fe,bike,18,,2026-03-27T23:47:10+00:00
55623ae8-0990-41dd-b76a-8f3170f1ce60,93a7f915-e31d-4603-af28-13fe5ff23ac3,b8d5d713-9b18-5b4f-9040-2825a8b4dd4d,rice cooker,5,,2026-02-20T23:19:56+00:00
308e9d24-0cc0-41b3-9dc6-dd8500dc9bb5,f1a0ec25-92c1-456d-bc62-93f211e3df90,129dcbd1-2960-5c34-b4cf-ce78f13a2b20,rice cooker,5,c7e289ae-e471-405c-ab88-e4b59eb902d3,2026-02-25T05:52:14+00:00
773f66db-ac40-445f-a301-30811367185b,917bdd4a-0545-41ea-8bbb-c3ec512a6c48,e94ce596-5d92-5bcd-bf66-ffa07b798d78,monitor,17,,2026-02-23T20:20:45+00:00
2ff65f1a-b4da-455a-8a4e-4eae9f24b6a0,156ce20e-a7d6-4a4e-88c0-5e21929a443d,895ba411-040e-5c88-b4c1-063c4565ffea,bookshelf,0,,2026-03-07T09:44:00+00:00
9d3459a7-0256-492b-9b32-2834166eb83c,f87b345a-0777-46fc-865a-b76dacc1e90a,117c727c-8870-5c5c-bdb8-9db640b63a20,corporate finance,15,75ab175e-bac7-4c1b-9ee5-3bf66bc76c71,2026-02-20T19:44:19+00:00
d8fe3198-1d05-4ca4-a582-2fef821b815d,b540e2ad-1d7b-470d-a801-1c394b7830b8,0066f947-8c34-5d3c-8be3-5c2756f0814f,sublet,0,,2026-03-18T06:42:59+00:00
37deb08e-99f3-4e9a-93be-721048ca12e9,52c5c6a9-39b5-4951-9af7-b20a0970bd62,6cdf2eb1-b7c3-5b3d-9895-8df8d6761ee3,concert tickets,0,,2026-02-13T20:27:54+00:00
0fab1e09-76d8-466d-ba9a-b95060334e5f,405b7524-8b1b-4475-ad96-825a01e94fc9,71e7af19-38fc-5663-9be1-4c3de6b1671f,dresser,25,,2026-04-05T06:39:06+00:00
221255a2-8e24-420a-8809-16f7ca905dc1,39da3268-4fe9-44d6-b716-29c848231132,a2574677-072f-597b-bd6b-420b20826116,dresser,25,,2026-02-23T12:38:24+00:00
56a3cef0-311f-40e9-a41b-7c9f7e2af9f5,67720afd-c98f-4042-88f8-4ee42ce6223e,fbd10c21-5070-541d-a784-fc81e44fad16,desk,83,,2026-04-03T17:08:48+00:00
c947f7f6-9dc0-481e-b977-3e0d694c56cd,54f26470-51db-447f-8c40-86bc6859b21b,9c12e65c-e9dd-519d-84ec-daafc2f848c1,office chair,0,,2026-03-08T01:13:35+00:00
f5e85f06-2b97-4f6c-ba26-27ee95333926,b87fa7ae-7016-46ff-bf10-b0be3cd2d358,8975e31c-6fd9-5543-9f9d-5be3b51729d3,concert tickets,0,,2026-03-04T20:41:51+00:00
5cd80465-d464-4762-a941-e3b760b341f4,c3e6de0b-ae0e-464a-aeef-51bebdd50073,3b69b070-3478-5cf8-a236-1e598df72608,microwave,4,,2026-03-07T06:58:56+00:00
3de3cebc-9205-46bf-a2ae-65a7feb25a84,a4435821-88f2-470f-8792-58ce92993496,a934c181-f5ee-54eb-9a36-d425132dfec7,yoga mat,8,,2026-04-05T02:09:26+00:00
46a5127d-6e74-44d9-9f01-cdaa3fd27e85,5c16ef18-8047-4cc4-806c-4ef9df6de907,a1353b92-3c08-5732-a585-86728e66a67f,coffee table,17,,2026-03-08T21:43:13+00:00
14cfd711-ae0f-4d19-b726-684a0c7038b3,780c8367-fbe3-4f3e-bb65-e449f49742c2,11827995-4eca-554b-9415-3defb001ec71,desk,83,,2026-03-06T20:49:21+00:00
4312bdd1-889f-4b9b-91a0-0860c8e192dc,3b534511-491d-43ca-8db3-2f08eee9be65,a0515c68-73d7-590b-8962-3cef09c5906f,bike,18,3c72eb92-759f-4f4f-8df5-fe6cba342c02,2026-06-07T21:52:34+00:00
5ae360f6-1c04-494d-a7fa-60e1f730c037,adcf5b0c-a9b8-4599-8c22-a281a999db7b,e0c3d94c-7916-59e1-bf90-f988cda5f1a7,kettle,13,c025dee3-13ff-43f9-9769-124cd8994617,2026-03-04T09:29:38+00:00
7b75814a-53a3-4d5e-82c8-1e3f37cb1f87,7cbcbdd2-c81d-4c88-84cd-0c1ee4dcf86a,e65062bf-c896-5f32-9610-33197e1a5800,desk,83,,2026-02-21T10:50:48+00:00
daebdc6b-a79c-40d0-89b9-8301ec668c90,c99359a6-ecf8-4d27-a849-8d366cb10a8d,b80f7859-f0f9-5338-8c04-3e85d1c90451,airpods max,0,,2026-02-26T20:38:23+00:00
0be89a7e-2ece-48d6-a568-8942f98af781,94d89ccb-983f-49df-97a7-1886973331bd,90f64348-2137-52f6-adde-44f30ba6971d,mini fridge,5,,2026-03-10T16:51:09+00:00
3627df89-4fbf-4b72-a52f-5e10863812c2,8fe4e224-dcb0-4a9b-9949-0b5731f46fb2,a095336f-60fc-5c45-8bca-0e2704f117d9,office chair,0,,2026-03-08T16:07:11+00:00
c393397c-6f9c-4735-83fd-c9ed4d4af5ff,cd268b95-fdcb-48b9-84de-2a4aac209d46,520f9b0e-7d5c-5012-9c27-d2bc6167fba2,boots,15,bbd9d450-b92b-4b99-a76b-55ff10ff1cec,2026-02-26T05:12:52+00:00
d803b945-cb0a-48e1-9bb3-ded094602604,4e4985ea-2b80-4cbe-8d6a-7abfadaa2f26,cecaf83c-60da-5254-8d78-7961cc54a89e,rice cooker,5,,2026-03-14T10:03:33+00:00
4990c3e2-a312-4b1e-9208-c8c2a23cfef4,f1999cc6-bd96-4a94-b030-3072877f65df,7fc8a9d3-ac50-55fb-9efe-8d79e28f48a6,rice cooker,5,,2026-02-19T09:10:42+00:00
1b64aa25-c491-416d-ba30-88f33b7ee0b4,4d2af566-e452-4cb8-9f1c-2963153454ef,587dea95-1664-571b-bd2a-72a578870009,lamp,8,,2026-02-22T01:26:50+00:00
8cb122a8-55ab-4dc4-9ef0-09a67e64086d,f3f35b1f-6722-4fb3-9c50-39c6796b2515,3fcbae80-9cb8-5922-80bc-25f4fd8fd158,monitor,17,,2026-02-27T13:25:32+00:00
8fabaeca-4ebf-46b2-9780-c90198a5df96,d3daa26a-587b-4816-9110-916f35fa7c74,af872d74-4bb7-5090-a3b2-d41a0e507e1f,rice cooker,5,,2026-03-10T22:51:55+00:00
d3111c2c-5000-480a-862b-a2cca57e2de3,bf2e373c-d8de-4aa0-acb8-d8df0b844ebd,9ba7e1b7-14c6-5af1-a833-2cacb52fe441,textbook,0,,2026-02-14T01:18:26+00:00
3a3858fb-01fc-427a-822a-9de4472f9f9a,f3556539-5f35-4383-aa20-f0818d9b4d26,5e60c4c4-76cc-5639-8d4a-31e05913ac94,mattress,39,,2026-04-06T15:33:40+00:00
92ec22bb-71f3-4049-9621-e8fd008b0de0,df9804a4-8ed1-4ab2-8cd9-b6c44f18f067,a58ca911-bc9e-5075-ad79-d36756649897,yoga mat,8,3333f1e5-5be4-4c6c-97ea-5d430c0514e9,2026-02-28T15:01:20+00:00
73bc01a3-ada0-423b-9864-b2d3ff2ab5f2,d3daa26a-587b-4816-9110-916f35fa7c74,af872d74-4bb7-5090-a3b2-d41a0e507e1f,laptop,2,,2026-03-10T23:04:57+00:00
3d412aec-4d6a-4268-ad31-f01f8226e8c3,c08ba214-af45-4563-93bb-a8e532a24418,0ec2c69a-3eaa-5eee-ae50-3e51f0127e0a,lamp,8,,2026-03-21T12:22:06+00:00
94ad2d8e-471c-4ad7-b7e8-3bf5a4238680,577c7c58-b348-4b59-a994-19cbf0bd8b7f,0b4dec0e-7758-54cf-8487-e33c0a9a0509,printer,0,,2026-03-13T17:10:03+00:00
ea81e7b0-c5b7-4da0-8384-835885667e8a,fdd43fca-ada6-4d98-94a5-dbc1afd11d57,3f639ceb-1686-55f5-9584-d0e02de166c4,ipad,18,,2026-03-21T14:49:22+00:00
39780fd5-4109-4e62-bc3a-17cfb5078415,828a88f5-8cb3-48a8-9e07-3db32ed9a35d,db10b745-f38f-5361-aeb2-3153cc86d40e,yoga mat,8,2c2a6ebe-d09c-419f-a8e1-d3464cd8ea6d,2026-03-19T23:05:02+00:00
372e8c5e-c092-48b4-820a-4d3b84ee76ac,b37478b5-88dc-4b30-a68b-459b94eeb755,3059a22d-39e9-5848-90b3-f84bd55f01a0,laptop,2,,2026-03-30T16:34:11+00:00
f290c148-f5f1-4f99-8619-402701b4a2d8,45f130cc-34a3-4ca4-9ab0-3af07f0467c9,ec6b10f7-4559-5e85-b454-d2d679f22eb8,dresser,25,bd450cc0-bb96-4f59-9c04-e5c48a80da5a,2026-02-28T07:03:32+00:00
cee7a14c-f987-47f3-8783-9d3d1e291932,b296b45f-615d-4fb5-8a3a-1c8e1a6337f6,b0250139-d34d-527c-a63c-d454bdd6c572,concert tickets,0,,2026-03-10T17:06:55+00:00
a3e5e696-3750-4ecd-afe0-89499d7f302d,580cef17-440c-4dfe-9629-5e7dcbd52995,bf8d662b-5488-5594-aad4-91342d294ebb,rice cooker,5,c7e289ae-e471-405c-ab88-e4b59eb902d3,2026-03-12T10:18:01+00:00
e7539d88-e991-4a2d-aa32-f01b5f05f61c,cf7bc542-a4a8-4473-9640-41c0acb7aea5,ee855b08-fb54-577e-aadf-02cc45f8a9ba,dresser,25,,2026-03-07T10:17:23+00:00
75cc4a5e-78af-4918-97aa-69a88d98de2e,16a2805a-f042-40e2-a4f8-2002ffbe4cf8,f049cec6-51c5-543a-91a8-0ba875d9e604,rice cooker,5,,2026-03-05T03:05:01+00:00
deece66e-f657-450f-84fe-c0abf38ad1c6,39da3268-4fe9-44d6-b716-29c848231132,a2574677-072f-597b-bd6b-420b20826116,desk,83,,2026-02-23T12:36:50+00:00
3d3a2263-19ad-4d45-838a-3ab0df838928,1dc0db8d-05e4-4ebb-97cd-9fe0c828ad56,1b978312-9efc-5de5-aceb-269d55f3d675,kitchen,2,,2026-03-25T19:37:09+00:00
e98e786b-2318-4077-8a9b-7077b585c689,1cd103c5-ca45-4990-b0e8-9aeda141fced,7894c17b-01bf-55a6-bc19-c769b1e930a6,lamp,8,be0be817-baa8-47f7-9fce-d4da3b156dc0,2026-03-23T13:53:56+00:00
e6005074-f2c6-49ff-ac4f-b3087ca79e21,7cc7754f-888a-452e-9779-934c1a10e526,9a6c4534-1cb0-5d25-b874-30bd2b26e030,textbook rental,0,,2026-03-14T23:24:03+00:00
f24db089-30f7-495b-9d6b-519449777e97,4f1cb3c6-4a88-475a-b5e5-f34f7bdaa2fc,1c94f48d-6aac-545d-b2f6-a24c3b8d418a,iphone 15,0,,2026-02-14T04:30:17+00:00
6c81403b-e6d6-42c8-ae28-b0d96080fa24,06ca99ad-46e9-4d5e-a72e-48628968c316,c63f7a1e-2502-54cb-9f06-527d46718d77,vacuum,17,05155434-487c-49b3-a877-d80ae1f2a333,2026-02-14T08:36:55+00:00
cc4035f1-fcbd-4212-ae78-788c28a3868b,bf74e9cf-5b79-495b-8c29-2dec4918a0c9,4b91a213-6f99-5ed5-affa-d512c283f7c7,coffee table,17,b6ff4b3e-b0e9-44bd-a414-074574b6b89a,2026-03-14T23:27:44+00:00
88e4d174-b64a-408e-aac7-c5e8a536046d,6225ff1d-dff6-4eec-8a09-0b85b8e80e91,c8bc5277-e508-56ff-b35b-62a9fcd466cf,corporate finance,15,efbd5aa2-fa7c-42fe-953e-51d3d36773f2,2026-04-08T09:22:23+00:00
98b26a2d-4c3a-42f3-a07b-69b29aa11351,2838c32c-7382-41b5-852b-5d048285eed7,7074f56b-cfb1-5beb-9c3d-f50e42f8b17d,coffee table,17,,2026-03-15T12:10:14+00:00
b92758d8-f6f8-4784-9f2f-253f1058140e,3b91383c-8499-476e-b401-af488cd4b13f,f6e51b03-7b2f-5dc5-8946-dbde23d3ac7c,standing desk,15,,2026-03-10T03:17:52+00:00
1f537ccc-4729-49cd-8f0f-3a3e434665a3,fee6b0c5-a98d-4b4e-a30d-2cb91bee01ea,e9241eb8-a96d-5949-9bb4-2f460097380e,textbook,0,,2026-03-18T14:23:23+00:00
c4b82925-72e7-4c49-a45b-c88bda743b58,82c26f80-0b16-4534-b361-35fddfa95816,af68fcca-d4f4-5b5b-873b-73b43051c962,iphone 15,0,,2026-02-26T01:41:41+00:00
deb2a710-8f33-454d-97ca-dbdc1d7ac743,c5c387fc-8cce-4d21-8e67-f9a537bce316,45bece2e-9881-5a4e-8f38-69c2b631f415,rice cooker,5,,2026-04-05T03:42:10+00:00
e128eaaf-4b57-42fd-a76d-b603a8f8a7e9,43dbd776-bd4c-4ef1-933a-59af47a589b5,a43a3ff6-bd4a-5efd-ac0c-785fcbe36a61,boots,15,,2026-03-28T08:20:26+00:00
b5a6dc47-8dbe-4a0b-add7-9f9ab0fe8885,f31ed9a5-371d-40f1-abad-f2898658760d,3dcdc645-422e-57f0-beac-24e2684f4a4f,airpods max,0,,2026-02-25T16:07:05+00:00
2ce97d00-c79a-452f-9a72-8eaa3859fc55,658d561c-1651-4aa7-9c5f-4cc6fe4afb70,6fbc5072-3201-5fc5-9428-39046f462b99,bike,18,,2026-03-18T18:38:11+00:00
1ee03d89-61a2-4a06-aabc-92d87a173e86,254f7afb-a845-4daf-b94b-a34157af1df2,bac56766-e506-5471-bb45-1bdf3acc3ffc,apartment,0,,2026-03-05T16:39:22+00:00
9acff495-316f-4e8f-8224-8ba2addee55a,36d2e780-1eb8-4905-beb8-e2ebc5c6adb1,1ded2f3e-7c28-5c78-9143-114a594329a4,office chair,0,,2026-04-02T05:19:54+00:00
7e1d886f-0c27-4a92-9217-b1c208531a90,006472ad-ef7c-49dc-a9a5-5be63552c118,af8606b0-e513-5421-a115-4492c757f4a4,headphones,24,,2026-03-11T12:54:45+00:00
06009f09-3974-4cde-9faf-97be8b09ddb8,9b0f4215-bb92-4800-a8ee-8b3a7bbf2ee1,58d12c76-04b7-5532-ac39-b8d48b72d34c,ipad,18,eaeb284c-3584-4afc-96a2-3b3a7d688c1a,2026-04-14T02:36:00+00:00
46c74c33-e643-49c4-8179-beed30eb0c13,c2566d73-7996-4de6-8297-ed01fb83a333,a7d2dc75-415c-5725-bd96-b0cc4ba49de6,vacuum,17,,2026-03-03T22:20:36+00:00
2b0d627d-f883-4e74-8286-e5826a708627,e554a849-75b4-42ad-ab34-0b8fc1a7f349,f4c93ee0-58fd-5926-aaf0-2af297ce4d8e,mini fridge,5,,2026-02-16T18:11:02+00:00
3c9d50d1-8661-43b2-bef1-1373f4759ae5,e5ead316-9492-4d0f-92fe-e9ee1533cfbf,cb992690-e34a-50b7-b67b-28cf16396fa7,kettle,13,a4425211-989f-469e-a720-479fdc47b9fb,2026-03-04T21:42:48+00:00
5906b172-379d-4f31-959e-a61c4ee4e457,e65dbaf8-02e5-4e0e-a975-b67690763c60,41e3e1b7-160f-5a96-826b-2949cee9dae5,printer,0,,2026-03-13T22:32:37+00:00
f68ac9e1-15a3-4f55-b226-10a729a2557a,0ac62d09-f09e-4690-845d-950f83a734f9,a4af2e92-3d0b-51b6-8d9e-f25d174d0e39,headphones,24,,2026-03-07T04:33:34+00:00
6a55969d-75ac-475d-87a0-858bebc76a38,ef913d79-c307-422d-acd9-5e72bbadb9e9,48adcd83-0289-5490-991d-9b401e0f7cdf,desk,83,,2026-03-14T02:16:44+00:00
e6e6f7c2-497e-4a91-a2ad-534e081ea82a,caf7efc4-3973-492b-abf8-2af2f0caa4ef,514a4f43-955c-575f-8364-9072cfb02d5d,lamp,8,fdfd0824-172f-4b4a-b278-6eb35f13e393,2026-04-10T05:49:19+00:00
f986b744-d20d-4bcb-8694-5abe6e7ceb69,dc64b030-9ad0-4b7f-aa39-1ea19decb440,27e9f4cb-37c7-53b2-9c3e-c99f7c62c3e3,bike,18,,2026-03-31T01:48:14+00:00
9f9cbfef-e0e8-410d-bd23-97d7868fa1ed,3b91383c-8499-476e-b401-af488cd4b13f,f6e51b03-7b2f-5dc5-8946-dbde23d3ac7c,rice cooker,5,,2026-03-10T03:21:34+00:00
af545dc3-eeb8-41bc-aaca-8fc4034b56b2,b2d72011-02df-4d85-8d8c-9c12e9aa4b3a,05dd1875-3606-5a4b-85ce-e662101408a5,ps5,0,,2026-03-04T20:46:41+00:00
0f1adefc-7eab-4d21-9e35-a01323fc6db5,e984c74d-dd4a-466b-b93f-7f517e76b6c7,14c699a1-9810-5925-8757-d79b212c51cc,standing desk,15,229700f2-dd1c-4c3e-9ca7-a04381a34680,2026-03-05T14:18:40+00:00
a1d76956-15d2-4d49-85ae-f8eae26b5c5c,bf74e9cf-5b79-495b-8c29-2dec4918a0c9,4b91a213-6f99-5ed5-affa-d512c283f7c7,bookshelf,0,,2026-03-14T23:13:04+00:00
c4656dc4-6ec0-4e2b-b8fa-43018def86e3,adcf5b0c-a9b8-4599-8c22-a281a999db7b,21f2bae3-5640-5e8e-a7be-0bbfc0b57e34,headphones,24,,2026-03-25T11:10:04+00:00
f972f46f-69bd-4961-b7ff-6a1cfaaea451,3f7e714c-fb4a-44da-ac98-bf39d35e490e,f5b75d5d-fabd-5e49-97b1-476911ecec75,yoga mat,8,,2026-03-11T08:19:45+00:00
c5848f69-d96c-4bb5-b39b-8119704f1bf9,02e43602-1002-4bed-9fe6-fe21002d4a3c,b219dbed-ef54-5eae-8814-41cba929ccdd,yoga mat,8,,2026-04-30T12:51:13+00:00
5e5ad722-5b54-49ae-85d3-8119f8dc35f2,f3556539-5f35-4383-aa20-f0818d9b4d26,5e60c4c4-76cc-5639-8d4a-31e05913ac94,coffee table,17,12fc709c-1989-43b2-8f2d-64bea36a6ca6,2026-04-06T15:32:05+00:00
865cbae5-1036-4667-b29e-d51983152127,8d0a4127-34d4-4cb0-ab2c-8a44732c4636,0b06ace6-cfae-54a9-bb7e-bdc5adad9ff5,cat,0,,2026-03-17T01:15:16+00:00
c008c7d1-9911-4893-8ace-9fdc1106ff8b,d4be3d17-49dc-4e35-953b-ddb3c7c6c4a2,6842027d-f51c-5beb-85c6-99b9eb247a39,sublet,0,,2026-03-13T06:46:07+00:00
cb18889f-1d72-4c78-948b-62d606194cce,6a68ec56-67f5-493e-810d-eb44598b0e94,158cfc59-42c2-56f7-a53f-6eb7085fe5c7,ps5,0,,2026-03-05T12:38:51+00:00
02001978-858a-49e3-a8b3-f1907a095dd8,6423836f-839b-4455-9791-d85c98ea5f5f,86c295ff-f4dd-55eb-aa59-25686d06c8a1,airpods,3,606a700d-e16b-46d6-8e1e-c87ae80b6418,2026-02-28T02:05:10+00:00
0b084925-0a79-496c-ab50-22d033886b7d,6dae0af9-c881-473c-a919-489118789e0d,0091a927-024b-57a9-83c7-077c2abdaf99,corporate finance,15,,2026-03-28T02:36:50+00:00
ccc1a7dc-050e-4636-b5e4-55f6f1d50367,828a88f5-8cb3-48a8-9e07-3db32ed9a35d,db10b745-f38f-5361-aeb2-3153cc86d40e,office chair,0,,2026-03-19T23:07:01+00:00
46ce1c13-ccf1-4055-8766-f2d1d74e4d79,149f866d-6114-4c68-8b49-00b27b0caa12,2dabdf6b-da6a-5711-93a4-909a5125bf8a,mattress,39,,2026-04-06T12:09:51+00:00
cd784082-6fb8-4c27-92bc-54b1eec0230c,780c8367-fbe3-4f3e-bb65-e449f49742c2,adfce7df-5208-5bfe-ab51-518d563a04e5,textbook rental,0,,2026-03-24T21:44:01+00:00
755abbce-e1ba-44b7-a7d1-4b4dcf4195bb,79c00b7e-dbe5-41bb-8a92-189f533b8e9f,6d83b139-cc9c-5337-afc0-470b4bdccd8d,dresser,25,c45b1367-fb75-438f-9450-27b0a2b7a562,2026-03-08T06:23:54+00:00
f1b46225-4000-43bb-bc8d-98d15709cf1a,459c517f-ee6e-4dd8-8e73-1f546778d794,c1b1b25e-697c-5b3a-a9cd-84a1f8d8a378,ps5,0,,2026-03-09T08:28:37+00:00
f66986b7-1b8d-433a-8ecd-5dc8ebf358f2,6f5ed66e-e07b-48ed-b59a-b63d714e545e,2aa61ed6-0343-5bf4-aecf-f4e5ecf50d53,mini fridge,5,,2026-04-06T10:56:37+00:00
5bb3b5a4-5edc-4de5-a874-40f36896fd87,3c4a47de-e63f-470d-a750-5453edea905e,78d93200-b8f7-5969-8295-b999d9b3dd3e,concert tickets,0,,2026-04-02T10:52:22+00:00
98bfc9f7-1213-41a9-a6b5-eaecd065a18d,4e2906a0-e445-4567-9bc3-c549a3448137,68ddf863-327e-552a-9cba-6b1f0cb719d3,free,16,,2026-03-27T01:57:49+00:00
9d52091b-7692-4a74-8d88-c762cfb58d2a,9ce8ad86-b5f1-4d08-a8d6-d8b25b7f8f86,c1905ddb-178f-53c5-9ffe-1cb78463cd69,iphone 15,0,,2026-03-17T16:51:06+00:00
ef8fc50f-870f-459c-8e87-6f9f44762cf9,29b08317-6763-47c6-93e5-e9d211886a27,949c8c2e-0861-5f62-b2de-b14afd0d049a,guitar,0,,2026-03-12T02:55:52+00:00
40efca63-2fb5-4057-993a-7d7abb7b0acb,484b4933-21fa-4a46-904b-33017ff3857f,32929352-0edc-57b5-9859-8f95efc013b2,standing desk,15,,2026-03-24T15:43:18+00:00
0b97a379-5665-4008-884b-ce66b867dc07,4b87053a-c2e0-4a91-bd88-3da84717c1af,b5697228-4876-5c31-8ab5-714627c87622,dresser,25,,2026-03-22T20:59:01+00:00
0c15dac9-09fc-4b6d-8ea8-337a40986273,39da3268-4fe9-44d6-b716-29c848231132,85a0617e-25ca-590c-a752-758f190e0fbc,parka,2,,2026-03-25T05:21:07+00:00
ddcb42de-f715-4ddb-9dba-921061a22787,93a7f915-e31d-4603-af28-13fe5ff23ac3,5db553ee-92c5-5ab2-af55-4e964a718168,ikea desk,0,,2026-04-14T12:36:55+00:00
5996797a-061b-49cc-8814-fe0c24395eb8,780c8367-fbe3-4f3e-bb65-e449f49742c2,adfce7df-5208-5bfe-ab51-518d563a04e5,iphone 15,0,,2026-03-24T21:40:01+00:00
b551ee52-726d-4268-98d8-30989bf839e3,78adb4b4-64d8-4a3f-b789-0aeeccaf033e,6d8855e4-15e8-51cd-9d10-b8db92f9a5ad,textbook rental,0,,2026-03-19T22:09:41+00:00
f6ee845d-1a1d-4f7a-85a6-74245eea1066,df691f30-136a-487c-b5bc-1071c74717ae,bb14449d-9f64-56be-9767-aebe8a52d055,bike,18,,2026-03-22T10:05:22+00:00
7b9efc4d-d2c0-4067-9422-d1e0b8ed46e7,cf7bc542-a4a8-4473-9640-41c0acb7aea5,ee855b08-fb54-577e-aadf-02cc45f8a9ba,laptop,2,,2026-03-07T10:08:50+00:00
9c035ac2-f57d-4428-a9cf-a0694d671ec9,a699aa40-0fdf-4212-a0ef-24d84d61c465,43366a50-c288-5c10-bc2d-e747df0e6a61,desk,83,,2026-03-16T08:08:42+00:00
b63ad2d9-342a-44d9-a9c4-46940b723730,fe409d6f-e259-485b-96bc-c2a89d7996e6,3a9fa247-b731-5360-bbbc-34088780229b,iphone 15,0,,2026-02-26T17:16:04+00:00
998c8861-71bb-4e6d-8a78-ccc460eb8dce,d84e7fb7-133f-4d4d-8817-f28892a26d2b,5c75d03c-c49b-59c6-8f08-00f8947999ea,ikea desk,0,,2026-03-21T19:39:02+00:00
b9908cd3-21d4-4480-8373-3358384b7e5c,e3d856ad-6787-404e-8e93-f255933c3680,db8fbf17-7964-58a2-8d16-d36c6281d70c,rice cooker,5,30653cec-e6ca-4b5d-84e5-378b70a97f65,2026-03-23T19:20:36+00:00
ebcb0f7b-d1b4-4160-80ea-d58c127e981d,7357e086-3d97-4c00-bd2a-662d18d0abec,1d2727e0-0e8c-5cde-9914-b7a7c9a33ad3,boots,15,,2026-02-25T04:55:10+00:00
f37ca78f-8d6c-4fe3-9bde-5d751d080284,3d8d407b-3444-4e37-ab6b-268253b5c015,34408d3b-ce9e-5e44-9024-29b2043d0474,yoga mat,8,,2026-04-14T22:48:23+00:00
51c7db75-dfad-47d8-8804-be2eeea76425,553046bf-b8f3-4054-8eea-bd6715749b6e,d9332e74-93ee-5335-87bc-838316552d09,parka,2,,2026-03-19T07:05:52+00:00
fd04441f-a2a5-4f2d-94eb-70f439d21b5a,bc9cbd74-f51e-47e9-ba77-1f2c017e9cca,ed994753-a5f9-53dd-a8b4-cd6bd862ba58,standing desk,15,,2026-03-29T10:26:24+00:00
a10c4b32-35e8-44e0-8f89-1bf312073749,0659bb5c-a162-488f-bda6-3659a00193c1,371de94b-9222-5a6d-97d5-035404b48a50,standing desk,15,336ea5e8-1b5b-4bf9-88aa-e2413b87d663,2026-02-24T14:57:48+00:00
1c152d42-a157-4f30-82e2-aa252ed7f624,f5dc0e8d-4cfb-42ba-851d-c4ab150a805f,6ad63ac3-336f-5bb2-8253-d973e47dfce5,textbook rental,0,,2026-03-23T20:10:32+00:00
3b9cf7b9-3977-467a-a81f-ccd4ba2356ab,f0975694-b83e-4f38-932a-48a07c354e6e,3f5a7587-02c2-5704-a607-4dedb98967b1,office chair,0,,2026-03-17T06:50:07+00:00
5d270500-3786-4759-bb7d-d773b8200693,ae8523f3-49f1-45d4-ab29-0313676f12d0,9ed26b32-3a3d-5a29-8032-7a474a3e60cc,ikea desk,0,,2026-03-30T19:07:09+00:00
e89c7695-9a7b-4da5-8c74-11a2295986aa,5d00b0e3-2e7d-4703-ac82-a0935fb970f1,5e81f796-7b5a-53eb-a3e9-e741dd24af6f,kitchen,2,883b5ea8-946f-465d-8564-18d51dd30bad,2026-03-24T14:40:30+00:00
26d81d3c-6f02-4f2f-aa9a-c966d42a7393,3e7caac0-1ca6-4783-9a3e-0aec999045f7,79b9a16b-6fc3-517c-9df8-5710cffb8d16,dresser,25,,2026-03-23T17:39:33+00:00
91359d5e-25b5-4c24-aaad-4f36b3b357c8,e8bd6718-0ee1-4de3-9813-716c81bea5a5,139430a0-6ae7-5e07-b6df-4ac316be5532,coffee table,17,,2026-05-14T11:17:36+00:00
519a416e-2949-46e0-82e0-794c162e381b,b2ebd1c7-416b-4645-a522-88f29c4fd3fa,ef482ab2-4125-5458-ae5a-19a837096bfb,ikea desk,0,,2026-02-26T05:29:01+00:00
459ed00d-4714-4bc6-b67d-8c587291b3df,919c1afb-25b2-4b3a-bfab-39ebe9e77e2c,947a526e-8734-5742-bfc6-3947b4befe00,vacuum,17,,2026-03-21T11:12:37+00:00
4ad4a830-6208-48f7-8256-52205fde7223,21dd7dab-b91b-4dbb-ba29-ae9efd5f3f45,a26b6db7-ea66-5299-91da-34d3adc2952f,airpods max,0,,2026-03-28T22:31:17+00:00
fde12809-0a9e-469d-9184-10a1504219b4,ce6ae59f-fc40-4e17-bf03-66f9d20b800f,6c46014b-83c8-58a5-bcdf-0ea266e5103a,textbook rental,0,,2026-03-25T02:16:52+00:00
83b9276c-28a1-4ff4-b888-b497a8f8ed77,fdd43fca-ada6-4d98-94a5-dbc1afd11d57,3f639ceb-1686-55f5-9584-d0e02de166c4,kitchen,2,,2026-03-21T14:48:14+00:00
f5efb822-c634-43f7-a93c-6400e99db6a2,eebbf0ad-7bc9-40f9-a39b-9952f8048f24,d98df28f-2e6f-51e0-9213-b1ab63e4bbc0,lamp,8,,2026-03-20T01:19:03+00:00
a874b0ed-34e1-44f5-85c4-b65ff117b439,2ad9462f-49f8-4d9a-8f1f-6f573c1e266f,f8447174-4295-5743-899c-fa35be66b035,printer,0,,2026-03-12T02:23:09+00:00
c29dd9e9-3602-4937-9ba6-11e424bd82f6,ae8523f3-49f1-45d4-ab29-0313676f12d0,9ed26b32-3a3d-5a29-8032-7a474a3e60cc,monitor,17,,2026-03-30T19:07:18+00:00
7d9312d2-9bbf-4d9f-9576-dbc4d23ab81f,dd6a0ad5-cbc7-4d17-8a8a-229cea78e52b,3d67c4fe-486d-5747-90a1-3c1b8cfdb872,headphones,24,,2026-03-25T14:26:05+00:00
11e199eb-3e3d-45e5-ae08-761b6e75d5c9,faf9f76d-15dd-40c4-90fb-91488cd8bff1,6c61c7ed-51d7-577d-bfc5-9a912f437993,textbook rental,0,,2026-04-11T20:35:55+00:00
e92db5ef-d70b-4e27-a0f7-c5de46f55c7a,72e6350e-b4bc-4a80-ac0b-013f84ebeab1,40ef42c4-10b7-5396-96ad-e0820f16854c,kitchen,2,,2026-03-21T16:48:04+00:00
97c29dd3-6327-4d21-a7af-9c47261353a4,5ea6cfc5-5580-466a-8582-a6031555d76d,a07f47a5-3c76-5255-8e53-d615d8d756a9,vacuum,17,b6c80d64-e4a2-4739-9f4f-ddd7c47db6d6,2026-03-12T08:46:15+00:00
e59d439f-e065-4268-a4c0-91acc47e33c2,51dac652-9517-4e31-b9c9-905c3968e085,40e67000-320e-5513-aa15-4a1c757be4fb,mini fridge,5,,2026-04-05T18:16:09+00:00
427afac9-4435-415d-b83b-eb657e7d8221,e577a84d-38e8-4685-91ae-611ca1c68aca,3aec1065-523f-597e-940b-1075f259289d,kettle,13,,2026-03-14T00:13:18+00:00
abe85258-9785-41d9-a916-cbb8eb8b1bb3,45f130cc-34a3-4ca4-9ab0-3af07f0467c9,3e859d61-2458-57b1-bbed-8ddca5d706eb,kitchen,2,,2026-03-22T11:49:13+00:00
80525204-578e-468b-a33f-e9e4054b02d6,60e4a087-d37a-496f-8841-564316fa7ec6,98988ed1-b467-589f-aaab-6bbaf5388c8e,yoga mat,8,,2026-04-12T06:14:39+00:00
6f97847d-0a0a-4feb-9f7c-4c5fe2952e55,41583495-38b9-4f40-b6fe-64577f910a54,0237456e-865c-5df3-be03-248b0f35ae52,standing desk,15,e3782f47-3eb7-4e7e-a42e-d0c807c101a6,2026-03-31T19:52:44+00:00
203a3a50-c13e-4678-8a81-4f2320252e1a,c568b27d-f55c-43c4-b16c-2ded8343488b,efe29550-5b12-5936-9f00-e5347e611ba2,apartment,0,,2026-03-22T21:09:27+00:00
8c02623c-cb89-424f-b14d-9da8ec834aa9,e7f25965-2024-4c9f-a575-caa1e7bc13df,ec9302b2-2cb0-55a8-a533-ca6ef5f02aaa,boots,15,f8f0e7f5-fe84-4250-aef8-0fe295db79c9,2026-03-27T08:42:08+00:00
f406b750-f932-44b3-bb81-cb230bbb49c6,a1f3b9bd-77ee-4e74-b526-4ee00f40666f,915e4306-cbee-50ee-b85e-8d9d9af40803,monitor,17,,2026-04-09T11:35:19+00:00
aa6cc3f3-fc74-4ddf-961d-bc1a424f3c3f,b387c825-7116-4b83-bd18-56e81111a5c9,44ba1bc4-1805-5dd4-9355-b2afd216b011,mattress,39,,2026-03-25T11:52:59+00:00
8fb26c83-9d3b-4d04-9744-9dc5347106f1,e984c74d-dd4a-466b-b93f-7f517e76b6c7,9609cc3c-d88b-5812-a170-83b629b1d1d7,textbook rental,0,,2026-04-03T03:49:58+00:00
9e6459fc-73e9-4a34-be4b-00485dc62d2d,b7a745a5-3025-4c9b-be31-be2069c14582,768f984a-11bb-5afe-827e-e6648a5cffaf,rice cooker,5,39ed1c42-83ef-4dc7-9b13-8c6b85440ec3,2026-04-23T12:04:12+00:00
85dd993e-b399-4dc6-9319-9e70ac9eaaa1,3d8d407b-3444-4e37-ab6b-268253b5c015,34408d3b-ce9e-5e44-9024-29b2043d0474,ikea desk,0,,2026-04-14T22:47:15+00:00
9865a36d-de83-42f9-9343-f550635aaa9d,e7f25965-2024-4c9f-a575-caa1e7bc13df,ec9302b2-2cb0-55a8-a533-ca6ef5f02aaa,standing desk,15,,2026-03-27T08:50:52+00:00
9eca42c0-8da0-4311-bb25-6a4fbf7d0655,e56963cb-53f9-4240-97e8-786e9f766dec,b9ee6304-bf5b-529a-9089-bac22fa326c5,printer,0,,2026-03-19T10:00:42+00:00
f37444ea-dea3-4ed3-866c-918145ab31dc,6dfbbf9b-099b-425f-a0b4-4d13ee683924,abc8c066-35bf-588f-bcd0-73087fd5757e,monitor,17,,2026-03-20T18:30:06+00:00
b4439b13-f2d2-4b8a-89f6-f95d8c14760c,c83332b4-6631-4d8a-bf55-d7b4da6ef7d5,f8cb188c-988d-5a86-8205-34a9c3273d5d,textbook,0,,2026-04-14T02:46:59+00:00
0845b80a-2008-4e14-83b9-8b8f6c183a6e,405b7524-8b1b-4475-ad96-825a01e94fc9,71e7af19-38fc-5663-9be1-4c3de6b1671f,lamp,8,,2026-04-05T06:39:39+00:00
8b560ddb-eb5f-4b02-a2e7-063276ec128a,e81d0345-b7a4-4bc0-82b3-de121ed5ff87,614cc77b-bfdd-58c5-b5db-e3dc357892ac,laptop,2,,2026-03-22T08:38:02+00:00
88360151-89d4-48a3-bf4a-bfc7c55e7290,6695a266-c3cd-43a7-a7fb-fcac77328615,48f27679-81b8-5781-a602-004ea1d60a4d,boots,15,,2026-04-12T00:16:25+00:00
a33bd785-067c-4d2a-b67a-e58a3af9f59a,0659bb5c-a162-488f-bda6-3659a00193c1,7e7d5a18-6171-57a3-9cf0-9e2fbf2bf383,kitchen,2,,2026-05-11T12:50:29+00:00
daffb9e9-9f23-4347-98f4-51fca34e0048,c5c387fc-8cce-4d21-8e67-f9a537bce316,45bece2e-9881-5a4e-8f38-69c2b631f415,microwave,4,,2026-04-05T03:37:36+00:00
c5129e99-919f-45a4-9ac7-c59eb25aa08d,b6f4d635-89e6-4c7d-b21e-375b06a4dc27,23b95d71-bf4e-5852-a810-464c7ae880c8,bike,18,,2026-04-15T22:51:05+00:00
aed8b358-a7f4-48c0-b172-1ead0ae2c21a,4d2af566-e452-4cb8-9f1c-2963153454ef,fa0e7875-68e1-5ebf-b8fa-918fc41440c6,bookshelf,0,,2026-04-20T17:01:56+00:00
447ceb4f-5784-4309-abb2-5b51ffe58e2e,089faa8b-1b06-449b-905d-977d8b88b69b,42f4761c-006e-542e-bad5-6fd1fed3cd3e,apartment,0,,2026-04-10T06:05:10+00:00
a6e24a4a-d141-4926-a646-d772a61a40ea,20643c6d-5091-45f4-96dc-2970aa107c3a,0af4bf3e-a038-5c44-a1ef-7af6512a177b,textbook,0,,2026-05-07T07:20:55+00:00
83c2ba74-ceee-47a4-8c64-0eaf2078d4c5,a4870570-7c5f-4b20-8e76-eb3e4f83bf13,b2620c55-622f-54b8-9fa8-79b34401eee8,kitchen,2,,2026-04-02T23:10:34+00:00
6da23b7c-b97e-4709-b1b6-40c2e42d5a55,fe1dae52-39dc-4990-be70-ac03aa8ee90a,d8f77123-5ebd-5e2b-a2dd-56c443305962,dresser,25,,2026-03-26T11:44:03+00:00
f23b9533-53d3-431d-896c-25e9f50797d2,7524322e-1510-48cc-868b-8d59b328109b,b7c6955c-d5b8-504d-a19a-e54a6da3c96c,sublet,0,,2026-04-03T05:00:30+00:00
5ffc145e-4274-4d03-bb4e-20ef864175a8,b2fa8b95-5aab-4854-a682-06ac4d3c3500,8b4c1ddd-f912-5e5f-b4a0-4a4204243c42,mattress,39,,2026-04-05T17:32:26+00:00
f1b93533-96bc-45ae-93d9-07d7a5232bbe,9b0f4215-bb92-4800-a8ee-8b3a7bbf2ee1,58d12c76-04b7-5532-ac39-b8d48b72d34c,free,16,,2026-04-14T02:42:50+00:00
75153f43-60a2-4a3a-8cd6-dd73f96002eb,d1837fdf-ba50-4cdd-aa78-612b77b13cac,b794a4e2-5db1-59af-b776-d21157de8f4e,ipad,18,,2026-04-15T07:27:54+00:00
f648e221-1cbf-467f-849c-3c4b081c3722,427e62af-c795-4132-8cf3-9c85f803508a,1dcb44a1-3275-56c3-9f28-1b5af1c88d91,lamp,8,,2026-03-21T17:51:12+00:00
33fa6e5c-53bb-4197-a3c9-24f0c5cce436,27d6298d-2568-4e4c-99dd-0f0d3e043508,6516b6ed-fdb1-581a-8347-d6e93c67efcf,headphones,24,,2026-03-08T16:13:25+00:00
780a0ca7-9e34-4e48-8364-9036c1887bb2,b2934820-ad75-476f-ade6-054a7c89f295,5fecc765-ade9-59cb-bf6c-f87c4d82ea20,ikea desk,0,,2026-04-11T17:54:40+00:00
a3f39f6b-d960-41a2-ab53-dcae578c5252,5d1a62df-3bdf-4836-a4d0-5dd139fc5e81,4fdfc374-2f06-5593-9515-80e784f6c2a2,printer,0,,2026-03-22T01:13:06+00:00
c11d0372-681c-4230-9731-8fa396f5233e,c51745ca-bb03-4bea-9828-f74363cb7a4b,b2f29255-1600-5ada-a2e2-bb45e8a52f88,printer,0,,2026-05-25T11:23:24+00:00
35c0d05f-7aaf-4312-96c6-a61279deee3a,373c37e3-0e01-4319-81cb-158d1344da99,1df062e4-cc2a-57ff-8235-ddc934558e01,office chair,0,,2026-04-05T12:00:41+00:00
e05dfc3e-3110-4b11-9aa7-228c838ee7ac,44ee0402-719e-4795-b6d1-9697a6d0a515,6ca9c09e-302d-53a2-b684-b9cc8450880e,bookshelf,0,,2026-04-16T12:23:47+00:00
08fefc69-fc34-48c0-bcd4-074f104df499,742f60c2-2f3a-4c03-86e2-e6b289299c40,5770b7fc-7eab-5d58-842e-a3a0999663b9,sofa,28,230f0458-5db1-4c49-810c-ca5ac89508fd,2026-05-26T23:02:14+00:00
012b65dc-7281-454e-9f31-99742b37e2e3,200f9843-09b8-49fb-9a99-30710133815e,d8cc3142-f50b-5980-85bb-2e7679a647e2,cat,0,,2026-04-08T08:41:15+00:00
3cbdd0a6-d65a-4b48-9648-42c300522f98,4e4985ea-2b80-4cbe-8d6a-7abfadaa2f26,cecaf83c-60da-5254-8d78-7961cc54a89e,bike,18,,2026-03-14T10:08:49+00:00
f1cb2261-a46c-4a30-9568-e7763fab02eb,82c26f80-0b16-4534-b361-35fddfa95816,74b2010a-496e-52fe-89db-16a442285a51,mattress,39,,2026-04-19T16:31:34+00:00
5616f871-b5ec-4241-8fc9-18aa8fd6d772,d1837fdf-ba50-4cdd-aa78-612b77b13cac,b794a4e2-5db1-59af-b776-d21157de8f4e,rice cooker,5,,2026-04-15T07:37:35+00:00
70254ad5-9a21-4696-8b63-a06598bbe962,1cd103c5-ca45-4990-b0e8-9aeda141fced,4fd5c59d-2b9b-5d1c-90bc-688a46246358,kettle,13,dcd5c0fb-0540-484f-890c-4c6c5cd19b27,2026-04-01T02:45:00+00:00
c7641641-db56-4b3d-94b6-6bef7858248c,52f70005-a5bf-40e4-b8a6-5507f64e2acf,31a96a04-db1d-5809-96fa-8263e4a8045f,lamp,8,356d8df8-dd69-4f7d-a87e-0c7d8c5cfd6c,2026-04-18T19:10:25+00:00
60c2c82a-66c6-4307-9ce3-992153c46b6f,8b2968bf-8ea1-47c7-9c02-7ef1cd908f61,5b461432-2757-5fba-91a7-297a074d8dc9,headphones,24,,2026-04-03T10:58:58+00:00
2fa902ea-a060-4dee-9618-ae629d021ca7,56423c84-9e94-44e6-a034-0a21e231fbea,778db42c-7465-54c6-9928-a91c221852cf,cat,0,,2026-06-08T07:25:40+00:00
c4642aa9-9dbd-4074-ab43-a17d7e44d281,94124252-c61f-4b05-ab17-fb467c898e0c,99f8ac34-fdba-5746-8de9-912dd43a2e20,guitar,0,,2026-06-21T12:32:05+00:00
f5ae631d-571f-49d3-a8dd-2253d92516ff,f79de4b1-f0cc-45e9-85c3-b3112725fde1,329936c1-f9b9-5dfa-b53e-fd114ec9a7fa,coffee table,17,,2026-04-16T05:39:40+00:00
99bf55f1-215c-483c-97e7-26cb47a71ef2,f46fae0a-66ed-4c74-baa7-7380e11570dd,d7edaa1a-4b55-5f9e-8925-0f9645adb5d6,vacuum,17,0c21f54b-1386-4308-bdb0-862ce829cd5d,2026-04-01T18:35:19+00:00
b9dc6f03-8bb2-4f3e-b93e-d38912c2f399,f46fae0a-66ed-4c74-baa7-7380e11570dd,d7edaa1a-4b55-5f9e-8925-0f9645adb5d6,concert tickets,0,,2026-04-01T18:44:39+00:00
a65c2061-e1a4-4500-8728-f4ebbd1b9f10,a4435821-88f2-470f-8792-58ce92993496,a934c181-f5ee-54eb-9a36-d425132dfec7,ipad,18,a398d554-be72-47c7-aaf6-18caf0a0d108,2026-04-05T02:09:50+00:00
aff577e3-d16d-42b5-a886-034c3dba1d47,b3756f66-bc0a-4be7-b18e-d5a43ae2cb20,567b65b9-7426-5aa7-9741-d31b00239e49,textbook,0,,2026-04-03T08:15:16+00:00
557cb08b-73dd-4698-9c3e-4b671b8f57c3,6f5ed66e-e07b-48ed-b59a-b63d714e545e,2aa61ed6-0343-5bf4-aecf-f4e5ecf50d53,guitar,0,,2026-04-06T10:54:39+00:00
cc02e2dc-fb70-4b32-8f61-5ed004c3cf9d,8f39dc61-73fe-48e5-9abe-1b74522d2ba1,1a3f6257-b3c6-5e24-ae97-9e1375521359,desk,83,229700f2-dd1c-4c3e-9ca7-a04381a34680,2026-04-04T06:27:52+00:00
8ed8b166-b065-463f-a23e-5f19b6b21faf,420bbc59-57c5-4a99-a707-cc797e6b593d,8c3b8eae-eabc-53db-b688-d1e99f7ed2d1,car,27,,2026-04-07T17:35:44+00:00
ce8815f0-fe26-49bb-a756-94f045ffd9cb,b0d125ec-566b-4830-9728-284dfbbab547,39b31d49-b05a-527c-8f1c-64cd81003101,textbook rental,0,,2026-04-05T08:18:56+00:00
65bec1ea-5c14-4fa2-a4a0-37aeb700a893,3937cfde-2cdf-4e1e-be4c-82855fca8848,00368f55-b3c7-5fcc-9261-0ec37fca6cef,airpods,3,,2026-05-08T10:59:22+00:00
120010d8-5d98-4250-a94a-fca94e33b98d,7a537b60-7891-4d8a-9a2d-3dc4f49961e2,89a2e6a8-1fee-5c0c-90a4-8698376e10b7,lamp,8,be0be817-baa8-47f7-9fce-d4da3b156dc0,2026-04-13T11:09:09+00:00
99da295d-8e78-4092-abf9-1bb4247e5f59,aea754b5-366e-4133-98b4-d7a02489d027,9d89044b-0e30-5942-9390-5315a7467a16,free,16,,2026-03-31T02:31:27+00:00
d38e4353-13e8-4766-abad-d4c07fc9ac8b,147ed698-2b4c-4e8b-aa70-aa17d045b912,e0cf5af2-69de-5992-994c-a81d892c6545,vacuum,17,78baa83c-e631-492d-921d-97f209627a79,2026-04-01T17:00:30+00:00
c39e0fee-36a6-499e-a41c-1b42298eae79,f6e71fce-dd96-47bf-af78-97f8cfc698e0,16a991b4-9725-5414-8df1-d3256c7f4358,free,16,,2026-03-23T14:56:47+00:00
9dea632a-9365-4cb4-abc7-6aad62023f8d,f588c9b7-219c-42f4-8026-81909c76658e,0312e77d-4d88-5970-bb34-8ff5c1c0a29f,bookshelf,0,,2026-04-11T11:13:48+00:00
a4fea91a-890e-4377-ae73-9dea75ef0e52,553046bf-b8f3-4054-8eea-bd6715749b6e,4926c2e4-b938-5836-9bb3-662c9ba2dadd,office chair,0,,2026-04-06T21:03:25+00:00
7f609787-2850-4596-93c9-41c3e8f47ed1,7275315b-de5e-4c67-9b01-11b25728750a,476da95d-0867-5294-9176-5bb695b83f5d,car,27,,2026-03-15T06:01:59+00:00
3b362a04-ea79-41d6-887c-b47e55c9f77d,39253471-72c7-42b6-ad3a-569f5728f21e,44957575-6232-5d5a-9848-11f1656328f0,kettle,13,,2026-04-03T00:14:02+00:00
08494a47-1ee3-433e-a9dd-b8b54a5a4c18,a699aa40-0fdf-4212-a0ef-24d84d61c465,3aaf2e0b-ebb4-5702-a10e-e1a2d39a9568,guitar,0,,2026-04-06T14:45:25+00:00
1e9b8879-1b92-4039-8531-224dad96ce01,3fc6331b-9394-4e27-8bfb-3d16fe1a97c0,967fda37-e03f-5f6a-aedb-4676b4c353c4,monitor,17,,2026-04-03T22:38:15+00:00
0515f1bd-deaa-44d6-af20-25bc591571a4,e5760964-741a-49da-986c-c20413c5103c,feaddec3-70bd-5583-8e4b-233e8849c821,vacuum,17,,2026-03-18T16:11:19+00:00
620885be-0ee8-4a3d-861a-0ed50d297309,60e4a087-d37a-496f-8841-564316fa7ec6,98988ed1-b467-589f-aaab-6bbaf5388c8e,yoga mat,8,6dc97872-dc25-4114-a162-6a5236efca6d,2026-04-12T06:18:51+00:00
2ad54249-f667-4eae-b9ea-c4feb154fbfe,d4e30b6e-aa93-40ee-8750-e1f001abcea7,5d1a1a1f-cafa-57a3-a1f5-54d8dea8b227,vacuum,17,,2026-04-22T12:04:17+00:00
eb300992-f4c3-4625-93bc-9676d7c530e8,95c27d41-572b-4b7a-b3cf-43833c5680e5,5e4a88c1-1050-5d76-8b2c-d16fba186527,corporate finance,15,345d2695-9b06-434a-a689-275fb3c83364,2026-04-09T10:04:05+00:00
3f43a099-24af-48e5-bb77-a21645b129ac,b296b45f-615d-4fb5-8a3a-1c8e1a6337f6,9f0be13b-9fec-58a2-be13-a5434d5b00c8,dresser,25,,2026-04-05T11:12:00+00:00
3cbeaef9-4f98-49c5-a620-f5cce7aab570,c23dbe1f-e0ec-4c11-aa9d-12a5f551ed35,cb1c7f43-1617-567c-8003-892652c0cea1,boots,15,bbd9d450-b92b-4b99-a76b-55ff10ff1cec,2026-04-13T04:52:57+00:00
5334b3de-6458-4931-84b9-838e1dfaa025,89d77857-c92a-42dd-af96-5df74aa05d59,3f62b4bd-834f-5db5-9588-c7f96733b6cd,monitor,17,,2026-04-12T18:15:13+00:00
2583f3be-3810-429e-8857-a7258556231c,aba48693-f4f3-4a99-931c-a612969e1c14,00f04bff-51cb-5901-a71d-7f8f162e8350,airpods max,0,,2026-04-03T06:12:57+00:00
dac391c9-ddb1-4aab-8ed5-0e06b45749fd,1af051a4-5fb9-478e-9d62-3279d88a6cff,d5e24682-14b6-5a15-a554-960db9ac25a2,textbook rental,0,,2026-03-24T15:57:55+00:00
06862002-aa61-4f85-a88f-477a091aeed1,dd97c4bf-c562-41cd-943b-218a8b5baac4,07c9c380-b459-5262-b115-f4437020c05f,office chair,0,,2026-04-17T04:55:21+00:00
1a491acb-0895-4e89-a665-6b6985e26c3e,1537bb8f-8d18-4dae-bed2-636ec4ce9b62,e0b42a88-87cc-55c2-9bfa-9504c51f9b45,office chair,0,,2026-04-15T06:36:39+00:00
22834278-0ad6-478e-8206-fb5d06612b4f,23a55d2c-5ac7-43a9-a6a4-20734b79d7ae,92a20539-30fb-59ba-a222-8741320950e6,winter coat,0,,2026-04-27T05:31:09+00:00
3464eae4-81e0-4dcf-8a03-ca67af1fb86c,5c16ef18-8047-4cc4-806c-4ef9df6de907,e8396ead-1098-5da0-8620-7014eeea8e21,parka,2,,2026-04-27T21:40:44+00:00
3f785e43-d4ff-415b-948b-34d2aff9b9e7,4eb375d1-e150-4235-aed3-d4483dba1cfa,29a4deaa-e44f-5eb9-b4e3-07bd319ac28a,parka,2,,2026-04-26T23:51:02+00:00
47e681bc-2bc9-47bf-b785-b9c6115e3afc,5c27de08-e263-49f8-b85c-5d1bfb70223d,978d2d4d-a96e-5769-b62d-e063e75262af,mini fridge,5,,2026-04-09T01:29:14+00:00
2787227a-0105-434c-8baa-9caa2a9bae2b,20be0228-dff5-4a8a-9078-9f3e013731d6,4b1aff03-51c0-5c3d-b0f2-1ef1c3a49858,vacuum,17,,2026-04-08T06:07:52+00:00
a4ff7082-fe48-4043-980e-7b3ebe6303a1,3eaa28c6-6c66-4841-a82f-101d62f26410,6f316fa9-c637-5356-ba11-d611d9d34004,laptop,2,c837e9d4-2f2b-4ddb-b418-5aeace9f4e22,2026-03-18T05:49:56+00:00
747f63fe-e04c-4273-bfd5-fa5bc9ad52ea,fddcb198-bf64-4afe-a7ba-49b9d8c59c2d,760a9e8f-69c8-53f4-bf86-f57bfced16d9,mattress,39,2a4df85a-3a65-4773-a6e1-14563eef1f9d,2026-04-03T18:02:29+00:00
f5721255-5107-423e-b58c-8b73d1f26b2d,63e9a505-7c6b-4204-93f7-db5e9998f23c,f71e83c9-5a83-58b4-8638-42013f935d14,boots,15,,2026-04-07T03:05:37+00:00
dce054b8-1443-45a5-8854-65dc45561a6e,41583495-38b9-4f40-b6fe-64577f910a54,215c5d93-8b8a-50e7-b6d1-70c2185b200c,airpods max,0,,2026-04-02T11:19:12+00:00
f7bfd536-6e12-4918-a8df-d42768a271eb,345afc84-e133-4249-9c52-f900042bc4f9,a043fc50-c22d-5956-b43f-08b126ef896d,dresser,25,,2026-05-09T00:31:20+00:00
53ad32d4-ae49-4517-a217-7b254ff315fd,2dac0197-e076-459a-8d9a-034a44933296,815a2735-8ff3-5824-a6f2-0e3eaa6daccc,boots,15,,2026-03-24T10:16:08+00:00
79b44be1-09d0-49e2-b460-5e137a45e34f,4f1cb3c6-4a88-475a-b5e5-f34f7bdaa2fc,8134051d-095e-564f-87d3-9c09fd300eab,kitchen,2,,2026-04-26T20:31:06+00:00
7db518f7-b1d5-47f6-9709-a605ff17582c,b7a745a5-3025-4c9b-be31-be2069c14582,768f984a-11bb-5afe-827e-e6648a5cffaf,kitchen,2,,2026-04-23T12:01:28+00:00
579c4725-5b25-4b0f-8bac-f3dda54e53a3,8f39dc61-73fe-48e5-9abe-1b74522d2ba1,9c9e284d-861f-5361-84db-45ee59087e36,printer,0,,2026-04-10T17:39:52+00:00
9fbd33ff-c459-45df-815b-80fa0ea46151,f0975694-b83e-4f38-932a-48a07c354e6e,052d348a-32a7-54fa-be87-ca144afbc42a,lamp,8,,2026-04-05T06:36:28+00:00
f667e270-67f6-4adf-979f-f89f109e9004,8d2b7914-36a2-4975-9e44-eacb4adeaa0b,313936fb-c234-5041-a853-20126855b6b3,vacuum,17,,2026-05-22T09:43:56+00:00
f5c3f052-9fe9-4724-a4ff-666ad2c79369,fee6b0c5-a98d-4b4e-a30d-2cb91bee01ea,3667e2bf-d4a4-55c7-a728-733227295ac3,ipad,18,a4ec4e57-accc-4fc4-8da6-bd22a8170fa5,2026-04-17T05:07:25+00:00
334e2f84-495d-411b-b08b-956514da176c,3b91383c-8499-476e-b401-af488cd4b13f,261c4c6d-89d1-5c55-a0b4-5d32ca9922ea,monitor,17,,2026-04-07T10:25:27+00:00
7e732a88-90ac-491b-abc7-76830fa733bc,88cd8efd-6959-47db-8377-f4735e76c1f2,20705598-1317-57c7-9d3f-eeff9fcfd49c,concert tickets,0,,2026-04-02T01:45:04+00:00
7f801c9c-2eab-41fb-af75-fcfdd449cd2d,35d6cd54-7bcd-4288-8c6d-682b12ba3543,c9f4a418-9c17-501c-b6a3-0b6cd06fce32,sofa,28,,2026-04-17T05:33:50+00:00
4b60b1e1-8b1c-4e71-a5c7-fcbb3f725926,196c8a45-2038-46e5-8065-a0792d9b87af,d0f5efb1-2e62-505f-b476-d6b4b42183a8,sofa,28,,2026-03-23T02:58:06+00:00
641796d9-c73a-4669-b8bf-b6ea6e2ad752,d4be3d17-49dc-4e35-953b-ddb3c7c6c4a2,bb7d53f1-d31b-5198-9603-8d8fd622ae51,parka,2,6621b3ed-bc8e-48fc-8e44-33eb89a077fd,2026-04-25T23:29:12+00:00
314d5d7d-2ca8-422d-b238-895df637c5f8,1ce85b38-45d8-4fc2-a23d-d01ad37ee8fb,a8a1428b-e30b-5649-a393-b09479822e3a,yoga mat,8,,2026-05-03T07:22:21+00:00
835778e6-2e67-4d64-8075-c26183b9175d,08a3481a-550b-4bbb-82c1-55804ba01127,210a1a02-00f7-5ad7-a3b8-fbb3c99ea8b0,corporate finance,15,,2026-04-15T23:24:27+00:00
f5760eb1-459f-4937-a666-997c21c2fe69,cf7fdd80-5c27-42aa-9731-b5d404e42dc4,4d5ea42e-576e-56dd-898d-3a313c4a117f,laptop,2,,2026-04-11T07:08:04+00:00
f0cff7f7-e44e-42c2-8fd7-951dfb3c540b,b2fa8b95-5aab-4854-a682-06ac4d3c3500,7f15261a-75bc-55cc-a4da-534f722651b5,desk,83,7e1f4e97-3c6c-4e2b-b5cb-2d39545cabd3,2026-04-12T13:56:11+00:00
d5035487-16ea-4958-a57d-629dd98de3be,21f12625-f34e-45b3-aa99-2c07287fc8b7,33d43d7c-91e6-59f8-9e63-346775680f7b,monitor,17,,2026-04-12T08:23:52+00:00
b0e67d1f-8d39-4637-810c-958375997de8,6236d33d-7b57-486d-81e8-a247d50fa2a4,df2e6115-d092-5eca-995e-00dade321c8b,microwave,4,5af3b4d7-8eda-46c2-ba32-d081cca3ff07,2026-04-17T11:27:13+00:00
2c24cde9-74e1-42bc-93dd-849828ddc49a,fda29f93-a3e8-4fb9-84ba-b9b7b56ec5c2,e9458d57-4a2f-53ae-9683-b848fdbc4ae2,parka,2,,2026-05-02T17:44:00+00:00
51ef9012-2567-412a-b1bd-42a9ee5a3fc3,b9468cb9-ed1b-40fe-a021-2f6da1f2925d,268c2cd6-593f-5c2a-b122-65ad7f46d0bc,iphone 15,0,,2026-04-08T15:20:05+00:00
e740691b-c4e7-4ccb-92a3-d64c159f80a2,9e2d608b-d89b-47b6-a9be-d7becb140d83,c9aede44-b609-5499-b791-d0817998fd77,winter coat,0,,2026-04-13T02:33:57+00:00
84d6111f-748f-4cd1-bb74-cb84e083e073,323eb581-df66-495e-b4c3-b8d51316dccb,0548f3e9-b403-55e3-b84b-cc7e95048b5a,boots,15,c988a786-a97d-4521-987b-d4459cbe2e2c,2026-04-05T22:28:13+00:00
10a9a880-5835-409f-9b4b-a77208eff5b8,876215b5-4c2d-4c0d-86a1-ccfafdee1101,e43b5485-4c04-5932-9aae-782fde12dc84,guitar,0,,2026-04-15T18:09:58+00:00
57c6c5ec-bfcf-44b3-af67-d7c2af24ad52,e81d0345-b7a4-4bc0-82b3-de121ed5ff87,80297a1c-6673-5ade-a228-3e2f41d81271,lamp,8,,2026-04-09T18:08:42+00:00
6c6093bf-30e7-49e6-ae53-fb706ae2630d,1e604945-92d3-44f7-a246-8e1d1ff23f0f,e765740d-947d-5b2b-9de0-b1a6587d5803,vacuum,17,,2026-03-29T12:05:38+00:00
efdee3fc-b6a9-41dd-9f20-b6bd97424538,af42af94-15a3-4883-9130-24839fed9a09,88e827b5-9e37-5dee-9da6-441867468b79,winter coat,0,,2026-04-25T14:16:33+00:00
94fbfed0-a9c3-4821-b9a1-c98cbee1cc7c,1d60fe82-43d3-41ca-b4b2-47f71aba1916,6e554ddd-ed27-5a0f-a8a2-895d61363fac,free,16,0ca4a775-dff9-4a40-81d0-6075aa1173fc,2026-03-24T22:22:04+00:00
1c529e05-3bfe-481b-a5d1-abca1f166e0e,19d0052f-3a95-45b1-a564-0bcf21862cd4,314a2365-6aa9-507e-9303-92c71539ad63,rice cooker,5,4006fe35-1353-45b0-b76e-308e0062c453,2026-04-14T19:31:33+00:00
79e0745a-9cda-4f09-8e1d-c68bfa481de5,ac4cd2de-69ac-436e-b67e-c476f7f37a57,52b98bf1-af21-5264-919a-a84ec0123a6c,kitchen,2,,2026-03-30T06:39:27+00:00
3d47cda7-8243-4919-b995-8ad177c5db91,1755328b-9010-4f07-b351-51bc6d8e8e7e,3b714eed-f8cb-5c0b-a0b8-7203a69dc952,monitor,17,68ae6b58-3b62-40ca-8193-2d885066cf90,2026-04-22T04:45:28+00:00
c4b5dc67-2072-4242-b365-1c5c6bf172e6,147ed698-2b4c-4e8b-aa70-aa17d045b912,e0cf5af2-69de-5992-994c-a81d892c6545,monitor,17,,2026-04-01T17:00:47+00:00
e835f28e-a43a-46f8-a780-e4bbdb5144a8,a0bc3b16-7612-417e-acb2-ce0de205d14a,e5cea44d-c0a3-5a14-b8c8-eab233c21a13,ikea desk,0,,2026-04-13T23:16:41+00:00
1e5c9bc1-c3ba-4835-92a2-4f804f11df18,4495e555-157c-430a-9288-2c59115408fe,edaf24f7-1cda-5a08-9461-a76bb7f7576e,bookshelf,0,,2026-04-08T08:11:07+00:00
924e6da9-7b5a-413b-bc18-836e35b73783,6aacb066-212b-444d-b253-5871c426b9d0,c69c0555-dec1-5056-ba23-865796419d72,bike,18,,2026-04-18T21:09:23+00:00
8aded8f5-ad81-4687-a8fb-c1d1627c75a4,6f258066-979f-4da2-bba0-720da942d710,bfe7b4ce-41d0-50e5-87d6-3483655e4c01,winter coat,0,,2026-04-12T08:56:49+00:00
da7e41b6-7a49-4455-b749-1b10931fcdbe,f6e71fce-dd96-47bf-af78-97f8cfc698e0,c1ccbaf5-4078-5e51-be1a-aec49ee5f1a0,kettle,13,,2026-04-23T06:44:14+00:00
c5bae00f-9079-4901-a60e-a87802c8298f,b387c825-7116-4b83-bd18-56e81111a5c9,09c6bb80-dea0-5bdb-8105-35fecc4250fe,corporate finance,15,345d2695-9b06-434a-a689-275fb3c83364,2026-04-20T21:42:46+00:00
76930bf4-4f1e-4d58-a812-144c026539ed,1c0c4b2f-60d7-4b18-b6d0-96a64e9d85cf,4724b167-7f1b-5124-80a9-f33850045223,sofa,28,60e2dc63-a7eb-4754-b4b0-e55231e92549,2026-04-14T03:26:10+00:00
33870c29-b78c-40f6-ac7c-8cdc27a9a159,c6fd42f0-6060-47cf-a8e8-e24dcaee7d26,9cb1896d-53ca-5874-af82-bb0e0e96b5e1,ikea desk,0,,2026-04-10T19:53:56+00:00
e576974e-777d-41ec-9880-bdbe0d4a4002,1a6871ca-4c9c-41a0-a153-98abff494d21,a527b8ef-78db-5163-8b83-a213bd95c07a,sofa,28,aed83032-9435-4713-8b3e-923a2a1314b8,2026-04-04T08:10:05+00:00
fe444c4b-5300-4180-908a-fa6125e96e0e,8fe4e224-dcb0-4a9b-9949-0b5731f46fb2,9c2cef6d-b741-5397-ba5d-5af5bd989a3c,iphone 15,0,,2026-06-09T07:13:36+00:00
3496b048-9136-4063-b174-6fb54b35811c,f46fae0a-66ed-4c74-baa7-7380e11570dd,d7edaa1a-4b55-5f9e-8925-0f9645adb5d6,desk,83,,2026-04-01T18:46:06+00:00
433d8c1f-5ae4-4810-9df0-1ecde6e8f43a,db16a0e3-1900-4649-86fc-1c299886fc23,e5c5ed7e-f167-5b74-b8bd-550cba8ed481,free,16,6a10f71d-606f-44a3-ab06-dd38c18f0272,2026-04-16T23:10:26+00:00
d9d15256-173e-4576-b453-4aa595cfceb3,1dcda15d-0c1e-4892-80a8-bfb7f3596889,17c5b274-fc33-519b-9f32-4e8ea6803a99,corporate finance,15,345d2695-9b06-434a-a689-275fb3c83364,2026-04-12T05:41:54+00:00
827712a0-c544-42e3-a286-af9999378e21,bef562aa-7b99-4438-b976-0c3e350379ee,2e858833-a56e-5838-beda-65b7fb993be6,headphones,24,,2026-04-11T01:29:54+00:00
cd42a4cb-1a1c-4236-bbb4-6f13183fa22d,2b77ffd4-2ea9-47fb-b996-21cee3b20d07,5406b8f3-2cb2-5828-8a8c-1746ec9f85bc,sofa,28,,2026-05-05T00:07:20+00:00
bc3a1159-af30-4f1e-873e-5de1bb65863c,e8bd6718-0ee1-4de3-9813-716c81bea5a5,139430a0-6ae7-5e07-b6df-4ac316be5532,rice cooker,5,,2026-05-14T11:24:30+00:00
4c037fe1-4be0-4383-9acc-cf1b8fe22d9a,f31588a9-6fbc-4f16-a1f0-65bb1970a62f,91c9c9c9-a571-5222-97b3-44fc3d9c5f2a,mini fridge,5,,2026-03-28T05:17:53+00:00
393a5e0f-63d1-4f50-bac8-57d041894fbb,0474d78b-b695-4c1a-967f-6fc9587ddc43,c8bb03bb-a119-549c-bcb7-04c59357538d,laptop,2,,2026-04-17T09:37:55+00:00
3be66de6-7643-4ad8-a05a-a60cb65691e2,1af051a4-5fb9-478e-9d62-3279d88a6cff,57af42cf-4528-5512-ac9c-d3004b7b73b5,ikea desk,0,,2026-04-28T17:11:02+00:00
b9df9603-796a-45ab-96ae-4fd06f211620,5da9c176-ec13-4102-b6cf-121f4b145d5a,68d13219-fb26-5add-9514-d94382db91e7,coffee table,17,,2026-04-10T15:21:43+00:00
6d54e819-1ecd-459f-b60f-05d4f3ac0198,95c27d41-572b-4b7a-b3cf-43833c5680e5,5e4a88c1-1050-5d76-8b2c-d16fba186527,office chair,0,,2026-04-09T10:08:23+00:00
6ecf8edd-93cc-464e-94b8-6ecbd7273541,6dae0af9-c881-473c-a919-489118789e0d,c8a8a079-675b-5bc2-9d7a-0135097328d3,ipad,18,b12c8fe2-904a-4d9e-bde7-22193b311a50,2026-05-06T08:23:17+00:00
98c4c056-b413-49f3-8de9-2253cd05a97b,88f97422-e385-4200-84c1-cf21ce0c6cda,9c492271-c0f6-51c2-9c4f-4c555d158d8e,yoga mat,8,3333f1e5-5be4-4c6c-97ea-5d430c0514e9,2026-06-20T02:25:11+00:00
c6f9e263-b0a9-4fa1-9602-a027f75f1f4a,85a05a4b-ce52-43cf-8433-02a2cad529e1,93f8e8e0-035a-5445-a642-a824416c87b0,rice cooker,5,4006fe35-1353-45b0-b76e-308e0062c453,2026-04-26T16:46:39+00:00
607795eb-2180-40f2-89da-8ed64819fcde,c61cd5a4-1592-4718-9dc9-3a026d2fe8c2,e253aa17-a456-56fb-8d04-aa6c0bd35338,microwave,4,520ab43a-06ee-4250-9416-cc025332cbae,2026-05-03T18:41:08+00:00
2ae20e7b-38fc-450d-b225-6161e80a59b0,4eb375d1-e150-4235-aed3-d4483dba1cfa,29a4deaa-e44f-5eb9-b4e3-07bd319ac28a,boots,15,87880366-1d76-48f3-8bf0-4a5718a8aced,2026-04-26T23:48:45+00:00
b929fd4b-d5d6-44b9-947c-dc67c5e0a8f8,78adb4b4-64d8-4a3f-b789-0aeeccaf033e,10e221b9-55d8-5ada-a896-f2d59a719355,monitor,17,,2026-03-27T22:05:09+00:00
94c34727-59e4-462b-8880-46570ad1e65b,e86b6f1b-0a3d-47bb-b10e-f87bc5c17b57,6c3f4900-fb48-5a4a-aa34-4fc4066f08a8,laptop,2,,2026-04-21T09:02:03+00:00
ee190521-2397-4f9e-8ef9-d3fbc5605bef,a1f3b9bd-77ee-4e74-b526-4ee00f40666f,915e4306-cbee-50ee-b85e-8d9d9af40803,winter coat,0,,2026-04-09T11:48:35+00:00
c8fe27ae-45f0-4e14-b241-6f195bf44d96,58257853-1e57-4d62-9ffa-e3bb46ea2cbd,4083ebd4-0e55-565d-a054-9e577d49535d,sofa,28,44f76140-7822-4deb-ab2f-f324a9ab49f7,2026-04-04T20:24:50+00:00
2e134916-ceb8-48b3-97d1-a5cf6e7dab16,1162a399-ae84-499c-86eb-5c0b8d4bd19d,467f6b71-4b2c-56b5-bb5e-020ff4fa6cef,apartment,0,,2026-04-27T14:30:37+00:00
1e22329d-4831-4b71-b2ed-2f058d87b6eb,4333f52d-82f4-4fb4-b6c0-44d327f5b25a,0fd87134-6c71-5d9d-b97b-0f7e480603d9,lamp,8,fdfd0824-172f-4b4a-b278-6eb35f13e393,2026-04-21T05:39:56+00:00
fea964f9-fc67-4100-8890-a6b0a1b4cfd1,79c00b7e-dbe5-41bb-8a92-189f533b8e9f,9ca5eb82-5ba4-56e3-ac03-eb9b98ecd916,vacuum,17,78baa83c-e631-492d-921d-97f209627a79,2026-04-20T10:55:12+00:00
8fc867ec-5aa2-4a02-9698-02e828725449,1dcda15d-0c1e-4892-80a8-bfb7f3596889,4e2ecaee-6f30-54ae-800c-49dd8ad291da,laptop,2,c837e9d4-2f2b-4ddb-b418-5aeace9f4e22,2026-04-20T11:50:08+00:00
fbf2a82e-0c75-4010-9530-5da6b304bec7,23a55d2c-5ac7-43a9-a6a4-20734b79d7ae,92a20539-30fb-59ba-a222-8741320950e6,yoga mat,8,,2026-04-27T05:26:07+00:00
1ab40de7-b77f-4b8b-a141-8011b54cb76c,c83332b4-6631-4d8a-bf55-d7b4da6ef7d5,f2433802-286a-59fb-ae6d-2cbc59c793e5,desk,83,,2026-04-25T09:36:19+00:00
731f90c6-7cbe-4ccf-8193-c40c864e038b,4d2af566-e452-4cb8-9f1c-2963153454ef,fa0e7875-68e1-5ebf-b8fa-918fc41440c6,apartment,0,,2026-04-20T17:02:16+00:00
9cb5ef18-6d0f-4ae9-86de-5e5e61667cef,5a9e45fe-4a1e-47ab-9fd9-93dbc98d81eb,eca51989-144b-51e3-96ce-cda1af36592a,boots,15,,2026-04-22T07:58:39+00:00
0d9a3456-3b98-4dea-a827-0cddcb40d03b,210c2b91-059f-411a-9302-7b1e3c1091de,b30ed7b9-ee49-58ab-88dc-01a96c63b684,desk,83,,2026-04-25T17:58:55+00:00
891ec8b8-96d7-4415-ab8c-6a9aadba6d13,b8d5ebaa-e3a1-4774-8f3c-355409546348,f7e4096c-c594-5a02-ab8a-6cc4792c6799,ikea desk,0,,2026-05-05T19:55:10+00:00
4626ae88-d957-4141-8d37-f3718a2b1218,1755328b-9010-4f07-b351-51bc6d8e8e7e,3b714eed-f8cb-5c0b-a0b8-7203a69dc952,winter coat,0,,2026-04-22T04:37:05+00:00
a5627248-ca76-4b1b-829d-54350497775c,cdb4ace0-6ea2-498d-90e8-2009a10848ce,faacf8fd-957a-5fa4-a4eb-429ab7c3e594,parka,2,,2026-04-22T21:16:42+00:00
98c4ecb5-e5fd-4bf3-8f94-cdf051680904,79f24b18-9bf0-4e1b-be57-3291ef518791,ae5b1379-30ad-57ff-a57b-7586ccb3c060,coffee table,17,,2026-04-20T06:10:54+00:00
fc7d81ec-a706-4588-9856-248b15721b3e,aedee5fd-dd23-420b-9df6-813aa5259225,d2e282eb-86a1-551a-bc70-d316dc0440b6,ps5,0,,2026-04-24T02:06:14+00:00
9f02f47a-0ed3-49d8-a680-a3a3d490b8b5,1d60fe82-43d3-41ca-b4b2-47f71aba1916,6e554ddd-ed27-5a0f-a8a2-895d61363fac,rice cooker,5,,2026-03-24T22:30:06+00:00
d8738d49-8689-43e3-a57b-e073688a7739,89d77857-c92a-42dd-af96-5df74aa05d59,3f62b4bd-834f-5db5-9588-c7f96733b6cd,cat,0,,2026-04-12T18:14:57+00:00
6d597109-5122-4631-8ef2-c0cd4cd15cd1,3c93bac9-6c00-45ff-868a-2fca9fd92411,e277b868-809e-573c-bb3d-c537a460f654,textbook rental,0,,2026-04-09T03:29:13+00:00
cec89052-1448-4c9f-83df-6bc66f199489,ca9eb7cc-b0b4-4109-8c12-f728c1c22bd2,b09e188b-46a6-5740-9552-36dae1162606,rice cooker,5,,2026-04-16T03:27:34+00:00
d3aa05b4-47a0-42e6-ab90-dec8032f9159,55fb0edf-b28e-4b2a-9d2b-2fa1f6dcbe3e,2703a57b-6336-588c-a6ee-10164aad8080,winter coat,0,,2026-05-27T06:45:17+00:00
c5d69adb-d2d5-4881-84d9-fd8f7efae160,c83332b4-6631-4d8a-bf55-d7b4da6ef7d5,f2433802-286a-59fb-ae6d-2cbc59c793e5,sofa,28,,2026-04-25T09:50:16+00:00
eaf0681f-9470-45a6-9d84-422885bad4ef,f87b345a-0777-46fc-865a-b76dacc1e90a,18f356e3-f194-519e-aac6-9cc7ff888fc8,free,16,0ec959ed-9cec-42c9-965e-78c26eaf23ab,2026-04-23T04:17:42+00:00
a218a21e-f5bf-4613-b39f-ac850f7a06c4,33cd8209-3c57-4c7c-9796-06275679bd1a,6dd54839-8c69-5522-b1e0-f72d8c2dc3e1,winter coat,0,,2026-04-27T05:10:39+00:00
8f4329c4-1e40-4097-871f-a988e7dfc90c,b296b45f-615d-4fb5-8a3a-1c8e1a6337f6,615953f3-c215-52d5-9fe4-c9ccfa06edb8,printer,0,,2026-04-24T09:45:18+00:00
fb94a37c-f216-4792-9026-c3ce92926cd7,0c75c528-0777-4d48-b0e4-87ab07dcd5a2,0b8bff65-4499-5877-bfe9-69dd4e129113,ipad,18,,2026-04-15T00:50:30+00:00
8f96569c-0914-4fb9-a68c-9ff9ffc361a4,df691f30-136a-487c-b5bc-1071c74717ae,834e985e-5ce7-524b-bbff-be1cf375210d,cat,0,,2026-06-19T00:00:34+00:00
f0dd2ddd-7bf7-4bee-946c-0613bf270a0c,14de7a21-0292-46d5-91cf-5ab7a5ec694f,c6de6a3e-2643-52bd-a9e2-80a68c504e53,free,16,,2026-04-23T09:05:51+00:00
3fdfdacf-bc10-4cde-b8ae-1b8dd4568455,8b2968bf-8ea1-47c7-9c02-7ef1cd908f61,d3248e47-c6c8-5d50-8153-135c3a4ebbf3,kettle,13,,2026-05-03T00:56:36+00:00
a9ad3b52-3fa6-4e71-8f7e-8cbc6e60d8c1,9b0f4215-bb92-4800-a8ee-8b3a7bbf2ee1,c9b8dbe7-d997-5885-9abc-5810142ee686,ikea desk,0,,2026-04-14T18:17:49+00:00
90d3d31b-19b9-4fdc-9622-c4f85a23fc4e,a14d5a0d-9ddc-4170-a239-6044cb65462e,9f525d9d-1c4c-51f3-b3a6-39698ae10e59,textbook,0,,2026-04-22T21:32:49+00:00
23452912-b54d-4efc-a30e-c5b40739ca0c,b3a19bd7-50cb-456c-b659-629d5699c870,3fa27f12-85af-547d-bde1-dea4ca013a86,apartment,0,,2026-04-16T01:32:17+00:00
bf74a050-0a85-4ddc-9185-d53e33c999a9,3cea8b9d-4dca-4cfe-99da-d19925b8fd32,279ead4c-026a-5f3c-ae67-c037e78a23a6,kitchen,2,842cea88-1f69-420c-ab47-2cd5ac467723,2026-04-19T02:01:25+00:00
9963d534-0858-4854-9cca-ba66e2c611dc,5da9c176-ec13-4102-b6cf-121f4b145d5a,68d13219-fb26-5add-9514-d94382db91e7,kitchen,2,,2026-04-10T15:31:39+00:00
d16e089f-fbc9-4bb7-be11-da3aa90ce8d6,6423836f-839b-4455-9791-d85c98ea5f5f,832b2bf3-6441-57f9-baa7-1ba24c1972c2,vacuum,17,,2026-04-22T17:09:49+00:00
9ebd966f-2031-411e-b6dd-a088412ce524,f2e15dfd-44c6-41bb-8e26-a90818c01dd9,f8263789-bb0c-5c34-beee-58205bffc353,ps5,0,,2026-04-27T06:31:53+00:00
df3571a9-55ef-410c-8a1e-57ec4f5d402c,bf74e9cf-5b79-495b-8c29-2dec4918a0c9,48c2259e-ec30-56d0-86d6-3b3a63767fb3,printer,0,,2026-05-03T15:43:55+00:00
0e79bf43-cf36-44e3-ad62-f4597c475ecc,e33923d4-ae33-4f20-93b4-4927825fa9f9,fa84e8a0-30a0-5ff5-9677-d8c60f14fdce,printer,0,,2026-04-30T17:51:41+00:00
1e9ca2f5-3c61-49a3-b7bd-37a91d48d7ec,2309ca71-b2a1-41d4-93da-72d42bb24e63,5bfbc39a-18b2-5a76-91bc-7d30b24250ac,monitor,17,09970f75-43e1-4877-8cf0-e983b60eaf7d,2026-05-11T13:34:51+00:00
cd6465c0-eab0-4c7f-8a30-b6c184731445,8fe4e224-dcb0-4a9b-9949-0b5731f46fb2,9c2cef6d-b741-5397-ba5d-5af5bd989a3c,winter coat,0,,2026-06-09T07:17:56+00:00
edbcac28-e04b-45e3-a86c-8ca9a5b22220,6a68ec56-67f5-493e-810d-eb44598b0e94,f3b3c977-9c66-5ff1-8216-a60fd4b521f2,airpods max,0,,2026-04-29T04:42:48+00:00
b6fbaae8-19b1-42a8-892a-9be60b0f9288,94b88316-7ce0-493b-8421-126aaef1e308,e7f654de-4624-5de9-abeb-43caffa23683,parka,2,1044ae4c-b231-415f-891e-b82500b854f7,2026-04-18T23:07:53+00:00
c7c222f8-adf9-4cce-9a6e-aeb521bb725d,6fadda54-a15d-4010-be7a-2f23d4461cf9,0d2b9714-61e7-558a-8b13-aeb821e4bc2c,airpods max,0,,2026-04-30T04:06:55+00:00
a29c2d4d-538b-4bdb-bc5b-6a78be837323,3fc6331b-9394-4e27-8bfb-3d16fe1a97c0,b6b0f6a8-caf6-5476-ba54-a57cdf8c802d,free,16,,2026-04-28T13:54:07+00:00
f1907ece-2b6b-4e0c-babf-9f8d02b8f3fb,420bbc59-57c5-4a99-a707-cc797e6b593d,5889cfd1-d035-5b5b-934b-9aa2c1118223,lamp,8,,2026-04-09T08:29:18+00:00
a4a07368-4737-4e48-8d96-409f5c08db3d,31d9eacf-7f61-4435-b484-43965f1c29b6,b34cd1db-b646-5935-8ce6-8e3c24cb343e,sofa,28,,2026-04-11T19:06:30+00:00
0c8a7c0a-8f72-4667-a78b-fb489b03733c,0735b0aa-84bc-49aa-a78b-0ec4f2e216e6,46a67ea2-d492-55af-97c7-6897f3c69af1,bike,18,db96c943-47f9-4ff4-b4df-5c51d40b1169,2026-04-22T11:32:15+00:00
f00a1b98-e17c-4d53-856d-dfc5e8a1ea6f,9c406b9d-cd77-4899-a023-48de9fc080a7,64796272-204a-5ad1-9613-90bde8bd7322,mattress,39,68f2e5fa-743b-4041-8661-2c0ed476e552,2026-04-30T21:44:31+00:00
9a920ae6-f585-4896-b81c-1ffbef4acd3b,6aacb066-212b-444d-b253-5871c426b9d0,d8753909-cdce-5405-8851-4e62044ab12e,coffee table,17,eca7fe1e-4990-4fc2-9085-43d2db37d456,2026-04-24T15:25:58+00:00
b60326d8-de19-40a0-a2db-1de16d0c4a9c,6f5ed66e-e07b-48ed-b59a-b63d714e545e,1f516707-6cee-55de-9e80-4b51a6b69cc4,car,27,56e310be-5218-431b-8b15-874baefee5c0,2026-04-29T14:11:22+00:00
7f23d248-fedc-456b-bacb-3af2e83f40dc,4366727f-cad9-45ec-ac07-3b7e024b94a1,4c580fa3-6f6b-5f33-a49e-0a913de77b69,kettle,13,a4425211-989f-469e-a720-479fdc47b9fb,2026-04-05T04:09:38+00:00
15aed9d9-d650-4902-b165-5c090054af0b,7352bdf0-d7cd-4554-b7da-0f69eabb5ce6,ea61f46b-a502-50ff-8f58-7aa3b7e48ada,bike,18,,2026-04-25T10:40:28+00:00
f95cd3b8-fb97-4817-8f18-d0be91ef545b,aa179f68-3aae-4474-991e-448842620800,8565be2d-837e-5131-b481-bc9880acc1f4,office chair,0,,2026-04-21T01:07:23+00:00
1412621c-af1f-4696-970a-80fb01fb291a,658d561c-1651-4aa7-9c5f-4cc6fe4afb70,84c2752e-3349-5cbe-9f38-1722a5a51a35,dresser,25,4be14f30-5576-4bd8-b06b-705dd36301f8,2026-05-01T20:07:02+00:00
05bb7577-be84-427b-827d-47fa110a9619,196c8a45-2038-46e5-8065-a0792d9b87af,349bf3c2-b8ca-5e27-9b4e-c5dad06210e7,bookshelf,0,,2026-05-06T03:11:42+00:00
95f47eb0-dfa5-44b1-8faa-bd0bacdc585e,67720afd-c98f-4042-88f8-4ee42ce6223e,a7285edd-c758-56af-befe-457fb224534d,bike,18,,2026-05-03T11:43:10+00:00
b4429dfb-e5e5-48c0-8ae2-bdcd276a6549,3937cfde-2cdf-4e1e-be4c-82855fca8848,00368f55-b3c7-5fcc-9261-0ec37fca6cef,dresser,25,,2026-05-08T11:00:52+00:00
e97ab1eb-a1fe-410f-9597-02cb9307af39,6cad3973-c23d-4cec-bb0c-6ecf78003373,f19fad7f-164f-5a9d-97e2-abe1687fbf40,rice cooker,5,,2026-05-01T22:06:01+00:00
327bcb67-f3e7-4a9d-9afb-5204bdf3c989,de74cf8e-baf2-424d-9e05-fa5a4aefa19e,5d8cf0db-cbd2-5c2e-afff-9a1a596c8b7b,standing desk,15,,2026-04-11T06:27:02+00:00
ea3e6199-12a0-4302-8ae6-1f6f12bce10e,5579985d-8b97-4fbf-89a3-3636d4a31837,2ab45535-8070-5529-958f-b7be65f51227,microwave,4,,2026-05-05T22:07:43+00:00
3a271875-1481-40e3-a47c-8c254e600e6c,c61cd5a4-1592-4718-9dc9-3a026d2fe8c2,e253aa17-a456-56fb-8d04-aa6c0bd35338,sofa,28,,2026-05-03T18:42:53+00:00
1e495656-c3e2-48d8-82cf-e2bb0122f9de,c99359a6-ecf8-4d27-a849-8d366cb10a8d,a6502a9b-801d-5597-a696-d3b680879a45,boots,15,f8f0e7f5-fe84-4250-aef8-0fe295db79c9,2026-05-01T12:20:35+00:00
afd4e391-dd34-47ee-9007-b8228038dd98,60e4a087-d37a-496f-8841-564316fa7ec6,ba870ed1-d65f-5e9e-84ab-1bb66d193eac,apartment,0,,2026-04-20T02:53:17+00:00
392cfec9-2c0c-41ac-b62d-27be738564e0,4d2af566-e452-4cb8-9f1c-2963153454ef,d9633a96-ff51-53f5-9928-ec1f670a028d,monitor,17,7886a1c6-e579-400a-ad8e-413c34dd4c3f,2026-04-28T12:02:23+00:00
a799dd33-5643-4e21-bbad-3312053ca157,37b056fd-db76-44e8-887c-28d49a739c21,96cd0dcd-42d2-5349-9736-2fda40d4ce24,sofa,28,,2026-05-16T15:45:47+00:00
751867d5-a5fc-40b5-9fab-e893575d56c9,e735ab9c-d62e-4e4c-a719-99a447547e16,ea71536d-6d07-52e5-a598-8333da20bbcc,boots,15,,2026-05-03T14:06:29+00:00
652870b1-41e2-4ec8-a53d-746beed7ebc8,3d6322d3-d39c-4fa0-8f6b-6413dfc01504,12a509be-15c9-5e63-9fe9-399bf7b4e5e0,kitchen,2,842cea88-1f69-420c-ab47-2cd5ac467723,2026-05-06T13:29:18+00:00
96204f67-d7a9-42f2-b696-a26c4efb2cc3,56423c84-9e94-44e6-a034-0a21e231fbea,778db42c-7465-54c6-9928-a91c221852cf,parka,2,,2026-06-08T07:11:58+00:00
9eeec32a-9469-4e52-a90f-a9f2e97cc2eb,a7bb38f2-8b26-4041-8547-b3cc5f01cfcb,4a3a893c-38cd-50a6-9d08-5e69e324e4c0,textbook,0,,2026-04-22T20:42:52+00:00
88291a9c-0721-4587-9161-40556ae02022,21dd7dab-b91b-4dbb-ba29-ae9efd5f3f45,79129d24-23a6-5b53-bce8-83735da71333,corporate finance,15,,2026-04-19T06:22:02+00:00
80109c56-a64f-4eae-ab79-a7cb8eaddf19,3dc6ba51-e546-4e5c-8e8a-6d0bb4c42691,b33dd3c6-27f8-5c2d-9c72-84acbfaae855,ps5,0,,2026-04-20T11:53:25+00:00
28053942-f05e-4ee2-83c8-ab7cd910c0fd,d789fe7f-6977-4b4a-91ee-76ecc7a7dae8,61f451aa-a096-5820-94fb-3126d60db056,parka,2,6621b3ed-bc8e-48fc-8e44-33eb89a077fd,2026-05-15T02:19:46+00:00
128bce1c-f1a4-4d1e-9679-79faebba9bb4,0ade7a97-38bc-456b-952d-77f14e7154e6,ada3731c-d579-584a-917f-bc324c7673ea,monitor,17,d00b23a3-7adc-40e5-9bf3-03629e930400,2026-04-06T07:16:39+00:00
ab939f6f-8a17-40ee-a164-ce67d217e5f0,35d6cd54-7bcd-4288-8c6d-682b12ba3543,8276a6ba-d9bd-53bc-9362-1d93e6096a34,ikea desk,0,,2026-05-01T01:00:22+00:00
481a24bb-3f4c-4fb6-839a-b41add1734af,fddcb198-bf64-4afe-a7ba-49b9d8c59c2d,aaf0da6b-6ae4-5e8a-9113-cf91713b6448,kitchen,2,,2026-04-26T02:05:28+00:00
1a9249fa-a8c8-454b-97d7-cc01770ac629,50ea7e0c-7da9-4f50-8495-8e484fcefdfd,6c41213f-c966-501d-9e67-43a4677a1643,desk,83,,2026-05-04T01:48:59+00:00
ca486038-96fc-421f-8e93-746eaf1a1d4a,60e7746d-a14d-4134-a659-8644ea757f35,3613dcbc-f8dd-573c-a63d-521bc8f04e0a,sofa,28,,2026-05-28T22:02:27+00:00
b88bd678-5627-4869-809e-d2c9b03071d8,2e0927d6-79bf-4b1c-b9d9-5d2847205f9d,fce058fb-29e4-577a-acff-36ccb26fb6c5,kettle,13,978d70b0-3b70-429d-b57b-d1b883453a1a,2026-05-12T17:24:57+00:00
a523838d-846e-4750-a095-a13731ef9209,50ea7e0c-7da9-4f50-8495-8e484fcefdfd,6c41213f-c966-501d-9e67-43a4677a1643,vacuum,17,,2026-05-04T01:57:01+00:00
ec089981-3da4-4571-afd6-a7ab88c5fdc0,0581305f-6e14-482c-94be-e2a7bab71968,978493e8-bd6f-5edf-8091-79d14bb45f1b,textbook,0,,2026-04-19T16:51:26+00:00
42e4962d-dd59-4188-ace1-8da3e594a4bf,373c37e3-0e01-4319-81cb-158d1344da99,9aa2f086-4d26-59cd-93b2-0833c4c2fb2e,standing desk,15,,2026-04-22T10:40:05+00:00
8a5b7c09-d88b-44b9-9aef-12abf0a17876,adcf5b0c-a9b8-4599-8c22-a281a999db7b,9b903e2d-bf24-5f7b-b37c-545ac6ad3b43,airpods max,0,,2026-04-27T06:21:33+00:00
0709d1aa-db77-4cca-a1b1-1d36be128792,9c4bc13c-455f-4bc8-af64-d6ff11a380b4,5f70d256-93ee-57a6-b004-2b2011a0c0dc,ikea desk,0,,2026-05-29T17:32:34+00:00
d7840bb4-e98e-4976-9cd6-672cedc64938,44ee0402-719e-4795-b6d1-9697a6d0a515,e216ddac-8340-54b6-b82d-308f29786d81,mini fridge,5,,2026-04-27T22:43:00+00:00
c2fb1958-68d5-406e-bb55-801bc764d699,6d89186c-9abe-4266-84b8-a5f301062693,9f15c6d7-5859-5a92-a0cb-74a7ce87a488,standing desk,15,229700f2-dd1c-4c3e-9ca7-a04381a34680,2026-05-26T06:43:10+00:00
fc9fb673-4752-40dc-b39c-691e8f43c74b,495a3aa3-44af-4038-8197-d87257807cf3,a07d800e-2ba5-5b8d-bcf8-185339f68411,vacuum,17,,2026-04-21T17:43:33+00:00
22774a53-c238-430a-b3d2-211f1b9ac4a4,3c4a47de-e63f-470d-a750-5453edea905e,9b7de4fb-1798-541f-90b6-319332ec68d6,yoga mat,8,,2026-05-14T22:23:27+00:00
99d020b8-cad5-4b73-b6da-2c681deb18fd,ca8f1e88-f39d-4f85-a500-8267f988dfad,da75c472-d2f3-59b6-98f3-34449434b51e,free,16,,2026-05-28T01:49:34+00:00
51704eb7-e3cb-4c82-845f-80e6a9e1f839,8b2968bf-8ea1-47c7-9c02-7ef1cd908f61,d3248e47-c6c8-5d50-8153-135c3a4ebbf3,car,27,,2026-05-03T01:00:53+00:00
8f4aaaa7-b645-4f90-bc9c-1c9c56137f51,f7fc3247-4e08-45c5-bf07-1580aa80b186,94ab1ae5-f4c9-50ac-a4e2-1cc08f22438c,dresser,25,,2026-05-06T04:41:29+00:00
d44d6a93-f6cf-4a22-a4d7-61606041350a,99348a51-08e9-4760-8822-b2f8debef37f,2598b382-c148-595e-a2a6-86dcf197f921,mini fridge,5,,2026-04-17T01:03:51+00:00
056caa25-c310-4639-9d7c-f69c40bee966,6fadda54-a15d-4010-be7a-2f23d4461cf9,0d2b9714-61e7-558a-8b13-aeb821e4bc2c,boots,15,,2026-04-30T04:17:25+00:00
77ed4fac-1500-40d8-a9d9-b54b9d990869,d103d768-2880-46ed-b2c3-6b7b04ebc1d8,d4d7717c-2dd3-5203-8569-1ad0489e0c01,apartment,0,,2026-04-25T10:00:10+00:00
8e91240d-24c3-40e8-8f0f-aac92f0e17f0,fee6b0c5-a98d-4b4e-a30d-2cb91bee01ea,3667e2bf-d4a4-55c7-a728-733227295ac3,concert tickets,0,,2026-04-17T04:53:00+00:00
823c7a03-1323-4936-9228-67e95b2705b7,b3a594ad-c0b2-4c4f-9c16-36e5268f731d,0ce971f0-f312-5838-9418-143477709e46,textbook rental,0,,2026-05-10T22:54:40+00:00
1d922a9c-44f6-4074-8436-3cf03ca5de01,dd6a0ad5-cbc7-4d17-8a8a-229cea78e52b,8ad03bb4-26c8-5f06-aa87-0a47eb8ebb79,ipad,18,,2026-04-21T06:46:41+00:00
cf31bacf-9f92-4796-817e-949b0cb74cdd,658d561c-1651-4aa7-9c5f-4cc6fe4afb70,84c2752e-3349-5cbe-9f38-1722a5a51a35,microwave,4,5af3b4d7-8eda-46c2-ba32-d081cca3ff07,2026-05-01T20:04:07+00:00
07a2b032-a509-4175-ae5d-9e407657ba8b,6dfbbf9b-099b-425f-a0b4-4d13ee683924,d25098fa-ac15-5247-8d00-30ca6b631acf,printer,0,,2026-04-28T23:32:53+00:00
cc33c6be-85de-410a-a91e-4a6229fdd6de,b35bb1cd-607f-4ff2-9161-bce4975c7369,c6ba8bfa-2ec6-5b46-a1cb-36d8c379d317,desk,83,,2026-05-05T06:52:35+00:00
97723a63-0c17-41d3-9261-5c41a5d001f7,ce6b81a6-725e-4425-8a3f-ff7c7aaf1d32,531d1313-f5da-529c-935b-c2d5f2b6aefb,car,27,,2026-04-28T04:49:58+00:00
b2c46dc9-ecdd-4f43-9a63-c37febc32891,37b056fd-db76-44e8-887c-28d49a739c21,96cd0dcd-42d2-5349-9736-2fda40d4ce24,guitar,0,,2026-05-16T15:54:17+00:00
f16f4be4-1165-4f0a-93fb-fe6a6cb27ff1,573eb679-3294-4f6c-9352-94085c83e87f,2241b72f-2414-5680-88e3-24bf20ae59c7,yoga mat,8,,2026-04-22T03:57:40+00:00
fce067a5-952a-4e08-b2c2-680ac3772fb3,2838c32c-7382-41b5-852b-5d048285eed7,9139f648-b047-5bbf-949a-43be00b764c7,laptop,2,,2026-04-18T06:18:13+00:00
1ce089b0-63eb-40a0-a8ee-3d4fe18134d6,08a3481a-550b-4bbb-82c1-55804ba01127,3dde590e-4ab0-52d4-b6f1-7144f6a45a1e,winter coat,0,,2026-05-10T12:56:15+00:00
6103ba43-ff14-4401-a1a3-f3b147568dbe,fddcb198-bf64-4afe-a7ba-49b9d8c59c2d,d03caf0e-12b7-5398-a953-329144e05934,dresser,25,1cbdb92d-617d-4bb7-8b51-0bc44020bd81,2026-05-12T17:34:49+00:00
2fb5ddb9-1871-4fec-a2e8-d76a9d9c7137,6b83a412-875d-4f35-8ce5-9a2c67a093f6,60f2c6b7-698d-5cc0-a4b2-af0b9efb3b5f,sofa,28,23869299-42bf-4f9c-ae7c-c2d3af6c12d1,2026-05-12T16:51:55+00:00
07606146-b7f1-46c9-a130-9e206ebd9944,d4be3d17-49dc-4e35-953b-ddb3c7c6c4a2,bb7d53f1-d31b-5198-9603-8d8fd622ae51,free,16,,2026-04-25T23:19:54+00:00
194cdc4c-26d5-43a4-9cc5-ec523fd98d02,b79ed613-8b3e-476e-8337-9d3542f26656,b7d3eea0-a81d-5627-a681-6a9ecccc87b6,ps5,0,,2026-05-17T06:53:58+00:00
02951900-d279-4375-bb3c-24085e23c1a2,073d319d-25c3-4082-88f9-0cbb7e686a6c,d64eb6c9-6c7c-586e-8515-6fbf3cc5b20b,cat,0,,2026-04-22T04:50:36+00:00
3827f224-0952-4d2a-a3fb-23d3bd2ff4a5,1a6d9651-427f-4f8b-8364-dedd886b767d,466176fd-c103-5f31-b6ca-b31fb8d8c27e,kitchen,2,,2026-04-21T21:55:35+00:00
c189fc2c-1aef-4475-bb6e-a2589f9434fa,f5c9aefe-bf7e-4ffb-ae21-2dd4d0dd04ff,98fd6950-12d3-5a6a-bd53-cd6fe940f1e8,office chair,0,,2026-06-23T12:49:34+00:00
8cb2111a-d512-476f-982e-737ff103432e,ab56d43e-6b4a-43a3-9b6c-f3bae36c4bb6,ca64be84-462a-55dc-97e2-da3f68974c8c,yoga mat,8,2918e7b7-6524-4908-a55e-eee1017ef0b2,2026-04-29T20:08:17+00:00
2fe6e259-f059-4382-abf5-e1833c56e853,a105a7b4-bf97-4183-b330-e5764873fe47,b98adcf1-9fe9-58d4-afd1-5eb002b6e4af,vacuum,17,1b3d320d-5cd5-4cb4-8f03-b15e0039d5e5,2026-05-09T11:52:59+00:00
e1d10571-0911-4d6a-88c8-1cd95af31ee7,3faf19b8-adef-42c8-a07d-601db32b3f06,455aaf21-3730-5af6-aec6-8f70ffe230aa,kitchen,2,842cea88-1f69-420c-ab47-2cd5ac467723,2026-05-09T03:45:25+00:00
09c98577-0896-4973-984e-59cf53f19ba4,6e390a5d-a88b-459f-8658-6a51166be2f7,bfc05e97-9802-51d2-85b0-dac80157f2cf,mattress,39,,2026-04-18T15:17:14+00:00
b8dd32bb-7d77-4acb-a5c6-39d54bbd635c,82c26f80-0b16-4534-b361-35fddfa95816,2fcdeac8-a3af-544e-a5a5-872d8f1a86d5,bookshelf,0,,2026-04-27T16:56:59+00:00
74ed4d97-d96b-4fdf-bafc-73e54e8929b0,2fdab17b-b531-49bd-b7bf-e2eccda6e5eb,08c20e53-3dcc-5483-8a8d-f7a39ac10e70,concert tickets,0,,2026-06-18T19:41:50+00:00
bd2929a9-1da2-4267-83b3-4f2a74fe7e24,9e2d608b-d89b-47b6-a9be-d7becb140d83,9468ad55-9c22-5e10-963e-868be8cfaf03,airpods max,0,,2026-05-25T01:07:14+00:00
55a2b448-9df7-4711-93af-870c6a2d90d0,e735ab9c-d62e-4e4c-a719-99a447547e16,5dc32690-44dd-5c93-a26f-de13f0ae3f9b,mini fridge,5,,2026-05-07T13:09:01+00:00
282b680f-a9fe-4857-a19a-41f7d5b15a63,4e2906a0-e445-4567-9bc3-c549a3448137,e6bb62f1-a5d8-500d-bdd4-a0d09beccec9,corporate finance,15,7b54529b-ede4-4f99-af1c-6140c948c950,2026-05-06T06:53:59+00:00
c365373f-421a-4367-b8bf-cee935b090a7,5d1a62df-3bdf-4836-a4d0-5dd139fc5e81,942780cf-7623-5021-a773-ee019a963316,headphones,24,,2026-05-22T02:35:13+00:00
07dd3d4a-8a26-4e8a-9162-203f19fdae3c,f0975694-b83e-4f38-932a-48a07c354e6e,c175889c-8764-5de6-a011-843431dd8d15,coffee table,17,,2026-05-16T19:21:21+00:00
db0aa04f-ed81-4e03-9dcd-5909c62a17fa,1e604945-92d3-44f7-a246-8e1d1ff23f0f,17bf291d-7bcf-5be7-804d-ec79ee988a83,cat,0,,2026-05-03T20:32:19+00:00
95afe857-c03f-4241-9ab1-afb3fc12786c,caa94dc0-81be-4dfa-8bc4-fa28c1ea5e7e,d0e362ef-4030-54e6-9d0d-630e89e0f68d,kettle,13,93b69adb-26ea-4ed3-b87a-8dd159feac9b,2026-06-11T06:57:15+00:00
42ead206-afe5-430b-8019-5ba502047637,55fb0edf-b28e-4b2a-9d2b-2fa1f6dcbe3e,2703a57b-6336-588c-a6ee-10164aad8080,textbook,0,,2026-05-27T06:40:01+00:00
b97d55fc-43c8-4172-9c1b-413127865f2f,4c01c5e4-a2a2-4327-b389-b04521c5072d,5810e632-45e0-5079-add7-737fe76f478b,standing desk,15,37005b60-5240-4332-8570-fd2539e4cb23,2026-05-07T20:07:51+00:00
c2edde12-c351-4a2c-bf27-f751fbc3bf3c,72e6350e-b4bc-4a80-ac0b-013f84ebeab1,05a52e45-b885-5b38-93ce-d922793c8812,desk,83,,2026-04-30T20:46:47+00:00
63206f78-d6c6-4c52-bf02-9fe34e574d49,42ddf256-149e-4757-b88b-4e24c8e6cb76,8804eedc-ca75-53e8-98f3-59dfc25aa4ca,apartment,0,,2026-05-01T21:54:29+00:00
980c8198-00cf-4e2b-b6f5-22f558b9907d,9c406b9d-cd77-4899-a023-48de9fc080a7,d2a94c2f-6447-5fbd-b7b1-60ebad68bb2f,ps5,0,,2026-05-09T15:19:34+00:00
15512144-c577-4da7-8dd1-437fa234a76a,3a748a52-31e6-4e13-b168-3406e4520722,60ad595b-862b-5e77-8d20-534efc79243f,standing desk,15,,2026-05-10T22:26:00+00:00
4559cf19-6d99-4635-b9b5-9d4cc09be836,64d51d94-4f34-4e31-980e-5bf1b969932e,39e92ba3-d3b4-5b3b-9b09-8d4c5da2846e,winter coat,0,,2026-04-30T05:07:44+00:00
b75d7dcf-a19a-4960-808d-99d0148dfe00,e5760964-741a-49da-986c-c20413c5103c,21c06bef-b4dc-54a5-854b-63c5aac9e8f4,monitor,17,e3a1d050-99f2-4c14-b615-eb94dfbd473d,2026-06-29T12:01:16+00:00
c4aedf90-09c6-493b-8ce6-3bf50a0076a5,52c5c6a9-39b5-4951-9af7-b20a0970bd62,7372781a-5ec2-5015-b513-fac16f4714a8,printer,0,,2026-07-10T18:42:05+00:00
93b1a482-8089-4a84-ba61-c430201343bf,d4753420-55e3-4598-a047-da09e69fedd7,f9af84f3-0c91-5b8a-8f79-f402b17ce3b2,headphones,24,,2026-05-07T06:40:09+00:00
d974ddb1-dade-4d55-9dba-6990925495f3,94d89ccb-983f-49df-97a7-1886973331bd,4fea7d1f-ad3f-59c2-99e7-a70d36b5f761,desk,83,,2026-05-01T10:52:01+00:00
bcc6135f-9a90-495f-b0ba-1233b7a09c5e,767703ae-4d74-4728-ae3f-a80c8b6ead76,21dff23f-269c-5b8b-800a-2c3a7c234e8c,kitchen,2,,2026-05-18T10:57:51+00:00
b6e75a8d-c843-451b-94b8-cf7e92b9c7a0,681a768e-2c15-4f60-b8bb-6613e5d882f5,a61da0d6-1090-5e98-b8cb-2f6047d3d119,ipad,18,16b6ba87-2498-42e8-87b8-fcf878a61d19,2026-04-24T23:54:01+00:00
a1c7a986-4eb0-415c-81cf-b0f28d7e3d27,c88efa62-e4cc-4ce2-825d-a2d3bda7324f,e5a10f1d-5251-51b1-8679-b09b22c3ce61,ipad,18,,2026-05-17T22:36:00+00:00
ceec23b1-2b51-422d-98aa-beaf84c9b275,8d9a7d65-67f7-4c3e-b3ec-57b9652f01a1,fbfac221-d2d3-5399-ab5b-b7c34b10bdb3,vacuum,17,05ecff39-a696-4b06-8459-78a48dd760d7,2026-05-11T08:43:40+00:00
ef7a6fbb-0599-4082-9210-766ad0073f58,b22f58da-fef5-4d8b-9629-3058c5211605,53c56199-12bb-5252-a8a1-c785706d79e1,rice cooker,5,,2026-06-04T10:48:29+00:00
b6e2d9f8-072e-407b-9970-f5211caeee88,6fadda54-a15d-4010-be7a-2f23d4461cf9,ca8304e6-923a-522f-9687-b7f161d95d76,kettle,13,,2026-05-18T12:08:24+00:00
504383eb-97ab-458f-bffc-a14c80463619,f1c36ffc-5fa2-4aa1-a227-7f0aafef70d4,1a16e98e-5c41-5eac-b77b-84db608220d9,office chair,0,,2026-05-06T12:26:16+00:00
dc171241-0449-470f-a0dc-9b027c69f126,e6e0d4f1-b435-4b5d-b74f-b4c6c427868c,c948d014-2fda-550b-8802-99a0cbc5e526,ipad,18,,2026-05-16T08:22:32+00:00
40d60f88-0d06-47de-b26f-9679b52a7403,3aed15aa-f84b-4807-aa3d-ed685d555290,6cf553f7-c994-5657-afc8-6ca1c519fb1b,bookshelf,0,,2026-05-04T02:14:51+00:00
27ba9264-8b4b-46b4-848c-c6d240f813ad,f8d855a5-21a5-477b-bd26-6a8ff32c9563,e74b2b23-7f3d-5b4d-ba9c-79fa49a78b43,concert tickets,0,,2026-05-07T01:55:27+00:00
4258c895-d05a-47f6-aca7-0894e4059bf4,f1999cc6-bd96-4a94-b030-3072877f65df,5fdf1178-76f2-593f-ba73-a7f6a4d3fd3a,standing desk,15,,2026-05-09T16:44:42+00:00
9f37279b-a77e-431f-a302-c5c35e913202,fddcb198-bf64-4afe-a7ba-49b9d8c59c2d,d03caf0e-12b7-5398-a953-329144e05934,microwave,4,520ab43a-06ee-4250-9416-cc025332cbae,2026-05-12T17:42:44+00:00
84bbf0e1-dc3d-4b15-b720-d12dca4d534f,4bcfb395-99a4-40b8-a38e-0576e4ded0dd,2d649d16-2138-5298-bb6a-df8760b5639b,airpods,3,,2026-05-17T05:03:38+00:00
a71b418c-4485-4fd5-b739-20c050c324a8,e1ed7e6e-8e69-4089-a848-80cc71f34ee0,c4b143ec-6eb3-5960-a23b-458690a32721,boots,15,,2026-05-14T19:05:55+00:00
1292d343-2978-4840-8528-ff4ef2ad0724,d3daa26a-587b-4816-9110-916f35fa7c74,5a293e73-d907-52c1-bc84-5454b9411258,airpods,3,1e80c500-64d1-4ab2-90ca-87084c1f1a23,2026-05-09T16:01:54+00:00
2682a440-3191-462b-ad0f-454669993da9,f5c9aefe-bf7e-4ffb-ae21-2dd4d0dd04ff,98fd6950-12d3-5a6a-bd53-cd6fe940f1e8,dresser,25,,2026-06-23T13:01:21+00:00
7cb866a9-d7e3-40ea-b52d-b6e9d2fb7e64,4bcfb395-99a4-40b8-a38e-0576e4ded0dd,2d649d16-2138-5298-bb6a-df8760b5639b,desk,83,,2026-05-17T04:53:09+00:00
1d89715c-9abb-4435-9bcf-1ad32fd2ba00,40b381d1-9fae-4307-9737-cc332f541b94,afff3401-9c00-5f5a-aef0-43944e82c6f6,ps5,0,,2026-04-29T01:35:55+00:00
04d17f21-fb98-4b58-82e1-1314d1fde868,79c00b7e-dbe5-41bb-8a92-189f533b8e9f,57e78f53-5470-56ec-8f94-bdaad07ef0a9,corporate finance,15,,2026-05-25T22:22:57+00:00
9be627e0-1651-4d1b-b394-60c53ca8883b,ddd1c048-ef55-4690-955b-c869f4c05bc7,9873d944-6f45-5614-ade2-ae308ea174c8,airpods,3,ce945666-5c66-40bf-8978-0cc463d79ab9,2026-05-23T16:33:55+00:00
e1ed7d84-91e0-48d6-ab5f-f76f70c462ac,f179f796-27a1-4c7b-8711-7b339b16ef77,4b47d670-f0ed-5f49-a8da-d99c91bd28a9,desk,83,,2026-05-16T20:36:24+00:00
beec5baf-e229-492d-bc82-e1c143dbe0aa,e56963cb-53f9-4240-97e8-786e9f766dec,0ac36494-d3e2-5ed1-863c-ad322468e122,printer,0,,2026-05-15T04:05:37+00:00
7e96a0a9-a5f3-44a7-84ad-119a02aae1ac,93a7f915-e31d-4603-af28-13fe5ff23ac3,2be85c71-30c1-531e-8291-46159c706ada,mattress,39,8b6e54dd-b7ad-46fa-9b6a-1c69a078eb65,2026-05-11T15:41:45+00:00
be182d33-bd97-4b34-a9eb-9d0d5b3a2805,9c406b9d-cd77-4899-a023-48de9fc080a7,d2a94c2f-6447-5fbd-b7b1-60ebad68bb2f,free,16,fef8a7b9-4bd8-4ec9-a4cd-745c62f30bba,2026-05-09T15:13:34+00:00
4242d3a0-dd48-4d4b-a5de-97514a9e3618,aa179f68-3aae-4474-991e-448842620800,04b721f5-632b-5ac0-a1b7-4559eea42697,apartment,0,,2026-05-17T06:00:37+00:00
d3c96394-1d62-4924-935f-f924678915b9,0ac62d09-f09e-4690-845d-950f83a734f9,074f2df4-2717-508d-a51c-eb2eea056264,mini fridge,5,,2026-06-22T16:11:26+00:00
bb793521-f9cf-4b10-a427-db4512d9ae39,b351150e-5cf0-43bc-b851-996d3a1796be,5bae3281-64ba-52c9-9f01-a78e55616912,ps5,0,,2026-05-19T21:55:49+00:00
58194d1d-5de6-459c-853a-29a50f55ad7f,5bc41520-3863-4195-9605-167db200b16f,7538eef3-9e3e-5394-a051-e5a1d5b4ea0a,winter coat,0,,2026-05-17T03:04:51+00:00
7b576b24-03a1-4abb-80e0-82751f1849eb,e9b275eb-493c-4660-be51-71559bea8537,05dfe177-8468-5d36-a5c4-7a209676f285,winter coat,0,,2026-05-22T18:58:27+00:00
d776227a-0f59-4593-8ce3-bd3864604324,89d77857-c92a-42dd-af96-5df74aa05d59,69024964-0c9a-5bb5-b984-96b7f8729fae,bookshelf,0,,2026-05-25T07:44:00+00:00
67fcda92-dd4c-413e-8a25-c5dc1405808a,1a6871ca-4c9c-41a0-a153-98abff494d21,677848dc-28fa-5d6a-b9bb-be470635cd4c,printer,0,,2026-05-09T06:41:39+00:00
e538b489-462c-4fe2-a3fa-9e73a2a9dae6,4001ae90-9c14-4032-81bc-8fd67f67e21c,426356bc-0943-554d-abe4-7aaa8c4b0a03,lamp,8,,2026-04-19T20:19:30+00:00
bdd7759d-99ef-4cf7-910f-163ce2a47187,0ac62d09-f09e-4690-845d-950f83a734f9,074f2df4-2717-508d-a51c-eb2eea056264,airpods max,0,,2026-06-22T16:26:47+00:00
362f8e57-f0d9-4e86-80c5-8fd04fcede41,468552db-87c2-40a1-b501-f637c4f5d75a,3f693282-4892-5950-9ed7-3f96aef1ab6b,sofa,28,,2026-05-17T22:12:20+00:00
a43869ff-c96b-48b2-a0c6-51e9f6443ea5,8ced966b-96fc-45a7-b2fd-f43f6a26b92a,11973969-dc8e-5ba7-a0e1-9c2824b1dff3,yoga mat,8,6dc97872-dc25-4114-a162-6a5236efca6d,2026-05-31T12:57:08+00:00
4b020b5e-75a6-4dc5-a5bc-e123563aaa05,632a3efa-008f-4d2e-9fa6-0a2e1c332a14,85c382e2-c035-5d94-a548-88ac945915fb,desk,83,,2026-06-01T06:03:24+00:00
d6e90096-54f4-49d8-8c48-ffc99eff15dd,60e4a087-d37a-496f-8841-564316fa7ec6,cb0a43c1-4a0f-5091-8fc8-3d3bf29963fb,laptop,2,c8f837d8-1ae3-482c-b2a6-4ca0393af822,2026-05-17T18:10:05+00:00
7972f4f7-75ff-4022-a949-0b57181849c5,bf2702a9-36af-4152-9711-7fbe97eb016b,97612962-0fdb-563c-8e7b-1359102c3b26,lamp,8,,2026-05-15T15:35:11+00:00
a37e466d-eb03-4d76-bd84-85beb09654c8,f5dc0e8d-4cfb-42ba-851d-c4ab150a805f,6e3cd81a-4461-54c7-baf6-a064521c7feb,bike,18,,2026-06-09T21:20:19+00:00
7847147a-78de-4024-aca5-0e7d7622eb94,c3699fc8-6b69-4b20-bd17-1c0f5a24a795,e36dc1fb-09c7-51f7-9864-134ae82aadc7,laptop,2,,2026-04-30T10:59:35+00:00
b6dc28c4-af6c-45fc-86d1-9658ecb65d71,5ab1b529-4f5e-42a1-8f82-f88bad579d46,96a9eb9d-c844-5c06-bda8-e2cefde0ca04,vacuum,17,14851931-67d6-485d-bb8a-e1d810c79f6d,2026-05-15T05:30:15+00:00
d200b993-f301-4c80-a245-a30bfaa5df08,aebbbd34-c750-4cee-b298-18c1698b9b92,08452121-ed61-5a47-96d7-3e0fbc68476d,winter coat,0,,2026-05-18T04:23:29+00:00
3d945f6c-54d3-4fc4-8283-7614d1e2c668,8d1ad378-722c-4717-abf4-9283311d7566,2c613830-2c40-54ae-83a2-5f554140d087,ikea desk,0,,2026-05-21T10:49:48+00:00
cbc20721-ee6b-44ce-bab1-af13646150f6,aa179f68-3aae-4474-991e-448842620800,04b721f5-632b-5ac0-a1b7-4559eea42697,coffee table,17,66690ba6-5a00-4690-ac78-70de682e40bd,2026-05-17T06:08:43+00:00
621a8023-7537-483b-aec4-5aa7f6bdca20,b000127a-7ff3-4aba-9f9f-56872787d1ed,83ffd4b4-7ce9-554e-8056-73f27f64af44,microwave,4,,2026-05-31T17:24:30+00:00
7cecfd45-094d-4baf-9756-bf9919badf15,5d00b0e3-2e7d-4703-ac82-a0935fb970f1,e7fbac71-0ff4-568c-bbfb-8388bb054dde,kitchen,2,883b5ea8-946f-465d-8564-18d51dd30bad,2026-05-27T03:55:33+00:00
0ff8037b-fcba-4dd8-8bdb-952791a6a0b7,1a6871ca-4c9c-41a0-a153-98abff494d21,677848dc-28fa-5d6a-b9bb-be470635cd4c,headphones,24,,2026-05-09T06:35:31+00:00
3238ffce-7573-465b-818d-8e644c6078a4,ce6b81a6-725e-4425-8a3f-ff7c7aaf1d32,70a4de3e-0b32-52c2-a23b-29927bbaab18,rice cooker,5,,2026-05-12T02:43:34+00:00
ea64fd39-c4e3-47fb-934f-2eb05c356751,febd8921-9308-4e28-acff-1ae8386589e3,ab19c8f1-2585-5542-b76c-2fcac2d9faba,sublet,0,,2026-05-16T04:13:16+00:00
956cc55f-a32a-4062-8aae-9b1b0e389d2d,fda2746f-f24e-4da4-9ab4-b1a01d07a375,88bbfdd7-621c-55ba-a9a7-6934be59c6cd,mattress,39,,2026-05-13T22:49:34+00:00
3bdc8107-3a54-492e-bb1f-94fca035ec24,c6fd42f0-6060-47cf-a8e8-e24dcaee7d26,d204acc9-4ae8-519a-b2ee-4a4097f802d1,ipad,18,d54da4c0-ac9c-4f6c-9b5c-169c45b56842,2026-06-06T04:30:19+00:00
bac191e0-1c35-4608-a18b-b95470832ffa,e33923d4-ae33-4f20-93b4-4927825fa9f9,b564b953-e96e-5743-a442-9f306b2c64b1,bookshelf,0,,2026-05-25T20:44:03+00:00
4f25f5f7-89c2-4c40-9fb9-6f267eb71654,fdd43fca-ada6-4d98-94a5-dbc1afd11d57,6fc7864c-2330-5afa-9371-6566c064ea7b,desk,83,,2026-06-28T14:05:55+00:00
4dd7d030-d1b2-4f16-9938-2a26a4e714f1,00501fb4-95d9-40ea-9f41-8fe9015dbc62,6f795b07-030f-5e89-9a69-54c6c4729c52,airpods,3,,2026-05-15T19:23:25+00:00
a0889773-6213-4656-9329-eeca105d182c,36d2e780-1eb8-4905-beb8-e2ebc5c6adb1,2e451461-1d9e-51ae-8833-a2855fc030cb,bike,18,057e06d7-1b12-4c14-b161-39cab9930a23,2026-05-18T07:29:14+00:00
3c77e0c4-a762-43a8-b80a-f2f24ac69296,2309ca71-b2a1-41d4-93da-72d42bb24e63,c08a3d5c-0dfd-594d-9fc4-82dcb6d78379,winter coat,0,,2026-05-25T05:21:43+00:00
910c2b77-148a-4e89-877f-b6c00eb478b2,0183dc00-5b81-4d6d-aa94-59a230ee274c,bf334714-1f59-5d84-8cd5-af18b33313e5,airpods,3,ce945666-5c66-40bf-8978-0cc463d79ab9,2026-04-22T18:48:27+00:00
f2ed3aef-4618-4950-a459-3a9b061700ca,fee6b0c5-a98d-4b4e-a30d-2cb91bee01ea,2f5f762a-80c5-5fed-9869-f8ff7216c0b9,kettle,13,087ed90f-ca6d-4fbc-8160-05f0a10ae19f,2026-05-18T23:54:16+00:00
72825329-1556-4ffa-871e-545b88985dad,8d5b08cd-a9b3-424d-b178-65d65f5998af,552559fd-e7cb-57ac-84f3-0eb4d8c01aec,guitar,0,,2026-05-12T02:50:43+00:00
99d45704-82dd-401c-973a-36b6a5abdad0,b351150e-5cf0-43bc-b851-996d3a1796be,5bae3281-64ba-52c9-9f01-a78e55616912,headphones,24,,2026-05-19T22:01:17+00:00
8eb2dba3-f564-4fc1-bdd7-672909fb6bb2,78adb4b4-64d8-4a3f-b789-0aeeccaf033e,aa857627-c873-5920-b1ca-5037b287b5e1,mattress,39,0c001d36-f1be-4f09-b50f-125d1a232b1d,2026-05-19T04:06:09+00:00
92c05a9a-97a5-4038-8c13-5c7ed2a79ba2,b351150e-5cf0-43bc-b851-996d3a1796be,5bae3281-64ba-52c9-9f01-a78e55616912,bookshelf,0,,2026-05-19T22:02:17+00:00
e61c7a26-f1d3-4881-b49a-3d58f6f25861,c61cd5a4-1592-4718-9dc9-3a026d2fe8c2,e253aa17-a456-56fb-8d04-aa6c0bd35338,printer,0,,2026-05-03T18:41:48+00:00
4f2ffd62-8737-4467-8277-021ee5c9bcca,fda2746f-f24e-4da4-9ab4-b1a01d07a375,8bcdf466-eec6-5f29-a87c-31f2e0c8d678,bookshelf,0,,2026-05-22T13:02:14+00:00
a63c14b0-afbd-49a8-b4d4-0bd1570df627,fc878d0f-02d2-4c14-8e52-f1fa4b571b99,77ea531b-a3cb-5aaa-afb8-3894f020af30,standing desk,15,7001eced-81cc-48d6-86bf-ccd5bc620ec1,2026-05-16T03:31:57+00:00
826ec695-d5dc-4329-a6af-0dd99ae67634,e1ed7e6e-8e69-4089-a848-80cc71f34ee0,c4b143ec-6eb3-5960-a23b-458690a32721,parka,2,,2026-05-14T19:05:02+00:00
90389759-8817-4cf6-b833-26a8c6a17f87,fddcb198-bf64-4afe-a7ba-49b9d8c59c2d,d03caf0e-12b7-5398-a953-329144e05934,laptop,2,c837e9d4-2f2b-4ddb-b418-5aeace9f4e22,2026-05-12T17:45:16+00:00
7eccdda9-335a-492b-ae9c-71e174a93781,887b7fc5-3512-427f-b5f1-d0629d72dcf0,0304b0a9-97a4-53fe-9feb-4a1c590b1e17,headphones,24,,2026-05-07T21:27:22+00:00
61d4cce9-2817-4cdf-90ee-6cdc08d42619,f3189547-b5c9-4076-aab8-d864b3815677,d9203af0-f725-5122-95ae-8845aaa88986,kettle,13,,2026-05-13T21:20:02+00:00
887bd106-96b1-4cfa-9dbb-2ba9047d46f0,2fdab17b-b531-49bd-b7bf-e2eccda6e5eb,08c20e53-3dcc-5483-8a8d-f7a39ac10e70,printer,0,,2026-06-18T19:31:05+00:00
287c3dcd-1be1-4342-ba16-5050ed7d53ac,6b83a412-875d-4f35-8ce5-9a2c67a093f6,60f2c6b7-698d-5cc0-a4b2-af0b9efb3b5f,dresser,25,a9d0fee7-c0ed-4133-8765-92017f4f95e1,2026-05-12T17:04:51+00:00
eed66a77-0fc0-4a6f-a52a-caf735d91717,876215b5-4c2d-4c0d-86a1-ccfafdee1101,ef34a5fd-66a3-5498-92df-0dd9c8327728,office chair,0,,2026-06-18T09:51:24+00:00
ca3d4ec4-008c-4c47-9b63-8e968ce849c9,f0975694-b83e-4f38-932a-48a07c354e6e,c175889c-8764-5de6-a011-843431dd8d15,sublet,0,,2026-05-16T19:28:38+00:00
a9a40e69-06c4-4a5e-9613-754288cd748e,79f24b18-9bf0-4e1b-be57-3291ef518791,7697dd03-063a-5b3f-b784-aacb9d905453,sofa,28,,2026-06-09T13:17:11+00:00
bfb394b3-487f-43c0-9f05-5ef4291d42d4,d84e7fb7-133f-4d4d-8817-f28892a26d2b,d1cdcaa2-c4ce-559d-9a36-8f748c67cb26,concert tickets,0,,2026-08-08T01:00:22+00:00
0371fd73-90d7-4264-803c-c84dd6fed62b,7cbcbdd2-c81d-4c88-84cd-0c1ee4dcf86a,b3706999-3c38-5824-acd3-6719416e73ca,bike,18,,2026-05-27T05:17:12+00:00
374fcd27-8987-4a17-9be7-14cb1aaef7b1,6760b35f-d3be-4df1-b9bb-dcc8d7227291,b4045477-f910-567c-9a26-9ae55e5bdfcf,headphones,24,ce945666-5c66-40bf-8978-0cc463d79ab9,2026-06-07T14:08:27+00:00
4051fb40-7a3e-46f6-aca0-895de65b499f,31d9eacf-7f61-4435-b484-43965f1c29b6,380c0fd2-13fd-5b9b-b9d6-ec0c521217b0,monitor,17,,2026-05-18T19:40:20+00:00
45a67512-d3ef-4a4d-be2e-a6190f90e07f,f7fc3247-4e08-45c5-bf07-1580aa80b186,1f431c17-d2dc-5bdf-888b-c19a19ca8d60,bike,18,ebe11040-d9db-4c8f-84be-10b4759e2770,2026-05-26T17:18:23+00:00
eba7d925-5adc-4ace-87f4-8fb96f204f3b,44ee0402-719e-4795-b6d1-9697a6d0a515,b3d36e3a-ae22-5ea1-aae6-43fd4e22edd3,free,16,364a6020-36da-4385-9a92-13135a8261e7,2026-05-09T08:28:24+00:00
c3ee1482-d830-4a1e-9eab-e374ecfd8d63,e3d856ad-6787-404e-8e93-f255933c3680,e429a6c5-71ba-58b0-9393-acfdba011d3f,coffee table,17,1d832c18-61aa-413b-a316-1c2a82cc6280,2026-05-30T13:18:34+00:00
2dc018e2-0d23-48bf-9df6-48d1bdb25901,a1f3b9bd-77ee-4e74-b526-4ee00f40666f,0894bfdc-fbdc-560a-b5f5-b58f8f9be9b6,standing desk,15,,2026-06-04T12:54:33+00:00
2f581a89-a9ce-4b95-bd0c-2502bb17c3b1,093a360d-63cd-446f-8cc4-cceafcd033c5,9b73f295-2a53-5ba8-b6a2-0135f8c898a8,mattress,39,090f111e-0b60-405a-b250-08fd3900795e,2026-05-23T21:55:52+00:00
0b9c9ad9-0e78-4af4-ab39-308e9e541d56,b296b45f-615d-4fb5-8a3a-1c8e1a6337f6,8e4f3824-e8d3-5e05-a84d-24f1da5597d8,laptop,2,c837e9d4-2f2b-4ddb-b418-5aeace9f4e22,2026-05-29T00:58:56+00:00
9277e1be-edb3-450b-ab62-8e56f45127b9,0581305f-6e14-482c-94be-e2a7bab71968,b42d71c7-e622-5df8-9dfb-74075015ded9,bookshelf,0,,2026-07-08T03:30:29+00:00
fe63a591-3f55-4ccf-800a-f2eb2af0a19a,c76f1c0b-bf00-4af7-84b8-6ec1e8252901,92dd47a8-0272-5cdc-b9c8-884120e1fdc6,desk,83,,2026-05-10T19:05:43+00:00
60ecab1b-8fc6-46a1-9aa5-81b22a618ed7,db4d2942-4cc1-45f1-87fc-07d96b772a6e,b84368ef-038c-556a-9003-9a6be01c6324,office chair,0,,2026-04-30T05:54:11+00:00
803c1385-8b42-4696-b3a2-a1958ec97c2a,3937cfde-2cdf-4e1e-be4c-82855fca8848,7b5655d3-74a1-5ff6-a5b3-adacdefeb016,airpods max,0,,2026-05-19T13:18:13+00:00
85e18af1-9ca1-40cd-9b91-df421db81dde,8d1ad378-722c-4717-abf4-9283311d7566,2c613830-2c40-54ae-83a2-5f554140d087,corporate finance,15,3422011f-686a-4940-ad05-75de164c4f2b,2026-05-21T10:46:22+00:00
899bb6c9-ec3a-4043-a096-2127e64ade03,4f1cb3c6-4a88-475a-b5e5-f34f7bdaa2fc,f9f75607-39bf-59ee-b963-529dcaa64ba5,airpods,3,,2026-05-23T01:33:14+00:00
3258c5f7-1005-46eb-a746-80b438a47c98,cf7fdd80-5c27-42aa-9731-b5d404e42dc4,c089c90f-9481-5f30-8417-2f3f0f297c54,ipad,18,,2026-05-24T22:14:55+00:00
a49e1c45-4f3a-4fdc-8b77-1d3327c63441,5ea6cfc5-5580-466a-8582-a6031555d76d,feb3e2de-9ee8-550e-bed2-454e6ecbec4e,dresser,25,,2026-05-21T14:15:58+00:00
66b46b2c-71fe-43e0-add5-c43f2d3b7fa8,4ebe2d9d-c6fa-4b8d-9722-091f249504c7,13eb423a-150b-5b88-9563-7386222d6a65,kitchen,2,,2026-05-24T02:24:27+00:00
1926532d-22bb-44fa-8ba5-f7db1fbfb499,3c93bac9-6c00-45ff-868a-2fca9fd92411,2d42771c-bd57-5434-9b64-4f45cdba8343,mini fridge,5,b5b734af-cde7-49d8-9ad2-42481f3f1a19,2026-08-27T13:53:04+00:00
a55a56d7-0695-4b89-8e24-059f422a0ef3,dfb6fc17-bcca-45fa-ab0c-9e38e7ddcca9,a9ef2323-0bf2-56b6-bff2-5afea5b26451,lamp,8,,2026-05-20T05:04:07+00:00
b8785a0b-de2c-4f82-9e52-6dc48c886b2f,ac4cd2de-69ac-436e-b67e-c476f7f37a57,be5e4c8b-28ec-590f-a726-fb653ea7d182,kettle,13,,2026-05-30T04:16:16+00:00
2bce5037-1e95-4d6a-87c4-7819ea4117fe,1cb0a5a8-ec45-4495-baee-7a23a8d035aa,8948cc61-ebde-59f8-ad8b-9956aa057fe9,boots,15,,2026-06-15T17:21:08+00:00
d44a6037-a4ff-4c1d-bcb9-4e3aa965d955,f7fc3247-4e08-45c5-bf07-1580aa80b186,1f431c17-d2dc-5bdf-888b-c19a19ca8d60,corporate finance,15,ecaa00d7-e7d7-4ac8-8639-8b87156ddec0,2026-05-26T17:18:38+00:00
6bacc0c5-7c4c-4b13-a211-ed321f622b88,f965e2e1-14e1-441b-bd2e-db6def83457a,200d86c6-ead9-5463-8d2b-e4f56abd7ce9,monitor,17,436da10d-1a4e-4afc-9565-e2629ede9bcf,2026-05-16T21:36:41+00:00
d2bb360d-63d3-47a4-88e1-954d7b7692c5,d4be3d17-49dc-4e35-953b-ddb3c7c6c4a2,bb00c895-7d51-5c86-8bef-aae0ba01cb7d,ikea desk,0,,2026-05-23T13:22:48+00:00
68bd2fdc-801a-4266-96c5-e5973bbd217b,8ced966b-96fc-45a7-b2fd-f43f6a26b92a,11973969-dc8e-5ba7-a0e1-9c2824b1dff3,airpods,3,,2026-05-31T12:54:58+00:00
adfbd479-82b9-4c3c-91e6-2cb3cf6a7468,1a6871ca-4c9c-41a0-a153-98abff494d21,65cc6217-6e02-56b4-9ae8-22144180c88d,standing desk,15,,2026-05-27T10:17:27+00:00
29380a93-e23a-491d-8372-555f61b2a5b8,8ac6c4d2-d139-40ec-9a3e-7bd2347f979a,96761a1c-6171-5a96-a03f-1e3d7c4f82fd,boots,15,f8f0e7f5-fe84-4250-aef8-0fe295db79c9,2026-05-23T12:27:18+00:00
34a6ce8e-e93a-4d3b-b96b-7c8cff7fed0a,345afc84-e133-4249-9c52-f900042bc4f9,e33eda6f-ac73-56e0-ab7d-d85e80f3e0ba,parka,2,,2026-06-04T11:41:20+00:00
495c5b55-bf04-48e6-96b3-6c96d1569930,71938832-5c59-49e3-be85-9acbd7ca55ba,f3553b8c-2800-5fd7-a63a-72488f807a08,standing desk,15,,2026-06-05T12:20:44+00:00
6415949d-7582-4adc-b417-d7e132a01e8a,c075f716-f675-4694-b3ea-4a26b1bb740a,2e611a29-06d8-503e-ad5f-2c12783605e4,mini fridge,5,,2026-05-16T04:40:07+00:00
808b6eff-faa6-45bd-8b4c-0c69b4fc6b60,8d1ad378-722c-4717-abf4-9283311d7566,7e5a6962-0d42-5f62-9b5a-75f144d617e9,yoga mat,8,,2026-05-25T15:35:43+00:00
601ad2b1-cb0c-4202-b8c8-78c50efbf9d6,c23dbe1f-e0ec-4c11-aa9d-12a5f551ed35,38e553a5-c354-5e58-b485-6cfa76d12a74,textbook,0,,2026-05-27T15:54:13+00:00
c060cbe3-bb07-4ac1-b674-582f7cc85d0f,0a9a118f-fbfc-414d-a857-63246dad3ee3,eceb210b-b720-52fd-846f-6e527451cef1,concert tickets,0,,2026-05-21T19:10:58+00:00
11a6b5d6-93d8-4cd4-9988-cced49ec9a94,1a6d9651-427f-4f8b-8364-dedd886b767d,032ebbf5-1fc7-5abd-940c-1a2be2bec326,textbook,0,,2026-05-31T22:32:20+00:00
ffe308ff-77b5-4b99-8a60-c62d60c65215,ef6f0845-2282-4ad4-870c-058ceee8da3c,a3d703f5-3819-5d7b-a9ea-75fd9187b891,monitor,17,,2026-06-05T05:05:52+00:00
76c2806d-9e71-4fbd-b4be-c8142f7d3f38,2ac3a3a5-640a-4b9b-a55a-419ce256fa53,47371a82-f30f-5e6e-a701-86078f114ee7,microwave,4,,2026-05-24T11:26:04+00:00
bf9f6838-a9ce-4f8e-8643-f7930806df03,d1069292-d635-44f8-8c01-1494891ae61f,2cdbdd6a-6449-5d1b-94b3-251cc83f3ae1,car,27,,2026-05-27T05:06:59+00:00
b4847c1f-1950-43d6-ab12-2fe84e0e0ecb,2dac0197-e076-459a-8d9a-034a44933296,808a71d2-3283-56c3-b9ec-c0c746b30e86,corporate finance,15,,2026-05-31T12:18:33+00:00
90b438af-e210-4b7a-b029-d581fd885595,0675ff4e-03a1-4a1b-91f2-4e5095585649,698f0971-4caa-548e-aeb2-5bcd03c2ffd7,coffee table,17,,2026-05-26T08:36:36+00:00
9d310502-c9e0-42fa-9f4f-bd5f5d7a1638,d30b8eb3-05ed-4a73-b6e5-042436e46b37,e24f42ba-b9e5-52b6-8e37-7de1e6c6fa46,office chair,0,,2026-05-26T03:05:08+00:00
334a6274-4935-48b5-8628-3b38f6fbccc2,501e8ce4-ec88-49ee-8091-df9797903b55,d71d8f05-0c90-5bf4-a974-f2397c51167c,parka,2,1044ae4c-b231-415f-891e-b82500b854f7,2026-06-10T10:44:01+00:00
6591faa5-89be-40c0-ac23-3a07473ececb,2ac3a3a5-640a-4b9b-a55a-419ce256fa53,47371a82-f30f-5e6e-a701-86078f114ee7,bookshelf,0,,2026-05-24T11:35:00+00:00
1cf235b0-3329-4eb6-b96e-8eb9343ae799,89d77857-c92a-42dd-af96-5df74aa05d59,69024964-0c9a-5bb5-b984-96b7f8729fae,textbook,0,,2026-05-25T07:33:45+00:00
08b675fe-236d-405b-a8ae-9a214cc2c769,b35bb1cd-607f-4ff2-9161-bce4975c7369,10466c8e-99a5-5487-80db-fa0a659375d4,cat,0,,2026-06-13T02:58:22+00:00
1738e61f-d45f-4294-8548-75519def6350,c83332b4-6631-4d8a-bf55-d7b4da6ef7d5,e44ffa9f-3a29-5ecd-afb1-d3a3ce84fb80,mini fridge,5,df494339-a0af-4af8-b065-29d7ae47f220,2026-05-10T01:04:48+00:00
6b16058e-17f5-4e0a-b94b-193d6942afc8,adaf0dcb-36fb-4140-a2ca-a0df1b8e38d1,1253cb42-4827-5d1d-9317-236aa20003a8,guitar,0,,2026-05-29T13:23:02+00:00
358a2bf0-f280-490d-9300-066a5fc5540b,01a63c21-47ae-4034-92d8-95c929748522,50ea902e-67d2-5b85-9957-93ec5cbd89ed,ikea desk,0,,2026-05-20T15:23:04+00:00
49c28cae-1951-4d3b-90c7-ad6281b7ecae,3b534511-491d-43ca-8db3-2f08eee9be65,a0515c68-73d7-590b-8962-3cef09c5906f,vacuum,17,5cb4c3ac-321a-420a-b561-c2d26e880bb1,2026-06-07T21:43:46+00:00
b4981d77-96eb-4b92-9370-e5d8f4a2b6e5,95c27d41-572b-4b7a-b3cf-43833c5680e5,38281734-4546-50ac-82e1-adc28e3c147e,corporate finance,15,,2026-07-01T21:20:24+00:00
f55a6e5c-ef36-4ef5-ba65-cb0614fbca55,5f6d993c-4bf7-46a7-97c5-66326662827a,93f23794-c02f-5819-b276-60b9d92daf67,office chair,0,,2026-05-23T02:59:24+00:00
cd76c667-e8f7-4440-bd4b-244bd853be23,093a360d-63cd-446f-8cc4-cceafcd033c5,9b73f295-2a53-5ba8-b6a2-0135f8c898a8,boots,15,8e8eba10-09ed-4736-9283-5f89aae2cb09,2026-05-23T21:46:30+00:00
ad52345b-9cc2-48f8-b253-7f962c01cfd0,e6ac3080-e405-47c5-b78b-6c37ea355a02,8eb6fd7b-961f-5cb8-a226-f40631568097,cat,0,,2026-05-25T20:57:19+00:00
4aafccb9-3749-4902-a8d4-21b98df29280,c568b27d-f55c-43c4-b16c-2ded8343488b,b2ea3e2f-9c6e-5bff-8e4e-923169106376,parka,2,,2026-05-09T07:41:17+00:00
bb40c7a3-8f16-468e-a4cf-f4be0961a057,4df1de8f-107b-424b-b224-0ed52a3b292f,e9364755-86ce-5520-876b-dc458a06d2ac,mini fridge,5,,2026-05-26T14:14:22+00:00
cb299330-89e7-4380-829f-c00ffa6b4c4b,f3556539-5f35-4383-aa20-f0818d9b4d26,6d5ec5dd-b831-5e2a-861a-132d18953d80,guitar,0,,2026-06-14T04:33:10+00:00
a412b60a-e27c-4cd1-ab3c-9c354dffc044,c99359a6-ecf8-4d27-a849-8d366cb10a8d,b3f145c9-c9b2-5297-b204-b92b24fde841,iphone 15,0,,2026-05-30T05:45:51+00:00
de3d5990-b8a5-4ecc-abf6-7ff92ef721c4,50ea7e0c-7da9-4f50-8495-8e484fcefdfd,46a04a0e-c35a-5078-9756-11d66a540928,free,16,ab5b2f54-0e5f-4227-a1d9-274962ad55b1,2026-06-09T14:17:06+00:00
7a5e1bb8-ab1a-4c52-868b-7409b826604a,001acc59-baa7-4324-aeeb-b8d19223f06a,ec48141e-3bda-523b-a66c-053d909c6021,mini fridge,5,df494339-a0af-4af8-b065-29d7ae47f220,2026-06-02T02:49:01+00:00
8c39e90c-393e-4d13-bd55-7888400d805b,e818f248-82e9-43bc-9ab7-27d5be02776b,3ebdbdb2-a49b-532f-86f9-2c07bade02bd,kitchen,2,883b5ea8-946f-465d-8564-18d51dd30bad,2026-06-01T07:13:33+00:00
72eb1cb4-7f0b-4f97-a3e4-1289e6a02441,9c4bc13c-455f-4bc8-af64-d6ff11a380b4,5f70d256-93ee-57a6-b004-2b2011a0c0dc,iphone 15,0,,2026-05-29T17:48:26+00:00
0e88cd8c-68d4-4d77-b09d-58069a430b05,b22f58da-fef5-4d8b-9629-3058c5211605,53c56199-12bb-5252-a8a1-c785706d79e1,kitchen,2,,2026-06-04T10:32:34+00:00
b14790b1-f0ee-4fd9-bf8f-2b2f187478e1,3aed15aa-f84b-4807-aa3d-ed685d555290,bc0434c1-6b3c-5174-8647-8c202e3d233b,ipad,18,,2026-06-18T02:01:46+00:00
eb2fcaee-2082-4b3d-af54-ae9e70735302,1cb0a5a8-ec45-4495-baee-7a23a8d035aa,8948cc61-ebde-59f8-ad8b-9956aa057fe9,ipad,18,16866e28-41cc-47d2-b323-1679f2b82b5f,2026-06-15T17:28:27+00:00
13483bb4-605e-4010-896d-d6052f590a79,aa179f68-3aae-4474-991e-448842620800,a7614e77-cf9f-597e-afa9-1d1081ec69cd,mattress,39,,2026-06-03T05:09:24+00:00
08016c4c-f13b-46ec-b342-8e16cfcec0fd,b9a3d8a8-1d58-4cf2-971d-224a10dd8600,e36bbfbf-87db-5a47-9dfd-92efefc239b0,airpods max,0,,2026-06-25T11:00:07+00:00
07f0949e-4837-49fb-a1ec-84531ea4a160,ba4e0520-1425-44b4-ba42-764ccd9799f7,c05c9983-ab85-528f-8beb-b9580fcc87fe,winter coat,0,,2026-07-25T09:20:06+00:00
f188ba79-c0f1-4cf6-a7ae-b84515d0510d,00501fb4-95d9-40ea-9f41-8fe9015dbc62,9bce9353-6602-5b3f-b402-62e90dcee614,parka,2,,2026-05-28T15:00:51+00:00
7d8588a7-38b3-4a09-ae22-e2f9722c4129,f1c36ffc-5fa2-4aa1-a227-7f0aafef70d4,12375fa8-1264-578a-9e20-ade25381e935,sofa,28,,2026-06-05T05:19:23+00:00
991515d4-7df0-4e64-b381-b002ef39147f,56423c84-9e94-44e6-a034-0a21e231fbea,778db42c-7465-54c6-9928-a91c221852cf,microwave,4,,2026-06-08T07:12:41+00:00
6366f59f-4b75-4daf-9a20-67bc24d84b33,ded797b6-afed-4f9c-8ae0-35b3c61aa0e4,b709fedb-417d-52f1-a395-7ec52227ee79,yoga mat,8,cc99ed97-3886-473e-b8f1-b982e2b91b84,2026-06-01T12:14:01+00:00
ef5b38b3-5525-4974-9faa-02d8dd1409ac,c6fd42f0-6060-47cf-a8e8-e24dcaee7d26,d204acc9-4ae8-519a-b2ee-4a4097f802d1,textbook,0,,2026-06-06T04:26:02+00:00
2f421467-e523-4d6e-be02-8e58cedf5297,16ec2a95-5cdd-472d-bb70-f569bc0cea3c,c53d6548-6b1e-589e-8126-a8ca346a22b7,winter coat,0,,2026-05-31T16:40:23+00:00
b6882a1c-154c-4522-8843-11cc09e62852,22b1d57e-427b-4075-b871-f3a5bde40fbe,4af05a2f-973e-5d31-a30c-1d8a48f344e0,cat,0,,2026-06-12T04:27:12+00:00
0b77ccce-05d4-4331-aa58-e6931b402a8a,d1837fdf-ba50-4cdd-aa78-612b77b13cac,96754ed5-8f4f-548b-b536-9c9d369753e8,mini fridge,5,,2026-05-23T00:59:09+00:00
f1543b9f-d812-437c-b09d-eb8c85802ea1,4f1cb3c6-4a88-475a-b5e5-f34f7bdaa2fc,14de7d6e-e774-56b8-a5a9-a127bd9a9a96,apartment,0,,2026-05-29T04:33:29+00:00
198696ad-4fd4-4bd4-8818-2a345557f985,659f0acc-033d-4e42-acb5-b569fa69a743,44deff7c-27ae-572f-b95b-9cbd17dd2cde,mini fridge,5,,2026-05-31T16:42:12+00:00
4353f028-80ab-455f-96ba-955359b88b7c,76bd97a4-07c7-41e0-bb56-e614d523bb85,2c11edba-88f6-59d1-a171-a61f2beb2e0c,vacuum,17,,2026-06-06T16:21:10+00:00
5f6ab7e7-bc78-4ff1-bd11-045e4927a5c4,db4d2942-4cc1-45f1-87fc-07d96b772a6e,9809a88b-c481-5ab5-a0cd-10273fd2adfe,printer,0,,2026-07-22T09:34:15+00:00
f0857b0e-516e-4cb4-82ed-b1095dd631c7,d04a9725-4a5b-49d3-971a-6c7bbb1d7355,4907fa0a-5e55-5cd6-8df8-0b286a597477,apartment,0,,2026-06-13T10:10:08+00:00
07c5f052-fc25-4a8d-89f6-8db816a897d3,ce36aea6-fdbd-41f0-af71-96972ce4d5d1,f3f51c1a-017a-57f4-8049-a8b08201b8d7,headphones,24,,2026-05-28T23:55:26+00:00
06e38d6b-4126-49e9-8c5f-d5d3dded4139,93a7f915-e31d-4603-af28-13fe5ff23ac3,da3e82f7-7315-5eb4-bca1-61e5774a70f8,bike,18,3c72eb92-759f-4f4f-8df5-fe6cba342c02,2026-06-05T10:37:46+00:00
5b7c2e8e-a6e5-4059-86e8-fcdd79bf1b96,6d1577ed-1dc7-4670-a35e-7ee03d6217a2,6c0679a5-b762-5620-9354-6f52aa0af0e9,dresser,25,,2026-06-15T00:23:58+00:00
e73b283b-293b-48c3-b3c2-5f88ae712d04,4eb375d1-e150-4235-aed3-d4483dba1cfa,702b5a5c-1b78-501b-aa8a-3a0dc61db4f9,cat,0,,2026-06-07T16:26:33+00:00
d9d2fc9b-d597-4072-b55c-6868d89ea3cf,876215b5-4c2d-4c0d-86a1-ccfafdee1101,ef34a5fd-66a3-5498-92df-0dd9c8327728,kettle,13,2bf405c3-1cc7-40bb-b5ca-43f750ea42d0,2026-06-18T09:48:07+00:00
25887444-53b9-4c7c-80a5-ba5500cc7fe5,b371ce5e-bc61-471a-9390-abad4474dcdf,e05e4bac-cb39-5fc5-8316-72b47a5ee110,kettle,13,,2026-05-31T14:18:13+00:00
54ed265e-9b61-4b4c-880e-f5dcc3dd49c3,44ee0402-719e-4795-b6d1-9697a6d0a515,b3d36e3a-ae22-5ea1-aae6-43fd4e22edd3,boots,15,,2026-05-09T08:26:43+00:00
df7e75cc-4513-4b7d-aa0a-dc6dbe499b7a,917bdd4a-0545-41ea-8bbb-c3ec512a6c48,a52da45c-674c-50a2-9431-32e57083b02b,corporate finance,15,75ab175e-bac7-4c1b-9ee5-3bf66bc76c71,2026-06-05T08:28:21+00:00
a87a7a42-bd83-44d8-975d-0192fab81acd,3b91383c-8499-476e-b401-af488cd4b13f,a38179b9-c20b-51c8-abcd-ff60ecca5b54,cat,0,,2026-05-27T19:26:10+00:00
7d156a19-c8ea-409c-bb3a-6c3d2195ac9e,efa792df-2f07-4094-99f4-a23935cca18b,c631d0d5-710b-5f20-87e8-5d9d449d1ae9,lamp,8,,2026-06-06T04:47:55+00:00
bcbc446d-5d87-4e0d-9c11-cb151918d0f1,725e8519-9d26-48e9-a0d7-b1d766f3587d,45e31561-e5a7-504c-9fe1-26e823f68ac0,yoga mat,8,3333f1e5-5be4-4c6c-97ea-5d430c0514e9,2026-08-01T03:36:35+00:00
49fc2f44-fe3d-44a3-b724-03ca702bd51f,79c00b7e-dbe5-41bb-8a92-189f533b8e9f,57e78f53-5470-56ec-8f94-bdaad07ef0a9,headphones,24,f6bd6334-b13b-4eb5-abbd-d5cd2cfd3e65,2026-05-25T22:25:35+00:00
808397e5-6af3-4cfe-ab2e-7e7e572611b1,e7f25965-2024-4c9f-a575-caa1e7bc13df,9907162b-9321-59e6-9262-2b048ab18648,textbook,0,,2026-06-16T12:39:49+00:00
7db14724-39fb-4c4e-aca0-f84a99644ac7,089faa8b-1b06-449b-905d-977d8b88b69b,4a97ed59-b240-5125-8cfb-1ea13499077e,dresser,25,,2026-06-03T18:25:22+00:00
07fe7742-7191-4a0f-ac6f-6a5d016eb4ed,cf7bc542-a4a8-4473-9640-41c0acb7aea5,9fc486a6-472d-5451-8821-4f08be2ff6cc,ikea desk,0,,2026-06-06T21:03:34+00:00
8bedbef1-4b0b-44e3-91e3-c691bff38188,8d1ad378-722c-4717-abf4-9283311d7566,9a3be16b-5be1-5a88-a9fd-e78efcb10ca9,airpods,3,,2026-05-29T02:03:46+00:00
d52f17d3-607f-4716-a96f-1f23f6b9e58c,5ce43817-8afb-43c8-aa72-569b92aeb223,885ede2b-ce4c-55dc-b0d8-21340704e821,coffee table,17,,2026-05-30T00:01:58+00:00
618a19f3-54eb-419e-83f3-e9fada9cea80,75a9c08b-c3f9-48ea-bba3-d6136d51a785,3ede7e66-10a1-5f6d-9f2e-9ef8c06eadb7,mini fridge,5,,2026-05-27T07:22:12+00:00
6295d8cf-bd2c-4616-ad88-6077e5925e2c,1a3b8eb4-9217-4dfe-a345-ac6a2076c9d5,f551e26c-2866-52c1-92f3-fe60b1ef0734,desk,83,db96685c-4b3d-4694-babd-1a1d25c13315,2026-06-03T18:22:46+00:00
0c98b659-b6e0-4dcb-a1f8-4655cc16af67,c075f716-f675-4694-b3ea-4a26b1bb740a,d1192bc8-6855-59e2-949d-3dc50b1f6689,monitor,17,d00b23a3-7adc-40e5-9bf3-03629e930400,2026-06-06T04:04:08+00:00
8778f460-f819-4db8-ab2a-407bc238382c,f5dc0e8d-4cfb-42ba-851d-c4ab150a805f,6e3cd81a-4461-54c7-baf6-a064521c7feb,office chair,0,,2026-06-09T21:26:44+00:00
e46a17c7-afbd-4ea8-a311-d5a8da503157,e5d66484-0921-411a-aecc-60e791695a29,5a2e1351-fcf3-5d65-a992-fc95394a1330,rice cooker,5,,2026-06-14T01:29:48+00:00
c77d0e05-74b6-40ba-b909-7c35a66d73f7,3cea8b9d-4dca-4cfe-99da-d19925b8fd32,93576218-99a6-5889-9aaa-0e2cd6a0af78,bike,18,,2026-06-12T04:12:33+00:00
dc3170a5-d365-48b5-a1f7-35addf2cd68f,00501fb4-95d9-40ea-9f41-8fe9015dbc62,9bce9353-6602-5b3f-b402-62e90dcee614,coffee table,17,,2026-05-28T15:00:47+00:00
fc914727-429a-4b95-a769-6483024db2dd,3b91383c-8499-476e-b401-af488cd4b13f,a38179b9-c20b-51c8-abcd-ff60ecca5b54,ipad,18,eaeb284c-3584-4afc-96a2-3b3a7d688c1a,2026-05-27T19:21:36+00:00
a32a3913-4458-4c64-8253-c7561b252a90,8a838e5c-8a35-419f-8644-90ed955ef714,d7a02c55-86db-56cb-b299-a80bce5332fc,desk,83,,2026-05-29T12:35:00+00:00
83be35f8-ee48-40e0-a2fe-0cd5220e1026,b22f58da-fef5-4d8b-9629-3058c5211605,53c56199-12bb-5252-a8a1-c785706d79e1,ps5,0,,2026-06-04T10:36:52+00:00
6581f2b3-a19f-4bed-9f32-26dbed52c737,2b5aabb3-5cdf-46b4-8f6a-8a44166635e6,b3b31aae-4352-5a13-af20-d4f3222bd8a5,office chair,0,,2026-06-08T12:10:39+00:00
d9ad180d-bfaf-4671-a4cf-435287427b8d,fb8098ee-02d6-4b07-858e-99f58dd1d0ee,5ea9fb57-7804-5473-a8b0-6dca8522fb14,ikea desk,0,,2026-06-10T03:05:11+00:00
f17cf612-42d3-4d7f-a9d6-dd2f194644fe,8d2b7914-36a2-4975-9e44-eacb4adeaa0b,7a0f818c-a3c1-5d44-a62b-b33086de288c,kitchen,2,883b5ea8-946f-465d-8564-18d51dd30bad,2026-05-28T08:36:18+00:00
36e27b85-cbeb-4ab8-b2ac-230f6252ea95,b79ed613-8b3e-476e-8337-9d3542f26656,b9440a46-9d16-50c8-abc7-55ff6ad4d6fe,textbook,0,,2026-05-31T12:14:38+00:00
5396e69b-165c-491b-a60f-8f1ab8ab6b3f,05c1b613-6547-49f7-a31f-dfedc7876aca,49992734-fd44-5ed4-9bb5-aa750c3cc7eb,car,27,,2026-06-08T19:34:48+00:00
6b11ea23-5dad-414d-bbc0-8818d2e8227d,2fdab17b-b531-49bd-b7bf-e2eccda6e5eb,08c20e53-3dcc-5483-8a8d-f7a39ac10e70,mini fridge,5,,2026-06-18T19:32:46+00:00
2c7e0e95-409c-4b02-8939-76cb3dbff7e5,04ef5bae-6f20-43c1-84c2-80053a99d1b1,32e00c7b-e704-5638-ab97-85f89690a100,coffee table,17,12fc709c-1989-43b2-8f2d-64bea36a6ca6,2026-06-10T23:59:17+00:00
20b30c50-d390-419b-8a34-13b12a8dfcb8,196c8a45-2038-46e5-8065-a0792d9b87af,e9522b77-e8d7-52f7-9927-b3353f1dd358,monitor,17,,2026-05-15T17:55:57+00:00
b49577cb-4b6e-4a84-b2aa-b3edac9e8173,e984c74d-dd4a-466b-b93f-7f517e76b6c7,5443c88c-795f-50b4-ae98-2f4dc9f2ab65,desk,83,fb9a5157-e7e3-4b97-992c-1e7e57f57453,2026-05-25T09:18:27+00:00
16fb6a09-3670-4c8b-8ba3-98fba7794895,b296b45f-615d-4fb5-8a3a-1c8e1a6337f6,8e4f3824-e8d3-5e05-a84d-24f1da5597d8,lamp,8,,2026-05-29T01:02:25+00:00
20ca9129-574c-420c-92cf-b3a1655bd0a2,2ac3a3a5-640a-4b9b-a55a-419ce256fa53,cc033ddb-e472-5db1-925f-8e247bab217f,ipad,18,f72a29a5-c199-4672-b8b5-98751d990623,2026-06-09T21:49:04+00:00
ec847b9f-1b6a-4dce-90fd-b3464ceee419,459c517f-ee6e-4dd8-8e73-1f546778d794,adf2a483-ab9f-5199-8ea6-f8d24a9c5656,mini fridge,5,b5b734af-cde7-49d8-9ad2-42481f3f1a19,2026-05-29T04:35:55+00:00
e8a53d11-70b9-4f40-841a-bf6529e2a888,2b5aabb3-5cdf-46b4-8f6a-8a44166635e6,b3b31aae-4352-5a13-af20-d4f3222bd8a5,corporate finance,15,81da6073-3278-480b-b86f-50eee25b9b7b,2026-06-08T12:00:00+00:00
0eef2aa2-842f-4502-bb30-7d68696c1c8f,f1a0ec25-92c1-456d-bc62-93f211e3df90,8e82b2d3-cf49-54d5-b42a-4848ba972afa,office chair,0,,2026-05-29T05:11:44+00:00
9942f0ef-71a2-45cf-97ca-c0d59b98e281,21dd7dab-b91b-4dbb-ba29-ae9efd5f3f45,159c2871-bdf7-582c-9f9b-e8205a8cf0d1,dresser,25,ee8f71a6-970f-4da4-bebf-eada80451cc0,2026-06-14T22:54:50+00:00
83df05c2-2271-464f-bca6-666585cc2ca9,8ed5d79d-9904-4ac0-b3d6-d43abaf34918,2e08290b-556d-51c8-b6ee-398b1ddd8423,winter coat,0,,2026-06-10T11:56:02+00:00
3c69d344-c40c-4dbd-8814-bfefa57755a6,7524322e-1510-48cc-868b-8d59b328109b,8f059378-d6e3-55a4-ba49-5fa8a42239de,printer,0,,2026-06-12T03:04:25+00:00
c589f6f6-d7ad-443a-917e-227dbbc289b1,20be0228-dff5-4a8a-9078-9f3e013731d6,8a398de0-e29b-548f-84bc-e864ce507ae1,mini fridge,5,b5b734af-cde7-49d8-9ad2-42481f3f1a19,2026-05-21T07:59:39+00:00
82cac58e-5366-4f36-bee5-ca234ef49f8c,7524322e-1510-48cc-868b-8d59b328109b,8f059378-d6e3-55a4-ba49-5fa8a42239de,standing desk,15,336ea5e8-1b5b-4bf9-88aa-e2413b87d663,2026-06-12T03:15:01+00:00
41c51bca-8b75-466e-a135-c101c720da0b,a4435821-88f2-470f-8792-58ce92993496,6c6a56ed-ce1a-5ff0-ab0e-031dc8bfad05,kettle,13,,2026-06-10T23:05:30+00:00
6abd9c50-f186-44ed-81cb-5658d3b8a3de,bef562aa-7b99-4438-b976-0c3e350379ee,aeb1387c-a611-58b8-9f78-b5b1431d9f99,standing desk,15,,2026-06-06T13:46:35+00:00
c9540c65-f2b4-4ec4-9f09-ef07f3aa768a,b6f4d635-89e6-4c7d-b21e-375b06a4dc27,8f58c860-ed7e-5b78-b676-b3b700f78dcf,bike,18,009c80a9-a0c8-464d-a874-4485b182c204,2026-06-19T01:28:14+00:00
dc512841-0a3f-426b-9551-4b5dfceb551c,c99359a6-ecf8-4d27-a849-8d366cb10a8d,b3f145c9-c9b2-5297-b204-b92b24fde841,cat,0,,2026-05-30T05:42:43+00:00
0b41e929-be56-475d-b42b-3fee7186b28c,f31588a9-6fbc-4f16-a1f0-65bb1970a62f,ffb28b1a-9510-558e-8cef-d7a6dd5ed769,monitor,17,,2026-06-10T18:46:36+00:00
b31a03d8-bf7a-44e8-82c1-2d50f0740447,3aed15aa-f84b-4807-aa3d-ed685d555290,bc0434c1-6b3c-5174-8647-8c202e3d233b,monitor,17,,2026-06-18T02:06:31+00:00
3ed06dcd-2a3d-4a55-86f1-64ad311df31d,d4e30b6e-aa93-40ee-8750-e1f001abcea7,05ef8854-a0f5-5647-9420-f9842182df15,lamp,8,be0be817-baa8-47f7-9fce-d4da3b156dc0,2026-06-11T05:34:41+00:00
132bd04e-7966-427d-a675-982e90685aaf,ea8951c3-9063-4555-961a-8fcb0cc9fd92,0b1f7c05-dacb-5a78-9247-38f8b3b9c332,concert tickets,0,,2026-06-08T01:54:32+00:00
18219f90-8137-444c-a7cf-e7c1b7737e8d,c61cd5a4-1592-4718-9dc9-3a026d2fe8c2,e179dcfe-4611-54df-8926-5e202b10d361,textbook,0,,2026-06-11T14:50:24+00:00
9872598a-9c2a-4691-8299-90c6daacf408,d103d768-2880-46ed-b2c3-6b7b04ebc1d8,c6e1a577-de4e-5590-951c-1544800f1226,airpods,3,,2026-06-12T00:23:33+00:00
7825ff37-37b6-4405-ab60-9ac79bcb531a,420bbc59-57c5-4a99-a707-cc797e6b593d,33aedff1-acc6-598f-b5f6-e15890e80072,sofa,28,,2026-05-25T14:24:20+00:00
16158f6c-a12f-4b80-9ac6-738aceaaff2e,dd97c4bf-c562-41cd-943b-218a8b5baac4,6f295e35-b7ed-5569-83f3-4ede2ec92779,office chair,0,,2026-06-08T17:12:49+00:00
fe345575-f0a6-4191-bb01-c48a68029db0,d3daa26a-587b-4816-9110-916f35fa7c74,01d98411-3593-5aca-b488-1031afa74d40,mattress,39,,2026-06-05T11:11:22+00:00
a92789e5-7a18-4b4e-bd7e-eee3beeef3b9,4c01c5e4-a2a2-4327-b389-b04521c5072d,dbebe8ce-8271-5259-b4a1-8cca9b1cd5a7,guitar,0,,2026-06-26T23:09:31+00:00
548b799d-a51b-4199-9aa6-2cbea991b5e8,23061881-ec83-4935-ba31-110dc9dd0f5e,65364b10-c639-54f8-bf90-bf0509f6e632,bike,18,612e180a-2212-4a08-8850-78c54a163aed,2026-07-03T16:33:03+00:00
68a9cf81-2cfe-4d4c-b6a8-b923e413ccfa,3a748a52-31e6-4e13-b168-3406e4520722,a9bd934d-2a85-55d1-8e52-c2c6f6f7b7fb,guitar,0,,2026-07-15T21:08:52+00:00
dfed3e68-40ae-45b0-9f04-44d08c3d0b6d,3cea8b9d-4dca-4cfe-99da-d19925b8fd32,93576218-99a6-5889-9aaa-0e2cd6a0af78,kitchen,2,883b5ea8-946f-465d-8564-18d51dd30bad,2026-06-12T04:12:30+00:00
a76d18da-e834-4792-9ec0-f5dfa0de4382,adaf0dcb-36fb-4140-a2ca-a0df1b8e38d1,1253cb42-4827-5d1d-9317-236aa20003a8,kitchen,2,,2026-05-29T13:09:47+00:00
13e7c340-0276-4c4a-9702-9e1f3e5ebff4,36d2e780-1eb8-4905-beb8-e2ebc5c6adb1,c4d58871-23d2-58a7-96d1-4e30e36b7c59,sofa,28,,2026-06-02T23:33:26+00:00
22f42a78-766b-4b87-aa10-182b2cea4c9d,5c27de08-e263-49f8-b85c-5d1bfb70223d,3d03fdbd-7d88-59e9-ad71-7d07cdc41021,concert tickets,0,,2026-06-06T17:55:31+00:00
634b2270-b897-4979-a9e7-35245f2772bd,20be0228-dff5-4a8a-9078-9f3e013731d6,8a398de0-e29b-548f-84bc-e864ce507ae1,office chair,0,,2026-05-21T08:12:29+00:00
95eb8ee4-a4ab-4667-9e1a-0beab6d36a67,27d6298d-2568-4e4c-99dd-0f0d3e043508,e2376d73-fb91-57c3-a391-20cb00a31008,bookshelf,0,,2026-06-03T22:03:22+00:00
5d2b63bc-5d65-4f72-b279-2a1d53e1f739,7a537b60-7891-4d8a-9a2d-3dc4f49961e2,95477fdf-928d-50e8-85df-025092c20810,coffee table,17,,2026-06-09T11:34:44+00:00
31434b23-1330-410c-82c2-20103342ba7c,a9ed43c7-b716-4055-97db-efe07e46285d,37a582c0-1cdf-5938-9d85-1a78f67757a0,cat,0,,2026-06-22T21:27:17+00:00
acb983ba-cded-4e85-8c0b-bbba7269f846,200f9843-09b8-49fb-9a99-30710133815e,bf686799-613a-5260-9a7e-f4f5efa024f2,bike,18,23b62030-bc09-4a1c-a0e9-e982f8b28649,2026-07-01T09:20:39+00:00
38f11ca6-fdb8-4733-8ad1-55d55c45c723,e56963cb-53f9-4240-97e8-786e9f766dec,456d792b-98f1-5a0e-9b7f-755a882635c5,textbook,0,,2026-06-05T20:38:50+00:00
e0013d42-37e8-4328-ab3c-f8d016e4fdc2,681a768e-2c15-4f60-b8bb-6613e5d882f5,123e1991-109f-5910-9ecb-c4885c48a9db,ikea desk,0,,2026-05-31T11:27:18+00:00
fc834beb-0494-4ccf-ac40-493b3c144f0c,7a537b60-7891-4d8a-9a2d-3dc4f49961e2,95477fdf-928d-50e8-85df-025092c20810,concert tickets,0,,2026-06-09T11:25:09+00:00
711ff3dd-4f08-4928-804d-280b0332324e,b2934820-ad75-476f-ade6-054a7c89f295,2260b51a-d27a-5c90-bb87-26632fc8c764,standing desk,15,a95e1201-c84b-4144-9447-c1ebb7949fa3,2026-06-08T02:57:51+00:00
b42e7d12-1a9b-4f96-8413-836147341b0c,a0e2974c-e309-4d0a-be48-f7744ff2a50d,58791427-d087-5ddf-8543-b79cf5a931c9,headphones,24,,2026-07-03T09:03:04+00:00
8fd2f037-1747-4fe2-a817-8d3196ab74b6,ba1fa7b7-1ba1-4dcc-8cde-7e8038432e3d,eac72e10-2161-5698-bb16-50de4a9d99b2,free,16,364a6020-36da-4385-9a92-13135a8261e7,2026-07-16T13:27:39+00:00
e74795c1-f079-469f-9aea-9c23e2d2b617,4d2af566-e452-4cb8-9f1c-2963153454ef,641d2256-04bc-5ba2-ba61-06609e41052f,microwave,4,520ab43a-06ee-4250-9416-cc025332cbae,2026-06-23T14:26:20+00:00
e60baed1-2ee2-4c42-8966-dc12f0021825,1fba3799-d4cc-4a1c-84d6-51146012067e,f41a9240-7405-5762-9eee-184b9964c754,printer,0,,2026-06-13T22:27:48+00:00
12b194af-1c6e-4fb7-b429-8acb6db6e7f7,63e9a505-7c6b-4204-93f7-db5e9998f23c,f7b2fa0b-77db-586c-ad6f-447dc5600cdc,laptop,2,c8f837d8-1ae3-482c-b2a6-4ca0393af822,2026-06-13T14:03:48+00:00
83da6b49-84ac-4a54-912e-f72102e78e89,2309ca71-b2a1-41d4-93da-72d42bb24e63,3c9994ea-48be-5a93-980e-a3b70f3228ca,car,27,5cf5958d-e250-4940-bcbd-f5c52c9ac6dc,2026-06-07T12:41:11+00:00
6af3f7b9-c865-4ec0-a481-b6886e248447,db16a0e3-1900-4649-86fc-1c299886fc23,b6c109ee-7db9-50ca-9b2c-a59788740689,ps5,0,,2026-06-15T15:32:58+00:00
74303bfb-7910-4a75-9fb7-1aca81ec210b,e735ab9c-d62e-4e4c-a719-99a447547e16,8a04521c-f290-5efc-b140-24dffaa682b0,coffee table,17,12fc709c-1989-43b2-8f2d-64bea36a6ca6,2026-06-06T14:22:39+00:00
23ff5909-43b1-4e0e-bdf9-395716529ee9,f3556539-5f35-4383-aa20-f0818d9b4d26,6d5ec5dd-b831-5e2a-861a-132d18953d80,rice cooker,5,30653cec-e6ca-4b5d-84e5-378b70a97f65,2026-06-14T04:23:09+00:00
724be2f5-1f5b-4eae-a0e1-9178b3762649,495a3aa3-44af-4038-8197-d87257807cf3,662cb1f5-a9bf-5011-9045-cd13a2dbb06b,standing desk,15,,2026-07-04T13:57:29+00:00
684fd4a7-fcea-4e32-9b87-f4fa11680590,5ce43817-8afb-43c8-aa72-569b92aeb223,95665b10-b7bf-5d33-9e8d-fde42bb28ce6,kitchen,2,883b5ea8-946f-465d-8564-18d51dd30bad,2026-06-13T04:05:23+00:00
534bdfec-bd41-4975-93e3-10249ddf3d8d,95c27d41-572b-4b7a-b3cf-43833c5680e5,38281734-4546-50ac-82e1-adc28e3c147e,free,16,,2026-07-01T21:04:45+00:00
8610fbb3-890a-4c19-a942-457a4e70b65c,420bbc59-57c5-4a99-a707-cc797e6b593d,33aedff1-acc6-598f-b5f6-e15890e80072,textbook rental,0,,2026-05-25T14:26:40+00:00
d44d024f-6690-4164-9fd5-f824f3c1dc76,876215b5-4c2d-4c0d-86a1-ccfafdee1101,ef34a5fd-66a3-5498-92df-0dd9c8327728,corporate finance,15,,2026-06-18T09:46:35+00:00
ec3ea8ac-2d34-45ea-bd14-faa63df1eee9,e3d856ad-6787-404e-8e93-f255933c3680,13b49014-b52a-5e25-857b-fd3af9c62816,laptop,2,c837e9d4-2f2b-4ddb-b418-5aeace9f4e22,2026-06-15T01:11:09+00:00
c4e33eac-fc3d-49f7-b652-5c6cb98c6a4b,073d319d-25c3-4082-88f9-0cbb7e686a6c,efc8d95a-f04b-5d26-ae7c-0eaadd4478e3,vacuum,17,,2026-06-05T15:03:08+00:00
2d6200e4-c70c-4cb5-ae72-901634d577c8,8ac6c4d2-d139-40ec-9a3e-7bd2347f979a,de099038-42f7-551c-a30c-c55c36b0c9f9,rice cooker,5,,2026-06-29T21:22:42+00:00
d0b828e1-85c5-4c19-9438-8a523a41e647,dd97c4bf-c562-41cd-943b-218a8b5baac4,6f295e35-b7ed-5569-83f3-4ede2ec92779,desk,83,fdfd0824-172f-4b4a-b278-6eb35f13e393,2026-06-08T17:25:51+00:00
81663be9-2367-42ba-9ff4-a06b569bcc88,aa179f68-3aae-4474-991e-448842620800,5847bb5c-8a77-592e-aaaf-3715ed08faa6,bookshelf,0,,2026-06-07T23:30:21+00:00
5e9d29fd-407d-45f4-8d68-df0e3d8f056b,74375a59-e8c7-406f-8580-d46c74187dc9,2a99f5c7-afd6-58fe-b8cf-2c5dc05f3344,ps5,0,,2026-08-01T10:16:33+00:00
17a93dbd-a899-4f0e-acaa-9a9749c27e01,1ac6ee78-e266-4507-888f-5c047d74ca46,a27bd3c9-5cbd-5cd2-af84-d8f4b10a43d3,iphone 15,0,,2026-06-29T07:57:08+00:00
0a9e50b8-7f08-4540-99e3-f01469387244,ceb5b100-6d16-4a2c-a1ac-94145b871907,092c4a5f-0ae1-5a00-b69f-e5bc01604bfb,corporate finance,15,,2026-06-02T09:35:16+00:00
adc44582-d327-411d-a6ac-9a82a0d70428,d22d4315-95d0-4e9b-8b3a-ee71f98284ba,e0a67a4a-2fa6-5dc3-a520-d4041273ab35,standing desk,15,,2026-06-29T09:16:14+00:00
59b61627-9330-4757-a1dc-ac50759434a1,e554a849-75b4-42ad-ab34-0b8fc1a7f349,bf370547-5ae9-5bb4-9fd2-027231234d3e,cat,0,,2026-06-23T21:24:33+00:00
cf0ac8b8-1bec-4e27-bb59-ab69ae3c68fa,54f26470-51db-447f-8c40-86bc6859b21b,f60e8bdd-4467-5484-85d7-c3602aba7ff8,free,16,,2026-05-30T05:06:44+00:00
910b9531-aa7d-4447-8207-8ab2d2e586d2,6aacb066-212b-444d-b253-5871c426b9d0,69bd2e18-5e52-5569-b12e-c831e68a2091,desk,83,53e4aa31-da2f-4d79-acd8-f739f53b59e2,2026-07-06T09:46:41+00:00
94677cdc-677e-42ac-8875-15e462f45d1d,fe1dae52-39dc-4990-be70-ac03aa8ee90a,3bd873b5-4fed-5543-b8e4-ed824eab0d77,car,27,572e5490-95d4-4257-85ba-fabd395aafc7,2026-06-21T06:08:20+00:00
001b3c54-98b5-4227-aae4-820113dae026,af42af94-15a3-4883-9130-24839fed9a09,2f71b91e-f2dd-5a5f-9945-4bfc74b16075,kitchen,2,842cea88-1f69-420c-ab47-2cd5ac467723,2026-06-28T00:38:48+00:00
df2e76cf-de71-4e74-ab49-551d63a8facc,82c26f80-0b16-4534-b361-35fddfa95816,e185d733-d9b7-5493-b509-eb647a6d1f76,textbook,0,,2026-07-17T21:17:22+00:00
61de0119-8213-48cc-93f5-684563de2728,3c93bac9-6c00-45ff-868a-2fca9fd92411,2d42771c-bd57-5434-9b64-4f45cdba8343,standing desk,15,65c34bfd-cacc-4e81-ba0f-2c7c1a795b71,2026-08-27T13:55:29+00:00
bb636394-1f16-4d54-9b8a-60f9c69f2771,d84e7fb7-133f-4d4d-8817-f28892a26d2b,d1cdcaa2-c4ce-559d-9a36-8f748c67cb26,kettle,13,087ed90f-ca6d-4fbc-8160-05f0a10ae19f,2026-08-08T01:01:03+00:00
e3d8808a-9bf8-442d-a886-060cd0a76ad7,a80b24ca-19f4-4796-9a5e-683f4e8f7b14,e76b7c8f-d521-51c4-85c2-aea14a1ae0a1,airpods,3,,2026-06-19T12:46:47+00:00
70885158-9391-412b-92c9-18809989d56a,0009dfc3-c591-422e-9a5a-47a3c5627f02,047e9474-b676-5866-8590-304039572da9,monitor,17,,2026-06-21T13:42:27+00:00
34725c0b-dee8-4aa9-8ecc-06ca7393d56c,7759297b-afe9-4b95-8e56-6c553c734e03,f4f1f583-c2c5-5cb1-b5d3-7e51b8494ea4,sublet,0,,2026-06-17T19:09:57+00:00
6e7d4d7a-00ba-4cf1-bd47-c07c9a260567,1e604945-92d3-44f7-a246-8e1d1ff23f0f,a6b478de-e2a2-5134-8fb8-0bee9a926415,textbook,0,,2026-06-24T03:29:47+00:00
6437c6e3-d37c-4272-a4f6-1cf8b3ad40cd,79c00b7e-dbe5-41bb-8a92-189f533b8e9f,18215ab1-3286-5eb6-9d8a-c789f5efe5e5,parka,2,,2026-07-02T16:12:57+00:00
a7779b73-175a-487a-8561-8a3c8d9df072,6eaf2004-a475-4bbd-b327-ceb492d267a7,ce302da6-6575-525e-bc9a-05d5321ad5e6,lamp,8,,2026-07-23T12:55:44+00:00
1f40d86b-1ce9-4e56-b9bc-60e5153b4e2f,87b7f104-1daf-4fc6-a5e9-75a12a3c801f,564a5d4d-75ae-5faa-aaa5-95fb89a1cf3c,standing desk,15,,2026-06-26T03:15:07+00:00
8a354b2a-4435-44ca-97e1-d08a56c3a8ad,adcf5b0c-a9b8-4599-8c22-a281a999db7b,ee87f470-a60b-5167-abf6-5899591ae0c4,car,27,5cf5958d-e250-4940-bcbd-f5c52c9ac6dc,2026-06-25T07:24:16+00:00
e62b6388-ed3c-4114-829c-596b1c3ecc13,23061881-ec83-4935-ba31-110dc9dd0f5e,65364b10-c639-54f8-bf90-bf0509f6e632,sofa,28,,2026-07-03T16:35:46+00:00
386df757-361d-4260-bd97-1de9f7d65cdc,e5760964-741a-49da-986c-c20413c5103c,21c06bef-b4dc-54a5-854b-63c5aac9e8f4,sublet,0,,2026-06-29T12:01:33+00:00
9305d12d-8b2e-4805-bdd9-2939451acc22,ce44b626-aa47-48a3-b23b-c2866dfefd6d,04dee25b-01aa-5fae-983a-9dcdf514e1fc,apartment,0,,2026-06-08T06:48:56+00:00
47e9bab4-c3da-4018-8603-24fa9160d686,f5406e32-0613-43ee-b020-bf1ba6990c2b,5b6bf5a9-50ab-5d99-9963-d5df3e483088,concert tickets,0,,2026-06-20T13:49:40+00:00
21aa831c-4d71-41f3-ad96-89e92ab9d69c,1755328b-9010-4f07-b351-51bc6d8e8e7e,50571d99-80a9-5a4c-8b52-5646f7b9c48c,laptop,2,,2026-06-17T21:09:26+00:00
8d29fd78-3030-4f78-8c85-48293041ae84,4af0e4a0-0e37-444e-bfc7-a30dee993e1f,6ff0667b-b693-5a49-abb3-1e5eda111c68,coffee table,17,,2026-06-09T23:30:05+00:00
ba21bac3-009d-41b3-956e-7dd51c42481b,a4435821-88f2-470f-8792-58ce92993496,f5b1b49f-eaa9-54be-bf76-0cc35cd91ed1,free,16,,2026-06-26T15:41:28+00:00
dbbd97c3-e88d-43d9-b77e-44bef1b9ed33,210c2b91-059f-411a-9302-7b1e3c1091de,7295c8c5-99d1-592f-a274-7c1e0dd247de,parka,2,,2026-05-23T13:08:28+00:00
56e1f742-264e-4a21-936f-6b006cc69ee0,ffe376b0-b660-443d-9d11-cd993fa8abe4,5eb0e1fc-ef49-5dd1-a50d-ea192630ec01,dresser,25,,2026-06-12T10:52:00+00:00
afee1f0d-582d-4048-a13b-92e26e1ddaba,bdd3bd04-7e4b-4d82-816f-dceb5fae55ea,dbe53224-0cfd-5f61-bd42-4aa88c93181a,yoga mat,8,,2026-06-15T11:43:24+00:00
5ca7d0b7-89fe-4740-a31c-931f1b45b1b7,e65dbaf8-02e5-4e0e-a975-b67690763c60,14442aaa-f564-5987-bbdd-7a61d1fbaa51,free,16,6a10f71d-606f-44a3-ab06-dd38c18f0272,2026-06-11T13:12:11+00:00
ad53bdd0-d1c4-4455-af6d-978d150af964,1c53189a-7903-4dcb-97d6-29489110198e,e20aa1d9-01d0-55b7-94ab-a70011e5d95c,desk,83,e7fdf802-4536-4d7a-b244-ea0732326626,2026-06-29T05:44:53+00:00
8c62ceaf-0211-4f97-ade5-058d2cf87ec4,6d89186c-9abe-4266-84b8-a5f301062693,0451da70-1c8a-55f8-96a1-e404cd2426b5,monitor,17,,2026-06-14T10:34:11+00:00
8dcc4516-2e3a-4312-99c7-61d6d607d4aa,02e43602-1002-4bed-9fe6-fe21002d4a3c,c1634145-e715-50e3-a12e-f9db9b60d5a9,apartment,0,,2026-06-22T20:29:26+00:00
e1aea186-8a1f-4da9-9f24-67c761fbbb97,896b4f1b-82da-4b41-868f-822326a66804,25dd8839-6c2a-512f-bae5-6637a18f95dc,mini fridge,5,,2026-06-22T12:20:49+00:00
ff65239d-307b-4ea9-950a-bc09e4896772,eff13da1-a531-4767-95ce-387f2866993e,eb9d8b57-f3f6-5135-8755-caa217a5a454,standing desk,15,,2026-06-24T01:03:18+00:00
d01cfd9b-5e54-4056-87b8-2b8563626344,6f258066-979f-4da2-bba0-720da942d710,1292d899-c62f-555d-abee-fd743bb9107d,winter coat,0,,2026-06-27T18:18:20+00:00
7100344c-846e-486d-95cc-1f0ea64958af,3e7caac0-1ca6-4783-9a3e-0aec999045f7,f9499ea8-392e-5f95-ba80-e2b68e5e8ae8,cat,0,,2026-06-07T12:24:39+00:00
9d598623-e883-458a-b53e-ef78989cf798,8c0f035c-ed24-4e92-9e38-7d7562011845,664ee95c-9767-5dbb-abd8-534abe932803,lamp,8,8b4e1977-7a48-4726-81c5-3ef4f4ae7f12,2026-07-04T10:56:53+00:00
39788aee-f4ec-4f07-a74e-d9fb7c1013b3,6c1ecb78-38c9-4d52-b536-8463029f3a65,39ca2e08-ca2e-5b2b-a1ba-39c53a773022,microwave,4,520ab43a-06ee-4250-9416-cc025332cbae,2026-06-18T23:29:36+00:00
7d4f0d54-5f22-4462-a296-97154d45aab2,79c00b7e-dbe5-41bb-8a92-189f533b8e9f,18215ab1-3286-5eb6-9d8a-c789f5efe5e5,airpods,3,,2026-07-02T16:06:49+00:00
baecdac6-aaf8-42f2-a9d3-522850128afa,bef562aa-7b99-4438-b976-0c3e350379ee,93e784f4-86dc-53cd-85bd-8c64915a569d,desk,83,,2026-06-20T12:40:14+00:00
34af2ecf-fe32-4e1e-993f-71590bf9f206,780c8367-fbe3-4f3e-bb65-e449f49742c2,54d1dfbe-4cbc-562c-b4c9-e2f535de3954,ipad,18,eda46f92-1199-410d-aac6-bd911cb65070,2026-06-22T06:11:50+00:00
38f89f27-7f02-450f-b3d5-eb4d6eda3edb,29f2c43b-7cbe-420a-a7cb-2ede9cf6dd4c,a9d91b62-ed5f-5fc3-aaa0-0ba0a300bf2f,parka,2,,2026-06-30T08:15:37+00:00
3fe28955-2320-4558-bb19-a66442e30a0c,e554a849-75b4-42ad-ab34-0b8fc1a7f349,bf370547-5ae9-5bb4-9fd2-027231234d3e,ipad,18,,2026-06-23T21:27:07+00:00
078094f8-a12d-45f2-b935-5d2344ec710e,1dc0db8d-05e4-4ebb-97cd-9fe0c828ad56,1770db21-8b1c-53c6-8067-9305cbc6c6d5,dresser,25,1cbdb92d-617d-4bb7-8b51-0bc44020bd81,2026-06-22T01:30:59+00:00
438ee290-23de-4c7a-99bd-10b1d8ef88c6,8ced966b-96fc-45a7-b2fd-f43f6a26b92a,98e1b135-5021-5730-8069-78e63db5f746,lamp,8,,2026-07-08T18:55:13+00:00
c5237626-f7e9-41d2-a309-d0c5477e6cff,ddff96e0-22a2-4dc0-8484-2c55ebac5db3,1684244a-f7b8-520b-8ba8-3fc3055b0de9,coffee table,17,,2026-06-25T21:15:11+00:00
e960e2df-4a97-45f3-82f3-5c658f030161,bc9cbd74-f51e-47e9-ba77-1f2c017e9cca,fcbe21c6-cea5-5322-a2cf-3cf67a38ee73,dresser,25,,2026-07-06T15:42:59+00:00
2423c363-6175-401c-b523-d4ea6b03661c,6760b35f-d3be-4df1-b9bb-dcc8d7227291,87f95acd-e03b-538f-9adb-c11663111986,bike,18,,2026-07-03T01:26:35+00:00
8e7dd1a4-5f64-4429-9021-96fad263ef9f,52d44442-4dbc-40af-bbe3-a97d1e165b33,f2943892-4b9d-544e-b4be-82db0c33bb6b,apartment,0,,2026-06-21T04:04:52+00:00
8e55bb1e-f616-4a11-a788-7464289d340a,f179f796-27a1-4c7b-8711-7b339b16ef77,ff6ff9f6-c9ed-5707-8c8c-456640d32388,winter coat,0,,2026-06-30T07:30:18+00:00
264bd912-6e77-489a-992f-3e193a90727c,3b91383c-8499-476e-b401-af488cd4b13f,9bd8d04d-20dd-57e9-a014-eaab2bd79d0f,car,27,,2026-06-26T11:13:25+00:00
e042e845-3630-4bd6-9953-a950b03d5c1d,ff6e8123-7427-47ad-b4a2-b32525006de0,46e373e1-3f80-5aa7-a3c0-1685dfc8fd31,winter coat,0,,2026-06-22T08:29:43+00:00
81646d52-c7ce-4c06-a6b8-4b9f41f75b10,6aacb066-212b-444d-b253-5871c426b9d0,69bd2e18-5e52-5569-b12e-c831e68a2091,mini fridge,5,71a0699f-669a-434e-ac77-c3b9da9705ca,2026-07-06T09:55:41+00:00
2710db2d-6455-4bbe-9a2f-2378ca073b55,5f6d993c-4bf7-46a7-97c5-66326662827a,13a3b5d5-5697-5e02-b3e5-307bd9ca0c82,concert tickets,0,,2026-06-10T00:12:41+00:00
acd62f49-4e85-47c7-95d9-9dcf9f70e84b,a1e2e693-3bde-4f70-9281-01259889ee69,56d526ce-e67d-5ffb-8363-c18673e409a1,ipad,18,,2026-06-27T07:11:44+00:00
dedd35d5-addc-4e33-8764-46638fba84e3,ef913d79-c307-422d-acd9-5e72bbadb9e9,be48f0ec-d269-5845-aede-7d35fa5207cc,headphones,24,,2026-06-23T08:44:18+00:00
f78696fa-fcdf-49f6-85c3-727cd196d1e5,9c6405d0-d0bc-4e75-8900-4a343d7eec34,aff3316f-bc26-5b5a-b53c-2e681685b1de,lamp,8,,2026-06-30T15:55:25+00:00
817b3617-3c4e-4073-91dd-60f804a0e62f,eeff5407-0122-4256-8fe0-ca19e54acbbb,768e61be-6faf-5ce2-a680-a5e531e18a39,yoga mat,8,,2026-06-27T06:46:38+00:00
53decc7a-cdba-4119-801e-1cec92c3360a,44ee0402-719e-4795-b6d1-9697a6d0a515,0c6fa10a-2f62-5b61-8dc5-eefed5ee87f8,corporate finance,15,345d2695-9b06-434a-a689-275fb3c83364,2026-06-26T09:58:57+00:00
e2d3b713-6aa5-4f6a-9993-36c8664ddd19,e735ab9c-d62e-4e4c-a719-99a447547e16,8a04521c-f290-5efc-b140-24dffaa682b0,laptop,2,c837e9d4-2f2b-4ddb-b418-5aeace9f4e22,2026-06-06T14:12:39+00:00
7d10831d-8e57-4a4f-b3b5-986eb929763e,6695a266-c3cd-43a7-a7fb-fcac77328615,9534bbf5-81ef-5d3d-84ec-f40ad4377858,headphones,24,,2026-07-02T00:09:43+00:00
8c6e7915-f8e8-4c87-b297-e4d4e551f277,0675ff4e-03a1-4a1b-91f2-4e5095585649,617d51d5-ac51-52f7-900f-99e3659c7e39,winter coat,0,,2026-07-16T19:01:16+00:00
2ae40059-5da8-4d92-a9c8-20dd288bb492,514cc026-35f8-49f0-9e68-dff0aa3aab07,6cd45955-858d-562b-8846-db0a7f6c20db,mini fridge,5,,2026-06-12T16:32:20+00:00
f5064a76-8c49-434f-9d2f-0c3220e3a4a4,36d2e780-1eb8-4905-beb8-e2ebc5c6adb1,c82f596e-9d11-5dc9-983d-5e593d8e10af,apartment,0,,2026-07-13T11:07:30+00:00
59977e9f-490f-4f48-8ade-9e309085243c,bf74e9cf-5b79-495b-8c29-2dec4918a0c9,ba5eed00-0889-5e98-8cac-1203be278058,lamp,8,,2026-07-15T04:12:25+00:00
df6a6f82-8050-4717-b878-d57d329829e9,44ee0402-719e-4795-b6d1-9697a6d0a515,2b739207-d09f-50c3-bed8-6b00f2a1e6ed,vacuum,17,,2026-06-27T06:56:54+00:00
e8ddf60c-9cdf-418b-b041-ddd54851e9b1,5c16ef18-8047-4cc4-806c-4ef9df6de907,93a67b46-569b-5390-98cf-3932465eed1b,ikea desk,0,,2026-06-28T02:33:13+00:00
5fb5f947-538e-492c-a493-6a190ee58608,23a55d2c-5ac7-43a9-a6a4-20734b79d7ae,f89d694a-0640-5740-9d46-6123ce4949eb,laptop,2,c8f837d8-1ae3-482c-b2a6-4ca0393af822,2026-07-07T01:10:23+00:00
104e156e-bf7d-4636-8d75-7dcb9e72aaa0,c2d0b978-f0b1-4bed-b592-d8a8b2426dd6,2503f03a-71bf-5599-9848-be504904f3fd,bike,18,612e180a-2212-4a08-8850-78c54a163aed,2026-07-10T03:35:03+00:00
3b42cc46-7256-4b4c-8911-a2462001e903,f04a183f-150b-4c94-add4-8f70333e2504,59f3d692-cb72-5d38-8fa4-e56f9ab9a74f,kettle,13,,2026-07-23T02:43:57+00:00
369a4f49-bad9-4c32-a1b2-3e29f48209af,febd8921-9308-4e28-acff-1ae8386589e3,b050b2bc-b614-5d28-9b9b-f5a4c550da05,iphone 15,0,,2026-06-15T08:12:05+00:00
5fb130d8-9559-4487-8618-55450658b4be,2e0927d6-79bf-4b1c-b9d9-5d2847205f9d,0082b8a1-e0ca-54be-8e18-ce83822d9b03,parka,2,,2026-06-28T10:23:23+00:00
263eb45f-5341-4ef9-a3f3-aa7be3143519,ae55ec52-cef0-4a81-8e34-dbdc085d2573,e4687b31-621f-5cca-96d5-72233d44d7f5,printer,0,,2026-05-30T21:34:08+00:00
778d2c5e-d1d6-4507-a838-2dcbecfe12f7,767703ae-4d74-4728-ae3f-a80c8b6ead76,9cba6f4d-83be-505e-89fe-e6afcbb027ee,microwave,4,d4223b8b-2b4e-484a-b4ae-f7c663cf37e4,2026-06-07T17:22:17+00:00
49f7ee47-9c35-4d86-8db6-86acfda62f71,16a2805a-f042-40e2-a4f8-2002ffbe4cf8,c101f23e-34b9-56ea-886a-fbb91d431b5f,textbook rental,0,,2026-06-21T10:36:17+00:00
4ddbdea0-971a-4ae0-8944-0281a861697f,8bf8ea9f-72d9-48eb-928d-e17012efd91b,3ab3e14b-23d9-55f9-b3fa-7fc30ef812fd,concert tickets,0,,2026-07-15T13:21:08+00:00
39ef0a36-7831-4e4a-9ec8-abdd96690c5f,f5dc0e8d-4cfb-42ba-851d-c4ab150a805f,edea50e5-1003-5550-b999-30fb2ab97578,headphones,24,587f8f76-fd1e-4ac0-ba23-2a07cd91fc4e,2026-06-20T22:24:05+00:00
243c09e0-f866-4699-96dd-9ccb446506ba,db4d2942-4cc1-45f1-87fc-07d96b772a6e,9809a88b-c481-5ab5-a0cd-10273fd2adfe,bike,18,db96c943-47f9-4ff4-b4df-5c51d40b1169,2026-07-22T09:41:34+00:00
77d6073a-18fb-4f86-bf6a-9aeb07035831,c99359a6-ecf8-4d27-a849-8d366cb10a8d,91f852f4-0936-5402-a9c5-711fef8b79ea,ipad,18,16866e28-41cc-47d2-b323-1679f2b82b5f,2026-08-09T14:35:59+00:00
8a83aaf9-ffa4-4bfa-92e5-8055ebeeabcc,89d77857-c92a-42dd-af96-5df74aa05d59,b89943d3-28db-591d-9dd3-1ee8287d04e7,winter coat,0,,2026-07-22T00:14:17+00:00
d8815748-9389-4dd0-9f01-4a0864b4b116,8d5b08cd-a9b3-424d-b178-65d65f5998af,e9244330-0e50-586b-b15d-f964d74fd133,airpods,3,,2026-06-19T15:49:06+00:00
ec5f36fb-64c2-47e1-97ad-2c7962880512,b2fa8b95-5aab-4854-a682-06ac4d3c3500,61cf3ddc-44c8-5ecd-8874-cc6cd29c94d6,vacuum,17,,2026-07-03T16:00:43+00:00
bae8d40d-49ba-4fef-ab3b-f92a8ae87324,7275315b-de5e-4c67-9b01-11b25728750a,3464957b-8633-5a7f-9a33-bebb530ccd14,kitchen,2,,2026-07-14T02:50:22+00:00
f1fdb831-28f6-48d5-8aca-6b68f07c7c22,9b0f4215-bb92-4800-a8ee-8b3a7bbf2ee1,34c116e8-122e-57d5-b00d-c71baf76219d,sublet,0,,2026-07-04T15:26:53+00:00
16b2c36c-3ad2-4aec-b14f-7f2eb79101a2,aebbbd34-c750-4cee-b298-18c1698b9b92,c0536f83-0e72-5be1-ad5c-9b2598cfd273,boots,15,,2026-07-09T00:56:19+00:00
f35bdc09-6fc9-4ddf-a785-6b4e30c31152,f6e71fce-dd96-47bf-af78-97f8cfc698e0,bd02094e-a309-54c8-9242-feb831372e77,microwave,4,,2026-06-30T04:07:16+00:00
a0af9b3c-86c8-4b78-a354-6e640e8ba535,bfd8403b-80c0-4664-aaab-0599f13df1e7,46ee30f7-be10-5ede-8758-b47ea32d9c9a,monitor,17,9dbed5bd-bf25-41e2-b486-4b4d70fb88c8,2026-05-31T12:04:44+00:00
b3803105-74c9-4d19-aff6-17dd60ec3ea9,10e5f889-8510-460a-b274-ff42a4b2a3e9,0a44dd0f-7ed7-5fb8-a00e-a5ad9350be2e,monitor,17,,2026-06-27T22:44:44+00:00
5fa3bd5b-3ea8-408e-b34d-63dffeae5c59,6f5ed66e-e07b-48ed-b59a-b63d714e545e,680923f5-9c2e-5190-858b-2e0cff093b1a,sublet,0,,2026-07-01T22:52:00+00:00
6d28e878-9c25-4210-b283-06fb09710b42,8ac6c4d2-d139-40ec-9a3e-7bd2347f979a,de099038-42f7-551c-a30c-c55c36b0c9f9,winter coat,0,,2026-06-29T21:32:19+00:00
f64ca088-4c23-4b8d-bd35-68bf0ca4c23c,a0bc3b16-7612-417e-acb2-ce0de205d14a,e7c1d76f-a1f0-5932-9a49-52d528cb325e,coffee table,17,a9e0141c-dbb3-4a36-8571-266730ce145b,2026-07-06T15:42:18+00:00
ac868913-fa81-4b08-9684-ea5a7bd94ab7,054fe171-2aa2-4064-be59-369e103477d7,91721caf-5e1e-5a58-80c8-1dc78afccbda,guitar,0,,2026-07-05T12:56:19+00:00
f5be1ccd-bf39-429e-a640-2918235be354,fda29f93-a3e8-4fb9-84ba-b9b7b56ec5c2,19b8307b-cb2d-5827-9fdf-0599cf449033,office chair,0,,2026-07-10T21:00:53+00:00
c5f31347-9e16-4479-9560-cf9b9aed8afd,eeff5407-0122-4256-8fe0-ca19e54acbbb,fbe81c79-45dd-5ad8-8f11-31e0868f8203,boots,15,,2026-06-28T06:17:20+00:00
633f4ba9-8d8e-4cf4-9928-b82ec867f973,caf7efc4-3973-492b-abf8-2af2f0caa4ef,d6476375-e4a5-5473-b066-32099db2ae34,vacuum,17,78baa83c-e631-492d-921d-97f209627a79,2026-06-22T21:34:43+00:00
8399d83b-e404-4322-9e5c-976e2da4e11a,8ced966b-96fc-45a7-b2fd-f43f6a26b92a,98e1b135-5021-5730-8069-78e63db5f746,boots,15,,2026-07-08T18:47:36+00:00
24e866e7-33d3-4122-9fd1-3eed4939fd08,f4b0199b-48eb-4354-a8fe-03676e9169f9,25f60e3b-7667-5a10-8b14-70664d671e4b,boots,15,,2026-07-15T13:27:38+00:00
969032b1-3ad7-45ef-a520-03dd2ead168e,8ced966b-96fc-45a7-b2fd-f43f6a26b92a,98e1b135-5021-5730-8069-78e63db5f746,vacuum,17,,2026-07-08T18:42:31+00:00
f035e550-53a8-4938-9a60-c726df37d7d1,3b91383c-8499-476e-b401-af488cd4b13f,d40546c1-a5fc-516e-ad57-b1375d1bf103,cat,0,,2026-07-02T20:37:01+00:00
0a747bf0-0bca-45b3-bcf1-6e7bee04a4b3,89d77857-c92a-42dd-af96-5df74aa05d59,b89943d3-28db-591d-9dd3-1ee8287d04e7,mini fridge,5,,2026-07-22T00:17:18+00:00
f4e0084f-c1f7-4dc1-bec7-937dbc561998,d4753420-55e3-4598-a047-da09e69fedd7,ce56146f-e0c9-5183-a299-86c6eaaec327,headphones,24,,2026-07-02T08:27:43+00:00
44434838-0ce9-4c1f-a8d1-3fa506a7ae29,61bc54ff-d92a-459a-b783-749eeba4b206,3dd7f7a6-6d20-5e94-bd7c-4c30ddadfed9,microwave,4,,2026-06-27T00:29:06+00:00
874f022b-a6c1-4c7f-a5b0-d3b9784bdb81,8d03f92a-b2fe-4c08-869d-2b9e1a04c1d7,080e7401-6437-5fdf-91a0-a57114cfcf64,desk,83,,2026-06-28T17:27:43+00:00
579db6ae-d547-4319-a3a3-1c24cd5130c4,3c93bac9-6c00-45ff-868a-2fca9fd92411,2d42771c-bd57-5434-9b64-4f45cdba8343,ipad,18,,2026-08-27T13:53:29+00:00
f22fae52-7552-4e85-a688-6c3d1a3c7ce0,60e7746d-a14d-4134-a659-8644ea757f35,44f35c2b-bcdd-5452-a3dd-01b74a0a686c,vacuum,17,1d4242b8-fd28-4ade-969a-3759dcd6d78b,2026-07-01T11:53:26+00:00
de5af5fd-c666-449f-a8b6-d79cacc1cca0,bc0e5868-3a1d-4493-ad13-df81dcf8102c,73998a92-6cc3-5715-aa88-fc455d497c03,sofa,28,,2026-06-09T08:52:32+00:00
5abbb430-9066-4437-a9f3-9a7546104d6c,ea8951c3-9063-4555-961a-8fcb0cc9fd92,b819d5a4-6e0a-5e8d-b050-010b97b49b63,coffee table,17,152e377e-0c97-4ea2-bacc-90ad6f86724a,2026-06-21T07:01:23+00:00
fe05e53e-c519-4ddf-b497-3de5b0db14e6,e5b05247-d5c5-41cb-bf08-a56d351e6242,3ebf5261-fcf3-5d43-8373-bdf562555cd5,sublet,0,,2026-08-22T19:23:48+00:00
ec9dd655-7414-484f-b66e-41c8082b826d,f8ec5735-1c8f-4776-b569-2f0195771513,89dde6e2-8b3e-5200-9deb-eb2e18a7a96b,sublet,0,,2026-07-01T21:37:21+00:00
bc78082e-7177-4a8d-9c19-d2aa50b68b48,b296b45f-615d-4fb5-8a3a-1c8e1a6337f6,7e14b392-f2fd-54e6-afb4-55f77b98cc1d,kettle,13,,2026-07-21T18:36:44+00:00
e372a50f-28a2-4ec7-a5f7-7bff7befd433,3c93bac9-6c00-45ff-868a-2fca9fd92411,2d42771c-bd57-5434-9b64-4f45cdba8343,free,16,95d46042-6c04-46f5-b425-8a2ba77dea52,2026-08-27T13:52:18+00:00
4460e819-5d82-4e3d-8ffe-512e5ef6f1fe,7cbcbdd2-c81d-4c88-84cd-0c1ee4dcf86a,06eb6c99-b59a-540a-b765-81fbad863794,ipad,18,,2026-07-18T20:11:13+00:00
abf0325d-1750-462c-a857-bfe6445268e8,f49e78ea-0b5a-4e38-8d8e-fecf93a3488e,d696ad92-9dce-59e9-868a-fbda12a63c89,sofa,28,230f0458-5db1-4c49-810c-ca5ac89508fd,2026-07-20T07:34:53+00:00
6c8c2598-b73b-45d0-b38c-4080a85b90ee,fddcb198-bf64-4afe-a7ba-49b9d8c59c2d,34a1277d-5dff-599e-9ad9-696f427e1e76,office chair,0,,2026-07-05T23:39:43+00:00
52ae24eb-fba9-4da7-9c15-40cba46aaaf6,af587165-10af-4199-96d6-3bcb946bf36d,8815f16c-94ca-509c-a91a-ce996e137a9b,headphones,24,,2026-06-17T05:31:18+00:00
e2344acd-81c5-4be4-aa6e-84ffb2f019e8,0009dfc3-c591-422e-9a5a-47a3c5627f02,fdfd7307-de87-5438-99b0-2774939728ae,office chair,0,,2026-06-28T08:49:47+00:00
df5d0f02-6e0a-4c88-b0cc-2e90e93b711f,fb8098ee-02d6-4b07-858e-99f58dd1d0ee,7e9fcfa0-d3a3-5cfb-add9-0915978622d6,coffee table,17,,2026-07-13T10:42:59+00:00
6d14a5e2-2400-4d2c-93af-3316411304d2,7844c024-2ced-4ed0-9417-6303bff60ab5,752a1a26-32ff-5318-8843-d24117ba1667,rice cooker,5,,2026-08-14T00:17:28+00:00
996a1095-8731-4459-94f6-b281a11cef20,5a9e45fe-4a1e-47ab-9fd9-93dbc98d81eb,5b880909-6511-588c-bf61-f9ba688d2ecb,apartment,0,,2026-06-19T07:06:10+00:00
b05b0175-5387-4030-b727-8f10be9ab0a7,1e35bc63-b9b9-4dc0-bbca-ba32d6a1676f,18e9feab-790c-5271-880d-b0256059ee79,guitar,0,,2026-06-30T09:01:04+00:00
02edd422-a0bd-42ba-a543-cade8a6279e9,8f0dbffc-0f7e-45ed-808f-cd5faf5153dd,03fe8620-53e2-5a37-b41f-6b35dc22b4be,monitor,17,09970f75-43e1-4877-8cf0-e983b60eaf7d,2026-07-04T21:34:39+00:00
7d40018a-2151-47b8-a6a8-de1e2320db3d,5b98a245-2472-4236-8b6a-d34d8a01ce2d,97c314fa-a127-51ef-ac70-15a245e2ef23,vacuum,17,,2026-07-11T08:59:15+00:00
c2ae0b77-a757-4714-8706-b712c06f9950,3be6bf3f-c8f5-451d-9829-86d0e1a995cc,127b4776-7172-59f0-9ac2-854d5988346a,sublet,0,,2026-06-30T19:49:16+00:00
1b3c1481-3dd0-4c97-ba41-82f5c0489369,8d03f92a-b2fe-4c08-869d-2b9e1a04c1d7,080e7401-6437-5fdf-91a0-a57114cfcf64,monitor,17,bf1db679-701b-4b68-b549-6e7bf04671cf,2026-06-28T17:25:49+00:00
98eb7b4f-637a-46c5-9bc5-d91f1b97455b,3eaa28c6-6c66-4841-a82f-101d62f26410,560847ac-c9a0-53c0-9058-4b426a6b52cd,iphone 15,0,,2026-06-27T02:53:45+00:00
0805334a-8737-407e-a775-a978f17361d8,2309ca71-b2a1-41d4-93da-72d42bb24e63,3c9994ea-48be-5a93-980e-a3b70f3228ca,iphone 15,0,,2026-06-07T12:46:07+00:00
65fe4d2b-5481-4936-be2d-84f953cf6058,8a4f20be-5402-4f7f-97d5-042270c4a232,89d3cfe3-2819-5e7a-b95e-54f2136ab347,concert tickets,0,,2026-07-10T00:09:27+00:00
40924636-fdaf-4de2-ade0-429667b5f147,dfb7e95f-260e-477a-a24a-a98cf163a43a,be570469-cab4-54b9-9635-8537cc0aa734,monitor,17,f5a1338b-ae78-4e92-9894-7d666a80bf25,2026-07-05T13:05:59+00:00
222bccf1-2187-4c01-8b30-bd90894988e8,46d70937-d07e-4077-b289-a72c50dbc1f5,67b86cfb-e395-57d2-b1ef-39b683a625a8,standing desk,15,,2026-06-06T17:45:40+00:00
b0d768e7-413b-4bb4-9f55-09f545fd3fff,c5c387fc-8cce-4d21-8e67-f9a537bce316,8f8c92bf-7fff-56ea-ab20-c961551d9a0a,iphone 15,0,,2026-07-01T21:21:41+00:00
49d0a02a-cca4-4b32-b984-4b6747040ae6,7d2e833a-8242-43a6-93ca-e79df0b2cd59,c96bb9dd-84e2-53cf-8617-a51fbbb12511,bookshelf,0,,2026-07-02T01:09:55+00:00
79e6ef3b-01cc-4a95-bf88-4d45f2d14eb7,16ec2a95-5cdd-472d-bb70-f569bc0cea3c,c4d8cffc-0f0b-5b61-8768-c58bee9926d7,bike,18,fa54a884-1931-4725-960c-eccead88c6af,2026-07-19T10:00:52+00:00
95917435-0847-4012-aa85-21c25e245249,6a1f02ee-4734-484a-9340-301d6b261f57,0d0c6d10-5b07-5993-b10e-cdaa215ff7ca,lamp,8,,2026-07-25T13:17:23+00:00
bf4bbc81-76d6-44b2-8bda-fa3415196a87,7275315b-de5e-4c67-9b01-11b25728750a,3464957b-8633-5a7f-9a33-bebb530ccd14,ipad,18,,2026-07-14T02:55:14+00:00
f4c7cbf0-62bd-486e-85fa-de6aa0813a20,ddff96e0-22a2-4dc0-8484-2c55ebac5db3,1684244a-f7b8-520b-8ba8-3fc3055b0de9,corporate finance,15,,2026-06-25T21:21:06+00:00
937a25e7-4977-4274-b32e-4a60461864c5,00501fb4-95d9-40ea-9f41-8fe9015dbc62,81cf1cf9-d2e4-5f5d-8245-093d1bcd0018,ipad,18,91e04afc-2cf8-478d-ac8e-0fbee2879c76,2026-06-25T11:33:55+00:00
83800b30-375c-4ed2-8666-c7daacece95d,c3699fc8-6b69-4b20-bd17-1c0f5a24a795,5c6907fd-15aa-5f49-b992-5b99e32aba12,ikea desk,0,,2026-08-09T02:30:19+00:00
6cae633a-c777-427a-b73f-1d6c6bc4883f,4495e555-157c-430a-9288-2c59115408fe,daf7107a-4d8a-5fad-9c1e-ab0400cf1276,lamp,8,712ef962-5cb2-4067-890a-4d2ebc88829b,2026-06-30T00:48:22+00:00
fe57a5e6-8807-436b-8166-09992367e3b5,fe409d6f-e259-485b-96bc-c2a89d7996e6,c180d2d6-dc4f-5223-a9bf-5c3eced14f80,airpods max,0,,2026-07-19T18:53:42+00:00
23f9b9dd-9ae1-4b94-b557-6dafe91ebbd3,4f7d3f82-809f-4176-b3bb-245e659f22ab,158fc853-69e3-5780-acd9-2e2cf9943a86,yoga mat,8,6dc97872-dc25-4114-a162-6a5236efca6d,2026-07-11T21:03:01+00:00
e4fd716f-5859-48fc-8d28-7b594632353e,9c4bc13c-455f-4bc8-af64-d6ff11a380b4,b0585e7d-c0ca-58a9-8eb3-ffdf90e6b3cc,monitor,17,,2026-07-12T19:35:21+00:00
86191853-a71f-4dd4-ac44-86c804751a61,06ca99ad-46e9-4d5e-a72e-48628968c316,08ff1d88-bca9-5a51-ac21-de48bcffdec2,boots,15,,2026-06-09T02:31:59+00:00
bd3ed8a6-6248-4206-aab9-f5e98fbb0708,eff13da1-a531-4767-95ce-387f2866993e,eb9d8b57-f3f6-5135-8755-caa217a5a454,airpods,3,,2026-06-24T00:54:35+00:00
cb828dfb-0b9a-4d96-bb17-f707648306ad,b6f4d635-89e6-4c7d-b21e-375b06a4dc27,0f2d0458-1347-5f08-8777-7b6690852930,ikea desk,0,,2026-06-28T11:54:32+00:00
97d5a688-dc49-49c3-84bd-cf682bfc1e2c,caa94dc0-81be-4dfa-8bc4-fa28c1ea5e7e,5efb5e78-aa00-5156-b761-901fd2d58c69,monitor,17,,2026-07-20T09:05:00+00:00
f20808e5-f942-4806-9728-f3d049efe6c2,f8d855a5-21a5-477b-bd26-6a8ff32c9563,efffdeea-bbc5-5788-910d-4b68c5bf5656,office chair,0,,2026-06-25T05:09:00+00:00
07fbfc21-f0ff-4341-9c22-7c187487e9e0,bf74e9cf-5b79-495b-8c29-2dec4918a0c9,ba5eed00-0889-5e98-8cac-1203be278058,desk,83,,2026-07-15T04:10:26+00:00
0f68df7f-42eb-4533-8b22-346cce2652df,c61cd5a4-1592-4718-9dc9-3a026d2fe8c2,bf066e93-f37a-5cf1-a601-3212bfed479a,textbook rental,0,,2026-06-21T18:24:17+00:00
a58979dc-d753-4644-b787-178c171f6f2e,b0498d7c-841b-4a0f-8ec8-dbfc1353b9c1,74dd3c8d-9a95-5645-972f-2d4d55905391,ps5,0,,2026-07-09T17:11:30+00:00
f690263d-d847-4f2b-8011-f73bd00fbbb6,94124252-c61f-4b05-ab17-fb467c898e0c,894ee5ed-62ed-509d-b572-0b7ea5572e4a,standing desk,15,,2026-07-12T13:07:18+00:00
a92ad9cc-7d05-4f3f-aa73-cbb4f34aeb72,658d561c-1651-4aa7-9c5f-4cc6fe4afb70,005eda25-9e74-578d-8511-e097d22b7ae3,concert tickets,0,,2026-07-21T21:54:30+00:00
2e20db17-de8f-4819-9653-e1bf1c155b29,4880e488-a1c2-4958-ba10-b7c3297adba8,2e29834d-65d7-51ce-9ae7-94d4b4cde195,coffee table,17,,2026-06-13T21:39:19+00:00
6e58cc0d-83eb-4d13-8178-9b99cb19d0e1,a4870570-7c5f-4b20-8e76-eb3e4f83bf13,54874c39-7a23-5589-bf7e-465418dccff8,textbook rental,0,,2026-06-26T08:37:26+00:00
9541e595-f2c0-4f4d-8b82-5162c09206f0,ddff96e0-22a2-4dc0-8484-2c55ebac5db3,1684244a-f7b8-520b-8ba8-3fc3055b0de9,mattress,39,99dae577-36cc-413f-b6d4-4d4d5f12aeac,2026-06-25T21:21:44+00:00
88524baf-fc3a-4c56-a165-d513750fb5c6,ce6b81a6-725e-4425-8a3f-ff7c7aaf1d32,b470cae9-f61a-534a-bc48-5417848dda55,corporate finance,15,8baeca70-ba40-4710-8895-34b82b846602,2026-07-18T05:01:20+00:00
c0b6ffa2-4a1d-4058-a408-55c4c9ceb121,8f0dbffc-0f7e-45ed-808f-cd5faf5153dd,b79fcf3d-72b9-5f8a-88ef-7f0a0bcc5f62,ipad,18,a4ec4e57-accc-4fc4-8da6-bd22a8170fa5,2026-07-15T01:29:56+00:00
0e7fba29-cbff-4cf7-b1e5-256e44dd6bb4,9ce8ad86-b5f1-4d08-a8d6-d8b25b7f8f86,348e4528-39a2-5c8b-af3d-7465fddf5e2f,airpods max,0,,2026-07-20T02:06:56+00:00
e6f49501-1b85-4c8d-aed1-cfd775a0c7b5,c51745ca-bb03-4bea-9828-f74363cb7a4b,4f828264-1f5b-5b5a-b59e-a6c6fa48e32b,kitchen,2,,2026-06-20T02:55:44+00:00
af9c259d-9901-40de-85c9-8b9680991faa,05c1b613-6547-49f7-a31f-dfedc7876aca,b119d731-5eda-5c01-a1a3-fd2239b2f47f,microwave,4,,2026-08-16T02:25:08+00:00
4fadd3c6-607e-4bd1-9a14-10f3e5b40ddb,2fdab17b-b531-49bd-b7bf-e2eccda6e5eb,17af8e4e-1a34-5e56-b88d-3904464dd152,ipad,18,16b6ba87-2498-42e8-87b8-fcf878a61d19,2026-07-08T23:47:50+00:00
8ff4d57f-d09b-454e-8950-ec140188a665,9e8e0225-d22d-409e-a1ce-2e9061fc7344,6a9b9fe5-4724-5401-ae98-d6567105e4a1,yoga mat,8,a4eeb354-6f1e-46cc-bf11-a1a3953a5b8d,2026-07-24T12:43:45+00:00
42c8dc57-c113-4a66-8b4f-fc2b7c3a9bcc,38736e97-8380-4bc8-9d40-b95a6d5761ef,27268340-b359-5018-89e0-0ef9bec4c362,coffee table,17,,2026-07-06T13:09:09+00:00
6055ce83-8af3-4da9-95d4-9d9b34759a00,8d03f92a-b2fe-4c08-869d-2b9e1a04c1d7,080e7401-6437-5fdf-91a0-a57114cfcf64,dresser,25,,2026-06-28T17:39:44+00:00
f4890b66-5b75-4955-88fe-27ef9f933428,3faf19b8-adef-42c8-a07d-601db32b3f06,cee7deb6-b38b-55d8-a0d6-d7f4512ac5ff,laptop,2,,2026-07-13T05:57:54+00:00
82223a8f-1e2e-453e-8b8f-8d80ea12726c,0735b0aa-84bc-49aa-a78b-0ec4f2e216e6,1c00c764-a90d-55f9-8a39-0caf1e1659af,sublet,0,,2026-07-19T16:18:53+00:00
f78cc24d-de39-491d-a588-148b80a5bb40,254f7afb-a845-4daf-b94b-a34157af1df2,6711720d-858d-5696-88e4-f94496d3aaca,parka,2,,2026-07-25T18:24:20+00:00
6cec4810-86d2-40c5-9f8d-3213b0383d71,dfb7e95f-260e-477a-a24a-a98cf163a43a,be570469-cab4-54b9-9635-8537cc0aa734,printer,0,,2026-07-05T12:59:51+00:00
9d314ab2-9f88-45e1-98df-aac683769840,e6e0d4f1-b435-4b5d-b74f-b4c6c427868c,726bb814-f361-5496-a1b1-787bd3f7a694,ipad,18,,2026-07-11T15:23:38+00:00
77e92b03-28d6-4f04-a834-f535e07e7d31,f3556539-5f35-4383-aa20-f0818d9b4d26,7dde29da-9463-5214-9aa9-bcb3965c6234,rice cooker,5,,2026-07-01T01:55:16+00:00
8b70b683-845f-4341-b043-cbd46fd05efc,bf2702a9-36af-4152-9711-7fbe97eb016b,eef4cf77-47bc-5223-8c39-22273b9767fe,free,16,0ca4a775-dff9-4a40-81d0-6075aa1173fc,2026-07-09T15:45:44+00:00
e482cb9d-7121-47d5-be39-d4c78aa2045a,8d03f92a-b2fe-4c08-869d-2b9e1a04c1d7,080e7401-6437-5fdf-91a0-a57114cfcf64,guitar,0,,2026-06-28T17:30:58+00:00
44034d37-bf31-4536-8e85-623191ac451d,50ea7e0c-7da9-4f50-8495-8e484fcefdfd,bd655f0e-f1b2-5981-98d4-e16f90ddb162,airpods max,0,,2026-07-11T20:50:16+00:00
4f1cc676-9672-4fea-b680-c597c141ecf9,4001ae90-9c14-4032-81bc-8fd67f67e21c,6de7a51f-f5bc-5969-bb7b-a1e389fd5c6b,mattress,39,69f9a1cd-ac7e-4b27-af2b-5048e146a581,2026-07-10T22:50:56+00:00
6ae1ce47-fbdd-4708-afb5-ee0626b34bfb,c917de22-1a11-43a3-8cb6-6c865488a5b4,25cadc0b-17fd-5684-b5a1-6b54022e8b12,dresser,25,,2026-07-08T05:36:43+00:00
75babb02-9de2-488b-92d0-028beb485f6f,19dfffd3-69fe-4589-9939-0de48e436817,b0fdd9e1-2aa9-5a85-8155-a4ba6b3da504,standing desk,15,,2026-07-05T07:30:41+00:00
b6c4e15f-240a-4155-9308-4304aefbc8a2,d4753420-55e3-4598-a047-da09e69fedd7,a785e7ff-e39a-5891-aa5b-04b63030f3e3,ikea desk,0,,2026-07-15T04:52:23+00:00
c2deae08-595e-47b2-ab37-2818878c1209,8fe4e224-dcb0-4a9b-9949-0b5731f46fb2,441788b7-b2cd-5881-9cf1-66b7d5ccd706,rice cooker,5,,2026-07-17T15:48:46+00:00
1ca06a8b-f1e7-43eb-9b52-ec8a58dd365f,9c4bc13c-455f-4bc8-af64-d6ff11a380b4,b0585e7d-c0ca-58a9-8eb3-ffdf90e6b3cc,ipad,18,,2026-07-12T19:36:56+00:00
142cb6a5-e6a8-497b-9f8e-b1e3db5ee851,2838c32c-7382-41b5-852b-5d048285eed7,9bec6dac-d6ad-5a52-8dbb-6e21a48d23ae,office chair,0,,2026-07-17T01:05:14+00:00
0d55837e-6717-4e08-9749-e527195fd60c,ad2f999d-f1b6-41a4-a695-aceb650a5b74,5baf5615-ef05-5c0d-95b9-5ba25de48eff,corporate finance,15,345d2695-9b06-434a-a689-275fb3c83364,2026-07-01T12:27:37+00:00
5a95bf5c-3e81-4bb4-88e8-66c0ba8cdb2f,34c4679a-d188-4ff3-b1e7-463f1c6bc2f7,e54a739f-325d-56f9-b3f0-9ba23bc64593,office chair,0,,2026-07-01T17:59:26+00:00
0eba7a26-be1e-4868-8a7b-865ae779a5d6,75f5c0c5-ff4b-4a5e-9cdb-236c8398b4e4,c8cb0df6-2196-56ee-8361-f15c5a0119f8,guitar,0,,2026-07-30T03:18:57+00:00
3cccc75b-e9b4-4891-af94-8ce4337916bb,2ac3a3a5-640a-4b9b-a55a-419ce256fa53,24efffff-8bc3-51b8-9816-41edd8f20a42,corporate finance,15,64382d00-5d5b-4d08-97ca-7bf8792ffd9e,2026-07-12T04:23:10+00:00
f367a6cb-51c6-4a08-953f-052d79eea011,52d44442-4dbc-40af-bbe3-a97d1e165b33,f2943892-4b9d-544e-b4be-82db0c33bb6b,concert tickets,0,,2026-06-21T03:57:19+00:00
95ecf99d-3693-4643-a9e8-5b17ccd1ac11,e577a84d-38e8-4685-91ae-611ca1c68aca,dcebf324-2fd2-5f72-91f2-4b81f94cdbcc,ipad,18,,2026-07-11T20:28:31+00:00
b5946b5d-2f93-4556-ba20-1ba9f8981173,8b2968bf-8ea1-47c7-9c02-7ef1cd908f61,75963c91-34a2-53c9-8296-7ec1b7825266,corporate finance,15,,2026-07-16T19:07:52+00:00
4d83e806-78ac-4271-9e9f-d406834953c1,a7bb38f2-8b26-4041-8547-b3cc5f01cfcb,274bd20b-8e3a-5fb7-a235-ecc1d45fa4df,boots,15,bfb932c4-a30b-4fa8-87f0-557d11ecb143,2026-08-11T16:00:19+00:00
94462d1a-5089-456b-b4f1-e18cf404e51c,006cf2a0-aba4-468e-933a-b50f8c76a23f,39b6686e-9bc5-5735-abfd-82b87018d557,microwave,4,,2026-07-23T00:23:20+00:00
cc7a89ac-5313-40ef-910c-6f43f62f42a8,16ec2a95-5cdd-472d-bb70-f569bc0cea3c,c4d8cffc-0f0b-5b61-8768-c58bee9926d7,mini fridge,5,71a0699f-669a-434e-ac77-c3b9da9705ca,2026-07-19T09:56:31+00:00
2e736e18-1c7a-4e1b-b1e3-1f27c5b50912,b7a745a5-3025-4c9b-be31-be2069c14582,f21d9960-b8a3-5c02-ad10-f8b064c7ad70,free,16,111f880c-53fa-43a6-9a10-fc3c5f9c44d0,2026-07-08T01:04:58+00:00
65e8ad8f-50be-4953-950f-1b6c80804477,88cd8efd-6959-47db-8377-f4735e76c1f2,351b3ce9-0dd8-5495-90da-a212fb9c9e7c,monitor,17,75cefd0a-78d9-4398-89fa-8211e7783121,2026-06-18T12:13:36+00:00
9c483058-1ae5-4d9c-87e9-e17ba11e2a81,dc64b030-9ad0-4b7f-aa39-1ea19decb440,2008e690-e519-53f4-b2bd-c6087c26b479,standing desk,15,,2026-07-20T22:01:44+00:00
ce67cb68-a629-4288-bd16-cb3f442ac5df,fa25c85c-0248-4e34-b506-fd8f06ae788f,6af145a3-bd09-52ce-b2fb-03ccb7b77831,rice cooker,5,,2026-08-12T22:13:07+00:00
6bcb7746-e30e-42c5-83c1-d5ae9293037f,632a3efa-008f-4d2e-9fa6-0a2e1c332a14,163f59a9-1273-5d64-9ee5-3a3ad1590572,ipad,18,,2026-07-18T13:04:00+00:00
030d2538-6bd9-42a8-8e37-6442665d3389,0183dc00-5b81-4d6d-aa94-59a230ee274c,198c57cb-7132-568b-a552-0757a4ac1394,textbook,0,,2026-07-14T05:57:04+00:00
21688638-e29c-43b4-8764-454ea395f5fa,9f74975f-3000-4ef2-b2a2-1cdac8513b60,457316f9-0da6-538a-8225-1234dbf5a1f7,monitor,17,,2026-07-23T03:33:36+00:00
23516ab3-ba9a-48f7-82d6-821e4b61b912,3c4a47de-e63f-470d-a750-5453edea905e,8e48e09f-31a6-590a-a981-454772a113f6,bookshelf,0,,2026-07-15T05:56:34+00:00
e1dea4cc-a0ca-43c0-9a44-251ed36f53f0,8ac6c4d2-d139-40ec-9a3e-7bd2347f979a,cd0949da-0480-5fa0-9b93-565ff9fd4a1b,corporate finance,15,,2026-07-09T06:56:52+00:00
6f08ea65-03dc-4704-9b9f-28c6cba1b957,4dedd047-d3e8-4791-873c-6053577084d1,a28be32d-cce6-57dd-ba66-e8302354aff8,printer,0,,2026-07-22T06:12:58+00:00
97101cdb-d779-4621-8b6e-c5adcd81107c,56423c84-9e94-44e6-a034-0a21e231fbea,d48eb24a-617f-5215-8279-058f58589e6e,cat,0,,2026-07-19T10:50:12+00:00
ff8d91b9-42eb-450e-9d4e-3e13b0af42f8,8bf8ea9f-72d9-48eb-928d-e17012efd91b,3ab3e14b-23d9-55f9-b3fa-7fc30ef812fd,sublet,0,,2026-07-15T13:16:52+00:00
69f9dc3e-0460-4fa6-9412-763c4c74c92c,42ddf256-149e-4757-b88b-4e24c8e6cb76,0a982b94-634b-57c7-86d2-90b96fea83c1,vacuum,17,,2026-07-13T16:40:55+00:00
5b628acc-4c0d-4f3c-9b2a-e72a2ed16539,725e8519-9d26-48e9-a0d7-b1d766f3587d,45e31561-e5a7-504c-9fe1-26e823f68ac0,mattress,39,,2026-08-01T03:42:34+00:00
166e2845-cdb5-4935-95fe-1d7cc796653a,1c0c4b2f-60d7-4b18-b6d0-96a64e9d85cf,4e86d9de-1ba3-525c-a8fc-20ef3189a3ed,vacuum,17,,2026-07-13T11:53:30+00:00
192dda69-7f13-436a-ad8a-ccbc5249edd4,149f866d-6114-4c68-8b49-00b27b0caa12,204fec2a-e301-5aac-85e1-e198f421474a,winter coat,0,,2026-08-03T15:45:09+00:00
caa96e10-959d-4de0-a0b5-893d08dce4aa,9b0f4215-bb92-4800-a8ee-8b3a7bbf2ee1,ffd53e20-86de-5277-a8fb-a46e4a73e47f,bike,18,e55040ad-1aa6-4747-94df-8aeb6725899c,2026-08-01T22:05:06+00:00
9368c235-6514-4150-9b74-ab36789c35bd,16a2805a-f042-40e2-a4f8-2002ffbe4cf8,1088e246-66e6-5654-94c1-6bf64fc404db,boots,15,,2026-07-14T11:59:18+00:00
0c07cbdd-6b68-4615-9e06-30abd41ad5ec,32a7fe23-fa7e-4905-9afd-b6639736963d,5f3d5e68-8626-51d6-8ace-17bb739cd6d7,free,16,,2026-07-21T16:31:30+00:00
36bba0b6-c91d-4182-9243-bd68b61501fc,1e604945-92d3-44f7-a246-8e1d1ff23f0f,494db228-595b-59c3-a3e9-c8a0fd8cef57,parka,2,,2026-07-03T04:28:24+00:00
fd170c6a-126a-47ee-9036-36cd8591a331,3d9b6dd2-deb5-4f7f-9ae8-89c12f579e9c,5d48ca29-853b-5b26-ac2e-72ff140853ca,parka,2,,2026-07-22T23:50:46+00:00
9ec3331f-da73-4e3f-9f1f-3c06f6021e49,7ad9fea0-4641-41fb-9744-34c15951b68f,0f03fd7b-f013-59ee-a5a4-5b628d367165,corporate finance,15,,2026-08-19T21:53:47+00:00
0588abd8-2c3a-48b3-8917-b23ba787aaf2,717aa351-fab1-415d-aa39-5e7d6202e3d8,28649a37-2754-5e47-b0c0-961c539f670e,textbook,0,,2026-08-02T04:58:19+00:00
b3485b02-e570-4bad-9ec1-406a8a2561a5,bf2e373c-d8de-4aa0-acb8-d8df0b844ebd,b9d5d279-c963-5d09-89cc-e4b55beb21e3,textbook rental,0,,2026-07-03T08:18:41+00:00
63a04950-451f-4b36-8113-186055b5fe07,34c4679a-d188-4ff3-b1e7-463f1c6bc2f7,09599825-6d6f-50aa-b3be-58e79c60a903,parka,2,1044ae4c-b231-415f-891e-b82500b854f7,2026-08-05T06:01:04+00:00
b8903bad-6d7c-45c7-b412-773efa6f144b,d789fe7f-6977-4b4a-91ee-76ecc7a7dae8,c1a7b27d-06e3-5146-89cd-9030b4175eed,lamp,8,fdfd0824-172f-4b4a-b278-6eb35f13e393,2026-06-28T23:41:36+00:00
ba9f39bb-013c-4865-8f00-4c3d43870721,e7f25965-2024-4c9f-a575-caa1e7bc13df,c585476e-5029-5048-9c28-de792525da28,airpods,3,,2026-07-08T15:43:07+00:00
809ca17f-4606-48b9-ac44-4ca1685127db,3f7e714c-fb4a-44da-ac98-bf39d35e490e,887505fe-484f-5cd5-9f4d-2717e48cf68d,yoga mat,8,,2026-08-17T06:11:25+00:00
7eaae391-bdf2-4658-95b9-368017991f82,443b392f-72a1-4279-ae51-a849f1fedfff,2832d136-9764-5b5d-aebd-fd426e1d4a16,ps5,0,,2026-07-23T07:20:27+00:00
1935e4f9-a3f0-4567-9870-1a3c3042f193,5a9e45fe-4a1e-47ab-9fd9-93dbc98d81eb,115aebe7-10f3-574c-ba1f-de0e97ce3c23,dresser,25,,2026-07-22T13:19:10+00:00
c2606489-3883-4951-9ada-0aea982434ed,02e43602-1002-4bed-9fe6-fe21002d4a3c,370afae7-3672-5d66-8613-4e0e7e2daedb,textbook,0,,2026-07-23T08:41:57+00:00
56c5e572-6c9c-406d-b5f9-1b977846f9ce,64be8bfb-802e-4c82-a1a5-933556b2ba96,caa493c1-0da5-5f81-bdc4-87cc05e831ec,rice cooker,5,ae4b9d86-dd63-46d3-b249-d9482b353200,2026-07-25T02:47:41+00:00
00b35b70-f686-4121-aa31-1dd6113134e6,17b21723-fa8f-407d-8126-f99b09b1578a,54d12c5c-be3c-59e6-aad1-3193c97f8f0d,office chair,0,,2026-07-21T10:05:42+00:00
9c4d989b-5841-42a4-abe6-a194383d2c32,8fa42630-14d9-4824-8c8d-b2642218ce75,97ad5c6c-b6f9-59d9-af0d-6a3d8c556af6,yoga mat,8,dd720de7-968f-41de-9de9-b3c0cafb36f0,2026-07-09T09:58:49+00:00
877843c8-070c-4db8-a368-92ec2d8dcec1,fddcb198-bf64-4afe-a7ba-49b9d8c59c2d,21bff8ec-75f7-54d1-b2b2-672855f33fa1,sofa,28,d6f9bead-de00-445d-a9e1-a9984a6d552c,2026-07-24T07:18:47+00:00
14edb270-1698-46bc-9792-0dfc4426f516,6aacb066-212b-444d-b253-5871c426b9d0,d61d3c74-2ffc-5ae7-8a35-f9310fa5ef1b,laptop,2,c8f837d8-1ae3-482c-b2a6-4ca0393af822,2026-08-07T09:54:06+00:00
e5ff7027-92a3-4696-b670-70ed04f2d9b2,1dc0db8d-05e4-4ebb-97cd-9fe0c828ad56,7752015b-9130-51c3-b71e-bf67b95157f4,rice cooker,5,,2026-07-04T08:10:41+00:00
5f0156d1-a380-4dd8-acee-11de38c56d65,1a3b8eb4-9217-4dfe-a345-ac6a2076c9d5,6b162cac-c01d-509b-9162-a31018792e00,kitchen,2,842cea88-1f69-420c-ab47-2cd5ac467723,2026-07-26T10:01:04+00:00
5392d71f-a04f-4ebf-b0a7-c61dbc198b1e,8d03f92a-b2fe-4c08-869d-2b9e1a04c1d7,080e7401-6437-5fdf-91a0-a57114cfcf64,airpods max,0,,2026-06-28T17:32:07+00:00
b0331bb2-faa7-439b-bbaf-60b45d9270b6,529918b7-4817-40fc-b552-52aa5098a29e,c9e3f399-be71-56c6-aa00-36453ef85878,cat,0,,2026-08-07T06:56:58+00:00
7861f9fc-b283-439b-ba02-43e990e92f64,299a8f80-c512-4987-80d2-c15927f4e916,ddc99663-9b7c-5302-8ed4-95f424b54889,airpods,3,,2026-07-25T01:39:06+00:00
e0006fe9-58f2-4f9b-b52f-db1b0a3123da,56011ba4-155c-4db4-a8fb-31ebb8dd1d28,1e29883e-2f1a-5a54-a0fb-e346b69d1e08,coffee table,17,3e700087-b9fc-4907-a9a3-30a60d3e0b54,2026-07-31T23:57:21+00:00
79ff74aa-90ed-48f7-9a24-3f55214c8ff1,3d9b6dd2-deb5-4f7f-9ae8-89c12f579e9c,5d48ca29-853b-5b26-ac2e-72ff140853ca,monitor,17,,2026-07-23T00:01:31+00:00
7c80b95a-3bba-493e-8fb2-a2f00a3528f6,d70b90fa-8a9d-408e-b442-7d148a6095e5,cc453992-a1ea-54f5-80e5-71078dd6a287,parka,2,,2026-07-27T00:23:06+00:00
06b47d96-7709-44c8-b4cc-75824a69a27e,1fba3799-d4cc-4a1c-84d6-51146012067e,b53f6092-31bd-5ace-8342-7ec0855e5d23,headphones,24,080a318e-ac1f-40b3-b379-7e32332d5c38,2026-07-17T12:41:07+00:00
2d61538b-5cf9-42d1-b854-99d8f20932a0,ac4cd2de-69ac-436e-b67e-c476f7f37a57,af07f8b7-97a3-53c3-b15f-3a3cbbee5033,bike,18,,2026-07-25T23:10:34+00:00
07eb01c6-f4bb-4a1a-b4b4-032f7666106f,cd268b95-fdcb-48b9-84de-2a4aac209d46,ac806dbe-c3f4-572a-82d3-adef95df71a6,office chair,0,,2026-08-06T00:44:34+00:00
84a77f55-3924-412f-8ee6-0ca164a1e561,6d89186c-9abe-4266-84b8-a5f301062693,313a3885-efb9-56dc-b9f2-4e4e46e26ecb,lamp,8,,2026-07-30T04:44:58+00:00
d631400a-9f48-4db8-829c-c47f6ddc400c,887b7fc5-3512-427f-b5f1-d0629d72dcf0,832da1e4-7546-52ca-a0b8-09526b5b4de5,airpods,3,,2026-08-20T15:26:00+00:00
f3197753-4ded-45a5-9e47-d2ce61283896,f49e78ea-0b5a-4e38-8d8e-fecf93a3488e,8848fc16-17e7-573f-a7e7-eff7374985fd,kettle,13,,2026-07-28T23:48:30+00:00
9bb0a0a5-11eb-4512-8890-6a957ad125db,b37478b5-88dc-4b30-a68b-459b94eeb755,a43faed2-4e70-501b-94b9-d7793fadb41e,ikea desk,0,,2026-08-03T19:33:32+00:00
27b99d72-3063-41ac-9f5c-a24d3c8c35e6,6c1ecb78-38c9-4d52-b536-8463029f3a65,b72b6b01-9881-5968-a561-9aa4a7209808,car,27,93080960-eb08-4a26-bb57-5326ecda7d7d,2026-07-25T18:05:07+00:00
6bda612f-d021-45d1-a3cf-da90716824b0,405b7524-8b1b-4475-ad96-825a01e94fc9,3abe3054-43ad-5623-ace6-9eba05798258,laptop,2,,2026-07-27T13:08:40+00:00
d40254e5-01b1-4562-9464-ece1086dcdd4,b126e808-1a11-4d61-af32-05384751f291,5ee84dca-14ba-5aaf-a1ae-aba806bb22da,microwave,4,,2026-07-21T06:48:11+00:00
403a28c9-a082-4c17-a004-af09b00d6399,cd268b95-fdcb-48b9-84de-2a4aac209d46,ac806dbe-c3f4-572a-82d3-adef95df71a6,ipad,18,,2026-08-06T00:45:52+00:00
b5d94c8f-7ec2-464d-96bc-059284127c59,3fc6331b-9394-4e27-8bfb-3d16fe1a97c0,87808443-baf4-5aad-afbe-46d19c45ed02,free,16,865e0824-aeac-4fdf-b605-de44a124b4f3,2026-08-11T08:05:48+00:00
01208aa0-d1b9-4381-b124-992c95d7da97,6cad3973-c23d-4cec-bb0c-6ecf78003373,72017645-4047-5bc7-ac53-76f4e3ed869a,headphones,24,,2026-08-06T18:57:59+00:00
0c4a0136-d99c-4d17-83cb-390fbadee6cb,8ac6c4d2-d139-40ec-9a3e-7bd2347f979a,16f3c45b-f58f-59eb-b41b-dc2437d111a5,yoga mat,8,6dc97872-dc25-4114-a162-6a5236efca6d,2026-08-06T14:38:29+00:00
e788859a-25fa-4b36-b0a7-8ac17341dcbe,ef913d79-c307-422d-acd9-5e72bbadb9e9,5289182b-ffb0-5add-8010-2942106c182e,car,27,d9cdc362-001c-4546-9418-9b9c386b0b9a,2026-07-21T18:32:00+00:00
721a7eb4-d37e-45b1-b525-73a014a0727b,76bd97a4-07c7-41e0-bb56-e614d523bb85,c549d54f-22bd-5ca1-9170-37b9b7130f7a,sofa,28,,2026-07-23T08:52:23+00:00
424ef78c-4b3c-4072-b596-cd8afb51715e,94b88316-7ce0-493b-8421-126aaef1e308,61bb4ee6-32a7-5555-b1a7-89e3846fca99,microwave,4,d4223b8b-2b4e-484a-b4ae-f7c663cf37e4,2026-07-23T15:05:39+00:00
b7264604-4ec4-43ed-9ddb-6e56ede576c1,a4435821-88f2-470f-8792-58ce92993496,14acc6a4-c78e-5b83-8623-0ac1bcc23564,guitar,0,,2026-07-25T11:01:52+00:00
30c6a484-e8ef-4ce1-bba7-10c7fdc4a672,ef913d79-c307-422d-acd9-5e72bbadb9e9,5289182b-ffb0-5add-8010-2942106c182e,mini fridge,5,b5b734af-cde7-49d8-9ad2-42481f3f1a19,2026-07-21T18:41:27+00:00
a29283fe-fd2b-4e07-b6f1-f443725b14e3,53cbc155-02f5-409e-90b8-e1d1b8a42be9,78445136-bb9b-5f73-97e7-89bbd49c96d3,mattress,39,,2026-08-13T00:31:22+00:00
1301dc64-cadb-48c9-9332-b33048ae65e0,fee6b0c5-a98d-4b4e-a30d-2cb91bee01ea,269c1c99-9b91-54ec-b070-4330e59e4e35,corporate finance,15,,2026-07-18T20:00:46+00:00
f0d51d98-276c-4417-b4a5-e670c8fd864f,75a9c08b-c3f9-48ea-bba3-d6136d51a785,405a014c-0f5f-5a26-b32c-d8d9d0b7d69b,printer,0,,2026-07-29T11:16:00+00:00
e9b84fb9-98e2-4506-9804-245f5eebc89d,006472ad-ef7c-49dc-a9a5-5be63552c118,c294d13d-d217-5670-8057-da6a75939f30,ps5,0,,2026-07-21T08:36:12+00:00
569a091f-ce8a-4730-a1e4-87dc3b717416,1cb0a5a8-ec45-4495-baee-7a23a8d035aa,0e90935c-de4a-5744-b33c-6eba845d4fb5,mattress,39,757a07cf-2b2b-4bae-bcb2-c9d3d9e6a491,2026-08-03T05:44:09+00:00
3f2eee68-ec3a-421a-8783-4bd815e62f84,405b7524-8b1b-4475-ad96-825a01e94fc9,45210854-d40e-5c40-a455-b8d593286639,textbook,0,,2026-07-30T00:18:18+00:00
b9a004f3-6ae1-416f-99af-969ebd82812c,0e164fd3-3756-4f01-a71d-7a130995921d,3c235f19-7157-5195-b84b-93cd66ddcb17,rice cooker,5,,2026-07-21T12:12:54+00:00
b009bae6-2bc3-402b-9880-40f243498f22,1e604945-92d3-44f7-a246-8e1d1ff23f0f,76dee89e-7bac-561d-94be-a64a5fcb95e2,car,27,,2026-08-11T05:30:53+00:00
55a60362-2225-43ee-b143-2ddb429b1858,8ced966b-96fc-45a7-b2fd-f43f6a26b92a,3a61ba33-6bad-5885-8879-31475a25af34,dresser,25,,2026-07-29T20:18:28+00:00
6b5e8c51-7133-42e7-86da-151993fe71a3,bef562aa-7b99-4438-b976-0c3e350379ee,f1be08b4-b783-5078-b019-2757a6c3568e,textbook rental,0,,2026-07-23T19:41:12+00:00
b8a66268-65ef-4878-be35-0211e9746a5a,caf7efc4-3973-492b-abf8-2af2f0caa4ef,4ea72708-6886-52d6-bb69-ce52f9009e8e,ipad,18,,2026-07-10T10:58:29+00:00
b4596fdc-d2ad-4c37-8496-f06a19ad3709,b7a745a5-3025-4c9b-be31-be2069c14582,ac3fa27f-5d7b-593d-ac3f-143cb8aecb38,laptop,2,,2026-08-06T04:14:22+00:00
5cf0b18d-6e6e-40f3-ab0d-5f30bbf1051e,9c406b9d-cd77-4899-a023-48de9fc080a7,3f21cb80-a684-5207-9e5f-48ad6b30128d,boots,15,c988a786-a97d-4521-987b-d4459cbe2e2c,2026-07-21T19:14:54+00:00
66f4e8c3-a9b3-4fa3-8a32-d731f45f9812,725e8519-9d26-48e9-a0d7-b1d766f3587d,45e31561-e5a7-504c-9fe1-26e823f68ac0,textbook rental,0,,2026-08-01T03:49:54+00:00
64961c8c-2e62-40b6-98ee-077c22269656,bf6c0e33-5fc6-4e92-8a2d-83065bf149c4,da272cad-729d-5c10-abd9-5bdbf23ede4b,headphones,24,,2026-07-30T16:34:40+00:00
479c5891-495c-40ac-ab2a-8196efca3690,9e2d608b-d89b-47b6-a9be-d7becb140d83,1a26a815-cbce-50c0-adf9-747c8ac26bb6,free,16,,2026-08-30T10:29:32+00:00
0015eea4-7244-4aa6-8884-3c889365d188,27d6298d-2568-4e4c-99dd-0f0d3e043508,9cb1d84d-191c-5cad-82b7-2806a022e500,boots,15,,2026-08-07T13:49:20+00:00
44856f83-a30b-4100-b5c4-9d58842bea36,1c0c4b2f-60d7-4b18-b6d0-96a64e9d85cf,bb7a8ff3-f9df-5814-a97d-2ec6f74c3b52,vacuum,17,,2026-07-30T11:54:50+00:00
c4e2fa08-caa0-422b-b02f-c0b7127e219e,5bc41520-3863-4195-9605-167db200b16f,5e04742e-eac3-5220-8772-6840a6a5cda0,airpods,3,,2026-07-24T01:24:33+00:00
bd135487-2c1e-450d-b7f1-0e2a19480587,558257fc-53a1-45c0-9ece-75440adedee7,df01868a-ec2e-54f2-af27-611078dae027,office chair,0,,2026-08-02T07:20:31+00:00
2c6f6414-9299-48f2-8e5a-7649da7491d3,0df66891-b25c-4d7b-98bc-826d9e286a20,55bf44a5-1236-589c-ada5-8102ea1ffeff,sofa,28,baf97d52-7bc9-4caa-a761-0ce9c8d9d9aa,2026-07-31T12:19:51+00:00
d368dd6b-2b10-4e12-b578-b7888858fd13,4cf59a7d-3daf-44fe-8e86-aa4389b82fc0,0b94908f-baa9-5ea0-b73f-07eca8f8ea09,vacuum,17,05155434-487c-49b3-a877-d80ae1f2a333,2026-08-12T02:48:48+00:00
e719de96-f8d5-4845-89d6-d91ca74e183d,ac90d181-ee36-49c7-a813-3467b90807dc,610d7ed7-479b-5b06-9aeb-4558403407af,standing desk,15,,2026-08-03T14:18:10+00:00
19bb3df7-5661-48ff-838d-a5859ade2389,d34b2b4a-bc0b-4ffd-83db-00f5cc6c937f,94265648-3db2-5b16-a8d1-17071d2ebf19,kettle,13,f5414638-0d30-4511-b083-5562a4cd3fff,2026-08-06T04:42:18+00:00
e26a0a5c-d811-4dff-bc33-5df58d2369c2,725e8519-9d26-48e9-a0d7-b1d766f3587d,45e31561-e5a7-504c-9fe1-26e823f68ac0,vacuum,17,0c21f54b-1386-4308-bdb0-862ce829cd5d,2026-08-01T03:37:17+00:00
964d9e14-0d1f-4332-a085-b024ae0456a7,073d319d-25c3-4082-88f9-0cbb7e686a6c,4a5f2cd1-cbc4-57c1-8f96-eb623e1e1a30,corporate finance,15,,2026-08-04T13:34:12+00:00
46142206-83a2-4e8d-ab6f-c9ebac5dc92b,c88efa62-e4cc-4ce2-825d-a2d3bda7324f,f64cf084-a086-5a7e-b17b-9cbffc7ed219,kitchen,2,883b5ea8-946f-465d-8564-18d51dd30bad,2026-07-17T17:06:37+00:00
50217f8d-6591-406c-b7a9-fd3cd09d5ea8,af42af94-15a3-4883-9130-24839fed9a09,58e7526b-857a-5e16-8c5c-dc1195608609,kettle,13,9c22ba16-b7d7-4e07-8cc2-31f9a1e9f638,2026-07-13T02:29:07+00:00
acecfd22-2694-4b56-9fc6-1d69ee096e7f,9b0f4215-bb92-4800-a8ee-8b3a7bbf2ee1,ffd53e20-86de-5277-a8fb-a46e4a73e47f,microwave,4,d4223b8b-2b4e-484a-b4ae-f7c663cf37e4,2026-08-01T22:01:21+00:00
5affc932-8a3c-48af-952f-41812fbedb74,ce36aea6-fdbd-41f0-af71-96972ce4d5d1,439d3b87-6363-5041-8053-6773e9fd2b92,monitor,17,d61d7f03-a081-4990-bd17-00cf30d20b88,2026-07-14T10:17:32+00:00
5a9915ef-e7c1-4269-afb2-ff9dbc50ea0e,ff1dc571-d626-480e-b098-a50d60c896af,4765fd3e-d3c5-5785-be59-89f0609f7566,iphone 15,0,,2026-08-09T05:50:11+00:00
d943b1ad-ecd0-43ef-8234-736049209443,fddcb198-bf64-4afe-a7ba-49b9d8c59c2d,c367db57-46ea-5b90-b029-7cd7208b2447,vacuum,17,88b269a7-3a2f-48fd-87df-6dd64d9ec756,2026-08-08T11:42:55+00:00
1ffe28d6-d3af-4290-8315-0d7f6b91b942,bfd8403b-80c0-4664-aaab-0599f13df1e7,f8ba5bc3-bf92-5279-a3bd-e6aa5cfc1e4a,dresser,25,bd450cc0-bb96-4f59-9c04-e5c48a80da5a,2026-08-04T17:17:54+00:00
95df863f-5d72-4548-8fdc-98c29ae2daf4,6a68ec56-67f5-493e-810d-eb44598b0e94,8bcdb077-4cf6-550c-9a51-1a906eb595b0,office chair,0,,2026-08-24T21:06:37+00:00
9494745e-35e3-4311-9d5d-b232a04db58d,f46fae0a-66ed-4c74-baa7-7380e11570dd,d5ba36ec-7c82-50c2-afd5-bb437e1ef683,car,27,a0001900-66de-4652-8e4d-d44bb4753edd,2026-08-10T13:03:39+00:00
b9aa5d5a-572c-48c3-9b89-c7f2687adbcf,23061881-ec83-4935-ba31-110dc9dd0f5e,cb167dc9-f4cb-56ef-9e01-df1d225555c7,rice cooker,5,,2026-08-15T12:45:01+00:00
0026e3ec-416d-44fa-ad9c-1395ccb19df9,b0498d7c-841b-4a0f-8ec8-dbfc1353b9c1,0d650f4c-6659-57aa-9c6b-e90c7752b331,airpods max,0,,2026-08-05T16:35:10+00:00
6ec8a0d7-532e-477f-970e-d88e9b0be894,5ea6cfc5-5580-466a-8582-a6031555d76d,fdedba27-eeeb-588e-ae8f-3795acdce3bf,concert tickets,0,,2026-07-28T11:56:00+00:00
e94d79e2-3237-4082-9840-f47d3bf31199,a4870570-7c5f-4b20-8e76-eb3e4f83bf13,8cf78e86-0cc9-504f-89d0-fe10e1c3e2a4,rice cooker,5,c7e289ae-e471-405c-ab88-e4b59eb902d3,2026-07-25T17:01:36+00:00
d0089466-3025-4a9f-95e3-0e06ecb22968,53a84c41-db22-49bf-98bd-d408fffdabc3,51c39d8e-33e6-5325-b5d6-f1ef13ccd6f6,bike,18,e55040ad-1aa6-4747-94df-8aeb6725899c,2026-08-07T19:12:25+00:00
405de97e-5cbe-41e5-ac24-15f75cc58d69,4e4985ea-2b80-4cbe-8d6a-7abfadaa2f26,b1ce7478-2aff-5588-93f2-eda5054d241a,office chair,0,,2026-08-12T04:42:39+00:00
ad018126-9f57-4004-93a9-c1b935bb5b5e,5bc41520-3863-4195-9605-167db200b16f,5e04742e-eac3-5220-8772-6840a6a5cda0,corporate finance,15,,2026-07-24T01:31:19+00:00
2fd7981c-1840-4d30-afea-ca22cf4c95fc,4eb375d1-e150-4235-aed3-d4483dba1cfa,d64f53af-53fa-5a46-83b9-e358442eed62,rice cooker,5,,2026-08-11T12:45:08+00:00
063eb862-63a5-437a-9318-4af1142cb3ac,f3189547-b5c9-4076-aab8-d864b3815677,e9bf5bbf-1dcc-5cde-8a3b-dd6351f3591f,yoga mat,8,,2026-08-12T05:38:28+00:00
5a841ab0-a477-4062-bcfd-ef50def0ae2e,dc64b030-9ad0-4b7f-aa39-1ea19decb440,6ca06019-5861-5e12-8a1c-722857a0e3f0,office chair,0,,2026-08-11T01:24:35+00:00
deba506f-c1a0-468d-8296-f237668e8d50,5fe592da-0d87-421c-93e1-8e7df2988983,a1056c5b-f020-511e-a5d0-84d2697c498e,ikea desk,0,,2026-07-22T16:30:13+00:00
c04f37f3-ba1e-4d1b-bc03-2260e15cfa02,88cd8efd-6959-47db-8377-f4735e76c1f2,4e64fb96-3151-5fb8-a25d-c57c69c61fad,microwave,4,,2026-08-22T02:23:15+00:00
4729e0b8-1dbd-4643-baa4-9534e67ae90f,0ac62d09-f09e-4690-845d-950f83a734f9,b467561e-df08-5934-a952-72f5b94fe5f5,coffee table,17,,2026-08-03T12:52:45+00:00
9edce0aa-6b9f-4083-b9b4-ab933c3b3e6e,b2e205f3-a921-447a-b55e-53d5b2d86de3,7eb60272-be58-553d-921d-8e7256c1b7ae,monitor,17,,2026-08-06T09:06:27+00:00
51019554-5c44-45cd-861c-5da230470687,d30b8eb3-05ed-4a73-b6e5-042436e46b37,dd835c49-b486-5cf7-91c4-00832291bd5c,bookshelf,0,,2026-08-27T16:14:47+00:00
a4ba1745-6f80-47db-a569-4a8bbee274db,54a2a625-bd21-4b18-9846-ae29de006ea2,75044adc-a3fb-5f82-814c-2f0818978d2f,kitchen,2,,2026-08-16T03:38:46+00:00
ddf72f6d-2322-4708-9626-4cba078affb7,3c93bac9-6c00-45ff-868a-2fca9fd92411,2d42771c-bd57-5434-9b64-4f45cdba8343,ps5,0,,2026-08-27T13:50:11+00:00
94e7a820-9731-4954-93cb-bfadc5f3e898,9ce8ad86-b5f1-4d08-a8d6-d8b25b7f8f86,0821b80c-be80-5343-abe2-e88a0e85fb75,car,27,a32332a3-6ecc-469c-833a-7cee14d40183,2026-07-31T16:50:47+00:00
7291b3c0-46f8-45d1-8ee8-562c544931d8,4333f52d-82f4-4fb4-b6c0-44d327f5b25a,1d3885d2-7a37-540a-a4c7-32fa5d4bb484,lamp,8,9452e227-fa98-4d50-a087-ca46ee33c27e,2026-07-26T18:06:30+00:00
8f4d5aaf-7d4b-4d78-8e3b-f8bf35eea51c,ceb5b100-6d16-4a2c-a1ac-94145b871907,6d107a63-1490-5ed0-aeb2-9d15afe8c6a6,car,27,,2026-08-20T23:56:52+00:00
c6441224-d061-46fe-93a4-c25e2f579e66,b2fa8b95-5aab-4854-a682-06ac4d3c3500,7a20032a-9d61-5068-b73f-8264ce7e5c7b,printer,0,,2026-08-15T07:39:27+00:00
2926e3d2-fbda-459f-a32b-8f724741db49,5ab1b529-4f5e-42a1-8f82-f88bad579d46,b5293d16-052c-5879-a42c-fc0f860b5d4d,dresser,25,,2026-08-06T21:44:37+00:00
0d84552b-539a-4abe-be37-10d50308d841,10c9cdcb-4a1c-4f44-9e34-61195bfc8e59,08be30a3-3de1-5db1-b740-b07f3a9f3c5b,lamp,8,9452e227-fa98-4d50-a087-ca46ee33c27e,2026-08-07T17:09:46+00:00
3ddb3647-b871-4790-aca7-b96f0dcde196,a1e4b04f-3354-4716-9914-0e447f91fb26,5892e39c-298e-5cb4-92c2-941082c483de,standing desk,15,,2026-08-01T18:26:42+00:00
e346ae05-2df6-460e-be14-44087587d9b7,dd6a0ad5-cbc7-4d17-8a8a-229cea78e52b,73bfeccd-2265-591d-bf9a-8d2cd91aced4,yoga mat,8,2918e7b7-6524-4908-a55e-eee1017ef0b2,2026-08-02T14:50:57+00:00
2f67c45f-c6aa-4393-ba86-1fe4962d3145,0675ff4e-03a1-4a1b-91f2-4e5095585649,51d71d38-b3ca-5ba7-a601-a47dbe74a15f,bookshelf,0,,2026-08-19T17:46:41+00:00
343eb4c3-1d64-4be6-b631-be9dbf301d4b,4880e488-a1c2-4958-ba10-b7c3297adba8,307c43ff-ec4f-5b75-9a8c-7b6d25c36da6,printer,0,,2026-08-10T22:45:46+00:00
b04524fb-800e-4cc7-bb87-bb883f6698be,cc9edd65-11d8-48ba-8605-87b882d51e43,9a349f7b-0dce-5190-adc4-5e1fa501da7d,yoga mat,8,cc99ed97-3886-473e-b8f1-b982e2b91b84,2026-08-08T10:41:36+00:00
935d039e-0b8c-47a9-9ddf-e7343f493c1d,2ac3a3a5-640a-4b9b-a55a-419ce256fa53,178de0c6-dd69-52ff-aa10-f1b5ffd2f830,desk,83,,2026-08-28T14:00:05+00:00
0441f8a1-9ea2-4cdf-91fc-ac356d87eded,819e531a-e9e2-4d6e-92fc-0f0bf2f0f251,69fe384b-05f3-5903-8b20-fde60ebbede4,coffee table,17,dcb4928f-33b6-4baa-9612-9d88407796f1,2026-08-18T06:30:51+00:00
f75297ce-6320-488d-b4de-e052c54d080f,21f12625-f34e-45b3-aa99-2c07287fc8b7,4b81db09-38e3-5c7d-889c-d3dc27a17ab0,free,16,fef8a7b9-4bd8-4ec9-a4cd-745c62f30bba,2026-08-10T20:37:21+00:00
42da21fa-409b-4365-83c1-64f42dc13e44,fe409d6f-e259-485b-96bc-c2a89d7996e6,eea1946d-6500-5874-be3b-7cad219e66c4,mini fridge,5,ef41dec1-5922-4f0e-94aa-a87cd8e8f8ab,2026-07-27T12:16:36+00:00
c52ceaf4-86cd-4f74-b36f-920962a3f8a1,7ad9fea0-4641-41fb-9744-34c15951b68f,0f03fd7b-f013-59ee-a5a4-5b628d367165,laptop,2,c8f837d8-1ae3-482c-b2a6-4ca0393af822,2026-08-19T21:52:10+00:00
58a0949d-b53d-45a7-a0f7-302f53a26296,2ac3a3a5-640a-4b9b-a55a-419ce256fa53,178de0c6-dd69-52ff-aa10-f1b5ffd2f830,kitchen,2,,2026-08-28T14:03:45+00:00
42da69be-8a51-45da-a269-5c3531f7ea58,bf74e9cf-5b79-495b-8c29-2dec4918a0c9,3368fc82-e5e1-525f-8933-0ea33f45503a,rice cooker,5,4006fe35-1353-45b0-b76e-308e0062c453,2026-08-09T20:48:26+00:00
cb41925c-b224-4cd2-9587-f1cfefb84826,4001ae90-9c14-4032-81bc-8fd67f67e21c,637e1ff5-f9b6-5d3c-a60b-6f34e79a405e,vacuum,17,,2026-07-31T01:07:24+00:00
fe915f16-de3b-459d-a892-a1743dc440f1,ef913d79-c307-422d-acd9-5e72bbadb9e9,79d20fac-259d-5ea3-aab0-107e57fba780,office chair,0,,2026-08-28T06:30:54+00:00
d2ea2661-cb64-4e55-8169-e08b44103e64,5da9c176-ec13-4102-b6cf-121f4b145d5a,e1d96eeb-7d9e-57c1-904e-090a85c15f93,laptop,2,,2026-08-02T19:28:08+00:00
ec3f99d3-ca08-4079-a128-2b89cbf9e98d,1d60fe82-43d3-41ca-b4b2-47f71aba1916,a8af7646-3152-556a-b086-b6d4fc1dc20d,airpods max,0,,2026-08-15T11:25:21+00:00
a3e3f12b-ac03-4c71-9710-64a56c94f933,2fdab17b-b531-49bd-b7bf-e2eccda6e5eb,428a1aba-4417-5ee1-a873-ef1cc2199d72,mattress,39,,2026-08-19T08:45:20+00:00
a0c5a519-8ff7-48d8-8185-7f5a02ab136a,7352bdf0-d7cd-4554-b7da-0f69eabb5ce6,2aa1e5ed-1b08-5513-8fa9-1bd2d7d43d71,vacuum,17,b6c80d64-e4a2-4739-9f4f-ddd7c47db6d6,2026-07-28T17:56:23+00:00
c5ba493e-11a6-45de-97ad-5633342eaf32,db16a0e3-1900-4649-86fc-1c299886fc23,ad09b534-a64e-5760-9df1-ff545e62ac2b,ps5,0,,2026-07-30T16:51:12+00:00
678bb436-8502-45c6-a31e-47b93b5099a8,a19bafd9-3016-4b80-a1e3-e000719c6291,c08e7bbe-a44e-5e8a-b7d1-da87d57b4fb4,bike,18,,2026-08-01T14:28:48+00:00
e6727f5b-509d-44d7-b5b9-1f716cc3ed7f,cf7bc542-a4a8-4473-9640-41c0acb7aea5,aa2cc440-3260-586c-a9ee-f71ac454a0c3,desk,83,,2026-08-22T06:52:20+00:00
6a48ee18-4758-40d8-8c9e-fdb63a30bba2,37b056fd-db76-44e8-887c-28d49a739c21,d55ec1d9-1ed1-5e85-be41-390059d8da7f,airpods max,0,,2026-08-28T17:04:58+00:00
48e6fbff-281e-44db-a25e-2fd1aa98e99f,d789fe7f-6977-4b4a-91ee-76ecc7a7dae8,81254123-c661-57e3-af24-95b9980faa98,kitchen,2,842cea88-1f69-420c-ab47-2cd5ac467723,2026-08-16T13:59:49+00:00
25ae80f4-c668-4b5f-b8ae-37ecaf2f2e88,b22f58da-fef5-4d8b-9629-3058c5211605,5163e0b3-cc6c-5dc0-b10c-a806f8bcea03,yoga mat,8,,2026-08-11T02:39:36+00:00
12a24032-b409-4bdc-b5d7-6eb42ede3235,0a9a118f-fbfc-414d-a857-63246dad3ee3,b248720e-b808-515d-a22e-f4028f6f914e,ikea desk,0,,2026-07-30T08:20:27+00:00
0516d410-3fb8-4d75-8043-ff5c9633c03d,b7fef60e-e709-4148-b2be-091d4a9dc1a5,3f40c7a6-525d-54de-98c6-f7353c2b9fec,free,16,,2026-08-28T06:46:17+00:00
620cfc5d-d8be-4062-ba95-d595032783a3,44ee0402-719e-4795-b6d1-9697a6d0a515,3d67033e-2519-5aa7-8e41-933c2f71deff,vacuum,17,,2026-08-11T09:37:25+00:00
3ef1fbdf-e758-447e-9ae2-b05709653129,1738f94b-1c67-4612-9cd8-819ca50c35e3,cc57e1c5-ca56-5fe6-86a3-1d52ce658f67,corporate finance,15,,2026-08-08T19:55:02+00:00
ac22ee94-976d-4f47-9031-4e96cd5e44c3,419a8edd-8c3e-484b-9354-7867568dd931,cef8538e-0bf4-58a6-8266-3a75cf09b3ce,desk,83,c149ed63-25d1-476b-a65c-f907f915483d,2026-08-04T22:03:37+00:00
c5ff7e50-bc3e-49ff-a399-f3f0ffae617e,29d5a494-6baf-4419-8eab-634d29535262,e2bc8d51-3f6c-558d-b3c4-c87720c13a2c,bookshelf,0,,2026-08-10T11:47:17+00:00
e98d7bdd-0d25-433f-859a-0668e8cc3941,7844c024-2ced-4ed0-9417-6303bff60ab5,752a1a26-32ff-5318-8843-d24117ba1667,ipad,18,d54da4c0-ac9c-4f6c-9b5c-169c45b56842,2026-08-14T00:16:17+00:00
cb1fe322-d3b3-4367-acdd-1995f66bd8d9,7844c024-2ced-4ed0-9417-6303bff60ab5,752a1a26-32ff-5318-8843-d24117ba1667,standing desk,15,,2026-08-14T00:09:35+00:00
5bbeb0b6-6fea-4e03-83a6-7580e742af3c,1cb0a5a8-ec45-4495-baee-7a23a8d035aa,a7c505b8-c6b2-5b94-a386-5a15972d94e2,laptop,2,c837e9d4-2f2b-4ddb-b418-5aeace9f4e22,2026-08-12T07:22:20+00:00
378d49b6-0cf7-4c48-8989-40afebcfa53a,4b87053a-c2e0-4a91-bd88-3da84717c1af,a81cf9d7-72e2-596c-977e-bea144277fd9,car,27,,2026-08-12T06:51:27+00:00
b3f4ee75-3d80-4d7e-a28a-8d649d470345,6d89186c-9abe-4266-84b8-a5f301062693,e7f2445b-f2e3-57a5-87b0-f99f538d2c5a,apartment,0,,2026-08-07T15:09:06+00:00
7287de0f-6226-440a-b064-0a4e5645c5a1,fee6b0c5-a98d-4b4e-a30d-2cb91bee01ea,040a9f4c-4d24-54d6-b074-ad606cca37d3,car,27,,2026-08-13T04:47:03+00:00
55bdfc6c-f9b1-43fe-89f9-0eaf6449f62c,3b30a6e4-3c57-4bbd-9b03-022e7facb880,9373a6f1-b280-5b51-852e-0f125190215f,cat,0,,2026-08-02T10:39:01+00:00
cc4e6ff9-b242-4889-adc5-6e43c22a5106,f79de4b1-f0cc-45e9-85c3-b3112725fde1,8abf896a-ac45-59ca-bc3c-2980ebc6da73,winter coat,0,,2026-08-12T20:08:07+00:00
9aa3019d-9824-4578-9fdc-732fb508c15a,7cbcbdd2-c81d-4c88-84cd-0c1ee4dcf86a,561f24c7-32cb-5fc5-a9b5-30368bda4f2d,sublet,0,,2026-08-06T10:37:57+00:00
dd7366f9-0dec-473a-85ba-f7e0c67cda99,420bbc59-57c5-4a99-a707-cc797e6b593d,b25b159e-f66c-5935-ab8a-f2495e5c7d26,boots,15,,2026-08-05T12:21:36+00:00
c7a11495-d44d-4b69-9d35-3193449c7316,0ade7a97-38bc-456b-952d-77f14e7154e6,b22688eb-65d8-53d5-a305-542e6574b981,textbook,0,,2026-08-11T20:10:53+00:00
04491cfb-eeb5-42f1-82de-2cf169ba3992,5d1a62df-3bdf-4836-a4d0-5dd139fc5e81,9300a01e-853c-5ff5-8e5f-f46ed2dba29a,ikea desk,0,,2026-08-23T18:47:01+00:00
8f3d9fe4-cb93-4ef0-a0bc-5d93b1e82569,51dac652-9517-4e31-b9c9-905c3968e085,c3953b8c-ad09-5b71-9322-f3a70c04eabe,sofa,28,,2026-08-26T10:41:03+00:00
add39a4c-e551-455f-b092-ce83d2e4e3c1,514cc026-35f8-49f0-9e68-dff0aa3aab07,938ab33b-82ab-5475-990a-8db5eda6a5a9,kettle,13,2bf405c3-1cc7-40bb-b5ca-43f750ea42d0,2026-08-14T02:26:34+00:00
46da60ee-842a-4d11-b90d-ae93004cbff9,3d9b6dd2-deb5-4f7f-9ae8-89c12f579e9c,5d48ca29-853b-5b26-ac2e-72ff140853ca,concert tickets,0,,2026-07-23T00:01:24+00:00
5ca157b6-07a0-48ff-b332-9ba9c57b4346,ae55ec52-cef0-4a81-8e34-dbdc085d2573,f52221cc-3101-5022-8630-5b998dc49348,car,27,930d0da2-7349-46de-885a-198ebd38b858,2026-08-17T20:21:51+00:00
343f5a4f-f793-4525-b16f-561229a5b330,e4ea0bbe-fdc0-4311-bef4-bcb809a9a630,3180cfd0-3642-537c-ae2d-fdbfac0c903c,ps5,0,,2026-08-13T15:09:11+00:00
369b3ad3-dbf5-4d36-8e65-5dd523f864e5,94b88316-7ce0-493b-8421-126aaef1e308,afc94d4e-63f7-5443-933c-9d12949ca3dd,winter coat,0,,2026-08-23T00:54:06+00:00
9eefb73e-3572-46b7-ad11-9f04cf72c3dd,0009dfc3-c591-422e-9a5a-47a3c5627f02,f56a8898-f9b3-50c8-8f8f-41aa04dd29c8,ps5,0,,2026-08-14T06:12:03+00:00
7a89cd71-89af-4b61-9e4b-59941dec00ac,27de1447-4949-4ba1-94da-511dcf33e97a,b3662e2f-1648-568e-8308-6a999701ed63,bike,18,,2026-08-09T10:02:36+00:00
907972bf-1f66-4c30-b68f-659a37c7f4f9,f5c9aefe-bf7e-4ffb-ae21-2dd4d0dd04ff,86d857e9-b7f7-5ec9-8d06-67c7578b81e9,dresser,25,,2026-08-04T19:54:00+00:00
ae035184-3436-4150-8be0-5e92824ac0b8,4c8ec64f-c0d0-4cfb-b064-d47de0ec57ba,586b0bd4-15ce-5c8d-9b20-7f0493c5e10c,standing desk,15,,2026-08-04T03:47:43+00:00
38f40107-20a0-446d-ad80-e77e7c070ba0,c075f716-f675-4694-b3ea-4a26b1bb740a,59166798-2dcc-54a8-9645-b029436bab95,boots,15,b9c185fd-f5b3-4665-a512-76e5aa641dff,2026-08-02T04:45:18+00:00
81a0dab1-6e02-4d29-9e1f-9146047d525b,cb3f27ba-7b73-4263-a8df-7fc52f4ac105,815e7816-9248-5b1e-ac62-01d95bab496b,mattress,39,3b40904a-6886-45ae-bb6e-50b846f4b0ee,2026-08-22T23:35:39+00:00
5aecdaeb-ed8c-4725-b083-73bb2f60eb6b,f4b0199b-48eb-4354-a8fe-03676e9169f9,cd605990-26fc-54e2-978e-aa042280fa1b,ipad,18,,2026-08-09T07:32:25+00:00
6152d8f5-803c-4eb8-8f51-b729944a08e6,94fe657b-e446-422e-8233-465a217764d5,431686f2-a363-5c2e-9052-fe8fa9e71770,lamp,8,,2026-09-01T22:59:55+00:00
18645c6e-0ac8-401a-9cf8-47e15f22d8e3,659f0acc-033d-4e42-acb5-b569fa69a743,cdae47e2-4cd4-5873-8eae-1060a4913c1d,headphones,24,89df24b8-71c0-48b5-b41f-d005f06db668,2026-08-19T00:18:00+00:00
f4639519-3f43-40d3-ba1a-9e0488d59f08,29d5a494-6baf-4419-8eab-634d29535262,e2bc8d51-3f6c-558d-b3c4-c87720c13a2c,textbook,0,,2026-08-10T11:42:16+00:00
4938c57a-3804-4b01-bb83-d76917356ab6,54f26470-51db-447f-8c40-86bc6859b21b,7327b223-286f-5035-8c89-9239962381d5,parka,2,,2026-08-26T16:02:55+00:00
9bde1054-b94e-4d89-af6d-9a9c48203eb8,743aae1e-e024-4953-a3ae-1413333f514f,76799466-e130-5567-8075-6bf929dae1d2,iphone 15,0,,2026-08-18T02:54:25+00:00
b00c5269-1f20-44ad-97cd-cf68e95f4ca3,ca9eb7cc-b0b4-4109-8c12-f728c1c22bd2,5fa37f7a-7022-5b10-a682-a2e9f8757db5,printer,0,,2026-08-14T05:19:26+00:00
942845f0-5697-4a13-bcc9-421c7123d804,27d6298d-2568-4e4c-99dd-0f0d3e043508,cebcbc49-36e9-51b9-9429-8151038cd5ce,rice cooker,5,ae4b9d86-dd63-46d3-b249-d9482b353200,2026-08-17T15:23:22+00:00
be386eac-3b95-4538-b3a7-0b1dd78911ff,29f2c43b-7cbe-420a-a7cb-2ede9cf6dd4c,b0972331-f888-591c-bd6f-571f8e221c99,bookshelf,0,,2026-08-29T21:07:21+00:00
16bea2b4-94e7-467d-ac73-5a51b9b18201,f8d855a5-21a5-477b-bd26-6a8ff32c9563,b44eb71a-cf6e-569c-ada0-675ad168d755,car,27,,2026-08-09T21:31:22+00:00
e80965d0-1509-4a44-85c6-42d55a493f61,200f9843-09b8-49fb-9a99-30710133815e,b7285c28-81cf-53cb-93b9-d48dc73f2d68,dresser,25,,2026-08-14T00:23:53+00:00
804d01e3-4e1c-4aab-8b8f-820abeeec36d,47de6634-f271-4dda-8c9a-4cb60daa2a03,44026d9c-e6c9-57ce-9c0e-52908833fc10,vacuum,17,b6c80d64-e4a2-4739-9f4f-ddd7c47db6d6,2026-09-01T19:02:10+00:00
0670e06f-c3f8-47cc-8348-5c93d8ecdb03,210c2b91-059f-411a-9302-7b1e3c1091de,cef87650-5c65-55fc-a2a8-cc342ed5ba79,corporate finance,15,64382d00-5d5b-4d08-97ca-7bf8792ffd9e,2026-08-15T12:56:04+00:00
39e4aaa9-4277-41fa-8433-a49dd04dee76,f7fc3247-4e08-45c5-bf07-1580aa80b186,d9612c63-2d2e-59fe-b8fc-e954419e9a78,textbook,0,,2026-08-08T01:04:10+00:00
5a439b2c-aa83-41db-b214-5c6e56f404bb,1fba3799-d4cc-4a1c-84d6-51146012067e,80a95913-01ac-5cde-82e9-875f5d55ae4e,textbook,0,,2026-08-18T04:59:44+00:00
7b0d52ce-41f8-4551-b879-144e811e4dfd,c5c387fc-8cce-4d21-8e67-f9a537bce316,b9780a9c-781b-5cba-b01d-7a7a05bd7568,textbook,0,,2026-08-07T22:47:37+00:00
d95603af-5316-4b93-b278-02af6f33e9e7,89d77857-c92a-42dd-af96-5df74aa05d59,afb1f495-8f1c-528d-a711-f96bcc037567,bookshelf,0,,2026-07-27T04:33:59+00:00
fef48ed0-ba6e-41ea-86bb-ccc0c503b6e0,cb3f27ba-7b73-4263-a8df-7fc52f4ac105,815e7816-9248-5b1e-ac62-01d95bab496b,vacuum,17,05155434-487c-49b3-a877-d80ae1f2a333,2026-08-22T23:51:26+00:00
0e183c12-b255-4bd6-bedf-cff1ab10d36c,1a6d9651-427f-4f8b-8364-dedd886b767d,2874d3ef-0f7d-541f-aeaa-dfff0d583341,dresser,25,,2026-08-13T00:35:35+00:00
e39a49eb-cd60-4a67-82f8-2f258d438b8f,6a68ec56-67f5-493e-810d-eb44598b0e94,8bcdb077-4cf6-550c-9a51-1a906eb595b0,rice cooker,5,,2026-08-24T21:00:50+00:00
faa3eef8-1458-4673-961f-a5bae835fecc,9c4bc13c-455f-4bc8-af64-d6ff11a380b4,d781f829-1094-5468-ad0d-bc9d1fd29637,microwave,4,,2026-09-02T00:48:43+00:00
4f39a197-b25b-4c0a-b0b3-176926f6b05d,e5b05247-d5c5-41cb-bf08-a56d351e6242,3ebf5261-fcf3-5d43-8373-bdf562555cd5,kitchen,2,842cea88-1f69-420c-ab47-2cd5ac467723,2026-08-22T19:23:11+00:00
a465abfa-0b47-4d20-b9bc-97894947b60b,210c2b91-059f-411a-9302-7b1e3c1091de,1a883037-064a-5aa6-8aca-17a352acf63c,winter coat,0,,2026-08-20T23:36:25+00:00
6ba93409-8dc3-4816-92fe-94822fe01e99,ceb5b100-6d16-4a2c-a1ac-94145b871907,6d107a63-1490-5ed0-aeb2-9d15afe8c6a6,standing desk,15,f71eb801-135f-41ac-b466-1ab057ace8fe,2026-08-21T00:04:36+00:00
38a53a98-9b39-49ba-b85b-3e44a0aa87dc,56423c84-9e94-44e6-a034-0a21e231fbea,313e0fa9-9548-5ef1-9847-e578e8da6fc2,printer,0,,2026-08-27T21:29:56+00:00
7cba6b0f-54bf-4fc8-9d0a-8c1a14e48582,64d51d94-4f34-4e31-980e-5bf1b969932e,e2060381-030a-522c-8098-7cf317e45ab8,textbook rental,0,,2026-08-27T09:37:48+00:00
f2881f56-7f04-4457-9db2-8ebe89bf7e32,dd97c4bf-c562-41cd-943b-218a8b5baac4,313b45ac-c89f-5cda-bfe7-6081484f0023,mini fridge,5,ef41dec1-5922-4f0e-94aa-a87cd8e8f8ab,2026-08-17T04:27:56+00:00
af28009a-4a89-4d64-a1b2-f11d3c10748d,4d2af566-e452-4cb8-9f1c-2963153454ef,b1f94c7c-469a-55dc-81c0-081a04d02db3,airpods,3,606a700d-e16b-46d6-8e1e-c87ae80b6418,2026-08-19T08:12:00+00:00
b6ca2c28-c6be-454b-a18a-561eeb6f247d,5d1a62df-3bdf-4836-a4d0-5dd139fc5e81,9300a01e-853c-5ff5-8e5f-f46ed2dba29a,vacuum,17,,2026-08-23T18:54:51+00:00
cc39ecd7-2c9f-4dec-ad7f-9fdc21c61bc4,558257fc-53a1-45c0-9ece-75440adedee7,df01868a-ec2e-54f2-af27-611078dae027,lamp,8,356d8df8-dd69-4f7d-a87e-0c7d8c5cfd6c,2026-08-02T07:29:41+00:00
f8ac89eb-5d85-4979-bb52-d2449066f6da,514cc026-35f8-49f0-9e68-dff0aa3aab07,938ab33b-82ab-5475-990a-8db5eda6a5a9,textbook,0,,2026-08-14T02:11:11+00:00
7b86daf4-14c9-4dca-b7ad-7242c3b79605,ba1fa7b7-1ba1-4dcc-8cde-7e8038432e3d,0f5a54a5-351e-5ab1-8866-bd088eb5a6e3,laptop,2,,2026-08-12T09:21:40+00:00
0a9ea2a5-6243-42e0-9ca2-f5eefb7a5eca,d22d4315-95d0-4e9b-8b3a-ee71f98284ba,38451321-2866-5e58-9abf-5bc56089905b,boots,15,7e26b2e2-de8a-40f4-9242-839f956517c2,2026-08-09T02:06:11+00:00
c88abac7-3f39-4429-8681-f15ddd10b7a6,e577a84d-38e8-4685-91ae-611ca1c68aca,5b19d9b4-e7a6-517f-945a-9f8ac229ae1b,iphone 15,0,,2026-08-21T16:42:19+00:00
39406ca2-4566-436b-a6fc-acb11a08f9d8,1c0c4b2f-60d7-4b18-b6d0-96a64e9d85cf,a6447e9b-2749-5639-93bd-54ae02e29165,rice cooker,5,,2026-08-22T06:14:55+00:00
a353cd3f-8d66-4a92-8c7d-834a8aa1ac71,7a537b60-7891-4d8a-9a2d-3dc4f49961e2,0ce6a797-b0e3-5cc7-806f-9d8af7e3844f,vacuum,17,,2026-08-18T06:45:29+00:00
72302ca8-dcdb-4bf2-ab22-6f8d3089b603,5fe592da-0d87-421c-93e1-8e7df2988983,be5af95f-b6ee-5a25-8315-e250c01e1900,kettle,13,,2026-08-27T00:22:14+00:00
7cf7bd1c-8e31-4e7b-b162-3e51d98e5265,52c5c6a9-39b5-4951-9af7-b20a0970bd62,79d36ab9-ca2a-5a26-a394-895b02181a70,rice cooker,5,c7e289ae-e471-405c-ab88-e4b59eb902d3,2026-08-03T10:55:57+00:00
85023653-1e80-4d77-87f6-2772c710f853,594a9fe8-338e-48b9-bf94-45ec42062580,642cb933-a7a8-5fea-bd80-924bdb30dcdf,parka,2,,2026-08-21T07:35:14+00:00
cf787152-72fe-48e8-b15f-2c3ada7e8afc,94b88316-7ce0-493b-8421-126aaef1e308,afc94d4e-63f7-5443-933c-9d12949ca3dd,yoga mat,8,cc99ed97-3886-473e-b8f1-b982e2b91b84,2026-08-23T00:51:14+00:00
6f3cbd64-e7dc-4d83-8013-fa51b87673f9,4f7d3f82-809f-4176-b3bb-245e659f22ab,9152b66c-a369-500a-bfee-ad1c09562289,yoga mat,8,,2026-07-23T22:00:33+00:00
961d0160-4272-43e9-a5c6-a9499e26a387,e33923d4-ae33-4f20-93b4-4927825fa9f9,198674af-16f6-5537-bc47-d13b46e62fe2,corporate finance,15,732a659f-e847-4f48-93a4-2f312275d80e,2026-08-12T04:45:08+00:00
13d9d6ae-a98d-4475-bd58-2294e5fe4026,d413b920-fd1b-4aab-b816-7b0b8dd7ec37,7bb2ced5-265f-59a9-94b3-ffc950d2a1ff,standing desk,15,,2026-08-21T12:52:29+00:00
127bc5cc-4d32-4a69-80ee-2bff8c4ee5a2,e1ed7e6e-8e69-4089-a848-80cc71f34ee0,dfc8e72d-96c9-55a3-aba8-17f68884fcaa,boots,15,,2026-08-14T11:21:00+00:00
cda14a11-6638-4f9f-b2f8-ea4181acf00d,f0975694-b83e-4f38-932a-48a07c354e6e,2b400bba-51d8-5fb1-aa93-65f10c5fb23f,bike,18,,2026-08-18T14:05:00+00:00
08397c6e-f3ad-494c-80af-bc773cf457b7,67720afd-c98f-4042-88f8-4ee42ce6223e,657c8095-ff8f-5354-86f8-770076bb55a6,lamp,8,,2026-08-27T00:21:30+00:00
4635407e-a6d4-47f0-8f20-52b716bf6956,6b83a412-875d-4f35-8ce5-9a2c67a093f6,3c3a8067-9552-5758-a83a-0326df4a9d4c,bike,18,,2026-08-18T16:20:21+00:00
294f445d-ccfe-4528-9aa8-03ef267c3f82,630fe4a8-7f3f-4f97-93c1-03feb895bbd5,e207bb1d-5420-5874-9654-2c9fbfede9c0,car,27,,2026-08-17T04:17:20+00:00
1776a342-f0a6-4a21-8ccc-1a7b6fa8b80a,db4d2942-4cc1-45f1-87fc-07d96b772a6e,ce836a33-f846-5b79-8a7f-9e1c6b0e0a41,ps5,0,,2026-08-27T03:55:08+00:00
2b38adc7-9a05-4205-bc92-d50ebcdd4545,df9804a4-8ed1-4ab2-8cd9-b6c44f18f067,72783c2d-0eb2-5a0a-878d-e7d3f07f59f1,coffee table,17,,2026-08-27T00:06:46+00:00
475d8110-b0d3-4e4b-b02b-feec54aa9ea7,c90cc779-75f4-4f0d-8f0e-bf02ad0ba33c,8dcacf34-53b0-5a22-b8ac-b8fc1af2d34c,printer,0,,2026-08-18T02:40:56+00:00
f676ca4f-0c1d-4be1-9792-daca01bf2541,742f60c2-2f3a-4c03-86e2-e6b289299c40,f3a7b319-76d8-5a10-9c44-9ae2d0b69767,kitchen,2,,2026-08-08T08:48:08+00:00
4ab20c5f-40eb-487c-aa4e-77e905e713c0,bfd8403b-80c0-4664-aaab-0599f13df1e7,b16fc646-999e-5dc0-ae8d-97ed4e5f8479,winter coat,0,,2026-08-23T07:54:02+00:00
1bb70e4d-c609-4d68-972b-ec728bb95797,4001ae90-9c14-4032-81bc-8fd67f67e21c,637e1ff5-f9b6-5d3c-a60b-6f34e79a405e,laptop,2,,2026-07-31T01:00:53+00:00
96981627-054a-43b3-938e-e626be92fb14,2838c32c-7382-41b5-852b-5d048285eed7,d71b8891-2210-56fe-8905-6392289005fc,ipad,18,a4ec4e57-accc-4fc4-8da6-bd22a8170fa5,2026-08-23T07:22:35+00:00
2b98ba2f-2cb7-4d73-9c3a-c6007a1e57b9,7ad9fea0-4641-41fb-9744-34c15951b68f,180e7400-d487-5bc1-8edc-0b180198e3b2,apartment,0,,2026-08-21T09:06:32+00:00
d59b7626-1852-40f9-baeb-3d237343bff0,ae8523f3-49f1-45d4-ab29-0313676f12d0,a0c2aa09-1674-53ca-a7ea-d7f79ab5d055,standing desk,15,49eee5d6-1e69-4995-8654-08c57e585ad9,2026-08-21T11:48:14+00:00
3a4a538f-575f-4049-b303-ff1f4d231760,7275315b-de5e-4c67-9b01-11b25728750a,1485c7c5-f026-56af-93bd-84826bd3b92f,bookshelf,0,,2026-08-24T05:35:45+00:00
a0a2b839-3b4f-4bd3-ac29-ed6f31a45ac3,50ea7e0c-7da9-4f50-8495-8e484fcefdfd,81a0a558-46c6-5649-81bc-955884bcf702,vacuum,17,88b269a7-3a2f-48fd-87df-6dd64d9ec756,2026-08-25T18:15:23+00:00
27340d3f-e758-42f6-bec8-2c95968c2c11,742f60c2-2f3a-4c03-86e2-e6b289299c40,f3a7b319-76d8-5a10-9c44-9ae2d0b69767,airpods,3,,2026-08-08T08:38:29+00:00
e97274ca-011d-4708-a771-fae29384d09d,4af0e4a0-0e37-444e-bfc7-a30dee993e1f,eed6b8ae-73c2-5363-9c1f-d6395817daa3,kitchen,2,842cea88-1f69-420c-ab47-2cd5ac467723,2026-08-27T09:45:26+00:00
20933602-8f00-4cde-9673-3463966f6f7b,fdf80e2a-8b01-4d79-a8c3-3ea29134c88c,f86887e7-9f9b-5871-b89b-c4f5d380998c,sublet,0,,2026-08-01T01:32:03+00:00
7a6f2939-aa7d-4e3f-b912-69970fe25ff9,79c00b7e-dbe5-41bb-8a92-189f533b8e9f,dcf1c6a9-162b-5c19-b462-5169e745d431,cat,0,,2026-07-31T15:09:30+00:00
b4ec6b76-a913-4521-81d1-a01bcc8309c4,39387e77-2cf5-4e83-a449-610606391894,ff2ba2b5-9bef-5923-9e8e-9fbe4e577be8,rice cooker,5,4006fe35-1353-45b0-b76e-308e0062c453,2026-08-15T18:38:50+00:00
dcbf534a-00ee-41bd-813f-37c3bae5aa51,b22f58da-fef5-4d8b-9629-3058c5211605,c8ee6d4d-10b5-5d28-8a73-bc1d9e4fa61a,kitchen,2,,2026-08-25T07:51:32+00:00
a781f5f5-afd6-417d-9485-c977887755d6,41583495-38b9-4f40-b6fe-64577f910a54,fa356e8b-b169-5c35-b618-ba94e01c04b4,kitchen,2,,2026-08-26T03:16:32+00:00
4f7c26cc-1dbd-421b-96dd-a4b7ac524f78,3c4a47de-e63f-470d-a750-5453edea905e,364d0689-8f7e-5a8e-9734-7a05a1fe4599,textbook rental,0,,2026-07-31T17:09:05+00:00
410f2633-062b-45e7-b088-6cd9c96a5dab,f46fae0a-66ed-4c74-baa7-7380e11570dd,d5ba36ec-7c82-50c2-afd5-bb437e1ef683,office chair,0,,2026-08-10T13:09:39+00:00
ab0c8827-65e7-43c2-85f3-502d87a83049,54f26470-51db-447f-8c40-86bc6859b21b,7327b223-286f-5035-8c89-9239962381d5,ipad,18,2d3ae7ed-8571-41c6-99b9-7c7877b19c37,2026-08-26T15:51:41+00:00
af3d7203-764c-4a6d-b083-bdd413fa7d1f,aebbbd34-c750-4cee-b298-18c1698b9b92,3a1d10ed-d448-5776-8177-1cd307573a30,car,27,,2026-08-29T14:30:56+00:00
75449c19-68df-4fa7-b41c-28b14bb317ae,8fe4e224-dcb0-4a9b-9949-0b5731f46fb2,5db01086-92af-5e3a-a11e-4dbb49b46931,dresser,25,9c2277c6-c135-4437-9ee0-f668c9f8a154,2026-08-25T08:48:56+00:00
0a6e74c5-d8c7-45f9-a877-ae6f8370c6a5,35d6cd54-7bcd-4288-8c6d-682b12ba3543,e09d0df9-4579-57a3-bed6-68d17647a43d,bike,18,,2026-08-31T00:07:12+00:00
57a28015-1383-49ae-af99-4780586f2f9f,9c406b9d-cd77-4899-a023-48de9fc080a7,fa0b8597-0eed-556f-9708-9d1133876b3d,monitor,17,,2026-08-22T20:50:53+00:00
7fe4e0ae-7f87-4c5c-a55c-78057d23d6be,2546be0b-81f5-441c-bbbe-d4925b10d00d,7d20e1d4-04b1-554b-b5c5-c4612f4ebe0f,bookshelf,0,,2026-08-23T17:21:30+00:00
cbdcf70d-bfeb-4ac9-97af-992ac3ddcd06,f1c36ffc-5fa2-4aa1-a227-7f0aafef70d4,26936bef-f5bf-5426-a3b4-259172ded73c,headphones,24,,2026-08-15T07:19:11+00:00
3417793f-657e-429f-ace7-eec15fff1bd5,ac4cd2de-69ac-436e-b67e-c476f7f37a57,32d0d706-c5f5-53dc-b19e-ab78ce0f4a46,ikea desk,0,,2026-08-25T23:02:01+00:00
8864a422-1631-49e4-849e-a9096d21bb45,553046bf-b8f3-4054-8eea-bd6715749b6e,122c4ff9-e59b-55b6-9334-eaef58bd0bd6,bookshelf,0,,2026-08-26T23:22:41+00:00
aa27a219-b978-4b01-a5a5-3bd4c6041c5c,c76f1c0b-bf00-4af7-84b8-6ec1e8252901,296157c5-d8e5-57db-ae4a-16c488010f04,laptop,2,,2026-08-16T10:14:42+00:00
329726c0-0366-462a-b492-14a99e4c046a,dce19236-e6ac-4b25-8861-f9bf621963fd,62a479cd-56ef-5f3c-a5d5-47b2366cd208,concert tickets,0,,2026-08-17T19:47:44+00:00
682ce655-a730-4714-90aa-e0e8be503d00,e2bc1752-1983-472e-bbd9-c6fae7cac58a,c796979b-839d-5439-990d-b1e87d8bcc44,headphones,24,,2026-08-09T05:48:43+00:00
0bfee293-8378-4d0c-8d55-cfbe22236948,6aaa19f8-b45d-48d2-96cb-6432e67ca955,5b8aa6c4-ab44-5429-af31-295db4d977d5,winter coat,0,,2026-08-27T11:53:11+00:00
091d01ec-0080-4f68-849d-7d8918aeaa46,8f39dc61-73fe-48e5-9abe-1b74522d2ba1,f6245cb7-aa20-59d4-bdbc-3289081e143c,rice cooker,5,,2026-08-26T21:50:56+00:00
351dd574-cb3d-4bd0-a0d7-7a7cd155277b,2ac3a3a5-640a-4b9b-a55a-419ce256fa53,178de0c6-dd69-52ff-aa10-f1b5ffd2f830,apartment,0,,2026-08-28T13:56:48+00:00
45777890-e6ae-42fa-a46b-49dcc0901b88,aecd8b7b-3750-4508-a0fb-e02d38d0a892,8991c22e-b14a-5215-81f1-2c5e28d0eb68,winter coat,0,,2026-08-31T03:23:27+00:00
3ccfbbb4-526c-429f-bff7-c1f64b75cd21,38a49d66-48fd-40a7-a3f2-1b14bfcba13c,f53625ca-40a8-5bc2-8613-c3f205142ebf,ipad,18,,2026-09-01T09:02:57+00:00
b11c6658-03ee-4817-8e9f-feb8182a6ce0,eee7dc3e-420f-4335-ac67-80899138e592,485c6567-fb2b-52ec-8d00-1b54a51ca1a4,headphones,24,,2026-08-30T04:22:45+00:00
ae9c8746-b3d6-4072-b21e-05787bc85781,c112ea1d-a569-465d-950b-de9669ed8cb8,e63d826d-a45f-53f2-a26b-12eebfb9012a,boots,15,,2026-08-28T14:32:49+00:00
e127642e-8f38-474a-8977-e46bbee4e58e,e099a97d-3a12-4986-9f7b-4929504bd92f,ba795b1f-a7ec-5e15-ac87-be7a6c5f295d,boots,15,,2026-08-09T00:44:08+00:00
d604c1bd-9f87-45b1-89ee-52d3a939a1f4,887b7fc5-3512-427f-b5f1-d0629d72dcf0,832da1e4-7546-52ca-a0b8-09526b5b4de5,guitar,0,,2026-08-20T15:30:50+00:00
47634ef0-9754-4c13-8e3f-4373cd27084a,027d043a-ba48-4b3d-89e1-6c1b905deb5e,ccf16d8e-6b8b-5273-a218-a2460a44035e,bike,18,,2026-09-02T10:16:22+00:00
17392dfe-3ce3-44fa-843d-0a1df22cec57,41634950-c72e-4702-8b26-c6a77c4be455,4b5bf64b-86e8-5859-8577-74f02d80ea50,standing desk,15,,2026-08-30T11:34:42+00:00
a636ff68-c0f7-4b24-851f-ca873307b054,c112ea1d-a569-465d-950b-de9669ed8cb8,e63d826d-a45f-53f2-a26b-12eebfb9012a,airpods,3,,2026-08-28T14:19:24+00:00
845bc1fe-ca86-4d73-9988-d0a482be8ce3,36467fe6-e187-4f18-82e3-3298a11eaf2e,dcb4e86d-3c19-554c-a240-47e6c0015b3c,concert tickets,0,,2026-08-29T06:22:52+00:00
fd8e88f4-1676-4f14-9376-c76948b18008,771551c1-bc4e-45c7-b938-586e87c4c5ca,9f992d05-955d-56f9-8cdb-f18472929cf6,ikea desk,0,,2026-09-01T19:27:19+00:00
7e965bf0-d2e1-4757-981e-f3887b6a09b6,4b87053a-c2e0-4a91-bd88-3da84717c1af,a81cf9d7-72e2-596c-977e-bea144277fd9,bookshelf,0,,2026-08-12T06:38:21+00:00
23a27b0e-872a-4fe9-8b1a-7114e71c10a8,0209100d-8ff5-4765-ac79-0e73e4267e70,1c365b24-475f-5702-99b1-92c8c3d1d61c,concert tickets,0,,2026-08-30T01:19:49+00:00
1b7d748d-d06e-48c8-873f-22356898274f,efa9f68a-aad1-4e2f-8b03-0dfc7b7b5359,1d63b714-edf2-55b1-aa20-4208bcb31c2d,ikea desk,0,,2026-09-01T03:16:50+00:00
2fb5f694-fa36-4ac4-b395-a49daa921e73,725e8519-9d26-48e9-a0d7-b1d766f3587d,ff3ecbda-d35e-5fd8-9a1a-39d7fdfeb347,iphone 15,0,,2026-08-29T03:10:57+00:00
83c00f8e-ce15-444a-867c-213b5901f0d7,eee7dc3e-420f-4335-ac67-80899138e592,485c6567-fb2b-52ec-8d00-1b54a51ca1a4,headphones,24,,2026-08-30T04:25:57+00:00
e75bf5d4-cf5b-4f7f-859e-0c9303ae64ff,771551c1-bc4e-45c7-b938-586e87c4c5ca,9f992d05-955d-56f9-8cdb-f18472929cf6,microwave,4,520ab43a-06ee-4250-9416-cc025332cbae,2026-09-01T19:24:46+00:00
73ebe016-788a-4b3a-a073-e1dcce82cc39,9c406b9d-cd77-4899-a023-48de9fc080a7,fa0b8597-0eed-556f-9708-9d1133876b3d,free,16,,2026-08-22T20:54:42+00:00
7018efeb-7655-4600-a5f6-871a4bf62b73,6aaa19f8-b45d-48d2-96cb-6432e67ca955,effe1269-bbba-50a2-99e0-8b27ca56f5d6,microwave,4,,2026-08-29T00:28:57+00:00
38497c06-0650-4f9a-af41-d5fbf0f45cde,121e25af-350e-40d4-a820-05aa0e8d09c2,ac306130-772a-581b-ab47-a0f22090be36,sublet,0,,2026-09-01T22:07:36+00:00
adf81e96-728a-4a8b-bf25-4dc5d1b8d275,0a9a118f-fbfc-414d-a857-63246dad3ee3,bed5b126-e7d8-5d04-8cfb-7233bca53031,headphones,24,,2026-08-29T15:41:37+00:00
d15079ee-cc18-4803-b8a4-381c93c5dfef,27de1447-4949-4ba1-94da-511dcf33e97a,96838475-b4f5-5a77-98b4-bf8206a75ae9,monitor,17,,2026-09-01T21:14:33+00:00
0f458872-519b-454a-afb2-5259941f8619,efa792df-2f07-4094-99f4-a23935cca18b,63b93a80-4998-5e13-8d72-e3c58ba6f507,mini fridge,5,,2026-08-29T19:26:52+00:00
17818dbd-2498-4e0c-a526-2b740d7bbc17,aea754b5-366e-4133-98b4-d7a02489d027,dab6aede-4b96-5220-90f4-a1e9e7e2b48c,corporate finance,15,ecaa00d7-e7d7-4ac8-8639-8b87156ddec0,2026-08-27T10:11:25+00:00
7dd18b22-bd4e-4f74-942c-efbf78f46bd2,56a1a0bc-0c49-4321-936f-fc7cfc17d80d,539e4337-7d38-5608-be04-87914b23f1b2,free,16,,2026-08-29T11:42:21+00:00
0e206f8e-62a5-442e-b594-55ee53b7e735,771551c1-bc4e-45c7-b938-586e87c4c5ca,9f992d05-955d-56f9-8cdb-f18472929cf6,mattress,39,,2026-09-01T19:33:46+00:00
9de24f43-427c-47c5-9b49-28521cd6f860,3aed15aa-f84b-4807-aa3d-ed685d555290,a871492a-1a2a-58bb-a781-f342403c04f3,desk,83,,2026-08-28T20:51:49+00:00
51d15b2a-e13c-487b-a3fc-0349e8223824,a0bc3b16-7612-417e-acb2-ce0de205d14a,5c0c9fb6-04b9-544e-b701-46bdda97f56a,parka,2,6621b3ed-bc8e-48fc-8e44-33eb89a077fd,2026-08-12T05:00:29+00:00
ec6f6a66-f896-4eca-b7d0-d422837ddef3,0df640c9-0d2d-4b14-986d-e7651c61fdff,9e1a31dd-4558-54e0-9db2-c28f3456e6ff,bookshelf,0,,2026-08-30T12:32:47+00:00
5d98f91e-486b-4567-8235-5a76c8e27248,0df640c9-0d2d-4b14-986d-e7651c61fdff,9e1a31dd-4558-54e0-9db2-c28f3456e6ff,bookshelf,0,,2026-08-30T12:43:22+00:00
0f564d70-68b4-4199-8156-6246fac81f2d,121e25af-350e-40d4-a820-05aa0e8d09c2,ac306130-772a-581b-ab47-a0f22090be36,printer,0,,2026-09-01T22:12:05+00:00
4ea2d725-5123-45ae-8803-723ed0860a8a,0209100d-8ff5-4765-ac79-0e73e4267e70,1c365b24-475f-5702-99b1-92c8c3d1d61c,laptop,2,,2026-08-30T01:18:57+00:00
af0bb439-2115-4eda-968f-5592e183b696,d97c38cc-0971-42dd-869d-988ad7864fdb,e1f039c8-aed0-50f0-98a4-dc1cf636448f,bike,18,,2026-08-28T18:18:54+00:00
4c1c385c-8942-4fea-81c7-1d71544f5eaa,16a5e102-25e6-4b46-9d06-422d559d57d9,1a929f86-4fb1-50c8-866d-02b99494c1ce,parka,2,,2026-08-29T23:11:12+00:00
5c3cb7be-c85a-4fb8-8b46-fe84e6141920,6e0a545d-7359-4e4b-8579-a4726131d1bf,da7139a6-bbb7-5c71-9ee7-eed58a60ee7a,guitar,0,,2026-09-01T08:37:35+00:00
5c41aa48-3185-4b81-8c6e-a40f2c7c33c8,40b381d1-9fae-4307-9737-cc332f541b94,6027f8a4-0359-5caa-aaa5-3abcad33de37,iphone 15,0,,2026-08-15T02:36:39+00:00
78f45239-0c66-4e0c-83be-7e474d3275c9,65124326-e038-4b17-b1d6-d9a5d33b8a2d,db90ab72-68e5-54fe-b710-dc4f65e2c38c,dresser,25,,2026-09-01T21:54:25+00:00
be408db6-c179-4b77-9d89-5231b89b89a2,767863d3-745c-4089-a535-93af030d91ab,c5d46965-ba02-571b-8818-7ac10b66bf60,rice cooker,5,,2026-08-30T07:51:37+00:00
c9ffed04-a77f-40a3-a52e-28c859e358b2,7e1555a1-9eff-4976-a527-3cab5d2d4357,ffefdcb9-f621-5920-8e86-91b2ddf9c212,office chair,0,,2026-08-31T07:21:26+00:00
3f1fc3f4-df44-458e-b6d4-0c0e17288cd5,771551c1-bc4e-45c7-b938-586e87c4c5ca,9f992d05-955d-56f9-8cdb-f18472929cf6,lamp,8,9452e227-fa98-4d50-a087-ca46ee33c27e,2026-09-01T19:34:13+00:00
5181eeb3-beaf-422e-919f-72e407b501fd,3d9b6dd2-deb5-4f7f-9ae8-89c12f579e9c,decc779c-e73a-5f14-97be-79486648369c,standing desk,15,,2026-08-30T09:40:18+00:00
f847185e-1fbf-4b40-b774-f3fbf5b22745,bd335a64-6c2f-4d90-b3fc-221c08d817f0,af0f3f29-48c2-514a-877b-045e478b5e98,headphones,24,,2026-09-01T23:58:30+00:00
83f54ecc-0e7b-4da4-b54e-dbed08ee793d,80ad647d-3885-4a0d-9e23-3ec3d764b406,5e9791ed-5ae8-5f09-8697-ef3e1cc79aab,mini fridge,5,,2026-08-31T02:58:08+00:00
389964aa-d3c1-40da-8b44-2c69c0a64edd,2753b9cf-f012-477f-a3bd-b42bf9f50416,d06afedd-dfd6-529a-89dc-4556ede9f990,headphones,24,b865a300-0682-4c9d-a7b4-725f8e9e100c,2026-08-30T10:58:33+00:00
efe6cce8-dbd3-478b-bccf-12af46ef74f3,38a49d66-48fd-40a7-a3f2-1b14bfcba13c,f53625ca-40a8-5bc2-8613-c3f205142ebf,sofa,28,,2026-09-01T09:08:22+00:00
7eaf2520-bf62-430e-a995-ba94ba25dc72,b4873cd1-b543-4232-ba4e-8dd873f8eef3,79f95b53-f3ab-5660-aaa5-8fdd5324a2f3,lamp,8,,2026-08-30T10:17:48+00:00
6f40ddc5-0315-4cda-b0cb-856c841ef0e3,19fc7123-30af-46f3-aecc-62b909090ab1,c7f73785-aff1-5ea4-a595-cb1e77a1ce34,airpods,3,,2026-08-31T10:34:38+00:00
759ffa6e-aa66-4dd6-a4ac-00d13cc62895,56a1a0bc-0c49-4321-936f-fc7cfc17d80d,51191010-02c0-5b8a-90d1-4d27622a19f7,concert tickets,0,,2026-08-30T07:27:06+00:00
c8b1f5a8-3b4c-4632-b54f-3f71ca65ce52,bd335a64-6c2f-4d90-b3fc-221c08d817f0,af0f3f29-48c2-514a-877b-045e478b5e98,sublet,0,,2026-09-02T00:06:09+00:00
b6b40f73-95c2-4ebc-a36a-cbd640326ac1,f47c3631-ad35-4a80-9e65-e37d2e59dfa8,1bd731e4-1721-5c17-840d-35a1b3e9f020,lamp,8,,2026-08-29T12:20:47+00:00
4e2be863-248c-46f8-b837-064fe42d5cba,121e25af-350e-40d4-a820-05aa0e8d09c2,ac306130-772a-581b-ab47-a0f22090be36,ipad,18,7febdda4-d4f7-42c1-8a5b-3b2a32aef295,2026-09-01T22:19:38+00:00
139e836b-2a49-4934-b1de-c2d51754d98e,7e1555a1-9eff-4976-a527-3cab5d2d4357,ffefdcb9-f621-5920-8e86-91b2ddf9c212,winter coat,0,,2026-08-31T07:09:44+00:00
0e9455c1-58ca-4a76-931d-3bf05b308b3b,eee7dc3e-420f-4335-ac67-80899138e592,485c6567-fb2b-52ec-8d00-1b54a51ca1a4,iphone 15,0,,2026-08-30T04:18:39+00:00
cc8c3d57-8010-4c02-ad95-487200e8fb26,56a1a0bc-0c49-4321-936f-fc7cfc17d80d,51191010-02c0-5b8a-90d1-4d27622a19f7,yoga mat,8,,2026-08-30T07:28:10+00:00
97d788ed-682e-4182-a48f-58cf11f49245,bd335a64-6c2f-4d90-b3fc-221c08d817f0,af0f3f29-48c2-514a-877b-045e478b5e98,monitor,17,,2026-09-02T00:00:39+00:00
c822e03e-a4ac-4f3f-8104-45bf5f5a026e,800cb3cb-ff3e-4e67-aa78-d084be9ab0b9,9056b7a9-0db5-5105-8f8b-4d19ddcc3c42,mattress,39,,2026-08-30T09:02:42+00:00
0e097bc1-2129-4ecf-89e8-9c3d2a319156,6aaa19f8-b45d-48d2-96cb-6432e67ca955,8468a4af-d139-54f6-a6e2-3c3724aec9a1,guitar,0,,2026-08-31T12:52:33+00:00
5fde4918-7cb6-4750-8e23-1d1dc55ae5f5,02c1d507-009d-47f5-8e88-a3363b53d214,8fd30ac6-9826-545c-8319-79debb17d80a,yoga mat,8,,2026-08-29T22:33:27+00:00
067f3659-548b-41f7-8438-b24c1d1b0175,f47c3631-ad35-4a80-9e65-e37d2e59dfa8,1bd731e4-1721-5c17-840d-35a1b3e9f020,sublet,0,,2026-08-29T12:22:43+00:00
0998c8ab-4621-4e7f-bcb3-6f8b3b8cd9c1,121e25af-350e-40d4-a820-05aa0e8d09c2,ac306130-772a-581b-ab47-a0f22090be36,headphones,24,,2026-09-01T22:14:09+00:00
43d21fd1-dd46-4bc4-b789-fe3bbe191d37,7e1555a1-9eff-4976-a527-3cab5d2d4357,ffefdcb9-f621-5920-8e86-91b2ddf9c212,airpods max,0,,2026-08-31T07:20:54+00:00
94267c17-c4aa-4b0d-93df-8e253d84348a,00296b33-329f-46d8-9082-9b01bcadd0ad,5a4ada46-d231-5ec0-9799-cab51b5a75a9,boots,15,,2026-09-01T10:05:00+00:00
5977c58f-8843-45c4-9462-73ce96a464ec,67ff0ec2-d4f8-457e-9414-c4d5aebed4a0,b7404524-14d9-5118-9a6a-e5fdb30f87e0,ikea desk,0,,2026-08-30T17:05:46+00:00
e2e8fa87-c07b-404d-b56e-7525aca581f2,c112ea1d-a569-465d-950b-de9669ed8cb8,f5da1b39-968f-55de-9770-449956c7d9fd,ipad,18,d54da4c0-ac9c-4f6c-9b5c-169c45b56842,2026-08-29T21:51:51+00:00
d83131dc-154a-4b47-b5f9-8e1e05f37308,d39c20a8-8fd3-4fa9-945c-0b443b47eb0a,290c05f0-438f-5e7b-b615-873b3cd9f417,office chair,0,,2026-08-30T21:19:19+00:00
e6d6b9b9-8944-488e-a665-b353c767861c,36467fe6-e187-4f18-82e3-3298a11eaf2e,dcb4e86d-3c19-554c-a240-47e6c0015b3c,bike,18,,2026-08-29T06:27:45+00:00
7c588fc9-41db-49eb-b67b-daeaf3d310f9,ba1fa7b7-1ba1-4dcc-8cde-7e8038432e3d,0f5a54a5-351e-5ab1-8866-bd088eb5a6e3,iphone 15,0,,2026-08-12T09:28:57+00:00
d105339a-552f-466e-8aa4-b53891ae9498,2753b9cf-f012-477f-a3bd-b42bf9f50416,d06afedd-dfd6-529a-89dc-4556ede9f990,kitchen,2,842cea88-1f69-420c-ab47-2cd5ac467723,2026-08-30T10:59:16+00:00
6fe79fb5-16d9-4f93-8177-9946f14b32f1,fa25c85c-0248-4e34-b506-fd8f06ae788f,6af145a3-bd09-52ce-b2fb-03ccb7b77831,rice cooker,5,4006fe35-1353-45b0-b76e-308e0062c453,2026-08-12T22:21:12+00:00
10e67381-85cb-4c74-a41e-dd9008670ee7,f47c3631-ad35-4a80-9e65-e37d2e59dfa8,1bd731e4-1721-5c17-840d-35a1b3e9f020,kitchen,2,842cea88-1f69-420c-ab47-2cd5ac467723,2026-08-29T12:26:20+00:00
eb0f6072-ee84-4f79-bb0b-c790ab02521c,027d043a-ba48-4b3d-89e1-6c1b905deb5e,ccf16d8e-6b8b-5273-a218-a2460a44035e,mattress,39,,2026-09-02T10:19:21+00:00
457e655f-5716-46dc-bf33-c38b34803941,65124326-e038-4b17-b1d6-d9a5d33b8a2d,db90ab72-68e5-54fe-b710-dc4f65e2c38c,printer,0,,2026-09-01T21:53:08+00:00
2c7dfeb1-eda9-4afb-8252-a1ba2a121561,41634950-c72e-4702-8b26-c6a77c4be455,4b5bf64b-86e8-5859-8577-74f02d80ea50,kettle,13,2bf405c3-1cc7-40bb-b5ca-43f750ea42d0,2026-08-30T11:41:37+00:00
a7d33694-7bab-45b3-98bb-20e4ba9d3089,d39c20a8-8fd3-4fa9-945c-0b443b47eb0a,290c05f0-438f-5e7b-b615-873b3cd9f417,lamp,8,,2026-08-30T21:13:17+00:00
9d3ad8a5-a6db-4b6e-8a4d-87576870c301,0df640c9-0d2d-4b14-986d-e7651c61fdff,9e1a31dd-4558-54e0-9db2-c28f3456e6ff,ipad,18,,2026-08-30T12:31:38+00:00
6318769b-1277-4377-a131-92049be935c0,9300085f-066b-4529-b55a-d862cb79e450,eba5f39e-ec6b-5b48-a0f8-d300e9617b40,rice cooker,5,,2026-08-30T01:54:07+00:00
63f125c0-13d6-4d8f-a59a-0944c4c80a80,6aaa19f8-b45d-48d2-96cb-6432e67ca955,8468a4af-d139-54f6-a6e2-3c3724aec9a1,textbook,0,,2026-08-31T12:58:18+00:00
bdf5963d-c1b2-41d8-a323-d780f7f2f4ff,767863d3-745c-4089-a535-93af030d91ab,c5d46965-ba02-571b-8818-7ac10b66bf60,mini fridge,5,df494339-a0af-4af8-b065-29d7ae47f220,2026-08-30T07:52:14+00:00
7e85993a-8f4a-4694-89a7-cbd14aec7b6a,c112ea1d-a569-465d-950b-de9669ed8cb8,f5da1b39-968f-55de-9770-449956c7d9fd,textbook rental,0,,2026-08-29T21:41:26+00:00
fb45c4fe-b404-40a9-8509-5851a84de233,9300085f-066b-4529-b55a-d862cb79e450,eba5f39e-ec6b-5b48-a0f8-d300e9617b40,standing desk,15,,2026-08-30T01:57:32+00:00
6c74b097-3b8c-4e92-8f66-f840051d135b,36467fe6-e187-4f18-82e3-3298a11eaf2e,dcb4e86d-3c19-554c-a240-47e6c0015b3c,rice cooker,5,39ed1c42-83ef-4dc7-9b13-8c6b85440ec3,2026-08-29T06:31:56+00:00
72f8f16c-57a8-4447-9060-1c24a6ea1493,bd335a64-6c2f-4d90-b3fc-221c08d817f0,af0f3f29-48c2-514a-877b-045e478b5e98,airpods,3,606a700d-e16b-46d6-8e1e-c87ae80b6418,2026-09-02T00:08:55+00:00
12bbdd3c-dea5-45af-ad43-e3022b78e957,b4873cd1-b543-4232-ba4e-8dd873f8eef3,121e895c-f35e-525c-8e98-e40d8d0a3098,bookshelf,0,,2026-08-30T22:05:18+00:00
501cdb65-2f7a-4db6-a88b-219d478a59d7,efa9f68a-aad1-4e2f-8b03-0dfc7b7b5359,1d63b714-edf2-55b1-aa20-4208bcb31c2d,sofa,28,0289e8f6-4e80-4b25-a291-e4fd5b1a1d96,2026-09-01T03:23:59+00:00
f99d7ed8-fa7e-49e1-91da-91ebe62f477a,c112ea1d-a569-465d-950b-de9669ed8cb8,f5da1b39-968f-55de-9770-449956c7d9fd,vacuum,17,,2026-08-29T21:42:04+00:00
b175c35b-5804-4fec-b2e9-de3ef380a151,027d043a-ba48-4b3d-89e1-6c1b905deb5e,ccf16d8e-6b8b-5273-a218-a2460a44035e,boots,15,,2026-09-02T10:10:12+00:00
97fc73e7-37c7-49bb-a97c-578c5f385941,7e1555a1-9eff-4976-a527-3cab5d2d4357,ffefdcb9-f621-5920-8e86-91b2ddf9c212,office chair,0,,2026-08-31T07:23:00+00:00
f3080ea2-bb1e-4d1b-b719-511f7a7c448c,efa9f68a-aad1-4e2f-8b03-0dfc7b7b5359,1d63b714-edf2-55b1-aa20-4208bcb31c2d,guitar,0,,2026-09-01T03:18:09+00:00
2667f94a-f579-4f39-8662-9e7ff02d8085,02c1d507-009d-47f5-8e88-a3363b53d214,8fd30ac6-9826-545c-8319-79debb17d80a,lamp,8,,2026-08-29T22:40:08+00:00
e720be30-28b2-4d4b-9ef4-d6912f70403c,4f1cb3c6-4a88-475a-b5e5-f34f7bdaa2fc,f6476d54-3026-5281-834e-795f98bf1b44,corporate finance,15,721a9588-c4f4-457e-a19b-bf1ff17621ac,2026-08-27T17:14:40+00:00
1bb37863-a88f-4edf-8cab-119589e395cf,bd335a64-6c2f-4d90-b3fc-221c08d817f0,af0f3f29-48c2-514a-877b-045e478b5e98,bookshelf,0,,2026-09-01T23:54:37+00:00
930242b7-9ef6-43d7-9aba-70bf1a007a7c,67ff0ec2-d4f8-457e-9414-c4d5aebed4a0,b7404524-14d9-5118-9a6a-e5fdb30f87e0,sublet,0,,2026-08-30T17:15:18+00:00
4cdb5ff7-d7e5-414e-a334-e4809fc0e86b,fd440ddc-6659-432c-a78a-440d2b04a787,54d68022-8cff-536f-815a-444d4ebab4a3,rice cooker,5,,2026-08-31T13:21:17+00:00
67acdb0a-9f12-45d9-8a67-4daacd9fe74d,3c6efade-ce89-451c-8c2f-a8559830728a,8fb69e74-31b5-5a4c-ac47-fde5120754b2,kettle,13,,2026-09-01T10:08:12+00:00
cfd64003-0242-4057-a504-c1938b23d1e9,0d96e00f-74b3-437c-8105-b3ac48dba63d,f6bd52db-b104-5561-b08a-2ed82f0d1176,kitchen,2,883b5ea8-946f-465d-8564-18d51dd30bad,2026-09-01T08:48:52+00:00
a2a4dfe8-c227-4cd7-9634-9539da37a59f,093a360d-63cd-446f-8cc4-cceafcd033c5,de7c677b-79c3-57a2-b7aa-4b8ea0b77aa4,desk,83,c149ed63-25d1-476b-a65c-f907f915483d,2026-08-18T09:26:53+00:00
b3f4bce1-25d1-40ec-9e43-c5fbcefc105d,b4873cd1-b543-4232-ba4e-8dd873f8eef3,121e895c-f35e-525c-8e98-e40d8d0a3098,desk,83,,2026-08-30T22:02:19+00:00
b0368c75-fe1b-4eea-bf05-b96a6f816906,4ba80bba-ed9e-4988-b134-58c090db59c4,3fde3e7d-dbfb-5714-9ca6-b125e0aa3fca,vacuum,17,4b0db089-b073-4912-ab4e-e247d93d0a66,2026-09-01T19:06:16+00:00
a1a1c8f1-760e-4ee1-95c2-3bdf0719b713,40e1a270-cb12-440f-92a7-8242cf3a31f9,53f1cb6e-eab9-5385-8679-1b3dac4c2ac9,free,16,,2026-08-31T04:15:57+00:00
c207b9c6-a4da-4fa8-9ba7-0dfa1ddd80d8,00296b33-329f-46d8-9082-9b01bcadd0ad,5a4ada46-d231-5ec0-9799-cab51b5a75a9,kettle,13,4b000e1d-1ab8-4652-83cf-1ee6d412081c,2026-09-01T10:09:50+00:00
8f0560df-9533-4a77-a521-5cd8d4f6640f,c112ea1d-a569-465d-950b-de9669ed8cb8,f5da1b39-968f-55de-9770-449956c7d9fd,lamp,8,,2026-08-29T21:44:37+00:00
980de277-721e-4bc3-b723-22059335e31e,1e199245-14ca-432d-8a4f-6937c290bbe6,b57d2c62-46b0-562c-9f2b-2108ac4f5955,vacuum,17,0a1cacaf-75ca-40f4-9f58-1c0279a1778e,2026-09-01T01:19:09+00:00
a6c5c1df-ff1a-4e9a-98d5-37f83c881aa3,80ad647d-3885-4a0d-9e23-3ec3d764b406,5e9791ed-5ae8-5f09-8697-ef3e1cc79aab,mattress,39,,2026-08-31T03:08:32+00:00
cc1433c3-c98b-479d-86ab-3c36ba66a3c8,1e199245-14ca-432d-8a4f-6937c290bbe6,b57d2c62-46b0-562c-9f2b-2108ac4f5955,cat,0,,2026-09-01T01:19:42+00:00
fdd5866e-6429-45fd-a1cb-0bdedb344a25,1d4a19a6-83ef-48c9-a9fd-e6dc4b81c1a8,f115de6a-645c-5562-9264-acd383c017ac,ps5,0,,2026-09-01T15:50:09+00:00
3a145c2c-0f5c-4f2c-a564-65587cc038c3,bef562aa-7b99-4438-b976-0c3e350379ee,a3376341-7e7c-5b15-b900-3f4c3264d5d5,kettle,13,8dadf43b-c4ca-4ca3-9d38-e85a4b734759,2026-08-15T09:20:13+00:00
592e9afd-d4ad-4b5f-87ea-b0b0a4b2eb4a,38258031-d94a-45ed-9832-b991e6bedeb0,2c3211a7-41d6-52f2-aa23-6412b413fb92,monitor,17,,2026-08-31T19:53:19+00:00
00b55275-0f00-4250-9f5b-ecd888055c66,b3a19bd7-50cb-456c-b659-629d5699c870,e88a9e54-f903-5f5d-9dfa-0c01f6db4690,rice cooker,5,,2026-08-31T18:40:53+00:00
a32c39c5-c5a2-4547-8003-f388cf743987,88d19145-cd30-418a-b753-125eeb7c0dab,bdd3d7fa-c803-5666-b783-09cdf533b1a0,parka,2,,2026-08-30T21:17:53+00:00
7d2e2dc9-6e05-44da-ac64-e75e0d84d32f,1e199245-14ca-432d-8a4f-6937c290bbe6,b57d2c62-46b0-562c-9f2b-2108ac4f5955,bookshelf,0,,2026-09-01T01:16:13+00:00
a44da279-846b-41d8-b63f-f90b062be1ba,02c1d507-009d-47f5-8e88-a3363b53d214,1ef44fe6-4c31-58e1-8a81-0ad14059b9f0,parka,2,,2026-09-01T18:18:10+00:00
1bad8244-a4ec-4b05-9188-1f45d0307bda,7e1555a1-9eff-4976-a527-3cab5d2d4357,47541148-88c8-592d-9c45-e27075778002,printer,0,,2026-09-01T02:55:40+00:00
1e32f9d7-2dc7-4248-b0f3-11bf91de0ca5,a8d349ec-ecf2-43ca-8416-744ce695ec74,429b98e2-c0a1-56ab-803c-c077921ad215,textbook rental,0,,2026-09-01T02:20:44+00:00
8876353f-8aae-43b1-9503-f875635d3146,7c22f1d5-e68a-415d-bcc0-7329c8f196f6,489066d8-93cb-5498-be3e-d25e67165a17,iphone 15,0,,2026-09-01T10:28:34+00:00
c4e91e09-83fe-4ca1-87b6-d79c18c444c2,d6e6f00a-8127-4424-b395-a2b2c23cac41,b82a27b6-09cf-5872-8f4c-54097a520384,iphone 15,0,,2026-09-01T09:06:30+00:00
7584a346-e5b5-4f58-bae1-cb6941f5e4a4,ed0e2d10-4f67-4d49-90d7-e62e955882ea,17481f0d-9636-5457-a93f-aa57b15462ed,concert tickets,0,,2026-09-01T03:40:35+00:00
db692b5e-9432-436c-ae86-8872986f1d13,ae2baad0-8a1c-4eee-a2f9-37fb4761b29d,85d6e0c7-69f0-57af-82dd-1743b46fee57,printer,0,,2026-09-01T01:19:31+00:00
e8f00bdc-9c20-4777-ac7c-b6f5078b6be7,767863d3-745c-4089-a535-93af030d91ab,c5d46965-ba02-571b-8818-7ac10b66bf60,headphones,24,51b90a73-d2a5-4dc2-b039-6a29aa5a6043,2026-08-30T07:52:44+00:00
f91bf883-1b30-4b73-8fcf-c87d793206a4,895f3662-49e5-4f60-ad1f-538784bb1821,dccd42d3-883a-5fd4-bd66-d7c7451fa0a0,sublet,0,,2026-09-01T07:57:04+00:00
58e8b350-9d26-4bff-99ad-fb5cc29ecdfd,08690dde-8383-404c-bf9f-1d9d0663a380,4de5a0eb-ae5e-54ca-9e4e-02eb0303a8ff,printer,0,,2026-09-01T04:17:44+00:00
f83b2fb2-8949-41f3-b0c3-a4ce0c5a9a07,9300085f-066b-4529-b55a-d862cb79e450,eba5f39e-ec6b-5b48-a0f8-d300e9617b40,concert tickets,0,,2026-08-30T01:57:37+00:00
fd4f06db-db98-4714-b08a-9ac494b321ce,efa9f68a-aad1-4e2f-8b03-0dfc7b7b5359,1d63b714-edf2-55b1-aa20-4208bcb31c2d,guitar,0,,2026-09-01T03:23:13+00:00
8fb48604-4ca8-46fe-b7cb-76d06fc06789,d39c20a8-8fd3-4fa9-945c-0b443b47eb0a,85044e66-9aa6-5bb0-a798-dc4af79b0e3d,mattress,39,99dae577-36cc-413f-b6d4-4d4d5f12aeac,2026-09-01T22:14:41+00:00
bca214b7-2196-4d4b-bf61-7e1471abfb58,0df640c9-0d2d-4b14-986d-e7651c61fdff,18211f98-5fe6-588d-9762-2c7bef3e3636,lamp,8,,2026-08-31T19:30:24+00:00
ba9e92ff-638c-4dbc-a893-bf9387540e7b,cd32940a-5fc0-4eed-a218-8f6239b804ed,365f1aa4-b268-5220-aaff-da09a1b5baec,kitchen,2,883b5ea8-946f-465d-8564-18d51dd30bad,2026-09-01T17:12:30+00:00
8ec7e277-ae3e-47b2-bd46-cdf591f77f84,1e199245-14ca-432d-8a4f-6937c290bbe6,b57d2c62-46b0-562c-9f2b-2108ac4f5955,vacuum,17,,2026-09-01T01:21:59+00:00
8c473f53-f85f-4e59-b019-1cc48b44dd82,80ad647d-3885-4a0d-9e23-3ec3d764b406,5e9791ed-5ae8-5f09-8697-ef3e1cc79aab,yoga mat,8,,2026-08-31T03:05:27+00:00
78ec33f9-9016-41ec-86d2-b731a7dbee01,38258031-d94a-45ed-9832-b991e6bedeb0,2c3211a7-41d6-52f2-aa23-6412b413fb92,guitar,0,,2026-08-31T19:56:26+00:00
b17b0bf8-db85-4ea4-b2af-cc1cd14e6082,e9c95f9a-d91f-4855-9ded-2de4b6395421,723a1c3b-e7fa-5629-8303-90e07e9eafa5,office chair,0,,2026-08-31T11:16:55+00:00
558d8eef-656d-4cd2-a86e-45f1d29b5c81,d6e6f00a-8127-4424-b395-a2b2c23cac41,b82a27b6-09cf-5872-8f4c-54097a520384,iphone 15,0,,2026-09-01T09:00:45+00:00
93fbb0bb-3489-403f-b295-8cc20dd962b8,38258031-d94a-45ed-9832-b991e6bedeb0,2c3211a7-41d6-52f2-aa23-6412b413fb92,office chair,0,,2026-08-31T19:53:29+00:00
2ac38b9e-ba86-4003-b4ad-9a578b018e1f,fd440ddc-6659-432c-a78a-440d2b04a787,54d68022-8cff-536f-815a-444d4ebab4a3,lamp,8,,2026-08-31T13:22:16+00:00
6e5babda-521b-40b2-896b-a0bc109d57c6,19fc7123-30af-46f3-aecc-62b909090ab1,8104e958-13c0-5d00-b5c1-354e519fce91,ps5,0,,2026-09-01T04:03:08+00:00
0e54f97a-5972-44d9-99e0-5f3fb2e17b71,7c22f1d5-e68a-415d-bcc0-7329c8f196f6,489066d8-93cb-5498-be3e-d25e67165a17,coffee table,17,,2026-09-01T10:21:59+00:00
e8680b90-7cd3-49f6-b098-889101ba1b77,9300085f-066b-4529-b55a-d862cb79e450,eba5f39e-ec6b-5b48-a0f8-d300e9617b40,kettle,13,,2026-08-30T01:52:29+00:00
9906a9bb-86ca-4e65-bfc9-464fbae71824,1c41e1da-7272-4e26-9379-0b684eda11dc,21a8361f-600c-5239-9fe4-be73578e41f9,parka,2,6621b3ed-bc8e-48fc-8e44-33eb89a077fd,2026-09-01T13:04:25+00:00
abba7266-af17-4c9f-aac8-31bfca123796,fa65f23e-a8d7-4403-983c-d459dbeaa4cf,591b2d23-5bc0-5b15-bf80-3acded3fdf3d,textbook rental,0,,2026-09-01T10:16:12+00:00
0e2438dd-3432-44c1-9f64-6f6bad0a400e,771551c1-bc4e-45c7-b938-586e87c4c5ca,9f992d05-955d-56f9-8cdb-f18472929cf6,parka,2,,2026-09-01T19:19:51+00:00
1ac30d4c-c19c-4946-bc88-c73b95e9813e,6e0a545d-7359-4e4b-8579-a4726131d1bf,da7139a6-bbb7-5c71-9ee7-eed58a60ee7a,textbook,0,,2026-09-01T08:48:08+00:00
db212791-d460-4378-af57-bb5a14baee04,b4873cd1-b543-4232-ba4e-8dd873f8eef3,121e895c-f35e-525c-8e98-e40d8d0a3098,standing desk,15,,2026-08-30T22:13:01+00:00
6d60eb8c-e88b-45a7-a090-e89a5c29d7fb,19fc7123-30af-46f3-aecc-62b909090ab1,8104e958-13c0-5d00-b5c1-354e519fce91,free,16,,2026-09-01T04:03:33+00:00
459a2241-289d-4bd3-acc6-e9545f583df9,e5568dbb-54b7-42d1-9092-361343b75252,1525bdc8-ae8a-5faf-ac51-a3cea5e9f6d5,laptop,2,c8f837d8-1ae3-482c-b2a6-4ca0393af822,2026-09-01T07:42:04+00:00
2c534297-3844-4d6b-9faf-94fa4ba157cc,7926d7b2-835c-4a6f-bf2f-3e38d4db3419,405713b7-aad4-5b2c-8416-dfbd8870cb08,free,16,,2026-09-01T04:05:10+00:00
4888b476-e979-4393-9024-390c785ba562,1850c828-72bd-492a-b341-4de82bdbe30e,6bb08ba2-3eec-5250-a37e-70fa7f546198,concert tickets,0,,2026-09-01T06:21:00+00:00
663b38ca-7f33-4fc9-a695-537bf45d0781,67ff0ec2-d4f8-457e-9414-c4d5aebed4a0,b7404524-14d9-5118-9a6a-e5fdb30f87e0,sofa,28,,2026-08-30T17:20:40+00:00
e02d77ba-f7f5-438c-9f96-c8f411cccd2c,2f332f44-a56f-479b-9cbc-e26f7dbb675c,65acbdb7-e4a9-53ab-8c32-3219bc2613eb,concert tickets,0,,2026-09-01T21:02:08+00:00
a453b56c-6d41-48aa-90b5-6fa92ad3bf88,aecd8b7b-3750-4508-a0fb-e02d38d0a892,98fbac25-ebc0-50d2-923b-8ded4b715d22,ikea desk,0,,2026-09-01T20:04:21+00:00
e8617d4c-bd5e-4882-bb1f-aaf718fdf8ce,48372e75-8ad1-4f90-80e0-21ebb45ef8c6,c079014f-4803-51fe-a5a9-9771c3b095c0,kettle,13,,2026-09-01T08:53:48+00:00
257ce994-5c5f-4453-99bf-00da5fa0e5be,2753b9cf-f012-477f-a3bd-b42bf9f50416,14d83d14-5732-5d91-88e0-6aba757a5787,office chair,0,,2026-09-01T05:53:45+00:00
d87e0658-4fc1-4c20-b7f6-e79ee7c74ffa,38258031-d94a-45ed-9832-b991e6bedeb0,2c3211a7-41d6-52f2-aa23-6412b413fb92,headphones,24,,2026-08-31T20:06:52+00:00
89cb6ccc-cab4-4f7a-ad75-5a0b14ae18cf,02c1d507-009d-47f5-8e88-a3363b53d214,1ef44fe6-4c31-58e1-8a81-0ad14059b9f0,lamp,8,356d8df8-dd69-4f7d-a87e-0c7d8c5cfd6c,2026-09-01T18:19:35+00:00
4d7bbe40-7a31-403d-b9b3-cf610da6e3ed,fa65f23e-a8d7-4403-983c-d459dbeaa4cf,591b2d23-5bc0-5b15-bf80-3acded3fdf3d,boots,15,,2026-09-01T10:28:23+00:00
2385500a-e3d0-42f2-9f67-fe7755844a5d,7c22f1d5-e68a-415d-bcc0-7329c8f196f6,489066d8-93cb-5498-be3e-d25e67165a17,mini fridge,5,,2026-09-01T10:23:28+00:00
832c9192-9fa6-49bd-99c1-a5610881cc78,2f332f44-a56f-479b-9cbc-e26f7dbb675c,65acbdb7-e4a9-53ab-8c32-3219bc2613eb,mattress,39,90cd19aa-5285-423a-afed-01ee290ae9ea,2026-09-01T21:11:15+00:00
0895f43a-3fa5-48df-9890-7dd2c48d999c,35909fc4-d643-4054-9b66-43b56d0b1503,87207d6e-021a-5808-acd1-3794d03d200a,desk,83,8b4e1977-7a48-4726-81c5-3ef4f4ae7f12,2026-09-02T02:37:23+00:00
83c050e4-cd1a-43e5-9c5d-548b6619699e,2df61165-3c73-4cdc-97da-c7f751c6c64c,cc76addd-f3fe-5b37-b935-367290e92058,office chair,0,,2026-09-01T08:19:54+00:00
cc8b2fc4-a972-4394-b7df-fb597dd8006a,81410240-aeb0-4d7e-91b2-df0ec83a5d46,f5860de9-5f3c-51be-822a-ba61f1eee9cf,sofa,28,,2026-08-31T12:15:01+00:00
2b2f1c34-68e6-4603-a26e-edccf965002a,38258031-d94a-45ed-9832-b991e6bedeb0,2c3211a7-41d6-52f2-aa23-6412b413fb92,rice cooker,5,,2026-08-31T20:07:14+00:00
93467658-7181-410b-8787-7bc2c905d1a5,35909fc4-d643-4054-9b66-43b56d0b1503,87207d6e-021a-5808-acd1-3794d03d200a,parka,2,,2026-09-02T02:44:09+00:00
2c4ac784-7d13-417b-b266-9e5dd926a356,ed0e2d10-4f67-4d49-90d7-e62e955882ea,17481f0d-9636-5457-a93f-aa57b15462ed,desk,83,,2026-09-01T03:29:56+00:00
1dda61aa-c0d0-4809-9544-e91478793494,1c41e1da-7272-4e26-9379-0b684eda11dc,21a8361f-600c-5239-9fe4-be73578e41f9,kitchen,2,,2026-09-01T12:55:05+00:00
b2c6e78d-c429-45f0-a332-fbfe52d6ac23,56a1a0bc-0c49-4321-936f-fc7cfc17d80d,acd06650-92f7-5461-b2d5-299cc7440216,kettle,13,,2026-09-01T03:52:59+00:00
8726b0f8-46cf-4533-bd98-5fad0669117c,a8d349ec-ecf2-43ca-8416-744ce695ec74,429b98e2-c0a1-56ab-803c-c077921ad215,laptop,2,,2026-09-01T02:19:38+00:00
602e96e9-4ed7-40bc-bfc7-41941c1fa815,65124326-e038-4b17-b1d6-d9a5d33b8a2d,db90ab72-68e5-54fe-b710-dc4f65e2c38c,headphones,24,7567b84b-1c34-4c99-9577-a37908f89fc2,2026-09-01T21:42:29+00:00
78c18f0f-d9fa-490c-a12b-25efaed42b9e,3a27d358-8853-4b53-9ab3-2fa96ae5ee12,82d32e4c-3166-51d6-8f69-63eb64b8e9de,ipad,18,,2026-09-01T08:02:23+00:00
757a517f-75fe-49a8-a2a5-825b7ecdabe1,c76f1c0b-bf00-4af7-84b8-6ec1e8252901,296157c5-d8e5-57db-ae4a-16c488010f04,ipad,18,,2026-08-16T10:23:40+00:00
42e3b0b2-1812-4eb0-9a5d-8c965886017e,e9c95f9a-d91f-4855-9ded-2de4b6395421,723a1c3b-e7fa-5629-8303-90e07e9eafa5,apartment,0,,2026-08-31T11:17:47+00:00
6b65b19d-a857-419c-a579-160100501c82,bd335a64-6c2f-4d90-b3fc-221c08d817f0,af0f3f29-48c2-514a-877b-045e478b5e98,ikea desk,0,,2026-09-02T00:05:51+00:00
a074d7b1-951a-4df3-be37-cb58c0ed16ea,1850c828-72bd-492a-b341-4de82bdbe30e,a1267730-290a-5420-841d-46c1e6e155c8,free,16,ab5b2f54-0e5f-4227-a1d9-274962ad55b1,2026-09-01T11:37:22+00:00
80a7edee-4ad8-474d-ae4e-580fae1c31e0,d39c20a8-8fd3-4fa9-945c-0b443b47eb0a,85044e66-9aa6-5bb0-a798-dc4af79b0e3d,dresser,25,89186ff9-17df-43c2-b3a2-705cedad16ed,2026-09-01T22:18:29+00:00
63a30006-e68c-416c-a348-3a2225f2010f,7c22f1d5-e68a-415d-bcc0-7329c8f196f6,489066d8-93cb-5498-be3e-d25e67165a17,sublet,0,,2026-09-01T10:31:49+00:00
ab062ed9-dedf-4bd1-a4a7-587dc5e1e4cb,2753b9cf-f012-477f-a3bd-b42bf9f50416,14d83d14-5732-5d91-88e0-6aba757a5787,mattress,39,,2026-09-01T05:51:53+00:00
32b4caec-6ab6-4ff7-9962-25eba8e6047c,38258031-d94a-45ed-9832-b991e6bedeb0,2c3211a7-41d6-52f2-aa23-6412b413fb92,free,16,,2026-08-31T20:01:42+00:00
5df23ec6-b971-4c08-9633-6ce2802030c7,cd32940a-5fc0-4eed-a218-8f6239b804ed,365f1aa4-b268-5220-aaff-da09a1b5baec,monitor,17,0ad291e9-0907-4dca-95b4-4ded62904c6a,2026-09-01T17:13:37+00:00
d7606b82-7a11-4e9a-850d-d21392d8cc99,2753b9cf-f012-477f-a3bd-b42bf9f50416,14d83d14-5732-5d91-88e0-6aba757a5787,mattress,39,46ea777a-c2ce-4f54-bb5a-21bab386d3db,2026-09-01T05:43:09+00:00
d995a04f-a406-4f6f-9338-b845081c757b,f965e2e1-14e1-441b-bd2e-db6def83457a,bea03161-3725-5e19-a546-8aa0f8c70a53,cat,0,,2026-08-09T06:34:13+00:00
96d61734-d719-4c7d-9b62-a1052253c458,19fc7123-30af-46f3-aecc-62b909090ab1,8104e958-13c0-5d00-b5c1-354e519fce91,bike,18,009c80a9-a0c8-464d-a874-4485b182c204,2026-09-01T04:09:24+00:00
619ddb43-10a6-49d3-bd64-e53a6ef08abd,82950a73-458f-4649-aaaa-6363035935cf,54ab9d18-81ea-5eb4-9ec3-f63a6806ff0d,desk,83,,2026-09-01T20:26:44+00:00
d1962424-f7d2-4914-874d-dbadeb0bd51c,08690dde-8383-404c-bf9f-1d9d0663a380,a82b4789-a59d-5d62-9f5d-0839a66b7913,headphones,24,,2026-09-01T10:17:22+00:00
404ed6cf-10c6-43ec-83e8-e49f8b619399,ae2baad0-8a1c-4eee-a2f9-37fb4761b29d,18f3c799-0273-5041-93d6-3195d7409988,corporate finance,15,81da6073-3278-480b-b86f-50eee25b9b7b,2026-09-01T19:13:07+00:00
5bfade19-1398-41dc-ad06-749922027405,65124326-e038-4b17-b1d6-d9a5d33b8a2d,db90ab72-68e5-54fe-b710-dc4f65e2c38c,office chair,0,,2026-09-01T21:46:02+00:00
ebf12ef5-c4be-40c4-be05-0373218f1a60,b4873cd1-b543-4232-ba4e-8dd873f8eef3,121e895c-f35e-525c-8e98-e40d8d0a3098,sofa,28,,2026-08-30T22:07:21+00:00
f28a3087-80b1-4a3e-8a60-a0c4b523d531,82950a73-458f-4649-aaaa-6363035935cf,54ab9d18-81ea-5eb4-9ec3-f63a6806ff0d,microwave,4,,2026-09-01T20:17:57+00:00
b248d58a-99a5-4952-bc98-5a3b58ad7854,d6e6f00a-8127-4424-b395-a2b2c23cac41,b86634f2-148d-524e-a1ee-484caa0d9fe2,bike,18,,2026-09-01T11:35:16+00:00
304265bb-c559-45af-b138-a6c566aee639,800cb3cb-ff3e-4e67-aa78-d084be9ab0b9,9056b7a9-0db5-5105-8f8b-4d19ddcc3c42,guitar,0,,2026-08-30T08:51:13+00:00
a1c10355-f1d6-4801-b381-529a50dd70ab,1d4a19a6-83ef-48c9-a9fd-e6dc4b81c1a8,f115de6a-645c-5562-9264-acd383c017ac,cat,0,,2026-09-01T15:51:12+00:00
25bb1b0a-723e-4b4d-91a8-a9eb01430e9a,0209100d-8ff5-4765-ac79-0e73e4267e70,e7efe44e-9c2b-5c83-8851-b66c06e0838a,microwave,4,,2026-08-30T13:58:26+00:00
1cf770c4-435d-4fc9-b3b2-45a58059d8c5,82950a73-458f-4649-aaaa-6363035935cf,54ab9d18-81ea-5eb4-9ec3-f63a6806ff0d,kitchen,2,842cea88-1f69-420c-ab47-2cd5ac467723,2026-09-01T20:20:24+00:00
03f0da6c-26d6-4270-89f6-f7c39edbc64e,cd32940a-5fc0-4eed-a218-8f6239b804ed,365f1aa4-b268-5220-aaff-da09a1b5baec,vacuum,17,,2026-09-01T17:12:55+00:00
986f2ea6-b91a-4a99-bc58-d0bb1e3a9cba,e5568dbb-54b7-42d1-9092-361343b75252,85c84f84-9139-5c72-8962-3c6f2d9e2098,mattress,39,,2026-09-01T21:22:59+00:00
0f405803-b3aa-4ae5-beaa-417c14fecfb1,fd440ddc-6659-432c-a78a-440d2b04a787,4dc6ecb3-4aa7-5928-be6c-4c4d4ba4624b,coffee table,17,,2026-09-01T15:15:11+00:00
d1c6c095-3b7f-4805-bfc8-82d8da10fa6d,0d96e00f-74b3-437c-8105-b3ac48dba63d,f6bd52db-b104-5561-b08a-2ed82f0d1176,desk,83,712ef962-5cb2-4067-890a-4d2ebc88829b,2026-09-01T08:31:57+00:00
c0f0bfe6-ba1f-45bb-9b99-21ba3be14078,493ffd20-37d7-47e0-990e-d4314059250b,35942a51-cdc9-5957-b9be-a9a27b8df4a5,guitar,0,,2026-09-02T03:10:31+00:00
b92fa7ce-691f-4af5-9637-99ca783caf11,80ad647d-3885-4a0d-9e23-3ec3d764b406,5e9791ed-5ae8-5f09-8697-ef3e1cc79aab,vacuum,17,5cb4c3ac-321a-420a-b561-c2d26e880bb1,2026-08-31T03:05:10+00:00
004d6a82-165b-4035-a301-6e53d73ca1bb,7c22f1d5-e68a-415d-bcc0-7329c8f196f6,f5ba9ae9-b8eb-531d-8b04-18f25d831868,bookshelf,0,,2026-09-01T13:27:12+00:00
4a519362-474d-4a49-afee-eb8c3198dcb3,3d01547c-87d0-44c9-b3a5-f6ea5d9a2e9b,306d8a21-64a5-598d-933f-89df34c7448e,airpods max,0,,2026-09-02T03:35:38+00:00
e64888d5-24be-4cbc-8573-63b1b72ea35b,7021be8d-4ddb-4f21-81d4-43ec6a29d9e0,603b3463-3c1f-5810-ad92-d956773e2554,headphones,24,111acafd-109e-48af-92b3-ffa3926d74e6,2026-09-02T00:19:57+00:00
e9d813cf-2da2-40df-98f2-5def12bf1c7f,aecd8b7b-3750-4508-a0fb-e02d38d0a892,98fbac25-ebc0-50d2-923b-8ded4b715d22,ipad,18,eda46f92-1199-410d-aac6-bd911cb65070,2026-09-01T19:57:24+00:00
b4e8d91e-7298-4392-b121-32f053443d1d,65124326-e038-4b17-b1d6-d9a5d33b8a2d,db90ab72-68e5-54fe-b710-dc4f65e2c38c,apartment,0,,2026-09-01T21:55:50+00:00
8168d79a-d626-4a24-82a7-bba7b1b216b3,1d4a19a6-83ef-48c9-a9fd-e6dc4b81c1a8,f115de6a-645c-5562-9264-acd383c017ac,mini fridge,5,,2026-09-01T16:00:44+00:00
c3b67f29-6909-4fab-aadd-53e53fbf9aa9,38a49d66-48fd-40a7-a3f2-1b14bfcba13c,f53625ca-40a8-5bc2-8613-c3f205142ebf,parka,2,,2026-09-01T09:12:35+00:00
12bdd9cd-8404-4841-a891-f9524452c135,b59e680d-6db2-4ba1-8c2a-16a598321800,6726ec47-448f-52e0-b3dd-aaae563e6a3d,textbook rental,0,,2026-09-01T11:34:31+00:00
0a03b2a4-eb8d-432d-9cd5-70985f4b897b,e5568dbb-54b7-42d1-9092-361343b75252,85c84f84-9139-5c72-8962-3c6f2d9e2098,office chair,0,,2026-09-01T21:09:17+00:00
b3525ebb-b5fb-451d-9f7b-d3f179a59545,1d4a19a6-83ef-48c9-a9fd-e6dc4b81c1a8,f115de6a-645c-5562-9264-acd383c017ac,printer,0,,2026-09-01T15:57:08+00:00
6d8d2abc-d1ca-48ff-a999-65cf6ab3ba44,49ce980a-6ef3-4713-810e-0893158d224c,0fe8ee5b-a40c-5bdf-a33f-2cf110464782,parka,2,,2026-09-01T15:58:24+00:00
a150163a-6f97-4c63-a3f7-11719aa3c6ac,02c1d507-009d-47f5-8e88-a3363b53d214,1ef44fe6-4c31-58e1-8a81-0ad14059b9f0,laptop,2,c837e9d4-2f2b-4ddb-b418-5aeace9f4e22,2026-09-01T18:18:29+00:00
5c5dc751-fb19-47d9-b9ed-8d3e3b646021,3d01547c-87d0-44c9-b3a5-f6ea5d9a2e9b,306d8a21-64a5-598d-933f-89df34c7448e,mattress,39,,2026-09-02T03:31:55+00:00
c330c34f-b519-4542-a67c-44cd62934408,d39c20a8-8fd3-4fa9-945c-0b443b47eb0a,85044e66-9aa6-5bb0-a798-dc4af79b0e3d,airpods,3,,2026-09-01T22:20:25+00:00
6951845e-1794-493b-b9d8-910e9c91bacf,49ce980a-6ef3-4713-810e-0893158d224c,0fe8ee5b-a40c-5bdf-a33f-2cf110464782,coffee table,17,152e377e-0c97-4ea2-bacc-90ad6f86724a,2026-09-01T16:06:07+00:00
180caff4-f8d7-481e-a0f0-3820ad161b7e,15565b9f-ea60-4c29-aba6-7b4ff016eb2d,ac6e4d75-ad85-5d94-be32-7adf41e1acb5,airpods,3,,2026-09-01T07:23:31+00:00
f83d62f9-8913-4a5c-89d4-d8ffb0e0f995,e5568dbb-54b7-42d1-9092-361343b75252,85c84f84-9139-5c72-8962-3c6f2d9e2098,free,16,5813da0c-612c-4a60-b948-6557f780b175,2026-09-01T21:18:10+00:00
f5f5bdb9-b0fe-4eac-9787-f6a271a350a0,d6e6f00a-8127-4424-b395-a2b2c23cac41,b86634f2-148d-524e-a1ee-484caa0d9fe2,vacuum,17,,2026-09-01T11:34:43+00:00
5026174a-28f4-4dae-b08c-861277ccb65c,08690dde-8383-404c-bf9f-1d9d0663a380,a82b4789-a59d-5d62-9f5d-0839a66b7913,microwave,4,,2026-09-01T10:23:43+00:00
2c45d57d-2e5d-4ffa-852f-0a61060c093c,16a5e102-25e6-4b46-9d06-422d559d57d9,f2497e25-c6c1-5e59-bce5-7078b692eab6,standing desk,15,e3782f47-3eb7-4e7e-a42e-d0c807c101a6,2026-08-30T21:57:05+00:00
5970e69e-98db-4ecf-a19c-80c27d1c30cb,c261cd64-6d17-4b14-a4b7-bbf0aee8987d,4bfeb555-18c6-540b-8db4-b5c13ba31dc5,car,27,,2026-09-02T12:47:02+00:00
270b8ed0-ece5-4380-96ce-489ffc21956b,800cb3cb-ff3e-4e67-aa78-d084be9ab0b9,9056b7a9-0db5-5105-8f8b-4d19ddcc3c42,vacuum,17,,2026-08-30T08:56:26+00:00
8909ba5e-54fb-4926-b700-ebf349b0e0bc,e9c95f9a-d91f-4855-9ded-2de4b6395421,723a1c3b-e7fa-5629-8303-90e07e9eafa5,cat,0,,2026-08-31T11:12:42+00:00
9e945e77-53f7-48ff-b4f6-79433445cd1d,40e1a270-cb12-440f-92a7-8242cf3a31f9,53f1cb6e-eab9-5385-8679-1b3dac4c2ac9,rice cooker,5,,2026-08-31T04:07:25+00:00
82e452af-8e16-471b-8b55-1255ddc882d8,493ffd20-37d7-47e0-990e-d4314059250b,35942a51-cdc9-5957-b9be-a9a27b8df4a5,vacuum,17,,2026-09-02T02:58:00+00:00
7209da48-737c-4e0f-a8e4-7a6241508421,08690dde-8383-404c-bf9f-1d9d0663a380,a82b4789-a59d-5d62-9f5d-0839a66b7913,winter coat,0,,2026-09-01T10:23:01+00:00
983d3c38-a2cf-41c4-9a73-81c015b81963,3c6efade-ce89-451c-8c2f-a8559830728a,8fb69e74-31b5-5a4c-ac47-fde5120754b2,textbook,0,,2026-09-01T10:00:38+00:00
74e7bfb7-e080-4d7b-a933-848fe8ac3f79,7021be8d-4ddb-4f21-81d4-43ec6a29d9e0,603b3463-3c1f-5810-ad92-d956773e2554,kitchen,2,842cea88-1f69-420c-ab47-2cd5ac467723,2026-09-02T00:17:00+00:00
f08bdf3f-90c8-4b71-9432-dbffbd79762a,21188a11-778e-41e0-bbc0-a9fcde0ae711,3d103f20-0db4-53d3-9608-0da4f5d85572,textbook,0,,2026-09-02T07:52:04+00:00
3f47e24c-f3c4-4e2b-8e02-4e729b41592c,48372e75-8ad1-4f90-80e0-21ebb45ef8c6,d09fccaf-d42d-55c3-9ffc-461abc13e3a0,kettle,13,,2026-09-01T19:39:27+00:00
a0c8d5cb-d282-44ee-80c8-3d3d99767c8e,413fdd84-c011-477e-b8e0-3048a236c228,cdbc3b89-d519-5a5f-bd4f-40263e1eb185,laptop,2,,2026-09-02T15:49:12+00:00
08c5f249-7f10-4ea1-ad2b-9711a042c9a7,67ff0ec2-d4f8-457e-9414-c4d5aebed4a0,b7404524-14d9-5118-9a6a-e5fdb30f87e0,coffee table,17,b080bc8b-32e0-478b-a88e-0578c64791d9,2026-08-30T17:06:58+00:00
1bccb31b-e000-4551-8574-3e3e91f3a5fd,cd32940a-5fc0-4eed-a218-8f6239b804ed,365f1aa4-b268-5220-aaff-da09a1b5baec,lamp,8,9452e227-fa98-4d50-a087-ca46ee33c27e,2026-09-01T17:16:28+00:00
64ac4567-988d-42ca-9d28-979d1a55ecc0,eee7dc3e-420f-4335-ac67-80899138e592,f3cca60d-7973-558f-9908-de4eca41c6cc,parka,2,,2026-08-31T07:49:40+00:00
9e0399ab-9ddd-4f78-a5b0-c6d537fe360d,38258031-d94a-45ed-9832-b991e6bedeb0,a7eb6b88-9433-5c1b-91c4-45c3f9b7a54f,ikea desk,0,,2026-09-02T12:20:36+00:00
9711d324-21b1-4bc1-9773-a02a941bc5e7,455c0e52-3711-4ae9-b759-518f8656d267,80e03411-1b7e-5471-8d3c-0d013316de95,airpods max,0,,2026-09-01T18:09:25+00:00
bbbb182c-f562-417d-b046-07772fa54c07,413fdd84-c011-477e-b8e0-3048a236c228,cdbc3b89-d519-5a5f-bd4f-40263e1eb185,microwave,4,,2026-09-02T15:52:35+00:00
a853f963-a352-443d-85e7-820ef891e14c,3d01547c-87d0-44c9-b3a5-f6ea5d9a2e9b,306d8a21-64a5-598d-933f-89df34c7448e,kettle,13,8dadf43b-c4ca-4ca3-9d38-e85a4b734759,2026-09-02T03:42:33+00:00
4e3da80c-50c3-4112-8dde-491c36a5dade,8d5b08cd-a9b3-424d-b178-65d65f5998af,82caddef-8d18-5f4c-867b-0523fbd9ce6d,desk,83,,2026-09-01T03:42:51+00:00
b9ffe6a9-bb3d-4daa-b99e-3403839dadd6,00296b33-329f-46d8-9082-9b01bcadd0ad,5a4ada46-d231-5ec0-9799-cab51b5a75a9,rice cooker,5,39ed1c42-83ef-4dc7-9b13-8c6b85440ec3,2026-09-01T10:08:29+00:00
0401dbb7-b376-44f2-abd3-6c4ab928d750,3d01547c-87d0-44c9-b3a5-f6ea5d9a2e9b,306d8a21-64a5-598d-933f-89df34c7448e,kettle,13,,2026-09-02T03:33:44+00:00
c3bb7c4f-51de-4fe2-85b3-f90ce11b5288,56a1a0bc-0c49-4321-936f-fc7cfc17d80d,acd06650-92f7-5461-b2d5-299cc7440216,bookshelf,0,,2026-09-01T03:51:58+00:00
c3e4a1b5-08c8-466e-ab8b-d60573e9f7d7,38258031-d94a-45ed-9832-b991e6bedeb0,a7eb6b88-9433-5c1b-91c4-45c3f9b7a54f,standing desk,15,,2026-09-02T12:20:30+00:00
53d01e8c-0652-42e8-91e5-4d8fcb3299a6,02c1d507-009d-47f5-8e88-a3363b53d214,1ef44fe6-4c31-58e1-8a81-0ad14059b9f0,car,27,,2026-09-01T18:26:28+00:00
3aa0ac39-798b-408e-9cde-03406dfb6e73,73ba0cc9-b965-4bee-abba-983dac988737,43279aff-8e8e-593d-941d-b27eba39780d,mattress,39,,2026-09-02T02:50:18+00:00
3119047f-3839-47e9-b78f-7fb84c5bbf54,3d01547c-87d0-44c9-b3a5-f6ea5d9a2e9b,306d8a21-64a5-598d-933f-89df34c7448e,rice cooker,5,,2026-09-02T03:42:00+00:00
d604724e-a147-45e7-bdad-4ea5c294ddb5,49ce980a-6ef3-4713-810e-0893158d224c,0fe8ee5b-a40c-5bdf-a33f-2cf110464782,office chair,0,,2026-09-01T16:03:28+00:00
e36410f5-ad59-4744-85a0-0c3027dd1dc0,fd440ddc-6659-432c-a78a-440d2b04a787,4dc6ecb3-4aa7-5928-be6c-4c4d4ba4624b,free,16,,2026-09-01T15:16:53+00:00
7726d635-f054-43e1-a968-e21c77679744,2290fc6a-058b-4106-953c-82c4bb71b745,fcbeef02-99a9-593f-96bf-fd430fb190b8,ipad,18,,2026-09-01T00:58:39+00:00
699f51e6-0ea1-473d-b54c-12b7d509976b,fa65f23e-a8d7-4403-983c-d459dbeaa4cf,591b2d23-5bc0-5b15-bf80-3acded3fdf3d,kettle,13,8dadf43b-c4ca-4ca3-9d38-e85a4b734759,2026-09-01T10:28:34+00:00
2f202c6b-3910-4b11-9766-489a8e866dc5,1d4a19a6-83ef-48c9-a9fd-e6dc4b81c1a8,79d154e7-5e57-5e27-9dd1-ead2e2f6ee8e,rice cooker,5,,2026-09-02T14:51:21+00:00
234d55ba-8521-4dc5-b934-939e3feea7b8,fd440ddc-6659-432c-a78a-440d2b04a787,4dc6ecb3-4aa7-5928-be6c-4c4d4ba4624b,airpods max,0,,2026-09-01T15:27:23+00:00
e6692cf5-07fd-4a8f-bb26-9220daa25fd0,00296b33-329f-46d8-9082-9b01bcadd0ad,5a4ada46-d231-5ec0-9799-cab51b5a75a9,kitchen,2,883b5ea8-946f-465d-8564-18d51dd30bad,2026-09-01T10:11:58+00:00
cc2b9d01-446b-40f8-8a18-bba08494b75c,c261cd64-6d17-4b14-a4b7-bbf0aee8987d,4bfeb555-18c6-540b-8db4-b5c13ba31dc5,printer,0,,2026-09-02T12:38:24+00:00
563f48e9-8c51-4573-be55-58caf2543fd6,2290fc6a-058b-4106-953c-82c4bb71b745,fcbeef02-99a9-593f-96bf-fd430fb190b8,parka,2,,2026-09-01T00:55:30+00:00
d7fe164e-d11b-4cc4-add5-8522ab6dd783,093a360d-63cd-446f-8cc4-cceafcd033c5,de7c677b-79c3-57a2-b7aa-4b8ea0b77aa4,ikea desk,0,,2026-08-18T09:17:50+00:00
86b21ea6-9e1b-4804-b4f2-2287081a17fc,3d01547c-87d0-44c9-b3a5-f6ea5d9a2e9b,306d8a21-64a5-598d-933f-89df34c7448e,bike,18,0e9ad9de-1217-4125-8cae-e8b0552d328e,2026-09-02T03:30:48+00:00
112ee0ad-22c4-45c3-9846-62593d37c88c,1d4a19a6-83ef-48c9-a9fd-e6dc4b81c1a8,79d154e7-5e57-5e27-9dd1-ead2e2f6ee8e,headphones,24,,2026-09-02T14:49:55+00:00
981fbe39-0a6b-4e36-b395-ac0f078b915d,af26e6af-f119-4246-ae97-0fc783273d09,f74f3862-4e44-5fd9-81b8-e89064bc2fdf,ipad,18,,2026-09-01T21:11:38+00:00
79062c6e-fa46-4e6b-a6dd-b05dac800865,2f70822c-8cca-48d5-9ad9-a73d5c2e5dda,547a359c-1cc2-58dc-af10-513622f287ec,microwave,4,,2026-09-02T07:03:47+00:00
4f1ecc1e-f0eb-4e80-8f7b-a407a55d5d93,f4e93743-2c34-4e9d-8f45-801d88c1250a,a2f57f0c-6b78-57bc-8986-ae689a4d4a93,iphone 15,0,,2026-09-01T09:35:36+00:00
cf166023-3cdd-4c53-a9cb-0dff056da9bd,c261cd64-6d17-4b14-a4b7-bbf0aee8987d,4bfeb555-18c6-540b-8db4-b5c13ba31dc5,corporate finance,15,,2026-09-02T12:44:09+00:00
018bcdc8-6d47-4ea5-8434-14233d440ec3,80ad647d-3885-4a0d-9e23-3ec3d764b406,5e9791ed-5ae8-5f09-8697-ef3e1cc79aab,guitar,0,,2026-08-31T02:56:41+00:00
82566eb4-f40f-4912-bf4c-593e34374cb3,b59e680d-6db2-4ba1-8c2a-16a598321800,6726ec47-448f-52e0-b3dd-aaae563e6a3d,headphones,24,,2026-09-01T11:30:10+00:00
bb71bf9c-2192-4a50-ac05-c6dfe38095db,6aaa19f8-b45d-48d2-96cb-6432e67ca955,3e771f3e-495a-5bf9-a7f6-e4ee6d3ba554,sofa,28,17b4cd07-243b-4297-8257-78838308dbe9,2026-09-02T01:30:43+00:00
cc43398c-e16f-468d-a2af-69685efb4ef8,ca854a1f-19b2-421c-9eef-32da371efdb6,3f12d4ee-0580-5c18-8983-bcceb4e12ac2,airpods,3,,2026-09-02T07:47:09+00:00
10b96e11-79f9-426d-beb7-30d055ee3402,41634950-c72e-4702-8b26-c6a77c4be455,4b5bf64b-86e8-5859-8577-74f02d80ea50,sofa,28,,2026-08-30T11:33:41+00:00
5378452b-a759-4cae-8e33-b18640ebb980,0b16d91b-d9b4-4c10-a8ae-22b157e61c15,52310dc0-39db-50b2-87b3-f17058e9a2c0,concert tickets,0,,2026-09-02T08:34:15+00:00
f7b44553-2550-4a89-8036-76fc3dd643bd,d9d5009b-8473-435d-91be-6bcb17ddb763,b43b397d-158d-54c2-afb1-a953c8b37c7d,sofa,28,beb1905f-7c6e-46ed-bbc1-f0bc0bfa38c3,2026-09-02T08:37:40+00:00
e3698cc5-f729-43ed-833e-568dfa04c385,ca854a1f-19b2-421c-9eef-32da371efdb6,ad5b7f3f-3436-51cf-8f06-58d66ec2a0a5,vacuum,17,,2026-09-02T09:26:12+00:00
9417fa0a-1f05-44ab-8fce-b282032a6409,895f3662-49e5-4f60-ad1f-538784bb1821,dccd42d3-883a-5fd4-bd66-d7c7451fa0a0,airpods,3,606a700d-e16b-46d6-8e1e-c87ae80b6418,2026-09-01T07:50:25+00:00
8683bc1d-6844-4899-a5cc-d10cf1096afd,1c41e1da-7272-4e26-9379-0b684eda11dc,21a8361f-600c-5239-9fe4-be73578e41f9,mini fridge,5,71a0699f-669a-434e-ac77-c3b9da9705ca,2026-09-01T12:47:27+00:00
ffc28aaa-c89f-4308-aa29-1d204598ee1c,771551c1-bc4e-45c7-b938-586e87c4c5ca,9f992d05-955d-56f9-8cdb-f18472929cf6,ikea desk,0,,2026-09-01T19:23:51+00:00
370fecda-4de4-4ddf-874a-e3fead5c9d5d,895f3662-49e5-4f60-ad1f-538784bb1821,dccd42d3-883a-5fd4-bd66-d7c7451fa0a0,airpods max,0,,2026-09-01T07:55:59+00:00
62353cd5-b74a-4277-b068-9266656543a7,493ffd20-37d7-47e0-990e-d4314059250b,35942a51-cdc9-5957-b9be-a9a27b8df4a5,apartment,0,,2026-09-02T03:06:46+00:00
6a1a475d-02b9-4a22-91b2-c115aa9d9684,3a27d358-8853-4b53-9ab3-2fa96ae5ee12,82d32e4c-3166-51d6-8f69-63eb64b8e9de,yoga mat,8,,2026-09-01T07:53:46+00:00
053d4382-a998-4937-8adf-2b0db19fe78f,455c0e52-3711-4ae9-b759-518f8656d267,80e03411-1b7e-5471-8d3c-0d013316de95,office chair,0,,2026-09-01T18:11:39+00:00
68d299ee-12d5-4818-b064-3fa5c495fc28,2f70822c-8cca-48d5-9ad9-a73d5c2e5dda,547a359c-1cc2-58dc-af10-513622f287ec,parka,2,1044ae4c-b231-415f-891e-b82500b854f7,2026-09-02T07:06:33+00:00
953af59e-a6af-4d64-8186-f52ec5166a1c,d6e6f00a-8127-4424-b395-a2b2c23cac41,b86634f2-148d-524e-a1ee-484caa0d9fe2,textbook,0,,2026-09-01T11:20:11+00:00
f4f5eb5e-532e-404d-b876-eb5bff9db7d5,21188a11-778e-41e0-bbc0-a9fcde0ae711,3d103f20-0db4-53d3-9608-0da4f5d85572,textbook rental,0,,2026-09-02T07:45:11+00:00
8b7fc597-144e-4904-ac3f-f4cf609d5e60,c261cd64-6d17-4b14-a4b7-bbf0aee8987d,4bfeb555-18c6-540b-8db4-b5c13ba31dc5,lamp,8,,2026-09-02T12:40:59+00:00
d56e287a-3aef-4da9-873d-42f502990457,88d19145-cd30-418a-b753-125eeb7c0dab,bdd3d7fa-c803-5666-b783-09cdf533b1a0,office chair,0,,2026-08-30T21:26:59+00:00
82a9474b-4984-4250-9adc-b226e0e1d975,cd32940a-5fc0-4eed-a218-8f6239b804ed,365f1aa4-b268-5220-aaff-da09a1b5baec,kettle,13,,2026-09-01T17:20:44+00:00
9aa390d3-5c81-4535-922b-381e55704371,121e25af-350e-40d4-a820-05aa0e8d09c2,ac306130-772a-581b-ab47-a0f22090be36,ikea desk,0,,2026-09-01T22:19:25+00:00
0c771b5a-4da5-43dc-8e5b-8774ae4021b2,895f3662-49e5-4f60-ad1f-538784bb1821,dccd42d3-883a-5fd4-bd66-d7c7451fa0a0,rice cooker,5,,2026-09-01T07:51:06+00:00
2a30d21f-853b-4a74-bd5f-e92dbafa5060,cd32940a-5fc0-4eed-a218-8f6239b804ed,365f1aa4-b268-5220-aaff-da09a1b5baec,apartment,0,,2026-09-01T17:19:23+00:00
ad63f78f-a02c-49ba-aa0c-d8dce310ef4a,08690dde-8383-404c-bf9f-1d9d0663a380,a82b4789-a59d-5d62-9f5d-0839a66b7913,ipad,18,16866e28-41cc-47d2-b323-1679f2b82b5f,2026-09-01T10:27:21+00:00
5f8bd354-51b6-435d-92b6-49fb75aa03e0,16a5e102-25e6-4b46-9d06-422d559d57d9,f2497e25-c6c1-5e59-bce5-7078b692eab6,bookshelf,0,,2026-08-30T21:54:29+00:00
83a4eb48-e87b-4222-a33d-af158d921a4f,ed0e2d10-4f67-4d49-90d7-e62e955882ea,17481f0d-9636-5457-a93f-aa57b15462ed,bookshelf,0,,2026-09-01T03:38:36+00:00
efc0475d-5394-46e5-9e0b-4133810db073,b6d52d32-6dee-486d-954a-f0caf7cc960e,8448010b-7c91-5465-bbe7-1fa1ec484132,winter coat,0,,2026-09-02T13:01:29+00:00
37710e2c-c884-44ff-a3e9-0bfb4db2b598,3d01547c-87d0-44c9-b3a5-f6ea5d9a2e9b,ef44f831-2b1d-58c4-be4b-3e997c89b48b,ikea desk,0,,2026-09-02T08:33:31+00:00
56f29de9-8af9-4fec-9e83-89172d25db63,c261cd64-6d17-4b14-a4b7-bbf0aee8987d,4bfeb555-18c6-540b-8db4-b5c13ba31dc5,parka,2,,2026-09-02T12:49:15+00:00
a984ddc7-5cfd-41f8-a042-54a61c238be9,d39c20a8-8fd3-4fa9-945c-0b443b47eb0a,85044e66-9aa6-5bb0-a798-dc4af79b0e3d,microwave,4,,2026-09-01T22:18:35+00:00
4c1dceaf-c9e1-4a6c-b2d9-59b2ae3d8473,0df640c9-0d2d-4b14-986d-e7651c61fdff,18211f98-5fe6-588d-9762-2c7bef3e3636,free,16,0ec959ed-9cec-42c9-965e-78c26eaf23ab,2026-08-31T19:29:20+00:00
08f5c10e-6684-4a7a-8d76-257b6562a66c,00296b33-329f-46d8-9082-9b01bcadd0ad,5a4ada46-d231-5ec0-9799-cab51b5a75a9,kitchen,2,842cea88-1f69-420c-ab47-2cd5ac467723,2026-09-01T10:12:57+00:00
b8ab5f1a-ce25-4d49-8c42-b945a3be2b14,3d01547c-87d0-44c9-b3a5-f6ea5d9a2e9b,ef44f831-2b1d-58c4-be4b-3e997c89b48b,rice cooker,5,,2026-09-02T08:38:03+00:00
575a8cdd-cfa2-4fc9-8470-7c7316b9c502,7e1555a1-9eff-4976-a527-3cab5d2d4357,47541148-88c8-592d-9c45-e27075778002,standing desk,15,1c127e63-4879-4c09-ac20-7304bc326886,2026-09-01T03:01:19+00:00
f089067a-4176-4a26-b0b2-fe435b6c0b0b,2f332f44-a56f-479b-9cbc-e26f7dbb675c,65acbdb7-e4a9-53ab-8c32-3219bc2613eb,car,27,,2026-09-01T21:06:48+00:00
9e6523c5-c28a-4613-8ec5-84babe09934c,3c6efade-ce89-451c-8c2f-a8559830728a,8fb69e74-31b5-5a4c-ac47-fde5120754b2,concert tickets,0,,2026-09-01T09:59:33+00:00
35bda083-02b2-4b29-b207-959806549fec,d39c20a8-8fd3-4fa9-945c-0b443b47eb0a,85044e66-9aa6-5bb0-a798-dc4af79b0e3d,ikea desk,0,,2026-09-01T22:15:20+00:00
b2434543-cbef-4e48-a4bb-f5879f3578b7,b6d52d32-6dee-486d-954a-f0caf7cc960e,77de3cb9-e34b-51a9-b983-1af2e15ac367,airpods max,0,,2026-09-02T13:52:38+00:00
cb6ced45-0635-4438-9643-d9a28ee93f95,00296b33-329f-46d8-9082-9b01bcadd0ad,5a4ada46-d231-5ec0-9799-cab51b5a75a9,bookshelf,0,,2026-09-01T10:07:05+00:00
bdbfabfb-2c47-4bae-a5e5-3ed6b492928e,ae2baad0-8a1c-4eee-a2f9-37fb4761b29d,18f3c799-0273-5041-93d6-3195d7409988,airpods,3,,2026-09-01T19:03:54+00:00
199e2232-c52d-4736-948b-d7591f7c5099,413fdd84-c011-477e-b8e0-3048a236c228,cdbc3b89-d519-5a5f-bd4f-40263e1eb185,winter coat,0,,2026-09-02T15:41:26+00:00
13827e75-5008-47b6-80f6-b61ba633d9c3,455c0e52-3711-4ae9-b759-518f8656d267,80e03411-1b7e-5471-8d3c-0d013316de95,microwave,4,d4223b8b-2b4e-484a-b4ae-f7c663cf37e4,2026-09-01T17:55:37+00:00
736da2fc-747d-4324-8f88-72b0fe7ad2ca,6e0a545d-7359-4e4b-8579-a4726131d1bf,da7139a6-bbb7-5c71-9ee7-eed58a60ee7a,laptop,2,,2026-09-01T08:47:12+00:00
621ea800-4e8d-41e4-8a9e-571c06d9df8a,ca854a1f-19b2-421c-9eef-32da371efdb6,37a8629f-af30-5306-b851-120440b9463e,desk,83,,2026-09-02T14:25:24+00:00
8e46163d-5202-47e5-bec5-7325bdea67be,b6d52d32-6dee-486d-954a-f0caf7cc960e,6594f709-7bed-53c2-b59b-6467b5a388eb,car,27,,2026-09-02T14:30:29+00:00
55418ebc-eeba-4a37-a04e-719336f1a16b,49ce980a-6ef3-4713-810e-0893158d224c,0fe8ee5b-a40c-5bdf-a33f-2cf110464782,winter coat,0,,2026-09-01T16:00:01+00:00
2fc0e89c-df33-4f59-88b5-0bb4c3347dcf,ed0e2d10-4f67-4d49-90d7-e62e955882ea,17481f0d-9636-5457-a93f-aa57b15462ed,cat,0,,2026-09-01T03:32:45+00:00
919c654b-f1ee-46af-8b08-798565445433,0b16d91b-d9b4-4c10-a8ae-22b157e61c15,9768b694-999a-5e88-ab67-bd1403f1a872,free,16,fef8a7b9-4bd8-4ec9-a4cd-745c62f30bba,2026-09-02T14:51:05+00:00
20c7ca17-781f-4922-b547-89c37d2f3c51,c261cd64-6d17-4b14-a4b7-bbf0aee8987d,4bfeb555-18c6-540b-8db4-b5c13ba31dc5,textbook,0,,2026-09-02T12:47:28+00:00
d85b222a-ccd3-46bc-b474-bf9f63954737,f3de7d8f-3a66-4283-bcb7-f1f6d2343a3c,647533f6-806d-5278-915c-d13d95c55050,standing desk,15,,2026-09-02T15:03:26+00:00
87e94d58-e3b2-491e-950a-91937720177d,b6d52d32-6dee-486d-954a-f0caf7cc960e,c50872cf-8ddc-5621-904e-0dce5046b2b3,boots,15,,2026-09-02T15:06:11+00:00
095fb321-bc82-4bdb-b99f-192d50cc9b97,38a49d66-48fd-40a7-a3f2-1b14bfcba13c,f53625ca-40a8-5bc2-8613-c3f205142ebf,textbook rental,0,,2026-09-01T09:07:32+00:00
d8a9dbd9-c1a1-4a4b-b3a8-d2e7659dc352,d9d5009b-8473-435d-91be-6bcb17ddb763,f316e8de-2104-5c81-bb46-21b86c8c1c31,coffee table,17,eca7fe1e-4990-4fc2-9085-43d2db37d456,2026-09-02T15:23:30+00:00
5b242241-39f7-4302-bcf5-6581636daf64,f3de7d8f-3a66-4283-bcb7-f1f6d2343a3c,647533f6-806d-5278-915c-d13d95c55050,bookshelf,0,,2026-09-02T15:28:45+00:00
3fbd6110-ca2d-4a68-a2e1-137911f620b5,0b16d91b-d9b4-4c10-a8ae-22b157e61c15,fdf30316-d08e-5c58-9536-b7793d60127a,airpods max,0,,2026-09-02T15:35:38+00:00
505efc5d-c867-49b7-9450-76369e1b4b93,f3de7d8f-3a66-4283-bcb7-f1f6d2343a3c,647533f6-806d-5278-915c-d13d95c55050,apartment,0,,2026-09-02T15:43:30+00:00
4496446d-532d-470c-b9c7-297269de8555,e9c95f9a-d91f-4855-9ded-2de4b6395421,723a1c3b-e7fa-5629-8303-90e07e9eafa5,standing desk,15,,2026-08-31T11:11:32+00:00
694be41f-975b-4a39-a2a4-59e4dafef86f,2290fc6a-058b-4106-953c-82c4bb71b745,fcbeef02-99a9-593f-96bf-fd430fb190b8,sofa,28,62d5d672-07bc-4f83-a4c2-6fd658507dc3,2026-09-01T00:47:47+00:00
83807f3f-6766-4f17-92cb-ab7dccaff007,15565b9f-ea60-4c29-aba6-7b4ff016eb2d,ac6e4d75-ad85-5d94-be32-7adf41e1acb5,printer,0,,2026-09-01T07:22:39+00:00
7558c561-1cc8-405c-847d-91e5ae91b713,82950a73-458f-4649-aaaa-6363035935cf,54ab9d18-81ea-5eb4-9ec3-f63a6806ff0d,laptop,2,c837e9d4-2f2b-4ddb-b418-5aeace9f4e22,2026-09-01T20:25:05+00:00
22abfbdc-29e4-4421-82a0-3ba137a8a397,08690dde-8383-404c-bf9f-1d9d0663a380,a82b4789-a59d-5d62-9f5d-0839a66b7913,ipad,18,,2026-09-01T10:25:28+00:00
a8be1ee1-d73e-4890-acdc-c3c28dee8cb5,3d01547c-87d0-44c9-b3a5-f6ea5d9a2e9b,ef44f831-2b1d-58c4-be4b-3e997c89b48b,corporate finance,15,,2026-09-02T08:32:54+00:00
c48a3d2e-4b5e-49b0-9673-6c6f2093e0e7,767863d3-745c-4089-a535-93af030d91ab,c5d46965-ba02-571b-8818-7ac10b66bf60,desk,83,,2026-08-30T07:47:46+00:00
4745abc7-59ba-424e-aabe-e130d58b7ffd,b59e680d-6db2-4ba1-8c2a-16a598321800,6726ec47-448f-52e0-b3dd-aaae563e6a3d,ipad,18,,2026-09-01T11:36:34+00:00
996daadb-2c66-4b4c-ad29-a5976d565ddd,ca854a1f-19b2-421c-9eef-32da371efdb6,462e3b22-2be8-545c-bea3-ce68d05dd94b,ipad,18,,2026-09-02T16:54:42+00:00
6008e1dd-ac59-4114-9cb7-3d0f15e7009f,3c6efade-ce89-451c-8c2f-a8559830728a,8fb69e74-31b5-5a4c-ac47-fde5120754b2,monitor,17,,2026-09-01T09:54:15+00:00
0e649af9-2a6c-46c6-adc4-25d5c47abd48,f3de7d8f-3a66-4283-bcb7-f1f6d2343a3c,b9af102f-b67b-5069-9250-242b17bcb3f4,lamp,8,929fe289-f6bb-48e9-bfaa-b1e9dca141e2,2026-09-02T17:05:12+00:00
6f0ae71f-1441-4d82-933e-ad9932c6ff43,19fc7123-30af-46f3-aecc-62b909090ab1,8104e958-13c0-5d00-b5c1-354e519fce91,monitor,17,09970f75-43e1-4877-8cf0-e983b60eaf7d,2026-09-01T04:08:40+00:00
aee7ccfd-e066-46da-a1f2-fc53e2ead3b3,ed0e2d10-4f67-4d49-90d7-e62e955882ea,17481f0d-9636-5457-a93f-aa57b15462ed,coffee table,17,,2026-09-01T03:29:20+00:00
d32ad946-71a0-43f8-a695-6454fd1aace3,e5568dbb-54b7-42d1-9092-361343b75252,85c84f84-9139-5c72-8962-3c6f2d9e2098,parka,2,6621b3ed-bc8e-48fc-8e44-33eb89a077fd,2026-09-01T21:15:41+00:00
25281546-2c49-445d-ac01-3fbfd3495f2e,f4e93743-2c34-4e9d-8f45-801d88c1250a,a2f57f0c-6b78-57bc-8986-ae689a4d4a93,concert tickets,0,,2026-09-01T09:37:31+00:00
3074f047-4e20-4304-bead-fa1bc798aecd,2f70822c-8cca-48d5-9ad9-a73d5c2e5dda,547a359c-1cc2-58dc-af10-513622f287ec,mini fridge,5,,2026-09-02T06:53:08+00:00
c422cb0a-92f9-4942-a80c-652a064fcee9,1c41e1da-7272-4e26-9379-0b684eda11dc,21a8361f-600c-5239-9fe4-be73578e41f9,kettle,13,,2026-09-01T12:48:47+00:00
3359ccfd-3912-4b20-bf52-a546c3cc0389,5470b64d-4863-4115-a2e2-8f83ed8189e8,9231dcf8-e165-51e5-a2ef-795417436d92,free,16,0ca4a775-dff9-4a40-81d0-6075aa1173fc,2026-09-02T17:55:00+00:00
6a3f6269-03dc-4ad7-b8e5-6358729001e7,d22b3806-011e-4687-9849-8139d0251d38,61c7b279-2a75-51c8-859d-d26d447f38a4,corporate finance,15,721a9588-c4f4-457e-a19b-bf1ff17621ac,2026-09-02T17:55:00+00:00
c7c31b17-e0ab-4643-b875-f24f6ab61773,13cce00a-0641-4f43-8637-da456dbbd50e,5bf02477-4fa9-50ed-8cd6-ed893f7cc101,yoga mat,8,,2026-09-02T17:55:00+00:00
bbd8606a-3e19-4f84-a364-af5152bda8f2,1ebbc63f-df2e-4b49-914d-074f8ab66d2d,b9027f9b-4b52-5d91-b0c4-2f8939d1c09b,rice cooker,5,,2026-09-02T17:55:01+00:00
fa6d3ab7-1613-423a-a817-b08f5e7f949a,b9da329a-3d04-4f0e-b90f-119d2d7bf851,49cb5fca-3681-5634-93d6-37975d578144,laptop,2,,2026-09-02T17:55:01+00:00
6cd49ce1-7345-4a26-8624-07d3d967d974,135bb0ab-b64c-437d-88ae-c3f907edf22f,00edf769-df71-5e3a-9fb2-75e84eaec4c4,coffee table,17,,2026-09-02T17:55:02+00:00
e3eed189-839a-4f5b-9e91-13765a3053f8,5cc4ad1e-e061-4786-92bf-75c6e666d9c9,6d2df4e9-b2ae-5f50-a609-d22cf1503ee4,monitor,17,bf1db679-701b-4b68-b549-6e7bf04671cf,2026-09-02T17:55:03+00:00
adbda9bb-e8b4-4399-b293-0b8bf0857f13,46ba6ade-c9da-4467-b66e-c1eae425af29,90b4065a-a62a-5b07-9518-8d06edc33fb4,ipad,18,,2026-09-02T17:55:03+00:00
e5e1c997-8062-4368-9ff5-dd800bfdbbd6,0334f17c-6899-4736-8ab2-429b4f561a7c,3c9e89d3-1385-5089-b3cf-94fd95cacf6b,apartment,0,,2026-09-02T17:55:03+00:00
84a046c3-9c0c-4d13-8a1c-94e496760a96,0bf5bc95-72e0-4a6b-83b2-827b521b7405,48156940-314b-529f-9a34-25c32b16f80c,sofa,28,,2026-09-02T17:55:04+00:00
4efe7b80-cc3f-449a-a4e3-51442ee766b8,d272ff8b-cb05-4f34-ae6b-aeece11e7913,86664cd9-4a2e-5d00-ae4f-d6b2253746be,printer,0,,2026-09-02T17:55:04+00:00
78909fa4-53d8-46e9-9966-02b66c4d4d14,31e5e3e2-34d6-445b-a4a1-6d86c2b312f5,2c0c8d8f-b249-51c7-b099-fb2ccffa935d,vacuum,17,,2026-09-02T17:55:05+00:00
45fabd06-adda-4c56-85af-4bfc27bc20ab,2ab57570-b3c5-4e65-8728-32a6b0ac1f63,be628d96-7bcb-5466-91ec-9c805f94c6a6,dresser,25,,2026-09-02T17:55:05+00:00
d81d56fc-5aec-43c8-af83-e800e578389a,d4508255-496b-4fe1-b566-0413ac814973,cb2b905b-5bcb-57d3-a623-836d367a9d9f,cat,0,,2026-09-02T17:55:06+00:00
fdddd1da-6c48-4ae1-ab44-1396941cb428,0ab64343-2bcf-4c83-9162-e2ad0fb29642,b940d74d-57a4-5d18-b92b-e35a1c750540,boots,15,,2026-09-02T17:55:06+00:00
fcc868c2-4cf0-4942-8e37-45662a17aabf,7c147f54-3645-4b45-97db-b4a3ad648658,2efd5604-6346-535e-9ba9-b258ca2075d2,apartment,0,,2026-09-02T17:55:06+00:00
05284dbe-f5c5-47df-a2af-85319d877174,945da312-f1c6-4ec8-8183-78d3e481e430,99588655-b16b-55ac-855c-33cb5fc4c144,monitor,17,09970f75-43e1-4877-8cf0-e983b60eaf7d,2026-09-02T17:55:07+00:00
4b8230dd-c448-413f-b376-ccb2b57a2e7e,dd1c7599-10ed-4a22-a238-e27ac11b47fb,9799b82e-bd3d-583a-893b-7cb002773f4d,vacuum,17,1d4242b8-fd28-4ade-969a-3759dcd6d78b,2026-09-02T17:55:07+00:00
884116ca-e974-49ee-af3a-397b363eaf3e,4d64501d-cc2c-4970-bbbf-0c44c9858a3c,113a976f-4606-57f8-914f-088f15b4507a,coffee table,17,152e377e-0c97-4ea2-bacc-90ad6f86724a,2026-09-02T17:55:07+00:00
6bdbe980-179d-4640-b4bd-65d934693ab1,2339a0ed-6db2-4bdd-9fa6-819624511eb4,54284259-88ff-5535-bbfe-6623040453d3,standing desk,15,,2026-09-02T17:55:08+00:00
9b1a8cc3-03c4-469b-9017-5faa9782e1ff,d162a6d2-78de-4220-8b3e-72470ac0d0c5,cd8ee06f-b1b7-58db-97a3-cce73206ce27,laptop,2,c8f837d8-1ae3-482c-b2a6-4ca0393af822,2026-09-02T17:55:10+00:00
70bdb28c-52a7-4fa0-9a2b-f2dfee007673,206e14a8-33a8-4438-ad62-32f0055f0b16,e57b592d-b46b-5a53-abf6-5a29a4a9d39f,lamp,8,,2026-09-02T17:55:10+00:00
cde09da4-70ec-401e-b4d2-39428b4bf368,655713cb-f764-42df-94da-9379a22182d7,2ded3987-9a15-5812-bbf9-1a77fd5dc691,bookshelf,0,,2026-09-02T17:55:10+00:00
260ce6e9-5200-4f88-95ef-bb02a08a536b,d162a6d2-78de-4220-8b3e-72470ac0d0c5,cd8ee06f-b1b7-58db-97a3-cce73206ce27,microwave,4,5af3b4d7-8eda-46c2-ba32-d081cca3ff07,2026-09-02T17:55:10+00:00
f477cd25-b6d5-4e0f-9978-9f673f393fac,13b5744b-66e0-4019-bef2-84157782226f,600c195b-0a42-50b4-a301-29bb2d85c63a,kitchen,2,842cea88-1f69-420c-ab47-2cd5ac467723,2026-09-02T17:55:11+00:00
a5cc0bd6-0a77-4ffe-9393-c5c56400af38,1a840084-44f1-448f-84ef-67f148e4234d,231ab03a-1dda-5ea0-ba3b-1a6ffae3dda2,car,27,572e5490-95d4-4257-85ba-fabd395aafc7,2026-09-02T17:55:12+00:00
41da8566-cd9f-4357-969e-afea9ca8f889,21285e4d-9ecc-4851-8ad3-f5719905f657,958bc46f-a179-5c62-a3ce-43bccf3b07c4,ps5,0,,2026-09-02T17:55:13+00:00
ec46e758-7062-4e68-b6e5-904688c3cd94,ebb54dc7-29b1-45c5-9e70-0c5c4e51e720,bb7857bc-18db-52f6-8c27-1c6ecc456bb8,ipad,18,16866e28-41cc-47d2-b323-1679f2b82b5f,2026-09-02T17:55:14+00:00
84e2c7c8-2d27-4ddf-9246-781c8302f32c,ce7d0d75-7795-4ee4-ac4b-451653e2299f,49c35235-8c6b-5e93-a7a3-1ae6c934120b,boots,15,b9c185fd-f5b3-4665-a512-76e5aa641dff,2026-09-02T17:55:14+00:00
3f219764-f504-41c0-bd49-c438fb8dc054,dd1c7599-10ed-4a22-a238-e27ac11b47fb,9799b82e-bd3d-583a-893b-7cb002773f4d,parka,2,1044ae4c-b231-415f-891e-b82500b854f7,2026-09-02T17:55:14+00:00
cd26964c-e07b-4c75-976d-16044c22a900,1b2f1fac-dc12-45b8-9a5d-964ac8eb7559,21e56d10-68bd-5fe7-bdb0-522280a8fb8e,corporate finance,15,64382d00-5d5b-4d08-97ca-7bf8792ffd9e,2026-09-02T17:55:14+00:00
debb0430-0c3b-46b4-9db3-a3067f987243,a912d71f-44ec-49d4-934d-09f818efe3b8,44eff4a5-b285-59c0-854f-b0d3ff24a4f9,standing desk,15,,2026-09-02T17:55:15+00:00
82d63856-eaca-4750-b88d-9f133a63203c,68a5d1fb-52f1-45a2-a2fb-ec576b59ceb0,000736e7-ec88-55cb-862e-8f68f7fce679,textbook,0,,2026-09-02T17:55:15+00:00
0bc5a4bf-e2a5-4a59-bdf4-8e6a70277868,6676e55a-2d01-4cd6-851c-b79f9c789e38,fb23508b-3916-5856-84ba-c11ff68ce2d4,winter coat,0,,2026-09-02T17:55:15+00:00
1b957e10-033f-4dec-aaf0-393ea0f0ff4d,f89db995-01c9-4ce3-a48e-352e2091e5eb,062fda5a-a880-5eeb-a46b-a04aa6293edd,corporate finance,15,78adfbea-be15-4b86-b26b-dcaf3b6e8f1a,2026-09-02T17:55:15+00:00
cf9740dc-3f2b-40ff-89d3-c585c3eaf667,e6cdb890-5536-4190-b511-c6aea5f1952d,10b67dee-015b-5d36-8e97-c6137301c219,vacuum,17,,2026-09-02T17:55:16+00:00
f65d35ac-d92f-4ef6-9d03-08c60d84f1cb,cb243ac5-dbc1-4fb3-8068-aedb69dde97d,b3244723-b0e4-56e1-8ad9-b485b37c9495,mini fridge,5,,2026-09-02T17:55:17+00:00
291a3848-968a-4c0b-adab-39f67ff2173b,73951fcb-587e-448f-bf78-683136c513b1,bd3dade2-32f4-5d51-8d0f-9448a8f20405,mattress,39,,2026-09-02T17:55:18+00:00
bc75b437-4894-400e-8103-10a6b0a8b723,7d5910f5-e030-4661-add8-b2eaade7882a,c13458d2-1549-53fb-87ce-288decd41c86,bike,18,,2026-09-02T17:55:18+00:00
aae36abb-91ad-4745-b3ed-26f21b372bf0,5cc4ad1e-e061-4786-92bf-75c6e666d9c9,6d2df4e9-b2ae-5f50-a609-d22cf1503ee4,yoga mat,8,,2026-09-02T17:55:18+00:00
1c37ef83-dc07-4d72-b2a1-853100328ea2,19a6e0b3-2aff-45f4-b7c3-a368425f4c5e,60403c79-2474-50e2-8650-34e62aab640c,ipad,18,,2026-09-02T17:55:18+00:00
d409d91a-218f-4cd3-8931-ba8698e77de3,2f0c41a5-5c82-4268-8201-a8322cefa8b0,f71c35f4-7f8e-5841-900d-85b09923dd28,ps5,0,,2026-09-02T17:55:18+00:00
cef1f01f-faf9-4f3f-8b5f-84545404ceb5,13cce00a-0641-4f43-8637-da456dbbd50e,5bf02477-4fa9-50ed-8cd6-ed893f7cc101,kitchen,2,,2026-09-02T17:55:18+00:00
42290516-a57b-4e15-addf-ac9d6cb5ea35,0bbc8f28-3315-4745-a3c8-8b9c615bafc3,08c0d16a-304e-5b88-bbcb-2ede407a801d,office chair,0,,2026-09-02T17:55:19+00:00
fc611606-abdd-4489-a8d4-792a70eb5f05,579eb449-7dee-40ac-863d-90444a454383,6ba90bd9-f89b-52be-b98c-6782fa4d70bd,laptop,2,,2026-09-02T17:55:19+00:00
24f31eda-b5b3-46ea-aed2-2e9f74e37c6b,4edc9d63-ef03-4628-8e70-e2e45f17e5f9,84f7f58f-cf6c-57d9-8670-f12f2d1393b7,kettle,13,,2026-09-02T17:55:19+00:00
411a2d48-70c4-4a5a-862a-6c78fd29380a,5e5fc08f-f52a-4e81-96fd-190357463859,504c39f7-db3a-50ce-8a3f-74b258b11451,yoga mat,8,,2026-09-02T17:55:19+00:00
e377b7d5-0c16-4dd6-b99b-6234ba4c5764,9e11af42-cbad-47b5-945b-e2fe42843be2,107cb5be-1263-53a4-848a-039e4c7489f7,ipad,18,,2026-09-02T17:55:19+00:00
bd5ceb79-1e44-4c57-8655-14fc4c72492a,0967b30c-4f84-48f5-8fcd-6758cedb548b,9a2e9b51-4ed5-55f2-bee9-e8e9567120af,standing desk,15,,2026-09-02T17:55:20+00:00
c4c1a1a2-c313-45a5-9ecf-4d457f144ec9,1ebbc63f-df2e-4b49-914d-074f8ab66d2d,b9027f9b-4b52-5d91-b0c4-2f8939d1c09b,sofa,28,,2026-09-02T17:55:21+00:00
e4ff0fd2-38b1-4352-8ee8-540cad99bc76,1a840084-44f1-448f-84ef-67f148e4234d,231ab03a-1dda-5ea0-ba3b-1a6ffae3dda2,apartment,0,,2026-09-02T17:55:21+00:00
aee3316a-b863-4ae0-94d8-b26bc1f9ca6b,c7182b42-2953-4a2f-af0b-417e77f32a0f,dfaf7506-f161-5dbd-ad3f-e8e8235d9f9a,corporate finance,15,,2026-09-02T17:55:21+00:00
0239b144-5b7c-4177-9a88-2fab832f7b19,98ad27ce-e47e-4771-ad29-805b07806c9f,0ca489c9-b408-562d-aab9-71769eaf68ce,ps5,0,,2026-09-02T17:55:22+00:00
0d9b1a9b-0f98-4dba-9e94-267487dcfd5c,160c0fa7-afc0-4e96-a43f-c0f8f16d4960,0c9ffc69-9397-57be-959f-96160f53928c,sublet,0,,2026-09-02T17:55:22+00:00
149835d0-b725-41d3-9b5d-93703c490103,1f8b2d56-2ffa-4ff9-a613-b3e5e8618769,9dceae2e-ff2c-50a1-b440-b0fda70860cf,headphones,24,caa94f52-0765-4fee-8543-81d6a2b8ca5b,2026-09-02T17:55:23+00:00
b6475031-ba0a-4681-81f3-abc87fbf2be6,13cce00a-0641-4f43-8637-da456dbbd50e,5bf02477-4fa9-50ed-8cd6-ed893f7cc101,printer,0,,2026-09-02T17:55:23+00:00
fbccf774-d56c-4377-987f-3f1786f66c8e,160c0fa7-afc0-4e96-a43f-c0f8f16d4960,0c9ffc69-9397-57be-959f-96160f53928c,mini fridge,5,,2026-09-02T17:55:23+00:00
531c7f44-dcc3-48b8-99df-6464cb916fe1,655713cb-f764-42df-94da-9379a22182d7,2ded3987-9a15-5812-bbf9-1a77fd5dc691,desk,83,,2026-09-02T17:55:24+00:00
6506be96-2886-4949-b14d-dc511728fa5c,204dcf7c-06f2-43b3-a0d0-a7b402d2887d,6f18942d-214a-50e6-a93a-f44b14578c05,bike,18,,2026-09-02T17:55:25+00:00
5404d956-ac86-45a2-a85e-3f5a822c0b51,a14b409c-8a7d-4a90-9ba9-7ad32049abe5,534664f6-bc81-55d5-a4a3-7030f1ad5076,laptop,2,,2026-09-02T17:55:25+00:00
b8b8231e-5bd0-4fe4-a87c-89d0498e9c74,98ad27ce-e47e-4771-ad29-805b07806c9f,0ca489c9-b408-562d-aab9-71769eaf68ce,coffee table,17,,2026-09-02T17:55:26+00:00
45fd3b3a-c9d0-44fe-957d-72b418ce1d06,0334f17c-6899-4736-8ab2-429b4f561a7c,3c9e89d3-1385-5089-b3cf-94fd95cacf6b,coffee table,17,3e700087-b9fc-4907-a9a3-30a60d3e0b54,2026-09-02T17:55:27+00:00
f10695ea-5491-4be3-af62-e2e819ba77e2,38156797-b627-4aeb-a0c5-300f9f3adfc9,24e40f3c-8b77-54da-928f-97cd29be0d3c,guitar,0,,2026-09-02T17:55:27+00:00
d6aea698-f487-49e6-a590-5984316f7039,34492776-de46-49bc-b7cd-92d1873e1f66,ca5aba20-516a-52d1-8d56-c985b67add0f,dresser,25,11b76283-d542-475c-b455-1253728448b4,2026-09-02T17:55:27+00:00
b048ac43-479d-440f-900f-8525db0bdaf8,35d1c9bc-1b79-49c9-a300-85609f394726,97e48080-3af8-5499-ae42-c76647810d47,car,27,,2026-09-02T17:55:28+00:00
a6ce01df-e492-4fe0-b15b-f475d42c57ad,20567896-d4b7-4300-bda6-325550875f20,6b8a4574-baea-5af3-b6c4-9d33027d2fee,corporate finance,15,,2026-09-02T17:55:28+00:00
335b80c4-563c-475a-b540-d1cf74ba166b,4c5170f9-b83f-4c3d-99ce-06c2ac1ad2b0,c24de6e6-7d79-5b9b-b556-9968d57f8f79,airpods max,0,,2026-09-02T17:55:28+00:00
978430e1-c24a-45cc-8af2-a98bb1ba9295,b7e15f1b-af44-40ba-8876-d2309d8979b0,138b0039-0bbf-5659-b3de-fc0622565988,desk,83,,2026-09-02T17:55:29+00:00
05a55a6d-1f62-4a05-9a3d-5eb313be567f,7fa22cd4-c5e3-4caa-9d7e-ca84b61d76cc,3d54e23c-8ab3-54bd-899a-ad2c7eda880e,ikea desk,0,,2026-09-02T17:55:31+00:00
f37ef9d4-6755-44da-bd8c-8e374ca66bc7,e608adee-5af1-4b18-b061-19391f09fb69,5750786e-3821-5ac0-9cf9-46018c0458f7,kettle,13,,2026-09-02T17:55:31+00:00
1d50cb72-372b-4870-8b76-53542214f341,e6cdb890-5536-4190-b511-c6aea5f1952d,10b67dee-015b-5d36-8e97-c6137301c219,dresser,25,ba86ed82-d8c2-4b3b-83dc-ce63a5dc1385,2026-09-02T17:55:31+00:00
ca52483f-d8f7-4267-8eca-13a0c21edad2,5ad1634f-c550-4afe-a35d-e3670be3ced4,c53afeca-81ce-577f-b852-f11656bfe1d4,apartment,0,,2026-09-02T17:55:32+00:00
d9ab5228-7508-45e9-90a7-071556bb43f2,1feae195-dd64-4313-9658-78c38f57850f,8eb16ef6-9d9f-5512-b678-7605a3f9173a,apartment,0,,2026-09-02T17:55:32+00:00
30b42971-43ad-4726-9c22-2cba2859ddf5,4edc9d63-ef03-4628-8e70-e2e45f17e5f9,84f7f58f-cf6c-57d9-8670-f12f2d1393b7,rice cooker,5,c7e289ae-e471-405c-ab88-e4b59eb902d3,2026-09-02T17:55:32+00:00
7677de29-6aac-410b-b89f-66ad5f73dcd3,135bb0ab-b64c-437d-88ae-c3f907edf22f,00edf769-df71-5e3a-9fb2-75e84eaec4c4,airpods,3,1e80c500-64d1-4ab2-90ca-87084c1f1a23,2026-09-02T17:55:32+00:00
ab51d3c7-cec5-436e-b15c-40e94de14fe0,3e6d9730-35ed-4d3b-897a-bb23e57a7169,87dffe90-6d96-56e3-aef5-4eac913de6a8,mini fridge,5,,2026-09-02T17:55:33+00:00
76a59009-1391-4f53-be56-315add086b17,1ebbc63f-df2e-4b49-914d-074f8ab66d2d,b9027f9b-4b52-5d91-b0c4-2f8939d1c09b,dresser,25,2d670fae-18f3-48d8-9fe4-5c82cd9d6289,2026-09-02T17:55:33+00:00
e1af13b5-1a80-491f-94fe-90554b0b9401,cc483862-ddce-4c53-af20-b14f6d75be64,3797344d-c6c8-56a9-9467-0bed827cbbdd,mattress,39,f764070f-55d8-4eaf-9b11-3ad0678dfbf6,2026-09-02T17:55:34+00:00
f0ebb721-cd82-406c-a51f-92f5f9347145,cbaf2ac2-d910-49fe-b1b9-fe6ae1cb7bae,f5caa5d9-0371-568f-8838-d453bad0e9c1,boots,15,,2026-09-02T17:55:34+00:00
5b617d65-81c7-4759-ba93-74884bdc1bda,135bb0ab-b64c-437d-88ae-c3f907edf22f,00edf769-df71-5e3a-9fb2-75e84eaec4c4,boots,15,b9c185fd-f5b3-4665-a512-76e5aa641dff,2026-09-02T17:55:35+00:00
7abe942f-5738-4adf-9fbd-62ecca048bb9,6fe52876-1a56-4bed-b662-5983babec5c8,0ef34780-271e-5fd5-87e6-c06620c332a7,dresser,25,b93af04e-ea1d-42f9-b131-1bb8bc82e165,2026-09-02T17:55:36+00:00
0e7b2d71-5ab4-49dc-b594-bf67b9e21ba6,0334f17c-6899-4736-8ab2-429b4f561a7c,3c9e89d3-1385-5089-b3cf-94fd95cacf6b,concert tickets,0,,2026-09-02T17:55:37+00:00
5ae5254a-46d8-4e42-b984-9965f9e68d11,9e11af42-cbad-47b5-945b-e2fe42843be2,107cb5be-1263-53a4-848a-039e4c7489f7,laptop,2,,2026-09-02T17:55:37+00:00
37f82d8e-f8b2-4f16-9610-358434834c42,bddc13b9-b178-48ff-bab2-df1aca4ad927,f5ae30b3-14b2-5ff6-82f8-41ffa9871f0d,ipad,18,eaeb284c-3584-4afc-96a2-3b3a7d688c1a,2026-09-02T17:55:38+00:00
f13f5eba-d530-4873-b36f-4228f3d0d65a,1ebbc63f-df2e-4b49-914d-074f8ab66d2d,b9027f9b-4b52-5d91-b0c4-2f8939d1c09b,coffee table,17,,2026-09-02T17:55:38+00:00
034f7ec4-d5c7-4cbc-8064-18121fc43070,0ab64343-2bcf-4c83-9162-e2ad0fb29642,b940d74d-57a4-5d18-b92b-e35a1c750540,textbook,0,,2026-09-02T17:55:39+00:00
f4915eba-4ff6-460d-bab9-ed7d0e4f0dcd,3272c66c-2ceb-4e3a-bcb2-2b0cd1385588,5f369134-fe13-5166-9d7c-f00e7ba45ec1,headphones,24,,2026-09-02T17:55:39+00:00
dce93905-ad45-4143-81cf-c302532aa791,04f84970-9afe-4001-b319-d8f3b2a04e42,418e35be-ee0a-5846-b378-8569979f47f9,vacuum,17,4b0db089-b073-4912-ab4e-e247d93d0a66,2026-09-02T17:55:39+00:00
0030e692-fe8a-44ca-ab12-a6a6b7d758fc,20567896-d4b7-4300-bda6-325550875f20,6b8a4574-baea-5af3-b6c4-9d33027d2fee,office chair,0,,2026-09-02T17:55:40+00:00
e98bed74-914c-4640-9fde-a50d7eec5194,04531230-dd4e-4ce8-a301-2b7332324090,143d8b35-80e6-5835-92db-9d5d9ad5739f,ikea desk,0,,2026-09-02T17:55:40+00:00
65bbe152-da5d-4a06-a869-e9c52b087ce6,244caaed-ae63-4e3d-9ed2-7e3a12f8f542,7441f18b-a450-5d16-9e5d-6f6ce4824297,textbook rental,0,,2026-09-02T17:55:41+00:00
4017756e-dff2-4c59-98ac-ff9055a39ea1,2339a0ed-6db2-4bdd-9fa6-819624511eb4,54284259-88ff-5535-bbfe-6623040453d3,ikea desk,0,,2026-09-02T17:55:41+00:00
ac07b721-9c1e-4c66-85e8-ede9ff7b4cb4,1feae195-dd64-4313-9658-78c38f57850f,8eb16ef6-9d9f-5512-b678-7605a3f9173a,guitar,0,,2026-09-02T17:55:41+00:00
ea401f3c-6bd0-4b1c-868e-710cb3f50b44,f092e52c-93f6-491a-a742-3887d0efee68,2127a572-558f-598e-99d7-0b96070dd6d8,apartment,0,,2026-09-02T17:55:41+00:00
76a11120-2204-4f6b-b72f-3ac0ca2c6819,b4057330-ddc6-443e-9fc2-f268ee643288,d5f785d1-b603-505c-b6e7-a8158b64b9a5,textbook,0,,2026-09-02T17:55:41+00:00
a8636e51-69ce-42e1-864b-86178cda3317,030f6388-7bc0-48bc-93de-f52f9e0e9015,34f19a2e-b89b-5ade-91fc-bdc259562ebb,yoga mat,8,6dc97872-dc25-4114-a162-6a5236efca6d,2026-09-02T17:55:41+00:00
1fbed05a-a449-48f9-9aca-deb14b9f80e8,20f24c79-a383-49be-b7da-9a634716a51d,e85fb764-7080-57c8-aeb1-1530d29588b8,sublet,0,,2026-09-02T17:55:42+00:00
cc83efcd-77c9-43f0-9200-691bbf8d99ed,d7e96a2a-a228-42ca-af95-310b189116f1,76321d40-5715-5aa5-bfb5-deac7ee7ce34,kitchen,2,842cea88-1f69-420c-ab47-2cd5ac467723,2026-09-02T17:55:42+00:00
7d5bbec4-855f-4d43-b316-c0b53c7f4ab7,8aff46a7-9764-42eb-b4dc-31ebf3ba9308,231f72e3-c7d9-5166-8b0b-dc9277d7c1e7,ps5,0,,2026-09-02T17:55:43+00:00
c4811a13-e502-4a2d-8fea-0a379f5d329e,4edc9d63-ef03-4628-8e70-e2e45f17e5f9,84f7f58f-cf6c-57d9-8670-f12f2d1393b7,desk,83,,2026-09-02T17:55:43+00:00
429e123b-ec8e-4d70-918c-671090d16aeb,15d52282-aa0d-49e9-9796-e5c609b8facd,5c4a7a80-5575-50d6-a54e-02359e4e333c,rice cooker,5,c7e289ae-e471-405c-ab88-e4b59eb902d3,2026-09-02T17:55:44+00:00
f163fc4f-26d6-4a90-8cc3-3cafb9a05e1f,17b38ad8-6c49-45b0-a8cf-629f00895aab,806944d0-0977-563f-b8b0-39dae5159a98,monitor,17,,2026-09-02T17:55:44+00:00
111a1ed8-fe4f-4b2a-8d92-9fa53bd2cc46,a4ddbcbc-93a7-45ab-ae90-9108c8642e18,0f1a109d-df15-5a7b-b401-5a50c6753b0c,office chair,0,,2026-09-02T17:55:44+00:00
a9ebd7e8-6957-4e16-8ba0-65bb00b12b27,4c5170f9-b83f-4c3d-99ce-06c2ac1ad2b0,c24de6e6-7d79-5b9b-b556-9968d57f8f79,free,16,8f2bd50c-8fac-42ff-a0e3-bac734c6d1ae,2026-09-02T17:55:45+00:00
7aab2a6d-03a9-4f76-9a25-73867aad411b,b092af0d-a2bd-4137-be44-3e464c231dd3,d71fb79f-d66c-5423-a20e-9266b85ff00e,bookshelf,0,,2026-09-02T17:55:46+00:00
0b651c10-fb2b-4c42-b5e9-e6e3e46ec4fa,8ada1d69-300a-49c6-a1c1-441d1448d1fe,6ef453eb-19c1-5058-a187-c3caedcd3208,headphones,24,,2026-09-02T17:55:46+00:00
3ab05cb5-93f4-4fa5-b749-6b3f405b6363,bf54b662-7115-4d3a-9d44-59478f662a8c,6b52eff6-ba5e-5e9f-bf11-b0d645482352,concert tickets,0,,2026-09-02T17:55:46+00:00
5d06e702-c785-45f6-9f9a-6065fcc16637,3e6d9730-35ed-4d3b-897a-bb23e57a7169,87dffe90-6d96-56e3-aef5-4eac913de6a8,monitor,17,09970f75-43e1-4877-8cf0-e983b60eaf7d,2026-09-02T17:55:47+00:00
3c3b134e-8bdb-4a88-a637-1ac164eb2d8d,3747c2d0-b4c2-47ce-967e-09873126fa0f,ec8bde44-ee4a-59f5-b459-51e18779a9eb,ikea desk,0,,2026-09-02T17:55:47+00:00
9a3e7762-4228-42e1-a745-e287cdfde77e,cb591dd2-5be6-4e8b-a6a2-2cde97ac5f39,978f22cf-894e-5bb6-9db6-4f906dda6217,parka,2,,2026-09-02T17:55:47+00:00
4c33979d-b859-4c7d-a957-0b109ac4a17c,2474e0bd-3261-4377-838d-4687ea35d755,e962cfda-e65d-5d14-a9cd-092fc41c060c,dresser,25,,2026-09-02T17:55:48+00:00
687f3f9e-4a49-4c45-b70a-6d2b71ce73ce,8752d8d9-b4a6-4313-b226-d8206692281d,2a8b7cde-514d-58a7-86ab-4f213a8857c6,textbook,0,,2026-09-02T17:55:49+00:00
8f26be34-6e74-41f2-a9af-07092661a0fc,0ab64343-2bcf-4c83-9162-e2ad0fb29642,b940d74d-57a4-5d18-b92b-e35a1c750540,office chair,0,,2026-09-02T17:55:49+00:00
d7b6800c-3283-46dd-b81c-25f29e651d67,1f8b2d56-2ffa-4ff9-a613-b3e5e8618769,9dceae2e-ff2c-50a1-b440-b0fda70860cf,coffee table,17,,2026-09-02T17:55:49+00:00
cc8abf54-da99-4584-a0ac-f57910e637d8,9e11af42-cbad-47b5-945b-e2fe42843be2,107cb5be-1263-53a4-848a-039e4c7489f7,ikea desk,0,,2026-09-02T17:55:49+00:00
e9977bb7-635c-403d-8e3e-f4da503ed8d7,16efbd3d-b8b5-4695-8df4-431470ed3973,6c7ce04d-1f7f-550e-bd44-bcc709f0e65a,apartment,0,,2026-09-02T17:55:49+00:00
013c2c2d-eded-4568-adc3-70c684a21a66,a1940ed5-c898-4d47-931c-b21c325c3345,3200b57c-9f5f-5580-b874-17c22cd82310,concert tickets,0,,2026-09-02T17:55:49+00:00
54360fde-d165-4f72-bd1e-e468d8bfcd2b,0f42d78d-fb76-4dbf-ac1f-01a020bae3c1,9009f6e7-a945-548e-b326-eb2309ff6d18,bike,18,23b62030-bc09-4a1c-a0e9-e982f8b28649,2026-09-02T17:55:50+00:00
61484475-fbf0-4235-8cd5-f264041c27d8,8aff46a7-9764-42eb-b4dc-31ebf3ba9308,231f72e3-c7d9-5166-8b0b-dc9277d7c1e7,textbook,0,,2026-09-02T17:55:50+00:00
d92af28a-78c4-47a3-83ad-eb262b0ce0cd,6423437e-a22b-4286-8d04-66e6945f2259,b713dc16-9494-57b5-b499-17269f5087fd,standing desk,15,,2026-09-02T17:55:50+00:00
033a51a6-9a2a-40ed-b330-ecf2e9deda2e,109a3466-1b74-42ea-b890-dda986caf387,4f7f71ca-efbf-5c27-bc43-112d45f387f2,apartment,0,,2026-09-02T17:55:50+00:00
630c9d5e-740e-4c37-9ea5-38568362473f,5ad1634f-c550-4afe-a35d-e3670be3ced4,c53afeca-81ce-577f-b852-f11656bfe1d4,mattress,39,757a07cf-2b2b-4bae-bcb2-c9d3d9e6a491,2026-09-02T17:55:50+00:00
bea2e950-31df-4c3c-afe4-d809345a790a,bf54b662-7115-4d3a-9d44-59478f662a8c,6b52eff6-ba5e-5e9f-bf11-b0d645482352,bike,18,,2026-09-02T17:55:52+00:00
eb4afccb-92ee-4d6f-b5e3-5fa7abbd176c,2474e0bd-3261-4377-838d-4687ea35d755,e962cfda-e65d-5d14-a9cd-092fc41c060c,ps5,0,,2026-09-02T17:55:52+00:00
b815a4fb-2f03-4d0e-8cec-3b347f94d342,2643bbdd-a685-4d2f-82f7-bb0156888708,f91ee6b6-7ee1-5dfa-a49a-048c96688e6f,ps5,0,,2026-09-02T17:55:52+00:00
2e544fcd-a879-429f-9511-9c4bde8427c7,05fb0c96-152e-4ab1-9634-cb2c6a6c3965,f7ccd8b7-8589-53f8-878e-56a5723ef13e,airpods,3,ce945666-5c66-40bf-8978-0cc463d79ab9,2026-09-02T17:55:53+00:00
a5f61b2a-79ce-4965-bb12-fc68ff1e0312,030f6388-7bc0-48bc-93de-f52f9e0e9015,34f19a2e-b89b-5ade-91fc-bdc259562ebb,yoga mat,8,3333f1e5-5be4-4c6c-97ea-5d430c0514e9,2026-09-02T17:55:53+00:00
f1227757-7ee1-4976-bb38-1eb2d434c4f5,135bb0ab-b64c-437d-88ae-c3f907edf22f,00edf769-df71-5e3a-9fb2-75e84eaec4c4,iphone 15,0,,2026-09-02T17:55:54+00:00
793a70ce-e775-4fbb-b6fa-9b97602a0d20,0bbc8f28-3315-4745-a3c8-8b9c615bafc3,08c0d16a-304e-5b88-bbcb-2ede407a801d,ps5,0,,2026-09-02T17:55:55+00:00
2aa85e7d-729a-4543-8888-02e5a9b64031,cc483862-ddce-4c53-af20-b14f6d75be64,3797344d-c6c8-56a9-9467-0bed827cbbdd,airpods max,0,,2026-09-02T17:55:55+00:00
49ac922a-6d60-4424-af71-597835e4b9d8,706f1f4f-1432-4dc2-9014-0467ae3c2d7b,8127bdc8-8bc5-5b1d-92f5-97a73f25471d,free,16,,2026-09-02T17:55:55+00:00
0579620a-8bc3-458a-a499-fb8b65d9dbb0,e0b9ef6b-d7e6-45f5-8fe6-89766b17a285,8347e1f9-772a-5bb7-ace6-3c0c44f0027a,cat,0,,2026-09-02T17:55:55+00:00
f726111b-6747-4605-9cc4-d56c7941d98c,a46a27ef-ef26-4ae3-b2ed-9bcb22a7ebd6,2307116c-959f-5019-a19a-4460bed97836,desk,83,,2026-09-02T17:55:55+00:00
f2e8243d-ea65-45e2-8132-47b07327400c,f8340601-f2cd-4988-9115-98413c0d3f89,c49bbe9c-42bc-5bfa-ae11-92eed4d1f239,bookshelf,0,,2026-09-02T17:55:56+00:00
f1c703f3-2465-4f9c-b901-7d90394f8858,3e6d9730-35ed-4d3b-897a-bb23e57a7169,87dffe90-6d96-56e3-aef5-4eac913de6a8,laptop,2,,2026-09-02T17:55:56+00:00
307dc56b-7f7e-4892-a82e-9c72c61b16af,8ada1d69-300a-49c6-a1c1-441d1448d1fe,6ef453eb-19c1-5058-a187-c3caedcd3208,boots,15,7e26b2e2-de8a-40f4-9242-839f956517c2,2026-09-02T17:55:56+00:00
4af40a7c-d993-4e9e-b648-22e85f9940f0,bc4e57f6-9701-4d65-972f-1c9f2003fe71,9322a704-94be-530b-8e0d-e5600a3e379d,mattress,39,2a4df85a-3a65-4773-a6e1-14563eef1f9d,2026-09-02T17:55:56+00:00
665f547f-2b9e-47cb-9d42-75b733cad985,d7e96a2a-a228-42ca-af95-310b189116f1,76321d40-5715-5aa5-bfb5-deac7ee7ce34,ipad,18,,2026-09-02T17:55:57+00:00
37f22a45-00e0-47d0-a3cf-f328390ab18d,880f76e6-f199-48a5-86b8-89cc9b66d1f6,7e01a31f-09ac-5b88-8b45-32f513549636,laptop,2,,2026-09-02T17:55:58+00:00
89f29762-9ed4-41f4-95cb-9fffcc7d7f3a,9bd70d5b-7d8e-44d6-95d7-508992ee508e,ddb28943-e852-5d04-ae63-778f1cf15fbd,boots,15,7e26b2e2-de8a-40f4-9242-839f956517c2,2026-09-02T17:55:58+00:00
23f8bb92-54ef-458f-9a48-00448a7f5551,377e7191-3221-47cb-9795-dfb8deb3bd93,53a7b65f-cbe0-5785-82fd-802d7ce809cc,yoga mat,8,2918e7b7-6524-4908-a55e-eee1017ef0b2,2026-09-02T17:55:58+00:00
59d1f927-7afd-4473-9591-29af840073fa,20567896-d4b7-4300-bda6-325550875f20,6b8a4574-baea-5af3-b6c4-9d33027d2fee,ipad,18,eda46f92-1199-410d-aac6-bd911cb65070,2026-09-02T17:55:58+00:00
72428f42-4827-4e19-afbd-974d9859a963,9e11af42-cbad-47b5-945b-e2fe42843be2,107cb5be-1263-53a4-848a-039e4c7489f7,bike,18,19a55ba4-bddb-484d-9308-968afbb828c8,2026-09-02T17:55:59+00:00
6348cc6d-7d3f-4883-8b8d-7a823ae2616c,cc483862-ddce-4c53-af20-b14f6d75be64,3797344d-c6c8-56a9-9467-0bed827cbbdd,guitar,0,,2026-09-02T17:56:00+00:00
9ba40e6a-826a-4c65-833e-3ef9abc2c606,0459c7c6-94d8-4008-b8e0-fb02733ecce3,96f3e842-d3ee-5a7e-82fa-55b3dc3332de,mattress,39,,2026-09-02T17:56:00+00:00
ca8eb4c0-24aa-4a4b-89e3-0f6f960251eb,36252284-f2e8-487b-a7d3-25374b41a493,d4be95ce-96ed-5f7d-816c-9fed61c74362,textbook rental,0,,2026-09-02T17:56:01+00:00
9d4b9fe0-80cc-49bd-9547-299b9e1633ba,cb591dd2-5be6-4e8b-a6a2-2cde97ac5f39,978f22cf-894e-5bb6-9db6-4f906dda6217,vacuum,17,,2026-09-02T17:56:01+00:00
2eb87786-3436-4f58-a649-d79207f5a108,0967b30c-4f84-48f5-8fcd-6758cedb548b,9a2e9b51-4ed5-55f2-bee9-e8e9567120af,concert tickets,0,,2026-09-02T17:56:01+00:00
ba9d6ec7-6dd2-4c99-94de-f7a1b748a1f9,2a7ef77f-b85f-43ad-9e75-d90ad2d6830c,a766200c-9f15-5d90-ba66-2069f2eb8264,airpods max,0,,2026-09-02T17:56:02+00:00
bcbb2940-9446-4879-89da-5090406d7271,135bb0ab-b64c-437d-88ae-c3f907edf22f,00edf769-df71-5e3a-9fb2-75e84eaec4c4,bike,18,,2026-09-02T17:56:02+00:00
3bd4cd7d-cc2d-4330-8fbe-c234a36c8e13,7e25e2b5-9f83-4bc8-95d8-d69216f15bc4,0e456eb0-bb51-5956-bf78-530c51b808c3,bike,18,,2026-09-02T17:56:03+00:00
3f54263f-4958-40c7-960c-97241160bc6f,68a5d1fb-52f1-45a2-a2fb-ec576b59ceb0,000736e7-ec88-55cb-862e-8f68f7fce679,monitor,17,,2026-09-02T17:56:04+00:00
7a367560-5de9-4a81-90bb-3a23bb18d9e2,c6a5d754-8540-4f09-a164-55d8ca668819,6c2aea3e-a446-5684-badd-f1bc7c88716c,standing desk,15,,2026-09-02T17:56:04+00:00
662163bb-5ac6-4f49-a802-bb0a0b78c67c,1533231e-9d8a-4bcd-a2ff-33e2d020e088,54383ed1-595d-58bd-a67c-3cdee430d0ee,vacuum,17,2f83c24b-c750-4c5a-ab63-ef7e57ea7a2c,2026-09-02T17:56:05+00:00
79521eaf-dea1-430f-96bc-e8baffcfac08,0ad96fb0-af5f-4ef5-bcf5-c1a20ca0163c,3e69d46c-7b94-587a-9616-5af7432bfd1a,monitor,17,,2026-09-02T17:56:05+00:00
e200210b-5f4c-4673-98f9-8bbbc9879a74,98579046-5ea8-4cd5-9f46-f0e5a5bd3d58,8e69dbd6-4e03-5b0d-a330-16fa2a1f525f,monitor,17,,2026-09-02T17:56:05+00:00
e345692e-6120-4bd9-a1cf-ca07240deae6,33e5009b-0de8-45ed-8c37-d0becbd4b215,3d3370e8-2c0b-51ab-bcdd-1ab1a06cf8e8,corporate finance,15,64382d00-5d5b-4d08-97ca-7bf8792ffd9e,2026-09-02T17:56:05+00:00
0e4a131d-8d55-4fe7-9857-48ca567e048c,5077965f-c5a7-42db-a7cd-35c40b70da6c,ece1a9d3-ad1b-522d-a35d-a0cb0633b9ed,vacuum,17,05155434-487c-49b3-a877-d80ae1f2a333,2026-09-02T17:56:06+00:00
bb63c817-d101-4b8b-8ac5-3d8b5379c145,38156797-b627-4aeb-a0c5-300f9f3adfc9,24e40f3c-8b77-54da-928f-97cd29be0d3c,free,16,865e0824-aeac-4fdf-b605-de44a124b4f3,2026-09-02T17:56:07+00:00
628387f6-db86-46f7-83a1-dd0418725980,46ba6ade-c9da-4467-b66e-c1eae425af29,90b4065a-a62a-5b07-9518-8d06edc33fb4,free,16,,2026-09-02T17:56:07+00:00
4bfb9768-6767-42e5-8e48-d233b366e181,204dcf7c-06f2-43b3-a0d0-a7b402d2887d,6f18942d-214a-50e6-a93a-f44b14578c05,ipad,18,,2026-09-02T17:56:07+00:00
9a2f611a-448c-47fd-baa4-63bcd3b65127,624192cb-b552-4bfe-9931-77eab84c4db2,4dbd6ef5-16d8-5fce-9d5d-d82306f48f3e,free,16,,2026-09-02T17:56:08+00:00
856417ab-58ff-40cb-a0d4-5ae63ecea133,e6cdb890-5536-4190-b511-c6aea5f1952d,10b67dee-015b-5d36-8e97-c6137301c219,laptop,2,c8f837d8-1ae3-482c-b2a6-4ca0393af822,2026-09-02T17:56:08+00:00
a41f5458-8ae5-4637-831b-1abe2e149b71,0d8cfdf9-162f-4844-9cd6-729fca1b9962,ef7ab530-26fc-5f21-9276-fc0f197277a3,apartment,0,,2026-09-02T17:56:09+00:00
5edb8906-1567-458d-892e-6eb1f6b5c5e4,12354dd0-6f8f-4c9c-b466-5c798acd5a2a,4f612149-9f7e-598e-ad96-48e5b4e13870,guitar,0,,2026-09-02T17:56:09+00:00
382fcd76-bbf9-4540-8af5-ead437c38bcf,2ab57570-b3c5-4e65-8728-32a6b0ac1f63,be628d96-7bcb-5466-91ec-9c805f94c6a6,desk,83,,2026-09-02T17:56:09+00:00
24980a6b-c2cf-41cd-a3e3-fc6fae67aac7,16f443cf-d5c0-4214-964e-a8d0ca61fc3b,388bfedb-7f54-5021-962d-77f3dded053f,mini fridge,5,,2026-09-02T17:56:10+00:00
e68bfe66-dd72-420f-818c-eb0c2c77c799,17661fd4-50e0-4596-8535-83e845ee3d0b,86f969c9-9000-586c-9228-f6fbfd8a5c1e,kitchen,2,,2026-09-02T17:56:10+00:00
da607fc6-620a-4ca5-a1ba-be600f143e38,7d5910f5-e030-4661-add8-b2eaade7882a,c13458d2-1549-53fb-87ce-288decd41c86,office chair,0,,2026-09-02T17:56:11+00:00
cccaa80f-ee39-4053-8cca-5b94c7764759,0861ab6e-4012-42cc-94a0-6ffd45643ac3,bde77ac8-926c-597f-8e72-105a4e95d37b,monitor,17,,2026-09-02T17:56:11+00:00
43b5e78a-5aa8-4b2b-a88c-1ab5e28eacf4,13cce00a-0641-4f43-8637-da456dbbd50e,5bf02477-4fa9-50ed-8cd6-ed893f7cc101,standing desk,15,a321d099-b04f-41cc-a9af-a6f05e5476b7,2026-09-02T17:56:11+00:00
d2aa5268-127c-4928-92a8-2120bee5176c,a46a27ef-ef26-4ae3-b2ed-9bcb22a7ebd6,2307116c-959f-5019-a19a-4460bed97836,coffee table,17,,2026-09-02T17:56:12+00:00
2bbc4235-71ef-4b42-90da-0ccf6774c5d8,73951fcb-587e-448f-bf78-683136c513b1,bd3dade2-32f4-5d51-8d0f-9448a8f20405,lamp,8,356d8df8-dd69-4f7d-a87e-0c7d8c5cfd6c,2026-09-02T17:56:12+00:00
3892a179-bee3-4742-9b5a-f9f96feaddc6,3e6d9730-35ed-4d3b-897a-bb23e57a7169,87dffe90-6d96-56e3-aef5-4eac913de6a8,lamp,8,8b4e1977-7a48-4726-81c5-3ef4f4ae7f12,2026-09-02T17:56:14+00:00
e701cca0-fd29-4711-a10e-5f318cf7ae28,d4508255-496b-4fe1-b566-0413ac814973,cb2b905b-5bcb-57d3-a623-836d367a9d9f,car,27,,2026-09-02T17:56:14+00:00
10ffd735-04c4-466c-8fe2-b41d8f5d6916,030f6388-7bc0-48bc-93de-f52f9e0e9015,34f19a2e-b89b-5ade-91fc-bdc259562ebb,bike,18,,2026-09-02T17:56:15+00:00
f2d166d3-6564-41a2-af22-cf2ec3b55c3c,21285e4d-9ecc-4851-8ad3-f5719905f657,958bc46f-a179-5c62-a3ce-43bccf3b07c4,sofa,28,,2026-09-02T17:56:16+00:00
97971524-95ba-4005-82cb-a33d04ba855a,19a6e0b3-2aff-45f4-b7c3-a368425f4c5e,60403c79-2474-50e2-8650-34e62aab640c,winter coat,0,,2026-09-02T17:56:16+00:00
f496e687-ab7d-4d8e-bf46-4def53735b7e,1a840084-44f1-448f-84ef-67f148e4234d,231ab03a-1dda-5ea0-ba3b-1a6ffae3dda2,sofa,28,44f76140-7822-4deb-ab2f-f324a9ab49f7,2026-09-02T17:56:17+00:00
f19b5369-5ddc-4210-a3be-ea89b1d5d8d6,31e5e3e2-34d6-445b-a4a1-6d86c2b312f5,2c0c8d8f-b249-51c7-b099-fb2ccffa935d,ipad,18,,2026-09-02T17:56:17+00:00
4376fad6-93b9-4e35-ad54-6c0d9044c552,81ece76f-84c1-4817-8f32-bb787c26a0a3,95446ad2-b788-5fd0-a3f2-514cedbea2fa,vacuum,17,,2026-09-02T17:56:19+00:00
1bfd0807-463c-45c4-aaf8-39e279932a7d,34bb6b84-f580-43e5-b382-8d64000dc73d,09b87ac3-d3dc-5821-b548-12d3c2ae2655,sofa,28,e799613e-c8c8-45ab-9948-909ed38ce154,2026-09-02T17:56:20+00:00
05349838-1d34-4963-830d-7937bad7a5b8,bc4e57f6-9701-4d65-972f-1c9f2003fe71,9322a704-94be-530b-8e0d-e5600a3e379d,apartment,0,,2026-09-02T17:56:21+00:00
cd04dfc2-e4f9-4b8a-acc8-8860f2b9a7e5,244caaed-ae63-4e3d-9ed2-7e3a12f8f542,7441f18b-a450-5d16-9e5d-6f6ce4824297,sofa,28,,2026-09-02T17:56:22+00:00
96883366-7642-46bb-9db0-dfdb1f70233c,20567896-d4b7-4300-bda6-325550875f20,6b8a4574-baea-5af3-b6c4-9d33027d2fee,vacuum,17,,2026-09-02T17:56:22+00:00
dbd50c68-43bb-456a-aa04-5f894877863c,5ad1634f-c550-4afe-a35d-e3670be3ced4,c53afeca-81ce-577f-b852-f11656bfe1d4,mini fridge,5,,2026-09-02T17:56:23+00:00
144dbdbc-75e1-42b5-bb4d-560cc34d7399,c6a5d754-8540-4f09-a164-55d8ca668819,6c2aea3e-a446-5684-badd-f1bc7c88716c,kitchen,2,,2026-09-02T17:56:23+00:00
0cdb38e8-becf-47b0-bf2c-36e5d0153fa7,c6a5d754-8540-4f09-a164-55d8ca668819,6c2aea3e-a446-5684-badd-f1bc7c88716c,monitor,17,9dbed5bd-bf25-41e2-b486-4b4d70fb88c8,2026-09-02T17:56:24+00:00
6823e5bf-69db-4f53-987b-7e88aea08c89,6e8bd2b2-8577-4176-ab3c-67fe5e14d009,0d0ce3af-6086-51c6-84bc-c3072157e918,kettle,13,087ed90f-ca6d-4fbc-8160-05f0a10ae19f,2026-09-02T17:56:25+00:00
5b7b6d00-b2ae-4286-8785-a4a56133ce42,cc483862-ddce-4c53-af20-b14f6d75be64,3797344d-c6c8-56a9-9467-0bed827cbbdd,textbook,0,,2026-09-02T17:56:26+00:00
49079cde-00ec-4470-8bfc-f9b565c16a88,052ab455-27c9-42f2-a915-5266478aba7c,92e3b3c2-f34d-5061-b976-8bb54574a314,desk,83,,2026-09-02T17:56:26+00:00
f5b70285-b6e4-440e-8972-c749a5d484e4,377e7191-3221-47cb-9795-dfb8deb3bd93,53a7b65f-cbe0-5785-82fd-802d7ce809cc,laptop,2,,2026-09-02T17:56:27+00:00
e6bfec23-cd3e-4972-9c94-07f56bc43893,d7e96a2a-a228-42ca-af95-310b189116f1,76321d40-5715-5aa5-bfb5-deac7ee7ce34,monitor,17,,2026-09-02T17:56:28+00:00
dfcaaca8-840a-4876-8873-2453424b1f19,4a9ba647-dfe2-49e1-bb29-2cba11c55421,cc74a8e5-cbe1-5098-80de-2f74611912e0,car,27,,2026-09-02T17:56:29+00:00
9f7ff67a-e4c8-40be-8e5a-63a94690a345,ae4f41a6-a0e3-4f68-a68a-774105d2f115,0cdf7529-05f5-561b-a9ca-9d090c16b55a,headphones,24,111acafd-109e-48af-92b3-ffa3926d74e6,2026-09-02T17:56:29+00:00
41428fd6-03e7-490f-96ee-8eae6ed9c208,7c147f54-3645-4b45-97db-b4a3ad648658,2efd5604-6346-535e-9ba9-b258ca2075d2,microwave,4,,2026-09-02T17:56:29+00:00
67199e48-133c-4012-89a5-ddd0b9edd93a,0ad96fb0-af5f-4ef5-bcf5-c1a20ca0163c,3e69d46c-7b94-587a-9616-5af7432bfd1a,guitar,0,,2026-09-02T17:56:29+00:00
3c363d87-41a4-4759-8486-69780efd9345,bf54b662-7115-4d3a-9d44-59478f662a8c,6b52eff6-ba5e-5e9f-bf11-b0d645482352,bike,18,,2026-09-02T17:56:30+00:00
1ca5468d-8725-4023-9e11-446599d658d7,bf54b662-7115-4d3a-9d44-59478f662a8c,6b52eff6-ba5e-5e9f-bf11-b0d645482352,headphones,24,f6bd6334-b13b-4eb5-abbd-d5cd2cfd3e65,2026-09-02T17:56:31+00:00
f834691e-3825-4430-af97-3051015bcf61,31167b7b-4d99-49e7-8ae6-e6a47ddc24f8,9c5b7125-d3bc-57be-ac92-a057c183058d,car,27,,2026-09-02T17:56:31+00:00
8260fe90-91b1-4554-b7bb-2be26c6505f5,89d67556-f3bf-4c5c-b4f7-8eb954ba928e,0ea9396d-44e0-55f4-9e65-00038817fc53,sofa,28,,2026-09-02T17:56:31+00:00
1b7f773b-1b89-4930-bd2d-5c511c33db8c,ae4f41a6-a0e3-4f68-a68a-774105d2f115,0cdf7529-05f5-561b-a9ca-9d090c16b55a,monitor,17,,2026-09-02T17:56:32+00:00
2d224a68-8c36-43db-9491-b24f2b7dfb07,2f4b1887-379d-4094-919e-a79bb84fab9b,05cabcc3-9dcf-5b50-a2d4-edc4b9214ad0,free,16,0ca4a775-dff9-4a40-81d0-6075aa1173fc,2026-09-02T17:56:33+00:00
f033daf7-4607-40ec-96a6-776048034de4,ce7d0d75-7795-4ee4-ac4b-451653e2299f,49c35235-8c6b-5e93-a7a3-1ae6c934120b,ps5,0,,2026-09-02T17:56:33+00:00
43d35bd3-6946-4b36-b59a-988518b7f6eb,ce67fa39-9af5-4f66-98bc-49666c6ec04c,629087de-7742-5ec3-8f8d-1d1be96028af,corporate finance,15,81da6073-3278-480b-b86f-50eee25b9b7b,2026-09-02T17:56:33+00:00
6fbe38ea-b008-4b06-be00-91b60111831b,7e4c1870-3096-41b8-b052-4911d80d39f4,6ac7d122-2053-52c6-9124-1df99eb3cec7,apartment,0,,2026-09-02T17:56:34+00:00
ec6be88b-8aac-4141-9d50-4a6bf991953a,16746d30-4545-4105-a2e8-7da9c5208cb5,762afde7-4bbf-502e-9129-1de36ae0f3fb,textbook rental,0,,2026-09-02T17:56:34+00:00
68d6d4bf-c302-409d-ac35-d24bc1289506,3a26d6b7-6942-4fdb-896b-8e3aa4a242d3,f78735ba-d088-5735-9f64-597867835805,textbook,0,,2026-09-02T17:56:35+00:00
02f32312-8600-425d-a5d3-8c83a1468e3b,05fb0c96-152e-4ab1-9634-cb2c6a6c3965,f7ccd8b7-8589-53f8-878e-56a5723ef13e,cat,0,,2026-09-02T17:56:36+00:00
bf421bc8-523e-450f-81f6-d24730148536,58ba42d6-a3e8-433b-b45d-7a24884f5abf,6e5e4d3e-f45f-51d1-ae8e-aff1dcc1e540,desk,83,,2026-09-02T17:56:37+00:00
0308256a-7502-4ca2-8fc9-0a7e5e418874,b39b0d31-5468-4f8c-b0e1-015cf5d250f5,62f28626-0cd7-5e6f-9f71-99b1e61a293c,coffee table,17,0a9685dc-4dd0-48ba-b446-7267de5a4d74,2026-09-02T17:56:37+00:00
5efb6c62-791c-494b-9d52-ea48fc463e5d,b9da329a-3d04-4f0e-b90f-119d2d7bf851,49cb5fca-3681-5634-93d6-37975d578144,ps5,0,,2026-09-02T17:56:37+00:00
bd24c2e6-a907-4ba8-bb63-77104de7ded4,1f8b2d56-2ffa-4ff9-a613-b3e5e8618769,9dceae2e-ff2c-50a1-b440-b0fda70860cf,dresser,25,1c30d070-5cb2-4838-8694-6b73fb94c172,2026-09-02T17:56:37+00:00
68b188f4-de7d-4097-84de-4d947cba2182,a1940ed5-c898-4d47-931c-b21c325c3345,3200b57c-9f5f-5580-b874-17c22cd82310,mini fridge,5,,2026-09-02T17:56:38+00:00
923784be-cd47-4fa9-88fc-aba143403ba7,377e7191-3221-47cb-9795-dfb8deb3bd93,53a7b65f-cbe0-5785-82fd-802d7ce809cc,desk,83,65c34bfd-cacc-4e81-ba0f-2c7c1a795b71,2026-09-02T17:56:39+00:00
b72a442c-5d0a-4493-b927-5078870caf22,17205c4f-59ba-489a-b1c0-e573f032817f,15ee8f04-e5d5-5e44-b87c-0ab1cebd9b9b,mattress,39,ae879405-7071-4005-b042-36016f41c5ab,2026-09-02T17:56:39+00:00
303b66de-ed59-4e2c-a6ba-8d8bb915216c,04531230-dd4e-4ce8-a301-2b7332324090,143d8b35-80e6-5835-92db-9d5d9ad5739f,cat,0,,2026-09-02T17:56:39+00:00
f293958d-2bb4-4960-b869-e47e2220d213,1f8b2d56-2ffa-4ff9-a613-b3e5e8618769,9dceae2e-ff2c-50a1-b440-b0fda70860cf,standing desk,15,,2026-09-02T17:56:40+00:00
330f2d1c-d288-4784-b2b2-44341abffa0c,7bd352e0-3016-452b-a485-917392919f80,3586ff93-c003-52ae-b463-071fe07ef377,office chair,0,,2026-09-02T17:56:40+00:00
98e4edb9-edc8-4e29-a902-e2a609f93a1b,bc4e57f6-9701-4d65-972f-1c9f2003fe71,9322a704-94be-530b-8e0d-e5600a3e379d,iphone 15,0,,2026-09-02T17:56:41+00:00
9d35d6f0-60cc-4e1d-85c9-e59cea5c2d4e,1b2f1fac-dc12-45b8-9a5d-964ac8eb7559,21e56d10-68bd-5fe7-bdb0-522280a8fb8e,coffee table,17,30391140-3826-4ae9-9108-06b0eebedab0,2026-09-02T17:56:41+00:00
843b2a59-cd57-4219-ae07-556a9f02ec24,7d5910f5-e030-4661-add8-b2eaade7882a,c13458d2-1549-53fb-87ce-288decd41c86,kettle,13,,2026-09-02T17:56:42+00:00
454e4606-d79d-4d4c-a880-adb5c77f8cd0,bddc13b9-b178-48ff-bab2-df1aca4ad927,f5ae30b3-14b2-5ff6-82f8-41ffa9871f0d,desk,83,,2026-09-02T17:56:43+00:00
ed291c5d-3644-4bc5-93a7-54eb88e8a4a0,aad30630-8e92-421f-b48a-f3109914adea,6f0b66bf-1c58-569f-99b0-53ef7d688785,iphone 15,0,,2026-09-02T17:56:43+00:00
e354ebe3-cc32-4823-8c37-ef5db04a9ca4,17205c4f-59ba-489a-b1c0-e573f032817f,15ee8f04-e5d5-5e44-b87c-0ab1cebd9b9b,bike,18,,2026-09-02T17:56:44+00:00
37ba1d70-2424-439a-8cf0-0b088157963b,de7eec7f-66a2-4cf7-9de7-b653982bbaaf,8c4a6d1b-06a9-5b03-b78d-5c50040c9a3b,desk,83,,2026-09-02T17:56:44+00:00
8087292e-30bc-4f92-82a8-4cf321b15230,789c6728-3d71-4d9c-8465-dc4340ceb18e,78ea7c6c-2548-5df8-abf5-3babaedb15ea,apartment,0,,2026-09-02T17:56:44+00:00
7dea3fe7-82cd-4db4-ac1c-2462e2065f3f,6e8bd2b2-8577-4176-ab3c-67fe5e14d009,0d0ce3af-6086-51c6-84bc-c3072157e918,desk,83,712ef962-5cb2-4067-890a-4d2ebc88829b,2026-09-02T17:56:44+00:00
3849b09f-3b13-42b3-b9f9-9b9f93bd35c7,9e11af42-cbad-47b5-945b-e2fe42843be2,107cb5be-1263-53a4-848a-039e4c7489f7,free,16,,2026-09-02T17:56:45+00:00
b9d7e1d5-46bd-4e75-8ee4-7e1fcf9897e6,cc483862-ddce-4c53-af20-b14f6d75be64,3797344d-c6c8-56a9-9467-0bed827cbbdd,rice cooker,5,ae4b9d86-dd63-46d3-b249-d9482b353200,2026-09-02T17:56:46+00:00
33d075a0-157e-49ec-b772-3fee54f42e6f,d162a6d2-78de-4220-8b3e-72470ac0d0c5,cd8ee06f-b1b7-58db-97a3-cce73206ce27,boots,15,,2026-09-02T17:56:47+00:00
8c3eef94-257c-4bbe-a603-d7ec7116e648,f092e52c-93f6-491a-a742-3887d0efee68,2127a572-558f-598e-99d7-0b96070dd6d8,rice cooker,5,,2026-09-02T17:56:48+00:00
bce10a48-a701-46c2-8f7d-06b6e1d078b1,4f14b9b6-1b26-45f2-bcba-ecfcafdeb6e3,8a060949-bad0-5e4b-9f50-8c3bd3d50b3f,guitar,0,,2026-09-02T17:56:48+00:00
06434394-b5ea-43d6-b7e0-c3b1ec74cf4a,31167b7b-4d99-49e7-8ae6-e6a47ddc24f8,9c5b7125-d3bc-57be-ac92-a057c183058d,laptop,2,c8f837d8-1ae3-482c-b2a6-4ca0393af822,2026-09-02T17:56:49+00:00
901041f5-8319-4ec9-9050-429cab704558,0967b30c-4f84-48f5-8fcd-6758cedb548b,9a2e9b51-4ed5-55f2-bee9-e8e9567120af,dresser,25,,2026-09-02T17:56:49+00:00
c43f4eff-d391-4782-ab57-6a71d3554419,15d52282-aa0d-49e9-9796-e5c609b8facd,5c4a7a80-5575-50d6-a54e-02359e4e333c,coffee table,17,,2026-09-02T17:56:49+00:00
acbda59a-03c3-4c09-a399-520724b13032,4f14b9b6-1b26-45f2-bcba-ecfcafdeb6e3,8a060949-bad0-5e4b-9f50-8c3bd3d50b3f,corporate finance,15,,2026-09-02T17:56:51+00:00
14bf8a40-6f6d-4af5-a1a9-37c6880b154d,323773fe-1734-4723-9d7c-e9ea06ffd008,adcc466b-a9a8-587d-af23-7951944f56e0,airpods,3,1e80c500-64d1-4ab2-90ca-87084c1f1a23,2026-09-02T17:56:52+00:00
3b9dd755-e182-4f27-ae5b-993b8253f39b,98ad27ce-e47e-4771-ad29-805b07806c9f,0ca489c9-b408-562d-aab9-71769eaf68ce,sublet,0,,2026-09-02T17:56:52+00:00
34de12e6-1a86-43c5-a616-e9fbfd983280,1f8b2d56-2ffa-4ff9-a613-b3e5e8618769,9dceae2e-ff2c-50a1-b440-b0fda70860cf,office chair,0,,2026-09-02T17:56:52+00:00
44fea5c7-f420-41ca-be2c-d1f4ab2381f3,58ba42d6-a3e8-433b-b45d-7a24884f5abf,6e5e4d3e-f45f-51d1-ae8e-aff1dcc1e540,mattress,39,,2026-09-02T17:56:54+00:00
756e1e80-7ae3-4f80-b5e0-215c56565819,d22b3806-011e-4687-9849-8139d0251d38,61c7b279-2a75-51c8-859d-d26d447f38a4,yoga mat,8,a4eeb354-6f1e-46cc-bf11-a1a3953a5b8d,2026-09-02T17:56:54+00:00
aee61738-9439-40c5-9df3-9e58bb99bcc8,8ada1d69-300a-49c6-a1c1-441d1448d1fe,6ef453eb-19c1-5058-a187-c3caedcd3208,ps5,0,,2026-09-02T17:56:54+00:00
91274441-3f6c-4ea4-ab93-62fdac17a3db,3e6d9730-35ed-4d3b-897a-bb23e57a7169,87dffe90-6d96-56e3-aef5-4eac913de6a8,lamp,8,,2026-09-02T17:56:54+00:00
9d58104b-c37f-42ae-ad87-eca1935d1240,cb591dd2-5be6-4e8b-a6a2-2cde97ac5f39,978f22cf-894e-5bb6-9db6-4f906dda6217,headphones,24,,2026-09-02T17:56:56+00:00
3552a6fb-938a-40d4-a11b-1098c49a768b,135bb0ab-b64c-437d-88ae-c3f907edf22f,00edf769-df71-5e3a-9fb2-75e84eaec4c4,parka,2,,2026-09-02T17:56:58+00:00
abf66f79-a19b-405a-9bfd-1e1d61d00f4a,a12c9d7b-2371-4415-9829-239445dc5a9e,94400bd2-7575-51e4-91f2-65df40e87b8d,sublet,0,,2026-09-02T17:56:58+00:00
4c5dd40b-0381-4157-a500-d551c7c91c0d,34bb6b84-f580-43e5-b382-8d64000dc73d,09b87ac3-d3dc-5821-b548-12d3c2ae2655,apartment,0,,2026-09-02T17:56:58+00:00
6f874231-15bb-4e61-944b-61c75358faf4,1b2f1fac-dc12-45b8-9a5d-964ac8eb7559,21e56d10-68bd-5fe7-bdb0-522280a8fb8e,rice cooker,5,,2026-09-02T17:56:59+00:00
0479d564-62c1-44c0-b113-8389751917ae,cbaf2ac2-d910-49fe-b1b9-fe6ae1cb7bae,f5caa5d9-0371-568f-8838-d453bad0e9c1,iphone 15,0,,2026-09-02T17:56:59+00:00
8a4eb0fa-1994-4445-b6bc-d31ac0fc4920,0334f17c-6899-4736-8ab2-429b4f561a7c,3c9e89d3-1385-5089-b3cf-94fd95cacf6b,desk,83,f84ec975-e1dd-4ced-b0ff-2af15a8cc2d3,2026-09-02T17:57:00+00:00
97bbf241-6f1b-4b3b-a939-7f322be1e3c6,a45ac5b4-0679-4ebf-84e7-2d9da623f04a,a61a0931-6032-58b5-99cc-b1f3ba31cc6d,cat,0,,2026-09-02T17:57:01+00:00
e0a94ceb-beaa-46af-92b5-205620f816c0,af53ade1-24e1-4eb4-ba1f-47690f5ef2cb,e54414db-3097-5355-941e-bd36096e4f92,kitchen,2,,2026-09-02T17:57:01+00:00
c1a3908d-eb3c-446f-bae1-696e0683df65,d00207f3-bd03-44cc-9a3c-3064ce8e1f35,e840462d-8f1b-5647-b00e-1adaa70e37e8,cat,0,,2026-09-02T17:57:02+00:00
7a9508c4-c9a8-46d2-a5a7-b63453b9e7f8,04f84970-9afe-4001-b319-d8f3b2a04e42,418e35be-ee0a-5846-b378-8569979f47f9,car,27,476e4533-c91a-402b-8ebd-21a42412c09b,2026-09-02T17:57:02+00:00
082cd4f9-ad91-4ba9-b086-75492b98cf09,0459c7c6-94d8-4008-b8e0-fb02733ecce3,96f3e842-d3ee-5a7e-82fa-55b3dc3332de,winter coat,0,,2026-09-02T17:57:02+00:00
f114cd0a-3376-4650-bcd9-760d147e3094,1cd48c64-f20e-4082-a7f1-2a3bb03696ba,eed24e2e-e6c3-5797-873f-ac542d5119c7,microwave,4,79cc7c97-3981-439d-be4d-7401df48343a,2026-09-02T17:57:03+00:00
10877b03-aa65-48a6-a1f9-4f3c807b6621,66bc6dc3-75de-43fd-be1e-f43f8ae0aa9c,dc41da18-6fc0-5f57-81ce-2ca6fc0a3e14,textbook,0,,2026-09-02T17:57:03+00:00
c5abb138-f5b7-4710-9ef3-00e62567f0a5,e527c615-824b-4cbb-9b36-05d56a2a10d1,b28388a2-ea85-59dc-9bc2-129cd81b849a,yoga mat,8,,2026-09-02T17:57:03+00:00
e1fff298-0628-44f2-8349-fac0ba7807e6,4a9ba647-dfe2-49e1-bb29-2cba11c55421,cc74a8e5-cbe1-5098-80de-2f74611912e0,microwave,4,,2026-09-02T17:57:04+00:00
0761bbf6-a342-4715-83f3-d2018594b4ea,df4aea86-0433-43d3-bb3d-02416d885166,e00c90a2-6369-55a5-88ac-e57c8c2e16f7,mini fridge,5,71a0699f-669a-434e-ac77-c3b9da9705ca,2026-09-02T17:57:04+00:00
2ecd9ec3-998b-4559-a44c-4930dc30e220,a489a790-afe9-41c4-91ca-ce9a24991829,06862081-50da-5f7a-a1c8-bfd72d443d37,car,27,a0001900-66de-4652-8e4d-d44bb4753edd,2026-09-02T17:57:04+00:00
9d4e6289-1e45-4bb1-83b9-95e568853b70,ca547188-6614-46aa-aeac-cf26c0c9cc1c,8363962e-46a4-5b69-9a1d-734d69a1d369,airpods max,0,,2026-09-02T17:57:04+00:00
2878c573-a825-4926-ad58-aa703ecf28a6,98911231-0298-4b00-8623-dc3cd5d7cea3,b586c8cc-9a9f-54ba-9b70-9419f4811e91,desk,83,,2026-09-02T17:57:04+00:00
79ce73c5-6c74-4ccb-b96a-5c9a029cab81,d10d3c59-6919-439f-a0ee-ed3b90ffb4f4,14508dce-0360-54b8-8a9c-f7ee73ce1992,sofa,28,,2026-09-02T17:57:04+00:00
a60c00e3-cf45-4fbb-a72c-410e4af13fc6,cb8a271b-afec-4261-a281-a720412ff762,e814d835-dc94-56fc-9216-f0d97e5f12b1,vacuum,17,,2026-09-02T17:57:05+00:00
7db070e4-b62e-4193-954e-e83824672259,f092e52c-93f6-491a-a742-3887d0efee68,2127a572-558f-598e-99d7-0b96070dd6d8,bookshelf,0,,2026-09-02T17:57:06+00:00
bfaf9bfc-df9c-45b7-a163-409f774ebb17,b39b0d31-5468-4f8c-b0e1-015cf5d250f5,62f28626-0cd7-5e6f-9f71-99b1e61a293c,airpods,3,,2026-09-02T17:57:06+00:00
a96c10ca-dc9e-4fd8-b06d-a93130f8ae44,bddc13b9-b178-48ff-bab2-df1aca4ad927,f5ae30b3-14b2-5ff6-82f8-41ffa9871f0d,free,16,,2026-09-02T17:57:07+00:00
bbf4221e-39b4-42b7-8436-b9984467ba9d,6e8bd2b2-8577-4176-ab3c-67fe5e14d009,0d0ce3af-6086-51c6-84bc-c3072157e918,sofa,28,60e2dc63-a7eb-4754-b4b0-e55231e92549,2026-09-02T17:57:07+00:00
9a975db5-c7d8-4c05-b7a0-705ef748ec4d,0a184521-73d3-4102-aca7-b2caaa11f12e,430c0b88-316c-5a5c-b3ac-5a3868156f13,bookshelf,0,,2026-09-02T17:57:08+00:00
02f21d8d-c8a0-4048-ba82-868cb9a19765,8ada1d69-300a-49c6-a1c1-441d1448d1fe,6ef453eb-19c1-5058-a187-c3caedcd3208,ps5,0,,2026-09-02T17:57:08+00:00
16ca661b-bafb-496b-9438-a2e1e8e602c9,bf54b662-7115-4d3a-9d44-59478f662a8c,6b52eff6-ba5e-5e9f-bf11-b0d645482352,rice cooker,5,,2026-09-02T17:57:08+00:00
29b0b4de-dc44-4792-8ff2-3d4aa9abdbfa,ce7d0d75-7795-4ee4-ac4b-451653e2299f,49c35235-8c6b-5e93-a7a3-1ae6c934120b,rice cooker,5,,2026-09-02T17:57:08+00:00
a6b6b9b1-9537-4e8d-933f-d99955da45f1,e1d1ec8a-4a06-4c11-92ae-cd479f53a2fe,08e9c1bf-320c-57d0-8c39-2b8fb54f7b6e,lamp,8,3b75bf9b-df8c-47be-8138-1b969d8481e8,2026-09-02T17:57:08+00:00
6d4639af-ea71-41a3-b380-5b91318256db,89d67556-f3bf-4c5c-b4f7-8eb954ba928e,0ea9396d-44e0-55f4-9e65-00038817fc53,standing desk,15,,2026-09-02T17:57:09+00:00
b604cd6b-4f3b-4a7b-b28c-3679c6f1ba3e,0833917a-2be1-4679-bcf4-6a18d3d0ab24,54e2cbed-ecae-5ae0-a6ed-930b610afb24,ps5,0,,2026-09-02T17:57:09+00:00
8d334525-5bb8-45d9-afdf-ae841f7689a4,0334f17c-6899-4736-8ab2-429b4f561a7c,3c9e89d3-1385-5089-b3cf-94fd95cacf6b,desk,83,,2026-09-02T17:57:09+00:00
a154a591-bfec-4c6e-ab3c-4313ced8da3f,0967b30c-4f84-48f5-8fcd-6758cedb548b,9a2e9b51-4ed5-55f2-bee9-e8e9567120af,coffee table,17,d9dbbbf3-df71-40fc-b258-2dfb80ea3d9b,2026-09-02T17:57:11+00:00
6cebcfc1-5fdc-4b9b-b628-9e608f5f2c54,b39b0d31-5468-4f8c-b0e1-015cf5d250f5,62f28626-0cd7-5e6f-9f71-99b1e61a293c,desk,83,5945a9d4-8ad4-417e-bffa-756e68f01558,2026-09-02T17:57:12+00:00
7074dfd7-5004-4f97-b70b-09227580b3d7,a45ac5b4-0679-4ebf-84e7-2d9da623f04a,a61a0931-6032-58b5-99cc-b1f3ba31cc6d,lamp,8,,2026-09-02T17:57:12+00:00
a191c11e-d9ab-428d-8db3-ea2d416a4fa7,a1940ed5-c898-4d47-931c-b21c325c3345,3200b57c-9f5f-5580-b874-17c22cd82310,office chair,0,,2026-09-02T17:57:13+00:00
e77cb6fc-e32e-420d-8986-b529d36816ae,d272ff8b-cb05-4f34-ae6b-aeece11e7913,86664cd9-4a2e-5d00-ae4f-d6b2253746be,sofa,28,4a17397e-f126-4099-a032-b406836fc205,2026-09-02T17:57:14+00:00
64cd7e8b-29e4-48c3-945e-26a0cb250dbe,1f8b2d56-2ffa-4ff9-a613-b3e5e8618769,9dceae2e-ff2c-50a1-b440-b0fda70860cf,kettle,13,,2026-09-02T17:57:14+00:00
bc1d1d33-dfce-4a1f-a0a1-c5f6c9aa7aea,5cc4ad1e-e061-4786-92bf-75c6e666d9c9,6d2df4e9-b2ae-5f50-a609-d22cf1503ee4,bike,18,,2026-09-02T17:57:14+00:00
af337ace-945e-4e5b-878b-646e81054054,2643bbdd-a685-4d2f-82f7-bb0156888708,f91ee6b6-7ee1-5dfa-a49a-048c96688e6f,laptop,2,c837e9d4-2f2b-4ddb-b418-5aeace9f4e22,2026-09-02T17:57:15+00:00
b495f5c8-3e00-4765-b480-fa3f8f335acc,7c147f54-3645-4b45-97db-b4a3ad648658,2efd5604-6346-535e-9ba9-b258ca2075d2,yoga mat,8,,2026-09-02T17:57:15+00:00
6df2727e-1c25-4ac4-be94-adc3b03a304f,450c7fc8-eb99-4e76-9ce0-7ac84502cfc9,30ee6143-3985-548d-a174-a1f5f08aa40c,microwave,4,,2026-09-02T17:57:16+00:00
3e071a19-79c1-42a5-8dd0-9e78d4e296b0,b092af0d-a2bd-4137-be44-3e464c231dd3,d71fb79f-d66c-5423-a20e-9266b85ff00e,apartment,0,,2026-09-02T17:57:17+00:00
840762e6-3b2e-4f70-be23-aa51c3ebb770,68a5d1fb-52f1-45a2-a2fb-ec576b59ceb0,000736e7-ec88-55cb-862e-8f68f7fce679,boots,15,b9c185fd-f5b3-4665-a512-76e5aa641dff,2026-09-02T17:57:17+00:00
4cf276d7-b7c6-4216-bd01-18cfe8f27638,6423437e-a22b-4286-8d04-66e6945f2259,b713dc16-9494-57b5-b499-17269f5087fd,laptop,2,c837e9d4-2f2b-4ddb-b418-5aeace9f4e22,2026-09-02T17:57:18+00:00
1361322c-5f5e-42df-ba6c-7b42e12a69f1,b4057330-ddc6-443e-9fc2-f268ee643288,d5f785d1-b603-505c-b6e7-a8158b64b9a5,desk,83,,2026-09-02T17:57:18+00:00
68ca83a5-da65-4827-a6d6-1618dac93a1b,46ba6ade-c9da-4467-b66e-c1eae425af29,90b4065a-a62a-5b07-9518-8d06edc33fb4,microwave,4,,2026-09-02T17:57:19+00:00
6af9cb09-b8e8-4b70-83c6-85a7ef3aff76,31167b7b-4d99-49e7-8ae6-e6a47ddc24f8,9c5b7125-d3bc-57be-ac92-a057c183058d,cat,0,,2026-09-02T17:57:19+00:00
cfb4f23d-7745-47f4-a256-d397e6e18a52,109a3466-1b74-42ea-b890-dda986caf387,4f7f71ca-efbf-5c27-bc43-112d45f387f2,standing desk,15,,2026-09-02T17:57:20+00:00
756500c0-feef-46e2-92a9-1c947d0df05e,ccf643f0-7837-4ca1-8bbd-5f64f321d4f4,29cbc088-038f-5d0c-a1b3-027f158f548a,printer,0,,2026-09-02T17:57:20+00:00
b1cd8103-49f7-443f-a7c3-9c365ef1d716,16efbd3d-b8b5-4695-8df4-431470ed3973,6c7ce04d-1f7f-550e-bd44-bcc709f0e65a,kitchen,2,,2026-09-02T17:57:20+00:00
e2379c2b-059a-417b-8647-080fc9b35218,cbaf2ac2-d910-49fe-b1b9-fe6ae1cb7bae,f5caa5d9-0371-568f-8838-d453bad0e9c1,iphone 15,0,,2026-09-02T17:57:21+00:00
fd6ade45-4b2c-462c-b6aa-cb16feb42da1,579eb449-7dee-40ac-863d-90444a454383,6ba90bd9-f89b-52be-b98c-6782fa4d70bd,airpods max,0,,2026-09-02T17:57:21+00:00
8d51971e-4676-46b5-9aee-d3f992a67441,4edc9d63-ef03-4628-8e70-e2e45f17e5f9,84f7f58f-cf6c-57d9-8670-f12f2d1393b7,car,27,,2026-09-02T17:57:21+00:00
745e915a-1cd5-4367-94e7-defd29afb017,bf54b662-7115-4d3a-9d44-59478f662a8c,6b52eff6-ba5e-5e9f-bf11-b0d645482352,boots,15,8e8eba10-09ed-4736-9283-5f89aae2cb09,2026-09-02T17:57:22+00:00
1d341852-11b7-4427-8e12-40ebf8444fee,4d64501d-cc2c-4970-bbbf-0c44c9858a3c,113a976f-4606-57f8-914f-088f15b4507a,kitchen,2,,2026-09-02T17:57:23+00:00
1e17a7b3-e2fa-4506-bfc9-8aa6537805a0,e32264cb-8399-429c-be3b-24041e72b2e6,f22e3e56-0bdd-5c00-aeaa-97038f666b27,lamp,8,8b4e1977-7a48-4726-81c5-3ef4f4ae7f12,2026-09-02T17:57:25+00:00
34b3e985-f15d-4ce0-a0f4-1eb558935d4f,3d9d1b9a-08df-4836-a566-7a3612069a50,146e3797-13a4-5238-81b6-06fc85cf15b3,airpods,3,,2026-09-02T17:57:25+00:00
f3a3fc23-0104-4eba-897e-78e24f2f4bf5,2474e0bd-3261-4377-838d-4687ea35d755,e962cfda-e65d-5d14-a9cd-092fc41c060c,ipad,18,91e04afc-2cf8-478d-ac8e-0fbee2879c76,2026-09-02T17:57:26+00:00
83b8073a-1219-4a5e-9b1d-309eed90774c,1feae195-dd64-4313-9658-78c38f57850f,8eb16ef6-9d9f-5512-b678-7605a3f9173a,mattress,39,89af548f-7c77-4f21-8a22-790fc02ecf83,2026-09-02T17:57:26+00:00
3c1a133a-2deb-4671-89ae-84378a8a17a8,3d9d1b9a-08df-4836-a566-7a3612069a50,146e3797-13a4-5238-81b6-06fc85cf15b3,lamp,8,,2026-09-02T17:57:26+00:00
6b98522f-c408-435e-bc9e-53126bff29e2,61c18988-ae66-48f3-943c-a49ee2ad2d55,07ccd921-faef-52a9-a07b-e260fe6d3505,desk,83,65c34bfd-cacc-4e81-ba0f-2c7c1a795b71,2026-09-02T17:57:26+00:00
2290640c-ab81-4040-8b6f-e7c713f33a0f,cc483862-ddce-4c53-af20-b14f6d75be64,3797344d-c6c8-56a9-9467-0bed827cbbdd,standing desk,15,65c34bfd-cacc-4e81-ba0f-2c7c1a795b71,2026-09-02T17:57:27+00:00
86b8354c-287f-4e86-aa39-e9ad57b58838,d7e96a2a-a228-42ca-af95-310b189116f1,76321d40-5715-5aa5-bfb5-deac7ee7ce34,airpods max,0,,2026-09-02T17:57:28+00:00
11964771-324f-4181-8291-cfde05b7f26c,a45ac5b4-0679-4ebf-84e7-2d9da623f04a,a61a0931-6032-58b5-99cc-b1f3ba31cc6d,sublet,0,,2026-09-02T17:57:29+00:00
9ca7ceb9-ce64-4306-9cfc-91967cd2a125,1f0ddb3c-4cd1-49b9-a789-23889508ed4c,9d0bc656-a850-5611-be09-d109b89313ca,sofa,28,,2026-09-02T17:57:29+00:00
e9934aac-1ef9-4984-a243-6606306247c0,b4057330-ddc6-443e-9fc2-f268ee643288,d5f785d1-b603-505c-b6e7-a8158b64b9a5,printer,0,,2026-09-02T17:57:29+00:00
b6acea44-4168-4992-bd98-53d9d7f891ce,76ccd1ff-3a84-48cc-8149-8acfff606858,69bcbe8c-baea-50f6-83ac-bd8ca7ae9e5a,bookshelf,0,,2026-09-02T17:57:30+00:00
1faa7d84-196c-4972-80f5-dbde45b5c2e4,450c7fc8-eb99-4e76-9ce0-7ac84502cfc9,30ee6143-3985-548d-a174-a1f5f08aa40c,coffee table,17,,2026-09-02T17:57:30+00:00
d33d8ba4-c0ec-42c2-a266-68bd1289401a,135bb0ab-b64c-437d-88ae-c3f907edf22f,00edf769-df71-5e3a-9fb2-75e84eaec4c4,vacuum,17,1d4242b8-fd28-4ade-969a-3759dcd6d78b,2026-09-02T17:57:31+00:00
1a77a86f-e7b8-45c1-a224-12b65157e27f,66bc6dc3-75de-43fd-be1e-f43f8ae0aa9c,dc41da18-6fc0-5f57-81ce-2ca6fc0a3e14,kettle,13,,2026-09-02T17:57:31+00:00
f9e23375-9584-453d-9b04-02860a2edb8a,2339a0ed-6db2-4bdd-9fa6-819624511eb4,54284259-88ff-5535-bbfe-6623040453d3,printer,0,,2026-09-02T17:57:31+00:00
25e5cecb-3fd9-4a57-8194-5d66c72d1d87,155a532f-e1b2-4f3a-9516-79dc762fef29,fd6ee41e-42ae-54bd-8316-83f5f5fbbd1c,textbook,0,,2026-09-02T17:57:32+00:00
6ca45dae-b956-4e6a-b2c6-39a862991e6b,97f073ef-5758-4ff9-a7ff-e9295ddc5a66,9a62f3f2-4eb4-5fb6-9538-0b27c5090aef,ps5,0,,2026-09-02T17:57:32+00:00
8bd757d8-42cb-4a9b-a5ce-d3a01a65d8be,7e4c1870-3096-41b8-b052-4911d80d39f4,6ac7d122-2053-52c6-9124-1df99eb3cec7,sofa,28,,2026-09-02T17:57:32+00:00
d8252eeb-2221-4aa2-80f1-2762350037b0,35d1c9bc-1b79-49c9-a300-85609f394726,97e48080-3af8-5499-ae42-c76647810d47,monitor,17,,2026-09-02T17:57:32+00:00
9e4315c2-c902-4077-b8c7-508f2450f01a,f89db995-01c9-4ce3-a48e-352e2091e5eb,062fda5a-a880-5eeb-a46b-a04aa6293edd,coffee table,17,,2026-09-02T17:57:32+00:00
15c6db9e-1bbc-45da-9462-cf02e321aeda,a68d5ccd-96c8-4374-84e2-4934fba8422c,437d0087-25b8-5b63-81aa-8fa55411d8a6,vacuum,17,,2026-09-02T17:57:32+00:00
d9ba2776-1ee0-47cb-9053-386e721662d5,7fa22cd4-c5e3-4caa-9d7e-ca84b61d76cc,3d54e23c-8ab3-54bd-899a-ad2c7eda880e,car,27,,2026-09-02T17:57:33+00:00
188879bf-9db1-4388-a470-50aca2919038,d272ff8b-cb05-4f34-ae6b-aeece11e7913,86664cd9-4a2e-5d00-ae4f-d6b2253746be,textbook rental,0,,2026-09-02T17:57:33+00:00
95567189-295c-42e0-a28e-0185e856c453,789c6728-3d71-4d9c-8465-dc4340ceb18e,78ea7c6c-2548-5df8-abf5-3babaedb15ea,winter coat,0,,2026-09-02T17:57:33+00:00
64c63acc-a0f9-4ef2-9fab-d561bdd74d05,3a5a2a27-d573-4a79-aa49-c5ec803e3afa,d5581d97-8af0-52c6-be5c-f487e87830ee,cat,0,,2026-09-02T17:57:34+00:00
1e7896c4-5a2c-4c47-8761-64a1f76ea970,f092e52c-93f6-491a-a742-3887d0efee68,2127a572-558f-598e-99d7-0b96070dd6d8,iphone 15,0,,2026-09-02T17:57:34+00:00
778d0944-0828-47fd-bf47-2c8be59cfbd2,17661fd4-50e0-4596-8535-83e845ee3d0b,86f969c9-9000-586c-9228-f6fbfd8a5c1e,headphones,24,7567b84b-1c34-4c99-9577-a37908f89fc2,2026-09-02T17:57:35+00:00
c43917ef-e1da-4e8e-a0fc-3ca81b03f667,50f302cf-bad6-4627-a137-7763b6b5ba96,0ac51e02-34d8-53f7-978a-a408adc65ec4,mattress,39,,2026-09-02T17:57:35+00:00
8878d691-50d0-4d4e-b688-01343bba274a,20567896-d4b7-4300-bda6-325550875f20,6b8a4574-baea-5af3-b6c4-9d33027d2fee,winter coat,0,,2026-09-02T17:57:35+00:00
98ae9419-3c3a-4ad2-9f3f-5f84ff56f212,1b2f1fac-dc12-45b8-9a5d-964ac8eb7559,21e56d10-68bd-5fe7-bdb0-522280a8fb8e,apartment,0,,2026-09-02T17:57:37+00:00
9256c7fb-e51a-4d77-a254-bcd538b9a930,a912d71f-44ec-49d4-934d-09f818efe3b8,44eff4a5-b285-59c0-854f-b0d3ff24a4f9,apartment,0,,2026-09-02T17:57:37+00:00
09a84d9b-93b3-44ad-8084-b6b384c3fd25,1f0ddb3c-4cd1-49b9-a789-23889508ed4c,9d0bc656-a850-5611-be09-d109b89313ca,dresser,25,,2026-09-02T17:57:37+00:00
0c853a2a-c99f-4b85-a22e-c4c3c12e3045,08942539-8bd8-4c61-83d2-ec74cd1bedcb,e465b17f-ee92-5095-a88c-e9882bfd4111,laptop,2,c8f837d8-1ae3-482c-b2a6-4ca0393af822,2026-09-02T17:57:38+00:00
ca289614-6217-4484-89fa-0d9a9d15743c,68a5d1fb-52f1-45a2-a2fb-ec576b59ceb0,000736e7-ec88-55cb-862e-8f68f7fce679,headphones,24,f6bd6334-b13b-4eb5-abbd-d5cd2cfd3e65,2026-09-02T17:57:38+00:00
c98a1048-8781-407d-a974-c78fc45ca243,a68d5ccd-96c8-4374-84e2-4934fba8422c,437d0087-25b8-5b63-81aa-8fa55411d8a6,vacuum,17,2f83c24b-c750-4c5a-ab63-ef7e57ea7a2c,2026-09-02T17:57:39+00:00
9c3ed99f-a432-442b-99bc-d0c3aa2110d8,32e1811a-9e32-46b6-a761-f3daee3a7e43,a4a0613c-a04a-5069-a3d6-fe5801c7c723,airpods,3,,2026-09-02T17:57:39+00:00
6e0257a4-90f2-49d5-a6a2-abae78ebdf53,0459c7c6-94d8-4008-b8e0-fb02733ecce3,96f3e842-d3ee-5a7e-82fa-55b3dc3332de,parka,2,6621b3ed-bc8e-48fc-8e44-33eb89a077fd,2026-09-02T17:57:39+00:00
dc14e608-86c0-448a-9c3e-91c5dd5e1642,0bbc8f28-3315-4745-a3c8-8b9c615bafc3,08c0d16a-304e-5b88-bbcb-2ede407a801d,office chair,0,,2026-09-02T17:57:40+00:00
ac966234-7d45-4979-8185-218b2d5e5973,e527c615-824b-4cbb-9b36-05d56a2a10d1,b28388a2-ea85-59dc-9bc2-129cd81b849a,bike,18,,2026-09-02T17:57:40+00:00
a5f90fc5-2900-4ea6-a1f0-bd5319269de7,af53ade1-24e1-4eb4-ba1f-47690f5ef2cb,e54414db-3097-5355-941e-bd36096e4f92,sublet,0,,2026-09-02T17:57:40+00:00
05ec1130-8955-4d76-a998-9bbed9c6546a,af53ade1-24e1-4eb4-ba1f-47690f5ef2cb,e54414db-3097-5355-941e-bd36096e4f92,ikea desk,0,,2026-09-02T17:57:40+00:00
90d7e82a-ae03-49f0-a3a2-befe153ae752,34bb6b84-f580-43e5-b382-8d64000dc73d,09b87ac3-d3dc-5821-b548-12d3c2ae2655,desk,83,e7fdf802-4536-4d7a-b244-ea0732326626,2026-09-02T17:57:43+00:00
7fc052d4-20e9-422e-bff9-ac6ecffbed0f,4f14b9b6-1b26-45f2-bcba-ecfcafdeb6e3,8a060949-bad0-5e4b-9f50-8c3bd3d50b3f,textbook rental,0,,2026-09-02T17:57:43+00:00
9ecbe93f-f2bc-4ce6-b983-6537197842d3,aad30630-8e92-421f-b48a-f3109914adea,6f0b66bf-1c58-569f-99b0-53ef7d688785,kettle,13,,2026-09-02T17:57:43+00:00
8d515e96-a077-455c-899c-8375b891b20a,1ebbc63f-df2e-4b49-914d-074f8ab66d2d,b9027f9b-4b52-5d91-b0c4-2f8939d1c09b,ikea desk,0,,2026-09-02T17:57:43+00:00
72d70415-ad49-423a-8a75-f1bf1729385f,d7e96a2a-a228-42ca-af95-310b189116f1,76321d40-5715-5aa5-bfb5-deac7ee7ce34,free,16,,2026-09-02T17:57:44+00:00
8bae62f3-83ee-427b-af2b-06f062e2e3e4,2a7ef77f-b85f-43ad-9e75-d90ad2d6830c,a766200c-9f15-5d90-ba66-2069f2eb8264,mattress,39,,2026-09-02T17:57:45+00:00
076ad343-cd0a-42ae-996c-2f251123fb25,35d1c9bc-1b79-49c9-a300-85609f394726,97e48080-3af8-5499-ae42-c76647810d47,ikea desk,0,,2026-09-02T17:57:46+00:00
de6aff6a-fabb-4979-b73c-855e917a26d5,460f4ef7-3d87-4168-867c-b40bd386e450,f8cb0874-fc87-5cd7-af7b-42a5d673a6c2,winter coat,0,,2026-09-02T17:57:46+00:00
e0a4dcac-2aa4-4714-bfa9-8799532b0a99,61c18988-ae66-48f3-943c-a49ee2ad2d55,07ccd921-faef-52a9-a07b-e260fe6d3505,free,16,,2026-09-02T17:57:47+00:00
fdaee54f-1845-4c3b-89d1-a575f5889b1b,50f302cf-bad6-4627-a137-7763b6b5ba96,0ac51e02-34d8-53f7-978a-a408adc65ec4,dresser,25,4be14f30-5576-4bd8-b06b-705dd36301f8,2026-09-02T17:57:47+00:00
42dbc803-bcd3-44f3-9b76-ecb74ca40754,e76f1c36-dc56-4078-b217-afbb31f503d4,db54d982-e504-597e-972a-12d37e406b55,lamp,8,929fe289-f6bb-48e9-bfaa-b1e9dca141e2,2026-09-02T17:57:49+00:00
e2c48f55-a294-476b-b8da-5433f0351624,13cce00a-0641-4f43-8637-da456dbbd50e,5bf02477-4fa9-50ed-8cd6-ed893f7cc101,lamp,8,,2026-09-02T17:57:50+00:00
c66bfa5e-de98-4c90-a324-9900eb9f92d7,6423437e-a22b-4286-8d04-66e6945f2259,b713dc16-9494-57b5-b499-17269f5087fd,ps5,0,,2026-09-02T17:57:51+00:00
438ceec6-8d9d-42a1-8a08-a20073a2402d,e76f1c36-dc56-4078-b217-afbb31f503d4,db54d982-e504-597e-972a-12d37e406b55,yoga mat,8,dd720de7-968f-41de-9de9-b3c0cafb36f0,2026-09-02T17:57:51+00:00
2d82372b-9c9e-4e71-aecc-ce5d78075501,030f6388-7bc0-48bc-93de-f52f9e0e9015,34f19a2e-b89b-5ade-91fc-bdc259562ebb,guitar,0,,2026-09-02T17:57:51+00:00
8086f311-f93f-4765-b033-054fe13132dc,f89db995-01c9-4ce3-a48e-352e2091e5eb,062fda5a-a880-5eeb-a46b-a04aa6293edd,mattress,39,,2026-09-02T17:57:52+00:00
a7f2a3c6-f2a6-404c-8014-09b5c2ca8201,6dd5f7ff-d7ae-4044-a507-842ff23faea7,4c11d26e-495b-501e-b3a3-b162ea4c9550,guitar,0,,2026-09-02T17:57:52+00:00
f259d98f-8ec9-492e-a295-cf6ea0a9de2d,1cd48c64-f20e-4082-a7f1-2a3bb03696ba,eed24e2e-e6c3-5797-873f-ac542d5119c7,winter coat,0,,2026-09-02T17:57:53+00:00
238b2c5e-779d-482f-962c-874ffb895473,20f24c79-a383-49be-b7da-9a634716a51d,e85fb764-7080-57c8-aeb1-1530d29588b8,airpods,3,,2026-09-02T17:57:54+00:00
54933d5b-63fa-4bbf-8854-00543baff3f7,f89db995-01c9-4ce3-a48e-352e2091e5eb,062fda5a-a880-5eeb-a46b-a04aa6293edd,vacuum,17,c0e93cf7-6305-415f-88cf-e6a8c25ae351,2026-09-02T17:57:54+00:00
98ab247d-1f92-47b8-b28d-76fb3ad59684,34492776-de46-49bc-b7cd-92d1873e1f66,ca5aba20-516a-52d1-8d56-c985b67add0f,laptop,2,,2026-09-02T17:57:54+00:00
606f476a-4059-436e-bd96-74bf8014b4b1,2ab57570-b3c5-4e65-8728-32a6b0ac1f63,be628d96-7bcb-5466-91ec-9c805f94c6a6,textbook,0,,2026-09-02T17:57:54+00:00
cd0d8e82-de58-4b30-ac2e-83cdafb5335e,4875d7bb-cd16-4ee2-8c6e-e6945e85ec03,05dabda1-fb7f-5991-a2ae-683e00e5c1e2,printer,0,,2026-09-02T17:57:54+00:00
5fb1427d-666c-4fb6-8e32-8139321bad56,7e949b35-f838-4a09-a00e-ee7e038bba01,81d9e00b-0b72-5361-9792-0f44b8c3cc17,dresser,25,,2026-09-02T17:57:54+00:00
6dd8f10e-11c7-41d3-a63d-fe4929e5fb7c,0332b012-61c9-4d8e-b351-0e688c2b69d3,6045eea7-2854-53ec-adcf-6777f1ce2d02,bike,18,,2026-09-02T17:57:54+00:00
7c3f9010-3e2f-4388-86da-cd79960598b6,8aff46a7-9764-42eb-b4dc-31ebf3ba9308,231f72e3-c7d9-5166-8b0b-dc9277d7c1e7,printer,0,,2026-09-02T17:57:54+00:00
2790d4f3-b6c8-4684-bec6-4e536a6de305,0d1c3efd-7b76-4215-9dc2-0a7d278f7a8e,430be564-8a57-5f09-a2d8-10f6043ba1b4,dresser,25,bd450cc0-bb96-4f59-9c04-e5c48a80da5a,2026-09-02T17:57:55+00:00
7a3a4d14-618b-4a5c-8ec2-b246df9020e0,cc483862-ddce-4c53-af20-b14f6d75be64,3797344d-c6c8-56a9-9467-0bed827cbbdd,apartment,0,,2026-09-02T17:57:55+00:00
f6f384e6-c03c-4b6e-b083-1cee3b84e495,2474e0bd-3261-4377-838d-4687ea35d755,e962cfda-e65d-5d14-a9cd-092fc41c060c,boots,15,5f1088d0-5636-402b-9c25-b5a5c3bb9510,2026-09-02T17:57:55+00:00
542232bf-ec15-4e22-bd17-7ba627df82d9,5916ac8e-53b3-48e1-9c99-62b0ba8e9a9a,33903086-e9f5-5990-b4b8-a411584d304b,ps5,0,,2026-09-02T17:57:56+00:00
d0801739-61de-446d-aaf1-d32931d76924,7bd352e0-3016-452b-a485-917392919f80,3586ff93-c003-52ae-b463-071fe07ef377,lamp,8,,2026-09-02T17:57:57+00:00
6060c4e4-4b1c-4009-9ac5-324bd78e2a9c,15d52282-aa0d-49e9-9796-e5c609b8facd,5c4a7a80-5575-50d6-a54e-02359e4e333c,airpods max,0,,2026-09-02T17:57:57+00:00
e6c25113-8698-424a-9a3f-bec846b840f2,b39b0d31-5468-4f8c-b0e1-015cf5d250f5,62f28626-0cd7-5e6f-9f71-99b1e61a293c,headphones,24,,2026-09-02T17:57:58+00:00
02e86ccf-b0e3-4daa-b342-be74ecaeafe4,f89db995-01c9-4ce3-a48e-352e2091e5eb,062fda5a-a880-5eeb-a46b-a04aa6293edd,car,27,,2026-09-02T17:57:58+00:00
83e0247c-dabd-428a-a9f4-72acdf0ad954,e6cdb890-5536-4190-b511-c6aea5f1952d,10b67dee-015b-5d36-8e97-c6137301c219,vacuum,17,,2026-09-02T17:57:58+00:00
d8f6a6d0-d356-43a5-9c7e-0c6c47270953,789c6728-3d71-4d9c-8465-dc4340ceb18e,78ea7c6c-2548-5df8-abf5-3babaedb15ea,office chair,0,,2026-09-02T17:58:00+00:00
9a311086-27bc-484b-b0bc-e5dcb13c23f2,d162a6d2-78de-4220-8b3e-72470ac0d0c5,cd8ee06f-b1b7-58db-97a3-cce73206ce27,bike,18,,2026-09-02T17:58:00+00:00
b705b210-71a8-428d-94f1-f7338e02e6f3,a68d5ccd-96c8-4374-84e2-4934fba8422c,437d0087-25b8-5b63-81aa-8fa55411d8a6,rice cooker,5,30653cec-e6ca-4b5d-84e5-378b70a97f65,2026-09-02T17:58:00+00:00
d8dfddca-f67e-4ec8-976d-3d73fd1915d1,aad30630-8e92-421f-b48a-f3109914adea,6f0b66bf-1c58-569f-99b0-53ef7d688785,lamp,8,,2026-09-02T17:58:01+00:00
91df5fc5-d210-4d0d-8940-ed763ef0fcc0,a14b409c-8a7d-4a90-9ba9-7ad32049abe5,534664f6-bc81-55d5-a4a3-7030f1ad5076,textbook,0,,2026-09-02T17:58:01+00:00
62d0f6f2-2cd0-4d39-8e23-9167573bd58d,d272ff8b-cb05-4f34-ae6b-aeece11e7913,86664cd9-4a2e-5d00-ae4f-d6b2253746be,ikea desk,0,,2026-09-02T17:58:02+00:00
1f8a786b-cae0-4886-91b3-a1facbc23931,7e949b35-f838-4a09-a00e-ee7e038bba01,81d9e00b-0b72-5361-9792-0f44b8c3cc17,mini fridge,5,,2026-09-02T17:58:02+00:00
bcd73f42-784f-470b-b7c5-25fe818613d9,de7eec7f-66a2-4cf7-9de7-b653982bbaaf,8c4a6d1b-06a9-5b03-b78d-5c50040c9a3b,concert tickets,0,,2026-09-02T17:58:02+00:00
80226ddb-d18f-4bae-91d8-3c97872c2592,98579046-5ea8-4cd5-9f46-f0e5a5bd3d58,8e69dbd6-4e03-5b0d-a330-16fa2a1f525f,ikea desk,0,,2026-09-02T17:58:02+00:00
f7c10fd9-2972-4e13-bea3-c8cc7cbfef57,f89db995-01c9-4ce3-a48e-352e2091e5eb,062fda5a-a880-5eeb-a46b-a04aa6293edd,microwave,4,d4223b8b-2b4e-484a-b4ae-f7c663cf37e4,2026-09-02T17:58:03+00:00
f995d2f7-c6d9-48ce-8de2-15205cbff1d6,97f073ef-5758-4ff9-a7ff-e9295ddc5a66,9a62f3f2-4eb4-5fb6-9538-0b27c5090aef,rice cooker,5,,2026-09-02T17:58:04+00:00
18b39066-ed62-4345-a6a0-79afa45dcab0,cc483862-ddce-4c53-af20-b14f6d75be64,3797344d-c6c8-56a9-9467-0bed827cbbdd,microwave,4,,2026-09-02T17:58:04+00:00
33809473-5762-4a94-846a-d04403376851,d22b3806-011e-4687-9849-8139d0251d38,61c7b279-2a75-51c8-859d-d26d447f38a4,airpods,3,,2026-09-02T17:58:05+00:00
77a592c1-f5ed-4400-b60d-1cf0cdc27e08,a45ac5b4-0679-4ebf-84e7-2d9da623f04a,a61a0931-6032-58b5-99cc-b1f3ba31cc6d,guitar,0,,2026-09-02T17:58:05+00:00
a69f8b13-8aac-43fe-83f7-188002a1a3b6,d118210a-8ab6-41a6-b1b6-6d3287819f17,96facbdb-d164-57b5-aa72-779b79837b41,apartment,0,,2026-09-02T17:58:06+00:00
f8e89d64-b5f1-4b4f-8ce8-7cfab8874bba,7e25e2b5-9f83-4bc8-95d8-d69216f15bc4,0e456eb0-bb51-5956-bf78-530c51b808c3,headphones,24,1e80c500-64d1-4ab2-90ca-87084c1f1a23,2026-09-02T17:58:06+00:00
d39f21b4-cb9b-434c-a8ca-93726e8a723d,de7eec7f-66a2-4cf7-9de7-b653982bbaaf,8c4a6d1b-06a9-5b03-b78d-5c50040c9a3b,vacuum,17,2f83c24b-c750-4c5a-ab63-ef7e57ea7a2c,2026-09-02T17:58:08+00:00
9236d63b-8d62-4439-801f-98b0595b38a3,e527c615-824b-4cbb-9b36-05d56a2a10d1,b28388a2-ea85-59dc-9bc2-129cd81b849a,airpods,3,606a700d-e16b-46d6-8e1e-c87ae80b6418,2026-09-02T17:58:09+00:00
9efb532b-6476-4ca6-b1a6-01ce3337a3ac,a912d71f-44ec-49d4-934d-09f818efe3b8,44eff4a5-b285-59c0-854f-b0d3ff24a4f9,coffee table,17,3e700087-b9fc-4907-a9a3-30a60d3e0b54,2026-09-02T17:58:09+00:00
2cbd6783-33d5-42e0-9936-4dc982e2f8a3,e32264cb-8399-429c-be3b-24041e72b2e6,f22e3e56-0bdd-5c00-aeaa-97038f666b27,mattress,39,68f2e5fa-743b-4041-8661-2c0ed476e552,2026-09-02T17:58:10+00:00
0a64baa9-b513-449c-a1e8-3783f30ad190,08942539-8bd8-4c61-83d2-ec74cd1bedcb,e465b17f-ee92-5095-a88c-e9882bfd4111,guitar,0,,2026-09-02T17:58:10+00:00
c1c6e365-b93a-4bb3-9a6f-59cae10424c7,0bbc8f28-3315-4745-a3c8-8b9c615bafc3,08c0d16a-304e-5b88-bbcb-2ede407a801d,kitchen,2,,2026-09-02T17:58:11+00:00
c20d44a4-ddea-4a60-8ad9-40076876646b,6423437e-a22b-4286-8d04-66e6945f2259,b713dc16-9494-57b5-b499-17269f5087fd,bike,18,ebe11040-d9db-4c8f-84be-10b4759e2770,2026-09-02T17:58:11+00:00
6e6d8434-9945-424e-9359-f3ca882e6541,df4aea86-0433-43d3-bb3d-02416d885166,e00c90a2-6369-55a5-88ac-e57c8c2e16f7,laptop,2,,2026-09-02T17:58:11+00:00
73922daa-cc29-4b51-8c4c-c880f6f7e5cb,3747c2d0-b4c2-47ce-967e-09873126fa0f,ec8bde44-ee4a-59f5-b459-51e18779a9eb,winter coat,0,,2026-09-02T17:58:11+00:00
7a956251-ac8a-49d1-b233-f571e7eba8a7,0861ab6e-4012-42cc-94a0-6ffd45643ac3,bde77ac8-926c-597f-8e72-105a4e95d37b,laptop,2,,2026-09-02T17:58:11+00:00
9237a62c-46b9-44fb-8ab1-b2c8f04943bd,a14b409c-8a7d-4a90-9ba9-7ad32049abe5,534664f6-bc81-55d5-a4a3-7030f1ad5076,ps5,0,,2026-09-02T17:58:12+00:00
8dddab18-5206-42cc-864e-717ddc0d51fa,7e25e2b5-9f83-4bc8-95d8-d69216f15bc4,0e456eb0-bb51-5956-bf78-530c51b808c3,airpods,3,,2026-09-02T17:58:13+00:00
979bc477-cbb1-4845-9607-052202cdeafc,e6cdb890-5536-4190-b511-c6aea5f1952d,10b67dee-015b-5d36-8e97-c6137301c219,office chair,0,,2026-09-02T17:58:14+00:00
5490c4aa-9bbb-4891-ac41-8dc36a5af561,50f302cf-bad6-4627-a137-7763b6b5ba96,0ac51e02-34d8-53f7-978a-a408adc65ec4,printer,0,,2026-09-02T17:58:14+00:00
51039aef-8ea5-4c04-aa2b-d184c91ab00e,444889f7-5e1b-47df-9469-5d3990179ab1,cad0ee54-8b05-5719-8603-0a0335cb7916,headphones,24,0e426053-cba8-4632-8d16-ff2be180e0ef,2026-09-02T17:58:15+00:00
191a5264-46e8-40b1-a0eb-503a79ff17c5,bc4e57f6-9701-4d65-972f-1c9f2003fe71,9322a704-94be-530b-8e0d-e5600a3e379d,vacuum,17,,2026-09-02T17:58:15+00:00
b83354ac-2e55-4a5e-b81b-60fd89d4dc97,de7eec7f-66a2-4cf7-9de7-b653982bbaaf,8c4a6d1b-06a9-5b03-b78d-5c50040c9a3b,cat,0,,2026-09-02T17:58:18+00:00
e2569ba5-1205-4dfe-9382-6bb0ff32f936,2f0c41a5-5c82-4268-8201-a8322cefa8b0,f71c35f4-7f8e-5841-900d-85b09923dd28,yoga mat,8,,2026-09-02T17:58:20+00:00
5f56976c-a8fa-46cf-a8ac-41bec446149c,e6cdb890-5536-4190-b511-c6aea5f1952d,10b67dee-015b-5d36-8e97-c6137301c219,sofa,28,,2026-09-02T17:58:21+00:00
7a864ace-9ae5-480d-8820-28a524f076c2,7e25e2b5-9f83-4bc8-95d8-d69216f15bc4,0e456eb0-bb51-5956-bf78-530c51b808c3,sofa,28,,2026-09-02T17:58:21+00:00
946d8bf0-c4fe-47f5-b62c-a655686c4071,97f073ef-5758-4ff9-a7ff-e9295ddc5a66,9a62f3f2-4eb4-5fb6-9538-0b27c5090aef,bookshelf,0,,2026-09-02T17:58:21+00:00
09075336-6fb2-4480-8211-1bafeb289796,9e11af42-cbad-47b5-945b-e2fe42843be2,107cb5be-1263-53a4-848a-039e4c7489f7,ps5,0,,2026-09-02T17:58:22+00:00
1c64f33f-fa12-4f26-9194-be5075b367fb,a4ddbcbc-93a7-45ab-ae90-9108c8642e18,0f1a109d-df15-5a7b-b401-5a50c6753b0c,dresser,25,4be14f30-5576-4bd8-b06b-705dd36301f8,2026-09-02T17:58:22+00:00
2a1e1c31-f663-4888-93db-533e45c11aac,444889f7-5e1b-47df-9469-5d3990179ab1,cad0ee54-8b05-5719-8603-0a0335cb7916,dresser,25,c49f8e32-12d4-4b19-8ea8-f9d67239b259,2026-09-02T17:58:23+00:00
2699da2f-032c-4295-9542-09b73f3fc1cf,1f8b2d56-2ffa-4ff9-a613-b3e5e8618769,9dceae2e-ff2c-50a1-b440-b0fda70860cf,monitor,17,acebf6ac-0293-485a-832d-0f8f0138786e,2026-09-02T17:58:23+00:00
0b91286c-30a3-494a-af78-e01ef0a4fbc0,a46a27ef-ef26-4ae3-b2ed-9bcb22a7ebd6,2307116c-959f-5019-a19a-4460bed97836,corporate finance,15,,2026-09-02T17:58:23+00:00
441d5d97-6bb1-4777-8109-bada27e145d6,370fbcc1-3bb7-4e66-b131-b172bd7c138e,7ebb8249-f663-56f4-9e19-9a18eb56ace6,laptop,2,,2026-09-02T17:58:24+00:00
cdfb91f8-491b-434d-80b6-db50496e4999,b17e246e-d9be-49d1-b497-ef9d5d08f483,8db8a245-8d08-54fd-9892-bac87fd39b35,desk,83,84d476fc-30c3-45c1-8a3d-f037c4ed9296,2026-09-02T17:58:24+00:00
ad71d5a1-d63f-42e6-8eed-097ebd84af88,c6a5d754-8540-4f09-a164-55d8ca668819,6c2aea3e-a446-5684-badd-f1bc7c88716c,standing desk,15,,2026-09-02T17:58:24+00:00
a41b1e2e-82d9-4344-ba0e-139b14b8e08f,3e6d9730-35ed-4d3b-897a-bb23e57a7169,87dffe90-6d96-56e3-aef5-4eac913de6a8,free,16,,2026-09-02T17:58:24+00:00
0b4938d6-df2f-4af1-8bf6-e2035077f228,f1beeac4-b01c-4f68-a878-35d53c41872c,3eb1a325-01e9-5981-be24-43c58e58698c,cat,0,,2026-09-02T17:58:25+00:00
84cb500a-1338-4609-988c-5e74d7de9870,15d52282-aa0d-49e9-9796-e5c609b8facd,5c4a7a80-5575-50d6-a54e-02359e4e333c,concert tickets,0,,2026-09-02T17:58:25+00:00
8bc0effe-179e-4616-a781-be75760a46db,7e4c1870-3096-41b8-b052-4911d80d39f4,6ac7d122-2053-52c6-9124-1df99eb3cec7,office chair,0,,2026-09-02T17:58:26+00:00
cdaadfcb-3054-47cb-afe8-be2055330d88,0334f17c-6899-4736-8ab2-429b4f561a7c,3c9e89d3-1385-5089-b3cf-94fd95cacf6b,coffee table,17,,2026-09-02T17:58:26+00:00
d6fb8237-c6a9-41ab-942e-8b484c4f5407,a12c9d7b-2371-4415-9829-239445dc5a9e,94400bd2-7575-51e4-91f2-65df40e87b8d,printer,0,,2026-09-02T17:58:26+00:00
bdc96277-7bb7-4937-96de-c9f670de5cbb,624192cb-b552-4bfe-9931-77eab84c4db2,4dbd6ef5-16d8-5fce-9d5d-d82306f48f3e,mattress,39,f764070f-55d8-4eaf-9b11-3ad0678dfbf6,2026-09-02T17:58:27+00:00
5ad4a394-637b-42a5-854c-43850d9cbe2a,204dcf7c-06f2-43b3-a0d0-a7b402d2887d,6f18942d-214a-50e6-a93a-f44b14578c05,coffee table,17,a9e0141c-dbb3-4a36-8571-266730ce145b,2026-09-02T17:58:27+00:00
9e3fb9a8-9b79-4dcd-8f99-c97dbbe096ef,243e24a6-e1f8-4efa-b9de-535c1492c5c0,d25242e7-4086-5fa5-87fb-1da5795b99f8,mini fridge,5,,2026-09-02T17:58:28+00:00
78d58eca-52c0-44fb-b8c4-86d79baca1f6,d7e96a2a-a228-42ca-af95-310b189116f1,76321d40-5715-5aa5-bfb5-deac7ee7ce34,laptop,2,c8f837d8-1ae3-482c-b2a6-4ca0393af822,2026-09-02T17:58:29+00:00
52a46b36-f74b-4477-a61d-c544ebe9c918,31e5e3e2-34d6-445b-a4a1-6d86c2b312f5,2c0c8d8f-b249-51c7-b099-fb2ccffa935d,ipad,18,f1ff3455-7d8d-4ba2-9dd1-65bf402afbab,2026-09-02T17:58:29+00:00
19a0310c-dba4-4c9f-b899-ee8988a541fa,4c5170f9-b83f-4c3d-99ce-06c2ac1ad2b0,c24de6e6-7d79-5b9b-b556-9968d57f8f79,vacuum,17,,2026-09-02T17:58:29+00:00
b8496a50-9889-4845-b9a8-98ca881b4559,04531230-dd4e-4ce8-a301-2b7332324090,143d8b35-80e6-5835-92db-9d5d9ad5739f,standing desk,15,,2026-09-02T17:58:29+00:00
55f3fda9-1440-4e8e-85ee-28f00a19a6f8,5470b64d-4863-4115-a2e2-8f83ed8189e8,9231dcf8-e165-51e5-a2ef-795417436d92,guitar,0,,2026-09-02T17:58:29+00:00
742ff358-d0f4-4ab2-ada2-d9301fe57ee1,945da312-f1c6-4ec8-8183-78d3e481e430,99588655-b16b-55ac-855c-33cb5fc4c144,printer,0,,2026-09-02T17:58:30+00:00
729d30d3-6066-440e-aa60-b6557fcd0c53,6e8bd2b2-8577-4176-ab3c-67fe5e14d009,0d0ce3af-6086-51c6-84bc-c3072157e918,sofa,28,,2026-09-02T17:58:30+00:00
94d834d1-187d-4610-9987-2f8e4b0a268f,1f0ddb3c-4cd1-49b9-a789-23889508ed4c,9d0bc656-a850-5611-be09-d109b89313ca,cat,0,,2026-09-02T17:58:31+00:00
5a7d332a-0e5e-406e-bb39-bf080c0c87b9,3e6d9730-35ed-4d3b-897a-bb23e57a7169,87dffe90-6d96-56e3-aef5-4eac913de6a8,microwave,4,,2026-09-02T17:58:33+00:00
fe9a80c0-85e2-44f4-b296-4f67153dfe95,98ad27ce-e47e-4771-ad29-805b07806c9f,0ca489c9-b408-562d-aab9-71769eaf68ce,airpods max,0,,2026-09-02T17:58:33+00:00
93b75d29-52dc-445f-8dc6-3bbd0acd3c93,af53ade1-24e1-4eb4-ba1f-47690f5ef2cb,e54414db-3097-5355-941e-bd36096e4f92,parka,2,1044ae4c-b231-415f-891e-b82500b854f7,2026-09-02T17:58:33+00:00
2ebd6238-2d00-4792-b319-eb566c480642,2643bbdd-a685-4d2f-82f7-bb0156888708,f91ee6b6-7ee1-5dfa-a49a-048c96688e6f,microwave,4,,2026-09-02T17:58:34+00:00
e12457d7-a867-4125-a401-0c565f4ab7d4,3a26d6b7-6942-4fdb-896b-8e3aa4a242d3,f78735ba-d088-5735-9f64-597867835805,rice cooker,5,,2026-09-02T17:58:34+00:00
1c719e3f-577d-42dc-88b9-128405a35f38,13b5744b-66e0-4019-bef2-84157782226f,600c195b-0a42-50b4-a301-29bb2d85c63a,dresser,25,,2026-09-02T17:58:35+00:00
7af14985-058e-424a-a9be-41913af1f017,35d1c9bc-1b79-49c9-a300-85609f394726,97e48080-3af8-5499-ae42-c76647810d47,textbook,0,,2026-09-02T17:58:35+00:00
b22c24f4-fd6e-4992-aebc-05a88667543c,109a3466-1b74-42ea-b890-dda986caf387,4f7f71ca-efbf-5c27-bc43-112d45f387f2,textbook,0,,2026-09-02T17:58:36+00:00
8cd57874-a79d-40e5-98a6-aa4fea4d7844,17205c4f-59ba-489a-b1c0-e573f032817f,15ee8f04-e5d5-5e44-b87c-0ab1cebd9b9b,office chair,0,,2026-09-02T17:58:37+00:00
acda5887-c29f-4426-b103-34dc33897f2f,73951fcb-587e-448f-bf78-683136c513b1,bd3dade2-32f4-5d51-8d0f-9448a8f20405,parka,2,1044ae4c-b231-415f-891e-b82500b854f7,2026-09-02T17:58:37+00:00
0e3e791c-574c-47c2-8d01-35787c7e0265,35d1c9bc-1b79-49c9-a300-85609f394726,97e48080-3af8-5499-ae42-c76647810d47,headphones,24,,2026-09-02T17:58:37+00:00
b3039b83-71d5-4e06-9adc-dfa403b305c0,1f8b2d56-2ffa-4ff9-a613-b3e5e8618769,9dceae2e-ff2c-50a1-b440-b0fda70860cf,corporate finance,15,721a9588-c4f4-457e-a19b-bf1ff17621ac,2026-09-02T17:58:39+00:00
99c1e3c4-0c62-4c89-a31e-a0a0e65fdf82,39fd74c4-da17-49e8-bcd7-68d75415488f,6fa08d64-7536-5fff-9424-3aa4ff5554e2,corporate finance,15,,2026-09-02T17:58:39+00:00
17ca68ee-2249-4c40-bf7d-609b64de4556,04531230-dd4e-4ce8-a301-2b7332324090,143d8b35-80e6-5835-92db-9d5d9ad5739f,sofa,28,,2026-09-02T17:58:40+00:00
a418061a-770d-4e8a-9125-9321d4563619,dd1c7599-10ed-4a22-a238-e27ac11b47fb,9799b82e-bd3d-583a-893b-7cb002773f4d,bookshelf,0,,2026-09-02T17:58:41+00:00
d4ccf98a-6b1c-4288-adcd-02782ad5a049,d272ff8b-cb05-4f34-ae6b-aeece11e7913,86664cd9-4a2e-5d00-ae4f-d6b2253746be,ps5,0,,2026-09-02T17:58:41+00:00
185995de-1b0c-4766-93c8-938fdb3244a0,d162a6d2-78de-4220-8b3e-72470ac0d0c5,cd8ee06f-b1b7-58db-97a3-cce73206ce27,rice cooker,5,,2026-09-02T17:58:42+00:00
ed6d616a-fb3b-4e23-8c2a-6e77564ccaa6,98911231-0298-4b00-8623-dc3cd5d7cea3,b586c8cc-9a9f-54ba-9b70-9419f4811e91,kitchen,2,,2026-09-02T17:58:42+00:00
49f5cabb-e849-4a26-8eca-5acc66e78870,1f0ddb3c-4cd1-49b9-a789-23889508ed4c,9d0bc656-a850-5611-be09-d109b89313ca,headphones,24,,2026-09-02T17:58:43+00:00
602b4c20-d860-4ce4-b327-bbf0b649dfae,9e11af42-cbad-47b5-945b-e2fe42843be2,107cb5be-1263-53a4-848a-039e4c7489f7,iphone 15,0,,2026-09-02T17:58:43+00:00
6d4356a8-a54e-4946-885d-ecba9a91ac56,c6d228b1-1475-4c52-9202-955f3d1a056a,a0ad86ab-0b7a-5be4-b6e7-6f5f723db59a,standing desk,15,a95e1201-c84b-4144-9447-c1ebb7949fa3,2026-09-02T17:58:44+00:00
dfdb1b7e-d288-4956-9a70-49388ca24b55,2474e0bd-3261-4377-838d-4687ea35d755,e962cfda-e65d-5d14-a9cd-092fc41c060c,bike,18,e55040ad-1aa6-4747-94df-8aeb6725899c,2026-09-02T17:58:44+00:00
2e7c63e0-6efa-4aee-a793-12d41da0df63,08942539-8bd8-4c61-83d2-ec74cd1bedcb,e465b17f-ee92-5095-a88c-e9882bfd4111,dresser,25,f315d986-c3b1-4f85-8e87-b0bbffc0a14e,2026-09-02T17:58:44+00:00
a0834496-13e9-4eca-b9e7-f9361c8589f7,15d52282-aa0d-49e9-9796-e5c609b8facd,5c4a7a80-5575-50d6-a54e-02359e4e333c,bike,18,,2026-09-02T17:58:45+00:00
ae28d335-f3f6-4e81-9295-a2977487afb6,2643bbdd-a685-4d2f-82f7-bb0156888708,f91ee6b6-7ee1-5dfa-a49a-048c96688e6f,ikea desk,0,,2026-09-02T17:58:45+00:00
637185e3-79eb-4b29-ac73-302270e4ca18,50f302cf-bad6-4627-a137-7763b6b5ba96,0ac51e02-34d8-53f7-978a-a408adc65ec4,ps5,0,,2026-09-02T17:58:46+00:00
17a71cbc-30cd-4ad9-a089-5ed184fd9d07,cb8a271b-afec-4261-a281-a720412ff762,e814d835-dc94-56fc-9216-f0d97e5f12b1,airpods,3,,2026-09-02T17:58:46+00:00
3df63a67-0e63-4374-9eeb-d43bc9a9ca44,d10d3c59-6919-439f-a0ee-ed3b90ffb4f4,14508dce-0360-54b8-8a9c-f7ee73ce1992,desk,83,,2026-09-02T17:58:47+00:00
9878bd02-71bd-4760-8fa0-0dcebef95cda,d162a6d2-78de-4220-8b3e-72470ac0d0c5,cd8ee06f-b1b7-58db-97a3-cce73206ce27,coffee table,17,6e33dcfd-08a2-475b-9820-77fa776a5cbd,2026-09-02T17:58:47+00:00
497e2707-cde9-4771-b6c9-2602479ba5be,135bb0ab-b64c-437d-88ae-c3f907edf22f,00edf769-df71-5e3a-9fb2-75e84eaec4c4,car,27,,2026-09-02T17:58:48+00:00
f050bdfe-796f-4e06-a11e-26eb9185b7fc,9bd70d5b-7d8e-44d6-95d7-508992ee508e,ddb28943-e852-5d04-ae63-778f1cf15fbd,printer,0,,2026-09-02T17:58:48+00:00
c327218c-cd03-472d-b01d-3658fba5b7bd,5916ac8e-53b3-48e1-9c99-62b0ba8e9a9a,33903086-e9f5-5990-b4b8-a411584d304b,concert tickets,0,,2026-09-02T17:58:48+00:00
5c801ffc-db8b-4b0a-bb69-e0fd3d44d001,8d7b4773-e63d-4e5c-ad0f-5c0858959ef8,d5eca058-4887-50db-abff-1e071710b2ad,rice cooker,5,,2026-09-02T17:58:49+00:00
e144b93a-54ba-48a5-95f0-c78a66c187b9,4f14b9b6-1b26-45f2-bcba-ecfcafdeb6e3,8a060949-bad0-5e4b-9f50-8c3bd3d50b3f,headphones,24,,2026-09-02T17:58:49+00:00
134c82dd-25d6-4669-bba2-ee388ccdbbf3,d823a16e-880c-448d-9a0e-2011ba453ad1,a5057ff4-3fd6-57e3-9e16-140f4e5a7359,dresser,25,,2026-09-02T17:58:49+00:00
748b7f8a-4714-4ef2-ae4c-a7464dc543cf,4d64501d-cc2c-4970-bbbf-0c44c9858a3c,113a976f-4606-57f8-914f-088f15b4507a,standing desk,15,,2026-09-02T17:58:51+00:00
c6f12fe1-5d8b-4641-8be6-60543b04596a,496b38fb-a0e6-49e4-8760-03fc674f3a96,4329ba82-94f3-5272-b6ca-a3e6e20e94dd,coffee table,17,b6ff4b3e-b0e9-44bd-a414-074574b6b89a,2026-09-02T17:58:52+00:00
3aace587-05f1-44a7-9bbe-136faa40cd32,ce67fa39-9af5-4f66-98bc-49666c6ec04c,629087de-7742-5ec3-8f8d-1d1be96028af,cat,0,,2026-09-02T17:58:52+00:00
07b6dcc6-ca36-4abb-b91b-8a606b99f913,4edc9d63-ef03-4628-8e70-e2e45f17e5f9,84f7f58f-cf6c-57d9-8670-f12f2d1393b7,airpods max,0,,2026-09-02T17:58:53+00:00
4ee4a005-95f3-45fe-b8cb-4d47289f4630,1a840084-44f1-448f-84ef-67f148e4234d,231ab03a-1dda-5ea0-ba3b-1a6ffae3dda2,ikea desk,0,,2026-09-02T17:58:53+00:00
ce3e06ef-62f4-460f-a972-ff629beac21d,38156797-b627-4aeb-a0c5-300f9f3adfc9,24e40f3c-8b77-54da-928f-97cd29be0d3c,headphones,24,,2026-09-02T17:58:53+00:00
b3609c34-1b66-4b09-9202-a216273d32c9,ae4f41a6-a0e3-4f68-a68a-774105d2f115,0cdf7529-05f5-561b-a9ca-9d090c16b55a,monitor,17,,2026-09-02T17:58:54+00:00
de81c323-e3b1-49d4-ad37-be7c2d704a1f,5077965f-c5a7-42db-a7cd-35c40b70da6c,ece1a9d3-ad1b-522d-a35d-a0cb0633b9ed,standing desk,15,,2026-09-02T17:58:54+00:00
092bf8a3-cad7-4501-a3d4-052ab7a75e64,0967b30c-4f84-48f5-8fcd-6758cedb548b,9a2e9b51-4ed5-55f2-bee9-e8e9567120af,ps5,0,,2026-09-02T17:58:55+00:00
25b58719-bcc6-4c89-835f-df8d5bb6f965,a45ac5b4-0679-4ebf-84e7-2d9da623f04a,a61a0931-6032-58b5-99cc-b1f3ba31cc6d,lamp,8,,2026-09-02T17:58:55+00:00
a38f51c4-9e86-4f06-b817-fe2b0008b176,82a7aba1-ba88-4765-9d85-015e17a4d87e,8c9c4f4e-9cd9-5b30-b630-59a2a2126d7a,monitor,17,,2026-09-02T17:58:55+00:00
4c934ffa-58c0-4201-9a3c-e6c5f93e0657,17b38ad8-6c49-45b0-a8cf-629f00895aab,806944d0-0977-563f-b8b0-39dae5159a98,sublet,0,,2026-09-02T17:58:56+00:00
403ec0c4-3a9b-4edc-ad20-c3d8e7afacef,0967b30c-4f84-48f5-8fcd-6758cedb548b,9a2e9b51-4ed5-55f2-bee9-e8e9567120af,laptop,2,,2026-09-02T17:58:57+00:00
3b9dd261-7aea-43f0-8ecd-c0192145ab01,2f4b1887-379d-4094-919e-a79bb84fab9b,05cabcc3-9dcf-5b50-a2d4-edc4b9214ad0,sofa,28,,2026-09-02T17:58:57+00:00
3b5e622d-fb05-4b08-90a4-0c002082e340,17b38ad8-6c49-45b0-a8cf-629f00895aab,806944d0-0977-563f-b8b0-39dae5159a98,winter coat,0,,2026-09-02T17:58:57+00:00
7fef9ef9-a2cb-452b-8420-ffd8efd4f7fb,1a840084-44f1-448f-84ef-67f148e4234d,231ab03a-1dda-5ea0-ba3b-1a6ffae3dda2,dresser,25,7b22edc4-8ce6-4cd2-baea-1b9e1051ada6,2026-09-02T17:58:57+00:00
05a0bfbb-014b-4aa2-903c-459589965abd,377e7191-3221-47cb-9795-dfb8deb3bd93,53a7b65f-cbe0-5785-82fd-802d7ce809cc,boots,15,,2026-09-02T17:58:57+00:00
ae3407ac-4f5e-40a0-a52f-00f33733b861,f8340601-f2cd-4988-9115-98413c0d3f89,c49bbe9c-42bc-5bfa-ae11-92eed4d1f239,kitchen,2,,2026-09-02T17:58:58+00:00
462b5b03-25a1-4807-a4a4-936bb2a116f5,1f0ddb3c-4cd1-49b9-a789-23889508ed4c,9d0bc656-a850-5611-be09-d109b89313ca,vacuum,17,1b3d320d-5cd5-4cb4-8f03-b15e0039d5e5,2026-09-02T17:58:58+00:00
3db2bd70-2e97-446b-bf88-8f44e49e105c,c7182b42-2953-4a2f-af0b-417e77f32a0f,dfaf7506-f161-5dbd-ad3f-e8e8235d9f9a,airpods,3,1e80c500-64d1-4ab2-90ca-87084c1f1a23,2026-09-02T17:58:59+00:00
be5f9f3a-5c0c-441d-8d33-8cde357d36a0,e527c615-824b-4cbb-9b36-05d56a2a10d1,b28388a2-ea85-59dc-9bc2-129cd81b849a,bookshelf,0,,2026-09-02T17:59:00+00:00
89264558-cbf3-4911-9a24-4265742767d6,e137b684-6d45-41e4-b53a-a2952179ea27,dfac5f36-44b9-5ca7-b41f-025b9869540a,mini fridge,5,5cbd8ea8-2b9d-4d7c-88eb-1ccf468fdb0f,2026-09-02T17:59:01+00:00
3562bd52-340c-4127-9f3a-2f71ceca44c8,98ad27ce-e47e-4771-ad29-805b07806c9f,0ca489c9-b408-562d-aab9-71769eaf68ce,microwave,4,d4223b8b-2b4e-484a-b4ae-f7c663cf37e4,2026-09-02T17:59:01+00:00
86ada94c-e971-4a94-ab76-9aaac50cf108,3a5a2a27-d573-4a79-aa49-c5ec803e3afa,d5581d97-8af0-52c6-be5c-f487e87830ee,iphone 15,0,,2026-09-02T17:59:01+00:00
9540d589-34be-4fb7-a020-4be3dbe98237,59cfad93-e8be-476d-a00e-38ff64d066a6,7dc29725-c5f7-587b-a251-e78e204b32aa,kettle,13,,2026-09-02T17:59:01+00:00
d2062fe9-167f-4a98-baf0-9c4d5bb80fa8,243e24a6-e1f8-4efa-b9de-535c1492c5c0,d25242e7-4086-5fa5-87fb-1da5795b99f8,sofa,28,,2026-09-02T17:59:02+00:00
ad3a43c9-99f5-4387-9505-fa5f3dde9fb3,323773fe-1734-4723-9d7c-e9ea06ffd008,adcc466b-a9a8-587d-af23-7951944f56e0,lamp,8,929fe289-f6bb-48e9-bfaa-b1e9dca141e2,2026-09-02T17:59:03+00:00
0ee58399-4f74-46e6-9de7-96387fbb04e5,82a7aba1-ba88-4765-9d85-015e17a4d87e,8c9c4f4e-9cd9-5b30-b630-59a2a2126d7a,textbook rental,0,,2026-09-02T17:59:03+00:00
fa8fe5a2-db1f-438d-89fa-0dfb7268920a,9bd70d5b-7d8e-44d6-95d7-508992ee508e,ddb28943-e852-5d04-ae63-778f1cf15fbd,yoga mat,8,,2026-09-02T17:59:04+00:00
b1b0873f-eaf9-44a1-bde5-362348367f4a,a12c9d7b-2371-4415-9829-239445dc5a9e,94400bd2-7575-51e4-91f2-65df40e87b8d,winter coat,0,,2026-09-02T17:59:04+00:00
7562cebd-0733-46cc-8708-b7b86d95514c,ae4f41a6-a0e3-4f68-a68a-774105d2f115,0cdf7529-05f5-561b-a9ca-9d090c16b55a,kettle,13,,2026-09-02T17:59:04+00:00
014d673d-c9e0-4ccf-b4de-fe9045f4a71e,d118210a-8ab6-41a6-b1b6-6d3287819f17,96facbdb-d164-57b5-aa72-779b79837b41,headphones,24,,2026-09-02T17:59:04+00:00
3115bb41-9e59-46eb-8962-c3bce332bd76,b39b0d31-5468-4f8c-b0e1-015cf5d250f5,62f28626-0cd7-5e6f-9f71-99b1e61a293c,mattress,39,852cc56b-9a13-405b-8211-d5b0301305bf,2026-09-02T17:59:04+00:00
aff5394d-7e89-4118-8d9b-89fc24787d76,0d8cfdf9-162f-4844-9cd6-729fca1b9962,ef7ab530-26fc-5f21-9276-fc0f197277a3,airpods max,0,,2026-09-02T17:59:05+00:00
ee75283c-b05f-4e97-b732-3c3348a9f9c1,cb8a271b-afec-4261-a281-a720412ff762,e814d835-dc94-56fc-9216-f0d97e5f12b1,dresser,25,,2026-09-02T17:59:06+00:00
ee59423c-7530-4112-a2f6-f7c2b8e99220,33e5009b-0de8-45ed-8c37-d0becbd4b215,3d3370e8-2c0b-51ab-bcdd-1ab1a06cf8e8,ps5,0,,2026-09-02T17:59:08+00:00
ea7565d7-a67e-4256-b825-bebca27a91bf,1feae195-dd64-4313-9658-78c38f57850f,8eb16ef6-9d9f-5512-b678-7605a3f9173a,dresser,25,,2026-09-02T17:59:09+00:00
8ba60cbd-8e9b-4707-80ee-343e628813b0,cc483862-ddce-4c53-af20-b14f6d75be64,3797344d-c6c8-56a9-9467-0bed827cbbdd,winter coat,0,,2026-09-02T17:59:10+00:00
789edba2-cf7f-41ea-9343-5ddffcb01ee5,de7eec7f-66a2-4cf7-9de7-b653982bbaaf,8c4a6d1b-06a9-5b03-b78d-5c50040c9a3b,kettle,13,93b69adb-26ea-4ed3-b87a-8dd159feac9b,2026-09-02T17:59:10+00:00
f71d271a-e55a-473e-9426-76af894c7896,58ba42d6-a3e8-433b-b45d-7a24884f5abf,6e5e4d3e-f45f-51d1-ae8e-aff1dcc1e540,vacuum,17,5cb4c3ac-321a-420a-b561-c2d26e880bb1,2026-09-02T17:59:10+00:00
2f5eec6b-916e-4130-8fb8-7626560d30b4,6e8bd2b2-8577-4176-ab3c-67fe5e14d009,0d0ce3af-6086-51c6-84bc-c3072157e918,airpods,3,1e80c500-64d1-4ab2-90ca-87084c1f1a23,2026-09-02T17:59:10+00:00
fa8370b3-c26d-4ea4-9247-890cd0a93102,e608adee-5af1-4b18-b061-19391f09fb69,5750786e-3821-5ac0-9cf9-46018c0458f7,sofa,28,,2026-09-02T17:59:11+00:00
1d1ac62b-503b-4325-9a5b-7c4168cde794,cc30a7ce-a741-4cc5-9aec-15ddc916fac7,08d74f4e-2d1a-52fa-8d6a-7e70e1b2230e,rice cooker,5,,2026-09-02T17:59:11+00:00
e856a506-52d2-4f4b-9966-ce0829f69d26,a4ddbcbc-93a7-45ab-ae90-9108c8642e18,0f1a109d-df15-5a7b-b401-5a50c6753b0c,bike,18,,2026-09-02T17:59:12+00:00
daaec0dc-fb5d-4af7-b108-999142e79c36,e608adee-5af1-4b18-b061-19391f09fb69,5750786e-3821-5ac0-9cf9-46018c0458f7,corporate finance,15,,2026-09-02T17:59:14+00:00
fd1bca0b-df8a-409e-bdf3-9b898a717739,3272c66c-2ceb-4e3a-bcb2-2b0cd1385588,5f369134-fe13-5166-9d7c-f00e7ba45ec1,airpods,3,,2026-09-02T17:59:14+00:00
4a0210ec-00f0-45f7-8b7e-910c7a6ff81e,f1beeac4-b01c-4f68-a878-35d53c41872c,3eb1a325-01e9-5981-be24-43c58e58698c,airpods,3,,2026-09-02T17:59:15+00:00
b613c466-0ba4-498e-8b5e-d4adcb05bde0,c6d228b1-1475-4c52-9202-955f3d1a056a,a0ad86ab-0b7a-5be4-b6e7-6f5f723db59a,airpods,3,,2026-09-02T17:59:15+00:00
678c7a2f-0c2f-463d-a6be-1bb3680d37ae,31e5e3e2-34d6-445b-a4a1-6d86c2b312f5,2c0c8d8f-b249-51c7-b099-fb2ccffa935d,free,16,,2026-09-02T17:59:16+00:00
4db03689-c157-4321-89af-f521a83d58c6,17205c4f-59ba-489a-b1c0-e573f032817f,15ee8f04-e5d5-5e44-b87c-0ab1cebd9b9b,mattress,39,,2026-09-02T17:59:16+00:00
d336072e-5193-41f5-939f-4eb63ab78d5d,2474e0bd-3261-4377-838d-4687ea35d755,e962cfda-e65d-5d14-a9cd-092fc41c060c,apartment,0,,2026-09-02T17:59:16+00:00
2610a918-3492-412d-9e8f-e57bcc254c5e,a912d71f-44ec-49d4-934d-09f818efe3b8,44eff4a5-b285-59c0-854f-b0d3ff24a4f9,ipad,18,f0951fa0-04fb-4abb-8aa2-42248467ee46,2026-09-02T17:59:16+00:00
5c65aa6d-666b-44d2-8bb3-ab3520f78073,5cc4ad1e-e061-4786-92bf-75c6e666d9c9,6d2df4e9-b2ae-5f50-a609-d22cf1503ee4,desk,83,,2026-09-02T17:59:17+00:00
bec6ffe0-1974-419f-ac54-a2782c522c2e,0bd43247-6406-40a9-986d-236037103f78,c6d7c327-159f-5f26-ab03-270714b9f408,lamp,8,,2026-09-02T17:59:17+00:00
d89f114c-89bb-41a5-ab5a-fce1cbc3b2a6,ece3ba4d-a704-4626-82c0-4c11279702ab,40177cdf-fafb-5444-88d6-8c65c7ce9c2d,sublet,0,,2026-09-02T17:59:17+00:00
c44073e9-bfd5-4948-bce9-41e70e0eba54,a95b5f01-8fa8-4373-8961-d09f30efb232,d2b37f84-e24f-5416-a1bd-e3e6296c622c,winter coat,0,,2026-09-02T17:59:18+00:00
d6f0c274-4293-41c4-a787-9f9e777850e8,68a5d1fb-52f1-45a2-a2fb-ec576b59ceb0,000736e7-ec88-55cb-862e-8f68f7fce679,car,27,9f1fc54b-d91d-4a51-932d-cf9051ea98c4,2026-09-02T17:59:18+00:00
8f92345e-df61-4220-b9cb-6b3b3ca13bce,052ab455-27c9-42f2-a915-5266478aba7c,92e3b3c2-f34d-5061-b976-8bb54574a314,vacuum,17,,2026-09-02T17:59:18+00:00
d9eefe8e-4594-43fc-bf52-4e5dfbf9d104,2f4b1887-379d-4094-919e-a79bb84fab9b,05cabcc3-9dcf-5b50-a2d4-edc4b9214ad0,laptop,2,c8f837d8-1ae3-482c-b2a6-4ca0393af822,2026-09-02T17:59:19+00:00
759a602f-f31b-4693-957c-2866438fd46b,450c7fc8-eb99-4e76-9ce0-7ac84502cfc9,30ee6143-3985-548d-a174-a1f5f08aa40c,bike,18,,2026-09-02T17:59:20+00:00
4263f639-3a64-4483-a38c-ed81a9da6987,3f82b8bc-8e21-47ec-ad2f-07a377b2024d,8b27e2fb-1adc-5bc4-af5c-cf7749a1ab1f,monitor,17,7886a1c6-e579-400a-ad8e-413c34dd4c3f,2026-09-02T17:59:20+00:00
648e4c23-e7e6-4493-a20d-68df36dc55b0,460f4ef7-3d87-4168-867c-b40bd386e450,f8cb0874-fc87-5cd7-af7b-42a5d673a6c2,printer,0,,2026-09-02T17:59:20+00:00
d82a123b-ad7d-4101-b3bb-d318153cf9f8,0d8cfdf9-162f-4844-9cd6-729fca1b9962,ef7ab530-26fc-5f21-9276-fc0f197277a3,parka,2,,2026-09-02T17:59:23+00:00
7b3322f7-c3c2-4b1d-b1e8-369144589e81,d7e96a2a-a228-42ca-af95-310b189116f1,76321d40-5715-5aa5-bfb5-deac7ee7ce34,mattress,39,92ed7beb-269b-44ec-b3b2-7f1bbe4f9af6,2026-09-02T17:59:23+00:00
24f8bcc2-501b-4cec-b25c-fcbffc7d3622,460f4ef7-3d87-4168-867c-b40bd386e450,f8cb0874-fc87-5cd7-af7b-42a5d673a6c2,winter coat,0,,2026-09-02T17:59:25+00:00
181c400e-a9d6-448b-afdb-1f947828664e,7e949b35-f838-4a09-a00e-ee7e038bba01,81d9e00b-0b72-5361-9792-0f44b8c3cc17,bookshelf,0,,2026-09-02T17:59:25+00:00
cb80b7c7-7d69-4daa-a319-7985bc630c1b,5470b64d-4863-4115-a2e2-8f83ed8189e8,9231dcf8-e165-51e5-a2ef-795417436d92,desk,83,9cd108f3-7695-435a-8a73-f70735b94771,2026-09-02T17:59:25+00:00
38adf365-c842-4529-b2c9-aade94b838f0,e32264cb-8399-429c-be3b-24041e72b2e6,f22e3e56-0bdd-5c00-aeaa-97038f666b27,sofa,28,d9d989f2-344d-44c2-be22-b458df17d9b8,2026-09-02T17:59:25+00:00
c79a8b7e-f563-48d7-b18e-c66eac334ead,5916ac8e-53b3-48e1-9c99-62b0ba8e9a9a,33903086-e9f5-5990-b4b8-a411584d304b,sofa,28,,2026-09-02T17:59:26+00:00
4421d176-23c2-4045-9cf1-d55bba94db40,c7aef9d1-dbd0-4f74-a478-6a968e0317e1,31104602-62dd-57b2-9607-6e887b768058,parka,2,6621b3ed-bc8e-48fc-8e44-33eb89a077fd,2026-09-02T17:59:26+00:00
4fb89e43-bf4d-44df-b51f-6c273b32e1f7,a45ac5b4-0679-4ebf-84e7-2d9da623f04a,a61a0931-6032-58b5-99cc-b1f3ba31cc6d,mattress,39,94d1a5d6-3262-4be3-8fa7-50edf3ff87c7,2026-09-02T17:59:27+00:00
ff52e79c-4769-46d2-8e60-37e8b8cb825b,dd1c7599-10ed-4a22-a238-e27ac11b47fb,9799b82e-bd3d-583a-893b-7cb002773f4d,ipad,18,,2026-09-02T17:59:27+00:00
52358b26-e8bc-4877-aea0-9aa60bee3015,05fb0c96-152e-4ab1-9634-cb2c6a6c3965,f7ccd8b7-8589-53f8-878e-56a5723ef13e,parka,2,6621b3ed-bc8e-48fc-8e44-33eb89a077fd,2026-09-02T17:59:27+00:00
82f5bf64-415b-4932-976e-8fcc700054ef,0967b30c-4f84-48f5-8fcd-6758cedb548b,9a2e9b51-4ed5-55f2-bee9-e8e9567120af,sofa,28,,2026-09-02T17:59:28+00:00
09f9590e-b8cc-4c32-9027-4190495e1bda,b342c990-e341-4828-b45f-1abc00b62fe6,c41b5d38-5c2c-59a0-8b39-ffb2a3f35f50,cat,0,,2026-09-02T17:59:29+00:00
69782b4c-c5b8-48e3-96c5-a7144e68dc17,68a5d1fb-52f1-45a2-a2fb-ec576b59ceb0,000736e7-ec88-55cb-862e-8f68f7fce679,dresser,25,,2026-09-02T17:59:29+00:00
8b2479e2-ef22-4785-90f7-bd95d5ea44bd,9bd70d5b-7d8e-44d6-95d7-508992ee508e,ddb28943-e852-5d04-ae63-778f1cf15fbd,yoga mat,8,,2026-09-02T17:59:30+00:00
2a18b3e7-bff8-475a-8663-09d7fda73ed7,2a7ef77f-b85f-43ad-9e75-d90ad2d6830c,a766200c-9f15-5d90-ba66-2069f2eb8264,kettle,13,,2026-09-02T17:59:30+00:00
e424c173-f398-48a1-9fec-5619760d2b36,ce7d0d75-7795-4ee4-ac4b-451653e2299f,49c35235-8c6b-5e93-a7a3-1ae6c934120b,parka,2,,2026-09-02T17:59:31+00:00
224b1cb3-181e-4a5d-9297-acb2670fa5ae,dd1c7599-10ed-4a22-a238-e27ac11b47fb,9799b82e-bd3d-583a-893b-7cb002773f4d,textbook,0,,2026-09-02T17:59:31+00:00
89135847-02da-4a75-8367-daa6232e165c,05fb0c96-152e-4ab1-9634-cb2c6a6c3965,f7ccd8b7-8589-53f8-878e-56a5723ef13e,textbook,0,,2026-09-02T17:59:32+00:00
d845a0dd-e681-48e6-9d77-0776c3399e5f,945da312-f1c6-4ec8-8183-78d3e481e430,99588655-b16b-55ac-855c-33cb5fc4c144,car,27,9f1fc54b-d91d-4a51-932d-cf9051ea98c4,2026-09-02T17:59:32+00:00
351db9bc-e08e-44de-9cb9-cf352dfec237,6676e55a-2d01-4cd6-851c-b79f9c789e38,fb23508b-3916-5856-84ba-c11ff68ce2d4,textbook,0,,2026-09-02T17:59:33+00:00
fc78ae91-e104-495f-ab26-ca2a77d9e813,0a184521-73d3-4102-aca7-b2caaa11f12e,430c0b88-316c-5a5c-b3ac-5a3868156f13,sofa,28,,2026-09-02T17:59:33+00:00
7505fc36-d2da-410c-a172-3387056ce378,31167b7b-4d99-49e7-8ae6-e6a47ddc24f8,9c5b7125-d3bc-57be-ac92-a057c183058d,coffee table,17,,2026-09-02T17:59:33+00:00
044f6921-0d54-4d64-bf7c-ba05f2a7fe8e,f0948fd7-8b6e-41e2-8c57-e17b3a2ccb62,7f38aad5-31ae-5f4d-92e6-780a7b0a5406,free,16,,2026-09-02T17:59:33+00:00
af3bb865-6380-428d-b577-84f6abbd344c,e32264cb-8399-429c-be3b-24041e72b2e6,f22e3e56-0bdd-5c00-aeaa-97038f666b27,free,16,,2026-09-02T17:59:34+00:00
8d1e3bd5-8885-45a4-b666-9197a2d11ca3,1feae195-dd64-4313-9658-78c38f57850f,8eb16ef6-9d9f-5512-b678-7605a3f9173a,kitchen,2,842cea88-1f69-420c-ab47-2cd5ac467723,2026-09-02T17:59:34+00:00
8db8ac56-af52-49ea-8565-18fef1ea385c,ee695881-c43e-42d5-8d6b-22f89b95592c,bb243f9c-698f-505b-bb3f-5fe4fc311d2b,bookshelf,0,,2026-09-02T17:59:34+00:00
51ba5d01-f1ac-414e-96f8-dbf15d472eb9,36252284-f2e8-487b-a7d3-25374b41a493,d4be95ce-96ed-5f7d-816c-9fed61c74362,kettle,13,,2026-09-02T17:59:34+00:00
07eb2e43-a7bc-4cc2-bd8e-59f6969dd2fd,73951fcb-587e-448f-bf78-683136c513b1,bd3dade2-32f4-5d51-8d0f-9448a8f20405,headphones,24,,2026-09-02T17:59:35+00:00
c0f28fb0-1f8d-4b49-87b6-921b8572328d,323773fe-1734-4723-9d7c-e9ea06ffd008,adcc466b-a9a8-587d-af23-7951944f56e0,lamp,8,,2026-09-02T17:59:36+00:00
542c3c29-0a6f-4437-83ab-5a0b44b937c2,6dd5f7ff-d7ae-4044-a507-842ff23faea7,4c11d26e-495b-501e-b3a3-b162ea4c9550,desk,83,,2026-09-02T17:59:36+00:00
4b1b7738-3db9-456a-a519-706810e3a1d2,5916ac8e-53b3-48e1-9c99-62b0ba8e9a9a,33903086-e9f5-5990-b4b8-a411584d304b,boots,15,8e8eba10-09ed-4736-9283-5f89aae2cb09,2026-09-02T17:59:37+00:00
70bc1074-5722-46f0-aebf-e438193a7236,d10d3c59-6919-439f-a0ee-ed3b90ffb4f4,14508dce-0360-54b8-8a9c-f7ee73ce1992,guitar,0,,2026-09-02T17:59:37+00:00
c7f826cc-3fd5-4b4a-8e57-8496d2d8ca1e,20567896-d4b7-4300-bda6-325550875f20,6b8a4574-baea-5af3-b6c4-9d33027d2fee,cat,0,,2026-09-02T17:59:39+00:00
d0120915-44f4-47e3-a6ee-c916b0fde298,0bf5bc95-72e0-4a6b-83b2-827b521b7405,48156940-314b-529f-9a34-25c32b16f80c,cat,0,,2026-09-02T17:59:39+00:00
76cdb963-dd86-4217-b50b-d5c85c1492ad,155a532f-e1b2-4f3a-9516-79dc762fef29,fd6ee41e-42ae-54bd-8316-83f5f5fbbd1c,yoga mat,8,,2026-09-02T17:59:39+00:00
39ff367a-1405-471d-98b9-45ab82af6485,229a479e-59b2-4f60-993d-d64ffca1c0bd,46e50da2-4628-5cf9-81eb-ab722c6eb144,apartment,0,,2026-09-02T17:59:40+00:00
9af05fdb-cca8-4826-9987-67db3c54837f,bf54b662-7115-4d3a-9d44-59478f662a8c,6b52eff6-ba5e-5e9f-bf11-b0d645482352,microwave,4,79cc7c97-3981-439d-be4d-7401df48343a,2026-09-02T17:59:40+00:00
a1e80541-aed2-45f8-a28d-3f0e2a27e34c,4b393f57-9597-4849-8f2b-6e4f0193d3ae,b03c0457-024d-5dd7-8c9d-3483e7e79880,sublet,0,,2026-09-02T17:59:41+00:00
f192b151-6fdd-4f83-be43-8dfcd3b6ca1d,61c18988-ae66-48f3-943c-a49ee2ad2d55,07ccd921-faef-52a9-a07b-e260fe6d3505,lamp,8,,2026-09-02T17:59:41+00:00
911569c9-1f8a-4790-88b6-2c28a561dc83,0334f17c-6899-4736-8ab2-429b4f561a7c,3c9e89d3-1385-5089-b3cf-94fd95cacf6b,kettle,13,,2026-09-02T17:59:42+00:00
1ee41285-371c-433f-b648-373b3fe61e9e,b342c990-e341-4828-b45f-1abc00b62fe6,c41b5d38-5c2c-59a0-8b39-ffb2a3f35f50,bookshelf,0,,2026-09-02T17:59:43+00:00
646751c6-0023-482e-bf22-4b4892060fe6,aaac8f7e-fa82-4faa-8b46-d76ddfcf94ff,ebdb5946-1b87-51b1-9bd1-a52c21aa81d0,iphone 15,0,,2026-09-02T17:59:44+00:00
b34c2a24-9ec2-41ca-bebd-c7bf8c5a28b7,7d5910f5-e030-4661-add8-b2eaade7882a,c13458d2-1549-53fb-87ce-288decd41c86,laptop,2,,2026-09-02T17:59:44+00:00
c45ca99c-d904-45df-bc4c-6767f5c24997,0ab64343-2bcf-4c83-9162-e2ad0fb29642,b940d74d-57a4-5d18-b92b-e35a1c750540,winter coat,0,,2026-09-02T17:59:45+00:00
69643947-066d-4d04-b586-a18e3f6d42d1,36252284-f2e8-487b-a7d3-25374b41a493,d4be95ce-96ed-5f7d-816c-9fed61c74362,bookshelf,0,,2026-09-02T17:59:46+00:00
2565e39a-e83f-45bc-b48f-5be10964002d,08942539-8bd8-4c61-83d2-ec74cd1bedcb,e465b17f-ee92-5095-a88c-e9882bfd4111,concert tickets,0,,2026-09-02T17:59:46+00:00
d280a40f-5146-47df-81f3-ac307259e640,3e6d9730-35ed-4d3b-897a-bb23e57a7169,87dffe90-6d96-56e3-aef5-4eac913de6a8,laptop,2,,2026-09-02T17:59:46+00:00
f7537c22-216f-42e5-a11d-d298d8555f56,6fe52876-1a56-4bed-b662-5983babec5c8,0ef34780-271e-5fd5-87e6-c06620c332a7,printer,0,,2026-09-02T17:59:47+00:00
ab290f5c-19d6-41c2-bee5-1fdb6729f3fa,04531230-dd4e-4ce8-a301-2b7332324090,143d8b35-80e6-5835-92db-9d5d9ad5739f,sublet,0,,2026-09-02T17:59:47+00:00
cc65c9ad-3222-4b96-a77c-0f605ed84405,a14b409c-8a7d-4a90-9ba9-7ad32049abe5,534664f6-bc81-55d5-a4a3-7030f1ad5076,ikea desk,0,,2026-09-02T17:59:48+00:00
d5926e3e-4701-465f-9f51-c78eb2cbba09,cbaf2ac2-d910-49fe-b1b9-fe6ae1cb7bae,f5caa5d9-0371-568f-8838-d453bad0e9c1,headphones,24,78c62964-a2b2-4f5b-b0b8-339fe0291260,2026-09-02T17:59:48+00:00
f5358729-cf17-48e5-9f17-d955166e8b7d,97f073ef-5758-4ff9-a7ff-e9295ddc5a66,9a62f3f2-4eb4-5fb6-9538-0b27c5090aef,vacuum,17,c0451167-9adc-4d06-835d-5f6341dbcbc3,2026-09-02T17:59:48+00:00
14433241-fa75-4248-8e7d-35b4d8dc200e,e30f8fee-f985-4b17-a2aa-cb2235bd4840,5f3b739f-fc8e-5e13-b123-a837f8dd93e4,standing desk,15,,2026-09-02T17:59:49+00:00
14af3da9-60dd-4ec1-b7de-60c593ef5ce8,e1d1ec8a-4a06-4c11-92ae-cd479f53a2fe,08e9c1bf-320c-57d0-8c39-2b8fb54f7b6e,rice cooker,5,4006fe35-1353-45b0-b76e-308e0062c453,2026-09-02T17:59:50+00:00
69350290-a473-40d5-8c63-144c03a82a20,a1940ed5-c898-4d47-931c-b21c325c3345,3200b57c-9f5f-5580-b874-17c22cd82310,bike,18,ce9a93ce-2287-4a99-86f3-a682ee839146,2026-09-02T17:59:50+00:00
e3ff8d9f-862d-446c-ae90-a0e98ad7baac,16efbd3d-b8b5-4695-8df4-431470ed3973,6c7ce04d-1f7f-550e-bd44-bcc709f0e65a,kitchen,2,,2026-09-02T17:59:51+00:00
5fccc86f-9a4a-484e-8339-2392fa39d5ad,4b393f57-9597-4849-8f2b-6e4f0193d3ae,b03c0457-024d-5dd7-8c9d-3483e7e79880,headphones,24,,2026-09-02T17:59:51+00:00
1afe6856-732b-4d15-9180-7cdc2730c559,6fe52876-1a56-4bed-b662-5983babec5c8,0ef34780-271e-5fd5-87e6-c06620c332a7,coffee table,17,35ed3a95-603c-4846-b011-ec9b22e15446,2026-09-02T17:59:51+00:00
4a869adf-ac17-4109-b404-59cfb18dc1c6,bddc13b9-b178-48ff-bab2-df1aca4ad927,f5ae30b3-14b2-5ff6-82f8-41ffa9871f0d,winter coat,0,,2026-09-02T17:59:52+00:00
9ec38e15-8702-4775-b1ef-91027402f35c,98911231-0298-4b00-8623-dc3cd5d7cea3,b586c8cc-9a9f-54ba-9b70-9419f4811e91,bookshelf,0,,2026-09-02T17:59:52+00:00
36e8a14f-8254-4e3e-8428-e43452b40f44,19a6e0b3-2aff-45f4-b7c3-a368425f4c5e,60403c79-2474-50e2-8650-34e62aab640c,microwave,4,,2026-09-02T17:59:52+00:00
bf3f68bc-95e0-4d76-9c3b-95a3852f082b,0d8cfdf9-162f-4844-9cd6-729fca1b9962,ef7ab530-26fc-5f21-9276-fc0f197277a3,bookshelf,0,,2026-09-02T17:59:54+00:00
e3971244-b1c9-4c7b-a6a4-be6f7f76c4f3,0bf5bc95-72e0-4a6b-83b2-827b521b7405,48156940-314b-529f-9a34-25c32b16f80c,parka,2,1044ae4c-b231-415f-891e-b82500b854f7,2026-09-02T17:59:54+00:00
882986a2-a170-41fc-8d60-5885fc9465c2,f0948fd7-8b6e-41e2-8c57-e17b3a2ccb62,7f38aad5-31ae-5f4d-92e6-780a7b0a5406,bookshelf,0,,2026-09-02T17:59:54+00:00
33dfc4e1-9628-46fd-8e1d-fb1f2ab0b3f5,0ab64343-2bcf-4c83-9162-e2ad0fb29642,b940d74d-57a4-5d18-b92b-e35a1c750540,office chair,0,,2026-09-02T17:59:54+00:00
c005c3d0-1cef-400d-be5d-cf9f25d11961,a12c9d7b-2371-4415-9829-239445dc5a9e,94400bd2-7575-51e4-91f2-65df40e87b8d,parka,2,1044ae4c-b231-415f-891e-b82500b854f7,2026-09-02T17:59:55+00:00
67fb5560-b3c2-448b-bc56-5b905944ae55,16f443cf-d5c0-4214-964e-a8d0ca61fc3b,388bfedb-7f54-5021-962d-77f3dded053f,cat,0,,2026-09-02T17:59:55+00:00
d15f3f79-0879-4aea-bc48-bbd8a18b897e,0d1c3efd-7b76-4215-9dc2-0a7d278f7a8e,430be564-8a57-5f09-a2d8-10f6043ba1b4,headphones,24,,2026-09-02T17:59:55+00:00
03a5f310-722c-4f09-9344-3a654eb2a206,0ab64343-2bcf-4c83-9162-e2ad0fb29642,b940d74d-57a4-5d18-b92b-e35a1c750540,ipad,18,,2026-09-02T17:59:56+00:00
6f2de38a-3a90-40d9-bbb1-603d25460b9d,c7aef9d1-dbd0-4f74-a478-6a968e0317e1,31104602-62dd-57b2-9607-6e887b768058,microwave,4,5af3b4d7-8eda-46c2-ba32-d081cca3ff07,2026-09-02T17:59:56+00:00
ce6d34c3-87c9-4bad-987f-8607af21d1e2,1cd48c64-f20e-4082-a7f1-2a3bb03696ba,eed24e2e-e6c3-5797-873f-ac542d5119c7,yoga mat,8,6dc97872-dc25-4114-a162-6a5236efca6d,2026-09-02T17:59:56+00:00
fb18c06b-e71c-458c-a1d6-e0c8200b5e4b,16f443cf-d5c0-4214-964e-a8d0ca61fc3b,388bfedb-7f54-5021-962d-77f3dded053f,ikea desk,0,,2026-09-02T17:59:56+00:00
0928285b-8a0f-44fd-8f00-2ea7446b2ec2,d4508255-496b-4fe1-b566-0413ac814973,cb2b905b-5bcb-57d3-a623-836d367a9d9f,bike,18,,2026-09-02T17:59:56+00:00
c88e03b4-f478-43f9-9536-60a4c9ed426a,b092af0d-a2bd-4137-be44-3e464c231dd3,d71fb79f-d66c-5423-a20e-9266b85ff00e,kitchen,2,,2026-09-02T17:59:56+00:00
3ece7e87-fd4e-4bab-bc8f-22c6a93abdcb,4a9ba647-dfe2-49e1-bb29-2cba11c55421,cc74a8e5-cbe1-5098-80de-2f74611912e0,kitchen,2,,2026-09-02T17:59:57+00:00
87ffc78f-7d32-408f-a92a-5695af7baf70,b7e15f1b-af44-40ba-8876-d2309d8979b0,138b0039-0bbf-5659-b3de-fc0622565988,mini fridge,5,,2026-09-02T17:59:57+00:00
e2df6d15-0b43-4d11-b36e-34c68cc7102b,cb8a271b-afec-4261-a281-a720412ff762,e814d835-dc94-56fc-9216-f0d97e5f12b1,mini fridge,5,5cbd8ea8-2b9d-4d7c-88eb-1ccf468fdb0f,2026-09-02T17:59:58+00:00
6f254894-691a-4b08-bb21-e8acbaeeab73,1f0ddb3c-4cd1-49b9-a789-23889508ed4c,9d0bc656-a850-5611-be09-d109b89313ca,boots,15,,2026-09-02T17:59:58+00:00
a6e2d908-96d6-46bf-b5e2-0bc5608c0732,16746d30-4545-4105-a2e8-7da9c5208cb5,762afde7-4bbf-502e-9129-1de36ae0f3fb,office chair,0,,2026-09-02T17:59:58+00:00
c584606b-2ad3-4e7b-8f46-81e52b1210f8,04f84970-9afe-4001-b319-d8f3b2a04e42,418e35be-ee0a-5846-b378-8569979f47f9,printer,0,,2026-09-02T17:59:58+00:00
