id,email,username,display_name,phone,phone_contact_enabled,nationality,school,grade,zip_code,default_radius_mi,default_filter_same_zip,default_filter_same_nationality,default_filter_same_school,is_verified,status,created_at,updated_at
109a3466-1b74-42ea-b890-dda986caf387,wz9821@columbia.edu,wei_zh,Wei Zhang,+13475550185,true,TW,seas_undergrad,undergraduate,10027,1.0,false,false,false,true,active,2026-09-02T17:55:00+00:00,2026-09-02T18:00:00+00:00
0e164fd3-3756-4f01-a71d-7a130995921d,nd2652@columbia.edu,nathan_do,,+16465550154,true,US,seas_grad,graduate,10031,2.5,true,false,false,true,active,2026-01-24T23:30:37+00:00,2026-02-03T11:21:09+00:00
9c4bc13c-455f-4bc8-af64-d6ff11a380b4,gm3129@columbia.edu,grace_ma,,,true,US,cbs,graduate,10027,2.5,false,false,false,true,active,2026-02-17T05:26:23+00:00,2026-03-03T10:50:46+00:00
f04a183f-150b-4c94-add4-8f70333e2504,oq8965@columbia.edu,owen_qu,,+12125550196,true,US,gsas,graduate,11205,10.0,false,false,false,true,active,2025-08-29T10:18:53+00:00,2025-09-15T22:05:03+00:00
46d70937-d07e-4077-b289-a72c50dbc1f5,ym8263@columbia.edu,yifan_ma,Yifan Ma,+19295550116,false,CN,general_studies,undergraduate,10027,0.5,true,false,false,true,active,2026-01-25T07:48:58+00:00,2026-02-13T20:55:34+00:00
a9ed43c7-b716-4055-97db-efe07e46285d,dk6389@columbia.edu,dmitri_ko,Dmitri Kowalski,,true,RU,seas_grad,graduate,10025,2.5,false,false,false,true,active,2026-01-21T13:06:20+00:00,2026-02-09T19:55:05+00:00
0f42d78d-fb76-4dbf-ac1f-01a020bae3c1,jm4505@columbia.edu,julian_ma,,,true,US,cbs,graduate,10027,2.5,false,false,false,true,active,2026-09-02T17:55:00+00:00,2026-09-02T18:00:00+00:00
e5b05247-d5c5-41cb-bf08-a56d351e6242,kc1529@columbia.edu,kanya_ch,,,true,TH,general_studies,undergraduate,10027,2.5,false,false,false,true,active,2026-01-23T14:50:57+00:00,2026-02-10T13:07:20+00:00
405b7524-8b1b-4475-ad96-825a01e94fc9,oh3696@columbia.edu,olivia_ha,,,true,US,cbs,graduate,11101,2.5,false,true,false,true,active,2026-02-19T10:51:34+00:00,2026-02-25T23:31:54+00:00
a912d71f-44ec-49d4-934d-09f818efe3b8,kn4595@columbia.edu,karim_na,,+16465550199,true,EG,seas_undergrad,undergraduate,10027,5.0,true,false,false,true,active,2026-09-02T17:55:00+00:00,2026-09-02T18:00:00+00:00
52d44442-4dbc-40af-bbe3-a97d1e165b33,no8804@columbia.edu,ngozi_ot,,+19295550138,true,GH,teachers_college,graduate,11215,10.0,false,false,false,true,active,2025-09-17T09:24:58+00:00,2025-10-27T12:07:00+00:00
ce44b626-aa47-48a3-b23b-c2866dfefd6d,wz7499@columbia.edu,wei.zhou,,+16465550169,true,CN,sipa,graduate,10027,2.5,false,false,false,true,active,2025-08-25T09:58:00+00:00,2025-09-13T18:05:34+00:00
0bf5bc95-72e0-4a6b-83b2-827b521b7405,vk6163@columbia.edu,vinayak_ku,,,true,IN,seas_grad,graduate,10027,2.5,false,false,false,true,active,2026-09-02T17:55:00+00:00,2026-09-02T18:00:00+00:00
3c93bac9-6c00-45ff-868a-2fca9fd92411,ts8644@columbia.edu,taeyang_se,김지우 (Jiwoo Kim),+12125550193,true,KR,columbia_college,undergraduate,10022,5.0,false,false,false,true,active,2025-08-25T15:32:39+00:00,2025-09-01T21:50:23+00:00
15d52282-aa0d-49e9-9796-e5c609b8facd,mh7951@columbia.edu,minjun_hw,Minjun Hwang,+13475550185,true,KR,cbs,graduate,10027,5.0,false,true,false,true,active,2026-09-02T17:55:00+00:00,2026-09-02T18:00:00+00:00
88cd8efd-6959-47db-8377-f4735e76c1f2,ed6726@columbia.edu,ethan_do,Ethan Doyle,,true,US,columbia_college,undergraduate,10003,2.5,false,false,true,true,active,2025-08-30T11:09:39+00:00,2025-08-30T20:50:07+00:00
1dc0db8d-05e4-4ebb-97cd-9fe0c828ad56,sf4641@columbia.edu,sophia_fo,,+19295550115,true,US,columbia_college,undergraduate,10025,2.5,false,false,false,true,active,2026-02-04T03:43:53+00:00,2026-02-12T08:55:22+00:00
210c2b91-059f-411a-9302-7b1e3c1091de,ss6168@columbia.edu,sophia_si,,+13475550134,true,US,vps,graduate,10025,2.5,false,false,false,true,active,2026-01-29T10:08:27+00:00,2026-02-03T02:07:01+00:00
1d338b8d-761c-465c-a95b-6a44857fd0fa,rb8457@columbia.edu,ryan_be,,+16465550168,true,US,cbs,graduate,10027,2.5,false,true,false,false,active,2024-09-16T14:11:29+00:00,2024-10-24T19:12:54+00:00
aba48693-f4f3-4a99-931c-a612969e1c14,is6747@columbia.edu,ishita_sh,,+19175550127,true,IN,general_studies,undergraduate,10027,2.5,false,false,false,true,active,2026-01-21T13:34:04+00:00,2026-02-17T09:47:33+00:00
f4b0199b-48eb-4354-a8fe-03676e9169f9,kk5275@columbia.edu,kyungsoo_kw,Kyungsoo Kwon,,true,KR,cbs,graduate,10033,2.5,true,false,false,true,active,2025-09-17T00:38:45+00:00,2025-10-03T12:52:53+00:00
b8d5ebaa-e3a1-4774-8f3c-355409546348,pk6805@columbia.edu,priya_kh,,+19175550130,false,IN,seas_grad,graduate,10025,2.5,false,false,false,true,active,2025-09-24T21:11:48+00:00,2025-11-26T03:05:29+00:00
0581305f-6e14-482c-94be-e2a7bab71968,of3670@columbia.edu,olivia_fl,Olivia Fletcher,+19295550135,true,US,teachers_college,graduate,10463,2.5,false,false,false,true,active,2024-08-31T02:34:23+00:00,2024-09-08T20:11:12+00:00
229a479e-59b2-4f60-993d-d64ffca1c0bd,rz8576@columbia.edu,ruoxi_zh,Ruoxi Zhu,,true,CN,cbs,graduate,10027,0.5,false,false,true,true,active,2026-09-02T17:55:00+00:00,2026-09-02T18:00:00+00:00
bfd8403b-80c0-4664-aaab-0599f13df1e7,hz8410@columbia.edu,hao_zh,Hao Zhu,+19175550141,false,CN,seas_grad,graduate,10026,1.0,false,false,false,true,active,2026-01-24T17:53:30+00:00,2026-03-23T00:16:50+00:00
5ad1634f-c550-4afe-a35d-e3670be3ced4,sk3958@columbia.edu,seoyeon_ka,Seoyeon Kang,+19295550160,true,KR,cbs,graduate,10017,2.5,false,false,false,true,active,2026-09-02T17:55:00+00:00,2026-09-02T18:00:00+00:00
adaf0dcb-36fb-4140-a2ca-a0df1b8e38d1,yz2679@columbia.edu,yifan_zh,,+12125550149,true,CN,seas_undergrad,undergraduate,10025,2.5,false,false,true,true,active,2026-02-07T17:14:45+00:00,2026-02-09T15:33:35+00:00
c7182b42-2953-4a2f-af0b-417e77f32a0f,of4589@columbia.edu,olivia_fo,,+12125550143,true,US,gsas,graduate,11106,2.5,false,false,false,true,active,2026-09-02T17:55:00+00:00,2026-09-02T18:00:00+00:00
e9c95f9a-d91f-4855-9ded-2de4b6395421,rb9064@columbia.edu,ruby_br,Ruby Brooks,+19175550162,true,US,seas_undergrad,undergraduate,10027,10.0,false,false,false,true,active,2026-08-31T03:39:53+00:00,2026-09-02T18:00:00+00:00
8f0dbffc-0f7e-45ed-808f-cd5faf5153dd,ak3468@columbia.edu,ananya_kh,Ananya Khan,+16465550111,true,IN,gsas,graduate,10026,2.5,false,false,false,true,active,2026-02-22T00:09:09+00:00,2026-03-11T04:26:17+00:00
0474d78b-b695-4c1a-967f-6fc9587ddc43,cq4485@columbia.edu,caleb_qu,,+19175550119,true,US,seas_grad,graduate,10027,0.5,false,false,false,true,active,2025-02-01T08:12:35+00:00,2025-03-24T02:30:18+00:00
495a3aa3-44af-4038-8197-d87257807cf3,mf4252@columbia.edu,marcus_fl,,+12125550195,true,US,general_studies,undergraduate,10027,2.5,false,true,false,true,active,2025-08-22T03:27:25+00:00,2025-09-23T22:29:50+00:00
1b2f1fac-dc12-45b8-9a5d-964ac8eb7559,as5084@columbia.edu,aarav_si,Aarav Siddiqui,,true,IN,seas_undergrad,undergraduate,10025,2.5,false,false,true,true,active,2026-09-02T17:55:00+00:00,2026-09-02T18:00:00+00:00
ae4f41a6-a0e3-4f68-a68a-774105d2f115,jl6585@columbia.edu,jimin_li,Jimin Lim,+12125550115,true,KR,columbia_college,faculty_staff,11106,10.0,false,false,false,true,active,2026-09-02T17:55:00+00:00,2026-09-02T18:00:00+00:00
1c53189a-7903-4dcb-97d6-29489110198e,dh9070@columbia.edu,diego_he,Diego Hernandez,+19175550160,true,MX,columbia_college,undergraduate,10451,2.5,false,false,false,true,active,2025-01-22T14:13:19+00:00,2025-02-07T10:03:08+00:00
cb8a271b-afec-4261-a281-a720412ff762,mf1334@columbia.edu,marcus.fletcher,Marcus Fletcher,+12125550111,true,CA,cbs,graduate,10025,2.5,false,false,false,true,active,2026-09-02T17:55:00+00:00,2026-09-02T18:00:00+00:00
b2934820-ad75-476f-ade6-054a7c89f295,nd7847@columbia.edu,nora_do,Nora Doyle,,true,US,general_studies,undergraduate,10027,2.5,false,false,false,true,active,2024-09-15T02:32:44+00:00,2024-09-17T22:45:00+00:00
fa25c85c-0248-4e34-b506-fd8f06ae788f,js4853@columbia.edu,james_si,,+19175550159,true,US,sipa,graduate,11201,2.5,false,false,false,true,active,2026-01-22T21:33:26+00:00,2026-02-01T19:56:53+00:00
02e43602-1002-4bed-9fe6-fe21002d4a3c,ew5703@columbia.edu,erik_we,Erik Weber,+19295550176,true,DE,seas_grad,graduate,10027,2.5,false,true,false,true,active,2026-01-17T02:39:58+00:00,2026-02-11T00:12:11+00:00
68a5d1fb-52f1-45a2-a2fb-ec576b59ceb0,yz6922@columbia.edu,yuxin_zh,Yuxin Zhou,,true,CN,cbs,graduate,11201,2.5,true,true,false,true,active,2026-09-02T17:55:00+00:00,2026-09-02T18:00:00+00:00
6a68ec56-67f5-493e-810d-eb44598b0e94,rg4959@columbia.edu,renata_ga,Renata Garcia,+16465550150,true,AR,cbs,graduate,10031,2.5,false,false,false,true,active,2026-01-19T16:50:53+00:00,2026-01-21T15:09:01+00:00
a1940ed5-c898-4d47-931c-b21c325c3345,ns1647@columbia.edu,nora_si,Nora Sinclair,+16465550179,false,US,seas_grad,graduate,10033,0.5,false,false,false,true,active,2026-09-02T17:55:00+00:00,2026-09-02T18:00:00+00:00
f4e93743-2c34-4e9d-8f45-801d88c1250a,dr5524@columbia.edu,diego_ro,,+19175550148,true,CL,seas_grad,graduate,10003,2.5,false,false,false,true,active,2026-08-31T21:25:34+00:00,2026-09-02T18:00:00+00:00
bd335a64-6c2f-4d90-b3fc-221c08d817f0,tx5202@columbia.edu,tianyu_xu,,,true,CN,cbs,graduate,10024,2.5,false,false,false,true,active,2026-08-30T08:59:05+00:00,2026-09-02T18:00:00+00:00
323fd007-baf9-422e-b5f8-b93742be059f,jm9717@columbia.edu,jian_ma,,,true,TW,seas_undergrad,undergraduate,10026,2.5,false,false,false,true,active,2025-09-27T14:56:51+00:00,2025-10-02T06:11:21+00:00
00501fb4-95d9-40ea-9f41-8fe9015dbc62,yw7097@columbia.edu,yuxin_wa,,,true,TW,seas_undergrad,undergraduate,10027,2.5,false,false,false,true,active,2026-03-31T05:44:26+00:00,2026-04-06T18:15:47+00:00
030f6388-7bc0-48bc-93de-f52f9e0e9015,tc4878@columbia.edu,tessa_ca,,,true,US,teachers_college,faculty_staff,10013,2.5,false,false,false,true,active,2026-09-02T17:55:00+00:00,2026-09-02T18:00:00+00:00
b351150e-5cf0-43bc-b851-996d3a1796be,yz6765@columbia.edu,yuxin.zhang,,+16465550182,true,SG,seas_grad,graduate,10027,2.5,true,false,false,true,active,2026-03-26T22:30:23+00:00,2026-05-10T18:16:19+00:00
4875d7bb-cd16-4ee2-8c6e-e6945e85ec03,ew6165@columbia.edu,emma_wa,,+13475550107,false,US,cbs,graduate,10024,10.0,false,false,false,true,active,2026-09-02T17:55:00+00:00,2026-09-02T18:00:00+00:00
b7e15f1b-af44-40ba-8876-d2309d8979b0,es3861@columbia.edu,elif_sa,Elif Sahin,+19175550153,true,TR,columbia_college,undergraduate,10027,2.5,false,true,false,true,active,2026-09-02T17:55:00+00:00,2026-09-02T18:00:00+00:00
335d3072-ddf3-4702-be5f-b256a3b632ac,mc9321@columbia.edu,marcus_ca,Marcus Carter,,true,GB,seas_grad,graduate,10027,2.5,false,false,false,false,active,2026-01-18T10:36:39+00:00,2026-03-10T23:24:45+00:00
ab56d43e-6b4a-43a3-9b6c-f3bae36c4bb6,jy9686@columbia.edu,jiwoo_yo,Jiwoo Yoon,,true,KR,seas_undergrad,undergraduate,10037,5.0,false,true,false,true,active,2024-09-18T02:52:40+00:00,2024-12-02T02:19:11+00:00
d84e7fb7-133f-4d4d-8817-f28892a26d2b,eb2356@columbia.edu,elliot_br,,+19175550163,true,US,columbia_college,undergraduate,10031,2.5,false,true,false,true,active,2026-02-11T11:55:35+00:00,2026-03-01T08:44:43+00:00
6aaa19f8-b45d-48d2-96cb-6432e67ca955,ab3704@columbia.edu,akosua_bo,,+12125550134,true,KE,arts,graduate,10030,2.5,false,false,false,true,active,2026-08-27T11:29:12+00:00,2026-09-02T18:00:00+00:00
5cc4ad1e-e061-4786-92bf-75c6e666d9c9,od6246@columbia.edu,olivia_do,Olivia Doyle,+19175550185,true,US,seas_undergrad,undergraduate,10027,2.5,false,true,true,true,active,2026-09-02T17:55:00+00:00,2026-09-02T18:00:00+00:00
3ae23a73-75a2-49e9-b24e-8c3459016993,ss3748@columbia.edu,sophia_su,,+19295550140,false,US,columbia_college,undergraduate,10037,2.5,false,false,false,true,active,2024-08-28T12:03:13+00:00,2024-09-20T09:28:54+00:00
f5c9aefe-bf7e-4ffb-ae21-2dd4d0dd04ff,tg1889@columbia.edu,tianyu_gu,Tianyu Guo,+16465550172,true,HK,columbia_college,undergraduate,10036,5.0,true,true,true,true,active,2026-03-02T05:24:18+00:00,2026-03-05T17:11:49+00:00
37390ee9-6f2d-4d2e-b299-70e58443cd04,hg6542@columbia.edu,hannah_gr,,+19295550175,true,US,sipa,graduate,10040,2.5,false,false,false,true,active,2025-02-28T01:48:06+00:00,2025-03-11T23:56:42+00:00
73017fc1-97d8-40e8-b55e-c4e1738bfcbc,xh4787@columbia.edu,xinyi_hu,,+16465550172,true,CN,law,graduate,10025,2.5,false,false,false,true,active,2026-01-19T23:16:43+00:00,2026-03-20T21:59:52+00:00
b2ebd1c7-416b-4645-a522-88f29c4fd3fa,tb8260@columbia.edu,tessa_ba,,,true,CA,cbs,graduate,10025,2.5,false,false,false,true,active,2025-01-19T15:22:38+00:00,2025-01-21T22:50:40+00:00
16746d30-4545-4105-a2e8-7da9c5208cb5,nw7755@columbia.edu,nattapong_wa,Nattapong Wattana,+19295550151,true,TH,columbia_college,undergraduate,10027,2.5,false,false,false,true,active,2026-09-02T17:55:00+00:00,2026-09-02T18:00:00+00:00
828a88f5-8cb3-48a8-9e07-3db32ed9a35d,tf4361@columbia.edu,tessa_fl,Tessa Fletcher,+19175550165,true,US,public_health,graduate,10027,5.0,false,false,false,true,active,2025-02-01T02:59:06+00:00,2025-02-17T00:52:20+00:00
19a6e0b3-2aff-45f4-b7c3-a368425f4c5e,so2847@columbia.edu,sungmin_oh,Sungmin Oh,+16465550126,true,KR,teachers_college,faculty_staff,10027,2.5,false,false,false,true,active,2026-09-02T17:55:00+00:00,2026-09-02T18:00:00+00:00
af26e6af-f119-4246-ae97-0fc783273d09,gs2387@columbia.edu,grace_si,,+16465550110,true,US,teachers_college,graduate,10023,5.0,false,false,false,true,active,2026-08-28T06:42:53+00:00,2026-08-29T17:55:13+00:00
7a537b60-7891-4d8a-9a2d-3dc4f49961e2,oe3960@columbia.edu,olivia_el,,+19175550130,true,US,columbia_college,undergraduate,10027,2.5,false,false,false,true,active,2025-08-23T12:08:05+00:00,2025-09-02T12:50:38+00:00
f3189547-b5c9-4076-aab8-d864b3815677,kh8936@columbia.edu,kaiwen_he,,,true,CN,sipa,graduate,10027,2.5,false,false,false,true,active,2026-01-26T21:27:32+00:00,2026-02-12T21:29:57+00:00
f31588a9-6fbc-4f16-a1f0-65bb1970a62f,rb4324@columbia.edu,ryan_br,,,true,US,cbs,graduate,10031,2.5,false,false,true,true,active,2025-09-15T02:59:53+00:00,2025-10-10T10:37:13+00:00
50f302cf-bad6-4627-a137-7763b6b5ba96,rs5385@columbia.edu,ryan_su,,+12125550148,true,US,seas_grad,graduate,10025,2.5,false,false,true,true,active,2026-09-02T17:55:00+00:00,2026-09-02T18:00:00+00:00
e5760964-741a-49da-986c-c20413c5103c,ba4571@columbia.edu,beatriz_al,,+12125550136,true,BR,public_health,graduate,10025,2.5,false,false,false,true,active,2025-10-07T00:57:38+00:00,2026-02-28T03:49:02+00:00
e81d0345-b7a4-4bc0-82b3-de121ed5ff87,ss6444@columbia.edu,siyu_su,,+12125550193,false,CN,seas_grad,graduate,10027,2.5,true,false,false,true,active,2026-01-27T15:54:39+00:00,2026-05-09T10:32:22+00:00
ca547188-6614-46aa-aeac-cf26c0c9cc1c,cf8237@columbia.edu,chloe_fl,,+12125550122,true,US,general_studies,undergraduate,10010,2.5,false,false,false,true,active,2026-09-02T17:55:00+00:00,2026-09-02T18:00:00+00:00
51910d94-7df2-4595-be53-5b43cb379762,yk4383@columbia.edu,yuna_ki,,,true,KR,sipa,graduate,10027,2.5,false,false,false,true,active,2024-09-30T03:55:10+00:00,2024-10-24T23:01:14+00:00
31e5e3e2-34d6-445b-a4a1-6d86c2b312f5,kg7400@columbia.edu,karthik_gu,Karthik Gupta,,true,IN,gsas,graduate,10027,0.5,false,false,false,true,active,2026-09-02T17:55:00+00:00,2026-09-02T18:00:00+00:00
fe1dae52-39dc-4990-be70-ac03aa8ee90a,sy7360@columbia.edu,sohee_yo,Sohee Yoon,+19175550146,false,KR,seas_grad,graduate,10027,2.5,false,false,false,true,active,2025-12-24T04:03:04+00:00,2026-01-15T04:21:44+00:00
a105a7b4-bf97-4183-b330-e5764873fe47,dd8672@columbia.edu,defne_de,,,true,TR,cbs,graduate,10027,1.0,false,false,false,true,active,2025-09-18T16:01:10+00:00,2025-11-10T01:40:05+00:00
f3de7d8f-3a66-4283-bcb7-f1f6d2343a3c,tw7301@columbia.edu,tianyu_wu,Tianyu Wu,+12125550104,true,CN,general_studies,undergraduate,10022,2.5,false,false,false,true,active,2026-09-02T13:26:33+00:00,2026-09-02T18:00:00+00:00
c99359a6-ecf8-4d27-a849-8d366cb10a8d,cb4335@columbia.edu,caleb_br,Caleb Brooks,+12125550170,true,US,columbia_college,undergraduate,10027,2.5,false,false,false,true,active,2026-01-17T02:39:34+00:00,2026-04-22T07:38:53+00:00
9bd70d5b-7d8e-44d6-95d7-508992ee508e,ts4196@columbia.edu,tessa_si,Tessa Sinclair,+19175550121,true,US,cbs,graduate,11211,0.5,false,true,false,true,active,2026-09-02T17:55:00+00:00,2026-09-02T18:00:00+00:00
cdb4ace0-6ea2-498d-90e8-2009a10848ce,ki4316@columbia.edu,kavya_iy,Kavya Iyer,,true,BD,cbs,graduate,10027,2.5,false,false,false,true,active,2025-08-27T11:12:49+00:00,2025-09-10T16:02:55+00:00
fdf80e2a-8b01-4d79-a8c3-3ea29134c88c,lw8334@columbia.edu,lingxi_wa,Lingxi Wang,+19175550148,true,CN,seas_undergrad,undergraduate,10027,2.5,false,true,false,true,active,2025-09-03T16:05:25+00:00,2025-10-22T10:39:47+00:00
e5f76da6-068a-4b15-bb2c-649e314a26ed,cr3463@columbia.edu,caleb_re,,+19175550168,true,US,sipa,graduate,10027,2.5,false,false,false,true,active,2024-09-16T14:05:22+00:00,2024-11-15T10:33:09+00:00
56a1a0bc-0c49-4321-936f-fc7cfc17d80d,rw4491@columbia.edu,rizki_wi,Rizki Wijaya,+19295550189,true,ID,columbia_college,undergraduate,10025,2.5,false,false,false,true,active,2026-08-28T22:08:15+00:00,2026-09-02T18:00:00+00:00
7d5910f5-e030-4661-add8-b2eaade7882a,wo3039@columbia.edu,wanjiru_ot,,,true,GH,sipa,graduate,10027,2.5,false,false,false,true,active,2026-09-02T17:55:00+00:00,2026-09-02T18:00:00+00:00
b540e2ad-1d7b-470d-a801-1c394b7830b8,xl4572@columbia.edu,xinyi_li,,+19175550137,true,CN,seas_grad,graduate,10027,1.0,false,false,true,true,active,2026-01-26T06:24:25+00:00,2026-02-27T09:07:37+00:00
a14b409c-8a7d-4a90-9ba9-7ad32049abe5,bz6286@columbia.edu,bo_zh,,+19175550188,true,CN,teachers_college,graduate,10451,2.5,false,false,false,true,active,2026-09-02T17:55:00+00:00,2026-09-02T18:00:00+00:00
dd6a0ad5-cbc7-4d17-8a8a-229cea78e52b,ss5565@columbia.edu,seoyeon_sh,,+13475550117,false,KR,columbia_college,undergraduate,10031,2.5,false,false,false,true,active,2025-01-27T16:42:07+00:00,2025-03-19T16:55:36+00:00
27cb4510-907d-45b8-9965-c62054b5e227,rl5435@columbia.edu,ruoxi_li,Ruoxi Liu,+16465550111,true,TW,general_studies,undergraduate,10031,2.5,false,false,true,false,active,2026-09-02T17:55:00+00:00,2026-09-02T18:00:00+00:00
fc878d0f-02d2-4c14-8e52-f1fa4b571b99,sk1262@columbia.edu,seoyeon_ki,Seoyeon Kim,,true,KR,gsas,graduate,10027,2.5,false,false,false,true,active,2025-09-11T02:06:09+00:00,2025-09-19T19:44:20+00:00
5ce43817-8afb-43c8-aa72-569b92aeb223,ag6857@columbia.edu,arjun_gu,,,true,IN,cbs,graduate,10027,2.5,false,false,false,true,active,2025-02-14T17:37:51+00:00,2025-02-18T15:16:37+00:00
6dae0af9-c881-473c-a919-489118789e0d,aa5087@columbia.edu,arjun_ah,,+19295550187,true,IN,seas_undergrad,undergraduate,10027,2.5,false,true,false,true,active,2025-10-06T15:19:43+00:00,2025-12-08T02:25:24+00:00
5d00b0e3-2e7d-4703-ac82-a0935fb970f1,hj3339@columbia.edu,hyunwoo_ju,,+19175550117,true,KR,gsapp,graduate,10039,10.0,false,false,false,true,active,2026-02-07T07:42:30+00:00,2026-02-21T18:26:10+00:00
896b4f1b-82da-4b41-868f-822326a66804,ps1100@columbia.edu,priya_si,,+19295550189,false,PK,seas_undergrad,undergraduate,10013,2.5,false,false,true,true,active,2026-01-24T13:28:25+00:00,2026-02-08T17:43:56+00:00
79c00b7e-dbe5-41bb-8a92-189f533b8e9f,kr7017@columbia.edu,kavya_re,,,true,IN,seas_undergrad,undergraduate,10025,2.5,false,false,false,true,active,2026-01-29T04:39:21+00:00,2026-03-23T22:56:31+00:00
a7bb38f2-8b26-4041-8547-b3cc5f01cfcb,ml3286@columbia.edu,mengyao_li,Mengyao Lin,,true,CN,columbia_college,undergraduate,10027,0.5,false,false,false,true,active,2026-01-21T01:02:32+00:00,2026-02-19T20:59:55+00:00
00296b33-329f-46d8-9082-9b01bcadd0ad,dn9396@columbia.edu,dimitris_ni,,+19175550152,true,GR,seas_grad,graduate,10018,2.5,false,false,false,true,active,2026-08-30T13:43:26+00:00,2026-09-02T18:00:00+00:00
ff34dee7-a247-40d7-b920-a3d2e7a536c2,cw1303@columbia.edu,caleb_wh,Caleb Whitfield,+13475550198,true,US,columbia_college,undergraduate,10037,2.5,false,false,false,true,active,2025-01-20T22:47:02+00:00,2025-01-25T07:23:26+00:00
d4508255-496b-4fe1-b566-0413ac814973,rz8375@columbia.edu,ruoxi.zhu,,+19175550195,true,CN,journalism,graduate,10016,2.5,false,false,false,true,active,2026-09-02T17:55:00+00:00,2026-09-02T18:00:00+00:00
ece3ba4d-a704-4626-82c0-4c11279702ab,jf2812@columbia.edu,james_fl,,+13475550199,true,US,cbs,graduate,10027,2.5,false,false,false,true,active,2026-09-02T17:55:00+00:00,2026-09-02T18:00:00+00:00
ccada20f-a411-4dcd-be61-e8b73abf9a23,bw4428@columbia.edu,budi_wi,Budi Wijaya,+13475550185,false,ID,columbia_college,undergraduate,10028,2.5,false,false,false,true,active,2026-02-01T04:08:37+00:00,2026-02-13T14:32:06+00:00
febd8921-9308-4e28-acff-1ae8386589e3,yx2130@columbia.edu,yuxin_xu,Yuxin Xu,+13475550166,true,CN,cbs,graduate,10037,2.5,true,false,false,true,active,2025-08-22T12:06:50+00:00,2025-09-08T19:10:09+00:00
05c1b613-6547-49f7-a31f-dfedc7876aca,xw3060@columbia.edu,xinyi_wu,Xinyi Wu,+13475550127,true,CN,teachers_college,graduate,10003,1.0,false,false,false,true,active,2026-01-27T05:48:52+00:00,2026-01-30T10:20:04+00:00
c3e6de0b-ae0e-464a-aeef-51bebdd50073,sr8725@columbia.edu,santiago_ra,,+19295550198,true,CO,sipa,graduate,10027,2.5,false,false,false,true,active,2024-09-11T00:52:16+00:00,2024-09-26T07:11:18+00:00
cc9edd65-11d8-48ba-8605-87b882d51e43,am8300@columbia.edu,aarav_me,,,true,IN,seas_grad,graduate,10128,2.5,false,true,true,true,active,2025-09-09T14:13:33+00:00,2025-10-20T05:12:29+00:00
a699aa40-0fdf-4212-a0ef-24d84d61c465,nk3878@columbia.edu,nikolai_ko,Nikolai Kowalski,,true,PL,columbia_college,undergraduate,10027,2.5,false,false,false,true,active,2025-08-25T09:54:06+00:00,2025-09-02T13:27:55+00:00
7e331362-d624-49f5-a3dc-42327ba73fa1,mb5838@columbia.edu,marcus_ba,Marcus Barnes,,true,US,cbs,graduate,10027,2.5,false,false,false,false,active,2025-09-08T08:49:51+00:00,2025-11-13T05:09:30+00:00
d789fe7f-6977-4b4a-91ee-76ecc7a7dae8,sz3763@columbia.edu,siyu_zh,Siyu Zhu,+19175550195,true,CN,seas_undergrad,faculty_staff,10027,2.5,false,true,false,true,active,2026-02-09T15:43:31+00:00,2026-05-09T13:12:22+00:00
419a8edd-8c3e-484b-9354-7867568dd931,lm3014@columbia.edu,lingxi_ma,Lingxi Ma,+19295550150,true,CN,public_health,graduate,10025,10.0,false,false,false,true,active,2025-10-12T18:49:29+00:00,2025-11-13T18:00:05+00:00
c83332b4-6631-4d8a-bf55-d7b4da6ef7d5,mb3718@columbia.edu,michael_br,,+19175550182,true,US,gsas,graduate,10003,2.5,false,true,false,true,active,2025-09-05T23:36:14+00:00,2025-10-05T07:32:52+00:00
e7f25965-2024-4c9f-a575-caa1e7bc13df,cd9953@columbia.edu,chloe_do,,+13475550118,true,US,cbs,graduate,10025,2.5,false,false,false,true,active,2024-09-04T00:10:48+00:00,2024-09-12T18:15:02+00:00
ff6e8123-7427-47ad-b4a2-b32525006de0,gr4371@columbia.edu,gustavo_ri,Gustavo Ribeiro,,true,BR,cbs,graduate,10025,2.5,true,false,false,true,active,2025-09-05T20:02:16+00:00,2025-12-11T17:23:56+00:00
ae2baad0-8a1c-4eee-a2f9-37fb4761b29d,td9463@columbia.edu,tessa_do,,+12125550132,true,CA,seas_undergrad,undergraduate,10025,2.5,false,true,false,true,active,2026-08-30T08:34:03+00:00,2026-09-02T18:00:00+00:00
23a55d2c-5ac7-43a9-a6a4-20734b79d7ae,no6021@columbia.edu,nayeon_oh,,+12125550164,true,KR,cbs,graduate,10031,2.5,false,false,false,true,active,2025-09-20T01:11:48+00:00,2026-01-02T08:51:24+00:00
c6481fbf-40e5-42de-ba43-59d6742ec5ba,ab2890@columbia.edu,arjun_bo,Arjun Bose,+13475550130,true,IN,columbia_college,faculty_staff,10031,2.5,false,false,false,false,active,2025-02-26T03:26:14+00:00,2025-12-03T13:17:27+00:00
99d52a61-bee5-4684-9df6-159e47cc27be,hf6913@columbia.edu,hannah_fo,,,true,US,gsas,graduate,10027,0.5,false,false,false,true,active,2024-09-21T10:40:59+00:00,2024-09-23T10:23:57+00:00
e0b9ef6b-d7e6-45f5-8fe6-89766b17a285,of6873@columbia.edu,olivia.fletcher,Olivia Fletcher,+12125550164,true,CA,cbs,graduate,10027,2.5,false,true,false,true,active,2026-09-02T17:55:00+00:00,2026-09-02T18:00:00+00:00
bddc13b9-b178-48ff-bab2-df1aca4ad927,as6215@columbia.edu,aarav.siddiqui,,,true,IN,law,graduate,10027,2.5,false,false,true,true,active,2026-09-02T17:55:00+00:00,2026-09-02T18:00:00+00:00
e86b6f1b-0a3d-47bb-b10e-f87bc5c17b57,ms3598@columbia.edu,maya_si,,+16465550166,true,GB,seas_grad,faculty_staff,10031,2.5,false,false,true,true,active,2026-02-02T22:03:00+00:00,2026-02-18T08:52:57+00:00
4495e555-157c-430a-9288-2c59115408fe,nm4361@columbia.edu,nathan_mi,,,true,US,seas_grad,graduate,10027,2.5,false,false,false,true,active,2025-10-24T21:40:27+00:00,2025-11-19T20:52:58+00:00
a0dc85a3-3764-409c-83f4-50635837ae0f,ef5118@columbia.edu,elliot_fo,,,true,US,columbia_college,undergraduate,10035,2.5,false,false,false,true,deactivated,2025-08-26T18:36:11+00:00,2025-08-29T06:29:44+00:00
12354dd0-6f8f-4c9c-b466-5c798acd5a2a,ce4944@columbia.edu,chloe_el,Chloe Ellis,+13475550163,true,US,general_studies,undergraduate,10463,2.5,false,true,false,true,active,2026-09-02T17:55:00+00:00,2026-09-02T18:00:00+00:00
1e35bc63-b9b9-4dc0-bbca-ba32d6a1676f,sh2392@columbia.edu,santiago_he,Santiago Hernandez,+19175550136,false,ES,gsas,graduate,10037,2.5,false,false,false,true,active,2025-01-27T03:16:43+00:00,2025-02-28T02:24:56+00:00
204dcf7c-06f2-43b3-a0d0-a7b402d2887d,or4935@columbia.edu,owen_re,Owen Reed,,true,US,public_health,graduate,10027,2.5,false,false,false,true,active,2026-09-02T17:55:00+00:00,2026-09-02T18:00:00+00:00
21188a11-778e-41e0-bbc0-a9fcde0ae711,mb2402@columbia.edu,maya_br,Maya Brooks,,true,GB,columbia_college,undergraduate,10031,2.5,false,false,false,true,active,2026-09-01T21:45:18+00:00,2026-09-02T18:00:00+00:00
9a74e82b-9309-4739-ab1b-2657a686ca16,lz5825@columbia.edu,lingxi_zh,Lingxi Zhao,+19295550197,true,CN,columbia_college,undergraduate,10039,2.5,false,false,false,true,active,2025-11-08T14:59:38+00:00,2025-12-14T05:37:44+00:00
254f7afb-a845-4daf-b94b-a34157af1df2,eb3137@columbia.edu,elliot_ba,,+19175550174,true,CA,columbia_college,undergraduate,10027,2.5,false,true,false,true,active,2026-02-20T08:16:23+00:00,2026-06-04T16:15:22+00:00
d272ff8b-cb05-4f34-ae6b-aeece11e7913,ne3494@columbia.edu,nora_el,,,true,US,law,graduate,10027,2.5,false,true,false,true,active,2026-09-02T17:55:00+00:00,2026-09-02T18:00:00+00:00
093a360d-63cd-446f-8cc4-cceafcd033c5,no1132@columbia.edu,njoroge_os,Njoroge Osei,+16465550129,true,NG,teachers_college,graduate,10027,10.0,false,false,false,true,active,2025-08-22T19:42:18+00:00,2025-09-25T19:50:38+00:00
001acc59-baa7-4324-aeeb-b8d19223f06a,tc7560@columbia.edu,tamar_co,,+19175550186,true,IL,cbs,graduate,10027,2.5,false,true,false,true,active,2026-01-20T14:41:44+00:00,2026-02-09T09:00:05+00:00
469cafcd-e935-4706-a180-dbcf0d46cd05,me4545@columbia.edu,marcus_el,,+12125550148,true,US,columbia_college,undergraduate,10027,2.5,false,false,false,true,active,2025-08-23T08:11:27+00:00,2025-08-28T17:50:55+00:00
c5c387fc-8cce-4d21-8e67-f9a537bce316,ns3460@columbia.edu,nora_su,Nora Sullivan,+13475550101,true,US,seas_grad,graduate,10025,0.5,false,false,false,true,active,2026-01-22T10:05:58+00:00,2026-05-12T06:13:40+00:00
20f45011-1783-4425-a439-c869e2ebe061,sp4638@columbia.edu,siddharth_pa,,,true,IN,seas_undergrad,undergraduate,10031,2.5,false,false,false,false,active,2026-08-28T17:06:03+00:00,2026-09-02T18:00:00+00:00
5e5fc08f-f52a-4e81-96fd-190357463859,jh7458@columbia.edu,jian_he,,+19175550125,true,CN,cbs,graduate,10027,2.5,false,false,false,true,active,2026-09-02T17:55:00+00:00,2026-09-02T18:00:00+00:00
40e1a270-cb12-440f-92a7-8242cf3a31f9,ta9796@columbia.edu,tunde_ac,,+19295550120,false,NG,cbs,graduate,10027,2.5,false,false,false,true,active,2026-08-29T21:51:46+00:00,2026-09-02T18:00:00+00:00
1cd103c5-ca45-4990-b0e8-9aeda141fced,jr1786@columbia.edu,javier_ro,,+13475550171,true,ES,seas_undergrad,undergraduate,11106,1.0,true,false,false,true,active,2026-01-31T10:50:52+00:00,2026-02-14T11:34:36+00:00
ac90d181-ee36-49c7-a813-3467b90807dc,ns1049@columbia.edu,nora.sinclair,Nora Sinclair,,true,US,columbia_college,undergraduate,10027,2.5,true,false,false,true,active,2025-09-16T02:36:20+00:00,2025-10-14T19:19:10+00:00
98579046-5ea8-4cd5-9f46-f0e5a5bd3d58,or1425@columbia.edu,olivia_re,Olivia Reed,+19175550159,true,US,cbs,graduate,10027,2.5,false,false,true,true,active,2026-09-02T17:55:00+00:00,2026-09-02T18:00:00+00:00
2643bbdd-a685-4d2f-82f7-bb0156888708,mg3083@columbia.edu,michael_gr,,,true,US,cbs,graduate,10128,2.5,false,false,false,true,active,2026-09-02T17:55:00+00:00,2026-09-02T18:00:00+00:00
e6cdb890-5536-4190-b511-c6aea5f1952d,qy6246@columbia.edu,qian_ya,,+16465550102,true,SG,cbs,graduate,10026,10.0,false,false,false,true,active,2026-09-02T17:55:00+00:00,2026-09-02T18:00:00+00:00
d97c38cc-0971-42dd-869d-988ad7864fdb,km5181@columbia.edu,klara_mu,Klara Muller,+16465550193,true,CH,cbs,graduate,10025,2.5,false,true,false,true,active,2025-01-28T10:28:19+00:00,2025-03-19T09:03:18+00:00
2838c32c-7382-41b5-852b-5d048285eed7,nn1498@columbia.edu,nikos_ni,,+19175550188,true,GR,cbs,graduate,10027,2.5,false,false,false,true,active,2026-01-23T06:21:18+00:00,2026-02-13T04:25:57+00:00
c917de22-1a11-43a3-8cb6-6c865488a5b4,to1548@columbia.edu,taeyang_oh,Taeyang Oh,+19295550153,true,KR,law,graduate,10031,2.5,false,true,false,true,active,2025-09-21T12:50:03+00:00,2025-10-15T14:22:04+00:00
75fb3cc3-3a13-475e-9146-fa6c2c28ad75,jm6356@columbia.edu,jiayi_ma,Jiayi Ma,,true,HK,seas_grad,graduate,10027,1.0,false,true,false,true,active,2025-02-10T18:30:09+00:00,2025-02-17T20:34:11+00:00
b387c825-7116-4b83-bd18-56e81111a5c9,jf4739@columbia.edu,julian_fl,Julian Fletcher,+19295550136,true,US,gsas,graduate,10027,2.5,false,false,false,true,active,2025-02-05T16:58:44+00:00,2025-02-06T05:41:49+00:00
85a05a4b-ce52-43cf-8433-02a2cad529e1,mw4329@columbia.edu,michael_wa,,+19175550186,false,CA,cbs,graduate,10027,2.5,false,false,false,true,active,2025-01-29T13:09:53+00:00,2025-02-23T11:52:57+00:00
a46a27ef-ef26-4ae3-b2ed-9bcb22a7ebd6,ng4095@columbia.edu,nicolas_gi,,,true,FR,columbia_college,undergraduate,10027,2.5,false,false,false,true,active,2026-09-02T17:55:00+00:00,2026-09-02T18:00:00+00:00
880f76e6-f199-48a5-86b8-89cc9b66d1f6,yz5634@columbia.edu,yuxinz,Yuxin Zhang,+19295550130,true,CN,seas_undergrad,undergraduate,10025,2.5,false,false,false,true,active,2026-09-02T17:55:00+00:00,2026-09-02T18:00:00+00:00
54a2a625-bd21-4b18-9846-ae29de006ea2,eb7379@columbia.edu,elise_be,Elise Bernard,,true,FR,seas_undergrad,undergraduate,11101,2.5,false,false,false,true,active,2026-04-20T09:07:51+00:00,2026-05-31T06:11:55+00:00
81ece76f-84c1-4817-8f32-bb787c26a0a3,lg7883@columbia.edu,lucia_ga,Lucia Garcia,+12125550122,true,AR,seas_grad,graduate,10027,2.5,true,false,false,true,active,2026-09-02T17:55:00+00:00,2026-09-02T18:00:00+00:00
44dae102-8716-4274-95ac-bf413382999a,ss2336@columbia.edu,sari_sa,,,true,ID,columbia_college,undergraduate,10026,2.5,false,true,false,true,active,2025-01-20T05:56:48+00:00,2025-02-18T04:54:17+00:00
39da3268-4fe9-44d6-b716-29c848231132,jw3321@columbia.edu,julian_wa,,+19295550109,true,US,cbs,graduate,10027,2.5,false,true,false,true,active,2025-09-04T05:44:15+00:00,2025-12-20T07:35:54+00:00
be814268-912b-47b4-8181-c0ede2b04826,ns3074@columbia.edu,nora.sullivan,Nora Sullivan,+12125550173,true,US,sipa,graduate,10023,2.5,false,true,false,true,active,2025-01-21T02:20:53+00:00,2025-05-31T23:04:19+00:00
89d67556-f3bf-4c5c-b4f7-8eb954ba928e,yz8378@columbia.edu,yuhan_zh,,+12125550178,true,CN,gsapp,graduate,10027,2.5,false,false,false,true,active,2026-09-02T17:55:00+00:00,2026-09-02T18:00:00+00:00
f403e1b1-9bfa-46f4-bdd4-b2e499d916c0,yz2916@columbia.edu,yifan.zhou,,+13475550165,true,CN,seas_grad,faculty_staff,10025,2.5,false,false,false,false,deactivated,2026-08-30T21:21:18+00:00,2026-09-02T18:00:00+00:00
ae55ec52-cef0-4a81-8e34-dbdc085d2573,hs6617@columbia.edu,haeun_se,Haeun Seo,+12125550111,true,KR,cbs,graduate,11106,2.5,false,false,false,true,active,2026-02-12T20:13:52+00:00,2026-02-18T16:23:52+00:00
86a2d273-34b8-46f0-bdc9-4868692691fa,dh2266@columbia.edu,dongwoo_hw,,+19175550106,true,KR,cbs,graduate,10027,10.0,false,false,false,true,active,2025-02-11T22:18:33+00:00,2025-03-07T20:09:54+00:00
3ac67d5f-d30d-4dc9-a07d-4a2d958baf74,kl3661@columbia.edu,kaiwen_li,Kaiwen Liu,,true,CN,columbia_college,undergraduate,10027,2.5,false,true,false,true,active,2026-09-02T17:55:00+00:00,2026-09-02T18:00:00+00:00
c6fd42f0-6060-47cf-a8e8-e24dcaee7d26,rh9103@columbia.edu,ruby_ha,,+19175550172,true,US,cbs,graduate,10037,2.5,false,false,false,true,active,2025-02-06T13:48:57+00:00,2025-07-01T23:36:12+00:00
7f332889-8032-467d-a20a-a0aadb0a6c98,pv1275@columbia.edu,paolo_vi,Paolo Villanueva,,true,PH,general_studies,undergraduate,10027,2.5,false,true,false,true,active,2025-02-07T20:47:01+00:00,2025-03-13T13:08:06+00:00
4d2af566-e452-4cb8-9f1c-2963153454ef,hj8719@columbia.edu,haeun_ju,Haeun Jung,+19295550182,true,KR,teachers_college,graduate,10031,1.0,false,false,false,true,active,2026-02-12T06:45:10+00:00,2026-02-20T09:53:32+00:00
cb243ac5-dbc1-4fb3-8068-aedb69dde97d,hm1757@columbia.edu,hannah_mi,Hannah Miller,+16465550180,false,US,columbia_college,undergraduate,10027,10.0,false,false,false,true,active,2026-09-02T17:55:00+00:00,2026-09-02T18:00:00+00:00
3937cfde-2cdf-4e1e-be4c-82855fca8848,ar8656@columbia.edu,ayesha_re,Ayesha Reddy,+19175550158,true,IN,journalism,graduate,10027,10.0,false,false,false,true,active,2026-02-18T16:44:16+00:00,2026-04-15T00:59:03+00:00
a0e2974c-e309-4d0a-be48-f7744ff2a50d,nm1470@columbia.edu,nora_ma,Nora Marsh,+13475550143,true,US,seas_grad,graduate,10027,2.5,false,false,false,true,active,2025-08-27T00:07:14+00:00,2026-02-25T23:14:21+00:00
8b2968bf-8ea1-47c7-9c02-7ef1cd908f61,hw1705@columbia.edu,hao_wu,Hao Wu,+12125550138,true,CN,cbs,graduate,11201,2.5,false,false,false,true,active,2026-01-25T01:20:32+00:00,2026-03-05T18:39:23+00:00
633e35cc-49f2-45eb-961a-e210bcd9d073,cs9351@columbia.edu,camila_si,Camila Silva,,true,BR,columbia_college,undergraduate,10025,2.5,false,false,false,true,active,2025-09-03T06:53:43+00:00,2025-09-17T07:13:17+00:00
3c6efade-ce89-451c-8c2f-a8559830728a,es8536@columbia.edu,ece_sa,,+16465550194,true,TR,sipa,graduate,10031,2.5,false,false,false,true,active,2026-08-30T02:13:14+00:00,2026-09-02T18:00:00+00:00
94d89ccb-983f-49df-97a7-1886973331bd,ms2249@columbia.edu,marcus_si,Marcus Sinclair,+19175550104,true,US,cbs,graduate,10025,2.5,true,false,false,true,active,2026-02-17T05:35:47+00:00,2026-04-13T21:18:00+00:00
9f74975f-3000-4ef2-b2a2-1cdac8513b60,mc2293@columbia.edu,mengyao_ch,Mengyao Chen,,true,CN,cbs,graduate,10024,2.5,false,false,false,true,active,2025-01-24T23:32:35+00:00,2025-01-26T06:18:07+00:00
4eb375d1-e150-4235-aed3-d4483dba1cfa,rm6234@columbia.edu,ryan_mi,Ryan Miller,,true,CA,columbia_college,undergraduate,10027,2.5,false,false,false,true,active,2026-01-25T05:20:42+00:00,2026-02-03T04:23:38+00:00
958bb46c-821d-4662-bbac-0b6257b49f3a,cb6603@columbia.edu,caleb_ba,Caleb Barnes,,true,US,seas_undergrad,undergraduate,10027,2.5,false,true,false,false,active,2026-02-02T06:36:06+00:00,2026-03-04T20:37:56+00:00
de74cf8e-baf2-424d-9e05-fa5a4aefa19e,cs3280@columbia.edu,chloe_si,,,true,US,columbia_college,undergraduate,10013,2.5,false,false,false,true,active,2025-09-06T03:46:57+00:00,2025-11-22T10:32:43+00:00
f1beeac4-b01c-4f68-a878-35d53c41872c,tl9414@columbia.edu,tianyu_li,Tianyu Liu,+16465550195,true,SG,cbs,graduate,10027,2.5,false,false,false,true,active,2026-09-02T17:55:00+00:00,2026-09-02T18:00:00+00:00
1e604945-92d3-44f7-a246-8e1d1ff23f0f,hm1617@columbia.edu,hannah.miller,,+13475550189,false,US,vps,graduate,10027,1.0,false,false,true,true,active,2025-10-31T03:28:24+00:00,2025-11-21T18:42:16+00:00
16a2805a-f042-40e2-a4f8-2002ffbe4cf8,as4468@columbia.edu,aditya_si,,+19175550111,true,IN,columbia_college,undergraduate,10027,2.5,false,false,true,true,active,2026-01-23T09:17:12+00:00,2026-02-05T08:45:27+00:00
8d03f92a-b2fe-4c08-869d-2b9e1a04c1d7,mg1583@columbia.edu,marcus_gr,Marcus Grant,+19295550171,true,US,seas_grad,graduate,10001,2.5,false,false,false,true,active,2026-01-21T03:55:56+00:00,2026-02-17T09:30:06+00:00
655713cb-f764-42df-94da-9379a22182d7,ns1238@columbia.edu,nikita_sh,,+19175550164,true,IN,sipa,graduate,11215,2.5,false,false,false,true,active,2026-09-02T17:55:00+00:00,2026-09-02T18:00:00+00:00
31167b7b-4d99-49e7-8ae6-e6a47ddc24f8,xs7750@columbia.edu,xiaoyu_su,,+19295550199,true,CN,teachers_college,faculty_staff,10027,5.0,false,false,false,true,active,2026-09-02T17:55:00+00:00,2026-09-02T18:00:00+00:00
94124252-c61f-4b05-ab17-fb467c898e0c,ow4526@columbia.edu,owen_wa,,+19295550167,true,US,law,graduate,10031,10.0,false,false,false,true,active,2025-08-25T17:53:36+00:00,2025-08-26T03:08:37+00:00
88f97422-e385-4200-84c1-cf21ce0c6cda,kd3450@columbia.edu,kaan_de,,+12125550100,true,TR,seas_undergrad,faculty_staff,11101,2.5,false,false,false,true,active,2025-09-11T03:47:03+00:00,2025-11-18T06:37:52+00:00
5bc41520-3863-4195-9605-167db200b16f,sj6475@columbia.edu,seoyeon_ju,,+12125550150,true,KR,teachers_college,graduate,11201,2.5,false,false,false,true,active,2026-01-25T12:01:01+00:00,2026-04-26T08:52:08+00:00
38258031-d94a-45ed-9832-b991e6bedeb0,om8092@columbia.edu,owen_ma,Owen Marsh,+16465550123,true,US,seas_grad,graduate,10003,1.0,false,false,false,true,active,2026-08-31T16:12:08+00:00,2026-09-02T18:00:00+00:00
7352bdf0-d7cd-4554-b7da-0f69eabb5ce6,hm7736@columbia.edu,hannahm,,+13475550158,true,US,cbs,graduate,10027,2.5,false,false,false,true,active,2026-01-31T08:09:25+00:00,2026-03-19T23:38:22+00:00
e7c24b7b-9f19-4a75-9c79-c6e4567e0523,hl4793@columbia.edu,hugo_le,,+19295550136,true,FR,seas_grad,graduate,10026,2.5,false,false,false,false,active,2026-08-28T19:11:31+00:00,2026-09-02T18:00:00+00:00
60e4a087-d37a-496f-8841-564316fa7ec6,zz3721@columbia.edu,zhihao_zh,,,true,CN,law,graduate,10027,2.5,false,false,false,true,active,2025-10-17T10:11:23+00:00,2025-10-27T02:54:20+00:00
2753b9cf-f012-477f-a3bd-b42bf9f50416,ss4773@columbia.edu,sari.santoso,Sari Santoso,+13475550104,true,ID,columbia_college,faculty_staff,10030,2.5,true,true,false,true,active,2026-08-30T02:42:33+00:00,2026-09-02T18:00:00+00:00
49ce980a-6ef3-4713-810e-0893158d224c,cm3993@columbia.edu,chloe_ma,,+13475550182,true,AU,gsas,graduate,10027,2.5,false,false,false,true,active,2026-09-01T10:23:41+00:00,2026-09-02T18:00:00+00:00
4191e4fb-4f72-4e71-ad79-a05abd92be9f,rt5509@columbia.edu,ren_ta,Ren Tanaka,+19175550105,true,JP,seas_undergrad,undergraduate,11354,10.0,true,false,false,true,active,2024-09-04T06:23:01+00:00,2024-10-05T22:49:07+00:00
413fdd84-c011-477e-b8e0-3048a236c228,hw9609@columbia.edu,hao.wu,,+16465550169,true,CN,seas_grad,graduate,10026,2.5,false,true,false,true,active,2026-09-01T17:05:46+00:00,2026-09-02T18:00:00+00:00
01a63c21-47ae-4034-92d8-95c929748522,ms9846@columbia.edu,minjun_se,Minjun Seo,+16465550118,true,KR,law,graduate,10025,5.0,false,false,false,true,active,2026-01-24T19:13:27+00:00,2026-03-16T16:42:45+00:00
76cb29c5-6b7f-4759-95c6-8d17cd1dcbdd,jp9887@columbia.edu,jaewon_pa,Jaewon Park,,true,KR,cbs,graduate,10039,2.5,false,false,true,true,deactivated,2026-09-02T17:55:00+00:00,2026-09-02T18:00:00+00:00
2b77ffd4-2ea9-47fb-b996-21cee3b20d07,tm3112@columbia.edu,tessa_mi,,,true,US,public_health,graduate,10022,10.0,false,false,false,true,active,2025-08-23T05:13:06+00:00,2025-08-24T22:42:48+00:00
a4870570-7c5f-4b20-8e76-eb3e4f83bf13,rk5079@columbia.edu,rahul_ku,,,true,IN,seas_grad,graduate,10027,2.5,false,false,false,true,active,2026-01-18T05:35:18+00:00,2026-04-19T20:29:49+00:00
332d3361-55a9-4937-8e7b-926425ded45e,os1018@columbia.edu,omar_sh,,,true,IL,columbia_college,undergraduate,10027,2.5,false,true,false,true,active,2026-09-02T17:55:00+00:00,2026-09-02T18:00:00+00:00
b6d52d32-6dee-486d-954a-f0caf7cc960e,zm7268@columbia.edu,ziyu_ma,,,true,CN,sipa,graduate,10025,1.0,false,false,false,true,active,2026-09-02T10:44:15+00:00,2026-09-02T18:00:00+00:00
dd5c4d9c-19c8-4f8b-89b7-e10c6aef4e21,ew6797@columbia.edu,elliot_wa,,+13475550153,true,US,cbs,graduate,10027,0.5,false,false,false,true,active,2025-08-25T14:42:04+00:00,2025-10-04T19:02:24+00:00
dfb6fc17-bcca-45fa-ab0c-9e38e7ddcca9,ll2527@columbia.edu,lingxi_li,,+12125550114,true,CN,sipa,graduate,10032,2.5,false,false,false,true,active,2025-09-08T00:19:25+00:00,2025-09-29T17:47:11+00:00
b87fa7ae-7016-46ff-bf10-b0be3cd2d358,mw9507@columbia.edu,michael_wh,Michael Whitfield,,true,US,cbs,graduate,10032,2.5,false,false,false,true,active,2025-09-13T22:53:57+00:00,2026-02-17T19:11:59+00:00
200f9843-09b8-49fb-9a99-30710133815e,ss6438@columbia.edu,sven_sc,,,true,DE,sipa,graduate,10027,5.0,false,true,false,true,active,2025-10-11T16:28:58+00:00,2025-10-12T15:25:01+00:00
ffe376b0-b660-443d-9d11-cd993fa8abe4,is3030@columbia.edu,ishita.sharma,,+19175550126,true,IN,seas_grad,graduate,10027,2.5,false,false,false,true,active,2025-10-04T16:25:10+00:00,2026-04-17T14:49:21+00:00
e19797db-e29f-48c3-a7bc-6f3ee4494c8c,eq4782@columbia.edu,emma_qu,,+16465550175,true,US,cbs,graduate,10027,1.0,false,false,true,true,active,2025-01-18T03:05:15+00:00,2025-02-10T21:47:35+00:00
4183d4f5-30af-4bae-b78d-ab439d20b44a,om6571@columbia.edu,owen.marsh,,,true,US,vps,graduate,10027,2.5,false,false,false,true,active,2025-02-15T16:26:35+00:00,2025-04-22T10:38:29+00:00
1d60fe82-43d3-41ca-b4b2-47f71aba1916,js5149@columbia.edu,julian_su,Julian Sullivan,+19295550138,true,GB,law,graduate,10031,1.0,false,false,false,true,active,2026-02-14T22:39:42+00:00,2026-05-01T09:05:45+00:00
8ca12932-1c6f-4ce8-b5ac-da66575fd911,zh7084@columbia.edu,zhihao_hu,,+12125550107,false,HK,columbia_college,undergraduate,10027,2.5,false,false,false,true,active,2025-01-24T01:14:54+00:00,2025-02-26T13:01:41+00:00
fb8098ee-02d6-4b07-858e-99f58dd1d0ee,sm9049@columbia.edu,siddharth_me,,,true,IN,cbs,graduate,10027,2.5,false,false,false,true,active,2025-12-05T16:35:59+00:00,2025-12-13T04:58:30+00:00
1a6871ca-4c9c-41a0-a153-98abff494d21,cz9527@columbia.edu,chen_zh,,+19175550115,true,SG,columbia_college,undergraduate,10027,2.5,false,false,false,true,active,2025-09-11T14:26:51+00:00,2025-09-22T12:40:26+00:00
04f84970-9afe-4001-b319-d8f3b2a04e42,ec2829@columbia.edu,ethan_ca,,,true,US,seas_undergrad,undergraduate,10027,2.5,false,false,false,true,active,2026-09-02T17:55:00+00:00,2026-09-02T18:00:00+00:00
6250fcf6-8775-4d42-9084-b0c5989b83de,rg2849@columbia.edu,renata.garcia,Renata Garcia,+19295550155,true,MX,cbs,graduate,10026,2.5,false,false,false,false,active,2025-08-21T20:40:50+00:00,2025-11-23T23:18:18+00:00
85377202-19cf-4ccd-b913-6a088402fa20,oh6885@columbia.edu,owen_ha,Owen Hayes,+16465550184,true,US,cbs,graduate,10039,2.5,false,false,false,false,active,2026-08-31T15:02:05+00:00,2026-09-02T18:00:00+00:00
149f866d-6114-4c68-8b49-00b27b0caa12,co1949@columbia.edu,carolina_ol,Carolina Oliveira,+19175550157,true,BR,public_health,graduate,10027,2.5,false,false,false,true,active,2026-03-15T02:24:28+00:00,2026-04-23T09:07:25+00:00
7357e086-3d97-4c00-bd2a-662d18d0abec,yi9630@columbia.edu,yulia_iv,,+19175550189,false,RU,sipa,graduate,10025,2.5,false,false,false,true,active,2025-02-20T11:11:23+00:00,2025-03-06T00:51:27+00:00
1f5c9368-f634-4128-84d2-ef868162ba53,rs9950@columbia.edu,ruby_si,Ruby Sinclair,+19295550154,true,US,journalism,graduate,10035,2.5,false,false,true,true,active,2025-01-18T23:43:52+00:00,2025-03-20T07:11:06+00:00
5ab1b529-4f5e-42a1-8f82-f88bad579d46,om2895@columbia.edu,owen_mi,Owen Miller,+16465550197,true,US,seas_undergrad,undergraduate,10024,2.5,false,false,true,true,active,2025-01-20T10:45:37+00:00,2025-01-30T17:59:19+00:00
d59d2718-9cfd-42ec-9fb8-cc8b6816f51a,zl7385@columbia.edu,zhihao_li,,,true,HK,seas_undergrad,undergraduate,10025,2.5,false,false,false,false,active,2026-01-17T05:20:06+00:00,2026-02-03T16:36:51+00:00
4b393f57-9597-4849-8f2b-6e4f0193d3ae,wg9127@columbia.edu,wei_gu,,,true,CN,cbs,graduate,10031,2.5,true,false,false,true,active,2026-09-02T17:55:00+00:00,2026-09-02T18:00:00+00:00
945da312-f1c6-4ec8-8183-78d3e481e430,hh4168@columbia.edu,hao_he,,+19295550142,true,HK,columbia_college,undergraduate,10128,2.5,false,false,false,true,active,2026-09-02T17:55:00+00:00,2026-09-02T18:00:00+00:00
4cbf2740-0e18-4354-b99c-99c1ce4e15b6,ss1450@columbia.edu,sophia.sullivan,,,true,US,seas_undergrad,undergraduate,10027,5.0,false,false,false,false,active,2025-02-26T05:48:21+00:00,2025-05-01T06:20:17+00:00
af53ade1-24e1-4eb4-ba1f-47690f5ef2cb,gb3449@columbia.edu,grace_ba,Grace Barnes,+12125550163,true,AU,cbs,graduate,10019,0.5,false,false,false,true,active,2026-09-02T17:55:00+00:00,2026-09-02T18:00:00+00:00
1162a399-ae84-499c-86eb-5c0b8d4bd19d,sr2836@columbia.edu,siddharth_ra,Siddharth Rao,+13475550176,true,IN,columbia_college,undergraduate,10128,2.5,false,false,false,true,active,2025-11-04T02:04:30+00:00,2026-01-27T20:40:46+00:00
507d559f-edc4-4025-b3a6-a6c8c1da48b9,wz6609@columbia.edu,wei.zhang,Wei Zhang,,true,CN,columbia_college,undergraduate,10027,2.5,false,false,false,true,active,2026-09-02T17:55:00+00:00,2026-09-02T18:00:00+00:00
3d01547c-87d0-44c9-b3a5-f6ea5d9a2e9b,ek8565@columbia.edu,emre_ka,,,true,TR,seas_grad,graduate,10025,2.5,false,false,true,true,active,2026-09-01T10:34:27+00:00,2026-09-02T18:00:00+00:00
9a3d8ac1-b87a-4ccc-8336-0048e3a9ca52,an2657@columbia.edu,ananya_na,Ananya Nair,+19295550157,true,IN,law,graduate,10025,2.5,true,false,false,false,active,2024-09-25T12:06:25+00:00,2025-01-24T13:58:09+00:00
cdcd2f90-549e-4f8a-a600-5ffc9f8c2d74,ec1114@columbia.edu,elliot_ca,Elliot Carter,+13475550131,false,US,teachers_college,graduate,10036,2.5,false,false,false,true,active,2024-09-14T20:32:26+00:00,2024-12-18T14:48:39+00:00
2290fc6a-058b-4106-953c-82c4bb71b745,ko2449@columbia.edu,kyungsoo_oh,,+13475550121,true,KR,gsas,faculty_staff,10035,2.5,false,false,false,true,active,2026-08-31T02:47:23+00:00,2026-09-02T18:00:00+00:00
af587165-10af-4199-96d6-3bcb946bf36d,lf1223@columbia.edu,lukas_fi,Lukas Fischer,+13475550124,true,DE,seas_grad,graduate,10025,5.0,true,false,false,true,active,2025-01-19T01:17:21+00:00,2025-03-28T18:12:35+00:00
b6be37f9-e731-49e9-b97d-838d7bb58dfd,hy1444@columbia.edu,hao_ya,Hao Yang,,true,CN,seas_undergrad,undergraduate,10027,2.5,false,false,false,true,deactivated,2025-01-21T07:29:03+00:00,2025-03-18T17:23:58+00:00
0833917a-2be1-4679-bcf4-6a18d3d0ab24,en7972@columbia.edu,eitan_na,,+13475550166,true,IL,seas_undergrad,undergraduate,10025,2.5,false,false,false,true,active,2026-09-02T17:55:00+00:00,2026-09-02T18:00:00+00:00
bc9cbd74-f51e-47e9-ba77-1f2c017e9cca,yl6730@columbia.edu,yuxin_li,,,true,CN,gsas,graduate,10463,2.5,true,false,false,true,active,2024-09-10T15:48:51+00:00,2024-10-23T19:57:31+00:00
d4e30b6e-aa93-40ee-8750-e1f001abcea7,nr9982@columbia.edu,nathan_re,,+16465550189,true,GB,seas_grad,graduate,10025,2.5,false,false,false,true,active,2025-08-27T20:14:20+00:00,2025-09-23T00:55:53+00:00
8a4f20be-5402-4f7f-97d5-042270c4a232,ew9199@columbia.edu,ethan_wa,Ethan Walsh,+16465550141,true,US,cbs,graduate,10027,2.5,false,false,true,true,active,2025-09-20T23:31:07+00:00,2025-10-11T14:52:47+00:00
e32264cb-8399-429c-be3b-24041e72b2e6,ns1836@columbia.edu,nattapong_sr,Nattapong Srisai,,true,TH,seas_undergrad,undergraduate,10027,2.5,false,true,false,true,active,2026-09-02T17:55:00+00:00,2026-09-02T18:00:00+00:00
0bbc8f28-3315-4745-a3c8-8b9c615bafc3,zb8873@columbia.edu,zoe_ba,,,true,US,seas_grad,graduate,10035,1.0,false,false,false,true,active,2026-09-02T17:55:00+00:00,2026-09-02T18:00:00+00:00
c2d0b978-f0b1-4bed-b592-d8a8b2426dd6,rh6511@columbia.edu,rizki_ha,,+19295550182,false,ID,public_health,graduate,10025,2.5,false,false,true,true,active,2025-10-07T05:37:48+00:00,2025-10-09T17:42:41+00:00
d39c20a8-8fd3-4fa9-945c-0b443b47eb0a,zs7203@columbia.edu,zoe_su,Zoe Sullivan,,true,US,teachers_college,graduate,10027,2.5,false,false,true,true,active,2026-08-29T08:50:57+00:00,2026-09-02T18:00:00+00:00
33cd8209-3c57-4c7c-9796-06275679bd1a,gc9263@columbia.edu,grace_ca,,+16465550134,true,US,seas_undergrad,undergraduate,10451,2.5,false,false,false,true,active,2025-09-26T17:33:46+00:00,2025-11-13T10:48:39+00:00
49fcb32c-8406-4d12-b121-4d48164d4757,bh4598@columbia.edu,bo_hu,Bo Hu,+16465550118,false,HK,cbs,graduate,10027,2.5,false,false,false,false,active,2026-09-02T17:55:00+00:00,2026-09-02T18:00:00+00:00
c61cd5a4-1592-4718-9dc9-3a026d2fe8c2,xw6609@columbia.edu,xiaoyu_wa,Xiaoyu Wang,,true,CN,general_studies,undergraduate,10451,2.5,false,false,false,true,active,2026-01-21T01:17:41+00:00,2026-02-22T19:43:09+00:00
41634950-c72e-4702-8b26-c6a77c4be455,mc9351@columbia.edu,michael_ca,,,true,US,public_health,graduate,10031,2.5,false,false,false,true,active,2026-08-28T01:25:16+00:00,2026-09-02T18:00:00+00:00
3dc6ba51-e546-4e5c-8e8a-6d0bb4c42691,yz3062@columbia.edu,yuhan.zhou,Yuhan Zhou,+19175550118,true,CN,seas_undergrad,undergraduate,10025,2.5,false,false,false,true,active,2025-08-25T05:13:19+00:00,2025-09-25T10:20:38+00:00
20567896-d4b7-4300-bda6-325550875f20,fs7385@columbia.edu,farhan_si,,+19175550195,false,IN,cbs,graduate,10025,5.0,false,false,false,true,active,2026-09-02T17:55:00+00:00,2026-09-02T18:00:00+00:00
fddcb198-bf64-4afe-a7ba-49b9d8c59c2d,ks8617@columbia.edu,kavya_sh,Kavya Sharma,+13475550173,true,IN,seas_grad,graduate,10031,2.5,false,false,false,true,active,2026-01-17T09:20:49+00:00,2026-03-11T08:31:58+00:00
72e35762-f61b-4fa5-b57c-101e47da2fb9,jb7382@columbia.edu,jose_ba,,+16465550118,true,PH,sipa,graduate,10028,2.5,false,true,false,true,active,2026-08-28T01:33:00+00:00,2026-09-02T18:00:00+00:00
7d339706-bfcc-4887-91f1-ec63d2d23823,ch8074@columbia.edu,chen_he,Chen He,+19175550175,true,CN,sipa,faculty_staff,10031,5.0,true,true,false,true,active,2025-01-31T13:50:58+00:00,2025-03-17T09:54:56+00:00
3a26d6b7-6942-4fdb-896b-8e3aa4a242d3,iw2828@columbia.edu,ingrid_wa,Ingrid Wagner,+13475550156,true,DE,teachers_college,graduate,10027,1.0,false,false,false,true,active,2026-09-02T17:55:00+00:00,2026-09-02T18:00:00+00:00
5d1a62df-3bdf-4836-a4d0-5dd139fc5e81,hl2780@columbia.edu,hao_li,,+16465550178,true,CN,seas_grad,graduate,10031,2.5,false,true,false,true,active,2026-01-17T08:39:33+00:00,2026-01-26T20:03:52+00:00
d1837fdf-ba50-4cdd-aa78-612b77b13cac,ws4884@columbia.edu,woojin_sh,Woojin Shin,+19295550193,false,KR,journalism,graduate,10027,5.0,false,false,false,true,active,2026-02-01T21:38:42+00:00,2026-03-04T09:52:08+00:00
ba4e0520-1425-44b4-ba42-764ccd9799f7,dl3729@columbia.edu,brian_dw,Brian Lee,+16465550142,true,KR,cbs,graduate,10027,2.5,true,false,false,true,active,2024-08-25T11:50:56+00:00,2024-10-18T14:57:26+00:00
17661fd4-50e0-4596-8535-83e845ee3d0b,ew5092@columbia.edu,emma.walsh,Emma Walsh,+12125550120,true,AU,cbs,graduate,10009,2.5,false,false,false,true,active,2026-09-02T17:55:00+00:00,2026-09-02T18:00:00+00:00
74375a59-e8c7-406f-8580-d46c74187dc9,bw1496@columbia.edu,bo_wa,,+16465550157,true,CN,general_studies,undergraduate,10013,2.5,false,false,false,true,active,2024-08-31T23:33:21+00:00,2024-09-04T09:04:49+00:00
2339a0ed-6db2-4bdd-9fa6-819624511eb4,jh5860@columbia.edu,jiayi_hu,,+16465550103,true,CN,gsas,graduate,11375,0.5,true,false,false,true,active,2026-09-02T17:55:00+00:00,2026-09-02T18:00:00+00:00
3e6d9730-35ed-4d3b-897a-bb23e57a7169,rz8966@columbia.edu,ruoxiz,Ruoxi Zhu,+16465550111,true,CN,seas_grad,graduate,10037,2.5,false,false,false,true,active,2026-09-02T17:55:00+00:00,2026-09-02T18:00:00+00:00
aea754b5-366e-4133-98b4-d7a02489d027,ho7020@columbia.edu,hyerin_oh,,+19175550169,true,KR,columbia_college,undergraduate,10027,0.5,false,false,false,true,active,2025-10-29T11:59:41+00:00,2026-01-04T01:22:04+00:00
1ce85b38-45d8-4fc2-a23d-d01ad37ee8fb,yy2694@columbia.edu,yuna_yo,,+12125550111,true,KR,sipa,graduate,10027,2.5,false,true,false,true,active,2025-03-11T05:55:10+00:00,2025-04-29T20:57:39+00:00
b35bb1cd-607f-4ff2-9161-bce4975c7369,hk3392@columbia.edu,haruto_ko,,+12125550174,true,JP,seas_undergrad,faculty_staff,10030,2.5,false,true,false,true,active,2026-01-29T19:19:20+00:00,2026-02-02T10:13:45+00:00
df4aea86-0433-43d3-bb3d-02416d885166,yw9320@columbia.edu,yuhan_wu,,+12125550168,true,SG,public_health,graduate,10032,0.5,false,false,false,true,active,2026-09-02T17:55:00+00:00,2026-09-02T18:00:00+00:00
8bf8ea9f-72d9-48eb-928d-e17012efd91b,me9948@columbia.edu,matteo_es,,+19295550122,true,IT,columbia_college,undergraduate,10022,1.0,false,false,false,true,active,2026-02-11T07:08:29+00:00,2026-06-02T22:06:29+00:00
98911231-0298-4b00-8623-dc3cd5d7cea3,nr8722@columbia.edu,nora_re,,,true,US,gsas,graduate,10027,2.5,false,false,false,true,active,2026-09-02T17:55:00+00:00,2026-09-02T18:00:00+00:00
99e84a49-7214-4c3f-b33b-ddcfed4c7c27,rg8561@columbia.edu,ryan_gr,Ryan Grant,+12125550102,false,US,columbia_college,undergraduate,10026,2.5,false,false,false,false,active,2026-09-02T17:55:00+00:00,2026-09-02T18:00:00+00:00
5e792d2c-8426-4884-9092-5acfa7c688ed,rs1748@columbia.edu,rafael_si,Rafael Silva,+13475550153,true,BR,seas_undergrad,undergraduate,10027,2.5,false,false,false,true,active,2025-08-28T01:39:41+00:00,2026-02-04T03:30:50+00:00
16ec2a95-5cdd-472d-bb70-f569bc0cea3c,sj2981@columbia.edu,seoyeon_ja,Seoyeon Jang,,true,KR,cbs,graduate,10027,0.5,false,false,false,true,active,2025-09-02T17:05:45+00:00,2025-09-14T05:44:30+00:00
f092e52c-93f6-491a-a742-3887d0efee68,nr9234@columbia.edu,nathan.reed,Nathan Reed,+12125550148,true,US,general_studies,undergraduate,10010,2.5,false,false,false,true,active,2026-09-02T17:55:00+00:00,2026-09-02T18:00:00+00:00
6236d33d-7b57-486d-81e8-a247d50fa2a4,cf8717@columbia.edu,chloe_fo,,+19175550155,true,US,seas_undergrad,undergraduate,11238,2.5,false,false,false,true,active,2024-08-30T22:03:53+00:00,2024-09-06T15:18:56+00:00
20643c6d-5091-45f4-96dc-2970aa107c3a,zy2219@columbia.edu,ziyu_ya,Ziyu Yang,+13475550156,true,CN,seas_undergrad,undergraduate,10025,2.5,true,true,false,true,active,2025-08-22T21:34:30+00:00,2025-08-28T04:48:43+00:00
1df42015-adef-4ebd-ae1b-9ee53b0bd485,hj5183@columbia.edu,haeun_ja,Haeun Jang,+19175550175,true,KR,seas_grad,graduate,10025,1.0,false,false,false,false,active,2026-09-02T17:55:00+00:00,2026-09-02T18:00:00+00:00
128acef2-f235-4b4f-9ba9-12cf0271ac50,ca6837@columbia.edu,camila_al,Camila Almeida,,true,BR,seas_grad,graduate,10027,5.0,false,false,false,true,active,2024-08-25T15:46:26+00:00,2024-08-31T14:06:23+00:00
e67d37fe-aa3a-4812-8a3a-0cad3700d22f,gf7572@columbia.edu,grace_fl,Grace Fletcher,,true,US,seas_undergrad,undergraduate,11205,10.0,false,false,false,true,deactivated,2024-08-22T22:59:40+00:00,2024-12-13T05:52:40+00:00
a1e4b04f-3354-4716-9914-0e447f91fb26,yg2064@columbia.edu,yuxin_gu,Yuxin Guo,+19295550133,true,CN,columbia_college,undergraduate,10027,2.5,true,false,false,true,active,2025-01-18T18:55:05+00:00,2025-02-07T13:57:11+00:00
bc0e5868-3a1d-4493-ad13-df81dcf8102c,th8072@columbia.edu,tianyu_he,Tianyu He,,true,CN,seas_undergrad,undergraduate,10031,2.5,false,false,false,true,active,2026-01-17T12:51:35+00:00,2026-01-31T02:54:59+00:00
dd31032b-6dd2-426d-bfc1-f03e9f5eefa1,ts8330@columbia.edu,tessa.sinclair,Tessa Sinclair,+16465550133,false,AU,columbia_college,undergraduate,10128,0.5,false,false,true,true,active,2024-09-12T01:14:24+00:00,2024-09-13T00:35:32+00:00
5da9c176-ec13-4102-b6cf-121f4b145d5a,ec2755@columbia.edu,emma_ca,,+13475550135,true,US,gsas,faculty_staff,10027,2.5,false,false,false,true,active,2025-02-09T20:02:15+00:00,2025-04-23T16:59:07+00:00
10e5f889-8510-460a-b274-ff42a4b2a3e9,cs4491@columbia.edu,caleb_su,Caleb Sullivan,,true,US,teachers_college,graduate,10027,2.5,false,true,false,true,active,2024-08-24T22:07:21+00:00,2024-12-20T04:12:43+00:00
f89db995-01c9-4ce3-a48e-352e2091e5eb,zm8026@columbia.edu,zoe_ma,Zoe Marsh,,true,US,gsas,graduate,10031,0.5,true,false,false,true,active,2026-09-02T17:55:00+00:00,2026-09-02T18:00:00+00:00
0bd43247-6406-40a9-986d-236037103f78,yl1700@columbia.edu,yuhan_li,Yuhan Li,+19295550134,true,CN,columbia_college,undergraduate,10025,2.5,false,false,false,true,active,2026-09-02T17:55:00+00:00,2026-09-02T18:00:00+00:00
08690dde-8383-404c-bf9f-1d9d0663a380,jf8883@columbia.edu,juliette_fo,,+12125550100,true,FR,sipa,graduate,10027,2.5,false,true,true,true,active,2026-08-30T22:29:16+00:00,2026-09-02T18:00:00+00:00
7bd352e0-3016-452b-a485-917392919f80,my1941@columbia.edu,minjun_yo,,+13475550152,true,KR,gsas,graduate,10463,2.5,false,false,false,true,active,2026-09-02T17:55:00+00:00,2026-09-02T18:00:00+00:00
f1a0ec25-92c1-456d-bc62-93f211e3df90,gf1420@columbia.edu,grace_fo,Grace Foster,+16465550113,true,US,seas_grad,graduate,10027,2.5,false,false,false,true,active,2025-09-01T01:25:15+00:00,2025-09-30T03:56:25+00:00
5c27de08-e263-49f8-b85c-5d1bfb70223d,em2098@columbia.edu,eitan_ma,,,true,IL,columbia_college,undergraduate,10027,2.5,false,false,false,true,active,2025-08-29T07:29:22+00:00,2025-09-09T07:40:04+00:00
56011ba4-155c-4db4-a8fb-31ebb8dd1d28,ee4210@columbia.edu,ethan_el,Ethan Ellis,+16465550168,true,US,cbs,graduate,10027,2.5,false,false,false,true,active,2026-01-20T17:34:24+00:00,2026-01-21T23:01:16+00:00
17b38ad8-6c49-45b0-a8cf-629f00895aab,cw2014@columbia.edu,chen_wu,Chen Wu,+19175550168,true,CN,cbs,graduate,10027,2.5,false,false,false,true,active,2026-09-02T17:55:00+00:00,2026-09-02T18:00:00+00:00
6423836f-839b-4455-9791-d85c98ea5f5f,mh3701@columbia.edu,minjun_ha,,,true,KR,seas_grad,graduate,10031,2.5,false,false,false,true,active,2025-09-23T23:37:41+00:00,2025-12-17T13:23:44+00:00
23061881-ec83-4935-ba31-110dc9dd0f5e,eb6888@columbia.edu,elliot.barnes,Elliot Barnes,+19175550120,true,US,cbs,graduate,10025,1.0,true,false,false,true,active,2026-01-24T07:46:17+00:00,2026-02-18T01:14:23+00:00
05fb0c96-152e-4ab1-9634-cb2c6a6c3965,sb2489@columbia.edu,sophia_br,,+12125550189,true,AU,vps,graduate,10027,2.5,false,false,false,true,active,2026-09-02T17:55:00+00:00,2026-09-02T18:00:00+00:00
a80b24ca-19f4-4796-9a5e-683f4e8f7b14,dh5183@columbia.edu,diego.hernandez,,+19175550149,true,CO,cbs,graduate,10031,2.5,false,false,false,true,active,2024-08-27T07:19:06+00:00,2024-09-11T14:13:57+00:00
faaadadd-7fbb-4e89-9638-90d9dab4fd2e,qz4095@columbia.edu,qian_zh,Qian Zhou,,true,CN,sipa,graduate,10040,0.5,false,false,false,true,active,2026-01-16T17:23:11+00:00,2026-02-16T09:44:17+00:00
7c22f1d5-e68a-415d-bcc0-7329c8f196f6,ib9609@columbia.edu,ishita_bo,Ishita Bose,+19295550168,true,IN,cbs,graduate,10027,2.5,false,false,false,true,active,2026-08-31T17:29:40+00:00,2026-09-02T18:00:00+00:00
7fa22cd4-c5e3-4caa-9d7e-ca84b61d76cc,ts3569@columbia.edu,tessas,,,true,US,public_health,graduate,10027,2.5,false,false,false,true,active,2026-09-02T17:55:00+00:00,2026-09-02T18:00:00+00:00
6f5ed66e-e07b-48ed-b59a-b63d714e545e,of6222@columbia.edu,owen_fo,Owen Foster,+12125550196,true,US,seas_grad,faculty_staff,10031,2.5,false,false,false,true,active,2026-02-09T09:19:28+00:00,2026-02-10T06:15:58+00:00
65124326-e038-4b17-b1d6-d9a5d33b8a2d,mh8388@columbia.edu,marcus_ha,,+12125550132,false,US,columbia_college,undergraduate,10027,0.5,false,false,false,true,active,2026-08-29T07:42:27+00:00,2026-09-02T18:00:00+00:00
fda2746f-f24e-4da4-9ab4-b1a01d07a375,jd8123@columbia.edu,james_do,,+19295550102,true,US,cbs,graduate,10031,2.5,true,false,false,true,active,2026-02-07T12:43:17+00:00,2026-05-13T16:36:29+00:00
577c7c58-b348-4b59-a994-19cbf0bd8b7f,cf3483@columbia.edu,chloe.fletcher,Chloe Fletcher,,true,US,cbs,graduate,10025,2.5,false,false,false,true,active,2025-02-05T21:28:00+00:00,2025-03-11T15:29:35+00:00
9fa1bd7e-fe95-4d72-89e0-17853678fb5b,rh1270@columbia.edu,ruoxi_hu,,+13475550190,true,CN,cbs,graduate,10018,2.5,false,false,false,true,active,2024-09-13T05:17:38+00:00,2024-11-25T13:16:50+00:00
a4ddbcbc-93a7-45ab-ae90-9108c8642e18,mb3712@columbia.edu,michael_be,,+13475550197,true,US,seas_undergrad,undergraduate,10027,2.5,false,false,false,true,active,2026-09-02T17:55:00+00:00,2026-09-02T18:00:00+00:00
f8340601-f2cd-4988-9115-98413c0d3f89,sb4492@columbia.edu,sophie_be,,+12125550108,false,DE,gsas,graduate,10027,2.5,false,false,true,true,active,2026-09-02T17:55:00+00:00,2026-09-02T18:00:00+00:00
4f1cb3c6-4a88-475a-b5e5-f34f7bdaa2fc,jw4662@columbia.edu,jiayi_wu,,,true,CN,seas_undergrad,undergraduate,10025,2.5,false,false,false,true,active,2026-01-18T21:22:11+00:00,2026-03-23T23:10:33+00:00
b7fef60e-e709-4148-b2be-091d4a9dc1a5,tg2511@columbia.edu,tessa_gr,Tessa Grant,+19295550144,true,GB,cbs,graduate,10031,2.5,false,false,false,true,active,2025-02-09T00:32:23+00:00,2025-04-07T00:37:57+00:00
6c1ecb78-38c9-4d52-b536-8463029f3a65,ce3597@columbia.edu,caleb_el,,+12125550189,true,US,cbs,faculty_staff,10027,2.5,false,false,false,true,active,2025-08-27T09:47:51+00:00,2025-09-17T03:35:34+00:00
82950a73-458f-4649-aaaa-6363035935cf,hr5766@columbia.edu,hannah_re,,,true,US,seas_undergrad,undergraduate,10025,2.5,true,false,false,true,active,2026-08-30T21:18:14+00:00,2026-09-02T18:00:00+00:00
bf2702a9-36af-4152-9711-7fbe97eb016b,zz9756@columbia.edu,ziyu_zh,,+16465550138,true,CN,vps,graduate,10031,0.5,false,false,false,true,active,2026-01-28T13:31:23+00:00,2026-02-22T06:53:15+00:00
f0948fd7-8b6e-41e2-8c57-e17b3a2ccb62,dm7149@columbia.edu,daniel_ma,,,true,US,teachers_college,graduate,10032,2.5,false,false,false,true,active,2026-09-02T17:55:00+00:00,2026-09-02T18:00:00+00:00
553046bf-b8f3-4054-8eea-bd6715749b6e,ds1778@columbia.edu,dongwoo_se,Dongwoo Seo,+13475550167,true,KR,cbs,graduate,10027,2.5,false,false,false,true,active,2025-08-24T20:17:22+00:00,2025-10-10T06:19:36+00:00
9ce8ad86-b5f1-4d08-a8d6-d8b25b7f8f86,me6929@columbia.edu,maya_el,Maya Ellis,+12125550109,true,US,cbs,graduate,10027,2.5,false,false,false,true,active,2025-09-04T19:53:39+00:00,2025-09-16T14:00:13+00:00
9c6405d0-d0bc-4e75-8900-4a343d7eec34,yc3232@columbia.edu,yuna_ch,,+19295550181,true,KR,arts,graduate,10027,2.5,false,true,false,true,active,2025-09-05T01:15:15+00:00,2025-10-20T22:40:35+00:00
c90cc779-75f4-4f0d-8f0e-bf02ad0ba33c,zx1512@columbia.edu,zhihao_xu,,,true,CN,columbia_college,undergraduate,10024,2.5,false,false,false,true,active,2025-03-06T11:37:48+00:00,2025-03-22T23:02:57+00:00
39fd74c4-da17-49e8-bcd7-68d75415488f,mr3161@columbia.edu,mateo_ro,Mateo Rodriguez,,true,CO,columbia_college,undergraduate,10027,2.5,false,false,true,true,active,2026-09-02T17:55:00+00:00,2026-09-02T18:00:00+00:00
b233f9f6-2a38-41be-92c9-8555aefc62a9,mr6445@columbia.edu,marcus_re,,+19295550199,true,US,gsas,graduate,10031,2.5,false,false,false,true,active,2025-09-01T09:14:39+00:00,2025-10-06T15:39:32+00:00
17b21723-fa8f-407d-8126-f99b09b1578a,ts5458@columbia.edu,tianyu_su,,+13475550171,false,CN,seas_undergrad,undergraduate,10027,2.5,false,false,false,true,active,2025-08-30T06:56:59+00:00,2025-09-05T19:16:19+00:00
3508da09-a51b-4ff3-8e0e-ee486e956b89,jb8631@columbia.edu,james_br,,+12125550183,false,GB,seas_undergrad,undergraduate,10036,10.0,false,false,false,true,active,2024-09-04T04:27:34+00:00,2024-09-22T01:39:16+00:00
44ee0402-719e-4795-b6d1-9697a6d0a515,gd8746@columbia.edu,grace_do,Grace Doyle,+12125550189,true,US,seas_undergrad,undergraduate,11375,2.5,false,false,false,true,active,2026-02-05T09:06:51+00:00,2026-03-04T15:05:56+00:00
771551c1-bc4e-45c7-b938-586e87c4c5ca,fr8185@columbia.edu,farhan_re,,,true,IN,seas_grad,graduate,10031,10.0,true,false,false,true,active,2026-08-28T09:53:07+00:00,2026-09-02T18:00:00+00:00
a4435821-88f2-470f-8792-58ce92993496,bs3889@columbia.edu,bo_su,Bo Sun,+19175550155,true,CN,general_studies,undergraduate,10024,2.5,false,false,false,true,active,2026-02-24T11:56:35+00:00,2026-02-27T17:55:38+00:00
f179f796-27a1-4c7b-8711-7b339b16ef77,xc4403@columbia.edu,xiaoyu_ch,Xiaoyu Chen,+19295550144,true,TW,seas_grad,graduate,10027,2.5,false,true,false,true,active,2026-02-02T23:19:37+00:00,2026-03-09T00:30:37+00:00
58ba42d6-a3e8-433b-b45d-7a24884f5abf,ki8071@columbia.edu,kavya.iyer,,,true,IN,seas_grad,graduate,10012,2.5,false,false,false,true,active,2026-09-02T17:55:00+00:00,2026-09-02T18:00:00+00:00
69546e0c-13bb-4597-8ce8-09cf53b9a4ff,rw5651@columbia.edu,ren_wa,,+19175550181,true,JP,gsas,graduate,10031,2.5,false,false,false,true,active,2025-01-20T19:14:28+00:00,2025-03-01T10:09:19+00:00
67a96161-50fd-4f7b-be6f-88ee0fdb0549,rs2474@columbia.edu,ryan_si,,+13475550110,true,US,cbs,graduate,10031,2.5,false,false,false,false,deactivated,2024-09-16T14:22:36+00:00,2024-10-23T13:46:52+00:00
b17e246e-d9be-49d1-b497-ef9d5d08f483,rw9904@columbia.edu,ruoxi_wa,,,true,CN,seas_grad,graduate,10027,2.5,false,false,false,true,active,2026-09-02T17:55:00+00:00,2026-09-02T18:00:00+00:00
9e2d608b-d89b-47b6-a9be-d7becb140d83,jw7094@columbia.edu,james_wh,,+16465550148,true,US,seas_undergrad,undergraduate,10027,2.5,true,false,false,true,active,2025-08-25T09:22:29+00:00,2025-09-15T00:44:18+00:00
36252284-f2e8-487b-a7d3-25374b41a493,wz5757@columbia.edu,wei.zhu,,,true,CN,seas_grad,graduate,10027,2.5,false,false,false,true,active,2026-09-02T17:55:00+00:00,2026-09-02T18:00:00+00:00
ea8951c3-9063-4555-961a-8fcb0cc9fd92,ek5083@columbia.edu,emeka_ka,,+13475550117,true,KE,cbs,graduate,10025,2.5,false,false,false,true,active,2025-08-26T00:26:30+00:00,2025-08-29T23:15:40+00:00
d1069292-d635-44f8-8c01-1494891ae61f,cg9423@columbia.edu,chen_gu,Chen Guo,,true,TW,columbia_college,undergraduate,10025,2.5,false,false,false,true,active,2025-02-20T04:20:32+00:00,2025-03-06T10:27:56+00:00
16742a5d-9d78-4fd5-8df4-d37a6e7df951,ts9428@columbia.edu,tianyu.sun,Tianyu Sun,+16465550116,true,CN,seas_undergrad,undergraduate,10024,10.0,false,false,false,true,active,2026-08-28T06:05:22+00:00,2026-09-02T18:00:00+00:00
a1d67684-0efd-46c3-a44d-06a1f1b59626,ef9284@columbia.edu,emma_fl,Emma Fletcher,+16465550175,true,US,cbs,graduate,10032,2.5,false,false,false,true,active,2025-09-01T20:15:31+00:00,2025-11-22T04:42:44+00:00
f46fae0a-66ed-4c74-baa7-7380e11570dd,yt2137@columbia.edu,yui_ta,,+19175550119,true,JP,cbs,graduate,10027,2.5,false,true,false,true,active,2026-01-30T01:47:16+00:00,2026-04-14T00:57:45+00:00
2474e0bd-3261-4377-838d-4687ea35d755,lp1004@columbia.edu,lucas_pe,Lucas Pereira,+13475550178,true,BR,columbia_college,undergraduate,10027,10.0,false,false,false,true,active,2026-09-02T17:55:00+00:00,2026-09-02T18:00:00+00:00
a12c9d7b-2371-4415-9829-239445dc5a9e,bh6795@columbia.edu,bo.huang,,+13475550149,true,CN,cbs,graduate,10027,2.5,false,false,true,true,active,2026-09-02T17:55:00+00:00,2026-09-02T18:00:00+00:00
580cef17-440c-4dfe-9629-5e7dcbd52995,jv6242@columbia.edu,javier_va,Javier Vargas,+12125550103,false,AR,public_health,graduate,10027,5.0,false,false,false,true,active,2026-02-18T21:25:39+00:00,2026-05-01T04:26:16+00:00
61c18988-ae66-48f3-943c-a49ee2ad2d55,rb1013@columbia.edu,ruby_ba,Ruby Barnes,+13475550105,true,US,cbs,graduate,10027,10.0,false,false,false,true,active,2026-09-02T17:55:00+00:00,2026-09-02T18:00:00+00:00
c7aef9d1-dbd0-4f74-a478-6a968e0317e1,ce2254@columbia.edu,caleb.ellis,,+13475550139,true,US,seas_grad,graduate,10027,10.0,false,false,false,true,active,2026-09-02T17:55:00+00:00,2026-09-02T18:00:00+00:00
7e25e2b5-9f83-4bc8-95d8-d69216f15bc4,rz7753@columbia.edu,ruoxi.zhou,,+16465550100,true,CN,columbia_college,undergraduate,10022,10.0,false,false,false,true,active,2026-09-02T17:55:00+00:00,2026-09-02T18:00:00+00:00
67ff0ec2-d4f8-457e-9414-c4d5aebed4a0,mw2036@columbia.edu,mio_wa,,,true,JP,cbs,graduate,10027,1.0,false,false,true,true,active,2026-08-29T22:28:31+00:00,2026-09-02T18:00:00+00:00
bdd3bd04-7e4b-4d82-816f-dceb5fae55ea,qw2768@columbia.edu,qian_wu,,+16465550191,true,CN,columbia_college,undergraduate,10025,2.5,false,false,false,true,active,2025-01-23T05:55:22+00:00,2025-05-06T09:29:06+00:00
fa65f23e-a8d7-4403-983c-d459dbeaa4cf,th8920@columbia.edu,tessa_ha,,,true,CA,law,graduate,10027,2.5,false,false,false,true,active,2026-08-29T07:04:30+00:00,2026-09-02T18:00:00+00:00
29836ce5-4546-4ec6-b86e-0306757b6b8b,mf5401@columbia.edu,michael_fo,Michael Foster,+13475550196,false,US,teachers_college,graduate,10027,2.5,false,false,false,true,active,2025-09-11T12:45:20+00:00,2025-09-19T07:19:58+00:00
632a3efa-008f-4d2e-9fa6-0a2e1c332a14,dd7858@columbia.edu,daniel_do,,,true,GB,sipa,graduate,10027,10.0,true,false,false,true,active,2025-01-25T14:14:42+00:00,2025-02-11T09:53:33+00:00
b2fa8b95-5aab-4854-a682-06ac4d3c3500,yg1407@columbia.edu,yifan_gu,Yifan Guo,+19175550134,true,CN,gsas,graduate,10027,10.0,false,false,false,true,active,2026-01-23T15:34:58+00:00,2026-02-23T08:14:28+00:00
789c6728-3d71-4d9c-8465-dc4340ceb18e,rs9073@columbia.edu,ruby.sinclair,,+19295550178,false,US,cbs,graduate,10027,0.5,false,false,true,true,active,2026-09-02T17:55:00+00:00,2026-09-02T18:00:00+00:00
75f5c0c5-ff4b-4a5e-9cdb-236c8398b4e4,tv7988@columbia.edu,tomas_va,,,true,AR,general_studies,undergraduate,10025,2.5,false,false,false,true,active,2025-08-27T00:30:50+00:00,2025-09-15T00:36:26+00:00
98be73e2-5570-4671-9de6-e14b6e99c2b6,dl7581@columbia.edu,daniela_lo,Daniela Lopez,+19175550164,false,MX,seas_grad,graduate,10034,2.5,false,false,false,true,deactivated,2026-09-02T17:55:00+00:00,2026-09-02T18:00:00+00:00
427e62af-c795-4132-8cf3-9c85f803508a,ec9782@columbia.edu,emma.carter,,,true,US,columbia_college,undergraduate,10027,2.5,false,true,false,true,active,2025-08-30T14:29:42+00:00,2025-11-07T05:04:10+00:00
0df66891-b25c-4d7b-98bc-826d9e286a20,jr3189@columbia.edu,julian_re,Julian Reed,,true,US,cbs,graduate,10027,2.5,false,false,false,true,active,2025-08-29T13:43:32+00:00,2025-09-12T20:09:33+00:00
b342c990-e341-4828-b45f-1abc00b62fe6,oc2629@columbia.edu,owen_ca,,+13475550165,true,US,cbs,graduate,10025,0.5,false,false,false,true,active,2026-09-02T17:55:00+00:00,2026-09-02T18:00:00+00:00
faf9f76d-15dd-40c4-90fb-91488cd8bff1,nh8634@columbia.edu,nathan_ha,,,true,CA,cbs,graduate,10009,1.0,false,false,false,true,active,2026-01-17T01:38:01+00:00,2026-03-06T16:14:32+00:00
bc4e57f6-9701-4d65-972f-1c9f2003fe71,gr4624@columbia.edu,grace_re,,+13475550177,true,US,columbia_college,undergraduate,11217,2.5,false,false,false,true,active,2026-09-02T17:55:00+00:00,2026-09-02T18:00:00+00:00
f588c9b7-219c-42f4-8026-81909c76658e,ks4743@columbia.edu,kaiwen_su,Kaiwen Sun,+13475550198,true,TW,columbia_college,undergraduate,10025,2.5,false,false,false,true,active,2025-09-10T15:38:07+00:00,2025-10-18T05:22:59+00:00
420bbc59-57c5-4a99-a707-cc797e6b593d,jr3958@columbia.edu,jose_re,,+13475550126,true,PH,seas_grad,graduate,10038,2.5,false,false,false,true,active,2026-02-23T09:02:29+00:00,2026-05-27T18:13:15+00:00
767863d3-745c-4089-a535-93af030d91ab,eh5142@columbia.edu,eitan_ha,Eitan Haddad,+16465550107,true,IL,seas_grad,graduate,10030,2.5,false,false,false,true,active,2026-08-29T15:21:17+00:00,2026-09-02T18:00:00+00:00
39253471-72c7-42b6-ad3a-569f5728f21e,sz6495@columbia.edu,siyu.zhao,,+16465550165,false,CN,cbs,graduate,10031,5.0,false,false,false,true,active,2025-01-27T05:29:54+00:00,2025-03-22T20:38:19+00:00
88cb0fd6-229c-4098-8cd2-0ccf4e5c7f7b,hj1118@columbia.edu,hyerin_ja,Hyerin Jang,+16465550108,true,KR,general_studies,undergraduate,10027,2.5,false,false,false,false,active,2025-08-23T04:14:39+00:00,2025-10-01T05:57:27+00:00
19d0052f-3a95-45b1-a564-0bcf21862cd4,sp7787@columbia.edu,seoyeon_pa,,+19175550198,true,KR,seas_undergrad,undergraduate,10463,2.5,false,false,false,true,active,2026-01-20T06:40:39+00:00,2026-01-28T02:19:23+00:00
1a840084-44f1-448f-84ef-67f148e4234d,hf5586@columbia.edu,hannah_fl,,+19175550190,true,US,teachers_college,graduate,10027,2.5,false,false,true,true,active,2026-09-02T17:55:00+00:00,2026-09-02T18:00:00+00:00
2309ca71-b2a1-41d4-93da-72d42bb24e63,ah2097@columbia.edu,agus_ha,Agus Hartono,+16465550140,false,ID,journalism,graduate,10024,2.5,true,false,true,true,active,2026-02-05T18:45:44+00:00,2026-09-02T18:00:00+00:00
f1999cc6-bd96-4a94-b030-3072877f65df,hm4730@columbia.edu,h_miller,Hannah Miller,+13475550186,true,US,teachers_college,graduate,10021,2.5,false,false,false,true,active,2026-01-24T14:50:10+00:00,2026-02-17T09:17:21+00:00
19fc7123-30af-46f3-aecc-62b909090ab1,mf8752@columbia.edu,maya_fl,Maya Fletcher,,true,US,sipa,graduate,10027,10.0,false,false,false,true,active,2026-08-30T00:39:04+00:00,2026-09-02T18:00:00+00:00
e577a84d-38e8-4685-91ae-611ca1c68aca,jb4770@columbia.edu,julian_br,Julian Brooks,,true,US,gsapp,graduate,10027,2.5,false,false,false,true,active,2026-01-18T02:42:17+00:00,2026-02-20T11:39:35+00:00
4ebe2d9d-c6fa-4b8d-9722-091f249504c7,ks9187@columbia.edu,karthik_si,,,true,IN,gsapp,graduate,10022,2.5,false,false,true,true,active,2026-02-14T04:02:48+00:00,2026-03-11T20:24:53+00:00
60894dd1-d449-4366-a1f2-506c99644e4d,tm7548@columbia.edu,tunde_mw,,,true,NG,seas_undergrad,undergraduate,10027,2.5,false,false,false,true,active,2025-08-24T16:26:47+00:00,2025-11-08T10:08:06+00:00
0b16d91b-d9b4-4c10-a8ae-22b157e61c15,xc9897@columbia.edu,xinyi_ch,,+16465550132,true,CN,seas_grad,graduate,10027,5.0,false,false,true,true,active,2026-09-01T19:36:56+00:00,2026-09-02T18:00:00+00:00
81580b74-dbe8-44df-8f83-7f8b59a8d123,zw9659@columbia.edu,zhihao_wu,Zhihao Wu,+16465550143,true,CN,public_health,graduate,10027,2.5,false,false,false,true,deactivated,2026-01-28T11:41:45+00:00,2026-02-09T03:46:41+00:00
3f82b8bc-8e21-47ec-ad2f-07a377b2024d,tw8790@columbia.edu,tianyu.wu,Tianyu Wu,,true,CN,seas_grad,graduate,10027,2.5,false,false,true,true,active,2026-09-02T17:55:00+00:00,2026-09-02T18:00:00+00:00
3272c66c-2ceb-4e3a-bcb2-2b0cd1385588,mk1647@columbia.edu,meera_ku,Meera Kulkarni,+19175550121,false,IN,public_health,graduate,10030,2.5,false,false,false,true,active,2026-09-02T17:55:00+00:00,2026-09-02T18:00:00+00:00
df9804a4-8ed1-4ab2-8cd9-b6c44f18f067,oh9873@columbia.edu,olivia.hayes,Olivia Hayes,+12125550121,false,US,general_studies,undergraduate,10019,2.5,true,true,false,true,active,2026-01-27T00:35:44+00:00,2026-05-07T15:43:22+00:00
57d2ea34-ccda-48c1-82da-d0d973b20d87,kb4451@columbia.edu,karthik_bo,Karthik Bose,,true,IN,gsas,graduate,10025,2.5,false,false,false,true,active,2024-09-04T07:37:47+00:00,2024-11-30T08:03:47+00:00
66f00d48-d7f3-4b18-8df9-aaa03db3ed89,ck5669@columbia.edu,chinedu_ka,Chinedu Kamau,+19295550103,true,KE,law,graduate,10025,2.5,false,false,false,false,active,2025-12-09T16:41:23+00:00,2026-02-04T16:56:45+00:00
82a7aba1-ba88-4765-9d85-015e17a4d87e,nl3223@columbia.edu,nayeon_le,,+16465550113,true,KR,seas_grad,graduate,10027,2.5,false,false,false,true,active,2026-09-02T17:55:00+00:00,2026-09-02T18:00:00+00:00
6e62d7bb-6bda-4ea0-82c5-87c508932975,kl5736@columbia.edu,kaiwen.liu,Kaiwen Liu,+19295550117,false,CN,columbia_college,undergraduate,10027,2.5,false,false,true,true,active,2024-09-29T06:23:43+00:00,2024-10-16T17:06:54+00:00
6da28f89-2bf9-49a9-9de6-849eb94477dc,wk7980@columbia.edu,woojin_ki,,+19175550160,false,KR,seas_undergrad,undergraduate,10027,5.0,false,true,false,true,active,2026-09-02T17:55:00+00:00,2026-09-02T18:00:00+00:00
0a184521-73d3-4102-aca7-b2caaa11f12e,kl5704@columbia.edu,kaiwen.lin,,,true,CN,seas_undergrad,undergraduate,10027,2.5,false,false,false,true,active,2026-09-02T17:55:00+00:00,2026-09-02T18:00:00+00:00
493ffd20-37d7-47e0-990e-d4314059250b,xh3071@columbia.edu,xinyi.hu,Xinyi Hu,,true,CN,columbia_college,undergraduate,10003,2.5,false,false,false,true,active,2026-09-01T16:11:18+00:00,2026-09-02T18:00:00+00:00
196c8a45-2038-46e5-8065-a0792d9b87af,ce3968@columbia.edu,calebe,,+19175550153,true,US,cbs,graduate,10027,1.0,false,false,false,true,active,2026-01-20T01:34:26+00:00,2026-02-11T04:44:54+00:00
91848802-a58f-4fc5-939d-8395eb0c4868,rw3280@columbia.edu,ruby_wa,,+12125550162,true,US,cbs,graduate,11101,2.5,false,false,false,true,deactivated,2025-08-28T22:02:26+00:00,2025-11-19T09:45:15+00:00
10c9cdcb-4a1c-4f44-9e34-61195bfc8e59,bs3521@columbia.edu,baris_sa,,+19175550154,true,TR,journalism,graduate,11101,2.5,false,false,false,true,active,2025-11-06T13:52:33+00:00,2026-03-23T04:41:22+00:00
ccf643f0-7837-4ca1-8bbd-5f64f321d4f4,cw6010@columbia.edu,chloe_wa,,,true,US,gsapp,graduate,10027,2.5,false,true,false,true,active,2026-09-02T17:55:00+00:00,2026-09-02T18:00:00+00:00
4af0e4a0-0e37-444e-bfc7-a30dee993e1f,rm3574@columbia.edu,ryan_ma,,,true,US,cbs,graduate,10027,2.5,false,false,false,true,active,2026-02-11T07:52:44+00:00,2026-06-24T07:18:02+00:00
0d8cfdf9-162f-4844-9cd6-729fca1b9962,yx9574@columbia.edu,yuxin.xu,Yuxin Xu,,true,SG,public_health,graduate,10027,1.0,false,false,false,true,active,2026-09-02T17:55:00+00:00,2026-09-02T18:00:00+00:00
f87b345a-0777-46fc-865a-b76dacc1e90a,sb9937@columbia.edu,sophia_be,,+19295550136,true,US,gsapp,graduate,10031,2.5,false,false,false,true,active,2025-01-29T10:39:38+00:00,2025-02-03T02:44:17+00:00
c261cd64-6d17-4b14-a4b7-bbf0aee8987d,wc7770@columbia.edu,wei_ch,Wei Chen,+19175550102,true,CN,seas_undergrad,undergraduate,10025,2.5,false,false,false,true,active,2026-09-01T15:04:35+00:00,2026-09-02T18:00:00+00:00
7a418f6e-c8b9-4225-914b-120e93fc68f9,rc2257@columbia.edu,renata_ca,Renata Castillo,,true,ES,seas_undergrad,undergraduate,10027,1.0,false,false,true,true,active,2026-02-08T14:50:04+00:00,2026-03-13T18:19:11+00:00
73ba0cc9-b965-4bee-abba-983dac988737,ta5026@columbia.edu,tiago_al,,,true,BR,columbia_college,undergraduate,10033,2.5,false,true,true,true,active,2025-09-05T10:01:39+00:00,2025-09-07T18:15:57+00:00
ef913d79-c307-422d-acd9-5e72bbadb9e9,cb5155@columbia.edu,caleb_be,,+12125550139,true,US,general_studies,undergraduate,10027,2.5,false,false,false,true,active,2026-03-02T10:28:42+00:00,2026-03-05T07:12:40+00:00
054fe171-2aa2-4064-be59-369e103477d7,sz3628@columbia.edu,sophie_zi,,,true,CH,seas_undergrad,undergraduate,10031,2.5,false,false,false,true,active,2025-02-08T04:25:22+00:00,2025-03-09T15:58:11+00:00
b3a594ad-c0b2-4c4f-9c16-36e5268f731d,jz5174@columbia.edu,jian_zh,Jian Zhu,,true,CN,cbs,faculty_staff,10025,2.5,false,false,false,true,active,2025-03-27T23:48:03+00:00,2025-04-12T01:27:55+00:00
62d505af-b1ab-402a-b8ac-bf03c359aea7,hs9511@columbia.edu,hannah_su,Hannah Sullivan,,true,US,seas_undergrad,undergraduate,10031,5.0,true,false,false,true,active,2025-01-23T11:48:19+00:00,2025-03-11T23:16:00+00:00
36467fe6-e187-4f18-82e3-3298a11eaf2e,mm7584@columbia.edu,marcus_mi,,+16465550193,false,US,cbs,graduate,10027,2.5,false,false,false,true,active,2026-08-28T17:25:12+00:00,2026-09-02T18:00:00+00:00
1d4a19a6-83ef-48c9-a9fd-e6dc4b81c1a8,rs8307@columbia.edu,ryan.sullivan,Ryan Sullivan,+13475550104,true,US,gsapp,graduate,10027,2.5,true,true,false,true,active,2026-08-31T15:11:44+00:00,2026-09-02T18:00:00+00:00
e735ab9c-d62e-4e4c-a719-99a447547e16,jl5824@columbia.edu,jiayi_li,,,true,CN,sipa,graduate,10037,2.5,false,false,false,true,active,2025-08-30T13:00:37+00:00,2025-09-04T09:38:41+00:00
3a27d358-8853-4b53-9ab3-2fa96ae5ee12,rw6615@columbia.edu,ren.watanabe,,+16465550154,true,JP,columbia_college,undergraduate,10025,10.0,false,false,false,true,active,2026-08-31T23:44:35+00:00,2026-09-02T18:00:00+00:00
c60fc12d-ef3b-47a2-b08d-d35daaa0261f,kz8746@columbia.edu,kaiwen_zh,,+16465550129,false,CN,columbia_college,undergraduate,10027,5.0,false,false,false,true,active,2024-09-01T20:18:12+00:00,2024-09-29T11:42:02+00:00
16a5e102-25e6-4b46-9d06-422d559d57d9,ly7539@columbia.edu,lingxi_ya,Lingxi Yang,+13475550169,true,HK,cbs,graduate,10029,2.5,false,true,false,true,active,2026-08-27T06:31:24+00:00,2026-09-02T17:14:51+00:00
0d96e00f-74b3-437c-8105-b3ac48dba63d,qp5318@columbia.edu,quang_ph,,+12125550194,true,VN,seas_grad,graduate,10027,2.5,false,false,false,true,active,2026-08-28T04:43:32+00:00,2026-09-02T18:00:00+00:00
a9cdac52-fb98-4fca-a99d-9127b6f2d083,xx3971@columbia.edu,xiaoyu_xu,Xiaoyu Xu,+12125550185,true,CN,cbs,graduate,10027,2.5,true,false,false,true,active,2025-09-05T02:29:38+00:00,2025-11-03T15:11:24+00:00
e65dbaf8-02e5-4e0e-a975-b67690763c60,jm4931@columbia.edu,julian_mi,,,true,US,cbs,graduate,10031,2.5,false,false,false,true,active,2025-08-22T17:25:54+00:00,2026-02-25T21:42:52+00:00
7e1555a1-9eff-4976-a527-3cab5d2d4357,mk1748@columbia.edu,mehmet_ka,Mehmet Kaya,+19295550101,true,TR,seas_grad,graduate,10021,2.5,false,false,false,true,active,2026-08-27T20:08:14+00:00,2026-09-02T18:00:00+00:00
21f12625-f34e-45b3-aa99-2c07287fc8b7,rw1790@columbia.edu,ryan_wa,,+19175550172,true,US,seas_grad,graduate,10027,5.0,false,false,false,true,active,2026-01-27T07:46:25+00:00,2026-03-16T05:15:26+00:00
f91ff251-1181-4bdc-acdc-09ddd07c0f6b,js1506@columbia.edu,junho_se,Junho Seo,+19175550185,true,KR,seas_undergrad,undergraduate,10027,2.5,false,false,false,true,active,2024-09-14T08:29:49+00:00,2024-10-21T11:35:25+00:00
4d64501d-cc2c-4970-bbbf-0c44c9858a3c,wz4743@columbia.edu,weiz,Wei Zhu,+19175550185,true,CN,seas_grad,graduate,10027,2.5,false,false,false,true,active,2026-09-02T17:55:00+00:00,2026-09-02T18:00:00+00:00
c826c699-c25f-4e45-bc9a-8ef83d1a94fb,os3433@columbia.edu,olivia_su,,+13475550106,true,US,seas_undergrad,undergraduate,10031,2.5,false,false,false,true,active,2025-03-21T10:27:00+00:00,2025-05-30T01:49:09+00:00
027d043a-ba48-4b3d-89e1-6c1b905deb5e,df9721@columbia.edu,daniel_fo,,,true,GB,gsas,graduate,10027,2.5,true,true,false,true,active,2026-08-28T13:34:16+00:00,2026-09-02T18:00:00+00:00
a489a790-afe9-41c4-91ca-ce9a24991829,wl4443@columbia.edu,wei_li,Wei Liu,,true,CN,cbs,graduate,10027,0.5,false,false,false,true,active,2026-09-02T17:55:00+00:00,2026-09-02T18:00:00+00:00
104d1676-bfe7-4914-bd0a-193b756100ad,jk8193@columbia.edu,junho_ka,Junho Kang,+16465550100,false,KR,law,graduate,10037,10.0,false,false,false,true,deactivated,2026-02-28T17:34:47+00:00,2026-03-03T16:07:35+00:00
93a7f915-e31d-4603-af28-13fe5ff23ac3,cf3043@columbia.edu,chloef,,+12125550193,true,AU,columbia_college,undergraduate,10027,2.5,false,false,false,true,active,2025-08-22T23:32:31+00:00,2025-08-30T23:10:48+00:00
e0ac1371-730b-4fd6-8af4-80859ee0ade7,hb6395@columbia.edu,hannah_br,Hannah Brooks,,true,US,seas_grad,graduate,10038,2.5,false,false,false,true,active,2024-08-28T12:21:50+00:00,2024-11-19T22:31:40+00:00
9300085f-066b-4529-b55a-d862cb79e450,zm3108@columbia.edu,zoe.marsh,,+16465550156,true,US,columbia_college,undergraduate,10003,2.5,true,false,false,true,active,2026-08-29T00:52:11+00:00,2026-09-02T18:00:00+00:00
d413b920-fd1b-4aab-b816-7b0b8dd7ec37,tq1503@columbia.edu,tessa_qu,,,true,US,teachers_college,graduate,10027,2.5,true,false,false,true,active,2025-08-23T07:49:58+00:00,2025-10-07T19:03:29+00:00
88d19145-cd30-418a-b753-125eeb7c0dab,ms3237@columbia.edu,meera_si,,,true,IN,cbs,graduate,10036,0.5,false,false,false,true,active,2026-08-29T14:53:44+00:00,2026-09-02T18:00:00+00:00
5ca23f6e-524f-449e-b9d2-a758e70cff73,mf9754@columbia.edu,marcusf,Marcus Fletcher,+19175550171,false,US,columbia_college,undergraduate,10027,5.0,true,false,false,true,active,2024-09-07T23:57:51+00:00,2024-11-23T21:31:56+00:00
7cbcbdd2-c81d-4c88-84cd-0c1ee4dcf86a,mk5862@columbia.edu,meera_kh,,+19175550142,true,IN,seas_undergrad,undergraduate,10027,0.5,false,false,false,true,active,2025-09-05T22:51:59+00:00,2025-12-09T17:35:11+00:00
3faf19b8-adef-42c8-a07d-601db32b3f06,hk8908@columbia.edu,hyunwoo_ki,,,true,KR,teachers_college,graduate,10027,2.5,false,false,false,true,active,2025-08-21T10:59:17+00:00,2025-10-16T11:22:46+00:00
97f073ef-5758-4ff9-a7ff-e9295ddc5a66,sv6327@columbia.edu,santiago_va,,,true,CL,seas_undergrad,faculty_staff,10027,2.5,false,false,false,true,active,2026-09-02T17:55:00+00:00,2026-09-02T18:00:00+00:00
f5406e32-0613-43ee-b020-bf1ba6990c2b,jm2462@columbia.edu,javier_ma,Javier Martinez,,true,MX,sipa,faculty_staff,10025,1.0,false,false,false,true,active,2025-09-13T02:53:18+00:00,2025-09-23T18:32:06+00:00
4b99f0c8-6f18-4283-b999-81718eb9aef9,jo3765@columbia.edu,jimin_oh,Jimin Oh,,true,KR,gsas,graduate,11354,2.5,false,false,false,false,active,2025-09-05T12:02:30+00:00,2025-10-19T16:46:28+00:00
8f39dc61-73fe-48e5-9abe-1b74522d2ba1,og9142@columbia.edu,owen_gr,,+13475550179,true,US,gsas,faculty_staff,10027,2.5,false,false,false,true,active,2026-03-19T14:23:04+00:00,2026-04-15T20:57:58+00:00
f49e78ea-0b5a-4e38-8d8e-fecf93a3488e,sb7180@columbia.edu,sneha_bo,Sneha Bose,,true,IN,seas_grad,graduate,10039,2.5,false,false,false,true,active,2025-08-27T15:58:20+00:00,2025-10-30T18:24:16+00:00
82c26f80-0b16-4534-b361-35fddfa95816,df2480@columbia.edu,daniel_fl,,+19295550146,true,US,cbs,graduate,10022,2.5,false,false,false,true,active,2024-08-25T18:50:40+00:00,2024-09-13T13:30:28+00:00
244caaed-ae63-4e3d-9ed2-7e3a12f8f542,th8058@columbia.edu,taeyang_ha,,,true,KR,seas_undergrad,undergraduate,10027,10.0,false,false,false,true,active,2026-09-02T17:55:00+00:00,2026-09-02T18:00:00+00:00
8d7b4773-e63d-4e5c-ad0f-5c0858959ef8,mm8694@columbia.edu,michael_ma,Michael Marsh,+19175550127,true,US,general_studies,faculty_staff,10025,5.0,false,true,false,true,active,2026-09-02T17:55:00+00:00,2026-09-02T18:00:00+00:00
14de7a21-0292-46d5-91cf-5ab7a5ec694f,kc1535@columbia.edu,kaiwen_ch,,,true,CN,cbs,graduate,10029,2.5,false,false,false,true,active,2025-08-26T11:43:54+00:00,2025-09-10T10:10:41+00:00
c51745ca-bb03-4bea-9828-f74363cb7a4b,cs5167@columbia.edu,caleb_si,Caleb Sinclair,+19175550118,true,US,cbs,graduate,10025,2.5,false,false,false,true,active,2026-03-16T16:27:13+00:00,2026-05-16T18:05:15+00:00
b3756f66-bc0a-4be7-b18e-d5a43ae2cb20,eg9217@columbia.edu,ethan_gr,Ethan Grant,+12125550118,true,US,general_studies,undergraduate,10027,10.0,false,false,false,true,active,2024-08-29T02:26:32+00:00,2024-09-20T03:56:32+00:00
5f6d993c-4bf7-46a7-97c5-66326662827a,nc6863@columbia.edu,nathan_ca,,+19175550146,true,US,cbs,graduate,10027,2.5,false,false,false,true,active,2026-02-04T21:57:14+00:00,2026-03-06T18:53:29+00:00
4b87053a-c2e0-4a91-bd88-3da84717c1af,by3285@columbia.edu,bo_ya,,,true,CN,columbia_college,undergraduate,10026,2.5,false,false,false,true,active,2025-09-02T12:02:00+00:00,2025-09-05T13:44:34+00:00
aebbbd34-c750-4cee-b298-18c1698b9b92,eh3595@columbia.edu,eunseo_hw,,+13475550123,true,KR,seas_undergrad,undergraduate,10027,2.5,false,false,false,true,active,2026-01-26T03:14:28+00:00,2026-03-22T00:37:32+00:00
6b3ccfe9-33a6-4de3-9fc2-a39eb49d9136,sh5412@columbia.edu,sophie_ho,Sophie Hoffmann,+13475550180,true,DE,seas_grad,graduate,10025,0.5,true,false,false,false,active,2026-09-02T09:25:57+00:00,2026-09-02T18:00:00+00:00
9c406b9d-cd77-4899-a023-48de9fc080a7,em6962@columbia.edu,emma_mi,Emma Miller,+19295550127,true,US,seas_grad,graduate,10027,2.5,false,false,false,true,active,2026-01-22T06:22:13+00:00,2026-03-13T14:45:18+00:00
b5c30eb0-cc41-4812-a25b-a2360d81178c,tm1586@columbia.edu,tessa.miller,,+16465550103,false,US,seas_undergrad,undergraduate,10010,2.5,false,false,false,true,active,2026-01-26T17:07:54+00:00,2026-03-19T05:52:42+00:00
7275315b-de5e-4c67-9b01-11b25728750a,ng8611@columbia.edu,nora_gr,,+16465550156,true,US,columbia_college,undergraduate,11238,2.5,false,false,false,true,active,2025-08-30T15:00:54+00:00,2025-10-03T19:10:29+00:00
acecd3bf-b042-4b84-be29-27585dc68137,tf2718@columbia.edu,theo_fo,Theo Fontaine,+13475550137,true,FR,columbia_college,undergraduate,10027,1.0,false,false,false,true,active,2025-09-12T00:43:08+00:00,2025-11-28T08:56:54+00:00
ceb5b100-6d16-4a2c-a1ac-94145b871907,rc1759@columbia.edu,ruby_ca,,+16465550147,true,US,columbia_college,undergraduate,10029,2.5,false,false,false,true,active,2025-09-06T19:13:25+00:00,2025-11-16T22:37:41+00:00
2f4b1887-379d-4094-919e-a79bb84fab9b,rl4450@columbia.edu,ruoxi.lin,,+16465550194,true,CN,seas_grad,graduate,10027,2.5,false,false,false,true,active,2026-09-02T17:55:00+00:00,2026-09-02T18:00:00+00:00
0c75c528-0777-4d48-b0e4-87ab07dcd5a2,mw8435@columbia.edu,mengyao_wa,,,true,CN,arts,graduate,10032,2.5,true,false,false,true,active,2025-01-19T23:54:20+00:00,2025-01-27T09:34:19+00:00
66bc6dc3-75de-43fd-be1e-f43f8ae0aa9c,cw3446@columbia.edu,caleb_wa,,+16465550152,true,US,seas_grad,graduate,10031,2.5,false,false,false,true,active,2026-09-02T17:55:00+00:00,2026-09-02T18:00:00+00:00
4cf59a7d-3daf-44fe-8e86-aa4389b82fc0,sh4653@columbia.edu,sohee_hw,Sohee Hwang,+16465550159,true,KR,arts,graduate,10280,2.5,false,false,false,true,active,2024-08-23T18:30:28+00:00,2024-11-09T23:33:36+00:00
443b392f-72a1-4279-ae51-a849f1fedfff,ee2045@columbia.edu,elliot_el,,+19295550188,true,US,sipa,graduate,10025,10.0,false,false,false,true,active,2025-01-28T17:10:24+00:00,2025-02-01T23:03:15+00:00
60e7746d-a14d-4134-a659-8644ea757f35,jd2840@columbia.edu,julian_do,Julian Doyle,+19295550119,true,US,cbs,graduate,11201,10.0,false,false,false,true,active,2026-01-17T12:33:54+00:00,2026-03-03T09:49:34+00:00
10052c3a-4cb2-4d00-a0bc-2b3ec6334ca5,nh3415@columbia.edu,nour_ha,,+19175550149,true,IL,seas_undergrad,undergraduate,10027,2.5,true,false,false,true,active,2025-01-22T14:09:46+00:00,2025-02-20T01:56:35+00:00
780c8367-fbe3-4f3e-bb65-e449f49742c2,rb6500@columbia.edu,ryan.bennett,,+13475550162,true,US,seas_undergrad,undergraduate,10022,1.0,false,false,false,true,active,2025-09-14T18:35:57+00:00,2025-09-16T03:40:35+00:00
e554a849-75b4-42ad-ab34-0b8fc1a7f349,ey7264@columbia.edu,emre_yi,Emre Yilmaz,,true,TR,seas_grad,graduate,10027,2.5,false,true,false,true,active,2026-01-23T11:00:21+00:00,2026-05-07T00:47:31+00:00
85661484-f588-4041-83cf-afe8e49d5480,jm4134@columbia.edu,james_mi,James Miller,,true,US,law,graduate,10027,2.5,false,false,false,false,active,2026-01-17T10:01:03+00:00,2026-02-19T21:36:20+00:00
0a9a118f-fbfc-414d-a857-63246dad3ee3,cd8476@columbia.edu,chloe.doyle,,+19295550125,true,US,teachers_college,graduate,10037,2.5,false,false,false,true,active,2026-01-21T03:05:32+00:00,2026-02-09T09:03:04+00:00
c0856bc5-aa1f-4d9b-908d-b8dac1c3d5ee,jl7379@columbia.edu,jiwoo_le,Jiwoo Lee,+19295550116,true,KR,columbia_college,undergraduate,10027,2.5,false,true,false,true,active,2026-03-09T03:12:23+00:00,2026-03-22T16:14:41+00:00
6b5d5ed0-69c8-4155-a047-bb7847ac20f0,bv5851@columbia.edu,bianca_vi,Bianca Villanueva,+13475550171,true,PH,seas_grad,graduate,10027,2.5,false,false,true,false,deactivated,2026-09-02T17:55:00+00:00,2026-09-02T18:00:00+00:00
3eaa28c6-6c66-4841-a82f-101d62f26410,es9048@columbia.edu,ethan_si,Ethan Sinclair,+16465550166,true,US,cbs,graduate,10025,2.5,false,false,false,true,active,2025-09-12T14:30:27+00:00,2025-10-23T23:48:30+00:00
94b88316-7ce0-493b-8421-126aaef1e308,oq2149@columbia.edu,olivia_qu,Olivia Quinn,+12125550171,true,US,sipa,graduate,10025,2.5,true,false,false,true,active,2026-01-27T23:05:52+00:00,2026-06-07T23:31:21+00:00
b4057330-ddc6-443e-9fc2-f268ee643288,ql1619@columbia.edu,qian_li,,+19175550196,true,CN,gsas,graduate,10037,2.5,false,false,false,true,active,2026-09-02T17:55:00+00:00,2026-09-02T18:00:00+00:00
b1819170-1c8d-422c-9fca-8d03059de2b5,ho6938@columbia.edu,hyerin.oh,,+13475550196,true,KR,cbs,graduate,10027,10.0,false,false,false,true,active,2026-01-28T23:07:09+00:00,2026-02-15T06:55:12+00:00
cc483862-ddce-4c53-af20-b14f6d75be64,om4679@columbia.edu,owen.miller,Owen Miller,+13475550110,true,US,gsas,graduate,10025,2.5,false,false,false,true,active,2026-09-02T17:55:00+00:00,2026-09-02T18:00:00+00:00
d3daa26a-587b-4816-9110-916f35fa7c74,rh5893@columbia.edu,rania_ha,,,true,IL,columbia_college,undergraduate,10027,2.5,false,false,false,true,active,2026-02-06T11:51:48+00:00,2026-03-29T14:55:44+00:00
155a532f-e1b2-4f3a-9516-79dc762fef29,sp9952@columbia.edu,sneha_pa,Sneha Patel,,true,IN,seas_undergrad,undergraduate,10027,2.5,false,false,false,true,active,2026-09-02T17:55:00+00:00,2026-09-02T18:00:00+00:00
6d89186c-9abe-4266-84b8-a5f301062693,bs4256@columbia.edu,beatriz_sa,Beatriz Santos,+13475550105,true,BR,seas_undergrad,undergraduate,10027,2.5,false,false,false,true,active,2026-01-23T12:35:21+00:00,2026-01-23T22:07:11+00:00
92b26b2d-f521-4368-bfd5-7368f4d4b7d2,ze7939@columbia.edu,zoe_el,,+12125550155,false,US,seas_undergrad,undergraduate,10002,0.5,false,true,false,true,active,2025-08-25T00:40:07+00:00,2025-11-07T01:33:59+00:00
902aed20-80b3-4420-9745-2e55b7c51e04,lh4364@columbia.edu,lingxi_he,Lingxi He,,true,CN,columbia_college,undergraduate,10027,2.5,true,false,true,true,deactivated,2026-09-02T17:55:00+00:00,2026-09-02T18:00:00+00:00
7e949b35-f838-4a09-a00e-ee7e038bba01,jw3007@columbia.edu,julian_wh,Julian Whitfield,+16465550148,true,US,cbs,graduate,10025,2.5,false,false,false,true,active,2026-09-02T17:55:00+00:00,2026-09-02T18:00:00+00:00
42688444-55cc-483b-a92c-df6777013516,rb1888@columbia.edu,ruby_be,Ruby Bennett,,true,US,gsas,graduate,10027,2.5,false,false,true,true,active,2024-09-20T12:18:44+00:00,2024-10-16T08:24:03+00:00
eeff5407-0122-4256-8fe0-ca19e54acbbb,cd2342@columbia.edu,chloed,,+16465550116,true,US,seas_undergrad,undergraduate,10010,2.5,false,false,false,true,active,2025-08-29T04:31:36+00:00,2025-08-30T04:32:56+00:00
121e25af-350e-40d4-a820-05aa0e8d09c2,mb4789@columbia.edu,matteo_bi,Matteo Bianchi,+19175550166,false,IT,gsas,graduate,10038,5.0,false,false,false,true,active,2026-08-28T10:40:26+00:00,2026-09-02T18:00:00+00:00
b7a58a43-0e8a-4989-9cc2-a17e019034c8,mb9576@columbia.edu,maya_ba,,+12125550137,true,US,seas_grad,graduate,10031,2.5,false,false,false,true,active,2025-10-15T22:28:17+00:00,2025-10-18T02:06:08+00:00
2e23fd62-664f-4904-93b9-98484374da38,mp7203@columbia.edu,mariana_pe,,+13475550198,true,BR,sipa,graduate,10038,2.5,false,false,false,true,active,2025-02-01T19:28:07+00:00,2025-02-03T02:44:31+00:00
dd97c4bf-c562-41cd-943b-218a8b5baac4,jh5256@columbia.edu,jian_hu,Jian Huang,,true,CN,columbia_college,undergraduate,10027,2.5,false,false,false,true,active,2025-08-26T10:58:03+00:00,2025-11-10T06:35:19+00:00
cbaf2ac2-d910-49fe-b1b9-fe6ae1cb7bae,jc7557@columbia.edu,julian_ca,,+13475550196,false,US,seas_undergrad,undergraduate,10016,2.5,false,false,false,true,active,2026-09-02T17:55:00+00:00,2026-09-02T18:00:00+00:00
1af051a4-5fb9-478e-9d62-3279d88a6cff,rz4635@columbia.edu,ruoxi.zhang,Ruoxi Zhang,+19295550134,true,CN,general_studies,undergraduate,10027,10.0,false,false,false,true,active,2025-08-25T00:04:15+00:00,2025-10-29T07:20:43+00:00
f965e2e1-14e1-441b-bd2e-db6def83457a,dn2034@columbia.edu,daniela_na,Daniela Navarro,+19175550143,false,ES,columbia_college,undergraduate,10014,2.5,false,false,false,true,active,2025-09-02T15:28:34+00:00,2025-09-30T14:19:54+00:00
370fbcc1-3bb7-4e66-b131-b172bd7c138e,am8645@columbia.edu,aarav.menon,,+13475550151,true,IN,seas_grad,graduate,10027,2.5,false,false,true,true,active,2026-09-02T17:55:00+00:00,2026-09-02T18:00:00+00:00
0459c7c6-94d8-4008-b8e0-fb02733ecce3,kb7448@columbia.edu,klara_be,,+19295550134,true,CH,cbs,graduate,10031,2.5,true,false,false,true,active,2026-09-02T17:55:00+00:00,2026-09-02T18:00:00+00:00
f3f35b1f-6722-4fb3-9c50-39c6796b2515,sg4550@columbia.edu,siddharth_gu,,+12125550189,false,IN,seas_grad,faculty_staff,10027,2.5,false,false,false,true,active,2025-02-13T17:49:48+00:00,2025-03-28T20:41:42+00:00
141c9199-11b6-4908-b417-d1f5b2d90f5c,mw9273@columbia.edu,maya_wh,,+13475550173,true,US,cbs,graduate,11205,2.5,false,false,false,false,active,2026-02-07T01:49:55+00:00,2026-03-03T14:36:48+00:00
18e3a9b6-6f02-4e71-85a0-2333faf8fd07,lm1942@columbia.edu,layla_ma,,,true,EG,cbs,graduate,10025,2.5,false,false,true,true,active,2026-09-02T17:55:00+00:00,2026-09-02T18:00:00+00:00
373c37e3-0e01-4319-81cb-158d1344da99,cl5677@columbia.edu,chen_li,,+12125550190,true,CN,columbia_college,undergraduate,11201,2.5,false,false,false,true,active,2025-08-28T03:10:05+00:00,2025-09-21T22:39:31+00:00
6225ff1d-dff6-4eec-8a09-0b85b8e80e91,ql2693@columbia.edu,qian.li,Qian Li,+16465550121,true,CN,gsas,graduate,10023,5.0,false,false,false,true,active,2025-08-25T10:29:49+00:00,2025-08-27T10:40:19+00:00
579eb449-7dee-40ac-863d-90444a454383,tf4258@columbia.edu,tiago_fe,Tiago Ferreira,+13475550187,true,BR,gsas,graduate,10031,2.5,false,false,false,true,active,2026-09-02T17:55:00+00:00,2026-09-02T18:00:00+00:00
1e199245-14ca-432d-8a4f-6937c290bbe6,jz6228@columbia.edu,jiayi_zh,,+13475550174,true,CN,sipa,graduate,10023,10.0,false,false,false,true,active,2026-08-31T03:05:20+00:00,2026-09-02T18:00:00+00:00
2f0c41a5-5c82-4268-8201-a8322cefa8b0,eb3586@columbia.edu,ethan_be,,+16465550181,false,US,cbs,graduate,10027,1.0,false,true,false,true,active,2026-09-02T17:55:00+00:00,2026-09-02T18:00:00+00:00
39387e77-2cf5-4e83-a449-610606391894,lr4070@columbia.edu,louis_ro,,+12125550176,false,FR,seas_undergrad,undergraduate,10031,2.5,false,false,false,true,active,2025-01-28T12:22:51+00:00,2025-03-04T14:16:06+00:00
7cc7754f-888a-452e-9779-934c1a10e526,eo8042@columbia.edu,eunseo_oh,Eunseo Oh,,true,KR,columbia_college,undergraduate,10027,2.5,true,true,false,true,active,2026-02-14T22:43:09+00:00,2026-02-16T18:41:58+00:00
206e14a8-33a8-4438-ad62-32f0055f0b16,zh7305@columbia.edu,zoe_ha,,+13475550164,false,US,columbia_college,undergraduate,10037,2.5,false,true,false,true,active,2026-09-02T17:55:00+00:00,2026-09-02T18:00:00+00:00
a83115e6-95d7-4710-8785-ad490862eb1d,tm2708@columbia.edu,tessam,,,true,US,seas_grad,graduate,11217,2.5,false,false,false,true,active,2024-09-03T23:36:40+00:00,2024-10-05T15:13:44+00:00
feb4d905-0b79-4ac5-9d53-4c64f8023f17,kg4541@columbia.edu,karthik.gupta,Karthik Gupta,+12125550122,true,IN,public_health,graduate,10030,2.5,false,true,false,true,active,2025-04-05T13:59:58+00:00,2025-04-12T07:55:02+00:00
a2a97c5b-d72e-47bb-a8b8-355fcf007b68,dn5068@columbia.edu,dimitris.nikolaidis,Dimitris Nikolaidis,,true,GR,columbia_college,undergraduate,10025,2.5,false,false,false,true,active,2025-01-19T08:32:53+00:00,2025-03-09T08:08:19+00:00
56423c84-9e94-44e6-a034-0a21e231fbea,vb8730@columbia.edu,vinayak_bo,Vinayak Bose,+12125550134,true,IN,seas_undergrad,undergraduate,10027,2.5,false,false,false,true,active,2026-02-18T10:56:23+00:00,2026-02-18T21:51:44+00:00
7926d7b2-835c-4a6f-bf2f-3e38d4db3419,jc6487@columbia.edu,james_ca,,,true,US,cbs,graduate,10022,2.5,false,false,false,true,active,2025-01-24T15:06:53+00:00,2025-01-31T10:00:03+00:00
b0498d7c-841b-4a0f-8ec8-dbfc1353b9c1,kz3209@columbia.edu,kaiwen.zhou,Kaiwen Zhou,+12125550150,true,CN,public_health,graduate,10035,2.5,false,true,false,true,active,2026-01-21T02:19:54+00:00,2026-03-05T18:08:15+00:00
a65291d3-0e33-4ea9-afd9-e6056f5fec42,nw5152@columbia.edu,nora_wh,Nora Whitfield,,true,US,columbia_college,undergraduate,10027,0.5,false,false,false,true,active,2025-09-14T22:35:32+00:00,2025-09-16T21:14:23+00:00
514cc026-35f8-49f0-9e68-dff0aa3aab07,ch3048@columbia.edu,chen_hu,,+13475550194,true,TW,journalism,graduate,10027,5.0,false,false,false,true,active,2026-02-08T23:01:26+00:00,2026-02-25T13:56:27+00:00
e8bd6718-0ee1-4de3-9813-716c81bea5a5,sg3123@columbia.edu,siyu_gu,,+19175550160,false,TW,gsas,graduate,10035,2.5,false,false,false,true,active,2025-09-12T00:56:04+00:00,2025-09-17T02:21:29+00:00
ca8f1e88-f39d-4f85-a500-8267f988dfad,km2471@columbia.edu,kaiwen_ma,,+13475550108,true,CN,gsas,graduate,10038,2.5,false,false,false,true,active,2025-08-24T06:02:48+00:00,2025-09-06T12:59:21+00:00
71938832-5c59-49e3-be85-9acbd7ca55ba,in5199@columbia.edu,isabela_na,Isabela Navarro,+16465550184,true,CL,public_health,graduate,10003,2.5,false,false,false,true,active,2024-08-22T11:06:51+00:00,2024-09-10T04:21:36+00:00
34441c15-0467-4b92-b3ab-8deb1054c830,sd9071@columbia.edu,sophia_do,,,true,US,seas_grad,graduate,10031,2.5,false,false,false,true,active,2024-09-05T02:42:02+00:00,2024-09-06T17:58:31+00:00
8fa42630-14d9-4824-8c8d-b2642218ce75,hc1860@columbia.edu,hannah_ca,,,true,US,columbia_college,undergraduate,10027,2.5,false,false,true,true,active,2026-02-08T17:32:05+00:00,2026-03-14T16:37:23+00:00
d22d4315-95d0-4e9b-8b3a-ee71f98284ba,ow6361@columbia.edu,owen.walsh,,+12125550147,true,CA,general_studies,undergraduate,10027,2.5,false,false,true,true,active,2025-01-19T17:40:17+00:00,2025-01-27T05:32:44+00:00
ec6a23be-ddf8-411b-a001-feea58a50c51,hd7517@columbia.edu,hugo_du,Hugo Dubois,,true,FR,seas_undergrad,undergraduate,10025,2.5,false,false,false,true,active,2024-09-01T00:19:37+00:00,2024-09-28T05:43:17+00:00
29b08317-6763-47c6-93e5-e9d211886a27,fn6676@columbia.edu,farhan_na,,,true,IN,vps,graduate,10031,2.5,false,false,false,true,active,2024-09-07T09:57:06+00:00,2024-10-21T05:04:47+00:00
21dd7dab-b91b-4dbb-ba29-ae9efd5f3f45,ki5762@columbia.edu,karthik_iy,Karthik Iyer,+19295550148,true,IN,columbia_college,undergraduate,10025,0.5,false,false,false,true,active,2026-02-09T00:05:52+00:00,2026-03-12T15:28:44+00:00
6dfbbf9b-099b-425f-a0b4-4d13ee683924,ab5312@columbia.edu,aarav_bo,Aarav Bose,+19175550155,true,IN,arts,graduate,10027,2.5,false,false,false,true,active,2025-10-01T14:54:55+00:00,2026-02-02T16:20:37+00:00
42ddf256-149e-4757-b88b-4e24c8e6cb76,eb7470@columbia.edu,elliotb,Elliot Barnes,+12125550185,true,US,gsas,graduate,10025,2.5,false,false,false,true,active,2025-02-12T15:33:54+00:00,2025-03-15T02:55:24+00:00
6b64b525-483e-4576-957a-17ad52075768,nl7020@columbia.edu,noa_le,,+13475550150,true,IL,sipa,graduate,10027,2.5,false,false,false,true,deactivated,2026-03-27T07:52:36+00:00,2026-06-05T08:46:11+00:00
6e390a5d-a88b-459f-8658-6a51166be2f7,an9027@columbia.edu,andres_na,,+16465550186,true,CO,columbia_college,undergraduate,10031,2.5,false,false,false,true,active,2025-09-30T17:30:34+00:00,2025-11-03T00:25:43+00:00
e6e0d4f1-b435-4b5d-b74f-b4c6c427868c,dw9516@columbia.edu,daniel_wa,Daniel Walsh,+19175550190,true,US,vps,graduate,10027,0.5,false,false,false,true,active,2025-10-01T17:34:01+00:00,2025-12-25T15:12:31+00:00
e4ea0bbe-fdc0-4311-bef4-bcb809a9a630,nw3517@columbia.edu,nanami_wa,Nanami Watanabe,+16465550114,false,JP,journalism,graduate,10032,2.5,false,false,false,true,active,2025-09-16T12:22:41+00:00,2025-12-10T06:34:38+00:00
04ef5bae-6f20-43c1-84c2-80053a99d1b1,jg4646@columbia.edu,jiayi_gu,,+16465550104,true,CN,gsas,graduate,10025,2.5,false,false,false,true,active,2024-08-23T02:04:02+00:00,2024-09-07T03:43:16+00:00
74d3f6c0-8cd8-42de-be07-4e633a9879a2,xw4094@columbia.edu,xinyi.wu,,+19175550125,true,CN,seas_undergrad,undergraduate,10040,2.5,false,false,false,true,deactivated,2025-01-17T17:12:01+00:00,2025-02-28T19:03:30+00:00
db16a0e3-1900-4649-86fc-1c299886fc23,mr9459@columbia.edu,marco_ro,,,true,IT,cbs,graduate,10031,2.5,false,false,false,true,active,2026-01-24T22:20:50+00:00,2026-02-05T19:50:23+00:00
d118210a-8ab6-41a6-b1b6-6d3287819f17,ee2107@columbia.edu,emma_el,,+16465550104,true,US,columbia_college,undergraduate,11106,5.0,false,false,false,true,active,2026-09-02T17:55:00+00:00,2026-09-02T18:00:00+00:00
ffae7a2d-9aea-4536-8cf4-dd5a807a4405,sm3026@columbia.edu,sophia_mi,Sophia Miller,+13475550173,false,US,seas_undergrad,undergraduate,10026,2.5,false,false,false,true,active,2025-09-20T13:03:17+00:00,2025-10-03T08:16:01+00:00
ace4ede9-190b-4d01-8198-a49aabf9da5a,sf8373@columbia.edu,sophia.foster,,+12125550133,true,US,gsas,graduate,10025,2.5,false,false,false,true,deactivated,2026-02-23T11:26:13+00:00,2026-05-12T12:31:22+00:00
bf2e373c-d8de-4aa0-acb8-d8df0b844ebd,as4842@columbia.edu,aarav_sh,Aarav Sharma,+19175550144,true,IN,cbs,graduate,10026,2.5,false,true,false,true,active,2026-01-17T22:21:35+00:00,2026-03-17T06:59:04+00:00
2ba2f93e-b90a-4582-9c0b-561477ec2dd4,zh1813@columbia.edu,zoe.hayes,,+19175550162,true,US,seas_grad,faculty_staff,10026,10.0,false,false,false,true,active,2024-09-16T16:03:37+00:00,2024-10-15T06:35:21+00:00
27d6298d-2568-4e4c-99dd-0f0d3e043508,xy1566@columbia.edu,xinyi_ya,Xinyi Yang,,true,CN,cbs,graduate,10025,2.5,false,true,false,true,active,2026-01-18T06:13:37+00:00,2026-02-06T18:21:15+00:00
0009dfc3-c591-422e-9a5a-47a3c5627f02,nf2483@columbia.edu,nora_fo,Nora Foster,+19175550125,true,US,columbia_college,undergraduate,10027,2.5,false,false,false,true,active,2026-01-22T23:25:14+00:00,2026-02-16T18:11:06+00:00
460f4ef7-3d87-4168-867c-b40bd386e450,ek1277@columbia.edu,ekaterina_ko,Ekaterina Kowalski,+19175550159,true,RU,cbs,graduate,10025,2.5,false,false,false,true,active,2026-09-02T17:55:00+00:00,2026-09-02T18:00:00+00:00
d30b8eb3-05ed-4a73-b6e5-042436e46b37,hj3691@columbia.edu,haeun.jang,,+19175550165,true,KR,sipa,graduate,10027,2.5,false,false,true,true,active,2024-10-08T20:23:19+00:00,2024-10-16T07:04:19+00:00
bf6c0e33-5fc6-4e92-8a2d-83065bf149c4,dr2010@columbia.edu,divya_ra,,,true,IN,public_health,graduate,10027,2.5,false,false,false,true,active,2025-01-26T08:26:15+00:00,2025-03-30T08:12:54+00:00
76948275-fc48-4c3e-b731-4436f90cd800,jm6373@columbia.edu,julian.marsh,Julian Marsh,+19175550134,true,US,gsas,graduate,10021,2.5,false,true,false,true,active,2025-09-15T09:51:32+00:00,2025-11-11T13:26:44+00:00
06ca99ad-46e9-4d5e-a72e-48628968c316,hf7775@columbia.edu,hannah.foster,,+19175550139,true,US,columbia_college,undergraduate,11201,2.5,false,false,false,true,active,2025-10-02T01:40:35+00:00,2025-11-30T00:27:47+00:00
f3556539-5f35-4383-aa20-f0818d9b4d26,yy7551@columbia.edu,yuxin_ya,Yuxin Yang,+13475550165,true,HK,teachers_college,graduate,10025,0.5,false,false,true,true,active,2026-01-28T14:52:46+00:00,2026-02-11T04:14:00+00:00
7759297b-afe9-4b95-8e56-6c553c734e03,em2545@columbia.edu,emeka_me,,+19295550180,true,NG,columbia_college,undergraduate,10027,2.5,false,false,false,true,active,2025-02-10T04:11:01+00:00,2025-07-17T22:08:22+00:00
468552db-87c2-40a1-b501-f637c4f5d75a,jd3840@columbia.edu,james.doyle,,+12125550100,true,US,columbia_college,undergraduate,10027,2.5,false,false,false,true,active,2025-01-29T03:19:25+00:00,2025-03-06T23:03:55+00:00
0332b012-61c9-4d8e-b351-0e688c2b69d3,ac6769@columbia.edu,ananya_ch,,+19295550120,true,IN,columbia_college,undergraduate,10027,2.5,false,false,false,true,active,2026-09-02T17:55:00+00:00,2026-09-02T18:00:00+00:00
c88efa62-e4cc-4ce2-825d-a2d3bda7324f,eb7591@columbia.edu,emma_be,,,true,US,cbs,graduate,10027,2.5,false,false,false,true,active,2026-01-27T13:57:25+00:00,2026-03-11T14:22:57+00:00
b9a3d8a8-1d58-4cf2-971d-224a10dd8600,zw1969@columbia.edu,zoe_wh,Zoe Whitfield,,true,US,seas_undergrad,undergraduate,10027,5.0,false,false,false,true,active,2026-01-18T07:47:30+00:00,2026-02-06T11:28:59+00:00
0aabd794-f14a-43d9-8e1c-c2cfed209e13,ds1596@columbia.edu,daniel_si,Daniel Sinclair,,true,US,seas_grad,graduate,10035,10.0,false,false,false,false,active,2025-09-23T21:19:58+00:00,2025-10-06T15:30:33+00:00
8c0f035c-ed24-4e92-9e38-7d7562011845,pm9835@columbia.edu,piotr_mo,,,true,RU,seas_undergrad,undergraduate,10027,2.5,false,false,false,true,active,2024-11-01T15:33:00+00:00,2024-11-18T10:00:42+00:00
ded797b6-afed-4f9c-8ae0-35b3c61aa0e4,wz7726@columbia.edu,w_zhu,Wei Zhu,+19175550161,true,CN,public_health,graduate,10451,2.5,false,false,false,true,active,2024-09-04T05:43:02+00:00,2024-11-21T00:23:05+00:00
df691f30-136a-487c-b5bc-1071c74717ae,sw2796@columbia.edu,sophia_wa,Sophia Walsh,+12125550162,false,US,cbs,graduate,10023,2.5,false,false,false,true,active,2026-01-21T03:13:44+00:00,2026-02-19T16:11:29+00:00
7c0571bd-539c-4f78-bbd4-fba222e5224f,nh9920@columbia.edu,nour.haddad,,+19175550131,true,EG,columbia_college,undergraduate,10027,2.5,false,true,false,false,active,2025-09-17T06:57:44+00:00,2025-10-21T21:27:41+00:00
c6a5d754-8540-4f09-a164-55d8ca668819,tj4202@columbia.edu,taeyang_ja,Taeyang Jang,+16465550119,true,KR,law,graduate,10031,2.5,false,false,false,true,active,2026-09-02T17:55:00+00:00,2026-09-02T18:00:00+00:00
78adb4b4-64d8-4a3f-b789-0aeeccaf033e,ef1819@columbia.edu,emma.fletcher,,+13475550128,true,US,general_studies,undergraduate,10027,1.0,false,false,false,true,active,2025-08-25T00:31:18+00:00,2025-10-08T05:59:38+00:00
3e1135b6-a11d-4440-9839-7607ab0df809,nb3675@columbia.edu,niklas_be,,,true,DE,seas_undergrad,undergraduate,10013,2.5,false,false,false,true,active,2025-01-20T21:27:16+00:00,2025-07-17T03:14:52+00:00
aedee5fd-dd23-420b-9df6-813aa5259225,ow9023@columbia.edu,olivia_wh,Olivia Whitfield,+12125550137,true,US,teachers_college,graduate,10027,2.5,false,false,false,true,active,2026-02-04T07:35:56+00:00,2026-08-18T13:57:31+00:00
d9d5009b-8473-435d-91be-6bcb17ddb763,mf2334@columbia.edu,marie_fi,,+12125550192,true,DE,columbia_college,undergraduate,10027,2.5,false,false,false,true,active,2026-09-02T01:00:46+00:00,2026-09-02T18:00:00+00:00
04531230-dd4e-4ce8-a301-2b7332324090,jc3202@columbia.edu,junho_ch,,,true,KR,sipa,graduate,10027,2.5,false,true,false,true,active,2026-09-02T17:55:00+00:00,2026-09-02T18:00:00+00:00
6aacb066-212b-444d-b253-5871c426b9d0,zs9343@columbia.edu,zhihao_su,,,true,CN,cbs,graduate,10026,2.5,false,false,false,true,active,2026-01-22T21:33:48+00:00,2026-02-26T21:46:38+00:00
7d2e833a-8242-43a6-93ca-e79df0b2cd59,ym3560@columbia.edu,yuxin_ma,Yuxin Ma,+12125550161,true,CN,seas_undergrad,undergraduate,10025,2.5,false,false,false,true,active,2025-02-01T17:54:55+00:00,2025-02-14T03:04:52+00:00
2ad9462f-49f8-4d9a-8f1f-6f573c1e266f,sj7377@columbia.edu,seoyeon.jang,,,true,KR,columbia_college,undergraduate,10025,2.5,false,false,false,true,active,2025-02-07T23:19:58+00:00,2025-03-22T09:58:56+00:00
34c4679a-d188-4ff3-b1e7-463f1c6bc2f7,js3446@columbia.edu,jimin_se,Jimin Seo,+19295550173,true,KR,cbs,graduate,10016,2.5,false,false,true,true,active,2026-02-13T20:13:43+00:00,2026-02-14T17:04:23+00:00
6e8bd2b2-8577-4176-ab3c-67fe5e14d009,dr7547@columbia.edu,daniel_re,,+19175550141,true,US,law,graduate,10025,2.5,false,false,false,true,active,2026-09-02T17:55:00+00:00,2026-09-02T18:00:00+00:00
43dbd776-bd4c-4ef1-933a-59af47a589b5,cv1239@columbia.edu,camila_va,Camila Vargas,,true,MX,cbs,faculty_staff,10031,2.5,false,false,false,true,active,2024-08-28T05:34:59+00:00,2024-09-19T04:56:08+00:00
d4753420-55e3-4598-a047-da09e69fedd7,ss2288@columbia.edu,siriporn_sr,,+12125550104,false,TH,general_studies,undergraduate,11205,2.5,false,false,false,true,active,2026-01-28T12:27:58+00:00,2026-03-15T08:12:24+00:00
45f130cc-34a3-4ca4-9ab0-3af07f0467c9,jm4096@columbia.edu,javier.martinez,,+12125550130,true,CL,seas_grad,graduate,10027,2.5,false,false,false,true,active,2026-01-17T04:29:09+00:00,2026-03-30T22:20:07+00:00
345afc84-e133-4249-9c52-f900042bc4f9,dk3256@columbia.edu,divya_ku,Divya Kulkarni,,true,IN,cbs,graduate,11101,2.5,false,false,false,true,active,2025-09-06T05:13:26+00:00,2025-09-06T12:23:07+00:00
2e33ff49-a484-4f82-95d2-dc4216703bb3,oh4118@columbia.edu,owen.hayes,Owen Hayes,+19295550114,true,US,seas_undergrad,undergraduate,10027,2.5,false,false,false,true,active,2025-01-17T08:12:15+00:00,2025-01-29T15:06:08+00:00
334bebc0-796e-4843-a311-d48635b44d02,hz8352@columbia.edu,hao.zhang,,+12125550109,true,CN,law,graduate,10027,1.0,false,false,false,true,active,2026-09-02T17:55:00+00:00,2026-09-02T18:00:00+00:00
9730bd67-60e7-46d5-8f69-66fc57d96d4e,sk5524@columbia.edu,sota_ko,,+12125550106,true,JP,gsas,graduate,10025,10.0,false,false,false,false,active,2025-08-29T08:26:02+00:00,2025-10-02T15:53:30+00:00
d823a16e-880c-448d-9a0e-2011ba453ad1,jw4476@columbia.edu,jiayi_wa,Jiayi Wang,+12125550190,false,CN,seas_undergrad,undergraduate,10027,2.5,false,true,false,true,active,2026-09-02T17:55:00+00:00,2026-09-02T18:00:00+00:00
8b11a1d6-432c-4f32-8c7f-76a1568759cd,ob5535@columbia.edu,owen_ba,Owen Barnes,+13475550182,true,US,teachers_college,graduate,10027,2.5,false,false,false,true,active,2026-09-02T17:55:00+00:00,2026-09-02T18:00:00+00:00
1f8b2d56-2ffa-4ff9-a613-b3e5e8618769,rw6789@columbia.edu,ruby_wh,Ruby Whitfield,,true,AU,cbs,graduate,10027,2.5,false,false,false,true,active,2026-09-02T17:55:00+00:00,2026-09-02T18:00:00+00:00
e099a97d-3a12-4986-9f7b-4929504bd92f,an4056@columbia.edu,amara_nw,,,true,NG,columbia_college,undergraduate,10027,10.0,false,false,true,true,active,2025-08-25T14:58:41+00:00,2026-02-15T00:43:46+00:00
f8d855a5-21a5-477b-bd26-6a8ff32c9563,nb3742@columbia.edu,nora_br,,,true,US,cbs,graduate,10031,2.5,false,false,false,true,active,2026-02-23T04:09:50+00:00,2026-02-28T16:36:30+00:00
7c147f54-3645-4b45-97db-b4a3ad648658,kz4810@columbia.edu,kaiwen.zhang,Kaiwen Zhang,+19175550149,true,CN,seas_undergrad,undergraduate,10016,5.0,false,false,false,true,active,2026-09-02T17:55:00+00:00,2026-09-02T18:00:00+00:00
06a5945b-2a25-4bf1-b0d1-578601aaab81,cv4164@columbia.edu,camila.vargas,Camila Vargas,,true,MX,seas_grad,faculty_staff,10027,2.5,false,true,false,true,active,2025-09-05T02:23:30+00:00,2025-11-30T07:56:59+00:00
eebbf0ad-7bc9-40f9-a39b-9952f8048f24,sb6535@columbia.edu,sophia.bennett,,+19295550182,true,US,seas_grad,graduate,10027,2.5,false,false,true,true,active,2026-01-16T13:33:15+00:00,2026-01-17T23:09:22+00:00
94fe657b-e446-422e-8233-465a217764d5,me5859@columbia.edu,matteo.esposito,Matteo Esposito,+16465550114,true,IT,cbs,graduate,10027,2.5,false,true,false,true,active,2026-02-20T00:51:08+00:00,2026-03-04T23:44:39+00:00
3a748a52-31e6-4e13-b168-3406e4520722,ml6091@columbia.edu,mengyao.li,,+13475550103,true,CN,columbia_college,undergraduate,10036,2.5,false,false,false,true,active,2025-09-09T14:46:01+00:00,2025-09-12T23:14:29+00:00
cbeb0053-cbef-4e60-8755-1445364e1ffa,em5368@columbia.edu,elliot_mi,,+19175550102,true,US,cbs,graduate,10027,2.5,false,true,false,true,deactivated,2026-01-18T01:29:48+00:00,2026-03-07T02:25:48+00:00
09df0479-c184-43eb-84fc-57806ea9743a,sq3131@columbia.edu,sophia_qu,Sophia Quinn,,true,US,seas_grad,graduate,10025,0.5,false,false,false,true,active,2025-02-12T06:12:50+00:00,2025-02-25T05:47:42+00:00
b4873cd1-b543-4232-ba4e-8dd873f8eef3,gc5602@columbia.edu,grace.carter,,+16465550165,true,US,seas_grad,graduate,10027,2.5,false,false,false,true,active,2026-08-29T07:47:03+00:00,2026-09-02T18:00:00+00:00
0d63423b-88a8-461b-94f4-e18357eba2f3,mb4236@columbia.edu,marcus_be,,,true,US,general_studies,undergraduate,10031,2.5,false,false,false,true,active,2025-01-28T15:23:41+00:00,2025-04-13T11:18:35+00:00
52c5c6a9-39b5-4951-9af7-b20a0970bd62,bm5939@columbia.edu,bo_ma,,,true,CN,seas_undergrad,undergraduate,11205,2.5,false,false,false,true,active,2025-09-06T09:48:13+00:00,2025-10-06T19:45:28+00:00
373a53bb-6b51-442f-ac4b-1d028d9af863,xh3456@columbia.edu,xinyi_he,Xinyi He,,true,CN,public_health,graduate,10016,1.0,false,true,true,true,active,2026-01-24T05:21:19+00:00,2026-04-12T20:18:31+00:00
6dd5f7ff-d7ae-4044-a507-842ff23faea7,er7838@columbia.edu,ethan_re,Ethan Reed,+12125550116,true,US,seas_grad,graduate,10027,2.5,false,true,false,true,active,2026-09-02T17:55:00+00:00,2026-09-02T18:00:00+00:00
c9ecc336-f916-428a-889e-dd3cd51b608e,qn3189@columbia.edu,quang_ng,,+19295550194,true,VN,cbs,graduate,10025,2.5,false,false,true,true,active,2025-08-23T14:12:04+00:00,2025-09-25T00:44:51+00:00
4333f52d-82f4-4fb4-b6c0-44d327f5b25a,jl7306@columbia.edu,jian_li,,,true,CN,seas_grad,graduate,10027,1.0,true,false,false,true,active,2026-02-01T10:16:51+00:00,2026-03-07T07:56:25+00:00
6a1f02ee-4734-484a-9340-301d6b261f57,sw5233@columbia.edu,sven_wa,,+19295550153,false,SE,columbia_college,undergraduate,10451,2.5,false,false,false,true,active,2026-03-11T21:45:45+00:00,2026-04-10T10:31:06+00:00
1ac6ee78-e266-4507-888f-5c047d74ca46,nq4168@columbia.edu,nathan_qu,,+19295550109,true,US,columbia_college,undergraduate,10027,0.5,false,false,false,true,active,2026-02-11T16:29:00+00:00,2026-03-05T15:24:42+00:00
e818f248-82e9-43bc-9ab7-27d5be02776b,cq6745@columbia.edu,caleb.quinn,Caleb Quinn,+12125550161,false,US,cbs,graduate,10025,2.5,false,false,false,true,active,2025-08-24T19:41:09+00:00,2025-09-17T05:26:50+00:00
35909fc4-d643-4054-9b66-43b56d0b1503,rh2236@columbia.edu,ruby.hayes,,+12125550161,true,US,general_studies,undergraduate,10027,0.5,true,false,false,true,active,2026-08-31T17:53:51+00:00,2026-09-02T18:00:00+00:00
4e4985ea-2b80-4cbe-8d6a-7abfadaa2f26,lf7533@columbia.edu,lucas_fe,Lucas Ferreira,+13475550161,true,BR,gsas,graduate,10027,2.5,false,false,false,true,active,2026-03-03T09:33:55+00:00,2026-03-12T14:16:04+00:00
d2469235-aa8d-4514-a3e7-f9447fa675cd,rm3508@columbia.edu,ryan.miller,,+12125550184,true,US,columbia_college,undergraduate,10031,2.5,true,false,false,true,deactivated,2026-08-30T13:40:00+00:00,2026-09-02T18:00:00+00:00
073d319d-25c3-4082-88f9-0cbb7e686a6c,ey4182@columbia.edu,eunseo_yo,,+13475550194,true,KR,seas_undergrad,undergraduate,10027,2.5,false,false,false,true,active,2026-03-09T18:53:09+00:00,2026-03-24T17:00:46+00:00
4c01c5e4-a2a2-4327-b389-b04521c5072d,xs9351@columbia.edu,xinyi_su,Xinyi Sun,+19175550110,true,CN,seas_undergrad,undergraduate,10027,2.5,false,false,false,true,active,2026-01-23T10:22:39+00:00,2026-09-02T18:00:00+00:00
cf7bc542-a4a8-4473-9640-41c0acb7aea5,td6638@columbia.edu,theo_du,,+19175550101,true,FR,seas_undergrad,undergraduate,10027,2.5,false,false,false,true,active,2026-02-05T07:07:22+00:00,2026-03-11T04:50:26+00:00
de7eec7f-66a2-4cf7-9de7-b653982bbaaf,ew5360@columbia.edu,ethan_wh,Ethan Whitfield,+13475550140,true,US,cbs,graduate,10031,2.5,false,false,false,true,active,2026-09-02T17:55:00+00:00,2026-09-02T18:00:00+00:00
666bc6ff-a4ef-4446-b1f3-452d89ab9300,jk9732@columbia.edu,jaewon_ki,Jaewon Kim,+16465550126,false,KR,general_studies,undergraduate,10027,2.5,false,false,false,true,active,2025-01-29T12:42:41+00:00,2025-02-25T23:36:54+00:00
887b7fc5-3512-427f-b5f1-d0629d72dcf0,dk3877@columbia.edu,dongwoo_kw,,+16465550174,true,KR,seas_undergrad,undergraduate,10027,2.5,false,false,false,true,active,2024-08-31T05:36:21+00:00,2024-11-16T04:17:21+00:00
1c41e1da-7272-4e26-9379-0b684eda11dc,nr6431@columbia.edu,nora.reed,,,true,US,seas_grad,graduate,10025,2.5,false,false,false,true,active,2026-08-31T07:10:00+00:00,2026-09-02T18:00:00+00:00
30af9bdd-a273-4b60-bac7-ca71cf3d5ef9,cb5123@columbia.edu,caleb.bennett,,,true,US,columbia_college,undergraduate,10027,2.5,false,false,false,true,active,2026-02-04T02:57:40+00:00,2026-04-12T02:05:18+00:00
1a3b8eb4-9217-4dfe-a345-ac6a2076c9d5,cg4310@columbia.edu,chloe_gr,,,true,US,teachers_college,graduate,10027,2.5,false,false,false,true,active,2026-02-05T23:42:08+00:00,2026-06-08T20:14:09+00:00
73951fcb-587e-448f-bf78-683136c513b1,ll8570@columbia.edu,lingxi.liu,,,true,CN,columbia_college,undergraduate,10128,2.5,false,true,false,true,active,2026-09-02T17:55:00+00:00,2026-09-02T18:00:00+00:00
481984d9-8844-4ba6-aecf-3d3fd3c177fd,my1333@columbia.edu,minjun.yoon,,+13475550113,true,KR,seas_grad,graduate,10016,5.0,false,true,false,true,deactivated,2025-09-08T00:25:40+00:00,2025-09-11T06:55:42+00:00
f5dc0e8d-4cfb-42ba-851d-c4ab150a805f,rq8705@columbia.edu,ryan_qu,,,true,US,columbia_college,faculty_staff,10031,5.0,false,false,false,true,active,2026-01-18T16:59:45+00:00,2026-02-10T06:23:59+00:00
a45ac5b4-0679-4ebf-84e7-2d9da623f04a,ee6961@columbia.edu,emma.ellis,,+13475550148,true,US,seas_grad,graduate,10027,2.5,false,false,false,true,active,2026-09-02T17:55:00+00:00,2026-09-02T18:00:00+00:00
d34b2b4a-bc0b-4ffd-83db-00f5cc6c937f,ds2954@columbia.edu,doyoon_sh,,,true,KR,columbia_college,undergraduate,10027,0.5,true,true,false,true,active,2024-09-22T08:22:04+00:00,2024-12-08T06:58:55+00:00
ee695881-c43e-42d5-8d6b-22f89b95592c,nl9687@columbia.edu,niklas_li,,+16465550107,true,CH,teachers_college,graduate,10027,2.5,true,false,false,true,active,2026-09-02T17:55:00+00:00,2026-09-02T18:00:00+00:00
3b91383c-8499-476e-b401-af488cd4b13f,nk2649@columbia.edu,nayeon_ki,,+16465550187,false,KR,columbia_college,undergraduate,10025,2.5,false,false,false,true,active,2026-02-15T09:53:54+00:00,2026-02-20T18:52:02+00:00
536e9f2a-3aad-4928-9766-ddb2f2ce04bb,jg6210@columbia.edu,juliette_gi,,+13475550131,false,FR,columbia_college,undergraduate,10025,1.0,false,false,false,true,active,2025-01-23T09:37:28+00:00,2025-03-21T07:22:52+00:00
04ceced2-1e5d-42b0-9a6a-158e9a108c1d,yc2314@columbia.edu,yuxin_ch,,+13475550171,true,CN,cbs,graduate,10027,2.5,false,false,true,true,active,2026-02-05T23:56:43+00:00,2026-05-29T00:20:39+00:00
af6b2df3-a93c-4f20-9ba5-cf38a05d51c5,mi2051@columbia.edu,meera_iy,Meera Iyer,+19295550199,true,IN,seas_grad,graduate,11375,2.5,false,false,false,true,deactivated,2026-09-02T17:55:00+00:00,2026-09-02T18:00:00+00:00
f7fc3247-4e08-45c5-bf07-1580aa80b186,yk9904@columbia.edu,yuna_ka,,+13475550108,true,KR,seas_grad,graduate,10027,2.5,false,true,false,true,active,2025-10-28T02:35:44+00:00,2025-12-05T09:13:03+00:00
adcf5b0c-a9b8-4599-8c22-a281a999db7b,mm7077@columbia.edu,marcus.miller,,+19175550191,true,US,general_studies,undergraduate,10031,2.5,false,false,true,true,active,2026-01-25T06:27:53+00:00,2026-02-13T19:48:12+00:00
fda29f93-a3e8-4fb9-84ba-b9b7b56ec5c2,af9543@columbia.edu,anna_fi,,+19175550148,true,NL,gsapp,faculty_staff,10027,10.0,false,false,false,true,active,2026-01-18T18:57:40+00:00,2026-02-07T02:50:35+00:00
f4c745ee-bf70-4547-a9a0-e29c2be479a6,jo1170@columbia.edu,jimin.oh,,,true,KR,cbs,graduate,10031,2.5,false,true,false,false,active,2026-09-02T17:55:00+00:00,2026-09-02T18:00:00+00:00
3b534511-491d-43ca-8db3-2f08eee9be65,al2574@columbia.edu,anna_li,Anna Lindqvist,,true,DE,general_studies,undergraduate,10026,2.5,false,false,false,true,active,2025-08-30T14:14:40+00:00,2025-11-05T05:28:08+00:00
ce36aea6-fdbd-41f0-af71-96972ce4d5d1,ck4980@columbia.edu,chaewon_ka,,+13475550102,true,KR,columbia_college,undergraduate,10027,2.5,false,false,false,true,active,2025-01-18T23:44:33+00:00,2025-02-26T13:19:55+00:00
58257853-1e57-4d62-9ffa-e3bb46ea2cbd,hs3972@columbia.edu,hina_sa,,,true,JP,sipa,graduate,10463,10.0,false,false,false,true,active,2026-01-19T04:45:50+00:00,2026-03-31T11:39:35+00:00
0183dc00-5b81-4d6d-aa94-59a230ee274c,lm3848@columbia.edu,lucia_ma,,+16465550190,true,MX,gsapp,graduate,10025,2.5,false,false,false,true,active,2025-08-23T21:34:16+00:00,2025-09-16T04:28:20+00:00
4fb579ea-1574-44fa-af02-83f6cb410836,sk2838@columbia.edu,siddharth_kh,Siddharth Khan,,true,IN,sipa,graduate,10027,1.0,false,false,true,true,active,2025-09-04T05:12:29+00:00,2025-09-10T18:11:01+00:00
f0975694-b83e-4f38-932a-48a07c354e6e,zm1824@columbia.edu,zara_me,,+19295550114,true,IN,seas_undergrad,undergraduate,10027,2.5,false,false,false,true,active,2026-02-09T01:28:42+00:00,2026-02-12T12:31:59+00:00
501e8ce4-ec88-49ee-8091-df9797903b55,hx8447@columbia.edu,hao_xu,Hao Xu,,true,CN,columbia_college,undergraduate,10027,2.5,false,false,false,true,active,2025-01-25T03:33:35+00:00,2025-01-27T21:22:10+00:00
d7b30ac7-a843-4c2c-b7d0-5dbca0c169c3,sl7247@columbia.edu,sven_li,,,true,NL,seas_undergrad,undergraduate,10025,2.5,false,false,true,true,active,2024-09-03T00:40:27+00:00,2024-09-10T05:19:36+00:00
99348a51-08e9-4760-8822-b2f8debef37f,td7916@columbia.edu,tessa.doyle,Tessa Doyle,+12125550114,true,US,gsapp,faculty_staff,10022,2.5,false,true,false,true,active,2025-01-29T14:33:13+00:00,2025-03-05T14:48:05+00:00
2fdab17b-b531-49bd-b7bf-e2eccda6e5eb,eb9079@columbia.edu,elliot.brooks,,+12125550170,true,US,columbia_college,undergraduate,10038,2.5,false,false,false,true,active,2026-01-18T12:27:00+00:00,2026-02-26T19:46:27+00:00
98ad27ce-e47e-4771-ad29-805b07806c9f,sz5409@columbia.edu,sven_zi,Sven Zimmermann,,true,NL,teachers_college,graduate,10021,2.5,false,true,false,true,active,2026-09-02T17:55:00+00:00,2026-09-02T18:00:00+00:00
223b052c-55c7-4152-903d-0f666656212e,rb5503@columbia.edu,rahul_bo,Rahul Bose,,true,IN,teachers_college,faculty_staff,10031,2.5,false,false,false,true,active,2026-01-18T12:37:58+00:00,2026-03-09T17:56:41+00:00
b9da329a-3d04-4f0e-b90f-119d2d7bf851,dd7260@columbia.edu,daniel.doyle,Daniel Doyle,,true,US,seas_undergrad,undergraduate,10027,2.5,false,true,false,true,active,2026-09-02T17:55:00+00:00,2026-09-02T18:00:00+00:00
919c1afb-25b2-4b3a-bfab-39ebe9e77e2c,rg2563@columbia.edu,rahul_gu,,+13475550184,true,IN,columbia_college,undergraduate,10031,2.5,true,false,false,true,active,2026-02-02T11:39:29+00:00,2026-02-10T05:40:18+00:00
d6e6f00a-8127-4424-b395-a2b2c23cac41,mb8078@columbia.edu,maya.barnes,Maya Barnes,+19175550145,false,US,seas_undergrad,undergraduate,10025,2.5,false,false,false,true,active,2026-08-31T18:00:28+00:00,2026-09-02T18:00:00+00:00
fdd43fca-ada6-4d98-94a5-dbc1afd11d57,or2962@columbia.edu,owen.reed,Owen Reed,+19175550127,true,US,general_studies,faculty_staff,10010,2.5,false,false,true,true,active,2025-11-04T05:54:05+00:00,2025-11-27T17:02:42+00:00
3dd41b30-f451-4230-bda0-d7be3222adb9,em2352@columbia.edu,elliot_ma,Elliot Marsh,+16465550124,true,US,general_studies,undergraduate,10003,2.5,false,false,false,true,active,2026-09-02T17:55:00+00:00,2026-09-02T18:00:00+00:00
e608adee-5af1-4b18-b061-19391f09fb69,ka4156@columbia.edu,kofi_ad,,+16465550125,true,GH,sipa,graduate,10027,2.5,false,false,false,true,active,2026-09-02T17:55:00+00:00,2026-09-02T18:00:00+00:00
33e5009b-0de8-45ed-8c37-d0becbd4b215,fk7745@columbia.edu,farhan_kh,,+16465550120,true,IN,seas_grad,graduate,10026,0.5,true,false,true,true,active,2026-09-02T17:55:00+00:00,2026-09-02T18:00:00+00:00
2546be0b-81f5-441c-bbbe-d4925b10d00d,zh4229@columbia.edu,ziyu_hu,Ziyu Huang,+12125550175,true,CN,seas_undergrad,undergraduate,10019,2.5,false,false,false,true,active,2025-08-24T09:50:37+00:00,2025-10-18T21:07:15+00:00
4f14b9b6-1b26-45f2-bcba-ecfcafdeb6e3,fe5947@columbia.edu,francesca_es,,,true,IT,arts,graduate,10027,2.5,false,false,false,true,active,2026-09-02T17:55:00+00:00,2026-09-02T18:00:00+00:00
4f7d3f82-809f-4176-b3bb-245e659f22ab,gb9806@columbia.edu,grace_be,,+12125550187,true,US,law,graduate,10024,10.0,false,false,false,true,active,2025-08-22T16:29:14+00:00,2025-11-29T02:52:07+00:00
4abb2cf3-b1da-427a-ac84-f8058f0c28ab,at8100@columbia.edu,aoi_ta,,+19295550152,true,JP,gsapp,graduate,10019,2.5,false,false,false,false,active,2026-08-28T14:34:38+00:00,2026-09-02T18:00:00+00:00
1cd48c64-f20e-4082-a7f1-2a3bb03696ba,jm8770@columbia.edu,jiayi.ma,Jiayi Ma,+12125550105,true,CN,vps,graduate,10025,2.5,true,false,false,true,active,2026-09-02T17:55:00+00:00,2026-09-02T18:00:00+00:00
5a599c96-4d85-42fe-91cd-ea7812bade16,es5670@columbia.edu,emma_si,Emma Sinclair,+19295550183,true,US,seas_grad,graduate,10035,2.5,false,false,false,false,active,2026-09-02T17:55:00+00:00,2026-09-02T18:00:00+00:00
573eb679-3294-4f6c-9352-94085c83e87f,yy1677@columbia.edu,yuhan_ya,,+13475550109,true,SG,law,graduate,10027,0.5,false,true,false,true,active,2025-08-25T03:39:49+00:00,2025-09-28T13:00:23+00:00
459c517f-ee6e-4dd8-8e73-1f546778d794,zs5196@columbia.edu,zoe.sullivan,Zoe Sullivan,+19175550110,true,US,seas_undergrad,undergraduate,10025,2.5,false,false,false,true,active,2025-08-22T09:58:15+00:00,2025-10-07T00:39:43+00:00
299a8f80-c512-4987-80d2-c15927f4e916,yy9730@columbia.edu,yifan_ya,Yifan Yang,+19295550131,true,TW,seas_grad,graduate,10036,2.5,false,false,false,true,active,2025-09-27T22:35:21+00:00,2025-10-26T22:53:16+00:00
743aae1e-e024-4953-a3ae-1413333f514f,yw9800@columbia.edu,yuhan.wu,,+16465550131,true,CN,columbia_college,undergraduate,10027,10.0,false,false,false,true,active,2024-09-02T07:12:31+00:00,2024-09-23T05:15:34+00:00
3c4a47de-e63f-470d-a750-5453edea905e,hk6326@columbia.edu,hyunwoo.kim,,+12125550188,false,KR,seas_grad,graduate,10027,2.5,false,false,true,true,active,2026-01-31T03:24:22+00:00,2026-04-18T18:07:13+00:00
17205c4f-59ba-489a-b1c0-e573f032817f,mr3108@columbia.edu,matteo_ro,,,true,IT,gsas,graduate,10030,2.5,false,false,false,true,active,2026-09-02T17:55:00+00:00,2026-09-02T18:00:00+00:00
a1e2e693-3bde-4f70-9281-01259889ee69,dv5139@columbia.edu,dmitri_vo,Dmitri Volkov,+12125550160,true,RU,seas_grad,graduate,10027,2.5,false,false,false,true,active,2025-09-04T23:11:15+00:00,2025-10-05T07:17:09+00:00
4c5170f9-b83f-4c3d-99ce-06c2ac1ad2b0,bs3442@columbia.edu,bo.sun,,+19175550143,false,CN,sipa,graduate,10037,2.5,false,false,false,true,active,2026-09-02T17:55:00+00:00,2026-09-02T18:00:00+00:00
c112ea1d-a569-465d-950b-de9669ed8cb8,bp3955@columbia.edu,beatriz_pe,Beatriz Pereira,+13475550164,true,BR,columbia_college,undergraduate,10027,2.5,false,false,false,true,active,2026-08-28T13:34:15+00:00,2026-09-02T18:00:00+00:00
8752d8d9-b4a6-4313-b226-d8206692281d,cm4963@columbia.edu,chloe.marsh,,,true,US,columbia_college,undergraduate,10027,2.5,false,false,false,true,active,2026-09-02T17:55:00+00:00,2026-09-02T18:00:00+00:00
1755328b-9010-4f07-b351-51bc6d8e8e7e,yi9822@columbia.edu,yulia.ivanov,Yulia Ivanov,+19295550170,true,RU,seas_undergrad,undergraduate,10025,2.5,false,false,false,true,active,2026-02-01T15:42:44+00:00,2026-02-18T10:01:17+00:00
f79de4b1-f0cc-45e9-85c3-b3112725fde1,sk9958@columbia.edu,sungmin_kw,Sungmin Kwon,+19175550174,true,KR,columbia_college,undergraduate,10027,2.5,false,false,false,true,active,2024-09-05T07:32:59+00:00,2024-10-15T08:15:28+00:00
f31ed9a5-371d-40f1-abad-f2898658760d,mw8044@columbia.edu,marcus_wh,Marcus Whitfield,+19295550110,true,US,seas_grad,graduate,10027,2.5,true,false,false,true,active,2025-08-21T20:47:57+00:00,2025-12-01T22:04:44+00:00
0675ff4e-03a1-4a1b-91f2-4e5095585649,wl5801@columbia.edu,wei.lin,Wei Lin,,true,TW,general_studies,undergraduate,10025,10.0,false,false,false,true,active,2026-01-19T19:27:42+00:00,2026-01-26T01:56:08+00:00
67720afd-c98f-4042-88f8-4ee42ce6223e,mq5020@columbia.edu,michael_qu,Michael Quinn,+19295550155,true,US,cbs,graduate,10027,5.0,false,false,false,true,active,2026-01-18T20:15:25+00:00,2026-04-15T17:46:05+00:00
0b20e057-ab25-4963-a1eb-383458386c85,ob7416@columbia.edu,olivia_br,,+19175550132,true,US,cbs,graduate,10027,2.5,false,false,false,true,active,2025-01-25T01:45:30+00:00,2025-02-20T22:19:18+00:00
38156797-b627-4aeb-a0c5-300f9f3adfc9,zn4926@columbia.edu,zara_na,,+19295550137,true,IN,seas_grad,graduate,10027,2.5,false,true,false,true,active,2026-09-02T17:55:00+00:00,2026-09-02T18:00:00+00:00
917bdd4a-0545-41ea-8bbb-c3ec512a6c48,ys5678@columbia.edu,youssef_sh,Youssef Shapiro,+19175550188,true,EG,seas_undergrad,faculty_staff,10018,2.5,false,true,false,true,active,2025-04-05T21:52:47+00:00,2025-06-18T04:09:39+00:00
fd440ddc-6659-432c-a78a-440d2b04a787,bs6910@columbia.edu,beatriz_si,Beatriz Silva,,true,BR,columbia_college,undergraduate,10027,2.5,false,false,false,true,active,2026-08-31T06:31:29+00:00,2026-09-02T18:00:00+00:00
594a9fe8-338e-48b9-bf94-45ec42062580,mk6224@columbia.edu,meera.kulkarni,Meera Kulkarni,,true,PK,general_studies,undergraduate,10031,2.5,false,false,false,true,active,2026-03-31T00:40:52+00:00,2026-04-19T00:53:38+00:00
3d9d1b9a-08df-4836-a566-7a3612069a50,no7466@columbia.edu,ngozi_os,,+19175550116,true,GH,general_studies,undergraduate,10027,1.0,false,false,false,true,active,2026-09-02T17:55:00+00:00,2026-09-02T18:00:00+00:00
3d8d407b-3444-4e37-ab6b-268253b5c015,ob5095@columbia.edu,olivia.brooks,Olivia Brooks,+19295550158,false,US,columbia_college,undergraduate,10025,2.5,false,false,false,true,active,2026-01-19T00:27:36+00:00,2026-04-20T20:13:01+00:00
3a5a2a27-d573-4a79-aa49-c5ec803e3afa,zz7088@columbia.edu,ziyu.zhu,,+13475550189,true,TW,journalism,graduate,10025,2.5,false,false,false,true,active,2026-09-02T17:55:00+00:00,2026-09-02T18:00:00+00:00
0ad96fb0-af5f-4ef5-bcf5-c1a20ca0163c,xz4244@columbia.edu,xiaoyu_zh,,+19295550184,true,CN,columbia_college,undergraduate,10027,2.5,false,false,false,true,active,2026-09-02T17:55:00+00:00,2026-09-02T18:00:00+00:00
6484e21d-3c57-41a8-a825-45ace398774e,ri8049@columbia.edu,riku_it,,,true,JP,sipa,graduate,10025,2.5,false,false,false,false,active,2025-10-25T12:40:15+00:00,2025-11-18T13:55:26+00:00
558257fc-53a1-45c0-9ece-75440adedee7,jc8606@columbia.edu,jiayi_ch,,+13475550121,true,CN,sipa,graduate,11106,2.5,false,false,false,true,active,2025-09-03T01:50:23+00:00,2025-09-08T21:36:32+00:00
2ab57570-b3c5-4e65-8728-32a6b0ac1f63,jm8803@columbia.edu,julian.miller,Julian Miller,+13475550182,true,US,gsas,graduate,10128,2.5,false,false,false,true,active,2026-09-02T17:55:00+00:00,2026-09-02T18:00:00+00:00
089faa8b-1b06-449b-905d-977d8b88b69b,ys4424@columbia.edu,youssef.shapiro,,+12125550153,true,IL,columbia_college,undergraduate,10027,5.0,false,false,false,true,active,2026-01-29T15:58:49+00:00,2026-03-03T18:04:52+00:00
db4d2942-4cc1-45f1-87fc-07d96b772a6e,yc9014@columbia.edu,yuna.choi,,+16465550106,true,KR,seas_grad,graduate,10025,2.5,false,false,false,true,active,2025-08-22T22:43:13+00:00,2025-11-21T02:51:16+00:00
6e54f502-1b41-4ac6-a2c9-32bc657ffbfe,zl1554@columbia.edu,zhihao.liu,Zhihao Liu,+19175550148,true,CN,seas_undergrad,undergraduate,10027,5.0,false,false,false,false,active,2026-01-26T18:35:13+00:00,2026-02-25T11:37:37+00:00
dce19236-e6ac-4b25-8861-f9bf621963fd,mc3151@columbia.edu,michael.carter,Michael Carter,,true,US,general_studies,undergraduate,10027,10.0,false,false,false,true,active,2025-09-22T11:41:36+00:00,2025-12-07T16:21:26+00:00
80ad647d-3885-4a0d-9e23-3ec3d764b406,od9358@columbia.edu,owen_do,Owen Doyle,,true,US,seas_grad,graduate,10031,2.5,false,false,false,true,active,2026-08-29T20:59:31+00:00,2026-09-02T18:00:00+00:00
cd32940a-5fc0-4eed-a218-8f6239b804ed,cw1649@columbia.edu,chloe_wh,Chloe Whitfield,+19295550198,true,US,sipa,graduate,10027,2.5,false,true,false,true,active,2026-08-31T15:19:37+00:00,2026-09-02T18:00:00+00:00
34492776-de46-49bc-b7cd-92d1873e1f66,hd8444@columbia.edu,hannah_do,,,true,US,seas_undergrad,undergraduate,10027,2.5,false,false,false,true,active,2026-09-02T17:55:00+00:00,2026-09-02T18:00:00+00:00
c3699fc8-6b69-4b20-bd17-1c0f5a24a795,db4980@columbia.edu,daniel_ba,Daniel Barnes,+19295550143,true,US,sipa,graduate,10027,2.5,true,false,false,true,active,2026-03-31T21:35:07+00:00,2026-05-11T18:27:03+00:00
189077b3-db48-4236-959d-98880fad6d57,ko3548@columbia.edu,kofi_os,,,true,KE,law,graduate,10027,2.5,false,false,false,true,deactivated,2024-09-20T20:11:00+00:00,2024-11-30T00:27:06+00:00
d22b3806-011e-4687-9849-8139d0251d38,ge5479@columbia.edu,grace_el,Grace Ellis,+16465550142,true,US,cbs,graduate,10027,2.5,false,false,false,true,active,2026-09-02T17:55:00+00:00,2026-09-02T18:00:00+00:00
f47c3631-ad35-4a80-9e65-e37d2e59dfa8,dn9331@columbia.edu,daniela.navarro,,+19295550184,true,AR,gsas,graduate,10010,10.0,true,false,false,true,active,2026-08-29T09:58:05+00:00,2026-09-02T18:00:00+00:00
6eaf2004-a475-4bbd-b327-ceb492d267a7,rs2507@columbia.edu,riku_su,Riku Suzuki,,true,JP,columbia_college,faculty_staff,10016,2.5,false,false,false,true,active,2024-09-06T01:26:24+00:00,2024-09-14T07:35:20+00:00
75c13d9c-916c-4e76-9219-1fb1448b7789,wl8557@columbia.edu,weil,,+19295550153,true,CN,seas_undergrad,undergraduate,10037,2.5,false,false,true,true,active,2025-08-31T13:34:50+00:00,2025-09-08T16:05:04+00:00
bacf1c32-002e-4d62-8c6c-221609513f2f,mm6869@columbia.edu,maya_mi,,+19175550153,true,US,sipa,graduate,10025,0.5,false,false,false,true,active,2024-08-25T05:05:09+00:00,2024-10-16T07:40:08+00:00
dfb7e95f-260e-477a-a24a-a98cf163a43a,zh9634@columbia.edu,zoeh,,,true,US,cbs,graduate,10463,2.5,false,false,false,true,active,2025-08-25T12:54:38+00:00,2025-10-29T10:12:25+00:00
6676e55a-2d01-4cd6-851c-b79f9c789e38,cr2948@columbia.edu,chiara_ro,Chiara Rossi,+16465550128,true,IT,seas_grad,graduate,10032,2.5,false,false,false,true,active,2026-09-02T17:55:00+00:00,2026-09-02T18:00:00+00:00
c568b27d-f55c-43c4-b16c-2ded8343488b,sl4021@columbia.edu,siyu_li,Siyu Li,+12125550168,true,TW,sipa,graduate,10025,2.5,false,false,false,true,active,2025-09-23T11:04:01+00:00,2025-11-25T23:39:41+00:00
3e7caac0-1ca6-4783-9a3e-0aec999045f7,jf4490@columbia.edu,james.fletcher,,+13475550156,false,US,cbs,graduate,10027,2.5,false,false,true,true,active,2025-01-30T11:12:11+00:00,2025-02-12T18:51:19+00:00
52f70005-a5bf-40e4-b8a6-5507f64e2acf,hs7132@columbia.edu,hina_su,Hina Suzuki,+13475550167,true,JP,seas_undergrad,undergraduate,10030,2.5,false,false,false,true,active,2026-01-17T15:59:10+00:00,2026-07-18T19:43:23+00:00
800cb3cb-ff3e-4e67-aa78-d084be9ab0b9,af9251@columbia.edu,anna.fischer,,+13475550168,true,DE,law,graduate,10027,2.5,true,false,false,true,active,2026-08-29T02:15:20+00:00,2026-09-02T18:00:00+00:00
9b0f4215-bb92-4800-a8ee-8b3a7bbf2ee1,cw3359@columbia.edu,chloe.whitfield,,+19295550175,true,US,gsas,graduate,10030,2.5,false,false,false,true,active,2026-01-31T22:58:24+00:00,2026-03-13T21:48:39+00:00
5801e639-66d3-4005-8a92-d35595d13db5,ns5974@columbia.edu,nayeon_se,,+12125550156,false,KR,cbs,graduate,10027,2.5,false,false,true,false,deactivated,2025-01-19T11:46:57+00:00,2025-01-27T23:51:04+00:00
450c7fc8-eb99-4e76-9ce0-7ac84502cfc9,wz3000@columbia.edu,w_zhou,Wei Zhou,+13475550144,true,CN,cbs,faculty_staff,10027,2.5,false,false,false,true,active,2026-09-02T17:55:00+00:00,2026-09-02T18:00:00+00:00
32a7fe23-fa7e-4905-9afd-b6639736963d,tr9222@columbia.edu,tomas_ra,,+16465550154,true,MX,general_studies,undergraduate,10027,2.5,true,false,false,true,active,2025-01-21T11:17:08+00:00,2025-03-20T10:42:53+00:00
8aff46a7-9764-42eb-b4dc-31ebf3ba9308,mf4153@columbia.edu,maya_fo,Maya Foster,,true,US,columbia_college,faculty_staff,10025,2.5,false,false,false,true,active,2026-09-02T17:55:00+00:00,2026-09-02T18:00:00+00:00
b60473a7-fc1d-48a6-b979-2e6c324f1b4c,sl5553@columbia.edu,seoyeon_le,Seoyeon Lee,+13475550154,true,KR,seas_grad,graduate,10027,2.5,false,false,false,true,active,2025-02-17T07:18:36+00:00,2025-03-24T10:46:57+00:00
efa9f68a-aad1-4e2f-8b03-0dfc7b7b5359,nb1217@columbia.edu,nicolas_be,Nicolas Bernard,+16465550171,true,FR,seas_grad,graduate,10025,5.0,false,false,false,true,active,2026-08-28T06:14:36+00:00,2026-09-02T18:00:00+00:00
3aed15aa-f84b-4807-aa3d-ed685d555290,ks5880@columbia.edu,kaan_sa,Kaan Sahin,+19175550107,true,TR,cbs,faculty_staff,10027,2.5,false,false,false,true,active,2026-01-18T14:26:09+00:00,2026-01-22T15:20:54+00:00
2025475c-1545-4632-8937-5fe6f57953a0,sm7723@columbia.edu,siyu_ma,,,true,CN,journalism,graduate,10038,1.0,false,false,false,true,active,2025-08-21T17:20:01+00:00,2025-09-29T20:52:41+00:00
0ab64343-2bcf-4c83-9162-e2ad0fb29642,ca5503@columbia.edu,carolina_al,,+19175550132,true,BR,seas_grad,graduate,11201,2.5,false,false,false,true,active,2026-09-02T17:55:00+00:00,2026-09-02T18:00:00+00:00
ae5e76b1-e8eb-4f6b-a645-673a23966a33,mn5615@columbia.edu,mateo_na,,+13475550174,true,CL,cbs,graduate,10027,10.0,true,false,false,true,active,2026-09-02T17:55:00+00:00,2026-09-02T18:00:00+00:00
725e8519-9d26-48e9-a0d7-b1d766f3587d,nl1127@columbia.edu,nayeon.lee,Nayeon Lee,,true,KR,cbs,graduate,10034,2.5,false,true,false,true,active,2025-08-26T06:28:16+00:00,2025-10-26T18:52:57+00:00
59cfad93-e8be-476d-a00e-38ff64d066a6,jm2398@columbia.edu,james.miller,,+12125550199,true,US,seas_undergrad,undergraduate,10026,1.0,false,false,false,true,active,2026-09-02T17:55:00+00:00,2026-09-02T18:00:00+00:00
8d9a7d65-67f7-4c3e-b3ec-57b9652f01a1,rr8989@columbia.edu,ryan_re,Ryan Reed,+19295550141,false,CA,columbia_college,undergraduate,10025,2.5,true,false,false,true,active,2025-08-24T19:51:15+00:00,2025-08-25T06:45:40+00:00
0861ab6e-4012-42cc-94a0-6ffd45643ac3,mq5686@columbia.edu,maya_qu,Maya Quinn,+13475550173,true,US,cbs,graduate,10027,2.5,false,false,false,true,active,2026-09-02T17:55:00+00:00,2026-09-02T18:00:00+00:00
dd1c7599-10ed-4a22-a238-e27ac11b47fb,ob3706@columbia.edu,owen_br,,+12125550150,false,US,seas_grad,graduate,10027,2.5,false,true,false,true,active,2026-09-02T17:55:00+00:00,2026-09-02T18:00:00+00:00
98975cfd-3638-4842-83fd-fb6f839b37d9,em1347@columbia.edu,ethan_ma,Ethan Marsh,+19295550165,true,US,teachers_college,graduate,11238,2.5,false,false,false,true,active,2025-01-18T06:22:03+00:00,2025-03-27T19:09:30+00:00
36d2e780-1eb8-4905-beb8-e2ebc5c6adb1,jh2527@columbia.edu,jaewon_ha,,+19175550106,true,KR,columbia_college,undergraduate,10027,2.5,false,false,false,true,active,2025-08-26T14:37:12+00:00,2025-10-17T13:52:19+00:00
af42af94-15a3-4883-9130-24839fed9a09,zw7016@columbia.edu,zoe_wa,Zoe Walsh,+12125550105,false,US,columbia_college,undergraduate,10027,2.5,false,false,false,true,active,2026-02-13T08:48:20+00:00,2026-02-14T13:43:40+00:00
819e531a-e9e2-4d6e-92fc-0f0bf2f0f251,rs3731@columbia.edu,ruoxi_su,Ruoxi Sun,+19295550174,true,CN,columbia_college,undergraduate,10035,2.5,false,false,false,true,active,2024-08-29T13:28:23+00:00,2024-09-29T14:16:03+00:00
20f24c79-a383-49be-b7da-9a634716a51d,sh9859@columbia.edu,sophia_ha,,,true,US,cbs,graduate,10014,2.5,false,false,false,true,active,2026-09-02T17:55:00+00:00,2026-09-02T18:00:00+00:00
ca9eb7cc-b0b4-4109-8c12-f728c1c22bd2,ky9473@columbia.edu,kaiwen_ya,Kaiwen Yang,+12125550136,true,CN,cbs,graduate,10025,2.5,false,true,false,true,active,2026-01-25T15:51:41+00:00,2026-03-11T14:49:27+00:00
da2d85dd-5c3d-4667-8788-6be2e47676a4,sh2918@columbia.edu,sophia.hayes,Sophia Hayes,+13475550140,true,US,gsas,graduate,10016,2.5,false,false,false,true,deactivated,2025-10-04T06:53:33+00:00,2025-10-24T02:55:39+00:00
0d1c3efd-7b76-4215-9dc2-0a7d278f7a8e,gb3486@columbia.edu,grace.bennett,Grace Bennett,+13475550104,true,US,teachers_college,graduate,10033,2.5,false,false,true,true,active,2026-09-02T17:55:00+00:00,2026-09-02T18:00:00+00:00
e3d856ad-6787-404e-8e93-f255933c3680,rg4695@columbia.edu,ruby_gr,,+16465550124,true,US,general_studies,undergraduate,10017,5.0,false,false,false,true,active,2026-01-18T22:58:11+00:00,2026-03-16T07:18:16+00:00
cb591dd2-5be6-4e8b-a6a2-2cde97ac5f39,gm4412@columbia.edu,grace_mi,Grace Miller,+13475550132,true,AU,seas_undergrad,undergraduate,10026,2.5,false,false,false,true,active,2026-09-02T17:55:00+00:00,2026-09-02T18:00:00+00:00
5635f843-b3b9-440c-a3b6-a80320986967,ec1184@columbia.edu,emmac,,+12125550179,false,US,cbs,graduate,10025,2.5,false,true,false,true,active,2026-03-05T15:52:10+00:00,2026-05-12T19:56:49+00:00
8d1ad378-722c-4717-abf4-9283311d7566,ws1887@columbia.edu,wei_su,Wei Sun,,true,CN,cbs,graduate,10027,2.5,false,false,false,true,active,2026-02-04T05:18:20+00:00,2026-02-09T23:01:35+00:00
8fe4e224-dcb0-4a9b-9949-0b5731f46fb2,tg7004@columbia.edu,tianyu.guo,,+19175550110,true,CN,seas_undergrad,undergraduate,10027,2.5,false,false,true,true,active,2026-01-17T00:58:38+00:00,2026-03-31T18:26:27+00:00
4edc9d63-ef03-4628-8e70-e2e45f17e5f9,ag2367@columbia.edu,arjun.gupta,Arjun Gupta,+19175550125,true,IN,general_studies,undergraduate,10039,2.5,false,false,false,true,active,2026-09-02T17:55:00+00:00,2026-09-02T18:00:00+00:00
fee6b0c5-a98d-4b4e-a30d-2cb91bee01ea,jl8676@columbia.edu,jaewon_le,,+16465550153,true,KR,cbs,graduate,10031,2.5,false,false,false,true,active,2026-01-28T00:53:27+00:00,2026-02-13T07:58:00+00:00
a205c273-238b-46b5-a568-acfdd37cecb7,ns5115@columbia.edu,nikita.sharma,Nikita Sharma,,true,IN,columbia_college,undergraduate,10014,2.5,true,false,true,true,deactivated,2026-01-23T07:11:09+00:00,2026-04-04T06:41:44+00:00
9e11af42-cbad-47b5-945b-e2fe42843be2,ed5979@columbia.edu,emma_do,,+13475550128,true,CA,sipa,graduate,10027,2.5,false,false,false,true,active,2026-09-02T17:55:00+00:00,2026-09-02T18:00:00+00:00
8c8fe70d-f210-4c11-976f-5eead540b18e,kb2506@columbia.edu,kofi_bo,Kofi Boateng,+13475550136,true,KE,columbia_college,undergraduate,10027,2.5,false,false,false,true,active,2026-01-21T16:34:00+00:00,2026-04-15T18:44:12+00:00
e1ed7e6e-8e69-4089-a848-80cc71f34ee0,nr1786@columbia.edu,nikita_ra,,,true,IN,seas_undergrad,undergraduate,10025,2.5,false,false,false,true,active,2025-01-24T00:40:07+00:00,2025-01-31T01:29:43+00:00
26d61dc5-0b03-4c16-8a64-7afeba92fecb,ll3584@columbia.edu,lingxi.li,Lingxi Li,,true,CN,cbs,graduate,10031,2.5,false,true,false,true,active,2025-02-19T13:37:26+00:00,2025-02-28T08:35:47+00:00
1738f94b-1c67-4612-9cd8-819ca50c35e3,kw8477@columbia.edu,kaiwen_wa,,+16465550187,true,CN,general_studies,undergraduate,10026,10.0,false,true,false,true,active,2025-01-22T23:20:18+00:00,2025-02-11T04:51:50+00:00
484b4933-21fa-4a46-904b-33017ff3857f,al7118@columbia.edu,andres_lo,,,true,MX,cbs,graduate,10031,2.5,true,false,false,true,active,2024-09-09T18:46:09+00:00,2024-10-08T12:01:32+00:00
1cb0a5a8-ec45-4495-baee-7a23a8d035aa,ob1880@columbia.edu,oliviab,,,true,US,columbia_college,undergraduate,10027,2.5,true,false,false,true,active,2026-01-27T22:54:46+00:00,2026-04-24T02:42:23+00:00
3cea8b9d-4dca-4cfe-99da-d19925b8fd32,rr4832@columbia.edu,ruby_re,Ruby Reed,,true,US,gsas,graduate,10031,2.5,false,false,false,true,active,2026-02-05T15:03:52+00:00,2026-02-16T11:22:50+00:00
e33923d4-ae33-4f20-93b4-4927825fa9f9,rm2981@columbia.edu,ryanm,,+19295550192,true,GB,public_health,graduate,10025,10.0,false,false,false,true,active,2024-09-07T15:01:18+00:00,2024-09-11T09:03:38+00:00
b371ce5e-bc61-471a-9390-abad4474dcdf,fg7099@columbia.edu,farhan_gu,Farhan Gupta,+19175550195,true,IN,columbia_college,undergraduate,10027,2.5,false,false,false,true,active,2025-08-29T21:54:31+00:00,2025-10-25T09:21:41+00:00
742f60c2-2f3a-4c03-86e2-e6b289299c40,jy9180@columbia.edu,jiayi_ya,,,true,CN,gsapp,graduate,10032,2.5,false,false,false,true,active,2025-01-23T13:02:26+00:00,2025-06-07T00:26:51+00:00
17bc3a75-830c-41bc-b847-8447593a7d03,gh4340@columbia.edu,grace_ha,Grace Hayes,,true,US,teachers_college,graduate,10025,2.5,false,true,false,true,active,2025-04-07T14:58:36+00:00,2025-04-16T20:46:10+00:00
75a9c08b-c3f9-48ea-bba3-d6136d51a785,nf2544@columbia.edu,nora_fl,Nora Fletcher,,true,US,seas_grad,graduate,11205,2.5,false,false,false,true,active,2025-01-28T23:54:34+00:00,2025-06-08T11:59:13+00:00
6b83a412-875d-4f35-8ce5-9a2c67a093f6,rm4646@columbia.edu,ruby_ma,Ruby Marsh,+19175550109,true,US,columbia_college,faculty_staff,10025,2.5,false,false,false,true,active,2025-10-07T10:12:23+00:00,2025-11-07T03:49:42+00:00
4df1de8f-107b-424b-b224-0ed52a3b292f,hr7196@columbia.edu,hannah.reed,Hannah Reed,+12125550194,true,US,public_health,graduate,10027,2.5,false,false,false,true,active,2026-01-21T20:12:26+00:00,2026-03-29T01:34:29+00:00
21285e4d-9ecc-4851-8ad3-f5719905f657,hc6142@columbia.edu,haeun_ch,,+19175550194,true,KR,seas_undergrad,undergraduate,10027,5.0,false,false,false,true,active,2026-09-02T17:55:00+00:00,2026-09-02T18:00:00+00:00
081ff1ec-6b6e-4345-b592-685440228bd4,zr2297@columbia.edu,zoe_re,,+13475550193,false,US,journalism,graduate,10031,2.5,false,false,false,true,active,2025-01-29T08:15:48+00:00,2025-02-28T05:42:33+00:00
425cdeec-e94b-4205-b7b6-416a4c54d0c0,jc8039@columbia.edu,james.carter,James Carter,,true,CA,columbia_college,undergraduate,10027,2.5,false,false,false,true,active,2026-03-05T01:44:34+00:00,2026-03-21T03:11:28+00:00
659f0acc-033d-4e42-acb5-b569fa69a743,ee1504@columbia.edu,ethan.ellis,,,true,US,sipa,graduate,10027,2.5,false,false,false,true,active,2024-09-11T02:35:04+00:00,2024-09-14T03:33:26+00:00
d7e96a2a-a228-42ca-af95-310b189116f1,nh2449@columbia.edu,nora_ha,,+16465550111,true,US,columbia_college,undergraduate,10027,2.5,false,false,false,true,active,2026-09-02T17:55:00+00:00,2026-09-02T18:00:00+00:00
ef6f0845-2282-4ad4-870c-058ceee8da3c,kn9817@columbia.edu,kofi_nw,,,true,NG,law,graduate,10026,2.5,false,false,false,true,active,2026-02-01T14:31:36+00:00,2026-06-03T12:21:41+00:00
496b38fb-a0e6-49e4-8760-03fc674f3a96,ds9236@columbia.edu,dewi_sa,,+19175550100,true,ID,seas_undergrad,undergraduate,10028,2.5,false,false,false,true,active,2026-09-02T17:55:00+00:00,2026-09-02T18:00:00+00:00
a68d5ccd-96c8-4374-84e2-4934fba8422c,aa9563@columbia.edu,amara_ad,Amara Adeyemi,+19295550102,true,GH,general_studies,undergraduate,10036,1.0,false,false,false,true,active,2026-09-02T17:55:00+00:00,2026-09-02T18:00:00+00:00
32e1811a-9e32-46b6-a761-f3daee3a7e43,mc1414@columbia.edu,marcus.carter,,,true,US,seas_undergrad,undergraduate,10027,2.5,false,false,false,true,active,2026-09-02T17:55:00+00:00,2026-09-02T18:00:00+00:00
156ce20e-a7d6-4a4e-88c0-5e21929a443d,ld4571@columbia.edu,louis_du,,,true,FR,cbs,graduate,10025,2.5,false,false,false,true,active,2025-08-31T04:17:26+00:00,2025-09-16T17:39:02+00:00
15565b9f-ea60-4c29-aba6-7b4ff016eb2d,tz1294@columbia.edu,tianyu_zh,Tianyu Zhou,+12125550117,true,CN,cbs,graduate,10031,2.5,false,false,false,true,active,2026-08-30T08:45:46+00:00,2026-09-02T18:00:00+00:00
8d5b08cd-a9b3-424d-b178-65d65f5998af,ew5562@columbia.edu,ethan.whitfield,Ethan Whitfield,+19295550112,true,US,columbia_college,undergraduate,10031,2.5,true,false,false,true,active,2025-09-03T06:33:52+00:00,2025-09-09T09:41:35+00:00
b2d72011-02df-4d85-8d8c-9c12e9aa4b3a,so3753@columbia.edu,seoyeon_oh,,+19175550137,true,KR,gsas,faculty_staff,10010,0.5,false,false,false,true,active,2025-08-22T14:46:01+00:00,2025-08-29T22:19:40+00:00
c2a52db8-7b0f-4f9c-9be8-3d81fad7ca27,pw1904@columbia.edu,ploy_wa,,+16465550120,true,TH,arts,graduate,10035,1.0,true,false,false,true,active,2026-01-18T02:58:39+00:00,2026-04-29T10:03:13+00:00
efa792df-2f07-4094-99f4-a23935cca18b,ly5673@columbia.edu,lingxi.yang,,+16465550183,true,CN,public_health,graduate,10027,2.5,true,false,false,true,active,2025-10-22T21:41:01+00:00,2025-11-30T14:51:54+00:00
0967b30c-4f84-48f5-8fcd-6758cedb548b,eb1647@columbia.edu,ethan.bennett,,,true,US,general_studies,undergraduate,10010,2.5,false,false,false,true,active,2026-09-02T17:55:00+00:00,2026-09-02T18:00:00+00:00
19dfffd3-69fe-4589-9939-0de48e436817,nw1423@columbia.edu,niklas_wa,Niklas Wagner,+16465550144,true,DE,gsapp,graduate,10027,2.5,false,false,false,true,active,2025-02-04T11:05:15+00:00,2025-04-25T02:01:34+00:00
c2105fcb-d486-4da5-9c76-19088ae2ea1b,ed6072@columbia.edu,elliot_do,Elliot Doyle,+16465550100,true,US,columbia_college,undergraduate,10027,2.5,true,false,false,true,deactivated,2026-09-02T17:55:00+00:00,2026-09-02T18:00:00+00:00
41583495-38b9-4f40-b6fe-64577f910a54,es4924@columbia.edu,ethan_su,Ethan Sullivan,+13475550177,true,US,general_studies,undergraduate,10027,2.5,false,false,true,true,active,2026-01-29T13:02:37+00:00,2026-02-26T11:30:36+00:00
d70b90fa-8a9d-408e-b442-7d148a6095e5,cm6143@columbia.edu,chloe_mi,Chloe Miller,+19295550157,true,US,general_studies,faculty_staff,10031,2.5,false,false,false,true,active,2025-01-28T05:43:08+00:00,2025-05-03T03:53:19+00:00
3747c2d0-b4c2-47ce-967e-09873126fa0f,jb3273@columbia.edu,james_be,James Bennett,+19295550149,true,US,gsapp,graduate,10025,2.5,false,false,false,true,active,2026-09-02T17:55:00+00:00,2026-09-02T18:00:00+00:00
d04a9725-4a5b-49d3-971a-6c7bbb1d7355,mm6349@columbia.edu,mengyao_ma,Mengyao Ma,+19175550185,true,TW,gsas,graduate,10027,2.5,false,true,false,true,active,2025-09-07T08:04:01+00:00,2025-09-29T01:13:23+00:00
2e0927d6-79bf-4b1c-b9d9-5d2847205f9d,sw1086@columbia.edu,sophia_wh,Sophia Whitfield,+19175550133,false,US,cbs,graduate,10032,2.5,false,false,false,true,active,2026-01-25T18:46:20+00:00,2026-01-30T05:21:25+00:00
48372e75-8ad1-4f90-80e0-21ebb45ef8c6,tx1892@columbia.edu,tianyu.xu,Tianyu Xu,+19175550187,true,TW,journalism,graduate,10027,2.5,false,false,false,true,active,2026-08-31T20:29:37+00:00,2026-09-02T18:00:00+00:00
135bb0ab-b64c-437d-88ae-c3f907edf22f,jy2898@columbia.edu,jaewon_yo,,+16465550185,false,KR,seas_undergrad,undergraduate,10027,2.5,false,false,false,true,active,2026-09-02T17:55:00+00:00,2026-09-02T18:00:00+00:00
b22f58da-fef5-4d8b-9629-3058c5211605,ms4530@columbia.edu,meera.siddiqui,,+19295550189,true,IN,law,graduate,11106,2.5,false,true,false,true,active,2026-01-26T10:08:02+00:00,2026-03-24T10:00:45+00:00
50ea7e0c-7da9-4f50-8495-8e484fcefdfd,sl6775@columbia.edu,siyu.li,Siyu Li,,true,CN,cbs,graduate,10025,0.5,false,true,false,true,active,2026-01-16T15:25:17+00:00,2026-01-25T15:08:45+00:00
7021be8d-4ddb-4f21-81d4-43ec6a29d9e0,lr2553@columbia.edu,lucia_ro,,,true,ES,cbs,graduate,10025,2.5,false,false,false,true,active,2026-09-01T01:24:22+00:00,2026-09-02T18:00:00+00:00
706f1f4f-1432-4dc2-9014-0467ae3c2d7b,cm7719@columbia.edu,chloem,Chloe Marsh,+19175550157,true,US,gsapp,graduate,10027,2.5,false,true,false,true,active,2026-09-02T17:55:00+00:00,2026-09-02T18:00:00+00:00
6d1577ed-1dc7-4670-a35e-7ee03d6217a2,zm1997@columbia.edu,ziyu.ma,Ziyu Ma,+13475550132,true,CN,gsas,graduate,10027,2.5,false,false,false,true,active,2026-01-19T08:16:51+00:00,2026-04-04T03:42:18+00:00
0334f17c-6899-4736-8ab2-429b4f561a7c,mf8322@columbia.edu,marie.fischer,Marie Fischer,+16465550111,true,DE,journalism,graduate,10032,5.0,false,false,false,true,active,2026-09-02T17:55:00+00:00,2026-09-02T18:00:00+00:00
3be6bf3f-c8f5-451d-9829-86d0e1a995cc,xl1642@columbia.edu,xinyi.liu,,+16465550153,true,CN,seas_undergrad,undergraduate,10027,2.5,false,true,false,true,active,2026-01-31T18:02:08+00:00,2026-03-22T17:29:36+00:00
88a02541-4c5f-4de7-8174-01a1a714edbe,zz1489@columbia.edu,zhihao.zhang,,,true,TW,arts,graduate,10010,0.5,false,false,true,false,active,2026-09-02T17:55:00+00:00,2026-09-02T18:00:00+00:00
37b056fd-db76-44e8-887c-28d49a739c21,gs9098@columbia.edu,grace.sinclair,Grace Sinclair,+19295550107,true,US,public_health,graduate,10027,2.5,false,false,false,true,active,2026-01-28T02:47:08+00:00,2026-03-18T23:36:34+00:00
d103d768-2880-46ed-b2c3-6b7b04ebc1d8,ar5252@columbia.edu,andres_ro,,+13475550107,false,MX,gsas,graduate,10027,2.5,false,false,false,true,active,2026-02-15T21:27:21+00:00,2026-04-18T23:23:30+00:00
f8ec5735-1c8f-4776-b569-2f0195771513,fb6989@columbia.edu,francesca_bi,Francesca Bianchi,,true,IT,journalism,graduate,10013,2.5,false,false,false,true,active,2025-01-20T03:05:05+00:00,2025-02-07T04:00:19+00:00
b126e808-1a11-4d61-af32-05384751f291,mf5487@columbia.edu,m_fletcher,,+16465550194,true,US,seas_grad,graduate,10027,2.5,false,false,true,true,active,2026-03-31T19:21:18+00:00,2026-05-07T21:52:57+00:00
0ac62d09-f09e-4690-845d-950f83a734f9,ea9989@columbia.edu,emre_ar,,+12125550125,true,TR,columbia_college,faculty_staff,10023,2.5,false,false,false,true,active,2026-03-04T23:37:27+00:00,2026-03-05T13:15:17+00:00
ee9a5c8e-ef95-46fe-b530-b1517e672872,nb1947@columbia.edu,nathan_ba,Nathan Barnes,+19175550194,true,US,cbs,graduate,10027,2.5,false,false,false,false,active,2025-08-27T13:35:19+00:00,2025-09-14T17:40:45+00:00
1a6d9651-427f-4f8b-8364-dedd886b767d,jh8112@columbia.edu,julian_ha,Julian Hayes,+13475550151,true,US,columbia_college,undergraduate,10027,2.5,false,false,false,true,active,2025-08-23T11:06:32+00:00,2025-08-26T02:57:27+00:00
2df61165-3c73-4cdc-97da-c7f751c6c64c,dd8349@columbia.edu,danield,Daniel Doyle,+16465550150,true,US,seas_undergrad,undergraduate,10027,2.5,false,false,false,true,active,2026-09-01T06:53:57+00:00,2026-09-02T18:00:00+00:00
ce6ae59f-fc40-4e17-bf03-66f9d20b800f,nw3324@columbia.edu,nathan_wh,Nathan Whitfield,,true,US,columbia_college,undergraduate,10028,2.5,false,false,false,true,active,2026-02-26T18:52:04+00:00,2026-06-12T03:44:28+00:00
a95b5f01-8fa8-4373-8961-d09f30efb232,ns6861@columbia.edu,nayeon.seo,Nayeon Seo,+16465550181,false,KR,teachers_college,graduate,10019,1.0,false,false,false,true,active,2026-09-02T17:55:00+00:00,2026-09-02T18:00:00+00:00
0df640c9-0d2d-4b14-986d-e7651c61fdff,tw5639@columbia.edu,tessa_wh,Tessa Whitfield,,true,US,columbia_college,undergraduate,10012,0.5,false,false,false,true,active,2026-08-28T14:17:14+00:00,2026-09-02T18:00:00+00:00
7844c024-2ced-4ed0-9417-6303bff60ab5,ks5399@columbia.edu,kyungsoo_se,,,true,KR,gsapp,graduate,10017,2.5,false,false,false,true,active,2026-02-03T17:41:14+00:00,2026-03-03T22:46:20+00:00
895f3662-49e5-4f60-ad1f-538784bb1821,rs9740@columbia.edu,ryan.sinclair,Ryan Sinclair,+13475550122,false,US,columbia_college,undergraduate,10025,2.5,true,false,false,true,active,2026-08-31T04:23:07+00:00,2026-09-02T18:00:00+00:00
2b5aabb3-5cdf-46b4-8f6a-8a44166635e6,cg4401@columbia.edu,caleb_gr,,+16465550146,true,US,seas_undergrad,undergraduate,10030,1.0,false,true,false,true,active,2026-01-27T08:05:16+00:00,2026-03-28T20:56:20+00:00
8ed5d79d-9904-4ac0-b3d6-d43abaf34918,tz4960@columbia.edu,tianyu.zhu,Tianyu Zhu,+12125550125,true,CN,general_studies,undergraduate,10280,2.5,true,false,false,true,active,2025-08-28T10:29:13+00:00,2025-09-25T08:01:12+00:00
a1f3b9bd-77ee-4e74-b526-4ee00f40666f,hs6062@columbia.edu,hannah_si,Hannah Sinclair,+16465550144,true,US,journalism,graduate,10021,2.5,true,false,false,true,active,2026-02-08T00:23:23+00:00,2026-02-09T12:07:48+00:00
bef562aa-7b99-4438-b976-0c3e350379ee,kh8952@columbia.edu,kaiwen_hu,,+19295550180,true,CN,seas_grad,graduate,10031,2.5,false,false,false,true,active,2026-03-09T16:07:33+00:00,2026-09-02T18:00:00+00:00
f6e71fce-dd96-47bf-af78-97f8cfc698e0,ip6309@columbia.edu,ishita_pa,Ishita Patel,,true,IN,columbia_college,undergraduate,10001,5.0,false,true,false,true,active,2026-03-23T01:06:57+00:00,2026-04-28T09:59:48+00:00
ddff96e0-22a2-4dc0-8484-2c55ebac5db3,je1670@columbia.edu,james_el,James Ellis,+19175550183,true,US,columbia_college,undergraduate,10025,2.5,false,false,false,true,active,2026-04-10T15:06:57+00:00,2026-05-13T16:02:14+00:00
a14d5a0d-9ddc-4170-a239-6044cb65462e,tw9681@columbia.edu,tessa.whitfield,,,true,CA,columbia_college,undergraduate,10027,2.5,false,true,false,true,active,2025-09-19T19:49:38+00:00,2025-10-15T13:48:48+00:00
e5d66484-0921-411a-aecc-60e791695a29,ly5208@columbia.edu,lingxiy,Lingxi Yang,+12125550171,false,CN,general_studies,undergraduate,10027,2.5,true,false,true,true,active,2025-01-20T12:29:13+00:00,2025-02-24T10:34:05+00:00
b79ed613-8b3e-476e-8337-9d3542f26656,ns7658@columbia.edu,noras,Nora Sullivan,+19175550114,false,US,gsas,graduate,10027,2.5,false,false,true,true,active,2026-01-17T00:42:12+00:00,2026-03-19T02:36:20+00:00
904d370b-c057-4076-ab96-6f35351482c2,ns1133@columbia.edu,n_sullivan,,+19295550117,true,US,cbs,graduate,10031,2.5,false,false,false,true,active,2025-03-04T08:08:46+00:00,2025-04-28T06:40:05+00:00
13cce00a-0641-4f43-8637-da456dbbd50e,wl6391@columbia.edu,w_lin,Wei Lin,+13475550110,true,CN,columbia_college,undergraduate,10023,2.5,false,false,false,true,active,2026-09-02T17:55:00+00:00,2026-09-02T18:00:00+00:00
27de1447-4949-4ba1-94da-511dcf33e97a,nc5941@columbia.edu,nora_ca,,+19175550180,true,US,cbs,graduate,10025,2.5,false,false,false,true,active,2024-08-22T08:16:57+00:00,2024-10-28T18:46:06+00:00
7e4c1870-3096-41b8-b052-4911d80d39f4,qy7826@columbia.edu,qian.yang,,+19295550145,true,CN,arts,graduate,10017,0.5,false,false,false,true,active,2026-09-02T17:55:00+00:00,2026-09-02T18:00:00+00:00
d4be3d17-49dc-4e35-953b-ddb3c7c6c4a2,rs9824@columbia.edu,rubys,Ruby Sinclair,,true,US,seas_undergrad,undergraduate,10027,2.5,false,false,false,true,active,2026-02-06T04:00:36+00:00,2026-03-06T06:54:33+00:00
0ade7a97-38bc-456b-952d-77f14e7154e6,mk7399@columbia.edu,minjun_ka,Minjun Kang,+16465550129,true,KR,cbs,graduate,10001,1.0,false,true,false,true,active,2026-01-19T03:44:36+00:00,2026-02-21T17:38:45+00:00
ce7d0d75-7795-4ee4-ac4b-451653e2299f,dw9693@columbia.edu,daniel_wh,,+19175550129,true,US,seas_undergrad,undergraduate,10027,1.0,false,true,false,true,active,2026-09-02T17:55:00+00:00,2026-09-02T18:00:00+00:00
ae8523f3-49f1-45d4-ab29-0313676f12d0,rh8859@columbia.edu,ruoxi.huang,,+19175550108,true,TW,gsas,faculty_staff,10018,2.5,false,false,false,true,active,2025-01-23T06:05:24+00:00,2025-02-11T21:55:27+00:00
810094ee-d2d1-4263-b5b9-7363f515bf05,jc6219@columbia.edu,jaewon_ch,,,true,KR,seas_grad,graduate,10031,1.0,false,false,false,true,active,2025-09-14T07:42:32+00:00,2025-11-17T14:45:22+00:00
bb3f9ce6-0a1f-4b57-afad-55266a6686f8,sr1949@columbia.edu,sophia_re,Sophia Reed,,true,US,general_studies,undergraduate,10027,2.5,true,false,false,true,active,2025-09-12T03:13:31+00:00,2025-09-13T17:02:20+00:00
aa179f68-3aae-4474-991e-448842620800,mk3846@columbia.edu,minjun_kw,Minjun Kwon,,true,KR,gsas,graduate,10031,2.5,false,false,false,true,active,2026-02-19T01:28:47+00:00,2026-03-26T02:03:37+00:00
1537bb8f-8d18-4dae-bed2-636ec4ce9b62,sp3732@columbia.edu,sneha.patel,,,true,IN,columbia_college,undergraduate,10027,2.5,false,false,false,true,active,2026-01-18T19:57:40+00:00,2026-02-07T14:10:30+00:00
444889f7-5e1b-47df-9469-5d3990179ab1,nb7914@columbia.edu,nathan_be,Nathan Bennett,,true,US,columbia_college,undergraduate,10027,2.5,false,false,false,true,active,2026-09-02T17:55:00+00:00,2026-09-02T18:00:00+00:00
398c4a87-ea96-40b1-9d0b-21f40b43e5db,de5962@columbia.edu,daniel_el,Daniel Ellis,+16465550188,true,US,seas_undergrad,undergraduate,10025,2.5,false,false,false,true,active,2025-10-20T01:41:56+00:00,2025-10-23T01:26:05+00:00
3fc6331b-9394-4e27-8bfb-3d16fe1a97c0,jm4514@columbia.edu,jamesm,,,true,US,columbia_college,faculty_staff,11375,2.5,false,false,false,true,active,2025-08-21T23:34:17+00:00,2025-10-24T05:22:28+00:00
38736e97-8380-4bc8-9d40-b95a6d5761ef,ki1468@columbia.edu,kenta_it,Kenta Ito,,true,JP,columbia_college,faculty_staff,10027,5.0,false,true,false,true,active,2026-01-17T18:31:17+00:00,2026-04-16T09:29:51+00:00
e2bc1752-1983-472e-bbd9-c6fae7cac58a,oq6188@columbia.edu,owen.quinn,,,true,US,vps,graduate,10031,0.5,false,false,true,true,active,2024-10-03T15:21:24+00:00,2025-01-08T10:42:45+00:00
64d51d94-4f34-4e31-980e-5bf1b969932e,jz9442@columbia.edu,jian.zhu,,+13475550109,true,CN,arts,graduate,10030,2.5,false,false,false,true,active,2026-01-26T14:27:33+00:00,2026-02-01T16:29:33+00:00
ad2f999d-f1b6-41a4-a695-aceb650a5b74,gb8662@columbia.edu,grace.barnes,,,true,US,seas_grad,graduate,10027,2.5,false,false,false,true,active,2026-03-10T12:43:41+00:00,2026-03-26T01:39:22+00:00
6e0a545d-7359-4e4b-8579-a4726131d1bf,ys2006@columbia.edu,yuna_se,,+13475550125,true,KR,seas_undergrad,undergraduate,10023,2.5,false,false,false,true,active,2026-08-29T22:15:14+00:00,2026-09-02T18:00:00+00:00
bf74e9cf-5b79-495b-8c29-2dec4918a0c9,sh9424@columbia.edu,sungmin_hw,,+19175550173,true,KR,arts,graduate,10030,5.0,false,false,true,true,active,2026-01-19T15:38:09+00:00,2026-03-28T15:22:51+00:00
2709bb2d-e639-44c0-920f-80a9f4c4955e,sv9963@columbia.edu,santiago.vargas,Santiago Vargas,,true,MX,law,graduate,10027,0.5,false,false,true,true,active,2025-02-26T09:01:42+00:00,2025-06-16T08:10:31+00:00
4baa25b9-1700-4782-a80b-d9e663939f70,rm3452@columbia.edu,r_miller,,+13475550162,true,US,columbia_college,undergraduate,10027,2.5,false,false,false,true,active,2024-09-13T06:38:23+00:00,2024-09-27T21:58:41+00:00
29e81cd4-a5a4-4921-88b6-db739bec3403,tp2601@columbia.edu,taeyang_pa,,+19175550150,true,KR,seas_undergrad,undergraduate,10027,2.5,true,false,false,true,active,2026-09-02T17:55:00+00:00,2026-09-02T18:00:00+00:00
64be8bfb-802e-4c82-a1a5-933556b2ba96,rr4407@columbia.edu,rahul_ra,Rahul Rao,,true,IN,columbia_college,undergraduate,10027,2.5,false,false,false,true,active,2025-09-18T12:11:44+00:00,2025-09-19T06:52:22+00:00
b000127a-7ff3-4aba-9f9f-56872787d1ed,tf7717@columbia.edu,tessa_fo,Tessa Foster,,true,US,gsas,graduate,10128,0.5,false,false,false,true,active,2024-10-16T10:11:40+00:00,2024-10-23T23:50:19+00:00
13b5744b-66e0-4019-bef2-84157782226f,eq5340@columbia.edu,emma.quinn,,+16465550150,true,US,sipa,graduate,10027,2.5,false,false,false,true,active,2026-09-02T17:55:00+00:00,2026-09-02T18:00:00+00:00
79f24b18-9bf0-4e1b-be57-3291ef518791,xz5043@columbia.edu,xinyi_zh,Xinyi Zhao,+16465550149,true,CN,columbia_college,undergraduate,11354,1.0,false,false,false,true,active,2025-09-05T14:57:46+00:00,2025-09-13T09:12:36+00:00
7904c7f6-5715-4255-84c6-732709e718e5,rw9861@columbia.edu,ruby.walsh,,,true,US,columbia_college,undergraduate,10027,2.5,false,false,false,true,active,2026-09-02T17:55:00+00:00,2026-09-02T18:00:00+00:00
fba653f1-56a1-4e32-b3a6-1205a8a2e461,em3432@columbia.edu,elliot.miller,Elliot Miller,+16465550104,true,US,cbs,graduate,10025,2.5,false,false,false,true,active,2024-08-31T07:50:09+00:00,2024-11-09T12:12:31+00:00
d24b23ee-291d-4c2f-8c3a-ce1251c2c3d8,yn3729@columbia.edu,youssef_na,Youssef Nasser,,true,EG,seas_grad,graduate,10034,2.5,false,false,false,true,deactivated,2025-01-27T14:55:29+00:00,2025-02-12T10:41:44+00:00
e527c615-824b-4cbb-9b36-05d56a2a10d1,kz3004@columbia.edu,kaiwen.zhao,,,true,CN,cbs,graduate,10030,2.5,false,false,false,true,active,2026-09-02T17:55:00+00:00,2026-09-02T18:00:00+00:00
16f443cf-d5c0-4214-964e-a8d0ca61fc3b,zb1053@columbia.edu,zoe_br,Zoe Brooks,+13475550146,false,US,columbia_college,undergraduate,10016,2.5,true,false,false,true,active,2026-09-02T17:55:00+00:00,2026-09-02T18:00:00+00:00
6fe52876-1a56-4bed-b662-5983babec5c8,ll3365@columbia.edu,lingxil,,+16465550103,false,SG,gsas,graduate,10027,2.5,false,false,false,true,active,2026-09-02T17:55:00+00:00,2026-09-02T18:00:00+00:00
63e9a505-7c6b-4204-93f7-db5e9998f23c,mr5536@columbia.edu,michael_re,,+13475550113,true,US,gsas,graduate,10027,5.0,false,false,false,true,active,2025-08-27T03:11:18+00:00,2025-10-02T00:37:27+00:00
e294d7c5-9f72-4226-9091-d2cf6c147a17,jm3815@columbia.edu,james_ma,,+19175550110,true,CA,columbia_college,undergraduate,10031,10.0,false,false,false,true,active,2025-02-14T21:07:40+00:00,2025-06-12T05:02:27+00:00
0209100d-8ff5-4765-ac79-0e73e4267e70,kr5767@columbia.edu,karthik_ra,,,true,IN,general_studies,undergraduate,10030,2.5,false,false,false,true,active,2026-08-28T18:03:48+00:00,2026-09-02T18:00:00+00:00
529918b7-4817-40fc-b552-52aa5098a29e,ss9012@columbia.edu,siddharth_si,,,true,IN,sipa,graduate,10040,2.5,false,false,false,true,active,2026-01-29T20:37:20+00:00,2026-02-02T21:37:31+00:00
d3b241fd-4312-4ff2-8a1f-d87ee3e64ceb,sh7238@columbia.edu,sophiah,,,true,GB,law,graduate,10023,2.5,false,false,false,true,active,2026-09-02T17:55:00+00:00,2026-09-02T18:00:00+00:00
e56963cb-53f9-4240-97e8-786e9f766dec,ms3218@columbia.edu,matheus_so,,,true,BR,cbs,graduate,10027,2.5,false,false,false,true,active,2026-02-07T03:39:25+00:00,2026-02-28T03:40:11+00:00
5d717b99-735c-4981-87a3-225adde8acea,tl4201@columbia.edu,thao_le,Thao Le,+12125550102,false,VN,seas_grad,graduate,10027,1.0,false,false,false,true,active,2024-08-29T07:39:17+00:00,2024-11-09T12:13:51+00:00
323773fe-1734-4723-9d7c-e9ea06ffd008,od3306@columbia.edu,owen.doyle,,+13475550151,true,US,journalism,graduate,10033,2.5,false,false,false,true,active,2026-09-02T17:55:00+00:00,2026-09-02T18:00:00+00:00
ff1dc571-d626-480e-b098-a50d60c896af,sc1981@columbia.edu,sophia_ca,,,true,US,seas_grad,graduate,10014,0.5,false,false,false,true,active,2025-09-02T07:50:13+00:00,2025-10-01T02:47:23+00:00
71dbb1fe-ab44-470c-9d83-8d7b06a225e9,mp6313@columbia.edu,mariana.pereira,Mariana Pereira,+12125550161,true,BR,seas_undergrad,undergraduate,10451,2.5,false,true,false,true,active,2026-09-02T17:55:00+00:00,2026-09-02T18:00:00+00:00
3d6322d3-d39c-4fa0-8f6b-6413dfc01504,zw1911@columbia.edu,ziyu_wa,Ziyu Wang,+19175550147,true,CN,seas_undergrad,undergraduate,10027,2.5,false,false,false,true,active,2026-01-30T07:25:01+00:00,2026-03-07T23:23:44+00:00
160c0fa7-afc0-4e96-a43f-c0f8f16d4960,sg8199@columbia.edu,siyu.guo,,+19175550173,true,SG,columbia_college,undergraduate,10027,2.5,false,false,false,true,active,2026-09-02T17:55:00+00:00,2026-09-02T18:00:00+00:00
cf7fdd80-5c27-42aa-9731-b5d404e42dc4,jb1471@columbia.edu,julian_be,,+19295550167,true,GB,seas_grad,graduate,10027,2.5,false,false,false,true,active,2026-01-23T15:51:50+00:00,2026-02-27T01:50:22+00:00
e498c64a-bba9-4d06-9b1a-eb953ab09269,ad4071@columbia.edu,ananya_de,Ananya Desai,,true,IN,seas_undergrad,undergraduate,10012,0.5,false,false,false,false,active,2025-01-21T05:47:29+00:00,2025-01-30T20:16:11+00:00
08a3481a-550b-4bbb-82c1-55804ba01127,om2722@columbia.edu,olivia_mi,Olivia Miller,+12125550103,true,US,cbs,graduate,10035,2.5,false,false,false,true,active,2026-02-03T11:53:43+00:00,2026-02-20T19:59:21+00:00
9e8e0225-d22d-409e-a1ce-2e9061fc7344,jh3483@columbia.edu,javier_he,,,true,ES,cbs,graduate,10029,2.5,false,false,false,true,active,2025-10-02T09:21:27+00:00,2025-10-29T13:09:10+00:00
aad30630-8e92-421f-b48a-f3109914adea,tz4245@columbia.edu,tianyuz,Tianyu Zhu,,true,CN,seas_grad,graduate,10027,2.5,false,true,false,true,active,2026-09-02T17:55:00+00:00,2026-09-02T18:00:00+00:00
3d9b6dd2-deb5-4f7f-9ae8-89c12f579e9c,hj9936@columbia.edu,haeunj,,+13475550155,true,KR,seas_grad,graduate,11211,2.5,false,false,false,true,active,2026-01-21T03:13:12+00:00,2026-03-29T11:32:29+00:00
b7a745a5-3025-4c9b-be31-be2069c14582,zy7186@columbia.edu,zhihao_ya,Zhihao Yang,+19295550159,true,CN,sipa,graduate,10025,1.0,true,false,false,true,active,2026-01-29T06:04:29+00:00,2026-08-04T16:07:25+00:00
02126d92-72ee-409c-9e6c-a2e4d9f83a6b,oh9999@columbia.edu,oliviah,,+12125550176,true,US,columbia_college,undergraduate,10128,2.5,false,false,false,true,deactivated,2025-02-01T19:51:25+00:00,2025-04-11T19:37:04+00:00
16efbd3d-b8b5-4695-8df4-431470ed3973,mw1698@columbia.edu,michael.whitfield,,+12125550170,true,US,gsapp,graduate,10027,0.5,false,false,false,true,active,2026-09-02T17:55:00+00:00,2026-09-02T18:00:00+00:00
aecd8b7b-3750-4508-a0fb-e02d38d0a892,sw2279@columbia.edu,siyu_wa,,,true,TW,public_health,graduate,10025,10.0,false,false,false,true,active,2026-08-28T07:06:11+00:00,2026-09-02T18:00:00+00:00
ebb54dc7-29b1-45c5-9e70-0c5c4e51e720,sp6777@columbia.edu,siddharth.patel,,+12125550165,true,IN,sipa,graduate,10025,2.5,true,false,false,true,active,2026-09-02T17:55:00+00:00,2026-09-02T18:00:00+00:00
006472ad-ef7c-49dc-a9a5-5be63552c118,es8399@columbia.edu,elif.sahin,,,true,TR,teachers_college,graduate,10031,1.0,false,true,false,true,active,2025-08-25T00:06:43+00:00,2025-10-25T09:10:39+00:00
4a9ba647-dfe2-49e1-bb29-2cba11c55421,jc2403@columbia.edu,julian.carter,,,true,AU,cbs,graduate,10027,2.5,false,true,false,true,active,2026-09-02T17:55:00+00:00,2026-09-02T18:00:00+00:00
35d1c9bc-1b79-49c9-a300-85609f394726,sl9643@columbia.edu,siyu.liu,,,true,CN,columbia_college,undergraduate,10031,2.5,false,false,false,true,active,2026-09-02T17:55:00+00:00,2026-09-02T18:00:00+00:00
b2e205f3-a921-447a-b55e-53d5b2d86de3,cw3267@columbia.edu,caleb.walsh,Caleb Walsh,+19295550130,true,US,columbia_college,undergraduate,10027,2.5,false,false,false,true,active,2026-01-29T21:20:15+00:00,2026-03-12T19:41:00+00:00
3b30a6e4-3c57-4bbd-9b03-022e7facb880,rr5643@columbia.edu,ruby.reed,Ruby Reed,,true,US,columbia_college,undergraduate,10027,10.0,false,false,false,true,active,2024-08-26T14:28:05+00:00,2024-09-10T13:02:28+00:00
87144f65-cce8-4440-b1c1-92d6c4ad5ac8,hj3080@columbia.edu,h_jang,,+19295550181,true,KR,general_studies,undergraduate,10023,2.5,false,false,false,true,active,2025-09-18T03:38:54+00:00,2025-09-22T17:21:54+00:00
ddd1c048-ef55-4690-955b-c869f4c05bc7,of7186@columbia.edu,olivia.foster,,+13475550127,true,US,seas_undergrad,undergraduate,10027,2.5,false,false,false,true,active,2026-01-31T09:41:35+00:00,2026-02-12T03:54:07+00:00
87b7f104-1daf-4fc6-a5e9-75a12a3c801f,cd8609@columbia.edu,caleb_do,,,true,US,vps,graduate,10030,2.5,false,false,false,true,active,2026-02-06T20:58:52+00:00,2026-03-28T02:31:22+00:00
717aa351-fab1-415d-aa39-5e7d6202e3d8,jg5634@columbia.edu,james_gr,,+19175550148,true,US,gsas,graduate,10027,2.5,false,false,false,true,active,2026-01-31T18:54:12+00:00,2026-03-14T14:49:59+00:00
55fb0edf-b28e-4b2a-9d2b-2fa1f6dcbe3e,hs2441@columbia.edu,hannah.sullivan,,+12125550127,true,US,gsapp,graduate,11106,2.5,false,false,false,true,active,2025-08-26T15:38:45+00:00,2025-10-27T15:29:33+00:00
e1d1ec8a-4a06-4c11-92ae-cd479f53a2fe,rb1229@columbia.edu,ryan.brooks,,+12125550192,true,US,journalism,graduate,10001,2.5,false,false,false,true,active,2026-09-02T17:55:00+00:00,2026-09-02T18:00:00+00:00
31d9eacf-7f61-4435-b484-43965f1c29b6,nb5347@columbia.edu,nora.brooks,Nora Brooks,+12125550190,true,US,cbs,graduate,10025,2.5,false,false,false,true,active,2025-02-04T02:28:54+00:00,2025-03-12T10:59:00+00:00
87981edc-4a5a-415d-b51d-f9217163949a,zm4603@columbia.edu,zoem,Zoe Marsh,+19175550146,true,US,sipa,graduate,10025,2.5,false,false,false,true,active,2025-09-04T13:56:22+00:00,2025-09-16T23:42:16+00:00
02807cc1-6bae-4344-a5ac-526283c350fc,oc7937@columbia.edu,olivia_ca,Olivia Carter,,true,US,columbia_college,undergraduate,10027,2.5,true,false,true,true,deactivated,2026-01-17T03:59:24+00:00,2026-03-07T08:45:42+00:00
6fadda54-a15d-4010-be7a-2f23d4461cf9,wo9772@columbia.edu,woojin_oh,,,true,KR,seas_undergrad,undergraduate,10027,2.5,false,false,false,true,active,2025-08-30T22:59:51+00:00,2025-09-27T09:07:52+00:00
d0c1bf19-bea4-424f-910b-25f9f5d2cc23,js4547@columbia.edu,james.sinclair,James Sinclair,+13475550188,true,US,cbs,graduate,10027,10.0,false,false,false,true,active,2025-02-22T19:47:57+00:00,2025-03-25T22:43:34+00:00
53a84c41-db22-49bf-98bd-d408fffdabc3,yz9173@columbia.edu,yifan.zhang,,+19295550178,true,CN,columbia_college,undergraduate,10036,5.0,false,false,false,true,active,2025-01-18T17:54:40+00:00,2025-01-19T12:27:32+00:00
9683d7cb-c320-48ab-b91d-373a4a32cc44,zz8283@columbia.edu,zhihao.zhou,Zhihao Zhou,+19295550149,true,CN,cbs,graduate,10027,0.5,false,false,false,true,active,2025-01-23T00:41:57+00:00,2025-02-16T01:51:16+00:00
e5568dbb-54b7-42d1-9092-361343b75252,mw2598@columbia.edu,michaelw,Michael Whitfield,+12125550168,true,US,arts,graduate,10027,2.5,false,false,false,true,active,2026-09-01T02:11:37+00:00,2026-09-02T18:00:00+00:00
61bc54ff-d92a-459a-b783-749eeba4b206,ns1546@columbia.edu,nathan_si,,+19175550194,true,US,seas_grad,graduate,10022,2.5,false,false,false,true,active,2025-09-25T01:24:13+00:00,2025-11-07T03:01:36+00:00
ba1fa7b7-1ba1-4dcc-8cde-7e8038432e3d,eq4810@columbia.edu,elliot_qu,Elliot Quinn,+19295550181,true,US,cbs,graduate,10033,2.5,false,false,false,true,active,2024-09-11T00:50:04+00:00,2024-11-23T19:59:02+00:00
8d2b7914-36a2-4975-9e44-eacb4adeaa0b,lr5187@columbia.edu,lucia.rojas,Lucia Rojas,+13475550185,true,ES,teachers_college,graduate,10027,2.5,false,false,false,true,active,2026-01-21T10:43:27+00:00,2026-02-09T16:49:09+00:00
ac4cd2de-69ac-436e-b67e-c476f7f37a57,nw5581@columbia.edu,nanami.watanabe,Nanami Watanabe,+19175550186,true,JP,cbs,graduate,10027,0.5,false,false,false,true,active,2026-02-07T11:39:25+00:00,2026-04-01T15:42:36+00:00
29d5a494-6baf-4419-8eab-634d29535262,gr3971@columbia.edu,grace.reed,Grace Reed,+16465550157,true,US,cbs,graduate,10025,2.5,false,true,false,true,active,2026-02-17T23:40:58+00:00,2026-03-09T02:32:44+00:00
7524322e-1510-48cc-868b-8d59b328109b,yw2954@columbia.edu,yuhan_wa,,+19175550153,true,CN,seas_grad,graduate,10027,2.5,false,false,false,true,active,2025-01-27T13:14:17+00:00,2025-02-24T04:36:47+00:00
294f420a-5757-4fda-ae5b-a8b66126e192,ao1161@columbia.edu,akosua_ok,Akosua Okafor,+19175550169,true,NG,general_studies,undergraduate,10027,2.5,false,false,false,true,active,2026-01-22T21:19:52+00:00,2026-02-11T10:18:06+00:00
b37478b5-88dc-4b30-a68b-459b94eeb755,aa6815@columbia.edu,abena_ad,Abena Adeyemi,+19175550146,true,NG,teachers_college,graduate,10027,2.5,false,false,false,true,active,2026-01-28T01:40:58+00:00,2026-02-24T08:02:31+00:00
b296b45f-615d-4fb5-8a3a-1c8e1a6337f6,em9354@columbia.edu,ethan_mi,,,true,CA,columbia_college,undergraduate,10027,10.0,false,false,false,true,active,2026-03-08T03:12:37+00:00,2026-03-18T05:02:20+00:00
455c0e52-3711-4ae9-b759-518f8656d267,js7090@columbia.edu,jimin_sh,Jimin Shin,+19295550102,true,KR,teachers_college,graduate,10025,2.5,false,false,false,true,active,2026-09-01T16:50:24+00:00,2026-09-02T18:00:00+00:00
243e24a6-e1f8-4efa-b9de-535c1492c5c0,mr2407@columbia.edu,mateo.rojas,,,true,AR,sipa,graduate,10037,0.5,false,false,false,true,active,2026-09-02T17:55:00+00:00,2026-09-02T18:00:00+00:00
2f332f44-a56f-479b-9cbc-e26f7dbb675c,cr2650@columbia.edu,chiara.rossi,,+19295550115,true,IT,teachers_college,graduate,11205,2.5,false,false,false,true,active,2026-09-01T02:32:02+00:00,2026-09-02T18:00:00+00:00
630fe4a8-7f3f-4f97-93c1-03feb895bbd5,mc3925@columbia.edu,maya_ca,Maya Carter,+16465550136,true,US,seas_grad,graduate,10040,0.5,false,false,false,true,active,2025-09-04T10:32:18+00:00,2025-12-02T04:31:46+00:00
8ced966b-96fc-45a7-b2fd-f43f6a26b92a,jc7580@columbia.edu,jian_ch,Jian Chen,,true,CN,general_studies,undergraduate,10027,2.5,false,false,false,true,active,2026-01-17T06:38:57+00:00,2026-01-20T03:09:53+00:00
35928660-0ae6-4053-9ec6-e801ec7fd703,kk1412@columbia.edu,kyungsoo.kwon,Kyungsoo Kwon,+16465550189,true,KR,gsas,graduate,10027,2.5,false,false,false,false,active,2026-09-02T17:55:00+00:00,2026-09-02T18:00:00+00:00
b39b0d31-5468-4f8c-b0e1-015cf5d250f5,ss4441@columbia.edu,sophie_sc,Sophie Schmidt,,true,DE,vps,graduate,10031,2.5,false,false,false,true,active,2026-09-02T17:55:00+00:00,2026-09-02T18:00:00+00:00
8d0a4127-34d4-4cb0-ab2c-8a44732c4636,yg9669@columbia.edu,yuxin.guo,,+13475550130,true,TW,seas_undergrad,undergraduate,10027,2.5,false,true,false,true,active,2025-01-21T19:49:45+00:00,2025-02-05T18:23:44+00:00
51dac652-9517-4e31-b9c9-905c3968e085,mw6061@columbia.edu,m_whitfield,Michael Whitfield,+19175550192,true,US,seas_undergrad,undergraduate,10023,2.5,false,false,false,true,active,2025-01-25T13:29:53+00:00,2025-02-24T13:21:40+00:00
e76cf478-5afa-46e3-a39b-b02c23d6bb1b,jc7630@columbia.edu,jaewon.choi,,+13475550144,true,KR,seas_grad,graduate,10025,2.5,true,false,false,true,deactivated,2025-09-09T19:13:24+00:00,2026-05-04T08:05:11+00:00
ca854a1f-19b2-421c-9eef-32da371efdb6,os2091@columbia.edu,olivia_si,,+13475550115,true,US,law,graduate,10009,2.5,false,false,false,true,active,2026-09-02T07:19:00+00:00,2026-09-02T18:00:00+00:00
681a768e-2c15-4f60-b8bb-6613e5d882f5,cs2503@columbia.edu,chloe_su,Chloe Sullivan,+19175550175,true,US,columbia_college,undergraduate,10029,2.5,true,true,false,true,active,2025-02-01T17:36:48+00:00,2025-03-06T16:58:18+00:00
4bcfb395-99a4-40b8-a38e-0576e4ded0dd,ym3641@columbia.edu,yulia_mo,,,true,RU,general_studies,undergraduate,10027,2.5,false,false,false,true,active,2026-01-21T09:50:32+00:00,2026-02-19T18:49:32+00:00
5916ac8e-53b3-48e1-9c99-62b0ba8e9a9a,kl1196@columbia.edu,kyungsoo_le,,,true,KR,columbia_college,undergraduate,10002,2.5,false,false,false,true,active,2026-09-02T17:55:00+00:00,2026-09-02T18:00:00+00:00
1533231e-9d8a-4bcd-a2ff-33e2d020e088,nc9970@columbia.edu,nora.carter,Nora Carter,+16465550145,true,US,gsas,graduate,10027,2.5,false,false,false,true,active,2026-09-02T17:55:00+00:00,2026-09-02T18:00:00+00:00
1f0ddb3c-4cd1-49b9-a789-23889508ed4c,zx9349@columbia.edu,zhihao.xu,Zhihao Xu,+16465550158,true,CN,seas_undergrad,undergraduate,10022,2.5,false,false,true,true,active,2026-09-02T17:55:00+00:00,2026-09-02T18:00:00+00:00
377e7191-3221-47cb-9795-dfb8deb3bd93,yy9042@columbia.edu,yuhan.yang,,+19295550100,true,CN,general_studies,undergraduate,10032,5.0,false,true,false,true,active,2026-09-02T17:55:00+00:00,2026-09-02T18:00:00+00:00
cbdd5015-f7ef-4d03-8c38-691697730094,hl8509@columbia.edu,hao.liu,,+13475550148,true,CN,general_studies,faculty_staff,10025,2.5,true,false,false,true,deactivated,2026-09-02T17:55:00+00:00,2026-09-02T18:00:00+00:00
4366727f-cad9-45ec-ac07-3b7e024b94a1,ad4201@columbia.edu,arjun_de,,,true,IN,columbia_college,undergraduate,10027,2.5,false,false,false,true,active,2025-02-01T13:49:44+00:00,2025-02-13T19:20:31+00:00
c6d228b1-1475-4c52-9202-955f3d1a056a,zh1936@columbia.edu,ziyu_he,Ziyu He,+12125550175,true,CN,cbs,graduate,10025,2.5,false,false,false,true,active,2026-09-02T17:55:00+00:00,2026-09-02T18:00:00+00:00
0735b0aa-84bc-49aa-a78b-0ec4f2e216e6,sz6166@columbia.edu,siyuz,,+19175550108,true,CN,columbia_college,undergraduate,10028,5.0,false,false,false,true,active,2025-09-04T19:01:55+00:00,2025-09-14T10:22:16+00:00
e6ac3080-e405-47c5-b78b-6c37ea355a02,nk8644@columbia.edu,njoroge_ka,Njoroge Kamau,+19295550109,true,NG,teachers_college,graduate,10031,2.5,false,false,false,true,active,2025-09-04T05:09:50+00:00,2025-12-04T16:52:25+00:00
e137b684-6d45-41e4-b53a-a2952179ea27,kw2119@columbia.edu,kanya_wa,,,true,TH,seas_undergrad,undergraduate,10011,10.0,false,true,true,true,active,2026-09-02T17:55:00+00:00,2026-09-02T18:00:00+00:00
dc64b030-9ad0-4b7f-aa39-1ea19decb440,mp7476@columbia.edu,minh_ph,,+19295550112,true,VN,seas_grad,graduate,10024,2.5,false,false,false,true,active,2025-08-29T22:32:36+00:00,2025-09-30T21:17:03+00:00
323eb581-df66-495e-b4c3-b8d51316dccb,gb5922@columbia.edu,giulia_bi,,+19175550126,true,IT,columbia_college,undergraduate,10027,2.5,true,false,false,true,active,2024-10-19T22:23:58+00:00,2024-10-28T12:16:45+00:00
9aea37f8-e6a2-47b3-865c-e315b7f18968,gd3654@columbia.edu,grace.doyle,Grace Doyle,+19295550109,true,CA,seas_grad,graduate,10451,2.5,true,false,false,false,active,2026-01-29T03:45:27+00:00,2026-03-19T00:53:02+00:00
76ccd1ff-3a84-48cc-8149-8acfff606858,hk6566@columbia.edu,hyunwook,Hyunwoo Kim,+13475550122,true,KR,general_studies,undergraduate,10027,10.0,false,false,false,true,active,2026-09-02T17:55:00+00:00,2026-09-02T18:00:00+00:00
e76f1c36-dc56-4078-b217-afbb31f503d4,hc4942@columbia.edu,haeun.choi,,,true,KR,columbia_college,undergraduate,10030,2.5,false,false,false,true,active,2026-09-02T17:55:00+00:00,2026-09-02T18:00:00+00:00
ed0e2d10-4f67-4d49-90d7-e62e955882ea,jl5629@columbia.edu,juliette_le,,+16465550108,true,FR,seas_undergrad,undergraduate,10025,2.5,true,true,false,true,active,2026-08-31T13:41:23+00:00,2026-09-02T18:00:00+00:00
4ba80bba-ed9e-4988-b134-58c090db59c4,hk7260@columbia.edu,haeun_kw,Haeun Kwon,+13475550167,true,KR,seas_undergrad,undergraduate,10027,1.0,false,false,false,true,active,2026-08-31T07:21:01+00:00,2026-09-02T18:00:00+00:00
88942c42-e7fc-4711-8a66-3b2c75c38bcd,jh7291@columbia.edu,jian.hu,Jian Hu,+19175550198,true,CN,teachers_college,graduate,10027,0.5,false,true,false,true,active,2026-08-28T21:47:05+00:00,2026-09-02T18:00:00+00:00
34bb6b84-f580-43e5-b382-8d64000dc73d,hf5280@columbia.edu,hugo_fo,Hugo Fontaine,+12125550181,true,FR,journalism,graduate,10031,2.5,true,false,false,true,active,2026-09-02T17:55:00+00:00,2026-09-02T18:00:00+00:00
caf7efc4-3973-492b-abf8-2af2f0caa4ef,kg6458@columbia.edu,karthikg,Karthik Gupta,+19175550173,true,IN,columbia_college,undergraduate,10026,5.0,false,false,false,true,active,2026-01-30T18:01:47+00:00,2026-03-13T08:07:03+00:00
29f2c43b-7cbe-420a-a7cb-2ede9cf6dd4c,md7821@columbia.edu,maya_do,,+12125550159,true,ZA,seas_undergrad,undergraduate,10036,2.5,false,false,false,true,active,2026-03-25T08:24:31+00:00,2026-04-14T05:29:53+00:00
a0bc3b16-7612-417e-acb2-ce0de205d14a,el4293@columbia.edu,eitan_le,,+19175550198,true,IL,cbs,graduate,10023,2.5,true,false,false,true,active,2026-01-21T07:28:49+00:00,2026-03-26T07:01:29+00:00
a8d349ec-ecf2-43ca-8416-744ce695ec74,zz3522@columbia.edu,ziyu.zhang,,+19295550152,true,CN,teachers_college,graduate,10027,10.0,false,false,false,true,active,2026-08-30T10:58:01+00:00,2026-09-02T18:00:00+00:00
0659bb5c-a162-488f-bda6-3659a00193c1,hz2278@columbia.edu,haoz,Hao Zhang,+19175550106,true,CN,gsas,graduate,10026,5.0,false,false,false,true,active,2026-02-04T04:55:26+00:00,2026-05-04T09:02:54+00:00
eb37e445-ad15-450f-aac9-165635b7ef7b,sl7090@columbia.edu,siyul,,+19295550180,true,CN,general_studies,undergraduate,10039,2.5,false,true,false,true,active,2025-01-19T18:42:56+00:00,2025-02-04T15:54:50+00:00
635cb86b-03c7-4fb4-884b-ced27f9691bb,rm3617@columbia.edu,ryan37,Ryan Miller,,true,US,sipa,graduate,10034,10.0,true,false,false,true,deactivated,2025-01-25T04:47:09+00:00,2025-01-27T05:22:27+00:00
c23dbe1f-e0ec-4c11-aa9d-12a5f551ed35,mn6926@columbia.edu,meera_na,Meera Nair,+13475550111,true,IN,seas_undergrad,undergraduate,10027,2.5,false,true,false,true,active,2026-02-05T09:29:10+00:00,2026-02-11T03:19:01+00:00
1fa4ca79-e386-4977-9032-f42a85558d36,ch5414@columbia.edu,chloe_ha,,,true,US,cbs,graduate,10027,2.5,false,false,false,true,active,2025-08-25T04:18:14+00:00,2025-09-03T15:18:28+00:00
89d77857-c92a-42dd-af96-5df74aa05d59,wh4529@columbia.edu,wei_he,Wei He,+12125550180,true,CN,sipa,graduate,11215,2.5,false,false,false,true,active,2026-01-31T00:18:31+00:00,2026-05-01T08:50:49+00:00
eb04ebca-cf14-445f-8bac-b3005844b5e3,ps6227@columbia.edu,priya.siddiqui,Priya Siddiqui,+19175550172,true,IN,law,graduate,10035,2.5,false,true,false,false,active,2026-08-30T19:37:51+00:00,2026-08-31T13:16:05+00:00
c2566d73-7996-4de6-8297-ed01fb83a333,ef9564@columbia.edu,elliot_fl,,+13475550170,true,US,columbia_college,undergraduate,10025,2.5,false,false,false,true,active,2025-01-23T21:18:32+00:00,2025-05-13T16:30:24+00:00
2dac0197-e076-459a-8d9a-034a44933296,zb6587@columbia.edu,zoe_be,,,true,US,cbs,graduate,10031,2.5,true,false,false,true,active,2026-01-21T10:25:19+00:00,2026-04-18T07:59:23+00:00
5663b415-8af8-4e27-bdbe-f59ed43f483f,rc7159@columbia.edu,ruby.carter,,,true,US,journalism,graduate,10021,2.5,false,false,false,false,deactivated,2026-01-29T04:06:58+00:00,2026-02-05T17:14:26+00:00
624192cb-b552-4bfe-9931-77eab84c4db2,xw6854@columbia.edu,xiaoyu.wang,Xiaoyu Wang,+19175550166,false,CN,seas_undergrad,undergraduate,10029,2.5,false,false,false,true,active,2026-09-02T17:55:00+00:00,2026-09-02T18:00:00+00:00
40b381d1-9fae-4307-9737-cc332f541b94,bs9331@columbia.edu,budi_sa,,+16465550154,true,ID,columbia_college,undergraduate,10027,2.5,true,false,true,true,active,2026-02-02T20:08:06+00:00,2026-02-09T20:05:09+00:00
1feae195-dd64-4313-9658-78c38f57850f,ow6211@columbia.edu,owenw,,,true,US,seas_undergrad,undergraduate,10038,2.5,false,false,false,true,active,2026-09-02T17:55:00+00:00,2026-09-02T18:00:00+00:00
e9b275eb-493c-4660-be51-71559bea8537,sw5493@columbia.edu,sven.wagner,,+19175550110,false,SE,sipa,graduate,10027,2.5,false,false,false,true,active,2026-02-01T07:07:40+00:00,2026-05-25T19:06:42+00:00
183fdc19-a9c5-4db8-a9f3-e0f20feea8e8,fr6409@columbia.edu,farhan_ra,Farhan Rao,+12125550140,true,IN,seas_grad,graduate,10027,2.5,false,false,false,true,active,2025-01-19T16:52:51+00:00,2025-01-25T01:13:01+00:00
46ba6ade-c9da-4467-b66e-c1eae425af29,dm7617@columbia.edu,diego_me,Diego Mendoza,,true,ES,columbia_college,undergraduate,10024,2.5,true,false,false,true,active,2026-09-02T17:55:00+00:00,2026-09-02T18:00:00+00:00
38a49d66-48fd-40a7-a3f2-1b14bfcba13c,rl3957@columbia.edu,ruoxi.li,,,true,CN,seas_undergrad,undergraduate,10027,2.5,false,false,false,true,active,2026-08-28T02:39:54+00:00,2026-09-02T18:00:00+00:00
47de6634-f271-4dda-8c9a-4cb60daa2a03,dk2382@columbia.edu,divya_kh,,+19175550130,true,PK,seas_grad,graduate,10017,2.5,false,false,false,true,active,2025-08-30T20:49:51+00:00,2025-09-13T00:48:28+00:00
c062defe-4ece-48dd-aa72-e7db0a9c4a68,jd7162@columbia.edu,jamesd,,,true,US,cbs,graduate,10027,5.0,false,false,false,false,active,2025-01-30T14:57:00+00:00,2025-06-16T16:42:00+00:00
4c8ec64f-c0d0-4cfb-b064-d47de0ec57ba,zw3099@columbia.edu,ziyu.wang,,+16465550194,true,CN,teachers_college,graduate,10031,2.5,false,false,true,true,active,2025-03-24T05:36:05+00:00,2025-04-10T07:41:36+00:00
1dcda15d-0c1e-4892-80a8-bfb7f3596889,jc2421@columbia.edu,javier_ca,,+12125550124,true,MX,gsas,graduate,10027,2.5,false,true,false,true,active,2025-08-22T16:16:56+00:00,2025-08-29T12:54:26+00:00
b6f4d635-89e6-4c7d-b21e-375b06a4dc27,sm1659@columbia.edu,santiago_ma,Santiago Martinez,+13475550167,true,MX,seas_undergrad,undergraduate,10027,2.5,false,false,false,true,active,2026-01-19T19:33:02+00:00,2026-03-02T05:56:19+00:00
1850c828-72bd-492a-b341-4de82bdbe30e,hm1469@columbia.edu,hao_ma,Hao Ma,+19295550132,true,CN,gsas,graduate,10035,2.5,false,false,false,true,active,2026-08-31T13:16:53+00:00,2026-09-02T18:00:00+00:00
5077965f-c5a7-42db-a7cd-35c40b70da6c,gf1885@columbia.edu,grace.foster,Grace Foster,,true,AU,sipa,faculty_staff,10027,2.5,false,false,true,true,active,2026-09-02T17:55:00+00:00,2026-09-02T18:00:00+00:00
6423437e-a22b-4286-8d04-66e6945f2259,og2162@columbia.edu,olivia_gr,,+16465550191,true,US,sipa,graduate,10031,2.5,true,false,false,true,active,2026-09-02T17:55:00+00:00,2026-09-02T18:00:00+00:00
08942539-8bd8-4c61-83d2-ec74cd1bedcb,ri6134@columbia.edu,riku.ito,,+16465550184,true,JP,cbs,graduate,10031,2.5,false,false,false,true,active,2026-09-02T17:55:00+00:00,2026-09-02T18:00:00+00:00
4dedd047-d3e8-4791-873c-6053577084d1,jw5680@columbia.edu,jiayi.wu,Jiayi Wu,,true,CN,cbs,graduate,10025,2.5,true,false,false,true,active,2025-10-09T22:59:14+00:00,2025-11-16T18:11:45+00:00
20be0228-dff5-4a8a-9078-9f3e013731d6,ed6002@columbia.edu,emre_de,Emre Demir,,true,TR,seas_grad,graduate,10451,2.5,false,false,false,true,active,2025-08-27T17:40:09+00:00,2025-09-09T18:43:11+00:00
01ad5d19-51ac-4277-bf22-13bac68b5a71,mv4654@columbia.edu,maria_vi,Maria Villanueva,,true,PH,columbia_college,faculty_staff,10027,2.5,false,true,false,true,active,2025-08-31T02:50:32+00:00,2025-09-11T15:15:37+00:00
b0f283a0-c828-4aff-80c1-0fa9a4940b92,nm7232@columbia.edu,nathan.miller,,,true,US,teachers_college,graduate,10013,2.5,false,false,true,true,active,2024-09-03T07:39:50+00:00,2024-09-06T09:43:28+00:00
767703ae-4d74-4728-ae3f-a80c8b6ead76,dq7326@columbia.edu,daniel_qu,Daniel Quinn,+13475550119,true,US,seas_grad,graduate,10031,2.5,false,false,false,true,active,2025-08-24T10:49:24+00:00,2025-08-31T16:10:54+00:00
8ac6c4d2-d139-40ec-9a3e-7bd2347f979a,md7039@columbia.edu,michael_do,,+12125550128,true,US,teachers_college,graduate,11101,2.5,false,true,false,true,active,2026-01-23T03:54:42+00:00,2026-01-30T18:40:38+00:00
95c27d41-572b-4b7a-b3cf-43833c5680e5,xs9014@columbia.edu,xinyi.sun,,,true,CN,teachers_college,graduate,10027,1.0,false,false,false,true,active,2026-01-24T13:15:18+00:00,2026-03-23T15:29:09+00:00
1df596d4-a79f-4572-9306-495047dbf75e,rw4084@columbia.edu,ryan.walsh,,+13475550103,false,US,seas_undergrad,undergraduate,10027,1.0,false,false,false,true,active,2025-02-14T01:23:11+00:00,2025-03-11T10:09:01+00:00
f7318ac8-5529-4cd7-98ea-c6b5c629b8b2,km9339@columbia.edu,kwame_me,Kwame Mensah,,true,KE,gsas,graduate,10013,0.5,false,false,false,true,active,2024-08-31T10:29:35+00:00,2024-09-07T23:22:03+00:00
7ad9fea0-4641-41fb-9744-34c15951b68f,rh7367@columbia.edu,ruoxi_he,,+16465550104,true,CN,law,graduate,10027,5.0,false,false,false,true,active,2026-02-10T11:21:09+00:00,2026-02-17T21:03:35+00:00
b0d125ec-566b-4830-9728-284dfbbab547,lz8891@columbia.edu,lingxi.zhao,Lingxi Zhao,+16465550116,true,CN,columbia_college,undergraduate,10027,2.5,false,false,false,true,active,2026-01-30T18:28:43+00:00,2026-02-22T11:32:23+00:00
eff13da1-a531-4767-95ce-387f2866993e,jh1689@columbia.edu,junho_hw,,+16465550162,true,KR,gsapp,graduate,10027,2.5,true,false,false,true,active,2026-03-05T08:57:26+00:00,2026-04-27T09:02:48+00:00
2f70822c-8cca-48d5-9ad9-a73d5c2e5dda,wl7682@columbia.edu,wei69,Wei Lin,,true,CN,sipa,graduate,10016,1.0,true,false,false,true,active,2026-09-01T23:45:46+00:00,2026-09-02T18:00:00+00:00
cb3f27ba-7b73-4263-a8df-7fc52f4ac105,zm6452@columbia.edu,zoe_mi,,+19175550172,false,US,columbia_college,undergraduate,10025,2.5,true,false,false,true,active,2025-08-25T06:39:56+00:00,2025-12-08T06:57:35+00:00
5b98a245-2472-4236-8b6a-d34d8a01ce2d,jr8057@columbia.edu,javier.rodriguez,,+19295550150,true,ES,sipa,graduate,10025,0.5,false,false,false,true,active,2026-01-16T14:29:57+00:00,2026-01-26T15:46:14+00:00
ce6b81a6-725e-4425-8a3f-ff7c7aaf1d32,es3379@columbia.edu,elliot_si,,+16465550137,true,US,general_studies,undergraduate,10025,2.5,false,false,false,true,active,2026-01-25T03:20:28+00:00,2026-01-27T07:19:09+00:00
3f7e714c-fb4a-44da-ac98-bf39d35e490e,ow4437@columbia.edu,olivia.whitfield,Olivia Whitfield,+13475550174,true,US,seas_undergrad,undergraduate,10027,2.5,false,false,false,true,active,2026-01-22T12:01:24+00:00,2026-02-07T00:08:33+00:00
4e2906a0-e445-4567-9bc3-c549a3448137,oe8701@columbia.edu,olivia.ellis,,+12125550103,true,US,columbia_college,undergraduate,10030,2.5,false,false,false,true,active,2024-09-20T00:45:23+00:00,2024-11-06T00:32:16+00:00
8467fe04-101f-4315-aaf9-27a1d7daea8e,qs4598@columbia.edu,qian_su,Qian Sun,+12125550187,true,CN,general_studies,undergraduate,10014,2.5,false,false,false,false,active,2026-02-09T21:01:46+00:00,2026-03-24T14:53:34+00:00
4001ae90-9c14-4032-81bc-8fd67f67e21c,jy2555@columbia.edu,jiayi.yang,Jiayi Yang,+19295550100,false,CN,columbia_college,undergraduate,10039,2.5,false,false,false,true,active,2026-02-07T18:45:56+00:00,2026-06-08T13:05:24+00:00
caa94dc0-81be-4dfa-8bc4-fa28c1ea5e7e,bw1144@columbia.edu,budi.wijaya,Budi Wijaya,+19175550105,true,ID,seas_undergrad,undergraduate,10022,2.5,false,false,false,true,active,2025-09-12T02:18:15+00:00,2025-09-17T08:31:58+00:00
c08ba214-af45-4563-93bb-a8e532a24418,tz4952@columbia.edu,tianyu.zhang,Tianyu Zhang,+12125550133,true,CN,general_studies,undergraduate,10031,2.5,false,false,false,true,active,2026-02-01T12:26:35+00:00,2026-03-15T01:55:40+00:00
ef612f5a-faa9-4654-9788-291f8ab7522f,ka3675@columbia.edu,kavya_ah,Kavya Ahmed,,true,IN,columbia_college,undergraduate,10036,0.5,false,true,false,true,active,2025-08-21T14:14:10+00:00,2025-09-09T08:29:35+00:00
48246c28-ab70-42af-9c45-555480db936a,ll2569@columbia.edu,l_liu,,+19295550166,false,TW,columbia_college,undergraduate,10031,2.5,false,false,false,false,active,2026-08-27T23:48:17+00:00,2026-09-02T18:00:00+00:00
8ada1d69-300a-49c6-a1c1-441d1448d1fe,vb9534@columbia.edu,vinayak.bose,Vinayak Bose,+13475550113,true,IN,seas_grad,graduate,10028,2.5,false,false,false,true,active,2026-09-02T17:55:00+00:00,2026-09-02T18:00:00+00:00
9d8932ce-a55d-459a-ba8a-180a929fbfac,ns4540@columbia.edu,nathan.sinclair,,+12125550123,true,US,cbs,graduate,10027,2.5,false,true,false,true,active,2025-08-24T12:08:40+00:00,2025-08-30T12:43:06+00:00
5a9e45fe-4a1e-47ab-9fd9-93dbc98d81eb,ir6877@columbia.edu,ines_ri,Ines Ribeiro,+16465550179,false,BR,seas_undergrad,undergraduate,10027,2.5,false,false,false,true,active,2025-09-19T02:01:50+00:00,2025-09-25T15:24:20+00:00
6760b35f-d3be-4df1-b9bb-dcc8d7227291,js5560@columbia.edu,julian_si,Julian Sinclair,+16465550130,true,US,seas_grad,graduate,10014,2.5,true,false,false,true,active,2025-08-25T02:36:00+00:00,2025-11-15T16:35:49+00:00
2ac3a3a5-640a-4b9b-a55a-419ce256fa53,ow5505@columbia.edu,owen_wh,Owen Whitfield,,true,US,cbs,graduate,10027,2.5,false,false,false,true,active,2026-01-30T11:04:26+00:00,2026-05-20T15:42:03+00:00
123da5fe-c615-4c1b-a15e-c518ab63f804,em4837@columbia.edu,elliotm,,+19295550131,true,US,teachers_college,graduate,10039,2.5,false,false,false,true,deactivated,2025-08-28T00:59:54+00:00,2025-10-21T18:12:34+00:00
876215b5-4c2d-4c0d-86a1-ccfafdee1101,hf6260@columbia.edu,hannahf,Hannah Foster,,true,US,teachers_college,graduate,10002,5.0,true,true,false,true,active,2026-01-20T00:10:50+00:00,2026-03-14T18:04:59+00:00
c76f1c0b-bf00-4af7-84b8-6ec1e8252901,fc4117@columbia.edu,farhan_ch,,+13475550198,true,IN,seas_undergrad,undergraduate,10025,2.5,false,false,false,true,active,2025-08-28T17:40:11+00:00,2025-09-02T13:52:54+00:00
6cad3973-c23d-4cec-bb0c-6ecf78003373,nm3901@columbia.edu,nora.marsh,Nora Marsh,+19175550175,false,US,vps,graduate,10031,2.5,false,false,false,true,active,2025-01-20T22:49:33+00:00,2025-02-06T13:16:30+00:00
76bd97a4-07c7-41e0-bb56-e614d523bb85,am6478@columbia.edu,andres_me,,+12125550161,false,ES,public_health,graduate,10017,1.0,false,false,false,true,active,2025-09-01T11:43:43+00:00,2026-01-12T01:11:04+00:00
5c16ef18-8047-4cc4-806c-4ef9df6de907,qs2515@columbia.edu,qian.sun,Qian Sun,,true,CN,general_studies,undergraduate,10027,2.5,true,false,false,true,active,2025-02-21T09:47:04+00:00,2025-02-23T02:51:05+00:00
a5387ad1-06a2-4c7d-9ab9-85dab1cab9e8,zh5404@columbia.edu,ziyu.huang,Ziyu Huang,,true,CN,seas_undergrad,undergraduate,10031,2.5,false,false,false,true,active,2026-01-20T22:33:11+00:00,2026-01-28T12:01:28+00:00
009d0e9b-5151-494d-928f-546ec09aa2f3,zg5847@columbia.edu,zara_gu,,+19175550135,true,IN,cbs,graduate,10026,2.5,false,false,false,true,active,2026-01-18T06:04:33+00:00,2026-02-11T22:18:17+00:00
d00207f3-bd03-44cc-9a3c-3064ce8e1f35,zc3530@columbia.edu,zara_ch,,+13475550184,true,IN,arts,graduate,10018,2.5,false,false,true,true,active,2026-09-02T17:55:00+00:00,2026-09-02T18:00:00+00:00
1d5d0e99-092b-4d98-baab-26f3c7b32aeb,jw3979@columbia.edu,julian.walsh,Julian Walsh,,true,US,seas_grad,graduate,10128,2.5,false,true,true,true,deactivated,2025-10-13T15:55:06+00:00,2025-11-24T01:53:00+00:00
c075f716-f675-4694-b3ea-4a26b1bb740a,cr4451@columbia.edu,chloe_re,Chloe Reed,+19175550198,false,GB,seas_grad,graduate,10027,2.5,false,true,false,true,active,2025-08-22T02:00:16+00:00,2025-09-03T04:13:57+00:00
f1c36ffc-5fa2-4aa1-a227-7f0aafef70d4,sw5957@columbia.edu,siyu.wang,,+16465550135,true,CN,gsas,faculty_staff,10027,10.0,false,false,false,true,active,2026-01-20T12:34:18+00:00,2026-02-18T02:46:02+00:00
cc30a7ce-a741-4cc5-9aec-15ddc916fac7,rs2562@columbia.edu,ryans,,+19295550111,true,US,law,graduate,10027,2.5,false,true,false,true,active,2026-09-02T17:55:00+00:00,2026-09-02T18:00:00+00:00
8655633c-8b61-41b6-8e06-e79ce464e099,md7085@columbia.edu,maya.doyle,Maya Doyle,+19175550148,true,US,teachers_college,graduate,10025,2.5,false,false,false,true,active,2025-02-04T01:48:34+00:00,2025-03-25T04:33:37+00:00
22b1d57e-427b-4075-b871-f3a5bde40fbe,gb1796@columbia.edu,graceb,,+19175550187,true,US,seas_grad,graduate,10039,2.5,false,false,false,true,active,2025-04-12T04:26:43+00:00,2025-05-31T14:22:53+00:00
cbcba9e3-129e-437d-adc8-13aae5e788ac,dw8192@columbia.edu,daniel.walsh,Daniel Walsh,,true,US,public_health,graduate,10025,2.5,false,false,false,true,active,2024-09-22T15:50:50+00:00,2025-01-09T05:00:20+00:00
fd24cb3c-d535-4d3e-8f20-04616346c1f3,gf9090@columbia.edu,grace.fletcher,,+13475550156,true,US,seas_grad,faculty_staff,10013,2.5,false,true,false,true,active,2024-09-02T03:41:56+00:00,2024-09-17T04:52:06+00:00
5579985d-8b97-4fbf-89a3-3636d4a31837,rf9389@columbia.edu,ruby_fl,,+19295550190,true,US,journalism,graduate,10027,2.5,false,false,false,true,active,2025-09-13T05:00:44+00:00,2025-10-01T15:43:57+00:00
052ab455-27c9-42f2-a915-5266478aba7c,mf4733@columbia.edu,marcus70,Marcus Fletcher,+13475550134,true,US,general_studies,undergraduate,10003,2.5,false,false,false,true,active,2026-09-02T17:55:00+00:00,2026-09-02T18:00:00+00:00
6f258066-979f-4da2-bba0-720da942d710,zw8238@columbia.edu,zhihao_wa,,+19175550121,true,CN,cbs,graduate,10025,2.5,false,false,false,true,active,2026-01-18T13:31:19+00:00,2026-01-31T14:52:24+00:00
b59e680d-6db2-4ba1-8c2a-16a598321800,xx9410@columbia.edu,xinyi_xu,,+16465550184,true,CN,seas_grad,graduate,10027,2.5,false,false,false,true,active,2026-09-01T11:21:12+00:00,2026-09-02T18:00:00+00:00
53cbc155-02f5-409e-90b8-e1d1b8a42be9,bs2573@columbia.edu,bianca_sa,Bianca Santos,+19295550148,true,PH,general_studies,undergraduate,10009,2.5,false,false,false,true,active,2024-10-16T19:58:54+00:00,2024-11-13T10:22:25+00:00
eb2b14f9-1a3e-4de7-a5b9-77d125f7966d,ms3468@columbia.edu,maya.sinclair,,+16465550161,true,GB,cbs,graduate,10027,2.5,false,false,false,true,active,2026-01-19T15:46:29+00:00,2026-02-04T16:56:17+00:00
1fba3799-d4cc-4a1c-84d6-51146012067e,nf3439@columbia.edu,niklas_fi,Niklas Fischer,+12125550177,true,DE,seas_grad,graduate,10025,1.0,false,false,false,true,active,2025-08-29T14:09:26+00:00,2025-09-20T18:35:45+00:00
cd8ce6ee-c1ce-4944-9d5a-479f3e159675,mb2025@columbia.edu,michael.bennett,,+12125550174,true,US,seas_grad,graduate,10027,2.5,false,false,false,false,active,2026-02-03T13:32:43+00:00,2026-04-07T02:19:07+00:00
03c7c52c-ce5c-4e65-b13b-4dbdc38bc917,yh3021@columbia.edu,yifan_hu,Yifan Huang,,true,CN,vps,graduate,10027,10.0,false,false,false,false,active,2026-08-28T19:12:54+00:00,2026-09-02T18:00:00+00:00
006cf2a0-aba4-468e-933a-b50f8c76a23f,yh3475@columbia.edu,yuxin_he,Yuxin He,+13475550127,true,TW,gsas,graduate,10027,2.5,false,false,false,true,active,2025-08-27T05:37:40+00:00,2025-09-10T13:56:30+00:00
b9468cb9-ed1b-40fe-a021-2f6da1f2925d,wz7217@columbia.edu,w_zhang,Wei Zhang,+16465550104,true,CN,gsas,graduate,10031,2.5,false,false,false,true,active,2024-08-31T13:56:26+00:00,2024-09-18T05:46:12+00:00
f74c5434-3a39-4dc9-8fd0-1b4de52cff6b,vk6917@columbia.edu,vinayak.kulkarni,,+12125550148,true,IN,seas_undergrad,undergraduate,10029,2.5,false,false,false,true,active,2025-08-23T04:35:34+00:00,2025-09-04T01:35:10+00:00
fe409d6f-e259-485b-96bc-c2a89d7996e6,vs1421@columbia.edu,vinayak_si,Vinayak Siddiqui,+16465550122,true,IN,journalism,graduate,10027,2.5,false,true,false,true,active,2025-08-30T19:04:11+00:00,2025-10-03T18:19:11+00:00
d10d3c59-6919-439f-a0ee-ed3b90ffb4f4,ef1958@columbia.edu,emmaf,,+16465550186,true,US,public_health,graduate,10035,0.5,false,false,false,true,active,2026-09-02T17:55:00+00:00,2026-09-02T18:00:00+00:00
f2e15dfd-44c6-41bb-8e26-a90818c01dd9,an3457@columbia.edu,ananya.nair,Ananya Nair,+19295550163,true,IN,columbia_college,undergraduate,10026,0.5,false,false,false,true,active,2025-10-05T02:50:30+00:00,2025-11-05T05:49:13+00:00
e984c74d-dd4a-466b-b93f-7f517e76b6c7,zg8728@columbia.edu,zoe_gr,,+13475550136,true,US,columbia_college,undergraduate,10027,2.5,false,false,false,true,active,2025-01-18T19:10:25+00:00,2025-02-02T02:41:28+00:00
35d6cd54-7bcd-4288-8c6d-682b12ba3543,em6848@columbia.edu,elliot.marsh,,+16465550135,false,US,sipa,graduate,10027,2.5,false,false,false,true,active,2026-01-25T21:27:29+00:00,2026-03-04T17:59:53+00:00
e34f1395-a94d-48de-8c5c-ca271c67daf1,mq6636@columbia.edu,maya.quinn,Maya Quinn,+16465550173,true,AU,cbs,graduate,10025,2.5,false,false,true,false,deactivated,2025-08-28T20:59:02+00:00,2025-09-09T06:06:46+00:00
f4c305cc-659a-4cfb-a17a-f41cdf72c079,zx4239@columbia.edu,zhihaox,,+19175550128,true,CN,seas_grad,graduate,10036,2.5,false,false,false,false,active,2026-09-02T17:55:00+00:00,2026-09-02T18:00:00+00:00
8a838e5c-8a35-419f-8644-90ed955ef714,cc4958@columbia.edu,chloe_ca,,,true,US,seas_undergrad,undergraduate,10025,0.5,false,false,false,true,active,2026-01-22T18:33:30+00:00,2026-03-26T07:19:12+00:00
fae53a74-ccaf-4f10-973a-023ba3016dfe,aw4890@columbia.edu,anan_wa,,+19295550118,true,TH,teachers_college,graduate,10037,2.5,false,false,false,true,deactivated,2026-01-19T01:53:28+00:00,2026-04-01T12:30:26+00:00
aaac8f7e-fa82-4faa-8b46-d76ddfcf94ff,ml5550@columbia.edu,mengyaol,,,true,CN,sipa,graduate,10027,2.5,true,false,false,true,active,2026-09-02T17:55:00+00:00,2026-09-02T18:00:00+00:00
147ed698-2b4c-4e8b-aa70-aa17d045b912,og2883@columbia.edu,owen.grant,,+19175550184,true,US,general_studies,undergraduate,10027,2.5,false,false,false,true,active,2026-01-19T23:24:21+00:00,2026-02-19T10:11:08+00:00
5470b64d-4863-4115-a2e2-8f83ed8189e8,eb5792@columbia.edu,emma_br,,,true,CA,columbia_college,undergraduate,10027,2.5,false,false,false,true,active,2026-09-02T17:55:00+00:00,2026-09-02T18:00:00+00:00
e5ead316-9492-4d0f-92fe-e9ee1533cfbf,ap3743@columbia.edu,arjun_pa,Arjun Patel,,true,IN,law,graduate,10031,2.5,false,false,false,true,active,2025-09-03T05:55:50+00:00,2025-12-28T22:51:42+00:00
b092af0d-a2bd-4137-be44-3e464c231dd3,pl2427@columbia.edu,piotr_le,,+19175550190,false,PL,law,graduate,10027,2.5,false,true,false,true,active,2026-09-02T17:55:00+00:00,2026-09-02T18:00:00+00:00
54f26470-51db-447f-8c40-86bc6859b21b,nk3283@columbia.edu,ngozi_ka,,+13475550169,true,NG,columbia_college,undergraduate,10037,2.5,false,false,false,true,active,2025-09-14T12:41:57+00:00,2025-10-18T04:23:53+00:00
b3a000ea-2cfb-4a16-adf0-bcd6587ae133,om9380@columbia.edu,omar_ma,Omar Mansour,,true,IL,law,graduate,10025,2.5,false,false,false,false,active,2026-09-02T17:55:00+00:00,2026-09-02T18:00:00+00:00
eee7dc3e-420f-4335-ac67-80899138e592,of1618@columbia.edu,owen.foster,,,true,US,teachers_college,graduate,10027,0.5,false,false,false,true,active,2026-08-28T06:21:38+00:00,2026-08-28T06:53:17+00:00
bf54b662-7115-4d3a-9d44-59478f662a8c,om5216@columbia.edu,owenm,Owen Marsh,+12125550120,true,US,columbia_college,undergraduate,10027,2.5,false,false,false,true,active,2026-09-02T17:55:00+00:00,2026-09-02T18:00:00+00:00
cd268b95-fdcb-48b9-84de-2a4aac209d46,mr6381@columbia.edu,marcus.reed,,,true,US,seas_grad,graduate,10027,2.5,false,false,false,true,active,2025-08-27T19:56:24+00:00,2025-09-19T19:12:44+00:00
ce67fa39-9af5-4f66-98bc-49666c6ec04c,ks1239@columbia.edu,kavya_si,Kavya Siddiqui,+16465550168,true,IN,cbs,graduate,10025,2.5,false,false,false,true,active,2026-09-02T17:55:00+00:00,2026-09-02T18:00:00+00:00
1ebbc63f-df2e-4b49-914d-074f8ab66d2d,ng4056@columbia.edu,nathan_gr,,,true,US,seas_undergrad,undergraduate,10029,2.5,false,false,false,true,active,2026-09-02T17:55:00+00:00,2026-09-02T18:00:00+00:00
5ea6cfc5-5580-466a-8582-a6031555d76d,sm4182@columbia.edu,siyu.ma,,+19295550162,false,CN,seas_undergrad,undergraduate,10023,2.5,false,true,false,true,active,2026-01-31T07:59:53+00:00,2026-06-08T12:41:19+00:00
e30f8fee-f985-4b17-a2aa-cb2235bd4840,is6463@columbia.edu,ishitas,Ishita Sharma,+12125550176,true,IN,cbs,graduate,10027,2.5,false,false,false,true,active,2026-09-02T17:55:00+00:00,2026-09-02T18:00:00+00:00
2a7ef77f-b85f-43ad-9e75-d90ad2d6830c,mv6803@columbia.edu,mai_vo,,+19175550162,true,VN,teachers_college,graduate,10027,2.5,false,false,false,true,active,2026-09-02T17:55:00+00:00,2026-09-02T18:00:00+00:00
d162a6d2-78de-4220-8b3e-72470ac0d0c5,mh7893@columbia.edu,mengyao_he,,+12125550169,true,CN,seas_undergrad,undergraduate,10025,2.5,false,false,false,true,active,2026-09-02T17:55:00+00:00,2026-09-02T18:00:00+00:00
6dfecb7f-63bb-498d-909f-4cbd7fd015e7,cm2448@columbia.edu,caleb_ma,Caleb Marsh,+12125550156,true,US,gsas,faculty_staff,10029,5.0,false,false,false,true,active,2026-01-25T06:13:34+00:00,2026-02-23T14:11:39+00:00
6695a266-c3cd-43a7-a7fb-fcac77328615,eq9061@columbia.edu,ethan_qu,,+13475550160,true,US,cbs,graduate,10027,2.5,false,false,true,true,active,2024-09-01T13:22:12+00:00,2024-09-02T19:37:19+00:00
a19bafd9-3016-4b80-a1e3-e000719c6291,mh5954@columbia.edu,mengyao_hu,,+13475550165,true,CN,columbia_college,undergraduate,10027,10.0,false,false,false,true,active,2026-02-22T09:56:02+00:00,2026-04-08T04:49:14+00:00
4880e488-a1c2-4958-ba10-b7c3297adba8,rb5172@columbia.edu,ruby.brooks,,+19175550119,false,GB,columbia_college,undergraduate,10027,2.5,true,false,false,true,active,2025-09-03T12:37:37+00:00,2025-09-10T05:56:27+00:00
72e6350e-b4bc-4a80-ac0b-013f84ebeab1,cg6543@columbia.edu,caleb.grant,,+19175550155,true,US,gsas,graduate,10037,10.0,false,false,false,true,active,2025-09-03T23:42:10+00:00,2026-01-17T07:42:27+00:00
81410240-aeb0-4d7e-91b2-df0ec83a5d46,ka9356@columbia.edu,kavya.ahmed,Kavya Ahmed,,true,IN,columbia_college,undergraduate,10025,2.5,false,false,false,true,active,2026-08-28T23:00:31+00:00,2026-09-02T18:00:00+00:00
658d561c-1651-4aa7-9c5f-4cc6fe4afb70,eb7377@columbia.edu,emma.brooks,,,true,US,law,graduate,10025,2.5,false,false,false,true,active,2025-08-28T15:39:11+00:00,2025-10-13T20:42:21+00:00
b3a19bd7-50cb-456c-b659-629d5699c870,hf9327@columbia.edu,h_foster,,+16465550147,true,US,columbia_college,undergraduate,10035,2.5,false,true,false,true,active,2026-01-19T09:55:36+00:00,2026-04-17T22:44:07+00:00
5fe592da-0d87-421c-93e1-8e7df2988983,xy1325@columbia.edu,xinyi.yang,Xinyi Yang,+19175550171,true,CN,cbs,graduate,10027,2.5,false,false,false,true,active,2026-01-28T08:16:36+00:00,2026-01-30T05:05:45+00:00
1c0c4b2f-60d7-4b18-b6d0-96a64e9d85cf,jw1641@columbia.edu,jian_wu,Jian Wu,,true,HK,seas_grad,graduate,10027,2.5,false,false,false,true,active,2026-02-25T02:54:36+00:00,2026-03-27T07:57:35+00:00
02c1d507-009d-47f5-8e88-a3363b53d214,cw7586@columbia.edu,chen.wu,,+13475550115,true,CN,gsas,graduate,10040,2.5,true,false,false,true,active,2026-08-29T19:44:22+00:00,2026-08-31T21:58:18+00:00
